# Blender 4.5.3 LTS
# www.blender.org
mtllib wardrobe.mtl
o wardrobe
v 0.350000 1.950000 -1.140000
v 0.350000 0.050000 -1.140000
v 0.350000 1.950000 1.140000
v 0.350000 0.050000 1.140000
v -0.450000 2.000000 -1.200000
v -0.450000 0.000000 -1.200000
v -0.450000 2.000000 1.200000
v -0.450000 0.000000 1.200000
v 0.350000 2.000000 -1.200000
v 0.350000 0.000000 -1.200000
v 0.350000 2.000000 1.200000
v 0.350000 0.000000 1.200000
v 0.350000 1.950000 -0.030400
v 0.350000 1.950000 0.030400
v 0.350000 0.050000 0.030400
v 0.350000 0.050000 -0.030400
v 0.256667 1.950000 -0.030400
v 0.256667 1.950000 0.030400
v 0.256667 0.050000 0.030400
v 0.256667 0.050000 -0.030400
v -0.426667 1.950000 -1.140000
v -0.426667 0.050000 -1.140000
v -0.426667 1.950000 1.140000
v -0.426667 0.050000 1.140000
v -0.426667 1.950000 0.030400
v -0.426667 0.050000 -0.030400
v -0.426667 1.950000 -0.030400
v -0.426667 0.050000 0.030400
v 0.350000 1.622167 -1.140000
v 0.350000 1.577833 -1.140000
v 0.350000 1.622167 1.140000
v 0.350000 1.577833 1.140000
v 0.256667 1.622167 -0.030400
v 0.256667 1.577833 -0.030400
v 0.256667 1.622167 0.030400
v 0.256667 1.577833 0.030400
v -0.426667 1.622167 -1.140000
v -0.426667 1.577833 -1.140000
v -0.426667 1.622167 1.140000
v -0.426667 1.577833 1.140000
v -0.426667 1.622167 -0.030400
v -0.426667 1.577833 -0.030400
v -0.426667 1.622167 0.030400
v -0.426667 1.577833 0.030400
v 0.169167 1.622167 1.140000
v 0.169167 1.577833 1.140000
v 0.169167 1.577833 0.030400
v 0.169167 1.622167 0.030400
v 0.169167 1.577833 -1.140000
v 0.169167 1.622167 -1.140000
v 0.169167 1.622167 -0.030400
v 0.169167 1.577833 -0.030400
v 0.350000 0.532473 -1.140000
v 0.350000 0.481545 -1.140000
v 0.350000 0.532473 1.140000
v 0.350000 0.481545 1.140000
v 0.256667 0.532473 -0.030400
v 0.256667 0.481545 -0.030400
v 0.256667 0.532473 0.030400
v 0.256667 0.481545 0.030400
v -0.426667 0.532473 -1.140000
v -0.426667 0.481545 -1.140000
v -0.426667 0.532473 1.140000
v -0.426667 0.481545 1.140000
v -0.426667 0.532473 -0.030400
v -0.426667 0.481545 -0.030400
v -0.426667 0.532473 0.030400
v -0.426667 0.481545 0.030400
v 0.169167 0.532473 0.030400
v 0.169167 0.481545 0.030400
v 0.169167 0.481545 1.140000
v 0.169167 0.532473 1.140000
v 0.169167 0.532473 -1.140000
v 0.169167 0.481545 -1.140000
v 0.169167 0.481545 -0.030400
v 0.169167 0.532473 -0.030400
v 0.256667 0.050000 -1.140000
v 0.256667 0.050000 1.140000
v -0.078750 1.480153 -1.145200
v -0.078750 1.480153 -0.025200
v -0.069183 1.478250 -1.145200
v -0.069183 1.478250 -0.025200
v -0.061072 1.472831 -1.145200
v -0.061072 1.472831 -0.025200
v -0.055653 1.464720 -1.145200
v -0.055653 1.464720 -0.025200
v -0.053750 1.455153 -1.145200
v -0.053750 1.455153 -0.025200
v -0.055653 1.445586 -1.145200
v -0.055653 1.445586 -0.025200
v -0.061072 1.437476 -1.145200
v -0.061072 1.437476 -0.025200
v -0.069183 1.432056 -1.145200
v -0.069183 1.432056 -0.025200
v -0.078750 1.430153 -1.145200
v -0.078750 1.430153 -0.025200
v -0.088317 1.432056 -1.145200
v -0.088317 1.432056 -0.025200
v -0.096428 1.437476 -1.145200
v -0.096428 1.437476 -0.025200
v -0.101847 1.445586 -1.145200
v -0.101847 1.445586 -0.025200
v -0.103750 1.455153 -1.145200
v -0.103750 1.455153 -0.025200
v -0.101847 1.464720 -1.145200
v -0.101847 1.464720 -0.025200
v -0.096428 1.472831 -1.145200
v -0.096428 1.472831 -0.025200
v -0.088317 1.478250 -1.145200
v -0.088317 1.478250 -0.025200
v -0.078750 1.480153 0.025200
v -0.078750 1.480153 1.145200
v -0.069183 1.478250 0.025200
v -0.069183 1.478250 1.145200
v -0.061072 1.472831 0.025200
v -0.061072 1.472831 1.145200
v -0.055653 1.464720 0.025200
v -0.055653 1.464720 1.145200
v -0.053750 1.455153 0.025200
v -0.053750 1.455153 1.145200
v -0.055653 1.445586 0.025200
v -0.055653 1.445586 1.145200
v -0.061072 1.437476 0.025200
v -0.061072 1.437476 1.145200
v -0.069183 1.432056 0.025200
v -0.069183 1.432056 1.145200
v -0.078750 1.430153 0.025200
v -0.078750 1.430153 1.145200
v -0.088317 1.432056 0.025200
v -0.088317 1.432056 1.145200
v -0.096428 1.437476 0.025200
v -0.096428 1.437476 1.145200
v -0.101847 1.445586 0.025200
v -0.101847 1.445586 1.145200
v -0.103750 1.455153 0.025200
v -0.103750 1.455153 1.145200
v -0.101847 1.464720 0.025200
v -0.101847 1.464720 1.145200
v -0.096428 1.472831 0.025200
v -0.096428 1.472831 1.145200
v -0.088317 1.478250 0.025200
v -0.088317 1.478250 1.145200
vn -0.0000 -0.0000 1.0000
vn -0.0000 -1.0000 -0.0000
vn 1.0000 -0.0000 -0.0000
vn -0.0000 1.0000 -0.0000
vn -0.0000 -0.0000 -1.0000
vn -1.0000 -0.0000 -0.0000
vn 0.1951 0.9808 -0.0000
vn 0.5556 0.8315 -0.0000
vn 0.8315 0.5556 -0.0000
vn 0.9808 0.1951 -0.0000
vn 0.9808 -0.1951 -0.0000
vn 0.8315 -0.5556 -0.0000
vn 0.5556 -0.8315 -0.0000
vn 0.1951 -0.9808 -0.0000
vn -0.1951 -0.9808 -0.0000
vn -0.5556 -0.8315 -0.0000
vn -0.8315 -0.5556 -0.0000
vn -0.9808 -0.1951 -0.0000
vn -0.9808 0.1951 -0.0000
vn -0.8315 0.5556 -0.0000
vn -0.5556 0.8315 -0.0000
vn -0.1951 0.9808 -0.0000
vt 0.747487 0.575519
vt 0.645874 0.575519
vt 0.645874 0.410040
vt 0.747487 0.410040
vt 0.504550 0.220872
vt 0.504550 0.194950
vt 0.509475 0.194950
vt 0.509475 0.220872
vt 0.389748 0.569881
vt 0.389748 0.564956
vt 0.389748 0.475074
vt 0.394608 0.470214
vt 0.394608 0.664623
vt 0.389748 0.659763
vt 0.205059 0.564956
vt 0.205059 0.569881
vt 0.205059 0.659763
vt 0.200199 0.664623
vt 0.200199 0.470214
vt 0.205059 0.475074
vt 0.199579 0.227352
vt 0.005170 0.227352
vt 0.005170 0.005170
vt 0.199579 0.005170
vt 0.404328 0.227352
vt 0.209919 0.227352
vt 0.209919 0.005170
vt 0.404328 0.005170
vt 0.414669 0.721642
vt 0.414669 0.689775
vt 0.504550 0.689775
vt 0.504550 0.721642
vt 0.005170 0.728123
vt 0.005170 0.696256
vt 0.095052 0.696256
vt 0.095052 0.728123
vt 0.414669 0.220872
vt 0.414669 0.005170
vt 0.504550 0.005170
vt 0.747487 0.234220
vt 0.747487 0.399700
vt 0.645874 0.399700
vt 0.645874 0.234220
vt 0.446535 0.403171
vt 0.446535 0.453394
vt 0.414669 0.453394
vt 0.414669 0.237692
vt 0.446535 0.237692
vt 0.504550 0.489655
vt 0.414669 0.489655
vt 0.414669 0.463734
vt 0.504550 0.463734
vt 0.509475 0.005170
vt 0.599357 0.005170
vt 0.599357 0.220872
vt 0.041346 0.520436
vt 0.041346 0.470214
vt 0.142960 0.470214
vt 0.142960 0.520436
vt 0.037037 0.520436
vt 0.041346 0.685916
vt 0.037037 0.685916
vt 0.147911 0.520436
vt 0.147911 0.470214
vt 0.189859 0.470214
vt 0.189859 0.496135
vt 0.189859 0.685916
vt 0.147911 0.685916
vt 0.641564 0.575519
vt 0.641564 0.410040
vt 0.752438 0.209919
vt 0.794386 0.209919
vt 0.794386 0.399700
vt 0.752438 0.399700
vt 0.752438 0.234220
vt 0.450845 0.403171
vt 0.450845 0.237692
vt 0.005170 0.834046
vt 0.005170 0.732432
vt 0.095052 0.732432
vt 0.095052 0.834046
vt 0.414669 0.827565
vt 0.414669 0.725952
vt 0.504550 0.725952
vt 0.504550 0.827565
vt 0.599357 0.453394
vt 0.557409 0.453394
vt 0.557409 0.403171
vt 0.557409 0.237692
vt 0.599357 0.237692
vt 0.599357 0.427472
vt 0.641564 0.234220
vt 0.641564 0.399700
vt 0.645874 0.599820
vt 0.641564 0.599820
vt 0.641564 0.209919
vt 0.645874 0.209919
vt 0.904948 0.785980
vt 0.904948 0.951459
vt 0.815066 0.951459
vt 0.815066 0.785980
vt 0.804726 0.375399
vt 0.804726 0.209919
vt 0.894608 0.209919
vt 0.894608 0.375399
vt 0.928249 0.553654
vt 0.928249 0.463772
vt 0.932558 0.463772
vt 0.932558 0.553654
vt 0.894608 0.385739
vt 0.894608 0.551218
vt 0.804726 0.551218
vt 0.804726 0.385739
vt 0.609697 0.970668
vt 0.609697 0.805189
vt 0.699579 0.805189
vt 0.699579 0.970668
vt 0.942147 0.107854
vt 0.942147 0.197736
vt 0.937838 0.197736
vt 0.937838 0.107854
vt 0.552459 0.237692
vt 0.552459 0.403171
vt 0.747487 0.209919
vt 0.037037 0.470214
vt 0.005170 0.685916
vt 0.005170 0.470214
vt 0.752438 0.599820
vt 0.747487 0.599820
vt 0.752438 0.575519
vt 0.199579 0.459874
vt 0.005170 0.459874
vt 0.005170 0.237692
vt 0.199579 0.237692
vt 0.404328 0.459874
vt 0.209919 0.459874
vt 0.209919 0.237692
vt 0.404328 0.237692
vt 0.347800 0.475074
vt 0.342849 0.475074
vt 0.241235 0.475074
vt 0.236926 0.475074
vt 0.175294 0.838996
vt 0.175294 0.834046
vt 0.175294 0.732432
vt 0.175294 0.728123
vt 0.175294 0.696256
vt 0.180219 0.696256
vt 0.180219 0.728123
vt 0.180219 0.732432
vt 0.180219 0.834046
vt 0.180219 0.838996
vt 0.180219 0.880944
vt 0.175294 0.880944
vt 0.609697 0.005170
vt 0.804106 0.005170
vt 0.804106 0.199579
vt 0.609697 0.199579
vt 0.414669 0.874464
vt 0.414669 0.832516
vt 0.504550 0.832516
vt 0.504550 0.874464
vt 0.005170 0.880944
vt 0.005170 0.838996
vt 0.095052 0.838996
vt 0.095052 0.880944
vt 0.599357 0.463734
vt 0.599357 0.489655
vt 0.509475 0.489655
vt 0.509475 0.463734
vt 0.752438 0.410040
vt 0.609697 0.599820
vt 0.609697 0.410040
vt 0.142960 0.685916
vt 0.236926 0.659763
vt 0.241235 0.659763
vt 0.342849 0.659763
vt 0.347800 0.659763
vt 0.802264 0.970668
vt 0.712382 0.970668
vt 0.712382 0.805189
vt 0.802264 0.805189
vt 0.904328 0.170649
vt 0.814447 0.170649
vt 0.814447 0.005170
vt 0.904328 0.005170
vt 0.553350 0.842596
vt 0.558301 0.842596
vt 0.558301 0.932478
vt 0.553350 0.932478
vt 0.994830 0.375399
vt 0.904948 0.375399
vt 0.904948 0.209919
vt 0.994830 0.209919
vt 0.904948 0.775639
vt 0.815066 0.775639
vt 0.815066 0.610160
vt 0.904948 0.610160
vt 0.538060 0.842596
vt 0.543010 0.842596
vt 0.543010 0.932478
vt 0.538060 0.932478
vt 0.552459 0.453394
vt 0.450845 0.453394
vt 0.794386 0.410040
vt 0.794386 0.599820
vt 0.609697 0.209919
vt 0.609697 0.399700
vt 0.599357 0.679435
vt 0.509475 0.679435
vt 0.504550 0.679435
vt 0.414669 0.679435
vt 0.921083 0.198579
vt 0.921083 0.107854
vt 0.923740 0.107854
vt 0.923740 0.198579
vt 0.925993 0.107854
vt 0.925993 0.198579
vt 0.927498 0.107854
vt 0.927498 0.198579
vt 0.939829 0.005170
vt 0.939829 0.095894
vt 0.938899 0.095894
vt 0.938899 0.005170
vt 0.937969 0.095894
vt 0.937969 0.005170
vt 0.915288 0.803569
vt 0.915288 0.712845
vt 0.916793 0.712845
vt 0.916793 0.803569
vt 0.919046 0.712845
vt 0.919046 0.803569
vt 0.921703 0.712845
vt 0.921703 0.803569
vt 0.924360 0.712845
vt 0.924360 0.803569
vt 0.926612 0.712845
vt 0.926612 0.803569
vt 0.928117 0.712845
vt 0.928117 0.803569
vt 0.596954 0.881564
vt 0.596954 0.790840
vt 0.597884 0.790840
vt 0.597884 0.881564
vt 0.598814 0.790840
vt 0.598814 0.881564
vt 0.914669 0.198579
vt 0.914669 0.107854
vt 0.916174 0.107854
vt 0.916174 0.198579
vt 0.844824 0.190410
vt 0.844824 0.187747
vt 0.845193 0.185109
vt 0.845875 0.182899
vt 0.846766 0.181452
vt 0.847730 0.180989
vt 0.848621 0.181581
vt 0.849303 0.183137
vt 0.849672 0.185421
vt 0.849672 0.188085
vt 0.849303 0.190722
vt 0.848621 0.192933
vt 0.847730 0.194380
vt 0.846766 0.194842
vt 0.845875 0.194250
vt 0.845193 0.192694
vt 0.918426 0.107854
vt 0.918426 0.198579
vt 0.814447 0.187747
vt 0.814816 0.185109
vt 0.815498 0.182899
vt 0.816389 0.181452
vt 0.817353 0.180989
vt 0.818244 0.181581
vt 0.818926 0.183137
vt 0.819295 0.185421
vt 0.819295 0.188085
vt 0.818926 0.190722
vt 0.818244 0.192933
vt 0.817353 0.194380
vt 0.816389 0.194842
vt 0.815498 0.194250
vt 0.814816 0.192694
vt 0.814447 0.190410
vt 0.921703 0.904633
vt 0.921703 0.813909
vt 0.924360 0.813909
vt 0.924360 0.904633
vt 0.926612 0.813909
vt 0.926612 0.904633
vt 0.928118 0.813909
vt 0.928118 0.904633
vt 0.940317 0.712845
vt 0.940317 0.803569
vt 0.939387 0.803569
vt 0.939387 0.712845
vt 0.938457 0.803569
vt 0.938457 0.712845
vt 0.514890 0.933320
vt 0.514890 0.842596
vt 0.516396 0.842596
vt 0.516396 0.933320
vt 0.518648 0.842596
vt 0.518648 0.933320
vt 0.521305 0.842596
vt 0.521305 0.933320
vt 0.523962 0.842596
vt 0.523962 0.933320
vt 0.526215 0.842596
vt 0.526215 0.933320
vt 0.527720 0.842596
vt 0.527720 0.933320
vt 0.596954 0.780500
vt 0.596954 0.689775
vt 0.597884 0.689775
vt 0.597884 0.780500
vt 0.598814 0.689775
vt 0.598814 0.780500
vt 0.915288 0.904633
vt 0.915288 0.813909
vt 0.916793 0.813909
vt 0.916793 0.904633
vt 0.860012 0.190410
vt 0.860012 0.187747
vt 0.860381 0.185109
vt 0.861063 0.182899
vt 0.861954 0.181452
vt 0.862919 0.180989
vt 0.863810 0.181581
vt 0.864492 0.183137
vt 0.864861 0.185421
vt 0.864861 0.188085
vt 0.864492 0.190722
vt 0.863810 0.192933
vt 0.862919 0.194380
vt 0.861954 0.194842
vt 0.861063 0.194250
vt 0.860381 0.192694
vt 0.919046 0.813909
vt 0.919046 0.904633
vt 0.829635 0.187747
vt 0.830004 0.185109
vt 0.830686 0.182899
vt 0.831577 0.181452
vt 0.832542 0.180989
vt 0.833433 0.181581
vt 0.834115 0.183137
vt 0.834484 0.185421
vt 0.834484 0.188085
vt 0.834115 0.190722
vt 0.833433 0.192933
vt 0.832542 0.194380
vt 0.831577 0.194842
vt 0.830686 0.194250
vt 0.830004 0.192694
vt 0.829635 0.190410
s 0
usemtl wood_wardrobe
f 69/1/1 47/2/1 44/3/1 67/4/1
f 14/5/2 18/6/2 17/7/2 13/8/2
f 16/9/3 15/10/3 4/11/3 12/12/3 10/13/3 2/14/3
f 14/15/3 13/16/3 1/17/3 9/18/3 11/19/3 3/20/3
f 10/21/2 12/22/2 8/23/2 6/24/2
f 5/25/4 7/26/4 11/27/4 9/28/4
f 43/29/3 25/30/3 23/31/3 39/32/3
f 37/33/3 21/34/3 27/35/3 41/36/3
f 18/6/2 14/5/2 3/37/2 23/38/2 25/39/2
f 76/40/5 65/41/5 42/42/5 52/43/5
f 50/44/1 29/45/1 1/46/1 21/47/1 37/48/1
f 19/49/4 78/50/4 4/51/4 15/52/4
f 17/7/2 27/53/2 21/54/2 1/55/2 13/8/2
f 46/56/5 32/57/5 55/58/5 72/59/5
f 45/60/5 46/56/5 40/61/5 39/62/5
f 71/63/5 56/64/5 4/65/5 78/66/5 24/67/5 64/68/5
f 47/2/1 48/69/1 43/70/1 44/3/1
f 58/71/5 20/72/5 26/73/5 66/74/5 75/75/5
f 49/76/1 50/44/1 37/48/1 38/77/1
f 61/78/3 38/79/3 42/80/3 65/81/3
f 38/79/3 37/33/3 41/36/3 42/80/3
f 67/82/3 44/83/3 40/84/3 63/85/3
f 44/83/3 43/29/3 39/32/3 40/84/3
f 2/86/1 54/87/1 74/88/1 62/89/1 22/90/1 77/91/1
f 51/92/5 52/43/5 42/42/5 41/93/5
f 36/94/1 35/95/1 48/69/1 47/2/1
f 33/96/5 34/97/5 52/43/5 51/92/5
f 48/98/4 43/99/4 39/100/4 45/101/4
f 46/102/2 40/103/2 44/104/2 47/105/2
f 48/106/3 45/107/3 46/108/3 47/109/3
f 50/110/4 37/111/4 41/112/4 51/113/4
f 52/114/2 42/115/2 38/116/2 49/117/2
f 52/118/3 49/119/3 50/120/3 51/121/3
f 49/76/1 38/77/1 61/122/1 73/123/1
f 57/124/5 58/71/5 75/75/5 76/40/5
f 71/63/5 72/59/5 55/58/5 56/64/5
f 31/125/5 45/60/5 39/62/5 23/126/5 3/127/5
f 60/128/1 59/129/1 69/1/1 70/130/1
f 12/131/1 11/132/1 7/133/1 8/134/1
f 6/135/5 5/136/5 9/137/5 10/138/5
f 56/139/3 55/140/3 32/141/3 31/142/3 3/20/3 11/19/3 12/12/3 4/11/3
f 58/143/3 57/144/3 34/145/3 33/146/3 17/147/3 18/148/3 35/149/3 36/150/3 59/151/3 60/152/3 19/153/3 20/154/3
f 5/155/6 6/156/6 8/157/6 7/158/6
f 28/159/3 68/160/3 64/161/3 24/162/3
f 68/160/3 67/82/3 63/85/3 64/161/3
f 22/163/3 62/164/3 66/165/3 26/166/3
f 62/164/3 61/78/3 65/81/3 66/165/3
f 2/167/4 77/168/4 20/169/4 16/170/4
f 74/88/1 73/123/1 61/122/1 62/89/1
f 70/130/1 69/1/1 67/4/1 68/171/1
f 35/95/1 18/172/1 25/173/1 43/70/1 48/69/1
f 72/59/5 71/63/5 64/68/5 63/174/5
f 76/40/5 75/75/5 66/74/5 65/41/5
f 29/175/3 30/176/3 53/177/3 54/178/3 2/14/3 10/13/3 9/18/3 1/17/3
f 74/179/2 75/180/2 66/181/2 62/182/2
f 61/183/4 65/184/4 76/185/4 73/186/4
f 76/187/3 75/188/3 74/189/3 73/190/3
f 67/191/4 63/192/4 72/193/4 69/194/4
f 70/195/2 71/196/2 64/197/2 68/198/2
f 72/199/3 71/200/3 70/201/3 69/202/3
f 73/123/1 74/88/1 54/87/1 53/203/1
f 32/57/5 46/56/5 45/60/5 31/125/5
f 29/45/1 50/44/1 49/76/1 30/204/1
f 16/170/4 20/169/4 19/49/4 15/52/4
f 70/130/1 68/171/1 28/205/1 19/206/1 60/128/1
f 17/207/5 33/96/5 51/92/5 41/93/5 27/208/5
f 20/169/4 77/168/4 22/209/4 26/210/4
f 78/50/4 19/49/4 28/211/4 24/212/4
f 30/204/1 49/76/1 73/123/1 53/203/1
f 57/124/5 76/40/5 52/43/5 34/97/5
f 40/61/5 46/56/5 72/59/5 63/174/5
f 59/129/1 36/94/1 47/2/1 69/1/1
f 79/213/7 80/214/7 82/215/7 81/216/7
f 81/216/8 82/215/8 84/217/8 83/218/8
f 83/218/9 84/217/9 86/219/9 85/220/9
f 85/221/10 86/222/10 88/223/10 87/224/10
f 87/224/11 88/223/11 90/225/11 89/226/11
f 89/227/12 90/228/12 92/229/12 91/230/12
f 91/230/13 92/229/13 94/231/13 93/232/13
f 93/232/14 94/231/14 96/233/14 95/234/14
f 95/234/15 96/233/15 98/235/15 97/236/15
f 97/236/16 98/235/16 100/237/16 99/238/16
f 99/238/17 100/237/17 102/239/17 101/240/17
f 101/241/18 102/242/18 104/243/18 103/244/18
f 103/244/19 104/243/19 106/245/19 105/246/19
f 105/247/20 106/248/20 108/249/20 107/250/20
f 82/251/1 80/252/1 110/253/1 108/254/1 106/255/1 104/256/1 102/257/1 100/258/1 98/259/1 96/260/1 94/261/1 92/262/1 90/263/1 88/264/1 86/265/1 84/266/1
f 107/250/21 108/249/21 110/267/21 109/268/21
f 109/268/22 110/267/22 80/214/22 79/213/22
f 79/269/5 81/270/5 83/271/5 85/272/5 87/273/5 89/274/5 91/275/5 93/276/5 95/277/5 97/278/5 99/279/5 101/280/5 103/281/5 105/282/5 107/283/5 109/284/5
f 111/285/7 112/286/7 114/287/7 113/288/7
f 113/288/8 114/287/8 116/289/8 115/290/8
f 115/290/9 116/289/9 118/291/9 117/292/9
f 117/293/10 118/294/10 120/295/10 119/296/10
f 119/296/11 120/295/11 122/297/11 121/298/11
f 121/299/12 122/300/12 124/301/12 123/302/12
f 123/302/13 124/301/13 126/303/13 125/304/13
f 125/304/14 126/303/14 128/305/14 127/306/14
f 127/306/15 128/305/15 130/307/15 129/308/15
f 129/308/16 130/307/16 132/309/16 131/310/16
f 131/310/17 132/309/17 134/311/17 133/312/17
f 133/313/18 134/314/18 136/315/18 135/316/18
f 135/316/19 136/315/19 138/317/19 137/318/19
f 137/319/20 138/320/20 140/321/20 139/322/20
f 114/323/1 112/324/1 142/325/1 140/326/1 138/327/1 136/328/1 134/329/1 132/330/1 130/331/1 128/332/1 126/333/1 124/334/1 122/335/1 120/336/1 118/337/1 116/338/1
f 139/322/21 140/321/21 142/339/21 141/340/21
f 141/340/22 142/339/22 112/286/22 111/285/22
f 111/341/5 113/342/5 115/343/5 117/344/5 119/345/5 121/346/5 123/347/5 125/348/5 127/349/5 129/350/5 131/351/5 133/352/5 135/353/5 137/354/5 139/355/5 141/356/5
o left_door
v 0.350000 1.950000 1.140000
v 0.350000 0.050000 1.140000
v 0.303333 0.050000 1.140000
v 0.303333 1.950000 1.140000
v 0.350000 1.950000 0.000000
v 0.350000 0.050000 0.000000
v 0.303333 0.050000 0.000000
v 0.303333 1.950000 0.000000
v 0.371434 1.070000 1.082500
v 0.371434 1.070000 1.057500
v 0.396434 1.070000 1.082500
v 0.396434 1.070000 1.057500
v 0.370897 1.074770 1.082500
v 0.370897 1.074770 1.057500
v 0.395270 1.080333 1.082500
v 0.395270 1.080333 1.057500
v 0.369312 1.079300 1.082500
v 0.369312 1.079300 1.057500
v 0.391836 1.090147 1.082500
v 0.391836 1.090147 1.057500
v 0.366758 1.083364 1.082500
v 0.366758 1.083364 1.057500
v 0.386304 1.098951 1.082500
v 0.386304 1.098951 1.057500
v 0.363364 1.086758 1.082500
v 0.363364 1.086758 1.057500
v 0.378951 1.106304 1.082500
v 0.378951 1.106304 1.057500
v 0.359300 1.089312 1.082500
v 0.359300 1.089312 1.057500
v 0.370147 1.111836 1.082500
v 0.370147 1.111836 1.057500
v 0.354770 1.090897 1.082500
v 0.354770 1.090897 1.057500
v 0.360333 1.115270 1.082500
v 0.360333 1.115270 1.057500
v 0.350000 1.091435 1.082500
v 0.350000 1.091435 1.057500
v 0.350000 1.116435 1.082500
v 0.350000 1.116435 1.057500
v 0.371434 0.930000 1.082500
v 0.371434 0.930000 1.057500
v 0.396434 0.930000 1.082500
v 0.396434 0.930000 1.057500
v 0.370897 0.925230 1.082500
v 0.370897 0.925230 1.057500
v 0.395270 0.919667 1.082500
v 0.395270 0.919667 1.057500
v 0.369312 0.920700 1.082500
v 0.369312 0.920700 1.057500
v 0.391836 0.909853 1.082500
v 0.391836 0.909853 1.057500
v 0.366758 0.916636 1.082500
v 0.366758 0.916636 1.057500
v 0.386304 0.901049 1.082500
v 0.386304 0.901049 1.057500
v 0.363364 0.913242 1.082500
v 0.363364 0.913242 1.057500
v 0.378951 0.893696 1.082500
v 0.378951 0.893696 1.057500
v 0.359300 0.910688 1.082500
v 0.359300 0.910688 1.057500
v 0.370147 0.888164 1.082500
v 0.370147 0.888164 1.057500
v 0.354770 0.909103 1.082500
v 0.354770 0.909103 1.057500
v 0.360333 0.884730 1.082500
v 0.360333 0.884730 1.057500
v 0.350000 0.908565 1.082500
v 0.350000 0.908565 1.057500
v 0.350000 0.883565 1.082500
v 0.350000 0.883565 1.057500
v 0.350000 1.190000 1.140000
v 0.350000 0.810000 1.140000
v 0.303333 0.810000 1.140000
v 0.303333 1.190000 1.140000
v 0.350000 1.190000 0.000000
v 0.350000 0.810000 0.000000
v 0.303333 1.190000 0.000000
v 0.303333 0.810000 0.000000
vn -0.0000 -0.0000 -1.0000
vn 1.0000 -0.0000 -0.0000
vn -1.0000 -0.0000 -0.0000
vn -0.0000 1.0000 -0.0000
vn -0.0000 -0.0000 1.0000
vn -0.0000 -1.0000 -0.0000
vn 0.9779 0.2091 -0.0000
vn 0.9073 0.4205 -0.0000
vn 0.9937 0.1120 -0.0000
vn -0.9937 -0.1120 -0.0000
vn -0.9779 -0.2091 -0.0000
vn -0.9073 -0.4204 -0.0000
vn 0.7890 0.6144 -0.0000
vn -0.7890 -0.6144 -0.0000
vn 0.6299 0.7767 -0.0000
vn 0.4386 0.8987 -0.0000
vn -0.6299 -0.7767 -0.0000
vn -0.4386 -0.8987 -0.0000
vn 0.2250 0.9744 -0.0000
vn 0.1120 0.9937 -0.0000
vn -0.2250 -0.9744 -0.0000
vn -0.1120 -0.9937 -0.0000
vn 0.9779 -0.2091 -0.0000
vn 0.9073 -0.4205 -0.0000
vn 0.9937 -0.1120 -0.0000
vn -0.9937 0.1120 -0.0000
vn -0.9779 0.2091 -0.0000
vn -0.9073 0.4204 -0.0000
vn 0.7890 -0.6144 -0.0000
vn -0.7890 0.6144 -0.0000
vn 0.6299 -0.7767 -0.0000
vn 0.4386 -0.8987 -0.0000
vn -0.6299 0.7767 -0.0000
vn -0.4386 0.8987 -0.0000
vn 0.2250 -0.9744 -0.0000
vn 0.1120 -0.9937 -0.0000
vn -0.2250 0.9744 -0.0000
vn -0.1120 0.9937 -0.0000
vt 0.573653 0.763651
vt 0.573653 0.689775
vt 0.586614 0.689775
vt 0.586614 0.763651
vt 0.702042 0.684036
vt 0.609697 0.684036
vt 0.609697 0.610160
vt 0.702042 0.610160
vt 0.712382 0.684036
vt 0.712382 0.610160
vt 0.804726 0.610160
vt 0.804726 0.684036
vt 0.917909 0.385739
vt 0.917909 0.478083
vt 0.904948 0.478083
vt 0.904948 0.385739
vt 0.118353 0.807069
vt 0.118353 0.880944
vt 0.105392 0.880944
vt 0.105392 0.807069
vt 0.904948 0.488423
vt 0.917909 0.488423
vt 0.917909 0.580767
vt 0.904948 0.580767
vt 0.289583 0.870896
vt 0.289583 0.884505
vt 0.287557 0.884505
vt 0.287557 0.870896
vt 0.864094 0.566072
vt 0.864094 0.579680
vt 0.857151 0.579680
vt 0.857151 0.566072
vt 0.253863 0.871950
vt 0.253863 0.885559
vt 0.251837 0.885559
vt 0.251837 0.871950
vt 0.881378 0.566072
vt 0.874434 0.566072
vt 0.874758 0.565067
vt 0.881527 0.565608
vt 0.253863 0.870946
vt 0.251837 0.870946
vt 0.251837 0.869992
vt 0.253863 0.869992
vt 0.857002 0.565608
vt 0.863771 0.565067
vt 0.287557 0.870432
vt 0.289583 0.870432
vt 0.881967 0.565167
vt 0.875712 0.564113
vt 0.877248 0.563257
vt 0.882676 0.564772
vt 0.287557 0.869992
vt 0.289583 0.869992
vt 0.856562 0.565167
vt 0.862817 0.564113
vt 0.861281 0.563257
vt 0.855853 0.564772
vt 0.854910 0.564443
vt 0.859239 0.562543
vt 0.312288 0.869992
vt 0.314313 0.869992
vt 0.314313 0.871528
vt 0.312288 0.871528
vt 0.429059 0.890168
vt 0.427034 0.890168
vt 0.427034 0.889458
vt 0.429059 0.889458
vt 0.312288 0.873570
vt 0.314313 0.873570
vt 0.314313 0.876016
vt 0.312288 0.876016
vt 0.427034 0.888516
vt 0.429059 0.888516
vt 0.879290 0.562543
vt 0.883619 0.564443
vt 0.884748 0.564194
vt 0.881735 0.562005
vt 0.884461 0.561671
vt 0.886006 0.564040
vt 0.427034 0.887387
vt 0.429059 0.887387
vt 0.853781 0.564194
vt 0.856794 0.562005
vt 0.312288 0.878741
vt 0.314313 0.878741
vt 0.314313 0.881611
vt 0.312288 0.881611
vt 0.852523 0.564040
vt 0.854068 0.561671
vt 0.427034 0.886129
vt 0.429059 0.886129
vt 0.829907 0.594534
vt 0.829907 0.596964
vt 0.827882 0.596964
vt 0.827882 0.594534
vt 0.427034 0.884804
vt 0.429059 0.884804
vt 0.887331 0.561558
vt 0.887331 0.563988
vt 0.851198 0.563988
vt 0.851198 0.561558
vt 0.881378 0.579680
vt 0.881527 0.580144
vt 0.874758 0.580685
vt 0.874434 0.579680
vt 0.253863 0.886563
vt 0.253863 0.887518
vt 0.251837 0.887518
vt 0.251837 0.886563
vt 0.863771 0.580685
vt 0.857002 0.580144
vt 0.289583 0.884968
vt 0.287557 0.884968
vt 0.881967 0.580584
vt 0.882676 0.580979
vt 0.877248 0.582494
vt 0.875712 0.581639
vt 0.289583 0.885409
vt 0.287557 0.885409
vt 0.862817 0.581639
vt 0.856562 0.580584
vt 0.861281 0.582494
vt 0.859239 0.583209
vt 0.854910 0.581309
vt 0.855853 0.580979
vt 0.349383 0.881611
vt 0.349383 0.880075
vt 0.351408 0.880075
vt 0.351408 0.881611
vt 0.401521 0.869992
vt 0.401521 0.870701
vt 0.399496 0.870701
vt 0.399496 0.869992
vt 0.349383 0.878033
vt 0.349383 0.875587
vt 0.351408 0.875587
vt 0.351408 0.878033
vt 0.401521 0.871644
vt 0.399496 0.871644
vt 0.883619 0.581309
vt 0.879290 0.583209
vt 0.884748 0.581557
vt 0.886006 0.581711
vt 0.884461 0.584081
vt 0.881735 0.583747
vt 0.401521 0.872773
vt 0.399496 0.872773
vt 0.856794 0.583747
vt 0.853781 0.581557
vt 0.349383 0.872862
vt 0.349383 0.869992
vt 0.351408 0.869992
vt 0.351408 0.872862
vt 0.854068 0.584081
vt 0.852523 0.581711
vt 0.401521 0.874031
vt 0.399496 0.874031
vt 0.842272 0.596964
vt 0.840247 0.596964
vt 0.840247 0.594534
vt 0.842272 0.594534
vt 0.401521 0.875355
vt 0.399496 0.875355
vt 0.887331 0.581764
vt 0.887331 0.584194
vt 0.851198 0.584194
vt 0.851198 0.581764
vt 0.118353 0.696256
vt 0.118353 0.770131
vt 0.105392 0.770131
vt 0.105392 0.696256
vt 0.712382 0.794849
vt 0.712382 0.720973
vt 0.804726 0.720973
vt 0.804726 0.794849
vt 0.702042 0.794849
vt 0.609697 0.794849
vt 0.609697 0.720973
vt 0.702042 0.720973
vt 0.573653 0.874464
vt 0.573653 0.800589
vt 0.586614 0.800589
vt 0.586614 0.874464
s 0
usemtl wood_wardrobe
f 221/357/23 150/358/23 147/359/23 219/360/23
f 215/361/24 219/362/24 147/363/24 143/364/24
f 218/365/25 146/366/25 150/367/25 221/368/25
f 143/369/26 147/370/26 150/371/26 146/372/26
f 217/373/27 145/374/27 144/375/27 216/376/27
f 144/377/28 145/378/28 149/379/28 148/380/28
s 1
f 152/381/25 184/382/25 183/383/25 151/384/25
f 154/385/23 186/386/23 184/387/23 152/388/23
f 153/389/24 185/390/24 186/391/24 154/392/24
f 151/393/27 153/394/27 157/395/27 155/396/27
f 157/397/29 158/398/29 162/399/30 161/400/30
f 154/385/23 152/388/23 156/401/23 158/402/23
f 153/389/31 154/392/31 158/398/29 157/397/29
f 152/381/32 151/384/32 155/403/33 156/404/33
f 159/405/27 161/406/27 165/407/27 163/408/27
f 156/404/33 155/403/33 159/409/34 160/410/34
f 155/396/27 157/395/27 161/406/27 159/405/27
f 158/402/23 156/401/23 160/411/23 162/412/23
f 166/413/23 164/414/23 168/415/23 170/416/23
f 162/412/23 160/411/23 164/414/23 166/413/23
f 161/417/30 162/418/30 166/419/35 165/420/35
f 160/421/34 159/422/34 163/423/36 164/424/36
f 169/425/37 170/426/37 174/427/38 173/428/38
f 165/420/35 166/419/35 170/426/37 169/425/37
f 164/424/36 163/423/36 167/429/39 168/430/39
f 163/408/27 165/407/27 169/431/27 167/432/27
f 171/433/27 173/434/27 177/435/27 175/436/27
f 168/430/39 167/429/39 171/437/40 172/438/40
f 167/432/27 169/431/27 173/434/27 171/433/27
f 170/416/23 168/415/23 172/439/23 174/440/23
f 177/441/41 178/442/41 182/443/42 181/444/42
f 174/440/23 172/439/23 176/445/23 178/446/23
f 173/428/38 174/427/38 178/442/41 177/441/41
f 172/438/40 171/437/40 175/447/43 176/448/43
f 182/449/25 180/450/25 179/451/25 181/452/25
f 176/448/43 175/447/43 179/453/44 180/454/44
f 175/436/27 177/435/27 181/455/27 179/456/27
f 178/446/23 176/445/23 180/457/23 182/458/23
f 183/459/27 187/460/27 189/461/27 185/462/27
f 189/463/45 193/464/46 194/465/46 190/466/45
f 186/386/23 190/467/23 188/468/23 184/387/23
f 185/390/47 189/463/45 190/466/45 186/391/47
f 184/382/48 188/469/49 187/470/49 183/383/48
f 191/471/27 195/472/27 197/473/27 193/474/27
f 188/469/49 192/475/50 191/476/50 187/470/49
f 187/460/27 191/471/27 193/474/27 189/461/27
f 190/467/23 194/477/23 192/478/23 188/468/23
f 198/479/23 202/480/23 200/481/23 196/482/23
f 194/477/23 198/479/23 196/482/23 192/478/23
f 193/483/46 197/484/51 198/485/51 194/486/46
f 192/487/50 196/488/52 195/489/52 191/490/50
f 201/491/53 205/492/54 206/493/54 202/494/53
f 197/484/51 201/491/53 202/494/53 198/485/51
f 196/488/52 200/495/55 199/496/55 195/489/52
f 195/472/27 199/497/27 201/498/27 197/473/27
f 203/499/27 207/500/27 209/501/27 205/502/27
f 200/495/55 204/503/56 203/504/56 199/496/55
f 199/497/27 203/499/27 205/502/27 201/498/27
f 202/480/23 206/505/23 204/506/23 200/481/23
f 209/507/57 213/508/58 214/509/58 210/510/57
f 206/505/23 210/511/23 208/512/23 204/506/23
f 205/492/54 209/507/57 210/510/57 206/493/54
f 204/503/56 208/513/59 207/514/59 203/504/56
f 214/515/25 213/516/25 211/517/25 212/518/25
f 208/513/59 212/519/60 211/520/60 207/514/59
f 207/500/27 211/521/27 213/522/27 209/501/27
f 210/511/23 214/523/23 212/524/23 208/512/23
f 151/393/27 183/459/27 185/462/27 153/394/27
s 0
f 146/525/27 218/526/27 215/527/27 143/528/27
f 218/526/27 217/373/27 216/376/27 215/527/27
f 145/529/25 217/530/25 222/531/25 149/532/25
f 217/530/25 218/365/25 221/368/25 222/531/25
f 144/533/24 148/534/24 220/535/24 216/536/24
f 216/536/24 220/535/24 219/362/24 215/361/24
f 149/537/23 222/538/23 220/539/23 148/540/23
f 222/538/23 221/357/23 219/360/23 220/539/23
o right_door
v 0.256667 1.950000 -1.140000
v 0.256667 0.050000 -1.140000
v 0.303333 0.050000 -1.140000
v 0.303333 1.950000 -1.140000
v 0.256667 1.950000 0.000000
v 0.256667 0.050000 0.000000
v 0.303333 0.050000 0.000000
v 0.303333 1.950000 0.000000
v 0.324768 1.070000 -1.057500
v 0.324768 1.070000 -1.082500
v 0.349768 1.070000 -1.057500
v 0.349768 1.070000 -1.082500
v 0.324230 1.074770 -1.057500
v 0.324230 1.074770 -1.082500
v 0.348603 1.080333 -1.057500
v 0.348603 1.080333 -1.082500
v 0.322645 1.079300 -1.057500
v 0.322645 1.079300 -1.082500
v 0.345169 1.090147 -1.057500
v 0.345169 1.090147 -1.082500
v 0.320091 1.083364 -1.057500
v 0.320091 1.083364 -1.082500
v 0.339637 1.098951 -1.057500
v 0.339637 1.098951 -1.082500
v 0.316697 1.086758 -1.057500
v 0.316697 1.086758 -1.082500
v 0.332285 1.106304 -1.057500
v 0.332285 1.106304 -1.082500
v 0.312633 1.089312 -1.057500
v 0.312633 1.089312 -1.082500
v 0.323480 1.111836 -1.057500
v 0.323480 1.111836 -1.082500
v 0.308103 1.090897 -1.057500
v 0.308103 1.090897 -1.082500
v 0.313666 1.115270 -1.057500
v 0.313666 1.115270 -1.082500
v 0.303333 1.091435 -1.057500
v 0.303333 1.091435 -1.082500
v 0.303333 1.116435 -1.057500
v 0.303333 1.116435 -1.082500
v 0.324768 0.930000 -1.057500
v 0.324768 0.930000 -1.082500
v 0.349768 0.930000 -1.057500
v 0.349768 0.930000 -1.082500
v 0.324230 0.925230 -1.057500
v 0.324230 0.925230 -1.082500
v 0.348603 0.919667 -1.057500
v 0.348603 0.919667 -1.082500
v 0.322645 0.920700 -1.057500
v 0.322645 0.920700 -1.082500
v 0.345169 0.909853 -1.057500
v 0.345169 0.909853 -1.082500
v 0.320091 0.916636 -1.057500
v 0.320091 0.916636 -1.082500
v 0.339637 0.901049 -1.057500
v 0.339637 0.901049 -1.082500
v 0.316697 0.913242 -1.057500
v 0.316697 0.913242 -1.082500
v 0.332285 0.893696 -1.057500
v 0.332285 0.893696 -1.082500
v 0.312633 0.910688 -1.057500
v 0.312633 0.910688 -1.082500
v 0.323480 0.888164 -1.057500
v 0.323480 0.888164 -1.082500
v 0.308103 0.909103 -1.057500
v 0.308103 0.909103 -1.082500
v 0.313666 0.884730 -1.057500
v 0.313666 0.884730 -1.082500
v 0.303333 0.908565 -1.057500
v 0.303333 0.908565 -1.082500
v 0.303333 0.883565 -1.057500
v 0.303333 0.883565 -1.082500
v 0.256667 1.190000 -1.140000
v 0.256667 0.810000 -1.140000
v 0.303333 1.190000 -1.140000
v 0.303333 0.810000 -1.140000
v 0.256667 1.190000 0.000000
v 0.256667 0.810000 0.000000
v 0.303333 0.810000 0.000000
v 0.303333 1.190000 0.000000
vn -0.0000 -0.0000 1.0000
vn 1.0000 -0.0000 -0.0000
vn -1.0000 -0.0000 -0.0000
vn -0.0000 1.0000 -0.0000
vn -0.0000 -0.0000 -1.0000
vn -0.0000 -1.0000 -0.0000
vn 0.9779 0.2091 -0.0000
vn 0.9073 0.4205 -0.0000
vn 0.9937 0.1120 -0.0000
vn -0.9937 -0.1120 -0.0000
vn -0.9779 -0.2091 -0.0000
vn -0.9073 -0.4204 -0.0000
vn 0.7890 0.6144 -0.0000
vn -0.7890 -0.6144 -0.0000
vn 0.6299 0.7767 -0.0000
vn 0.4386 0.8987 -0.0000
vn -0.6299 -0.7767 -0.0000
vn -0.4386 -0.8987 -0.0000
vn 0.2250 0.9744 -0.0000
vn 0.1120 0.9937 -0.0000
vn -0.2250 -0.9744 -0.0000
vn -0.1120 -0.9937 -0.0000
vn 0.9779 -0.2091 -0.0000
vn 0.9073 -0.4205 -0.0000
vn 0.9937 -0.1120 -0.0000
vn -0.9937 0.1120 -0.0000
vn -0.9779 0.2091 -0.0000
vn -0.9073 0.4204 -0.0000
vn 0.7890 -0.6144 -0.0000
vn -0.7890 0.6144 -0.0000
vn 0.6299 -0.7767 -0.0000
vn 0.4386 -0.8987 -0.0000
vn -0.6299 0.7767 -0.0000
vn -0.4386 0.8987 -0.0000
vn 0.2250 -0.9744 -0.0000
vn 0.1120 -0.9937 -0.0000
vn -0.2250 0.9744 -0.0000
vn -0.1120 0.9937 -0.0000
vt 0.141653 0.807069
vt 0.141653 0.880944
vt 0.128693 0.880944
vt 0.128693 0.807069
vt 0.200199 0.785776
vt 0.292543 0.785776
vt 0.292543 0.859652
vt 0.200199 0.859652
vt 0.395228 0.785776
vt 0.395228 0.859652
vt 0.302883 0.859652
vt 0.302883 0.785776
vt 0.914669 0.097514
vt 0.914669 0.005170
vt 0.927629 0.005170
vt 0.927629 0.097514
vt 0.164954 0.770131
vt 0.151993 0.770131
vt 0.151993 0.696256
vt 0.164954 0.696256
vt 0.928249 0.702505
vt 0.915288 0.702505
vt 0.915288 0.610160
vt 0.928249 0.610160
vt 0.301948 0.870896
vt 0.301948 0.884505
vt 0.299923 0.884505
vt 0.299923 0.870896
vt 0.817622 0.566072
vt 0.817622 0.579680
vt 0.810679 0.579680
vt 0.810679 0.566072
vt 0.877226 0.182948
vt 0.877226 0.196556
vt 0.875201 0.196556
vt 0.875201 0.182948
vt 0.834906 0.566072
vt 0.827962 0.566072
vt 0.828286 0.565067
vt 0.835055 0.565608
vt 0.877226 0.181943
vt 0.875201 0.181943
vt 0.875201 0.180989
vt 0.877226 0.180989
vt 0.810530 0.565608
vt 0.817299 0.565067
vt 0.299923 0.870432
vt 0.301948 0.870432
vt 0.835495 0.565167
vt 0.829239 0.564113
vt 0.830776 0.563257
vt 0.836204 0.564772
vt 0.299923 0.869992
vt 0.301948 0.869992
vt 0.810090 0.565167
vt 0.816345 0.564113
vt 0.814809 0.563257
vt 0.809380 0.564772
vt 0.808438 0.564443
vt 0.812767 0.562543
vt 0.324653 0.869992
vt 0.326678 0.869992
vt 0.326678 0.871528
vt 0.324653 0.871528
vt 0.889591 0.186353
vt 0.887566 0.186353
vt 0.887566 0.185644
vt 0.889591 0.185644
vt 0.324653 0.873570
vt 0.326678 0.873570
vt 0.326678 0.876016
vt 0.324653 0.876016
vt 0.887566 0.184701
vt 0.889591 0.184701
vt 0.832818 0.562543
vt 0.837147 0.564443
vt 0.838275 0.564194
vt 0.835263 0.562005
vt 0.837989 0.561671
vt 0.839534 0.564040
vt 0.887566 0.183572
vt 0.889591 0.183572
vt 0.807309 0.564194
vt 0.810322 0.562005
vt 0.324653 0.878741
vt 0.326678 0.878741
vt 0.326678 0.881611
vt 0.324653 0.881611
vt 0.806051 0.564040
vt 0.807596 0.561671
vt 0.887566 0.182314
vt 0.889591 0.182314
vt 0.854638 0.594534
vt 0.854638 0.596964
vt 0.852612 0.596964
vt 0.852612 0.594534
vt 0.887566 0.180989
vt 0.889591 0.180989
vt 0.840858 0.561558
vt 0.840858 0.563988
vt 0.804726 0.563988
vt 0.804726 0.561558
vt 0.834906 0.579680
vt 0.835055 0.580144
vt 0.828286 0.580685
vt 0.827962 0.579680
vt 0.877226 0.197561
vt 0.877226 0.198515
vt 0.875201 0.198515
vt 0.875201 0.197561
vt 0.817299 0.580685
vt 0.810530 0.580144
vt 0.301948 0.884968
vt 0.299923 0.884968
vt 0.835495 0.580584
vt 0.836204 0.580979
vt 0.830776 0.582494
vt 0.829239 0.581639
vt 0.301948 0.885409
vt 0.299923 0.885409
vt 0.816345 0.581639
vt 0.810090 0.580584
vt 0.814809 0.582494
vt 0.812767 0.583209
vt 0.808438 0.581309
vt 0.809380 0.580979
vt 0.337018 0.881611
vt 0.337018 0.880075
vt 0.339043 0.880075
vt 0.339043 0.881611
vt 0.416694 0.884804
vt 0.416694 0.885513
vt 0.414669 0.885513
vt 0.414669 0.884804
vt 0.337018 0.878033
vt 0.337018 0.875587
vt 0.339043 0.875587
vt 0.339043 0.878033
vt 0.416694 0.886456
vt 0.414669 0.886456
vt 0.837147 0.581309
vt 0.832818 0.583209
vt 0.838275 0.581557
vt 0.839534 0.581711
vt 0.837989 0.584081
vt 0.835263 0.583747
vt 0.416694 0.887585
vt 0.414669 0.887585
vt 0.810322 0.583747
vt 0.807309 0.581557
vt 0.337018 0.872862
vt 0.337018 0.869992
vt 0.339043 0.869992
vt 0.339043 0.872862
vt 0.807596 0.584081
vt 0.806051 0.581711
vt 0.416694 0.888843
vt 0.414669 0.888843
vt 0.867003 0.596964
vt 0.864978 0.596964
vt 0.864978 0.594534
vt 0.867003 0.594534
vt 0.416694 0.890168
vt 0.414669 0.890168
vt 0.840858 0.581764
vt 0.840858 0.584194
vt 0.804726 0.584194
vt 0.804726 0.581764
vt 0.164954 0.880944
vt 0.151993 0.880944
vt 0.151993 0.807069
vt 0.164954 0.807069
vt 0.395228 0.674963
vt 0.395228 0.748839
vt 0.302883 0.748839
vt 0.302883 0.674963
vt 0.200199 0.674963
vt 0.292543 0.674963
vt 0.292543 0.748839
vt 0.200199 0.748839
vt 0.141653 0.696256
vt 0.141653 0.770131
vt 0.128693 0.770131
vt 0.128693 0.696256
s 0
usemtl wood_wardrobe
f 300/541/61 228/542/61 229/543/61 301/544/61
f 298/545/62 301/546/62 229/547/62 225/548/62
f 296/549/63 224/550/63 228/551/63 300/552/63
f 223/553/64 227/554/64 230/555/64 226/556/64
f 297/557/65 295/558/65 223/559/65 226/560/65
f 224/561/66 225/562/66 229/563/66 228/564/66
s 1
f 232/565/63 264/566/63 263/567/63 231/568/63
f 234/569/65 266/570/65 264/571/65 232/572/65
f 233/573/62 265/574/62 266/575/62 234/576/62
f 231/577/61 233/578/61 237/579/61 235/580/61
f 237/581/67 238/582/67 242/583/68 241/584/68
f 234/569/65 232/572/65 236/585/65 238/586/65
f 233/573/69 234/576/69 238/582/67 237/581/67
f 232/565/70 231/568/70 235/587/71 236/588/71
f 239/589/61 241/590/61 245/591/61 243/592/61
f 236/588/71 235/587/71 239/593/72 240/594/72
f 235/580/61 237/579/61 241/590/61 239/589/61
f 238/586/65 236/585/65 240/595/65 242/596/65
f 246/597/65 244/598/65 248/599/65 250/600/65
f 242/596/65 240/595/65 244/598/65 246/597/65
f 241/601/68 242/602/68 246/603/73 245/604/73
f 240/605/72 239/606/72 243/607/74 244/608/74
f 249/609/75 250/610/75 254/611/76 253/612/76
f 245/604/73 246/603/73 250/610/75 249/609/75
f 244/608/74 243/607/74 247/613/77 248/614/77
f 243/592/61 245/591/61 249/615/61 247/616/61
f 251/617/61 253/618/61 257/619/61 255/620/61
f 248/614/77 247/613/77 251/621/78 252/622/78
f 247/616/61 249/615/61 253/618/61 251/617/61
f 250/600/65 248/599/65 252/623/65 254/624/65
f 257/625/79 258/626/79 262/627/80 261/628/80
f 254/624/65 252/623/65 256/629/65 258/630/65
f 253/612/76 254/611/76 258/626/79 257/625/79
f 252/622/78 251/621/78 255/631/81 256/632/81
f 262/633/63 260/634/63 259/635/63 261/636/63
f 256/632/81 255/631/81 259/637/82 260/638/82
f 255/620/61 257/619/61 261/639/61 259/640/61
f 258/630/65 256/629/65 260/641/65 262/642/65
f 263/643/61 267/644/61 269/645/61 265/646/61
f 269/647/83 273/648/84 274/649/84 270/650/83
f 266/570/65 270/651/65 268/652/65 264/571/65
f 265/574/85 269/647/83 270/650/83 266/575/85
f 264/566/86 268/653/87 267/654/87 263/567/86
f 271/655/61 275/656/61 277/657/61 273/658/61
f 268/653/87 272/659/88 271/660/88 267/654/87
f 267/644/61 271/655/61 273/658/61 269/645/61
f 270/651/65 274/661/65 272/662/65 268/652/65
f 278/663/65 282/664/65 280/665/65 276/666/65
f 274/661/65 278/663/65 276/666/65 272/662/65
f 273/667/84 277/668/89 278/669/89 274/670/84
f 272/671/88 276/672/90 275/673/90 271/674/88
f 281/675/91 285/676/92 286/677/92 282/678/91
f 277/668/89 281/675/91 282/678/91 278/669/89
f 276/672/90 280/679/93 279/680/93 275/673/90
f 275/656/61 279/681/61 281/682/61 277/657/61
f 283/683/61 287/684/61 289/685/61 285/686/61
f 280/679/93 284/687/94 283/688/94 279/680/93
f 279/681/61 283/683/61 285/686/61 281/682/61
f 282/664/65 286/689/65 284/690/65 280/665/65
f 289/691/95 293/692/96 294/693/96 290/694/95
f 286/689/65 290/695/65 288/696/65 284/690/65
f 285/676/92 289/691/95 290/694/95 286/677/92
f 284/687/94 288/697/97 287/698/97 283/688/94
f 294/699/63 293/700/63 291/701/63 292/702/63
f 288/697/97 292/703/98 291/704/98 287/698/97
f 287/684/61 291/705/61 293/706/61 289/685/61
f 290/695/65 294/707/65 292/708/65 288/696/65
f 231/577/61 263/643/61 265/646/61 233/578/61
s 0
f 225/709/65 224/710/65 296/711/65 298/712/65
f 298/712/65 296/711/65 295/558/65 297/557/65
f 223/713/63 295/714/63 299/715/63 227/716/63
f 295/714/63 296/549/63 300/552/63 299/715/63
f 226/717/62 230/718/62 302/719/62 297/720/62
f 297/720/62 302/719/62 301/546/62 298/545/62
f 227/721/61 299/722/61 302/723/61 230/724/61
f 299/722/61 300/541/61 301/544/61 302/723/61
o box_2
v -0.285000 0.050000 -0.595200
v -0.285000 0.374742 -0.662950
v -0.285000 0.050000 -1.095200
v -0.285000 0.374742 -1.027450
v 0.215000 0.050000 -0.595200
v 0.215000 0.374742 -0.662950
v 0.215000 0.050000 -1.095200
v 0.215000 0.374742 -1.027450
v -0.285000 0.308592 -0.662950
v -0.285000 0.308592 -1.027450
v 0.215000 0.308592 -1.027450
v 0.215000 0.308592 -0.662950
v -0.285000 0.283333 -0.595200
v -0.272500 0.400000 -0.607700
v -0.272500 0.400000 -1.082700
v 0.202500 0.400000 -1.082700
v 0.202500 0.400000 -0.607700
v -0.285000 0.283333 -1.095200
v 0.215000 0.283333 -1.095200
v 0.215000 0.283333 -0.595200
v -0.285000 0.400000 -0.595200
v -0.285000 0.400000 -1.095200
v 0.215000 0.400000 -1.095200
v 0.215000 0.400000 -0.595200
v -0.272500 0.057742 -0.607700
v -0.272500 0.057742 -1.082700
v 0.202500 0.057742 -1.082700
v 0.202500 0.057742 -0.607700
v -0.272500 0.308592 -0.662950
v -0.272500 0.374742 -0.662950
v -0.272500 0.374742 -1.027450
v -0.272500 0.308592 -1.027450
v 0.202500 0.308592 -1.027450
v 0.202500 0.374742 -1.027450
v 0.202500 0.308592 -0.662950
v 0.202500 0.374742 -0.662950
vn -0.0000 -0.0000 -1.0000
vn -0.0000 -0.0000 1.0000
vn -0.0000 -1.0000 -0.0000
vn 1.0000 -0.0000 -0.0000
vn -1.0000 -0.0000 -0.0000
vn -0.0000 1.0000 -0.0000
vt 0.919398 0.156530
vt 0.913786 0.156530
vt 0.913786 0.139694
vt 0.919398 0.139694
vt 0.919398 0.189444
vt 0.913786 0.189444
vt 0.913786 0.172608
vt 0.919398 0.172608
vt 0.503234 0.912677
vt 0.503234 0.929513
vt 0.486398 0.929513
vt 0.486398 0.912677
vt 0.875392 0.923250
vt 0.891386 0.923250
vt 0.891386 0.939714
vt 0.875392 0.939714
vt 0.930622 0.239737
vt 0.919398 0.239737
vt 0.919398 0.222901
vt 0.930622 0.222901
vt 0.930622 0.156530
vt 0.930622 0.139694
vt 0.930622 0.272651
vt 0.919398 0.272651
vt 0.919398 0.255815
vt 0.930622 0.255815
vt 0.913786 0.272651
vt 0.915001 0.270369
vt 0.918183 0.270369
vt 0.913786 0.255815
vt 0.915001 0.258096
vt 0.915001 0.237455
vt 0.913786 0.239737
vt 0.913786 0.222901
vt 0.915001 0.225182
vt 0.918183 0.258096
vt 0.918183 0.237455
vt 0.918183 0.225182
vt 0.908727 0.929237
vt 0.924721 0.929237
vt 0.925142 0.929657
vt 0.908306 0.929657
vt 0.924721 0.913242
vt 0.925142 0.912821
vt 0.908727 0.913242
vt 0.908306 0.912821
vt 0.576853 0.937716
vt 0.576853 0.953710
vt 0.560859 0.953710
vt 0.560859 0.937716
vt 0.221516 0.927591
vt 0.221516 0.944054
vt 0.205522 0.944054
vt 0.205522 0.927591
vt 0.207382 0.928806
vt 0.207382 0.931988
vt 0.219656 0.931988
vt 0.219656 0.928806
vt 0.251728 0.931988
vt 0.251728 0.928806
vt 0.253588 0.927591
vt 0.253588 0.944054
vt 0.237594 0.944054
vt 0.237594 0.927591
vt 0.239454 0.928806
vt 0.239454 0.931988
vt 0.808510 0.927858
vt 0.824504 0.927858
vt 0.824504 0.944322
vt 0.808510 0.944322
vt 0.552226 0.828035
vt 0.552647 0.828035
vt 0.552647 0.831217
vt 0.552226 0.831217
vt 0.271771 0.905850
vt 0.271350 0.905850
vt 0.271350 0.893576
vt 0.271771 0.893576
vt 0.271350 0.934201
vt 0.271350 0.921928
vt 0.271771 0.921928
vt 0.271771 0.934201
vt 0.936243 0.660445
vt 0.936243 0.663627
vt 0.935822 0.663627
vt 0.935822 0.660445
vt 0.436589 0.976113
vt 0.437010 0.976113
vt 0.437010 0.979295
vt 0.436589 0.979295
vt 0.437010 0.960036
vt 0.436589 0.960036
vt 0.436589 0.947762
vt 0.437010 0.947762
vt 0.935822 0.523593
vt 0.936243 0.523593
vt 0.936243 0.535866
vt 0.935822 0.535866
vt 0.986844 0.935575
vt 0.986844 0.932393
vt 0.987265 0.932393
vt 0.987265 0.935575
vt 0.930622 0.189444
vt 0.930622 0.172608
s 0
usemtl box_hanger
f 320/725/99 324/726/99 325/727/99 321/728/99
f 322/729/100 326/730/100 323/731/100 315/732/100
f 305/733/101 309/734/101 307/735/101 303/736/101
f 318/737/100 317/738/100 328/739/100 329/740/100
f 309/741/102 321/742/102 322/743/102 307/744/102
f 305/745/99 320/725/99 321/728/99 309/746/99
f 303/747/103 315/748/103 320/749/103 305/750/103
f 315/748/103 323/751/103 304/752/103 311/753/103
f 323/751/103 324/754/103 306/755/103 304/752/103
f 310/756/102 325/757/102 326/758/102 308/759/102
f 324/754/103 320/749/103 312/760/103 306/755/103
f 313/761/102 321/742/102 325/757/102 310/756/102
f 308/759/102 326/758/102 322/743/102 314/762/102
f 314/762/102 322/743/102 321/742/102 313/761/102
f 320/749/103 315/748/103 311/753/103 312/760/103
f 316/763/104 317/764/104 324/765/104 323/766/104
f 317/764/104 318/767/104 325/768/104 324/765/104
f 318/767/104 319/769/104 326/770/104 325/768/104
f 319/769/104 316/763/104 323/766/104 326/770/104
f 329/771/104 328/772/104 327/773/104 330/774/104
f 318/775/103 329/776/103 330/777/103 319/778/103 338/779/103 337/780/103 335/781/103 336/782/103
f 338/779/103 319/778/103 318/775/103 336/782/103
f 331/783/102 332/784/102 316/785/102 327/786/102 328/787/102 317/788/102 333/789/102 334/790/102
f 333/789/102 317/788/102 316/785/102 332/784/102
f 316/791/99 319/792/99 330/793/99 327/794/99
f 304/795/99 332/796/99 331/797/99 311/798/99
f 306/799/101 333/800/101 332/801/101 304/802/101
f 312/803/104 311/804/104 331/805/104 334/806/104
f 306/807/100 312/808/100 334/809/100 333/810/100
f 338/811/99 308/812/99 314/813/99 337/814/99
f 336/815/101 310/816/101 308/817/101 338/818/101
f 337/819/104 314/820/104 313/821/104 335/822/104
f 313/823/100 310/824/100 336/825/100 335/826/100
f 307/827/100 322/729/100 315/732/100 303/828/100
o box_1
v -0.285000 0.050000 -0.075200
v -0.285000 0.374742 -0.142950
v -0.285000 0.050000 -0.575200
v -0.285000 0.374742 -0.507450
v 0.215000 0.050000 -0.075200
v 0.215000 0.374742 -0.142950
v 0.215000 0.050000 -0.575200
v 0.215000 0.374742 -0.507450
v -0.285000 0.308592 -0.142950
v -0.285000 0.308592 -0.507450
v 0.215000 0.308592 -0.507450
v 0.215000 0.308592 -0.142950
v -0.285000 0.283333 -0.075200
v -0.272500 0.400000 -0.087700
v -0.272500 0.400000 -0.562700
v 0.202500 0.400000 -0.562700
v 0.202500 0.400000 -0.087700
v -0.285000 0.283333 -0.575200
v 0.215000 0.283333 -0.575200
v 0.215000 0.283333 -0.075200
v -0.285000 0.400000 -0.075200
v -0.285000 0.400000 -0.575200
v 0.215000 0.400000 -0.575200
v 0.215000 0.400000 -0.075200
v -0.272500 0.057742 -0.087700
v -0.272500 0.057742 -0.562700
v 0.202500 0.057742 -0.562700
v 0.202500 0.057742 -0.087700
v -0.272500 0.308592 -0.142950
v -0.272500 0.374742 -0.142950
v -0.272500 0.374742 -0.507450
v -0.272500 0.308592 -0.507450
v 0.202500 0.308592 -0.507450
v 0.202500 0.374742 -0.507450
v 0.202500 0.308592 -0.142950
v 0.202500 0.374742 -0.142950
vn -0.0000 -0.0000 -1.0000
vn -0.0000 -0.0000 1.0000
vn -0.0000 -1.0000 -0.0000
vn 1.0000 -0.0000 -0.0000
vn -1.0000 -0.0000 -0.0000
vn -0.0000 1.0000 -0.0000
vt 0.919398 0.305564
vt 0.913786 0.305564
vt 0.913786 0.288728
vt 0.919398 0.288728
vt 0.919398 0.338478
vt 0.913786 0.338478
vt 0.913786 0.321642
vt 0.919398 0.321642
vt 0.689288 0.913047
vt 0.689288 0.929883
vt 0.672452 0.929883
vt 0.672452 0.913047
vt 0.106781 0.930610
vt 0.122775 0.930610
vt 0.122775 0.947074
vt 0.106781 0.947074
vt 0.930622 0.371392
vt 0.919398 0.371392
vt 0.919398 0.354556
vt 0.930622 0.354556
vt 0.930622 0.305564
vt 0.930622 0.288728
vt 0.430810 0.931684
vt 0.419586 0.931684
vt 0.419586 0.914848
vt 0.430810 0.914848
vt 0.413974 0.931684
vt 0.415189 0.929403
vt 0.418371 0.929403
vt 0.413974 0.914848
vt 0.415189 0.917130
vt 0.915001 0.369111
vt 0.913786 0.371392
vt 0.913786 0.354556
vt 0.915001 0.356837
vt 0.418371 0.917130
vt 0.918183 0.369111
vt 0.918183 0.356837
vt 0.756874 0.926494
vt 0.767646 0.926494
vt 0.767929 0.926778
vt 0.756591 0.926778
vt 0.767646 0.915722
vt 0.767929 0.915439
vt 0.756874 0.915722
vt 0.756591 0.915439
vt 0.646028 0.940948
vt 0.646028 0.956942
vt 0.630034 0.956942
vt 0.630034 0.940948
vt 0.154847 0.930610
vt 0.154847 0.947074
vt 0.138853 0.947074
vt 0.138853 0.930610
vt 0.140713 0.931825
vt 0.140713 0.935007
vt 0.152986 0.935007
vt 0.152986 0.931825
vt 0.185058 0.935007
vt 0.185058 0.931825
vt 0.186919 0.930610
vt 0.186919 0.947074
vt 0.170925 0.947074
vt 0.170925 0.930610
vt 0.172785 0.931825
vt 0.172785 0.935007
vt 0.354743 0.930799
vt 0.370737 0.930799
vt 0.370737 0.947263
vt 0.354743 0.947263
vt 0.986844 0.951653
vt 0.987265 0.951653
vt 0.987265 0.954835
vt 0.986844 0.954835
vt 0.936049 0.567318
vt 0.935628 0.567318
vt 0.935628 0.555045
vt 0.936049 0.555045
vt 0.936016 0.601483
vt 0.936016 0.589209
vt 0.936437 0.589209
vt 0.936437 0.601483
vt 0.987265 0.970913
vt 0.987265 0.974095
vt 0.986844 0.974095
vt 0.986844 0.970913
vt 0.597120 0.985343
vt 0.597541 0.985343
vt 0.597541 0.988525
vt 0.597120 0.988525
vt 0.936243 0.634485
vt 0.935822 0.634485
vt 0.935822 0.622211
vt 0.936243 0.622211
vt 0.975041 0.455126
vt 0.975462 0.455126
vt 0.975462 0.467400
vt 0.975041 0.467400
vt 0.875392 0.990134
vt 0.875392 0.986952
vt 0.875813 0.986952
vt 0.875813 0.990134
vt 0.930622 0.338478
vt 0.930622 0.321642
s 0
usemtl box_hanger
f 356/829/105 360/830/105 361/831/105 357/832/105
f 358/833/106 362/834/106 359/835/106 351/836/106
f 341/837/107 345/838/107 343/839/107 339/840/107
f 354/841/106 353/842/106 364/843/106 365/844/106
f 345/845/108 357/846/108 358/847/108 343/848/108
f 341/849/105 356/829/105 357/832/105 345/850/105
f 339/851/109 351/852/109 356/853/109 341/854/109
f 351/852/109 359/855/109 340/856/109 347/857/109
f 359/855/109 360/858/109 342/859/109 340/856/109
f 346/860/108 361/861/108 362/862/108 344/863/108
f 360/858/109 356/853/109 348/864/109 342/859/109
f 349/865/108 357/846/108 361/861/108 346/860/108
f 344/863/108 362/862/108 358/847/108 350/866/108
f 350/866/108 358/847/108 357/846/108 349/865/108
f 356/853/109 351/852/109 347/857/109 348/864/109
f 352/867/110 353/868/110 360/869/110 359/870/110
f 353/868/110 354/871/110 361/872/110 360/869/110
f 354/871/110 355/873/110 362/874/110 361/872/110
f 355/873/110 352/867/110 359/870/110 362/874/110
f 365/875/110 364/876/110 363/877/110 366/878/110
f 354/879/109 365/880/109 366/881/109 355/882/109 374/883/109 373/884/109 371/885/109 372/886/109
f 374/883/109 355/882/109 354/879/109 372/886/109
f 367/887/108 368/888/108 352/889/108 363/890/108 364/891/108 353/892/108 369/893/108 370/894/108
f 369/893/108 353/892/108 352/889/108 368/888/108
f 352/895/105 355/896/105 366/897/105 363/898/105
f 340/899/105 368/900/105 367/901/105 347/902/105
f 342/903/107 369/904/107 368/905/107 340/906/107
f 348/907/110 347/908/110 367/909/110 370/910/110
f 342/911/106 348/912/106 370/913/106 369/914/106
f 374/915/105 344/916/105 350/917/105 373/918/105
f 372/919/107 346/920/107 344/921/107 374/922/107
f 373/923/110 350/924/110 349/925/110 371/926/110
f 349/927/106 346/928/106 372/929/106 371/930/106
f 343/931/106 358/833/106 351/836/106 339/932/106
o box_4
v -0.285000 0.050000 0.575200
v -0.285000 0.374742 0.507450
v -0.285000 0.050000 0.075200
v -0.285000 0.374742 0.142950
v 0.215000 0.050000 0.575200
v 0.215000 0.374742 0.507450
v 0.215000 0.050000 0.075200
v 0.215000 0.374742 0.142950
v -0.285000 0.308592 0.507450
v -0.285000 0.308592 0.142950
v 0.215000 0.308592 0.142950
v 0.215000 0.308592 0.507450
v -0.285000 0.283333 0.575200
v -0.272500 0.400000 0.562700
v -0.272500 0.400000 0.087700
v 0.202500 0.400000 0.087700
v 0.202500 0.400000 0.562700
v -0.285000 0.283333 0.075200
v 0.215000 0.283333 0.075200
v 0.215000 0.283333 0.575200
v -0.285000 0.400000 0.575200
v -0.285000 0.400000 0.075200
v 0.215000 0.400000 0.075200
v 0.215000 0.400000 0.575200
v -0.272500 0.057742 0.562700
v -0.272500 0.057742 0.087700
v 0.202500 0.057742 0.087700
v 0.202500 0.057742 0.562700
v -0.272500 0.308592 0.507450
v -0.272500 0.374742 0.507450
v -0.272500 0.374742 0.142950
v -0.272500 0.308592 0.142950
v 0.202500 0.308592 0.142950
v 0.202500 0.374742 0.142950
v 0.202500 0.308592 0.507450
v 0.202500 0.374742 0.507450
vn -0.0000 -0.0000 -1.0000
vn -0.0000 -0.0000 1.0000
vn -0.0000 -1.0000 -0.0000
vn 1.0000 -0.0000 -0.0000
vn -1.0000 -0.0000 -0.0000
vn -0.0000 1.0000 -0.0000
vt 0.920514 0.471962
vt 0.914902 0.471962
vt 0.914902 0.455126
vt 0.920514 0.455126
vt 0.920514 0.504876
vt 0.914902 0.504876
vt 0.914902 0.488040
vt 0.920514 0.488040
vt 0.930622 0.008039
vt 0.930622 0.024875
vt 0.913786 0.024875
vt 0.913786 0.008039
vt 0.073867 0.931423
vt 0.089861 0.931423
vt 0.089861 0.947886
vt 0.073867 0.947886
vt 0.931738 0.537790
vt 0.920514 0.537790
vt 0.920514 0.520954
vt 0.931738 0.520954
vt 0.931738 0.471962
vt 0.931738 0.455126
vt 0.931738 0.570704
vt 0.920514 0.570704
vt 0.920514 0.553868
vt 0.931738 0.553868
vt 0.914902 0.570704
vt 0.916117 0.568422
vt 0.919299 0.568422
vt 0.914902 0.553868
vt 0.916117 0.556149
vt 0.916117 0.535509
vt 0.914902 0.537790
vt 0.914902 0.520954
vt 0.916117 0.523235
vt 0.919299 0.556149
vt 0.919299 0.535509
vt 0.919299 0.523235
vt 0.914207 0.057368
vt 0.930201 0.057368
vt 0.930622 0.057789
vt 0.913786 0.057789
vt 0.930201 0.041374
vt 0.930622 0.040953
vt 0.914207 0.041374
vt 0.913786 0.040953
vt 0.502392 0.945591
vt 0.502392 0.961586
vt 0.486398 0.961586
vt 0.486398 0.945591
vt 0.858472 0.933133
vt 0.858472 0.949597
vt 0.842478 0.949597
vt 0.842478 0.933133
vt 0.844338 0.934348
vt 0.844338 0.937530
vt 0.856612 0.937530
vt 0.856612 0.934348
vt 0.303049 0.937656
vt 0.303049 0.934474
vt 0.304909 0.933259
vt 0.304909 0.949723
vt 0.288915 0.949723
vt 0.288915 0.933259
vt 0.290775 0.934474
vt 0.290775 0.937656
vt 0.519312 0.933492
vt 0.535306 0.933492
vt 0.535306 0.949955
vt 0.519312 0.949955
vt 0.990882 0.567774
vt 0.991303 0.567774
vt 0.991303 0.570956
vt 0.990882 0.570956
vt 0.975462 0.495751
vt 0.975041 0.495751
vt 0.975041 0.483477
vt 0.975462 0.483477
vt 0.976743 0.713312
vt 0.976743 0.701039
vt 0.977163 0.701039
vt 0.977163 0.713312
vt 0.991303 0.587034
vt 0.991303 0.590216
vt 0.990882 0.590216
vt 0.990882 0.587034
vt 0.990882 0.606293
vt 0.991303 0.606293
vt 0.991303 0.609475
vt 0.990882 0.609475
vt 0.977163 0.741663
vt 0.976743 0.741663
vt 0.976743 0.729390
vt 0.977163 0.729390
vt 0.976743 0.757741
vt 0.977163 0.757741
vt 0.977163 0.770015
vt 0.976743 0.770015
vt 0.990882 0.628735
vt 0.990882 0.625553
vt 0.991303 0.625553
vt 0.991303 0.628735
vt 0.931738 0.504876
vt 0.931738 0.488040
s 0
usemtl box_hanger
f 392/933/111 396/934/111 397/935/111 393/936/111
f 394/937/112 398/938/112 395/939/112 387/940/112
f 377/941/113 381/942/113 379/943/113 375/944/113
f 390/945/112 389/946/112 400/947/112 401/948/112
f 381/949/114 393/950/114 394/951/114 379/952/114
f 377/953/111 392/933/111 393/936/111 381/954/111
f 375/955/115 387/956/115 392/957/115 377/958/115
f 387/956/115 395/959/115 376/960/115 383/961/115
f 395/959/115 396/962/115 378/963/115 376/960/115
f 382/964/114 397/965/114 398/966/114 380/967/114
f 396/962/115 392/957/115 384/968/115 378/963/115
f 385/969/114 393/950/114 397/965/114 382/964/114
f 380/967/114 398/966/114 394/951/114 386/970/114
f 386/970/114 394/951/114 393/950/114 385/969/114
f 392/957/115 387/956/115 383/961/115 384/968/115
f 388/971/116 389/972/116 396/973/116 395/974/116
f 389/972/116 390/975/116 397/976/116 396/973/116
f 390/975/116 391/977/116 398/978/116 397/976/116
f 391/977/116 388/971/116 395/974/116 398/978/116
f 401/979/116 400/980/116 399/981/116 402/982/116
f 390/983/115 401/984/115 402/985/115 391/986/115 410/987/115 409/988/115 407/989/115 408/990/115
f 410/987/115 391/986/115 390/983/115 408/990/115
f 403/991/114 404/992/114 388/993/114 399/994/114 400/995/114 389/996/114 405/997/114 406/998/114
f 405/997/114 389/996/114 388/993/114 404/992/114
f 388/999/111 391/1000/111 402/1001/111 399/1002/111
f 376/1003/111 404/1004/111 403/1005/111 383/1006/111
f 378/1007/113 405/1008/113 404/1009/113 376/1010/113
f 384/1011/116 383/1012/116 403/1013/116 406/1014/116
f 378/1015/112 384/1016/112 406/1017/112 405/1018/112
f 410/1019/111 380/1020/111 386/1021/111 409/1022/111
f 408/1023/113 382/1024/113 380/1025/113 410/1026/113
f 409/1027/116 386/1028/116 385/1029/116 407/1030/116
f 385/1031/112 382/1032/112 408/1033/112 407/1034/112
f 379/1035/112 394/937/112 387/940/112 375/1036/112
o box_3
v -0.285000 0.050000 1.095200
v -0.285000 0.374742 1.027450
v -0.285000 0.050000 0.595200
v -0.285000 0.374742 0.662950
v 0.215000 0.050000 1.095200
v 0.215000 0.374742 1.027450
v 0.215000 0.050000 0.595200
v 0.215000 0.374742 0.662950
v -0.285000 0.308592 1.027450
v -0.285000 0.308592 0.662950
v 0.215000 0.308592 0.662950
v 0.215000 0.308592 1.027450
v -0.285000 0.283333 1.095200
v -0.272500 0.400000 1.082700
v -0.272500 0.400000 0.607700
v 0.202500 0.400000 0.607700
v 0.202500 0.400000 1.082700
v -0.285000 0.283333 0.595200
v 0.215000 0.283333 0.595200
v 0.215000 0.283333 1.095200
v -0.285000 0.400000 1.095200
v -0.285000 0.400000 0.595200
v 0.215000 0.400000 0.595200
v 0.215000 0.400000 1.095200
v -0.272500 0.057742 1.082700
v -0.272500 0.057742 0.607700
v 0.202500 0.057742 0.607700
v 0.202500 0.057742 1.082700
v -0.272500 0.308592 1.027450
v -0.272500 0.374742 1.027450
v -0.272500 0.374742 0.662950
v -0.272500 0.308592 0.662950
v 0.202500 0.308592 0.662950
v 0.202500 0.374742 0.662950
v 0.202500 0.308592 1.027450
v 0.202500 0.374742 1.027450
vn -0.0000 -0.0000 -1.0000
vn -0.0000 -0.0000 1.0000
vn -0.0000 -1.0000 -0.0000
vn 1.0000 -0.0000 -0.0000
vn -1.0000 -0.0000 -0.0000
vn -0.0000 1.0000 -0.0000
vt 0.920514 0.603617
vt 0.914902 0.603617
vt 0.914902 0.586781
vt 0.920514 0.586781
vt 0.920514 0.636531
vt 0.914902 0.636531
vt 0.914902 0.619695
vt 0.920514 0.619695
vt 0.930622 0.073867
vt 0.930622 0.090703
vt 0.913786 0.090703
vt 0.913786 0.073867
vt 0.725429 0.933953
vt 0.741423 0.933953
vt 0.741423 0.950416
vt 0.725429 0.950416
vt 0.931738 0.669445
vt 0.920514 0.669445
vt 0.920514 0.652609
vt 0.931738 0.652609
vt 0.931738 0.603617
vt 0.931738 0.586781
vt 0.613956 0.938101
vt 0.602732 0.938101
vt 0.602732 0.921265
vt 0.613956 0.921265
vt 0.597120 0.938101
vt 0.598335 0.935820
vt 0.601517 0.935820
vt 0.597120 0.921265
vt 0.598335 0.923546
vt 0.916117 0.667164
vt 0.914902 0.669445
vt 0.914902 0.652609
vt 0.916117 0.654890
vt 0.601517 0.923546
vt 0.919299 0.667164
vt 0.919299 0.654890
vt 0.914207 0.123196
vt 0.930201 0.123196
vt 0.930622 0.123616
vt 0.913786 0.123616
vt 0.930201 0.107201
vt 0.930622 0.106781
vt 0.914207 0.107201
vt 0.913786 0.106781
vt 0.924300 0.945735
vt 0.924300 0.961730
vt 0.908306 0.961730
vt 0.908306 0.945735
vt 0.337823 0.935608
vt 0.337823 0.952072
vt 0.321829 0.952072
vt 0.321829 0.935608
vt 0.323689 0.936823
vt 0.323689 0.940005
vt 0.335962 0.940005
vt 0.335962 0.936823
vt 0.055087 0.940699
vt 0.055087 0.937517
vt 0.056947 0.936302
vt 0.056947 0.952766
vt 0.040953 0.952766
vt 0.040953 0.936302
vt 0.042813 0.937517
vt 0.042813 0.940699
vt 0.008039 0.936718
vt 0.024033 0.936718
vt 0.024033 0.953182
vt 0.008039 0.953182
vt 0.990882 0.644813
vt 0.991303 0.644813
vt 0.991303 0.647995
vt 0.990882 0.647995
vt 0.977163 0.798366
vt 0.976743 0.798366
vt 0.976743 0.786092
vt 0.977163 0.786092
vt 0.976743 0.826717
vt 0.976743 0.814444
vt 0.977163 0.814444
vt 0.977163 0.826717
vt 0.991303 0.664073
vt 0.991303 0.667255
vt 0.990882 0.667255
vt 0.990882 0.664073
vt 0.991540 0.455126
vt 0.991961 0.455126
vt 0.991961 0.458308
vt 0.991540 0.458308
vt 0.542545 0.978307
vt 0.542124 0.978307
vt 0.542124 0.966033
vt 0.542545 0.966033
vt 0.630034 0.973020
vt 0.630455 0.973020
vt 0.630455 0.985293
vt 0.630034 0.985293
vt 0.991540 0.477568
vt 0.991540 0.474386
vt 0.991961 0.474386
vt 0.991961 0.477568
vt 0.931738 0.636531
vt 0.931738 0.619695
s 0
usemtl box_hanger
f 428/1037/117 432/1038/117 433/1039/117 429/1040/117
f 430/1041/118 434/1042/118 431/1043/118 423/1044/118
f 413/1045/119 417/1046/119 415/1047/119 411/1048/119
f 426/1049/118 425/1050/118 436/1051/118 437/1052/118
f 417/1053/120 429/1054/120 430/1055/120 415/1056/120
f 413/1057/117 428/1037/117 429/1040/117 417/1058/117
f 411/1059/121 423/1060/121 428/1061/121 413/1062/121
f 423/1060/121 431/1063/121 412/1064/121 419/1065/121
f 431/1063/121 432/1066/121 414/1067/121 412/1064/121
f 418/1068/120 433/1069/120 434/1070/120 416/1071/120
f 432/1066/121 428/1061/121 420/1072/121 414/1067/121
f 421/1073/120 429/1054/120 433/1069/120 418/1068/120
f 416/1071/120 434/1070/120 430/1055/120 422/1074/120
f 422/1074/120 430/1055/120 429/1054/120 421/1073/120
f 428/1061/121 423/1060/121 419/1065/121 420/1072/121
f 424/1075/122 425/1076/122 432/1077/122 431/1078/122
f 425/1076/122 426/1079/122 433/1080/122 432/1077/122
f 426/1079/122 427/1081/122 434/1082/122 433/1080/122
f 427/1081/122 424/1075/122 431/1078/122 434/1082/122
f 437/1083/122 436/1084/122 435/1085/122 438/1086/122
f 426/1087/121 437/1088/121 438/1089/121 427/1090/121 446/1091/121 445/1092/121 443/1093/121 444/1094/121
f 446/1091/121 427/1090/121 426/1087/121 444/1094/121
f 439/1095/120 440/1096/120 424/1097/120 435/1098/120 436/1099/120 425/1100/120 441/1101/120 442/1102/120
f 441/1101/120 425/1100/120 424/1097/120 440/1096/120
f 424/1103/117 427/1104/117 438/1105/117 435/1106/117
f 412/1107/117 440/1108/117 439/1109/117 419/1110/117
f 414/1111/119 441/1112/119 440/1113/119 412/1114/119
f 420/1115/122 419/1116/122 439/1117/122 442/1118/122
f 414/1119/118 420/1120/118 442/1121/118 441/1122/118
f 446/1123/117 416/1124/117 422/1125/117 445/1126/117
f 444/1127/119 418/1128/119 416/1129/119 446/1130/119
f 445/1131/122 422/1132/122 421/1133/122 443/1134/122
f 421/1135/118 418/1136/118 444/1137/118 443/1138/118
f 415/1139/118 430/1041/118 423/1044/118 411/1140/118
o shoes_box_1
v 0.071250 0.532473 -0.513009
v 0.060930 0.732473 -0.519009
v -0.228750 0.532473 -0.513009
v -0.218430 0.732473 -0.519009
v 0.071250 0.532473 -0.913009
v 0.060930 0.732473 -0.907009
v -0.228750 0.532473 -0.913009
v -0.218430 0.732473 -0.907009
v 0.071250 0.732473 -0.513009
v -0.228750 0.732473 -0.513009
v -0.228750 0.732473 -0.913009
v 0.071250 0.732473 -0.913009
v 0.060930 0.552473 -0.519009
v -0.218430 0.552473 -0.519009
v -0.218430 0.552473 -0.907009
v 0.060930 0.552473 -0.907009
vn -0.0000 -0.0000 1.0000
vn -1.0000 -0.0000 -0.0000
vn -0.0000 -0.0000 -1.0000
vn 1.0000 -0.0000 -0.0000
vn -0.0000 -1.0000 -0.0000
vn -0.0000 1.0000 -0.0000
vt 0.332306 0.226961
vt 0.667694 0.226961
vt 0.667694 0.413664
vt 0.332306 0.413664
vt 0.312868 0.226541
vt 0.687132 0.226541
vt 0.687132 0.414084
vt 0.312868 0.414084
vt 0.311623 0.242021
vt 0.688377 0.242021
vt 0.688377 0.414229
vt 0.311623 0.414229
vt 0.724606 0.565367
vt 0.724606 0.790908
vt 0.275394 0.790908
vt 0.275394 0.565367
vt 0.334681 0.241554
vt 0.688756 0.241554
vt 0.688756 0.399071
vt 0.334681 0.399071
vt 0.458661 0.322150
vt 0.458661 0.226402
vt 0.547499 0.226402
vt 0.547499 0.322150
vt 0.409597 0.416436
vt 0.590403 0.416436
vt 0.597082 0.419348
vt 0.402917 0.419348
vt 0.590403 0.228096
vt 0.597082 0.225183
vt 0.409597 0.228096
vt 0.402918 0.225183
vt 0.366743 0.322150
vt 0.366743 0.226402
vt 0.366743 0.417897
vt 0.455581 0.322150
vt 0.455581 0.417897
vt 0.455581 0.414067
vt 0.455581 0.322150
vt 0.544419 0.322150
vt 0.544419 0.414067
vt 0.544419 0.322150
vt 0.633257 0.322150
vt 0.633257 0.414067
s 0
usemtl shoes_box
f 447/1141/123 455/1142/123 456/1143/123 449/1144/123
f 449/1145/124 456/1146/124 457/1147/124 453/1148/124
f 453/1149/125 457/1150/125 458/1151/125 451/1152/125
f 451/1153/126 458/1154/126 455/1155/126 447/1156/126
f 449/1157/127 453/1158/127 451/1159/127 447/1160/127
f 448/1161/124 452/1162/124 462/1163/124 459/1164/124
f 448/1165/128 450/1166/128 456/1167/128 455/1168/128
f 450/1166/128 454/1169/128 457/1170/128 456/1167/128
f 454/1169/128 452/1171/128 458/1172/128 457/1170/128
f 452/1171/128 448/1165/128 455/1168/128 458/1172/128
f 459/1173/128 462/1174/128 461/1162/128 460/1161/128
f 454/1175/126 450/1173/126 460/1176/126 461/1177/126
f 452/1178/123 454/1179/123 461/1180/123 462/1181/123
f 450/1181/125 448/1182/125 459/1183/125 460/1184/125
o lid_1
v 0.073419 0.712602 -0.510117
v -0.230919 0.712602 -0.510117
v 0.073419 0.712602 -0.915901
v -0.230919 0.712602 -0.915901
v 0.080345 0.744421 -0.500883
v -0.237845 0.744421 -0.500883
v -0.237845 0.744421 -0.925135
v 0.080345 0.744421 -0.925135
v 0.080345 0.712602 -0.500883
v -0.237845 0.712602 -0.500883
v -0.237845 0.712602 -0.925135
v 0.080345 0.712602 -0.925135
v 0.073419 0.739758 -0.510117
v -0.230919 0.739758 -0.510117
v -0.230919 0.739758 -0.915901
v 0.073419 0.739758 -0.915901
vn -0.0000 -0.0000 1.0000
vn -0.0000 1.0000 -0.0000
vn 1.0000 -0.0000 -0.0000
vn -1.0000 -0.0000 -0.0000
vn -0.0000 -0.0000 -1.0000
vn -0.0000 -1.0000 -0.0000
vt 0.509930 0.321324
vt 0.509930 0.404750
vt 0.497416 0.404750
vt 0.497416 0.321324
vt 0.501047 0.237897
vt 0.501047 0.321324
vt 0.417620 0.321324
vt 0.417620 0.237897
vt 0.522444 0.321324
vt 0.522444 0.404750
vt 0.534958 0.321324
vt 0.534958 0.404750
vt 0.547472 0.321324
vt 0.547472 0.404750
vt 0.558152 0.321324
vt 0.558152 0.401119
vt 0.547472 0.401119
vt 0.547472 0.321324
vt 0.582658 0.239713
vt 0.502863 0.239713
vt 0.501047 0.237897
vt 0.584474 0.237897
vt 0.582658 0.319508
vt 0.584474 0.321324
vt 0.502863 0.319508
vt 0.497416 0.401119
vt 0.417620 0.401119
vt 0.568832 0.321324
vt 0.568832 0.401119
vt 0.558152 0.401119
vt 0.579512 0.321324
vt 0.579512 0.401119
vt 0.590192 0.321324
vt 0.590192 0.401119
s 0
usemtl shoes_box
f 472/1185/129 471/1186/129 467/1187/129 468/1188/129
f 469/1189/130 468/1190/130 467/1191/130 470/1192/130
f 471/1193/131 474/1194/131 470/1186/131 467/1185/131
f 473/1195/132 472/1196/132 468/1194/132 469/1193/132
f 474/1197/133 473/1198/133 469/1196/133 470/1195/133
f 464/1199/131 466/1200/131 477/1201/131 476/1202/131
f 464/1203/134 463/1204/134 471/1205/134 472/1206/134
f 466/1207/134 464/1203/134 472/1206/134 473/1208/134
f 465/1209/134 466/1207/134 473/1208/134 474/1190/134
f 463/1204/134 465/1209/134 474/1190/134 471/1205/134
f 475/1191/134 476/1188/134 477/1210/134 478/1211/134
f 466/1212/129 465/1213/129 478/1214/129 477/1199/129
f 463/1215/133 464/1216/133 476/1213/133 475/1212/133
f 465/1217/132 463/1218/132 475/1216/132 478/1215/132
o lid_2
v 0.124142 0.712602 0.086141
v 0.124142 0.712602 0.390479
v -0.281642 0.712602 0.086141
v -0.281642 0.712602 0.390479
v 0.133376 0.744421 0.079215
v 0.133376 0.744421 0.397404
v -0.290876 0.744421 0.397405
v -0.290876 0.744421 0.079215
v 0.133376 0.712602 0.079215
v 0.133376 0.712602 0.397404
v -0.290876 0.712602 0.397405
v -0.290876 0.712602 0.079215
v 0.124142 0.739758 0.086141
v 0.124142 0.739758 0.390479
v -0.281642 0.739758 0.390479
v -0.281642 0.739758 0.086141
vn 1.0000 -0.0000 -0.0000
vn -0.0000 1.0000 -0.0000
vn -0.0000 -0.0000 -1.0000
vn -0.0000 -0.0000 1.0000
vn -1.0000 -0.0000 -0.0000
vn -0.0000 -1.0000 -0.0000
vt 0.438501 0.325451
vt 0.438501 0.397502
vt 0.427693 0.397502
vt 0.427693 0.325451
vt 0.499744 0.252889
vt 0.499744 0.324940
vt 0.427693 0.324940
vt 0.427693 0.252889
vt 0.449820 0.325451
vt 0.449820 0.397502
vt 0.439013 0.397502
vt 0.439013 0.325451
vt 0.461139 0.325451
vt 0.461139 0.397502
vt 0.450332 0.397502
vt 0.450332 0.325451
vt 0.472458 0.325451
vt 0.472458 0.397502
vt 0.461651 0.397502
vt 0.461651 0.325451
vt 0.625000 0.269815
vt 0.625000 0.501951
vt 0.570738 0.254457
vt 0.501824 0.254457
vt 0.500256 0.252889
vt 0.572306 0.252889
vt 0.570738 0.323371
vt 0.572306 0.324940
vt 0.501824 0.323371
vt 0.500256 0.324940
vt 0.625000 0.980185
vt 0.625000 0.748049
s 0
usemtl shoes_box
f 488/1219/135 487/1220/135 483/1221/135 484/1222/135
f 485/1223/136 484/1224/136 483/1225/136 486/1226/136
f 487/1227/137 490/1228/137 486/1229/137 483/1230/137
f 489/1231/138 488/1232/138 484/1233/138 485/1234/138
f 490/1235/139 489/1236/139 485/1237/139 486/1238/139
f 480/1239/137 482/1240/137 493/1240/137 492/1239/137
f 480/1241/140 479/1242/140 487/1243/140 488/1244/140
f 482/1245/140 480/1241/140 488/1244/140 489/1246/140
f 481/1247/140 482/1245/140 489/1246/140 490/1248/140
f 479/1242/140 481/1247/140 490/1248/140 487/1243/140
f 491/1249/140 492/1239/140 493/1240/140 494/1250/140
f 482/1240/135 481/1250/135 494/1250/135 493/1240/135
f 479/1249/139 480/1239/139 492/1239/139 491/1249/139
f 481/1250/138 479/1249/138 491/1249/138 494/1250/138
o shoes_box_2
v 0.121250 0.532473 0.088310
v 0.115250 0.732473 0.098630
v 0.121250 0.532473 0.388310
v 0.115250 0.732473 0.377990
v -0.278750 0.532473 0.088310
v -0.272750 0.732473 0.098630
v -0.278750 0.532473 0.388310
v -0.272750 0.732473 0.377990
v 0.121250 0.732473 0.088310
v 0.121250 0.732473 0.388310
v -0.278750 0.732473 0.388310
v -0.278750 0.732473 0.088310
v 0.115250 0.552473 0.098630
v 0.115250 0.552473 0.377990
v -0.272750 0.552473 0.377990
v -0.272750 0.552473 0.098630
vn 1.0000 -0.0000 -0.0000
vn -0.0000 -0.0000 1.0000
vn -1.0000 -0.0000 -0.0000
vn -0.0000 -0.0000 -1.0000
vn -0.0000 -1.0000 -0.0000
vn -0.0000 1.0000 -0.0000
vt 0.571961 0.315240
vt 0.500287 0.315240
vt 0.500287 0.243565
vt 0.571961 0.243565
vt 0.499713 0.387488
vt 0.428039 0.387488
vt 0.428039 0.315813
vt 0.499713 0.315813
vt 0.571961 0.387488
vt 0.500287 0.387488
vt 0.500287 0.315813
vt 0.571961 0.315813
vt 0.722396 0.563267
vt 0.722396 0.779031
vt 0.268303 0.779031
vt 0.268303 0.563267
vt 0.499713 0.243565
vt 0.499713 0.315240
vt 0.428039 0.315240
vt 0.428039 0.243565
vt 0.382539 0.400607
vt 0.382539 0.320758
vt 0.456626 0.320758
vt 0.456626 0.400607
vt 0.385371 0.318593
vt 0.462026 0.318593
vt 0.464858 0.319828
vt 0.382539 0.319828
vt 0.462026 0.238744
vt 0.464858 0.237509
vt 0.385371 0.238744
vt 0.382539 0.237509
vt 0.465788 0.317358
vt 0.465788 0.237509
vt 0.542444 0.237509
vt 0.542444 0.317358
vt 0.457556 0.400607
vt 0.457556 0.320758
vt 0.531643 0.320758
vt 0.531643 0.400607
vt 0.543374 0.314164
vt 0.543374 0.237509
vt 0.617461 0.237509
vt 0.617461 0.314164
vt 0.543374 0.391750
vt 0.543374 0.315094
vt 0.617461 0.315094
vt 0.617461 0.391750
s 0
usemtl shoes_box
f 495/1251/141 503/1252/141 504/1253/141 497/1254/141
f 497/1255/142 504/1256/142 505/1257/142 501/1258/142
f 501/1259/143 505/1260/143 506/1261/143 499/1262/143
f 499/1263/144 506/1264/144 503/1265/144 495/1266/144
f 497/1267/145 501/1268/145 499/1269/145 495/1270/145
f 496/1271/142 500/1272/142 510/1273/142 507/1274/142
f 496/1275/146 498/1276/146 504/1277/146 503/1278/146
f 498/1276/146 502/1279/146 505/1280/146 504/1277/146
f 502/1279/146 500/1281/146 506/1282/146 505/1280/146
f 500/1281/146 496/1275/146 503/1278/146 506/1282/146
f 507/1283/146 510/1284/146 509/1285/146 508/1286/146
f 502/1287/144 498/1288/144 508/1289/144 509/1290/144
f 500/1291/141 502/1292/141 509/1293/141 510/1294/141
f 498/1295/143 496/1296/143 507/1297/143 508/1298/143
o pillow_2
v -0.299821 1.758528 -0.251554
v -0.048054 1.770849 -0.275416
v -0.019794 1.770143 -0.284092
v 0.008752 1.769412 -0.273082
v 0.084482 1.762995 -0.268872
v 0.159704 1.758196 -0.274006
v 0.146760 1.755796 -0.339619
v 0.136554 1.770631 -0.504114
v 0.141269 1.764457 -0.634585
v 0.133826 1.761076 -0.668206
v 0.143969 1.771607 -0.706681
v 0.145645 1.757935 -0.811047
v 0.159849 1.758559 -0.898018
v 0.143603 1.758516 -0.917076
v -0.018124 1.760605 -0.880479
v -0.137510 1.759914 -0.882049
v -0.162862 1.769404 -0.894667
v -0.241337 1.761107 -0.899312
v -0.299785 1.758508 -0.916199
v -0.315843 1.758378 -0.894623
v -0.303265 1.757854 -0.830494
v -0.290950 1.741768 -0.667679
v -0.299932 1.770268 -0.461879
v -0.303829 1.761962 -0.348532
v -0.316033 1.758148 -0.267540
v 0.141968 1.743188 -0.270756
v -0.019665 1.738091 -0.292627
v -0.138024 1.743141 -0.290187
v -0.283056 1.740718 -0.274024
v -0.302569 1.742522 -0.270227
v 0.117698 1.728305 -0.300250
v 0.001712 1.734954 -0.309477
v -0.057125 1.729684 -0.305283
v -0.138811 1.733772 -0.307914
v -0.280264 1.728502 -0.301384
v 0.144575 1.743685 -0.296969
v 0.071619 1.743956 -0.349453
v -0.025778 1.745407 -0.339088
v -0.299702 1.740761 -0.297688
v -0.139165 1.746827 -0.339420
v 0.127419 1.730504 -0.324699
v 0.067497 1.753354 -0.405927
v -0.260589 1.738947 -0.338865
v -0.290012 1.744300 -0.500345
v -0.108633 1.765357 -0.457526
v -0.278617 1.736102 -0.511127
v 0.127660 1.733145 -0.487023
v -0.217861 1.757996 -0.444601
v -0.295193 1.748389 -0.534720
v 0.001611 1.768275 -0.599336
v 0.078053 1.755070 -0.593882
v -0.255138 1.746919 -0.557640
v -0.111513 1.766958 -0.686454
v -0.279138 1.734976 -0.622046
v 0.127474 1.735696 -0.672608
v 0.025991 1.755048 -0.773521
v -0.213763 1.755958 -0.750764
v 0.128063 1.733197 -0.840494
v 0.094417 1.741809 -0.832679
v -0.084329 1.749349 -0.824919
v 0.144455 1.742908 -0.871298
v 0.122448 1.730718 -0.867543
v -0.030711 1.735056 -0.864439
v -0.148165 1.736546 -0.862128
v -0.266581 1.733052 -0.869310
v -0.283801 1.731165 -0.866989
v -0.299623 1.741404 -0.870798
v 0.143036 1.742739 -0.897842
v 0.006286 1.741252 -0.883442
v -0.027974 1.736233 -0.874176
v -0.105966 1.743092 -0.880516
v -0.151478 1.738609 -0.879587
v -0.282847 1.740378 -0.895264
v -0.302461 1.742470 -0.898644
v 0.169460 1.770638 -0.236977
v 0.171994 1.773617 -0.933401
v -0.326915 1.770840 -0.933548
v -0.327445 1.769962 -0.236742
v -0.299759 1.782129 -0.252081
v -0.252178 1.784603 -0.269667
v -0.166486 1.768667 -0.273930
v -0.107314 1.771493 -0.276048
v 0.093860 1.784068 -0.270046
v 0.159626 1.782129 -0.274257
v 0.148657 1.780527 -0.330570
v 0.143707 1.767963 -0.465054
v 0.142715 1.771310 -0.544401
v 0.129889 1.799951 -0.666732
v 0.149739 1.782596 -0.849108
v 0.103938 1.782988 -0.900858
v 0.007046 1.772888 -0.893562
v -0.020169 1.800299 -0.873668
v -0.037239 1.791236 -0.883519
v -0.136640 1.782280 -0.880884
v -0.239415 1.782383 -0.897746
v -0.303528 1.783140 -0.917291
v -0.315666 1.782169 -0.894443
v -0.304067 1.782074 -0.833908
v -0.300265 1.772954 -0.710135
v -0.298693 1.770493 -0.628106
v -0.296852 1.780007 -0.533606
v -0.304200 1.783131 -0.328848
v 0.143086 1.797127 -0.271291
v -0.018652 1.804585 -0.296506
v -0.139994 1.805046 -0.297736
v -0.297683 1.797663 -0.271404
v -0.064972 1.818941 -0.314164
v -0.071856 1.832474 -0.344882
v -0.259589 1.813508 -0.302044
v -0.299774 1.797951 -0.298086
v 0.143858 1.797711 -0.298091
v 0.126885 1.809701 -0.298233
v 0.047155 1.842002 -0.402292
v -0.040674 1.846118 -0.401093
v -0.282000 1.811331 -0.307207
v 0.104901 1.821574 -0.330238
v -0.225659 1.835562 -0.375292
v 0.109766 1.823398 -0.468240
v -0.173026 1.848862 -0.453233
v -0.282693 1.804876 -0.503356
v 0.125423 1.807718 -0.503691
v -0.270970 1.818848 -0.500750
v -0.244946 1.835316 -0.555003
v -0.083729 1.858198 -0.568284
v 0.061873 1.843833 -0.591850
v 0.002017 1.852662 -0.662538
v -0.171468 1.850789 -0.669748
v 0.113692 1.822122 -0.659740
v -0.120978 1.850264 -0.731623
v -0.285916 1.801136 -0.668872
v -0.224994 1.837622 -0.765580
v 0.043437 1.840999 -0.774891
v 0.099749 1.824707 -0.833922
v -0.035110 1.834202 -0.821815
v -0.209789 1.829701 -0.828547
v -0.276388 1.816420 -0.836966
v -0.299240 1.800059 -0.870288
v 0.138259 1.804664 -0.863269
v 0.120810 1.809853 -0.874010
v -0.024905 1.819479 -0.854500
v -0.100272 1.818875 -0.853488
v -0.276418 1.809472 -0.874566
v -0.301949 1.797994 -0.897797
v 0.145954 1.798347 -0.897986
v 0.126367 1.800121 -0.893771
v -0.133163 1.803772 -0.872300
v -0.282091 1.800032 -0.893798
v 0.103906 1.759554 -0.902226
v 0.143988 1.758119 -0.251857
v -0.289869 1.782676 -0.500495
v -0.042116 1.764423 -0.890747
v -0.111624 1.771360 -0.892595
v -0.261711 1.760511 -0.266217
v -0.137969 1.781057 -0.288674
vn -0.3526 -0.8658 0.3550
vn -0.8229 -0.5681 0.0128
vn -0.6529 -0.7574 -0.0055
vn -0.9863 -0.1517 -0.0653
vn -0.8642 -0.5028 -0.0194
vn -0.8937 -0.4444 0.0616
vn -0.9948 0.0852 -0.0555
vn -0.8678 -0.4965 0.0204
vn -0.9745 -0.2075 0.0851
vn -0.6385 -0.7696 0.0127
vn -0.1347 -0.1849 0.9735
vn 0.2965 -0.8870 0.3541
vn -0.0657 -0.6428 0.7632
vn 0.0056 -0.7247 0.6891
vn 0.2180 -0.2494 0.9435
vn 0.0294 -0.6234 0.7814
vn 0.2116 0.0163 0.9772
vn -0.0026 -0.9954 0.0961
vn -0.0152 -0.9999 0.0034
vn 0.0042 -0.9991 0.0430
vn -0.0872 -0.9761 -0.1991
vn 0.1154 -0.9875 0.1070
vn 0.2265 -0.9645 -0.1358
vn 0.0205 -0.9624 -0.2708
vn 0.2530 -0.9664 -0.0444
vn 0.4040 -0.9134 -0.0492
vn 0.6581 -0.7528 -0.0142
vn 0.1884 -0.9803 -0.0595
vn 0.9643 -0.2517 -0.0821
vn 0.9947 -0.0179 -0.1016
vn 0.0145 -0.9966 -0.0807
vn -0.1191 -0.9927 -0.0175
vn -0.1636 -0.9810 0.1040
vn 0.3453 -0.9385 0.0047
vn 0.9991 0.0402 0.0102
vn 0.9991 0.0291 0.0318
vn -0.0825 -0.9966 0.0078
vn -0.2693 -0.9630 0.0018
vn -0.1683 -0.9822 -0.0834
vn 0.0305 -0.9980 0.0554
vn 0.4206 -0.9070 0.0231
vn 0.9938 -0.0944 -0.0580
vn 0.9957 -0.0929 -0.0009
vn -0.1266 -0.9793 0.1582
vn 0.1585 -0.9845 0.0750
vn 0.1797 -0.9825 0.0485
vn -0.0755 -0.9970 0.0163
vn -0.1634 -0.9838 -0.0731
vn 0.9699 -0.2344 0.0657
vn 0.9941 0.0004 0.1085
vn 0.6661 -0.7448 0.0394
vn -0.0732 -0.9914 0.1083
vn 0.0012 -0.9738 0.2273
vn 0.0653 -0.9946 -0.0801
vn 0.8404 -0.5420 -0.0045
vn -0.0184 -0.9976 0.0665
vn 0.1407 -0.9865 -0.0843
vn 0.0308 -0.9959 0.0846
vn 0.0254 -0.8312 -0.5554
vn -0.1371 -0.6504 -0.7471
vn -0.0257 -0.7029 -0.7108
vn 0.1005 -0.7922 -0.6019
vn 0.0081 -0.8532 -0.5215
vn -0.1965 -0.2532 -0.9473
vn 0.2820 -0.8807 -0.3806
vn 0.1588 -0.2098 -0.9648
vn 0.2045 0.0247 -0.9786
vn -0.8469 0.5317 -0.0047
vn -0.9561 0.2772 -0.0948
vn -0.7237 0.6897 -0.0224
vn -0.9028 0.4296 0.0189
vn -0.9748 0.1979 0.1026
vn -0.9912 0.0864 0.1001
vn -0.1620 0.3574 0.9198
vn -0.0317 0.6242 0.7807
vn -0.1813 0.0105 0.9834
vn -0.0323 0.0461 0.9984
vn 0.0806 0.0421 0.9959
vn 0.0343 0.6018 0.7979
vn -0.0989 0.0513 0.9938
vn 0.0178 0.2123 0.9770
vn 0.1646 0.3604 0.9182
vn 0.3149 0.9207 0.2308
vn 0.3281 0.8664 0.3765
vn 0.0044 0.8583 0.5131
vn -0.0537 0.9295 0.3648
vn -0.3486 0.8660 0.3584
vn 0.0022 0.9522 0.3054
vn -0.1814 0.9737 0.1375
vn 0.9731 0.2023 -0.1100
vn 0.8389 0.5442 -0.0047
vn 0.7174 0.6953 -0.0440
vn 0.5029 0.8643 0.0076
vn 0.2310 0.9553 0.1847
vn 0.0198 0.9876 0.1559
vn -0.1075 0.9921 0.0649
vn -0.3687 0.9296 0.0053
vn -0.4140 0.9009 0.1301
vn -0.0007 0.9999 0.0131
vn 0.6067 0.7950 0.0012
vn 0.2578 0.9662 0.0037
vn 0.0943 0.9948 -0.0375
vn 0.1486 0.9824 0.1135
vn 0.9113 0.4107 0.0293
vn 0.2318 0.9574 -0.1724
vn 0.1215 0.9858 -0.1156
vn -0.0275 0.9934 -0.1117
vn -0.1294 0.9912 -0.0290
vn 0.9495 0.2921 0.1145
vn -0.2128 0.9738 -0.0807
vn -0.0688 0.9617 -0.2653
vn -0.4073 0.9100 -0.0772
vn -0.0051 0.8316 -0.5553
vn 0.0082 0.9559 -0.2937
vn 0.0053 0.8408 -0.5413
vn -0.1666 0.9410 -0.2945
vn -0.6330 0.7739 -0.0178
vn 0.6625 0.7486 0.0244
vn 0.6275 0.7774 -0.0422
vn -0.0078 0.5666 -0.8240
vn 0.1397 0.9396 -0.3125
vn 0.1721 0.4443 -0.8792
vn 0.0308 0.6264 -0.7789
vn -0.3371 0.3517 -0.8733
vn -0.1974 0.3434 -0.9182
vn -0.2003 0.6799 -0.7054
vn -0.0032 0.7889 -0.6145
vn 0.1533 0.3022 -0.9408
vn 0.0040 0.8556 -0.5177
vn 0.0125 0.6066 -0.7949
vn -0.4056 0.8690 -0.2834
vn 0.8683 0.4850 -0.1038
vn 0.6400 0.0355 0.7675
vn -0.1070 0.0667 -0.9920
vn 0.1737 -0.1026 -0.9794
vn 0.0574 -0.1675 -0.9842
vn 0.0453 0.2586 -0.9649
vn -0.8315 0.5538 0.0436
vn -0.6512 0.0261 -0.7584
vn -0.9705 0.2342 0.0579
vn -0.0468 -0.6776 -0.7339
vn 0.0948 -0.6285 0.7720
vn -0.6722 -0.0328 0.7397
vn 0.9724 -0.2315 -0.0289
vn -0.9941 0.0492 -0.0968
vn 0.0194 -0.8335 0.5522
vn -0.0031 -0.9657 -0.2595
vn -0.2337 0.1050 -0.9666
vn -0.0462 -0.1084 -0.9930
vn 0.0640 -0.5275 -0.8471
vn 0.2314 0.5064 0.8307
vn -0.9850 0.1720 -0.0162
vn -0.6360 0.7717 -0.0030
vn -0.8812 -0.4714 0.0354
vn -0.4095 -0.8578 -0.3107
vn 0.8705 -0.4916 -0.0237
vt 0.207705 0.934447
vt 0.206237 0.934719
vt 0.207868 0.931776
vt 0.205830 0.926836
vt 0.207511 0.912068
vt 0.207137 0.908731
vt 0.205013 0.899656
vt 0.207779 0.895804
vt 0.206280 0.879989
vt 0.207868 0.876069
vt 0.376708 0.878841
vt 0.374659 0.873778
vt 0.376259 0.872877
vt 0.239453 0.909579
vt 0.241497 0.900421
vt 0.241333 0.915107
vt 0.239709 0.876917
vt 0.241040 0.889198
vt 0.238819 0.886041
vt 0.544560 0.752122
vt 0.540875 0.750905
vt 0.546614 0.750490
vt 0.533106 0.752350
vt 0.532973 0.750642
vt 0.553447 0.746591
vt 0.557829 0.751398
vt 0.521186 0.747624
vt 0.533013 0.747559
vt 0.558783 0.749019
vt 0.558809 0.733238
vt 0.560528 0.751694
vt 0.525435 0.737319
vt 0.934681 0.395719
vt 0.936902 0.410055
vt 0.933449 0.407904
vt 0.536075 0.736052
vt 0.518349 0.731921
vt 0.519406 0.730886
vt 0.519218 0.751283
vt 0.521744 0.726349
vt 0.933207 0.411697
vt 0.933087 0.415615
vt 0.546778 0.722266
vt 0.554117 0.722818
vt 0.553098 0.741088
vt 0.535787 0.713800
vt 0.936556 0.428093
vt 0.933711 0.424384
vt 0.558791 0.715197
vt 0.934061 0.427652
vt 0.555607 0.699629
vt 0.525796 0.707565
vt 0.558820 0.698883
vt 0.519340 0.720107
vt 0.518845 0.696306
vt 0.934226 0.441541
vt 0.932964 0.431389
vt 0.518230 0.715661
vt 0.560465 0.695875
vt 0.549051 0.705358
vt 0.538309 0.700369
vt 0.520526 0.696078
vt 0.935659 0.447406
vt 0.934043 0.449998
vt 0.543424 0.696551
vt 0.558258 0.696258
vt 0.532037 0.696772
vt 0.543696 0.695603
vt 0.547049 0.694695
vt 0.536168 0.694975
vt 0.531726 0.695072
vt 0.518989 0.693544
vt 0.218707 0.902667
vt 0.220543 0.911412
vt 0.218976 0.915243
vt 0.218261 0.887866
vt 0.220261 0.878881
vt 0.221184 0.886379
vt 0.201600 0.911764
vt 0.203773 0.928748
vt 0.202314 0.931733
vt 0.201993 0.895679
vt 0.203931 0.879656
vt 0.204789 0.891684
vt 0.237411 0.910416
vt 0.235050 0.900375
vt 0.238771 0.902523
vt 0.238540 0.900094
vt 0.238595 0.897223
vt 0.234980 0.888974
vt 0.238521 0.891655
vt 0.237417 0.889034
vt 0.237344 0.877812
vt 0.559043 0.770415
vt 0.544888 0.770261
vt 0.560562 0.767841
vt 0.361748 0.869992
vt 0.363370 0.874447
vt 0.361748 0.881775
vt 0.533105 0.770377
vt 0.521525 0.770764
vt 0.517757 0.767841
vt 0.539839 0.774864
vt 0.524918 0.777804
vt 0.932275 0.394826
vt 0.929668 0.411633
vt 0.930651 0.391658
vt 0.557457 0.786883
vt 0.556960 0.773483
vt 0.542930 0.780278
vt 0.530093 0.785331
vt 0.523066 0.795263
vt 0.519340 0.771272
vt 0.538818 0.796478
vt 0.557856 0.805490
vt 0.552903 0.798819
vt 0.547134 0.805655
vt 0.551443 0.780411
vt 0.930310 0.427487
vt 0.928249 0.426791
vt 0.556534 0.822402
vt 0.551124 0.816610
vt 0.535188 0.812372
vt 0.530279 0.806358
vt 0.931790 0.445228
vt 0.525039 0.815712
vt 0.526491 0.821856
vt 0.519970 0.822718
vt 0.544409 0.824416
vt 0.543473 0.821190
vt 0.537087 0.824318
vt 0.519944 0.826394
vt 0.517689 0.826011
vt 0.930255 0.449970
vt 0.929702 0.446590
vt 0.544794 0.826344
vt 0.558524 0.826347
vt 0.543100 0.827332
vt 0.533834 0.826197
vt 0.389156 0.869992
vt 0.389156 0.877303
vt 0.387048 0.873721
vt 0.224381 0.915399
vt 0.222825 0.911398
vt 0.224543 0.913643
vt 0.224443 0.900270
vt 0.224640 0.889626
vt 0.222335 0.879054
vt 0.224009 0.875078
vt 0.517210 0.830635
vt 0.517421 0.828690
vt 0.519357 0.828295
vt 0.932091 0.389354
vt 0.933174 0.385739
vt 0.221447 0.891260
vt 0.223506 0.898451
vt 0.220870 0.897880
vt 0.220340 0.889083
vt 0.222518 0.889145
vt 0.203971 0.873782
vt 0.205118 0.869992
vt 0.221886 0.917093
vt 0.204072 0.908839
vt 0.220441 0.914820
vt 0.240109 0.872986
vt 0.239222 0.869992
vt 0.932497 0.453432
vt 0.205021 0.915814
vt 0.241497 0.875162
vt 0.560274 0.754242
vt 0.519021 0.753923
vt 0.544006 0.747595
vt 0.935891 0.391579
vt 0.517405 0.751623
vt 0.517868 0.728573
vt 0.517370 0.695920
vt 0.562049 0.693254
vt 0.560324 0.693295
vt 0.560471 0.691401
vt 0.556627 0.692842
vt 0.221745 0.902439
vt 0.218209 0.899656
vt 0.220566 0.900390
vt 0.218209 0.875098
vt 0.219873 0.872979
vt 0.817542 0.598978
vt 0.816505 0.596058
vt 0.817542 0.594534
vt 0.203783 0.912051
vt 0.202170 0.876114
vt 0.804726 0.594534
vt 0.806165 0.597937
vt 0.804726 0.598598
vt 0.239184 0.916797
vt 0.236140 0.915036
vt 0.236061 0.873522
vt 0.560643 0.770442
vt 0.277217 0.874081
vt 0.275837 0.887752
vt 0.275837 0.869992
vt 0.517558 0.770432
vt 0.265497 0.869992
vt 0.265497 0.888604
vt 0.264203 0.877453
vt 0.540449 0.771927
vt 0.520465 0.790048
vt 0.928249 0.408175
vt 0.560197 0.825322
vt 0.518963 0.806441
vt 0.559027 0.828301
vt 0.222257 0.872549
vt 0.220975 0.869992
vt 0.240171 0.914796
vt 0.517502 0.756079
vt 0.514890 0.757501
vt 0.515925 0.754526
vt 0.517139 0.754289
vt 0.205129 0.937722
vt 0.206283 0.873766
vt 0.207779 0.873365
vt 0.373710 0.872200
vt 0.376708 0.869992
vt 0.521210 0.754652
vt 0.934414 0.389343
vt 0.935967 0.389031
vt 0.517098 0.693212
vt 0.563313 0.689792
vt 0.218752 0.892132
vt 0.514890 0.832256
vt 0.516024 0.828418
vt 0.517451 0.691481
vt 0.202331 0.934324
vt 0.202383 0.873443
vt 0.930726 0.389053
vt 0.237833 0.872922
vt 0.558918 0.790380
vt 0.519271 0.790349
vt 0.200492 0.879331
vt 0.200199 0.912006
vt 0.515894 0.693578
vt 0.514890 0.689775
vt 0.560923 0.828716
s 1
usemtl wood_wardrobe
f 540/1299/147 535/1300/148 549/1301/149
f 534/1302/150 554/1303/151 549/1301/149
f 559/1304/152 610/1305/153 532/1306/154
f 532/1306/154 531/1307/155 577/1308/156
f 515/1309/157 536/1310/158 659/1311/159
f 515/1312/157 537/1313/160 536/1314/158
f 663/1315/161 538/1316/162 591/1317/163
f 537/1318/160 543/1319/164 542/1320/165
f 538/1321/162 544/1322/166 543/1319/164
f 542/1320/165 547/1323/167 541/1324/168
f 544/1322/166 553/1325/169 550/1326/170
f 551/1327/171 557/1328/172 546/1329/173
f 553/1325/169 558/1330/174 550/1326/170
f 517/1331/175 557/1332/172 596/1333/176
f 550/1326/170 558/1330/174 555/1334/177
f 554/1335/151 556/1336/178 545/1337/179
f 553/1325/169 556/1336/178 562/1338/180
f 518/1339/181 557/1332/172 597/1340/182
f 560/1341/183 561/1342/184 552/1343/185
f 555/1334/177 558/1330/174 563/1344/186
f 597/1340/182 565/1345/187 519/1346/188
f 557/1328/172 561/1342/184 565/1347/187
f 565/1345/187 520/1348/189 519/1346/188
f 561/1342/184 560/1341/183 569/1349/190
f 562/1338/180 567/1350/191 558/1330/174
f 561/1342/184 569/1349/190 568/1351/192
f 564/1352/193 576/1353/194 562/1338/180
f 565/1345/187 522/1354/195 521/1355/196
f 564/1352/193 532/1356/154 576/1353/194
f 565/1347/187 568/1351/192 571/1357/197
f 566/1358/198 570/1359/199 569/1349/190
f 576/1353/194 575/1360/200 567/1350/191
f 522/1354/195 571/1361/197 523/1362/201
f 569/1349/190 573/1363/202 572/1364/203
f 575/1360/200 574/1365/204 570/1359/199
f 573/1363/202 580/1366/205 579/1367/206
f 573/1363/202 581/1368/207 580/1366/205
f 574/1365/204 582/1369/208 581/1368/207
f 576/1353/194 583/1370/209 575/1360/200
f 579/1371/206 658/1372/210 578/1373/211
f 582/1374/208 528/1375/212 527/1376/213
f 630/1377/214 612/1378/215 620/1379/216
f 640/1380/217 608/1381/218 609/1382/219
f 593/1383/220 614/1384/221 514/1385/222
f 513/1386/223 614/1384/221 512/1387/224
f 512/1387/224 615/1388/225 592/1389/226
f 615/1388/225 664/1390/227 592/1389/226
f 615/1388/225 590/1391/228 591/1317/163
f 622/1392/229 614/1393/221 613/1394/230
f 614/1395/221 617/1396/231 615/1397/225
f 615/1398/225 619/1399/232 616/1400/233
f 618/1401/234 627/1402/235 619/1399/232
f 595/1403/236 631/1404/237 621/1405/238
f 628/1406/239 626/1407/240 622/1392/229
f 624/1408/241 629/1409/242 627/1402/235
f 627/1402/235 633/1410/243 625/1411/244
f 624/1408/241 634/1412/245 629/1409/242
f 629/1409/242 633/1410/243 627/1402/235
f 638/1413/246 635/1414/247 628/1406/239
f 636/1415/248 634/1412/245 623/1416/249
f 598/1417/250 638/1418/246 631/1404/237
f 638/1413/246 643/1419/251 635/1414/247
f 635/1414/247 642/1420/252 636/1415/248
f 636/1415/248 639/1421/253 634/1412/245
f 639/1421/253 637/1422/254 634/1412/245
f 643/1419/251 642/1420/252 635/1414/247
f 642/1420/252 639/1421/253 636/1415/248
f 599/1423/255 598/1417/250 521/1355/196
f 639/1421/253 641/1424/256 637/1422/254
f 645/1425/257 641/1424/256 639/1421/253
f 645/1425/257 646/1426/258 641/1424/256
f 643/1419/251 650/1427/259 644/1428/260
f 651/1429/261 645/1425/257 644/1428/260
f 652/1430/262 646/1426/258 645/1425/257
f 652/1430/262 647/1431/263 646/1426/258
f 599/1423/255 654/1432/264 648/1433/265
f 602/1434/266 650/1427/259 649/1435/267
f 650/1427/259 603/1436/268 651/1429/261
f 651/1429/261 656/1437/269 652/1430/262
f 586/1438/270 600/1439/271 654/1440/272
f 654/1441/272 600/1442/271 655/1443/273
f 600/1442/271 602/1444/266 655/1443/273
f 656/1445/269 605/1446/274 657/1447/275
f 606/1448/276 653/1449/277 657/1450/275
f 595/1403/236 594/1451/278 585/1452/279
f 662/1453/280 603/1454/268 661/1455/281
f 526/1456/282 527/1376/213 604/1457/283
f 528/1375/212 605/1446/274 527/1376/213
f 591/1317/163 590/1391/228 663/1315/161
f 608/1381/218 607/1458/284 587/1459/285
f 658/1372/210 600/1442/271 586/1460/270
f 610/1305/153 640/1380/217 532/1306/154
f 559/1304/152 611/1461/286 610/1305/153
f 524/1462/287 658/1372/210 586/1460/270
f 531/1307/155 609/1382/219 608/1381/218
f 523/1362/201 599/1423/255 522/1354/195
f 511/1463/288 663/1315/161 588/1464/289
f 599/1423/255 586/1465/290 654/1432/264
f 549/1301/149 535/1300/148 534/1302/150
f 534/1302/150 533/1466/291 554/1303/151
f 532/1306/154 609/1382/219 531/1307/155
f 515/1312/157 514/1385/222 537/1313/160
f 513/1386/223 512/1387/224 537/1313/160
f 663/1315/161 539/1467/292 538/1316/162
f 546/1329/173 536/1468/158 541/1324/168
f 537/1318/160 538/1321/162 543/1319/164
f 538/1321/162 545/1337/179 544/1322/166
f 538/1321/162 539/1469/292 545/1337/179
f 541/1324/168 551/1327/171 546/1329/173
f 541/1324/168 547/1323/167 551/1327/171
f 542/1320/165 548/1470/293 547/1323/167
f 542/1320/165 543/1319/164 548/1470/293
f 543/1319/164 550/1326/170 548/1470/293
f 543/1319/164 544/1322/166 550/1326/170
f 544/1322/166 545/1337/179 553/1325/169
f 517/1331/175 546/1471/173 557/1332/172
f 547/1323/167 552/1343/185 551/1327/171
f 557/1328/172 551/1327/171 561/1342/184
f 548/1470/293 550/1326/170 552/1343/185
f 545/1337/179 549/1472/149 554/1335/151
f 550/1326/170 555/1334/177 552/1343/185
f 553/1325/169 545/1337/179 556/1336/178
f 558/1330/174 553/1325/169 562/1338/180
f 554/1335/151 559/1473/152 556/1336/178
f 597/1340/182 557/1332/172 565/1345/187
f 555/1334/177 563/1344/186 560/1341/183
f 562/1338/180 556/1336/178 564/1352/193
f 564/1352/193 559/1473/152 532/1356/154
f 558/1330/174 567/1350/191 563/1344/186
f 569/1349/190 560/1341/183 566/1358/198
f 568/1351/192 565/1347/187 561/1342/184
f 562/1338/180 576/1353/194 567/1350/191
f 566/1358/198 563/1344/186 570/1359/199
f 563/1344/186 567/1350/191 570/1359/199
f 565/1345/187 571/1361/197 522/1354/195
f 532/1356/154 577/1474/156 576/1353/194
f 567/1350/191 575/1360/200 570/1359/199
f 571/1357/197 568/1351/192 572/1364/203
f 569/1349/190 570/1359/199 573/1363/202
f 570/1359/199 574/1365/204 573/1363/202
f 523/1475/201 571/1357/197 578/1476/211
f 578/1476/211 571/1357/197 572/1364/203
f 573/1363/202 574/1365/204 581/1368/207
f 574/1365/204 575/1360/200 582/1369/208
f 575/1360/200 583/1370/209 582/1369/208
f 524/1477/287 578/1476/211 658/1478/210
f 579/1371/206 601/1479/294 658/1372/210
f 580/1480/205 661/1455/281 525/1481/295
f 582/1374/208 527/1376/213 526/1456/282
f 582/1374/208 583/1482/209 528/1375/212
f 583/1482/209 529/1483/296 528/1375/212
f 588/1484/289 589/1485/297 616/1486/233
f 630/1377/214 533/1466/291 612/1378/215
f 611/1461/286 630/1377/214 610/1305/153
f 630/1377/214 611/1461/286 660/1487/298
f 630/1377/214 640/1380/217 610/1305/153
f 640/1380/217 647/1488/263 608/1381/218
f 585/1489/279 594/1490/278 613/1491/230
f 585/1492/279 613/1493/230 593/1383/220
f 593/1383/220 613/1493/230 614/1384/221
f 512/1387/224 614/1384/221 615/1388/225
f 615/1388/225 616/1494/233 590/1391/228
f 613/1394/230 621/1495/238 622/1392/229
f 614/1496/221 622/1497/229 617/1498/231
f 620/1499/216 616/1400/233 625/1411/244
f 617/1500/231 619/1501/232 615/1502/225
f 616/1400/233 619/1399/232 625/1411/244
f 619/1399/232 617/1503/231 618/1401/234
f 618/1401/234 624/1408/241 627/1402/235
f 619/1399/232 627/1402/235 625/1411/244
f 626/1407/240 628/1406/239 635/1414/247
f 595/1403/236 596/1333/176 631/1404/237
f 625/1411/244 633/1410/243 632/1504/299
f 624/1408/241 623/1416/249 634/1412/245
f 518/1339/181 597/1340/182 631/1404/237
f 629/1409/242 634/1412/245 637/1422/254
f 631/1404/237 638/1418/246 628/1505/239
f 635/1414/247 636/1415/248 623/1416/249
f 629/1409/242 637/1422/254 633/1410/243
f 633/1410/243 646/1426/258 632/1504/299
f 637/1422/254 641/1424/256 633/1410/243
f 641/1424/256 646/1426/258 633/1410/243
f 598/1417/250 648/1433/265 638/1418/246
f 638/1413/246 648/1506/265 643/1419/251
f 639/1421/253 642/1420/252 644/1428/260
f 599/1423/255 648/1433/265 598/1417/250
f 644/1428/260 645/1425/257 639/1421/253
f 646/1426/258 647/1431/263 640/1507/217
f 642/1420/252 643/1419/251 644/1428/260
f 643/1419/251 649/1435/267 650/1427/259
f 644/1428/260 650/1427/259 651/1429/261
f 651/1429/261 652/1430/262 645/1425/257
f 649/1435/267 655/1508/273 602/1434/266
f 656/1437/269 651/1429/261 603/1436/268
f 602/1434/266 603/1436/268 650/1427/259
f 656/1437/269 657/1450/275 652/1430/262
f 600/1442/271 601/1479/294 602/1444/266
f 656/1445/269 604/1457/283 527/1376/213
f 656/1445/269 662/1453/280 604/1457/283
f 658/1372/210 601/1479/294 600/1442/271
f 656/1445/269 527/1376/213 605/1446/274
f 605/1446/274 606/1509/276 657/1447/275
f 601/1479/294 525/1481/295 602/1444/266
f 533/1466/291 534/1302/150 612/1378/215
f 662/1453/280 526/1456/282 604/1457/283
f 597/1340/182 519/1346/188 598/1417/250
f 529/1483/296 587/1510/285 606/1509/276
f 609/1382/219 532/1306/154 640/1380/217
f 523/1362/201 586/1465/290 599/1423/255
f 514/1385/222 515/1312/157 593/1383/220
f 515/1312/157 659/1511/159 593/1383/220
f 522/1354/195 599/1423/255 521/1355/196
f 664/1390/227 591/1317/163 538/1316/162
f 511/1512/288 588/1513/289 535/1514/148 540/1515/147
f 535/1300/148 588/1516/289 612/1378/215
f 535/1300/148 612/1378/215 534/1302/150
f 530/1517/300 584/1518/301 577/1308/156 531/1307/155
f 659/1311/159 536/1310/158 516/1519/302 585/1520/279
f 512/1387/224 592/1389/226 538/1316/162 537/1313/160
f 537/1313/160 514/1385/222 513/1386/223
f 511/1512/288 540/1515/147 539/1469/292 663/1521/161
f 546/1471/173 517/1331/175 516/1522/302 536/1523/158
f 537/1318/160 542/1320/165 541/1324/168 536/1468/158
f 539/1469/292 540/1515/147 549/1472/149 545/1337/179
f 572/1364/203 573/1363/202 579/1367/206 578/1476/211
f 552/1343/185 547/1323/167 548/1470/293
f 561/1342/184 551/1327/171 552/1343/185
f 518/1339/181 596/1333/176 557/1332/172
f 560/1341/183 552/1343/185 555/1334/177
f 564/1352/193 556/1336/178 559/1473/152
f 565/1345/187 521/1355/196 520/1348/189
f 563/1344/186 566/1358/198 560/1341/183
f 572/1364/203 568/1351/192 569/1349/190
f 577/1474/156 584/1524/301 583/1370/209 576/1353/194
f 523/1475/201 578/1476/211 524/1477/287 586/1525/290
f 579/1371/206 580/1480/205 525/1481/295 601/1479/294
f 581/1526/207 662/1453/280 661/1455/281 580/1480/205
f 581/1526/207 582/1374/208 526/1456/282 662/1453/280
f 606/1448/276 587/1527/285 607/1528/284 653/1449/277
f 529/1529/296 583/1370/209 584/1524/301
f 620/1379/216 612/1378/215 588/1516/289 616/1530/233
f 607/1458/284 608/1381/218 647/1488/263 653/1531/277
f 660/1487/298 533/1466/291 630/1377/214
f 621/1405/238 613/1532/230 594/1451/278 595/1403/236
f 513/1386/223 514/1385/222 614/1384/221
f 615/1388/225 591/1317/163 664/1390/227
f 589/1533/297 590/1391/228 616/1494/233
f 626/1407/240 618/1401/234 617/1503/231 622/1392/229
f 623/1416/249 624/1408/241 618/1401/234 626/1407/240
f 631/1534/237 628/1406/239 622/1392/229 621/1495/238
f 625/1411/244 632/1504/299 630/1535/214 620/1499/216
f 646/1536/258 640/1380/217 630/1377/214 632/1537/299
f 623/1416/249 626/1407/240 635/1414/247
f 631/1404/237 596/1333/176 518/1339/181
f 598/1417/250 631/1404/237 597/1340/182
f 530/1538/300 587/1539/285 529/1529/296 584/1524/301
f 649/1435/267 643/1419/251 648/1506/265
f 648/1506/265 654/1540/264 655/1508/273 649/1435/267
f 657/1450/275 653/1449/277 647/1431/263 652/1430/262
f 603/1454/268 602/1444/266 525/1481/295 661/1455/281
f 662/1453/280 656/1445/269 603/1454/268
f 585/1492/279 593/1383/220 659/1511/159
f 663/1315/161 590/1391/228 589/1533/297 588/1464/289
f 529/1483/296 606/1509/276 605/1446/274 528/1375/212
f 530/1517/300 531/1307/155 608/1381/218 587/1459/285
f 598/1417/250 519/1346/188 520/1348/189
f 521/1355/196 598/1417/250 520/1348/189
f 516/1522/302 517/1331/175 595/1403/236 585/1452/279
f 664/1390/227 538/1316/162 592/1389/226
f 595/1403/236 517/1331/175 596/1333/176
f 554/1303/151 660/1487/298 611/1461/286 559/1304/152
f 660/1487/298 554/1303/151 533/1466/291
o hanger_1
v -0.072255 1.397227 -0.277242
v -0.072255 1.397227 -0.288774
v -0.084250 1.395245 -0.277242
v -0.084250 1.395245 -0.288774
v -0.096939 1.389297 -0.277242
v -0.096939 1.389297 -0.288774
v -0.108933 1.379285 -0.277242
v -0.108933 1.379285 -0.288774
v -0.120068 1.366009 -0.277242
v -0.120068 1.366009 -0.288774
v -0.131345 1.349022 -0.277242
v -0.131345 1.349022 -0.288774
v -0.146333 1.332035 -0.277242
v -0.146333 1.332035 -0.288774
v -0.184772 1.305724 -0.277242
v -0.184772 1.305724 -0.288774
v -0.297623 1.247140 -0.277242
v -0.297623 1.247140 -0.288774
v -0.312218 1.234601 -0.277242
v -0.312218 1.234601 -0.288774
v -0.317571 1.225283 -0.277242
v -0.317571 1.225283 -0.288774
v -0.320941 1.214379 -0.277242
v -0.320941 1.214379 -0.288774
v -0.320347 1.208332 -0.277242
v -0.320347 1.208332 -0.288774
v -0.316183 1.208926 -0.277242
v -0.316183 1.208926 -0.288774
v -0.071241 1.344347 -0.277242
v -0.071241 1.344347 -0.288774
v -0.068489 1.397227 -0.277242
v -0.068489 1.397227 -0.288774
v -0.056494 1.395245 -0.277242
v -0.056494 1.395245 -0.288774
v -0.043805 1.389297 -0.277242
v -0.043805 1.389297 -0.288774
v -0.031811 1.379285 -0.277242
v -0.031811 1.379285 -0.288774
v -0.020676 1.366009 -0.277242
v -0.020676 1.366009 -0.288774
v -0.009399 1.349022 -0.277242
v -0.009399 1.349022 -0.288774
v 0.005589 1.332035 -0.277242
v 0.005589 1.332035 -0.288774
v 0.044029 1.305724 -0.277242
v 0.044029 1.305724 -0.288774
v 0.156879 1.247140 -0.277242
v 0.156879 1.247140 -0.288774
v 0.171474 1.234601 -0.277242
v 0.171474 1.234601 -0.288774
v 0.176827 1.225283 -0.277242
v 0.176827 1.225283 -0.288774
v 0.180197 1.214379 -0.277242
v 0.180197 1.214379 -0.288774
v 0.179603 1.208332 -0.277242
v 0.179603 1.208332 -0.288774
v 0.175439 1.208926 -0.277242
v 0.175439 1.208926 -0.288774
v -0.069503 1.344347 -0.277242
v -0.069503 1.344347 -0.288774
v -0.104704 1.454196 -0.280702
v -0.104704 1.454196 -0.285315
v -0.109632 1.449377 -0.280702
v -0.102811 1.459187 -0.280702
v -0.102811 1.459187 -0.285315
v -0.099599 1.467562 -0.280702
v -0.099599 1.467562 -0.285315
v -0.094642 1.473427 -0.280702
v -0.094642 1.473427 -0.285315
v -0.087786 1.477475 -0.280702
v -0.087786 1.477475 -0.285315
v -0.081259 1.478384 -0.280702
v -0.081259 1.478384 -0.285315
v -0.072173 1.477806 -0.280702
v -0.072173 1.477806 -0.285315
v -0.064159 1.474501 -0.280702
v -0.064159 1.474501 -0.285315
v -0.058459 1.469132 -0.280702
v -0.058459 1.469132 -0.285315
v -0.054577 1.461119 -0.280702
v -0.054577 1.461119 -0.285315
v -0.053668 1.454262 -0.280702
v -0.053668 1.454262 -0.285315
v -0.055899 1.445919 -0.280702
v -0.055899 1.445919 -0.285315
v -0.063581 1.434849 -0.280702
v -0.063581 1.434849 -0.285315
v -0.068125 1.428406 -0.280702
v -0.068125 1.428406 -0.285315
v -0.071016 1.422871 -0.280702
v -0.071016 1.422871 -0.285315
v -0.072255 1.419649 -0.280702
v -0.072255 1.419649 -0.285315
v -0.072255 1.403442 -0.280702
v -0.072255 1.403442 -0.285315
v -0.072255 1.397227 -0.280702
v -0.072255 1.397227 -0.285315
v -0.068489 1.397027 -0.280702
v -0.068489 1.397027 -0.285315
v -0.068489 1.403241 -0.280702
v -0.068489 1.403241 -0.285315
v -0.068489 1.420525 -0.280702
v -0.068489 1.420525 -0.285315
v -0.064290 1.428097 -0.280702
v -0.064290 1.428097 -0.285315
v -0.058507 1.435670 -0.280702
v -0.058507 1.435670 -0.285315
v -0.054239 1.442347 -0.280702
v -0.054239 1.442347 -0.285315
v -0.051210 1.449644 -0.280702
v -0.051210 1.449644 -0.285315
v -0.050797 1.458800 -0.280702
v -0.050797 1.458800 -0.285315
v -0.052587 1.465753 -0.280702
v -0.052587 1.465753 -0.285315
v -0.058204 1.474262 -0.280702
v -0.058204 1.474262 -0.285315
v -0.066052 1.479631 -0.280702
v -0.066052 1.479631 -0.285315
v -0.072413 1.481449 -0.280702
v -0.072413 1.481449 -0.285315
v -0.080343 1.481944 -0.280702
v -0.080343 1.481944 -0.285315
v -0.087200 1.480540 -0.280702
v -0.087200 1.480540 -0.285315
v -0.094552 1.476905 -0.280702
v -0.094552 1.476905 -0.285315
v -0.099343 1.472527 -0.280702
v -0.099343 1.472527 -0.285315
v -0.103061 1.467157 -0.280702
v -0.103061 1.467157 -0.285315
v -0.105240 1.460732 -0.280702
v -0.105240 1.460732 -0.285315
v -0.107879 1.455512 -0.280702
v -0.107879 1.455512 -0.285315
v -0.111664 1.451568 -0.280702
v -0.111664 1.451568 -0.285315
v -0.109632 1.449377 -0.285315
v -0.310510 1.213406 -0.280497
v -0.310510 1.213406 -0.285519
v -0.310510 1.223031 -0.280497
v 0.169766 1.213406 -0.280497
v 0.169766 1.213406 -0.285519
v 0.169766 1.223031 -0.280497
v 0.169766 1.223031 -0.285519
v -0.310510 1.223031 -0.285519
vn -0.0818 0.9966 -0.0000
vn -0.2965 0.9550 -0.0000
vn -0.5371 0.8435 -0.0000
vn -0.7063 0.7079 -0.0000
vn -0.8009 0.5988 -0.0000
vn -0.7933 0.6088 -0.0000
vn -0.6624 0.7491 -0.0000
vn -0.5137 0.8579 -0.0000
vn -0.5599 0.8285 -0.0000
vn -0.7705 0.6375 -0.0000
vn -0.9169 0.3992 -0.0000
vn -0.9949 0.1007 -0.0000
vn -0.9952 -0.0979 -0.0000
vn 0.1414 -0.9899 -0.0000
vn 0.3179 -0.9481 -0.0000
vn 0.2498 -0.9683 -0.0000
vn 0.0818 0.9966 -0.0000
vn 0.2965 0.9550 -0.0000
vn 0.5371 0.8435 -0.0000
vn 0.7063 0.7079 -0.0000
vn 0.8009 0.5988 -0.0000
vn 0.7933 0.6088 -0.0000
vn 0.6624 0.7491 -0.0000
vn 0.5137 0.8579 -0.0000
vn 0.5599 0.8285 -0.0000
vn 0.7705 0.6375 -0.0000
vn 0.9169 0.3992 -0.0000
vn 0.9949 0.1007 -0.0000
vn 0.9952 -0.0979 -0.0000
vn -0.1414 -0.9899 -0.0000
vn -0.3179 -0.9481 -0.0000
vn -0.2498 -0.9683 -0.0000
vn -0.0000 -0.0000 -1.0000
vn -0.0000 -0.0000 1.0000
vn 0.8367 -0.5477 -0.0000
vn 0.9343 -0.3564 -0.0000
vn 0.6991 -0.7150 -0.0000
vn 0.8608 -0.5089 -0.0000
vn 0.6452 -0.7640 -0.0000
vn 0.3295 -0.9441 -0.0000
vn 0.0374 -0.9993 -0.0000
vn -0.2254 -0.9743 -0.0000
vn -0.5424 -0.8401 -0.0000
vn -0.8061 -0.5917 -0.0000
vn -0.9578 -0.2874 -0.0000
vn -0.9979 0.0647 -0.0000
vn -0.9073 0.4205 -0.0000
vn -0.8194 0.5732 -0.0000
vn -0.8537 0.5208 -0.0000
vn -0.9113 0.4117 -0.0000
vn -0.9832 0.1826 -0.0000
vn -1.0000 -0.0000 -0.0000
vn 1.0000 -0.0000 -0.0000
vn 0.9681 -0.2505 -0.0000
vn 0.8369 -0.5474 -0.0000
vn 0.8194 -0.5732 -0.0000
vn 0.8865 -0.4627 -0.0000
vn 0.9761 -0.2175 -0.0000
vn 0.9947 0.1033 -0.0000
vn 0.9140 0.4057 -0.0000
vn 0.7129 0.7012 -0.0000
vn 0.4252 0.9051 -0.0000
vn 0.1695 0.9855 -0.0000
vn -0.0697 0.9976 -0.0000
vn -0.3246 0.9459 -0.0000
vn -0.5644 0.8255 -0.0000
vn -0.7531 0.6579 -0.0000
vn -0.8932 0.4496 -0.0000
vn -0.9220 0.3872 -0.0000
vn -0.8160 0.5781 -0.0000
vn -0.7215 0.6924 -0.0000
vn -0.7333 -0.6799 -0.0000
vn -0.0000 -1.0000 -0.0000
vn -0.0000 1.0000 -0.0000
vt 0.722202 0.681326
vt 0.705366 0.681326
vt 0.705366 0.676785
vt 0.722202 0.676785
vt 0.705366 0.672425
vt 0.722202 0.672425
vt 0.875392 0.757043
vt 0.892228 0.757043
vt 0.892228 0.761923
vt 0.875392 0.761923
vt 0.892228 0.768080
vt 0.875392 0.768080
vt 0.892228 0.775764
vt 0.875392 0.775764
vt 0.892228 0.783691
vt 0.875392 0.783691
vt 0.892228 0.796969
vt 0.875392 0.796969
vt 0.892228 0.907173
vt 0.875392 0.907173
vt 0.875392 0.869051
vt 0.892228 0.869051
vt 0.908306 0.845956
vt 0.925142 0.845956
vt 0.925142 0.852040
vt 0.908306 0.852040
vt 0.925142 0.856200
vt 0.908306 0.856200
vt 0.925142 0.860878
vt 0.908306 0.860878
vt 0.925142 0.863311
vt 0.908306 0.863311
vt 0.667989 0.230960
vt 0.684825 0.230960
vt 0.684825 0.232650
vt 0.667989 0.232650
vt 0.684825 0.327854
vt 0.667989 0.327854
vt 0.722202 0.682824
vt 0.722202 0.687822
vt 0.705366 0.687822
vt 0.705366 0.682824
vt 0.722202 0.693552
vt 0.705366 0.693552
vt 0.722202 0.699476
vt 0.705366 0.699476
vt 0.722202 0.705433
vt 0.705366 0.705433
vt 0.722202 0.711874
vt 0.705366 0.711874
vt 0.722202 0.719792
vt 0.705366 0.719792
vt 0.722202 0.738108
vt 0.705366 0.738108
vt 0.722202 0.789732
vt 0.705366 0.789732
vt 0.722202 0.796980
vt 0.705366 0.796980
vt 0.698585 0.945961
vt 0.701961 0.945961
vt 0.701961 0.962797
vt 0.698585 0.962797
vt 0.706135 0.945961
vt 0.706135 0.962797
vt 0.708640 0.945961
vt 0.708640 0.962797
vt 0.667989 0.436869
vt 0.667989 0.435129
vt 0.684825 0.435129
vt 0.684825 0.436869
vt 0.667989 0.328570
vt 0.684825 0.328570
vt 0.196596 0.110992
vt 0.197417 0.106026
vt 0.199879 0.100773
vt 0.204024 0.095808
vt 0.209520 0.091198
vt 0.216553 0.086530
vt 0.223585 0.080325
vt 0.234478 0.064411
vt 0.258731 0.017692
vt 0.263922 0.011650
vt 0.267779 0.009434
vt 0.272293 0.008039
vt 0.274797 0.008285
vt 0.274551 0.010009
vt 0.218488 0.111412
vt 0.218488 0.112132
vt 0.274551 0.213535
vt 0.274797 0.215258
vt 0.272293 0.215505
vt 0.267779 0.214109
vt 0.263922 0.211893
vt 0.258731 0.205851
vt 0.234478 0.159132
vt 0.223585 0.143219
vt 0.216553 0.137014
vt 0.209520 0.132345
vt 0.204024 0.127736
vt 0.199879 0.122770
vt 0.197417 0.117517
vt 0.196596 0.112551
vt 0.291695 0.117517
vt 0.290875 0.112551
vt 0.290875 0.110992
vt 0.291695 0.106026
vt 0.294158 0.100773
vt 0.298303 0.095808
vt 0.303799 0.091198
vt 0.310831 0.086530
vt 0.317864 0.080325
vt 0.328756 0.064411
vt 0.353009 0.017692
vt 0.358200 0.011650
vt 0.362058 0.009434
vt 0.366572 0.008039
vt 0.369075 0.008285
vt 0.368829 0.010009
vt 0.312766 0.111412
vt 0.312766 0.112132
vt 0.368829 0.213535
vt 0.369075 0.215258
vt 0.366572 0.215505
vt 0.362058 0.214109
vt 0.358200 0.211893
vt 0.353009 0.205851
vt 0.328756 0.159132
vt 0.317864 0.143219
vt 0.310831 0.137014
vt 0.303799 0.132345
vt 0.298303 0.127736
vt 0.294158 0.122770
vt 0.969512 0.201573
vt 0.969512 0.199397
vt 0.976246 0.199397
vt 0.976246 0.201573
vt 0.976246 0.203914
vt 0.969512 0.203914
vt 0.877247 0.326409
vt 0.874424 0.326826
vt 0.874276 0.325598
vt 0.876503 0.325196
vt 0.878656 0.324088
vt 0.880948 0.322465
vt 0.883499 0.321569
vt 0.886169 0.321266
vt 0.889516 0.321835
vt 0.892155 0.323030
vt 0.894693 0.325124
vt 0.896383 0.327279
vt 0.897708 0.330986
vt 0.897522 0.335203
vt 0.896432 0.337968
vt 0.894069 0.340936
vt 0.891280 0.342645
vt 0.888227 0.343846
vt 0.884448 0.344978
vt 0.881200 0.346495
vt 0.877000 0.352288
vt 0.875489 0.354370
vt 0.874276 0.353388
vt 0.875786 0.351305
vt 0.879725 0.345873
vt 0.880924 0.345095
vt 0.883238 0.343943
vt 0.886327 0.342888
vt 0.891592 0.341045
vt 0.894367 0.338791
vt 0.895729 0.336272
vt 0.896375 0.332643
vt 0.895770 0.329458
vt 0.893888 0.326403
vt 0.890983 0.324001
vt 0.888575 0.322719
vt 0.885293 0.322409
vt 0.882207 0.323170
vt 0.879094 0.325197
vt 0.969512 0.195742
vt 0.976246 0.195742
vt 0.969512 0.192973
vt 0.976246 0.192973
vt 0.947954 0.959078
vt 0.947954 0.961732
vt 0.941220 0.961732
vt 0.941220 0.959078
vt 0.947954 0.964382
vt 0.941220 0.964382
vt 0.947954 0.968148
vt 0.941220 0.968148
vt 0.947954 0.971587
vt 0.941220 0.971587
vt 0.947954 0.974160
vt 0.941220 0.974160
vt 0.946838 0.406689
vt 0.946838 0.409709
vt 0.940104 0.409709
vt 0.940104 0.406689
vt 0.946838 0.412452
vt 0.940104 0.412452
vt 0.946838 0.416009
vt 0.940104 0.416009
vt 0.946838 0.421038
vt 0.940104 0.421038
vt 0.946838 0.423970
vt 0.940104 0.423970
vt 0.946838 0.426422
vt 0.940104 0.426422
vt 0.946838 0.427821
vt 0.940104 0.427821
vt 0.946838 0.434445
vt 0.940104 0.434445
vt 0.946838 0.436985
vt 0.940104 0.436985
vt 0.953434 0.172411
vt 0.953434 0.174938
vt 0.946700 0.174938
vt 0.946700 0.172411
vt 0.953434 0.165382
vt 0.946700 0.165382
vt 0.953434 0.161977
vt 0.946700 0.161977
vt 0.953434 0.158450
vt 0.946700 0.158450
vt 0.953434 0.155404
vt 0.946700 0.155404
vt 0.953434 0.152202
vt 0.946700 0.152202
vt 0.953434 0.148447
vt 0.946700 0.148447
vt 0.953434 0.145757
vt 0.946700 0.145757
vt 0.960665 0.715796
vt 0.960665 0.719010
vt 0.953930 0.719010
vt 0.953930 0.715796
vt 0.960665 0.712057
vt 0.953930 0.712057
vt 0.960665 0.709318
vt 0.953930 0.709318
vt 0.960665 0.706108
vt 0.953930 0.706108
vt 0.960665 0.703543
vt 0.953930 0.703543
vt 0.960665 0.701039
vt 0.953930 0.701039
vt 0.354743 0.965445
vt 0.354743 0.963341
vt 0.361477 0.963341
vt 0.361477 0.965445
vt 0.354743 0.967884
vt 0.361477 0.967884
vt 0.354743 0.970653
vt 0.361477 0.970653
vt 0.354743 0.972960
vt 0.361477 0.972960
vt 0.354743 0.974821
vt 0.361477 0.974821
vt 0.986460 0.413423
vt 0.985531 0.413423
vt 0.985531 0.406689
vt 0.986460 0.406689
vt 0.784973 0.820273
vt 0.782151 0.819856
vt 0.780303 0.818644
vt 0.777191 0.816617
vt 0.774104 0.815856
vt 0.770822 0.816166
vt 0.768414 0.817448
vt 0.765510 0.819850
vt 0.763627 0.822905
vt 0.763022 0.826090
vt 0.763669 0.829719
vt 0.765030 0.832238
vt 0.767806 0.834492
vt 0.773071 0.836335
vt 0.776160 0.837390
vt 0.778474 0.838542
vt 0.779672 0.839320
vt 0.783611 0.844752
vt 0.785122 0.846835
vt 0.783908 0.847817
vt 0.782398 0.845735
vt 0.778197 0.839942
vt 0.774949 0.838425
vt 0.771171 0.837293
vt 0.768118 0.836092
vt 0.765329 0.834383
vt 0.762965 0.831415
vt 0.761875 0.828650
vt 0.761690 0.824433
vt 0.763015 0.820726
vt 0.764705 0.818571
vt 0.767242 0.816477
vt 0.769881 0.815282
vt 0.773229 0.814713
vt 0.775898 0.815016
vt 0.778449 0.815912
vt 0.780742 0.817535
vt 0.782895 0.818643
vt 0.785122 0.819045
vt 0.011973 0.969260
vt 0.011973 0.976592
vt 0.008039 0.976592
vt 0.008039 0.969260
vt 0.811378 0.222901
vt 0.811378 0.420707
vt 0.804046 0.420707
vt 0.804046 0.222901
vt 0.859314 0.868861
vt 0.855329 0.868861
vt 0.855329 0.670033
vt 0.859314 0.670033
vt 0.977963 0.320571
vt 0.974049 0.320571
vt 0.974049 0.313239
vt 0.977963 0.313239
vt 0.858198 0.008039
vt 0.858198 0.199009
vt 0.850866 0.199009
vt 0.850866 0.008039
vt 0.630034 0.678047
vt 0.634019 0.678047
vt 0.634019 0.876876
vt 0.630034 0.876876
s 1
usemtl box_hanger
f 666/1541/303 668/1544/304 667/1543/304 665/1542/303
f 668/1544/304 670/1546/305 669/1545/305 667/1543/304
f 670/1547/305 672/1550/306 671/1549/306 669/1548/305
f 672/1550/306 674/1552/307 673/1551/307 671/1549/306
f 674/1552/307 676/1554/308 675/1553/308 673/1551/307
f 676/1554/308 678/1556/309 677/1555/309 675/1553/308
f 678/1556/309 680/1558/310 679/1557/310 677/1555/309
f 680/1559/310 682/1562/311 681/1561/311 679/1560/310
f 682/1563/311 684/1566/312 683/1565/312 681/1564/311
f 684/1566/312 686/1568/313 685/1567/313 683/1565/312
f 686/1568/313 688/1570/314 687/1569/314 685/1567/313
f 688/1570/314 690/1572/315 689/1571/315 687/1569/314
f 690/1573/316 692/1576/317 691/1575/317 689/1574/316
f 692/1576/317 694/1578/318 693/1577/318 691/1575/317
f 696/1579/319 695/1582/319 697/1581/320 698/1580/320
f 698/1580/320 697/1581/320 699/1584/321 700/1583/321
f 700/1583/321 699/1584/321 701/1586/322 702/1585/322
f 702/1585/322 701/1586/322 703/1588/323 704/1587/323
f 704/1587/323 703/1588/323 705/1590/324 706/1589/324
f 706/1589/324 705/1590/324 707/1592/325 708/1591/325
f 708/1591/325 707/1592/325 709/1594/326 710/1593/326
f 710/1593/326 709/1594/326 711/1596/327 712/1595/327
f 712/1595/327 711/1596/327 713/1598/328 714/1597/328
f 714/1599/328 713/1602/328 715/1601/329 716/1600/329
f 716/1600/329 715/1601/329 717/1604/330 718/1603/330
f 718/1603/330 717/1604/330 719/1606/331 720/1605/331
f 720/1607/332 719/1610/332 721/1609/333 722/1608/333
f 722/1608/333 721/1609/333 723/1612/334 724/1611/334
f 693/1577/318 694/1578/318 724/1611/334 723/1612/334
f 666/1613/335 696/1642/335 698/1641/335 700/1640/335 702/1639/335 704/1638/335 706/1637/335 708/1636/335 710/1635/335 712/1634/335 714/1633/335 716/1632/335 718/1631/335 720/1630/335 722/1629/335 724/1628/335 694/1627/335 692/1626/335 690/1625/335 688/1624/335 686/1623/335 684/1622/335 682/1621/335 680/1620/335 678/1619/335 676/1618/335 674/1617/335 672/1616/335 670/1615/335 668/1614/335
f 667/1643/336 669/1672/336 671/1671/336 673/1670/336 675/1669/336 677/1668/336 679/1667/336 681/1666/336 683/1665/336 685/1664/336 687/1663/336 689/1662/336 691/1661/336 693/1660/336 723/1659/336 721/1658/336 719/1657/336 717/1656/336 715/1655/336 713/1654/336 711/1653/336 709/1652/336 707/1651/336 705/1650/336 703/1649/336 701/1648/336 699/1647/336 697/1646/336 695/1645/336 665/1644/336
f 665/1542/303 695/1582/319 696/1579/319 666/1541/303
f 725/1673/337 726/1676/337 729/1675/338 728/1674/338
f 725/1673/337 727/1678/339 802/1677/339 726/1676/337
f 725/1679/336 728/1717/336 730/1716/336 732/1715/336 734/1714/336 736/1713/336 738/1712/336 740/1711/336 742/1710/336 744/1709/336 746/1708/336 748/1707/336 750/1706/336 752/1705/336 754/1704/336 756/1703/336 758/1702/336 760/1701/336 762/1700/336 764/1699/336 766/1698/336 768/1697/336 770/1696/336 772/1695/336 774/1694/336 776/1693/336 778/1692/336 780/1691/336 782/1690/336 784/1689/336 786/1688/336 788/1687/336 790/1686/336 792/1685/336 794/1684/336 796/1683/336 798/1682/336 800/1681/336 727/1680/336
f 728/1674/338 729/1675/338 731/1719/340 730/1718/340
f 730/1718/340 731/1719/340 733/1721/341 732/1720/341
f 732/1722/341 733/1725/341 735/1724/342 734/1723/342
f 734/1723/342 735/1724/342 737/1727/343 736/1726/343
f 736/1726/343 737/1727/343 739/1729/344 738/1728/344
f 738/1728/344 739/1729/344 741/1731/345 740/1730/345
f 740/1730/345 741/1731/345 743/1733/346 742/1732/346
f 742/1734/346 743/1737/346 745/1736/347 744/1735/347
f 744/1735/347 745/1736/347 747/1739/348 746/1738/348
f 746/1738/348 747/1739/348 749/1741/349 748/1740/349
f 748/1740/349 749/1741/349 751/1743/350 750/1742/350
f 750/1742/350 751/1743/350 753/1745/351 752/1744/351
f 752/1744/351 753/1745/351 755/1747/352 754/1746/352
f 754/1746/352 755/1747/352 757/1749/353 756/1748/353
f 756/1748/353 757/1749/353 759/1751/354 758/1750/354
f 758/1750/354 759/1751/354 761/1753/354 760/1752/354
f 765/1754/355 764/1757/355 762/1756/355 763/1755/355
f 767/1758/356 766/1759/356 764/1757/355 765/1754/355
f 769/1760/357 768/1761/357 766/1759/356 767/1758/356
f 771/1762/358 770/1763/358 768/1761/357 769/1760/357
f 773/1764/359 772/1765/359 770/1763/358 771/1762/358
f 775/1766/360 774/1767/360 772/1765/359 773/1764/359
f 777/1768/361 776/1769/361 774/1767/360 775/1766/360
f 779/1770/362 778/1771/362 776/1769/361 777/1768/361
f 781/1772/363 780/1775/363 778/1774/362 779/1773/362
f 783/1776/364 782/1777/364 780/1775/363 781/1772/363
f 785/1778/365 784/1779/365 782/1777/364 783/1776/364
f 787/1780/366 786/1781/366 784/1779/365 785/1778/365
f 789/1782/367 788/1783/367 786/1781/366 787/1780/366
f 791/1784/368 790/1785/368 788/1783/367 789/1782/367
f 793/1786/369 792/1789/369 790/1788/368 791/1787/368
f 795/1790/370 794/1791/370 792/1789/369 793/1786/369
f 797/1792/371 796/1793/371 794/1791/370 795/1790/370
f 799/1794/372 798/1795/372 796/1793/371 797/1792/371
f 801/1796/373 800/1797/373 798/1795/372 799/1794/372
f 802/1798/374 727/1801/374 800/1800/374 801/1799/374
f 802/1802/335 801/1840/335 799/1839/335 797/1838/335 795/1837/335 793/1836/335 791/1835/335 789/1834/335 787/1833/335 785/1832/335 783/1831/335 781/1830/335 779/1829/335 777/1828/335 775/1827/335 773/1826/335 771/1825/335 769/1824/335 767/1823/335 765/1822/335 763/1821/335 761/1820/335 759/1819/335 757/1818/335 755/1817/335 753/1816/335 751/1815/335 749/1814/335 747/1813/335 745/1812/335 743/1811/335 741/1810/335 739/1809/335 737/1808/335 735/1807/335 733/1806/335 731/1805/335 729/1804/335 726/1803/335
f 803/1841/354 805/1844/354 810/1843/354 804/1842/354
f 803/1845/375 804/1848/375 807/1847/375 806/1846/375
f 803/1849/336 806/1852/336 808/1851/336 805/1850/336
f 806/1853/355 807/1856/355 809/1855/355 808/1854/355
f 810/1857/376 805/1860/376 808/1859/376 809/1858/376
f 810/1861/335 809/1864/335 807/1863/335 804/1862/335
o hanger_6
v -0.072255 1.397227 0.992423
v -0.072255 1.397227 0.980891
v -0.084250 1.395245 0.992423
v -0.084250 1.395245 0.980891
v -0.096939 1.389297 0.992423
v -0.096939 1.389297 0.980891
v -0.108933 1.379285 0.992423
v -0.108933 1.379285 0.980891
v -0.120068 1.366009 0.992423
v -0.120068 1.366009 0.980891
v -0.131345 1.349022 0.992423
v -0.131345 1.349022 0.980891
v -0.146333 1.332035 0.992423
v -0.146333 1.332035 0.980891
v -0.184772 1.305724 0.992423
v -0.184772 1.305724 0.980891
v -0.297623 1.247140 0.992423
v -0.297623 1.247140 0.980891
v -0.312218 1.234601 0.992423
v -0.312218 1.234601 0.980891
v -0.317571 1.225283 0.992423
v -0.317571 1.225283 0.980891
v -0.320941 1.214379 0.992423
v -0.320941 1.214379 0.980891
v -0.320347 1.208332 0.992423
v -0.320347 1.208332 0.980891
v -0.316183 1.208926 0.992423
v -0.316183 1.208926 0.980891
v -0.071241 1.344347 0.992423
v -0.071241 1.344347 0.980891
v -0.068489 1.397227 0.992423
v -0.068489 1.397227 0.980891
v -0.056494 1.395245 0.992423
v -0.056494 1.395245 0.980891
v -0.043805 1.389297 0.992423
v -0.043805 1.389297 0.980891
v -0.031811 1.379285 0.992423
v -0.031811 1.379285 0.980891
v -0.020676 1.366009 0.992423
v -0.020676 1.366009 0.980891
v -0.009399 1.349022 0.992423
v -0.009399 1.349022 0.980891
v 0.005589 1.332035 0.992423
v 0.005589 1.332035 0.980891
v 0.044029 1.305724 0.992423
v 0.044029 1.305724 0.980891
v 0.156879 1.247140 0.992423
v 0.156879 1.247140 0.980891
v 0.171474 1.234601 0.992423
v 0.171474 1.234601 0.980891
v 0.176827 1.225283 0.992423
v 0.176827 1.225283 0.980891
v 0.180197 1.214379 0.992423
v 0.180197 1.214379 0.980891
v 0.179603 1.208332 0.992423
v 0.179603 1.208332 0.980891
v 0.175439 1.208926 0.992423
v 0.175439 1.208926 0.980891
v -0.069503 1.344347 0.992423
v -0.069503 1.344347 0.980891
v -0.310510 1.213406 0.989168
v -0.310510 1.213406 0.984146
v -0.310510 1.223031 0.989168
v 0.169766 1.213406 0.989168
v 0.169766 1.213406 0.984146
v 0.169766 1.223031 0.989168
v 0.169766 1.223031 0.984146
v -0.310510 1.223031 0.984146
v -0.104704 1.454196 0.988963
v -0.104704 1.454196 0.984350
v -0.109632 1.449377 0.988963
v -0.102811 1.459187 0.988963
v -0.102811 1.459187 0.984350
v -0.099599 1.467562 0.988963
v -0.099599 1.467562 0.984350
v -0.094642 1.473427 0.988963
v -0.094642 1.473427 0.984350
v -0.087786 1.477475 0.988963
v -0.087786 1.477475 0.984350
v -0.081259 1.478384 0.988963
v -0.081259 1.478384 0.984350
v -0.072173 1.477806 0.988963
v -0.072173 1.477806 0.984350
v -0.064159 1.474501 0.988963
v -0.064159 1.474501 0.984350
v -0.058459 1.469132 0.988963
v -0.058459 1.469132 0.984350
v -0.054577 1.461119 0.988963
v -0.054577 1.461119 0.984350
v -0.053668 1.454262 0.988963
v -0.053668 1.454262 0.984350
v -0.055899 1.445919 0.988963
v -0.055899 1.445919 0.984350
v -0.063581 1.434849 0.988963
v -0.063581 1.434849 0.984350
v -0.068125 1.428406 0.988963
v -0.068125 1.428406 0.984350
v -0.071016 1.422871 0.988963
v -0.071016 1.422871 0.984350
v -0.072255 1.419649 0.988963
v -0.072255 1.419649 0.984350
v -0.072255 1.403442 0.988963
v -0.072255 1.403442 0.984350
v -0.072255 1.397227 0.988963
v -0.072255 1.397227 0.984350
v -0.068489 1.397027 0.988963
v -0.068489 1.397027 0.984350
v -0.068489 1.403241 0.988963
v -0.068489 1.403241 0.984350
v -0.068489 1.420525 0.988963
v -0.068489 1.420525 0.984350
v -0.064290 1.428097 0.988963
v -0.064290 1.428097 0.984350
v -0.058507 1.435670 0.988963
v -0.058507 1.435670 0.984350
v -0.054239 1.442347 0.988963
v -0.054239 1.442347 0.984350
v -0.051210 1.449644 0.988963
v -0.051210 1.449644 0.984350
v -0.050797 1.458800 0.988963
v -0.050797 1.458800 0.984350
v -0.052587 1.465753 0.988963
v -0.052587 1.465753 0.984350
v -0.058204 1.474262 0.988963
v -0.058204 1.474262 0.984350
v -0.066052 1.479631 0.988963
v -0.066052 1.479631 0.984350
v -0.072413 1.481449 0.988963
v -0.072413 1.481449 0.984350
v -0.080343 1.481944 0.988963
v -0.080343 1.481944 0.984350
v -0.087200 1.480540 0.988963
v -0.087200 1.480540 0.984350
v -0.094552 1.476905 0.988963
v -0.094552 1.476905 0.984350
v -0.099343 1.472527 0.988963
v -0.099343 1.472527 0.984350
v -0.103061 1.467157 0.988963
v -0.103061 1.467157 0.984350
v -0.105240 1.460732 0.988963
v -0.105240 1.460732 0.984350
v -0.107879 1.455512 0.988963
v -0.107879 1.455512 0.984350
v -0.111664 1.451568 0.988963
v -0.111664 1.451568 0.984350
v -0.109632 1.449377 0.984350
vn -0.0818 0.9966 -0.0000
vn -0.2965 0.9550 -0.0000
vn -0.5371 0.8435 -0.0000
vn -0.7063 0.7079 -0.0000
vn -0.8009 0.5988 -0.0000
vn -0.7933 0.6088 -0.0000
vn -0.6624 0.7491 -0.0000
vn -0.5137 0.8579 -0.0000
vn -0.5599 0.8285 -0.0000
vn -0.7705 0.6375 -0.0000
vn -0.9169 0.3992 -0.0000
vn -0.9949 0.1007 -0.0000
vn -0.9952 -0.0979 -0.0000
vn 0.1414 -0.9899 -0.0000
vn 0.3179 -0.9481 -0.0000
vn 0.2498 -0.9683 -0.0000
vn 0.0818 0.9966 -0.0000
vn 0.2965 0.9550 -0.0000
vn 0.5371 0.8435 -0.0000
vn 0.7063 0.7079 -0.0000
vn 0.8009 0.5988 -0.0000
vn 0.7933 0.6088 -0.0000
vn 0.6624 0.7491 -0.0000
vn 0.5137 0.8579 -0.0000
vn 0.5599 0.8285 -0.0000
vn 0.7705 0.6375 -0.0000
vn 0.9169 0.3992 -0.0000
vn 0.9949 0.1007 -0.0000
vn 0.9952 -0.0979 -0.0000
vn -0.1414 -0.9899 -0.0000
vn -0.3179 -0.9481 -0.0000
vn -0.2498 -0.9683 -0.0000
vn -0.0000 -0.0000 -1.0000
vn -0.0000 -0.0000 1.0000
vn -1.0000 -0.0000 -0.0000
vn -0.0000 -1.0000 -0.0000
vn 1.0000 -0.0000 -0.0000
vn -0.0000 1.0000 -0.0000
vn 0.8367 -0.5477 -0.0000
vn 0.9343 -0.3564 -0.0000
vn 0.6991 -0.7150 -0.0000
vn 0.8608 -0.5089 -0.0000
vn 0.6452 -0.7640 -0.0000
vn 0.3295 -0.9441 -0.0000
vn 0.0374 -0.9993 -0.0000
vn -0.2254 -0.9743 -0.0000
vn -0.5424 -0.8401 -0.0000
vn -0.8061 -0.5917 -0.0000
vn -0.9578 -0.2874 -0.0000
vn -0.9979 0.0647 -0.0000
vn -0.9073 0.4205 -0.0000
vn -0.8194 0.5732 -0.0000
vn -0.8537 0.5208 -0.0000
vn -0.9113 0.4117 -0.0000
vn -0.9832 0.1826 -0.0000
vn 0.9681 -0.2505 -0.0000
vn 0.8369 -0.5474 -0.0000
vn 0.8194 -0.5732 -0.0000
vn 0.8865 -0.4627 -0.0000
vn 0.9761 -0.2175 -0.0000
vn 0.9947 0.1033 -0.0000
vn 0.9140 0.4057 -0.0000
vn 0.7129 0.7012 -0.0000
vn 0.4252 0.9051 -0.0000
vn 0.1695 0.9855 -0.0000
vn -0.0697 0.9976 -0.0000
vn -0.3246 0.9459 -0.0000
vn -0.5644 0.8255 -0.0000
vn -0.7531 0.6579 -0.0000
vn -0.8932 0.4496 -0.0000
vn -0.9220 0.3872 -0.0000
vn -0.8160 0.5781 -0.0000
vn -0.7215 0.6924 -0.0000
vn -0.7333 -0.6799 -0.0000
vt 0.689288 0.681563
vt 0.672452 0.681563
vt 0.672452 0.677113
vt 0.689288 0.677113
vt 0.354743 0.678670
vt 0.371579 0.678670
vt 0.371579 0.682976
vt 0.354743 0.682976
vt 0.371579 0.688722
vt 0.354743 0.688722
vt 0.371579 0.695576
vt 0.354743 0.695576
vt 0.371579 0.703868
vt 0.354743 0.703868
vt 0.371579 0.712756
vt 0.354743 0.712756
vt 0.371579 0.728967
vt 0.354743 0.728967
vt 0.371579 0.769437
vt 0.354743 0.769437
vt 0.371579 0.776565
vt 0.354743 0.776565
vt 0.371579 0.780980
vt 0.354743 0.780980
vt 0.371579 0.785682
vt 0.354743 0.785682
vt 0.371579 0.787894
vt 0.354743 0.787894
vt 0.705366 0.455126
vt 0.722202 0.455126
vt 0.722202 0.456744
vt 0.705366 0.456744
vt 0.722202 0.542204
vt 0.705366 0.542204
vt 0.689288 0.683041
vt 0.689288 0.688011
vt 0.672452 0.688011
vt 0.672452 0.683041
vt 0.689288 0.693774
vt 0.672452 0.693774
vt 0.689288 0.699798
vt 0.672452 0.699798
vt 0.689288 0.705912
vt 0.672452 0.705912
vt 0.689288 0.712569
vt 0.672452 0.712569
vt 0.689288 0.720684
vt 0.672452 0.720684
vt 0.689288 0.739230
vt 0.672452 0.739230
vt 0.689288 0.791228
vt 0.672452 0.791228
vt 0.689288 0.798604
vt 0.672452 0.798604
vt 0.761690 0.945992
vt 0.765065 0.945992
vt 0.765065 0.962828
vt 0.761690 0.962828
vt 0.769239 0.945992
vt 0.769239 0.962828
vt 0.771745 0.945992
vt 0.771745 0.962828
vt 0.705366 0.656347
vt 0.705366 0.654614
vt 0.722202 0.654614
vt 0.722202 0.656347
vt 0.705366 0.542903
vt 0.722202 0.542903
vt 0.008039 0.334536
vt 0.008860 0.329570
vt 0.011322 0.324317
vt 0.015467 0.319351
vt 0.020963 0.314742
vt 0.027995 0.310073
vt 0.035028 0.303868
vt 0.045920 0.287955
vt 0.070173 0.241236
vt 0.075364 0.235194
vt 0.079222 0.232978
vt 0.083736 0.231583
vt 0.086240 0.231829
vt 0.085993 0.233552
vt 0.029931 0.334956
vt 0.029931 0.335675
vt 0.085993 0.437078
vt 0.086240 0.438802
vt 0.083736 0.439048
vt 0.079222 0.437653
vt 0.075364 0.435437
vt 0.070173 0.429395
vt 0.045920 0.382676
vt 0.035028 0.366763
vt 0.027995 0.360557
vt 0.020963 0.355889
vt 0.015467 0.351279
vt 0.011322 0.346314
vt 0.008860 0.341061
vt 0.008039 0.336095
vt 0.103138 0.341061
vt 0.102318 0.336095
vt 0.102318 0.334536
vt 0.103138 0.329570
vt 0.105601 0.324317
vt 0.109746 0.319351
vt 0.115242 0.314742
vt 0.122274 0.310073
vt 0.129306 0.303868
vt 0.140199 0.287955
vt 0.164452 0.241236
vt 0.169643 0.235194
vt 0.173501 0.232978
vt 0.178015 0.231583
vt 0.180518 0.231829
vt 0.180272 0.233552
vt 0.124209 0.334956
vt 0.124209 0.335675
vt 0.180272 0.437078
vt 0.180518 0.438802
vt 0.178015 0.439048
vt 0.173501 0.437653
vt 0.169643 0.435437
vt 0.164452 0.429395
vt 0.140199 0.382676
vt 0.129306 0.366763
vt 0.122274 0.360557
vt 0.115242 0.355889
vt 0.109746 0.351279
vt 0.105601 0.346314
vt 0.911979 0.977807
vt 0.911979 0.985139
vt 0.908306 0.985139
vt 0.908306 0.977807
vt 0.834788 0.222901
vt 0.834788 0.416204
vt 0.827456 0.416204
vt 0.827456 0.222901
vt 0.654082 0.876876
vt 0.650097 0.876876
vt 0.650097 0.678047
vt 0.654082 0.678047
vt 0.978298 0.528286
vt 0.974383 0.528286
vt 0.974383 0.520954
vt 0.978298 0.520954
vt 0.815841 0.669011
vt 0.815841 0.857581
vt 0.808509 0.857581
vt 0.808509 0.669011
vt 0.573711 0.678131
vt 0.577695 0.678131
vt 0.577695 0.876959
vt 0.573711 0.876959
vt 0.969512 0.231501
vt 0.969512 0.229324
vt 0.976246 0.229324
vt 0.976246 0.231501
vt 0.976246 0.233842
vt 0.969512 0.233842
vt 0.877247 0.375592
vt 0.874424 0.376009
vt 0.874276 0.374781
vt 0.876503 0.374379
vt 0.878656 0.373271
vt 0.880948 0.371647
vt 0.883499 0.370751
vt 0.886169 0.370448
vt 0.889516 0.371017
vt 0.892156 0.372213
vt 0.894693 0.374306
vt 0.896383 0.376461
vt 0.897708 0.380168
vt 0.897522 0.384385
vt 0.896432 0.387150
vt 0.894069 0.390118
vt 0.891280 0.391828
vt 0.888227 0.393028
vt 0.884448 0.394161
vt 0.881200 0.395678
vt 0.877000 0.401470
vt 0.875489 0.403553
vt 0.874276 0.402570
vt 0.875786 0.400487
vt 0.879725 0.395056
vt 0.880924 0.394277
vt 0.883238 0.393125
vt 0.886327 0.392070
vt 0.891592 0.390227
vt 0.894367 0.387973
vt 0.895729 0.385455
vt 0.896375 0.381826
vt 0.895770 0.378641
vt 0.893888 0.375586
vt 0.890983 0.373183
vt 0.888575 0.371902
vt 0.885293 0.371592
vt 0.882207 0.372353
vt 0.879094 0.374379
vt 0.969512 0.225670
vt 0.976246 0.225670
vt 0.969512 0.222901
vt 0.976246 0.222901
vt 0.976246 0.070160
vt 0.976246 0.072528
vt 0.969512 0.072528
vt 0.969512 0.070160
vt 0.976246 0.075066
vt 0.969512 0.075066
vt 0.976246 0.078780
vt 0.969512 0.078780
vt 0.976246 0.082325
vt 0.969512 0.082325
vt 0.976246 0.085140
vt 0.969512 0.085140
vt 0.953434 0.100026
vt 0.953434 0.102461
vt 0.946700 0.102461
vt 0.946700 0.100026
vt 0.953434 0.104931
vt 0.946700 0.104931
vt 0.953434 0.108473
vt 0.946700 0.108473
vt 0.953434 0.113931
vt 0.946700 0.113931
vt 0.953434 0.117119
vt 0.946700 0.117119
vt 0.953434 0.119695
vt 0.946700 0.119695
vt 0.953434 0.121123
vt 0.946700 0.121123
vt 0.953434 0.127308
vt 0.946700 0.127308
vt 0.953434 0.129679
vt 0.946700 0.129679
vt 0.953434 0.249554
vt 0.953434 0.252082
vt 0.946700 0.252082
vt 0.946700 0.249554
vt 0.953434 0.242525
vt 0.946700 0.242525
vt 0.953434 0.239121
vt 0.946700 0.239121
vt 0.953434 0.235594
vt 0.946700 0.235594
vt 0.953434 0.232548
vt 0.946700 0.232548
vt 0.953434 0.229346
vt 0.946700 0.229346
vt 0.953434 0.225590
vt 0.946700 0.225590
vt 0.953434 0.222901
vt 0.946700 0.222901
vt 0.920520 0.399679
vt 0.920520 0.403001
vt 0.913786 0.403001
vt 0.913786 0.399679
vt 0.920520 0.395893
vt 0.913786 0.395893
vt 0.920520 0.393157
vt 0.913786 0.393157
vt 0.920520 0.389978
vt 0.913786 0.389978
vt 0.920520 0.387470
vt 0.913786 0.387470
vt 0.969512 0.041667
vt 0.969512 0.039100
vt 0.976246 0.039100
vt 0.976246 0.041667
vt 0.969512 0.044107
vt 0.976246 0.044107
vt 0.969512 0.046752
vt 0.976246 0.046752
vt 0.969512 0.049554
vt 0.976246 0.049554
vt 0.969512 0.051970
vt 0.976246 0.051970
vt 0.969512 0.054082
vt 0.976246 0.054082
vt 0.709128 0.985609
vt 0.708098 0.985609
vt 0.708098 0.978874
vt 0.709128 0.978874
vt 0.542595 0.855856
vt 0.539773 0.855438
vt 0.537925 0.854226
vt 0.534813 0.852200
vt 0.531726 0.851439
vt 0.528445 0.851749
vt 0.526037 0.853030
vt 0.523132 0.855433
vt 0.521249 0.858488
vt 0.520644 0.861672
vt 0.521291 0.865302
vt 0.522653 0.867820
vt 0.525428 0.870074
vt 0.530693 0.871917
vt 0.533782 0.872972
vt 0.536096 0.874124
vt 0.537294 0.874903
vt 0.541233 0.880334
vt 0.542744 0.882417
vt 0.541530 0.883400
vt 0.540020 0.881317
vt 0.535819 0.875525
vt 0.532571 0.874008
vt 0.528793 0.872875
vt 0.525740 0.871675
vt 0.522951 0.869965
vt 0.520587 0.866997
vt 0.519497 0.864232
vt 0.519312 0.860015
vt 0.520637 0.856308
vt 0.522327 0.854153
vt 0.524864 0.852060
vt 0.527503 0.850864
vt 0.530851 0.850295
vt 0.533521 0.850598
vt 0.536071 0.851494
vt 0.538364 0.853117
vt 0.540517 0.854226
vt 0.542744 0.854627
s 1
usemtl box_hanger
f 812/1865/377 814/1868/378 813/1867/378 811/1866/377
f 814/1869/378 816/1872/379 815/1871/379 813/1870/378
f 816/1872/379 818/1874/380 817/1873/380 815/1871/379
f 818/1874/380 820/1876/381 819/1875/381 817/1873/380
f 820/1876/381 822/1878/382 821/1877/382 819/1875/381
f 822/1878/382 824/1880/383 823/1879/383 821/1877/382
f 824/1880/383 826/1882/384 825/1881/384 823/1879/383
f 826/1882/384 828/1884/385 827/1883/385 825/1881/384
f 828/1884/385 830/1886/386 829/1885/386 827/1883/385
f 830/1886/386 832/1888/387 831/1887/387 829/1885/386
f 832/1888/387 834/1890/388 833/1889/388 831/1887/387
f 834/1890/388 836/1892/389 835/1891/389 833/1889/388
f 836/1893/390 838/1896/391 837/1895/391 835/1894/390
f 838/1896/391 840/1898/392 839/1897/392 837/1895/391
f 842/1899/393 841/1902/393 843/1901/394 844/1900/394
f 844/1900/394 843/1901/394 845/1904/395 846/1903/395
f 846/1903/395 845/1904/395 847/1906/396 848/1905/396
f 848/1905/396 847/1906/396 849/1908/397 850/1907/397
f 850/1907/397 849/1908/397 851/1910/398 852/1909/398
f 852/1909/398 851/1910/398 853/1912/399 854/1911/399
f 854/1911/399 853/1912/399 855/1914/400 856/1913/400
f 856/1913/400 855/1914/400 857/1916/401 858/1915/401
f 858/1915/401 857/1916/401 859/1918/402 860/1917/402
f 860/1919/402 859/1922/402 861/1921/403 862/1920/403
f 862/1920/403 861/1921/403 863/1924/404 864/1923/404
f 864/1923/404 863/1924/404 865/1926/405 866/1925/405
f 866/1927/406 865/1930/406 867/1929/407 868/1928/407
f 868/1928/407 867/1929/407 869/1932/408 870/1931/408
f 839/1897/392 840/1898/392 870/1931/408 869/1932/408
f 812/1933/409 842/1962/409 844/1961/409 846/1960/409 848/1959/409 850/1958/409 852/1957/409 854/1956/409 856/1955/409 858/1954/409 860/1953/409 862/1952/409 864/1951/409 866/1950/409 868/1949/409 870/1948/409 840/1947/409 838/1946/409 836/1945/409 834/1944/409 832/1943/409 830/1942/409 828/1941/409 826/1940/409 824/1939/409 822/1938/409 820/1937/409 818/1936/409 816/1935/409 814/1934/409
f 813/1963/410 815/1992/410 817/1991/410 819/1990/410 821/1989/410 823/1988/410 825/1987/410 827/1986/410 829/1985/410 831/1984/410 833/1983/410 835/1982/410 837/1981/410 839/1980/410 869/1979/410 867/1978/410 865/1977/410 863/1976/410 861/1975/410 859/1974/410 857/1973/410 855/1972/410 853/1971/410 851/1970/410 849/1969/410 847/1968/410 845/1967/410 843/1966/410 841/1965/410 811/1964/410
f 811/1866/377 841/1902/393 842/1899/393 812/1865/377
f 871/1993/411 873/1996/411 878/1995/411 872/1994/411
f 871/1997/412 872/2000/412 875/1999/412 874/1998/412
f 871/2001/410 874/2004/410 876/2003/410 873/2002/410
f 874/2005/413 875/2008/413 877/2007/413 876/2006/413
f 878/2009/414 873/2012/414 876/2011/414 877/2010/414
f 878/2013/409 877/2016/409 875/2015/409 872/2014/409
f 879/2017/415 880/2020/415 883/2019/416 882/2018/416
f 879/2017/415 881/2022/417 956/2021/417 880/2020/415
f 879/2023/410 882/2061/410 884/2060/410 886/2059/410 888/2058/410 890/2057/410 892/2056/410 894/2055/410 896/2054/410 898/2053/410 900/2052/410 902/2051/410 904/2050/410 906/2049/410 908/2048/410 910/2047/410 912/2046/410 914/2045/410 916/2044/410 918/2043/410 920/2042/410 922/2041/410 924/2040/410 926/2039/410 928/2038/410 930/2037/410 932/2036/410 934/2035/410 936/2034/410 938/2033/410 940/2032/410 942/2031/410 944/2030/410 946/2029/410 948/2028/410 950/2027/410 952/2026/410 954/2025/410 881/2024/410
f 882/2018/416 883/2019/416 885/2063/418 884/2062/418
f 884/2062/418 885/2063/418 887/2065/419 886/2064/419
f 886/2066/419 887/2069/419 889/2068/420 888/2067/420
f 888/2067/420 889/2068/420 891/2071/421 890/2070/421
f 890/2070/421 891/2071/421 893/2073/422 892/2072/422
f 892/2072/422 893/2073/422 895/2075/423 894/2074/423
f 894/2074/423 895/2075/423 897/2077/424 896/2076/424
f 896/2078/424 897/2081/424 899/2080/425 898/2079/425
f 898/2079/425 899/2080/425 901/2083/426 900/2082/426
f 900/2082/426 901/2083/426 903/2085/427 902/2084/427
f 902/2084/427 903/2085/427 905/2087/428 904/2086/428
f 904/2086/428 905/2087/428 907/2089/429 906/2088/429
f 906/2088/429 907/2089/429 909/2091/430 908/2090/430
f 908/2090/430 909/2091/430 911/2093/431 910/2092/431
f 910/2092/431 911/2093/431 913/2095/411 912/2094/411
f 912/2094/411 913/2095/411 915/2097/411 914/2096/411
f 919/2098/413 918/2101/413 916/2100/413 917/2099/413
f 921/2102/432 920/2103/432 918/2101/413 919/2098/413
f 923/2104/433 922/2105/433 920/2103/432 921/2102/432
f 925/2106/434 924/2107/434 922/2105/433 923/2104/433
f 927/2108/435 926/2109/435 924/2107/434 925/2106/434
f 929/2110/436 928/2111/436 926/2109/435 927/2108/435
f 931/2112/437 930/2113/437 928/2111/436 929/2110/436
f 933/2114/438 932/2115/438 930/2113/437 931/2112/437
f 935/2116/439 934/2119/439 932/2118/438 933/2117/438
f 937/2120/440 936/2121/440 934/2119/439 935/2116/439
f 939/2122/441 938/2123/441 936/2121/440 937/2120/440
f 941/2124/442 940/2125/442 938/2123/441 939/2122/441
f 943/2126/443 942/2127/443 940/2125/442 941/2124/442
f 945/2128/444 944/2131/444 942/2130/443 943/2129/443
f 947/2132/445 946/2133/445 944/2131/444 945/2128/444
f 949/2134/446 948/2135/446 946/2133/445 947/2132/445
f 951/2136/447 950/2137/447 948/2135/446 949/2134/446
f 953/2138/448 952/2139/448 950/2137/447 951/2136/447
f 955/2140/449 954/2141/449 952/2139/448 953/2138/448
f 956/2142/450 881/2145/450 954/2144/450 955/2143/450
f 956/2146/409 955/2184/409 953/2183/409 951/2182/409 949/2181/409 947/2180/409 945/2179/409 943/2178/409 941/2177/409 939/2176/409 937/2175/409 935/2174/409 933/2173/409 931/2172/409 929/2171/409 927/2170/409 925/2169/409 923/2168/409 921/2167/409 919/2166/409 917/2165/409 915/2164/409 913/2163/409 911/2162/409 909/2161/409 907/2160/409 905/2159/409 903/2158/409 901/2157/409 899/2156/409 897/2155/409 895/2154/409 893/2153/409 891/2152/409 889/2151/409 887/2150/409 885/2149/409 883/2148/409 880/2147/409
o t_shirt_4
v 0.000113 1.334360 -0.292372
v -0.070372 1.252178 -0.292372
v -0.008785 1.293269 -0.292372
v -0.042243 1.258811 -0.292372
v -0.022242 1.273272 -0.292372
v -0.002574 1.313059 -0.292372
v 0.017871 1.326749 -0.292372
v 0.138191 1.279999 -0.292372
v 0.251855 1.136509 -0.292372
v 0.123840 1.249556 -0.292372
v 0.114272 1.205632 -0.292372
v 0.112967 1.152575 -0.292372
v 0.119230 1.073669 -0.292372
v 0.120482 0.972217 -0.292372
v 0.120482 0.652984 -0.292372
v 0.267861 1.114462 -0.292372
v 0.135280 1.015404 -0.292372
v 0.118662 1.032722 -0.292372
v 0.118971 1.036544 -0.292372
v -0.140857 1.334360 -0.292372
v -0.131959 1.293269 -0.292372
v -0.098501 1.258811 -0.292372
v -0.118502 1.273272 -0.292372
v -0.138170 1.313059 -0.292372
v -0.158615 1.326749 -0.292372
v -0.278935 1.279999 -0.292372
v -0.392599 1.136509 -0.292372
v -0.264584 1.249556 -0.292372
v -0.255016 1.205632 -0.292372
v -0.253711 1.152575 -0.292372
v -0.259974 1.073669 -0.292372
v -0.261226 0.972217 -0.292372
v -0.261226 0.652984 -0.292372
v -0.408605 1.114462 -0.292372
v -0.276024 1.015404 -0.292372
v -0.259406 1.032722 -0.292372
v -0.259715 1.036544 -0.292372
v -0.261226 0.678835 -0.292372
v 0.120482 0.678835 -0.292372
v 0.000113 1.334360 -0.273911
v -0.070372 1.329190 -0.273911
v -0.058527 1.328823 -0.273911
v -0.029333 1.330333 -0.273911
v 0.017871 1.326749 -0.273911
v 0.138191 1.279999 -0.273911
v 0.251855 1.136509 -0.273911
v 0.123840 1.249556 -0.273911
v 0.114272 1.205632 -0.273911
v 0.112967 1.152575 -0.273911
v 0.119230 1.073669 -0.273911
v 0.120482 0.972217 -0.273911
v 0.120482 0.652984 -0.273911
v 0.267861 1.114462 -0.273911
v 0.135280 1.015404 -0.273911
v 0.118662 1.032722 -0.273911
v 0.118971 1.036544 -0.273911
v 0.120482 0.678835 -0.273911
v -0.007296 1.317689 -0.273911
v -0.054862 1.313914 -0.273911
v -0.067446 1.313914 -0.273911
v -0.140857 1.334360 -0.273911
v -0.082217 1.328823 -0.273911
v -0.111411 1.330333 -0.273911
v -0.158615 1.326749 -0.273911
v -0.278935 1.279999 -0.273911
v -0.392599 1.136509 -0.273911
v -0.264584 1.249556 -0.273911
v -0.255016 1.205632 -0.273911
v -0.253711 1.152575 -0.273911
v -0.259974 1.073669 -0.273911
v -0.261226 0.972217 -0.273911
v -0.261226 0.652984 -0.273911
v -0.408605 1.114462 -0.273911
v -0.276024 1.015404 -0.273911
v -0.259406 1.032722 -0.273911
v -0.259715 1.036544 -0.273911
v -0.261226 0.678835 -0.273911
v -0.133448 1.317689 -0.273911
v -0.085882 1.313914 -0.273911
v -0.073298 1.313914 -0.273911
v 0.001523 1.339959 -0.283141
v 0.019636 1.332196 -0.283141
v 0.142362 1.284510 -0.283141
v 0.258299 1.138150 -0.283141
v 0.274626 1.115663 -0.283141
v -0.142267 1.339959 -0.283141
v -0.160380 1.332196 -0.283141
v -0.283106 1.284510 -0.283141
v -0.399043 1.138150 -0.283141
v -0.415370 1.115663 -0.283141
v -0.263187 1.032288 -0.283141
v -0.280137 1.014623 -0.283141
v -0.265043 0.970573 -0.283141
v -0.265043 0.671323 -0.283141
v -0.265043 0.644955 -0.283141
v 0.124299 0.644955 -0.283141
v 0.124299 0.671323 -0.283141
v 0.124299 0.970573 -0.283141
v 0.122443 1.032288 -0.283141
v 0.139393 1.014623 -0.283141
v -0.042243 1.258811 -0.287831
v -0.070372 1.252178 -0.287831
v -0.002574 1.313059 -0.287831
v -0.008785 1.293269 -0.287831
v -0.022242 1.273272 -0.287831
v -0.001779 1.329945 -0.288863
v 0.016233 1.322734 -0.288650
v 0.135433 1.276202 -0.288809
v 0.248444 1.133911 -0.288630
v 0.123840 1.249556 -0.287831
v 0.114272 1.205632 -0.287831
v 0.112967 1.152575 -0.287831
v 0.119230 1.073669 -0.287831
v 0.115801 0.972142 -0.288804
v 0.115819 0.678835 -0.288795
v 0.115241 0.652984 -0.289096
v 0.264263 1.111850 -0.288697
v 0.139540 1.019491 -0.289530
v 0.117224 1.035294 -0.288189
v 0.118971 1.036544 -0.287831
v -0.098501 1.258811 -0.287831
v -0.138170 1.313059 -0.287831
v -0.131959 1.293269 -0.287831
v -0.118502 1.273272 -0.287831
v -0.138965 1.329945 -0.288863
v -0.156977 1.322734 -0.288650
v -0.276177 1.276202 -0.288809
v -0.389188 1.133911 -0.288630
v -0.264584 1.249556 -0.287831
v -0.255016 1.205632 -0.287831
v -0.253711 1.152575 -0.287831
v -0.259974 1.073669 -0.287831
v -0.256545 0.972142 -0.288804
v -0.256563 0.678835 -0.288795
v -0.255985 0.652984 -0.289096
v -0.405007 1.111850 -0.288697
v -0.280284 1.019491 -0.289530
v -0.257968 1.035294 -0.288189
v -0.259715 1.036544 -0.287831
v -0.070372 1.329190 -0.278452
v -0.058527 1.328823 -0.278452
v -0.029333 1.330333 -0.278452
v -0.001181 1.331341 -0.278002
v 0.016250 1.322778 -0.277652
v 0.135433 1.276202 -0.277473
v 0.248444 1.133911 -0.277653
v 0.123840 1.249556 -0.278452
v 0.114272 1.205632 -0.278452
v 0.112967 1.152575 -0.278452
v 0.119230 1.073669 -0.278452
v 0.115801 0.972142 -0.277478
v 0.115819 0.678835 -0.277487
v 0.115241 0.652984 -0.277186
v 0.264263 1.111850 -0.277585
v 0.139540 1.019491 -0.276752
v 0.117224 1.035294 -0.278093
v 0.118971 1.036544 -0.278452
v -0.007296 1.317689 -0.278452
v -0.054862 1.313914 -0.278452
v -0.067446 1.313914 -0.278452
v -0.082217 1.328823 -0.278452
v -0.111411 1.330333 -0.278452
v -0.139563 1.331341 -0.278002
v -0.156994 1.322778 -0.277652
v -0.276177 1.276202 -0.277473
v -0.389188 1.133911 -0.277653
v -0.264584 1.249556 -0.278452
v -0.255016 1.205632 -0.278452
v -0.253711 1.152575 -0.278452
v -0.259974 1.073669 -0.278452
v -0.256545 0.972142 -0.277478
v -0.256563 0.678835 -0.277487
v -0.255985 0.652984 -0.277186
v -0.405007 1.111850 -0.277585
v -0.280284 1.019491 -0.276752
v -0.257968 1.035294 -0.278093
v -0.259715 1.036544 -0.278452
v -0.133448 1.317689 -0.278452
v -0.085882 1.313914 -0.278452
v -0.073298 1.313914 -0.278452
v -0.139286 1.333002 -0.283141
v -0.157516 1.325190 -0.283141
v -0.278574 1.278449 -0.283141
v -0.393004 1.133589 -0.283141
v -0.409245 1.111216 -0.283141
v -0.261245 1.039603 -0.283141
v -0.285598 1.019863 -0.283141
v -0.257476 0.970467 -0.283141
v -0.257475 0.671323 -0.283141
v -0.257475 0.644955 -0.283141
v 0.116731 0.644955 -0.283141
v 0.116731 0.671323 -0.283141
v 0.116732 0.970467 -0.283141
v -0.001458 1.333002 -0.283141
v 0.016772 1.325190 -0.283141
v 0.137830 1.278449 -0.283141
v 0.252260 1.133589 -0.283141
v 0.268501 1.111216 -0.283141
v 0.120501 1.039603 -0.283141
v 0.144854 1.019863 -0.283141
vn -0.0000 -0.0000 -1.0000
vn -0.0000 -0.0000 1.0000
vn -0.3351 0.7820 0.5255
vn -0.3079 0.7925 0.5265
vn -0.6549 0.5188 0.5495
vn -0.6724 0.4882 0.5563
vn 0.6978 -0.6696 -0.2543
vn -0.9255 0.0278 0.3778
vn -0.9241 -0.0000 0.3821
vn 0.9241 -0.0000 0.3821
vn 0.3351 0.7820 0.5255
vn 0.3079 0.7925 0.5265
vn 0.6549 0.5188 0.5495
vn 0.6724 0.4882 0.5563
vn 0.9255 0.0278 0.3778
vn -0.6978 -0.6696 -0.2543
vn 0.6724 0.4882 -0.5563
vn 0.6549 0.5188 -0.5495
vn 0.3079 0.7925 -0.5265
vn 0.3351 0.7820 -0.5255
vn -0.6724 0.4882 -0.5563
vn -0.6549 0.5188 -0.5495
vn -0.3079 0.7925 -0.5265
vn -0.3351 0.7820 -0.5255
vn -0.6978 -0.6696 0.2543
vn 0.9255 0.0278 -0.3778
vn 0.9241 -0.0000 -0.3821
vn -0.9241 -0.0000 -0.3821
vn -0.9255 0.0278 -0.3778
vn 0.6978 -0.6696 0.2543
vn -0.0000 -0.0005 1.0000
vn -0.0000 -0.0116 0.9999
vn -0.0192 -0.0278 0.9994
vn 0.0192 -0.0278 0.9994
vn 0.0090 0.0032 1.0000
vn -0.0090 0.0032 1.0000
vn -0.0000 0.0071 -1.0000
vn -0.0000 -0.0116 -0.9999
vn -0.0000 -0.0006 -1.0000
vn 0.0192 -0.0278 -0.9994
vn -0.0192 -0.0278 -0.9994
vn -0.0090 0.0032 -1.0000
vn 0.0090 0.0032 -1.0000
vn 0.3901 -0.8568 -0.3373
vn 0.3256 -0.8392 -0.4356
vn 0.6888 -0.5453 -0.4777
vn 0.7131 -0.5152 -0.4754
vn -0.4678 0.6374 0.6123
vn 0.9331 0.0350 -0.3580
vn 0.9870 -0.0000 -0.1607
vn 0.9766 0.0096 -0.2149
vn -0.9766 0.0096 -0.2149
vn -0.9870 -0.0000 -0.1607
vn -0.3901 -0.8568 -0.3373
vn -0.3256 -0.8392 -0.4356
vn -0.6888 -0.5453 -0.4777
vn -0.7131 -0.5152 -0.4754
vn -0.9331 0.0350 -0.3580
vn 0.4678 0.6374 0.6123
vn -0.7131 -0.5152 0.4754
vn -0.6888 -0.5453 0.4777
vn -0.3251 -0.8381 0.4381
vn -0.3470 -0.8311 0.4346
vn 0.7131 -0.5152 0.4754
vn 0.6888 -0.5453 0.4777
vn 0.3251 -0.8381 0.4381
vn 0.3470 -0.8311 0.4346
vn 0.4678 0.6374 -0.6123
vn -0.9331 0.0350 0.3580
vn -0.9870 -0.0000 0.1607
vn -0.9766 0.0096 0.2149
vn 0.9766 0.0096 0.2149
vn 0.9870 -0.0000 0.1607
vn 0.9331 0.0350 0.3580
vn -0.4678 0.6374 -0.6123
vn -0.2295 0.9733 -0.0000
vn -0.9541 0.2994 -0.0000
vn -0.9290 0.3547 0.1060
vn 0.8660 -0.0117 -0.4999
vn -0.5859 0.8104 -0.0000
vn -0.6873 -0.5853 -0.4301
vn -0.8296 0.5583 -0.0000
vn -0.0000 -1.0000 -0.0000
vn -0.8660 -0.0117 0.4999
vn -0.9793 0.0843 -0.1839
vn 0.5923 -0.7967 -0.1202
vn 0.4739 -0.8199 0.3212
vn 0.1753 -0.7064 -0.6857
vn -0.7847 0.0006 -0.6198
vn -0.5923 -0.7967 0.1202
vn -0.1753 -0.7064 0.6857
vn -0.7847 0.0006 0.6198
vn 0.8888 0.3786 0.2581
vn 0.6873 -0.5853 0.4301
vn -0.8888 0.3786 0.2581
vn -0.9254 0.3645 -0.1039
vn 1.0000 0.0070 -0.0000
vn 0.6873 -0.5853 -0.4301
vn -1.0000 0.0070 -0.0000
vn -0.0310 0.9995 -0.0000
vn 0.8660 -0.0117 0.4999
vn 0.9290 0.3547 0.1060
vn 0.0517 0.9987 -0.0000
vn 0.0801 0.9446 -0.3183
vn 0.8888 0.3786 -0.2581
vn 0.4739 -0.8199 -0.3212
vn -0.8888 0.3786 -0.2581
vn 0.5923 -0.7967 0.1202
vn -0.4739 -0.8199 0.3212
vn 0.0310 0.9995 -0.0000
vn 0.2295 0.9733 -0.0000
vn -0.6873 -0.5853 0.4301
vn -0.0517 0.9987 -0.0000
vn 0.9541 0.2994 -0.0000
vn 0.9254 0.3645 -0.1039
vn 0.7847 0.0006 -0.6198
vn -0.0801 0.9446 -0.3183
vn 0.5859 0.8104 -0.0000
vn 0.7847 0.0006 0.6198
vn 0.8296 0.5583 -0.0000
vn -0.8660 -0.0117 -0.4999
vn 0.9793 0.0843 -0.1839
vn -0.4739 -0.8199 -0.3212
vn 0.1753 -0.7064 0.6857
vn -0.1753 -0.7064 -0.6857
vn -0.5923 -0.7967 -0.1202
vt 0.280377 0.025333
vt 0.285385 0.021712
vt 0.288755 0.016705
vt 0.290310 0.011749
vt 0.290983 0.006415
vt 0.295430 0.008321
vt 0.325559 0.020027
vt 0.321965 0.027650
vt 0.319569 0.038649
vt 0.319243 0.051934
vt 0.320811 0.071693
vt 0.321125 0.097096
vt 0.321125 0.170559
vt 0.225542 0.170559
vt 0.225542 0.097096
vt 0.225856 0.071693
vt 0.227424 0.051934
vt 0.227097 0.038649
vt 0.224701 0.027650
vt 0.221108 0.020027
vt 0.251237 0.008321
vt 0.255683 0.006415
vt 0.256356 0.011749
vt 0.257912 0.016705
vt 0.261281 0.021712
vt 0.266290 0.025333
vt 0.273333 0.026994
vt 0.225542 0.177032
vt 0.321125 0.177032
vt 0.192646 0.055957
vt 0.225921 0.080989
vt 0.225998 0.081946
vt 0.221837 0.086282
vt 0.188638 0.061478
vt 0.354021 0.055957
vt 0.358029 0.061478
vt 0.324830 0.086282
vt 0.320669 0.081946
vt 0.320746 0.080989
vt 0.273333 0.374605
vt 0.276300 0.374697
vt 0.283610 0.374319
vt 0.290983 0.373311
vt 0.295430 0.375216
vt 0.289128 0.377485
vt 0.277217 0.378430
vt 0.274066 0.378430
vt 0.272601 0.378430
vt 0.269450 0.378430
vt 0.257539 0.377485
vt 0.251237 0.375216
vt 0.255683 0.373311
vt 0.263057 0.374319
vt 0.270367 0.374697
vt 0.225542 0.537454
vt 0.321125 0.537454
vt 0.321125 0.543927
vt 0.225542 0.543927
vt 0.321125 0.463991
vt 0.225542 0.463991
vt 0.225856 0.438587
vt 0.227424 0.418829
vt 0.227097 0.405544
vt 0.224701 0.394545
vt 0.221108 0.386923
vt 0.325559 0.386923
vt 0.321965 0.394545
vt 0.319569 0.405544
vt 0.319243 0.418829
vt 0.320811 0.438587
vt 0.192646 0.422852
vt 0.225921 0.447883
vt 0.225998 0.448841
vt 0.221837 0.453177
vt 0.188638 0.428373
vt 0.354021 0.422852
vt 0.358029 0.428373
vt 0.324830 0.453177
vt 0.320669 0.448841
vt 0.320746 0.447883
vt 0.153979 0.922186
vt 0.153983 0.926722
vt 0.150173 0.926240
vt 0.150169 0.921793
vt 0.153979 0.957455
vt 0.150169 0.956371
vt 0.919570 0.466725
vt 0.919568 0.505769
vt 0.915725 0.506049
vt 0.915726 0.467771
vt 0.919570 0.511735
vt 0.915726 0.511899
vt 0.312106 0.973435
vt 0.307862 0.973396
vt 0.306915 0.969543
vt 0.311077 0.969581
vt 0.819499 0.859474
vt 0.819497 0.874909
vt 0.815649 0.874414
vt 0.815651 0.859282
vt 0.819499 0.949558
vt 0.815651 0.947599
vt 0.819499 0.956135
vt 0.815651 0.954048
vt 0.940118 0.223099
vt 0.940118 0.216522
vt 0.943966 0.214563
vt 0.943966 0.221011
vt 0.940120 0.141873
vt 0.943968 0.141378
vt 0.030847 0.922186
vt 0.034657 0.921793
vt 0.034653 0.926240
vt 0.030843 0.926722
vt 0.034657 0.956371
vt 0.030847 0.957455
vt 0.960655 0.246076
vt 0.964499 0.247122
vt 0.964500 0.285400
vt 0.960657 0.285120
vt 0.964499 0.291250
vt 0.960655 0.291086
vt 0.940118 0.126438
vt 0.943966 0.126246
vt 0.852060 0.972858
vt 0.853090 0.969004
vt 0.857251 0.968966
vt 0.856304 0.972819
vt 0.956796 0.285376
vt 0.956795 0.291226
vt 0.956795 0.247098
vt 0.026952 0.926321
vt 0.026956 0.956451
vt 0.026956 0.921874
vt 0.923429 0.506025
vt 0.923431 0.511875
vt 0.923431 0.467747
vt 0.157875 0.926321
vt 0.157871 0.956451
vt 0.157871 0.921874
vt 0.853090 0.976708
vt 0.857251 0.976670
vt 0.936261 0.126249
vt 0.936263 0.141381
vt 0.936261 0.214566
vt 0.936261 0.221015
vt 0.823356 0.954051
vt 0.823356 0.947602
vt 0.823354 0.874417
vt 0.823356 0.859285
vt 0.311077 0.977285
vt 0.306915 0.977247
vt 0.812055 0.389260
vt 0.819099 0.390921
vt 0.826143 0.389260
vt 0.831151 0.385639
vt 0.834521 0.380632
vt 0.836076 0.375676
vt 0.836275 0.371451
vt 0.840786 0.373256
vt 0.870634 0.384908
vt 0.867731 0.391577
vt 0.865335 0.402576
vt 0.865009 0.415861
vt 0.866577 0.435619
vt 0.865718 0.461044
vt 0.865723 0.534488
vt 0.772476 0.534488
vt 0.772480 0.461044
vt 0.771622 0.435619
vt 0.773190 0.415861
vt 0.772863 0.402576
vt 0.770467 0.391577
vt 0.767564 0.384908
vt 0.797413 0.373256
vt 0.801923 0.371451
vt 0.802122 0.375676
vt 0.803677 0.380632
vt 0.807047 0.385639
vt 0.865578 0.540962
vt 0.772621 0.540962
vt 0.898933 0.420537
vt 0.902894 0.426062
vt 0.871662 0.449191
vt 0.866075 0.445229
vt 0.866512 0.444915
vt 0.739266 0.420537
vt 0.771686 0.444915
vt 0.772124 0.445229
vt 0.766536 0.449191
vt 0.735304 0.426062
vt 0.270631 0.557295
vt 0.273597 0.557387
vt 0.280907 0.557008
vt 0.287957 0.556757
vt 0.292321 0.558903
vt 0.286425 0.560174
vt 0.274514 0.561120
vt 0.271363 0.561120
vt 0.269898 0.561120
vt 0.266747 0.561120
vt 0.254836 0.560174
vt 0.248940 0.558903
vt 0.253305 0.556757
vt 0.260354 0.557008
vt 0.267664 0.557387
vt 0.317254 0.720147
vt 0.317109 0.726621
vt 0.224152 0.726621
vt 0.224007 0.720147
vt 0.224012 0.646702
vt 0.223153 0.621277
vt 0.224721 0.601519
vt 0.224394 0.588234
vt 0.221999 0.577235
vt 0.219096 0.570566
vt 0.322165 0.570566
vt 0.319262 0.577235
vt 0.316867 0.588234
vt 0.316540 0.601519
vt 0.318108 0.621277
vt 0.317249 0.646702
vt 0.350464 0.606195
vt 0.354425 0.611719
vt 0.323194 0.634848
vt 0.317606 0.630888
vt 0.318043 0.630573
vt 0.190797 0.606195
vt 0.223218 0.630573
vt 0.223655 0.630888
vt 0.218067 0.634848
vt 0.186836 0.611719
vt 0.660845 0.921867
vt 0.662987 0.921931
vt 0.663126 0.926295
vt 0.660841 0.926432
vt 0.663181 0.956139
vt 0.660822 0.956746
vt 0.920694 0.910973
vt 0.923065 0.911572
vt 0.923029 0.944598
vt 0.920734 0.944608
vt 0.923065 0.949755
vt 0.920742 0.949834
vt 0.716204 0.969576
vt 0.718867 0.970907
vt 0.718413 0.976495
vt 0.716336 0.975675
vt 0.778427 0.747923
vt 0.780537 0.749069
vt 0.780797 0.764853
vt 0.778432 0.765252
vt 0.778437 0.839874
vt 0.780797 0.838019
vt 0.778437 0.846451
vt 0.780924 0.844480
vt 0.798956 0.846451
vt 0.796469 0.844480
vt 0.796596 0.838019
vt 0.798956 0.839874
vt 0.796596 0.764853
vt 0.798961 0.765252
vt 0.959134 0.466799
vt 0.959138 0.471364
vt 0.956853 0.471227
vt 0.956993 0.466862
vt 0.959157 0.501678
vt 0.956798 0.501071
vt 0.555454 0.921793
vt 0.555413 0.955428
vt 0.553118 0.955418
vt 0.553082 0.922393
vt 0.555405 0.960654
vt 0.553082 0.960575
vt 0.798966 0.747923
vt 0.796856 0.749069
vt 0.419792 0.969543
vt 0.419660 0.975641
vt 0.417583 0.976462
vt 0.417129 0.970874
vt 0.557699 0.955444
vt 0.557719 0.960602
vt 0.557813 0.922419
vt 0.961443 0.471235
vt 0.961529 0.501084
vt 0.961529 0.466725
vt 0.918448 0.944624
vt 0.918428 0.949782
vt 0.918334 0.911599
vt 0.658536 0.926303
vt 0.658450 0.956152
vt 0.658450 0.921793
vt 0.422460 0.970874
vt 0.421795 0.976462
vt 0.801069 0.749071
vt 0.801323 0.764855
vt 0.801315 0.838021
vt 0.801440 0.844482
vt 0.775953 0.844482
vt 0.776078 0.838021
vt 0.776070 0.764855
vt 0.776324 0.749071
vt 0.713536 0.970907
vt 0.714201 0.976495
vt 0.735537 0.981018
vt 0.733643 0.981018
vt 0.733599 0.973974
vt 0.735493 0.973974
vt 0.979147 0.627231
vt 0.977369 0.626576
vt 0.979126 0.621818
vt 0.980904 0.622473
vt 0.979640 0.614762
vt 0.979015 0.616450
vt 0.976862 0.616093
vt 0.975531 0.614770
vt 0.993467 0.445423
vt 0.991973 0.445340
vt 0.991581 0.420089
vt 0.993476 0.420089
vt 0.733502 0.968966
vt 0.735397 0.968966
vt 0.086186 0.974133
vt 0.087374 0.974126
vt 0.087397 0.976799
vt 0.086470 0.977990
vt 0.977309 0.632183
vt 0.975531 0.631529
vt 0.915725 0.357356
vt 0.917092 0.358669
vt 0.917092 0.451626
vt 0.915725 0.452939
vt 0.978859 0.802953
vt 0.977376 0.802868
vt 0.976964 0.777617
vt 0.978859 0.777618
vt 0.980990 0.617997
vt 0.982761 0.617431
vt 0.761745 0.941900
vt 0.760561 0.940841
vt 0.760211 0.909611
vt 0.761745 0.908700
vt 0.757884 0.908565
vt 0.757884 0.907031
vt 0.923429 0.357356
vt 0.922062 0.358669
vt 0.919594 0.358296
vt 0.919594 0.356400
vt 0.802818 0.764735
vt 0.802816 0.749682
vt 0.363228 0.956712
vt 0.362041 0.955638
vt 0.361695 0.924403
vt 0.363228 0.923512
vt 0.919594 0.451999
vt 0.919594 0.453894
vt 0.795112 0.749678
vt 0.795113 0.764731
vt 0.782281 0.749678
vt 0.780386 0.748719
vt 0.782281 0.748718
vt 0.101439 0.974133
vt 0.100251 0.974126
vt 0.100228 0.971466
vt 0.101154 0.970286
vt 0.795112 0.748718
vt 0.797007 0.748719
vt 0.923429 0.452939
vt 0.922062 0.451626
vt 0.780385 0.739452
vt 0.782280 0.739452
vt 0.101154 0.977990
vt 0.100228 0.976799
vt 0.795113 0.739452
vt 0.797008 0.739452
vt 0.974199 0.948235
vt 0.976093 0.948235
vt 0.976096 0.951201
vt 0.974201 0.951201
vt 0.976964 0.815784
vt 0.978859 0.815783
vt 0.978447 0.841034
vt 0.976964 0.841118
vt 0.943016 0.524738
vt 0.941685 0.526060
vt 0.939531 0.526418
vt 0.938907 0.524729
vt 0.976086 0.958511
vt 0.974191 0.958511
vt 0.975891 0.965561
vt 0.974164 0.965885
vt 0.774576 0.748722
vt 0.776471 0.748721
vt 0.774577 0.749682
vt 0.755574 0.909642
vt 0.754041 0.908751
vt 0.800922 0.748721
vt 0.802817 0.748722
vt 0.755228 0.940876
vt 0.754041 0.941951
vt 0.800923 0.739454
vt 0.802818 0.739455
vt 0.359385 0.921793
vt 0.359385 0.923327
vt 0.357058 0.924373
vt 0.355524 0.923462
vt 0.774575 0.739455
vt 0.776470 0.739454
vt 0.974201 0.945269
vt 0.976096 0.945269
vt 0.735493 0.988062
vt 0.733599 0.988062
vt 0.086470 0.970286
vt 0.087397 0.971466
vt 0.974191 0.937958
vt 0.976086 0.937958
vt 0.937642 0.532440
vt 0.939421 0.531786
vt 0.941178 0.536544
vt 0.939400 0.537199
vt 0.937556 0.527965
vt 0.935786 0.527399
vt 0.774575 0.764735
vt 0.974164 0.930585
vt 0.975891 0.930909
vt 0.735397 0.993070
vt 0.733502 0.993070
vt 0.782280 0.764731
vt 0.943016 0.541497
vt 0.941237 0.542151
vt 0.988926 0.930585
vt 0.990822 0.930585
vt 0.990421 0.955836
vt 0.988926 0.955919
vt 0.356708 0.955603
vt 0.355524 0.956662
s 0
usemtl cloth
f 960/2185/451 961/2186/451 959/2187/451 962/2188/451 957/2189/451 963/2190/451 964/2191/451 966/2192/451 967/2193/451 968/2194/451 969/2195/451 970/2196/451 995/2197/451 994/2198/451 988/2199/451 987/2200/451 986/2201/451 985/2202/451 984/2203/451 982/2204/451 981/2205/451 976/2206/451 980/2207/451 977/2208/451 979/2209/451 978/2210/451 958/2211/451
f 989/2212/451 994/2198/451 995/2197/451 971/2213/451
f 983/2214/451 993/2215/451 992/2216/451 991/2217/451 990/2218/451
f 965/2219/451 972/2220/451 973/2221/451 974/2222/451 975/2223/451
f 965/2219/451 975/2223/451 969/2195/451 968/2194/451 967/2193/451 966/2192/451 964/2191/451
f 983/2214/451 982/2204/451 984/2203/451 985/2202/451 986/2201/451 987/2200/451 993/2215/451
f 997/2224/452 1018/2225/452 1019/2226/452 1017/2227/452 1020/2228/452 1034/2229/452 1035/2230/452 1036/2231/452 1016/2232/452 1015/2233/452 1014/2234/452 1000/2235/452 996/2236/452 999/2237/452 998/2238/452
f 1013/2239/452 1033/2240/452 1028/2241/452 1008/2242/452
f 1027/2243/452 1033/2240/452 1013/2239/452 1007/2244/452 1006/2245/452 1005/2246/452 1004/2247/452 1003/2248/452 1001/2249/452 1000/2235/452 1014/2234/452 1015/2233/452 1016/2232/452 1036/2231/452 1035/2230/452 1034/2229/452 1020/2228/452 1021/2250/452 1023/2251/452 1024/2252/452 1025/2253/452 1026/2254/452
f 1002/2255/452 1012/2256/452 1011/2257/452 1010/2258/452 1009/2259/452
f 1022/2260/452 1029/2261/452 1030/2262/452 1031/2263/452 1032/2264/452
f 1022/2260/452 1032/2264/452 1026/2254/452 1025/2253/452 1024/2252/452 1023/2251/452 1021/2250/452
f 1002/2255/452 1001/2249/452 1003/2248/452 1004/2247/452 1005/2246/452 1006/2245/452 1012/2256/452
f 1042/2265/453 1043/2266/453 1020/2267/453 1017/2268/453
f 1043/2266/454 1044/2269/454 1021/2270/454 1020/2267/454
f 1044/2271/455 1045/2272/455 1022/2273/455 1021/2274/455
f 1045/2272/456 1046/2275/456 1029/2276/456 1022/2273/456
f 1048/2277/457 1047/2278/457 1031/2279/457 1030/2280/457
f 1047/2281/458 1049/2282/458 1027/2283/458 1031/2284/458
f 1050/2285/459 1033/2286/459 1027/2283/459 1049/2282/459
f 1051/2287/459 1028/2288/459 1033/2286/459 1050/2285/459
f 1052/2289/460 1053/2290/460 1013/2291/460 1008/2292/460
f 1053/2290/460 1054/2293/460 1007/2294/460 1013/2291/460
f 1037/2295/461 996/2296/461 1000/2297/461 1038/2298/461
f 1038/2298/462 1000/2297/462 1001/2299/462 1039/2300/462
f 1039/2301/463 1001/2302/463 1002/2303/463 1040/2304/463
f 1040/2304/464 1002/2303/464 1009/2305/464 1041/2306/464
f 1055/2307/465 1011/2308/465 1007/2294/465 1054/2293/465
f 1056/2309/466 1010/2310/466 1011/2311/466 1055/2312/466
f 965/2313/467 1040/2304/467 1041/2306/467 972/2314/467
f 964/2315/468 1039/2301/468 1040/2304/468 965/2313/468
f 963/2316/469 1038/2298/469 1039/2300/469 964/2317/469
f 957/2318/470 1037/2295/470 1038/2298/470 963/2316/470
f 983/2319/471 990/2320/471 1046/2275/471 1045/2272/471
f 982/2321/472 983/2319/472 1045/2272/472 1044/2271/472
f 981/2322/473 982/2323/473 1044/2269/473 1043/2266/473
f 976/2324/474 981/2322/474 1043/2266/474 1042/2265/474
f 973/2325/475 1056/2309/475 1055/2312/475 974/2326/475
f 974/2327/476 1055/2307/476 1054/2293/476 970/2328/476
f 995/2329/477 970/2328/477 1054/2293/477 1053/2290/477
f 971/2330/477 995/2329/477 1053/2290/477 1052/2289/477
f 989/2331/478 1051/2287/478 1050/2285/478 994/2332/478
f 994/2332/478 1050/2285/478 1049/2282/478 988/2333/478
f 992/2334/479 988/2333/479 1049/2282/479 1047/2281/479
f 991/2335/480 992/2336/480 1047/2278/480 1048/2277/480
f 1057/2337/481 1058/2338/481 1077/2339/481 1080/2340/481 1079/2341/481 1078/2342/481 1081/2343/481 1082/2344/481 1083/2345/481 1085/2346/481 1086/2347/481 1087/2348/481 1088/2349/481 1089/2350/481 1090/2351/481 1071/2352/481 1070/2353/481 1069/2354/481 1068/2355/481 1067/2356/481 1066/2357/481 1064/2358/481 1063/2359/481 1062/2360/481 1059/2361/481 1060/2362/481 1061/2363/481
f 1091/2364/482 1072/2365/482 1071/2352/482 1090/2351/482
f 1084/2366/483 1092/2367/483 1093/2368/483 1094/2369/483 1095/2370/483
f 1065/2371/484 1076/2372/484 1075/2373/484 1074/2374/484 1073/2375/484
f 1065/2371/485 1064/2358/485 1066/2357/485 1067/2356/485 1068/2355/485 1069/2354/485 1076/2372/485
f 1084/2366/486 1095/2370/486 1088/2349/486 1087/2348/486 1086/2347/486 1085/2346/486 1083/2345/486
f 1096/2376/487 1097/2377/487 1098/2378/487 1099/2379/487 1100/2380/487 1114/2381/487 1115/2382/487 1116/2383/487 1136/2384/487 1135/2385/487 1134/2386/487 1120/2387/487 1119/2388/487 1118/2389/487 1117/2390/487
f 1108/2391/488 1109/2392/488 1129/2393/488 1128/2394/488
f 1127/2395/489 1126/2396/489 1125/2397/489 1124/2398/489 1123/2399/489 1121/2400/489 1120/2387/489 1134/2386/489 1135/2385/489 1136/2384/489 1116/2383/489 1115/2382/489 1114/2381/489 1100/2380/489 1101/2401/489 1103/2402/489 1104/2403/489 1105/2404/489 1106/2405/489 1107/2406/489 1108/2391/489 1128/2394/489
f 1102/2407/490 1110/2408/490 1111/2409/490 1112/2410/490 1113/2411/490
f 1122/2412/491 1133/2413/491 1132/2414/491 1131/2415/491 1130/2416/491
f 1122/2412/492 1121/2400/492 1123/2399/492 1124/2398/492 1125/2397/492 1126/2396/492 1133/2413/492
f 1102/2407/493 1113/2411/493 1106/2405/493 1105/2404/493 1104/2403/493 1103/2402/493 1101/2401/493
f 1137/2417/494 1119/2418/494 1120/2419/494 1138/2420/494
f 1138/2420/495 1120/2419/495 1121/2421/495 1139/2422/495
f 1139/2423/496 1121/2424/496 1122/2425/496 1140/2426/496
f 1140/2426/497 1122/2425/497 1130/2427/497 1141/2428/497
f 1143/2429/498 1131/2430/498 1132/2431/498 1142/2432/498
f 1142/2433/499 1132/2434/499 1127/2435/499 1144/2436/499
f 1145/2437/500 1144/2436/500 1127/2435/500 1128/2438/500
f 1146/2439/501 1145/2437/501 1128/2438/501 1129/2440/501
f 1147/2441/502 1109/2442/502 1108/2443/502 1148/2444/502
f 1148/2444/503 1108/2443/503 1107/2445/503 1149/2446/503
f 1150/2447/504 1151/2448/504 1100/2449/504 1099/2450/504
f 1151/2448/505 1152/2451/505 1101/2452/505 1100/2449/505
f 1152/2453/506 1153/2454/506 1102/2455/506 1101/2456/506
f 1153/2454/507 1154/2457/507 1110/2458/507 1102/2455/507
f 1155/2459/508 1149/2446/508 1107/2445/508 1112/2460/508
f 1156/2461/509 1155/2462/509 1112/2463/509 1111/2464/509
f 1065/2465/510 1073/2466/510 1154/2457/510 1153/2454/510
f 1064/2467/511 1065/2465/511 1153/2454/511 1152/2453/511
f 1063/2468/512 1064/2469/512 1152/2451/512 1151/2448/512
f 1062/2470/513 1063/2468/513 1151/2448/513 1150/2447/513
f 1084/2471/514 1140/2426/514 1141/2428/514 1092/2472/514
f 1083/2473/515 1139/2423/515 1140/2426/515 1084/2471/515
f 1082/2474/516 1138/2420/516 1139/2422/516 1083/2475/516
f 1081/2476/517 1137/2417/517 1138/2420/517 1082/2474/517
f 1074/2477/518 1075/2478/518 1155/2462/518 1156/2461/518
f 1075/2479/519 1070/2480/519 1149/2446/519 1155/2459/519
f 1071/2481/520 1148/2444/520 1149/2446/520 1070/2480/520
f 1072/2482/521 1147/2441/521 1148/2444/521 1071/2481/521
f 1091/2483/522 1090/2484/522 1145/2437/522 1146/2439/522
f 1090/2484/523 1089/2485/523 1144/2436/523 1145/2437/523
f 1094/2486/524 1142/2433/524 1144/2436/524 1089/2485/524
f 1093/2487/525 1143/2429/525 1142/2432/525 1094/2488/525
f 958/2489/526 1058/2490/526 1057/2491/526 960/2492/526
f 959/2493/527 1060/2494/527 1059/2495/527 962/2496/527
f 1037/2497/528 1150/2498/528 1099/2499/528 996/2500/528
f 1007/2501/529 1107/2502/529 1106/2503/529 1006/2504/529
f 960/2492/530 1057/2491/530 1061/2505/530 961/2506/530
f 1048/2507/531 1143/2508/531 1093/2509/531 991/2510/531
f 961/2511/532 1061/2512/532 1060/2494/532 959/2493/532
f 1028/2513/533 1129/2514/533 1109/2515/533 1008/2516/533
f 988/2517/534 1089/2518/534 1088/2519/534 987/2520/534
f 962/2496/535 1059/2495/535 1062/2521/535 957/2522/535
f 1010/2523/536 1111/2524/536 1110/2525/536 1009/2526/536
f 1009/2526/537 1110/2525/537 1154/2527/537 1041/2528/537
f 989/2529/538 1091/2530/538 1146/2531/538 1051/2532/538
f 970/2533/539 1070/2480/539 1075/2479/539 974/2534/539
f 991/2535/540 1093/2536/540 1092/2537/540 990/2538/540
f 1008/2516/541 1109/2515/541 1147/2539/541 1052/2540/541
f 1011/2541/542 1112/2460/542 1107/2445/542 1007/2542/542
f 1031/2543/543 1132/2434/543 1133/2544/543 1032/2545/543
f 1056/2546/544 1156/2547/544 1111/2548/544 1010/2549/544
f 1012/2550/545 1113/2551/545 1112/2460/545 1011/2541/545
f 971/2552/533 1072/2553/533 1091/2530/533 989/2529/533
f 957/2522/546 1062/2521/546 1150/2498/546 1037/2497/546
f 1032/2545/547 1133/2544/547 1126/2554/547 1026/2555/547
f 973/2556/548 1074/2557/548 1156/2547/548 1056/2546/548
f 1006/2558/549 1106/2559/549 1113/2551/549 1012/2550/549
f 997/2560/550 1096/2561/550 1117/2562/550 1018/2563/550
f 969/2564/551 1069/2565/551 1070/2566/551 970/2567/551
f 1017/2568/552 1119/2569/552 1137/2570/552 1042/2571/552
f 1018/2563/553 1117/2562/553 1118/2572/553 1019/2573/553
f 1019/2573/554 1118/2572/554 1119/2574/554 1017/2575/554
f 993/2576/555 1095/2577/555 1094/2486/555 992/2578/555
f 1041/2528/556 1154/2527/556 1073/2579/556 972/2580/556
f 974/2534/557 1075/2479/557 1076/2581/557 975/2582/557
f 972/2580/558 1073/2579/558 1074/2583/558 973/2584/558
f 975/2582/549 1076/2581/549 1069/2585/549 969/2586/549
f 1046/2587/559 1141/2588/559 1130/2589/559 1029/2590/559
f 987/2591/547 1088/2592/547 1095/2577/547 993/2576/547
f 998/2593/560 1097/2594/560 1096/2561/560 997/2560/560
f 978/2595/561 1077/2596/561 1058/2490/561 958/2489/561
f 1030/2597/562 1131/2598/562 1143/2508/562 1048/2507/562
f 999/2599/563 1098/2600/563 1097/2594/563 998/2593/563
f 980/2601/564 1078/2602/564 1079/2603/564 977/2604/564
f 1042/2571/565 1137/2570/565 1081/2605/565 976/2606/565
f 992/2578/566 1094/2486/566 1089/2485/566 988/2607/566
f 996/2608/567 1099/2609/567 1098/2600/567 999/2599/567
f 979/2610/568 1080/2611/568 1077/2596/568 978/2595/568
f 1027/2612/569 1127/2435/569 1132/2434/569 1031/2543/569
f 977/2604/570 1079/2603/570 1080/2613/570 979/2614/570
f 1026/2615/571 1126/2616/571 1127/2617/571 1027/2618/571
f 976/2606/572 1081/2605/572 1078/2602/572 980/2601/572
f 990/2538/573 1092/2537/573 1141/2588/573 1046/2587/573
f 1051/2532/574 1146/2531/574 1129/2514/574 1028/2513/574
f 1052/2540/575 1147/2539/575 1072/2553/575 971/2552/575
f 1029/2590/576 1130/2589/576 1131/2619/576 1030/2620/576
o t_shirt_5
v 0.000113 1.334360 -0.465362
v -0.070372 1.252178 -0.465362
v -0.008785 1.293269 -0.465362
v -0.042243 1.258811 -0.465362
v -0.022242 1.273272 -0.465362
v -0.002574 1.313059 -0.465362
v 0.017871 1.326749 -0.465362
v 0.138191 1.279999 -0.465362
v 0.251855 1.136509 -0.465362
v 0.123840 1.249556 -0.465362
v 0.114272 1.205632 -0.465362
v 0.112967 1.152575 -0.465362
v 0.119230 1.073669 -0.465362
v 0.120482 0.972217 -0.465362
v 0.120482 0.652984 -0.465362
v 0.267861 1.114462 -0.465362
v 0.135280 1.015404 -0.465362
v 0.118662 1.032722 -0.465362
v 0.118971 1.036544 -0.465362
v -0.140857 1.334360 -0.465362
v -0.131959 1.293269 -0.465362
v -0.098501 1.258811 -0.465362
v -0.118502 1.273272 -0.465362
v -0.138170 1.313059 -0.465362
v -0.158615 1.326749 -0.465362
v -0.278935 1.279999 -0.465362
v -0.392599 1.136509 -0.465362
v -0.264584 1.249556 -0.465362
v -0.255016 1.205632 -0.465362
v -0.253711 1.152575 -0.465362
v -0.259974 1.073669 -0.465362
v -0.261226 0.972217 -0.465362
v -0.261226 0.652984 -0.465362
v -0.408605 1.114462 -0.465362
v -0.276024 1.015404 -0.465362
v -0.259406 1.032722 -0.465362
v -0.259715 1.036544 -0.465362
v -0.261226 0.678835 -0.465362
v 0.120482 0.678835 -0.465362
v 0.000113 1.334360 -0.446901
v -0.070372 1.329190 -0.446901
v -0.058527 1.328823 -0.446901
v -0.029333 1.330333 -0.446901
v 0.017871 1.326749 -0.446901
v 0.138191 1.279999 -0.446901
v 0.251855 1.136509 -0.446901
v 0.123840 1.249556 -0.446901
v 0.114272 1.205632 -0.446901
v 0.112967 1.152575 -0.446901
v 0.119230 1.073669 -0.446901
v 0.120482 0.972217 -0.446901
v 0.120482 0.652984 -0.446901
v 0.267861 1.114462 -0.446901
v 0.135280 1.015404 -0.446901
v 0.118662 1.032722 -0.446901
v 0.118971 1.036544 -0.446901
v 0.120482 0.678835 -0.446901
v -0.007296 1.317689 -0.446901
v -0.054862 1.313914 -0.446901
v -0.067446 1.313914 -0.446901
v -0.140857 1.334360 -0.446901
v -0.082217 1.328823 -0.446901
v -0.111411 1.330333 -0.446901
v -0.158615 1.326749 -0.446901
v -0.278935 1.279999 -0.446901
v -0.392599 1.136509 -0.446901
v -0.264584 1.249556 -0.446901
v -0.255016 1.205632 -0.446901
v -0.253711 1.152575 -0.446901
v -0.259974 1.073669 -0.446901
v -0.261226 0.972217 -0.446901
v -0.261226 0.652984 -0.446901
v -0.408605 1.114462 -0.446901
v -0.276024 1.015404 -0.446901
v -0.259406 1.032722 -0.446901
v -0.259715 1.036544 -0.446901
v -0.261226 0.678835 -0.446901
v -0.133448 1.317689 -0.446901
v -0.085882 1.313914 -0.446901
v -0.073298 1.313914 -0.446901
v 0.001523 1.339959 -0.456131
v 0.019636 1.332196 -0.456131
v 0.142362 1.284510 -0.456131
v 0.258299 1.138150 -0.456131
v 0.274626 1.115663 -0.456131
v -0.142267 1.339959 -0.456131
v -0.160380 1.332196 -0.456131
v -0.283106 1.284510 -0.456131
v -0.399043 1.138150 -0.456131
v -0.415370 1.115663 -0.456131
v -0.263187 1.032288 -0.456131
v -0.280137 1.014623 -0.456131
v -0.265043 0.970573 -0.456131
v -0.265043 0.671323 -0.456131
v -0.265043 0.644955 -0.456131
v 0.124299 0.644955 -0.456131
v 0.124299 0.671323 -0.456131
v 0.124299 0.970573 -0.456131
v 0.122443 1.032288 -0.456131
v 0.139393 1.014623 -0.456131
v -0.042243 1.258811 -0.460821
v -0.070372 1.252178 -0.460821
v -0.002574 1.313059 -0.460821
v -0.008785 1.293269 -0.460821
v -0.022242 1.273272 -0.460821
v -0.001779 1.329945 -0.461853
v 0.016233 1.322734 -0.461640
v 0.135433 1.276202 -0.461799
v 0.248444 1.133911 -0.461620
v 0.123840 1.249556 -0.460821
v 0.114272 1.205632 -0.460821
v 0.112967 1.152575 -0.460821
v 0.119230 1.073669 -0.460821
v 0.115801 0.972142 -0.461794
v 0.115819 0.678835 -0.461785
v 0.115241 0.652984 -0.462086
v 0.264263 1.111850 -0.461687
v 0.139540 1.019491 -0.462520
v 0.117224 1.035294 -0.461179
v 0.118971 1.036544 -0.460821
v -0.098501 1.258811 -0.460821
v -0.138170 1.313059 -0.460821
v -0.131959 1.293269 -0.460821
v -0.118502 1.273272 -0.460821
v -0.138965 1.329945 -0.461853
v -0.156977 1.322734 -0.461640
v -0.276177 1.276202 -0.461799
v -0.389188 1.133911 -0.461620
v -0.264584 1.249556 -0.460821
v -0.255016 1.205632 -0.460821
v -0.253711 1.152575 -0.460821
v -0.259974 1.073669 -0.460821
v -0.256545 0.972142 -0.461794
v -0.256563 0.678835 -0.461785
v -0.255985 0.652984 -0.462086
v -0.405007 1.111850 -0.461687
v -0.280283 1.019491 -0.462520
v -0.257968 1.035294 -0.461179
v -0.259715 1.036544 -0.460821
v -0.070372 1.329190 -0.451442
v -0.058527 1.328823 -0.451442
v -0.029333 1.330333 -0.451442
v -0.001180 1.331341 -0.450992
v 0.016251 1.322778 -0.450642
v 0.135433 1.276202 -0.450463
v 0.248444 1.133911 -0.450643
v 0.123840 1.249556 -0.451442
v 0.114272 1.205632 -0.451442
v 0.112967 1.152575 -0.451442
v 0.119230 1.073669 -0.451442
v 0.115801 0.972142 -0.450468
v 0.115819 0.678835 -0.450477
v 0.115241 0.652984 -0.450176
v 0.264263 1.111850 -0.450575
v 0.139540 1.019491 -0.449742
v 0.117224 1.035294 -0.451083
v 0.118971 1.036544 -0.451442
v -0.007296 1.317689 -0.451442
v -0.054862 1.313914 -0.451442
v -0.067446 1.313914 -0.451442
v -0.082217 1.328823 -0.451442
v -0.111411 1.330333 -0.451442
v -0.139563 1.331341 -0.450992
v -0.156994 1.322778 -0.450642
v -0.276177 1.276202 -0.450463
v -0.389188 1.133911 -0.450643
v -0.264584 1.249556 -0.451442
v -0.255016 1.205632 -0.451442
v -0.253711 1.152575 -0.451442
v -0.259974 1.073669 -0.451442
v -0.256545 0.972142 -0.450468
v -0.256563 0.678835 -0.450477
v -0.255985 0.652984 -0.450176
v -0.405007 1.111850 -0.450575
v -0.280283 1.019491 -0.449742
v -0.257968 1.035294 -0.451083
v -0.259715 1.036544 -0.451442
v -0.133448 1.317689 -0.451442
v -0.085882 1.313914 -0.451442
v -0.073298 1.313914 -0.451442
v -0.139286 1.333002 -0.456131
v -0.157516 1.325190 -0.456131
v -0.278574 1.278449 -0.456131
v -0.393004 1.133589 -0.456131
v -0.409245 1.111216 -0.456131
v -0.261245 1.039603 -0.456131
v -0.285598 1.019863 -0.456131
v -0.257476 0.970467 -0.456131
v -0.257475 0.671323 -0.456131
v -0.257475 0.644955 -0.456131
v 0.116731 0.644955 -0.456131
v 0.116731 0.671323 -0.456131
v 0.116732 0.970467 -0.456131
v -0.001458 1.333002 -0.456131
v 0.016773 1.325190 -0.456131
v 0.137830 1.278449 -0.456131
v 0.252260 1.133589 -0.456131
v 0.268501 1.111216 -0.456131
v 0.120501 1.039603 -0.456131
v 0.144854 1.019863 -0.456131
vn -0.0000 -0.0000 -1.0000
vn -0.0000 -0.0000 1.0000
vn -0.3351 0.7820 0.5255
vn -0.3218 0.7872 0.5260
vn -0.3213 0.7874 0.5261
vn -0.4993 0.6678 0.5520
vn -0.4903 0.6749 0.5514
vn -0.6549 0.5188 0.5495
vn -0.6724 0.4882 0.5563
vn 0.7216 -0.6924 -0.0000
vn 0.6978 -0.6696 -0.2543
vn -0.9995 0.0301 -0.0000
vn -0.9255 0.0278 0.3778
vn -1.0000 -0.0000 -0.0000
vn -0.9241 -0.0000 0.3821
vn 1.0000 -0.0000 -0.0000
vn 0.9241 -0.0000 0.3821
vn 0.9999 0.0140 -0.0000
vn 0.9249 0.0149 0.3798
vn 0.3351 0.7820 0.5255
vn 0.3213 0.7874 0.5261
vn 0.3218 0.7872 0.5260
vn 0.4903 0.6749 0.5514
vn 0.4993 0.6678 0.5520
vn 0.6549 0.5188 0.5495
vn 0.6724 0.4882 0.5563
vn 0.9995 0.0301 -0.0000
vn 0.9255 0.0278 0.3778
vn -0.7216 -0.6924 -0.0000
vn -0.6978 -0.6696 -0.2543
vn 0.6724 0.4882 -0.5563
vn 0.4903 0.6749 -0.5514
vn 0.4993 0.6678 -0.5520
vn 0.6549 0.5188 -0.5495
vn 0.3213 0.7874 -0.5261
vn 0.3218 0.7872 -0.5260
vn 0.3351 0.7820 -0.5255
vn -0.6724 0.4882 -0.5563
vn -0.4903 0.6749 -0.5514
vn -0.6549 0.5188 -0.5495
vn -0.4993 0.6678 -0.5520
vn -0.3213 0.7874 -0.5261
vn -0.3218 0.7872 -0.5260
vn -0.3351 0.7820 -0.5255
vn -0.6978 -0.6696 0.2543
vn 0.9255 0.0278 -0.3778
vn 0.9249 0.0149 -0.3798
vn 0.9241 -0.0000 -0.3821
vn -0.9241 -0.0000 -0.3821
vn -0.9255 0.0278 -0.3778
vn 0.6978 -0.6696 0.2543
vn -0.0000 -0.0005 1.0000
vn -0.0037 0.0010 1.0000
vn -0.0045 0.0013 1.0000
vn -0.0000 -0.0061 1.0000
vn 0.0045 0.0013 1.0000
vn 0.0037 0.0010 1.0000
vn -0.0000 -0.0116 0.9999
vn -0.0192 -0.0278 0.9994
vn 0.0192 -0.0278 0.9994
vn 0.0090 0.0032 1.0000
vn -0.0090 0.0032 1.0000
vn -0.0000 0.0071 -1.0000
vn -0.0000 0.0010 -1.0000
vn -0.0000 0.0032 -1.0000
vn -0.0000 -0.0061 -1.0000
vn -0.0000 -0.0116 -0.9999
vn -0.0000 -0.0006 -1.0000
vn -0.0045 0.0013 -1.0000
vn -0.0037 0.0010 -1.0000
vn 0.0037 0.0010 -1.0000
vn 0.0045 0.0013 -1.0000
vn 0.0192 -0.0278 -0.9994
vn -0.0192 -0.0278 -0.9994
vn -0.0090 0.0032 -1.0000
vn 0.0090 0.0032 -1.0000
vn 0.3992 -0.9149 0.0602
vn 0.3901 -0.8568 -0.3373
vn 0.3567 -0.8490 -0.3900
vn 0.3814 -0.9239 0.0309
vn 0.5166 -0.7162 -0.4692
vn 0.5303 -0.7051 -0.4707
vn 0.6888 -0.5453 -0.4777
vn 0.7131 -0.5152 -0.4754
vn -0.4678 0.6374 0.6123
vn 0.9993 0.0374 -0.0000
vn 0.9331 0.0350 -0.3580
vn 1.0000 0.0070 -0.0000
vn 0.9870 -0.0000 -0.1607
vn 0.9843 0.0028 -0.1766
vn 1.0000 0.0098 -0.0000
vn 0.9766 0.0096 -0.2149
vn -1.0000 0.0098 -0.0000
vn -0.9766 0.0096 -0.2149
vn -0.9843 0.0028 -0.1766
vn -1.0000 0.0070 -0.0000
vn -0.9618 0.0197 -0.2729
vn -0.9999 0.0165 -0.0000
vn -0.3992 -0.9149 0.0602
vn -0.3814 -0.9239 0.0309
vn -0.3567 -0.8490 -0.3900
vn -0.3901 -0.8568 -0.3373
vn -0.5303 -0.7051 -0.4707
vn -0.5166 -0.7162 -0.4692
vn -0.6888 -0.5453 -0.4777
vn -0.7131 -0.5152 -0.4754
vn -0.9993 0.0374 -0.0000
vn -0.9331 0.0350 -0.3580
vn 0.4678 0.6374 0.6123
vn -0.7131 -0.5152 0.4754
vn -0.5162 -0.7157 0.4704
vn -0.6888 -0.5453 0.4777
vn -0.5300 -0.7046 0.4719
vn -0.3358 -0.8347 0.4364
vn -0.3470 -0.8311 0.4346
vn 0.7131 -0.5152 0.4754
vn 0.5162 -0.7157 0.4704
vn 0.5300 -0.7046 0.4719
vn 0.6888 -0.5453 0.4777
vn 0.3358 -0.8347 0.4364
vn 0.3470 -0.8311 0.4346
vn 0.4678 0.6374 -0.6123
vn -0.9331 0.0350 0.3580
vn -0.9618 0.0197 0.2729
vn -0.9843 0.0028 0.1766
vn -0.9766 0.0096 0.2149
vn 0.9766 0.0096 0.2149
vn 0.9843 0.0028 0.1766
vn 0.9870 -0.0000 0.1607
vn 0.9331 0.0350 0.3580
vn -0.4678 0.6374 -0.6123
vn -0.0000 1.0000 -0.0000
vn -0.4158 0.9095 -0.0000
vn -0.9012 0.4334 -0.0000
vn -0.9763 0.1969 -0.0903
vn -0.9767 0.1933 -0.0934
vn -0.9323 0.3616 0.0010
vn -0.9323 0.3618 -0.0029
vn -0.9290 0.3547 0.1060
vn 0.8660 -0.0117 -0.4999
vn -0.7189 0.6951 -0.0000
vn -0.6873 -0.5853 -0.4301
vn -0.0000 -1.0000 -0.0000
vn -0.8660 -0.0117 0.4999
vn -0.9793 0.0843 -0.1839
vn 0.5923 -0.7967 -0.1202
vn 0.4739 -0.8199 0.3212
vn 0.5004 -0.8658 -0.0000
vn 0.1753 -0.7064 -0.6857
vn -0.7847 0.0006 -0.6198
vn -0.5923 -0.7967 0.1202
vn -0.1753 -0.7064 0.6857
vn -0.7847 0.0006 0.6198
vn 0.8888 0.3786 0.2581
vn 0.6873 -0.5853 0.4301
vn -0.8888 0.3786 0.2581
vn -0.9254 0.3645 -0.1039
vn 0.6873 -0.5853 -0.4301
vn 0.0104 0.9999 -0.0000
vn 0.8660 -0.0117 0.4999
vn 0.9290 0.3547 0.1060
vn 0.9323 0.3618 -0.0029
vn 0.9323 0.3616 0.0010
vn 0.0669 0.9844 -0.1626
vn 0.0670 0.9842 -0.1640
vn 0.0801 0.9446 -0.3183
vn 0.8888 0.3786 -0.2581
vn 0.4739 -0.8199 -0.3212
vn -0.8888 0.3786 -0.2581
vn 0.5923 -0.7967 0.1202
vn -0.5004 -0.8658 -0.0000
vn -0.4739 -0.8199 0.3212
vn -0.0104 0.9999 -0.0000
vn 0.4158 0.9095 -0.0000
vn -0.6873 -0.5853 0.4301
vn -0.0670 0.9842 -0.1640
vn -0.0669 0.9844 -0.1626
vn 0.9767 0.1933 -0.0934
vn 0.9763 0.1969 -0.0903
vn 0.9012 0.4334 -0.0000
vn 0.9254 0.3645 -0.1039
vn 0.7847 0.0006 -0.6198
vn -0.0801 0.9446 -0.3183
vn 0.7189 0.6951 -0.0000
vn 0.7847 0.0006 0.6198
vn -0.8660 -0.0117 -0.4999
vn 0.9793 0.0843 -0.1839
vn -0.4739 -0.8199 -0.3212
vn 0.1753 -0.7064 0.6857
vn -0.1753 -0.7064 -0.6857
vn -0.5923 -0.7967 -0.1202
vt 0.098155 0.208780
vt 0.103163 0.205160
vt 0.106533 0.200152
vt 0.108088 0.195197
vt 0.108761 0.189863
vt 0.113208 0.191769
vt 0.143337 0.203475
vt 0.139743 0.211098
vt 0.137347 0.222097
vt 0.137021 0.235382
vt 0.138589 0.255140
vt 0.138902 0.280544
vt 0.138902 0.354007
vt 0.043320 0.354007
vt 0.043320 0.280544
vt 0.043634 0.255140
vt 0.045202 0.235382
vt 0.044875 0.222097
vt 0.042479 0.211098
vt 0.038886 0.203475
vt 0.069014 0.191769
vt 0.073461 0.189863
vt 0.074134 0.195197
vt 0.075689 0.200152
vt 0.079059 0.205160
vt 0.084067 0.208780
vt 0.091111 0.210441
vt 0.043320 0.360480
vt 0.138902 0.360480
vt 0.010423 0.239405
vt 0.043698 0.264436
vt 0.043776 0.265393
vt 0.039615 0.269730
vt 0.006415 0.244926
vt 0.171799 0.239405
vt 0.175807 0.244926
vt 0.142608 0.269730
vt 0.138447 0.265393
vt 0.138524 0.264436
vt 0.455556 0.374605
vt 0.458522 0.374697
vt 0.465832 0.374319
vt 0.473206 0.373311
vt 0.477652 0.375216
vt 0.471350 0.377485
vt 0.459439 0.378430
vt 0.456288 0.378430
vt 0.454823 0.378430
vt 0.451672 0.378430
vt 0.439761 0.377485
vt 0.433459 0.375216
vt 0.437906 0.373311
vt 0.445279 0.374319
vt 0.452590 0.374697
vt 0.407764 0.537454
vt 0.503347 0.537454
vt 0.503347 0.543927
vt 0.407764 0.543927
vt 0.503347 0.463991
vt 0.407764 0.463991
vt 0.408078 0.438587
vt 0.409646 0.418829
vt 0.409320 0.405544
vt 0.406924 0.394545
vt 0.403330 0.386923
vt 0.507781 0.386923
vt 0.504188 0.394545
vt 0.501792 0.405544
vt 0.501465 0.418829
vt 0.503033 0.438587
vt 0.374868 0.422852
vt 0.408143 0.447883
vt 0.408220 0.448841
vt 0.404059 0.453177
vt 0.370860 0.428373
vt 0.536243 0.422852
vt 0.540251 0.428373
vt 0.507052 0.453177
vt 0.502891 0.448841
vt 0.502968 0.447883
vt 0.174515 0.922186
vt 0.174519 0.926722
vt 0.170709 0.926240
vt 0.170705 0.921793
vt 0.174515 0.957455
vt 0.170705 0.956371
vt 0.938304 0.676587
vt 0.938303 0.715631
vt 0.934459 0.715912
vt 0.934461 0.677634
vt 0.938304 0.721598
vt 0.934461 0.721761
vt 0.330128 0.973435
vt 0.325884 0.973396
vt 0.324937 0.969543
vt 0.329098 0.969581
vt 0.840036 0.859474
vt 0.840034 0.874909
vt 0.836186 0.874414
vt 0.836188 0.859282
vt 0.840036 0.949558
vt 0.836188 0.947599
vt 0.840036 0.956135
vt 0.836188 0.954048
vt 0.942722 0.836305
vt 0.942722 0.829727
vt 0.946570 0.827769
vt 0.946570 0.834217
vt 0.942724 0.755079
vt 0.946572 0.754584
vt 0.051384 0.922186
vt 0.055193 0.921793
vt 0.055189 0.926240
vt 0.051379 0.926722
vt 0.055193 0.956371
vt 0.051384 0.957455
vt 0.960655 0.304080
vt 0.964499 0.305126
vt 0.964500 0.343404
vt 0.960657 0.343124
vt 0.964499 0.349254
vt 0.960655 0.349090
vt 0.942722 0.739644
vt 0.946570 0.739451
vt 0.870081 0.972858
vt 0.871111 0.969004
vt 0.875272 0.968966
vt 0.874326 0.972819
vt 0.956796 0.343381
vt 0.956795 0.349230
vt 0.956795 0.305102
vt 0.047488 0.926321
vt 0.047492 0.956451
vt 0.047492 0.921874
vt 0.942164 0.715888
vt 0.942165 0.721737
vt 0.942165 0.677610
vt 0.178411 0.926321
vt 0.178407 0.956451
vt 0.178407 0.921874
vt 0.871111 0.976708
vt 0.875272 0.976670
vt 0.938865 0.739454
vt 0.938867 0.754587
vt 0.938866 0.827772
vt 0.938865 0.834220
vt 0.843893 0.954051
vt 0.843893 0.947602
vt 0.843891 0.874417
vt 0.843893 0.859285
vt 0.329098 0.977285
vt 0.324937 0.977247
vt 0.083166 0.757260
vt 0.090210 0.758921
vt 0.097254 0.757260
vt 0.102262 0.753639
vt 0.105632 0.748632
vt 0.107187 0.743676
vt 0.107386 0.739452
vt 0.111897 0.741256
vt 0.141745 0.752908
vt 0.138842 0.759577
vt 0.136446 0.770576
vt 0.136120 0.783861
vt 0.137688 0.803619
vt 0.136829 0.829045
vt 0.136834 0.902489
vt 0.043587 0.902489
vt 0.043591 0.829045
vt 0.042733 0.803619
vt 0.044301 0.783861
vt 0.043974 0.770576
vt 0.041578 0.759577
vt 0.038675 0.752908
vt 0.068524 0.741256
vt 0.073034 0.739452
vt 0.073233 0.743676
vt 0.074788 0.748632
vt 0.078158 0.753639
vt 0.136689 0.908963
vt 0.043731 0.908963
vt 0.170044 0.788538
vt 0.174005 0.794062
vt 0.142773 0.817191
vt 0.137185 0.813230
vt 0.137623 0.812915
vt 0.010376 0.788538
vt 0.042797 0.812915
vt 0.043235 0.813230
vt 0.037647 0.817191
vt 0.006415 0.794062
vt 0.454655 0.557295
vt 0.457621 0.557387
vt 0.464931 0.557008
vt 0.471981 0.556757
vt 0.476346 0.558903
vt 0.470449 0.560174
vt 0.458538 0.561120
vt 0.455387 0.561120
vt 0.453922 0.561120
vt 0.450771 0.561120
vt 0.438860 0.560174
vt 0.432964 0.558903
vt 0.437329 0.556757
vt 0.444378 0.557008
vt 0.451689 0.557387
vt 0.501278 0.720147
vt 0.501133 0.726621
vt 0.408176 0.726621
vt 0.408031 0.720147
vt 0.408036 0.646702
vt 0.407177 0.621277
vt 0.408745 0.601519
vt 0.408419 0.588234
vt 0.406023 0.577235
vt 0.403120 0.570566
vt 0.506190 0.570566
vt 0.503287 0.577235
vt 0.500891 0.588234
vt 0.500564 0.601519
vt 0.502132 0.621277
vt 0.501274 0.646702
vt 0.534488 0.606195
vt 0.538450 0.611719
vt 0.507218 0.634848
vt 0.501630 0.630888
vt 0.502068 0.630573
vt 0.374821 0.606195
vt 0.407242 0.630573
vt 0.407679 0.630888
vt 0.402091 0.634848
vt 0.370860 0.611719
vt 0.678407 0.921867
vt 0.680548 0.921931
vt 0.680687 0.926295
vt 0.678402 0.926432
vt 0.680743 0.956139
vt 0.678384 0.956746
vt 0.460558 0.921793
vt 0.462929 0.922393
vt 0.462893 0.955418
vt 0.460598 0.955428
vt 0.462929 0.960575
vt 0.460606 0.960654
vt 0.009083 0.970286
vt 0.011746 0.971617
vt 0.011292 0.977205
vt 0.009215 0.976384
vt 0.819499 0.747923
vt 0.821610 0.749069
vt 0.821869 0.764853
vt 0.819505 0.765252
vt 0.819509 0.839874
vt 0.821870 0.838019
vt 0.819510 0.846451
vt 0.821997 0.844480
vt 0.840029 0.846451
vt 0.837542 0.844480
vt 0.837669 0.838018
vt 0.840029 0.839873
vt 0.837669 0.764853
vt 0.840034 0.765252
vt 0.961738 0.739525
vt 0.961743 0.744090
vt 0.959458 0.743953
vt 0.959597 0.739589
vt 0.961761 0.774404
vt 0.959402 0.773797
vt 0.573015 0.921793
vt 0.572975 0.955428
vt 0.570680 0.955418
vt 0.570643 0.922393
vt 0.572967 0.960654
vt 0.570643 0.960575
vt 0.840039 0.747923
vt 0.837929 0.749069
vt 0.440327 0.969543
vt 0.440195 0.975641
vt 0.438118 0.976462
vt 0.437664 0.970874
vt 0.575261 0.955444
vt 0.575281 0.960602
vt 0.575374 0.922420
vt 0.964048 0.743962
vt 0.964133 0.773810
vt 0.964133 0.739451
vt 0.458312 0.955444
vt 0.458292 0.960602
vt 0.458198 0.922419
vt 0.676097 0.926303
vt 0.676012 0.956152
vt 0.676012 0.921793
vt 0.442995 0.970874
vt 0.442330 0.976462
vt 0.842142 0.749071
vt 0.842396 0.764855
vt 0.842388 0.838021
vt 0.842512 0.844482
vt 0.817026 0.844482
vt 0.817151 0.838021
vt 0.817143 0.764855
vt 0.817397 0.749071
vt 0.006415 0.971617
vt 0.007080 0.977205
vt 0.776610 0.981018
vt 0.774716 0.981018
vt 0.774672 0.973974
vt 0.776566 0.973974
vt 0.979147 0.657483
vt 0.977368 0.656829
vt 0.979126 0.652070
vt 0.980904 0.652725
vt 0.979640 0.645014
vt 0.979015 0.646703
vt 0.976862 0.646345
vt 0.975531 0.645022
vt 0.993576 0.764786
vt 0.992081 0.764702
vt 0.991690 0.739451
vt 0.993585 0.739451
vt 0.774575 0.968966
vt 0.776470 0.968966
vt 0.114269 0.974133
vt 0.115457 0.974126
vt 0.115480 0.976799
vt 0.114554 0.977990
vt 0.977309 0.662436
vt 0.975531 0.661781
vt 0.918330 0.740407
vt 0.919698 0.741720
vt 0.919698 0.834677
vt 0.918330 0.835990
vt 0.978859 0.879284
vt 0.977376 0.879200
vt 0.976964 0.853949
vt 0.978859 0.853950
vt 0.980990 0.648250
vt 0.982761 0.647684
vt 0.260554 0.956662
vt 0.259371 0.955603
vt 0.259021 0.924373
vt 0.260554 0.923462
vt 0.256694 0.923327
vt 0.256694 0.921793
vt 0.926035 0.740407
vt 0.924668 0.741720
vt 0.922200 0.741347
vt 0.922200 0.739451
vt 0.843891 0.764735
vt 0.843889 0.749682
vt 0.383763 0.956712
vt 0.382576 0.955638
vt 0.382230 0.924403
vt 0.383763 0.923512
vt 0.922200 0.835050
vt 0.922200 0.836945
vt 0.836185 0.749678
vt 0.836186 0.764731
vt 0.823354 0.749678
vt 0.821459 0.748719
vt 0.823354 0.748718
vt 0.130844 0.974133
vt 0.129656 0.974126
vt 0.129633 0.971466
vt 0.130559 0.970286
vt 0.836185 0.748718
vt 0.838080 0.748719
vt 0.926035 0.835990
vt 0.924668 0.834677
vt 0.821458 0.739452
vt 0.823353 0.739452
vt 0.130559 0.977990
vt 0.129633 0.976799
vt 0.836186 0.739451
vt 0.838081 0.739452
vt 0.974394 0.140074
vt 0.976288 0.140074
vt 0.976291 0.143040
vt 0.974396 0.143040
vt 0.976964 0.892116
vt 0.978859 0.892115
vt 0.978447 0.917366
vt 0.976964 0.917450
vt 0.963077 0.524738
vt 0.961745 0.526060
vt 0.959592 0.526418
vt 0.958967 0.524729
vt 0.976281 0.150350
vt 0.974386 0.150350
vt 0.976086 0.157400
vt 0.974360 0.157724
vt 0.815649 0.748722
vt 0.817544 0.748721
vt 0.815650 0.749682
vt 0.254384 0.924403
vt 0.252850 0.923512
vt 0.841995 0.748721
vt 0.843890 0.748722
vt 0.254038 0.955638
vt 0.252850 0.956712
vt 0.841995 0.739454
vt 0.843891 0.739455
vt 0.379920 0.921793
vt 0.379919 0.923327
vt 0.377592 0.924373
vt 0.376059 0.923462
vt 0.815648 0.739455
vt 0.817543 0.739454
vt 0.974396 0.137108
vt 0.976291 0.137108
vt 0.776566 0.988062
vt 0.774672 0.988062
vt 0.114554 0.970286
vt 0.115480 0.971466
vt 0.974386 0.129797
vt 0.976281 0.129797
vt 0.957703 0.532440
vt 0.959482 0.531786
vt 0.961239 0.536544
vt 0.959460 0.537199
vt 0.957617 0.527965
vt 0.955846 0.527399
vt 0.815648 0.764735
vt 0.974360 0.122424
vt 0.976086 0.122748
vt 0.776470 0.993070
vt 0.774575 0.993070
vt 0.823353 0.764731
vt 0.963077 0.541497
vt 0.961298 0.542151
vt 0.989121 0.122424
vt 0.991017 0.122425
vt 0.990616 0.147675
vt 0.989121 0.147758
vt 0.377243 0.955603
vt 0.376059 0.956662
s 1
usemtl cloth
f 1160/2621/577 1161/2622/577 1159/2623/577 1162/2624/577 1157/2625/577 1163/2626/577 1164/2627/577 1166/2628/577 1167/2629/577 1168/2630/577 1169/2631/577 1170/2632/577 1195/2633/577 1194/2634/577 1188/2635/577 1187/2636/577 1186/2637/577 1185/2638/577 1184/2639/577 1182/2640/577 1181/2641/577 1176/2642/577 1180/2643/577 1177/2644/577 1179/2645/577 1178/2646/577 1158/2647/577
f 1189/2648/577 1194/2634/577 1195/2633/577 1171/2649/577
f 1183/2650/577 1193/2651/577 1192/2652/577 1191/2653/577 1190/2654/577
f 1165/2655/577 1172/2656/577 1173/2657/577 1174/2658/577 1175/2659/577
f 1165/2655/577 1175/2659/577 1169/2631/577 1168/2630/577 1167/2629/577 1166/2628/577 1164/2627/577
f 1183/2650/577 1182/2640/577 1184/2639/577 1185/2638/577 1186/2637/577 1187/2636/577 1193/2651/577
f 1197/2660/578 1218/2661/578 1219/2662/578 1217/2663/578 1220/2664/578 1234/2665/578 1235/2666/578 1236/2667/578 1216/2668/578 1215/2669/578 1214/2670/578 1200/2671/578 1196/2672/578 1199/2673/578 1198/2674/578
f 1213/2675/578 1233/2676/578 1228/2677/578 1208/2678/578
f 1227/2679/578 1233/2676/578 1213/2675/578 1207/2680/578 1206/2681/578 1205/2682/578 1204/2683/578 1203/2684/578 1201/2685/578 1200/2671/578 1214/2670/578 1215/2669/578 1216/2668/578 1236/2667/578 1235/2666/578 1234/2665/578 1220/2664/578 1221/2686/578 1223/2687/578 1224/2688/578 1225/2689/578 1226/2690/578
f 1202/2691/578 1212/2692/578 1211/2693/578 1210/2694/578 1209/2695/578
f 1222/2696/578 1229/2697/578 1230/2698/578 1231/2699/578 1232/2700/578
f 1222/2696/578 1232/2700/578 1226/2690/578 1225/2689/578 1224/2688/578 1223/2687/578 1221/2686/578
f 1202/2691/578 1201/2685/578 1203/2684/578 1204/2683/578 1205/2682/578 1206/2681/578 1212/2692/578
f 1242/2701/579 1243/2702/580 1220/2703/581 1217/2704/579
f 1243/2702/580 1244/2705/582 1221/2706/583 1220/2703/581
f 1244/2707/582 1245/2708/584 1222/2709/584 1221/2710/583
f 1245/2708/585 1246/2711/585 1229/2712/585 1222/2709/585
f 1248/2713/586 1247/2714/586 1231/2715/587 1230/2716/587
f 1247/2717/588 1249/2718/588 1227/2719/589 1231/2720/589
f 1250/2721/590 1233/2722/591 1227/2719/591 1249/2718/590
f 1251/2723/590 1228/2724/591 1233/2722/591 1250/2721/590
f 1252/2725/592 1253/2726/592 1213/2727/593 1208/2728/593
f 1253/2726/592 1254/2729/594 1207/2730/595 1213/2727/593
f 1237/2731/596 1196/2732/596 1200/2733/597 1238/2734/598
f 1238/2734/598 1200/2733/597 1201/2735/599 1239/2736/600
f 1239/2737/600 1201/2738/599 1202/2739/601 1240/2740/601
f 1240/2740/602 1202/2739/602 1209/2741/602 1241/2742/602
f 1255/2743/603 1211/2744/604 1207/2730/595 1254/2729/594
f 1256/2745/605 1210/2746/606 1211/2747/606 1255/2748/605
f 1165/2749/607 1240/2740/607 1241/2742/607 1172/2750/607
f 1164/2751/608 1239/2737/609 1240/2740/610 1165/2749/610
f 1163/2752/611 1238/2734/612 1239/2736/609 1164/2753/608
f 1157/2754/613 1237/2731/613 1238/2734/612 1163/2752/611
f 1183/2755/614 1190/2756/614 1246/2711/614 1245/2708/614
f 1182/2757/615 1183/2755/616 1245/2708/616 1244/2707/617
f 1181/2758/618 1182/2759/615 1244/2705/617 1243/2702/619
f 1176/2760/620 1181/2758/618 1243/2702/619 1242/2701/620
f 1173/2761/621 1256/2745/605 1255/2748/605 1174/2762/621
f 1174/2763/622 1255/2743/603 1254/2729/594 1170/2764/623
f 1195/2765/624 1170/2764/623 1254/2729/594 1253/2726/592
f 1171/2766/624 1195/2765/624 1253/2726/592 1252/2725/592
f 1189/2767/625 1251/2723/590 1250/2721/590 1194/2768/625
f 1194/2768/625 1250/2721/590 1249/2718/590 1188/2769/625
f 1192/2770/626 1188/2769/626 1249/2718/588 1247/2717/588
f 1191/2771/627 1192/2772/627 1247/2714/586 1248/2713/586
f 1257/2773/628 1258/2774/628 1277/2775/628 1280/2776/628 1279/2777/628 1278/2778/628 1281/2779/628 1282/2780/628 1283/2781/629 1285/2782/630 1286/2783/630 1287/2784/630 1288/2785/630 1289/2786/628 1290/2787/631 1271/2788/631 1270/2789/628 1269/2790/632 1268/2791/632 1267/2792/632 1266/2793/632 1264/2794/633 1263/2795/628 1262/2796/628 1259/2797/628 1260/2798/628 1261/2799/628
f 1291/2800/634 1272/2801/634 1271/2788/631 1290/2787/631
f 1284/2802/635 1292/2803/635 1293/2804/635 1294/2805/635 1295/2806/635
f 1265/2807/636 1276/2808/636 1275/2809/636 1274/2810/636 1273/2811/636
f 1265/2807/637 1264/2794/633 1266/2793/632 1267/2792/632 1268/2791/632 1269/2790/632 1276/2808/637
f 1284/2802/638 1295/2806/638 1288/2785/630 1287/2784/630 1286/2783/630 1285/2782/630 1283/2781/629
f 1296/2812/639 1297/2813/639 1298/2814/639 1299/2815/639 1300/2816/640 1314/2817/641 1315/2818/641 1316/2819/641 1336/2820/641 1335/2821/641 1334/2822/641 1320/2823/640 1319/2824/639 1318/2825/639 1317/2826/639
f 1308/2827/642 1309/2828/643 1329/2829/643 1328/2830/642
f 1327/2831/644 1326/2832/645 1325/2833/645 1324/2834/645 1323/2835/645 1321/2836/646 1320/2823/640 1334/2822/641 1335/2821/641 1336/2820/641 1316/2819/641 1315/2818/641 1314/2817/641 1300/2816/640 1301/2837/647 1303/2838/648 1304/2839/648 1305/2840/648 1306/2841/648 1307/2842/644 1308/2827/642 1328/2830/642
f 1302/2843/649 1310/2844/649 1311/2845/649 1312/2846/649 1313/2847/649
f 1322/2848/650 1333/2849/650 1332/2850/650 1331/2851/650 1330/2852/650
f 1322/2848/651 1321/2836/646 1323/2835/645 1324/2834/645 1325/2833/645 1326/2832/645 1333/2849/651
f 1302/2843/652 1313/2847/652 1306/2841/648 1305/2840/648 1304/2839/648 1303/2838/648 1301/2837/647
f 1337/2853/653 1319/2854/654 1320/2855/655 1338/2856/656
f 1338/2856/656 1320/2855/655 1321/2857/657 1339/2858/658
f 1339/2859/658 1321/2860/657 1322/2861/659 1340/2862/659
f 1340/2862/660 1322/2861/660 1330/2863/660 1341/2864/660
f 1343/2865/661 1331/2866/661 1332/2867/661 1342/2868/661
f 1342/2869/662 1332/2870/663 1327/2871/663 1344/2872/662
f 1345/2873/664 1344/2872/592 1327/2871/665 1328/2874/666
f 1346/2875/667 1345/2873/664 1328/2874/666 1329/2876/668
f 1347/2877/669 1309/2878/670 1308/2879/671 1348/2880/672
f 1348/2880/672 1308/2879/671 1307/2881/673 1349/2882/674
f 1350/2883/675 1351/2884/676 1300/2885/677 1299/2886/678
f 1351/2884/676 1352/2887/679 1301/2888/680 1300/2885/677
f 1352/2889/679 1353/2890/681 1302/2891/681 1301/2892/680
f 1353/2890/682 1354/2893/682 1310/2894/682 1302/2891/682
f 1355/2895/683 1349/2882/674 1307/2881/673 1312/2896/684
f 1356/2897/685 1355/2898/685 1312/2899/685 1311/2900/685
f 1265/2901/686 1273/2902/686 1354/2893/686 1353/2890/686
f 1264/2903/687 1265/2901/688 1353/2890/688 1352/2889/689
f 1263/2904/690 1264/2905/687 1352/2887/689 1351/2884/676
f 1262/2906/691 1263/2904/690 1351/2884/676 1350/2883/675
f 1284/2907/692 1340/2862/692 1341/2864/692 1292/2908/692
f 1283/2909/693 1339/2859/694 1340/2862/695 1284/2907/695
f 1282/2910/696 1338/2856/656 1339/2858/694 1283/2911/693
f 1281/2912/697 1337/2853/653 1338/2856/656 1282/2910/696
f 1274/2913/698 1275/2914/698 1355/2898/698 1356/2897/698
f 1275/2915/699 1270/2916/700 1349/2882/674 1355/2895/683
f 1271/2917/701 1348/2880/672 1349/2882/674 1270/2916/700
f 1272/2918/702 1347/2877/669 1348/2880/672 1271/2917/701
f 1291/2919/703 1290/2920/704 1345/2873/664 1346/2875/667
f 1290/2920/704 1289/2921/705 1344/2872/592 1345/2873/664
f 1294/2922/706 1342/2869/662 1344/2872/662 1289/2921/706
f 1293/2923/707 1343/2865/707 1342/2868/707 1294/2924/707
f 1158/2925/708 1258/2926/708 1257/2927/709 1160/2928/709
f 1159/2929/710 1260/2930/710 1259/2931/711 1162/2932/712
f 1237/2933/713 1350/2934/714 1299/2935/715 1196/2936/715
f 1207/2937/716 1307/2938/716 1306/2939/716 1206/2940/716
f 1160/2928/709 1257/2927/709 1261/2941/717 1161/2942/717
f 1248/2943/718 1343/2944/718 1293/2945/718 1191/2946/718
f 1161/2947/717 1261/2948/717 1260/2930/710 1159/2929/710
f 1228/2949/719 1329/2950/719 1309/2951/719 1208/2952/719
f 1188/2953/720 1289/2954/720 1288/2955/720 1187/2956/720
f 1162/2932/712 1259/2931/711 1262/2957/721 1157/2958/721
f 1210/2959/722 1311/2960/722 1310/2961/722 1209/2962/722
f 1209/2962/723 1310/2961/723 1354/2963/724 1241/2964/724
f 1189/2965/725 1291/2966/725 1346/2967/725 1251/2968/725
f 1170/2969/726 1270/2916/726 1275/2915/726 1174/2970/726
f 1191/2971/727 1293/2972/727 1292/2973/727 1190/2974/727
f 1208/2952/728 1309/2951/728 1347/2975/728 1252/2976/728
f 1211/2977/729 1312/2896/729 1307/2881/729 1207/2978/729
f 1231/2979/730 1332/2870/730 1333/2980/730 1232/2981/730
f 1256/2982/731 1356/2983/731 1311/2984/731 1210/2985/731
f 1212/2986/732 1313/2987/732 1312/2896/732 1211/2977/732
f 1171/2988/719 1272/2989/719 1291/2966/719 1189/2965/719
f 1157/2958/733 1262/2957/733 1350/2934/714 1237/2933/713
f 1232/2981/664 1333/2980/664 1326/2990/664 1226/2991/664
f 1173/2992/734 1274/2993/734 1356/2983/734 1256/2982/734
f 1206/2994/672 1306/2995/672 1313/2987/672 1212/2986/672
f 1197/2996/708 1296/2997/708 1317/2998/735 1218/2999/735
f 1169/3000/736 1269/3001/736 1270/3002/736 1170/3003/736
f 1217/3004/737 1319/3005/737 1337/3006/738 1242/3007/739
f 1218/2999/735 1317/2998/735 1318/3008/740 1219/3009/741
f 1219/3009/741 1318/3008/740 1319/3010/742 1217/3011/742
f 1193/3012/743 1295/3013/743 1294/2922/743 1192/3014/743
f 1241/2964/724 1354/2963/724 1273/3015/744 1172/3016/744
f 1174/2970/745 1275/2915/745 1276/3017/745 1175/3018/745
f 1172/3016/746 1273/3015/746 1274/3019/746 1173/3020/746
f 1175/3018/672 1276/3017/672 1269/3021/672 1169/3022/672
f 1246/3023/747 1341/3024/747 1330/3025/748 1229/3026/748
f 1187/3027/664 1288/3028/664 1295/3013/664 1193/3012/664
f 1198/3029/749 1297/3030/749 1296/2997/708 1197/2996/708
f 1178/3031/750 1277/3032/750 1258/2926/708 1158/2925/708
f 1230/3033/751 1331/3034/751 1343/2944/751 1248/2943/751
f 1199/3035/752 1298/3036/753 1297/3030/749 1198/3029/749
f 1180/3037/754 1278/3038/755 1279/3039/756 1177/3040/756
f 1242/3007/739 1337/3006/738 1281/3041/757 1176/3042/757
f 1192/3014/758 1294/2922/758 1289/2921/758 1188/3043/758
f 1196/3044/759 1299/3045/759 1298/3036/753 1199/3035/752
f 1179/3046/760 1280/3047/760 1277/3032/750 1178/3031/750
f 1227/3048/761 1327/2871/761 1332/2870/761 1231/2979/761
f 1177/3040/756 1279/3039/756 1280/3049/760 1179/3050/760
f 1226/3051/762 1326/3052/762 1327/3053/762 1227/3054/762
f 1176/3042/763 1281/3041/763 1278/3038/755 1180/3037/754
f 1190/2974/764 1292/2973/764 1341/3024/747 1246/3023/747
f 1251/2968/765 1346/2967/765 1329/2950/765 1228/2949/765
f 1252/2976/766 1347/2975/766 1272/2989/766 1171/2988/766
f 1229/3026/767 1330/3025/767 1331/3055/767 1230/3056/767
o t_shirt_6
v 0.000113 1.334360 -0.984322
v -0.070372 1.252178 -0.984322
v -0.008785 1.293269 -0.984322
v -0.042243 1.258811 -0.984322
v -0.022242 1.273272 -0.984322
v -0.002574 1.313059 -0.984322
v 0.017871 1.326749 -0.984322
v 0.138191 1.279999 -0.984322
v 0.251855 1.136509 -0.984322
v 0.123840 1.249556 -0.984322
v 0.114272 1.205632 -0.984322
v 0.112967 1.152575 -0.984322
v 0.119230 1.073669 -0.984322
v 0.120482 0.972217 -0.984322
v 0.120482 0.652984 -0.984322
v 0.267861 1.114462 -0.984322
v 0.135280 1.015404 -0.984322
v 0.118662 1.032722 -0.984322
v 0.118971 1.036544 -0.984322
v -0.140857 1.334360 -0.984322
v -0.131959 1.293269 -0.984322
v -0.098501 1.258811 -0.984322
v -0.118502 1.273272 -0.984322
v -0.138170 1.313059 -0.984322
v -0.158615 1.326749 -0.984322
v -0.278935 1.279999 -0.984322
v -0.392599 1.136509 -0.984322
v -0.264584 1.249556 -0.984322
v -0.255016 1.205632 -0.984322
v -0.253711 1.152575 -0.984322
v -0.259974 1.073669 -0.984322
v -0.261226 0.972217 -0.984322
v -0.261226 0.652984 -0.984322
v -0.408605 1.114462 -0.984322
v -0.276024 1.015404 -0.984322
v -0.259406 1.032722 -0.984322
v -0.259715 1.036544 -0.984322
v -0.261226 0.678835 -0.984322
v 0.120482 0.678835 -0.984322
v 0.000113 1.334360 -0.965861
v -0.070372 1.329190 -0.965861
v -0.058527 1.328823 -0.965861
v -0.029333 1.330333 -0.965861
v 0.017871 1.326749 -0.965861
v 0.138191 1.279999 -0.965861
v 0.251855 1.136509 -0.965861
v 0.123840 1.249556 -0.965861
v 0.114272 1.205632 -0.965861
v 0.112967 1.152575 -0.965861
v 0.119230 1.073669 -0.965861
v 0.120482 0.972217 -0.965861
v 0.120482 0.652984 -0.965861
v 0.267861 1.114462 -0.965861
v 0.135280 1.015404 -0.965861
v 0.118662 1.032722 -0.965861
v 0.118971 1.036544 -0.965861
v 0.120482 0.678835 -0.965861
v -0.007296 1.317689 -0.965861
v -0.054862 1.313914 -0.965861
v -0.067446 1.313914 -0.965861
v -0.140857 1.334360 -0.965861
v -0.082217 1.328823 -0.965861
v -0.111411 1.330333 -0.965861
v -0.158615 1.326749 -0.965861
v -0.278935 1.279999 -0.965861
v -0.392599 1.136509 -0.965861
v -0.264584 1.249556 -0.965861
v -0.255016 1.205632 -0.965861
v -0.253711 1.152575 -0.965861
v -0.259974 1.073669 -0.965861
v -0.261226 0.972217 -0.965861
v -0.261226 0.652984 -0.965861
v -0.408605 1.114462 -0.965861
v -0.276024 1.015404 -0.965861
v -0.259406 1.032722 -0.965861
v -0.259715 1.036544 -0.965861
v -0.261226 0.678835 -0.965861
v -0.133448 1.317689 -0.965861
v -0.085882 1.313914 -0.965861
v -0.073298 1.313914 -0.965861
v 0.001523 1.339959 -0.975091
v 0.019636 1.332196 -0.975091
v 0.142362 1.284510 -0.975091
v 0.258299 1.138150 -0.975091
v 0.274626 1.115663 -0.975091
v -0.142267 1.339959 -0.975091
v -0.160380 1.332196 -0.975091
v -0.283106 1.284510 -0.975091
v -0.399043 1.138150 -0.975091
v -0.415370 1.115663 -0.975091
v -0.263187 1.032288 -0.975091
v -0.280137 1.014623 -0.975091
v -0.265043 0.970573 -0.975091
v -0.265043 0.671323 -0.975091
v -0.265043 0.644955 -0.975091
v 0.124299 0.644955 -0.975091
v 0.124299 0.671323 -0.975091
v 0.124299 0.970573 -0.975091
v 0.122443 1.032288 -0.975091
v 0.139393 1.014623 -0.975091
v -0.042243 1.258811 -0.979781
v -0.070372 1.252178 -0.979781
v -0.002574 1.313059 -0.979781
v -0.008785 1.293269 -0.979781
v -0.022242 1.273272 -0.979781
v -0.001779 1.329945 -0.980813
v 0.016233 1.322734 -0.980600
v 0.135433 1.276202 -0.980759
v 0.248444 1.133911 -0.980580
v 0.123840 1.249556 -0.979781
v 0.114272 1.205632 -0.979781
v 0.112967 1.152575 -0.979781
v 0.119230 1.073669 -0.979781
v 0.115801 0.972142 -0.980754
v 0.115819 0.678835 -0.980745
v 0.115241 0.652984 -0.981046
v 0.264263 1.111850 -0.980647
v 0.139540 1.019491 -0.981480
v 0.117224 1.035294 -0.980139
v 0.118971 1.036544 -0.979781
v -0.098501 1.258811 -0.979781
v -0.138170 1.313059 -0.979781
v -0.131959 1.293269 -0.979781
v -0.118502 1.273272 -0.979781
v -0.138965 1.329945 -0.980813
v -0.156977 1.322734 -0.980600
v -0.276177 1.276202 -0.980759
v -0.389188 1.133911 -0.980580
v -0.264584 1.249556 -0.979781
v -0.255016 1.205632 -0.979781
v -0.253711 1.152575 -0.979781
v -0.259974 1.073669 -0.979781
v -0.256545 0.972142 -0.980754
v -0.256563 0.678835 -0.980745
v -0.255985 0.652984 -0.981046
v -0.405007 1.111850 -0.980647
v -0.280283 1.019491 -0.981480
v -0.257968 1.035294 -0.980139
v -0.259715 1.036544 -0.979781
v -0.070372 1.329190 -0.970402
v -0.058527 1.328823 -0.970402
v -0.029333 1.330333 -0.970402
v -0.001180 1.331341 -0.969952
v 0.016251 1.322778 -0.969602
v 0.135433 1.276202 -0.969423
v 0.248444 1.133911 -0.969603
v 0.123840 1.249556 -0.970402
v 0.114272 1.205632 -0.970402
v 0.112967 1.152575 -0.970402
v 0.119230 1.073669 -0.970402
v 0.115801 0.972142 -0.969428
v 0.115819 0.678835 -0.969437
v 0.115241 0.652984 -0.969136
v 0.264263 1.111850 -0.969535
v 0.139540 1.019491 -0.968702
v 0.117224 1.035294 -0.970043
v 0.118971 1.036544 -0.970402
v -0.007296 1.317689 -0.970402
v -0.054862 1.313914 -0.970402
v -0.067446 1.313914 -0.970402
v -0.082217 1.328823 -0.970402
v -0.111411 1.330333 -0.970402
v -0.139563 1.331341 -0.969952
v -0.156994 1.322778 -0.969602
v -0.276177 1.276202 -0.969423
v -0.389188 1.133911 -0.969603
v -0.264584 1.249556 -0.970402
v -0.255016 1.205632 -0.970402
v -0.253711 1.152575 -0.970402
v -0.259974 1.073669 -0.970402
v -0.256545 0.972142 -0.969428
v -0.256563 0.678835 -0.969437
v -0.255985 0.652984 -0.969136
v -0.405007 1.111850 -0.969535
v -0.280283 1.019491 -0.968702
v -0.257968 1.035294 -0.970043
v -0.259715 1.036544 -0.970402
v -0.133448 1.317689 -0.970402
v -0.085882 1.313914 -0.970402
v -0.073298 1.313914 -0.970402
v -0.139286 1.333002 -0.975091
v -0.157516 1.325190 -0.975091
v -0.278574 1.278449 -0.975091
v -0.393004 1.133589 -0.975091
v -0.409245 1.111216 -0.975091
v -0.261245 1.039603 -0.975091
v -0.285598 1.019863 -0.975091
v -0.257476 0.970467 -0.975091
v -0.257475 0.671323 -0.975091
v -0.257475 0.644955 -0.975091
v 0.116731 0.644955 -0.975091
v 0.116731 0.671323 -0.975091
v 0.116732 0.970467 -0.975091
v -0.001458 1.333002 -0.975091
v 0.016773 1.325190 -0.975091
v 0.137830 1.278449 -0.975091
v 0.252260 1.133589 -0.975091
v 0.268501 1.111216 -0.975091
v 0.120501 1.039603 -0.975091
v 0.144854 1.019863 -0.975091
vn -0.0000 -0.0000 -1.0000
vn -0.0000 -0.0000 1.0000
vn -0.3351 0.7820 0.5255
vn -0.3218 0.7872 0.5260
vn -0.3213 0.7874 0.5261
vn -0.4993 0.6678 0.5520
vn -0.4903 0.6749 0.5514
vn -0.6549 0.5188 0.5495
vn -0.6724 0.4882 0.5563
vn 0.7216 -0.6924 -0.0000
vn 0.6978 -0.6696 -0.2543
vn -0.9995 0.0301 -0.0000
vn -0.9255 0.0278 0.3778
vn -1.0000 -0.0000 -0.0000
vn -0.9241 -0.0000 0.3821
vn 1.0000 -0.0000 -0.0000
vn 0.9241 -0.0000 0.3821
vn 0.9999 0.0140 -0.0000
vn 0.9249 0.0149 0.3798
vn 0.3351 0.7820 0.5255
vn 0.3213 0.7874 0.5261
vn 0.3218 0.7872 0.5260
vn 0.4903 0.6749 0.5514
vn 0.4993 0.6678 0.5520
vn 0.6549 0.5188 0.5495
vn 0.6724 0.4882 0.5563
vn 0.9995 0.0301 -0.0000
vn 0.9255 0.0278 0.3778
vn -0.7216 -0.6924 -0.0000
vn -0.6978 -0.6696 -0.2543
vn 0.6724 0.4882 -0.5563
vn 0.4903 0.6749 -0.5514
vn 0.4993 0.6678 -0.5520
vn 0.6549 0.5188 -0.5495
vn 0.3213 0.7874 -0.5261
vn 0.3218 0.7872 -0.5260
vn 0.3351 0.7820 -0.5255
vn -0.6724 0.4882 -0.5563
vn -0.4903 0.6749 -0.5514
vn -0.6549 0.5188 -0.5495
vn -0.4993 0.6678 -0.5520
vn -0.3213 0.7874 -0.5261
vn -0.3218 0.7872 -0.5260
vn -0.3351 0.7820 -0.5255
vn -0.6978 -0.6696 0.2543
vn 0.9255 0.0278 -0.3778
vn 0.9249 0.0149 -0.3798
vn 0.9241 -0.0000 -0.3821
vn -0.9241 -0.0000 -0.3821
vn -0.9255 0.0278 -0.3778
vn 0.6978 -0.6696 0.2543
vn -0.0000 -0.0005 1.0000
vn -0.0037 0.0010 1.0000
vn -0.0045 0.0013 1.0000
vn -0.0000 -0.0061 1.0000
vn 0.0045 0.0013 1.0000
vn 0.0037 0.0010 1.0000
vn -0.0000 -0.0116 0.9999
vn -0.0192 -0.0278 0.9994
vn 0.0192 -0.0278 0.9994
vn 0.0090 0.0032 1.0000
vn -0.0090 0.0032 1.0000
vn -0.0000 0.0071 -1.0000
vn -0.0000 0.0010 -1.0000
vn -0.0000 0.0032 -1.0000
vn -0.0000 -0.0061 -1.0000
vn -0.0000 -0.0116 -0.9999
vn -0.0000 -0.0006 -1.0000
vn -0.0045 0.0013 -1.0000
vn -0.0037 0.0010 -1.0000
vn 0.0037 0.0010 -1.0000
vn 0.0045 0.0013 -1.0000
vn 0.0192 -0.0278 -0.9994
vn -0.0192 -0.0278 -0.9994
vn -0.0090 0.0032 -1.0000
vn 0.0090 0.0032 -1.0000
vn 0.3992 -0.9149 0.0602
vn 0.3901 -0.8568 -0.3373
vn 0.3567 -0.8490 -0.3900
vn 0.3814 -0.9239 0.0309
vn 0.5166 -0.7162 -0.4692
vn 0.5303 -0.7051 -0.4707
vn 0.6888 -0.5453 -0.4777
vn 0.7131 -0.5152 -0.4754
vn -0.4678 0.6374 0.6123
vn 0.9993 0.0374 -0.0000
vn 0.9331 0.0350 -0.3580
vn 1.0000 0.0070 -0.0000
vn 0.9870 -0.0000 -0.1607
vn 0.9843 0.0028 -0.1766
vn 1.0000 0.0098 -0.0000
vn 0.9766 0.0096 -0.2149
vn -1.0000 0.0098 -0.0000
vn -0.9766 0.0096 -0.2149
vn -0.9843 0.0028 -0.1766
vn -1.0000 0.0070 -0.0000
vn -0.9618 0.0197 -0.2729
vn -0.9999 0.0165 -0.0000
vn -0.3992 -0.9149 0.0602
vn -0.3814 -0.9239 0.0309
vn -0.3567 -0.8490 -0.3900
vn -0.3901 -0.8568 -0.3373
vn -0.5303 -0.7051 -0.4707
vn -0.5166 -0.7162 -0.4692
vn -0.6888 -0.5453 -0.4777
vn -0.7131 -0.5152 -0.4754
vn -0.9993 0.0374 -0.0000
vn -0.9331 0.0350 -0.3580
vn 0.4678 0.6374 0.6123
vn -0.7131 -0.5152 0.4754
vn -0.5162 -0.7157 0.4704
vn -0.6888 -0.5453 0.4777
vn -0.5300 -0.7046 0.4719
vn -0.3358 -0.8347 0.4364
vn -0.3470 -0.8311 0.4346
vn 0.7131 -0.5152 0.4754
vn 0.5162 -0.7157 0.4704
vn 0.5300 -0.7046 0.4719
vn 0.6888 -0.5453 0.4777
vn 0.3358 -0.8347 0.4364
vn 0.3470 -0.8311 0.4346
vn 0.4678 0.6374 -0.6123
vn -0.9331 0.0350 0.3580
vn -0.9618 0.0197 0.2729
vn -0.9843 0.0028 0.1766
vn -0.9766 0.0096 0.2149
vn 0.9766 0.0096 0.2149
vn 0.9843 0.0028 0.1766
vn 0.9870 -0.0000 0.1607
vn 0.9331 0.0350 0.3580
vn -0.4678 0.6374 -0.6123
vn -0.0000 1.0000 -0.0000
vn -0.4158 0.9095 -0.0000
vn -0.9012 0.4334 -0.0000
vn -0.9763 0.1969 -0.0903
vn -0.9767 0.1933 -0.0934
vn -0.9323 0.3616 0.0010
vn -0.9323 0.3618 -0.0029
vn -0.9290 0.3547 0.1060
vn 0.8660 -0.0117 -0.4999
vn -0.7189 0.6951 -0.0000
vn -0.6873 -0.5853 -0.4301
vn -0.0000 -1.0000 -0.0000
vn -0.8660 -0.0117 0.4999
vn -0.9793 0.0843 -0.1839
vn 0.5923 -0.7967 -0.1202
vn 0.4739 -0.8199 0.3212
vn 0.5004 -0.8658 -0.0000
vn 0.1753 -0.7064 -0.6857
vn -0.7847 0.0006 -0.6198
vn -0.5923 -0.7967 0.1202
vn -0.1753 -0.7064 0.6857
vn -0.7847 0.0006 0.6198
vn 0.8888 0.3786 0.2581
vn 0.6873 -0.5853 0.4301
vn -0.8888 0.3786 0.2581
vn -0.9254 0.3645 -0.1039
vn 0.6873 -0.5853 -0.4301
vn 0.0104 0.9999 -0.0000
vn 0.8660 -0.0117 0.4999
vn 0.9290 0.3547 0.1060
vn 0.9323 0.3618 -0.0029
vn 0.9323 0.3616 0.0010
vn 0.0669 0.9844 -0.1626
vn 0.0670 0.9842 -0.1640
vn 0.0801 0.9446 -0.3183
vn 0.8888 0.3786 -0.2581
vn 0.4739 -0.8199 -0.3212
vn -0.8888 0.3786 -0.2581
vn 0.5923 -0.7967 0.1202
vn -0.5004 -0.8658 -0.0000
vn -0.4739 -0.8199 0.3212
vn -0.0104 0.9999 -0.0000
vn 0.4158 0.9095 -0.0000
vn -0.6873 -0.5853 0.4301
vn -0.0670 0.9842 -0.1640
vn -0.0669 0.9844 -0.1626
vn 0.9767 0.1933 -0.0934
vn 0.9763 0.1969 -0.0903
vn 0.9012 0.4334 -0.0000
vn 0.9254 0.3645 -0.1039
vn 0.7847 0.0006 -0.6198
vn -0.0801 0.9446 -0.3183
vn 0.7189 0.6951 -0.0000
vn 0.7847 0.0006 0.6198
vn -0.8660 -0.0117 -0.4999
vn 0.9793 0.0843 -0.1839
vn -0.4739 -0.8199 -0.3212
vn 0.1753 -0.7064 0.6857
vn -0.1753 -0.7064 -0.6857
vn -0.5923 -0.7967 -0.1202
vt 0.280377 0.208780
vt 0.285385 0.205160
vt 0.288755 0.200152
vt 0.290310 0.195197
vt 0.290983 0.189863
vt 0.295430 0.191769
vt 0.325559 0.203475
vt 0.321965 0.211098
vt 0.319569 0.222097
vt 0.319243 0.235382
vt 0.320811 0.255140
vt 0.321125 0.280544
vt 0.321125 0.354007
vt 0.225542 0.354007
vt 0.225542 0.280544
vt 0.225856 0.255140
vt 0.227424 0.235382
vt 0.227097 0.222097
vt 0.224701 0.211098
vt 0.221108 0.203475
vt 0.251237 0.191769
vt 0.255683 0.189863
vt 0.256356 0.195197
vt 0.257912 0.200152
vt 0.261281 0.205160
vt 0.266290 0.208780
vt 0.273333 0.210441
vt 0.225542 0.360480
vt 0.321125 0.360480
vt 0.192646 0.239405
vt 0.225921 0.264436
vt 0.225998 0.265393
vt 0.221837 0.269730
vt 0.188638 0.244926
vt 0.354021 0.239405
vt 0.358029 0.244926
vt 0.324830 0.269730
vt 0.320669 0.265393
vt 0.320746 0.264436
vt 0.637778 0.007710
vt 0.640744 0.007802
vt 0.648054 0.007424
vt 0.655428 0.006415
vt 0.659875 0.008321
vt 0.653572 0.010590
vt 0.641662 0.011535
vt 0.638511 0.011535
vt 0.637045 0.011535
vt 0.633894 0.011535
vt 0.621983 0.010590
vt 0.615681 0.008321
vt 0.620128 0.006415
vt 0.627501 0.007424
vt 0.634812 0.007802
vt 0.589987 0.170558
vt 0.685569 0.170558
vt 0.685569 0.177031
vt 0.589987 0.177031
vt 0.685569 0.097095
vt 0.589987 0.097095
vt 0.590300 0.071692
vt 0.591869 0.051934
vt 0.591542 0.038649
vt 0.589146 0.027650
vt 0.585552 0.020027
vt 0.690003 0.020027
vt 0.686410 0.027650
vt 0.684014 0.038649
vt 0.683687 0.051934
vt 0.685255 0.071692
vt 0.557090 0.055957
vt 0.590365 0.080988
vt 0.590442 0.081945
vt 0.586281 0.086282
vt 0.553082 0.061478
vt 0.718466 0.055957
vt 0.722474 0.061478
vt 0.689274 0.086282
vt 0.685113 0.081945
vt 0.685191 0.080988
vt 0.195051 0.922186
vt 0.195055 0.926722
vt 0.191246 0.926240
vt 0.191242 0.921793
vt 0.195051 0.957455
vt 0.191242 0.956371
vt 0.940105 0.466725
vt 0.940103 0.505769
vt 0.936260 0.506049
vt 0.936261 0.467771
vt 0.940105 0.511735
vt 0.936261 0.511899
vt 0.348150 0.973435
vt 0.343906 0.973396
vt 0.342959 0.969543
vt 0.347120 0.969581
vt 0.860573 0.859474
vt 0.860571 0.874909
vt 0.856723 0.874414
vt 0.856725 0.859282
vt 0.860573 0.949558
vt 0.856725 0.947599
vt 0.860573 0.956135
vt 0.856725 0.954048
vt 0.942722 0.945989
vt 0.942722 0.939412
vt 0.946570 0.937453
vt 0.946570 0.943902
vt 0.942724 0.864763
vt 0.946572 0.864268
vt 0.071920 0.922186
vt 0.075730 0.921793
vt 0.075726 0.926240
vt 0.071916 0.926722
vt 0.075730 0.956371
vt 0.071920 0.957455
vt 0.960655 0.362084
vt 0.964499 0.363131
vt 0.964500 0.401409
vt 0.960657 0.401128
vt 0.964499 0.407258
vt 0.960655 0.407095
vt 0.942722 0.849328
vt 0.946570 0.849136
vt 0.888103 0.972858
vt 0.889133 0.969004
vt 0.893294 0.968966
vt 0.892347 0.972819
vt 0.956796 0.401385
vt 0.956795 0.407234
vt 0.956795 0.363107
vt 0.068024 0.926321
vt 0.068028 0.956451
vt 0.068028 0.921874
vt 0.943964 0.506026
vt 0.943966 0.511875
vt 0.943966 0.467747
vt 0.198947 0.926321
vt 0.198943 0.956451
vt 0.198943 0.921874
vt 0.889133 0.976708
vt 0.893294 0.976670
vt 0.938865 0.849139
vt 0.938867 0.864271
vt 0.938866 0.937456
vt 0.938865 0.943905
vt 0.864430 0.954051
vt 0.864430 0.947602
vt 0.864428 0.874417
vt 0.864430 0.859285
vt 0.347120 0.977285
vt 0.342959 0.977247
vt 0.263587 0.757260
vt 0.270631 0.758921
vt 0.277674 0.757260
vt 0.282683 0.753639
vt 0.286052 0.748632
vt 0.287607 0.743676
vt 0.287807 0.739452
vt 0.292317 0.741256
vt 0.322165 0.752908
vt 0.319262 0.759577
vt 0.316867 0.770576
vt 0.316540 0.783861
vt 0.318108 0.803619
vt 0.317249 0.829045
vt 0.317254 0.902489
vt 0.224007 0.902489
vt 0.224012 0.829045
vt 0.223153 0.803619
vt 0.224721 0.783861
vt 0.224394 0.770576
vt 0.221999 0.759577
vt 0.219096 0.752908
vt 0.248944 0.741256
vt 0.253454 0.739452
vt 0.253654 0.743676
vt 0.255209 0.748632
vt 0.258579 0.753639
vt 0.317109 0.908963
vt 0.224152 0.908963
vt 0.350464 0.788538
vt 0.354425 0.794062
vt 0.323194 0.817191
vt 0.317606 0.813230
vt 0.318043 0.812915
vt 0.190797 0.788538
vt 0.223218 0.812915
vt 0.223655 0.813230
vt 0.218067 0.817191
vt 0.186836 0.794062
vt 0.636877 0.557295
vt 0.639843 0.557387
vt 0.647153 0.557008
vt 0.654203 0.556757
vt 0.658568 0.558903
vt 0.652672 0.560174
vt 0.640761 0.561120
vt 0.637610 0.561120
vt 0.636144 0.561120
vt 0.632993 0.561120
vt 0.621082 0.560174
vt 0.615186 0.558903
vt 0.619551 0.556757
vt 0.626600 0.557008
vt 0.633911 0.557387
vt 0.683501 0.720147
vt 0.683356 0.726621
vt 0.590398 0.726621
vt 0.590253 0.720147
vt 0.590258 0.646702
vt 0.589399 0.621277
vt 0.590968 0.601519
vt 0.590641 0.588234
vt 0.588245 0.577235
vt 0.585342 0.570566
vt 0.688412 0.570566
vt 0.685509 0.577235
vt 0.683113 0.588234
vt 0.682786 0.601519
vt 0.684354 0.621277
vt 0.683496 0.646702
vt 0.716711 0.606195
vt 0.720672 0.611719
vt 0.689440 0.634848
vt 0.683852 0.630888
vt 0.684290 0.630573
vt 0.557043 0.606195
vt 0.589464 0.630573
vt 0.589902 0.630888
vt 0.584314 0.634848
vt 0.553082 0.611719
vt 0.695968 0.921867
vt 0.698109 0.921931
vt 0.698249 0.926295
vt 0.695963 0.926432
vt 0.698304 0.956139
vt 0.695945 0.956746
vt 0.478119 0.921793
vt 0.480491 0.922393
vt 0.480454 0.955418
vt 0.478159 0.955428
vt 0.480491 0.960575
vt 0.478167 0.960654
vt 0.027245 0.970286
vt 0.029908 0.971617
vt 0.029454 0.977205
vt 0.027377 0.976384
vt 0.860572 0.747923
vt 0.862683 0.749069
vt 0.862942 0.764853
vt 0.860578 0.765252
vt 0.860582 0.839874
vt 0.862943 0.838019
vt 0.860583 0.846451
vt 0.863070 0.844480
vt 0.881102 0.846451
vt 0.878615 0.844480
vt 0.878742 0.838018
vt 0.881102 0.839873
vt 0.878742 0.764853
vt 0.881107 0.765252
vt 0.961738 0.787308
vt 0.961743 0.791874
vt 0.959458 0.791736
vt 0.959597 0.787372
vt 0.961761 0.822187
vt 0.959402 0.821581
vt 0.590576 0.921793
vt 0.590536 0.955428
vt 0.588241 0.955418
vt 0.588205 0.922393
vt 0.590528 0.960654
vt 0.588205 0.960575
vt 0.881112 0.747923
vt 0.879002 0.749069
vt 0.643552 0.969577
vt 0.643421 0.975675
vt 0.641343 0.976495
vt 0.640889 0.970907
vt 0.592822 0.955444
vt 0.592842 0.960602
vt 0.592936 0.922420
vt 0.964048 0.791745
vt 0.964133 0.821594
vt 0.964133 0.787235
vt 0.475873 0.955444
vt 0.475853 0.960602
vt 0.475760 0.922419
vt 0.693659 0.926303
vt 0.693573 0.956152
vt 0.693573 0.921793
vt 0.646220 0.970907
vt 0.645555 0.976495
vt 0.883215 0.749071
vt 0.883469 0.764855
vt 0.883461 0.838021
vt 0.883585 0.844482
vt 0.858099 0.844482
vt 0.858224 0.838021
vt 0.858216 0.764855
vt 0.858470 0.749071
vt 0.024577 0.971617
vt 0.025242 0.977205
vt 0.791476 0.981018
vt 0.789582 0.981018
vt 0.789537 0.973974
vt 0.791432 0.973974
vt 0.979149 0.689057
vt 0.977370 0.688402
vt 0.979128 0.683644
vt 0.980906 0.684299
vt 0.979642 0.676587
vt 0.979017 0.678276
vt 0.976864 0.677918
vt 0.975533 0.676596
vt 0.993576 0.802952
vt 0.992081 0.802868
vt 0.991690 0.777617
vt 0.993585 0.777617
vt 0.789441 0.968966
vt 0.791335 0.968966
vt 0.150169 0.974133
vt 0.151357 0.974126
vt 0.151380 0.976799
vt 0.150454 0.977990
vt 0.977311 0.694009
vt 0.975533 0.693355
vt 0.934459 0.557713
vt 0.935826 0.559026
vt 0.935826 0.651983
vt 0.934459 0.653295
vt 0.979226 0.271411
vt 0.977743 0.271327
vt 0.977331 0.246076
vt 0.979226 0.246077
vt 0.980992 0.679823
vt 0.982763 0.679257
vt 0.281089 0.956662
vt 0.279905 0.955603
vt 0.279556 0.924373
vt 0.281089 0.923462
vt 0.277229 0.923327
vt 0.277229 0.921793
vt 0.942163 0.557713
vt 0.940796 0.559026
vt 0.938329 0.558652
vt 0.938329 0.556757
vt 0.884964 0.764735
vt 0.884962 0.749682
vt 0.404298 0.956712
vt 0.403110 0.955638
vt 0.402764 0.924403
vt 0.404298 0.923512
vt 0.938329 0.652356
vt 0.938329 0.654251
vt 0.877258 0.749678
vt 0.877259 0.764731
vt 0.864427 0.749678
vt 0.862531 0.748719
vt 0.864427 0.748718
vt 0.165422 0.974133
vt 0.164234 0.974126
vt 0.164211 0.971466
vt 0.165137 0.970286
vt 0.877258 0.748718
vt 0.879153 0.748719
vt 0.942163 0.653295
vt 0.940796 0.651983
vt 0.862531 0.739452
vt 0.864426 0.739452
vt 0.165137 0.977990
vt 0.164211 0.976799
vt 0.877259 0.739451
vt 0.879154 0.739452
vt 0.974394 0.188204
vt 0.976288 0.188204
vt 0.976291 0.191171
vt 0.974396 0.191171
vt 0.977331 0.284242
vt 0.979226 0.284242
vt 0.978815 0.309493
vt 0.977331 0.309577
vt 0.964025 0.420097
vt 0.962694 0.421420
vt 0.960540 0.421777
vt 0.959916 0.420089
vt 0.976281 0.198481
vt 0.974386 0.198481
vt 0.976086 0.205530
vt 0.974359 0.205854
vt 0.856722 0.748722
vt 0.858617 0.748721
vt 0.856722 0.749682
vt 0.274919 0.924403
vt 0.273385 0.923512
vt 0.883067 0.748721
vt 0.884963 0.748722
vt 0.274573 0.955638
vt 0.273385 0.956712
vt 0.883068 0.739454
vt 0.884964 0.739455
vt 0.400455 0.921793
vt 0.400454 0.923327
vt 0.398127 0.924373
vt 0.396594 0.923462
vt 0.856721 0.739455
vt 0.858616 0.739454
vt 0.974396 0.185238
vt 0.976291 0.185238
vt 0.791432 0.988062
vt 0.789537 0.988062
vt 0.150454 0.970286
vt 0.151380 0.971466
vt 0.974386 0.177928
vt 0.976281 0.177928
vt 0.958651 0.427800
vt 0.960430 0.427145
vt 0.962187 0.431904
vt 0.960409 0.432558
vt 0.958565 0.423325
vt 0.956795 0.422759
vt 0.856721 0.764735
vt 0.974359 0.170554
vt 0.976086 0.170878
vt 0.791335 0.993070
vt 0.789441 0.993070
vt 0.864426 0.764731
vt 0.964025 0.436856
vt 0.962246 0.437511
vt 0.989121 0.160589
vt 0.991017 0.160590
vt 0.990616 0.185841
vt 0.989121 0.185924
vt 0.397778 0.955603
vt 0.396594 0.956662
s 1
usemtl cloth
f 1360/3057/768 1361/3058/768 1359/3059/768 1362/3060/768 1357/3061/768 1363/3062/768 1364/3063/768 1366/3064/768 1367/3065/768 1368/3066/768 1369/3067/768 1370/3068/768 1395/3069/768 1394/3070/768 1388/3071/768 1387/3072/768 1386/3073/768 1385/3074/768 1384/3075/768 1382/3076/768 1381/3077/768 1376/3078/768 1380/3079/768 1377/3080/768 1379/3081/768 1378/3082/768 1358/3083/768
f 1389/3084/768 1394/3070/768 1395/3069/768 1371/3085/768
f 1383/3086/768 1393/3087/768 1392/3088/768 1391/3089/768 1390/3090/768
f 1365/3091/768 1372/3092/768 1373/3093/768 1374/3094/768 1375/3095/768
f 1365/3091/768 1375/3095/768 1369/3067/768 1368/3066/768 1367/3065/768 1366/3064/768 1364/3063/768
f 1383/3086/768 1382/3076/768 1384/3075/768 1385/3074/768 1386/3073/768 1387/3072/768 1393/3087/768
f 1397/3096/769 1418/3097/769 1419/3098/769 1417/3099/769 1420/3100/769 1434/3101/769 1435/3102/769 1436/3103/769 1416/3104/769 1415/3105/769 1414/3106/769 1400/3107/769 1396/3108/769 1399/3109/769 1398/3110/769
f 1413/3111/769 1433/3112/769 1428/3113/769 1408/3114/769
f 1427/3115/769 1433/3112/769 1413/3111/769 1407/3116/769 1406/3117/769 1405/3118/769 1404/3119/769 1403/3120/769 1401/3121/769 1400/3107/769 1414/3106/769 1415/3105/769 1416/3104/769 1436/3103/769 1435/3102/769 1434/3101/769 1420/3100/769 1421/3122/769 1423/3123/769 1424/3124/769 1425/3125/769 1426/3126/769
f 1402/3127/769 1412/3128/769 1411/3129/769 1410/3130/769 1409/3131/769
f 1422/3132/769 1429/3133/769 1430/3134/769 1431/3135/769 1432/3136/769
f 1422/3132/769 1432/3136/769 1426/3126/769 1425/3125/769 1424/3124/769 1423/3123/769 1421/3122/769
f 1402/3127/769 1401/3121/769 1403/3120/769 1404/3119/769 1405/3118/769 1406/3117/769 1412/3128/769
f 1442/3137/770 1443/3138/771 1420/3139/772 1417/3140/770
f 1443/3138/771 1444/3141/773 1421/3142/774 1420/3139/772
f 1444/3143/773 1445/3144/775 1422/3145/775 1421/3146/774
f 1445/3144/776 1446/3147/776 1429/3148/776 1422/3145/776
f 1448/3149/777 1447/3150/777 1431/3151/778 1430/3152/778
f 1447/3153/779 1449/3154/779 1427/3155/780 1431/3156/780
f 1450/3157/781 1433/3158/782 1427/3155/782 1449/3154/781
f 1451/3159/781 1428/3160/782 1433/3158/782 1450/3157/781
f 1452/3161/783 1453/3162/783 1413/3163/784 1408/3164/784
f 1453/3162/783 1454/3165/785 1407/3166/786 1413/3163/784
f 1437/3167/787 1396/3168/787 1400/3169/788 1438/3170/789
f 1438/3170/789 1400/3169/788 1401/3171/790 1439/3172/791
f 1439/3173/791 1401/3174/790 1402/3175/792 1440/3176/792
f 1440/3176/793 1402/3175/793 1409/3177/793 1441/3178/793
f 1455/3179/794 1411/3180/795 1407/3166/786 1454/3165/785
f 1456/3181/796 1410/3182/797 1411/3183/797 1455/3184/796
f 1365/3185/798 1440/3176/798 1441/3178/798 1372/3186/798
f 1364/3187/799 1439/3173/800 1440/3176/801 1365/3185/801
f 1363/3188/802 1438/3170/803 1439/3172/800 1364/3189/799
f 1357/3190/804 1437/3167/804 1438/3170/803 1363/3188/802
f 1383/3191/805 1390/3192/805 1446/3147/805 1445/3144/805
f 1382/3193/806 1383/3191/807 1445/3144/807 1444/3143/808
f 1381/3194/809 1382/3195/806 1444/3141/808 1443/3138/810
f 1376/3196/811 1381/3194/809 1443/3138/810 1442/3137/811
f 1373/3197/812 1456/3181/796 1455/3184/796 1374/3198/812
f 1374/3199/813 1455/3179/794 1454/3165/785 1370/3200/814
f 1395/3201/815 1370/3200/814 1454/3165/785 1453/3162/783
f 1371/3202/815 1395/3201/815 1453/3162/783 1452/3161/783
f 1389/3203/816 1451/3159/781 1450/3157/781 1394/3204/816
f 1394/3204/816 1450/3157/781 1449/3154/781 1388/3205/816
f 1392/3206/817 1388/3205/817 1449/3154/779 1447/3153/779
f 1391/3207/818 1392/3208/818 1447/3150/777 1448/3149/777
f 1457/3209/819 1458/3210/819 1477/3211/819 1480/3212/819 1479/3213/819 1478/3214/819 1481/3215/819 1482/3216/819 1483/3217/820 1485/3218/821 1486/3219/821 1487/3220/821 1488/3221/821 1489/3222/819 1490/3223/822 1471/3224/822 1470/3225/819 1469/3226/823 1468/3227/823 1467/3228/823 1466/3229/823 1464/3230/824 1463/3231/819 1462/3232/819 1459/3233/819 1460/3234/819 1461/3235/819
f 1491/3236/825 1472/3237/825 1471/3224/822 1490/3223/822
f 1484/3238/826 1492/3239/826 1493/3240/826 1494/3241/826 1495/3242/826
f 1465/3243/827 1476/3244/827 1475/3245/827 1474/3246/827 1473/3247/827
f 1465/3243/828 1464/3230/824 1466/3229/823 1467/3228/823 1468/3227/823 1469/3226/823 1476/3244/828
f 1484/3238/829 1495/3242/829 1488/3221/821 1487/3220/821 1486/3219/821 1485/3218/821 1483/3217/820
f 1496/3248/830 1497/3249/830 1498/3250/830 1499/3251/830 1500/3252/831 1514/3253/832 1515/3254/832 1516/3255/832 1536/3256/832 1535/3257/832 1534/3258/832 1520/3259/831 1519/3260/830 1518/3261/830 1517/3262/830
f 1508/3263/833 1509/3264/834 1529/3265/834 1528/3266/833
f 1527/3267/835 1526/3268/836 1525/3269/836 1524/3270/836 1523/3271/836 1521/3272/837 1520/3259/831 1534/3258/832 1535/3257/832 1536/3256/832 1516/3255/832 1515/3254/832 1514/3253/832 1500/3252/831 1501/3273/838 1503/3274/839 1504/3275/839 1505/3276/839 1506/3277/839 1507/3278/835 1508/3263/833 1528/3266/833
f 1502/3279/840 1510/3280/840 1511/3281/840 1512/3282/840 1513/3283/840
f 1522/3284/841 1533/3285/841 1532/3286/841 1531/3287/841 1530/3288/841
f 1522/3284/842 1521/3272/837 1523/3271/836 1524/3270/836 1525/3269/836 1526/3268/836 1533/3285/842
f 1502/3279/843 1513/3283/843 1506/3277/839 1505/3276/839 1504/3275/839 1503/3274/839 1501/3273/838
f 1537/3289/844 1519/3290/845 1520/3291/846 1538/3292/847
f 1538/3292/847 1520/3291/846 1521/3293/848 1539/3294/849
f 1539/3295/849 1521/3296/848 1522/3297/850 1540/3298/850
f 1540/3298/851 1522/3297/851 1530/3299/851 1541/3300/851
f 1543/3301/852 1531/3302/852 1532/3303/852 1542/3304/852
f 1542/3305/853 1532/3306/854 1527/3307/854 1544/3308/853
f 1545/3309/855 1544/3308/783 1527/3307/856 1528/3310/857
f 1546/3311/858 1545/3309/855 1528/3310/857 1529/3312/859
f 1547/3313/860 1509/3314/861 1508/3315/862 1548/3316/863
f 1548/3316/863 1508/3315/862 1507/3317/864 1549/3318/865
f 1550/3319/866 1551/3320/867 1500/3321/868 1499/3322/869
f 1551/3320/867 1552/3323/870 1501/3324/871 1500/3321/868
f 1552/3325/870 1553/3326/872 1502/3327/872 1501/3328/871
f 1553/3326/873 1554/3329/873 1510/3330/873 1502/3327/873
f 1555/3331/874 1549/3318/865 1507/3317/864 1512/3332/875
f 1556/3333/876 1555/3334/876 1512/3335/876 1511/3336/876
f 1465/3337/877 1473/3338/877 1554/3329/877 1553/3326/877
f 1464/3339/878 1465/3337/879 1553/3326/879 1552/3325/880
f 1463/3340/881 1464/3341/878 1552/3323/880 1551/3320/867
f 1462/3342/882 1463/3340/881 1551/3320/867 1550/3319/866
f 1484/3343/883 1540/3298/883 1541/3300/883 1492/3344/883
f 1483/3345/884 1539/3295/885 1540/3298/886 1484/3343/886
f 1482/3346/887 1538/3292/847 1539/3294/885 1483/3347/884
f 1481/3348/888 1537/3289/844 1538/3292/847 1482/3346/887
f 1474/3349/889 1475/3350/889 1555/3334/889 1556/3333/889
f 1475/3351/890 1470/3352/891 1549/3318/865 1555/3331/874
f 1471/3353/892 1548/3316/863 1549/3318/865 1470/3352/891
f 1472/3354/893 1547/3313/860 1548/3316/863 1471/3353/892
f 1491/3355/894 1490/3356/895 1545/3309/855 1546/3311/858
f 1490/3356/895 1489/3357/896 1544/3308/783 1545/3309/855
f 1494/3358/897 1542/3305/853 1544/3308/853 1489/3357/897
f 1493/3359/898 1543/3301/898 1542/3304/898 1494/3360/898
f 1358/3361/899 1458/3362/899 1457/3363/900 1360/3364/900
f 1359/3365/901 1460/3366/901 1459/3367/902 1362/3368/903
f 1437/3369/904 1550/3370/905 1499/3371/906 1396/3372/906
f 1407/3373/907 1507/3374/907 1506/3375/907 1406/3376/907
f 1360/3364/900 1457/3363/900 1461/3377/908 1361/3378/908
f 1448/3379/909 1543/3380/909 1493/3381/909 1391/3382/909
f 1361/3383/908 1461/3384/908 1460/3366/901 1359/3365/901
f 1428/3385/910 1529/3386/910 1509/3387/910 1408/3388/910
f 1388/3389/911 1489/3390/911 1488/3391/911 1387/3392/911
f 1362/3368/903 1459/3367/902 1462/3393/912 1357/3394/912
f 1410/3395/913 1511/3396/913 1510/3397/913 1409/3398/913
f 1409/3398/914 1510/3397/914 1554/3399/915 1441/3400/915
f 1389/3401/916 1491/3402/916 1546/3403/916 1451/3404/916
f 1370/3405/917 1470/3352/917 1475/3351/917 1374/3406/917
f 1391/3407/918 1493/3408/918 1492/3409/918 1390/3410/918
f 1408/3388/919 1509/3387/919 1547/3411/919 1452/3412/919
f 1411/3413/920 1512/3332/920 1507/3317/920 1407/3414/920
f 1431/3415/921 1532/3306/921 1533/3416/921 1432/3417/921
f 1456/3418/922 1556/3419/922 1511/3420/922 1410/3421/922
f 1412/3422/923 1513/3423/923 1512/3332/923 1411/3413/923
f 1371/3424/910 1472/3425/910 1491/3402/910 1389/3401/910
f 1357/3394/924 1462/3393/924 1550/3370/905 1437/3369/904
f 1432/3417/855 1533/3416/855 1526/3426/855 1426/3427/855
f 1373/3428/925 1474/3429/925 1556/3419/925 1456/3418/925
f 1406/3430/863 1506/3431/863 1513/3423/863 1412/3422/863
f 1397/3432/899 1496/3433/899 1517/3434/926 1418/3435/926
f 1369/3436/927 1469/3437/927 1470/3438/927 1370/3439/927
f 1417/3440/928 1519/3441/928 1537/3442/929 1442/3443/930
f 1418/3435/926 1517/3434/926 1518/3444/931 1419/3445/932
f 1419/3445/932 1518/3444/931 1519/3446/933 1417/3447/933
f 1393/3448/934 1495/3449/934 1494/3358/934 1392/3450/934
f 1441/3400/915 1554/3399/915 1473/3451/935 1372/3452/935
f 1374/3406/936 1475/3351/936 1476/3453/936 1375/3454/936
f 1372/3452/937 1473/3451/937 1474/3455/937 1373/3456/937
f 1375/3454/863 1476/3453/863 1469/3457/863 1369/3458/863
f 1446/3459/938 1541/3460/938 1530/3461/939 1429/3462/939
f 1387/3463/855 1488/3464/855 1495/3449/855 1393/3448/855
f 1398/3465/940 1497/3466/940 1496/3433/899 1397/3432/899
f 1378/3467/941 1477/3468/941 1458/3362/899 1358/3361/899
f 1430/3469/942 1531/3470/942 1543/3380/942 1448/3379/942
f 1399/3471/943 1498/3472/944 1497/3466/940 1398/3465/940
f 1380/3473/945 1478/3474/946 1479/3475/947 1377/3476/947
f 1442/3443/930 1537/3442/929 1481/3477/948 1376/3478/948
f 1392/3450/949 1494/3358/949 1489/3357/949 1388/3479/949
f 1396/3480/950 1499/3481/950 1498/3472/944 1399/3471/943
f 1379/3482/951 1480/3483/951 1477/3468/941 1378/3467/941
f 1427/3484/952 1527/3307/952 1532/3306/952 1431/3415/952
f 1377/3476/947 1479/3475/947 1480/3485/951 1379/3486/951
f 1426/3487/953 1526/3488/953 1527/3489/953 1427/3490/953
f 1376/3478/954 1481/3477/954 1478/3474/946 1380/3473/945
f 1390/3410/955 1492/3409/955 1541/3460/938 1446/3459/938
f 1451/3404/956 1546/3403/956 1529/3386/956 1428/3385/956
f 1452/3412/957 1547/3411/957 1472/3425/957 1371/3424/957
f 1429/3462/958 1530/3461/958 1531/3491/958 1430/3492/958
o t_shirt_1
v -0.003139 1.334360 0.977293
v -0.073624 1.252178 0.977293
v -0.012037 1.293269 0.977293
v -0.045495 1.258811 0.977293
v -0.025494 1.273272 0.977293
v -0.005826 1.313059 0.977293
v 0.014619 1.326749 0.977293
v 0.134939 1.279999 0.977293
v 0.248603 1.136509 0.977293
v 0.120588 1.249556 0.977293
v 0.111020 1.205632 0.977293
v 0.109715 1.152575 0.977293
v 0.115978 1.073669 0.977293
v 0.117230 0.972217 0.977293
v 0.117230 0.652984 0.977293
v 0.264609 1.114462 0.977293
v 0.132028 1.015404 0.977293
v 0.115410 1.032722 0.977293
v 0.115719 1.036544 0.977293
v -0.144109 1.334360 0.977293
v -0.135211 1.293269 0.977293
v -0.101753 1.258811 0.977293
v -0.121754 1.273272 0.977293
v -0.141422 1.313059 0.977293
v -0.161867 1.326749 0.977293
v -0.282187 1.279999 0.977293
v -0.395851 1.136509 0.977293
v -0.267836 1.249556 0.977293
v -0.258268 1.205632 0.977293
v -0.256963 1.152575 0.977293
v -0.263226 1.073669 0.977293
v -0.264478 0.972217 0.977293
v -0.264478 0.652984 0.977293
v -0.411857 1.114462 0.977293
v -0.279276 1.015404 0.977293
v -0.262658 1.032722 0.977293
v -0.262967 1.036544 0.977293
v -0.264478 0.678835 0.977293
v 0.117230 0.678835 0.977293
v -0.003139 1.334360 0.995754
v -0.073624 1.329190 0.995754
v -0.061779 1.328823 0.995754
v -0.032585 1.330333 0.995754
v 0.014619 1.326749 0.995754
v 0.134939 1.279999 0.995754
v 0.248603 1.136509 0.995754
v 0.120588 1.249556 0.995754
v 0.111020 1.205632 0.995754
v 0.109715 1.152575 0.995754
v 0.115978 1.073669 0.995754
v 0.117230 0.972217 0.995754
v 0.117230 0.652984 0.995754
v 0.264609 1.114462 0.995754
v 0.132028 1.015404 0.995754
v 0.115410 1.032722 0.995754
v 0.115719 1.036544 0.995754
v 0.117230 0.678835 0.995754
v -0.010548 1.317689 0.995754
v -0.058114 1.313914 0.995754
v -0.070698 1.313914 0.995754
v -0.144109 1.334360 0.995754
v -0.085469 1.328823 0.995754
v -0.114663 1.330333 0.995754
v -0.161867 1.326749 0.995754
v -0.282187 1.279999 0.995754
v -0.395851 1.136509 0.995754
v -0.267836 1.249556 0.995754
v -0.258268 1.205632 0.995754
v -0.256963 1.152575 0.995754
v -0.263226 1.073669 0.995754
v -0.264478 0.972217 0.995754
v -0.264478 0.652984 0.995754
v -0.411857 1.114462 0.995754
v -0.279276 1.015404 0.995754
v -0.262658 1.032722 0.995754
v -0.262967 1.036544 0.995754
v -0.264478 0.678835 0.995754
v -0.136700 1.317689 0.995754
v -0.089134 1.313914 0.995754
v -0.076550 1.313914 0.995754
v -0.001729 1.339959 0.986524
v 0.016384 1.332196 0.986524
v 0.139110 1.284510 0.986524
v 0.255047 1.138150 0.986524
v 0.271374 1.115663 0.986524
v -0.145519 1.339959 0.986524
v -0.163632 1.332196 0.986524
v -0.286358 1.284510 0.986524
v -0.402295 1.138150 0.986524
v -0.418622 1.115663 0.986524
v -0.266439 1.032288 0.986524
v -0.283389 1.014623 0.986524
v -0.268295 0.970573 0.986524
v -0.268295 0.671323 0.986524
v -0.268295 0.644955 0.986524
v 0.121047 0.644955 0.986524
v 0.121047 0.671323 0.986524
v 0.121047 0.970573 0.986524
v 0.119191 1.032288 0.986524
v 0.136141 1.014623 0.986524
v -0.045495 1.258811 0.981834
v -0.073624 1.252178 0.981834
v -0.005826 1.313059 0.981834
v -0.012037 1.293269 0.981834
v -0.025494 1.273272 0.981834
v -0.005031 1.329945 0.980802
v 0.012981 1.322734 0.981015
v 0.132181 1.276202 0.980856
v 0.245192 1.133911 0.981035
v 0.120588 1.249556 0.981834
v 0.111020 1.205632 0.981834
v 0.109715 1.152575 0.981834
v 0.115978 1.073669 0.981834
v 0.112549 0.972142 0.980861
v 0.112567 0.678835 0.980870
v 0.111989 0.652984 0.980569
v 0.261011 1.111850 0.980968
v 0.136288 1.019491 0.980135
v 0.113972 1.035294 0.981476
v 0.115719 1.036544 0.981834
v -0.101753 1.258811 0.981834
v -0.141422 1.313059 0.981834
v -0.135211 1.293269 0.981834
v -0.121754 1.273272 0.981834
v -0.142217 1.329945 0.980802
v -0.160229 1.322734 0.981015
v -0.279429 1.276202 0.980856
v -0.392440 1.133911 0.981035
v -0.267836 1.249556 0.981834
v -0.258268 1.205632 0.981834
v -0.256963 1.152575 0.981834
v -0.263226 1.073669 0.981834
v -0.259797 0.972142 0.980861
v -0.259815 0.678835 0.980870
v -0.259237 0.652984 0.980569
v -0.408259 1.111850 0.980968
v -0.283535 1.019491 0.980135
v -0.261220 1.035294 0.981476
v -0.262967 1.036544 0.981834
v -0.073624 1.329190 0.991213
v -0.061779 1.328823 0.991213
v -0.032585 1.330333 0.991213
v -0.004432 1.331341 0.991663
v 0.012999 1.322778 0.992013
v 0.132181 1.276202 0.992192
v 0.245192 1.133911 0.992012
v 0.120588 1.249556 0.991213
v 0.111020 1.205632 0.991213
v 0.109715 1.152575 0.991213
v 0.115978 1.073669 0.991213
v 0.112549 0.972142 0.992187
v 0.112567 0.678835 0.992178
v 0.111989 0.652984 0.992479
v 0.261011 1.111850 0.992080
v 0.136288 1.019491 0.992913
v 0.113972 1.035294 0.991572
v 0.115719 1.036544 0.991213
v -0.010548 1.317689 0.991213
v -0.058114 1.313914 0.991213
v -0.070698 1.313914 0.991213
v -0.085469 1.328823 0.991213
v -0.114663 1.330333 0.991213
v -0.142815 1.331341 0.991663
v -0.160246 1.322778 0.992013
v -0.279429 1.276202 0.992192
v -0.392440 1.133911 0.992012
v -0.267836 1.249556 0.991213
v -0.258268 1.205632 0.991213
v -0.256963 1.152575 0.991213
v -0.263226 1.073669 0.991213
v -0.259797 0.972142 0.992187
v -0.259815 0.678835 0.992178
v -0.259237 0.652984 0.992479
v -0.408259 1.111850 0.992080
v -0.283535 1.019491 0.992913
v -0.261220 1.035294 0.991572
v -0.262967 1.036544 0.991213
v -0.136700 1.317689 0.991213
v -0.089134 1.313914 0.991213
v -0.076550 1.313914 0.991213
v -0.142537 1.333002 0.986524
v -0.160768 1.325190 0.986524
v -0.281826 1.278449 0.986524
v -0.396256 1.133589 0.986524
v -0.412497 1.111216 0.986524
v -0.264497 1.039603 0.986524
v -0.288850 1.019863 0.986524
v -0.260728 0.970467 0.986524
v -0.260727 0.671323 0.986524
v -0.260727 0.644955 0.986524
v 0.113479 0.644955 0.986524
v 0.113479 0.671323 0.986524
v 0.113480 0.970467 0.986524
v -0.004710 1.333002 0.986524
v 0.013521 1.325190 0.986524
v 0.134579 1.278449 0.986524
v 0.249008 1.133589 0.986524
v 0.265249 1.111216 0.986524
v 0.117249 1.039603 0.986524
v 0.141602 1.019863 0.986524
vn -0.0000 -0.0000 -1.0000
vn -0.0000 -0.0000 1.0000
vn -0.3351 0.7820 0.5255
vn -0.3218 0.7872 0.5260
vn -0.3213 0.7874 0.5261
vn -0.4993 0.6678 0.5520
vn -0.4903 0.6749 0.5514
vn -0.6549 0.5188 0.5495
vn -0.6724 0.4882 0.5563
vn 0.7216 -0.6924 -0.0000
vn 0.6978 -0.6696 -0.2543
vn -0.9995 0.0301 -0.0000
vn -0.9255 0.0278 0.3778
vn -1.0000 -0.0000 -0.0000
vn -0.9241 -0.0000 0.3821
vn 1.0000 -0.0000 -0.0000
vn 0.9241 -0.0000 0.3821
vn 0.9999 0.0140 -0.0000
vn 0.9249 0.0149 0.3798
vn 0.3351 0.7820 0.5255
vn 0.3213 0.7874 0.5261
vn 0.3218 0.7872 0.5260
vn 0.4903 0.6749 0.5514
vn 0.4993 0.6678 0.5520
vn 0.6549 0.5188 0.5495
vn 0.6724 0.4882 0.5563
vn 0.9995 0.0301 -0.0000
vn 0.9255 0.0278 0.3778
vn -0.7216 -0.6924 -0.0000
vn -0.6978 -0.6696 -0.2543
vn 0.6724 0.4882 -0.5563
vn 0.4903 0.6749 -0.5514
vn 0.4993 0.6678 -0.5520
vn 0.6549 0.5188 -0.5495
vn 0.3213 0.7874 -0.5261
vn 0.3218 0.7872 -0.5260
vn 0.3351 0.7820 -0.5255
vn -0.6724 0.4882 -0.5563
vn -0.4903 0.6749 -0.5514
vn -0.6549 0.5188 -0.5495
vn -0.4993 0.6678 -0.5520
vn -0.3213 0.7874 -0.5261
vn -0.3218 0.7872 -0.5260
vn -0.3351 0.7820 -0.5255
vn -0.6978 -0.6696 0.2543
vn 0.9255 0.0278 -0.3778
vn 0.9249 0.0149 -0.3798
vn 0.9241 -0.0000 -0.3821
vn -0.9241 -0.0000 -0.3821
vn -0.9255 0.0278 -0.3778
vn 0.6978 -0.6696 0.2543
vn -0.0000 -0.0005 1.0000
vn -0.0037 0.0010 1.0000
vn -0.0045 0.0013 1.0000
vn -0.0000 -0.0061 1.0000
vn 0.0045 0.0013 1.0000
vn 0.0037 0.0010 1.0000
vn -0.0000 -0.0116 0.9999
vn -0.0192 -0.0278 0.9994
vn 0.0192 -0.0278 0.9994
vn 0.0090 0.0032 1.0000
vn -0.0090 0.0032 1.0000
vn -0.0000 0.0071 -1.0000
vn -0.0000 0.0010 -1.0000
vn -0.0000 0.0032 -1.0000
vn -0.0000 -0.0061 -1.0000
vn -0.0000 -0.0116 -0.9999
vn -0.0000 -0.0006 -1.0000
vn -0.0045 0.0013 -1.0000
vn -0.0037 0.0010 -1.0000
vn 0.0037 0.0010 -1.0000
vn 0.0045 0.0013 -1.0000
vn 0.0192 -0.0278 -0.9994
vn -0.0192 -0.0278 -0.9994
vn -0.0090 0.0032 -1.0000
vn 0.0090 0.0032 -1.0000
vn 0.3992 -0.9149 0.0602
vn 0.3901 -0.8568 -0.3373
vn 0.3567 -0.8490 -0.3900
vn 0.3814 -0.9239 0.0309
vn 0.5166 -0.7162 -0.4692
vn 0.5303 -0.7051 -0.4707
vn 0.6888 -0.5453 -0.4777
vn 0.7131 -0.5152 -0.4754
vn -0.4678 0.6374 0.6123
vn 0.9993 0.0374 -0.0000
vn 0.9331 0.0350 -0.3580
vn 1.0000 0.0070 -0.0000
vn 0.9870 -0.0000 -0.1607
vn 0.9843 0.0028 -0.1766
vn 1.0000 0.0098 -0.0000
vn 0.9766 0.0096 -0.2149
vn -1.0000 0.0098 -0.0000
vn -0.9766 0.0096 -0.2149
vn -0.9843 0.0028 -0.1766
vn -1.0000 0.0070 -0.0000
vn -0.9618 0.0197 -0.2729
vn -0.9999 0.0165 -0.0000
vn -0.3992 -0.9149 0.0602
vn -0.3814 -0.9239 0.0309
vn -0.3567 -0.8490 -0.3900
vn -0.3901 -0.8568 -0.3373
vn -0.5303 -0.7051 -0.4707
vn -0.5166 -0.7162 -0.4692
vn -0.6888 -0.5453 -0.4777
vn -0.7131 -0.5152 -0.4754
vn -0.9993 0.0374 -0.0000
vn -0.9331 0.0350 -0.3580
vn 0.4678 0.6374 0.6123
vn -0.7131 -0.5152 0.4754
vn -0.5162 -0.7157 0.4704
vn -0.6888 -0.5453 0.4777
vn -0.5300 -0.7046 0.4719
vn -0.3358 -0.8347 0.4364
vn -0.3470 -0.8311 0.4346
vn 0.7131 -0.5152 0.4754
vn 0.5162 -0.7157 0.4704
vn 0.5300 -0.7046 0.4719
vn 0.6888 -0.5453 0.4777
vn 0.3358 -0.8347 0.4364
vn 0.3470 -0.8311 0.4346
vn 0.4678 0.6374 -0.6123
vn -0.9331 0.0350 0.3580
vn -0.9618 0.0197 0.2729
vn -0.9843 0.0028 0.1766
vn -0.9766 0.0096 0.2149
vn 0.9766 0.0096 0.2149
vn 0.9843 0.0028 0.1766
vn 0.9870 -0.0000 0.1607
vn 0.9331 0.0350 0.3580
vn -0.4678 0.6374 -0.6123
vn -0.0000 1.0000 -0.0000
vn -0.4158 0.9095 -0.0000
vn -0.9012 0.4334 -0.0000
vn -0.9763 0.1969 -0.0903
vn -0.9767 0.1933 -0.0934
vn -0.9323 0.3616 0.0010
vn -0.9323 0.3618 -0.0029
vn -0.9290 0.3547 0.1060
vn 0.8660 -0.0117 -0.4999
vn -0.7189 0.6951 -0.0000
vn -0.6873 -0.5853 -0.4301
vn -0.0000 -1.0000 -0.0000
vn -0.8660 -0.0117 0.4999
vn -0.9793 0.0843 -0.1839
vn 0.5923 -0.7967 -0.1202
vn 0.4739 -0.8199 0.3212
vn 0.5004 -0.8658 -0.0000
vn 0.1753 -0.7064 -0.6857
vn -0.7847 0.0006 -0.6198
vn -0.5923 -0.7967 0.1202
vn -0.1753 -0.7064 0.6857
vn -0.7847 0.0006 0.6198
vn 0.8888 0.3786 0.2581
vn 0.6873 -0.5853 0.4301
vn -0.8888 0.3786 0.2581
vn -0.9254 0.3645 -0.1039
vn 0.6873 -0.5853 -0.4301
vn 0.0104 0.9999 -0.0000
vn 0.8660 -0.0117 0.4999
vn 0.9290 0.3547 0.1060
vn 0.9323 0.3618 -0.0029
vn 0.9323 0.3616 0.0010
vn 0.0669 0.9844 -0.1626
vn 0.0670 0.9842 -0.1640
vn 0.0801 0.9446 -0.3183
vn 0.8888 0.3786 -0.2581
vn 0.4739 -0.8199 -0.3212
vn -0.8888 0.3786 -0.2581
vn 0.5923 -0.7967 0.1202
vn -0.5004 -0.8658 -0.0000
vn -0.4739 -0.8199 0.3212
vn -0.0104 0.9999 -0.0000
vn 0.4158 0.9095 -0.0000
vn -0.6873 -0.5853 0.4301
vn -0.0670 0.9842 -0.1640
vn -0.0669 0.9844 -0.1626
vn 0.9767 0.1933 -0.0934
vn 0.9763 0.1969 -0.0903
vn 0.9012 0.4334 -0.0000
vn 0.9254 0.3645 -0.1039
vn 0.7847 0.0006 -0.6198
vn -0.0801 0.9446 -0.3183
vn 0.7189 0.6951 -0.0000
vn 0.7847 0.0006 0.6198
vn -0.8660 -0.0117 -0.4999
vn 0.9793 0.0843 -0.1839
vn -0.4739 -0.8199 -0.3212
vn 0.1753 -0.7064 0.6857
vn -0.1753 -0.7064 -0.6857
vn -0.5923 -0.7967 -0.1202
vt 0.098155 0.025333
vt 0.103163 0.021712
vt 0.106533 0.016705
vt 0.108088 0.011749
vt 0.108761 0.006415
vt 0.113208 0.008321
vt 0.143337 0.020027
vt 0.139743 0.027650
vt 0.137347 0.038649
vt 0.137021 0.051934
vt 0.138589 0.071693
vt 0.138902 0.097096
vt 0.138902 0.170559
vt 0.043320 0.170559
vt 0.043320 0.097096
vt 0.043634 0.071693
vt 0.045202 0.051934
vt 0.044875 0.038649
vt 0.042479 0.027650
vt 0.038886 0.020027
vt 0.069014 0.008321
vt 0.073461 0.006415
vt 0.074134 0.011749
vt 0.075689 0.016705
vt 0.079059 0.021712
vt 0.084067 0.025333
vt 0.091111 0.026994
vt 0.043320 0.177032
vt 0.138902 0.177032
vt 0.010423 0.055957
vt 0.043698 0.080989
vt 0.043776 0.081946
vt 0.039615 0.086282
vt 0.006415 0.061478
vt 0.171799 0.055957
vt 0.175807 0.061478
vt 0.142608 0.086282
vt 0.138447 0.081946
vt 0.138524 0.080989
vt 0.091111 0.374605
vt 0.094077 0.374697
vt 0.101388 0.374319
vt 0.108761 0.373311
vt 0.113208 0.375216
vt 0.106906 0.377485
vt 0.094995 0.378430
vt 0.091844 0.378430
vt 0.090378 0.378430
vt 0.087227 0.378430
vt 0.075317 0.377485
vt 0.069014 0.375216
vt 0.073461 0.373311
vt 0.080835 0.374319
vt 0.088145 0.374697
vt 0.043320 0.537454
vt 0.138902 0.537454
vt 0.138902 0.543927
vt 0.043320 0.543927
vt 0.138902 0.463991
vt 0.043320 0.463991
vt 0.043634 0.438587
vt 0.045202 0.418829
vt 0.044875 0.405544
vt 0.042479 0.394545
vt 0.038886 0.386923
vt 0.143337 0.386923
vt 0.139743 0.394545
vt 0.137347 0.405544
vt 0.137021 0.418829
vt 0.138589 0.438587
vt 0.010423 0.422852
vt 0.043698 0.447883
vt 0.043776 0.448841
vt 0.039615 0.453177
vt 0.006415 0.428373
vt 0.171799 0.422852
vt 0.175807 0.428373
vt 0.142608 0.453177
vt 0.138447 0.448841
vt 0.138524 0.447883
vt 0.133443 0.922186
vt 0.133447 0.926722
vt 0.129637 0.926240
vt 0.129633 0.921793
vt 0.133443 0.957455
vt 0.129633 0.956371
vt 0.917768 0.676587
vt 0.917766 0.715631
vt 0.913923 0.715912
vt 0.913924 0.677634
vt 0.917768 0.721598
vt 0.913924 0.721761
vt 0.294085 0.973435
vt 0.289840 0.973396
vt 0.288894 0.969543
vt 0.293055 0.969581
vt 0.798962 0.859474
vt 0.798960 0.874909
vt 0.795112 0.874414
vt 0.795114 0.859282
vt 0.798962 0.949558
vt 0.795114 0.947599
vt 0.798962 0.956135
vt 0.795114 0.954048
vt 0.940118 0.103269
vt 0.940118 0.096691
vt 0.943966 0.094733
vt 0.943966 0.101181
vt 0.940120 0.022043
vt 0.943967 0.021548
vt 0.010311 0.922186
vt 0.014121 0.921793
vt 0.014117 0.926240
vt 0.010307 0.926722
vt 0.014121 0.956371
vt 0.010311 0.957455
vt 0.958857 0.676587
vt 0.962700 0.677634
vt 0.962702 0.715912
vt 0.958858 0.715631
vt 0.962700 0.721761
vt 0.958857 0.721597
vt 0.940118 0.006608
vt 0.943966 0.006415
vt 0.834038 0.972858
vt 0.835068 0.969004
vt 0.839229 0.968966
vt 0.838282 0.972819
vt 0.954997 0.715888
vt 0.954996 0.721737
vt 0.954996 0.677610
vt 0.006415 0.926321
vt 0.006419 0.956451
vt 0.006419 0.921874
vt 0.921627 0.715888
vt 0.921629 0.721737
vt 0.921629 0.677610
vt 0.137338 0.926321
vt 0.137334 0.956451
vt 0.137334 0.921874
vt 0.835068 0.976708
vt 0.839229 0.976670
vt 0.936261 0.006418
vt 0.936263 0.021551
vt 0.936261 0.094736
vt 0.936261 0.101184
vt 0.802819 0.954051
vt 0.802819 0.947602
vt 0.802817 0.874417
vt 0.802819 0.859285
vt 0.293055 0.977285
vt 0.288894 0.977247
vt 0.812055 0.206918
vt 0.819099 0.208579
vt 0.826143 0.206918
vt 0.831151 0.203297
vt 0.834521 0.198290
vt 0.836076 0.193334
vt 0.836275 0.189110
vt 0.840786 0.190914
vt 0.870634 0.202566
vt 0.867731 0.209235
vt 0.865335 0.220234
vt 0.865009 0.233519
vt 0.866577 0.253277
vt 0.865718 0.278703
vt 0.865723 0.352147
vt 0.772476 0.352147
vt 0.772480 0.278703
vt 0.771622 0.253277
vt 0.773190 0.233519
vt 0.772863 0.220234
vt 0.770467 0.209235
vt 0.767564 0.202566
vt 0.797413 0.190914
vt 0.801923 0.189110
vt 0.802122 0.193334
vt 0.803677 0.198290
vt 0.807047 0.203297
vt 0.865578 0.358621
vt 0.772621 0.358621
vt 0.898933 0.238196
vt 0.902894 0.243720
vt 0.871662 0.266849
vt 0.866075 0.262888
vt 0.866512 0.262573
vt 0.739266 0.238196
vt 0.771686 0.262573
vt 0.772124 0.262888
vt 0.766536 0.266849
vt 0.735304 0.243720
vt 0.090210 0.557295
vt 0.093176 0.557387
vt 0.100487 0.557008
vt 0.107536 0.556757
vt 0.111901 0.558903
vt 0.106005 0.560174
vt 0.094094 0.561120
vt 0.090943 0.561120
vt 0.089477 0.561120
vt 0.086326 0.561120
vt 0.074416 0.560174
vt 0.068519 0.558903
vt 0.072884 0.556757
vt 0.079934 0.557008
vt 0.087244 0.557387
vt 0.136834 0.720147
vt 0.136689 0.726621
vt 0.043731 0.726621
vt 0.043587 0.720147
vt 0.043591 0.646702
vt 0.042733 0.621277
vt 0.044301 0.601519
vt 0.043974 0.588234
vt 0.041578 0.577235
vt 0.038675 0.570566
vt 0.141745 0.570566
vt 0.138842 0.577235
vt 0.136446 0.588234
vt 0.136120 0.601519
vt 0.137688 0.621277
vt 0.136829 0.646702
vt 0.170044 0.606195
vt 0.174005 0.611719
vt 0.142773 0.634848
vt 0.137185 0.630888
vt 0.137623 0.630573
vt 0.010376 0.606195
vt 0.042797 0.630573
vt 0.043235 0.630888
vt 0.037647 0.634848
vt 0.006415 0.611719
vt 0.643284 0.921867
vt 0.645425 0.921931
vt 0.645565 0.926295
vt 0.643279 0.926432
vt 0.645620 0.956139
vt 0.643261 0.956746
vt 0.920694 0.859282
vt 0.923065 0.859881
vt 0.923029 0.892907
vt 0.920734 0.892917
vt 0.923065 0.898064
vt 0.920742 0.898142
vt 0.698042 0.969576
vt 0.700706 0.970907
vt 0.700251 0.976495
vt 0.698174 0.975675
vt 0.737354 0.747923
vt 0.739464 0.749069
vt 0.739724 0.764853
vt 0.737359 0.765252
vt 0.737364 0.839873
vt 0.739724 0.838019
vt 0.737364 0.846451
vt 0.739851 0.844480
vt 0.757883 0.846451
vt 0.755396 0.844480
vt 0.755523 0.838019
vt 0.757884 0.839874
vt 0.755524 0.764853
vt 0.757888 0.765252
vt 0.959134 0.170281
vt 0.959139 0.174846
vt 0.956853 0.174709
vt 0.956993 0.170345
vt 0.959157 0.205160
vt 0.956798 0.204553
vt 0.530815 0.921793
vt 0.530775 0.955428
vt 0.528480 0.955418
vt 0.528444 0.922393
vt 0.530767 0.960654
vt 0.528444 0.960575
vt 0.757894 0.747923
vt 0.755783 0.749069
vt 0.399687 0.969543
vt 0.399555 0.975641
vt 0.397478 0.976462
vt 0.397024 0.970874
vt 0.533061 0.955444
vt 0.533081 0.960602
vt 0.533175 0.922419
vt 0.961443 0.174717
vt 0.961529 0.204566
vt 0.961529 0.170207
vt 0.918448 0.892933
vt 0.918428 0.898090
vt 0.918334 0.859908
vt 0.640975 0.926303
vt 0.640889 0.956152
vt 0.640889 0.921793
vt 0.402355 0.970874
vt 0.401690 0.976462
vt 0.759996 0.749071
vt 0.760250 0.764855
vt 0.760242 0.838021
vt 0.760367 0.844482
vt 0.734881 0.844482
vt 0.735005 0.838021
vt 0.734997 0.764855
vt 0.735251 0.749071
vt 0.695374 0.970907
vt 0.696039 0.976495
vt 0.990961 0.980802
vt 0.989067 0.980802
vt 0.989023 0.973758
vt 0.990917 0.973758
vt 0.921951 0.975134
vt 0.920172 0.974479
vt 0.921929 0.969721
vt 0.923708 0.970375
vt 0.922444 0.962664
vt 0.921819 0.964353
vt 0.919666 0.963995
vt 0.918334 0.962673
vt 0.992179 0.582092
vt 0.990684 0.582008
vt 0.990293 0.556757
vt 0.992188 0.556757
vt 0.988926 0.968750
vt 0.990821 0.968750
vt 0.956798 0.221838
vt 0.957986 0.221831
vt 0.958009 0.224504
vt 0.957083 0.225695
vt 0.920113 0.980086
vt 0.918334 0.979432
vt 0.915725 0.247032
vt 0.917092 0.248344
vt 0.917092 0.341302
vt 0.915725 0.342614
vt 0.978751 0.445424
vt 0.977267 0.445340
vt 0.976855 0.420089
vt 0.978751 0.420089
vt 0.923794 0.965900
vt 0.925565 0.965334
vt 0.761743 0.894150
vt 0.760559 0.893091
vt 0.760210 0.861861
vt 0.761743 0.860950
vt 0.757883 0.860815
vt 0.757882 0.859282
vt 0.923429 0.247032
vt 0.922062 0.248344
vt 0.919594 0.247971
vt 0.919594 0.246076
vt 0.761745 0.764735
vt 0.761743 0.749682
vt 0.342694 0.956712
vt 0.341506 0.955638
vt 0.341160 0.924403
vt 0.342694 0.923512
vt 0.919594 0.341675
vt 0.919594 0.343570
vt 0.754039 0.749678
vt 0.754040 0.764731
vt 0.741208 0.749678
vt 0.739313 0.748719
vt 0.741208 0.748718
vt 0.975571 0.222532
vt 0.974383 0.222525
vt 0.974359 0.219865
vt 0.975286 0.218685
vt 0.754039 0.748718
vt 0.755934 0.748719
vt 0.923429 0.342614
vt 0.922062 0.341302
vt 0.739312 0.739452
vt 0.741207 0.739452
vt 0.975286 0.226390
vt 0.974359 0.225198
vt 0.754040 0.739452
vt 0.755935 0.739452
vt 0.959437 0.948235
vt 0.961331 0.948235
vt 0.961334 0.951201
vt 0.959439 0.951201
vt 0.976964 0.739452
vt 0.978859 0.739451
vt 0.978447 0.764703
vt 0.976964 0.764787
vt 0.922955 0.524738
vt 0.921624 0.526060
vt 0.919470 0.526418
vt 0.918846 0.524729
vt 0.961324 0.958511
vt 0.959429 0.958511
vt 0.961129 0.965561
vt 0.959402 0.965885
vt 0.733503 0.748722
vt 0.735398 0.748721
vt 0.733504 0.749682
vt 0.755572 0.861892
vt 0.754039 0.861001
vt 0.759849 0.748721
vt 0.761744 0.748722
vt 0.755227 0.893126
vt 0.754039 0.894201
vt 0.759850 0.739454
vt 0.761745 0.739455
vt 0.338850 0.921793
vt 0.338850 0.923327
vt 0.336523 0.924373
vt 0.334990 0.923462
vt 0.733502 0.739455
vt 0.735398 0.739454
vt 0.959439 0.945269
vt 0.961334 0.945269
vt 0.990917 0.987846
vt 0.989023 0.987846
vt 0.957083 0.217991
vt 0.958009 0.219171
vt 0.959429 0.937958
vt 0.961324 0.937958
vt 0.917581 0.532440
vt 0.919360 0.531786
vt 0.921117 0.536544
vt 0.919339 0.537199
vt 0.917495 0.527965
vt 0.915725 0.527399
vt 0.733502 0.764735
vt 0.959402 0.930585
vt 0.961129 0.930909
vt 0.990821 0.992854
vt 0.988926 0.992854
vt 0.741207 0.764731
vt 0.922955 0.541497
vt 0.921176 0.542151
vt 0.977335 0.082747
vt 0.979230 0.082748
vt 0.978829 0.107999
vt 0.977335 0.108082
vt 0.336173 0.955603
vt 0.334990 0.956662
s 1
usemtl cloth
f 1560/3493/959 1561/3494/959 1559/3495/959 1562/3496/959 1557/3497/959 1563/3498/959 1564/3499/959 1566/3500/959 1567/3501/959 1568/3502/959 1569/3503/959 1570/3504/959 1595/3505/959 1594/3506/959 1588/3507/959 1587/3508/959 1586/3509/959 1585/3510/959 1584/3511/959 1582/3512/959 1581/3513/959 1576/3514/959 1580/3515/959 1577/3516/959 1579/3517/959 1578/3518/959 1558/3519/959
f 1589/3520/959 1594/3506/959 1595/3505/959 1571/3521/959
f 1583/3522/959 1593/3523/959 1592/3524/959 1591/3525/959 1590/3526/959
f 1565/3527/959 1572/3528/959 1573/3529/959 1574/3530/959 1575/3531/959
f 1565/3527/959 1575/3531/959 1569/3503/959 1568/3502/959 1567/3501/959 1566/3500/959 1564/3499/959
f 1583/3522/959 1582/3512/959 1584/3511/959 1585/3510/959 1586/3509/959 1587/3508/959 1593/3523/959
f 1597/3532/960 1618/3533/960 1619/3534/960 1617/3535/960 1620/3536/960 1634/3537/960 1635/3538/960 1636/3539/960 1616/3540/960 1615/3541/960 1614/3542/960 1600/3543/960 1596/3544/960 1599/3545/960 1598/3546/960
f 1613/3547/960 1633/3548/960 1628/3549/960 1608/3550/960
f 1627/3551/960 1633/3548/960 1613/3547/960 1607/3552/960 1606/3553/960 1605/3554/960 1604/3555/960 1603/3556/960 1601/3557/960 1600/3543/960 1614/3542/960 1615/3541/960 1616/3540/960 1636/3539/960 1635/3538/960 1634/3537/960 1620/3536/960 1621/3558/960 1623/3559/960 1624/3560/960 1625/3561/960 1626/3562/960
f 1602/3563/960 1612/3564/960 1611/3565/960 1610/3566/960 1609/3567/960
f 1622/3568/960 1629/3569/960 1630/3570/960 1631/3571/960 1632/3572/960
f 1622/3568/960 1632/3572/960 1626/3562/960 1625/3561/960 1624/3560/960 1623/3559/960 1621/3558/960
f 1602/3563/960 1601/3557/960 1603/3556/960 1604/3555/960 1605/3554/960 1606/3553/960 1612/3564/960
f 1642/3573/961 1643/3574/962 1620/3575/963 1617/3576/961
f 1643/3574/962 1644/3577/964 1621/3578/965 1620/3575/963
f 1644/3579/964 1645/3580/966 1622/3581/966 1621/3582/965
f 1645/3580/967 1646/3583/967 1629/3584/967 1622/3581/967
f 1648/3585/968 1647/3586/968 1631/3587/969 1630/3588/969
f 1647/3589/970 1649/3590/970 1627/3591/971 1631/3592/971
f 1650/3593/972 1633/3594/973 1627/3591/973 1649/3590/972
f 1651/3595/972 1628/3596/973 1633/3594/973 1650/3593/972
f 1652/3597/974 1653/3598/974 1613/3599/975 1608/3600/975
f 1653/3598/974 1654/3601/976 1607/3602/977 1613/3599/975
f 1637/3603/978 1596/3604/978 1600/3605/979 1638/3606/980
f 1638/3606/980 1600/3605/979 1601/3607/981 1639/3608/982
f 1639/3609/982 1601/3610/981 1602/3611/983 1640/3612/983
f 1640/3612/984 1602/3611/984 1609/3613/984 1641/3614/984
f 1655/3615/985 1611/3616/986 1607/3602/977 1654/3601/976
f 1656/3617/987 1610/3618/988 1611/3619/988 1655/3620/987
f 1565/3621/989 1640/3612/989 1641/3614/989 1572/3622/989
f 1564/3623/990 1639/3609/991 1640/3612/992 1565/3621/992
f 1563/3624/993 1638/3606/994 1639/3608/991 1564/3625/990
f 1557/3626/995 1637/3603/995 1638/3606/994 1563/3624/993
f 1583/3627/996 1590/3628/996 1646/3583/996 1645/3580/996
f 1582/3629/997 1583/3627/998 1645/3580/998 1644/3579/999
f 1581/3630/1000 1582/3631/997 1644/3577/999 1643/3574/1001
f 1576/3632/1002 1581/3630/1000 1643/3574/1001 1642/3573/1002
f 1573/3633/1003 1656/3617/987 1655/3620/987 1574/3634/1003
f 1574/3635/1004 1655/3615/985 1654/3601/976 1570/3636/1005
f 1595/3637/1006 1570/3636/1005 1654/3601/976 1653/3598/974
f 1571/3638/1006 1595/3637/1006 1653/3598/974 1652/3597/974
f 1589/3639/1007 1651/3595/972 1650/3593/972 1594/3640/1007
f 1594/3640/1007 1650/3593/972 1649/3590/972 1588/3641/1007
f 1592/3642/1008 1588/3641/1008 1649/3590/970 1647/3589/970
f 1591/3643/1009 1592/3644/1009 1647/3586/968 1648/3585/968
f 1657/3645/1010 1658/3646/1010 1677/3647/1010 1680/3648/1010 1679/3649/1010 1678/3650/1010 1681/3651/1010 1682/3652/1010 1683/3653/1011 1685/3654/1012 1686/3655/1012 1687/3656/1012 1688/3657/1012 1689/3658/1010 1690/3659/1013 1671/3660/1013 1670/3661/1010 1669/3662/1014 1668/3663/1014 1667/3664/1014 1666/3665/1014 1664/3666/1015 1663/3667/1010 1662/3668/1010 1659/3669/1010 1660/3670/1010 1661/3671/1010
f 1691/3672/1016 1672/3673/1016 1671/3660/1013 1690/3659/1013
f 1684/3674/1017 1692/3675/1017 1693/3676/1017 1694/3677/1017 1695/3678/1017
f 1665/3679/1018 1676/3680/1018 1675/3681/1018 1674/3682/1018 1673/3683/1018
f 1665/3679/1019 1664/3666/1015 1666/3665/1014 1667/3664/1014 1668/3663/1014 1669/3662/1014 1676/3680/1019
f 1684/3674/1020 1695/3678/1020 1688/3657/1012 1687/3656/1012 1686/3655/1012 1685/3654/1012 1683/3653/1011
f 1696/3684/1021 1697/3685/1021 1698/3686/1021 1699/3687/1021 1700/3688/1022 1714/3689/1023 1715/3690/1023 1716/3691/1023 1736/3692/1023 1735/3693/1023 1734/3694/1023 1720/3695/1022 1719/3696/1021 1718/3697/1021 1717/3698/1021
f 1708/3699/1024 1709/3700/1025 1729/3701/1025 1728/3702/1024
f 1727/3703/1026 1726/3704/1027 1725/3705/1027 1724/3706/1027 1723/3707/1027 1721/3708/1028 1720/3695/1022 1734/3694/1023 1735/3693/1023 1736/3692/1023 1716/3691/1023 1715/3690/1023 1714/3689/1023 1700/3688/1022 1701/3709/1029 1703/3710/1030 1704/3711/1030 1705/3712/1030 1706/3713/1030 1707/3714/1026 1708/3699/1024 1728/3702/1024
f 1702/3715/1031 1710/3716/1031 1711/3717/1031 1712/3718/1031 1713/3719/1031
f 1722/3720/1032 1733/3721/1032 1732/3722/1032 1731/3723/1032 1730/3724/1032
f 1722/3720/1033 1721/3708/1028 1723/3707/1027 1724/3706/1027 1725/3705/1027 1726/3704/1027 1733/3721/1033
f 1702/3715/1034 1713/3719/1034 1706/3713/1030 1705/3712/1030 1704/3711/1030 1703/3710/1030 1701/3709/1029
f 1737/3725/1035 1719/3726/1036 1720/3727/1037 1738/3728/1038
f 1738/3728/1038 1720/3727/1037 1721/3729/1039 1739/3730/1040
f 1739/3731/1040 1721/3732/1039 1722/3733/1041 1740/3734/1041
f 1740/3734/1042 1722/3733/1042 1730/3735/1042 1741/3736/1042
f 1743/3737/1043 1731/3738/1043 1732/3739/1043 1742/3740/1043
f 1742/3741/1044 1732/3742/1045 1727/3743/1045 1744/3744/1044
f 1745/3745/1046 1744/3744/974 1727/3743/1047 1728/3746/1048
f 1746/3747/1049 1745/3745/1046 1728/3746/1048 1729/3748/1050
f 1747/3749/1051 1709/3750/1052 1708/3751/1053 1748/3752/1054
f 1748/3752/1054 1708/3751/1053 1707/3753/1055 1749/3754/1056
f 1750/3755/1057 1751/3756/1058 1700/3757/1059 1699/3758/1060
f 1751/3756/1058 1752/3759/1061 1701/3760/1062 1700/3757/1059
f 1752/3761/1061 1753/3762/1063 1702/3763/1063 1701/3764/1062
f 1753/3762/1064 1754/3765/1064 1710/3766/1064 1702/3763/1064
f 1755/3767/1065 1749/3754/1056 1707/3753/1055 1712/3768/1066
f 1756/3769/1067 1755/3770/1067 1712/3771/1067 1711/3772/1067
f 1665/3773/1068 1673/3774/1068 1754/3765/1068 1753/3762/1068
f 1664/3775/1069 1665/3773/1070 1753/3762/1070 1752/3761/1071
f 1663/3776/1072 1664/3777/1069 1752/3759/1071 1751/3756/1058
f 1662/3778/1073 1663/3776/1072 1751/3756/1058 1750/3755/1057
f 1684/3779/1074 1740/3734/1074 1741/3736/1074 1692/3780/1074
f 1683/3781/1075 1739/3731/1076 1740/3734/1077 1684/3779/1077
f 1682/3782/1078 1738/3728/1038 1739/3730/1076 1683/3783/1075
f 1681/3784/1079 1737/3725/1035 1738/3728/1038 1682/3782/1078
f 1674/3785/1080 1675/3786/1080 1755/3770/1080 1756/3769/1080
f 1675/3787/1081 1670/3788/1082 1749/3754/1056 1755/3767/1065
f 1671/3789/1083 1748/3752/1054 1749/3754/1056 1670/3788/1082
f 1672/3790/1084 1747/3749/1051 1748/3752/1054 1671/3789/1083
f 1691/3791/1085 1690/3792/1086 1745/3745/1046 1746/3747/1049
f 1690/3792/1086 1689/3793/1087 1744/3744/974 1745/3745/1046
f 1694/3794/1088 1742/3741/1044 1744/3744/1044 1689/3793/1088
f 1693/3795/1089 1743/3737/1089 1742/3740/1089 1694/3796/1089
f 1558/3797/1090 1658/3798/1090 1657/3799/1091 1560/3800/1091
f 1559/3801/1092 1660/3802/1092 1659/3803/1093 1562/3804/1094
f 1637/3805/1095 1750/3806/1096 1699/3807/1097 1596/3808/1097
f 1607/3809/1098 1707/3810/1098 1706/3811/1098 1606/3812/1098
f 1560/3800/1091 1657/3799/1091 1661/3813/1099 1561/3814/1099
f 1648/3815/1100 1743/3816/1100 1693/3817/1100 1591/3818/1100
f 1561/3819/1099 1661/3820/1099 1660/3802/1092 1559/3801/1092
f 1628/3821/1101 1729/3822/1101 1709/3823/1101 1608/3824/1101
f 1588/3825/1102 1689/3826/1102 1688/3827/1102 1587/3828/1102
f 1562/3804/1094 1659/3803/1093 1662/3829/1103 1557/3830/1103
f 1610/3831/1104 1711/3832/1104 1710/3833/1104 1609/3834/1104
f 1609/3834/1105 1710/3833/1105 1754/3835/1106 1641/3836/1106
f 1589/3837/1107 1691/3838/1107 1746/3839/1107 1651/3840/1107
f 1570/3841/1108 1670/3788/1108 1675/3787/1108 1574/3842/1108
f 1591/3843/1109 1693/3844/1109 1692/3845/1109 1590/3846/1109
f 1608/3824/1110 1709/3823/1110 1747/3847/1110 1652/3848/1110
f 1611/3849/1111 1712/3768/1111 1707/3753/1111 1607/3850/1111
f 1631/3851/1112 1732/3742/1112 1733/3852/1112 1632/3853/1112
f 1656/3854/1113 1756/3855/1113 1711/3856/1113 1610/3857/1113
f 1612/3858/1114 1713/3859/1114 1712/3768/1114 1611/3849/1114
f 1571/3860/1101 1672/3861/1101 1691/3838/1101 1589/3837/1101
f 1557/3830/1115 1662/3829/1115 1750/3806/1096 1637/3805/1095
f 1632/3853/1046 1733/3852/1046 1726/3862/1046 1626/3863/1046
f 1573/3864/1116 1674/3865/1116 1756/3855/1116 1656/3854/1116
f 1606/3866/1054 1706/3867/1054 1713/3859/1054 1612/3858/1054
f 1597/3868/1090 1696/3869/1090 1717/3870/1117 1618/3871/1117
f 1569/3872/1118 1669/3873/1118 1670/3874/1118 1570/3875/1118
f 1617/3876/1119 1719/3877/1119 1737/3878/1120 1642/3879/1121
f 1618/3871/1117 1717/3870/1117 1718/3880/1122 1619/3881/1123
f 1619/3881/1123 1718/3880/1122 1719/3882/1124 1617/3883/1124
f 1593/3884/1125 1695/3885/1125 1694/3794/1125 1592/3886/1125
f 1641/3836/1106 1754/3835/1106 1673/3887/1126 1572/3888/1126
f 1574/3842/1127 1675/3787/1127 1676/3889/1127 1575/3890/1127
f 1572/3888/1128 1673/3887/1128 1674/3891/1128 1573/3892/1128
f 1575/3890/1054 1676/3889/1054 1669/3893/1054 1569/3894/1054
f 1646/3895/1129 1741/3896/1129 1730/3897/1130 1629/3898/1130
f 1587/3899/1046 1688/3900/1046 1695/3885/1046 1593/3884/1046
f 1598/3901/1131 1697/3902/1131 1696/3869/1090 1597/3868/1090
f 1578/3903/1132 1677/3904/1132 1658/3798/1090 1558/3797/1090
f 1630/3905/1133 1731/3906/1133 1743/3816/1133 1648/3815/1133
f 1599/3907/1134 1698/3908/1135 1697/3902/1131 1598/3901/1131
f 1580/3909/1136 1678/3910/1137 1679/3911/1138 1577/3912/1138
f 1642/3879/1121 1737/3878/1120 1681/3913/1139 1576/3914/1139
f 1592/3886/1140 1694/3794/1140 1689/3793/1140 1588/3915/1140
f 1596/3916/1141 1699/3917/1141 1698/3908/1135 1599/3907/1134
f 1579/3918/1142 1680/3919/1142 1677/3904/1132 1578/3903/1132
f 1627/3920/1143 1727/3743/1143 1732/3742/1143 1631/3851/1143
f 1577/3912/1138 1679/3911/1138 1680/3921/1142 1579/3922/1142
f 1626/3923/1144 1726/3924/1144 1727/3925/1144 1627/3926/1144
f 1576/3914/1145 1681/3913/1145 1678/3910/1137 1580/3909/1136
f 1590/3846/1146 1692/3845/1146 1741/3896/1129 1646/3895/1129
f 1651/3840/1147 1746/3839/1147 1729/3822/1147 1628/3821/1147
f 1652/3848/1148 1747/3847/1148 1672/3861/1148 1571/3860/1148
f 1629/3898/1149 1730/3897/1149 1731/3927/1149 1630/3928/1149
o t_shirt_2
v 0.000113 1.334360 0.631315
v -0.070372 1.252178 0.631315
v -0.008785 1.293269 0.631315
v -0.042243 1.258811 0.631315
v -0.022242 1.273272 0.631315
v -0.002574 1.313059 0.631315
v 0.017871 1.326749 0.631315
v 0.138191 1.279999 0.631315
v 0.251855 1.136509 0.631315
v 0.123840 1.249556 0.631315
v 0.114272 1.205632 0.631315
v 0.112967 1.152575 0.631315
v 0.119230 1.073669 0.631315
v 0.120482 0.972217 0.631315
v 0.120482 0.652984 0.631315
v 0.267861 1.114462 0.631315
v 0.135280 1.015404 0.631315
v 0.118662 1.032722 0.631315
v 0.118971 1.036544 0.631315
v -0.140857 1.334360 0.631315
v -0.131959 1.293269 0.631315
v -0.098501 1.258811 0.631315
v -0.118502 1.273272 0.631315
v -0.138170 1.313059 0.631315
v -0.158615 1.326749 0.631315
v -0.278935 1.279999 0.631315
v -0.392599 1.136509 0.631315
v -0.264584 1.249556 0.631315
v -0.255016 1.205632 0.631315
v -0.253711 1.152575 0.631315
v -0.259974 1.073669 0.631315
v -0.261226 0.972217 0.631315
v -0.261226 0.652984 0.631315
v -0.408605 1.114462 0.631315
v -0.276024 1.015404 0.631315
v -0.259406 1.032722 0.631315
v -0.259715 1.036544 0.631315
v -0.261226 0.678835 0.631315
v 0.120482 0.678835 0.631315
v 0.000113 1.334360 0.649776
v -0.070372 1.329190 0.649776
v -0.058527 1.328823 0.649776
v -0.029333 1.330333 0.649776
v 0.017871 1.326749 0.649776
v 0.138191 1.279999 0.649776
v 0.251855 1.136509 0.649776
v 0.123840 1.249556 0.649776
v 0.114272 1.205632 0.649776
v 0.112967 1.152575 0.649776
v 0.119230 1.073669 0.649776
v 0.120482 0.972217 0.649776
v 0.120482 0.652984 0.649776
v 0.267861 1.114462 0.649776
v 0.135280 1.015404 0.649776
v 0.118662 1.032722 0.649776
v 0.118971 1.036544 0.649776
v 0.120482 0.678835 0.649776
v -0.007296 1.317689 0.649776
v -0.054862 1.313914 0.649776
v -0.067446 1.313914 0.649776
v -0.140857 1.334360 0.649776
v -0.082217 1.328823 0.649776
v -0.111411 1.330333 0.649776
v -0.158615 1.326749 0.649776
v -0.278935 1.279999 0.649776
v -0.392599 1.136509 0.649776
v -0.264584 1.249556 0.649776
v -0.255016 1.205632 0.649776
v -0.253711 1.152575 0.649776
v -0.259974 1.073669 0.649776
v -0.261226 0.972217 0.649776
v -0.261226 0.652984 0.649776
v -0.408605 1.114462 0.649776
v -0.276024 1.015404 0.649776
v -0.259406 1.032722 0.649776
v -0.259715 1.036544 0.649776
v -0.261226 0.678835 0.649776
v -0.133448 1.317689 0.649776
v -0.085882 1.313914 0.649776
v -0.073298 1.313914 0.649776
v 0.001523 1.339959 0.640545
v 0.019636 1.332196 0.640545
v 0.142362 1.284510 0.640545
v 0.258299 1.138150 0.640545
v 0.274626 1.115663 0.640545
v -0.142267 1.339959 0.640545
v -0.160380 1.332196 0.640545
v -0.283106 1.284510 0.640545
v -0.399043 1.138150 0.640545
v -0.415370 1.115663 0.640545
v -0.263187 1.032288 0.640545
v -0.280137 1.014623 0.640545
v -0.265043 0.970573 0.640545
v -0.265043 0.671323 0.640545
v -0.265043 0.644955 0.640545
v 0.124299 0.644955 0.640545
v 0.124299 0.671323 0.640545
v 0.124299 0.970573 0.640545
v 0.122443 1.032288 0.640545
v 0.139393 1.014623 0.640545
v -0.042243 1.258811 0.635855
v -0.070372 1.252178 0.635855
v -0.002574 1.313059 0.635855
v -0.008785 1.293269 0.635855
v -0.022242 1.273272 0.635855
v -0.001779 1.329945 0.634824
v 0.016233 1.322734 0.635036
v 0.135433 1.276202 0.634877
v 0.248444 1.133911 0.635057
v 0.123840 1.249556 0.635855
v 0.114272 1.205632 0.635855
v 0.112967 1.152575 0.635855
v 0.119230 1.073669 0.635855
v 0.115801 0.972142 0.634882
v 0.115819 0.678835 0.634891
v 0.115241 0.652984 0.634590
v 0.264263 1.111850 0.634989
v 0.139540 1.019491 0.634156
v 0.117224 1.035294 0.635497
v 0.118971 1.036544 0.635855
v -0.098501 1.258811 0.635855
v -0.138170 1.313059 0.635855
v -0.131959 1.293269 0.635855
v -0.118502 1.273272 0.635855
v -0.138965 1.329945 0.634824
v -0.156977 1.322734 0.635036
v -0.276177 1.276202 0.634877
v -0.389188 1.133911 0.635057
v -0.264584 1.249556 0.635855
v -0.255016 1.205632 0.635855
v -0.253711 1.152575 0.635855
v -0.259974 1.073669 0.635855
v -0.256545 0.972142 0.634882
v -0.256563 0.678835 0.634891
v -0.255985 0.652984 0.634590
v -0.405007 1.111850 0.634989
v -0.280283 1.019491 0.634156
v -0.257968 1.035294 0.635497
v -0.259715 1.036544 0.635855
v -0.070372 1.329190 0.645235
v -0.058527 1.328823 0.645235
v -0.029333 1.330333 0.645235
v -0.001180 1.331341 0.645684
v 0.016251 1.322778 0.646034
v 0.135433 1.276202 0.646213
v 0.248444 1.133911 0.646034
v 0.123840 1.249556 0.645235
v 0.114272 1.205632 0.645235
v 0.112967 1.152575 0.645235
v 0.119230 1.073669 0.645235
v 0.115801 0.972142 0.646208
v 0.115819 0.678835 0.646199
v 0.115241 0.652984 0.646500
v 0.264263 1.111850 0.646101
v 0.139540 1.019491 0.646934
v 0.117224 1.035294 0.645593
v 0.118971 1.036544 0.645235
v -0.007296 1.317689 0.645235
v -0.054862 1.313914 0.645235
v -0.067446 1.313914 0.645235
v -0.082217 1.328823 0.645235
v -0.111411 1.330333 0.645235
v -0.139563 1.331341 0.645684
v -0.156994 1.322778 0.646034
v -0.276177 1.276202 0.646213
v -0.389188 1.133911 0.646034
v -0.264584 1.249556 0.645235
v -0.255016 1.205632 0.645235
v -0.253711 1.152575 0.645235
v -0.259974 1.073669 0.645235
v -0.256545 0.972142 0.646208
v -0.256563 0.678835 0.646199
v -0.255985 0.652984 0.646500
v -0.405007 1.111850 0.646101
v -0.280283 1.019491 0.646934
v -0.257968 1.035294 0.645593
v -0.259715 1.036544 0.645235
v -0.133448 1.317689 0.645235
v -0.085882 1.313914 0.645235
v -0.073298 1.313914 0.645235
v -0.139286 1.333002 0.640545
v -0.157516 1.325190 0.640545
v -0.278574 1.278449 0.640545
v -0.393004 1.133589 0.640545
v -0.409245 1.111216 0.640545
v -0.261245 1.039603 0.640545
v -0.285598 1.019863 0.640545
v -0.257476 0.970467 0.640545
v -0.257475 0.671323 0.640545
v -0.257475 0.644955 0.640545
v 0.116731 0.644955 0.640545
v 0.116731 0.671323 0.640545
v 0.116732 0.970467 0.640545
v -0.001458 1.333002 0.640545
v 0.016773 1.325190 0.640545
v 0.137830 1.278449 0.640545
v 0.252260 1.133589 0.640545
v 0.268501 1.111216 0.640545
v 0.120501 1.039603 0.640545
v 0.144854 1.019863 0.640545
vn -0.0000 -0.0000 -1.0000
vn -0.0000 -0.0000 1.0000
vn -0.3351 0.7820 0.5255
vn -0.3079 0.7925 0.5265
vn -0.6549 0.5188 0.5495
vn -0.6724 0.4882 0.5563
vn 0.6978 -0.6696 -0.2543
vn -0.9255 0.0278 0.3778
vn -0.9241 -0.0000 0.3821
vn 0.9241 -0.0000 0.3821
vn 0.3351 0.7820 0.5255
vn 0.3079 0.7925 0.5265
vn 0.6549 0.5188 0.5495
vn 0.6724 0.4882 0.5563
vn 0.9255 0.0278 0.3778
vn -0.6978 -0.6696 -0.2543
vn 0.6724 0.4882 -0.5563
vn 0.6549 0.5188 -0.5495
vn 0.3079 0.7925 -0.5265
vn 0.3351 0.7820 -0.5255
vn -0.6724 0.4882 -0.5563
vn -0.6549 0.5188 -0.5495
vn -0.3079 0.7925 -0.5265
vn -0.3351 0.7820 -0.5255
vn -0.6978 -0.6696 0.2543
vn 0.9255 0.0278 -0.3778
vn 0.9241 -0.0000 -0.3821
vn -0.9241 -0.0000 -0.3821
vn -0.9255 0.0278 -0.3778
vn 0.6978 -0.6696 0.2543
vn -0.0000 -0.0005 1.0000
vn -0.0000 -0.0116 0.9999
vn -0.0192 -0.0278 0.9994
vn 0.0192 -0.0278 0.9994
vn 0.0090 0.0032 1.0000
vn -0.0090 0.0032 1.0000
vn -0.0000 0.0071 -1.0000
vn -0.0000 -0.0116 -0.9999
vn -0.0000 -0.0006 -1.0000
vn 0.0192 -0.0278 -0.9994
vn -0.0192 -0.0278 -0.9994
vn -0.0090 0.0032 -1.0000
vn 0.0090 0.0032 -1.0000
vn 0.3901 -0.8568 -0.3373
vn 0.3256 -0.8392 -0.4356
vn 0.6888 -0.5453 -0.4777
vn 0.7131 -0.5152 -0.4754
vn -0.4678 0.6374 0.6123
vn 0.9331 0.0350 -0.3580
vn 0.9870 -0.0000 -0.1607
vn 0.9766 0.0096 -0.2149
vn -0.9766 0.0096 -0.2149
vn -0.9870 -0.0000 -0.1607
vn -0.3901 -0.8568 -0.3373
vn -0.3256 -0.8392 -0.4356
vn -0.6888 -0.5453 -0.4777
vn -0.7131 -0.5152 -0.4754
vn -0.9331 0.0350 -0.3580
vn 0.4678 0.6374 0.6123
vn -0.7131 -0.5152 0.4754
vn -0.6888 -0.5453 0.4777
vn -0.3251 -0.8381 0.4381
vn -0.3470 -0.8311 0.4346
vn 0.7131 -0.5152 0.4754
vn 0.6888 -0.5453 0.4777
vn 0.3251 -0.8381 0.4381
vn 0.3470 -0.8311 0.4346
vn 0.4678 0.6374 -0.6123
vn -0.9331 0.0350 0.3580
vn -0.9870 -0.0000 0.1607
vn -0.9766 0.0096 0.2149
vn 0.9766 0.0096 0.2149
vn 0.9870 -0.0000 0.1607
vn 0.9331 0.0350 0.3580
vn -0.4678 0.6374 -0.6123
vn -0.2295 0.9733 -0.0000
vn -0.9541 0.2994 -0.0000
vn -0.9290 0.3547 0.1060
vn 0.8660 -0.0117 -0.4999
vn -0.5859 0.8104 -0.0000
vn -0.6873 -0.5853 -0.4301
vn -0.8296 0.5583 -0.0000
vn -0.0000 -1.0000 -0.0000
vn -0.8660 -0.0117 0.4999
vn -0.9793 0.0843 -0.1839
vn 0.5923 -0.7967 -0.1202
vn 0.4739 -0.8199 0.3212
vn 0.1753 -0.7064 -0.6857
vn -0.7847 0.0006 -0.6198
vn -0.5923 -0.7967 0.1202
vn -0.1753 -0.7064 0.6857
vn -0.7847 0.0006 0.6198
vn 0.8888 0.3786 0.2581
vn 0.6873 -0.5853 0.4301
vn -0.8888 0.3786 0.2581
vn -0.9254 0.3645 -0.1039
vn 1.0000 0.0070 -0.0000
vn 0.6873 -0.5853 -0.4301
vn -1.0000 0.0070 -0.0000
vn -0.0310 0.9995 -0.0000
vn 0.8660 -0.0117 0.4999
vn 0.9290 0.3547 0.1060
vn 0.0517 0.9987 -0.0000
vn 0.0801 0.9446 -0.3183
vn 0.8888 0.3786 -0.2581
vn 0.4739 -0.8199 -0.3212
vn -0.8888 0.3786 -0.2581
vn 0.5923 -0.7967 0.1202
vn -0.4739 -0.8199 0.3212
vn 0.0310 0.9995 -0.0000
vn 0.2295 0.9733 -0.0000
vn -0.6873 -0.5853 0.4301
vn -0.0517 0.9987 -0.0000
vn 0.9541 0.2994 -0.0000
vn 0.9254 0.3645 -0.1039
vn 0.7847 0.0006 -0.6198
vn -0.0801 0.9446 -0.3183
vn 0.5859 0.8104 -0.0000
vn 0.7847 0.0006 0.6198
vn 0.8296 0.5583 -0.0000
vn -0.8660 -0.0117 -0.4999
vn 0.9793 0.0843 -0.1839
vn -0.4739 -0.8199 -0.3212
vn 0.1753 -0.7064 0.6857
vn -0.1753 -0.7064 -0.6857
vn -0.5923 -0.7967 -0.1202
vt 0.462599 0.025333
vt 0.467608 0.021712
vt 0.470977 0.016705
vt 0.472533 0.011749
vt 0.473206 0.006415
vt 0.477652 0.008321
vt 0.507781 0.020027
vt 0.504188 0.027650
vt 0.501792 0.038649
vt 0.501465 0.051934
vt 0.503033 0.071693
vt 0.503347 0.097096
vt 0.503347 0.170559
vt 0.407764 0.170559
vt 0.407764 0.097096
vt 0.408078 0.071693
vt 0.409646 0.051934
vt 0.409320 0.038649
vt 0.406924 0.027650
vt 0.403330 0.020027
vt 0.433459 0.008321
vt 0.437906 0.006415
vt 0.438579 0.011749
vt 0.440134 0.016705
vt 0.443504 0.021712
vt 0.448512 0.025333
vt 0.455556 0.026994
vt 0.407764 0.177032
vt 0.503347 0.177032
vt 0.374868 0.055957
vt 0.408143 0.080989
vt 0.408220 0.081946
vt 0.404059 0.086282
vt 0.370860 0.061478
vt 0.536243 0.055957
vt 0.540251 0.061478
vt 0.507052 0.086282
vt 0.502891 0.081946
vt 0.502968 0.080989
vt 0.637778 0.191158
vt 0.640744 0.191249
vt 0.648054 0.190871
vt 0.655428 0.189863
vt 0.659875 0.191769
vt 0.653572 0.194037
vt 0.641662 0.194983
vt 0.638511 0.194983
vt 0.637045 0.194983
vt 0.633894 0.194983
vt 0.621983 0.194037
vt 0.615681 0.191769
vt 0.620128 0.189863
vt 0.627501 0.190871
vt 0.634812 0.191249
vt 0.589987 0.354006
vt 0.685569 0.354006
vt 0.685569 0.360479
vt 0.589987 0.360479
vt 0.685569 0.280543
vt 0.589987 0.280543
vt 0.590300 0.255140
vt 0.591869 0.235382
vt 0.591542 0.222096
vt 0.589146 0.211098
vt 0.585552 0.203475
vt 0.690003 0.203475
vt 0.686410 0.211098
vt 0.684014 0.222096
vt 0.683687 0.235382
vt 0.685255 0.255140
vt 0.557090 0.239405
vt 0.590365 0.264436
vt 0.590442 0.265393
vt 0.586281 0.269729
vt 0.553082 0.244925
vt 0.718466 0.239405
vt 0.722474 0.244925
vt 0.689274 0.269729
vt 0.685113 0.265393
vt 0.685191 0.264436
vt 0.215587 0.922186
vt 0.215592 0.926722
vt 0.211782 0.926240
vt 0.211778 0.921793
vt 0.215587 0.957455
vt 0.211778 0.956371
vt 0.958839 0.556757
vt 0.958838 0.595801
vt 0.954994 0.596082
vt 0.954996 0.557803
vt 0.958839 0.601767
vt 0.954996 0.601931
vt 0.366172 0.973435
vt 0.361927 0.973396
vt 0.360980 0.969543
vt 0.365142 0.969581
vt 0.881110 0.859474
vt 0.881108 0.874909
vt 0.877260 0.874414
vt 0.877262 0.859282
vt 0.881110 0.949558
vt 0.877262 0.947599
vt 0.881110 0.956135
vt 0.877262 0.954048
vt 0.737359 0.956135
vt 0.737359 0.949558
vt 0.741207 0.947599
vt 0.741207 0.954048
vt 0.737361 0.874910
vt 0.741209 0.874414
vt 0.092456 0.922186
vt 0.096266 0.921793
vt 0.096262 0.926240
vt 0.092452 0.926722
vt 0.096266 0.956371
vt 0.092456 0.957455
vt 0.960659 0.006415
vt 0.964503 0.007461
vt 0.964504 0.045740
vt 0.960660 0.045459
vt 0.964503 0.051589
vt 0.960659 0.051425
vt 0.737359 0.859474
vt 0.741207 0.859282
vt 0.252850 0.973435
vt 0.253880 0.969581
vt 0.258041 0.969543
vt 0.257095 0.973396
vt 0.956800 0.045716
vt 0.956798 0.051565
vt 0.956798 0.007438
vt 0.088560 0.926321
vt 0.088564 0.956451
vt 0.088564 0.921874
vt 0.962699 0.596058
vt 0.962700 0.601907
vt 0.962700 0.557779
vt 0.219483 0.926321
vt 0.219479 0.956451
vt 0.219479 0.921874
vt 0.253880 0.977285
vt 0.258041 0.977247
vt 0.733502 0.859285
vt 0.733504 0.874417
vt 0.733503 0.947602
vt 0.733502 0.954051
vt 0.884967 0.954051
vt 0.884966 0.947602
vt 0.884965 0.874417
vt 0.884967 0.859285
vt 0.365142 0.977285
vt 0.360980 0.977247
vt 0.447611 0.757260
vt 0.454655 0.758921
vt 0.461698 0.757260
vt 0.466707 0.753639
vt 0.470076 0.748632
vt 0.471632 0.743676
vt 0.471831 0.739452
vt 0.476341 0.741256
vt 0.506190 0.752908
vt 0.503287 0.759577
vt 0.500891 0.770576
vt 0.500564 0.783861
vt 0.502132 0.803619
vt 0.501274 0.829045
vt 0.501278 0.902489
vt 0.408031 0.902489
vt 0.408036 0.829045
vt 0.407177 0.803619
vt 0.408745 0.783861
vt 0.408419 0.770576
vt 0.406023 0.759577
vt 0.403120 0.752908
vt 0.432968 0.741256
vt 0.437479 0.739452
vt 0.437678 0.743676
vt 0.439233 0.748632
vt 0.442603 0.753639
vt 0.501133 0.908963
vt 0.408176 0.908963
vt 0.534488 0.788538
vt 0.538450 0.794062
vt 0.507218 0.817191
vt 0.501630 0.813230
vt 0.502068 0.812915
vt 0.374821 0.788538
vt 0.407242 0.812915
vt 0.407679 0.813230
vt 0.402091 0.817191
vt 0.370860 0.794062
vt 0.817297 0.557295
vt 0.820263 0.557387
vt 0.827574 0.557008
vt 0.834623 0.556757
vt 0.838988 0.558903
vt 0.833092 0.560174
vt 0.821181 0.561120
vt 0.818030 0.561120
vt 0.816565 0.561120
vt 0.813414 0.561120
vt 0.801503 0.560174
vt 0.795606 0.558903
vt 0.799971 0.556757
vt 0.807021 0.557008
vt 0.814331 0.557387
vt 0.863921 0.720147
vt 0.863776 0.726621
vt 0.770819 0.726621
vt 0.770674 0.720147
vt 0.770678 0.646702
vt 0.769820 0.621277
vt 0.771388 0.601519
vt 0.771061 0.588234
vt 0.768665 0.577235
vt 0.765762 0.570566
vt 0.868832 0.570566
vt 0.865929 0.577235
vt 0.863533 0.588234
vt 0.863207 0.601519
vt 0.864775 0.621277
vt 0.863916 0.646702
vt 0.897131 0.606195
vt 0.901092 0.611719
vt 0.869861 0.634848
vt 0.864273 0.630888
vt 0.864710 0.630573
vt 0.737464 0.606195
vt 0.769884 0.630573
vt 0.770322 0.630888
vt 0.764734 0.634848
vt 0.733502 0.611719
vt 0.713529 0.921867
vt 0.715671 0.921931
vt 0.715810 0.926295
vt 0.713525 0.926432
vt 0.715865 0.956139
vt 0.713507 0.956746
vt 0.495680 0.921793
vt 0.498052 0.922393
vt 0.498016 0.955418
vt 0.495720 0.955428
vt 0.498052 0.960575
vt 0.495729 0.960654
vt 0.045407 0.970286
vt 0.048070 0.971617
vt 0.047616 0.977205
vt 0.045538 0.976384
vt 0.901645 0.747923
vt 0.903756 0.749069
vt 0.904015 0.764853
vt 0.901651 0.765252
vt 0.901655 0.839874
vt 0.904016 0.838019
vt 0.901656 0.846451
vt 0.904143 0.844480
vt 0.917767 0.663757
vt 0.915280 0.661785
vt 0.915407 0.655324
vt 0.917767 0.657179
vt 0.915407 0.582159
vt 0.917772 0.582557
vt 0.961738 0.835092
vt 0.961743 0.839657
vt 0.959458 0.839520
vt 0.959597 0.835155
vt 0.961761 0.869971
vt 0.959402 0.869364
vt 0.608138 0.921793
vt 0.608098 0.955428
vt 0.605803 0.955418
vt 0.605766 0.922393
vt 0.608090 0.960654
vt 0.605766 0.960575
vt 0.917777 0.565229
vt 0.915667 0.566375
vt 0.661714 0.969577
vt 0.661582 0.975675
vt 0.659505 0.976495
vt 0.659051 0.970907
vt 0.610384 0.955444
vt 0.610404 0.960602
vt 0.610497 0.922420
vt 0.964048 0.839528
vt 0.964133 0.869377
vt 0.964133 0.835018
vt 0.493435 0.955444
vt 0.493415 0.960602
vt 0.493321 0.922419
vt 0.711220 0.926303
vt 0.711135 0.956152
vt 0.711135 0.921793
vt 0.664382 0.970907
vt 0.663717 0.976495
vt 0.919880 0.566377
vt 0.920134 0.582161
vt 0.920126 0.655327
vt 0.920251 0.661788
vt 0.899172 0.844482
vt 0.899297 0.838021
vt 0.899289 0.764855
vt 0.899543 0.749071
vt 0.042739 0.971617
vt 0.043404 0.977205
vt 0.806342 0.981018
vt 0.804447 0.981018
vt 0.804403 0.973974
vt 0.806297 0.973974
vt 0.979149 0.719309
vt 0.977370 0.718655
vt 0.979128 0.713896
vt 0.980906 0.714551
vt 0.979642 0.706840
vt 0.979017 0.708529
vt 0.976864 0.708171
vt 0.975532 0.706848
vt 0.993576 0.841118
vt 0.992081 0.841034
vt 0.991690 0.815783
vt 0.993585 0.815783
vt 0.804307 0.968966
vt 0.806201 0.968966
vt 0.178252 0.974133
vt 0.179440 0.974126
vt 0.179464 0.976799
vt 0.178537 0.977990
vt 0.977311 0.724262
vt 0.975532 0.723607
vt 0.936260 0.357356
vt 0.937627 0.358669
vt 0.937627 0.451626
vt 0.936260 0.452939
vt 0.979226 0.347743
vt 0.977743 0.347659
vt 0.977331 0.322408
vt 0.979226 0.322408
vt 0.980992 0.710076
vt 0.982763 0.709510
vt 0.301624 0.956662
vt 0.300440 0.955603
vt 0.300091 0.924373
vt 0.301624 0.923462
vt 0.297764 0.923327
vt 0.297763 0.921793
vt 0.943964 0.357356
vt 0.942597 0.358669
vt 0.940129 0.358296
vt 0.940129 0.356400
vt 0.921629 0.582041
vt 0.921627 0.566988
vt 0.424833 0.956712
vt 0.423645 0.955638
vt 0.423299 0.924403
vt 0.424833 0.923512
vt 0.940129 0.451999
vt 0.940129 0.453894
vt 0.913923 0.566984
vt 0.913924 0.582037
vt 0.905500 0.749678
vt 0.903604 0.748719
vt 0.905499 0.748718
vt 0.193505 0.974133
vt 0.192318 0.974126
vt 0.192294 0.971466
vt 0.193221 0.970286
vt 0.913923 0.566024
vt 0.915818 0.566025
vt 0.943964 0.452939
vt 0.942597 0.451626
vt 0.903603 0.739452
vt 0.905499 0.739452
vt 0.193221 0.977990
vt 0.192294 0.976799
vt 0.913924 0.556757
vt 0.915819 0.556758
vt 0.974394 0.484375
vt 0.976288 0.484375
vt 0.976291 0.487341
vt 0.974396 0.487341
vt 0.977331 0.362085
vt 0.979226 0.362084
vt 0.978815 0.387336
vt 0.977331 0.387420
vt 0.761271 0.954790
vt 0.759939 0.956112
vt 0.757786 0.956470
vt 0.757162 0.954781
vt 0.976281 0.494652
vt 0.974386 0.494652
vt 0.976086 0.501701
vt 0.974359 0.502025
vt 0.897795 0.748722
vt 0.899690 0.748721
vt 0.897795 0.749682
vt 0.295454 0.924403
vt 0.293920 0.923512
vt 0.919733 0.566027
vt 0.921628 0.566027
vt 0.295108 0.955638
vt 0.293920 0.956712
vt 0.919733 0.556760
vt 0.921629 0.556761
vt 0.420989 0.921793
vt 0.420989 0.923327
vt 0.418662 0.924373
vt 0.417129 0.923462
vt 0.897794 0.739455
vt 0.899689 0.739454
vt 0.974396 0.481409
vt 0.976291 0.481409
vt 0.806297 0.988062
vt 0.804403 0.988062
vt 0.178537 0.970286
vt 0.179464 0.971466
vt 0.974386 0.474099
vt 0.976281 0.474099
vt 0.755897 0.962492
vt 0.757676 0.961838
vt 0.759433 0.966596
vt 0.757654 0.967251
vt 0.755811 0.958017
vt 0.754041 0.957451
vt 0.897794 0.764735
vt 0.974359 0.466725
vt 0.976086 0.467049
vt 0.806201 0.993070
vt 0.804307 0.993070
vt 0.905499 0.764731
vt 0.761271 0.971548
vt 0.759492 0.972203
vt 0.989121 0.198754
vt 0.991017 0.198755
vt 0.990616 0.224006
vt 0.989121 0.224089
vt 0.418313 0.955603
vt 0.417129 0.956662
s 0
usemtl cloth
f 1760/3929/1150 1761/3930/1150 1759/3931/1150 1762/3932/1150 1757/3933/1150 1763/3934/1150 1764/3935/1150 1766/3936/1150 1767/3937/1150 1768/3938/1150 1769/3939/1150 1770/3940/1150 1795/3941/1150 1794/3942/1150 1788/3943/1150 1787/3944/1150 1786/3945/1150 1785/3946/1150 1784/3947/1150 1782/3948/1150 1781/3949/1150 1776/3950/1150 1780/3951/1150 1777/3952/1150 1779/3953/1150 1778/3954/1150 1758/3955/1150
f 1789/3956/1150 1794/3942/1150 1795/3941/1150 1771/3957/1150
f 1783/3958/1150 1793/3959/1150 1792/3960/1150 1791/3961/1150 1790/3962/1150
f 1765/3963/1150 1772/3964/1150 1773/3965/1150 1774/3966/1150 1775/3967/1150
f 1765/3963/1150 1775/3967/1150 1769/3939/1150 1768/3938/1150 1767/3937/1150 1766/3936/1150 1764/3935/1150
f 1783/3958/1150 1782/3948/1150 1784/3947/1150 1785/3946/1150 1786/3945/1150 1787/3944/1150 1793/3959/1150
f 1797/3968/1151 1818/3969/1151 1819/3970/1151 1817/3971/1151 1820/3972/1151 1834/3973/1151 1835/3974/1151 1836/3975/1151 1816/3976/1151 1815/3977/1151 1814/3978/1151 1800/3979/1151 1796/3980/1151 1799/3981/1151 1798/3982/1151
f 1813/3983/1151 1833/3984/1151 1828/3985/1151 1808/3986/1151
f 1827/3987/1151 1833/3984/1151 1813/3983/1151 1807/3988/1151 1806/3989/1151 1805/3990/1151 1804/3991/1151 1803/3992/1151 1801/3993/1151 1800/3979/1151 1814/3978/1151 1815/3977/1151 1816/3976/1151 1836/3975/1151 1835/3974/1151 1834/3973/1151 1820/3972/1151 1821/3994/1151 1823/3995/1151 1824/3996/1151 1825/3997/1151 1826/3998/1151
f 1802/3999/1151 1812/4000/1151 1811/4001/1151 1810/4002/1151 1809/4003/1151
f 1822/4004/1151 1829/4005/1151 1830/4006/1151 1831/4007/1151 1832/4008/1151
f 1822/4004/1151 1832/4008/1151 1826/3998/1151 1825/3997/1151 1824/3996/1151 1823/3995/1151 1821/3994/1151
f 1802/3999/1151 1801/3993/1151 1803/3992/1151 1804/3991/1151 1805/3990/1151 1806/3989/1151 1812/4000/1151
f 1842/4009/1152 1843/4010/1152 1820/4011/1152 1817/4012/1152
f 1843/4010/1153 1844/4013/1153 1821/4014/1153 1820/4011/1153
f 1844/4015/1154 1845/4016/1154 1822/4017/1154 1821/4018/1154
f 1845/4016/1155 1846/4019/1155 1829/4020/1155 1822/4017/1155
f 1848/4021/1156 1847/4022/1156 1831/4023/1156 1830/4024/1156
f 1847/4025/1157 1849/4026/1157 1827/4027/1157 1831/4028/1157
f 1850/4029/1158 1833/4030/1158 1827/4027/1158 1849/4026/1158
f 1851/4031/1158 1828/4032/1158 1833/4030/1158 1850/4029/1158
f 1852/4033/1159 1853/4034/1159 1813/4035/1159 1808/4036/1159
f 1853/4034/1159 1854/4037/1159 1807/4038/1159 1813/4035/1159
f 1837/4039/1160 1796/4040/1160 1800/4041/1160 1838/4042/1160
f 1838/4042/1161 1800/4041/1161 1801/4043/1161 1839/4044/1161
f 1839/4045/1162 1801/4046/1162 1802/4047/1162 1840/4048/1162
f 1840/4048/1163 1802/4047/1163 1809/4049/1163 1841/4050/1163
f 1855/4051/1164 1811/4052/1164 1807/4038/1164 1854/4037/1164
f 1856/4053/1165 1810/4054/1165 1811/4055/1165 1855/4056/1165
f 1765/4057/1166 1840/4048/1166 1841/4050/1166 1772/4058/1166
f 1764/4059/1167 1839/4045/1167 1840/4048/1167 1765/4057/1167
f 1763/4060/1168 1838/4042/1168 1839/4044/1168 1764/4061/1168
f 1757/4062/1169 1837/4039/1169 1838/4042/1169 1763/4060/1169
f 1783/4063/1170 1790/4064/1170 1846/4019/1170 1845/4016/1170
f 1782/4065/1171 1783/4063/1171 1845/4016/1171 1844/4015/1171
f 1781/4066/1172 1782/4067/1172 1844/4013/1172 1843/4010/1172
f 1776/4068/1173 1781/4066/1173 1843/4010/1173 1842/4009/1173
f 1773/4069/1174 1856/4053/1174 1855/4056/1174 1774/4070/1174
f 1774/4071/1175 1855/4051/1175 1854/4037/1175 1770/4072/1175
f 1795/4073/1176 1770/4072/1176 1854/4037/1176 1853/4034/1176
f 1771/4074/1176 1795/4073/1176 1853/4034/1176 1852/4033/1176
f 1789/4075/1177 1851/4031/1177 1850/4029/1177 1794/4076/1177
f 1794/4076/1177 1850/4029/1177 1849/4026/1177 1788/4077/1177
f 1792/4078/1178 1788/4077/1178 1849/4026/1178 1847/4025/1178
f 1791/4079/1179 1792/4080/1179 1847/4022/1179 1848/4021/1179
f 1857/4081/1180 1858/4082/1180 1877/4083/1180 1880/4084/1180 1879/4085/1180 1878/4086/1180 1881/4087/1180 1882/4088/1180 1883/4089/1180 1885/4090/1180 1886/4091/1180 1887/4092/1180 1888/4093/1180 1889/4094/1180 1890/4095/1180 1871/4096/1180 1870/4097/1180 1869/4098/1180 1868/4099/1180 1867/4100/1180 1866/4101/1180 1864/4102/1180 1863/4103/1180 1862/4104/1180 1859/4105/1180 1860/4106/1180 1861/4107/1180
f 1891/4108/1181 1872/4109/1181 1871/4096/1181 1890/4095/1181
f 1884/4110/1182 1892/4111/1182 1893/4112/1182 1894/4113/1182 1895/4114/1182
f 1865/4115/1183 1876/4116/1183 1875/4117/1183 1874/4118/1183 1873/4119/1183
f 1865/4115/1184 1864/4102/1184 1866/4101/1184 1867/4100/1184 1868/4099/1184 1869/4098/1184 1876/4116/1184
f 1884/4110/1185 1895/4114/1185 1888/4093/1185 1887/4092/1185 1886/4091/1185 1885/4090/1185 1883/4089/1185
f 1896/4120/1186 1897/4121/1186 1898/4122/1186 1899/4123/1186 1900/4124/1186 1914/4125/1186 1915/4126/1186 1916/4127/1186 1936/4128/1186 1935/4129/1186 1934/4130/1186 1920/4131/1186 1919/4132/1186 1918/4133/1186 1917/4134/1186
f 1908/4135/1187 1909/4136/1187 1929/4137/1187 1928/4138/1187
f 1927/4139/1188 1926/4140/1188 1925/4141/1188 1924/4142/1188 1923/4143/1188 1921/4144/1188 1920/4131/1188 1934/4130/1188 1935/4129/1188 1936/4128/1188 1916/4127/1188 1915/4126/1188 1914/4125/1188 1900/4124/1188 1901/4145/1188 1903/4146/1188 1904/4147/1188 1905/4148/1188 1906/4149/1188 1907/4150/1188 1908/4135/1188 1928/4138/1188
f 1902/4151/1189 1910/4152/1189 1911/4153/1189 1912/4154/1189 1913/4155/1189
f 1922/4156/1190 1933/4157/1190 1932/4158/1190 1931/4159/1190 1930/4160/1190
f 1922/4156/1191 1921/4144/1191 1923/4143/1191 1924/4142/1191 1925/4141/1191 1926/4140/1191 1933/4157/1191
f 1902/4151/1192 1913/4155/1192 1906/4149/1192 1905/4148/1192 1904/4147/1192 1903/4146/1192 1901/4145/1192
f 1937/4161/1193 1919/4162/1193 1920/4163/1193 1938/4164/1193
f 1938/4164/1194 1920/4163/1194 1921/4165/1194 1939/4166/1194
f 1939/4167/1195 1921/4168/1195 1922/4169/1195 1940/4170/1195
f 1940/4170/1196 1922/4169/1196 1930/4171/1196 1941/4172/1196
f 1943/4173/1197 1931/4174/1197 1932/4175/1197 1942/4176/1197
f 1942/4177/1198 1932/4178/1198 1927/4179/1198 1944/4180/1198
f 1945/4181/1199 1944/4180/1199 1927/4179/1199 1928/4182/1199
f 1946/4183/1200 1945/4181/1200 1928/4182/1200 1929/4184/1200
f 1947/4185/1201 1909/4186/1201 1908/4187/1201 1948/4188/1201
f 1948/4188/1202 1908/4187/1202 1907/4189/1202 1949/4190/1202
f 1950/4191/1203 1951/4192/1203 1900/4193/1203 1899/4194/1203
f 1951/4192/1204 1952/4195/1204 1901/4196/1204 1900/4193/1204
f 1952/4197/1205 1953/4198/1205 1902/4199/1205 1901/4200/1205
f 1953/4198/1206 1954/4201/1206 1910/4202/1206 1902/4199/1206
f 1955/4203/1207 1949/4190/1207 1907/4189/1207 1912/4204/1207
f 1956/4205/1208 1955/4206/1208 1912/4207/1208 1911/4208/1208
f 1865/4209/1209 1873/4210/1209 1954/4201/1209 1953/4198/1209
f 1864/4211/1210 1865/4209/1210 1953/4198/1210 1952/4197/1210
f 1863/4212/1211 1864/4213/1211 1952/4195/1211 1951/4192/1211
f 1862/4214/1212 1863/4212/1212 1951/4192/1212 1950/4191/1212
f 1884/4215/1213 1940/4170/1213 1941/4172/1213 1892/4216/1213
f 1883/4217/1214 1939/4167/1214 1940/4170/1214 1884/4215/1214
f 1882/4218/1215 1938/4164/1215 1939/4166/1215 1883/4219/1215
f 1881/4220/1216 1937/4161/1216 1938/4164/1216 1882/4218/1216
f 1874/4221/1217 1875/4222/1217 1955/4206/1217 1956/4205/1217
f 1875/4223/1218 1870/4224/1218 1949/4190/1218 1955/4203/1218
f 1871/4225/1219 1948/4188/1219 1949/4190/1219 1870/4224/1219
f 1872/4226/1220 1947/4185/1220 1948/4188/1220 1871/4225/1220
f 1891/4227/1221 1890/4228/1221 1945/4181/1221 1946/4183/1221
f 1890/4228/1222 1889/4229/1222 1944/4180/1222 1945/4181/1222
f 1894/4230/1223 1942/4177/1223 1944/4180/1223 1889/4229/1223
f 1893/4231/1224 1943/4173/1224 1942/4176/1224 1894/4232/1224
f 1758/4233/1225 1858/4234/1225 1857/4235/1225 1760/4236/1225
f 1759/4237/1226 1860/4238/1226 1859/4239/1226 1762/4240/1226
f 1837/4241/1227 1950/4242/1227 1899/4243/1227 1796/4244/1227
f 1807/4245/1228 1907/4246/1228 1906/4247/1228 1806/4248/1228
f 1760/4236/1229 1857/4235/1229 1861/4249/1229 1761/4250/1229
f 1848/4251/1230 1943/4252/1230 1893/4253/1230 1791/4254/1230
f 1761/4255/1231 1861/4256/1231 1860/4238/1231 1759/4237/1231
f 1828/4257/1232 1929/4258/1232 1909/4259/1232 1808/4260/1232
f 1788/4261/1233 1889/4262/1233 1888/4263/1233 1787/4264/1233
f 1762/4240/1234 1859/4239/1234 1862/4265/1234 1757/4266/1234
f 1810/4267/1235 1911/4268/1235 1910/4269/1235 1809/4270/1235
f 1809/4270/1236 1910/4269/1236 1954/4271/1236 1841/4272/1236
f 1789/4273/1237 1891/4274/1237 1946/4275/1237 1851/4276/1237
f 1770/4277/1238 1870/4224/1238 1875/4223/1238 1774/4278/1238
f 1791/4279/1239 1893/4280/1239 1892/4281/1239 1790/4282/1239
f 1808/4260/1240 1909/4259/1240 1947/4283/1240 1852/4284/1240
f 1811/4285/1241 1912/4204/1241 1907/4189/1241 1807/4286/1241
f 1831/4287/1242 1932/4178/1242 1933/4288/1242 1832/4289/1242
f 1856/4290/1243 1956/4291/1243 1911/4292/1243 1810/4293/1243
f 1812/4294/1244 1913/4295/1244 1912/4204/1244 1811/4285/1244
f 1771/4296/1232 1872/4297/1232 1891/4274/1232 1789/4273/1232
f 1757/4266/1245 1862/4265/1245 1950/4242/1245 1837/4241/1245
f 1832/4289/1246 1933/4288/1246 1926/4298/1246 1826/4299/1246
f 1773/4300/1247 1874/4301/1247 1956/4291/1247 1856/4290/1247
f 1806/4302/1248 1906/4303/1248 1913/4295/1248 1812/4294/1248
f 1797/4304/1249 1896/4305/1249 1917/4306/1249 1818/4307/1249
f 1769/4308/1250 1869/4309/1250 1870/4310/1250 1770/4311/1250
f 1817/4312/1251 1919/4313/1251 1937/4314/1251 1842/4315/1251
f 1818/4307/1252 1917/4306/1252 1918/4316/1252 1819/4317/1252
f 1819/4317/1253 1918/4316/1253 1919/4318/1253 1817/4319/1253
f 1793/4320/1254 1895/4321/1254 1894/4230/1254 1792/4322/1254
f 1841/4272/1255 1954/4271/1255 1873/4323/1255 1772/4324/1255
f 1774/4278/1256 1875/4223/1256 1876/4325/1256 1775/4326/1256
f 1772/4324/1257 1873/4323/1257 1874/4327/1257 1773/4328/1257
f 1775/4326/1248 1876/4325/1248 1869/4329/1248 1769/4330/1248
f 1846/4331/1258 1941/4332/1258 1930/4333/1258 1829/4334/1258
f 1787/4335/1246 1888/4336/1246 1895/4321/1246 1793/4320/1246
f 1798/4337/1259 1897/4338/1259 1896/4305/1259 1797/4304/1259
f 1778/4339/1260 1877/4340/1260 1858/4234/1260 1758/4233/1260
f 1830/4341/1261 1931/4342/1261 1943/4252/1261 1848/4251/1261
f 1799/4343/1262 1898/4344/1262 1897/4338/1262 1798/4337/1262
f 1780/4345/1263 1878/4346/1263 1879/4347/1263 1777/4348/1263
f 1842/4315/1264 1937/4314/1264 1881/4349/1264 1776/4350/1264
f 1792/4322/1265 1894/4230/1265 1889/4229/1265 1788/4351/1265
f 1796/4352/1266 1899/4353/1266 1898/4344/1266 1799/4343/1266
f 1779/4354/1267 1880/4355/1267 1877/4340/1267 1778/4339/1267
f 1827/4356/1268 1927/4179/1268 1932/4178/1268 1831/4287/1268
f 1777/4348/1269 1879/4347/1269 1880/4357/1269 1779/4358/1269
f 1826/4359/1270 1926/4360/1270 1927/4361/1270 1827/4362/1270
f 1776/4350/1271 1881/4349/1271 1878/4346/1271 1780/4345/1271
f 1790/4282/1272 1892/4281/1272 1941/4332/1272 1846/4331/1272
f 1851/4276/1273 1946/4275/1273 1929/4258/1273 1828/4257/1273
f 1852/4284/1274 1947/4283/1274 1872/4297/1274 1771/4296/1274
f 1829/4334/1275 1930/4333/1275 1931/4363/1275 1830/4364/1275
o t_shirt_3
v 0.000113 1.334360 0.458325
v -0.070372 1.252178 0.458325
v -0.008785 1.293269 0.458325
v -0.042243 1.258811 0.458325
v -0.022242 1.273272 0.458325
v -0.002574 1.313059 0.458325
v 0.017871 1.326749 0.458325
v 0.138191 1.279999 0.458325
v 0.251855 1.136509 0.458325
v 0.123840 1.249556 0.458325
v 0.114272 1.205632 0.458325
v 0.112967 1.152575 0.458325
v 0.119230 1.073669 0.458325
v 0.120482 0.972217 0.458326
v 0.120482 0.652984 0.458326
v 0.267861 1.114462 0.458325
v 0.135280 1.015404 0.458325
v 0.118662 1.032722 0.458325
v 0.118971 1.036544 0.458325
v -0.140857 1.334360 0.458325
v -0.131959 1.293269 0.458325
v -0.098501 1.258811 0.458325
v -0.118502 1.273272 0.458325
v -0.138170 1.313059 0.458325
v -0.158615 1.326749 0.458325
v -0.278935 1.279999 0.458325
v -0.392599 1.136509 0.458325
v -0.264584 1.249556 0.458325
v -0.255016 1.205632 0.458325
v -0.253711 1.152575 0.458325
v -0.259974 1.073669 0.458325
v -0.261226 0.972217 0.458326
v -0.261226 0.652984 0.458326
v -0.408605 1.114462 0.458325
v -0.276024 1.015404 0.458325
v -0.259406 1.032722 0.458325
v -0.259715 1.036544 0.458325
v -0.261226 0.678835 0.458326
v 0.120482 0.678835 0.458326
v 0.000113 1.334360 0.476787
v -0.070372 1.329190 0.476787
v -0.058527 1.328823 0.476787
v -0.029333 1.330333 0.476787
v 0.017871 1.326749 0.476787
v 0.138191 1.279999 0.476787
v 0.251855 1.136509 0.476787
v 0.123840 1.249556 0.476787
v 0.114272 1.205632 0.476787
v 0.112967 1.152575 0.476787
v 0.119230 1.073669 0.476787
v 0.120482 0.972217 0.476787
v 0.120482 0.652984 0.476787
v 0.267861 1.114462 0.476787
v 0.135280 1.015404 0.476787
v 0.118662 1.032722 0.476787
v 0.118971 1.036544 0.476787
v 0.120482 0.678835 0.476787
v -0.007296 1.317689 0.476787
v -0.054862 1.313914 0.476787
v -0.067446 1.313914 0.476787
v -0.140857 1.334360 0.476787
v -0.082217 1.328823 0.476787
v -0.111411 1.330333 0.476787
v -0.158615 1.326749 0.476787
v -0.278935 1.279999 0.476787
v -0.392599 1.136509 0.476787
v -0.264584 1.249556 0.476787
v -0.255016 1.205632 0.476787
v -0.253711 1.152575 0.476787
v -0.259974 1.073669 0.476787
v -0.261226 0.972217 0.476787
v -0.261226 0.652984 0.476787
v -0.408605 1.114462 0.476787
v -0.276024 1.015404 0.476787
v -0.259406 1.032722 0.476787
v -0.259715 1.036544 0.476787
v -0.261226 0.678835 0.476787
v -0.133448 1.317689 0.476787
v -0.085882 1.313914 0.476787
v -0.073298 1.313914 0.476787
v 0.001523 1.339959 0.467556
v 0.019636 1.332196 0.467556
v 0.142362 1.284510 0.467556
v 0.258299 1.138150 0.467556
v 0.274626 1.115663 0.467556
v -0.142267 1.339959 0.467556
v -0.160380 1.332196 0.467556
v -0.283106 1.284510 0.467556
v -0.399043 1.138150 0.467556
v -0.415370 1.115663 0.467556
v -0.263187 1.032288 0.467556
v -0.280137 1.014623 0.467556
v -0.265043 0.970573 0.467556
v -0.265043 0.671323 0.467556
v -0.265043 0.644955 0.467556
v 0.124299 0.644955 0.467556
v 0.124299 0.671323 0.467556
v 0.124299 0.970573 0.467556
v 0.122443 1.032288 0.467556
v 0.139393 1.014623 0.467556
v -0.042243 1.258811 0.462866
v -0.070372 1.252178 0.462866
v -0.002574 1.313059 0.462866
v -0.008785 1.293269 0.462866
v -0.022242 1.273272 0.462866
v -0.001779 1.329945 0.461835
v 0.016233 1.322734 0.462047
v 0.135433 1.276202 0.461888
v 0.248444 1.133911 0.462068
v 0.123840 1.249556 0.462866
v 0.114272 1.205632 0.462866
v 0.112967 1.152575 0.462866
v 0.119230 1.073669 0.462866
v 0.115801 0.972142 0.461893
v 0.115819 0.678835 0.461902
v 0.115241 0.652984 0.461601
v 0.264263 1.111850 0.462000
v 0.139540 1.019491 0.461167
v 0.117224 1.035294 0.462508
v 0.118971 1.036544 0.462866
v -0.098501 1.258811 0.462866
v -0.138170 1.313059 0.462866
v -0.131959 1.293269 0.462866
v -0.118502 1.273272 0.462866
v -0.138965 1.329945 0.461835
v -0.156977 1.322734 0.462047
v -0.276177 1.276202 0.461888
v -0.389188 1.133911 0.462068
v -0.264584 1.249556 0.462866
v -0.255016 1.205632 0.462866
v -0.253711 1.152575 0.462866
v -0.259974 1.073669 0.462866
v -0.256545 0.972142 0.461893
v -0.256563 0.678835 0.461902
v -0.255985 0.652984 0.461601
v -0.405007 1.111850 0.462000
v -0.280283 1.019491 0.461167
v -0.257968 1.035294 0.462508
v -0.259715 1.036544 0.462866
v -0.070372 1.329190 0.472246
v -0.058527 1.328823 0.472246
v -0.029333 1.330333 0.472246
v -0.001180 1.331341 0.472695
v 0.016251 1.322778 0.473045
v 0.135433 1.276202 0.473224
v 0.248444 1.133911 0.473044
v 0.123840 1.249556 0.472246
v 0.114272 1.205632 0.472246
v 0.112967 1.152575 0.472246
v 0.119230 1.073669 0.472246
v 0.115801 0.972142 0.473219
v 0.115819 0.678835 0.473210
v 0.115241 0.652984 0.473511
v 0.264263 1.111850 0.473112
v 0.139540 1.019491 0.473945
v 0.117224 1.035294 0.472604
v 0.118971 1.036544 0.472246
v -0.007296 1.317689 0.472246
v -0.054862 1.313914 0.472246
v -0.067446 1.313914 0.472246
v -0.082217 1.328823 0.472246
v -0.111411 1.330333 0.472246
v -0.139563 1.331341 0.472695
v -0.156994 1.322778 0.473045
v -0.276177 1.276202 0.473224
v -0.389188 1.133911 0.473044
v -0.264584 1.249556 0.472246
v -0.255016 1.205632 0.472246
v -0.253711 1.152575 0.472246
v -0.259974 1.073669 0.472246
v -0.256545 0.972142 0.473219
v -0.256563 0.678835 0.473210
v -0.255985 0.652984 0.473511
v -0.405007 1.111850 0.473112
v -0.280283 1.019491 0.473945
v -0.257968 1.035294 0.472604
v -0.259715 1.036544 0.472246
v -0.133448 1.317689 0.472246
v -0.085882 1.313914 0.472246
v -0.073298 1.313914 0.472246
v -0.139286 1.333002 0.467556
v -0.157516 1.325190 0.467556
v -0.278574 1.278449 0.467556
v -0.393004 1.133589 0.467556
v -0.409245 1.111216 0.467556
v -0.261245 1.039603 0.467556
v -0.285598 1.019863 0.467556
v -0.257476 0.970467 0.467556
v -0.257475 0.671323 0.467556
v -0.257475 0.644955 0.467556
v 0.116731 0.644955 0.467556
v 0.116731 0.671323 0.467556
v 0.116732 0.970467 0.467556
v -0.001458 1.333002 0.467556
v 0.016773 1.325190 0.467556
v 0.137830 1.278449 0.467556
v 0.252260 1.133589 0.467556
v 0.268501 1.111216 0.467556
v 0.120501 1.039603 0.467556
v 0.144854 1.019863 0.467556
vn -0.0000 -0.0000 -1.0000
vn -0.0000 -0.0000 1.0000
vn -0.3351 0.7820 0.5255
vn -0.3218 0.7872 0.5260
vn -0.3213 0.7874 0.5261
vn -0.4993 0.6678 0.5520
vn -0.4903 0.6749 0.5514
vn -0.6549 0.5188 0.5495
vn -0.6724 0.4882 0.5563
vn 0.7216 -0.6924 -0.0000
vn 0.6978 -0.6696 -0.2543
vn -0.9995 0.0301 -0.0000
vn -0.9255 0.0278 0.3778
vn -1.0000 -0.0000 -0.0000
vn -0.9241 -0.0000 0.3821
vn 1.0000 -0.0000 -0.0000
vn 0.9241 -0.0000 0.3821
vn 0.9999 0.0140 -0.0000
vn 0.9249 0.0149 0.3798
vn 0.3351 0.7820 0.5255
vn 0.3213 0.7874 0.5261
vn 0.3218 0.7872 0.5260
vn 0.4903 0.6749 0.5514
vn 0.4993 0.6678 0.5520
vn 0.6549 0.5188 0.5495
vn 0.6724 0.4882 0.5563
vn 0.9995 0.0301 -0.0000
vn 0.9255 0.0278 0.3778
vn -0.7216 -0.6924 -0.0000
vn -0.6978 -0.6696 -0.2543
vn 0.6724 0.4882 -0.5563
vn 0.4903 0.6749 -0.5514
vn 0.4993 0.6678 -0.5520
vn 0.6549 0.5188 -0.5495
vn 0.3213 0.7874 -0.5261
vn 0.3218 0.7872 -0.5260
vn 0.3351 0.7820 -0.5255
vn -0.6724 0.4882 -0.5563
vn -0.4903 0.6749 -0.5514
vn -0.6549 0.5188 -0.5495
vn -0.4993 0.6678 -0.5520
vn -0.3213 0.7874 -0.5261
vn -0.3218 0.7872 -0.5260
vn -0.3351 0.7820 -0.5255
vn -0.6978 -0.6696 0.2543
vn 0.9255 0.0278 -0.3778
vn 0.9249 0.0149 -0.3798
vn 0.9241 -0.0000 -0.3821
vn -0.9241 -0.0000 -0.3821
vn -0.9255 0.0278 -0.3778
vn 0.6978 -0.6696 0.2543
vn -0.0000 -0.0005 1.0000
vn -0.0037 0.0010 1.0000
vn -0.0045 0.0013 1.0000
vn -0.0000 -0.0061 1.0000
vn 0.0045 0.0013 1.0000
vn 0.0037 0.0010 1.0000
vn -0.0000 -0.0116 0.9999
vn -0.0192 -0.0278 0.9994
vn 0.0192 -0.0278 0.9994
vn 0.0090 0.0032 1.0000
vn -0.0090 0.0032 1.0000
vn -0.0000 0.0071 -1.0000
vn -0.0000 0.0010 -1.0000
vn -0.0000 0.0032 -1.0000
vn -0.0000 -0.0061 -1.0000
vn -0.0000 -0.0116 -0.9999
vn -0.0000 -0.0006 -1.0000
vn -0.0045 0.0013 -1.0000
vn -0.0037 0.0010 -1.0000
vn 0.0037 0.0010 -1.0000
vn 0.0045 0.0013 -1.0000
vn 0.0192 -0.0278 -0.9994
vn -0.0192 -0.0278 -0.9994
vn -0.0090 0.0032 -1.0000
vn 0.0090 0.0032 -1.0000
vn 0.3992 -0.9149 0.0602
vn 0.3901 -0.8568 -0.3373
vn 0.3567 -0.8490 -0.3900
vn 0.3814 -0.9239 0.0309
vn 0.5166 -0.7162 -0.4692
vn 0.5303 -0.7051 -0.4707
vn 0.6888 -0.5453 -0.4777
vn 0.7131 -0.5152 -0.4754
vn -0.4678 0.6374 0.6123
vn 0.9993 0.0374 -0.0000
vn 0.9331 0.0350 -0.3580
vn 1.0000 0.0070 -0.0000
vn 0.9870 -0.0000 -0.1607
vn 0.9843 0.0028 -0.1766
vn 1.0000 0.0098 -0.0000
vn 0.9766 0.0096 -0.2149
vn -1.0000 0.0098 -0.0000
vn -0.9766 0.0096 -0.2149
vn -0.9843 0.0028 -0.1766
vn -1.0000 0.0070 -0.0000
vn -0.9618 0.0197 -0.2729
vn -0.9999 0.0165 -0.0000
vn -0.3992 -0.9149 0.0602
vn -0.3814 -0.9239 0.0309
vn -0.3567 -0.8490 -0.3900
vn -0.3901 -0.8568 -0.3373
vn -0.5303 -0.7051 -0.4707
vn -0.5166 -0.7162 -0.4692
vn -0.6888 -0.5453 -0.4777
vn -0.7131 -0.5152 -0.4754
vn -0.9993 0.0374 -0.0000
vn -0.9331 0.0350 -0.3580
vn 0.4678 0.6374 0.6123
vn -0.7131 -0.5152 0.4754
vn -0.5162 -0.7157 0.4704
vn -0.6888 -0.5453 0.4777
vn -0.5300 -0.7046 0.4719
vn -0.3358 -0.8347 0.4364
vn -0.3470 -0.8311 0.4346
vn 0.7131 -0.5152 0.4754
vn 0.5162 -0.7157 0.4704
vn 0.5300 -0.7046 0.4719
vn 0.6888 -0.5453 0.4777
vn 0.3358 -0.8347 0.4364
vn 0.3470 -0.8311 0.4346
vn 0.4678 0.6374 -0.6123
vn -0.9331 0.0350 0.3580
vn -0.9618 0.0197 0.2729
vn -0.9843 0.0028 0.1766
vn -0.9766 0.0096 0.2149
vn 0.9766 0.0096 0.2149
vn 0.9843 0.0028 0.1766
vn 0.9870 -0.0000 0.1607
vn 0.9331 0.0350 0.3580
vn -0.4678 0.6374 -0.6123
vn -0.0000 1.0000 -0.0000
vn -0.4158 0.9095 -0.0000
vn -0.9012 0.4334 -0.0000
vn -0.9763 0.1969 -0.0903
vn -0.9767 0.1933 -0.0934
vn -0.9323 0.3616 0.0010
vn -0.9323 0.3618 -0.0029
vn -0.9290 0.3547 0.1060
vn 0.8660 -0.0117 -0.4999
vn -0.7189 0.6951 -0.0000
vn -0.6873 -0.5853 -0.4301
vn -0.0000 -1.0000 -0.0000
vn -0.8660 -0.0117 0.4999
vn -0.9793 0.0843 -0.1839
vn 0.5923 -0.7967 -0.1202
vn 0.4739 -0.8199 0.3212
vn 0.5004 -0.8658 -0.0000
vn 0.1753 -0.7064 -0.6857
vn -0.7847 0.0006 -0.6198
vn -0.5923 -0.7967 0.1202
vn -0.1753 -0.7064 0.6857
vn -0.7847 0.0006 0.6198
vn 0.8888 0.3786 0.2581
vn 0.6873 -0.5853 0.4301
vn -0.8888 0.3786 0.2581
vn -0.9254 0.3645 -0.1039
vn 0.6873 -0.5853 -0.4301
vn 0.0104 0.9999 -0.0000
vn 0.8660 -0.0117 0.4999
vn 0.9290 0.3547 0.1060
vn 0.9323 0.3618 -0.0029
vn 0.9323 0.3616 0.0010
vn 0.0669 0.9844 -0.1626
vn 0.0670 0.9842 -0.1640
vn 0.0801 0.9446 -0.3183
vn 0.8888 0.3786 -0.2581
vn 0.4739 -0.8199 -0.3212
vn -0.8888 0.3786 -0.2581
vn 0.5923 -0.7967 0.1202
vn -0.5004 -0.8658 -0.0000
vn -0.4739 -0.8199 0.3212
vn -0.0104 0.9999 -0.0000
vn 0.4158 0.9095 -0.0000
vn -0.6873 -0.5853 0.4301
vn -0.0670 0.9842 -0.1640
vn -0.0669 0.9844 -0.1626
vn 0.9767 0.1933 -0.0934
vn 0.9763 0.1969 -0.0903
vn 0.9012 0.4334 -0.0000
vn 0.9254 0.3645 -0.1039
vn 0.7847 0.0006 -0.6198
vn -0.0801 0.9446 -0.3183
vn 0.7189 0.6951 -0.0000
vn 0.7847 0.0006 0.6198
vn -0.8660 -0.0117 -0.4999
vn 0.9793 0.0843 -0.1839
vn -0.4739 -0.8199 -0.3212
vn 0.1753 -0.7064 0.6857
vn -0.1753 -0.7064 -0.6857
vn -0.5923 -0.7967 -0.1202
vt 0.462599 0.208780
vt 0.467608 0.205160
vt 0.470977 0.200152
vt 0.472533 0.195197
vt 0.473206 0.189863
vt 0.477652 0.191769
vt 0.507781 0.203475
vt 0.504188 0.211098
vt 0.501792 0.222097
vt 0.501465 0.235382
vt 0.503033 0.255140
vt 0.503347 0.280544
vt 0.503347 0.354007
vt 0.407764 0.354007
vt 0.407764 0.280544
vt 0.408078 0.255140
vt 0.409646 0.235382
vt 0.409320 0.222097
vt 0.406924 0.211098
vt 0.403330 0.203475
vt 0.433459 0.191769
vt 0.437906 0.189863
vt 0.438579 0.195197
vt 0.440134 0.200152
vt 0.443504 0.205160
vt 0.448512 0.208780
vt 0.455556 0.210441
vt 0.407764 0.360480
vt 0.503347 0.360480
vt 0.374868 0.239405
vt 0.408143 0.264436
vt 0.408220 0.265393
vt 0.404059 0.269730
vt 0.370860 0.244926
vt 0.536243 0.239405
vt 0.540251 0.244926
vt 0.507052 0.269730
vt 0.502891 0.265393
vt 0.502968 0.264436
vt 0.637778 0.374605
vt 0.640744 0.374697
vt 0.648054 0.374319
vt 0.655428 0.373311
vt 0.659875 0.375216
vt 0.653572 0.377485
vt 0.641662 0.378430
vt 0.638511 0.378430
vt 0.637045 0.378430
vt 0.633894 0.378430
vt 0.621983 0.377485
vt 0.615681 0.375216
vt 0.620128 0.373311
vt 0.627501 0.374319
vt 0.634812 0.374697
vt 0.589987 0.537454
vt 0.685569 0.537454
vt 0.685569 0.543927
vt 0.589987 0.543927
vt 0.685569 0.463991
vt 0.589987 0.463991
vt 0.590300 0.438587
vt 0.591869 0.418829
vt 0.591542 0.405544
vt 0.589146 0.394545
vt 0.585552 0.386923
vt 0.690003 0.386923
vt 0.686410 0.394545
vt 0.684014 0.405544
vt 0.683687 0.418829
vt 0.685255 0.438587
vt 0.557090 0.422852
vt 0.590365 0.447883
vt 0.590442 0.448841
vt 0.586281 0.453177
vt 0.553082 0.428373
vt 0.718466 0.422852
vt 0.722474 0.428373
vt 0.689274 0.453177
vt 0.685113 0.448841
vt 0.685191 0.447883
vt 0.236124 0.922186
vt 0.236128 0.926722
vt 0.232318 0.926240
vt 0.232314 0.921793
vt 0.236124 0.957455
vt 0.232314 0.956371
vt 0.958839 0.614762
vt 0.958838 0.653805
vt 0.954994 0.654086
vt 0.954996 0.615808
vt 0.958839 0.659772
vt 0.954996 0.659935
vt 0.384193 0.973435
vt 0.379949 0.973396
vt 0.379002 0.969543
vt 0.383163 0.969581
vt 0.901647 0.859474
vt 0.901645 0.874909
vt 0.897797 0.874414
vt 0.897799 0.859282
vt 0.901647 0.949558
vt 0.897799 0.947599
vt 0.901647 0.956135
vt 0.897799 0.954048
vt 0.778432 0.956135
vt 0.778432 0.949558
vt 0.782280 0.947599
vt 0.782280 0.954048
vt 0.778434 0.874910
vt 0.782282 0.874414
vt 0.112992 0.922186
vt 0.116802 0.921793
vt 0.116798 0.926240
vt 0.112988 0.926722
vt 0.116802 0.956371
vt 0.112992 0.957455
vt 0.960659 0.064420
vt 0.964503 0.065466
vt 0.964504 0.103744
vt 0.960660 0.103463
vt 0.964503 0.109593
vt 0.960659 0.109430
vt 0.778432 0.859474
vt 0.782280 0.859282
vt 0.270872 0.973435
vt 0.271902 0.969581
vt 0.276063 0.969543
vt 0.275116 0.973396
vt 0.956800 0.103720
vt 0.956798 0.109569
vt 0.956798 0.065442
vt 0.109097 0.926321
vt 0.109101 0.956451
vt 0.109101 0.921874
vt 0.962699 0.654062
vt 0.962700 0.659911
vt 0.962700 0.615784
vt 0.240020 0.926321
vt 0.240015 0.956451
vt 0.240015 0.921874
vt 0.271902 0.977285
vt 0.276063 0.977247
vt 0.774575 0.859285
vt 0.774577 0.874417
vt 0.774575 0.947602
vt 0.774575 0.954051
vt 0.905504 0.954051
vt 0.905504 0.947602
vt 0.905502 0.874417
vt 0.905504 0.859285
vt 0.383163 0.977285
vt 0.379002 0.977247
vt 0.629833 0.757260
vt 0.636877 0.758921
vt 0.643921 0.757260
vt 0.648929 0.753639
vt 0.652299 0.748632
vt 0.653854 0.743676
vt 0.654053 0.739452
vt 0.658563 0.741256
vt 0.688412 0.752908
vt 0.685509 0.759577
vt 0.683113 0.770576
vt 0.682786 0.783861
vt 0.684354 0.803619
vt 0.683496 0.829045
vt 0.683501 0.902489
vt 0.590253 0.902489
vt 0.590258 0.829045
vt 0.589399 0.803619
vt 0.590968 0.783861
vt 0.590641 0.770576
vt 0.588245 0.759577
vt 0.585342 0.752908
vt 0.615191 0.741256
vt 0.619701 0.739452
vt 0.619900 0.743676
vt 0.621455 0.748632
vt 0.624825 0.753639
vt 0.683356 0.908963
vt 0.590398 0.908963
vt 0.716711 0.788538
vt 0.720672 0.794062
vt 0.689440 0.817191
vt 0.683852 0.813230
vt 0.684290 0.812915
vt 0.557043 0.788538
vt 0.589464 0.812915
vt 0.589902 0.813230
vt 0.584314 0.817191
vt 0.553082 0.794062
vt 0.819099 0.006953
vt 0.822065 0.007045
vt 0.829376 0.006666
vt 0.836425 0.006415
vt 0.840790 0.008561
vt 0.834894 0.009833
vt 0.822983 0.010778
vt 0.819832 0.010778
vt 0.818367 0.010778
vt 0.815216 0.010778
vt 0.803305 0.009833
vt 0.797408 0.008561
vt 0.801773 0.006415
vt 0.808823 0.006666
vt 0.816133 0.007045
vt 0.865723 0.169805
vt 0.865578 0.176279
vt 0.772621 0.176279
vt 0.772476 0.169805
vt 0.772480 0.096361
vt 0.771622 0.070935
vt 0.773190 0.051177
vt 0.772863 0.037892
vt 0.770467 0.026893
vt 0.767564 0.020224
vt 0.870634 0.020224
vt 0.867731 0.026893
vt 0.865335 0.037892
vt 0.865009 0.051177
vt 0.866577 0.070935
vt 0.865718 0.096361
vt 0.898933 0.055853
vt 0.902894 0.061377
vt 0.871662 0.084506
vt 0.866075 0.080546
vt 0.866512 0.080231
vt 0.739266 0.055853
vt 0.771686 0.080231
vt 0.772124 0.080546
vt 0.766536 0.084506
vt 0.735304 0.061377
vt 0.959193 0.122498
vt 0.961334 0.122561
vt 0.961474 0.126926
vt 0.959188 0.127063
vt 0.961529 0.156770
vt 0.959170 0.157377
vt 0.513242 0.921793
vt 0.515613 0.922393
vt 0.515577 0.955418
vt 0.513282 0.955428
vt 0.515613 0.960575
vt 0.513290 0.960654
vt 0.070692 0.970286
vt 0.073355 0.971617
vt 0.072901 0.977205
vt 0.070824 0.976384
vt 0.919576 0.014887
vt 0.921687 0.016033
vt 0.921946 0.031817
vt 0.919581 0.032215
vt 0.919586 0.106837
vt 0.921946 0.104982
vt 0.919586 0.113415
vt 0.922073 0.111444
vt 0.919569 0.233245
vt 0.917082 0.231274
vt 0.917209 0.224813
vt 0.919569 0.226668
vt 0.917209 0.151647
vt 0.919574 0.152046
vt 0.961738 0.882875
vt 0.961743 0.887440
vt 0.959458 0.887303
vt 0.959597 0.882939
vt 0.961761 0.917754
vt 0.959402 0.917147
vt 0.625699 0.921793
vt 0.625659 0.955428
vt 0.623364 0.955418
vt 0.623328 0.922393
vt 0.625651 0.960654
vt 0.623328 0.960575
vt 0.919579 0.134717
vt 0.917469 0.135863
vt 0.679876 0.969577
vt 0.679744 0.975675
vt 0.677667 0.976495
vt 0.677213 0.970907
vt 0.627945 0.955444
vt 0.627965 0.960602
vt 0.628058 0.922419
vt 0.964048 0.887311
vt 0.964133 0.917160
vt 0.964133 0.882801
vt 0.510996 0.955444
vt 0.510976 0.960602
vt 0.510882 0.922419
vt 0.956884 0.126934
vt 0.956798 0.156783
vt 0.956798 0.122424
vt 0.682544 0.970907
vt 0.681879 0.976495
vt 0.921682 0.135865
vt 0.921936 0.151649
vt 0.921928 0.224815
vt 0.922053 0.231276
vt 0.917103 0.111446
vt 0.917227 0.104985
vt 0.917219 0.031819
vt 0.917473 0.016035
vt 0.068024 0.971617
vt 0.068689 0.977205
vt 0.821207 0.981018
vt 0.819313 0.981018
vt 0.819269 0.973974
vt 0.821163 0.973974
vt 0.979524 0.537199
vt 0.977745 0.536544
vt 0.979502 0.531786
vt 0.981281 0.532440
vt 0.980017 0.524729
vt 0.979392 0.526418
vt 0.977239 0.526060
vt 0.975907 0.524738
vt 0.993576 0.879283
vt 0.992081 0.879199
vt 0.991690 0.853948
vt 0.993585 0.853948
vt 0.819172 0.968966
vt 0.821067 0.968966
vt 0.211778 0.974133
vt 0.212966 0.974126
vt 0.212989 0.976799
vt 0.212062 0.977990
vt 0.977686 0.542151
vt 0.975907 0.541497
vt 0.936261 0.247032
vt 0.937628 0.248344
vt 0.937628 0.341302
vt 0.936261 0.342614
vt 0.979230 0.031751
vt 0.977746 0.031666
vt 0.977335 0.006415
vt 0.979230 0.006416
vt 0.981367 0.527965
vt 0.983138 0.527399
vt 0.322159 0.956662
vt 0.320975 0.955603
vt 0.320626 0.924373
vt 0.322159 0.923462
vt 0.318299 0.923327
vt 0.318298 0.921793
vt 0.943965 0.247032
vt 0.942598 0.248344
vt 0.940131 0.247971
vt 0.940131 0.246076
vt 0.923431 0.151529
vt 0.923429 0.136476
vt 0.445368 0.956712
vt 0.444180 0.955638
vt 0.443834 0.924403
vt 0.445368 0.923512
vt 0.940131 0.341675
vt 0.940131 0.343570
vt 0.915725 0.136472
vt 0.915726 0.151525
vt 0.923431 0.016642
vt 0.921535 0.015683
vt 0.923430 0.015682
vt 0.227031 0.974133
vt 0.225843 0.974126
vt 0.225819 0.971466
vt 0.226746 0.970286
vt 0.915725 0.135512
vt 0.917620 0.135513
vt 0.943965 0.342614
vt 0.942598 0.341302
vt 0.921534 0.006416
vt 0.923429 0.006415
vt 0.226746 0.977990
vt 0.225819 0.976799
vt 0.915726 0.126246
vt 0.917621 0.126246
vt 0.975565 0.574407
vt 0.977460 0.574407
vt 0.977462 0.577373
vt 0.975568 0.577373
vt 0.977335 0.044582
vt 0.979230 0.044581
vt 0.978818 0.069832
vt 0.977335 0.069916
vt 0.946096 0.958828
vt 0.944764 0.960151
vt 0.942611 0.960509
vt 0.941987 0.958820
vt 0.977452 0.584684
vt 0.975558 0.584684
vt 0.977258 0.591733
vt 0.975531 0.592057
vt 0.915726 0.015685
vt 0.917621 0.015685
vt 0.915726 0.016646
vt 0.315988 0.924403
vt 0.314455 0.923512
vt 0.921535 0.135515
vt 0.923430 0.135516
vt 0.315642 0.955638
vt 0.314455 0.956712
vt 0.921535 0.126248
vt 0.923431 0.126249
vt 0.441524 0.921793
vt 0.441524 0.923327
vt 0.439197 0.924373
vt 0.437664 0.923462
vt 0.915725 0.006419
vt 0.917620 0.006418
vt 0.975568 0.571441
vt 0.977462 0.571441
vt 0.821163 0.988062
vt 0.819269 0.988062
vt 0.212062 0.970286
vt 0.212989 0.971466
vt 0.975558 0.564131
vt 0.977452 0.564131
vt 0.940722 0.966531
vt 0.942501 0.965876
vt 0.944258 0.970635
vt 0.942479 0.971289
vt 0.940636 0.962056
vt 0.938865 0.961490
vt 0.915725 0.031699
vt 0.975531 0.556757
vt 0.977258 0.557081
vt 0.821067 0.993070
vt 0.819172 0.993070
vt 0.923429 0.031695
vt 0.946096 0.975587
vt 0.944317 0.976242
vt 0.989121 0.466725
vt 0.991016 0.466726
vt 0.990616 0.491977
vt 0.989121 0.492060
vt 0.438847 0.955603
vt 0.437664 0.956662
s 1
usemtl cloth
f 1960/4365/1276 1961/4366/1276 1959/4367/1276 1962/4368/1276 1957/4369/1276 1963/4370/1276 1964/4371/1276 1966/4372/1276 1967/4373/1276 1968/4374/1276 1969/4375/1276 1970/4376/1276 1995/4377/1276 1994/4378/1276 1988/4379/1276 1987/4380/1276 1986/4381/1276 1985/4382/1276 1984/4383/1276 1982/4384/1276 1981/4385/1276 1976/4386/1276 1980/4387/1276 1977/4388/1276 1979/4389/1276 1978/4390/1276 1958/4391/1276
f 1989/4392/1276 1994/4378/1276 1995/4377/1276 1971/4393/1276
f 1983/4394/1276 1993/4395/1276 1992/4396/1276 1991/4397/1276 1990/4398/1276
f 1965/4399/1276 1972/4400/1276 1973/4401/1276 1974/4402/1276 1975/4403/1276
f 1965/4399/1276 1975/4403/1276 1969/4375/1276 1968/4374/1276 1967/4373/1276 1966/4372/1276 1964/4371/1276
f 1983/4394/1276 1982/4384/1276 1984/4383/1276 1985/4382/1276 1986/4381/1276 1987/4380/1276 1993/4395/1276
f 1997/4404/1277 2018/4405/1277 2019/4406/1277 2017/4407/1277 2020/4408/1277 2034/4409/1277 2035/4410/1277 2036/4411/1277 2016/4412/1277 2015/4413/1277 2014/4414/1277 2000/4415/1277 1996/4416/1277 1999/4417/1277 1998/4418/1277
f 2013/4419/1277 2033/4420/1277 2028/4421/1277 2008/4422/1277
f 2027/4423/1277 2033/4420/1277 2013/4419/1277 2007/4424/1277 2006/4425/1277 2005/4426/1277 2004/4427/1277 2003/4428/1277 2001/4429/1277 2000/4415/1277 2014/4414/1277 2015/4413/1277 2016/4412/1277 2036/4411/1277 2035/4410/1277 2034/4409/1277 2020/4408/1277 2021/4430/1277 2023/4431/1277 2024/4432/1277 2025/4433/1277 2026/4434/1277
f 2002/4435/1277 2012/4436/1277 2011/4437/1277 2010/4438/1277 2009/4439/1277
f 2022/4440/1277 2029/4441/1277 2030/4442/1277 2031/4443/1277 2032/4444/1277
f 2022/4440/1277 2032/4444/1277 2026/4434/1277 2025/4433/1277 2024/4432/1277 2023/4431/1277 2021/4430/1277
f 2002/4435/1277 2001/4429/1277 2003/4428/1277 2004/4427/1277 2005/4426/1277 2006/4425/1277 2012/4436/1277
f 2042/4445/1278 2043/4446/1279 2020/4447/1280 2017/4448/1278
f 2043/4446/1279 2044/4449/1281 2021/4450/1282 2020/4447/1280
f 2044/4451/1281 2045/4452/1283 2022/4453/1283 2021/4454/1282
f 2045/4452/1284 2046/4455/1284 2029/4456/1284 2022/4453/1284
f 2048/4457/1285 2047/4458/1285 2031/4459/1286 2030/4460/1286
f 2047/4461/1287 2049/4462/1287 2027/4463/1288 2031/4464/1288
f 2050/4465/1289 2033/4466/1290 2027/4463/1290 2049/4462/1289
f 2051/4467/1289 2028/4468/1290 2033/4466/1290 2050/4465/1289
f 2052/4469/1291 2053/4470/1291 2013/4471/1292 2008/4472/1292
f 2053/4470/1291 2054/4473/1293 2007/4474/1294 2013/4471/1292
f 2037/4475/1295 1996/4476/1295 2000/4477/1296 2038/4478/1297
f 2038/4478/1297 2000/4477/1296 2001/4479/1298 2039/4480/1299
f 2039/4481/1299 2001/4482/1298 2002/4483/1300 2040/4484/1300
f 2040/4484/1301 2002/4483/1301 2009/4485/1301 2041/4486/1301
f 2055/4487/1302 2011/4488/1303 2007/4474/1294 2054/4473/1293
f 2056/4489/1304 2010/4490/1305 2011/4491/1305 2055/4492/1304
f 1965/4493/1306 2040/4484/1306 2041/4486/1306 1972/4494/1306
f 1964/4495/1307 2039/4481/1308 2040/4484/1309 1965/4493/1309
f 1963/4496/1310 2038/4478/1311 2039/4480/1308 1964/4497/1307
f 1957/4498/1312 2037/4475/1312 2038/4478/1311 1963/4496/1310
f 1983/4499/1313 1990/4500/1313 2046/4455/1313 2045/4452/1313
f 1982/4501/1314 1983/4499/1315 2045/4452/1315 2044/4451/1316
f 1981/4502/1317 1982/4503/1314 2044/4449/1316 2043/4446/1318
f 1976/4504/1319 1981/4502/1317 2043/4446/1318 2042/4445/1319
f 1973/4505/1320 2056/4489/1304 2055/4492/1304 1974/4506/1320
f 1974/4507/1321 2055/4487/1302 2054/4473/1293 1970/4508/1322
f 1995/4509/1323 1970/4508/1322 2054/4473/1293 2053/4470/1291
f 1971/4510/1323 1995/4509/1323 2053/4470/1291 2052/4469/1291
f 1989/4511/1324 2051/4467/1289 2050/4465/1289 1994/4512/1324
f 1994/4512/1324 2050/4465/1289 2049/4462/1289 1988/4513/1324
f 1992/4514/1325 1988/4513/1325 2049/4462/1287 2047/4461/1287
f 1991/4515/1326 1992/4516/1326 2047/4458/1285 2048/4457/1285
f 2057/4517/1327 2058/4518/1327 2077/4519/1327 2080/4520/1327 2079/4521/1327 2078/4522/1327 2081/4523/1327 2082/4524/1327 2083/4525/1328 2085/4526/1329 2086/4527/1329 2087/4528/1329 2088/4529/1329 2089/4530/1327 2090/4531/1330 2071/4532/1330 2070/4533/1327 2069/4534/1331 2068/4535/1331 2067/4536/1331 2066/4537/1331 2064/4538/1332 2063/4539/1327 2062/4540/1327 2059/4541/1327 2060/4542/1327 2061/4543/1327
f 2091/4544/1333 2072/4545/1333 2071/4532/1330 2090/4531/1330
f 2084/4546/1334 2092/4547/1334 2093/4548/1334 2094/4549/1334 2095/4550/1334
f 2065/4551/1335 2076/4552/1335 2075/4553/1335 2074/4554/1335 2073/4555/1335
f 2065/4551/1336 2064/4538/1332 2066/4537/1331 2067/4536/1331 2068/4535/1331 2069/4534/1331 2076/4552/1336
f 2084/4546/1337 2095/4550/1337 2088/4529/1329 2087/4528/1329 2086/4527/1329 2085/4526/1329 2083/4525/1328
f 2096/4556/1338 2097/4557/1338 2098/4558/1338 2099/4559/1338 2100/4560/1339 2114/4561/1340 2115/4562/1340 2116/4563/1340 2136/4564/1340 2135/4565/1340 2134/4566/1340 2120/4567/1339 2119/4568/1338 2118/4569/1338 2117/4570/1338
f 2108/4571/1341 2109/4572/1342 2129/4573/1342 2128/4574/1341
f 2127/4575/1343 2126/4576/1344 2125/4577/1344 2124/4578/1344 2123/4579/1344 2121/4580/1345 2120/4567/1339 2134/4566/1340 2135/4565/1340 2136/4564/1340 2116/4563/1340 2115/4562/1340 2114/4561/1340 2100/4560/1339 2101/4581/1346 2103/4582/1347 2104/4583/1347 2105/4584/1347 2106/4585/1347 2107/4586/1343 2108/4571/1341 2128/4574/1341
f 2102/4587/1348 2110/4588/1348 2111/4589/1348 2112/4590/1348 2113/4591/1348
f 2122/4592/1349 2133/4593/1349 2132/4594/1349 2131/4595/1349 2130/4596/1349
f 2122/4592/1350 2121/4580/1345 2123/4579/1344 2124/4578/1344 2125/4577/1344 2126/4576/1344 2133/4593/1350
f 2102/4587/1351 2113/4591/1351 2106/4585/1347 2105/4584/1347 2104/4583/1347 2103/4582/1347 2101/4581/1346
f 2137/4597/1352 2119/4598/1353 2120/4599/1354 2138/4600/1355
f 2138/4600/1355 2120/4599/1354 2121/4601/1356 2139/4602/1357
f 2139/4603/1357 2121/4604/1356 2122/4605/1358 2140/4606/1358
f 2140/4606/1359 2122/4605/1359 2130/4607/1359 2141/4608/1359
f 2143/4609/1360 2131/4610/1360 2132/4611/1360 2142/4612/1360
f 2142/4613/1361 2132/4614/1362 2127/4615/1362 2144/4616/1361
f 2145/4617/1363 2144/4616/1291 2127/4615/1364 2128/4618/1365
f 2146/4619/1366 2145/4617/1363 2128/4618/1365 2129/4620/1367
f 2147/4621/1368 2109/4622/1369 2108/4623/1370 2148/4624/1371
f 2148/4624/1371 2108/4623/1370 2107/4625/1372 2149/4626/1373
f 2150/4627/1374 2151/4628/1375 2100/4629/1376 2099/4630/1377
f 2151/4628/1375 2152/4631/1378 2101/4632/1379 2100/4629/1376
f 2152/4633/1378 2153/4634/1380 2102/4635/1380 2101/4636/1379
f 2153/4634/1381 2154/4637/1381 2110/4638/1381 2102/4635/1381
f 2155/4639/1382 2149/4626/1373 2107/4625/1372 2112/4640/1383
f 2156/4641/1384 2155/4642/1384 2112/4643/1384 2111/4644/1384
f 2065/4645/1385 2073/4646/1385 2154/4637/1385 2153/4634/1385
f 2064/4647/1386 2065/4645/1387 2153/4634/1387 2152/4633/1388
f 2063/4648/1389 2064/4649/1386 2152/4631/1388 2151/4628/1375
f 2062/4650/1390 2063/4648/1389 2151/4628/1375 2150/4627/1374
f 2084/4651/1391 2140/4606/1391 2141/4608/1391 2092/4652/1391
f 2083/4653/1392 2139/4603/1393 2140/4606/1394 2084/4651/1394
f 2082/4654/1395 2138/4600/1355 2139/4602/1393 2083/4655/1392
f 2081/4656/1396 2137/4597/1352 2138/4600/1355 2082/4654/1395
f 2074/4657/1397 2075/4658/1397 2155/4642/1397 2156/4641/1397
f 2075/4659/1398 2070/4660/1399 2149/4626/1373 2155/4639/1382
f 2071/4661/1400 2148/4624/1371 2149/4626/1373 2070/4660/1399
f 2072/4662/1401 2147/4621/1368 2148/4624/1371 2071/4661/1400
f 2091/4663/1402 2090/4664/1403 2145/4617/1363 2146/4619/1366
f 2090/4664/1403 2089/4665/1404 2144/4616/1291 2145/4617/1363
f 2094/4666/1405 2142/4613/1361 2144/4616/1361 2089/4665/1405
f 2093/4667/1406 2143/4609/1406 2142/4612/1406 2094/4668/1406
f 1958/4669/1407 2058/4670/1407 2057/4671/1408 1960/4672/1408
f 1959/4673/1409 2060/4674/1409 2059/4675/1410 1962/4676/1411
f 2037/4677/1412 2150/4678/1413 2099/4679/1414 1996/4680/1414
f 2007/4681/1415 2107/4682/1415 2106/4683/1415 2006/4684/1415
f 1960/4672/1408 2057/4671/1408 2061/4685/1416 1961/4686/1416
f 2048/4687/1417 2143/4688/1417 2093/4689/1417 1991/4690/1417
f 1961/4691/1416 2061/4692/1416 2060/4674/1409 1959/4673/1409
f 2028/4693/1418 2129/4694/1418 2109/4695/1418 2008/4696/1418
f 1988/4697/1419 2089/4698/1419 2088/4699/1419 1987/4700/1419
f 1962/4676/1411 2059/4675/1410 2062/4701/1420 1957/4702/1420
f 2010/4703/1421 2111/4704/1421 2110/4705/1421 2009/4706/1421
f 2009/4706/1422 2110/4705/1422 2154/4707/1423 2041/4708/1423
f 1989/4709/1424 2091/4710/1424 2146/4711/1424 2051/4712/1424
f 1970/4713/1425 2070/4660/1425 2075/4659/1425 1974/4714/1425
f 1991/4715/1426 2093/4716/1426 2092/4717/1426 1990/4718/1426
f 2008/4696/1427 2109/4695/1427 2147/4719/1427 2052/4720/1427
f 2011/4721/1428 2112/4640/1428 2107/4625/1428 2007/4722/1428
f 2031/4723/1429 2132/4614/1429 2133/4724/1429 2032/4725/1429
f 2056/4726/1430 2156/4727/1430 2111/4728/1430 2010/4729/1430
f 2012/4730/1431 2113/4731/1431 2112/4640/1431 2011/4721/1431
f 1971/4732/1418 2072/4733/1418 2091/4710/1418 1989/4709/1418
f 1957/4702/1432 2062/4701/1432 2150/4678/1413 2037/4677/1412
f 2032/4725/1363 2133/4724/1363 2126/4734/1363 2026/4735/1363
f 1973/4736/1433 2074/4737/1433 2156/4727/1433 2056/4726/1433
f 2006/4738/1371 2106/4739/1371 2113/4731/1371 2012/4730/1371
f 1997/4740/1407 2096/4741/1407 2117/4742/1434 2018/4743/1434
f 1969/4744/1435 2069/4745/1435 2070/4746/1435 1970/4747/1435
f 2017/4748/1436 2119/4749/1436 2137/4750/1437 2042/4751/1438
f 2018/4743/1434 2117/4742/1434 2118/4752/1439 2019/4753/1440
f 2019/4753/1440 2118/4752/1439 2119/4754/1441 2017/4755/1441
f 1993/4756/1442 2095/4757/1442 2094/4666/1442 1992/4758/1442
f 2041/4708/1423 2154/4707/1423 2073/4759/1443 1972/4760/1443
f 1974/4714/1444 2075/4659/1444 2076/4761/1444 1975/4762/1444
f 1972/4760/1445 2073/4759/1445 2074/4763/1445 1973/4764/1445
f 1975/4762/1371 2076/4761/1371 2069/4765/1371 1969/4766/1371
f 2046/4767/1446 2141/4768/1446 2130/4769/1447 2029/4770/1447
f 1987/4771/1363 2088/4772/1363 2095/4757/1363 1993/4756/1363
f 1998/4773/1448 2097/4774/1448 2096/4741/1407 1997/4740/1407
f 1978/4775/1449 2077/4776/1449 2058/4670/1407 1958/4669/1407
f 2030/4777/1450 2131/4778/1450 2143/4688/1450 2048/4687/1450
f 1999/4779/1451 2098/4780/1452 2097/4774/1448 1998/4773/1448
f 1980/4781/1453 2078/4782/1454 2079/4783/1455 1977/4784/1455
f 2042/4751/1438 2137/4750/1437 2081/4785/1456 1976/4786/1456
f 1992/4758/1457 2094/4666/1457 2089/4665/1457 1988/4787/1457
f 1996/4788/1458 2099/4789/1458 2098/4780/1452 1999/4779/1451
f 1979/4790/1459 2080/4791/1459 2077/4776/1449 1978/4775/1449
f 2027/4792/1460 2127/4615/1460 2132/4614/1460 2031/4723/1460
f 1977/4784/1455 2079/4783/1455 2080/4793/1459 1979/4794/1459
f 2026/4795/1461 2126/4796/1461 2127/4797/1461 2027/4798/1461
f 1976/4786/1462 2081/4785/1462 2078/4782/1454 1980/4781/1453
f 1990/4718/1463 2092/4717/1463 2141/4768/1446 2046/4767/1446
f 2051/4712/1464 2146/4711/1464 2129/4694/1464 2028/4693/1464
f 2052/4720/1465 2147/4719/1465 2072/4733/1465 1971/4732/1465
f 2029/4770/1466 2130/4769/1466 2131/4799/1466 2030/4800/1466
o hanger_2
v -0.072255 1.397228 -0.450231
v -0.072255 1.397228 -0.461764
v -0.084250 1.395245 -0.450231
v -0.068489 1.397228 -0.450231
v -0.068489 1.397228 -0.461764
v -0.056494 1.395245 -0.450231
v -0.056494 1.395245 -0.461764
v -0.043805 1.389297 -0.450231
v -0.043805 1.389297 -0.461764
v -0.031811 1.379285 -0.450231
v -0.031811 1.379285 -0.461764
v -0.020676 1.366009 -0.450231
v -0.020676 1.366009 -0.461764
v -0.009399 1.349022 -0.450231
v -0.009399 1.349022 -0.461764
v 0.005589 1.332035 -0.450231
v 0.005589 1.332035 -0.461764
v 0.044029 1.305724 -0.450231
v 0.044029 1.305724 -0.461764
v 0.156879 1.247140 -0.450231
v 0.156879 1.247140 -0.461764
v 0.171474 1.234601 -0.450231
v 0.171474 1.234601 -0.461764
v 0.176827 1.225283 -0.450231
v 0.176827 1.225283 -0.461764
v 0.180197 1.214379 -0.450231
v 0.180197 1.214379 -0.461764
v 0.179603 1.208332 -0.450231
v 0.179603 1.208332 -0.461764
v 0.175439 1.208927 -0.450231
v 0.175439 1.208927 -0.461764
v -0.069503 1.344347 -0.450231
v -0.069503 1.344347 -0.461764
v -0.071241 1.344347 -0.450231
v -0.071241 1.344347 -0.461764
v -0.316183 1.208927 -0.450231
v -0.316183 1.208927 -0.461764
v -0.320347 1.208332 -0.450231
v -0.320347 1.208332 -0.461764
v -0.320941 1.214379 -0.450231
v -0.320941 1.214379 -0.461764
v -0.317571 1.225283 -0.450231
v -0.317571 1.225283 -0.461764
v -0.312218 1.234601 -0.450231
v -0.312218 1.234601 -0.461764
v -0.297623 1.247140 -0.450231
v -0.297623 1.247140 -0.461764
v -0.184772 1.305724 -0.450231
v -0.184772 1.305724 -0.461764
v -0.146333 1.332035 -0.450231
v -0.146333 1.332035 -0.461764
v -0.131345 1.349022 -0.450231
v -0.131345 1.349022 -0.461764
v -0.120068 1.366009 -0.450231
v -0.120068 1.366009 -0.461764
v -0.108933 1.379285 -0.450231
v -0.108933 1.379285 -0.461764
v -0.096939 1.389297 -0.450231
v -0.096939 1.389297 -0.461764
v -0.084250 1.395245 -0.461764
v -0.104704 1.454196 -0.453691
v -0.104704 1.454196 -0.458304
v -0.109632 1.449377 -0.453691
v -0.102811 1.459187 -0.453691
v -0.102811 1.459187 -0.458304
v -0.099599 1.467562 -0.453691
v -0.099599 1.467562 -0.458304
v -0.094642 1.473427 -0.453691
v -0.094642 1.473427 -0.458304
v -0.087786 1.477475 -0.453691
v -0.087786 1.477475 -0.458304
v -0.081259 1.478384 -0.453691
v -0.081259 1.478384 -0.458304
v -0.072173 1.477806 -0.453691
v -0.072173 1.477806 -0.458304
v -0.064159 1.474501 -0.453691
v -0.064159 1.474501 -0.458304
v -0.058459 1.469132 -0.453691
v -0.058459 1.469132 -0.458304
v -0.054577 1.461119 -0.453691
v -0.054577 1.461119 -0.458304
v -0.053668 1.454262 -0.453691
v -0.053668 1.454262 -0.458304
v -0.055899 1.445919 -0.453691
v -0.055899 1.445919 -0.458304
v -0.063581 1.434849 -0.453691
v -0.063581 1.434849 -0.458304
v -0.068125 1.428406 -0.453691
v -0.068125 1.428406 -0.458304
v -0.071016 1.422871 -0.453691
v -0.071016 1.422871 -0.458304
v -0.072255 1.419649 -0.453691
v -0.072255 1.419649 -0.458304
v -0.072255 1.403442 -0.453691
v -0.072255 1.403442 -0.458304
v -0.072255 1.397228 -0.453691
v -0.072255 1.397228 -0.458304
v -0.068489 1.397027 -0.453691
v -0.068489 1.397027 -0.458304
v -0.068489 1.403242 -0.453691
v -0.068489 1.403242 -0.458304
v -0.068489 1.420525 -0.453691
v -0.068489 1.420525 -0.458304
v -0.064290 1.428097 -0.453691
v -0.064290 1.428097 -0.458304
v -0.058507 1.435670 -0.453691
v -0.058507 1.435670 -0.458304
v -0.054239 1.442347 -0.453691
v -0.054239 1.442347 -0.458304
v -0.051210 1.449644 -0.453691
v -0.051210 1.449644 -0.458304
v -0.050797 1.458800 -0.453691
v -0.050797 1.458800 -0.458304
v -0.052587 1.465753 -0.453691
v -0.052587 1.465753 -0.458304
v -0.058204 1.474262 -0.453691
v -0.058204 1.474262 -0.458304
v -0.066052 1.479631 -0.453691
v -0.066052 1.479631 -0.458304
v -0.072413 1.481449 -0.453691
v -0.072413 1.481449 -0.458304
v -0.080343 1.481944 -0.453691
v -0.080343 1.481944 -0.458304
v -0.087200 1.480540 -0.453691
v -0.087200 1.480540 -0.458304
v -0.094552 1.476905 -0.453691
v -0.094552 1.476905 -0.458304
v -0.099343 1.472527 -0.453691
v -0.099343 1.472527 -0.458304
v -0.103061 1.467157 -0.453691
v -0.103061 1.467157 -0.458304
v -0.105240 1.460732 -0.453691
v -0.105240 1.460732 -0.458304
v -0.107879 1.455512 -0.453691
v -0.107879 1.455512 -0.458304
v -0.111664 1.451568 -0.453691
v -0.111664 1.451568 -0.458304
v -0.109632 1.449377 -0.458304
v -0.310510 1.213406 -0.453486
v -0.310510 1.213406 -0.458509
v -0.310510 1.223031 -0.453486
v 0.169766 1.213406 -0.453486
v 0.169766 1.213406 -0.458509
v 0.169766 1.223031 -0.453486
v 0.169766 1.223031 -0.458509
v -0.310510 1.223031 -0.458509
vn -0.0818 0.9966 -0.0000
vn 0.0818 0.9966 -0.0000
vn -0.2965 0.9550 -0.0000
vn -0.0000 -0.0000 1.0000
vn 0.2965 0.9550 -0.0000
vn 0.5371 0.8435 -0.0000
vn 0.7063 0.7079 -0.0000
vn 0.8009 0.5988 -0.0000
vn 0.7933 0.6088 -0.0000
vn 0.6624 0.7491 -0.0000
vn 0.5137 0.8579 -0.0000
vn 0.5599 0.8285 -0.0000
vn 0.7705 0.6375 -0.0000
vn 0.9169 0.3992 -0.0000
vn 0.9949 0.1007 -0.0000
vn 0.9952 -0.0979 -0.0000
vn -0.1414 -0.9899 -0.0000
vn -0.3179 -0.9481 -0.0000
vn -0.2498 -0.9683 -0.0000
vn 0.2498 -0.9683 -0.0000
vn 0.3179 -0.9481 -0.0000
vn 0.1414 -0.9899 -0.0000
vn -0.9949 0.1007 -0.0000
vn -0.9952 -0.0979 -0.0000
vn -0.9169 0.3992 -0.0000
vn -0.7705 0.6375 -0.0000
vn -0.5599 0.8285 -0.0000
vn -0.5137 0.8579 -0.0000
vn -0.6624 0.7491 -0.0000
vn -0.7933 0.6088 -0.0000
vn -0.8009 0.5988 -0.0000
vn -0.7063 0.7079 -0.0000
vn -0.5371 0.8435 -0.0000
vn -0.0000 -0.0000 -1.0000
vn 0.8367 -0.5477 -0.0000
vn 0.9343 -0.3564 -0.0000
vn 0.6991 -0.7150 -0.0000
vn 0.8608 -0.5089 -0.0000
vn 0.6452 -0.7640 -0.0000
vn 0.3296 -0.9441 -0.0000
vn 0.3295 -0.9441 -0.0000
vn 0.0374 -0.9993 -0.0000
vn -0.2254 -0.9743 -0.0000
vn -0.5424 -0.8401 -0.0000
vn -0.8061 -0.5917 -0.0000
vn -0.9578 -0.2874 -0.0000
vn -0.9979 0.0647 -0.0000
vn -0.9073 0.4205 -0.0000
vn -0.8194 0.5732 -0.0000
vn -0.8537 0.5208 -0.0000
vn -0.9113 0.4117 -0.0000
vn -0.9832 0.1826 -0.0000
vn -1.0000 -0.0000 -0.0000
vn 1.0000 -0.0000 -0.0000
vn 0.9681 -0.2505 -0.0000
vn 0.8369 -0.5474 -0.0000
vn 0.8194 -0.5732 -0.0000
vn 0.8865 -0.4627 -0.0000
vn 0.9761 -0.2175 -0.0000
vn 0.9947 0.1033 -0.0000
vn 0.9140 0.4057 -0.0000
vn 0.7129 0.7012 -0.0000
vn 0.4252 0.9051 -0.0000
vn 0.1695 0.9855 -0.0000
vn -0.0697 0.9976 -0.0000
vn -0.3246 0.9459 -0.0000
vn -0.5644 0.8255 -0.0000
vn -0.7531 0.6579 -0.0000
vn -0.8932 0.4496 -0.0000
vn -0.9220 0.3872 -0.0000
vn -0.8160 0.5781 -0.0000
vn -0.7215 0.6924 -0.0000
vn -0.7333 -0.6799 -0.0000
vn -0.0000 -1.0000 -0.0000
vn -0.0000 1.0000 -0.0000
vt 0.842478 0.894931
vt 0.859314 0.894931
vt 0.859314 0.896487
vt 0.842478 0.896487
vt 0.842478 0.890027
vt 0.859314 0.890027
vt 0.197417 0.341061
vt 0.196596 0.336095
vt 0.196596 0.334536
vt 0.197417 0.329570
vt 0.199879 0.324317
vt 0.204024 0.319351
vt 0.209520 0.314742
vt 0.216553 0.310073
vt 0.223585 0.303868
vt 0.234478 0.287955
vt 0.258731 0.241236
vt 0.263922 0.235194
vt 0.267779 0.232978
vt 0.272293 0.231583
vt 0.274797 0.231829
vt 0.274551 0.233552
vt 0.218488 0.334956
vt 0.218488 0.335675
vt 0.274551 0.437078
vt 0.274797 0.438802
vt 0.272293 0.439048
vt 0.267779 0.437653
vt 0.263921 0.435437
vt 0.258731 0.429395
vt 0.234478 0.382676
vt 0.223585 0.366763
vt 0.216553 0.360557
vt 0.209520 0.355889
vt 0.204024 0.351279
vt 0.199879 0.346314
vt 0.859314 0.901495
vt 0.842478 0.901495
vt 0.859314 0.906892
vt 0.842478 0.906892
vt 0.859314 0.912109
vt 0.842478 0.912109
vt 0.859314 0.917055
vt 0.842478 0.917055
vt 0.964032 0.899479
vt 0.970068 0.899479
vt 0.970068 0.916315
vt 0.964032 0.916315
vt 0.503234 0.678670
vt 0.503234 0.685305
vt 0.486398 0.685305
vt 0.486398 0.678670
vt 0.503234 0.701873
vt 0.486398 0.701873
vt 0.503234 0.750026
vt 0.486398 0.750026
vt 0.503234 0.756382
vt 0.486398 0.756382
vt 0.672452 0.945961
vt 0.675828 0.945961
vt 0.675828 0.962797
vt 0.672452 0.962797
vt 0.680002 0.945961
vt 0.680002 0.962797
vt 0.682507 0.945961
vt 0.682507 0.962797
vt 0.672452 0.661035
vt 0.672452 0.659296
vt 0.689288 0.659296
vt 0.689288 0.661035
vt 0.672452 0.552737
vt 0.689288 0.552737
vt 0.689288 0.552021
vt 0.672452 0.552021
vt 0.672452 0.456816
vt 0.689288 0.456816
vt 0.672452 0.455126
vt 0.689288 0.455126
vt 0.908306 0.894311
vt 0.925142 0.894311
vt 0.925142 0.896744
vt 0.908306 0.896744
vt 0.908306 0.889633
vt 0.925142 0.889633
vt 0.908306 0.885472
vt 0.925142 0.885472
vt 0.908306 0.879389
vt 0.925142 0.879389
vt 0.305751 0.853991
vt 0.288915 0.853991
vt 0.288915 0.808891
vt 0.305751 0.808891
vt 0.305751 0.869187
vt 0.288915 0.869187
vt 0.040953 0.912297
vt 0.057789 0.912297
vt 0.057789 0.920225
vt 0.040953 0.920225
vt 0.040953 0.904613
vt 0.057789 0.904613
vt 0.040953 0.898456
vt 0.057789 0.898456
vt 0.040953 0.893576
vt 0.057789 0.893576
vt 0.842478 0.884939
vt 0.859314 0.884939
vt 0.290875 0.334536
vt 0.291696 0.329570
vt 0.294158 0.324317
vt 0.298303 0.319351
vt 0.303799 0.314742
vt 0.310831 0.310073
vt 0.317864 0.303868
vt 0.328756 0.287955
vt 0.353009 0.241236
vt 0.358200 0.235194
vt 0.362058 0.232978
vt 0.366572 0.231583
vt 0.369075 0.231829
vt 0.368829 0.233552
vt 0.312766 0.334956
vt 0.312766 0.335675
vt 0.368829 0.437078
vt 0.369075 0.438802
vt 0.366572 0.439048
vt 0.362058 0.437653
vt 0.358200 0.435437
vt 0.353009 0.429395
vt 0.328756 0.382676
vt 0.317864 0.366763
vt 0.310831 0.360557
vt 0.303799 0.355889
vt 0.298303 0.351279
vt 0.294158 0.346314
vt 0.291696 0.341061
vt 0.290875 0.336095
vt 0.073867 0.972564
vt 0.073867 0.970388
vt 0.080601 0.970388
vt 0.080601 0.972564
vt 0.080601 0.974905
vt 0.073867 0.974905
vt 0.456455 0.868638
vt 0.453633 0.869055
vt 0.453484 0.867827
vt 0.455711 0.867425
vt 0.457864 0.866317
vt 0.460156 0.864694
vt 0.462707 0.863798
vt 0.465377 0.863495
vt 0.468725 0.864064
vt 0.471364 0.865260
vt 0.473901 0.867353
vt 0.475591 0.869508
vt 0.476916 0.873215
vt 0.476731 0.877432
vt 0.475641 0.880197
vt 0.473277 0.883165
vt 0.470488 0.884874
vt 0.467435 0.886075
vt 0.463656 0.887207
vt 0.460409 0.888725
vt 0.456208 0.894517
vt 0.454698 0.896600
vt 0.453484 0.895617
vt 0.454995 0.893534
vt 0.458934 0.888103
vt 0.460132 0.887324
vt 0.462446 0.886172
vt 0.465535 0.885117
vt 0.470800 0.883274
vt 0.473575 0.881020
vt 0.474937 0.878501
vt 0.475584 0.874872
vt 0.474978 0.871687
vt 0.473096 0.868632
vt 0.470191 0.866230
vt 0.467783 0.864948
vt 0.464502 0.864639
vt 0.461415 0.865400
vt 0.458303 0.867426
vt 0.073867 0.966733
vt 0.080601 0.966733
vt 0.073867 0.963964
vt 0.080601 0.963964
vt 0.882126 0.955792
vt 0.882126 0.958446
vt 0.875392 0.958446
vt 0.875392 0.955792
vt 0.882126 0.961096
vt 0.875392 0.961096
vt 0.882126 0.964863
vt 0.875392 0.964863
vt 0.882126 0.968301
vt 0.875392 0.968301
vt 0.882126 0.970874
vt 0.875392 0.970874
vt 0.394391 0.913779
vt 0.394391 0.916799
vt 0.387656 0.916799
vt 0.387656 0.913779
vt 0.394391 0.919542
vt 0.387656 0.919542
vt 0.394391 0.923099
vt 0.387656 0.923099
vt 0.394391 0.928128
vt 0.387656 0.928128
vt 0.394391 0.931060
vt 0.387656 0.931060
vt 0.394391 0.933512
vt 0.387656 0.933512
vt 0.394391 0.934910
vt 0.387656 0.934910
vt 0.394391 0.941535
vt 0.387656 0.941535
vt 0.394391 0.944075
vt 0.387656 0.944075
vt 0.915040 0.827351
vt 0.915040 0.829878
vt 0.908306 0.829878
vt 0.908306 0.827351
vt 0.915040 0.820322
vt 0.908306 0.820322
vt 0.915040 0.816917
vt 0.908306 0.816917
vt 0.915040 0.813390
vt 0.908306 0.813390
vt 0.915040 0.810344
vt 0.908306 0.810344
vt 0.915040 0.807142
vt 0.908306 0.807142
vt 0.915040 0.803387
vt 0.908306 0.803387
vt 0.915040 0.800697
vt 0.908306 0.800697
vt 0.915040 0.797672
vt 0.908306 0.797672
vt 0.603855 0.965883
vt 0.603855 0.969266
vt 0.597120 0.969266
vt 0.597120 0.965883
vt 0.603855 0.963208
vt 0.597120 0.963208
vt 0.603855 0.959918
vt 0.597120 0.959918
vt 0.603855 0.957122
vt 0.597120 0.957122
vt 0.603855 0.954179
vt 0.597120 0.954179
vt 0.175217 0.965256
vt 0.175217 0.963151
vt 0.181952 0.963151
vt 0.181952 0.965256
vt 0.175217 0.967694
vt 0.181952 0.967694
vt 0.175217 0.970464
vt 0.181952 0.970464
vt 0.175217 0.972771
vt 0.181952 0.972771
vt 0.175217 0.974631
vt 0.181952 0.974631
vt 0.454413 0.985963
vt 0.453484 0.985963
vt 0.453484 0.979229
vt 0.454413 0.979229
vt 0.695736 0.820242
vt 0.692913 0.819825
vt 0.691065 0.818612
vt 0.687953 0.816586
vt 0.684867 0.815825
vt 0.681585 0.816135
vt 0.679177 0.817417
vt 0.676272 0.819819
vt 0.674390 0.822874
vt 0.673785 0.826059
vt 0.674431 0.829688
vt 0.675793 0.832207
vt 0.678568 0.834461
vt 0.683833 0.836303
vt 0.686922 0.837359
vt 0.689236 0.838511
vt 0.690435 0.839289
vt 0.694374 0.844721
vt 0.695884 0.846804
vt 0.694671 0.847786
vt 0.693160 0.845704
vt 0.688959 0.839911
vt 0.685712 0.838394
vt 0.681933 0.837262
vt 0.678880 0.836061
vt 0.676091 0.834352
vt 0.673728 0.831384
vt 0.672638 0.828619
vt 0.672452 0.824402
vt 0.673777 0.820695
vt 0.675467 0.818540
vt 0.678004 0.816446
vt 0.680644 0.815251
vt 0.683991 0.814682
vt 0.686661 0.814985
vt 0.689212 0.815881
vt 0.691504 0.817504
vt 0.693657 0.818612
vt 0.695884 0.819014
vt 0.791757 0.969402
vt 0.791757 0.976734
vt 0.787823 0.976734
vt 0.787823 0.969402
vt 0.815841 0.455126
vt 0.815841 0.652933
vt 0.808509 0.652933
vt 0.808509 0.455126
vt 0.012024 0.877498
vt 0.008039 0.877498
vt 0.008039 0.678670
vt 0.012024 0.678670
vt 0.978298 0.551696
vt 0.974383 0.551696
vt 0.974383 0.544364
vt 0.978298 0.544364
vt 0.792432 0.455126
vt 0.792432 0.653560
vt 0.785100 0.653560
vt 0.785100 0.455126
vt 0.028102 0.678670
vt 0.032086 0.678670
vt 0.032086 0.877498
vt 0.028102 0.877498
s 1
usemtl box_hanger
f 2157/4801/1467 2160/4804/1468 2161/4803/1468 2158/4802/1467
f 2158/4802/1467 2216/4806/1469 2159/4805/1469 2157/4801/1467
f 2159/4807/1470 2214/4836/1470 2212/4835/1470 2210/4834/1470 2208/4833/1470 2206/4832/1470 2204/4831/1470 2202/4830/1470 2200/4829/1470 2198/4828/1470 2196/4827/1470 2194/4826/1470 2192/4825/1470 2190/4824/1470 2188/4823/1470 2186/4822/1470 2184/4821/1470 2182/4820/1470 2180/4819/1470 2178/4818/1470 2176/4817/1470 2174/4816/1470 2172/4815/1470 2170/4814/1470 2168/4813/1470 2166/4812/1470 2164/4811/1470 2162/4810/1470 2160/4809/1470 2157/4808/1470
f 2161/4803/1468 2160/4804/1468 2162/4838/1471 2163/4837/1471
f 2163/4837/1471 2162/4838/1471 2164/4840/1472 2165/4839/1472
f 2165/4839/1472 2164/4840/1472 2166/4842/1473 2167/4841/1473
f 2167/4841/1473 2166/4842/1473 2168/4844/1474 2169/4843/1474
f 2169/4845/1474 2168/4848/1474 2170/4847/1475 2171/4846/1475
f 2171/4849/1475 2170/4852/1475 2172/4851/1476 2173/4850/1476
f 2173/4850/1476 2172/4851/1476 2174/4854/1477 2175/4853/1477
f 2175/4853/1477 2174/4854/1477 2176/4856/1478 2177/4855/1478
f 2177/4855/1478 2176/4856/1478 2178/4858/1479 2179/4857/1479
f 2179/4859/1479 2178/4862/1479 2180/4861/1480 2181/4860/1480
f 2181/4860/1480 2180/4861/1480 2182/4864/1481 2183/4863/1481
f 2183/4863/1481 2182/4864/1481 2184/4866/1482 2185/4865/1482
f 2185/4867/1483 2184/4870/1483 2186/4869/1484 2187/4868/1484
f 2187/4868/1484 2186/4869/1484 2188/4872/1485 2189/4871/1485
f 2190/4873/1486 2191/4874/1486 2189/4871/1485 2188/4872/1485
f 2193/4875/1487 2191/4874/1486 2190/4873/1486 2192/4876/1487
f 2195/4877/1488 2193/4875/1487 2192/4876/1487 2194/4878/1488
f 2197/4879/1489 2195/4882/1490 2194/4881/1490 2196/4880/1489
f 2199/4883/1491 2197/4879/1489 2196/4880/1489 2198/4884/1491
f 2201/4885/1492 2199/4883/1491 2198/4884/1491 2200/4886/1492
f 2203/4887/1493 2201/4885/1492 2200/4886/1492 2202/4888/1493
f 2205/4889/1494 2203/4892/1493 2202/4891/1493 2204/4890/1494
f 2207/4893/1495 2205/4889/1494 2204/4890/1494 2206/4894/1495
f 2209/4895/1496 2207/4898/1495 2206/4897/1495 2208/4896/1496
f 2211/4899/1497 2209/4895/1496 2208/4896/1496 2210/4900/1497
f 2213/4901/1498 2211/4899/1497 2210/4900/1497 2212/4902/1498
f 2215/4903/1499 2213/4901/1498 2212/4902/1498 2214/4904/1499
f 2216/4806/1469 2215/4906/1499 2214/4905/1499 2159/4805/1469
f 2158/4907/1500 2161/4936/1500 2163/4935/1500 2165/4934/1500 2167/4933/1500 2169/4932/1500 2171/4931/1500 2173/4930/1500 2175/4929/1500 2177/4928/1500 2179/4927/1500 2181/4926/1500 2183/4925/1500 2185/4924/1500 2187/4923/1500 2189/4922/1500 2191/4921/1500 2193/4920/1500 2195/4919/1500 2197/4918/1500 2199/4917/1500 2201/4916/1500 2203/4915/1500 2205/4914/1500 2207/4913/1500 2209/4912/1500 2211/4911/1500 2213/4910/1500 2215/4909/1500 2216/4908/1500
f 2217/4937/1501 2218/4940/1501 2221/4939/1502 2220/4938/1502
f 2217/4937/1501 2219/4942/1503 2294/4941/1503 2218/4940/1501
f 2217/4943/1470 2220/4981/1470 2222/4980/1470 2224/4979/1470 2226/4978/1470 2228/4977/1470 2230/4976/1470 2232/4975/1470 2234/4974/1470 2236/4973/1470 2238/4972/1470 2240/4971/1470 2242/4970/1470 2244/4969/1470 2246/4968/1470 2248/4967/1470 2250/4966/1470 2252/4965/1470 2254/4964/1470 2256/4963/1470 2258/4962/1470 2260/4961/1470 2262/4960/1470 2264/4959/1470 2266/4958/1470 2268/4957/1470 2270/4956/1470 2272/4955/1470 2274/4954/1470 2276/4953/1470 2278/4952/1470 2280/4951/1470 2282/4950/1470 2284/4949/1470 2286/4948/1470 2288/4947/1470 2290/4946/1470 2292/4945/1470 2219/4944/1470
f 2220/4938/1502 2221/4939/1502 2223/4983/1504 2222/4982/1504
f 2222/4982/1504 2223/4983/1504 2225/4985/1505 2224/4984/1505
f 2224/4986/1505 2225/4989/1505 2227/4988/1507 2226/4987/1506
f 2226/4987/1506 2227/4988/1507 2229/4991/1508 2228/4990/1508
f 2228/4990/1508 2229/4991/1508 2231/4993/1509 2230/4992/1509
f 2230/4992/1509 2231/4993/1509 2233/4995/1510 2232/4994/1510
f 2232/4994/1510 2233/4995/1510 2235/4997/1511 2234/4996/1511
f 2234/4998/1511 2235/5001/1511 2237/5000/1512 2236/4999/1512
f 2236/4999/1512 2237/5000/1512 2239/5003/1513 2238/5002/1513
f 2238/5002/1513 2239/5003/1513 2241/5005/1514 2240/5004/1514
f 2240/5004/1514 2241/5005/1514 2243/5007/1515 2242/5006/1515
f 2242/5006/1515 2243/5007/1515 2245/5009/1516 2244/5008/1516
f 2244/5008/1516 2245/5009/1516 2247/5011/1517 2246/5010/1517
f 2246/5010/1517 2247/5011/1517 2249/5013/1518 2248/5012/1518
f 2248/5012/1518 2249/5013/1518 2251/5015/1519 2250/5014/1519
f 2250/5014/1519 2251/5015/1519 2253/5017/1519 2252/5016/1519
f 2257/5018/1520 2256/5021/1520 2254/5020/1520 2255/5019/1520
f 2259/5022/1521 2258/5023/1521 2256/5021/1520 2257/5018/1520
f 2261/5024/1522 2260/5025/1522 2258/5023/1521 2259/5022/1521
f 2263/5026/1523 2262/5027/1523 2260/5025/1522 2261/5024/1522
f 2265/5028/1524 2264/5029/1524 2262/5027/1523 2263/5026/1523
f 2267/5030/1525 2266/5031/1525 2264/5029/1524 2265/5028/1524
f 2269/5032/1526 2268/5033/1526 2266/5031/1525 2267/5030/1525
f 2271/5034/1527 2270/5035/1527 2268/5033/1526 2269/5032/1526
f 2273/5036/1528 2272/5037/1528 2270/5035/1527 2271/5034/1527
f 2275/5038/1529 2274/5041/1529 2272/5040/1528 2273/5039/1528
f 2277/5042/1530 2276/5043/1530 2274/5041/1529 2275/5038/1529
f 2279/5044/1531 2278/5045/1531 2276/5043/1530 2277/5042/1530
f 2281/5046/1532 2280/5047/1532 2278/5045/1531 2279/5044/1531
f 2283/5048/1533 2282/5049/1533 2280/5047/1532 2281/5046/1532
f 2285/5050/1534 2284/5053/1534 2282/5052/1533 2283/5051/1533
f 2287/5054/1535 2286/5055/1535 2284/5053/1534 2285/5050/1534
f 2289/5056/1536 2288/5057/1536 2286/5055/1535 2287/5054/1535
f 2291/5058/1537 2290/5059/1537 2288/5057/1536 2289/5056/1536
f 2293/5060/1538 2292/5061/1538 2290/5059/1537 2291/5058/1537
f 2294/5062/1539 2219/5065/1539 2292/5064/1539 2293/5063/1539
f 2294/5066/1500 2293/5104/1500 2291/5103/1500 2289/5102/1500 2287/5101/1500 2285/5100/1500 2283/5099/1500 2281/5098/1500 2279/5097/1500 2277/5096/1500 2275/5095/1500 2273/5094/1500 2271/5093/1500 2269/5092/1500 2267/5091/1500 2265/5090/1500 2263/5089/1500 2261/5088/1500 2259/5087/1500 2257/5086/1500 2255/5085/1500 2253/5084/1500 2251/5083/1500 2249/5082/1500 2247/5081/1500 2245/5080/1500 2243/5079/1500 2241/5078/1500 2239/5077/1500 2237/5076/1500 2235/5075/1500 2233/5074/1500 2231/5073/1500 2229/5072/1500 2227/5071/1500 2225/5070/1500 2223/5069/1500 2221/5068/1500 2218/5067/1500
f 2295/5105/1519 2297/5108/1519 2302/5107/1519 2296/5106/1519
f 2295/5109/1540 2296/5112/1540 2299/5111/1540 2298/5110/1540
f 2295/5113/1470 2298/5116/1470 2300/5115/1470 2297/5114/1470
f 2298/5117/1520 2299/5120/1520 2301/5119/1520 2300/5118/1520
f 2302/5121/1541 2297/5124/1541 2300/5123/1541 2301/5122/1541
f 2302/5125/1500 2301/5128/1500 2299/5127/1500 2296/5126/1500
o hanger_3
v -0.072255 1.397228 -0.623221
v -0.072255 1.397228 -0.634753
v -0.084250 1.395245 -0.623221
v -0.068489 1.397228 -0.623221
v -0.068489 1.397228 -0.634753
v -0.056494 1.395245 -0.623221
v -0.056494 1.395245 -0.634753
v -0.043805 1.389297 -0.623221
v -0.043805 1.389297 -0.634753
v -0.031811 1.379285 -0.623221
v -0.031811 1.379285 -0.634753
v -0.020676 1.366009 -0.623221
v -0.020676 1.366009 -0.634753
v -0.009399 1.349022 -0.623221
v -0.009399 1.349022 -0.634753
v 0.005589 1.332035 -0.623221
v 0.005589 1.332035 -0.634753
v 0.044029 1.305724 -0.623221
v 0.044029 1.305724 -0.634753
v 0.156879 1.247140 -0.623221
v 0.156879 1.247140 -0.634753
v 0.171474 1.234601 -0.623221
v 0.171474 1.234601 -0.634753
v 0.176827 1.225283 -0.623221
v 0.176827 1.225283 -0.634753
v 0.180197 1.214379 -0.623221
v 0.180197 1.214379 -0.634753
v 0.179603 1.208332 -0.623221
v 0.179603 1.208332 -0.634753
v 0.175439 1.208927 -0.623221
v 0.175439 1.208927 -0.634753
v -0.069503 1.344348 -0.623221
v -0.069503 1.344348 -0.634753
v -0.071241 1.344348 -0.623221
v -0.071241 1.344348 -0.634753
v -0.316183 1.208927 -0.623221
v -0.316183 1.208927 -0.634753
v -0.320347 1.208332 -0.623221
v -0.320347 1.208332 -0.634753
v -0.320941 1.214379 -0.623221
v -0.320941 1.214379 -0.634753
v -0.317571 1.225283 -0.623221
v -0.317571 1.225283 -0.634753
v -0.312218 1.234601 -0.623221
v -0.312218 1.234601 -0.634753
v -0.297623 1.247140 -0.623221
v -0.297623 1.247140 -0.634753
v -0.184772 1.305724 -0.623221
v -0.184772 1.305724 -0.634753
v -0.146333 1.332035 -0.623221
v -0.146333 1.332035 -0.634753
v -0.131345 1.349022 -0.623221
v -0.131345 1.349022 -0.634753
v -0.120068 1.366009 -0.623221
v -0.120068 1.366009 -0.634753
v -0.108933 1.379285 -0.623221
v -0.108933 1.379285 -0.634753
v -0.096939 1.389297 -0.623221
v -0.096939 1.389297 -0.634753
v -0.084250 1.395245 -0.634753
v -0.104704 1.454196 -0.626680
v -0.104704 1.454196 -0.631293
v -0.109632 1.449377 -0.626680
v -0.102811 1.459187 -0.626680
v -0.102811 1.459187 -0.631293
v -0.099599 1.467562 -0.626680
v -0.099599 1.467562 -0.631293
v -0.094642 1.473428 -0.626680
v -0.094642 1.473428 -0.631293
v -0.087786 1.477475 -0.626680
v -0.087786 1.477475 -0.631293
v -0.081259 1.478384 -0.626680
v -0.081259 1.478384 -0.631293
v -0.072173 1.477806 -0.626680
v -0.072173 1.477806 -0.631293
v -0.064159 1.474501 -0.626680
v -0.064159 1.474501 -0.631293
v -0.058459 1.469132 -0.626680
v -0.058459 1.469132 -0.631293
v -0.054577 1.461119 -0.626680
v -0.054577 1.461119 -0.631293
v -0.053668 1.454262 -0.626680
v -0.053668 1.454262 -0.631293
v -0.055899 1.445919 -0.626680
v -0.055899 1.445919 -0.631293
v -0.063581 1.434849 -0.626680
v -0.063581 1.434849 -0.631293
v -0.068125 1.428406 -0.626680
v -0.068125 1.428406 -0.631293
v -0.071016 1.422871 -0.626680
v -0.071016 1.422871 -0.631293
v -0.072255 1.419649 -0.626680
v -0.072255 1.419649 -0.631293
v -0.072255 1.403442 -0.626680
v -0.072255 1.403442 -0.631293
v -0.072255 1.397228 -0.626680
v -0.072255 1.397228 -0.631293
v -0.068489 1.397027 -0.626680
v -0.068489 1.397027 -0.631293
v -0.068489 1.403242 -0.626680
v -0.068489 1.403242 -0.631293
v -0.068489 1.420525 -0.626680
v -0.068489 1.420525 -0.631293
v -0.064290 1.428097 -0.626680
v -0.064290 1.428097 -0.631293
v -0.058507 1.435670 -0.626680
v -0.058507 1.435670 -0.631293
v -0.054239 1.442347 -0.626680
v -0.054239 1.442347 -0.631293
v -0.051210 1.449645 -0.626680
v -0.051210 1.449645 -0.631293
v -0.050797 1.458800 -0.626680
v -0.050797 1.458800 -0.631293
v -0.052587 1.465753 -0.626680
v -0.052587 1.465753 -0.631293
v -0.058204 1.474262 -0.626680
v -0.058204 1.474262 -0.631293
v -0.066052 1.479631 -0.626680
v -0.066052 1.479631 -0.631293
v -0.072413 1.481449 -0.626680
v -0.072413 1.481449 -0.631293
v -0.080343 1.481945 -0.626680
v -0.080343 1.481945 -0.631293
v -0.087200 1.480540 -0.626680
v -0.087200 1.480540 -0.631293
v -0.094552 1.476905 -0.626680
v -0.094552 1.476905 -0.631293
v -0.099343 1.472527 -0.626680
v -0.099343 1.472527 -0.631293
v -0.103061 1.467158 -0.626680
v -0.103061 1.467158 -0.631293
v -0.105240 1.460732 -0.626680
v -0.105240 1.460732 -0.631293
v -0.107879 1.455512 -0.626680
v -0.107879 1.455512 -0.631293
v -0.111664 1.451568 -0.626680
v -0.111664 1.451568 -0.631293
v -0.109632 1.449377 -0.631293
v -0.310510 1.213406 -0.626476
v -0.310510 1.213406 -0.631498
v -0.310510 1.223031 -0.626476
v 0.169766 1.213406 -0.626476
v 0.169766 1.213406 -0.631498
v 0.169766 1.223031 -0.626476
v 0.169766 1.223031 -0.631498
v -0.310510 1.223031 -0.631498
vn -0.0818 0.9966 -0.0000
vn 0.0818 0.9966 -0.0000
vn -0.2965 0.9550 -0.0000
vn -0.0000 -0.0000 1.0000
vn 0.2965 0.9550 -0.0000
vn 0.5371 0.8435 -0.0000
vn 0.7063 0.7079 -0.0000
vn 0.8009 0.5988 -0.0000
vn 0.7933 0.6088 -0.0000
vn 0.6624 0.7491 -0.0000
vn 0.5137 0.8579 -0.0000
vn 0.5599 0.8285 -0.0000
vn 0.7705 0.6375 -0.0000
vn 0.9169 0.3992 -0.0000
vn 0.9949 0.1007 -0.0000
vn 0.9952 -0.0979 -0.0000
vn -0.1414 -0.9899 -0.0000
vn -0.3179 -0.9481 -0.0000
vn -0.2498 -0.9683 -0.0000
vn 0.2498 -0.9683 -0.0000
vn 0.3179 -0.9481 -0.0000
vn 0.1414 -0.9899 -0.0000
vn -0.9949 0.1007 -0.0000
vn -0.9952 -0.0979 -0.0000
vn -0.9169 0.3992 -0.0000
vn -0.7705 0.6375 -0.0000
vn -0.5599 0.8285 -0.0000
vn -0.5137 0.8579 -0.0000
vn -0.6624 0.7491 -0.0000
vn -0.7933 0.6088 -0.0000
vn -0.8009 0.5988 -0.0000
vn -0.7063 0.7079 -0.0000
vn -0.5371 0.8435 -0.0000
vn -0.0000 -0.0000 -1.0000
vn 0.8367 -0.5477 -0.0000
vn 0.9343 -0.3564 -0.0000
vn 0.6991 -0.7150 -0.0000
vn 0.8608 -0.5089 -0.0000
vn 0.6452 -0.7640 -0.0000
vn 0.3296 -0.9441 -0.0000
vn 0.0374 -0.9993 -0.0000
vn -0.2254 -0.9743 -0.0000
vn -0.5424 -0.8401 -0.0000
vn -0.8061 -0.5917 -0.0000
vn -0.9578 -0.2874 -0.0000
vn -0.9979 0.0647 -0.0000
vn -0.9073 0.4205 -0.0000
vn -0.8194 0.5732 -0.0000
vn -0.8537 0.5208 -0.0000
vn -0.9113 0.4117 -0.0000
vn -0.9832 0.1826 -0.0000
vn -1.0000 -0.0000 -0.0000
vn 1.0000 -0.0000 -0.0000
vn 0.9681 -0.2505 -0.0000
vn 0.8369 -0.5474 -0.0000
vn 0.8194 -0.5732 -0.0000
vn 0.8865 -0.4627 -0.0000
vn 0.9761 -0.2175 -0.0000
vn 0.9947 0.1033 -0.0000
vn 0.9140 0.4057 -0.0000
vn 0.7129 0.7012 -0.0000
vn 0.4252 0.9051 -0.0000
vn 0.1695 0.9855 -0.0000
vn -0.0697 0.9976 -0.0000
vn -0.3246 0.9459 -0.0000
vn -0.5644 0.8255 -0.0000
vn -0.7531 0.6579 -0.0000
vn -0.8932 0.4496 -0.0000
vn -0.9220 0.3872 -0.0000
vn -0.8160 0.5781 -0.0000
vn -0.7215 0.6924 -0.0000
vn -0.7333 -0.6799 -0.0000
vn -0.0000 -1.0000 -0.0000
vn -0.0000 1.0000 -0.0000
vt 0.354743 0.890615
vt 0.371579 0.890615
vt 0.371579 0.892112
vt 0.354743 0.892112
vt 0.354743 0.886074
vt 0.371579 0.886074
vt 0.385974 0.117517
vt 0.385153 0.112551
vt 0.385153 0.110992
vt 0.385974 0.106026
vt 0.388436 0.100773
vt 0.392581 0.095808
vt 0.398077 0.091198
vt 0.405110 0.086530
vt 0.412142 0.080325
vt 0.423035 0.064411
vt 0.447288 0.017692
vt 0.452479 0.011650
vt 0.456336 0.009434
vt 0.460851 0.008039
vt 0.463354 0.008285
vt 0.463108 0.010009
vt 0.407045 0.111412
vt 0.407045 0.112132
vt 0.463108 0.213535
vt 0.463354 0.215258
vt 0.460851 0.215505
vt 0.456336 0.214109
vt 0.452479 0.211893
vt 0.447288 0.205851
vt 0.423035 0.159132
vt 0.412142 0.143219
vt 0.405110 0.137014
vt 0.398077 0.132345
vt 0.392581 0.127736
vt 0.388436 0.122770
vt 0.371579 0.897110
vt 0.354743 0.897110
vt 0.371579 0.902841
vt 0.354743 0.902841
vt 0.371579 0.908764
vt 0.354743 0.908764
vt 0.371578 0.914722
vt 0.354743 0.914722
vt 0.413974 0.947762
vt 0.420511 0.947762
vt 0.420511 0.964598
vt 0.413974 0.964598
vt 0.437406 0.678670
vt 0.437406 0.686587
vt 0.420570 0.686587
vt 0.420570 0.678670
vt 0.437406 0.704904
vt 0.420570 0.704904
vt 0.437406 0.756527
vt 0.420570 0.756527
vt 0.437406 0.763775
vt 0.420570 0.763775
vt 0.947816 0.520954
vt 0.951436 0.520954
vt 0.951436 0.537790
vt 0.947816 0.537790
vt 0.955790 0.520954
vt 0.955790 0.537790
vt 0.958305 0.520954
vt 0.958305 0.537790
vt 0.700903 0.213948
vt 0.700903 0.212209
vt 0.717739 0.212209
vt 0.717739 0.213948
vt 0.700903 0.105650
vt 0.717739 0.105650
vt 0.717739 0.104934
vt 0.700903 0.104934
vt 0.700903 0.009729
vt 0.717739 0.009729
vt 0.700903 0.008039
vt 0.717739 0.008039
vt 0.907190 0.434553
vt 0.924026 0.434553
vt 0.924026 0.436985
vt 0.907190 0.436985
vt 0.907190 0.429874
vt 0.924026 0.429874
vt 0.907190 0.425714
vt 0.924026 0.425714
vt 0.907190 0.419631
vt 0.924026 0.419631
vt 0.613956 0.905187
vt 0.597120 0.905187
vt 0.597120 0.867066
vt 0.613956 0.867066
vt 0.875392 0.839695
vt 0.892228 0.839695
vt 0.892228 0.852973
vt 0.875392 0.852973
vt 0.875392 0.831768
vt 0.892228 0.831768
vt 0.875392 0.824084
vt 0.892228 0.824084
vt 0.875392 0.817927
vt 0.892228 0.817927
vt 0.875392 0.813047
vt 0.892228 0.813047
vt 0.354743 0.881714
vt 0.371579 0.881714
vt 0.385153 0.334536
vt 0.385974 0.329570
vt 0.388436 0.324317
vt 0.392581 0.319351
vt 0.398077 0.314742
vt 0.405110 0.310073
vt 0.412142 0.303868
vt 0.423035 0.287955
vt 0.447288 0.241236
vt 0.452479 0.235194
vt 0.456336 0.232978
vt 0.460851 0.231583
vt 0.463354 0.231829
vt 0.463108 0.233552
vt 0.407045 0.334956
vt 0.407045 0.335675
vt 0.463108 0.437078
vt 0.463354 0.438802
vt 0.460851 0.439048
vt 0.456336 0.437653
vt 0.452479 0.435437
vt 0.447288 0.429395
vt 0.423035 0.382676
vt 0.412142 0.366763
vt 0.405110 0.360557
vt 0.398077 0.355889
vt 0.392581 0.351279
vt 0.388436 0.346314
vt 0.385974 0.341061
vt 0.385153 0.336095
vt 0.842478 0.974009
vt 0.842478 0.971875
vt 0.849212 0.971875
vt 0.849212 0.974009
vt 0.849212 0.976195
vt 0.842478 0.976195
vt 0.675423 0.869007
vt 0.672600 0.869425
vt 0.672452 0.868197
vt 0.674679 0.867795
vt 0.676832 0.866686
vt 0.679124 0.865063
vt 0.681675 0.864167
vt 0.684345 0.863864
vt 0.687693 0.864433
vt 0.690332 0.865629
vt 0.692869 0.867722
vt 0.694559 0.869877
vt 0.695884 0.873584
vt 0.695699 0.877801
vt 0.694609 0.880566
vt 0.692245 0.883534
vt 0.689456 0.885244
vt 0.686403 0.886444
vt 0.682624 0.887577
vt 0.679377 0.889094
vt 0.675176 0.894886
vt 0.673666 0.896969
vt 0.672452 0.895986
vt 0.673963 0.893903
vt 0.677902 0.888472
vt 0.679100 0.887693
vt 0.681414 0.886541
vt 0.684503 0.885486
vt 0.689768 0.883643
vt 0.692543 0.881389
vt 0.693905 0.878871
vt 0.694552 0.875242
vt 0.693946 0.872057
vt 0.692064 0.869002
vt 0.689159 0.866599
vt 0.686751 0.865318
vt 0.683470 0.865008
vt 0.680383 0.865769
vt 0.677271 0.867795
vt 0.842478 0.968293
vt 0.849212 0.968293
vt 0.842478 0.965675
vt 0.849212 0.965675
vt 0.212256 0.960132
vt 0.212256 0.962786
vt 0.205522 0.962786
vt 0.205522 0.960132
vt 0.212256 0.965436
vt 0.205522 0.965436
vt 0.212256 0.969203
vt 0.205522 0.969203
vt 0.212256 0.972642
vt 0.205522 0.972642
vt 0.212256 0.975214
vt 0.205522 0.975214
vt 0.937852 0.701039
vt 0.937852 0.704059
vt 0.931118 0.704059
vt 0.931118 0.701039
vt 0.937852 0.706802
vt 0.931118 0.706802
vt 0.937852 0.710359
vt 0.931118 0.710359
vt 0.937852 0.715388
vt 0.931118 0.715388
vt 0.937852 0.718320
vt 0.931118 0.718320
vt 0.937852 0.720772
vt 0.931118 0.720772
vt 0.937852 0.722170
vt 0.931118 0.722170
vt 0.937852 0.728795
vt 0.931118 0.728795
vt 0.937852 0.731335
vt 0.931118 0.731335
vt 0.503234 0.887951
vt 0.503234 0.890512
vt 0.496500 0.890512
vt 0.496500 0.887951
vt 0.503234 0.880831
vt 0.496500 0.880831
vt 0.503234 0.877540
vt 0.496500 0.877540
vt 0.503234 0.874184
vt 0.496500 0.874184
vt 0.503234 0.871259
vt 0.496500 0.871259
vt 0.503234 0.868129
vt 0.496500 0.868129
vt 0.503234 0.864340
vt 0.496500 0.864340
vt 0.503234 0.861549
vt 0.496500 0.861549
vt 0.503234 0.858273
vt 0.496500 0.858273
vt 0.976246 0.143071
vt 0.976246 0.146810
vt 0.969512 0.146810
vt 0.969512 0.143071
vt 0.976246 0.140332
vt 0.969512 0.140332
vt 0.976246 0.137122
vt 0.969512 0.137122
vt 0.976246 0.134557
vt 0.969512 0.134557
vt 0.976246 0.132053
vt 0.969512 0.132053
vt 0.964032 0.965657
vt 0.964032 0.963553
vt 0.970766 0.963553
vt 0.970766 0.965657
vt 0.964032 0.968096
vt 0.970766 0.968096
vt 0.964032 0.970866
vt 0.970766 0.970866
vt 0.964032 0.973173
vt 0.970766 0.973173
vt 0.964032 0.975033
vt 0.970766 0.975033
vt 0.986460 0.436235
vt 0.985531 0.436235
vt 0.985531 0.429501
vt 0.986460 0.429501
vt 0.784973 0.869456
vt 0.782151 0.869039
vt 0.780303 0.867826
vt 0.777191 0.865800
vt 0.774104 0.865039
vt 0.770823 0.865349
vt 0.768415 0.866630
vt 0.765510 0.869033
vt 0.763627 0.872088
vt 0.763022 0.875273
vt 0.763669 0.878902
vt 0.765031 0.881420
vt 0.767806 0.883675
vt 0.773071 0.885517
vt 0.776160 0.886572
vt 0.778474 0.887724
vt 0.779672 0.888503
vt 0.783611 0.893934
vt 0.785122 0.896017
vt 0.783908 0.897000
vt 0.782398 0.894917
vt 0.778197 0.889125
vt 0.774949 0.887608
vt 0.771171 0.886475
vt 0.768118 0.885275
vt 0.765329 0.883566
vt 0.762965 0.880598
vt 0.761875 0.877832
vt 0.761690 0.873616
vt 0.763015 0.869909
vt 0.764705 0.867754
vt 0.767242 0.865660
vt 0.769881 0.864464
vt 0.773229 0.863895
vt 0.775899 0.864198
vt 0.778449 0.865094
vt 0.780742 0.866718
vt 0.782895 0.867826
vt 0.785122 0.868228
vt 0.044887 0.968844
vt 0.044887 0.976176
vt 0.040953 0.976176
vt 0.040953 0.968844
vt 0.811378 0.008039
vt 0.811378 0.205846
vt 0.804046 0.205846
vt 0.804046 0.008039
vt 0.052149 0.877498
vt 0.048164 0.877498
vt 0.048164 0.678670
vt 0.052149 0.678670
vt 0.556191 0.811957
vt 0.552226 0.811957
vt 0.552226 0.804625
vt 0.556191 0.804625
vt 0.839251 0.664507
vt 0.839251 0.855477
vt 0.831919 0.855477
vt 0.831919 0.664507
vt 0.068227 0.678670
vt 0.072211 0.678670
vt 0.072211 0.877498
vt 0.068227 0.877498
s 1
usemtl box_hanger
f 2303/5129/1542 2306/5132/1543 2307/5131/1543 2304/5130/1542
f 2304/5130/1542 2362/5134/1544 2305/5133/1544 2303/5129/1542
f 2305/5135/1545 2360/5164/1545 2358/5163/1545 2356/5162/1545 2354/5161/1545 2352/5160/1545 2350/5159/1545 2348/5158/1545 2346/5157/1545 2344/5156/1545 2342/5155/1545 2340/5154/1545 2338/5153/1545 2336/5152/1545 2334/5151/1545 2332/5150/1545 2330/5149/1545 2328/5148/1545 2326/5147/1545 2324/5146/1545 2322/5145/1545 2320/5144/1545 2318/5143/1545 2316/5142/1545 2314/5141/1545 2312/5140/1545 2310/5139/1545 2308/5138/1545 2306/5137/1545 2303/5136/1545
f 2307/5131/1543 2306/5132/1543 2308/5166/1546 2309/5165/1546
f 2309/5165/1546 2308/5166/1546 2310/5168/1547 2311/5167/1547
f 2311/5167/1547 2310/5168/1547 2312/5170/1548 2313/5169/1548
f 2313/5169/1548 2312/5170/1548 2314/5172/1549 2315/5171/1549
f 2315/5173/1549 2314/5176/1549 2316/5175/1550 2317/5174/1550
f 2317/5177/1550 2316/5180/1550 2318/5179/1551 2319/5178/1551
f 2319/5178/1551 2318/5179/1551 2320/5182/1552 2321/5181/1552
f 2321/5181/1552 2320/5182/1552 2322/5184/1553 2323/5183/1553
f 2323/5183/1553 2322/5184/1553 2324/5186/1554 2325/5185/1554
f 2325/5187/1554 2324/5190/1554 2326/5189/1555 2327/5188/1555
f 2327/5188/1555 2326/5189/1555 2328/5192/1556 2329/5191/1556
f 2329/5191/1556 2328/5192/1556 2330/5194/1557 2331/5193/1557
f 2331/5195/1558 2330/5198/1558 2332/5197/1559 2333/5196/1559
f 2333/5196/1559 2332/5197/1559 2334/5200/1560 2335/5199/1560
f 2336/5201/1561 2337/5202/1561 2335/5199/1560 2334/5200/1560
f 2339/5203/1562 2337/5202/1561 2336/5201/1561 2338/5204/1562
f 2341/5205/1563 2339/5203/1562 2338/5204/1562 2340/5206/1563
f 2343/5207/1564 2341/5210/1565 2340/5209/1565 2342/5208/1564
f 2345/5211/1566 2343/5207/1564 2342/5208/1564 2344/5212/1566
f 2347/5213/1567 2345/5211/1566 2344/5212/1566 2346/5214/1567
f 2349/5215/1568 2347/5213/1567 2346/5214/1567 2348/5216/1568
f 2351/5217/1569 2349/5220/1568 2348/5219/1568 2350/5218/1569
f 2353/5221/1570 2351/5224/1569 2350/5223/1569 2352/5222/1570
f 2355/5225/1571 2353/5221/1570 2352/5222/1570 2354/5226/1571
f 2357/5227/1572 2355/5225/1571 2354/5226/1571 2356/5228/1572
f 2359/5229/1573 2357/5227/1572 2356/5228/1572 2358/5230/1573
f 2361/5231/1574 2359/5229/1573 2358/5230/1573 2360/5232/1574
f 2362/5134/1544 2361/5234/1574 2360/5233/1574 2305/5133/1544
f 2304/5235/1575 2307/5264/1575 2309/5263/1575 2311/5262/1575 2313/5261/1575 2315/5260/1575 2317/5259/1575 2319/5258/1575 2321/5257/1575 2323/5256/1575 2325/5255/1575 2327/5254/1575 2329/5253/1575 2331/5252/1575 2333/5251/1575 2335/5250/1575 2337/5249/1575 2339/5248/1575 2341/5247/1575 2343/5246/1575 2345/5245/1575 2347/5244/1575 2349/5243/1575 2351/5242/1575 2353/5241/1575 2355/5240/1575 2357/5239/1575 2359/5238/1575 2361/5237/1575 2362/5236/1575
f 2363/5265/1576 2364/5268/1576 2367/5267/1577 2366/5266/1577
f 2363/5265/1576 2365/5270/1578 2440/5269/1578 2364/5268/1576
f 2363/5271/1545 2366/5309/1545 2368/5308/1545 2370/5307/1545 2372/5306/1545 2374/5305/1545 2376/5304/1545 2378/5303/1545 2380/5302/1545 2382/5301/1545 2384/5300/1545 2386/5299/1545 2388/5298/1545 2390/5297/1545 2392/5296/1545 2394/5295/1545 2396/5294/1545 2398/5293/1545 2400/5292/1545 2402/5291/1545 2404/5290/1545 2406/5289/1545 2408/5288/1545 2410/5287/1545 2412/5286/1545 2414/5285/1545 2416/5284/1545 2418/5283/1545 2420/5282/1545 2422/5281/1545 2424/5280/1545 2426/5279/1545 2428/5278/1545 2430/5277/1545 2432/5276/1545 2434/5275/1545 2436/5274/1545 2438/5273/1545 2365/5272/1545
f 2366/5266/1577 2367/5267/1577 2369/5311/1579 2368/5310/1579
f 2368/5310/1579 2369/5311/1579 2371/5313/1580 2370/5312/1580
f 2370/5314/1580 2371/5317/1580 2373/5316/1581 2372/5315/1581
f 2372/5315/1581 2373/5316/1581 2375/5319/1582 2374/5318/1582
f 2374/5318/1582 2375/5319/1582 2377/5321/1583 2376/5320/1583
f 2376/5320/1583 2377/5321/1583 2379/5323/1584 2378/5322/1584
f 2378/5322/1584 2379/5323/1584 2381/5325/1585 2380/5324/1585
f 2380/5326/1585 2381/5329/1585 2383/5328/1586 2382/5327/1586
f 2382/5327/1586 2383/5328/1586 2385/5331/1587 2384/5330/1587
f 2384/5330/1587 2385/5331/1587 2387/5333/1588 2386/5332/1588
f 2386/5332/1588 2387/5333/1588 2389/5335/1589 2388/5334/1589
f 2388/5334/1589 2389/5335/1589 2391/5337/1590 2390/5336/1590
f 2390/5336/1590 2391/5337/1590 2393/5339/1591 2392/5338/1591
f 2392/5338/1591 2393/5339/1591 2395/5341/1592 2394/5340/1592
f 2394/5340/1592 2395/5341/1592 2397/5343/1593 2396/5342/1593
f 2396/5342/1593 2397/5343/1593 2399/5345/1593 2398/5344/1593
f 2403/5346/1594 2402/5349/1594 2400/5348/1594 2401/5347/1594
f 2405/5350/1595 2404/5351/1595 2402/5349/1594 2403/5346/1594
f 2407/5352/1596 2406/5353/1596 2404/5351/1595 2405/5350/1595
f 2409/5354/1597 2408/5355/1597 2406/5353/1596 2407/5352/1596
f 2411/5356/1598 2410/5357/1598 2408/5355/1597 2409/5354/1597
f 2413/5358/1599 2412/5359/1599 2410/5357/1598 2411/5356/1598
f 2415/5360/1600 2414/5361/1600 2412/5359/1599 2413/5358/1599
f 2417/5362/1601 2416/5363/1601 2414/5361/1600 2415/5360/1600
f 2419/5364/1602 2418/5365/1602 2416/5363/1601 2417/5362/1601
f 2421/5366/1603 2420/5369/1603 2418/5368/1602 2419/5367/1602
f 2423/5370/1604 2422/5371/1604 2420/5369/1603 2421/5366/1603
f 2425/5372/1605 2424/5373/1605 2422/5371/1604 2423/5370/1604
f 2427/5374/1606 2426/5375/1606 2424/5373/1605 2425/5372/1605
f 2429/5376/1607 2428/5377/1607 2426/5375/1606 2427/5374/1606
f 2431/5378/1608 2430/5381/1608 2428/5380/1607 2429/5379/1607
f 2433/5382/1609 2432/5383/1609 2430/5381/1608 2431/5378/1608
f 2435/5384/1610 2434/5385/1610 2432/5383/1609 2433/5382/1609
f 2437/5386/1611 2436/5387/1611 2434/5385/1610 2435/5384/1610
f 2439/5388/1612 2438/5389/1612 2436/5387/1611 2437/5386/1611
f 2440/5390/1613 2365/5393/1613 2438/5392/1613 2439/5391/1613
f 2440/5394/1575 2439/5432/1575 2437/5431/1575 2435/5430/1575 2433/5429/1575 2431/5428/1575 2429/5427/1575 2427/5426/1575 2425/5425/1575 2423/5424/1575 2421/5423/1575 2419/5422/1575 2417/5421/1575 2415/5420/1575 2413/5419/1575 2411/5418/1575 2409/5417/1575 2407/5416/1575 2405/5415/1575 2403/5414/1575 2401/5413/1575 2399/5412/1575 2397/5411/1575 2395/5410/1575 2393/5409/1575 2391/5408/1575 2389/5407/1575 2387/5406/1575 2385/5405/1575 2383/5404/1575 2381/5403/1575 2379/5402/1575 2377/5401/1575 2375/5400/1575 2373/5399/1575 2371/5398/1575 2369/5397/1575 2367/5396/1575 2364/5395/1575
f 2441/5433/1593 2443/5436/1593 2448/5435/1593 2442/5434/1593
f 2441/5437/1614 2442/5440/1614 2445/5439/1614 2444/5438/1614
f 2441/5441/1545 2444/5444/1545 2446/5443/1545 2443/5442/1545
f 2444/5445/1594 2445/5448/1594 2447/5447/1594 2446/5446/1594
f 2448/5449/1615 2443/5452/1615 2446/5451/1615 2447/5450/1615
f 2448/5453/1575 2447/5456/1575 2445/5455/1575 2442/5454/1575
o hanger_4
v -0.072255 1.397228 -0.796210
v -0.072255 1.397228 -0.807742
v -0.084250 1.395245 -0.796210
v -0.068489 1.397228 -0.796210
v -0.068489 1.397228 -0.807742
v -0.056494 1.395245 -0.796210
v -0.056494 1.395245 -0.807742
v -0.043805 1.389297 -0.796210
v -0.043805 1.389297 -0.807742
v -0.031811 1.379285 -0.796210
v -0.031811 1.379285 -0.807742
v -0.020676 1.366009 -0.796210
v -0.020676 1.366009 -0.807742
v -0.009399 1.349022 -0.796210
v -0.009399 1.349022 -0.807742
v 0.005589 1.332035 -0.796210
v 0.005589 1.332035 -0.807742
v 0.044029 1.305724 -0.796210
v 0.044029 1.305724 -0.807742
v 0.156879 1.247140 -0.796210
v 0.156879 1.247140 -0.807742
v 0.171474 1.234601 -0.796210
v 0.171474 1.234601 -0.807742
v 0.176827 1.225283 -0.796210
v 0.176827 1.225283 -0.807742
v 0.180197 1.214379 -0.796210
v 0.180197 1.214379 -0.807742
v 0.179603 1.208332 -0.796210
v 0.179603 1.208332 -0.807742
v 0.175439 1.208927 -0.796210
v 0.175439 1.208927 -0.807742
v -0.069503 1.344348 -0.796210
v -0.069503 1.344348 -0.807742
v -0.071241 1.344348 -0.796210
v -0.071241 1.344348 -0.807742
v -0.316183 1.208927 -0.796210
v -0.316183 1.208927 -0.807742
v -0.320347 1.208332 -0.796210
v -0.320347 1.208332 -0.807742
v -0.320941 1.214379 -0.796210
v -0.320941 1.214379 -0.807742
v -0.317571 1.225283 -0.796210
v -0.317571 1.225283 -0.807742
v -0.312218 1.234601 -0.796210
v -0.312218 1.234601 -0.807742
v -0.297623 1.247140 -0.796210
v -0.297623 1.247140 -0.807742
v -0.184772 1.305724 -0.796210
v -0.184772 1.305724 -0.807742
v -0.146333 1.332035 -0.796210
v -0.146333 1.332035 -0.807742
v -0.131345 1.349022 -0.796210
v -0.131345 1.349022 -0.807742
v -0.120068 1.366009 -0.796210
v -0.120068 1.366009 -0.807742
v -0.108933 1.379285 -0.796210
v -0.108933 1.379285 -0.807742
v -0.096939 1.389297 -0.796210
v -0.096939 1.389297 -0.807742
v -0.084250 1.395245 -0.807742
v -0.104704 1.454196 -0.799670
v -0.104704 1.454196 -0.804283
v -0.109632 1.449377 -0.799670
v -0.102811 1.459187 -0.799670
v -0.102811 1.459187 -0.804283
v -0.099599 1.467562 -0.799670
v -0.099599 1.467562 -0.804283
v -0.094642 1.473428 -0.799670
v -0.094642 1.473428 -0.804283
v -0.087786 1.477475 -0.799670
v -0.087786 1.477475 -0.804283
v -0.081259 1.478384 -0.799670
v -0.081259 1.478384 -0.804283
v -0.072173 1.477806 -0.799670
v -0.072173 1.477806 -0.804283
v -0.064159 1.474501 -0.799670
v -0.064159 1.474501 -0.804283
v -0.058459 1.469132 -0.799670
v -0.058459 1.469132 -0.804283
v -0.054577 1.461119 -0.799670
v -0.054577 1.461119 -0.804283
v -0.053668 1.454262 -0.799670
v -0.053668 1.454262 -0.804283
v -0.055899 1.445919 -0.799670
v -0.055899 1.445919 -0.804283
v -0.063581 1.434849 -0.799670
v -0.063581 1.434849 -0.804283
v -0.068125 1.428406 -0.799670
v -0.068125 1.428406 -0.804283
v -0.071016 1.422871 -0.799670
v -0.071016 1.422871 -0.804283
v -0.072255 1.419649 -0.799670
v -0.072255 1.419649 -0.804283
v -0.072255 1.403442 -0.799670
v -0.072255 1.403442 -0.804283
v -0.072255 1.397228 -0.799670
v -0.072255 1.397228 -0.804283
v -0.068489 1.397027 -0.799670
v -0.068489 1.397027 -0.804283
v -0.068489 1.403242 -0.799670
v -0.068489 1.403242 -0.804283
v -0.068489 1.420525 -0.799670
v -0.068489 1.420525 -0.804283
v -0.064290 1.428097 -0.799670
v -0.064290 1.428097 -0.804283
v -0.058507 1.435670 -0.799670
v -0.058507 1.435670 -0.804283
v -0.054239 1.442348 -0.799670
v -0.054239 1.442348 -0.804283
v -0.051210 1.449645 -0.799670
v -0.051210 1.449645 -0.804283
v -0.050797 1.458800 -0.799670
v -0.050797 1.458800 -0.804283
v -0.052587 1.465753 -0.799670
v -0.052587 1.465753 -0.804283
v -0.058204 1.474262 -0.799670
v -0.058204 1.474262 -0.804283
v -0.066052 1.479632 -0.799670
v -0.066052 1.479632 -0.804283
v -0.072413 1.481449 -0.799670
v -0.072413 1.481449 -0.804283
v -0.080343 1.481945 -0.799670
v -0.080343 1.481945 -0.804283
v -0.087200 1.480540 -0.799670
v -0.087200 1.480540 -0.804283
v -0.094552 1.476905 -0.799670
v -0.094552 1.476905 -0.804283
v -0.099343 1.472527 -0.799670
v -0.099343 1.472527 -0.804283
v -0.103061 1.467158 -0.799670
v -0.103061 1.467158 -0.804283
v -0.105240 1.460732 -0.799670
v -0.105240 1.460732 -0.804283
v -0.107879 1.455512 -0.799670
v -0.107879 1.455512 -0.804283
v -0.111664 1.451568 -0.799670
v -0.111664 1.451568 -0.804283
v -0.109632 1.449377 -0.804283
v -0.310510 1.213406 -0.799465
v -0.310510 1.213406 -0.804487
v -0.310510 1.223031 -0.799465
v 0.169766 1.213406 -0.799465
v 0.169766 1.213406 -0.804487
v 0.169766 1.223031 -0.799465
v 0.169766 1.223031 -0.804487
v -0.310510 1.223031 -0.804487
vn -0.0818 0.9966 -0.0000
vn 0.0818 0.9966 -0.0000
vn -0.2965 0.9550 -0.0000
vn -0.0000 -0.0000 1.0000
vn 0.2965 0.9550 -0.0000
vn 0.5371 0.8435 -0.0000
vn 0.7063 0.7079 -0.0000
vn 0.8009 0.5988 -0.0000
vn 0.7933 0.6088 -0.0000
vn 0.6624 0.7491 -0.0000
vn 0.5137 0.8579 -0.0000
vn 0.5599 0.8285 -0.0000
vn 0.7705 0.6375 -0.0000
vn 0.9169 0.3992 -0.0000
vn 0.9949 0.1007 -0.0000
vn 0.9952 -0.0979 -0.0000
vn -0.1414 -0.9899 -0.0000
vn -0.3179 -0.9481 -0.0000
vn -0.2498 -0.9683 -0.0000
vn 0.2498 -0.9683 -0.0000
vn 0.3179 -0.9481 -0.0000
vn 0.1414 -0.9899 -0.0000
vn -0.9949 0.1007 -0.0000
vn -0.9952 -0.0979 -0.0000
vn -0.9169 0.3992 -0.0000
vn -0.7705 0.6375 -0.0000
vn -0.5599 0.8285 -0.0000
vn -0.5137 0.8579 -0.0000
vn -0.6624 0.7491 -0.0000
vn -0.7933 0.6088 -0.0000
vn -0.8009 0.5988 -0.0000
vn -0.7063 0.7079 -0.0000
vn -0.5371 0.8435 -0.0000
vn -0.0000 -0.0000 -1.0000
vn 0.8367 -0.5477 -0.0000
vn 0.9343 -0.3564 -0.0000
vn 0.6991 -0.7150 -0.0000
vn 0.8608 -0.5089 -0.0000
vn 0.6452 -0.7640 -0.0000
vn 0.3295 -0.9441 -0.0000
vn 0.0374 -0.9993 -0.0000
vn -0.2254 -0.9743 -0.0000
vn -0.5424 -0.8401 -0.0000
vn -0.8061 -0.5917 -0.0000
vn -0.9578 -0.2874 -0.0000
vn -0.9979 0.0647 -0.0000
vn -0.9073 0.4205 -0.0000
vn -0.8194 0.5732 -0.0000
vn -0.8537 0.5208 -0.0000
vn -0.9113 0.4117 -0.0000
vn -0.9832 0.1826 -0.0000
vn -1.0000 -0.0000 -0.0000
vn 1.0000 -0.0000 -0.0000
vn 0.9681 -0.2505 -0.0000
vn 0.8369 -0.5474 -0.0000
vn 0.8194 -0.5732 -0.0000
vn 0.8865 -0.4627 -0.0000
vn 0.9761 -0.2175 -0.0000
vn 0.9947 0.1033 -0.0000
vn 0.9140 0.4057 -0.0000
vn 0.7129 0.7012 -0.0000
vn 0.4252 0.9051 -0.0000
vn 0.1695 0.9855 -0.0000
vn -0.0697 0.9976 -0.0000
vn -0.3246 0.9459 -0.0000
vn -0.5644 0.8255 -0.0000
vn -0.7531 0.6579 -0.0000
vn -0.8932 0.4496 -0.0000
vn -0.9220 0.3872 -0.0000
vn -0.8160 0.5781 -0.0000
vn -0.7215 0.6924 -0.0000
vn -0.7333 -0.6799 -0.0000
vn -0.0000 -1.0000 -0.0000
vn -0.0000 1.0000 -0.0000
vt 0.725429 0.893768
vt 0.742265 0.893768
vt 0.742265 0.895266
vt 0.725429 0.895266
vt 0.725429 0.889227
vt 0.742265 0.889227
vt 0.480253 0.117517
vt 0.479432 0.112551
vt 0.479432 0.110992
vt 0.480253 0.106026
vt 0.482715 0.100773
vt 0.486860 0.095808
vt 0.492356 0.091198
vt 0.499388 0.086530
vt 0.506421 0.080325
vt 0.517313 0.064411
vt 0.541566 0.017692
vt 0.546757 0.011650
vt 0.550615 0.009434
vt 0.555129 0.008039
vt 0.557633 0.008285
vt 0.557386 0.010009
vt 0.501324 0.111412
vt 0.501324 0.112132
vt 0.557386 0.213535
vt 0.557633 0.215258
vt 0.555129 0.215505
vt 0.550615 0.214109
vt 0.546757 0.211893
vt 0.541566 0.205851
vt 0.517313 0.159132
vt 0.506421 0.143219
vt 0.499388 0.137014
vt 0.492356 0.132345
vt 0.486860 0.127736
vt 0.482715 0.122770
vt 0.742265 0.900264
vt 0.725429 0.900264
vt 0.742265 0.905994
vt 0.725429 0.905994
vt 0.742265 0.911918
vt 0.725429 0.911918
vt 0.742265 0.917875
vt 0.725429 0.917875
vt 0.962916 0.406689
vt 0.969453 0.406689
vt 0.969453 0.423525
vt 0.962916 0.423525
vt 0.470320 0.678670
vt 0.470320 0.686587
vt 0.453484 0.686587
vt 0.453484 0.678670
vt 0.470320 0.704904
vt 0.453484 0.704904
vt 0.470320 0.756527
vt 0.453484 0.756527
vt 0.470320 0.763775
vt 0.453484 0.763775
vt 0.947816 0.652609
vt 0.951436 0.652609
vt 0.951436 0.669445
vt 0.947816 0.669445
vt 0.955790 0.652609
vt 0.955790 0.669445
vt 0.958305 0.652609
vt 0.958305 0.669445
vt 0.700903 0.435935
vt 0.700903 0.434196
vt 0.717739 0.434196
vt 0.717739 0.435935
vt 0.700903 0.327637
vt 0.717739 0.327637
vt 0.717739 0.326921
vt 0.700903 0.326921
vt 0.700903 0.231716
vt 0.717739 0.231716
vt 0.700903 0.230026
vt 0.717739 0.230026
vt 0.453484 0.927600
vt 0.470320 0.927600
vt 0.470320 0.930032
vt 0.453484 0.930032
vt 0.453484 0.922921
vt 0.470320 0.922921
vt 0.453484 0.918761
vt 0.470320 0.918761
vt 0.453484 0.912678
vt 0.470320 0.912678
vt 0.825346 0.911780
vt 0.808510 0.911780
vt 0.808510 0.873659
vt 0.825346 0.873659
vt 0.875392 0.727687
vt 0.892228 0.727687
vt 0.892228 0.740965
vt 0.875392 0.740965
vt 0.875392 0.719759
vt 0.892228 0.719759
vt 0.875392 0.712076
vt 0.892228 0.712076
vt 0.875392 0.705918
vt 0.892228 0.705918
vt 0.875392 0.701039
vt 0.892228 0.701039
vt 0.725429 0.884867
vt 0.742265 0.884867
vt 0.479432 0.334536
vt 0.480253 0.329570
vt 0.482715 0.324317
vt 0.486860 0.319351
vt 0.492356 0.314742
vt 0.499388 0.310073
vt 0.506421 0.303868
vt 0.517313 0.287955
vt 0.541566 0.241236
vt 0.546757 0.235194
vt 0.550615 0.232978
vt 0.555129 0.231583
vt 0.557633 0.231829
vt 0.557386 0.233552
vt 0.501324 0.334956
vt 0.501324 0.335675
vt 0.557386 0.437078
vt 0.557633 0.438802
vt 0.555129 0.439048
vt 0.550615 0.437653
vt 0.546757 0.435437
vt 0.541566 0.429395
vt 0.517313 0.382676
vt 0.506421 0.366763
vt 0.499388 0.360557
vt 0.492356 0.355889
vt 0.486860 0.351279
vt 0.482715 0.346314
vt 0.480253 0.341061
vt 0.479432 0.336095
vt 0.969512 0.284852
vt 0.969512 0.282719
vt 0.976246 0.282719
vt 0.976246 0.284852
vt 0.976246 0.287039
vt 0.969512 0.287039
vt 0.416945 0.870809
vt 0.414123 0.871226
vt 0.413974 0.869998
vt 0.416201 0.869596
vt 0.418354 0.868488
vt 0.420647 0.866865
vt 0.423197 0.865969
vt 0.425867 0.865666
vt 0.429215 0.866235
vt 0.431854 0.867430
vt 0.434391 0.869524
vt 0.436081 0.871679
vt 0.437406 0.875386
vt 0.437221 0.879603
vt 0.436131 0.882368
vt 0.433767 0.885336
vt 0.430978 0.887045
vt 0.427925 0.888246
vt 0.424147 0.889378
vt 0.420899 0.890895
vt 0.416698 0.896688
vt 0.415188 0.898770
vt 0.413974 0.897788
vt 0.415485 0.895705
vt 0.419424 0.890273
vt 0.420622 0.889495
vt 0.422936 0.888343
vt 0.426025 0.887288
vt 0.431290 0.885445
vt 0.434065 0.883191
vt 0.435427 0.880672
vt 0.436074 0.877043
vt 0.435469 0.873858
vt 0.433586 0.870803
vt 0.430681 0.868401
vt 0.428273 0.867119
vt 0.424992 0.866809
vt 0.421905 0.867570
vt 0.418793 0.869597
vt 0.969512 0.279137
vt 0.976246 0.279137
vt 0.969512 0.276518
vt 0.976246 0.276518
vt 0.970766 0.932393
vt 0.970766 0.935047
vt 0.964032 0.935047
vt 0.964032 0.932393
vt 0.970766 0.937697
vt 0.964032 0.937697
vt 0.970766 0.941464
vt 0.964032 0.941464
vt 0.970766 0.944903
vt 0.964032 0.944903
vt 0.970766 0.947475
vt 0.964032 0.947475
vt 0.937852 0.747413
vt 0.937852 0.750433
vt 0.931118 0.750433
vt 0.931118 0.747413
vt 0.937852 0.753176
vt 0.931118 0.753176
vt 0.937852 0.756733
vt 0.931118 0.756733
vt 0.937852 0.761762
vt 0.931118 0.761762
vt 0.937852 0.764694
vt 0.931118 0.764694
vt 0.937852 0.767146
vt 0.931118 0.767146
vt 0.937852 0.768545
vt 0.931118 0.768545
vt 0.937852 0.775169
vt 0.931118 0.775169
vt 0.937852 0.777710
vt 0.931118 0.777710
vt 0.394391 0.895140
vt 0.394391 0.897701
vt 0.387656 0.897701
vt 0.387656 0.895140
vt 0.394391 0.888020
vt 0.387656 0.888020
vt 0.394391 0.884729
vt 0.387656 0.884729
vt 0.394391 0.881373
vt 0.387656 0.881373
vt 0.394391 0.878448
vt 0.387656 0.878448
vt 0.394391 0.875318
vt 0.387656 0.875318
vt 0.394391 0.871529
vt 0.387656 0.871529
vt 0.394391 0.868738
vt 0.387656 0.868738
vt 0.394391 0.865462
vt 0.387656 0.865462
vt 0.976246 0.112236
vt 0.976246 0.115975
vt 0.969512 0.115975
vt 0.969512 0.112236
vt 0.976246 0.109497
vt 0.969512 0.109497
vt 0.976246 0.106287
vt 0.969512 0.106287
vt 0.976246 0.103722
vt 0.969512 0.103722
vt 0.976246 0.101217
vt 0.969512 0.101217
vt 0.946700 0.381170
vt 0.946700 0.379066
vt 0.953434 0.379066
vt 0.953434 0.381170
vt 0.946700 0.383609
vt 0.953434 0.383609
vt 0.946700 0.386379
vt 0.953434 0.386379
vt 0.946700 0.388686
vt 0.953434 0.388686
vt 0.946700 0.390546
vt 0.953434 0.390546
vt 0.762618 0.985640
vt 0.761690 0.985640
vt 0.761690 0.978906
vt 0.762618 0.978906
vt 0.897559 0.013599
vt 0.894737 0.013182
vt 0.892889 0.011970
vt 0.889777 0.009944
vt 0.886690 0.009183
vt 0.883409 0.009492
vt 0.881001 0.010774
vt 0.878096 0.013176
vt 0.876214 0.016231
vt 0.875608 0.019416
vt 0.876255 0.023045
vt 0.877617 0.025564
vt 0.880392 0.027818
vt 0.885657 0.029661
vt 0.888746 0.030716
vt 0.891060 0.031868
vt 0.892258 0.032647
vt 0.896197 0.038078
vt 0.897708 0.040161
vt 0.896494 0.041144
vt 0.894984 0.039061
vt 0.890783 0.033269
vt 0.887535 0.031751
vt 0.883757 0.030619
vt 0.880704 0.029418
vt 0.877915 0.027709
vt 0.875551 0.024741
vt 0.874461 0.021976
vt 0.874276 0.017759
vt 0.875601 0.014052
vt 0.877291 0.011897
vt 0.879828 0.009804
vt 0.882467 0.008608
vt 0.885815 0.008039
vt 0.888485 0.008342
vt 0.891036 0.009238
vt 0.893328 0.010861
vt 0.895481 0.011969
vt 0.897708 0.012371
vt 0.977860 0.346152
vt 0.977860 0.353484
vt 0.973926 0.353484
vt 0.973926 0.346152
vt 0.834788 0.008039
vt 0.834788 0.205846
vt 0.827456 0.205846
vt 0.827456 0.008039
vt 0.092274 0.877498
vt 0.088289 0.877498
vt 0.088289 0.678670
vt 0.092274 0.678670
vt 0.709331 0.920379
vt 0.705366 0.920379
vt 0.705366 0.913047
vt 0.709331 0.913047
vt 0.858198 0.222901
vt 0.858198 0.413871
vt 0.850866 0.413871
vt 0.850866 0.222901
vt 0.108352 0.678670
vt 0.112336 0.678670
vt 0.112336 0.877498
vt 0.108352 0.877498
s 1
usemtl box_hanger
f 2449/5457/1616 2452/5460/1617 2453/5459/1617 2450/5458/1616
f 2450/5458/1616 2508/5462/1618 2451/5461/1618 2449/5457/1616
f 2451/5463/1619 2506/5492/1619 2504/5491/1619 2502/5490/1619 2500/5489/1619 2498/5488/1619 2496/5487/1619 2494/5486/1619 2492/5485/1619 2490/5484/1619 2488/5483/1619 2486/5482/1619 2484/5481/1619 2482/5480/1619 2480/5479/1619 2478/5478/1619 2476/5477/1619 2474/5476/1619 2472/5475/1619 2470/5474/1619 2468/5473/1619 2466/5472/1619 2464/5471/1619 2462/5470/1619 2460/5469/1619 2458/5468/1619 2456/5467/1619 2454/5466/1619 2452/5465/1619 2449/5464/1619
f 2453/5459/1617 2452/5460/1617 2454/5494/1620 2455/5493/1620
f 2455/5493/1620 2454/5494/1620 2456/5496/1621 2457/5495/1621
f 2457/5495/1621 2456/5496/1621 2458/5498/1622 2459/5497/1622
f 2459/5497/1622 2458/5498/1622 2460/5500/1623 2461/5499/1623
f 2461/5501/1623 2460/5504/1623 2462/5503/1624 2463/5502/1624
f 2463/5505/1624 2462/5508/1624 2464/5507/1625 2465/5506/1625
f 2465/5506/1625 2464/5507/1625 2466/5510/1626 2467/5509/1626
f 2467/5509/1626 2466/5510/1626 2468/5512/1627 2469/5511/1627
f 2469/5511/1627 2468/5512/1627 2470/5514/1628 2471/5513/1628
f 2471/5515/1628 2470/5518/1628 2472/5517/1629 2473/5516/1629
f 2473/5516/1629 2472/5517/1629 2474/5520/1630 2475/5519/1630
f 2475/5519/1630 2474/5520/1630 2476/5522/1631 2477/5521/1631
f 2477/5523/1632 2476/5526/1632 2478/5525/1633 2479/5524/1633
f 2479/5524/1633 2478/5525/1633 2480/5528/1634 2481/5527/1634
f 2482/5529/1635 2483/5530/1635 2481/5527/1634 2480/5528/1634
f 2485/5531/1636 2483/5530/1635 2482/5529/1635 2484/5532/1636
f 2487/5533/1637 2485/5531/1636 2484/5532/1636 2486/5534/1637
f 2489/5535/1638 2487/5538/1639 2486/5537/1639 2488/5536/1638
f 2491/5539/1640 2489/5535/1638 2488/5536/1638 2490/5540/1640
f 2493/5541/1641 2491/5539/1640 2490/5540/1640 2492/5542/1641
f 2495/5543/1642 2493/5541/1641 2492/5542/1641 2494/5544/1642
f 2497/5545/1643 2495/5548/1642 2494/5547/1642 2496/5546/1643
f 2499/5549/1644 2497/5552/1643 2496/5551/1643 2498/5550/1644
f 2501/5553/1645 2499/5549/1644 2498/5550/1644 2500/5554/1645
f 2503/5555/1646 2501/5553/1645 2500/5554/1645 2502/5556/1646
f 2505/5557/1647 2503/5555/1646 2502/5556/1646 2504/5558/1647
f 2507/5559/1648 2505/5557/1647 2504/5558/1647 2506/5560/1648
f 2508/5462/1618 2507/5562/1648 2506/5561/1648 2451/5461/1618
f 2450/5563/1649 2453/5592/1649 2455/5591/1649 2457/5590/1649 2459/5589/1649 2461/5588/1649 2463/5587/1649 2465/5586/1649 2467/5585/1649 2469/5584/1649 2471/5583/1649 2473/5582/1649 2475/5581/1649 2477/5580/1649 2479/5579/1649 2481/5578/1649 2483/5577/1649 2485/5576/1649 2487/5575/1649 2489/5574/1649 2491/5573/1649 2493/5572/1649 2495/5571/1649 2497/5570/1649 2499/5569/1649 2501/5568/1649 2503/5567/1649 2505/5566/1649 2507/5565/1649 2508/5564/1649
f 2509/5593/1650 2510/5596/1650 2513/5595/1651 2512/5594/1651
f 2509/5593/1650 2511/5598/1652 2586/5597/1652 2510/5596/1650
f 2509/5599/1619 2512/5637/1619 2514/5636/1619 2516/5635/1619 2518/5634/1619 2520/5633/1619 2522/5632/1619 2524/5631/1619 2526/5630/1619 2528/5629/1619 2530/5628/1619 2532/5627/1619 2534/5626/1619 2536/5625/1619 2538/5624/1619 2540/5623/1619 2542/5622/1619 2544/5621/1619 2546/5620/1619 2548/5619/1619 2550/5618/1619 2552/5617/1619 2554/5616/1619 2556/5615/1619 2558/5614/1619 2560/5613/1619 2562/5612/1619 2564/5611/1619 2566/5610/1619 2568/5609/1619 2570/5608/1619 2572/5607/1619 2574/5606/1619 2576/5605/1619 2578/5604/1619 2580/5603/1619 2582/5602/1619 2584/5601/1619 2511/5600/1619
f 2512/5594/1651 2513/5595/1651 2515/5639/1653 2514/5638/1653
f 2514/5638/1653 2515/5639/1653 2517/5641/1654 2516/5640/1654
f 2516/5642/1654 2517/5645/1654 2519/5644/1655 2518/5643/1655
f 2518/5643/1655 2519/5644/1655 2521/5647/1656 2520/5646/1656
f 2520/5646/1656 2521/5647/1656 2523/5649/1657 2522/5648/1657
f 2522/5648/1657 2523/5649/1657 2525/5651/1658 2524/5650/1658
f 2524/5650/1658 2525/5651/1658 2527/5653/1659 2526/5652/1659
f 2526/5654/1659 2527/5657/1659 2529/5656/1660 2528/5655/1660
f 2528/5655/1660 2529/5656/1660 2531/5659/1661 2530/5658/1661
f 2530/5658/1661 2531/5659/1661 2533/5661/1662 2532/5660/1662
f 2532/5660/1662 2533/5661/1662 2535/5663/1663 2534/5662/1663
f 2534/5662/1663 2535/5663/1663 2537/5665/1664 2536/5664/1664
f 2536/5664/1664 2537/5665/1664 2539/5667/1665 2538/5666/1665
f 2538/5666/1665 2539/5667/1665 2541/5669/1666 2540/5668/1666
f 2540/5668/1666 2541/5669/1666 2543/5671/1667 2542/5670/1667
f 2542/5670/1667 2543/5671/1667 2545/5673/1667 2544/5672/1667
f 2549/5674/1668 2548/5677/1668 2546/5676/1668 2547/5675/1668
f 2551/5678/1669 2550/5679/1669 2548/5677/1668 2549/5674/1668
f 2553/5680/1670 2552/5681/1670 2550/5679/1669 2551/5678/1669
f 2555/5682/1671 2554/5683/1671 2552/5681/1670 2553/5680/1670
f 2557/5684/1672 2556/5685/1672 2554/5683/1671 2555/5682/1671
f 2559/5686/1673 2558/5687/1673 2556/5685/1672 2557/5684/1672
f 2561/5688/1674 2560/5689/1674 2558/5687/1673 2559/5686/1673
f 2563/5690/1675 2562/5691/1675 2560/5689/1674 2561/5688/1674
f 2565/5692/1676 2564/5693/1676 2562/5691/1675 2563/5690/1675
f 2567/5694/1677 2566/5697/1677 2564/5696/1676 2565/5695/1676
f 2569/5698/1678 2568/5699/1678 2566/5697/1677 2567/5694/1677
f 2571/5700/1679 2570/5701/1679 2568/5699/1678 2569/5698/1678
f 2573/5702/1680 2572/5703/1680 2570/5701/1679 2571/5700/1679
f 2575/5704/1681 2574/5705/1681 2572/5703/1680 2573/5702/1680
f 2577/5706/1682 2576/5709/1682 2574/5708/1681 2575/5707/1681
f 2579/5710/1683 2578/5711/1683 2576/5709/1682 2577/5706/1682
f 2581/5712/1684 2580/5713/1684 2578/5711/1683 2579/5710/1683
f 2583/5714/1685 2582/5715/1685 2580/5713/1684 2581/5712/1684
f 2585/5716/1686 2584/5717/1686 2582/5715/1685 2583/5714/1685
f 2586/5718/1687 2511/5721/1687 2584/5720/1687 2585/5719/1687
f 2586/5722/1649 2585/5760/1649 2583/5759/1649 2581/5758/1649 2579/5757/1649 2577/5756/1649 2575/5755/1649 2573/5754/1649 2571/5753/1649 2569/5752/1649 2567/5751/1649 2565/5750/1649 2563/5749/1649 2561/5748/1649 2559/5747/1649 2557/5746/1649 2555/5745/1649 2553/5744/1649 2551/5743/1649 2549/5742/1649 2547/5741/1649 2545/5740/1649 2543/5739/1649 2541/5738/1649 2539/5737/1649 2537/5736/1649 2535/5735/1649 2533/5734/1649 2531/5733/1649 2529/5732/1649 2527/5731/1649 2525/5730/1649 2523/5729/1649 2521/5728/1649 2519/5727/1649 2517/5726/1649 2515/5725/1649 2513/5724/1649 2510/5723/1649
f 2587/5761/1667 2589/5764/1667 2594/5763/1667 2588/5762/1667
f 2587/5765/1688 2588/5768/1688 2591/5767/1688 2590/5766/1688
f 2587/5769/1619 2590/5772/1619 2592/5771/1619 2589/5770/1619
f 2590/5773/1668 2591/5776/1668 2593/5775/1668 2592/5774/1668
f 2594/5777/1689 2589/5780/1689 2592/5779/1689 2593/5778/1689
f 2594/5781/1649 2593/5784/1649 2591/5783/1649 2588/5782/1649
o hanger_5
v -0.072255 1.397228 -0.969199
v -0.072255 1.397228 -0.980732
v -0.084250 1.395245 -0.969199
v -0.068489 1.397228 -0.969199
v -0.068489 1.397228 -0.980732
v -0.056494 1.395245 -0.969199
v -0.056494 1.395245 -0.980732
v -0.043805 1.389297 -0.969199
v -0.043805 1.389297 -0.980732
v -0.031811 1.379285 -0.969199
v -0.031811 1.379285 -0.980732
v -0.020676 1.366009 -0.969199
v -0.020676 1.366009 -0.980732
v -0.009399 1.349023 -0.969199
v -0.009399 1.349023 -0.980732
v 0.005589 1.332036 -0.969199
v 0.005589 1.332036 -0.980732
v 0.044029 1.305724 -0.969199
v 0.044029 1.305724 -0.980732
v 0.156879 1.247140 -0.969199
v 0.156879 1.247140 -0.980732
v 0.171474 1.234601 -0.969199
v 0.171474 1.234601 -0.980732
v 0.176827 1.225283 -0.969199
v 0.176827 1.225283 -0.980732
v 0.180197 1.214379 -0.969199
v 0.180197 1.214379 -0.980732
v 0.179603 1.208332 -0.969199
v 0.179603 1.208332 -0.980732
v 0.175439 1.208927 -0.969199
v 0.175439 1.208927 -0.980732
v -0.069503 1.344348 -0.969199
v -0.069503 1.344348 -0.980732
v -0.071241 1.344348 -0.969199
v -0.071241 1.344348 -0.980732
v -0.316183 1.208927 -0.969199
v -0.316183 1.208927 -0.980732
v -0.320347 1.208332 -0.969199
v -0.320347 1.208332 -0.980732
v -0.320941 1.214379 -0.969199
v -0.320941 1.214379 -0.980732
v -0.317571 1.225283 -0.969199
v -0.317571 1.225283 -0.980732
v -0.312218 1.234601 -0.969199
v -0.312218 1.234601 -0.980732
v -0.297623 1.247140 -0.969199
v -0.297623 1.247140 -0.980732
v -0.184772 1.305724 -0.969199
v -0.184772 1.305724 -0.980732
v -0.146333 1.332036 -0.969199
v -0.146333 1.332036 -0.980732
v -0.131345 1.349023 -0.969199
v -0.131345 1.349023 -0.980732
v -0.120068 1.366009 -0.969199
v -0.120068 1.366009 -0.980732
v -0.108933 1.379285 -0.969199
v -0.108933 1.379285 -0.980732
v -0.096939 1.389297 -0.969199
v -0.096939 1.389297 -0.980732
v -0.084250 1.395245 -0.980732
v -0.104704 1.454196 -0.972659
v -0.104704 1.454196 -0.977272
v -0.109632 1.449377 -0.972659
v -0.102811 1.459187 -0.972659
v -0.102811 1.459187 -0.977272
v -0.099599 1.467562 -0.972659
v -0.099599 1.467562 -0.977272
v -0.094642 1.473428 -0.972659
v -0.094642 1.473428 -0.977272
v -0.087786 1.477475 -0.972659
v -0.087786 1.477475 -0.977272
v -0.081259 1.478384 -0.972659
v -0.081259 1.478384 -0.977272
v -0.072173 1.477806 -0.972659
v -0.072173 1.477806 -0.977272
v -0.064159 1.474501 -0.972659
v -0.064159 1.474501 -0.977272
v -0.058459 1.469132 -0.972659
v -0.058459 1.469132 -0.977272
v -0.054577 1.461119 -0.972659
v -0.054577 1.461119 -0.977272
v -0.053668 1.454262 -0.972659
v -0.053668 1.454262 -0.977272
v -0.055899 1.445919 -0.972659
v -0.055899 1.445919 -0.977272
v -0.063581 1.434849 -0.972659
v -0.063581 1.434849 -0.977272
v -0.068125 1.428406 -0.972659
v -0.068125 1.428406 -0.977272
v -0.071016 1.422871 -0.972659
v -0.071016 1.422871 -0.977272
v -0.072255 1.419649 -0.972659
v -0.072255 1.419649 -0.977272
v -0.072255 1.403443 -0.972659
v -0.072255 1.403443 -0.977272
v -0.072255 1.397228 -0.972659
v -0.072255 1.397228 -0.977272
v -0.068489 1.397027 -0.972659
v -0.068489 1.397027 -0.977272
v -0.068489 1.403242 -0.972659
v -0.068489 1.403242 -0.977272
v -0.068489 1.420525 -0.972659
v -0.068489 1.420525 -0.977272
v -0.064290 1.428097 -0.972659
v -0.064290 1.428097 -0.977272
v -0.058507 1.435670 -0.972659
v -0.058507 1.435670 -0.977272
v -0.054239 1.442348 -0.972659
v -0.054239 1.442348 -0.977272
v -0.051210 1.449645 -0.972659
v -0.051210 1.449645 -0.977272
v -0.050797 1.458800 -0.972659
v -0.050797 1.458800 -0.977272
v -0.052587 1.465753 -0.972659
v -0.052587 1.465753 -0.977272
v -0.058204 1.474262 -0.972659
v -0.058204 1.474262 -0.977272
v -0.066052 1.479632 -0.972659
v -0.066052 1.479632 -0.977272
v -0.072413 1.481449 -0.972659
v -0.072413 1.481449 -0.977272
v -0.080343 1.481945 -0.972659
v -0.080343 1.481945 -0.977272
v -0.087200 1.480540 -0.972659
v -0.087200 1.480540 -0.977272
v -0.094552 1.476905 -0.972659
v -0.094552 1.476905 -0.977272
v -0.099343 1.472527 -0.972659
v -0.099343 1.472527 -0.977272
v -0.103061 1.467158 -0.972659
v -0.103061 1.467158 -0.977272
v -0.105240 1.460733 -0.972659
v -0.105240 1.460733 -0.977272
v -0.107879 1.455512 -0.972659
v -0.107879 1.455512 -0.977272
v -0.111664 1.451568 -0.972659
v -0.111664 1.451568 -0.977272
v -0.109632 1.449377 -0.977272
v -0.310510 1.213406 -0.972454
v -0.310510 1.213406 -0.977477
v -0.310510 1.223031 -0.972454
v 0.169766 1.213406 -0.972454
v 0.169766 1.213406 -0.977477
v 0.169766 1.223031 -0.972454
v 0.169766 1.223031 -0.977477
v -0.310510 1.223031 -0.977477
vn -0.0818 0.9966 -0.0000
vn 0.0818 0.9966 -0.0000
vn -0.2965 0.9550 -0.0000
vn -0.0000 -0.0000 1.0000
vn 0.2965 0.9550 -0.0000
vn 0.5371 0.8435 -0.0000
vn 0.7063 0.7079 -0.0000
vn 0.8009 0.5988 -0.0000
vn 0.7933 0.6088 -0.0000
vn 0.6624 0.7491 -0.0000
vn 0.5137 0.8579 -0.0000
vn 0.5599 0.8285 -0.0000
vn 0.7705 0.6375 -0.0000
vn 0.9169 0.3992 -0.0000
vn 0.9949 0.1007 -0.0000
vn 0.9952 -0.0979 -0.0000
vn -0.1414 -0.9899 -0.0000
vn -0.3179 -0.9481 -0.0000
vn -0.2498 -0.9683 -0.0000
vn 0.2498 -0.9683 -0.0000
vn 0.3179 -0.9481 -0.0000
vn 0.1414 -0.9899 -0.0000
vn -0.9949 0.1007 -0.0000
vn -0.9952 -0.0979 -0.0000
vn -0.9169 0.3992 -0.0000
vn -0.7705 0.6375 -0.0000
vn -0.5599 0.8285 -0.0000
vn -0.5137 0.8579 -0.0000
vn -0.6624 0.7491 -0.0000
vn -0.7933 0.6088 -0.0000
vn -0.8009 0.5988 -0.0000
vn -0.7063 0.7079 -0.0000
vn -0.5371 0.8435 -0.0000
vn -0.0000 -0.0000 -1.0000
vn 0.8367 -0.5477 -0.0000
vn 0.9343 -0.3564 -0.0000
vn 0.6991 -0.7150 -0.0000
vn 0.8608 -0.5089 -0.0000
vn 0.6452 -0.7640 -0.0000
vn 0.3295 -0.9441 -0.0000
vn 0.0374 -0.9993 -0.0000
vn -0.2254 -0.9743 -0.0000
vn -0.5424 -0.8401 -0.0000
vn -0.8061 -0.5917 -0.0000
vn -0.9578 -0.2874 -0.0000
vn -0.9979 0.0647 -0.0000
vn -0.9073 0.4205 -0.0000
vn -0.8194 0.5732 -0.0000
vn -0.8537 0.5208 -0.0000
vn -0.9113 0.4117 -0.0000
vn -0.9832 0.1826 -0.0000
vn -1.0000 -0.0000 -0.0000
vn 1.0000 -0.0000 -0.0000
vn 0.9681 -0.2505 -0.0000
vn 0.8369 -0.5474 -0.0000
vn 0.8194 -0.5732 -0.0000
vn 0.8865 -0.4627 -0.0000
vn 0.9761 -0.2175 -0.0000
vn 0.9947 0.1033 -0.0000
vn 0.9140 0.4057 -0.0000
vn 0.7129 0.7012 -0.0000
vn 0.4252 0.9051 -0.0000
vn 0.1695 0.9855 -0.0000
vn -0.0697 0.9976 -0.0000
vn -0.3246 0.9459 -0.0000
vn -0.5644 0.8255 -0.0000
vn -0.7531 0.6579 -0.0000
vn -0.8932 0.4496 -0.0000
vn -0.9220 0.3872 -0.0000
vn -0.8160 0.5781 -0.0000
vn -0.7215 0.6924 -0.0000
vn -0.7333 -0.6799 -0.0000
vn -0.0000 -1.0000 -0.0000
vn -0.0000 1.0000 -0.0000
vt 0.338665 0.904152
vt 0.321829 0.904152
vt 0.321829 0.902593
vt 0.338665 0.902593
vt 0.338665 0.909138
vt 0.321829 0.909138
vt 0.574531 0.117517
vt 0.573711 0.112551
vt 0.573711 0.110992
vt 0.574531 0.106026
vt 0.576994 0.100773
vt 0.581139 0.095808
vt 0.586634 0.091198
vt 0.593667 0.086530
vt 0.600699 0.080325
vt 0.611592 0.064411
vt 0.635845 0.017692
vt 0.641036 0.011650
vt 0.644894 0.009434
vt 0.649408 0.008039
vt 0.651911 0.008285
vt 0.651665 0.010009
vt 0.595602 0.111412
vt 0.595602 0.112132
vt 0.651665 0.213535
vt 0.651911 0.215258
vt 0.649408 0.215505
vt 0.644894 0.214109
vt 0.641036 0.211893
vt 0.635845 0.205851
vt 0.611592 0.159132
vt 0.600699 0.143219
vt 0.593667 0.137014
vt 0.586634 0.132345
vt 0.581139 0.127736
vt 0.576994 0.122770
vt 0.321829 0.897651
vt 0.338665 0.897651
vt 0.321829 0.892466
vt 0.338665 0.892466
vt 0.321829 0.887614
vt 0.338665 0.887614
vt 0.536148 0.899478
vt 0.536148 0.904492
vt 0.519312 0.904492
vt 0.519312 0.899478
vt 0.536148 0.911029
vt 0.519312 0.911029
vt 0.536148 0.917414
vt 0.519312 0.917414
vt 0.321829 0.871536
vt 0.321829 0.855922
vt 0.338665 0.855922
vt 0.338665 0.871536
vt 0.321829 0.809872
vt 0.338665 0.809872
vt 0.321829 0.803972
vt 0.338665 0.803972
vt 0.947816 0.553868
vt 0.951436 0.553868
vt 0.951436 0.570704
vt 0.947816 0.570704
vt 0.955790 0.553868
vt 0.955790 0.570704
vt 0.958305 0.553868
vt 0.958305 0.570704
vt 0.639538 0.661969
vt 0.639538 0.660238
vt 0.656374 0.660238
vt 0.656374 0.661969
vt 0.639538 0.556910
vt 0.656374 0.556910
vt 0.656374 0.556190
vt 0.639538 0.556190
vt 0.639538 0.456840
vt 0.656374 0.456840
vt 0.639538 0.455126
vt 0.656374 0.455126
vt 0.955379 0.362988
vt 0.955379 0.346152
vt 0.957848 0.346152
vt 0.957848 0.362988
vt 0.950752 0.362988
vt 0.950752 0.346152
vt 0.946700 0.362988
vt 0.946700 0.346152
vt 0.486398 0.836016
vt 0.503234 0.836016
vt 0.503234 0.842195
vt 0.486398 0.842195
vt 0.486398 0.788661
vt 0.503234 0.788661
vt 0.486398 0.772460
vt 0.503234 0.772460
vt 0.172608 0.906937
vt 0.189444 0.906937
vt 0.189444 0.914532
vt 0.172608 0.914532
vt 0.172608 0.899489
vt 0.189444 0.899489
vt 0.172608 0.893576
vt 0.189444 0.893576
vt 0.321829 0.914455
vt 0.338665 0.914455
vt 0.338665 0.919530
vt 0.321829 0.919530
vt 0.573711 0.334536
vt 0.574531 0.329570
vt 0.576994 0.324317
vt 0.581139 0.319351
vt 0.586634 0.314742
vt 0.593667 0.310073
vt 0.600699 0.303868
vt 0.611592 0.287955
vt 0.635845 0.241236
vt 0.641036 0.235194
vt 0.644894 0.232978
vt 0.649408 0.231583
vt 0.651911 0.231829
vt 0.651665 0.233552
vt 0.595602 0.334956
vt 0.595602 0.335675
vt 0.651665 0.437078
vt 0.651911 0.438802
vt 0.649408 0.439048
vt 0.644894 0.437653
vt 0.641036 0.435437
vt 0.635845 0.429395
vt 0.611592 0.382676
vt 0.600699 0.366763
vt 0.593667 0.360557
vt 0.586634 0.355889
vt 0.581139 0.351279
vt 0.576994 0.346314
vt 0.574531 0.341061
vt 0.573711 0.336095
vt 0.969512 0.387400
vt 0.969512 0.385267
vt 0.976246 0.385267
vt 0.976246 0.387400
vt 0.976246 0.389587
vt 0.969512 0.389587
vt 0.878363 0.460269
vt 0.875540 0.460687
vt 0.875392 0.459459
vt 0.877619 0.459057
vt 0.879772 0.457948
vt 0.882064 0.456325
vt 0.884615 0.455429
vt 0.887285 0.455126
vt 0.890632 0.455695
vt 0.893271 0.456891
vt 0.895809 0.458984
vt 0.897499 0.461139
vt 0.898824 0.464846
vt 0.898638 0.469063
vt 0.897548 0.471828
vt 0.895185 0.474796
vt 0.892396 0.476506
vt 0.889343 0.477706
vt 0.885564 0.478839
vt 0.882316 0.480356
vt 0.878116 0.486148
vt 0.876605 0.488231
vt 0.875392 0.487248
vt 0.876902 0.485165
vt 0.880841 0.479734
vt 0.882040 0.478955
vt 0.884354 0.477803
vt 0.887443 0.476748
vt 0.892708 0.474905
vt 0.895483 0.472651
vt 0.896845 0.470133
vt 0.897491 0.466503
vt 0.896886 0.463319
vt 0.895004 0.460264
vt 0.892099 0.457861
vt 0.889691 0.456580
vt 0.886409 0.456270
vt 0.883323 0.457031
vt 0.880210 0.459057
vt 0.969512 0.381685
vt 0.976246 0.381685
vt 0.969512 0.379066
vt 0.976246 0.379066
vt 0.257881 0.960132
vt 0.257881 0.962909
vt 0.251147 0.962909
vt 0.251147 0.960132
vt 0.257881 0.965596
vt 0.251147 0.965596
vt 0.257881 0.969364
vt 0.251147 0.969364
vt 0.257881 0.972728
vt 0.251147 0.972728
vt 0.257881 0.975165
vt 0.251147 0.975165
vt 0.947954 0.866565
vt 0.947954 0.869713
vt 0.941220 0.869713
vt 0.941220 0.866565
vt 0.947954 0.872503
vt 0.941220 0.872503
vt 0.947954 0.876029
vt 0.941220 0.876029
vt 0.947954 0.880896
vt 0.941220 0.880896
vt 0.947954 0.883732
vt 0.941220 0.883732
vt 0.947954 0.886127
vt 0.941220 0.886127
vt 0.947954 0.887504
vt 0.941220 0.887504
vt 0.947954 0.894183
vt 0.941220 0.894183
vt 0.947954 0.896744
vt 0.941220 0.896744
vt 0.915040 0.730717
vt 0.915040 0.733277
vt 0.908306 0.733277
vt 0.908306 0.730717
vt 0.915040 0.723597
vt 0.908306 0.723597
vt 0.915040 0.720306
vt 0.908306 0.720306
vt 0.915040 0.716950
vt 0.908306 0.716950
vt 0.915040 0.714024
vt 0.908306 0.714024
vt 0.915040 0.710894
vt 0.908306 0.710894
vt 0.915040 0.707105
vt 0.908306 0.707105
vt 0.915040 0.704314
vt 0.908306 0.704314
vt 0.915040 0.701039
vt 0.908306 0.701039
vt 0.953930 0.771398
vt 0.953930 0.768210
vt 0.960665 0.768210
vt 0.960665 0.771398
vt 0.953930 0.774010
vt 0.960665 0.774010
vt 0.953930 0.777287
vt 0.960665 0.777287
vt 0.953930 0.780140
vt 0.960665 0.780140
vt 0.953930 0.783223
vt 0.960665 0.783223
vt 0.953930 0.785255
vt 0.960665 0.785255
vt 0.725429 0.968854
vt 0.725429 0.966494
vt 0.732163 0.966494
vt 0.732163 0.968854
vt 0.725429 0.971589
vt 0.732163 0.971589
vt 0.725429 0.973845
vt 0.732163 0.973845
vt 0.725429 0.975620
vt 0.732163 0.975620
vt 0.987197 0.873300
vt 0.986324 0.873300
vt 0.986324 0.866565
vt 0.987197 0.866565
vt 0.897559 0.062782
vt 0.894737 0.062365
vt 0.892889 0.061152
vt 0.889777 0.059126
vt 0.886690 0.058365
vt 0.883409 0.058675
vt 0.881001 0.059957
vt 0.878096 0.062359
vt 0.876213 0.065414
vt 0.875608 0.068599
vt 0.876255 0.072228
vt 0.877617 0.074747
vt 0.880392 0.077001
vt 0.885657 0.078843
vt 0.888746 0.079898
vt 0.891060 0.081051
vt 0.892258 0.081829
vt 0.896197 0.087261
vt 0.897708 0.089343
vt 0.896494 0.090326
vt 0.894984 0.088243
vt 0.890783 0.082451
vt 0.887535 0.080934
vt 0.883757 0.079801
vt 0.880704 0.078601
vt 0.877915 0.076892
vt 0.875551 0.073924
vt 0.874461 0.071158
vt 0.874276 0.066942
vt 0.875601 0.063235
vt 0.877291 0.061080
vt 0.879828 0.058986
vt 0.882467 0.057790
vt 0.885815 0.057221
vt 0.888485 0.057524
vt 0.891035 0.058420
vt 0.893328 0.060044
vt 0.895481 0.061152
vt 0.897708 0.061554
vt 0.556192 0.757806
vt 0.556192 0.765138
vt 0.552226 0.765138
vt 0.552226 0.757806
vt 0.787969 0.222901
vt 0.787969 0.421604
vt 0.780637 0.421604
vt 0.780637 0.222901
vt 0.132399 0.877498
vt 0.128414 0.877498
vt 0.128414 0.678670
vt 0.132399 0.678670
vt 0.791788 0.953324
vt 0.787823 0.953324
vt 0.787823 0.945992
vt 0.791788 0.945992
vt 0.757227 0.206796
vt 0.757227 0.008039
vt 0.764559 0.008039
vt 0.764559 0.206796
vt 0.148477 0.678670
vt 0.152462 0.678670
vt 0.152462 0.877498
vt 0.148477 0.877498
s 1
usemtl box_hanger
f 2595/5785/1690 2598/5788/1691 2599/5787/1691 2596/5786/1690
f 2596/5786/1690 2654/5790/1692 2597/5789/1692 2595/5785/1690
f 2597/5791/1693 2652/5820/1693 2650/5819/1693 2648/5818/1693 2646/5817/1693 2644/5816/1693 2642/5815/1693 2640/5814/1693 2638/5813/1693 2636/5812/1693 2634/5811/1693 2632/5810/1693 2630/5809/1693 2628/5808/1693 2626/5807/1693 2624/5806/1693 2622/5805/1693 2620/5804/1693 2618/5803/1693 2616/5802/1693 2614/5801/1693 2612/5800/1693 2610/5799/1693 2608/5798/1693 2606/5797/1693 2604/5796/1693 2602/5795/1693 2600/5794/1693 2598/5793/1693 2595/5792/1693
f 2599/5787/1691 2598/5788/1691 2600/5822/1694 2601/5821/1694
f 2601/5821/1694 2600/5822/1694 2602/5824/1695 2603/5823/1695
f 2603/5823/1695 2602/5824/1695 2604/5826/1696 2605/5825/1696
f 2605/5827/1696 2604/5830/1696 2606/5829/1697 2607/5828/1697
f 2607/5828/1697 2606/5829/1697 2608/5832/1698 2609/5831/1698
f 2609/5831/1698 2608/5832/1698 2610/5834/1699 2611/5833/1699
f 2611/5835/1699 2610/5838/1699 2612/5837/1700 2613/5836/1700
f 2613/5836/1700 2612/5837/1700 2614/5840/1701 2615/5839/1701
f 2615/5839/1701 2614/5840/1701 2616/5842/1702 2617/5841/1702
f 2617/5843/1702 2616/5846/1702 2618/5845/1703 2619/5844/1703
f 2619/5844/1703 2618/5845/1703 2620/5848/1704 2621/5847/1704
f 2621/5847/1704 2620/5848/1704 2622/5850/1705 2623/5849/1705
f 2623/5851/1706 2622/5854/1706 2624/5853/1707 2625/5852/1707
f 2625/5852/1707 2624/5853/1707 2626/5856/1708 2627/5855/1708
f 2628/5857/1709 2629/5858/1709 2627/5855/1708 2626/5856/1708
f 2631/5859/1710 2629/5858/1709 2628/5857/1709 2630/5860/1710
f 2633/5861/1711 2631/5859/1710 2630/5860/1710 2632/5862/1711
f 2635/5863/1712 2633/5866/1713 2632/5865/1713 2634/5864/1712
f 2637/5867/1714 2635/5863/1712 2634/5864/1712 2636/5868/1714
f 2639/5869/1715 2637/5867/1714 2636/5868/1714 2638/5870/1715
f 2641/5871/1716 2639/5874/1715 2638/5873/1715 2640/5872/1716
f 2643/5875/1717 2641/5871/1716 2640/5872/1716 2642/5876/1717
f 2645/5877/1718 2643/5875/1717 2642/5876/1717 2644/5878/1718
f 2647/5879/1719 2645/5882/1718 2644/5881/1718 2646/5880/1719
f 2649/5883/1720 2647/5879/1719 2646/5880/1719 2648/5884/1720
f 2651/5885/1721 2649/5883/1720 2648/5884/1720 2650/5886/1721
f 2653/5887/1722 2651/5890/1721 2650/5889/1721 2652/5888/1722
f 2654/5790/1692 2653/5887/1722 2652/5888/1722 2597/5789/1692
f 2596/5891/1723 2599/5920/1723 2601/5919/1723 2603/5918/1723 2605/5917/1723 2607/5916/1723 2609/5915/1723 2611/5914/1723 2613/5913/1723 2615/5912/1723 2617/5911/1723 2619/5910/1723 2621/5909/1723 2623/5908/1723 2625/5907/1723 2627/5906/1723 2629/5905/1723 2631/5904/1723 2633/5903/1723 2635/5902/1723 2637/5901/1723 2639/5900/1723 2641/5899/1723 2643/5898/1723 2645/5897/1723 2647/5896/1723 2649/5895/1723 2651/5894/1723 2653/5893/1723 2654/5892/1723
f 2655/5921/1724 2656/5924/1724 2659/5923/1725 2658/5922/1725
f 2655/5921/1724 2657/5926/1726 2732/5925/1726 2656/5924/1724
f 2655/5927/1693 2658/5965/1693 2660/5964/1693 2662/5963/1693 2664/5962/1693 2666/5961/1693 2668/5960/1693 2670/5959/1693 2672/5958/1693 2674/5957/1693 2676/5956/1693 2678/5955/1693 2680/5954/1693 2682/5953/1693 2684/5952/1693 2686/5951/1693 2688/5950/1693 2690/5949/1693 2692/5948/1693 2694/5947/1693 2696/5946/1693 2698/5945/1693 2700/5944/1693 2702/5943/1693 2704/5942/1693 2706/5941/1693 2708/5940/1693 2710/5939/1693 2712/5938/1693 2714/5937/1693 2716/5936/1693 2718/5935/1693 2720/5934/1693 2722/5933/1693 2724/5932/1693 2726/5931/1693 2728/5930/1693 2730/5929/1693 2657/5928/1693
f 2658/5922/1725 2659/5923/1725 2661/5967/1727 2660/5966/1727
f 2660/5966/1727 2661/5967/1727 2663/5969/1728 2662/5968/1728
f 2662/5970/1728 2663/5973/1728 2665/5972/1729 2664/5971/1729
f 2664/5971/1729 2665/5972/1729 2667/5975/1730 2666/5974/1730
f 2666/5974/1730 2667/5975/1730 2669/5977/1731 2668/5976/1731
f 2668/5976/1731 2669/5977/1731 2671/5979/1732 2670/5978/1732
f 2670/5978/1732 2671/5979/1732 2673/5981/1733 2672/5980/1733
f 2672/5982/1733 2673/5985/1733 2675/5984/1734 2674/5983/1734
f 2674/5983/1734 2675/5984/1734 2677/5987/1735 2676/5986/1735
f 2676/5986/1735 2677/5987/1735 2679/5989/1736 2678/5988/1736
f 2678/5988/1736 2679/5989/1736 2681/5991/1737 2680/5990/1737
f 2680/5990/1737 2681/5991/1737 2683/5993/1738 2682/5992/1738
f 2682/5992/1738 2683/5993/1738 2685/5995/1739 2684/5994/1739
f 2684/5994/1739 2685/5995/1739 2687/5997/1740 2686/5996/1740
f 2686/5996/1740 2687/5997/1740 2689/5999/1741 2688/5998/1741
f 2688/5998/1741 2689/5999/1741 2691/6001/1741 2690/6000/1741
f 2695/6002/1742 2694/6005/1742 2692/6004/1742 2693/6003/1742
f 2697/6006/1743 2696/6007/1743 2694/6005/1742 2695/6002/1742
f 2699/6008/1744 2698/6009/1744 2696/6007/1743 2697/6006/1743
f 2701/6010/1745 2700/6011/1745 2698/6009/1744 2699/6008/1744
f 2703/6012/1746 2702/6013/1746 2700/6011/1745 2701/6010/1745
f 2705/6014/1747 2704/6015/1747 2702/6013/1746 2703/6012/1746
f 2707/6016/1748 2706/6017/1748 2704/6015/1747 2705/6014/1747
f 2709/6018/1749 2708/6019/1749 2706/6017/1748 2707/6016/1748
f 2711/6020/1750 2710/6021/1750 2708/6019/1749 2709/6018/1749
f 2713/6022/1751 2712/6025/1751 2710/6024/1750 2711/6023/1750
f 2715/6026/1752 2714/6027/1752 2712/6025/1751 2713/6022/1751
f 2717/6028/1753 2716/6029/1753 2714/6027/1752 2715/6026/1752
f 2719/6030/1754 2718/6031/1754 2716/6029/1753 2717/6028/1753
f 2721/6032/1755 2720/6033/1755 2718/6031/1754 2719/6030/1754
f 2723/6034/1756 2722/6035/1756 2720/6033/1755 2721/6032/1755
f 2725/6036/1757 2724/6039/1757 2722/6038/1756 2723/6037/1756
f 2727/6040/1758 2726/6041/1758 2724/6039/1757 2725/6036/1757
f 2729/6042/1759 2728/6043/1759 2726/6041/1758 2727/6040/1758
f 2731/6044/1760 2730/6045/1760 2728/6043/1759 2729/6042/1759
f 2732/6046/1761 2657/6049/1761 2730/6048/1761 2731/6047/1761
f 2732/6050/1723 2731/6088/1723 2729/6087/1723 2727/6086/1723 2725/6085/1723 2723/6084/1723 2721/6083/1723 2719/6082/1723 2717/6081/1723 2715/6080/1723 2713/6079/1723 2711/6078/1723 2709/6077/1723 2707/6076/1723 2705/6075/1723 2703/6074/1723 2701/6073/1723 2699/6072/1723 2697/6071/1723 2695/6070/1723 2693/6069/1723 2691/6068/1723 2689/6067/1723 2687/6066/1723 2685/6065/1723 2683/6064/1723 2681/6063/1723 2679/6062/1723 2677/6061/1723 2675/6060/1723 2673/6059/1723 2671/6058/1723 2669/6057/1723 2667/6056/1723 2665/6055/1723 2663/6054/1723 2661/6053/1723 2659/6052/1723 2656/6051/1723
f 2733/6089/1741 2735/6092/1741 2740/6091/1741 2734/6090/1741
f 2733/6093/1762 2734/6096/1762 2737/6095/1762 2736/6094/1762
f 2733/6097/1693 2736/6100/1693 2738/6099/1693 2735/6098/1693
f 2736/6101/1742 2737/6104/1742 2739/6103/1742 2738/6102/1742
f 2740/6105/1763 2735/6108/1763 2738/6107/1763 2739/6106/1763
f 2740/6109/1723 2739/6112/1723 2737/6111/1723 2734/6110/1723
o hanger_7
v -0.072255 1.397228 0.819434
v -0.072255 1.397228 0.807901
v -0.084250 1.395245 0.819434
v -0.068489 1.397228 0.819434
v -0.068489 1.397228 0.807901
v -0.056494 1.395245 0.819434
v -0.056494 1.395245 0.807901
v -0.043805 1.389297 0.819434
v -0.043805 1.389297 0.807901
v -0.031811 1.379285 0.819434
v -0.031811 1.379285 0.807901
v -0.020676 1.366009 0.819434
v -0.020676 1.366009 0.807901
v -0.009399 1.349022 0.819434
v -0.009399 1.349022 0.807901
v 0.005589 1.332035 0.819434
v 0.005589 1.332035 0.807901
v 0.044029 1.305724 0.819434
v 0.044029 1.305724 0.807901
v 0.156879 1.247140 0.819434
v 0.156879 1.247140 0.807901
v 0.171474 1.234601 0.819434
v 0.171474 1.234601 0.807901
v 0.176827 1.225283 0.819434
v 0.176827 1.225283 0.807901
v 0.180197 1.214379 0.819434
v 0.180197 1.214379 0.807901
v 0.179603 1.208332 0.819434
v 0.179603 1.208332 0.807901
v 0.175439 1.208927 0.819434
v 0.175439 1.208927 0.807901
v -0.069503 1.344347 0.819434
v -0.069503 1.344347 0.807901
v -0.071241 1.344347 0.819434
v -0.071241 1.344347 0.807901
v -0.316183 1.208927 0.819434
v -0.316183 1.208927 0.807901
v -0.320347 1.208332 0.819434
v -0.320347 1.208332 0.807901
v -0.320941 1.214379 0.819434
v -0.320941 1.214379 0.807901
v -0.317571 1.225283 0.819434
v -0.317571 1.225283 0.807901
v -0.312218 1.234601 0.819434
v -0.312218 1.234601 0.807901
v -0.297623 1.247140 0.819434
v -0.297623 1.247140 0.807901
v -0.184772 1.305724 0.819434
v -0.184772 1.305724 0.807901
v -0.146333 1.332035 0.819434
v -0.146333 1.332035 0.807901
v -0.131345 1.349022 0.819434
v -0.131345 1.349022 0.807901
v -0.120068 1.366009 0.819434
v -0.120068 1.366009 0.807901
v -0.108933 1.379285 0.819434
v -0.108933 1.379285 0.807901
v -0.096939 1.389297 0.819434
v -0.096939 1.389297 0.807901
v -0.084250 1.395245 0.807901
v -0.310510 1.213406 0.816179
v -0.310510 1.213406 0.811156
v -0.310510 1.223031 0.816179
v 0.169766 1.213406 0.816179
v 0.169766 1.213406 0.811156
v 0.169766 1.223031 0.816179
v 0.169766 1.223031 0.811156
v -0.310510 1.223031 0.811156
v -0.104704 1.454196 0.815974
v -0.104704 1.454196 0.811361
v -0.109632 1.449377 0.815974
v -0.102811 1.459187 0.815974
v -0.102811 1.459187 0.811361
v -0.099599 1.467562 0.815974
v -0.099599 1.467562 0.811361
v -0.094642 1.473427 0.815974
v -0.094642 1.473427 0.811361
v -0.087786 1.477475 0.815974
v -0.087786 1.477475 0.811361
v -0.081259 1.478384 0.815974
v -0.081259 1.478384 0.811361
v -0.072173 1.477806 0.815974
v -0.072173 1.477806 0.811361
v -0.064159 1.474501 0.815974
v -0.064159 1.474501 0.811361
v -0.058459 1.469132 0.815974
v -0.058459 1.469132 0.811361
v -0.054577 1.461119 0.815974
v -0.054577 1.461119 0.811361
v -0.053668 1.454262 0.815974
v -0.053668 1.454262 0.811361
v -0.055899 1.445919 0.815974
v -0.055899 1.445919 0.811361
v -0.063581 1.434849 0.815974
v -0.063581 1.434849 0.811361
v -0.068125 1.428406 0.815974
v -0.068125 1.428406 0.811361
v -0.071016 1.422871 0.815974
v -0.071016 1.422871 0.811361
v -0.072255 1.419649 0.815974
v -0.072255 1.419649 0.811361
v -0.072255 1.403442 0.815974
v -0.072255 1.403442 0.811361
v -0.072255 1.397228 0.815974
v -0.072255 1.397228 0.811361
v -0.068489 1.397027 0.815974
v -0.068489 1.397027 0.811361
v -0.068489 1.403242 0.815974
v -0.068489 1.403242 0.811361
v -0.068489 1.420525 0.815974
v -0.068489 1.420525 0.811361
v -0.064290 1.428097 0.815974
v -0.064290 1.428097 0.811361
v -0.058507 1.435670 0.815974
v -0.058507 1.435670 0.811361
v -0.054239 1.442347 0.815974
v -0.054239 1.442347 0.811361
v -0.051210 1.449644 0.815974
v -0.051210 1.449644 0.811361
v -0.050797 1.458800 0.815974
v -0.050797 1.458800 0.811361
v -0.052587 1.465753 0.815974
v -0.052587 1.465753 0.811361
v -0.058204 1.474262 0.815974
v -0.058204 1.474262 0.811361
v -0.066052 1.479631 0.815974
v -0.066052 1.479631 0.811361
v -0.072413 1.481449 0.815974
v -0.072413 1.481449 0.811361
v -0.080343 1.481944 0.815974
v -0.080343 1.481944 0.811361
v -0.087200 1.480540 0.815974
v -0.087200 1.480540 0.811361
v -0.094552 1.476905 0.815974
v -0.094552 1.476905 0.811361
v -0.099343 1.472527 0.815974
v -0.099343 1.472527 0.811361
v -0.103061 1.467157 0.815974
v -0.103061 1.467157 0.811361
v -0.105240 1.460732 0.815974
v -0.105240 1.460732 0.811361
v -0.107879 1.455512 0.815974
v -0.107879 1.455512 0.811361
v -0.111664 1.451568 0.815974
v -0.111664 1.451568 0.811361
v -0.109632 1.449377 0.811361
vn -0.0818 0.9966 -0.0000
vn 0.0818 0.9966 -0.0000
vn -0.2965 0.9550 -0.0000
vn -0.0000 -0.0000 1.0000
vn 0.2965 0.9550 -0.0000
vn 0.5371 0.8435 -0.0000
vn 0.7063 0.7079 -0.0000
vn 0.8009 0.5988 -0.0000
vn 0.7933 0.6088 -0.0000
vn 0.6624 0.7491 -0.0000
vn 0.5137 0.8579 -0.0000
vn 0.5599 0.8285 -0.0000
vn 0.7705 0.6375 -0.0000
vn 0.9169 0.3992 -0.0000
vn 0.9949 0.1007 -0.0000
vn 0.9952 -0.0979 -0.0000
vn -0.1414 -0.9899 -0.0000
vn -0.3179 -0.9481 -0.0000
vn -0.2498 -0.9683 -0.0000
vn 0.2498 -0.9683 -0.0000
vn 0.3179 -0.9481 -0.0000
vn 0.1414 -0.9899 -0.0000
vn -0.9949 0.1007 -0.0000
vn -0.9952 -0.0979 -0.0000
vn -0.9169 0.3992 -0.0000
vn -0.7705 0.6375 -0.0000
vn -0.5599 0.8285 -0.0000
vn -0.5137 0.8579 -0.0000
vn -0.6624 0.7491 -0.0000
vn -0.7933 0.6088 -0.0000
vn -0.8009 0.5988 -0.0000
vn -0.7063 0.7079 -0.0000
vn -0.5371 0.8435 -0.0000
vn -0.0000 -0.0000 -1.0000
vn -1.0000 -0.0000 -0.0000
vn -0.0000 -1.0000 -0.0000
vn 1.0000 -0.0000 -0.0000
vn -0.0000 1.0000 -0.0000
vn 0.8367 -0.5477 -0.0000
vn 0.9343 -0.3564 -0.0000
vn 0.6991 -0.7150 -0.0000
vn 0.8608 -0.5089 -0.0000
vn 0.6452 -0.7640 -0.0000
vn 0.3295 -0.9441 -0.0000
vn 0.0374 -0.9993 -0.0000
vn -0.2254 -0.9743 -0.0000
vn -0.5424 -0.8401 -0.0000
vn -0.8061 -0.5917 -0.0000
vn -0.9578 -0.2874 -0.0000
vn -0.9979 0.0647 -0.0000
vn -0.9073 0.4205 -0.0000
vn -0.8194 0.5732 -0.0000
vn -0.8537 0.5208 -0.0000
vn -0.9113 0.4117 -0.0000
vn -0.9832 0.1826 -0.0000
vn 0.9681 -0.2505 -0.0000
vn 0.8369 -0.5474 -0.0000
vn 0.8194 -0.5732 -0.0000
vn 0.8865 -0.4627 -0.0000
vn 0.9761 -0.2175 -0.0000
vn 0.9947 0.1033 -0.0000
vn 0.9140 0.4057 -0.0000
vn 0.7129 0.7012 -0.0000
vn 0.4252 0.9051 -0.0000
vn 0.1695 0.9855 -0.0000
vn -0.0697 0.9976 -0.0000
vn -0.3246 0.9459 -0.0000
vn -0.5644 0.8255 -0.0000
vn -0.7531 0.6579 -0.0000
vn -0.8932 0.4496 -0.0000
vn -0.9220 0.3872 -0.0000
vn -0.8160 0.5781 -0.0000
vn -0.7215 0.6924 -0.0000
vn -0.7333 -0.6799 -0.0000
vt 0.761690 0.673822
vt 0.778526 0.673822
vt 0.778526 0.675178
vt 0.761690 0.675178
vt 0.761690 0.669908
vt 0.778526 0.669908
vt 0.008860 0.564604
vt 0.008039 0.559639
vt 0.008039 0.558079
vt 0.008860 0.553114
vt 0.011322 0.547861
vt 0.015467 0.542895
vt 0.020963 0.538285
vt 0.027995 0.533617
vt 0.035028 0.527412
vt 0.045920 0.511498
vt 0.070173 0.464780
vt 0.075364 0.458738
vt 0.079222 0.456521
vt 0.083736 0.455126
vt 0.086240 0.455372
vt 0.085993 0.457096
vt 0.029931 0.558499
vt 0.029931 0.559219
vt 0.085993 0.660622
vt 0.086240 0.662346
vt 0.083736 0.662592
vt 0.079222 0.661196
vt 0.075364 0.658980
vt 0.070173 0.652938
vt 0.045920 0.606219
vt 0.035028 0.590306
vt 0.027995 0.584101
vt 0.020963 0.579432
vt 0.015467 0.574823
vt 0.011322 0.569857
vt 0.778526 0.679902
vt 0.761690 0.679902
vt 0.778526 0.685686
vt 0.761690 0.685686
vt 0.778526 0.692050
vt 0.761690 0.692050
vt 0.778526 0.698771
vt 0.761690 0.698771
vt 0.778526 0.706302
vt 0.761690 0.706302
vt 0.778526 0.715169
vt 0.761690 0.715169
vt 0.778526 0.734385
vt 0.761690 0.734385
vt 0.778526 0.786987
vt 0.761690 0.786987
vt 0.778526 0.794804
vt 0.761690 0.794804
vt 0.778526 0.798635
vt 0.761690 0.798635
vt 0.964032 0.866565
vt 0.967808 0.866565
vt 0.967808 0.883401
vt 0.964032 0.883401
vt 0.970247 0.866565
vt 0.970247 0.883401
vt 0.288915 0.792813
vt 0.288915 0.791080
vt 0.305751 0.791080
vt 0.305751 0.792813
vt 0.288915 0.679370
vt 0.305751 0.679370
vt 0.305751 0.678670
vt 0.288915 0.678670
vt 0.404492 0.765742
vt 0.387656 0.765742
vt 0.387656 0.678670
vt 0.404492 0.678670
vt 0.552226 0.695506
vt 0.552226 0.678670
vt 0.553844 0.678670
vt 0.553844 0.695506
vt 0.321829 0.785682
vt 0.338665 0.785682
vt 0.338665 0.787894
vt 0.321829 0.787894
vt 0.321829 0.780980
vt 0.338665 0.780980
vt 0.321829 0.776565
vt 0.338665 0.776565
vt 0.321829 0.769437
vt 0.338665 0.769437
vt 0.321829 0.728967
vt 0.338665 0.728967
vt 0.321829 0.712756
vt 0.338665 0.712756
vt 0.321829 0.703868
vt 0.338665 0.703868
vt 0.321829 0.695576
vt 0.338665 0.695576
vt 0.321829 0.688722
vt 0.338665 0.688722
vt 0.321829 0.682976
vt 0.338665 0.682976
vt 0.321829 0.678670
vt 0.338665 0.678670
vt 0.102318 0.558079
vt 0.103138 0.553114
vt 0.105601 0.547861
vt 0.109746 0.542895
vt 0.115241 0.538285
vt 0.122274 0.533617
vt 0.129306 0.527412
vt 0.140199 0.511498
vt 0.164452 0.464780
vt 0.169643 0.458738
vt 0.173501 0.456521
vt 0.178015 0.455126
vt 0.180518 0.455372
vt 0.180272 0.457096
vt 0.124209 0.558499
vt 0.124209 0.559219
vt 0.180272 0.660622
vt 0.180518 0.662346
vt 0.178015 0.662592
vt 0.173501 0.661196
vt 0.169643 0.658980
vt 0.164452 0.652938
vt 0.140199 0.606219
vt 0.129306 0.590306
vt 0.122274 0.584101
vt 0.115241 0.579432
vt 0.109746 0.574823
vt 0.105601 0.569857
vt 0.103138 0.564604
vt 0.102318 0.559639
vt 0.490071 0.977663
vt 0.490071 0.984995
vt 0.486398 0.984995
vt 0.486398 0.977663
vt 0.839251 0.455126
vt 0.839251 0.648429
vt 0.831919 0.648429
vt 0.831919 0.455126
vt 0.172524 0.877498
vt 0.168539 0.877498
vt 0.168539 0.678670
vt 0.172524 0.678670
vt 0.980492 0.850127
vt 0.976743 0.850127
vt 0.976743 0.842795
vt 0.980492 0.842795
vt 0.613956 0.678047
vt 0.613956 0.850988
vt 0.606624 0.850988
vt 0.606624 0.678047
vt 0.188602 0.678670
vt 0.192587 0.678670
vt 0.192587 0.877498
vt 0.188602 0.877498
vt 0.969512 0.174327
vt 0.969512 0.172118
vt 0.976246 0.172118
vt 0.976246 0.174327
vt 0.976246 0.176895
vt 0.969512 0.176895
vt 0.878363 0.509452
vt 0.875540 0.509869
vt 0.875392 0.508641
vt 0.877619 0.508239
vt 0.879772 0.507131
vt 0.882064 0.505507
vt 0.884615 0.504611
vt 0.887285 0.504309
vt 0.890632 0.504877
vt 0.893271 0.506073
vt 0.895809 0.508167
vt 0.897499 0.510322
vt 0.898824 0.514029
vt 0.898638 0.518246
vt 0.897548 0.521011
vt 0.895185 0.523979
vt 0.892396 0.525688
vt 0.889343 0.526889
vt 0.885564 0.528021
vt 0.882316 0.529538
vt 0.878116 0.535330
vt 0.876605 0.537413
vt 0.875392 0.536431
vt 0.876902 0.534348
vt 0.880841 0.528916
vt 0.882040 0.528138
vt 0.884354 0.526986
vt 0.887443 0.525930
vt 0.892708 0.524088
vt 0.895483 0.521834
vt 0.896845 0.519315
vt 0.897491 0.515686
vt 0.896886 0.512501
vt 0.895004 0.509446
vt 0.892099 0.507044
vt 0.889691 0.505762
vt 0.886409 0.505452
vt 0.883323 0.506213
vt 0.880210 0.508239
vt 0.969512 0.168405
vt 0.976246 0.168405
vt 0.969512 0.165426
vt 0.976246 0.165426
vt 0.969512 0.162888
vt 0.976246 0.162888
vt 0.113515 0.963151
vt 0.113515 0.965690
vt 0.106781 0.965690
vt 0.106781 0.963151
vt 0.113515 0.969403
vt 0.106781 0.969403
vt 0.113515 0.972949
vt 0.106781 0.972949
vt 0.113515 0.975763
vt 0.106781 0.975763
vt 0.953434 0.054295
vt 0.953434 0.056730
vt 0.946700 0.056730
vt 0.946700 0.054295
vt 0.953434 0.059200
vt 0.946700 0.059200
vt 0.953434 0.062742
vt 0.946700 0.062742
vt 0.953434 0.068199
vt 0.946700 0.068199
vt 0.953434 0.071388
vt 0.946700 0.071388
vt 0.953434 0.073964
vt 0.946700 0.073964
vt 0.953434 0.075392
vt 0.946700 0.075392
vt 0.953434 0.081577
vt 0.946700 0.081577
vt 0.953434 0.083948
vt 0.946700 0.083948
vt 0.953434 0.294740
vt 0.953434 0.297161
vt 0.946700 0.297161
vt 0.946700 0.294740
vt 0.953434 0.288007
vt 0.946700 0.288007
vt 0.953434 0.284469
vt 0.946700 0.284469
vt 0.953434 0.280708
vt 0.946700 0.280708
vt 0.953434 0.277509
vt 0.946700 0.277509
vt 0.953434 0.274242
vt 0.946700 0.274242
vt 0.953434 0.270618
vt 0.946700 0.270618
vt 0.953434 0.268160
vt 0.946700 0.268160
vt 0.953434 0.202740
vt 0.953434 0.206500
vt 0.946700 0.206500
vt 0.946700 0.202740
vt 0.953434 0.198817
vt 0.946700 0.198817
vt 0.953434 0.196155
vt 0.946700 0.196155
vt 0.953434 0.193198
vt 0.946700 0.193198
vt 0.953434 0.191016
vt 0.946700 0.191016
vt 0.969512 0.010606
vt 0.969512 0.008039
vt 0.976246 0.008039
vt 0.976246 0.010606
vt 0.969512 0.013046
vt 0.976246 0.013046
vt 0.969512 0.015692
vt 0.976246 0.015692
vt 0.969512 0.018494
vt 0.976246 0.018494
vt 0.969512 0.020909
vt 0.976246 0.020909
vt 0.969512 0.023022
vt 0.976246 0.023022
vt 0.692020 0.985609
vt 0.690990 0.985609
vt 0.690990 0.978874
vt 0.692020 0.978874
vt 0.897560 0.111964
vt 0.894737 0.111547
vt 0.892889 0.110335
vt 0.889777 0.108309
vt 0.886690 0.107548
vt 0.883409 0.107857
vt 0.881001 0.109139
vt 0.878096 0.111541
vt 0.876214 0.114596
vt 0.875608 0.117781
vt 0.876255 0.121410
vt 0.877617 0.123929
vt 0.880392 0.126183
vt 0.885657 0.128026
vt 0.888746 0.129081
vt 0.891060 0.130233
vt 0.892258 0.131012
vt 0.896197 0.136443
vt 0.897708 0.138526
vt 0.896495 0.139509
vt 0.894984 0.137426
vt 0.890783 0.131633
vt 0.887536 0.130116
vt 0.883757 0.128984
vt 0.880704 0.127783
vt 0.877915 0.126074
vt 0.875551 0.123106
vt 0.874461 0.120341
vt 0.874276 0.116124
vt 0.875601 0.112417
vt 0.877291 0.110262
vt 0.879828 0.108169
vt 0.882468 0.106973
vt 0.885815 0.106404
vt 0.888485 0.106707
vt 0.891036 0.107603
vt 0.893328 0.109226
vt 0.895481 0.110334
vt 0.897708 0.110736
s 1
usemtl box_hanger
f 2741/6113/1764 2744/6116/1765 2745/6115/1765 2742/6114/1764
f 2742/6114/1764 2800/6118/1766 2743/6117/1766 2741/6113/1764
f 2743/6119/1767 2798/6148/1767 2796/6147/1767 2794/6146/1767 2792/6145/1767 2790/6144/1767 2788/6143/1767 2786/6142/1767 2784/6141/1767 2782/6140/1767 2780/6139/1767 2778/6138/1767 2776/6137/1767 2774/6136/1767 2772/6135/1767 2770/6134/1767 2768/6133/1767 2766/6132/1767 2764/6131/1767 2762/6130/1767 2760/6129/1767 2758/6128/1767 2756/6127/1767 2754/6126/1767 2752/6125/1767 2750/6124/1767 2748/6123/1767 2746/6122/1767 2744/6121/1767 2741/6120/1767
f 2745/6115/1765 2744/6116/1765 2746/6150/1768 2747/6149/1768
f 2747/6149/1768 2746/6150/1768 2748/6152/1769 2749/6151/1769
f 2749/6151/1769 2748/6152/1769 2750/6154/1770 2751/6153/1770
f 2751/6153/1770 2750/6154/1770 2752/6156/1771 2753/6155/1771
f 2753/6155/1771 2752/6156/1771 2754/6158/1772 2755/6157/1772
f 2755/6157/1772 2754/6158/1772 2756/6160/1773 2757/6159/1773
f 2757/6159/1773 2756/6160/1773 2758/6162/1774 2759/6161/1774
f 2759/6161/1774 2758/6162/1774 2760/6164/1775 2761/6163/1775
f 2761/6163/1775 2760/6164/1775 2762/6166/1776 2763/6165/1776
f 2763/6165/1776 2762/6166/1776 2764/6168/1777 2765/6167/1777
f 2765/6169/1777 2764/6172/1777 2766/6171/1778 2767/6170/1778
f 2767/6170/1778 2766/6171/1778 2768/6174/1779 2769/6173/1779
f 2769/6175/1780 2768/6178/1780 2770/6177/1781 2771/6176/1781
f 2771/6176/1781 2770/6177/1781 2772/6180/1782 2773/6179/1782
f 2774/6181/1783 2775/6182/1783 2773/6179/1782 2772/6180/1782
f 2777/6183/1784 2775/6186/1783 2774/6185/1783 2776/6184/1784
f 2779/6187/1785 2777/6190/1784 2776/6189/1784 2778/6188/1785
f 2781/6191/1786 2779/6194/1787 2778/6193/1787 2780/6192/1786
f 2783/6195/1788 2781/6191/1786 2780/6192/1786 2782/6196/1788
f 2785/6197/1789 2783/6195/1788 2782/6196/1788 2784/6198/1789
f 2787/6199/1790 2785/6197/1789 2784/6198/1789 2786/6200/1790
f 2789/6201/1791 2787/6199/1790 2786/6200/1790 2788/6202/1791
f 2791/6203/1792 2789/6201/1791 2788/6202/1791 2790/6204/1792
f 2793/6205/1793 2791/6203/1792 2790/6204/1792 2792/6206/1793
f 2795/6207/1794 2793/6205/1793 2792/6206/1793 2794/6208/1794
f 2797/6209/1795 2795/6207/1794 2794/6208/1794 2796/6210/1795
f 2799/6211/1796 2797/6209/1795 2796/6210/1795 2798/6212/1796
f 2800/6213/1766 2799/6211/1796 2798/6212/1796 2743/6214/1766
f 2742/6215/1797 2745/6244/1797 2747/6243/1797 2749/6242/1797 2751/6241/1797 2753/6240/1797 2755/6239/1797 2757/6238/1797 2759/6237/1797 2761/6236/1797 2763/6235/1797 2765/6234/1797 2767/6233/1797 2769/6232/1797 2771/6231/1797 2773/6230/1797 2775/6229/1797 2777/6228/1797 2779/6227/1797 2781/6226/1797 2783/6225/1797 2785/6224/1797 2787/6223/1797 2789/6222/1797 2791/6221/1797 2793/6220/1797 2795/6219/1797 2797/6218/1797 2799/6217/1797 2800/6216/1797
f 2801/6245/1798 2803/6248/1798 2808/6247/1798 2802/6246/1798
f 2801/6249/1799 2802/6252/1799 2805/6251/1799 2804/6250/1799
f 2801/6253/1767 2804/6256/1767 2806/6255/1767 2803/6254/1767
f 2804/6257/1800 2805/6260/1800 2807/6259/1800 2806/6258/1800
f 2808/6261/1801 2803/6264/1801 2806/6263/1801 2807/6262/1801
f 2808/6265/1797 2807/6268/1797 2805/6267/1797 2802/6266/1797
f 2809/6269/1802 2810/6272/1802 2813/6271/1803 2812/6270/1803
f 2809/6269/1802 2811/6274/1804 2886/6273/1804 2810/6272/1802
f 2809/6275/1767 2812/6313/1767 2814/6312/1767 2816/6311/1767 2818/6310/1767 2820/6309/1767 2822/6308/1767 2824/6307/1767 2826/6306/1767 2828/6305/1767 2830/6304/1767 2832/6303/1767 2834/6302/1767 2836/6301/1767 2838/6300/1767 2840/6299/1767 2842/6298/1767 2844/6297/1767 2846/6296/1767 2848/6295/1767 2850/6294/1767 2852/6293/1767 2854/6292/1767 2856/6291/1767 2858/6290/1767 2860/6289/1767 2862/6288/1767 2864/6287/1767 2866/6286/1767 2868/6285/1767 2870/6284/1767 2872/6283/1767 2874/6282/1767 2876/6281/1767 2878/6280/1767 2880/6279/1767 2882/6278/1767 2884/6277/1767 2811/6276/1767
f 2812/6270/1803 2813/6271/1803 2815/6315/1805 2814/6314/1805
f 2814/6314/1805 2815/6315/1805 2817/6317/1806 2816/6316/1806
f 2816/6316/1806 2817/6317/1806 2819/6319/1807 2818/6318/1807
f 2818/6320/1807 2819/6323/1807 2821/6322/1808 2820/6321/1808
f 2820/6321/1808 2821/6322/1808 2823/6325/1809 2822/6324/1809
f 2822/6324/1809 2823/6325/1809 2825/6327/1810 2824/6326/1810
f 2824/6326/1810 2825/6327/1810 2827/6329/1811 2826/6328/1811
f 2826/6330/1811 2827/6333/1811 2829/6332/1812 2828/6331/1812
f 2828/6331/1812 2829/6332/1812 2831/6335/1813 2830/6334/1813
f 2830/6334/1813 2831/6335/1813 2833/6337/1814 2832/6336/1814
f 2832/6336/1814 2833/6337/1814 2835/6339/1815 2834/6338/1815
f 2834/6338/1815 2835/6339/1815 2837/6341/1816 2836/6340/1816
f 2836/6340/1816 2837/6341/1816 2839/6343/1817 2838/6342/1817
f 2838/6342/1817 2839/6343/1817 2841/6345/1818 2840/6344/1818
f 2840/6344/1818 2841/6345/1818 2843/6347/1798 2842/6346/1798
f 2842/6346/1798 2843/6347/1798 2845/6349/1798 2844/6348/1798
f 2849/6350/1800 2848/6353/1800 2846/6352/1800 2847/6351/1800
f 2851/6354/1819 2850/6355/1819 2848/6353/1800 2849/6350/1800
f 2853/6356/1820 2852/6357/1820 2850/6355/1819 2851/6354/1819
f 2855/6358/1821 2854/6359/1821 2852/6357/1820 2853/6356/1820
f 2857/6360/1822 2856/6361/1822 2854/6359/1821 2855/6358/1821
f 2859/6362/1823 2858/6363/1823 2856/6361/1822 2857/6360/1822
f 2861/6364/1824 2860/6365/1824 2858/6363/1823 2859/6362/1823
f 2863/6366/1825 2862/6367/1825 2860/6365/1824 2861/6364/1824
f 2865/6368/1826 2864/6371/1826 2862/6370/1825 2863/6369/1825
f 2867/6372/1827 2866/6373/1827 2864/6371/1826 2865/6368/1826
f 2869/6374/1828 2868/6375/1828 2866/6373/1827 2867/6372/1827
f 2871/6376/1829 2870/6377/1829 2868/6375/1828 2869/6374/1828
f 2873/6378/1830 2872/6379/1830 2870/6377/1829 2871/6376/1829
f 2875/6380/1831 2874/6383/1831 2872/6382/1830 2873/6381/1830
f 2877/6384/1832 2876/6385/1832 2874/6383/1831 2875/6380/1831
f 2879/6386/1833 2878/6387/1833 2876/6385/1832 2877/6384/1832
f 2881/6388/1834 2880/6389/1834 2878/6387/1833 2879/6386/1833
f 2883/6390/1835 2882/6391/1835 2880/6389/1834 2881/6388/1834
f 2885/6392/1836 2884/6393/1836 2882/6391/1835 2883/6390/1835
f 2886/6394/1837 2811/6397/1837 2884/6396/1837 2885/6395/1837
f 2886/6398/1797 2885/6436/1797 2883/6435/1797 2881/6434/1797 2879/6433/1797 2877/6432/1797 2875/6431/1797 2873/6430/1797 2871/6429/1797 2869/6428/1797 2867/6427/1797 2865/6426/1797 2863/6425/1797 2861/6424/1797 2859/6423/1797 2857/6422/1797 2855/6421/1797 2853/6420/1797 2851/6419/1797 2849/6418/1797 2847/6417/1797 2845/6416/1797 2843/6415/1797 2841/6414/1797 2839/6413/1797 2837/6412/1797 2835/6411/1797 2833/6410/1797 2831/6409/1797 2829/6408/1797 2827/6407/1797 2825/6406/1797 2823/6405/1797 2821/6404/1797 2819/6403/1797 2817/6402/1797 2815/6401/1797 2813/6400/1797 2810/6399/1797
o hanger_8
v -0.072255 1.397228 0.646444
v -0.072255 1.397228 0.634912
v -0.084250 1.395245 0.646444
v -0.068489 1.397228 0.646444
v -0.068489 1.397228 0.634912
v -0.056494 1.395245 0.646444
v -0.056494 1.395245 0.634912
v -0.043805 1.389297 0.646444
v -0.043805 1.389297 0.634912
v -0.031811 1.379285 0.646444
v -0.031811 1.379285 0.634912
v -0.020676 1.366009 0.646444
v -0.020676 1.366009 0.634912
v -0.009399 1.349022 0.646444
v -0.009399 1.349022 0.634912
v 0.005589 1.332035 0.646444
v 0.005589 1.332035 0.634912
v 0.044029 1.305724 0.646444
v 0.044029 1.305724 0.634912
v 0.156879 1.247140 0.646444
v 0.156879 1.247140 0.634912
v 0.171474 1.234601 0.646444
v 0.171474 1.234601 0.634912
v 0.176827 1.225283 0.646444
v 0.176827 1.225283 0.634912
v 0.180197 1.214379 0.646444
v 0.180197 1.214379 0.634912
v 0.179603 1.208332 0.646444
v 0.179603 1.208332 0.634912
v 0.175439 1.208927 0.646444
v 0.175439 1.208927 0.634912
v -0.069503 1.344348 0.646444
v -0.069503 1.344348 0.634912
v -0.071241 1.344348 0.646444
v -0.071241 1.344348 0.634912
v -0.316183 1.208927 0.646444
v -0.316183 1.208927 0.634912
v -0.320347 1.208332 0.646444
v -0.320347 1.208332 0.634912
v -0.320941 1.214379 0.646444
v -0.320941 1.214379 0.634912
v -0.317571 1.225283 0.646444
v -0.317571 1.225283 0.634912
v -0.312218 1.234601 0.646444
v -0.312218 1.234601 0.634912
v -0.297623 1.247140 0.646444
v -0.297623 1.247140 0.634912
v -0.184772 1.305724 0.646444
v -0.184772 1.305724 0.634912
v -0.146333 1.332035 0.646444
v -0.146333 1.332035 0.634912
v -0.131345 1.349022 0.646444
v -0.131345 1.349022 0.634912
v -0.120068 1.366009 0.646444
v -0.120068 1.366009 0.634912
v -0.108933 1.379285 0.646444
v -0.108933 1.379285 0.634912
v -0.096939 1.389297 0.646444
v -0.096939 1.389297 0.634912
v -0.084250 1.395245 0.634912
v -0.310510 1.213406 0.643189
v -0.310510 1.213406 0.638167
v -0.310510 1.223031 0.643189
v 0.169766 1.213406 0.643189
v 0.169766 1.213406 0.638167
v 0.169766 1.223031 0.643189
v 0.169766 1.223031 0.638167
v -0.310510 1.223031 0.638167
v -0.104704 1.454196 0.642985
v -0.104704 1.454196 0.638372
v -0.109632 1.449377 0.642985
v -0.102811 1.459187 0.642985
v -0.102811 1.459187 0.638372
v -0.099599 1.467562 0.642985
v -0.099599 1.467562 0.638372
v -0.094642 1.473428 0.642985
v -0.094642 1.473428 0.638372
v -0.087786 1.477475 0.642985
v -0.087786 1.477475 0.638372
v -0.081259 1.478384 0.642985
v -0.081259 1.478384 0.638372
v -0.072173 1.477806 0.642985
v -0.072173 1.477806 0.638372
v -0.064159 1.474501 0.642985
v -0.064159 1.474501 0.638372
v -0.058459 1.469132 0.642985
v -0.058459 1.469132 0.638372
v -0.054577 1.461119 0.642985
v -0.054577 1.461119 0.638372
v -0.053668 1.454262 0.642985
v -0.053668 1.454262 0.638372
v -0.055899 1.445919 0.642985
v -0.055899 1.445919 0.638372
v -0.063581 1.434849 0.642985
v -0.063581 1.434849 0.638372
v -0.068125 1.428406 0.642985
v -0.068125 1.428406 0.638372
v -0.071016 1.422871 0.642985
v -0.071016 1.422871 0.638372
v -0.072255 1.419649 0.642985
v -0.072255 1.419649 0.638372
v -0.072255 1.403442 0.642985
v -0.072255 1.403442 0.638372
v -0.072255 1.397228 0.642985
v -0.072255 1.397228 0.638372
v -0.068489 1.397027 0.642985
v -0.068489 1.397027 0.638372
v -0.068489 1.403242 0.642985
v -0.068489 1.403242 0.638372
v -0.068489 1.420525 0.642985
v -0.068489 1.420525 0.638372
v -0.064290 1.428097 0.642985
v -0.064290 1.428097 0.638372
v -0.058507 1.435670 0.642985
v -0.058507 1.435670 0.638372
v -0.054239 1.442347 0.642985
v -0.054239 1.442347 0.638372
v -0.051210 1.449645 0.642985
v -0.051210 1.449645 0.638372
v -0.050797 1.458800 0.642985
v -0.050797 1.458800 0.638372
v -0.052587 1.465753 0.642985
v -0.052587 1.465753 0.638372
v -0.058204 1.474262 0.642985
v -0.058204 1.474262 0.638372
v -0.066052 1.479631 0.642985
v -0.066052 1.479631 0.638372
v -0.072413 1.481449 0.642985
v -0.072413 1.481449 0.638372
v -0.080343 1.481945 0.642985
v -0.080343 1.481945 0.638372
v -0.087200 1.480540 0.642985
v -0.087200 1.480540 0.638372
v -0.094552 1.476905 0.642985
v -0.094552 1.476905 0.638372
v -0.099343 1.472527 0.642985
v -0.099343 1.472527 0.638372
v -0.103061 1.467158 0.642985
v -0.103061 1.467158 0.638372
v -0.105240 1.460732 0.642985
v -0.105240 1.460732 0.638372
v -0.107879 1.455512 0.642985
v -0.107879 1.455512 0.638372
v -0.111664 1.451568 0.642985
v -0.111664 1.451568 0.638372
v -0.109632 1.449377 0.638372
vn -0.0818 0.9966 -0.0000
vn 0.0818 0.9966 -0.0000
vn -0.2965 0.9550 -0.0000
vn -0.0000 -0.0000 1.0000
vn 0.2965 0.9550 -0.0000
vn 0.5371 0.8435 -0.0000
vn 0.7063 0.7079 -0.0000
vn 0.8009 0.5988 -0.0000
vn 0.7933 0.6088 -0.0000
vn 0.6624 0.7491 -0.0000
vn 0.5137 0.8579 -0.0000
vn 0.5599 0.8285 -0.0000
vn 0.7705 0.6375 -0.0000
vn 0.9169 0.3992 -0.0000
vn 0.9949 0.1007 -0.0000
vn 0.9952 -0.0979 -0.0000
vn -0.1414 -0.9899 -0.0000
vn -0.3179 -0.9481 -0.0000
vn -0.2498 -0.9683 -0.0000
vn 0.2498 -0.9683 -0.0000
vn 0.3179 -0.9481 -0.0000
vn 0.1414 -0.9899 -0.0000
vn -0.9949 0.1007 -0.0000
vn -0.9952 -0.0979 -0.0000
vn -0.9169 0.3992 -0.0000
vn -0.7705 0.6375 -0.0000
vn -0.5599 0.8285 -0.0000
vn -0.5137 0.8579 -0.0000
vn -0.6624 0.7491 -0.0000
vn -0.7933 0.6088 -0.0000
vn -0.8009 0.5988 -0.0000
vn -0.7063 0.7079 -0.0000
vn -0.5371 0.8435 -0.0000
vn -0.0000 -0.0000 -1.0000
vn -1.0000 -0.0000 -0.0000
vn -0.0000 -1.0000 -0.0000
vn 1.0000 -0.0000 -0.0000
vn -0.0000 1.0000 -0.0000
vn 0.8367 -0.5477 -0.0000
vn 0.9343 -0.3564 -0.0000
vn 0.6991 -0.7150 -0.0000
vn 0.8608 -0.5089 -0.0000
vn 0.6452 -0.7640 -0.0000
vn 0.3295 -0.9441 -0.0000
vn 0.0374 -0.9993 -0.0000
vn -0.2254 -0.9743 -0.0000
vn -0.5424 -0.8401 -0.0000
vn -0.8061 -0.5917 -0.0000
vn -0.9578 -0.2874 -0.0000
vn -0.9979 0.0647 -0.0000
vn -0.9073 0.4205 -0.0000
vn -0.8194 0.5732 -0.0000
vn -0.8537 0.5208 -0.0000
vn -0.9113 0.4117 -0.0000
vn -0.9832 0.1826 -0.0000
vn 0.9681 -0.2505 -0.0000
vn 0.8369 -0.5474 -0.0000
vn 0.8194 -0.5732 -0.0000
vn 0.8865 -0.4627 -0.0000
vn 0.9761 -0.2175 -0.0000
vn 0.9947 0.1033 -0.0000
vn 0.9140 0.4057 -0.0000
vn 0.7129 0.7012 -0.0000
vn 0.4252 0.9051 -0.0000
vn 0.1695 0.9855 -0.0000
vn -0.0697 0.9976 -0.0000
vn -0.3246 0.9459 -0.0000
vn -0.5644 0.8255 -0.0000
vn -0.7531 0.6579 -0.0000
vn -0.8932 0.4496 -0.0000
vn -0.9220 0.3872 -0.0000
vn -0.8160 0.5781 -0.0000
vn -0.7215 0.6924 -0.0000
vn -0.7333 -0.6799 -0.0000
vt 0.646870 0.909491
vt 0.630034 0.909491
vt 0.630034 0.907933
vt 0.646870 0.907933
vt 0.646870 0.914477
vt 0.630034 0.914477
vt 0.197417 0.564604
vt 0.196596 0.559639
vt 0.196596 0.558079
vt 0.197417 0.553114
vt 0.199879 0.547861
vt 0.204024 0.542895
vt 0.209520 0.538285
vt 0.216553 0.533617
vt 0.223585 0.527412
vt 0.234478 0.511498
vt 0.258731 0.464779
vt 0.263922 0.458738
vt 0.267779 0.456521
vt 0.272293 0.455126
vt 0.274797 0.455372
vt 0.274551 0.457096
vt 0.218488 0.558499
vt 0.218488 0.559219
vt 0.274551 0.660622
vt 0.274797 0.662346
vt 0.272293 0.662592
vt 0.267779 0.661196
vt 0.263922 0.658980
vt 0.258731 0.652938
vt 0.234478 0.606219
vt 0.223585 0.590306
vt 0.216553 0.584101
vt 0.209520 0.579432
vt 0.204024 0.574823
vt 0.199879 0.569857
vt 0.630034 0.902991
vt 0.646870 0.902991
vt 0.630034 0.897806
vt 0.646870 0.897806
vt 0.630034 0.892954
vt 0.646870 0.892954
vt 0.222358 0.893576
vt 0.222358 0.898590
vt 0.205522 0.898590
vt 0.205522 0.893576
vt 0.222358 0.905127
vt 0.205522 0.905127
vt 0.222358 0.911513
vt 0.205522 0.911513
vt 0.453484 0.847417
vt 0.453484 0.831803
vt 0.470320 0.831803
vt 0.470320 0.847417
vt 0.453484 0.785753
vt 0.470320 0.785753
vt 0.453484 0.779853
vt 0.470320 0.779853
vt 0.947816 0.586781
vt 0.951436 0.586781
vt 0.951436 0.603617
vt 0.947816 0.603617
vt 0.955790 0.586781
vt 0.955790 0.603617
vt 0.958305 0.586781
vt 0.958305 0.603617
vt 0.667989 0.214882
vt 0.667989 0.213151
vt 0.684825 0.213151
vt 0.684825 0.214882
vt 0.667989 0.109822
vt 0.684825 0.109822
vt 0.684825 0.109103
vt 0.667989 0.109103
vt 0.667989 0.009753
vt 0.684825 0.009753
vt 0.667989 0.008039
vt 0.684825 0.008039
vt 0.956495 0.504876
vt 0.956495 0.488040
vt 0.958964 0.488040
vt 0.958964 0.504876
vt 0.951868 0.504876
vt 0.951868 0.488040
vt 0.947816 0.504876
vt 0.947816 0.488040
vt 0.519312 0.742225
vt 0.536148 0.742225
vt 0.536148 0.748405
vt 0.519312 0.748405
vt 0.519312 0.694870
vt 0.536148 0.694870
vt 0.519312 0.678670
vt 0.536148 0.678670
vt 0.106781 0.906937
vt 0.123617 0.906937
vt 0.123616 0.914532
vt 0.106781 0.914532
vt 0.106781 0.899489
vt 0.123616 0.899489
vt 0.106781 0.893576
vt 0.123617 0.893576
vt 0.630034 0.919794
vt 0.646870 0.919794
vt 0.646870 0.924870
vt 0.630034 0.924870
vt 0.290875 0.558079
vt 0.291695 0.553114
vt 0.294158 0.547861
vt 0.298303 0.542895
vt 0.303799 0.538285
vt 0.310831 0.533617
vt 0.317864 0.527412
vt 0.328756 0.511498
vt 0.353009 0.464780
vt 0.358200 0.458738
vt 0.362058 0.456521
vt 0.366572 0.455126
vt 0.369075 0.455372
vt 0.368829 0.457096
vt 0.312766 0.558499
vt 0.312766 0.559219
vt 0.368829 0.660622
vt 0.369075 0.662346
vt 0.366572 0.662592
vt 0.362058 0.661196
vt 0.358200 0.658980
vt 0.353009 0.652938
vt 0.328756 0.606219
vt 0.317864 0.590306
vt 0.310831 0.584101
vt 0.303799 0.579432
vt 0.298303 0.574823
vt 0.294158 0.569857
vt 0.291695 0.564604
vt 0.290875 0.559639
vt 0.556192 0.734396
vt 0.556192 0.741728
vt 0.552226 0.741728
vt 0.552226 0.734396
vt 0.769022 0.455126
vt 0.769022 0.653830
vt 0.761690 0.653830
vt 0.761690 0.455126
vt 0.212649 0.877498
vt 0.208665 0.877498
vt 0.208665 0.678670
vt 0.212649 0.678670
vt 0.854831 0.437281
vt 0.850866 0.437281
vt 0.850866 0.429949
vt 0.854831 0.429949
vt 0.733817 0.421657
vt 0.733817 0.222901
vt 0.741149 0.222901
vt 0.741149 0.421657
vt 0.228727 0.678670
vt 0.232712 0.678670
vt 0.232712 0.877498
vt 0.228727 0.877498
vt 0.288915 0.974135
vt 0.288915 0.972001
vt 0.295649 0.972001
vt 0.295649 0.974135
vt 0.295649 0.976321
vt 0.288915 0.976321
vt 0.877247 0.160730
vt 0.874424 0.161147
vt 0.874276 0.159919
vt 0.876503 0.159517
vt 0.878656 0.158409
vt 0.880948 0.156785
vt 0.883499 0.155889
vt 0.886169 0.155586
vt 0.889516 0.156155
vt 0.892155 0.157351
vt 0.894693 0.159445
vt 0.896383 0.161600
vt 0.897708 0.165307
vt 0.897522 0.169523
vt 0.896432 0.172289
vt 0.894069 0.175257
vt 0.891280 0.176966
vt 0.888227 0.178166
vt 0.884448 0.179299
vt 0.881200 0.180816
vt 0.877000 0.186608
vt 0.875489 0.188691
vt 0.874276 0.187708
vt 0.875786 0.185626
vt 0.879725 0.180194
vt 0.880924 0.179416
vt 0.883238 0.178263
vt 0.886327 0.177208
vt 0.891592 0.175366
vt 0.894367 0.173112
vt 0.895729 0.170593
vt 0.896375 0.166964
vt 0.895770 0.163779
vt 0.893888 0.160724
vt 0.890983 0.158322
vt 0.888575 0.157040
vt 0.885293 0.156730
vt 0.882207 0.157491
vt 0.879094 0.159517
vt 0.288915 0.968419
vt 0.295649 0.968419
vt 0.288915 0.965800
vt 0.295649 0.965800
vt 0.394391 0.960153
vt 0.394391 0.962930
vt 0.387656 0.962930
vt 0.387656 0.960153
vt 0.394391 0.965617
vt 0.387656 0.965617
vt 0.394391 0.969385
vt 0.387656 0.969385
vt 0.394391 0.972749
vt 0.387656 0.972749
vt 0.394391 0.975186
vt 0.387656 0.975186
vt 0.953434 0.008039
vt 0.953434 0.011187
vt 0.946700 0.011187
vt 0.946700 0.008039
vt 0.953434 0.013976
vt 0.946700 0.013976
vt 0.953434 0.017503
vt 0.946700 0.017503
vt 0.953434 0.022369
vt 0.946700 0.022369
vt 0.953434 0.025205
vt 0.946700 0.025205
vt 0.953434 0.027601
vt 0.946700 0.027601
vt 0.953434 0.028978
vt 0.946700 0.028978
vt 0.953434 0.035656
vt 0.946700 0.035656
vt 0.953434 0.038217
vt 0.946700 0.038217
vt 0.915040 0.779033
vt 0.915040 0.781594
vt 0.908306 0.781594
vt 0.908306 0.779033
vt 0.915040 0.771913
vt 0.908306 0.771913
vt 0.915040 0.768622
vt 0.908306 0.768622
vt 0.915040 0.765266
vt 0.908306 0.765266
vt 0.915040 0.762341
vt 0.908306 0.762341
vt 0.915040 0.759211
vt 0.908306 0.759211
vt 0.915040 0.755422
vt 0.908306 0.755422
vt 0.915040 0.752631
vt 0.908306 0.752631
vt 0.915040 0.749355
vt 0.908306 0.749355
vt 0.953930 0.804520
vt 0.953930 0.801332
vt 0.960665 0.801332
vt 0.960665 0.804520
vt 0.953930 0.807132
vt 0.960665 0.807132
vt 0.953930 0.810409
vt 0.960665 0.810409
vt 0.953930 0.813262
vt 0.960665 0.813262
vt 0.953930 0.816345
vt 0.960665 0.816345
vt 0.953930 0.818377
vt 0.960665 0.818377
vt 0.321829 0.970510
vt 0.321829 0.968150
vt 0.328563 0.968150
vt 0.328563 0.970510
vt 0.321829 0.973244
vt 0.328563 0.973244
vt 0.321829 0.975500
vt 0.328563 0.975500
vt 0.321829 0.977276
vt 0.328563 0.977276
vt 0.414847 0.987410
vt 0.413974 0.987410
vt 0.413974 0.980676
vt 0.414847 0.980676
vt 0.898675 0.559052
vt 0.895853 0.558634
vt 0.894005 0.557422
vt 0.890893 0.555396
vt 0.887806 0.554635
vt 0.884525 0.554945
vt 0.882117 0.556226
vt 0.879212 0.558629
vt 0.877329 0.561683
vt 0.876724 0.564868
vt 0.877371 0.568497
vt 0.878733 0.571016
vt 0.881508 0.573270
vt 0.886773 0.575113
vt 0.889862 0.576168
vt 0.892176 0.577320
vt 0.893374 0.578099
vt 0.897313 0.583530
vt 0.898824 0.585613
vt 0.897610 0.586596
vt 0.896100 0.584513
vt 0.891899 0.578721
vt 0.888651 0.577203
vt 0.884873 0.576071
vt 0.881820 0.574871
vt 0.879031 0.573161
vt 0.876667 0.570193
vt 0.875577 0.567428
vt 0.875392 0.563211
vt 0.876717 0.559504
vt 0.878407 0.557349
vt 0.880944 0.555256
vt 0.883583 0.554060
vt 0.886931 0.553491
vt 0.889601 0.553794
vt 0.892151 0.554690
vt 0.894444 0.556313
vt 0.896597 0.557422
vt 0.898824 0.557823
s 1
usemtl box_hanger
f 2887/6437/1838 2890/6440/1839 2891/6439/1839 2888/6438/1838
f 2888/6438/1838 2946/6442/1840 2889/6441/1840 2887/6437/1838
f 2889/6443/1841 2944/6472/1841 2942/6471/1841 2940/6470/1841 2938/6469/1841 2936/6468/1841 2934/6467/1841 2932/6466/1841 2930/6465/1841 2928/6464/1841 2926/6463/1841 2924/6462/1841 2922/6461/1841 2920/6460/1841 2918/6459/1841 2916/6458/1841 2914/6457/1841 2912/6456/1841 2910/6455/1841 2908/6454/1841 2906/6453/1841 2904/6452/1841 2902/6451/1841 2900/6450/1841 2898/6449/1841 2896/6448/1841 2894/6447/1841 2892/6446/1841 2890/6445/1841 2887/6444/1841
f 2891/6439/1839 2890/6440/1839 2892/6474/1842 2893/6473/1842
f 2893/6473/1842 2892/6474/1842 2894/6476/1843 2895/6475/1843
f 2895/6475/1843 2894/6476/1843 2896/6478/1844 2897/6477/1844
f 2897/6479/1844 2896/6482/1844 2898/6481/1845 2899/6480/1845
f 2899/6480/1845 2898/6481/1845 2900/6484/1846 2901/6483/1846
f 2901/6483/1846 2900/6484/1846 2902/6486/1847 2903/6485/1847
f 2903/6487/1847 2902/6490/1847 2904/6489/1848 2905/6488/1848
f 2905/6488/1848 2904/6489/1848 2906/6492/1849 2907/6491/1849
f 2907/6491/1849 2906/6492/1849 2908/6494/1850 2909/6493/1850
f 2909/6495/1850 2908/6498/1850 2910/6497/1851 2911/6496/1851
f 2911/6496/1851 2910/6497/1851 2912/6500/1852 2913/6499/1852
f 2913/6499/1852 2912/6500/1852 2914/6502/1853 2915/6501/1853
f 2915/6503/1854 2914/6506/1854 2916/6505/1855 2917/6504/1855
f 2917/6504/1855 2916/6505/1855 2918/6508/1856 2919/6507/1856
f 2920/6509/1857 2921/6510/1857 2919/6507/1856 2918/6508/1856
f 2923/6511/1858 2921/6510/1857 2920/6509/1857 2922/6512/1858
f 2925/6513/1859 2923/6511/1858 2922/6512/1858 2924/6514/1859
f 2927/6515/1860 2925/6518/1861 2924/6517/1861 2926/6516/1860
f 2929/6519/1862 2927/6515/1860 2926/6516/1860 2928/6520/1862
f 2931/6521/1863 2929/6519/1862 2928/6520/1862 2930/6522/1863
f 2933/6523/1864 2931/6526/1863 2930/6525/1863 2932/6524/1864
f 2935/6527/1865 2933/6523/1864 2932/6524/1864 2934/6528/1865
f 2937/6529/1866 2935/6527/1865 2934/6528/1865 2936/6530/1866
f 2939/6531/1867 2937/6534/1866 2936/6533/1866 2938/6532/1867
f 2941/6535/1868 2939/6531/1867 2938/6532/1867 2940/6536/1868
f 2943/6537/1869 2941/6535/1868 2940/6536/1868 2942/6538/1869
f 2945/6539/1870 2943/6542/1869 2942/6541/1869 2944/6540/1870
f 2946/6442/1840 2945/6539/1870 2944/6540/1870 2889/6441/1840
f 2888/6543/1871 2891/6572/1871 2893/6571/1871 2895/6570/1871 2897/6569/1871 2899/6568/1871 2901/6567/1871 2903/6566/1871 2905/6565/1871 2907/6564/1871 2909/6563/1871 2911/6562/1871 2913/6561/1871 2915/6560/1871 2917/6559/1871 2919/6558/1871 2921/6557/1871 2923/6556/1871 2925/6555/1871 2927/6554/1871 2929/6553/1871 2931/6552/1871 2933/6551/1871 2935/6550/1871 2937/6549/1871 2939/6548/1871 2941/6547/1871 2943/6546/1871 2945/6545/1871 2946/6544/1871
f 2947/6573/1872 2949/6576/1872 2954/6575/1872 2948/6574/1872
f 2947/6577/1873 2948/6580/1873 2951/6579/1873 2950/6578/1873
f 2947/6581/1841 2950/6584/1841 2952/6583/1841 2949/6582/1841
f 2950/6585/1874 2951/6588/1874 2953/6587/1874 2952/6586/1874
f 2954/6589/1875 2949/6592/1875 2952/6591/1875 2953/6590/1875
f 2954/6593/1871 2953/6596/1871 2951/6595/1871 2948/6594/1871
f 2955/6597/1876 2956/6600/1876 2959/6599/1877 2958/6598/1877
f 2955/6597/1876 2957/6602/1878 3032/6601/1878 2956/6600/1876
f 2955/6603/1841 2958/6641/1841 2960/6640/1841 2962/6639/1841 2964/6638/1841 2966/6637/1841 2968/6636/1841 2970/6635/1841 2972/6634/1841 2974/6633/1841 2976/6632/1841 2978/6631/1841 2980/6630/1841 2982/6629/1841 2984/6628/1841 2986/6627/1841 2988/6626/1841 2990/6625/1841 2992/6624/1841 2994/6623/1841 2996/6622/1841 2998/6621/1841 3000/6620/1841 3002/6619/1841 3004/6618/1841 3006/6617/1841 3008/6616/1841 3010/6615/1841 3012/6614/1841 3014/6613/1841 3016/6612/1841 3018/6611/1841 3020/6610/1841 3022/6609/1841 3024/6608/1841 3026/6607/1841 3028/6606/1841 3030/6605/1841 2957/6604/1841
f 2958/6598/1877 2959/6599/1877 2961/6643/1879 2960/6642/1879
f 2960/6642/1879 2961/6643/1879 2963/6645/1880 2962/6644/1880
f 2962/6646/1880 2963/6649/1880 2965/6648/1881 2964/6647/1881
f 2964/6647/1881 2965/6648/1881 2967/6651/1882 2966/6650/1882
f 2966/6650/1882 2967/6651/1882 2969/6653/1883 2968/6652/1883
f 2968/6652/1883 2969/6653/1883 2971/6655/1884 2970/6654/1884
f 2970/6654/1884 2971/6655/1884 2973/6657/1885 2972/6656/1885
f 2972/6658/1885 2973/6661/1885 2975/6660/1886 2974/6659/1886
f 2974/6659/1886 2975/6660/1886 2977/6663/1887 2976/6662/1887
f 2976/6662/1887 2977/6663/1887 2979/6665/1888 2978/6664/1888
f 2978/6664/1888 2979/6665/1888 2981/6667/1889 2980/6666/1889
f 2980/6666/1889 2981/6667/1889 2983/6669/1890 2982/6668/1890
f 2982/6668/1890 2983/6669/1890 2985/6671/1891 2984/6670/1891
f 2984/6670/1891 2985/6671/1891 2987/6673/1892 2986/6672/1892
f 2986/6672/1892 2987/6673/1892 2989/6675/1872 2988/6674/1872
f 2988/6674/1872 2989/6675/1872 2991/6677/1872 2990/6676/1872
f 2995/6678/1874 2994/6681/1874 2992/6680/1874 2993/6679/1874
f 2997/6682/1893 2996/6683/1893 2994/6681/1874 2995/6678/1874
f 2999/6684/1894 2998/6685/1894 2996/6683/1893 2997/6682/1893
f 3001/6686/1895 3000/6687/1895 2998/6685/1894 2999/6684/1894
f 3003/6688/1896 3002/6689/1896 3000/6687/1895 3001/6686/1895
f 3005/6690/1897 3004/6691/1897 3002/6689/1896 3003/6688/1896
f 3007/6692/1898 3006/6693/1898 3004/6691/1897 3005/6690/1897
f 3009/6694/1899 3008/6695/1899 3006/6693/1898 3007/6692/1898
f 3011/6696/1900 3010/6697/1900 3008/6695/1899 3009/6694/1899
f 3013/6698/1901 3012/6701/1901 3010/6700/1900 3011/6699/1900
f 3015/6702/1902 3014/6703/1902 3012/6701/1901 3013/6698/1901
f 3017/6704/1903 3016/6705/1903 3014/6703/1902 3015/6702/1902
f 3019/6706/1904 3018/6707/1904 3016/6705/1903 3017/6704/1903
f 3021/6708/1905 3020/6709/1905 3018/6707/1904 3019/6706/1904
f 3023/6710/1906 3022/6711/1906 3020/6709/1905 3021/6708/1905
f 3025/6712/1907 3024/6715/1907 3022/6714/1906 3023/6713/1906
f 3027/6716/1908 3026/6717/1908 3024/6715/1907 3025/6712/1907
f 3029/6718/1909 3028/6719/1909 3026/6717/1908 3027/6716/1908
f 3031/6720/1910 3030/6721/1910 3028/6719/1909 3029/6718/1909
f 3032/6722/1911 2957/6725/1911 3030/6724/1911 3031/6723/1911
f 3032/6726/1871 3031/6764/1871 3029/6763/1871 3027/6762/1871 3025/6761/1871 3023/6760/1871 3021/6759/1871 3019/6758/1871 3017/6757/1871 3015/6756/1871 3013/6755/1871 3011/6754/1871 3009/6753/1871 3007/6752/1871 3005/6751/1871 3003/6750/1871 3001/6749/1871 2999/6748/1871 2997/6747/1871 2995/6746/1871 2993/6745/1871 2991/6744/1871 2989/6743/1871 2987/6742/1871 2985/6741/1871 2983/6740/1871 2981/6739/1871 2979/6738/1871 2977/6737/1871 2975/6736/1871 2973/6735/1871 2971/6734/1871 2969/6733/1871 2967/6732/1871 2965/6731/1871 2963/6730/1871 2961/6729/1871 2959/6728/1871 2956/6727/1871
o hanger_9
v -0.072255 1.397228 0.473455
v -0.072255 1.397228 0.461923
v -0.084250 1.395245 0.473455
v -0.068489 1.397228 0.473455
v -0.068489 1.397228 0.461923
v -0.056494 1.395245 0.473455
v -0.056494 1.395245 0.461923
v -0.043805 1.389297 0.473455
v -0.043805 1.389297 0.461923
v -0.031811 1.379285 0.473455
v -0.031811 1.379285 0.461923
v -0.020676 1.366009 0.473455
v -0.020676 1.366009 0.461923
v -0.009399 1.349022 0.473455
v -0.009399 1.349022 0.461923
v 0.005589 1.332035 0.473455
v 0.005589 1.332035 0.461923
v 0.044029 1.305724 0.473455
v 0.044029 1.305724 0.461923
v 0.156879 1.247140 0.473455
v 0.156879 1.247140 0.461923
v 0.171474 1.234601 0.473455
v 0.171474 1.234601 0.461923
v 0.176827 1.225283 0.473455
v 0.176827 1.225283 0.461923
v 0.180197 1.214379 0.473455
v 0.180197 1.214379 0.461923
v 0.179603 1.208332 0.473455
v 0.179603 1.208332 0.461923
v 0.175439 1.208927 0.473455
v 0.175439 1.208927 0.461923
v -0.069503 1.344348 0.473455
v -0.069503 1.344348 0.461923
v -0.071241 1.344348 0.473455
v -0.071241 1.344348 0.461923
v -0.316183 1.208927 0.473455
v -0.316183 1.208927 0.461923
v -0.320347 1.208332 0.473455
v -0.320347 1.208332 0.461923
v -0.320941 1.214379 0.473455
v -0.320941 1.214379 0.461923
v -0.317571 1.225283 0.473455
v -0.317571 1.225283 0.461923
v -0.312218 1.234601 0.473455
v -0.312218 1.234601 0.461923
v -0.297623 1.247140 0.473455
v -0.297623 1.247140 0.461923
v -0.184772 1.305724 0.473455
v -0.184772 1.305724 0.461923
v -0.146333 1.332035 0.473455
v -0.146333 1.332035 0.461923
v -0.131345 1.349022 0.473455
v -0.131345 1.349022 0.461923
v -0.120068 1.366009 0.473455
v -0.120068 1.366009 0.461923
v -0.108933 1.379285 0.473455
v -0.108933 1.379285 0.461923
v -0.096939 1.389297 0.473455
v -0.096939 1.389297 0.461923
v -0.084250 1.395245 0.461923
v -0.310510 1.213406 0.470200
v -0.310510 1.213406 0.465178
v -0.310510 1.223031 0.470200
v 0.169766 1.213406 0.470200
v 0.169766 1.213406 0.465178
v 0.169766 1.223031 0.470200
v 0.169766 1.223031 0.465178
v -0.310510 1.223031 0.465178
v -0.104704 1.454196 0.469995
v -0.104704 1.454196 0.465382
v -0.109632 1.449377 0.469995
v -0.102811 1.459187 0.469995
v -0.102811 1.459187 0.465382
v -0.099599 1.467562 0.469995
v -0.099599 1.467562 0.465382
v -0.094642 1.473428 0.469995
v -0.094642 1.473428 0.465382
v -0.087786 1.477475 0.469995
v -0.087786 1.477475 0.465382
v -0.081259 1.478384 0.469995
v -0.081259 1.478384 0.465382
v -0.072173 1.477806 0.469995
v -0.072173 1.477806 0.465382
v -0.064159 1.474501 0.469995
v -0.064159 1.474501 0.465382
v -0.058459 1.469132 0.469995
v -0.058459 1.469132 0.465382
v -0.054577 1.461119 0.469995
v -0.054577 1.461119 0.465382
v -0.053668 1.454262 0.469995
v -0.053668 1.454262 0.465382
v -0.055899 1.445919 0.469995
v -0.055899 1.445919 0.465382
v -0.063581 1.434849 0.469995
v -0.063581 1.434849 0.465382
v -0.068125 1.428406 0.469995
v -0.068125 1.428406 0.465382
v -0.071016 1.422871 0.469995
v -0.071016 1.422871 0.465382
v -0.072255 1.419649 0.469995
v -0.072255 1.419649 0.465382
v -0.072255 1.403442 0.469995
v -0.072255 1.403442 0.465382
v -0.072255 1.397228 0.469995
v -0.072255 1.397228 0.465382
v -0.068489 1.397027 0.469995
v -0.068489 1.397027 0.465382
v -0.068489 1.403242 0.469995
v -0.068489 1.403242 0.465382
v -0.068489 1.420525 0.469995
v -0.068489 1.420525 0.465382
v -0.064290 1.428097 0.469995
v -0.064290 1.428097 0.465382
v -0.058507 1.435670 0.469995
v -0.058507 1.435670 0.465382
v -0.054239 1.442348 0.469995
v -0.054239 1.442348 0.465382
v -0.051210 1.449645 0.469995
v -0.051210 1.449645 0.465382
v -0.050797 1.458800 0.469995
v -0.050797 1.458800 0.465382
v -0.052587 1.465753 0.469995
v -0.052587 1.465753 0.465382
v -0.058204 1.474262 0.469995
v -0.058204 1.474262 0.465382
v -0.066052 1.479632 0.469995
v -0.066052 1.479632 0.465382
v -0.072413 1.481449 0.469995
v -0.072413 1.481449 0.465382
v -0.080343 1.481945 0.469995
v -0.080343 1.481945 0.465382
v -0.087200 1.480540 0.469995
v -0.087200 1.480540 0.465382
v -0.094552 1.476905 0.469995
v -0.094552 1.476905 0.465382
v -0.099343 1.472527 0.469995
v -0.099343 1.472527 0.465382
v -0.103061 1.467158 0.469995
v -0.103061 1.467158 0.465382
v -0.105240 1.460732 0.469995
v -0.105240 1.460732 0.465382
v -0.107879 1.455512 0.469995
v -0.107879 1.455512 0.465382
v -0.111664 1.451568 0.469995
v -0.111664 1.451568 0.465382
v -0.109632 1.449377 0.465382
vn -0.0818 0.9966 -0.0000
vn 0.0818 0.9966 -0.0000
vn -0.2965 0.9550 -0.0000
vn -0.0000 -0.0000 1.0000
vn 0.2965 0.9550 -0.0000
vn 0.5371 0.8435 -0.0000
vn 0.7063 0.7079 -0.0000
vn 0.8009 0.5988 -0.0000
vn 0.7933 0.6088 -0.0000
vn 0.6624 0.7491 -0.0000
vn 0.5137 0.8579 -0.0000
vn 0.5599 0.8285 -0.0000
vn 0.7705 0.6375 -0.0000
vn 0.9169 0.3992 -0.0000
vn 0.9949 0.1007 -0.0000
vn 0.9952 -0.0979 -0.0000
vn -0.1414 -0.9899 -0.0000
vn -0.3179 -0.9481 -0.0000
vn -0.2498 -0.9683 -0.0000
vn 0.2498 -0.9683 -0.0000
vn 0.3179 -0.9481 -0.0000
vn 0.1414 -0.9899 -0.0000
vn -0.9949 0.1007 -0.0000
vn -0.9952 -0.0979 -0.0000
vn -0.9169 0.3992 -0.0000
vn -0.7705 0.6375 -0.0000
vn -0.5599 0.8285 -0.0000
vn -0.5137 0.8579 -0.0000
vn -0.6624 0.7491 -0.0000
vn -0.7933 0.6088 -0.0000
vn -0.8009 0.5988 -0.0000
vn -0.7063 0.7079 -0.0000
vn -0.5371 0.8435 -0.0000
vn -0.0000 -0.0000 -1.0000
vn -1.0000 -0.0000 -0.0000
vn -0.0000 -1.0000 -0.0000
vn 1.0000 -0.0000 -0.0000
vn -0.0000 1.0000 -0.0000
vn 0.8367 -0.5477 -0.0000
vn 0.9343 -0.3564 -0.0000
vn 0.6991 -0.7150 -0.0000
vn 0.8608 -0.5089 -0.0000
vn 0.6452 -0.7640 -0.0000
vn 0.3295 -0.9441 -0.0000
vn 0.0374 -0.9993 -0.0000
vn -0.2254 -0.9743 -0.0000
vn -0.5424 -0.8401 -0.0000
vn -0.8061 -0.5917 -0.0000
vn -0.9578 -0.2874 -0.0000
vn -0.9979 0.0647 -0.0000
vn -0.9073 0.4205 -0.0000
vn -0.8194 0.5732 -0.0000
vn -0.8537 0.5208 -0.0000
vn -0.9113 0.4117 -0.0000
vn -0.9832 0.1826 -0.0000
vn 0.9681 -0.2505 -0.0000
vn 0.8369 -0.5474 -0.0000
vn 0.8194 -0.5732 -0.0000
vn 0.8865 -0.4627 -0.0000
vn 0.9761 -0.2175 -0.0000
vn 0.9947 0.1033 -0.0000
vn 0.9140 0.4057 -0.0000
vn 0.7129 0.7012 -0.0000
vn 0.4252 0.9051 -0.0000
vn 0.1695 0.9855 -0.0000
vn -0.0697 0.9976 -0.0000
vn -0.3246 0.9459 -0.0000
vn -0.5644 0.8255 -0.0000
vn -0.7531 0.6579 -0.0000
vn -0.8932 0.4496 -0.0000
vn -0.9220 0.3872 -0.0000
vn -0.8160 0.5781 -0.0000
vn -0.7215 0.6924 -0.0000
vn -0.7333 -0.6799 -0.0000
vt 0.305751 0.901802
vt 0.288915 0.901802
vt 0.288915 0.900244
vt 0.305751 0.900244
vt 0.305751 0.906788
vt 0.288915 0.906788
vt 0.008860 0.117517
vt 0.008039 0.112551
vt 0.008039 0.110992
vt 0.008860 0.106026
vt 0.011322 0.100773
vt 0.015467 0.095808
vt 0.020963 0.091198
vt 0.027995 0.086530
vt 0.035028 0.080325
vt 0.045920 0.064411
vt 0.070173 0.017692
vt 0.075364 0.011650
vt 0.079222 0.009434
vt 0.083736 0.008039
vt 0.086240 0.008285
vt 0.085993 0.010009
vt 0.029931 0.111412
vt 0.029931 0.112132
vt 0.085993 0.213535
vt 0.086240 0.215258
vt 0.083736 0.215505
vt 0.079222 0.214109
vt 0.075364 0.211893
vt 0.070173 0.205851
vt 0.045920 0.159132
vt 0.035028 0.143219
vt 0.027995 0.137014
vt 0.020963 0.132345
vt 0.015467 0.127736
vt 0.011322 0.122770
vt 0.288915 0.895302
vt 0.305751 0.895302
vt 0.288915 0.890117
vt 0.305751 0.890117
vt 0.288915 0.885265
vt 0.305751 0.885265
vt 0.255272 0.893576
vt 0.255272 0.898590
vt 0.238436 0.898590
vt 0.238436 0.893576
vt 0.255272 0.905127
vt 0.238436 0.905127
vt 0.255272 0.911513
vt 0.238436 0.911513
vt 0.387656 0.849384
vt 0.387656 0.833770
vt 0.404492 0.833770
vt 0.404492 0.849384
vt 0.387656 0.787720
vt 0.404492 0.787720
vt 0.387656 0.781820
vt 0.404492 0.781820
vt 0.947816 0.619695
vt 0.951436 0.619695
vt 0.951436 0.636531
vt 0.947816 0.636531
vt 0.955790 0.619695
vt 0.955790 0.636531
vt 0.958305 0.619695
vt 0.958305 0.636531
vt 0.606624 0.661969
vt 0.606624 0.660238
vt 0.623460 0.660238
vt 0.623460 0.661969
vt 0.606624 0.556910
vt 0.623460 0.556910
vt 0.623460 0.556190
vt 0.606624 0.556190
vt 0.606624 0.456840
vt 0.623460 0.456840
vt 0.606624 0.455126
vt 0.623460 0.455126
vt 0.956495 0.471962
vt 0.956495 0.455126
vt 0.958964 0.455126
vt 0.958964 0.471962
vt 0.951868 0.471962
vt 0.951868 0.455126
vt 0.947816 0.471962
vt 0.947816 0.455126
vt 0.519312 0.828038
vt 0.536148 0.828038
vt 0.536148 0.834217
vt 0.519312 0.834217
vt 0.519312 0.780683
vt 0.536148 0.780683
vt 0.519312 0.764482
vt 0.536148 0.764482
vt 0.139694 0.906937
vt 0.156530 0.906937
vt 0.156530 0.914532
vt 0.139694 0.914532
vt 0.139694 0.899489
vt 0.156530 0.899489
vt 0.139694 0.893576
vt 0.156530 0.893576
vt 0.288915 0.912106
vt 0.305751 0.912106
vt 0.305751 0.917181
vt 0.288915 0.917181
vt 0.102318 0.110992
vt 0.103138 0.106026
vt 0.105601 0.100773
vt 0.109746 0.095808
vt 0.115241 0.091198
vt 0.122274 0.086530
vt 0.129306 0.080325
vt 0.140199 0.064411
vt 0.164452 0.017692
vt 0.169643 0.011650
vt 0.173501 0.009434
vt 0.178015 0.008039
vt 0.180518 0.008285
vt 0.180272 0.010009
vt 0.124209 0.111412
vt 0.124209 0.112132
vt 0.180272 0.213535
vt 0.180518 0.215258
vt 0.178015 0.215505
vt 0.173501 0.214109
vt 0.169643 0.211893
vt 0.164452 0.205851
vt 0.140199 0.159132
vt 0.129306 0.143219
vt 0.122274 0.137014
vt 0.115241 0.132345
vt 0.109746 0.127736
vt 0.105601 0.122770
vt 0.103138 0.117517
vt 0.102318 0.112551
vt 0.556192 0.781215
vt 0.556192 0.788547
vt 0.552226 0.788547
vt 0.552226 0.781215
vt 0.787968 0.008039
vt 0.787968 0.206742
vt 0.780637 0.206742
vt 0.780637 0.008039
vt 0.859314 0.653955
vt 0.855329 0.653955
vt 0.855329 0.455126
vt 0.859314 0.455126
vt 0.719433 0.868706
vt 0.715468 0.868706
vt 0.715468 0.861374
vt 0.719433 0.861374
vt 0.738280 0.653883
vt 0.738280 0.455126
vt 0.745612 0.455126
vt 0.745612 0.653883
vt 0.738280 0.669961
vt 0.742265 0.669961
vt 0.742265 0.868789
vt 0.738280 0.868789
vt 0.969512 0.283057
vt 0.969512 0.280923
vt 0.976246 0.280923
vt 0.976246 0.283057
vt 0.976246 0.285244
vt 0.969512 0.285244
vt 0.877979 0.326189
vt 0.875157 0.326606
vt 0.875008 0.325378
vt 0.877235 0.324976
vt 0.879389 0.323868
vt 0.881681 0.322244
vt 0.884232 0.321348
vt 0.886901 0.321045
vt 0.890249 0.321614
vt 0.892888 0.322810
vt 0.895425 0.324903
vt 0.897115 0.327059
vt 0.898440 0.330765
vt 0.898255 0.334982
vt 0.897165 0.337747
vt 0.894801 0.340715
vt 0.892012 0.342425
vt 0.888959 0.343625
vt 0.885181 0.344758
vt 0.881933 0.346275
vt 0.877732 0.352067
vt 0.876222 0.354150
vt 0.875008 0.353167
vt 0.876519 0.351084
vt 0.880458 0.345653
vt 0.881656 0.344874
vt 0.883970 0.343722
vt 0.887059 0.342667
vt 0.892324 0.340824
vt 0.895100 0.338570
vt 0.896461 0.336052
vt 0.897108 0.332423
vt 0.896503 0.329238
vt 0.894620 0.326183
vt 0.891716 0.323780
vt 0.889308 0.322499
vt 0.886026 0.322189
vt 0.882939 0.322950
vt 0.879827 0.324976
vt 0.969512 0.277342
vt 0.976246 0.277342
vt 0.969512 0.274723
vt 0.976246 0.274723
vt 0.257547 0.959744
vt 0.257547 0.962522
vt 0.250812 0.962522
vt 0.250812 0.959744
vt 0.257547 0.965208
vt 0.250812 0.965208
vt 0.257547 0.968976
vt 0.250812 0.968976
vt 0.257547 0.972340
vt 0.250812 0.972340
vt 0.257547 0.974777
vt 0.250812 0.974777
vt 0.947954 0.865458
vt 0.947954 0.868606
vt 0.941220 0.868606
vt 0.941220 0.865458
vt 0.947954 0.871395
vt 0.941220 0.871395
vt 0.947954 0.874922
vt 0.941220 0.874922
vt 0.947954 0.879789
vt 0.941220 0.879789
vt 0.947954 0.882624
vt 0.941220 0.882624
vt 0.947954 0.885020
vt 0.941220 0.885020
vt 0.947954 0.886397
vt 0.941220 0.886397
vt 0.947954 0.893075
vt 0.941220 0.893075
vt 0.947954 0.895636
vt 0.941220 0.895636
vt 0.938022 0.773888
vt 0.938022 0.776449
vt 0.931288 0.776449
vt 0.931288 0.773888
vt 0.938022 0.766768
vt 0.931288 0.766768
vt 0.938022 0.763477
vt 0.931288 0.763477
vt 0.938022 0.760121
vt 0.931288 0.760121
vt 0.938022 0.757196
vt 0.931288 0.757196
vt 0.938022 0.754066
vt 0.931288 0.754066
vt 0.938022 0.750277
vt 0.931288 0.750277
vt 0.938022 0.747486
vt 0.931288 0.747486
vt 0.938022 0.744210
vt 0.931288 0.744210
vt 0.953930 0.770991
vt 0.953930 0.767803
vt 0.960665 0.767803
vt 0.960665 0.770991
vt 0.953930 0.773603
vt 0.960665 0.773603
vt 0.953930 0.776879
vt 0.960665 0.776879
vt 0.953930 0.779733
vt 0.960665 0.779733
vt 0.953930 0.782816
vt 0.960665 0.782816
vt 0.953930 0.784847
vt 0.960665 0.784847
vt 0.452266 0.954054
vt 0.452266 0.951694
vt 0.459000 0.951694
vt 0.459000 0.954054
vt 0.452266 0.956789
vt 0.459000 0.956789
vt 0.452266 0.959045
vt 0.459000 0.959045
vt 0.452266 0.960820
vt 0.459000 0.960820
vt 0.987019 0.906214
vt 0.986146 0.906214
vt 0.986146 0.899479
vt 0.987019 0.899479
vt 0.874668 0.326716
vt 0.877491 0.326299
vt 0.879339 0.325086
vt 0.882451 0.323060
vt 0.885537 0.322299
vt 0.888819 0.322609
vt 0.891227 0.323891
vt 0.894132 0.326293
vt 0.896014 0.329348
vt 0.896619 0.332533
vt 0.895973 0.336162
vt 0.894611 0.338681
vt 0.891836 0.340935
vt 0.886571 0.342777
vt 0.883482 0.343832
vt 0.881168 0.344985
vt 0.879969 0.345763
vt 0.876030 0.351195
vt 0.874520 0.353277
vt 0.875733 0.354260
vt 0.877244 0.352177
vt 0.881445 0.346385
vt 0.884692 0.344868
vt 0.888471 0.343736
vt 0.891524 0.342535
vt 0.894313 0.340826
vt 0.896676 0.337858
vt 0.897766 0.335093
vt 0.897952 0.330876
vt 0.896627 0.327169
vt 0.894937 0.325014
vt 0.892400 0.322920
vt 0.889760 0.321724
vt 0.886413 0.321156
vt 0.883743 0.321458
vt 0.881192 0.322354
vt 0.878900 0.323978
vt 0.876747 0.325086
vt 0.874520 0.325488
s 1
usemtl box_hanger
f 3033/6765/1912 3036/6768/1913 3037/6767/1913 3034/6766/1912
f 3034/6766/1912 3092/6770/1914 3035/6769/1914 3033/6765/1912
f 3035/6771/1915 3090/6800/1915 3088/6799/1915 3086/6798/1915 3084/6797/1915 3082/6796/1915 3080/6795/1915 3078/6794/1915 3076/6793/1915 3074/6792/1915 3072/6791/1915 3070/6790/1915 3068/6789/1915 3066/6788/1915 3064/6787/1915 3062/6786/1915 3060/6785/1915 3058/6784/1915 3056/6783/1915 3054/6782/1915 3052/6781/1915 3050/6780/1915 3048/6779/1915 3046/6778/1915 3044/6777/1915 3042/6776/1915 3040/6775/1915 3038/6774/1915 3036/6773/1915 3033/6772/1915
f 3037/6767/1913 3036/6768/1913 3038/6802/1916 3039/6801/1916
f 3039/6801/1916 3038/6802/1916 3040/6804/1917 3041/6803/1917
f 3041/6803/1917 3040/6804/1917 3042/6806/1918 3043/6805/1918
f 3043/6807/1918 3042/6810/1918 3044/6809/1919 3045/6808/1919
f 3045/6808/1919 3044/6809/1919 3046/6812/1920 3047/6811/1920
f 3047/6811/1920 3046/6812/1920 3048/6814/1921 3049/6813/1921
f 3049/6815/1921 3048/6818/1921 3050/6817/1922 3051/6816/1922
f 3051/6816/1922 3050/6817/1922 3052/6820/1923 3053/6819/1923
f 3053/6819/1923 3052/6820/1923 3054/6822/1924 3055/6821/1924
f 3055/6823/1924 3054/6826/1924 3056/6825/1925 3057/6824/1925
f 3057/6824/1925 3056/6825/1925 3058/6828/1926 3059/6827/1926
f 3059/6827/1926 3058/6828/1926 3060/6830/1927 3061/6829/1927
f 3061/6831/1928 3060/6834/1928 3062/6833/1929 3063/6832/1929
f 3063/6832/1929 3062/6833/1929 3064/6836/1930 3065/6835/1930
f 3066/6837/1931 3067/6838/1931 3065/6835/1930 3064/6836/1930
f 3069/6839/1932 3067/6838/1931 3066/6837/1931 3068/6840/1932
f 3071/6841/1933 3069/6839/1932 3068/6840/1932 3070/6842/1933
f 3073/6843/1934 3071/6846/1935 3070/6845/1935 3072/6844/1934
f 3075/6847/1936 3073/6843/1934 3072/6844/1934 3074/6848/1936
f 3077/6849/1937 3075/6847/1936 3074/6848/1936 3076/6850/1937
f 3079/6851/1938 3077/6854/1937 3076/6853/1937 3078/6852/1938
f 3081/6855/1939 3079/6851/1938 3078/6852/1938 3080/6856/1939
f 3083/6857/1940 3081/6855/1939 3080/6856/1939 3082/6858/1940
f 3085/6859/1941 3083/6862/1940 3082/6861/1940 3084/6860/1941
f 3087/6863/1942 3085/6859/1941 3084/6860/1941 3086/6864/1942
f 3089/6865/1943 3087/6863/1942 3086/6864/1942 3088/6866/1943
f 3091/6867/1944 3089/6870/1943 3088/6869/1943 3090/6868/1944
f 3092/6770/1914 3091/6867/1944 3090/6868/1944 3035/6769/1914
f 3034/6871/1945 3037/6900/1945 3039/6899/1945 3041/6898/1945 3043/6897/1945 3045/6896/1945 3047/6895/1945 3049/6894/1945 3051/6893/1945 3053/6892/1945 3055/6891/1945 3057/6890/1945 3059/6889/1945 3061/6888/1945 3063/6887/1945 3065/6886/1945 3067/6885/1945 3069/6884/1945 3071/6883/1945 3073/6882/1945 3075/6881/1945 3077/6880/1945 3079/6879/1945 3081/6878/1945 3083/6877/1945 3085/6876/1945 3087/6875/1945 3089/6874/1945 3091/6873/1945 3092/6872/1945
f 3093/6901/1946 3095/6904/1946 3100/6903/1946 3094/6902/1946
f 3093/6905/1947 3094/6908/1947 3097/6907/1947 3096/6906/1947
f 3093/6909/1915 3096/6912/1915 3098/6911/1915 3095/6910/1915
f 3096/6913/1948 3097/6916/1948 3099/6915/1948 3098/6914/1948
f 3100/6917/1949 3095/6920/1949 3098/6919/1949 3099/6918/1949
f 3100/6921/1945 3099/6924/1945 3097/6923/1945 3094/6922/1945
f 3101/6925/1950 3102/6928/1950 3105/6927/1951 3104/6926/1951
f 3101/6925/1950 3103/6930/1952 3178/6929/1952 3102/6928/1950
f 3101/6931/1915 3104/6969/1915 3106/6968/1915 3108/6967/1915 3110/6966/1915 3112/6965/1915 3114/6964/1915 3116/6963/1915 3118/6962/1915 3120/6961/1915 3122/6960/1915 3124/6959/1915 3126/6958/1915 3128/6957/1915 3130/6956/1915 3132/6955/1915 3134/6954/1915 3136/6953/1915 3138/6952/1915 3140/6951/1915 3142/6950/1915 3144/6949/1915 3146/6948/1915 3148/6947/1915 3150/6946/1915 3152/6945/1915 3154/6944/1915 3156/6943/1915 3158/6942/1915 3160/6941/1915 3162/6940/1915 3164/6939/1915 3166/6938/1915 3168/6937/1915 3170/6936/1915 3172/6935/1915 3174/6934/1915 3176/6933/1915 3103/6932/1915
f 3104/6926/1951 3105/6927/1951 3107/6971/1953 3106/6970/1953
f 3106/6970/1953 3107/6971/1953 3109/6973/1954 3108/6972/1954
f 3108/6974/1954 3109/6977/1954 3111/6976/1955 3110/6975/1955
f 3110/6975/1955 3111/6976/1955 3113/6979/1956 3112/6978/1956
f 3112/6978/1956 3113/6979/1956 3115/6981/1957 3114/6980/1957
f 3114/6980/1957 3115/6981/1957 3117/6983/1958 3116/6982/1958
f 3116/6982/1958 3117/6983/1958 3119/6985/1959 3118/6984/1959
f 3118/6986/1959 3119/6989/1959 3121/6988/1960 3120/6987/1960
f 3120/6987/1960 3121/6988/1960 3123/6991/1961 3122/6990/1961
f 3122/6990/1961 3123/6991/1961 3125/6993/1962 3124/6992/1962
f 3124/6992/1962 3125/6993/1962 3127/6995/1963 3126/6994/1963
f 3126/6994/1963 3127/6995/1963 3129/6997/1964 3128/6996/1964
f 3128/6996/1964 3129/6997/1964 3131/6999/1965 3130/6998/1965
f 3130/6998/1965 3131/6999/1965 3133/7001/1966 3132/7000/1966
f 3132/7000/1966 3133/7001/1966 3135/7003/1946 3134/7002/1946
f 3134/7002/1946 3135/7003/1946 3137/7005/1946 3136/7004/1946
f 3141/7006/1948 3140/7009/1948 3138/7008/1948 3139/7007/1948
f 3143/7010/1967 3142/7011/1967 3140/7009/1948 3141/7006/1948
f 3145/7012/1968 3144/7013/1968 3142/7011/1967 3143/7010/1967
f 3147/7014/1969 3146/7015/1969 3144/7013/1968 3145/7012/1968
f 3149/7016/1970 3148/7017/1970 3146/7015/1969 3147/7014/1969
f 3151/7018/1971 3150/7019/1971 3148/7017/1970 3149/7016/1970
f 3153/7020/1972 3152/7021/1972 3150/7019/1971 3151/7018/1971
f 3155/7022/1973 3154/7023/1973 3152/7021/1972 3153/7020/1972
f 3157/7024/1974 3156/7025/1974 3154/7023/1973 3155/7022/1973
f 3159/7026/1975 3158/7029/1975 3156/7028/1974 3157/7027/1974
f 3161/7030/1976 3160/7031/1976 3158/7029/1975 3159/7026/1975
f 3163/7032/1977 3162/7033/1977 3160/7031/1976 3161/7030/1976
f 3165/7034/1978 3164/7035/1978 3162/7033/1977 3163/7032/1977
f 3167/7036/1979 3166/7037/1979 3164/7035/1978 3165/7034/1978
f 3169/7038/1980 3168/7039/1980 3166/7037/1979 3167/7036/1979
f 3171/7040/1981 3170/7043/1981 3168/7042/1980 3169/7041/1980
f 3173/7044/1982 3172/7045/1982 3170/7043/1981 3171/7040/1981
f 3175/7046/1983 3174/7047/1983 3172/7045/1982 3173/7044/1982
f 3177/7048/1984 3176/7049/1984 3174/7047/1983 3175/7046/1983
f 3178/7050/1985 3103/7053/1985 3176/7052/1985 3177/7051/1985
f 3178/7054/1945 3177/7092/1945 3175/7091/1945 3173/7090/1945 3171/7089/1945 3169/7088/1945 3167/7087/1945 3165/7086/1945 3163/7085/1945 3161/7084/1945 3159/7083/1945 3157/7082/1945 3155/7081/1945 3153/7080/1945 3151/7079/1945 3149/7078/1945 3147/7077/1945 3145/7076/1945 3143/7075/1945 3141/7074/1945 3139/7073/1945 3137/7072/1945 3135/7071/1945 3133/7070/1945 3131/7069/1945 3129/7068/1945 3127/7067/1945 3125/7066/1945 3123/7065/1945 3121/7064/1945 3119/7063/1945 3117/7062/1945 3115/7061/1945 3113/7060/1945 3111/7059/1945 3109/7058/1945 3107/7057/1945 3105/7056/1945 3102/7055/1945
o hanger_10
v -0.072255 1.397228 0.300466
v -0.072255 1.397228 0.288933
v -0.084250 1.395245 0.300466
v -0.068489 1.397228 0.300466
v -0.068489 1.397228 0.288933
v -0.056494 1.395245 0.300466
v -0.056494 1.395245 0.288933
v -0.043805 1.389297 0.300466
v -0.043805 1.389297 0.288933
v -0.031811 1.379285 0.300466
v -0.031811 1.379285 0.288933
v -0.020676 1.366009 0.300466
v -0.020676 1.366009 0.288933
v -0.009399 1.349023 0.300466
v -0.009399 1.349023 0.288933
v 0.005589 1.332036 0.300466
v 0.005589 1.332036 0.288933
v 0.044029 1.305724 0.300466
v 0.044029 1.305724 0.288933
v 0.156879 1.247140 0.300466
v 0.156879 1.247140 0.288933
v 0.171474 1.234601 0.300466
v 0.171474 1.234601 0.288933
v 0.176827 1.225283 0.300466
v 0.176827 1.225283 0.288933
v 0.180197 1.214379 0.300466
v 0.180197 1.214379 0.288933
v 0.179603 1.208332 0.300466
v 0.179603 1.208332 0.288933
v 0.175439 1.208927 0.300466
v 0.175439 1.208927 0.288933
v -0.069503 1.344348 0.300466
v -0.069503 1.344348 0.288933
v -0.071241 1.344348 0.300466
v -0.071241 1.344348 0.288933
v -0.316183 1.208927 0.300466
v -0.316183 1.208927 0.288933
v -0.320347 1.208332 0.300466
v -0.320347 1.208332 0.288933
v -0.320941 1.214379 0.300466
v -0.320941 1.214379 0.288933
v -0.317571 1.225283 0.300466
v -0.317571 1.225283 0.288933
v -0.312218 1.234601 0.300466
v -0.312218 1.234601 0.288933
v -0.297623 1.247140 0.300466
v -0.297623 1.247140 0.288933
v -0.184772 1.305724 0.300466
v -0.184772 1.305724 0.288933
v -0.146333 1.332036 0.300466
v -0.146333 1.332036 0.288933
v -0.131345 1.349023 0.300466
v -0.131345 1.349023 0.288933
v -0.120068 1.366009 0.300466
v -0.120068 1.366009 0.288933
v -0.108933 1.379285 0.300466
v -0.108933 1.379285 0.288933
v -0.096939 1.389297 0.300466
v -0.096939 1.389297 0.288933
v -0.084250 1.395245 0.288933
v -0.310510 1.213406 0.297211
v -0.310510 1.213406 0.292188
v -0.310510 1.223031 0.297211
v 0.169766 1.213406 0.297211
v 0.169766 1.213406 0.292188
v 0.169766 1.223031 0.297211
v 0.169766 1.223031 0.292188
v -0.310510 1.223031 0.292188
v -0.104704 1.454196 0.297006
v -0.104704 1.454196 0.292393
v -0.109632 1.449377 0.297006
v -0.102811 1.459187 0.297006
v -0.102811 1.459187 0.292393
v -0.099599 1.467562 0.297006
v -0.099599 1.467562 0.292393
v -0.094642 1.473428 0.297006
v -0.094642 1.473428 0.292393
v -0.087786 1.477475 0.297006
v -0.087786 1.477475 0.292393
v -0.081259 1.478384 0.297006
v -0.081259 1.478384 0.292393
v -0.072173 1.477806 0.297006
v -0.072173 1.477806 0.292393
v -0.064159 1.474501 0.297006
v -0.064159 1.474501 0.292393
v -0.058459 1.469132 0.297006
v -0.058459 1.469132 0.292393
v -0.054577 1.461119 0.297006
v -0.054577 1.461119 0.292393
v -0.053668 1.454262 0.297006
v -0.053668 1.454262 0.292393
v -0.055899 1.445919 0.297006
v -0.055899 1.445919 0.292393
v -0.063581 1.434849 0.297006
v -0.063581 1.434849 0.292393
v -0.068125 1.428406 0.297006
v -0.068125 1.428406 0.292393
v -0.071016 1.422871 0.297006
v -0.071016 1.422871 0.292393
v -0.072255 1.419649 0.297006
v -0.072255 1.419649 0.292393
v -0.072255 1.403443 0.297006
v -0.072255 1.403443 0.292393
v -0.072255 1.397228 0.297006
v -0.072255 1.397228 0.292393
v -0.068489 1.397027 0.297006
v -0.068489 1.397027 0.292393
v -0.068489 1.403242 0.297006
v -0.068489 1.403242 0.292393
v -0.068489 1.420525 0.297006
v -0.068489 1.420525 0.292393
v -0.064290 1.428097 0.297006
v -0.064290 1.428097 0.292393
v -0.058507 1.435670 0.297006
v -0.058507 1.435670 0.292393
v -0.054239 1.442348 0.297006
v -0.054239 1.442348 0.292393
v -0.051210 1.449645 0.297006
v -0.051210 1.449645 0.292393
v -0.050797 1.458800 0.297006
v -0.050797 1.458800 0.292393
v -0.052587 1.465753 0.297006
v -0.052587 1.465753 0.292393
v -0.058204 1.474262 0.297006
v -0.058204 1.474262 0.292393
v -0.066052 1.479632 0.297006
v -0.066052 1.479632 0.292393
v -0.072413 1.481449 0.297006
v -0.072413 1.481449 0.292393
v -0.080343 1.481945 0.297006
v -0.080343 1.481945 0.292393
v -0.087200 1.480540 0.297006
v -0.087200 1.480540 0.292393
v -0.094552 1.476905 0.297006
v -0.094552 1.476905 0.292393
v -0.099343 1.472527 0.297006
v -0.099343 1.472527 0.292393
v -0.103061 1.467158 0.297006
v -0.103061 1.467158 0.292393
v -0.105240 1.460733 0.297006
v -0.105240 1.460733 0.292393
v -0.107879 1.455512 0.297006
v -0.107879 1.455512 0.292393
v -0.111664 1.451568 0.297006
v -0.111664 1.451568 0.292393
v -0.109632 1.449377 0.292393
vn -0.0818 0.9966 -0.0000
vn 0.0818 0.9966 -0.0000
vn -0.2965 0.9550 -0.0000
vn -0.0000 -0.0000 1.0000
vn 0.2965 0.9550 -0.0000
vn 0.5371 0.8435 -0.0000
vn 0.7063 0.7079 -0.0000
vn 0.8009 0.5988 -0.0000
vn 0.7933 0.6088 -0.0000
vn 0.6624 0.7491 -0.0000
vn 0.5137 0.8579 -0.0000
vn 0.5599 0.8285 -0.0000
vn 0.7705 0.6375 -0.0000
vn 0.9169 0.3992 -0.0000
vn 0.9949 0.1007 -0.0000
vn 0.9952 -0.0979 -0.0000
vn -0.1414 -0.9899 -0.0000
vn -0.3179 -0.9481 -0.0000
vn -0.2498 -0.9683 -0.0000
vn 0.2498 -0.9683 -0.0000
vn 0.3179 -0.9481 -0.0000
vn 0.1414 -0.9899 -0.0000
vn -0.9949 0.1007 -0.0000
vn -0.9952 -0.0979 -0.0000
vn -0.9169 0.3992 -0.0000
vn -0.7705 0.6375 -0.0000
vn -0.5599 0.8285 -0.0000
vn -0.5137 0.8579 -0.0000
vn -0.6624 0.7491 -0.0000
vn -0.7933 0.6088 -0.0000
vn -0.8009 0.5988 -0.0000
vn -0.7063 0.7079 -0.0000
vn -0.5371 0.8435 -0.0000
vn -0.0000 -0.0000 -1.0000
vn -1.0000 -0.0000 -0.0000
vn -0.0000 -1.0000 -0.0000
vn 1.0000 -0.0000 -0.0000
vn -0.0000 1.0000 -0.0000
vn 0.8367 -0.5477 -0.0000
vn 0.9343 -0.3564 -0.0000
vn 0.6991 -0.7150 -0.0000
vn 0.8608 -0.5089 -0.0000
vn 0.6452 -0.7640 -0.0000
vn 0.3295 -0.9441 -0.0000
vn 0.0374 -0.9993 -0.0000
vn -0.2254 -0.9743 -0.0000
vn -0.5424 -0.8401 -0.0000
vn -0.8061 -0.5917 -0.0000
vn -0.9578 -0.2874 -0.0000
vn -0.9979 0.0647 -0.0000
vn -0.9073 0.4205 -0.0000
vn -0.8194 0.5732 -0.0000
vn -0.8537 0.5208 -0.0000
vn -0.9113 0.4117 -0.0000
vn -0.9832 0.1826 -0.0000
vn 0.9681 -0.2505 -0.0000
vn 0.8369 -0.5474 -0.0000
vn 0.8194 -0.5732 -0.0000
vn 0.8865 -0.4627 -0.0000
vn 0.9761 -0.2175 -0.0000
vn 0.9947 0.1033 -0.0000
vn 0.9140 0.4057 -0.0000
vn 0.7129 0.7012 -0.0000
vn 0.4252 0.9051 -0.0000
vn 0.1695 0.9855 -0.0000
vn -0.0697 0.9976 -0.0000
vn -0.3246 0.9459 -0.0000
vn -0.5644 0.8255 -0.0000
vn -0.7531 0.6579 -0.0000
vn -0.8932 0.4496 -0.0000
vn -0.9220 0.3872 -0.0000
vn -0.8160 0.5781 -0.0000
vn -0.7215 0.6924 -0.0000
vn -0.7333 -0.6799 -0.0000
vt 0.024875 0.905262
vt 0.008039 0.905262
vt 0.008039 0.903703
vt 0.024875 0.903703
vt 0.024875 0.910248
vt 0.008039 0.910248
vt 0.385974 0.564604
vt 0.385153 0.559639
vt 0.385153 0.558079
vt 0.385974 0.553114
vt 0.388436 0.547861
vt 0.392581 0.542895
vt 0.398077 0.538285
vt 0.405110 0.533617
vt 0.412142 0.527412
vt 0.423035 0.511498
vt 0.447288 0.464780
vt 0.452479 0.458738
vt 0.456336 0.456521
vt 0.460851 0.455126
vt 0.463354 0.455372
vt 0.463108 0.457096
vt 0.407045 0.558499
vt 0.407045 0.559219
vt 0.463108 0.660622
vt 0.463354 0.662346
vt 0.460851 0.662592
vt 0.456336 0.661196
vt 0.452479 0.658980
vt 0.447288 0.652938
vt 0.423035 0.606219
vt 0.412142 0.590306
vt 0.405110 0.584101
vt 0.398077 0.579432
vt 0.392581 0.574823
vt 0.388436 0.569857
vt 0.008039 0.898761
vt 0.024875 0.898761
vt 0.008039 0.893576
vt 0.024875 0.893576
vt 0.577695 0.893037
vt 0.577695 0.898439
vt 0.560859 0.898439
vt 0.560859 0.893037
vt 0.577695 0.905032
vt 0.560859 0.905032
vt 0.577695 0.913113
vt 0.560859 0.913113
vt 0.577695 0.921638
vt 0.560859 0.921638
vt 0.354743 0.865636
vt 0.354743 0.850021
vt 0.371579 0.850021
vt 0.371578 0.865636
vt 0.354743 0.803972
vt 0.371579 0.803972
vt 0.891112 0.419631
vt 0.891112 0.426345
vt 0.874276 0.426345
vt 0.874276 0.419631
vt 0.891112 0.430678
vt 0.874276 0.430678
vt 0.891112 0.435403
vt 0.874276 0.435403
vt 0.891112 0.437729
vt 0.874276 0.437729
vt 0.590546 0.455126
vt 0.590546 0.456844
vt 0.573711 0.456844
vt 0.573711 0.455126
vt 0.590547 0.557036
vt 0.573711 0.557036
vt 0.573711 0.557755
vt 0.590547 0.557755
vt 0.590546 0.660324
vt 0.573711 0.660324
vt 0.590546 0.662053
vt 0.573711 0.662053
vt 0.955538 0.330075
vt 0.955538 0.313239
vt 0.957971 0.313239
vt 0.957971 0.330075
vt 0.950860 0.330075
vt 0.950860 0.313239
vt 0.946700 0.330075
vt 0.946700 0.313239
vt 0.420570 0.843409
vt 0.437406 0.843409
vt 0.437406 0.849588
vt 0.420570 0.849588
vt 0.420570 0.796054
vt 0.437406 0.796054
vt 0.420570 0.779853
vt 0.437406 0.779853
vt 0.073867 0.907417
vt 0.090703 0.907417
vt 0.090703 0.915345
vt 0.073867 0.915345
vt 0.073867 0.899734
vt 0.090703 0.899734
vt 0.073867 0.893576
vt 0.090703 0.893576
vt 0.008039 0.915565
vt 0.024875 0.915565
vt 0.024875 0.920640
vt 0.008039 0.920640
vt 0.479432 0.558079
vt 0.480253 0.553114
vt 0.482715 0.547861
vt 0.486860 0.542895
vt 0.492356 0.538285
vt 0.499388 0.533617
vt 0.506421 0.527412
vt 0.517313 0.511498
vt 0.541566 0.464779
vt 0.546757 0.458737
vt 0.550615 0.456521
vt 0.555129 0.455126
vt 0.557633 0.455372
vt 0.557386 0.457096
vt 0.501324 0.558499
vt 0.501324 0.559219
vt 0.557386 0.660622
vt 0.557633 0.662346
vt 0.555129 0.662592
vt 0.550615 0.661196
vt 0.546757 0.658980
vt 0.541566 0.652938
vt 0.517313 0.606219
vt 0.506421 0.590306
vt 0.499388 0.584101
vt 0.492356 0.579432
vt 0.486860 0.574823
vt 0.482715 0.569857
vt 0.480253 0.564604
vt 0.479432 0.559639
vt 0.564794 0.969788
vt 0.564794 0.977120
vt 0.560859 0.977120
vt 0.560859 0.969788
vt 0.733817 0.206823
vt 0.733817 0.008039
vt 0.741149 0.008039
vt 0.741149 0.206823
vt 0.252774 0.877498
vt 0.248790 0.877498
vt 0.248790 0.678670
vt 0.252774 0.678670
vt 0.650348 0.980352
vt 0.646533 0.980352
vt 0.646533 0.973020
vt 0.650348 0.973020
vt 0.757227 0.421657
vt 0.757227 0.222901
vt 0.764559 0.222901
vt 0.764559 0.421657
vt 0.268852 0.678670
vt 0.272837 0.678670
vt 0.272837 0.877498
vt 0.268852 0.877498
vt 0.556913 0.718318
vt 0.555161 0.718318
vt 0.555161 0.711583
vt 0.556913 0.711583
vt 0.827456 0.439016
vt 0.827456 0.432282
vt 0.829538 0.432282
vt 0.829538 0.439016
vt 0.878363 0.607817
vt 0.875540 0.608234
vt 0.875392 0.607006
vt 0.877619 0.606604
vt 0.879772 0.605496
vt 0.882064 0.603872
vt 0.884615 0.602976
vt 0.887285 0.602674
vt 0.890632 0.603242
vt 0.893271 0.604438
vt 0.895809 0.606532
vt 0.897499 0.608687
vt 0.898824 0.612394
vt 0.898638 0.616611
vt 0.897548 0.619376
vt 0.895185 0.622344
vt 0.892396 0.624053
vt 0.889343 0.625254
vt 0.885564 0.626386
vt 0.882316 0.627903
vt 0.878116 0.633695
vt 0.876605 0.635778
vt 0.875392 0.634796
vt 0.876902 0.632713
vt 0.880841 0.627281
vt 0.882040 0.626503
vt 0.884354 0.625351
vt 0.887443 0.624295
vt 0.892708 0.622453
vt 0.895483 0.620199
vt 0.896845 0.617680
vt 0.897491 0.614051
vt 0.896886 0.610866
vt 0.895004 0.607811
vt 0.892099 0.605409
vt 0.889691 0.604127
vt 0.886409 0.603817
vt 0.883323 0.604578
vt 0.880210 0.606604
vt 0.552226 0.718318
vt 0.552226 0.711583
vt 0.453484 0.963151
vt 0.453484 0.961048
vt 0.460219 0.961048
vt 0.460219 0.963151
vt 0.453484 0.958175
vt 0.460219 0.958175
vt 0.453484 0.955466
vt 0.460219 0.955466
vt 0.453484 0.951710
vt 0.460219 0.951710
vt 0.453484 0.948422
vt 0.460219 0.948422
vt 0.453484 0.946110
vt 0.460219 0.946110
vt 0.937852 0.793787
vt 0.937852 0.796808
vt 0.931118 0.796808
vt 0.931118 0.793787
vt 0.937852 0.799551
vt 0.931118 0.799551
vt 0.937852 0.803108
vt 0.931118 0.803108
vt 0.937852 0.808137
vt 0.931118 0.808137
vt 0.937852 0.811069
vt 0.931118 0.811069
vt 0.937852 0.813521
vt 0.931118 0.813521
vt 0.937852 0.814919
vt 0.931118 0.814919
vt 0.937852 0.821544
vt 0.931118 0.821544
vt 0.937852 0.824084
vt 0.931118 0.824084
vt 0.136327 0.972501
vt 0.136327 0.974964
vt 0.129593 0.974964
vt 0.129593 0.972501
vt 0.136327 0.965651
vt 0.129593 0.965651
vt 0.136327 0.963151
vt 0.129593 0.963151
vt 0.672452 0.978875
vt 0.674912 0.978875
vt 0.674912 0.985609
vt 0.672452 0.985609
vt 0.960665 0.847578
vt 0.960665 0.849715
vt 0.953930 0.849715
vt 0.953930 0.847578
vt 0.960665 0.845048
vt 0.953930 0.845048
vt 0.960665 0.841468
vt 0.953930 0.841468
vt 0.960665 0.838499
vt 0.953930 0.838499
vt 0.960665 0.834455
vt 0.953930 0.834455
vt 0.808509 0.963588
vt 0.808509 0.960400
vt 0.815244 0.960400
vt 0.815244 0.963588
vt 0.808509 0.966200
vt 0.815244 0.966200
vt 0.808509 0.969476
vt 0.815244 0.969476
vt 0.808509 0.972329
vt 0.815244 0.972329
vt 0.808509 0.975412
vt 0.815244 0.975412
vt 0.152405 0.965256
vt 0.152405 0.963151
vt 0.159140 0.963151
vt 0.159140 0.965256
vt 0.152405 0.967694
vt 0.159140 0.967694
vt 0.152405 0.970464
vt 0.159140 0.970464
vt 0.152405 0.972771
vt 0.159140 0.972771
vt 0.152405 0.974631
vt 0.159140 0.974631
vt 0.830360 0.432282
vt 0.830360 0.439016
vt 0.898675 0.657417
vt 0.895853 0.656999
vt 0.894005 0.655787
vt 0.890893 0.653761
vt 0.887806 0.653000
vt 0.884525 0.653310
vt 0.882117 0.654591
vt 0.879212 0.656994
vt 0.877330 0.660049
vt 0.876724 0.663233
vt 0.877371 0.666863
vt 0.878733 0.669381
vt 0.881508 0.671635
vt 0.886773 0.673478
vt 0.889862 0.674533
vt 0.892176 0.675685
vt 0.893374 0.676464
vt 0.897313 0.681895
vt 0.898824 0.683978
vt 0.897610 0.684961
vt 0.896100 0.682878
vt 0.891899 0.677086
vt 0.888651 0.675569
vt 0.884873 0.674436
vt 0.881820 0.673236
vt 0.879031 0.671526
vt 0.876667 0.668558
vt 0.875577 0.665793
vt 0.875392 0.661576
vt 0.876717 0.657869
vt 0.878407 0.655714
vt 0.880944 0.653621
vt 0.883583 0.652425
vt 0.886931 0.651856
vt 0.889601 0.652159
vt 0.892151 0.653055
vt 0.894444 0.654678
vt 0.896597 0.655787
vt 0.898824 0.656188
s 1
usemtl box_hanger
f 3179/7093/1986 3182/7096/1987 3183/7095/1987 3180/7094/1986
f 3180/7094/1986 3238/7098/1988 3181/7097/1988 3179/7093/1986
f 3181/7099/1989 3236/7128/1989 3234/7127/1989 3232/7126/1989 3230/7125/1989 3228/7124/1989 3226/7123/1989 3224/7122/1989 3222/7121/1989 3220/7120/1989 3218/7119/1989 3216/7118/1989 3214/7117/1989 3212/7116/1989 3210/7115/1989 3208/7114/1989 3206/7113/1989 3204/7112/1989 3202/7111/1989 3200/7110/1989 3198/7109/1989 3196/7108/1989 3194/7107/1989 3192/7106/1989 3190/7105/1989 3188/7104/1989 3186/7103/1989 3184/7102/1989 3182/7101/1989 3179/7100/1989
f 3183/7095/1987 3182/7096/1987 3184/7130/1990 3185/7129/1990
f 3185/7129/1990 3184/7130/1990 3186/7132/1991 3187/7131/1991
f 3187/7133/1991 3186/7136/1991 3188/7135/1992 3189/7134/1992
f 3189/7134/1992 3188/7135/1992 3190/7138/1993 3191/7137/1993
f 3191/7137/1993 3190/7138/1993 3192/7140/1994 3193/7139/1994
f 3193/7139/1994 3192/7140/1994 3194/7142/1995 3195/7141/1995
f 3195/7143/1995 3194/7146/1995 3196/7145/1996 3197/7144/1996
f 3197/7144/1996 3196/7145/1996 3198/7148/1997 3199/7147/1997
f 3199/7149/1997 3198/7152/1997 3200/7151/1998 3201/7150/1998
f 3201/7150/1998 3200/7151/1998 3202/7154/1999 3203/7153/1999
f 3203/7153/1999 3202/7154/1999 3204/7156/2000 3205/7155/2000
f 3205/7155/2000 3204/7156/2000 3206/7158/2001 3207/7157/2001
f 3207/7159/2002 3206/7162/2002 3208/7161/2003 3209/7160/2003
f 3209/7160/2003 3208/7161/2003 3210/7164/2004 3211/7163/2004
f 3212/7165/2005 3213/7166/2005 3211/7163/2004 3210/7164/2004
f 3215/7167/2006 3213/7166/2005 3212/7165/2005 3214/7168/2006
f 3217/7169/2007 3215/7167/2006 3214/7168/2006 3216/7170/2007
f 3219/7171/2008 3217/7174/2009 3216/7173/2009 3218/7172/2008
f 3221/7175/2010 3219/7171/2008 3218/7172/2008 3220/7176/2010
f 3223/7177/2011 3221/7175/2010 3220/7176/2010 3222/7178/2011
f 3225/7179/2012 3223/7182/2011 3222/7181/2011 3224/7180/2012
f 3227/7183/2013 3225/7179/2012 3224/7180/2012 3226/7184/2013
f 3229/7185/2014 3227/7183/2013 3226/7184/2013 3228/7186/2014
f 3231/7187/2015 3229/7190/2014 3228/7189/2014 3230/7188/2015
f 3233/7191/2016 3231/7187/2015 3230/7188/2015 3232/7192/2016
f 3235/7193/2017 3233/7191/2016 3232/7192/2016 3234/7194/2017
f 3237/7195/2018 3235/7198/2017 3234/7197/2017 3236/7196/2018
f 3238/7098/1988 3237/7195/2018 3236/7196/2018 3181/7097/1988
f 3180/7199/2019 3183/7228/2019 3185/7227/2019 3187/7226/2019 3189/7225/2019 3191/7224/2019 3193/7223/2019 3195/7222/2019 3197/7221/2019 3199/7220/2019 3201/7219/2019 3203/7218/2019 3205/7217/2019 3207/7216/2019 3209/7215/2019 3211/7214/2019 3213/7213/2019 3215/7212/2019 3217/7211/2019 3219/7210/2019 3221/7209/2019 3223/7208/2019 3225/7207/2019 3227/7206/2019 3229/7205/2019 3231/7204/2019 3233/7203/2019 3235/7202/2019 3237/7201/2019 3238/7200/2019
f 3239/7229/2020 3241/7232/2020 3246/7231/2020 3240/7230/2020
f 3239/7233/2021 3240/7236/2021 3243/7235/2021 3242/7234/2021
f 3239/7237/1989 3242/7240/1989 3244/7239/1989 3241/7238/1989
f 3242/7241/2022 3243/7244/2022 3245/7243/2022 3244/7242/2022
f 3246/7245/2023 3241/7248/2023 3244/7247/2023 3245/7246/2023
f 3246/7249/2019 3245/7252/2019 3243/7251/2019 3240/7250/2019
f 3247/7253/2024 3248/7256/2024 3251/7255/2025 3250/7254/2025
f 3247/7257/2024 3249/7260/2026 3324/7259/2026 3248/7258/2024
f 3247/7261/1989 3250/7299/1989 3252/7298/1989 3254/7297/1989 3256/7296/1989 3258/7295/1989 3260/7294/1989 3262/7293/1989 3264/7292/1989 3266/7291/1989 3268/7290/1989 3270/7289/1989 3272/7288/1989 3274/7287/1989 3276/7286/1989 3278/7285/1989 3280/7284/1989 3282/7283/1989 3284/7282/1989 3286/7281/1989 3288/7280/1989 3290/7279/1989 3292/7278/1989 3294/7277/1989 3296/7276/1989 3298/7275/1989 3300/7274/1989 3302/7273/1989 3304/7272/1989 3306/7271/1989 3308/7270/1989 3310/7269/1989 3312/7268/1989 3314/7267/1989 3316/7266/1989 3318/7265/1989 3320/7264/1989 3322/7263/1989 3249/7262/1989
f 3250/7254/2025 3251/7255/2025 3253/7301/2027 3252/7300/2027
f 3252/7302/2027 3253/7305/2027 3255/7304/2028 3254/7303/2028
f 3254/7303/2028 3255/7304/2028 3257/7307/2029 3256/7306/2029
f 3256/7306/2029 3257/7307/2029 3259/7309/2030 3258/7308/2030
f 3258/7308/2030 3259/7309/2030 3261/7311/2031 3260/7310/2031
f 3260/7310/2031 3261/7311/2031 3263/7313/2032 3262/7312/2032
f 3262/7312/2032 3263/7313/2032 3265/7315/2033 3264/7314/2033
f 3264/7316/2033 3265/7319/2033 3267/7318/2034 3266/7317/2034
f 3266/7317/2034 3267/7318/2034 3269/7321/2035 3268/7320/2035
f 3268/7320/2035 3269/7321/2035 3271/7323/2036 3270/7322/2036
f 3270/7322/2036 3271/7323/2036 3273/7325/2037 3272/7324/2037
f 3272/7324/2037 3273/7325/2037 3275/7327/2038 3274/7326/2038
f 3274/7326/2038 3275/7327/2038 3277/7329/2039 3276/7328/2039
f 3276/7328/2039 3277/7329/2039 3279/7331/2040 3278/7330/2040
f 3278/7330/2040 3279/7331/2040 3281/7333/2020 3280/7332/2020
f 3280/7332/2020 3281/7333/2020 3283/7335/2020 3282/7334/2020
f 3287/7336/2022 3286/7339/2022 3284/7338/2022 3285/7337/2022
f 3289/7340/2041 3288/7341/2041 3286/7339/2022 3287/7336/2022
f 3291/7342/2042 3290/7343/2042 3288/7341/2041 3289/7340/2041
f 3293/7344/2043 3292/7347/2043 3290/7346/2042 3291/7345/2042
f 3295/7348/2044 3294/7351/2044 3292/7350/2043 3293/7349/2043
f 3297/7352/2045 3296/7353/2045 3294/7351/2044 3295/7348/2044
f 3299/7354/2046 3298/7355/2046 3296/7353/2045 3297/7352/2045
f 3301/7356/2047 3300/7357/2047 3298/7355/2046 3299/7354/2046
f 3303/7358/2048 3302/7359/2048 3300/7357/2047 3301/7356/2047
f 3305/7360/2049 3304/7363/2049 3302/7362/2048 3303/7361/2048
f 3307/7364/2050 3306/7365/2050 3304/7363/2049 3305/7360/2049
f 3309/7366/2051 3308/7367/2051 3306/7365/2050 3307/7364/2050
f 3311/7368/2052 3310/7369/2052 3308/7367/2051 3309/7366/2051
f 3313/7370/2053 3312/7371/2053 3310/7369/2052 3311/7368/2052
f 3315/7372/2054 3314/7375/2054 3312/7374/2053 3313/7373/2053
f 3317/7376/2055 3316/7377/2055 3314/7375/2054 3315/7372/2054
f 3319/7378/2056 3318/7379/2056 3316/7377/2055 3317/7376/2055
f 3321/7380/2057 3320/7381/2057 3318/7379/2056 3319/7378/2056
f 3323/7382/2058 3322/7383/2058 3320/7381/2057 3321/7380/2057
f 3324/7259/2059 3249/7260/2059 3322/7385/2059 3323/7384/2059
f 3324/7386/2019 3323/7424/2019 3321/7423/2019 3319/7422/2019 3317/7421/2019 3315/7420/2019 3313/7419/2019 3311/7418/2019 3309/7417/2019 3307/7416/2019 3305/7415/2019 3303/7414/2019 3301/7413/2019 3299/7412/2019 3297/7411/2019 3295/7410/2019 3293/7409/2019 3291/7408/2019 3289/7407/2019 3287/7406/2019 3285/7405/2019 3283/7404/2019 3281/7403/2019 3279/7402/2019 3277/7401/2019 3275/7400/2019 3273/7399/2019 3271/7398/2019 3269/7397/2019 3267/7396/2019 3265/7395/2019 3263/7394/2019 3261/7393/2019 3259/7392/2019 3257/7391/2019 3255/7390/2019 3253/7389/2019 3251/7388/2019 3248/7387/2019
o pillow_1
v -0.299821 1.648035 -0.251554
v -0.048054 1.660356 -0.275416
v -0.019794 1.659650 -0.284092
v 0.008752 1.658919 -0.273082
v 0.084482 1.652502 -0.268872
v 0.159704 1.647703 -0.274006
v 0.146760 1.645303 -0.339619
v 0.136554 1.660138 -0.504114
v 0.141269 1.653964 -0.634585
v 0.133826 1.650583 -0.668206
v 0.143969 1.661114 -0.706681
v 0.145645 1.647442 -0.811047
v 0.159849 1.648066 -0.898018
v 0.143603 1.648023 -0.917076
v -0.018124 1.650112 -0.880479
v -0.137510 1.649421 -0.882049
v -0.162862 1.658911 -0.894667
v -0.241337 1.650614 -0.899312
v -0.299785 1.648015 -0.916199
v -0.315843 1.647885 -0.894623
v -0.303265 1.647361 -0.830494
v -0.290950 1.631275 -0.667679
v -0.299932 1.659775 -0.461879
v -0.303829 1.651469 -0.348532
v -0.316033 1.647655 -0.267540
v 0.141968 1.632695 -0.270756
v -0.019665 1.627598 -0.292627
v -0.138024 1.632648 -0.290187
v -0.283056 1.630225 -0.274024
v -0.302569 1.632029 -0.270227
v 0.117698 1.617812 -0.300250
v 0.001712 1.624461 -0.309477
v -0.057125 1.619191 -0.305283
v -0.138811 1.623279 -0.307914
v -0.280264 1.618009 -0.301384
v 0.144575 1.633192 -0.296969
v 0.071619 1.633463 -0.349453
v -0.025778 1.634914 -0.339088
v -0.299702 1.630268 -0.297688
v -0.139165 1.636334 -0.339420
v 0.127419 1.620011 -0.324699
v 0.067497 1.642861 -0.405927
v -0.260589 1.628454 -0.338865
v -0.290012 1.633807 -0.500345
v -0.108633 1.654864 -0.457526
v -0.278617 1.625609 -0.511127
v 0.127660 1.622653 -0.487023
v -0.217861 1.647503 -0.444601
v -0.295193 1.637896 -0.534720
v 0.001611 1.657782 -0.599336
v 0.078053 1.644578 -0.593882
v -0.255138 1.636426 -0.557640
v -0.111513 1.656465 -0.686454
v -0.279138 1.624483 -0.622046
v 0.127474 1.625203 -0.672608
v 0.025991 1.644555 -0.773521
v -0.213763 1.645465 -0.750764
v 0.128063 1.622705 -0.840494
v 0.094417 1.631316 -0.832679
v -0.084329 1.638856 -0.824919
v 0.144455 1.632415 -0.871298
v 0.122448 1.620225 -0.867543
v -0.030711 1.624563 -0.864439
v -0.148165 1.626053 -0.862128
v -0.266581 1.622560 -0.869310
v -0.283801 1.620672 -0.866989
v -0.299623 1.630911 -0.870798
v 0.143036 1.632246 -0.897842
v 0.006286 1.630759 -0.883442
v -0.027974 1.625741 -0.874176
v -0.105966 1.632599 -0.880516
v -0.151478 1.628116 -0.879587
v -0.282847 1.629886 -0.895264
v -0.302461 1.631977 -0.898644
v 0.169460 1.660145 -0.236977
v 0.171994 1.663124 -0.933401
v -0.326915 1.660347 -0.933548
v -0.327445 1.659469 -0.236742
v -0.299759 1.671636 -0.252081
v -0.252178 1.674110 -0.269667
v -0.166486 1.658175 -0.273930
v -0.107314 1.661000 -0.276048
v 0.093860 1.673576 -0.270046
v 0.159626 1.671636 -0.274257
v 0.148657 1.670034 -0.330570
v 0.143707 1.657470 -0.465054
v 0.142715 1.660817 -0.544401
v 0.129889 1.689458 -0.666732
v 0.149739 1.672103 -0.849108
v 0.103938 1.672495 -0.900858
v 0.007046 1.662395 -0.893562
v -0.020169 1.689806 -0.873668
v -0.037239 1.680743 -0.883519
v -0.136640 1.671787 -0.880884
v -0.239415 1.671890 -0.897746
v -0.303528 1.672647 -0.917291
v -0.315666 1.671676 -0.894443
v -0.304067 1.671581 -0.833908
v -0.300265 1.662462 -0.710135
v -0.298693 1.660000 -0.628106
v -0.296852 1.669514 -0.533606
v -0.304200 1.672639 -0.328848
v 0.143086 1.686635 -0.271291
v -0.018652 1.694093 -0.296506
v -0.139994 1.694553 -0.297736
v -0.297683 1.687170 -0.271404
v -0.064972 1.708448 -0.314164
v -0.071856 1.721981 -0.344882
v -0.259589 1.703015 -0.302044
v -0.299774 1.687458 -0.298086
v 0.143858 1.687218 -0.298091
v 0.126885 1.699208 -0.298233
v 0.047155 1.731509 -0.402292
v -0.040674 1.735625 -0.401093
v -0.282000 1.700838 -0.307207
v 0.104901 1.711081 -0.330238
v -0.225659 1.725069 -0.375292
v 0.109766 1.712905 -0.468240
v -0.173026 1.738369 -0.453233
v -0.282693 1.694383 -0.503356
v 0.125423 1.697225 -0.503691
v -0.270970 1.708355 -0.500750
v -0.244946 1.724823 -0.555003
v -0.083729 1.747705 -0.568284
v 0.061873 1.733340 -0.591850
v 0.002017 1.742169 -0.662538
v -0.171468 1.740296 -0.669748
v 0.113692 1.711629 -0.659740
v -0.120978 1.739771 -0.731623
v -0.285916 1.690643 -0.668872
v -0.224994 1.727129 -0.765580
v 0.043437 1.730507 -0.774891
v 0.099749 1.714214 -0.833922
v -0.035110 1.723709 -0.821815
v -0.209789 1.719208 -0.828547
v -0.276388 1.705927 -0.836966
v -0.299240 1.689566 -0.870288
v 0.138259 1.694171 -0.863269
v 0.120810 1.699360 -0.874010
v -0.024905 1.708986 -0.854500
v -0.100272 1.708382 -0.853488
v -0.276418 1.698979 -0.874566
v -0.301949 1.687501 -0.897797
v 0.145954 1.687854 -0.897986
v 0.126367 1.689628 -0.893771
v -0.133163 1.693279 -0.872300
v -0.282091 1.689539 -0.893798
v 0.103906 1.649061 -0.902226
v 0.143988 1.647626 -0.251857
v -0.289869 1.672184 -0.500495
v -0.042116 1.653930 -0.890747
v -0.111624 1.660867 -0.892595
v -0.261711 1.650018 -0.266217
v -0.137969 1.670564 -0.288674
vn -0.3526 -0.8658 0.3550
vn -0.8229 -0.5681 0.0128
vn -0.6529 -0.7574 -0.0055
vn -0.9863 -0.1517 -0.0653
vn -0.8642 -0.5028 -0.0194
vn -0.8937 -0.4444 0.0616
vn -0.9948 0.0852 -0.0555
vn -0.8678 -0.4965 0.0204
vn -0.9745 -0.2075 0.0851
vn -0.6385 -0.7696 0.0127
vn -0.1347 -0.1849 0.9735
vn 0.2965 -0.8870 0.3541
vn -0.0657 -0.6428 0.7632
vn 0.0056 -0.7247 0.6891
vn 0.2180 -0.2494 0.9435
vn 0.0294 -0.6234 0.7814
vn 0.2116 0.0163 0.9772
vn -0.0026 -0.9954 0.0961
vn -0.0152 -0.9999 0.0034
vn 0.0042 -0.9991 0.0430
vn -0.0872 -0.9761 -0.1991
vn 0.1154 -0.9875 0.1070
vn 0.2265 -0.9645 -0.1358
vn 0.0205 -0.9624 -0.2708
vn 0.2530 -0.9664 -0.0444
vn 0.4040 -0.9134 -0.0492
vn 0.6581 -0.7528 -0.0142
vn 0.1884 -0.9803 -0.0595
vn 0.9643 -0.2517 -0.0821
vn 0.9947 -0.0179 -0.1016
vn 0.0145 -0.9966 -0.0807
vn -0.1191 -0.9927 -0.0175
vn -0.1636 -0.9810 0.1040
vn 0.3453 -0.9385 0.0047
vn 0.9991 0.0402 0.0102
vn 0.9991 0.0291 0.0318
vn -0.0825 -0.9966 0.0078
vn -0.2693 -0.9630 0.0018
vn -0.1683 -0.9822 -0.0834
vn 0.0305 -0.9980 0.0554
vn 0.4206 -0.9070 0.0231
vn 0.9938 -0.0944 -0.0580
vn 0.9957 -0.0929 -0.0009
vn -0.1266 -0.9793 0.1582
vn 0.1585 -0.9845 0.0750
vn 0.1797 -0.9825 0.0485
vn -0.0755 -0.9970 0.0163
vn -0.1634 -0.9838 -0.0731
vn 0.9699 -0.2344 0.0657
vn 0.9941 0.0004 0.1085
vn 0.6661 -0.7448 0.0394
vn -0.0732 -0.9914 0.1083
vn 0.0012 -0.9738 0.2273
vn 0.0653 -0.9946 -0.0801
vn 0.8404 -0.5420 -0.0045
vn -0.0184 -0.9976 0.0665
vn 0.1407 -0.9865 -0.0843
vn 0.0308 -0.9959 0.0846
vn 0.0254 -0.8312 -0.5554
vn -0.1371 -0.6504 -0.7471
vn -0.0257 -0.7029 -0.7108
vn 0.1005 -0.7922 -0.6019
vn 0.0081 -0.8532 -0.5215
vn -0.1965 -0.2532 -0.9473
vn 0.2820 -0.8807 -0.3806
vn 0.1588 -0.2098 -0.9648
vn 0.2045 0.0247 -0.9786
vn -0.8469 0.5317 -0.0047
vn -0.9561 0.2772 -0.0948
vn -0.7237 0.6897 -0.0224
vn -0.9028 0.4296 0.0189
vn -0.9748 0.1979 0.1026
vn -0.9912 0.0864 0.1001
vn -0.1620 0.3574 0.9198
vn -0.0317 0.6242 0.7807
vn -0.1813 0.0105 0.9834
vn -0.0323 0.0461 0.9984
vn 0.0806 0.0421 0.9959
vn 0.0343 0.6018 0.7979
vn -0.0989 0.0513 0.9938
vn 0.0178 0.2123 0.9770
vn 0.1646 0.3604 0.9182
vn 0.3149 0.9207 0.2308
vn 0.3281 0.8664 0.3765
vn 0.0044 0.8583 0.5131
vn -0.0537 0.9295 0.3648
vn -0.3486 0.8660 0.3584
vn 0.0022 0.9522 0.3054
vn -0.1814 0.9737 0.1375
vn 0.9731 0.2023 -0.1100
vn 0.8389 0.5442 -0.0047
vn 0.7174 0.6953 -0.0440
vn 0.5029 0.8643 0.0076
vn 0.2310 0.9553 0.1847
vn 0.0198 0.9876 0.1559
vn -0.1075 0.9921 0.0649
vn -0.3687 0.9296 0.0053
vn -0.4140 0.9009 0.1301
vn -0.0007 0.9999 0.0131
vn 0.6067 0.7950 0.0012
vn 0.2578 0.9662 0.0037
vn 0.0943 0.9948 -0.0375
vn 0.1486 0.9824 0.1135
vn 0.9113 0.4107 0.0293
vn 0.2318 0.9574 -0.1724
vn 0.1215 0.9858 -0.1156
vn -0.0275 0.9934 -0.1117
vn -0.1294 0.9912 -0.0290
vn 0.9495 0.2921 0.1145
vn -0.2128 0.9738 -0.0807
vn -0.0688 0.9617 -0.2653
vn -0.4073 0.9100 -0.0772
vn -0.0051 0.8316 -0.5553
vn 0.0082 0.9559 -0.2937
vn 0.0053 0.8408 -0.5413
vn -0.1666 0.9410 -0.2945
vn -0.6330 0.7739 -0.0178
vn 0.6625 0.7486 0.0244
vn 0.6275 0.7774 -0.0422
vn -0.0078 0.5666 -0.8240
vn 0.1397 0.9396 -0.3125
vn 0.1721 0.4443 -0.8792
vn 0.0308 0.6264 -0.7789
vn -0.3371 0.3517 -0.8733
vn -0.1974 0.3434 -0.9182
vn -0.2003 0.6799 -0.7054
vn -0.0032 0.7889 -0.6145
vn 0.1533 0.3022 -0.9408
vn 0.0040 0.8556 -0.5177
vn 0.0125 0.6066 -0.7949
vn -0.4056 0.8690 -0.2834
vn 0.8683 0.4850 -0.1038
vn 0.6400 0.0355 0.7675
vn -0.1070 0.0667 -0.9920
vn 0.1737 -0.1026 -0.9794
vn 0.0574 -0.1675 -0.9842
vn 0.0453 0.2586 -0.9649
vn -0.8315 0.5538 0.0436
vn -0.6512 0.0261 -0.7584
vn -0.9705 0.2342 0.0579
vn -0.0468 -0.6776 -0.7339
vn 0.0948 -0.6285 0.7720
vn -0.6722 -0.0328 0.7397
vn 0.9724 -0.2315 -0.0289
vn -0.9941 0.0492 -0.0968
vn 0.0194 -0.8335 0.5522
vn -0.0031 -0.9657 -0.2595
vn -0.2337 0.1050 -0.9666
vn -0.0462 -0.1084 -0.9930
vn 0.0640 -0.5275 -0.8471
vn 0.2314 0.5064 0.8307
vn -0.9850 0.1720 -0.0162
vn -0.6360 0.7717 -0.0030
vn -0.8812 -0.4714 0.0354
vn -0.4095 -0.8578 -0.3107
vn 0.8705 -0.4916 -0.0237
vt 0.207705 0.934447
vt 0.206237 0.934719
vt 0.207868 0.931776
vt 0.205830 0.926836
vt 0.207511 0.912068
vt 0.207137 0.908731
vt 0.205013 0.899656
vt 0.207779 0.895804
vt 0.206280 0.879989
vt 0.207868 0.876069
vt 0.376708 0.878841
vt 0.374659 0.873778
vt 0.376259 0.872877
vt 0.239453 0.909579
vt 0.241497 0.900421
vt 0.241333 0.915107
vt 0.239709 0.876917
vt 0.241040 0.889198
vt 0.238819 0.886041
vt 0.544560 0.752122
vt 0.540875 0.750905
vt 0.546614 0.750490
vt 0.533106 0.752350
vt 0.532973 0.750642
vt 0.553447 0.746591
vt 0.557829 0.751398
vt 0.521186 0.747624
vt 0.533013 0.747559
vt 0.558783 0.749019
vt 0.558809 0.733238
vt 0.560528 0.751694
vt 0.525435 0.737319
vt 0.934681 0.395719
vt 0.936902 0.410055
vt 0.933449 0.407904
vt 0.536075 0.736052
vt 0.518349 0.731921
vt 0.519406 0.730886
vt 0.519218 0.751283
vt 0.521744 0.726349
vt 0.933207 0.411697
vt 0.933087 0.415615
vt 0.546778 0.722266
vt 0.554117 0.722818
vt 0.553098 0.741088
vt 0.535787 0.713800
vt 0.936556 0.428093
vt 0.933711 0.424384
vt 0.558791 0.715197
vt 0.934061 0.427652
vt 0.555607 0.699629
vt 0.525796 0.707565
vt 0.558820 0.698883
vt 0.519340 0.720107
vt 0.518845 0.696306
vt 0.934226 0.441541
vt 0.932964 0.431389
vt 0.518230 0.715661
vt 0.560465 0.695875
vt 0.549051 0.705358
vt 0.538309 0.700369
vt 0.520526 0.696078
vt 0.935659 0.447406
vt 0.934043 0.449998
vt 0.543424 0.696551
vt 0.558258 0.696258
vt 0.532037 0.696772
vt 0.543696 0.695603
vt 0.547049 0.694695
vt 0.536168 0.694975
vt 0.531726 0.695072
vt 0.518989 0.693544
vt 0.218707 0.902667
vt 0.220543 0.911412
vt 0.218976 0.915243
vt 0.218261 0.887866
vt 0.220261 0.878881
vt 0.221184 0.886379
vt 0.201600 0.911764
vt 0.203773 0.928748
vt 0.202314 0.931733
vt 0.201993 0.895679
vt 0.203931 0.879656
vt 0.204789 0.891684
vt 0.237411 0.910416
vt 0.235050 0.900375
vt 0.238771 0.902523
vt 0.238540 0.900094
vt 0.238595 0.897223
vt 0.234980 0.888974
vt 0.238521 0.891655
vt 0.237417 0.889034
vt 0.237344 0.877812
vt 0.559043 0.770415
vt 0.544888 0.770261
vt 0.560562 0.767841
vt 0.361748 0.869992
vt 0.363370 0.874447
vt 0.361748 0.881775
vt 0.533105 0.770377
vt 0.521525 0.770764
vt 0.517757 0.767841
vt 0.539839 0.774864
vt 0.524918 0.777804
vt 0.932275 0.394826
vt 0.929668 0.411633
vt 0.930651 0.391658
vt 0.557457 0.786883
vt 0.556960 0.773483
vt 0.542930 0.780278
vt 0.530093 0.785331
vt 0.523066 0.795263
vt 0.519340 0.771272
vt 0.538818 0.796478
vt 0.557856 0.805490
vt 0.552903 0.798819
vt 0.547134 0.805655
vt 0.551443 0.780411
vt 0.930310 0.427487
vt 0.928249 0.426791
vt 0.556534 0.822402
vt 0.551124 0.816610
vt 0.535188 0.812372
vt 0.530279 0.806358
vt 0.931790 0.445228
vt 0.525039 0.815712
vt 0.526491 0.821856
vt 0.519970 0.822718
vt 0.544409 0.824416
vt 0.543473 0.821190
vt 0.537087 0.824318
vt 0.519944 0.826394
vt 0.517689 0.826011
vt 0.930255 0.449970
vt 0.929702 0.446590
vt 0.544794 0.826344
vt 0.558524 0.826347
vt 0.543100 0.827332
vt 0.533834 0.826197
vt 0.389156 0.869992
vt 0.389156 0.877303
vt 0.387048 0.873721
vt 0.224381 0.915399
vt 0.222825 0.911398
vt 0.224543 0.913643
vt 0.224443 0.900270
vt 0.224640 0.889626
vt 0.222335 0.879054
vt 0.224009 0.875078
vt 0.517210 0.830635
vt 0.517421 0.828690
vt 0.519357 0.828295
vt 0.932091 0.389354
vt 0.933174 0.385739
vt 0.221447 0.891260
vt 0.223506 0.898451
vt 0.220870 0.897880
vt 0.220340 0.889083
vt 0.222518 0.889145
vt 0.203971 0.873782
vt 0.205118 0.869992
vt 0.221886 0.917093
vt 0.204072 0.908839
vt 0.220441 0.914820
vt 0.240109 0.872986
vt 0.239222 0.869992
vt 0.932497 0.453432
vt 0.205021 0.915814
vt 0.241497 0.875162
vt 0.560274 0.754242
vt 0.519021 0.753923
vt 0.544006 0.747595
vt 0.935891 0.391579
vt 0.517405 0.751623
vt 0.517868 0.728573
vt 0.517370 0.695920
vt 0.562049 0.693254
vt 0.560324 0.693295
vt 0.560471 0.691401
vt 0.556627 0.692842
vt 0.221745 0.902439
vt 0.218209 0.899656
vt 0.220566 0.900390
vt 0.218209 0.875098
vt 0.219873 0.872979
vt 0.817542 0.598978
vt 0.816505 0.596058
vt 0.817542 0.594534
vt 0.203783 0.912051
vt 0.202170 0.876114
vt 0.804726 0.594534
vt 0.806165 0.597937
vt 0.804726 0.598598
vt 0.239184 0.916797
vt 0.236140 0.915036
vt 0.236061 0.873522
vt 0.560643 0.770442
vt 0.277217 0.874081
vt 0.275837 0.887752
vt 0.275837 0.869992
vt 0.517558 0.770432
vt 0.265497 0.869992
vt 0.265497 0.888604
vt 0.264203 0.877453
vt 0.540449 0.771927
vt 0.520465 0.790048
vt 0.928249 0.408175
vt 0.560197 0.825322
vt 0.518963 0.806441
vt 0.559027 0.828301
vt 0.222257 0.872549
vt 0.220975 0.869992
vt 0.240171 0.914796
vt 0.517502 0.756079
vt 0.514890 0.757501
vt 0.515925 0.754526
vt 0.517139 0.754289
vt 0.205129 0.937722
vt 0.206283 0.873766
vt 0.207779 0.873365
vt 0.373710 0.872200
vt 0.376708 0.869992
vt 0.521210 0.754652
vt 0.934414 0.389343
vt 0.935967 0.389031
vt 0.517098 0.693212
vt 0.563313 0.689792
vt 0.218752 0.892132
vt 0.514890 0.832256
vt 0.516024 0.828418
vt 0.517451 0.691481
vt 0.202331 0.934324
vt 0.202383 0.873443
vt 0.930726 0.389053
vt 0.237833 0.872922
vt 0.558918 0.790380
vt 0.519271 0.790349
vt 0.200492 0.879331
vt 0.200199 0.912006
vt 0.515894 0.693578
vt 0.514890 0.689775
vt 0.560923 0.828716
s 1
usemtl wood_wardrobe
f 3354/7425/2060 3349/7426/2061 3363/7427/2062
f 3348/7428/2063 3368/7429/2064 3363/7427/2062
f 3373/7430/2065 3424/7431/2066 3346/7432/2067
f 3346/7432/2067 3345/7433/2068 3391/7434/2069
f 3329/7435/2070 3350/7436/2071 3473/7437/2072
f 3329/7438/2070 3351/7439/2073 3350/7440/2071
f 3477/7441/2074 3352/7442/2075 3405/7443/2076
f 3351/7444/2073 3357/7445/2077 3356/7446/2078
f 3352/7447/2075 3358/7448/2079 3357/7445/2077
f 3356/7446/2078 3361/7449/2080 3355/7450/2081
f 3358/7448/2079 3367/7451/2082 3364/7452/2083
f 3365/7453/2084 3371/7454/2085 3360/7455/2086
f 3367/7451/2082 3372/7456/2087 3364/7452/2083
f 3331/7457/2088 3371/7458/2085 3410/7459/2089
f 3364/7452/2083 3372/7456/2087 3369/7460/2090
f 3368/7461/2064 3370/7462/2091 3359/7463/2092
f 3367/7451/2082 3370/7462/2091 3376/7464/2093
f 3332/7465/2094 3371/7458/2085 3411/7466/2095
f 3374/7467/2096 3375/7468/2097 3366/7469/2098
f 3369/7460/2090 3372/7456/2087 3377/7470/2099
f 3411/7466/2095 3379/7471/2100 3333/7472/2101
f 3371/7454/2085 3375/7468/2097 3379/7473/2100
f 3379/7471/2100 3334/7474/2102 3333/7472/2101
f 3375/7468/2097 3374/7467/2096 3383/7475/2103
f 3376/7464/2093 3381/7476/2104 3372/7456/2087
f 3375/7468/2097 3383/7475/2103 3382/7477/2105
f 3378/7478/2106 3390/7479/2107 3376/7464/2093
f 3379/7471/2100 3336/7480/2108 3335/7481/2109
f 3378/7478/2106 3346/7482/2067 3390/7479/2107
f 3379/7473/2100 3382/7477/2105 3385/7483/2110
f 3380/7484/2111 3384/7485/2112 3383/7475/2103
f 3390/7479/2107 3389/7486/2113 3381/7476/2104
f 3336/7480/2108 3385/7487/2110 3337/7488/2114
f 3383/7475/2103 3387/7489/2115 3386/7490/2116
f 3389/7486/2113 3388/7491/2117 3384/7485/2112
f 3387/7489/2115 3394/7492/2118 3393/7493/2119
f 3387/7489/2115 3395/7494/2120 3394/7492/2118
f 3388/7491/2117 3396/7495/2121 3395/7494/2120
f 3390/7479/2107 3397/7496/2122 3389/7486/2113
f 3393/7497/2119 3472/7498/2123 3392/7499/2124
f 3396/7500/2121 3342/7501/2125 3341/7502/2126
f 3444/7503/2127 3426/7504/2128 3434/7505/2129
f 3454/7506/2130 3422/7507/2131 3423/7508/2132
f 3407/7509/2133 3428/7510/2134 3328/7511/2135
f 3327/7512/2136 3428/7510/2134 3326/7513/2137
f 3326/7513/2137 3429/7514/2138 3406/7515/2139
f 3429/7514/2138 3478/7516/2140 3406/7515/2139
f 3429/7514/2138 3404/7517/2141 3405/7443/2076
f 3436/7518/2142 3428/7519/2134 3427/7520/2143
f 3428/7521/2134 3431/7522/2144 3429/7523/2138
f 3429/7524/2138 3433/7525/2145 3430/7526/2146
f 3432/7527/2147 3441/7528/2148 3433/7525/2145
f 3409/7529/2149 3445/7530/2150 3435/7531/2151
f 3442/7532/2152 3440/7533/2153 3436/7518/2142
f 3438/7534/2154 3443/7535/2155 3441/7528/2148
f 3441/7528/2148 3447/7536/2156 3439/7537/2157
f 3438/7534/2154 3448/7538/2158 3443/7535/2155
f 3443/7535/2155 3447/7536/2156 3441/7528/2148
f 3452/7539/2159 3449/7540/2160 3442/7532/2152
f 3450/7541/2161 3448/7538/2158 3437/7542/2162
f 3412/7543/2163 3452/7544/2159 3445/7530/2150
f 3452/7539/2159 3457/7545/2164 3449/7540/2160
f 3449/7540/2160 3456/7546/2165 3450/7541/2161
f 3450/7541/2161 3453/7547/2166 3448/7538/2158
f 3453/7547/2166 3451/7548/2167 3448/7538/2158
f 3457/7545/2164 3456/7546/2165 3449/7540/2160
f 3456/7546/2165 3453/7547/2166 3450/7541/2161
f 3413/7549/2168 3412/7543/2163 3335/7481/2109
f 3453/7547/2166 3455/7550/2169 3451/7548/2167
f 3459/7551/2170 3455/7550/2169 3453/7547/2166
f 3459/7551/2170 3460/7552/2171 3455/7550/2169
f 3457/7545/2164 3464/7553/2172 3458/7554/2173
f 3465/7555/2174 3459/7551/2170 3458/7554/2173
f 3466/7556/2175 3460/7552/2171 3459/7551/2170
f 3466/7556/2175 3461/7557/2176 3460/7552/2171
f 3413/7549/2168 3468/7558/2177 3462/7559/2178
f 3416/7560/2179 3464/7553/2172 3463/7561/2180
f 3464/7553/2172 3417/7562/2181 3465/7555/2174
f 3465/7555/2174 3470/7563/2182 3466/7556/2175
f 3400/7564/2183 3414/7565/2184 3468/7566/2185
f 3468/7567/2185 3414/7568/2184 3469/7569/2186
f 3414/7568/2184 3416/7570/2179 3469/7569/2186
f 3470/7571/2182 3419/7572/2187 3471/7573/2188
f 3420/7574/2189 3467/7575/2190 3471/7576/2188
f 3409/7529/2149 3408/7577/2191 3399/7578/2192
f 3476/7579/2193 3417/7580/2181 3475/7581/2194
f 3340/7582/2195 3341/7502/2126 3418/7583/2196
f 3342/7501/2125 3419/7572/2187 3341/7502/2126
f 3405/7443/2076 3404/7517/2141 3477/7441/2074
f 3422/7507/2131 3421/7584/2197 3401/7585/2198
f 3472/7498/2123 3414/7568/2184 3400/7586/2183
f 3424/7431/2066 3454/7506/2130 3346/7432/2067
f 3373/7430/2065 3425/7587/2199 3424/7431/2066
f 3338/7588/2200 3472/7498/2123 3400/7586/2183
f 3345/7433/2068 3423/7508/2132 3422/7507/2131
f 3337/7488/2114 3413/7549/2168 3336/7480/2108
f 3325/7589/2201 3477/7441/2074 3402/7590/2202
f 3413/7549/2168 3400/7591/2203 3468/7558/2177
f 3363/7427/2062 3349/7426/2061 3348/7428/2063
f 3348/7428/2063 3347/7592/2204 3368/7429/2064
f 3346/7432/2067 3423/7508/2132 3345/7433/2068
f 3329/7438/2070 3328/7511/2135 3351/7439/2073
f 3327/7512/2136 3326/7513/2137 3351/7439/2073
f 3477/7441/2074 3353/7593/2205 3352/7442/2075
f 3360/7455/2086 3350/7594/2071 3355/7450/2081
f 3351/7444/2073 3352/7447/2075 3357/7445/2077
f 3352/7447/2075 3359/7463/2092 3358/7448/2079
f 3352/7447/2075 3353/7595/2205 3359/7463/2092
f 3355/7450/2081 3365/7453/2084 3360/7455/2086
f 3355/7450/2081 3361/7449/2080 3365/7453/2084
f 3356/7446/2078 3362/7596/2206 3361/7449/2080
f 3356/7446/2078 3357/7445/2077 3362/7596/2206
f 3357/7445/2077 3364/7452/2083 3362/7596/2206
f 3357/7445/2077 3358/7448/2079 3364/7452/2083
f 3358/7448/2079 3359/7463/2092 3367/7451/2082
f 3331/7457/2088 3360/7597/2086 3371/7458/2085
f 3361/7449/2080 3366/7469/2098 3365/7453/2084
f 3371/7454/2085 3365/7453/2084 3375/7468/2097
f 3362/7596/2206 3364/7452/2083 3366/7469/2098
f 3359/7463/2092 3363/7598/2062 3368/7461/2064
f 3364/7452/2083 3369/7460/2090 3366/7469/2098
f 3367/7451/2082 3359/7463/2092 3370/7462/2091
f 3372/7456/2087 3367/7451/2082 3376/7464/2093
f 3368/7461/2064 3373/7599/2065 3370/7462/2091
f 3411/7466/2095 3371/7458/2085 3379/7471/2100
f 3369/7460/2090 3377/7470/2099 3374/7467/2096
f 3376/7464/2093 3370/7462/2091 3378/7478/2106
f 3378/7478/2106 3373/7599/2065 3346/7482/2067
f 3372/7456/2087 3381/7476/2104 3377/7470/2099
f 3383/7475/2103 3374/7467/2096 3380/7484/2111
f 3382/7477/2105 3379/7473/2100 3375/7468/2097
f 3376/7464/2093 3390/7479/2107 3381/7476/2104
f 3380/7484/2111 3377/7470/2099 3384/7485/2112
f 3377/7470/2099 3381/7476/2104 3384/7485/2112
f 3379/7471/2100 3385/7487/2110 3336/7480/2108
f 3346/7482/2067 3391/7600/2069 3390/7479/2107
f 3381/7476/2104 3389/7486/2113 3384/7485/2112
f 3385/7483/2110 3382/7477/2105 3386/7490/2116
f 3383/7475/2103 3384/7485/2112 3387/7489/2115
f 3384/7485/2112 3388/7491/2117 3387/7489/2115
f 3337/7601/2114 3385/7483/2110 3392/7602/2124
f 3392/7602/2124 3385/7483/2110 3386/7490/2116
f 3387/7489/2115 3388/7491/2117 3395/7494/2120
f 3388/7491/2117 3389/7486/2113 3396/7495/2121
f 3389/7486/2113 3397/7496/2122 3396/7495/2121
f 3338/7603/2200 3392/7602/2124 3472/7604/2123
f 3393/7497/2119 3415/7605/2207 3472/7498/2123
f 3394/7606/2118 3475/7581/2194 3339/7607/2208
f 3396/7500/2121 3341/7502/2126 3340/7582/2195
f 3396/7500/2121 3397/7608/2122 3342/7501/2125
f 3397/7608/2122 3343/7609/2209 3342/7501/2125
f 3402/7610/2202 3403/7611/2210 3430/7612/2146
f 3444/7503/2127 3347/7592/2204 3426/7504/2128
f 3425/7587/2199 3444/7503/2127 3424/7431/2066
f 3444/7503/2127 3425/7587/2199 3474/7613/2211
f 3444/7503/2127 3454/7506/2130 3424/7431/2066
f 3454/7506/2130 3461/7614/2176 3422/7507/2131
f 3399/7615/2192 3408/7616/2191 3427/7617/2143
f 3399/7618/2192 3427/7619/2143 3407/7509/2133
f 3407/7509/2133 3427/7619/2143 3428/7510/2134
f 3326/7513/2137 3428/7510/2134 3429/7514/2138
f 3429/7514/2138 3430/7620/2146 3404/7517/2141
f 3427/7520/2143 3435/7621/2151 3436/7518/2142
f 3428/7622/2134 3436/7623/2142 3431/7624/2144
f 3434/7625/2129 3430/7526/2146 3439/7537/2157
f 3431/7626/2144 3433/7627/2145 3429/7628/2138
f 3430/7526/2146 3433/7525/2145 3439/7537/2157
f 3433/7525/2145 3431/7629/2144 3432/7527/2147
f 3432/7527/2147 3438/7534/2154 3441/7528/2148
f 3433/7525/2145 3441/7528/2148 3439/7537/2157
f 3440/7533/2153 3442/7532/2152 3449/7540/2160
f 3409/7529/2149 3410/7459/2089 3445/7530/2150
f 3439/7537/2157 3447/7536/2156 3446/7630/2212
f 3438/7534/2154 3437/7542/2162 3448/7538/2158
f 3332/7465/2094 3411/7466/2095 3445/7530/2150
f 3443/7535/2155 3448/7538/2158 3451/7548/2167
f 3445/7530/2150 3452/7544/2159 3442/7631/2152
f 3449/7540/2160 3450/7541/2161 3437/7542/2162
f 3443/7535/2155 3451/7548/2167 3447/7536/2156
f 3447/7536/2156 3460/7552/2171 3446/7630/2212
f 3451/7548/2167 3455/7550/2169 3447/7536/2156
f 3455/7550/2169 3460/7552/2171 3447/7536/2156
f 3412/7543/2163 3462/7559/2178 3452/7544/2159
f 3452/7539/2159 3462/7632/2178 3457/7545/2164
f 3453/7547/2166 3456/7546/2165 3458/7554/2173
f 3413/7549/2168 3462/7559/2178 3412/7543/2163
f 3458/7554/2173 3459/7551/2170 3453/7547/2166
f 3460/7552/2171 3461/7557/2176 3454/7633/2130
f 3456/7546/2165 3457/7545/2164 3458/7554/2173
f 3457/7545/2164 3463/7561/2180 3464/7553/2172
f 3458/7554/2173 3464/7553/2172 3465/7555/2174
f 3465/7555/2174 3466/7556/2175 3459/7551/2170
f 3463/7561/2180 3469/7634/2186 3416/7560/2179
f 3470/7563/2182 3465/7555/2174 3417/7562/2181
f 3416/7560/2179 3417/7562/2181 3464/7553/2172
f 3470/7563/2182 3471/7576/2188 3466/7556/2175
f 3414/7568/2184 3415/7605/2207 3416/7570/2179
f 3470/7571/2182 3418/7583/2196 3341/7502/2126
f 3470/7571/2182 3476/7579/2193 3418/7583/2196
f 3472/7498/2123 3415/7605/2207 3414/7568/2184
f 3470/7571/2182 3341/7502/2126 3419/7572/2187
f 3419/7572/2187 3420/7635/2189 3471/7573/2188
f 3415/7605/2207 3339/7607/2208 3416/7570/2179
f 3347/7592/2204 3348/7428/2063 3426/7504/2128
f 3476/7579/2193 3340/7582/2195 3418/7583/2196
f 3411/7466/2095 3333/7472/2101 3412/7543/2163
f 3343/7609/2209 3401/7636/2198 3420/7635/2189
f 3423/7508/2132 3346/7432/2067 3454/7506/2130
f 3337/7488/2114 3400/7591/2203 3413/7549/2168
f 3328/7511/2135 3329/7438/2070 3407/7509/2133
f 3329/7438/2070 3473/7637/2072 3407/7509/2133
f 3336/7480/2108 3413/7549/2168 3335/7481/2109
f 3478/7516/2140 3405/7443/2076 3352/7442/2075
f 3325/7638/2201 3402/7639/2202 3349/7640/2061 3354/7641/2060
f 3349/7426/2061 3402/7642/2202 3426/7504/2128
f 3349/7426/2061 3426/7504/2128 3348/7428/2063
f 3344/7643/2213 3398/7644/2214 3391/7434/2069 3345/7433/2068
f 3473/7437/2072 3350/7436/2071 3330/7645/2215 3399/7646/2192
f 3326/7513/2137 3406/7515/2139 3352/7442/2075 3351/7439/2073
f 3351/7439/2073 3328/7511/2135 3327/7512/2136
f 3325/7638/2201 3354/7641/2060 3353/7595/2205 3477/7647/2074
f 3360/7597/2086 3331/7457/2088 3330/7648/2215 3350/7649/2071
f 3351/7444/2073 3356/7446/2078 3355/7450/2081 3350/7594/2071
f 3353/7595/2205 3354/7641/2060 3363/7598/2062 3359/7463/2092
f 3386/7490/2116 3387/7489/2115 3393/7493/2119 3392/7602/2124
f 3366/7469/2098 3361/7449/2080 3362/7596/2206
f 3375/7468/2097 3365/7453/2084 3366/7469/2098
f 3332/7465/2094 3410/7459/2089 3371/7458/2085
f 3374/7467/2096 3366/7469/2098 3369/7460/2090
f 3378/7478/2106 3370/7462/2091 3373/7599/2065
f 3379/7471/2100 3335/7481/2109 3334/7474/2102
f 3377/7470/2099 3380/7484/2111 3374/7467/2096
f 3386/7490/2116 3382/7477/2105 3383/7475/2103
f 3391/7600/2069 3398/7650/2214 3397/7496/2122 3390/7479/2107
f 3337/7601/2114 3392/7602/2124 3338/7603/2200 3400/7651/2203
f 3393/7497/2119 3394/7606/2118 3339/7607/2208 3415/7605/2207
f 3395/7652/2120 3476/7579/2193 3475/7581/2194 3394/7606/2118
f 3395/7652/2120 3396/7500/2121 3340/7582/2195 3476/7579/2193
f 3420/7574/2189 3401/7653/2198 3421/7654/2197 3467/7575/2190
f 3343/7655/2209 3397/7496/2122 3398/7650/2214
f 3434/7505/2129 3426/7504/2128 3402/7642/2202 3430/7656/2146
f 3421/7584/2197 3422/7507/2131 3461/7614/2176 3467/7657/2190
f 3474/7613/2211 3347/7592/2204 3444/7503/2127
f 3435/7531/2151 3427/7658/2143 3408/7577/2191 3409/7529/2149
f 3327/7512/2136 3328/7511/2135 3428/7510/2134
f 3429/7514/2138 3405/7443/2076 3478/7516/2140
f 3403/7659/2210 3404/7517/2141 3430/7620/2146
f 3440/7533/2153 3432/7527/2147 3431/7629/2144 3436/7518/2142
f 3437/7542/2162 3438/7534/2154 3432/7527/2147 3440/7533/2153
f 3445/7660/2150 3442/7532/2152 3436/7518/2142 3435/7621/2151
f 3439/7537/2157 3446/7630/2212 3444/7661/2127 3434/7625/2129
f 3460/7662/2171 3454/7506/2130 3444/7503/2127 3446/7663/2212
f 3437/7542/2162 3440/7533/2153 3449/7540/2160
f 3445/7530/2150 3410/7459/2089 3332/7465/2094
f 3412/7543/2163 3445/7530/2150 3411/7466/2095
f 3344/7664/2213 3401/7665/2198 3343/7655/2209 3398/7650/2214
f 3463/7561/2180 3457/7545/2164 3462/7632/2178
f 3462/7632/2178 3468/7666/2177 3469/7634/2186 3463/7561/2180
f 3471/7576/2188 3467/7575/2190 3461/7557/2176 3466/7556/2175
f 3417/7580/2181 3416/7570/2179 3339/7607/2208 3475/7581/2194
f 3476/7579/2193 3470/7571/2182 3417/7580/2181
f 3399/7618/2192 3407/7509/2133 3473/7637/2072
f 3477/7441/2074 3404/7517/2141 3403/7659/2210 3402/7590/2202
f 3343/7609/2209 3420/7635/2189 3419/7572/2187 3342/7501/2125
f 3344/7643/2213 3345/7433/2068 3422/7507/2131 3401/7585/2198
f 3412/7543/2163 3333/7472/2101 3334/7474/2102
f 3335/7481/2109 3412/7543/2163 3334/7474/2102
f 3330/7648/2215 3331/7457/2088 3409/7529/2149 3399/7578/2192
f 3478/7516/2140 3352/7442/2075 3406/7515/2139
f 3409/7529/2149 3331/7457/2088 3410/7459/2089
f 3368/7429/2064 3474/7613/2211 3425/7587/2199 3373/7430/2065
f 3474/7613/2211 3368/7429/2064 3347/7592/2204
o pillow_3
v -0.299821 1.648035 0.913543
v -0.048054 1.660356 0.889681
v -0.019794 1.659650 0.881004
v 0.008752 1.658919 0.892015
v 0.084482 1.652502 0.896225
v 0.159704 1.647703 0.891090
v 0.146760 1.645303 0.825478
v 0.136554 1.660138 0.660982
v 0.141269 1.653964 0.530512
v 0.133826 1.650583 0.496890
v 0.143969 1.661114 0.458416
v 0.145645 1.647442 0.354049
v 0.159849 1.648066 0.267079
v 0.143603 1.648023 0.248020
v -0.018124 1.650112 0.284618
v -0.137510 1.649421 0.283047
v -0.162862 1.658911 0.270430
v -0.241337 1.650614 0.265785
v -0.299785 1.648015 0.248898
v -0.315843 1.647885 0.270473
v -0.303265 1.647361 0.334603
v -0.290950 1.631275 0.497418
v -0.299932 1.659775 0.703218
v -0.303829 1.651469 0.816564
v -0.316033 1.647655 0.897557
v 0.141968 1.632695 0.894341
v -0.019665 1.627598 0.872469
v -0.138024 1.632648 0.874910
v -0.283056 1.630225 0.891072
v -0.302569 1.632029 0.894870
v 0.117698 1.617812 0.864847
v 0.001712 1.624461 0.855620
v -0.057125 1.619191 0.859814
v -0.138811 1.623279 0.857183
v -0.280264 1.618009 0.863712
v 0.144575 1.633192 0.868127
v 0.071619 1.633463 0.815643
v -0.025778 1.634914 0.826009
v -0.299702 1.630268 0.867409
v -0.139165 1.636334 0.825676
v 0.127419 1.620011 0.840398
v 0.067497 1.642861 0.759169
v -0.260589 1.628454 0.826232
v -0.290012 1.633807 0.664752
v -0.108633 1.654864 0.707570
v -0.278617 1.625609 0.653969
v 0.127660 1.622653 0.678073
v -0.217861 1.647503 0.720496
v -0.295193 1.637896 0.630376
v 0.001611 1.657782 0.565761
v 0.078053 1.644578 0.571215
v -0.255138 1.636426 0.607456
v -0.111513 1.656465 0.478643
v -0.279138 1.624483 0.543050
v 0.127474 1.625203 0.492488
v 0.025991 1.644555 0.391576
v -0.213763 1.645465 0.414333
v 0.128063 1.622705 0.324603
v 0.094417 1.631316 0.332417
v -0.084329 1.638856 0.340177
v 0.144455 1.632415 0.293799
v 0.122448 1.620225 0.297554
v -0.030711 1.624563 0.300657
v -0.148165 1.626053 0.302968
v -0.266581 1.622560 0.295786
v -0.283801 1.620672 0.298107
v -0.299623 1.630911 0.294299
v 0.143036 1.632246 0.267255
v 0.006286 1.630759 0.281655
v -0.027974 1.625741 0.290921
v -0.105966 1.632599 0.284580
v -0.151478 1.628116 0.285509
v -0.282847 1.629886 0.269832
v -0.302461 1.631977 0.266453
v 0.169460 1.660145 0.928120
v 0.171994 1.663124 0.231696
v -0.326915 1.660347 0.231548
v -0.327445 1.659469 0.928355
v -0.299759 1.671636 0.913015
v -0.252178 1.674110 0.895430
v -0.166486 1.658175 0.891167
v -0.107314 1.661000 0.889049
v 0.093860 1.673576 0.895050
v 0.159626 1.671636 0.890839
v 0.148657 1.670034 0.834527
v 0.143707 1.657470 0.700043
v 0.142715 1.660817 0.620695
v 0.129889 1.689458 0.498365
v 0.149739 1.672103 0.315988
v 0.103938 1.672495 0.264239
v 0.007046 1.662395 0.271535
v -0.020169 1.689806 0.291429
v -0.037239 1.680743 0.281577
v -0.136640 1.671787 0.284212
v -0.239415 1.671890 0.267350
v -0.303528 1.672647 0.247806
v -0.315666 1.671676 0.270653
v -0.304067 1.671581 0.331189
v -0.300265 1.662462 0.454961
v -0.298693 1.660000 0.536990
v -0.296852 1.669514 0.631491
v -0.304200 1.672639 0.836249
v 0.143086 1.686635 0.893805
v -0.018652 1.694093 0.868591
v -0.139994 1.694553 0.867360
v -0.297683 1.687170 0.893692
v -0.064972 1.708448 0.850932
v -0.071856 1.721981 0.820215
v -0.259589 1.703015 0.863052
v -0.299774 1.687458 0.867010
v 0.143858 1.687218 0.867005
v 0.126885 1.699208 0.866864
v 0.047155 1.731509 0.762805
v -0.040674 1.735625 0.764004
v -0.282000 1.700838 0.857890
v 0.104901 1.711081 0.834858
v -0.225659 1.725069 0.789805
v 0.109766 1.712905 0.696856
v -0.173026 1.738369 0.711863
v -0.282693 1.694383 0.661740
v 0.125423 1.697225 0.661406
v -0.270970 1.708355 0.664346
v -0.244946 1.724823 0.610093
v -0.083729 1.747705 0.596812
v 0.061873 1.733340 0.573246
v 0.002017 1.742169 0.502558
v -0.171468 1.740296 0.495348
v 0.113692 1.711629 0.505356
v -0.120978 1.739771 0.433473
v -0.285916 1.690643 0.496224
v -0.224994 1.727129 0.399516
v 0.043437 1.730507 0.390206
v 0.099749 1.714214 0.331175
v -0.035110 1.723709 0.343281
v -0.209789 1.719208 0.336549
v -0.276388 1.705927 0.328130
v -0.299240 1.689566 0.294809
v 0.138259 1.694171 0.301828
v 0.120810 1.699360 0.291086
v -0.024905 1.708986 0.310596
v -0.100272 1.708382 0.311608
v -0.276418 1.698979 0.290530
v -0.301949 1.687501 0.267300
v 0.145954 1.687854 0.267111
v 0.126367 1.689628 0.271326
v -0.133163 1.693279 0.292796
v -0.282091 1.689539 0.271298
v 0.103906 1.649061 0.262870
v 0.143988 1.647626 0.913239
v -0.289869 1.672184 0.664601
v -0.042116 1.653930 0.274350
v -0.111624 1.660867 0.272502
v -0.261711 1.650018 0.898880
v -0.137969 1.670564 0.876422
vn -0.3526 -0.8658 0.3550
vn -0.8229 -0.5681 0.0128
vn -0.6529 -0.7574 -0.0055
vn -0.9863 -0.1517 -0.0653
vn -0.8642 -0.5028 -0.0194
vn -0.8937 -0.4444 0.0616
vn -0.9948 0.0852 -0.0555
vn -0.8678 -0.4965 0.0204
vn -0.9745 -0.2075 0.0851
vn -0.6385 -0.7696 0.0127
vn -0.1347 -0.1849 0.9735
vn 0.2965 -0.8870 0.3541
vn -0.0657 -0.6428 0.7632
vn 0.0056 -0.7247 0.6891
vn 0.2180 -0.2494 0.9435
vn 0.0294 -0.6234 0.7814
vn 0.2116 0.0163 0.9772
vn -0.0026 -0.9954 0.0961
vn -0.0152 -0.9999 0.0034
vn 0.0042 -0.9991 0.0430
vn -0.0872 -0.9761 -0.1991
vn 0.1154 -0.9875 0.1070
vn 0.2265 -0.9645 -0.1358
vn 0.0205 -0.9624 -0.2708
vn 0.2530 -0.9664 -0.0444
vn 0.4040 -0.9134 -0.0492
vn 0.6581 -0.7528 -0.0142
vn 0.1884 -0.9803 -0.0595
vn 0.9643 -0.2517 -0.0821
vn 0.9947 -0.0179 -0.1016
vn 0.0145 -0.9966 -0.0807
vn -0.1191 -0.9927 -0.0175
vn -0.1636 -0.9810 0.1040
vn 0.3453 -0.9385 0.0047
vn 0.9991 0.0402 0.0102
vn 0.9991 0.0291 0.0318
vn -0.0825 -0.9966 0.0078
vn -0.2693 -0.9630 0.0018
vn -0.1683 -0.9822 -0.0834
vn 0.0305 -0.9980 0.0554
vn 0.4206 -0.9070 0.0231
vn 0.9938 -0.0944 -0.0580
vn 0.9957 -0.0929 -0.0009
vn -0.1266 -0.9793 0.1582
vn 0.1585 -0.9845 0.0750
vn 0.1797 -0.9825 0.0485
vn -0.0755 -0.9970 0.0163
vn -0.1634 -0.9838 -0.0731
vn 0.9699 -0.2344 0.0657
vn 0.9941 0.0004 0.1085
vn 0.6661 -0.7448 0.0394
vn -0.0732 -0.9914 0.1083
vn 0.0012 -0.9738 0.2273
vn 0.0653 -0.9946 -0.0801
vn 0.8404 -0.5420 -0.0045
vn -0.0184 -0.9976 0.0665
vn 0.1407 -0.9865 -0.0843
vn 0.0308 -0.9959 0.0846
vn 0.0254 -0.8312 -0.5554
vn -0.1371 -0.6504 -0.7471
vn -0.0257 -0.7029 -0.7108
vn 0.1005 -0.7922 -0.6019
vn 0.0081 -0.8532 -0.5215
vn -0.1965 -0.2532 -0.9473
vn 0.2820 -0.8807 -0.3806
vn 0.1588 -0.2098 -0.9648
vn 0.2045 0.0247 -0.9786
vn -0.8469 0.5317 -0.0047
vn -0.9561 0.2772 -0.0948
vn -0.7237 0.6897 -0.0224
vn -0.9028 0.4296 0.0189
vn -0.9748 0.1979 0.1026
vn -0.9912 0.0864 0.1001
vn -0.1620 0.3574 0.9198
vn -0.0317 0.6242 0.7807
vn -0.1813 0.0105 0.9834
vn -0.0323 0.0461 0.9984
vn 0.0806 0.0421 0.9959
vn 0.0343 0.6018 0.7979
vn -0.0989 0.0513 0.9938
vn 0.0178 0.2123 0.9770
vn 0.1646 0.3604 0.9182
vn 0.3149 0.9207 0.2308
vn 0.3281 0.8664 0.3765
vn 0.0044 0.8583 0.5131
vn -0.0537 0.9295 0.3648
vn -0.3486 0.8660 0.3584
vn 0.0022 0.9522 0.3054
vn -0.1814 0.9737 0.1375
vn 0.9731 0.2023 -0.1100
vn 0.8389 0.5442 -0.0047
vn 0.7174 0.6953 -0.0440
vn 0.5029 0.8643 0.0076
vn 0.2310 0.9553 0.1847
vn 0.0198 0.9876 0.1559
vn -0.1075 0.9921 0.0649
vn -0.3687 0.9296 0.0053
vn -0.4140 0.9009 0.1301
vn -0.0007 0.9999 0.0131
vn 0.6067 0.7950 0.0012
vn 0.2578 0.9662 0.0037
vn 0.0943 0.9948 -0.0375
vn 0.1486 0.9824 0.1135
vn 0.9113 0.4107 0.0293
vn 0.2318 0.9574 -0.1724
vn 0.1215 0.9858 -0.1156
vn -0.0275 0.9934 -0.1117
vn -0.1294 0.9912 -0.0290
vn 0.9495 0.2921 0.1145
vn -0.2128 0.9738 -0.0807
vn -0.0688 0.9617 -0.2653
vn -0.4073 0.9100 -0.0772
vn -0.0051 0.8316 -0.5553
vn 0.0082 0.9559 -0.2937
vn 0.0053 0.8408 -0.5413
vn -0.1666 0.9410 -0.2945
vn -0.6330 0.7739 -0.0178
vn 0.6625 0.7486 0.0244
vn 0.6275 0.7774 -0.0422
vn -0.0078 0.5666 -0.8240
vn 0.1397 0.9396 -0.3125
vn 0.1721 0.4443 -0.8792
vn 0.0308 0.6264 -0.7789
vn -0.3371 0.3517 -0.8733
vn -0.1974 0.3434 -0.9182
vn -0.2003 0.6799 -0.7054
vn -0.0032 0.7889 -0.6145
vn 0.1533 0.3022 -0.9408
vn 0.0040 0.8556 -0.5177
vn 0.0125 0.6066 -0.7949
vn -0.4056 0.8690 -0.2834
vn 0.8683 0.4850 -0.1038
vn 0.6400 0.0355 0.7675
vn -0.1070 0.0667 -0.9920
vn 0.1737 -0.1026 -0.9794
vn 0.0574 -0.1675 -0.9842
vn 0.0453 0.2586 -0.9649
vn -0.8315 0.5538 0.0436
vn -0.6512 0.0261 -0.7584
vn -0.9705 0.2342 0.0579
vn -0.0468 -0.6776 -0.7339
vn 0.0948 -0.6285 0.7720
vn -0.6722 -0.0328 0.7397
vn 0.9724 -0.2315 -0.0289
vn -0.9941 0.0492 -0.0968
vn 0.0194 -0.8335 0.5522
vn -0.0031 -0.9657 -0.2595
vn -0.2337 0.1050 -0.9666
vn -0.0462 -0.1084 -0.9930
vn 0.0640 -0.5275 -0.8471
vn 0.2314 0.5064 0.8307
vn -0.9850 0.1720 -0.0162
vn -0.6360 0.7717 -0.0030
vn -0.8812 -0.4714 0.0354
vn -0.4095 -0.8578 -0.3107
vn 0.8705 -0.4916 -0.0237
vt 0.207705 0.934447
vt 0.206237 0.934719
vt 0.207868 0.931776
vt 0.205830 0.926836
vt 0.207511 0.912068
vt 0.207137 0.908731
vt 0.205013 0.899656
vt 0.207779 0.895804
vt 0.206280 0.879989
vt 0.207868 0.876069
vt 0.376708 0.878841
vt 0.374659 0.873778
vt 0.376259 0.872877
vt 0.239453 0.909579
vt 0.241497 0.900421
vt 0.241333 0.915107
vt 0.239709 0.876917
vt 0.241040 0.889198
vt 0.238819 0.886041
vt 0.544560 0.752122
vt 0.540875 0.750905
vt 0.546614 0.750490
vt 0.533106 0.752350
vt 0.532973 0.750642
vt 0.553447 0.746591
vt 0.557829 0.751398
vt 0.521186 0.747624
vt 0.533013 0.747559
vt 0.558783 0.749019
vt 0.558809 0.733238
vt 0.560528 0.751694
vt 0.525435 0.737319
vt 0.934681 0.395719
vt 0.936902 0.410055
vt 0.933449 0.407904
vt 0.536075 0.736052
vt 0.518349 0.731921
vt 0.519406 0.730886
vt 0.519218 0.751283
vt 0.521744 0.726349
vt 0.933207 0.411697
vt 0.933087 0.415615
vt 0.546778 0.722266
vt 0.554117 0.722818
vt 0.553098 0.741088
vt 0.535787 0.713800
vt 0.936556 0.428093
vt 0.933711 0.424384
vt 0.558791 0.715197
vt 0.934061 0.427652
vt 0.555607 0.699629
vt 0.525796 0.707565
vt 0.558820 0.698883
vt 0.519340 0.720107
vt 0.518845 0.696306
vt 0.934226 0.441541
vt 0.932964 0.431389
vt 0.518230 0.715661
vt 0.560465 0.695875
vt 0.549051 0.705358
vt 0.538309 0.700369
vt 0.520526 0.696078
vt 0.935659 0.447406
vt 0.934043 0.449998
vt 0.543424 0.696551
vt 0.558258 0.696258
vt 0.532037 0.696772
vt 0.543696 0.695603
vt 0.547049 0.694695
vt 0.536168 0.694975
vt 0.531726 0.695072
vt 0.518989 0.693544
vt 0.218707 0.902667
vt 0.220543 0.911412
vt 0.218976 0.915243
vt 0.218261 0.887866
vt 0.220261 0.878881
vt 0.221184 0.886379
vt 0.201600 0.911764
vt 0.203773 0.928748
vt 0.202314 0.931733
vt 0.201993 0.895679
vt 0.203931 0.879656
vt 0.204789 0.891684
vt 0.237411 0.910416
vt 0.235050 0.900375
vt 0.238771 0.902523
vt 0.238540 0.900094
vt 0.238595 0.897223
vt 0.234980 0.888974
vt 0.238521 0.891655
vt 0.237417 0.889034
vt 0.237344 0.877812
vt 0.559043 0.770415
vt 0.544888 0.770261
vt 0.560562 0.767841
vt 0.361748 0.869992
vt 0.363370 0.874447
vt 0.361748 0.881775
vt 0.533105 0.770377
vt 0.521525 0.770764
vt 0.517757 0.767841
vt 0.539839 0.774864
vt 0.524918 0.777804
vt 0.932275 0.394826
vt 0.929668 0.411633
vt 0.930651 0.391658
vt 0.557457 0.786883
vt 0.556960 0.773483
vt 0.542930 0.780278
vt 0.530093 0.785331
vt 0.523066 0.795263
vt 0.519340 0.771272
vt 0.538818 0.796478
vt 0.557856 0.805490
vt 0.552903 0.798819
vt 0.547134 0.805655
vt 0.551443 0.780411
vt 0.930310 0.427487
vt 0.928249 0.426791
vt 0.556534 0.822402
vt 0.551124 0.816610
vt 0.535188 0.812372
vt 0.530279 0.806358
vt 0.931790 0.445228
vt 0.525039 0.815712
vt 0.526491 0.821856
vt 0.519970 0.822718
vt 0.544409 0.824416
vt 0.543473 0.821190
vt 0.537087 0.824318
vt 0.519944 0.826394
vt 0.517689 0.826011
vt 0.930255 0.449970
vt 0.929702 0.446590
vt 0.544794 0.826344
vt 0.558524 0.826347
vt 0.543100 0.827332
vt 0.533834 0.826197
vt 0.389156 0.869992
vt 0.389156 0.877303
vt 0.387048 0.873721
vt 0.224381 0.915399
vt 0.222825 0.911398
vt 0.224543 0.913643
vt 0.224443 0.900270
vt 0.224640 0.889626
vt 0.222335 0.879054
vt 0.224009 0.875078
vt 0.517210 0.830635
vt 0.517421 0.828690
vt 0.519357 0.828295
vt 0.932091 0.389354
vt 0.933174 0.385739
vt 0.221447 0.891260
vt 0.223506 0.898451
vt 0.220870 0.897880
vt 0.220340 0.889083
vt 0.222518 0.889145
vt 0.203971 0.873782
vt 0.205118 0.869992
vt 0.221886 0.917093
vt 0.204072 0.908839
vt 0.220441 0.914820
vt 0.240109 0.872986
vt 0.239222 0.869992
vt 0.932497 0.453432
vt 0.205021 0.915814
vt 0.241497 0.875162
vt 0.560274 0.754242
vt 0.519021 0.753923
vt 0.544006 0.747595
vt 0.935891 0.391579
vt 0.517405 0.751623
vt 0.517868 0.728573
vt 0.517370 0.695920
vt 0.562049 0.693254
vt 0.560324 0.693295
vt 0.560471 0.691401
vt 0.556627 0.692842
vt 0.221745 0.902439
vt 0.218209 0.899656
vt 0.220566 0.900390
vt 0.218209 0.875098
vt 0.219873 0.872979
vt 0.817542 0.598978
vt 0.816505 0.596058
vt 0.817542 0.594534
vt 0.203783 0.912051
vt 0.202170 0.876114
vt 0.804726 0.594534
vt 0.806165 0.597937
vt 0.804726 0.598598
vt 0.239184 0.916797
vt 0.236140 0.915036
vt 0.236061 0.873522
vt 0.560643 0.770442
vt 0.277217 0.874081
vt 0.275837 0.887752
vt 0.275837 0.869992
vt 0.517558 0.770432
vt 0.265497 0.869992
vt 0.265497 0.888604
vt 0.264203 0.877453
vt 0.540449 0.771927
vt 0.520465 0.790048
vt 0.928249 0.408175
vt 0.560197 0.825322
vt 0.518963 0.806441
vt 0.559027 0.828301
vt 0.222257 0.872549
vt 0.220975 0.869992
vt 0.240171 0.914796
vt 0.517502 0.756079
vt 0.514890 0.757501
vt 0.515925 0.754526
vt 0.517139 0.754289
vt 0.205129 0.937722
vt 0.206283 0.873766
vt 0.207779 0.873365
vt 0.373710 0.872200
vt 0.376708 0.869992
vt 0.521210 0.754652
vt 0.934414 0.389343
vt 0.935967 0.389031
vt 0.517098 0.693212
vt 0.563313 0.689792
vt 0.218752 0.892132
vt 0.514890 0.832256
vt 0.516024 0.828418
vt 0.517451 0.691481
vt 0.202331 0.934324
vt 0.202383 0.873443
vt 0.930726 0.389053
vt 0.237833 0.872922
vt 0.558918 0.790380
vt 0.519271 0.790349
vt 0.200492 0.879331
vt 0.200199 0.912006
vt 0.515894 0.693578
vt 0.514890 0.689775
vt 0.560923 0.828716
s 1
usemtl wood_wardrobe
f 3508/7667/2216 3503/7668/2217 3517/7669/2218
f 3502/7670/2219 3522/7671/2220 3517/7669/2218
f 3527/7672/2221 3578/7673/2222 3500/7674/2223
f 3500/7674/2223 3499/7675/2224 3545/7676/2225
f 3483/7677/2226 3504/7678/2227 3627/7679/2228
f 3483/7680/2226 3505/7681/2229 3504/7682/2227
f 3631/7683/2230 3506/7684/2231 3559/7685/2232
f 3505/7686/2229 3511/7687/2233 3510/7688/2234
f 3506/7689/2231 3512/7690/2235 3511/7687/2233
f 3510/7688/2234 3515/7691/2236 3509/7692/2237
f 3512/7690/2235 3521/7693/2238 3518/7694/2239
f 3519/7695/2240 3525/7696/2241 3514/7697/2242
f 3521/7693/2238 3526/7698/2243 3518/7694/2239
f 3485/7699/2244 3525/7700/2241 3564/7701/2245
f 3518/7694/2239 3526/7698/2243 3523/7702/2246
f 3522/7703/2220 3524/7704/2247 3513/7705/2248
f 3521/7693/2238 3524/7704/2247 3530/7706/2249
f 3486/7707/2250 3525/7700/2241 3565/7708/2251
f 3528/7709/2252 3529/7710/2253 3520/7711/2254
f 3523/7702/2246 3526/7698/2243 3531/7712/2255
f 3565/7708/2251 3533/7713/2256 3487/7714/2257
f 3525/7696/2241 3529/7710/2253 3533/7715/2256
f 3533/7713/2256 3488/7716/2258 3487/7714/2257
f 3529/7710/2253 3528/7709/2252 3537/7717/2259
f 3530/7706/2249 3535/7718/2260 3526/7698/2243
f 3529/7710/2253 3537/7717/2259 3536/7719/2261
f 3532/7720/2262 3544/7721/2263 3530/7706/2249
f 3533/7713/2256 3490/7722/2264 3489/7723/2265
f 3532/7720/2262 3500/7724/2223 3544/7721/2263
f 3533/7715/2256 3536/7719/2261 3539/7725/2266
f 3534/7726/2267 3538/7727/2268 3537/7717/2259
f 3544/7721/2263 3543/7728/2269 3535/7718/2260
f 3490/7722/2264 3539/7729/2266 3491/7730/2270
f 3537/7717/2259 3541/7731/2271 3540/7732/2272
f 3543/7728/2269 3542/7733/2273 3538/7727/2268
f 3541/7731/2271 3548/7734/2274 3547/7735/2275
f 3541/7731/2271 3549/7736/2276 3548/7734/2274
f 3542/7733/2273 3550/7737/2277 3549/7736/2276
f 3544/7721/2263 3551/7738/2278 3543/7728/2269
f 3547/7739/2275 3626/7740/2279 3546/7741/2280
f 3550/7742/2277 3496/7743/2281 3495/7744/2282
f 3598/7745/2283 3580/7746/2284 3588/7747/2285
f 3608/7748/2286 3576/7749/2287 3577/7750/2288
f 3561/7751/2289 3582/7752/2290 3482/7753/2291
f 3481/7754/2292 3582/7752/2290 3480/7755/2293
f 3480/7755/2293 3583/7756/2294 3560/7757/2295
f 3583/7756/2294 3632/7758/2296 3560/7757/2295
f 3583/7756/2294 3558/7759/2297 3559/7685/2232
f 3590/7760/2298 3582/7761/2290 3581/7762/2299
f 3582/7763/2290 3585/7764/2300 3583/7765/2294
f 3583/7766/2294 3587/7767/2301 3584/7768/2302
f 3586/7769/2303 3595/7770/2304 3587/7767/2301
f 3563/7771/2305 3599/7772/2306 3589/7773/2307
f 3596/7774/2308 3594/7775/2309 3590/7760/2298
f 3592/7776/2310 3597/7777/2311 3595/7770/2304
f 3595/7770/2304 3601/7778/2312 3593/7779/2313
f 3592/7776/2310 3602/7780/2314 3597/7777/2311
f 3597/7777/2311 3601/7778/2312 3595/7770/2304
f 3606/7781/2315 3603/7782/2316 3596/7774/2308
f 3604/7783/2317 3602/7780/2314 3591/7784/2318
f 3566/7785/2319 3606/7786/2315 3599/7772/2306
f 3606/7781/2315 3611/7787/2320 3603/7782/2316
f 3603/7782/2316 3610/7788/2321 3604/7783/2317
f 3604/7783/2317 3607/7789/2322 3602/7780/2314
f 3607/7789/2322 3605/7790/2323 3602/7780/2314
f 3611/7787/2320 3610/7788/2321 3603/7782/2316
f 3610/7788/2321 3607/7789/2322 3604/7783/2317
f 3567/7791/2324 3566/7785/2319 3489/7723/2265
f 3607/7789/2322 3609/7792/2325 3605/7790/2323
f 3613/7793/2326 3609/7792/2325 3607/7789/2322
f 3613/7793/2326 3614/7794/2327 3609/7792/2325
f 3611/7787/2320 3618/7795/2328 3612/7796/2329
f 3619/7797/2330 3613/7793/2326 3612/7796/2329
f 3620/7798/2331 3614/7794/2327 3613/7793/2326
f 3620/7798/2331 3615/7799/2332 3614/7794/2327
f 3567/7791/2324 3622/7800/2333 3616/7801/2334
f 3570/7802/2335 3618/7795/2328 3617/7803/2336
f 3618/7795/2328 3571/7804/2337 3619/7797/2330
f 3619/7797/2330 3624/7805/2338 3620/7798/2331
f 3554/7806/2339 3568/7807/2340 3622/7808/2341
f 3622/7809/2341 3568/7810/2340 3623/7811/2342
f 3568/7810/2340 3570/7812/2335 3623/7811/2342
f 3624/7813/2338 3573/7814/2343 3625/7815/2344
f 3574/7816/2345 3621/7817/2346 3625/7818/2344
f 3563/7771/2305 3562/7819/2347 3553/7820/2348
f 3630/7821/2349 3571/7822/2337 3629/7823/2350
f 3494/7824/2351 3495/7744/2282 3572/7825/2352
f 3496/7743/2281 3573/7814/2343 3495/7744/2282
f 3559/7685/2232 3558/7759/2297 3631/7683/2230
f 3576/7749/2287 3575/7826/2353 3555/7827/2354
f 3626/7740/2279 3568/7810/2340 3554/7828/2339
f 3578/7673/2222 3608/7748/2286 3500/7674/2223
f 3527/7672/2221 3579/7829/2355 3578/7673/2222
f 3492/7830/2356 3626/7740/2279 3554/7828/2339
f 3499/7675/2224 3577/7750/2288 3576/7749/2287
f 3491/7730/2270 3567/7791/2324 3490/7722/2264
f 3479/7831/2357 3631/7683/2230 3556/7832/2358
f 3567/7791/2324 3554/7833/2359 3622/7800/2333
f 3517/7669/2218 3503/7668/2217 3502/7670/2219
f 3502/7670/2219 3501/7834/2360 3522/7671/2220
f 3500/7674/2223 3577/7750/2288 3499/7675/2224
f 3483/7680/2226 3482/7753/2291 3505/7681/2229
f 3481/7754/2292 3480/7755/2293 3505/7681/2229
f 3631/7683/2230 3507/7835/2361 3506/7684/2231
f 3514/7697/2242 3504/7836/2227 3509/7692/2237
f 3505/7686/2229 3506/7689/2231 3511/7687/2233
f 3506/7689/2231 3513/7705/2248 3512/7690/2235
f 3506/7689/2231 3507/7837/2361 3513/7705/2248
f 3509/7692/2237 3519/7695/2240 3514/7697/2242
f 3509/7692/2237 3515/7691/2236 3519/7695/2240
f 3510/7688/2234 3516/7838/2362 3515/7691/2236
f 3510/7688/2234 3511/7687/2233 3516/7838/2362
f 3511/7687/2233 3518/7694/2239 3516/7838/2362
f 3511/7687/2233 3512/7690/2235 3518/7694/2239
f 3512/7690/2235 3513/7705/2248 3521/7693/2238
f 3485/7699/2244 3514/7839/2242 3525/7700/2241
f 3515/7691/2236 3520/7711/2254 3519/7695/2240
f 3525/7696/2241 3519/7695/2240 3529/7710/2253
f 3516/7838/2362 3518/7694/2239 3520/7711/2254
f 3513/7705/2248 3517/7840/2218 3522/7703/2220
f 3518/7694/2239 3523/7702/2246 3520/7711/2254
f 3521/7693/2238 3513/7705/2248 3524/7704/2247
f 3526/7698/2243 3521/7693/2238 3530/7706/2249
f 3522/7703/2220 3527/7841/2221 3524/7704/2247
f 3565/7708/2251 3525/7700/2241 3533/7713/2256
f 3523/7702/2246 3531/7712/2255 3528/7709/2252
f 3530/7706/2249 3524/7704/2247 3532/7720/2262
f 3532/7720/2262 3527/7841/2221 3500/7724/2223
f 3526/7698/2243 3535/7718/2260 3531/7712/2255
f 3537/7717/2259 3528/7709/2252 3534/7726/2267
f 3536/7719/2261 3533/7715/2256 3529/7710/2253
f 3530/7706/2249 3544/7721/2263 3535/7718/2260
f 3534/7726/2267 3531/7712/2255 3538/7727/2268
f 3531/7712/2255 3535/7718/2260 3538/7727/2268
f 3533/7713/2256 3539/7729/2266 3490/7722/2264
f 3500/7724/2223 3545/7842/2225 3544/7721/2263
f 3535/7718/2260 3543/7728/2269 3538/7727/2268
f 3539/7725/2266 3536/7719/2261 3540/7732/2272
f 3537/7717/2259 3538/7727/2268 3541/7731/2271
f 3538/7727/2268 3542/7733/2273 3541/7731/2271
f 3491/7843/2270 3539/7725/2266 3546/7844/2280
f 3546/7844/2280 3539/7725/2266 3540/7732/2272
f 3541/7731/2271 3542/7733/2273 3549/7736/2276
f 3542/7733/2273 3543/7728/2269 3550/7737/2277
f 3543/7728/2269 3551/7738/2278 3550/7737/2277
f 3492/7845/2356 3546/7844/2280 3626/7846/2279
f 3547/7739/2275 3569/7847/2363 3626/7740/2279
f 3548/7848/2274 3629/7823/2350 3493/7849/2364
f 3550/7742/2277 3495/7744/2282 3494/7824/2351
f 3550/7742/2277 3551/7850/2278 3496/7743/2281
f 3551/7850/2278 3497/7851/2365 3496/7743/2281
f 3556/7852/2358 3557/7853/2366 3584/7854/2302
f 3598/7745/2283 3501/7834/2360 3580/7746/2284
f 3579/7829/2355 3598/7745/2283 3578/7673/2222
f 3598/7745/2283 3579/7829/2355 3628/7855/2367
f 3598/7745/2283 3608/7748/2286 3578/7673/2222
f 3608/7748/2286 3615/7856/2332 3576/7749/2287
f 3553/7857/2348 3562/7858/2347 3581/7859/2299
f 3553/7860/2348 3581/7861/2299 3561/7751/2289
f 3561/7751/2289 3581/7861/2299 3582/7752/2290
f 3480/7755/2293 3582/7752/2290 3583/7756/2294
f 3583/7756/2294 3584/7862/2302 3558/7759/2297
f 3581/7762/2299 3589/7863/2307 3590/7760/2298
f 3582/7864/2290 3590/7865/2298 3585/7866/2300
f 3588/7867/2285 3584/7768/2302 3593/7779/2313
f 3585/7868/2300 3587/7869/2301 3583/7870/2294
f 3584/7768/2302 3587/7767/2301 3593/7779/2313
f 3587/7767/2301 3585/7871/2300 3586/7769/2303
f 3586/7769/2303 3592/7776/2310 3595/7770/2304
f 3587/7767/2301 3595/7770/2304 3593/7779/2313
f 3594/7775/2309 3596/7774/2308 3603/7782/2316
f 3563/7771/2305 3564/7701/2245 3599/7772/2306
f 3593/7779/2313 3601/7778/2312 3600/7872/2368
f 3592/7776/2310 3591/7784/2318 3602/7780/2314
f 3486/7707/2250 3565/7708/2251 3599/7772/2306
f 3597/7777/2311 3602/7780/2314 3605/7790/2323
f 3599/7772/2306 3606/7786/2315 3596/7873/2308
f 3603/7782/2316 3604/7783/2317 3591/7784/2318
f 3597/7777/2311 3605/7790/2323 3601/7778/2312
f 3601/7778/2312 3614/7794/2327 3600/7872/2368
f 3605/7790/2323 3609/7792/2325 3601/7778/2312
f 3609/7792/2325 3614/7794/2327 3601/7778/2312
f 3566/7785/2319 3616/7801/2334 3606/7786/2315
f 3606/7781/2315 3616/7874/2334 3611/7787/2320
f 3607/7789/2322 3610/7788/2321 3612/7796/2329
f 3567/7791/2324 3616/7801/2334 3566/7785/2319
f 3612/7796/2329 3613/7793/2326 3607/7789/2322
f 3614/7794/2327 3615/7799/2332 3608/7875/2286
f 3610/7788/2321 3611/7787/2320 3612/7796/2329
f 3611/7787/2320 3617/7803/2336 3618/7795/2328
f 3612/7796/2329 3618/7795/2328 3619/7797/2330
f 3619/7797/2330 3620/7798/2331 3613/7793/2326
f 3617/7803/2336 3623/7876/2342 3570/7802/2335
f 3624/7805/2338 3619/7797/2330 3571/7804/2337
f 3570/7802/2335 3571/7804/2337 3618/7795/2328
f 3624/7805/2338 3625/7818/2344 3620/7798/2331
f 3568/7810/2340 3569/7847/2363 3570/7812/2335
f 3624/7813/2338 3572/7825/2352 3495/7744/2282
f 3624/7813/2338 3630/7821/2349 3572/7825/2352
f 3626/7740/2279 3569/7847/2363 3568/7810/2340
f 3624/7813/2338 3495/7744/2282 3573/7814/2343
f 3573/7814/2343 3574/7877/2345 3625/7815/2344
f 3569/7847/2363 3493/7849/2364 3570/7812/2335
f 3501/7834/2360 3502/7670/2219 3580/7746/2284
f 3630/7821/2349 3494/7824/2351 3572/7825/2352
f 3565/7708/2251 3487/7714/2257 3566/7785/2319
f 3497/7851/2365 3555/7878/2354 3574/7877/2345
f 3577/7750/2288 3500/7674/2223 3608/7748/2286
f 3491/7730/2270 3554/7833/2359 3567/7791/2324
f 3482/7753/2291 3483/7680/2226 3561/7751/2289
f 3483/7680/2226 3627/7879/2228 3561/7751/2289
f 3490/7722/2264 3567/7791/2324 3489/7723/2265
f 3632/7758/2296 3559/7685/2232 3506/7684/2231
f 3479/7880/2357 3556/7881/2358 3503/7882/2217 3508/7883/2216
f 3503/7668/2217 3556/7884/2358 3580/7746/2284
f 3503/7668/2217 3580/7746/2284 3502/7670/2219
f 3498/7885/2369 3552/7886/2370 3545/7676/2225 3499/7675/2224
f 3627/7679/2228 3504/7678/2227 3484/7887/2371 3553/7888/2348
f 3480/7755/2293 3560/7757/2295 3506/7684/2231 3505/7681/2229
f 3505/7681/2229 3482/7753/2291 3481/7754/2292
f 3479/7880/2357 3508/7883/2216 3507/7837/2361 3631/7889/2230
f 3514/7839/2242 3485/7699/2244 3484/7890/2371 3504/7891/2227
f 3505/7686/2229 3510/7688/2234 3509/7692/2237 3504/7836/2227
f 3507/7837/2361 3508/7883/2216 3517/7840/2218 3513/7705/2248
f 3540/7732/2272 3541/7731/2271 3547/7735/2275 3546/7844/2280
f 3520/7711/2254 3515/7691/2236 3516/7838/2362
f 3529/7710/2253 3519/7695/2240 3520/7711/2254
f 3486/7707/2250 3564/7701/2245 3525/7700/2241
f 3528/7709/2252 3520/7711/2254 3523/7702/2246
f 3532/7720/2262 3524/7704/2247 3527/7841/2221
f 3533/7713/2256 3489/7723/2265 3488/7716/2258
f 3531/7712/2255 3534/7726/2267 3528/7709/2252
f 3540/7732/2272 3536/7719/2261 3537/7717/2259
f 3545/7842/2225 3552/7892/2370 3551/7738/2278 3544/7721/2263
f 3491/7843/2270 3546/7844/2280 3492/7845/2356 3554/7893/2359
f 3547/7739/2275 3548/7848/2274 3493/7849/2364 3569/7847/2363
f 3549/7894/2276 3630/7821/2349 3629/7823/2350 3548/7848/2274
f 3549/7894/2276 3550/7742/2277 3494/7824/2351 3630/7821/2349
f 3574/7816/2345 3555/7895/2354 3575/7896/2353 3621/7817/2346
f 3497/7897/2365 3551/7738/2278 3552/7892/2370
f 3588/7747/2285 3580/7746/2284 3556/7884/2358 3584/7898/2302
f 3575/7826/2353 3576/7749/2287 3615/7856/2332 3621/7899/2346
f 3628/7855/2367 3501/7834/2360 3598/7745/2283
f 3589/7773/2307 3581/7900/2299 3562/7819/2347 3563/7771/2305
f 3481/7754/2292 3482/7753/2291 3582/7752/2290
f 3583/7756/2294 3559/7685/2232 3632/7758/2296
f 3557/7901/2366 3558/7759/2297 3584/7862/2302
f 3594/7775/2309 3586/7769/2303 3585/7871/2300 3590/7760/2298
f 3591/7784/2318 3592/7776/2310 3586/7769/2303 3594/7775/2309
f 3599/7902/2306 3596/7774/2308 3590/7760/2298 3589/7863/2307
f 3593/7779/2313 3600/7872/2368 3598/7903/2283 3588/7867/2285
f 3614/7904/2327 3608/7748/2286 3598/7745/2283 3600/7905/2368
f 3591/7784/2318 3594/7775/2309 3603/7782/2316
f 3599/7772/2306 3564/7701/2245 3486/7707/2250
f 3566/7785/2319 3599/7772/2306 3565/7708/2251
f 3498/7906/2369 3555/7907/2354 3497/7897/2365 3552/7892/2370
f 3617/7803/2336 3611/7787/2320 3616/7874/2334
f 3616/7874/2334 3622/7908/2333 3623/7876/2342 3617/7803/2336
f 3625/7818/2344 3621/7817/2346 3615/7799/2332 3620/7798/2331
f 3571/7822/2337 3570/7812/2335 3493/7849/2364 3629/7823/2350
f 3630/7821/2349 3624/7813/2338 3571/7822/2337
f 3553/7860/2348 3561/7751/2289 3627/7879/2228
f 3631/7683/2230 3558/7759/2297 3557/7901/2366 3556/7832/2358
f 3497/7851/2365 3574/7877/2345 3573/7814/2343 3496/7743/2281
f 3498/7885/2369 3499/7675/2224 3576/7749/2287 3555/7827/2354
f 3566/7785/2319 3487/7714/2257 3488/7716/2258
f 3489/7723/2265 3566/7785/2319 3488/7716/2258
f 3484/7890/2371 3485/7699/2244 3563/7771/2305 3553/7820/2348
f 3632/7758/2296 3506/7684/2231 3560/7757/2295
f 3563/7771/2305 3485/7699/2244 3564/7701/2245
f 3522/7671/2220 3628/7855/2367 3579/7829/2355 3527/7672/2221
f 3628/7855/2367 3522/7671/2220 3501/7834/2360
o pillow_4
v -0.299821 1.758525 0.913543
v -0.048054 1.770846 0.889681
v -0.019794 1.770140 0.881004
v 0.008752 1.769409 0.892015
v 0.084482 1.762992 0.896225
v 0.159704 1.758193 0.891090
v 0.146760 1.755793 0.825478
v 0.136554 1.770628 0.660982
v 0.141269 1.764454 0.530512
v 0.133826 1.761073 0.496890
v 0.143969 1.771604 0.458416
v 0.145645 1.757932 0.354049
v 0.159849 1.758556 0.267079
v 0.143603 1.758513 0.248020
v -0.018124 1.760602 0.284618
v -0.137510 1.759911 0.283047
v -0.162862 1.769401 0.270430
v -0.241337 1.761104 0.265785
v -0.299785 1.758505 0.248898
v -0.315843 1.758375 0.270473
v -0.303265 1.757851 0.334603
v -0.290950 1.741765 0.497418
v -0.299932 1.770265 0.703218
v -0.303829 1.761959 0.816564
v -0.316033 1.758145 0.897557
v 0.141968 1.743185 0.894341
v -0.019665 1.738088 0.872469
v -0.138024 1.743138 0.874910
v -0.283056 1.740715 0.891072
v -0.302569 1.742519 0.894870
v 0.117698 1.728302 0.864847
v 0.001712 1.734951 0.855620
v -0.057125 1.729681 0.859814
v -0.138811 1.733769 0.857183
v -0.280264 1.728499 0.863712
v 0.144575 1.743682 0.868127
v 0.071619 1.743953 0.815643
v -0.025778 1.745404 0.826009
v -0.299702 1.740758 0.867409
v -0.139165 1.746824 0.825676
v 0.127419 1.730501 0.840398
v 0.067497 1.753350 0.759169
v -0.260589 1.738944 0.826232
v -0.290012 1.744297 0.664752
v -0.108633 1.765354 0.707570
v -0.278617 1.736099 0.653969
v 0.127660 1.733142 0.678073
v -0.217861 1.757993 0.720496
v -0.295193 1.748386 0.630376
v 0.001611 1.768272 0.565761
v 0.078053 1.755067 0.571215
v -0.255138 1.746916 0.607456
v -0.111513 1.766955 0.478643
v -0.279138 1.734973 0.543050
v 0.127474 1.735693 0.492488
v 0.025991 1.755045 0.391576
v -0.213763 1.755955 0.414333
v 0.128063 1.733194 0.324603
v 0.094417 1.741806 0.332417
v -0.084329 1.749346 0.340177
v 0.144455 1.742905 0.293799
v 0.122448 1.730715 0.297554
v -0.030711 1.735053 0.300657
v -0.148165 1.736543 0.302968
v -0.266581 1.733049 0.295786
v -0.283801 1.731162 0.298107
v -0.299623 1.741401 0.294299
v 0.143036 1.742736 0.267255
v 0.006286 1.741249 0.281655
v -0.027974 1.736230 0.290921
v -0.105966 1.743089 0.284580
v -0.151478 1.738606 0.285509
v -0.282847 1.740376 0.269832
v -0.302461 1.742467 0.266453
v 0.169460 1.770634 0.928120
v 0.171994 1.773614 0.231696
v -0.326915 1.770837 0.231548
v -0.327445 1.769959 0.928355
v -0.299759 1.782126 0.913015
v -0.252178 1.784600 0.895430
v -0.166486 1.768664 0.891167
v -0.107314 1.771490 0.889049
v 0.093860 1.784065 0.895050
v 0.159626 1.782126 0.890839
v 0.148657 1.780524 0.834527
v 0.143707 1.767960 0.700043
v 0.142715 1.771307 0.620695
v 0.129889 1.799948 0.498365
v 0.149739 1.782593 0.315988
v 0.103938 1.782985 0.264239
v 0.007046 1.772885 0.271535
v -0.020169 1.800296 0.291429
v -0.037239 1.791233 0.281577
v -0.136640 1.782277 0.284212
v -0.239415 1.782380 0.267350
v -0.303528 1.783137 0.247806
v -0.315666 1.782166 0.270653
v -0.304067 1.782071 0.331189
v -0.300265 1.772951 0.454961
v -0.298693 1.770490 0.536990
v -0.296852 1.780004 0.631491
v -0.304200 1.783128 0.836249
v 0.143086 1.797125 0.893805
v -0.018652 1.804582 0.868591
v -0.139994 1.805043 0.867360
v -0.297683 1.797660 0.893692
v -0.064972 1.818938 0.850932
v -0.071856 1.832471 0.820215
v -0.259589 1.813505 0.863052
v -0.299774 1.797948 0.867010
v 0.143858 1.797708 0.867005
v 0.126885 1.809698 0.866864
v 0.047155 1.841999 0.762805
v -0.040674 1.846115 0.764004
v -0.282000 1.811328 0.857890
v 0.104901 1.821571 0.834858
v -0.225659 1.835559 0.789805
v 0.109766 1.823395 0.696856
v -0.173026 1.848859 0.711863
v -0.282693 1.804873 0.661740
v 0.125423 1.807715 0.661406
v -0.270970 1.818845 0.664346
v -0.244946 1.835313 0.610093
v -0.083729 1.858195 0.596812
v 0.061873 1.843830 0.573246
v 0.002017 1.852659 0.502558
v -0.171468 1.850786 0.495348
v 0.113692 1.822119 0.505356
v -0.120978 1.850261 0.433473
v -0.285916 1.801133 0.496224
v -0.224994 1.837619 0.399516
v 0.043437 1.840997 0.390206
v 0.099749 1.824704 0.331175
v -0.035110 1.834199 0.343281
v -0.209789 1.829698 0.336549
v -0.276388 1.816417 0.328130
v -0.299240 1.800056 0.294809
v 0.138259 1.804661 0.301828
v 0.120810 1.809850 0.291086
v -0.024905 1.819476 0.310596
v -0.100272 1.818872 0.311608
v -0.276418 1.809469 0.290530
v -0.301949 1.797991 0.267300
v 0.145954 1.798344 0.267111
v 0.126367 1.800118 0.271326
v -0.133163 1.803769 0.292796
v -0.282091 1.800029 0.271298
v 0.103906 1.759551 0.262870
v 0.143988 1.758116 0.913239
v -0.289869 1.782673 0.664601
v -0.042116 1.764420 0.274350
v -0.111624 1.771357 0.272502
v -0.261711 1.760508 0.898880
v -0.137969 1.781054 0.876422
vn -0.3526 -0.8658 0.3550
vn -0.8229 -0.5681 0.0128
vn -0.6529 -0.7574 -0.0055
vn -0.9863 -0.1517 -0.0653
vn -0.8642 -0.5028 -0.0194
vn -0.8937 -0.4444 0.0616
vn -0.9948 0.0852 -0.0555
vn -0.8678 -0.4965 0.0204
vn -0.9745 -0.2075 0.0851
vn -0.6385 -0.7696 0.0127
vn -0.1347 -0.1849 0.9735
vn 0.2965 -0.8870 0.3541
vn -0.0657 -0.6428 0.7632
vn 0.0056 -0.7247 0.6891
vn 0.2180 -0.2494 0.9435
vn 0.0294 -0.6234 0.7814
vn 0.2116 0.0163 0.9772
vn -0.0026 -0.9954 0.0961
vn -0.0152 -0.9999 0.0034
vn 0.0042 -0.9991 0.0430
vn -0.0872 -0.9761 -0.1991
vn 0.1154 -0.9875 0.1070
vn 0.2265 -0.9645 -0.1358
vn 0.0205 -0.9624 -0.2708
vn 0.2530 -0.9664 -0.0444
vn 0.4040 -0.9134 -0.0492
vn 0.6581 -0.7528 -0.0142
vn 0.1884 -0.9803 -0.0595
vn 0.9643 -0.2517 -0.0821
vn 0.9947 -0.0179 -0.1016
vn 0.0145 -0.9966 -0.0807
vn -0.1191 -0.9927 -0.0175
vn -0.1636 -0.9810 0.1040
vn 0.3453 -0.9385 0.0047
vn 0.9991 0.0402 0.0102
vn 0.9991 0.0291 0.0318
vn -0.0825 -0.9966 0.0078
vn -0.2693 -0.9630 0.0018
vn -0.1683 -0.9822 -0.0834
vn 0.0305 -0.9980 0.0554
vn 0.4206 -0.9070 0.0231
vn 0.9938 -0.0944 -0.0580
vn 0.9957 -0.0929 -0.0009
vn -0.1266 -0.9793 0.1582
vn 0.1585 -0.9845 0.0750
vn 0.1797 -0.9825 0.0485
vn -0.0755 -0.9970 0.0163
vn -0.1634 -0.9838 -0.0731
vn 0.9699 -0.2344 0.0657
vn 0.9941 0.0004 0.1085
vn 0.6661 -0.7448 0.0394
vn -0.0732 -0.9914 0.1083
vn 0.0012 -0.9738 0.2273
vn 0.0653 -0.9946 -0.0801
vn 0.8404 -0.5420 -0.0045
vn -0.0184 -0.9976 0.0665
vn 0.1407 -0.9865 -0.0843
vn 0.0308 -0.9959 0.0846
vn 0.0254 -0.8312 -0.5554
vn -0.1371 -0.6504 -0.7471
vn -0.0257 -0.7029 -0.7108
vn 0.1005 -0.7922 -0.6019
vn 0.0081 -0.8532 -0.5215
vn -0.1965 -0.2532 -0.9473
vn 0.2820 -0.8807 -0.3806
vn 0.1588 -0.2098 -0.9648
vn 0.2045 0.0247 -0.9786
vn -0.8469 0.5317 -0.0047
vn -0.9561 0.2772 -0.0948
vn -0.7237 0.6897 -0.0224
vn -0.9028 0.4296 0.0189
vn -0.9748 0.1979 0.1026
vn -0.9912 0.0864 0.1001
vn -0.1620 0.3574 0.9198
vn -0.0317 0.6242 0.7807
vn -0.1813 0.0105 0.9834
vn -0.0323 0.0461 0.9984
vn 0.0806 0.0421 0.9959
vn 0.0343 0.6018 0.7979
vn -0.0989 0.0513 0.9938
vn 0.0178 0.2123 0.9770
vn 0.1646 0.3604 0.9182
vn 0.3149 0.9207 0.2308
vn 0.3281 0.8664 0.3765
vn 0.0044 0.8583 0.5131
vn -0.0537 0.9295 0.3648
vn -0.3486 0.8660 0.3584
vn 0.0022 0.9522 0.3054
vn -0.1814 0.9737 0.1375
vn 0.9731 0.2023 -0.1100
vn 0.8389 0.5442 -0.0047
vn 0.7174 0.6953 -0.0440
vn 0.5029 0.8643 0.0076
vn 0.2310 0.9553 0.1847
vn 0.0198 0.9876 0.1559
vn -0.1075 0.9921 0.0649
vn -0.3687 0.9296 0.0053
vn -0.4140 0.9009 0.1301
vn -0.0007 0.9999 0.0131
vn 0.6067 0.7950 0.0012
vn 0.2578 0.9662 0.0037
vn 0.0943 0.9948 -0.0375
vn 0.1486 0.9824 0.1135
vn 0.9113 0.4107 0.0293
vn 0.2318 0.9574 -0.1724
vn 0.1215 0.9858 -0.1156
vn -0.0275 0.9934 -0.1117
vn -0.1294 0.9912 -0.0290
vn 0.9495 0.2921 0.1145
vn -0.2128 0.9738 -0.0807
vn -0.0688 0.9617 -0.2653
vn -0.4073 0.9100 -0.0772
vn -0.0051 0.8316 -0.5553
vn 0.0082 0.9559 -0.2937
vn 0.0053 0.8408 -0.5413
vn -0.1666 0.9410 -0.2945
vn -0.6330 0.7739 -0.0178
vn 0.6625 0.7486 0.0244
vn 0.6275 0.7774 -0.0422
vn -0.0078 0.5666 -0.8240
vn 0.1397 0.9396 -0.3125
vn 0.1721 0.4443 -0.8792
vn 0.0308 0.6264 -0.7789
vn -0.3371 0.3517 -0.8733
vn -0.1974 0.3434 -0.9182
vn -0.2003 0.6799 -0.7054
vn -0.0032 0.7889 -0.6145
vn 0.1533 0.3022 -0.9408
vn 0.0040 0.8556 -0.5177
vn 0.0125 0.6066 -0.7949
vn -0.4056 0.8690 -0.2834
vn 0.8683 0.4850 -0.1038
vn 0.6400 0.0355 0.7675
vn -0.1070 0.0667 -0.9920
vn 0.1737 -0.1026 -0.9794
vn 0.0574 -0.1675 -0.9842
vn 0.0453 0.2586 -0.9649
vn -0.8315 0.5538 0.0436
vn -0.6512 0.0261 -0.7584
vn -0.9705 0.2342 0.0579
vn -0.0468 -0.6776 -0.7339
vn 0.0948 -0.6285 0.7720
vn -0.6722 -0.0328 0.7397
vn 0.9724 -0.2315 -0.0289
vn -0.9941 0.0492 -0.0968
vn 0.0194 -0.8335 0.5522
vn -0.0031 -0.9657 -0.2595
vn -0.2337 0.1050 -0.9666
vn -0.0462 -0.1084 -0.9930
vn 0.0640 -0.5275 -0.8471
vn 0.2314 0.5064 0.8307
vn -0.9850 0.1720 -0.0162
vn -0.6360 0.7717 -0.0030
vn -0.8812 -0.4714 0.0354
vn -0.4095 -0.8578 -0.3107
vn 0.8705 -0.4916 -0.0237
vt 0.207705 0.934447
vt 0.206237 0.934719
vt 0.207868 0.931776
vt 0.205830 0.926836
vt 0.207511 0.912068
vt 0.207137 0.908731
vt 0.205013 0.899656
vt 0.207779 0.895804
vt 0.206280 0.879989
vt 0.207868 0.876069
vt 0.376708 0.878841
vt 0.374659 0.873778
vt 0.376259 0.872877
vt 0.239453 0.909579
vt 0.241497 0.900421
vt 0.241333 0.915107
vt 0.239709 0.876917
vt 0.241040 0.889198
vt 0.238819 0.886041
vt 0.544560 0.752122
vt 0.540875 0.750905
vt 0.546614 0.750490
vt 0.533106 0.752350
vt 0.532973 0.750642
vt 0.553447 0.746591
vt 0.557829 0.751398
vt 0.521186 0.747624
vt 0.533013 0.747559
vt 0.558783 0.749019
vt 0.558809 0.733238
vt 0.560528 0.751694
vt 0.525435 0.737319
vt 0.934681 0.395719
vt 0.936902 0.410055
vt 0.933449 0.407904
vt 0.536075 0.736052
vt 0.518349 0.731921
vt 0.519406 0.730886
vt 0.519218 0.751283
vt 0.521744 0.726349
vt 0.933207 0.411697
vt 0.933087 0.415615
vt 0.546778 0.722266
vt 0.554117 0.722818
vt 0.553098 0.741088
vt 0.535787 0.713800
vt 0.936556 0.428093
vt 0.933711 0.424384
vt 0.558791 0.715197
vt 0.934061 0.427652
vt 0.555607 0.699629
vt 0.525796 0.707565
vt 0.558820 0.698883
vt 0.519340 0.720107
vt 0.518845 0.696306
vt 0.934226 0.441541
vt 0.932964 0.431389
vt 0.518230 0.715661
vt 0.560465 0.695875
vt 0.549051 0.705358
vt 0.538309 0.700369
vt 0.520526 0.696078
vt 0.935659 0.447406
vt 0.934043 0.449998
vt 0.543424 0.696551
vt 0.558258 0.696258
vt 0.532037 0.696772
vt 0.543696 0.695603
vt 0.547049 0.694695
vt 0.536168 0.694975
vt 0.531726 0.695072
vt 0.518989 0.693544
vt 0.218707 0.902667
vt 0.220543 0.911412
vt 0.218976 0.915243
vt 0.218261 0.887866
vt 0.220261 0.878881
vt 0.221184 0.886379
vt 0.201600 0.911764
vt 0.203773 0.928748
vt 0.202314 0.931733
vt 0.201993 0.895679
vt 0.203931 0.879656
vt 0.204789 0.891684
vt 0.237411 0.910416
vt 0.235050 0.900375
vt 0.238771 0.902523
vt 0.238540 0.900094
vt 0.238595 0.897223
vt 0.234980 0.888974
vt 0.238521 0.891655
vt 0.237417 0.889034
vt 0.237344 0.877812
vt 0.559043 0.770415
vt 0.544888 0.770261
vt 0.560562 0.767841
vt 0.361748 0.869992
vt 0.363370 0.874447
vt 0.361748 0.881775
vt 0.533105 0.770377
vt 0.521525 0.770764
vt 0.517757 0.767841
vt 0.539839 0.774864
vt 0.524918 0.777804
vt 0.932275 0.394826
vt 0.929668 0.411633
vt 0.930651 0.391658
vt 0.557457 0.786883
vt 0.556960 0.773483
vt 0.542930 0.780278
vt 0.530093 0.785331
vt 0.523066 0.795263
vt 0.519340 0.771272
vt 0.538818 0.796478
vt 0.557856 0.805490
vt 0.552903 0.798819
vt 0.547134 0.805655
vt 0.551443 0.780411
vt 0.930310 0.427487
vt 0.928249 0.426791
vt 0.556534 0.822402
vt 0.551124 0.816610
vt 0.535188 0.812372
vt 0.530279 0.806358
vt 0.931790 0.445228
vt 0.525039 0.815712
vt 0.526491 0.821856
vt 0.519970 0.822718
vt 0.544409 0.824416
vt 0.543473 0.821190
vt 0.537087 0.824318
vt 0.519944 0.826394
vt 0.517689 0.826011
vt 0.930255 0.449970
vt 0.929702 0.446590
vt 0.544794 0.826344
vt 0.558524 0.826347
vt 0.543100 0.827332
vt 0.533834 0.826197
vt 0.389156 0.869992
vt 0.389156 0.877303
vt 0.387048 0.873721
vt 0.224381 0.915399
vt 0.222825 0.911398
vt 0.224543 0.913643
vt 0.224443 0.900270
vt 0.224640 0.889626
vt 0.222335 0.879054
vt 0.224009 0.875078
vt 0.517210 0.830635
vt 0.517421 0.828690
vt 0.519357 0.828295
vt 0.932091 0.389354
vt 0.933174 0.385739
vt 0.221447 0.891260
vt 0.223506 0.898451
vt 0.220870 0.897880
vt 0.220340 0.889083
vt 0.222518 0.889145
vt 0.203971 0.873782
vt 0.205118 0.869992
vt 0.221886 0.917093
vt 0.204072 0.908839
vt 0.220441 0.914820
vt 0.240109 0.872986
vt 0.239222 0.869992
vt 0.932497 0.453432
vt 0.205021 0.915814
vt 0.241497 0.875162
vt 0.560274 0.754242
vt 0.519021 0.753923
vt 0.544006 0.747595
vt 0.935891 0.391579
vt 0.517405 0.751623
vt 0.517868 0.728573
vt 0.517370 0.695920
vt 0.562049 0.693254
vt 0.560324 0.693295
vt 0.560471 0.691401
vt 0.556627 0.692842
vt 0.221745 0.902439
vt 0.218209 0.899656
vt 0.220566 0.900390
vt 0.218209 0.875098
vt 0.219873 0.872979
vt 0.817542 0.598978
vt 0.816505 0.596058
vt 0.817542 0.594534
vt 0.203783 0.912051
vt 0.202170 0.876114
vt 0.804726 0.594534
vt 0.806165 0.597937
vt 0.804726 0.598598
vt 0.239184 0.916797
vt 0.236140 0.915036
vt 0.236061 0.873522
vt 0.560643 0.770442
vt 0.277217 0.874081
vt 0.275837 0.887752
vt 0.275837 0.869992
vt 0.517558 0.770432
vt 0.265497 0.869992
vt 0.265497 0.888604
vt 0.264203 0.877453
vt 0.540449 0.771927
vt 0.520465 0.790048
vt 0.928249 0.408175
vt 0.560197 0.825322
vt 0.518963 0.806441
vt 0.559027 0.828301
vt 0.222257 0.872549
vt 0.220975 0.869992
vt 0.240171 0.914796
vt 0.517502 0.756079
vt 0.514890 0.757501
vt 0.515925 0.754526
vt 0.517139 0.754289
vt 0.205129 0.937722
vt 0.206283 0.873766
vt 0.207779 0.873365
vt 0.373710 0.872200
vt 0.376708 0.869992
vt 0.521210 0.754652
vt 0.934414 0.389343
vt 0.935967 0.389031
vt 0.517098 0.693212
vt 0.563313 0.689792
vt 0.218752 0.892132
vt 0.514890 0.832256
vt 0.516024 0.828418
vt 0.517451 0.691481
vt 0.202331 0.934324
vt 0.202383 0.873443
vt 0.930726 0.389053
vt 0.237833 0.872922
vt 0.558918 0.790380
vt 0.519271 0.790349
vt 0.200492 0.879331
vt 0.200199 0.912006
vt 0.515894 0.693578
vt 0.514890 0.689775
vt 0.560923 0.828716
s 1
usemtl wood_wardrobe
f 3662/7909/2372 3657/7910/2373 3671/7911/2374
f 3656/7912/2375 3676/7913/2376 3671/7911/2374
f 3681/7914/2377 3732/7915/2378 3654/7916/2379
f 3654/7916/2379 3653/7917/2380 3699/7918/2381
f 3637/7919/2382 3658/7920/2383 3781/7921/2384
f 3637/7922/2382 3659/7923/2385 3658/7924/2383
f 3785/7925/2386 3660/7926/2387 3713/7927/2388
f 3659/7928/2385 3665/7929/2389 3664/7930/2390
f 3660/7931/2387 3666/7932/2391 3665/7929/2389
f 3664/7930/2390 3669/7933/2392 3663/7934/2393
f 3666/7932/2391 3675/7935/2394 3672/7936/2395
f 3673/7937/2396 3679/7938/2397 3668/7939/2398
f 3675/7935/2394 3680/7940/2399 3672/7936/2395
f 3639/7941/2400 3679/7942/2397 3718/7943/2401
f 3672/7936/2395 3680/7940/2399 3677/7944/2402
f 3676/7945/2376 3678/7946/2403 3667/7947/2404
f 3675/7935/2394 3678/7946/2403 3684/7948/2405
f 3640/7949/2406 3679/7942/2397 3719/7950/2407
f 3682/7951/2408 3683/7952/2409 3674/7953/2410
f 3677/7944/2402 3680/7940/2399 3685/7954/2411
f 3719/7950/2407 3687/7955/2412 3641/7956/2413
f 3679/7938/2397 3683/7952/2409 3687/7957/2412
f 3687/7955/2412 3642/7958/2414 3641/7956/2413
f 3683/7952/2409 3682/7951/2408 3691/7959/2415
f 3684/7948/2405 3689/7960/2416 3680/7940/2399
f 3683/7952/2409 3691/7959/2415 3690/7961/2417
f 3686/7962/2418 3698/7963/2419 3684/7948/2405
f 3687/7955/2412 3644/7964/2420 3643/7965/2421
f 3686/7962/2418 3654/7966/2379 3698/7963/2419
f 3687/7957/2412 3690/7961/2417 3693/7967/2422
f 3688/7968/2423 3692/7969/2424 3691/7959/2415
f 3698/7963/2419 3697/7970/2425 3689/7960/2416
f 3644/7964/2420 3693/7971/2422 3645/7972/2426
f 3691/7959/2415 3695/7973/2427 3694/7974/2428
f 3697/7970/2425 3696/7975/2429 3692/7969/2424
f 3695/7973/2427 3702/7976/2430 3701/7977/2431
f 3695/7973/2427 3703/7978/2432 3702/7976/2430
f 3696/7975/2429 3704/7979/2433 3703/7978/2432
f 3698/7963/2419 3705/7980/2434 3697/7970/2425
f 3701/7981/2431 3780/7982/2435 3700/7983/2436
f 3704/7984/2433 3650/7985/2437 3649/7986/2438
f 3752/7987/2439 3734/7988/2440 3742/7989/2441
f 3762/7990/2442 3730/7991/2443 3731/7992/2444
f 3715/7993/2445 3736/7994/2446 3636/7995/2447
f 3635/7996/2448 3736/7994/2446 3634/7997/2449
f 3634/7997/2449 3737/7998/2450 3714/7999/2451
f 3737/7998/2450 3786/8000/2452 3714/7999/2451
f 3737/7998/2450 3712/8001/2453 3713/7927/2388
f 3744/8002/2454 3736/8003/2446 3735/8004/2455
f 3736/8005/2446 3739/8006/2456 3737/8007/2450
f 3737/8008/2450 3741/8009/2457 3738/8010/2458
f 3740/8011/2459 3749/8012/2460 3741/8009/2457
f 3717/8013/2461 3753/8014/2462 3743/8015/2463
f 3750/8016/2464 3748/8017/2465 3744/8002/2454
f 3746/8018/2466 3751/8019/2467 3749/8012/2460
f 3749/8012/2460 3755/8020/2468 3747/8021/2469
f 3746/8018/2466 3756/8022/2470 3751/8019/2467
f 3751/8019/2467 3755/8020/2468 3749/8012/2460
f 3760/8023/2471 3757/8024/2472 3750/8016/2464
f 3758/8025/2473 3756/8022/2470 3745/8026/2474
f 3720/8027/2475 3760/8028/2471 3753/8014/2462
f 3760/8023/2471 3765/8029/2476 3757/8024/2472
f 3757/8024/2472 3764/8030/2477 3758/8025/2473
f 3758/8025/2473 3761/8031/2478 3756/8022/2470
f 3761/8031/2478 3759/8032/2479 3756/8022/2470
f 3765/8029/2476 3764/8030/2477 3757/8024/2472
f 3764/8030/2477 3761/8031/2478 3758/8025/2473
f 3721/8033/2480 3720/8027/2475 3643/7965/2421
f 3761/8031/2478 3763/8034/2481 3759/8032/2479
f 3767/8035/2482 3763/8034/2481 3761/8031/2478
f 3767/8035/2482 3768/8036/2483 3763/8034/2481
f 3765/8029/2476 3772/8037/2484 3766/8038/2485
f 3773/8039/2486 3767/8035/2482 3766/8038/2485
f 3774/8040/2487 3768/8036/2483 3767/8035/2482
f 3774/8040/2487 3769/8041/2488 3768/8036/2483
f 3721/8033/2480 3776/8042/2489 3770/8043/2490
f 3724/8044/2491 3772/8037/2484 3771/8045/2492
f 3772/8037/2484 3725/8046/2493 3773/8039/2486
f 3773/8039/2486 3778/8047/2494 3774/8040/2487
f 3708/8048/2495 3722/8049/2496 3776/8050/2497
f 3776/8051/2497 3722/8052/2496 3777/8053/2498
f 3722/8052/2496 3724/8054/2491 3777/8053/2498
f 3778/8055/2494 3727/8056/2499 3779/8057/2500
f 3728/8058/2501 3775/8059/2502 3779/8060/2500
f 3717/8013/2461 3716/8061/2503 3707/8062/2504
f 3784/8063/2505 3725/8064/2493 3783/8065/2506
f 3648/8066/2507 3649/7986/2438 3726/8067/2508
f 3650/7985/2437 3727/8056/2499 3649/7986/2438
f 3713/7927/2388 3712/8001/2453 3785/7925/2386
f 3730/7991/2443 3729/8068/2509 3709/8069/2510
f 3780/7982/2435 3722/8052/2496 3708/8070/2495
f 3732/7915/2378 3762/7990/2442 3654/7916/2379
f 3681/7914/2377 3733/8071/2511 3732/7915/2378
f 3646/8072/2512 3780/7982/2435 3708/8070/2495
f 3653/7917/2380 3731/7992/2444 3730/7991/2443
f 3645/7972/2426 3721/8033/2480 3644/7964/2420
f 3633/8073/2513 3785/7925/2386 3710/8074/2514
f 3721/8033/2480 3708/8075/2515 3776/8042/2489
f 3671/7911/2374 3657/7910/2373 3656/7912/2375
f 3656/7912/2375 3655/8076/2516 3676/7913/2376
f 3654/7916/2379 3731/7992/2444 3653/7917/2380
f 3637/7922/2382 3636/7995/2447 3659/7923/2385
f 3635/7996/2448 3634/7997/2449 3659/7923/2385
f 3785/7925/2386 3661/8077/2517 3660/7926/2387
f 3668/7939/2398 3658/8078/2383 3663/7934/2393
f 3659/7928/2385 3660/7931/2387 3665/7929/2389
f 3660/7931/2387 3667/7947/2404 3666/7932/2391
f 3660/7931/2387 3661/8079/2517 3667/7947/2404
f 3663/7934/2393 3673/7937/2396 3668/7939/2398
f 3663/7934/2393 3669/7933/2392 3673/7937/2396
f 3664/7930/2390 3670/8080/2518 3669/7933/2392
f 3664/7930/2390 3665/7929/2389 3670/8080/2518
f 3665/7929/2389 3672/7936/2395 3670/8080/2518
f 3665/7929/2389 3666/7932/2391 3672/7936/2395
f 3666/7932/2391 3667/7947/2404 3675/7935/2394
f 3639/7941/2400 3668/8081/2398 3679/7942/2397
f 3669/7933/2392 3674/7953/2410 3673/7937/2396
f 3679/7938/2397 3673/7937/2396 3683/7952/2409
f 3670/8080/2518 3672/7936/2395 3674/7953/2410
f 3667/7947/2404 3671/8082/2374 3676/7945/2376
f 3672/7936/2395 3677/7944/2402 3674/7953/2410
f 3675/7935/2394 3667/7947/2404 3678/7946/2403
f 3680/7940/2399 3675/7935/2394 3684/7948/2405
f 3676/7945/2376 3681/8083/2377 3678/7946/2403
f 3719/7950/2407 3679/7942/2397 3687/7955/2412
f 3677/7944/2402 3685/7954/2411 3682/7951/2408
f 3684/7948/2405 3678/7946/2403 3686/7962/2418
f 3686/7962/2418 3681/8083/2377 3654/7966/2379
f 3680/7940/2399 3689/7960/2416 3685/7954/2411
f 3691/7959/2415 3682/7951/2408 3688/7968/2423
f 3690/7961/2417 3687/7957/2412 3683/7952/2409
f 3684/7948/2405 3698/7963/2419 3689/7960/2416
f 3688/7968/2423 3685/7954/2411 3692/7969/2424
f 3685/7954/2411 3689/7960/2416 3692/7969/2424
f 3687/7955/2412 3693/7971/2422 3644/7964/2420
f 3654/7966/2379 3699/8084/2381 3698/7963/2419
f 3689/7960/2416 3697/7970/2425 3692/7969/2424
f 3693/7967/2422 3690/7961/2417 3694/7974/2428
f 3691/7959/2415 3692/7969/2424 3695/7973/2427
f 3692/7969/2424 3696/7975/2429 3695/7973/2427
f 3645/8085/2426 3693/7967/2422 3700/8086/2436
f 3700/8086/2436 3693/7967/2422 3694/7974/2428
f 3695/7973/2427 3696/7975/2429 3703/7978/2432
f 3696/7975/2429 3697/7970/2425 3704/7979/2433
f 3697/7970/2425 3705/7980/2434 3704/7979/2433
f 3646/8087/2512 3700/8086/2436 3780/8088/2435
f 3701/7981/2431 3723/8089/2519 3780/7982/2435
f 3702/8090/2430 3783/8065/2506 3647/8091/2520
f 3704/7984/2433 3649/7986/2438 3648/8066/2507
f 3704/7984/2433 3705/8092/2434 3650/7985/2437
f 3705/8092/2434 3651/8093/2521 3650/7985/2437
f 3710/8094/2514 3711/8095/2522 3738/8096/2458
f 3752/7987/2439 3655/8076/2516 3734/7988/2440
f 3733/8071/2511 3752/7987/2439 3732/7915/2378
f 3752/7987/2439 3733/8071/2511 3782/8097/2523
f 3752/7987/2439 3762/7990/2442 3732/7915/2378
f 3762/7990/2442 3769/8098/2488 3730/7991/2443
f 3707/8099/2504 3716/8100/2503 3735/8101/2455
f 3707/8102/2504 3735/8103/2455 3715/7993/2445
f 3715/7993/2445 3735/8103/2455 3736/7994/2446
f 3634/7997/2449 3736/7994/2446 3737/7998/2450
f 3737/7998/2450 3738/8104/2458 3712/8001/2453
f 3735/8004/2455 3743/8105/2463 3744/8002/2454
f 3736/8106/2446 3744/8107/2454 3739/8108/2456
f 3742/8109/2441 3738/8010/2458 3747/8021/2469
f 3739/8110/2456 3741/8111/2457 3737/8112/2450
f 3738/8010/2458 3741/8009/2457 3747/8021/2469
f 3741/8009/2457 3739/8113/2456 3740/8011/2459
f 3740/8011/2459 3746/8018/2466 3749/8012/2460
f 3741/8009/2457 3749/8012/2460 3747/8021/2469
f 3748/8017/2465 3750/8016/2464 3757/8024/2472
f 3717/8013/2461 3718/7943/2401 3753/8014/2462
f 3747/8021/2469 3755/8020/2468 3754/8114/2524
f 3746/8018/2466 3745/8026/2474 3756/8022/2470
f 3640/7949/2406 3719/7950/2407 3753/8014/2462
f 3751/8019/2467 3756/8022/2470 3759/8032/2479
f 3753/8014/2462 3760/8028/2471 3750/8115/2464
f 3757/8024/2472 3758/8025/2473 3745/8026/2474
f 3751/8019/2467 3759/8032/2479 3755/8020/2468
f 3755/8020/2468 3768/8036/2483 3754/8114/2524
f 3759/8032/2479 3763/8034/2481 3755/8020/2468
f 3763/8034/2481 3768/8036/2483 3755/8020/2468
f 3720/8027/2475 3770/8043/2490 3760/8028/2471
f 3760/8023/2471 3770/8116/2490 3765/8029/2476
f 3761/8031/2478 3764/8030/2477 3766/8038/2485
f 3721/8033/2480 3770/8043/2490 3720/8027/2475
f 3766/8038/2485 3767/8035/2482 3761/8031/2478
f 3768/8036/2483 3769/8041/2488 3762/8117/2442
f 3764/8030/2477 3765/8029/2476 3766/8038/2485
f 3765/8029/2476 3771/8045/2492 3772/8037/2484
f 3766/8038/2485 3772/8037/2484 3773/8039/2486
f 3773/8039/2486 3774/8040/2487 3767/8035/2482
f 3771/8045/2492 3777/8118/2498 3724/8044/2491
f 3778/8047/2494 3773/8039/2486 3725/8046/2493
f 3724/8044/2491 3725/8046/2493 3772/8037/2484
f 3778/8047/2494 3779/8060/2500 3774/8040/2487
f 3722/8052/2496 3723/8089/2519 3724/8054/2491
f 3778/8055/2494 3726/8067/2508 3649/7986/2438
f 3778/8055/2494 3784/8063/2505 3726/8067/2508
f 3780/7982/2435 3723/8089/2519 3722/8052/2496
f 3778/8055/2494 3649/7986/2438 3727/8056/2499
f 3727/8056/2499 3728/8119/2501 3779/8057/2500
f 3723/8089/2519 3647/8091/2520 3724/8054/2491
f 3655/8076/2516 3656/7912/2375 3734/7988/2440
f 3784/8063/2505 3648/8066/2507 3726/8067/2508
f 3719/7950/2407 3641/7956/2413 3720/8027/2475
f 3651/8093/2521 3709/8120/2510 3728/8119/2501
f 3731/7992/2444 3654/7916/2379 3762/7990/2442
f 3645/7972/2426 3708/8075/2515 3721/8033/2480
f 3636/7995/2447 3637/7922/2382 3715/7993/2445
f 3637/7922/2382 3781/8121/2384 3715/7993/2445
f 3644/7964/2420 3721/8033/2480 3643/7965/2421
f 3786/8000/2452 3713/7927/2388 3660/7926/2387
f 3633/8122/2513 3710/8123/2514 3657/8124/2373 3662/8125/2372
f 3657/7910/2373 3710/8126/2514 3734/7988/2440
f 3657/7910/2373 3734/7988/2440 3656/7912/2375
f 3652/8127/2525 3706/8128/2526 3699/7918/2381 3653/7917/2380
f 3781/7921/2384 3658/7920/2383 3638/8129/2527 3707/8130/2504
f 3634/7997/2449 3714/7999/2451 3660/7926/2387 3659/7923/2385
f 3659/7923/2385 3636/7995/2447 3635/7996/2448
f 3633/8122/2513 3662/8125/2372 3661/8079/2517 3785/8131/2386
f 3668/8081/2398 3639/7941/2400 3638/8132/2527 3658/8133/2383
f 3659/7928/2385 3664/7930/2390 3663/7934/2393 3658/8078/2383
f 3661/8079/2517 3662/8125/2372 3671/8082/2374 3667/7947/2404
f 3694/7974/2428 3695/7973/2427 3701/7977/2431 3700/8086/2436
f 3674/7953/2410 3669/7933/2392 3670/8080/2518
f 3683/7952/2409 3673/7937/2396 3674/7953/2410
f 3640/7949/2406 3718/7943/2401 3679/7942/2397
f 3682/7951/2408 3674/7953/2410 3677/7944/2402
f 3686/7962/2418 3678/7946/2403 3681/8083/2377
f 3687/7955/2412 3643/7965/2421 3642/7958/2414
f 3685/7954/2411 3688/7968/2423 3682/7951/2408
f 3694/7974/2428 3690/7961/2417 3691/7959/2415
f 3699/8084/2381 3706/8134/2526 3705/7980/2434 3698/7963/2419
f 3645/8085/2426 3700/8086/2436 3646/8087/2512 3708/8135/2515
f 3701/7981/2431 3702/8090/2430 3647/8091/2520 3723/8089/2519
f 3703/8136/2432 3784/8063/2505 3783/8065/2506 3702/8090/2430
f 3703/8136/2432 3704/7984/2433 3648/8066/2507 3784/8063/2505
f 3728/8058/2501 3709/8137/2510 3729/8138/2509 3775/8059/2502
f 3651/8139/2521 3705/7980/2434 3706/8134/2526
f 3742/7989/2441 3734/7988/2440 3710/8126/2514 3738/8140/2458
f 3729/8068/2509 3730/7991/2443 3769/8098/2488 3775/8141/2502
f 3782/8097/2523 3655/8076/2516 3752/7987/2439
f 3743/8015/2463 3735/8142/2455 3716/8061/2503 3717/8013/2461
f 3635/7996/2448 3636/7995/2447 3736/7994/2446
f 3737/7998/2450 3713/7927/2388 3786/8000/2452
f 3711/8143/2522 3712/8001/2453 3738/8104/2458
f 3748/8017/2465 3740/8011/2459 3739/8113/2456 3744/8002/2454
f 3745/8026/2474 3746/8018/2466 3740/8011/2459 3748/8017/2465
f 3753/8144/2462 3750/8016/2464 3744/8002/2454 3743/8105/2463
f 3747/8021/2469 3754/8114/2524 3752/8145/2439 3742/8109/2441
f 3768/8146/2483 3762/7990/2442 3752/7987/2439 3754/8147/2524
f 3745/8026/2474 3748/8017/2465 3757/8024/2472
f 3753/8014/2462 3718/7943/2401 3640/7949/2406
f 3720/8027/2475 3753/8014/2462 3719/7950/2407
f 3652/8148/2525 3709/8149/2510 3651/8139/2521 3706/8134/2526
f 3771/8045/2492 3765/8029/2476 3770/8116/2490
f 3770/8116/2490 3776/8150/2489 3777/8118/2498 3771/8045/2492
f 3779/8060/2500 3775/8059/2502 3769/8041/2488 3774/8040/2487
f 3725/8064/2493 3724/8054/2491 3647/8091/2520 3783/8065/2506
f 3784/8063/2505 3778/8055/2494 3725/8064/2493
f 3707/8102/2504 3715/7993/2445 3781/8121/2384
f 3785/7925/2386 3712/8001/2453 3711/8143/2522 3710/8074/2514
f 3651/8093/2521 3728/8119/2501 3727/8056/2499 3650/7985/2437
f 3652/8127/2525 3653/7917/2380 3730/7991/2443 3709/8069/2510
f 3720/8027/2475 3641/7956/2413 3642/7958/2414
f 3643/7965/2421 3720/8027/2475 3642/7958/2414
f 3638/8132/2527 3639/7941/2400 3717/8013/2461 3707/8062/2504
f 3786/8000/2452 3660/7926/2387 3714/7999/2451
f 3717/8013/2461 3639/7941/2400 3718/7943/2401
f 3676/7913/2376 3782/8097/2523 3733/8071/2511 3681/7914/2377
f 3782/8097/2523 3676/7913/2376 3655/8076/2516
