# Blender 4.5.3 LTS
# www.blender.org
mtllib dresser.mtl
o dresser
v -0.250000 0.000000 -0.740000
v 0.250000 1.000000 -0.740000
v -0.250000 1.000000 -0.800000
v -0.250000 0.000000 -0.800000
v -0.250000 1.000000 -0.740000
v 0.250000 0.000000 -0.740000
v 0.250000 1.000000 -0.800000
v 0.250000 0.000000 -0.800000
v -0.250000 0.500000 -0.640000
v 0.250000 0.500000 -0.640000
v 0.250000 0.251931 -0.749614
v 0.250000 0.748070 -0.749614
v 0.250000 0.500000 -0.645040
v 0.250000 0.365746 -0.734404
v 0.250000 0.500000 -0.729063
v 0.250000 0.634254 -0.734404
v -0.250000 0.748070 -0.749614
v -0.250000 0.251931 -0.749614
v -0.250000 0.500000 -0.645040
v -0.250000 0.634254 -0.734404
v -0.250000 0.500000 -0.729063
v -0.250000 0.365746 -0.734404
v -0.250000 0.000000 0.740000
v 0.250000 1.000000 0.740000
v -0.250000 1.000000 0.800000
v -0.250000 0.000000 0.800000
v -0.250000 1.000000 0.740000
v 0.250000 0.000000 0.740000
v 0.250000 1.000000 0.800000
v 0.250000 0.000000 0.800000
v -0.250000 0.500000 0.640000
v 0.250000 0.500000 0.640000
v 0.250000 0.251931 0.749614
v 0.250000 0.748070 0.749614
v 0.250000 0.500000 0.645040
v 0.250000 0.365746 0.734404
v 0.250000 0.500000 0.729063
v 0.250000 0.634254 0.734404
v -0.250000 0.748070 0.749614
v -0.250000 0.251931 0.749614
v -0.250000 0.500000 0.645040
v -0.250000 0.634254 0.734404
v -0.250000 0.500000 0.729063
v -0.250000 0.365746 0.734404
v -0.250000 1.000000 0.000000
v 0.250000 1.000000 -0.000000
v 0.250000 0.500000 -0.000000
v -0.250000 0.500000 0.000000
v 0.250000 0.825000 -0.705000
v 0.250000 0.825000 0.705000
v 0.250000 0.825000 -0.000000
v -0.250000 0.250000 0.000000
v 0.250000 0.250000 -0.000000
v 0.250000 0.250000 0.690000
v 0.250000 0.250000 -0.690000
v -0.250000 0.250000 -0.690000
v -0.250000 0.250000 0.690000
v 0.250000 0.835000 -0.016000
v 0.250000 0.835000 -0.690876
v 0.250000 0.990000 -0.721876
v 0.250000 0.990000 -0.016000
v 0.250000 0.835000 0.690875
v 0.250000 0.835000 0.016000
v 0.250000 0.990000 0.016000
v 0.250000 0.990000 0.721875
v 0.250000 0.510000 0.625875
v 0.250000 0.510000 0.016000
v 0.250000 0.815000 0.016000
v 0.250000 0.815000 0.686875
v 0.250000 0.510000 -0.016000
v 0.250000 0.510000 -0.625876
v 0.250000 0.815000 -0.686876
v 0.250000 0.815000 -0.016000
v 0.250000 0.490000 -0.625876
v 0.250000 0.490000 -0.016000
v 0.250000 0.260000 -0.016000
v 0.250000 0.260000 -0.671876
v 0.250000 0.490000 0.625875
v 0.250000 0.260000 0.671875
v 0.250000 0.260000 0.016000
v 0.250000 0.490000 0.016000
v -0.200000 0.835000 -0.690875
v -0.200000 0.835000 -0.016000
v -0.200000 0.990000 -0.016000
v -0.200000 0.990000 -0.721875
v -0.200000 0.835000 0.016000
v -0.200000 0.835000 0.690876
v -0.200000 0.990000 0.721875
v -0.200000 0.990000 0.016000
v -0.200000 0.510000 0.625876
v -0.200000 0.510000 0.016000
v -0.200000 0.815000 0.686876
v -0.200000 0.815000 0.016000
v -0.200000 0.510000 -0.016000
v -0.200000 0.510000 -0.625875
v -0.200000 0.815000 -0.016000
v -0.200000 0.815000 -0.686875
v -0.200000 0.490000 -0.016000
v -0.200000 0.490000 -0.625875
v -0.200000 0.260000 -0.671875
v -0.200000 0.260000 -0.016000
v -0.200000 0.490000 0.625876
v -0.200000 0.260000 0.671876
v -0.200000 0.490000 0.016000
v -0.200000 0.260000 0.016000
vn -0.0000 1.0000 -0.0000
vn -0.0000 -1.0000 -0.0000
vn -1.0000 -0.0000 -0.0000
vn 1.0000 -0.0000 -0.0000
vn -0.0000 -0.1645 -0.9864
vn -0.0000 -0.0863 -0.9963
vn -0.0000 -0.0000 -1.0000
vn -0.0000 0.0863 -0.9963
vn -0.0000 0.1645 -0.9864
vn -0.0000 0.1961 -0.9806
vn -0.0000 -0.1961 -0.9806
vn -0.0000 -0.1645 0.9864
vn -0.0000 -0.0863 0.9963
vn -0.0000 -0.0000 1.0000
vn -0.0000 0.0863 0.9963
vn -0.0000 0.1645 0.9864
vn -0.0000 0.1961 0.9806
vn -0.0000 -0.1961 0.9806
vt 0.013313 0.007727
vt 0.013313 0.156687
vt 0.007727 0.156687
vt 0.007727 0.007727
vt 0.551314 0.755541
vt 0.551314 0.904500
vt 0.545728 0.904500
vt 0.545728 0.755541
vt 0.082207 0.246621
vt 0.082207 0.306205
vt 0.007727 0.315515
vt 0.007727 0.246621
vt 0.417727 0.172142
vt 0.480558 0.172142
vt 0.480558 0.306205
vt 0.417727 0.306205
vt 0.082207 0.007727
vt 0.151101 0.007727
vt 0.151101 0.156687
vt 0.082207 0.156687
vt 0.283573 0.151996
vt 0.266620 0.150580
vt 0.246621 0.142260
vt 0.246621 0.150083
vt 0.226623 0.150580
vt 0.209669 0.151996
vt 0.045255 0.176832
vt 0.062209 0.178248
vt 0.082207 0.186568
vt 0.082207 0.178746
vt 0.102206 0.178248
vt 0.119159 0.176832
vt 0.209669 0.321101
vt 0.209669 0.172142
vt 0.226623 0.172142
vt 0.226623 0.321101
vt 0.246621 0.172142
vt 0.246621 0.321101
vt 0.266620 0.172142
vt 0.266620 0.321101
vt 0.283574 0.172142
vt 0.283573 0.321101
vt 0.172141 0.156687
vt 0.172141 0.151101
vt 0.198209 0.147842
vt 0.246621 0.141791
vt 0.321101 0.321101
vt 0.321101 0.172142
vt 0.321101 0.156687
vt 0.283861 0.146446
vt 0.321101 0.151101
vt 0.172141 0.321101
vt 0.172142 0.172141
vt 0.156687 0.177727
vt 0.119447 0.182382
vt 0.082207 0.187037
vt 0.156687 0.172141
vt 0.007727 0.177727
vt 0.007727 0.172141
vt 0.156687 0.007727
vt 0.156687 0.156687
vt 0.695717 0.756936
vt 0.701303 0.756936
vt 0.701303 0.905896
vt 0.695717 0.905896
vt 0.283573 0.012418
vt 0.246621 0.022154
vt 0.266620 0.013834
vt 0.246621 0.014332
vt 0.226623 0.013834
vt 0.209669 0.012418
vt 0.045255 0.316410
vt 0.082207 0.306674
vt 0.062209 0.314994
vt 0.082207 0.314497
vt 0.102205 0.314994
vt 0.119159 0.316410
vt 0.045255 0.336556
vt 0.062209 0.336556
vt 0.062209 0.485515
vt 0.045255 0.485515
vt 0.082207 0.336556
vt 0.082207 0.485515
vt 0.102206 0.336556
vt 0.102206 0.485515
vt 0.119159 0.336556
vt 0.119159 0.485515
vt 0.246621 0.022623
vt 0.198209 0.016572
vt 0.172141 0.013313
vt 0.172141 0.007727
vt 0.156687 0.336556
vt 0.156687 0.485515
vt 0.321101 0.007727
vt 0.321101 0.013313
vt 0.283861 0.017968
vt 0.007727 0.485515
vt 0.007727 0.336556
vt 0.156687 0.315515
vt 0.156687 0.321101
vt 0.119447 0.310860
vt 0.007727 0.321101
vt 0.866047 0.593504
vt 0.831787 0.593504
vt 0.831787 0.459441
vt 0.866047 0.459441
vt 0.172141 0.485057
vt 0.233203 0.485057
vt 0.233203 0.619120
vt 0.172141 0.619120
vt 0.252995 0.485057
vt 0.314057 0.485057
vt 0.314057 0.619120
vt 0.252995 0.619120
vt 0.804680 0.007727
vt 0.804680 0.156687
vt 0.767440 0.156687
vt 0.767440 0.007727
vt 0.816332 0.470619
vt 0.779092 0.470619
vt 0.779092 0.321660
vt 0.816332 0.321660
vt 0.119447 0.246621
vt 0.558471 0.306205
vt 0.496012 0.306205
vt 0.496012 0.172141
vt 0.558471 0.172141
vt 0.836232 0.172141
vt 0.870492 0.172141
vt 0.870492 0.306205
vt 0.836231 0.306205
vt 0.465033 0.007727
vt 0.465033 0.156687
vt 0.400794 0.156687
vt 0.400794 0.007727
vt 0.336556 0.007727
vt 0.336556 0.156687
vt 0.198209 0.082207
vt 0.196720 0.146527
vt 0.196720 0.083697
vt 0.173631 0.149413
vt 0.172141 0.082207
vt 0.173631 0.083697
vt 0.196720 0.080717
vt 0.196720 0.017887
vt 0.173631 0.080717
vt 0.173631 0.015001
vt 0.246621 0.082207
vt 0.245132 0.080717
vt 0.245132 0.023938
vt 0.199699 0.080717
vt 0.199699 0.018259
vt 0.245132 0.140476
vt 0.245132 0.083697
vt 0.199699 0.146155
vt 0.199699 0.083697
vt 0.248111 0.083697
vt 0.248111 0.140476
vt 0.283861 0.082207
vt 0.282371 0.083697
vt 0.282371 0.144758
vt 0.282371 0.019656
vt 0.248111 0.023938
vt 0.282371 0.080717
vt 0.248111 0.080717
vt 0.417727 0.321660
vt 0.480558 0.321660
vt 0.480558 0.455723
vt 0.417727 0.455723
vt 0.877295 0.007727
vt 0.900384 0.007727
vt 0.900384 0.141791
vt 0.877295 0.141791
vt 0.083926 0.500970
vt 0.140705 0.500970
vt 0.140705 0.635033
vt 0.083926 0.635033
vt 0.838427 0.768819
vt 0.861516 0.768819
vt 0.861516 0.902882
vt 0.838427 0.902882
vt 0.573925 0.172141
vt 0.630705 0.172141
vt 0.630705 0.306205
vt 0.573925 0.306205
vt 0.900060 0.902882
vt 0.876971 0.902882
vt 0.876971 0.768819
vt 0.900060 0.768819
vt 0.706553 0.007727
vt 0.751986 0.007727
vt 0.751986 0.141791
vt 0.706553 0.141791
vt 0.630797 0.455723
vt 0.574017 0.455723
vt 0.574017 0.321660
vt 0.630797 0.321660
vt 0.195230 0.903702
vt 0.172142 0.903702
vt 0.172142 0.769639
vt 0.195230 0.769639
vt 0.718113 0.172141
vt 0.763545 0.172141
vt 0.763545 0.306205
vt 0.718113 0.306205
vt 0.838428 0.619301
vt 0.872688 0.619301
vt 0.872688 0.753364
vt 0.838428 0.753364
vt 0.402272 0.455723
vt 0.336556 0.455723
vt 0.336556 0.321660
vt 0.402272 0.321660
vt 0.763637 0.455723
vt 0.718205 0.455723
vt 0.718205 0.321660
vt 0.763637 0.321660
vt 0.530273 0.889604
vt 0.496012 0.889604
vt 0.496012 0.755541
vt 0.530273 0.755541
vt 0.402272 0.306205
vt 0.336556 0.306205
vt 0.336556 0.172142
vt 0.402272 0.172142
vt 0.765741 0.753364
vt 0.720309 0.753364
vt 0.720309 0.619301
vt 0.765741 0.619301
vt 0.630797 0.605241
vt 0.574017 0.605241
vt 0.574017 0.471178
vt 0.630797 0.471178
vt 0.542946 0.141791
vt 0.480488 0.141791
vt 0.480488 0.007727
vt 0.542946 0.007727
vt 0.923792 0.325942
vt 0.958053 0.321660
vt 0.958053 0.382721
vt 0.923792 0.382721
vt 0.519101 0.970776
vt 0.496012 0.970776
vt 0.496013 0.905059
vt 0.519101 0.907945
vt 0.053160 0.800556
vt 0.053160 0.857335
vt 0.007727 0.857335
vt 0.007727 0.794877
vt 0.359644 0.968581
vt 0.336556 0.971467
vt 0.336556 0.905750
vt 0.359644 0.905750
vt 0.919780 0.590836
vt 0.919780 0.534057
vt 0.954041 0.534057
vt 0.954041 0.595119
vt 0.298428 0.781440
vt 0.298428 0.838219
vt 0.252995 0.843898
vt 0.252995 0.781440
s 1
usemtl dresser
f 5/1/1 2/2/1 7/3/1 3/4/1
f 6/5/2 1/6/2 4/7/2 8/8/2
f 48/9/3 31/10/3 27/11/3 45/12/3
f 58/13/1 59/14/1 82/15/1 83/16/1
f 45/17/1 27/18/1 24/19/1 46/20/1
f 11/21/4 14/22/4 13/23/4
f 14/22/4 15/24/4 13/23/4
f 15/24/4 16/25/4 13/23/4
f 16/25/4 12/26/4 13/23/4
f 17/27/3 20/28/3 19/29/3
f 20/28/3 21/30/3 19/29/3
f 21/30/3 22/31/3 19/29/3
f 22/31/3 18/32/3 19/29/3
f 17/33/5 12/34/5 16/35/6 20/36/6
f 20/36/6 16/35/6 15/37/7 21/38/7
f 21/38/7 15/37/7 14/39/8 22/40/8
f 22/40/8 14/39/8 11/41/9 18/42/9
f 13/23/4 12/26/4 7/43/4 2/44/4 49/45/4 10/46/4
f 4/47/10 18/42/9 11/41/9 8/48/10
f 8/49/4 11/21/4 13/23/4 10/46/4 55/50/4 6/51/4
f 17/33/5 3/52/11 7/53/11 12/34/5
f 1/54/3 56/55/3 9/56/3 19/29/3 18/32/3 4/57/3
f 9/56/3 5/58/3 3/59/3 17/27/3 19/29/3
f 27/18/1 25/60/1 29/61/1 24/19/1
f 28/62/2 30/63/2 26/64/2 23/65/2
f 33/66/4 35/67/4 36/68/4
f 36/68/4 35/67/4 37/69/4
f 37/69/4 35/67/4 38/70/4
f 38/70/4 35/67/4 34/71/4
f 39/72/3 41/73/3 42/74/3
f 42/74/3 41/73/3 43/75/3
f 43/75/3 41/73/3 44/76/3
f 44/76/3 41/73/3 40/77/3
f 39/78/12 42/79/13 38/80/13 34/81/12
f 42/79/13 43/82/14 37/83/14 38/80/13
f 43/82/14 44/84/15 36/85/15 37/83/14
f 44/84/15 40/86/16 33/87/16 36/85/15
f 35/67/4 32/88/4 50/89/4 24/90/4 29/91/4 34/71/4
f 26/92/17 30/93/17 33/87/16 40/86/16
f 30/94/4 28/95/4 54/96/4 32/88/4 35/67/4 33/66/4
f 39/78/12 34/81/12 29/97/18 25/98/18
f 23/99/3 26/100/3 40/77/3 41/73/3 31/10/3 57/101/3
f 31/10/3 41/73/3 39/72/3 25/102/3 27/11/3
f 5/1/1 45/17/1 46/20/1 2/2/1
f 80/103/14 81/104/14 104/105/14 105/106/14
f 9/56/3 48/9/3 45/12/3 5/58/3
f 76/107/1 77/108/1 100/109/1 101/110/1
f 79/111/1 80/112/1 105/113/1 103/114/1
f 1/115/18 6/116/18 55/117/18 56/118/18
f 23/119/11 57/120/11 54/121/11 28/122/11
f 31/10/3 48/9/3 52/123/3 57/101/3
f 9/56/3 56/55/3 52/123/3 48/9/3
f 72/124/2 73/125/2 96/126/2 97/127/2
f 75/128/7 76/129/7 101/130/7 98/131/7
f 54/132/2 57/133/2 52/134/2 53/135/2
f 55/136/2 53/135/2 52/134/2 56/137/2
f 51/138/4 49/45/4 59/139/4 58/140/4
f 49/45/4 2/44/4 60/141/4 59/139/4
f 2/44/4 46/142/4 61/143/4 60/141/4
f 46/142/4 51/138/4 58/140/4 61/143/4
f 50/89/4 51/138/4 63/144/4 62/145/4
f 51/138/4 46/142/4 64/146/4 63/144/4
f 46/142/4 24/90/4 65/147/4 64/146/4
f 24/90/4 50/89/4 62/145/4 65/147/4
f 32/88/4 47/148/4 67/149/4 66/150/4
f 47/148/4 51/138/4 68/151/4 67/149/4
f 51/138/4 50/89/4 69/152/4 68/151/4
f 50/89/4 32/88/4 66/150/4 69/152/4
f 47/148/4 10/46/4 71/153/4 70/154/4
f 10/46/4 49/45/4 72/155/4 71/153/4
f 49/45/4 51/138/4 73/156/4 72/155/4
f 51/138/4 47/148/4 70/154/4 73/156/4
f 10/46/4 47/148/4 75/157/4 74/158/4
f 47/148/4 53/159/4 76/160/4 75/157/4
f 53/159/4 55/50/4 77/161/4 76/160/4
f 55/50/4 10/46/4 74/158/4 77/161/4
f 32/88/4 54/96/4 79/162/4 78/163/4
f 54/96/4 53/159/4 80/164/4 79/162/4
f 53/159/4 47/148/4 81/165/4 80/164/4
f 47/148/4 32/88/4 78/163/4 81/165/4
f 62/166/1 63/167/1 86/168/1 87/169/1
f 61/170/7 58/171/7 83/172/7 84/173/7
f 66/174/1 67/175/1 91/176/1 90/177/1
f 65/178/10 62/179/10 87/180/10 88/181/10
f 70/182/1 71/183/1 95/184/1 94/185/1
f 59/186/17 60/187/17 85/188/17 82/189/17
f 69/190/10 66/191/10 90/192/10 92/193/10
f 74/194/2 75/195/2 98/196/2 99/197/2
f 63/198/14 64/199/14 89/200/14 86/201/14
f 73/202/7 70/203/7 94/204/7 96/205/7
f 78/206/11 79/207/11 103/208/11 102/209/11
f 60/210/2 61/211/2 84/212/2 85/213/2
f 67/214/14 68/215/14 93/216/14 91/217/14
f 77/218/18 74/219/18 99/220/18 100/221/18
f 64/222/2 65/223/2 88/224/2 89/225/2
f 71/226/17 72/227/17 97/228/17 95/229/17
f 81/230/2 78/231/2 102/232/2 104/233/2
f 68/234/2 69/235/2 92/236/2 93/237/2
f 102/238/4 103/239/4 105/240/4 104/241/4
f 86/242/4 89/243/4 88/244/4 87/245/4
f 90/246/4 91/247/4 93/248/4 92/249/4
f 82/250/4 85/251/4 84/252/4 83/253/4
f 99/254/4 98/255/4 101/256/4 100/257/4
f 94/258/4 95/259/4 97/260/4 96/261/4
o latch_2
v -0.200000 0.836000 -0.689463
v -0.200000 0.836000 -0.017600
v -0.200000 0.989000 -0.017600
v -0.200000 0.989000 -0.720063
v 0.250000 0.836000 -0.689463
v 0.250000 0.836000 -0.017600
v 0.250000 0.989000 -0.017600
v 0.250000 0.989000 -0.720063
v -0.181625 0.989000 -0.696063
v -0.181625 0.989000 -0.041600
v 0.231625 0.989000 -0.041600
v 0.231625 0.989000 -0.696063
v -0.181625 0.859000 -0.041600
v -0.181625 0.859000 -0.671063
v 0.231625 0.859000 -0.671063
v 0.231625 0.859000 -0.041600
v 0.260000 0.908900 -0.303307
v 0.260000 0.908900 -0.296557
v 0.260000 0.916100 -0.296557
v 0.260000 0.916100 -0.303307
v 0.260000 0.902500 -0.310181
v 0.260000 0.902500 -0.289682
v 0.260000 0.922500 -0.289682
v 0.260000 0.922500 -0.310181
v 0.250000 0.908900 -0.303307
v 0.250000 0.908900 -0.296557
v 0.250000 0.916100 -0.296557
v 0.250000 0.916100 -0.303307
v 0.260000 0.908900 -0.419056
v 0.260000 0.908900 -0.425806
v 0.260000 0.916100 -0.425806
v 0.260000 0.916100 -0.419056
v 0.260000 0.902500 -0.412181
v 0.260000 0.902500 -0.432681
v 0.260000 0.922500 -0.432681
v 0.260000 0.922500 -0.412181
v 0.250000 0.908900 -0.419056
v 0.250000 0.908900 -0.425806
v 0.250000 0.916100 -0.425806
v 0.250000 0.916100 -0.419056
v 0.260000 0.902500 -0.266685
v 0.260000 0.907500 -0.258682
v 0.260000 0.902881 -0.263622
v 0.260000 0.903964 -0.261026
v 0.260000 0.905587 -0.259291
v 0.260000 0.917500 -0.258682
v 0.260000 0.922500 -0.266685
v 0.260000 0.919413 -0.259291
v 0.260000 0.921036 -0.261026
v 0.260000 0.922119 -0.263622
v 0.275000 0.902500 -0.295483
v 0.280000 0.907500 -0.295053
v 0.276913 0.902881 -0.295319
v 0.278535 0.903964 -0.295179
v 0.279619 0.905587 -0.295086
v 0.266380 0.902500 -0.273066
v 0.269772 0.907500 -0.268454
v 0.267678 0.902881 -0.271301
v 0.268779 0.903964 -0.269805
v 0.269514 0.905587 -0.268805
v 0.274342 0.902500 -0.289534
v 0.279221 0.907500 -0.288010
v 0.276209 0.902881 -0.288951
v 0.277792 0.903964 -0.288456
v 0.278850 0.905587 -0.288126
v 0.272477 0.902500 -0.283201
v 0.277004 0.907500 -0.280481
v 0.274210 0.902881 -0.282160
v 0.275678 0.903964 -0.281278
v 0.276660 0.905587 -0.280688
v 0.269686 0.902500 -0.277424
v 0.273686 0.907500 -0.273614
v 0.271217 0.902881 -0.275966
v 0.272515 0.903964 -0.274730
v 0.273382 0.905587 -0.273904
v 0.266380 0.922500 -0.273066
v 0.269772 0.917500 -0.268454
v 0.267678 0.922119 -0.271301
v 0.268779 0.921036 -0.269805
v 0.269514 0.919413 -0.268805
v 0.275000 0.922500 -0.295483
v 0.280000 0.917500 -0.295053
v 0.276913 0.922119 -0.295319
v 0.278535 0.921036 -0.295179
v 0.279619 0.919413 -0.295086
v 0.269686 0.922500 -0.277424
v 0.273686 0.917500 -0.273614
v 0.271217 0.922119 -0.275966
v 0.272515 0.921036 -0.274730
v 0.273382 0.919413 -0.273904
v 0.272477 0.922500 -0.283201
v 0.277004 0.917500 -0.280481
v 0.274210 0.922119 -0.282160
v 0.275678 0.921036 -0.281278
v 0.276660 0.919413 -0.280688
v 0.274342 0.922500 -0.289534
v 0.279221 0.917500 -0.288010
v 0.276209 0.922119 -0.288951
v 0.277792 0.921036 -0.288456
v 0.278850 0.919413 -0.288126
v 0.260000 0.907500 -0.463682
v 0.260000 0.902500 -0.455678
v 0.260000 0.905587 -0.463072
v 0.260000 0.903964 -0.461337
v 0.260000 0.902881 -0.458741
v 0.260000 0.922500 -0.455678
v 0.260000 0.917500 -0.463682
v 0.260000 0.922119 -0.458741
v 0.260000 0.921036 -0.461337
v 0.260000 0.919413 -0.463072
v 0.275000 0.902500 -0.426880
v 0.280000 0.907500 -0.427310
v 0.276913 0.902881 -0.427044
v 0.278535 0.903964 -0.427184
v 0.279619 0.905587 -0.427277
v 0.266380 0.902500 -0.449297
v 0.269772 0.907500 -0.453909
v 0.267678 0.902881 -0.451062
v 0.268779 0.903964 -0.452558
v 0.269514 0.905587 -0.453558
v 0.274342 0.902500 -0.432829
v 0.279221 0.907500 -0.434353
v 0.276209 0.902881 -0.433412
v 0.277792 0.903964 -0.433907
v 0.278850 0.905587 -0.434237
v 0.272477 0.902500 -0.439162
v 0.277004 0.907500 -0.441882
v 0.274210 0.902881 -0.440203
v 0.275678 0.903964 -0.441085
v 0.276660 0.905587 -0.441675
v 0.269686 0.902500 -0.444939
v 0.273686 0.907500 -0.448749
v 0.271217 0.902881 -0.446397
v 0.272515 0.903964 -0.447633
v 0.273382 0.905587 -0.448459
v 0.266380 0.922500 -0.449297
v 0.269772 0.917500 -0.453909
v 0.267678 0.922119 -0.451062
v 0.268779 0.921036 -0.452558
v 0.269514 0.919413 -0.453558
v 0.275000 0.922500 -0.426880
v 0.280000 0.917500 -0.427310
v 0.276913 0.922119 -0.427044
v 0.278535 0.921036 -0.427184
v 0.279619 0.919413 -0.427277
v 0.269686 0.922500 -0.444939
v 0.273686 0.917500 -0.448749
v 0.271217 0.922119 -0.446397
v 0.272515 0.921036 -0.447633
v 0.273382 0.919413 -0.448459
v 0.272477 0.922500 -0.439162
v 0.277004 0.917500 -0.441882
v 0.274210 0.922119 -0.440203
v 0.275678 0.921036 -0.441085
v 0.276660 0.919413 -0.441675
v 0.274342 0.922500 -0.432829
v 0.279221 0.917500 -0.434353
v 0.276209 0.922119 -0.433412
v 0.277792 0.921036 -0.433907
v 0.278850 0.919413 -0.434237
vn -0.0000 -1.0000 -0.0000
vn -1.0000 -0.0000 -0.0000
vn 1.0000 -0.0000 -0.0000
vn -0.0000 -0.0000 1.0000
vn -0.0000 -0.1961 -0.9806
vn -0.0000 1.0000 -0.0000
vn -0.0000 0.1888 0.9820
vn -0.0000 -0.0000 -1.0000
vn 0.0790 0.9954 0.0535
vn 0.0655 0.9960 0.0611
vn 0.2612 0.9366 0.2336
vn 0.3107 0.9297 0.1978
vn 0.5045 0.7437 0.4387
vn 0.5873 0.7261 0.3574
vn 0.6901 0.4188 0.5902
vn 0.7895 0.4012 0.4645
vn 0.7548 0.1092 0.6468
vn 0.8574 0.1050 0.5038
vn 0.0655 -0.9960 0.0611
vn 0.0790 -0.9954 0.0535
vn 0.3107 -0.9297 0.1978
vn 0.2612 -0.9366 0.2336
vn 0.5873 -0.7261 0.3574
vn 0.5045 -0.7436 0.4387
vn 0.7895 -0.4012 0.4645
vn 0.6901 -0.4188 0.5902
vn 0.8574 -0.1050 0.5038
vn 0.7548 -0.1092 0.6468
vn 0.0933 0.9949 0.0395
vn 0.3599 0.9218 0.1445
vn 0.6612 0.7055 0.2551
vn 0.8671 0.3799 0.3222
vn 0.9334 0.1003 0.3445
vn 0.0933 -0.9949 0.0395
vn 0.3599 -0.9217 0.1445
vn 0.6613 -0.7055 0.2551
vn 0.8671 -0.3799 0.3222
vn 0.9334 -0.1003 0.3445
vn 0.1069 0.9940 0.0239
vn 0.3998 0.9127 0.0843
vn 0.7147 0.6845 0.1437
vn 0.9177 0.3569 0.1746
vn 0.9785 0.0959 0.1827
vn 0.1069 -0.9940 0.0239
vn 0.3999 -0.9127 0.0843
vn 0.7147 -0.6845 0.1437
vn 0.9177 -0.3569 0.1746
vn 0.9785 -0.0959 0.1827
vn 0.1087 0.9941 0.0065
vn 0.4104 0.9116 0.0235
vn 0.7332 0.6788 0.0407
vn 0.8297 0.5567 0.0416
vn 0.9792 0.1957 0.0544
vn 0.9942 0.0939 0.0525
vn 0.1087 -0.9941 0.0065
vn 0.4104 -0.9116 0.0235
vn 0.7332 -0.6788 0.0407
vn 0.8296 -0.5567 0.0416
vn 0.9792 -0.1957 0.0544
vn 0.9942 -0.0939 0.0525
vn 0.0730 -0.9947 0.0730
vn 0.2635 -0.9280 0.2635
vn 0.4814 -0.7324 0.4814
vn 0.6446 -0.4111 0.6446
vn 0.7029 -0.1088 0.7029
vn 0.0730 0.9947 0.0730
vn 0.2635 0.9280 0.2635
vn 0.4814 0.7324 0.4814
vn 0.6446 0.4111 0.6446
vn 0.7029 0.1088 0.7029
vn 0.8574 0.1050 -0.5038
vn 0.7548 0.1092 -0.6468
vn 0.6901 0.4188 -0.5902
vn 0.7895 0.4012 -0.4645
vn 0.5045 0.7437 -0.4387
vn 0.5873 0.7262 -0.3574
vn 0.2612 0.9366 -0.2336
vn 0.3107 0.9297 -0.1978
vn 0.0655 0.9960 -0.0611
vn 0.0790 0.9954 -0.0535
vn 0.7548 -0.1092 -0.6468
vn 0.8574 -0.1050 -0.5038
vn 0.7895 -0.4012 -0.4645
vn 0.6901 -0.4188 -0.5902
vn 0.5873 -0.7261 -0.3574
vn 0.5045 -0.7436 -0.4387
vn 0.3107 -0.9297 -0.1978
vn 0.2612 -0.9366 -0.2336
vn 0.0790 -0.9954 -0.0535
vn 0.0655 -0.9960 -0.0611
vn 0.9334 0.1003 -0.3445
vn 0.8671 0.3799 -0.3222
vn 0.6613 0.7055 -0.2551
vn 0.3599 0.9217 -0.1445
vn 0.0933 0.9949 -0.0395
vn 0.9334 -0.1003 -0.3445
vn 0.8671 -0.3799 -0.3222
vn 0.6613 -0.7055 -0.2551
vn 0.3599 -0.9217 -0.1445
vn 0.0933 -0.9949 -0.0395
vn 0.9785 0.0959 -0.1827
vn 0.9177 0.3569 -0.1746
vn 0.7147 0.6845 -0.1437
vn 0.3999 0.9127 -0.0843
vn 0.1069 0.9940 -0.0239
vn 0.9785 -0.0959 -0.1827
vn 0.9177 -0.3569 -0.1746
vn 0.7147 -0.6845 -0.1437
vn 0.3998 -0.9127 -0.0843
vn 0.1069 -0.9940 -0.0239
vn 0.9942 0.0939 -0.0525
vn 0.9792 0.1957 -0.0544
vn 0.8296 0.5567 -0.0416
vn 0.7332 0.6788 -0.0407
vn 0.4104 0.9116 -0.0235
vn 0.1087 0.9941 -0.0065
vn 0.9942 -0.0939 -0.0525
vn 0.9792 -0.1957 -0.0544
vn 0.8296 -0.5568 -0.0416
vn 0.7332 -0.6788 -0.0407
vn 0.4104 -0.9116 -0.0235
vn 0.1087 -0.9941 -0.0065
vn 0.7029 -0.1088 -0.7029
vn 0.6446 -0.4111 -0.6446
vn 0.4814 -0.7324 -0.4814
vn 0.2635 -0.9280 -0.2635
vn 0.0730 -0.9947 -0.0730
vn 0.7029 0.1088 -0.7029
vn 0.6446 0.4111 -0.6446
vn 0.4814 0.7324 -0.4814
vn 0.2635 0.9280 -0.2635
vn 0.0730 0.9947 -0.0730
vt 0.558563 0.454328
vt 0.496012 0.454328
vt 0.496012 0.321660
vt 0.558563 0.321660
vt 0.172141 0.980087
vt 0.172141 0.919157
vt 0.191506 0.921484
vt 0.191506 0.980087
vt 0.973123 0.768819
vt 0.973123 0.831369
vt 0.950332 0.834218
vt 0.950332 0.768819
vt 0.885947 0.172142
vt 0.908736 0.172204
vt 0.908736 0.302397
vt 0.885947 0.302335
vt 0.904325 0.589633
vt 0.881502 0.590248
vt 0.881502 0.460055
vt 0.904325 0.459441
vt 0.233476 0.918750
vt 0.233476 0.981300
vt 0.210685 0.981300
vt 0.210685 0.915901
vt 0.172141 0.336556
vt 0.237541 0.336556
vt 0.235306 0.341988
vt 0.174376 0.341988
vt 0.237541 0.469602
vt 0.235306 0.464169
vt 0.172141 0.469602
vt 0.174376 0.464169
vt 0.496012 0.617905
vt 0.554615 0.617905
vt 0.554615 0.740086
vt 0.496012 0.740086
vt 0.888947 0.441723
vt 0.888947 0.322162
vt 0.908337 0.321660
vt 0.908337 0.441220
vt 0.915514 0.888379
vt 0.915514 0.768819
vt 0.934878 0.768874
vt 0.934878 0.888434
vt 0.964932 0.964819
vt 0.964932 0.903889
vt 0.984297 0.903889
vt 0.984297 0.962492
vt 0.319499 0.810324
vt 0.319499 0.819821
vt 0.316520 0.819821
vt 0.316520 0.810324
vt 0.970927 0.285146
vt 0.971556 0.285146
vt 0.971556 0.288094
vt 0.970927 0.288094
vt 0.318546 0.821089
vt 0.318546 0.820461
vt 0.319499 0.821729
vt 0.317473 0.820461
vt 0.317473 0.821089
vt 0.316520 0.821729
vt 0.950332 0.887447
vt 0.950332 0.886374
vt 0.950961 0.886374
vt 0.950961 0.887447
vt 0.101926 0.931790
vt 0.102998 0.931793
vt 0.102998 0.934686
vt 0.101926 0.934683
vt 0.084555 0.956415
vt 0.083926 0.956415
vt 0.083926 0.953459
vt 0.084555 0.953459
vt 0.696789 0.945916
vt 0.695717 0.945913
vt 0.695717 0.943020
vt 0.696789 0.943023
vt 0.008356 0.968735
vt 0.008356 0.971684
vt 0.007727 0.971684
vt 0.007727 0.968735
vt 0.318546 0.809056
vt 0.319499 0.808416
vt 0.318546 0.809684
vt 0.317473 0.809684
vt 0.316520 0.808416
vt 0.317473 0.809056
vt 0.924420 0.442588
vt 0.923792 0.442588
vt 0.923792 0.441515
vt 0.924420 0.441515
vt 0.950332 0.852566
vt 0.950332 0.849673
vt 0.951405 0.849676
vt 0.951405 0.852569
vt 0.270995 0.958256
vt 0.270995 0.955299
vt 0.271623 0.955299
vt 0.271623 0.958256
vt 0.272067 0.936951
vt 0.272067 0.939844
vt 0.270995 0.939841
vt 0.270995 0.936948
vt 0.477609 0.636801
vt 0.478587 0.637207
vt 0.478196 0.637371
vt 0.477150 0.636937
vt 0.477851 0.637511
vt 0.476746 0.637052
vt 0.926335 0.422080
vt 0.926335 0.423270
vt 0.926091 0.423080
vt 0.926091 0.421848
vt 0.925805 0.423014
vt 0.925806 0.421767
vt 0.478585 0.723111
vt 0.477611 0.723517
vt 0.477151 0.723381
vt 0.478194 0.722947
vt 0.476745 0.723266
vt 0.477847 0.722807
vt 0.923792 0.423275
vt 0.923792 0.422084
vt 0.924032 0.421851
vt 0.924032 0.423084
vt 0.924316 0.421769
vt 0.924316 0.423016
vt 0.476784 0.636264
vt 0.476265 0.636360
vt 0.475811 0.636443
vt 0.926337 0.421020
vt 0.926094 0.420749
vt 0.925808 0.420654
vt 0.476788 0.724055
vt 0.476269 0.723958
vt 0.475812 0.723875
vt 0.923794 0.421024
vt 0.924034 0.420752
vt 0.924319 0.420657
vt 0.476233 0.635674
vt 0.475674 0.635728
vt 0.475186 0.635774
vt 0.475491 0.636497
vt 0.474843 0.635805
vt 0.926098 0.419950
vt 0.925813 0.419846
vt 0.476238 0.724644
vt 0.475679 0.724590
vt 0.475189 0.724544
vt 0.474843 0.724513
vt 0.475488 0.723821
vt 0.924039 0.419954
vt 0.924323 0.419848
vt 0.476038 0.635120
vt 0.475465 0.635135
vt 0.474966 0.635148
vt 0.474616 0.635157
vt 0.316520 0.840729
vt 0.316520 0.840081
vt 0.316805 0.840070
vt 0.316805 0.840726
vt 0.476044 0.725198
vt 0.475472 0.725183
vt 0.474970 0.725170
vt 0.474616 0.725161
vt 0.318580 0.840081
vt 0.318580 0.840729
vt 0.318295 0.840726
vt 0.318295 0.840070
vt 0.480466 0.722517
vt 0.480458 0.722232
vt 0.480435 0.721990
vt 0.923794 0.426010
vt 0.924034 0.426048
vt 0.924319 0.426061
vt 0.480473 0.637801
vt 0.480466 0.638086
vt 0.480446 0.638328
vt 0.926337 0.426005
vt 0.926094 0.426044
vt 0.925808 0.426058
vt 0.318541 0.902520
vt 0.318541 0.901273
vt 0.318826 0.901205
vt 0.318826 0.902438
vt 0.319065 0.901015
vt 0.319065 0.902205
vt 0.476746 0.620955
vt 0.477851 0.620496
vt 0.478196 0.620636
vt 0.477150 0.621070
vt 0.478587 0.620800
vt 0.477609 0.621206
vt 0.317052 0.901275
vt 0.317052 0.902522
vt 0.316766 0.902441
vt 0.316766 0.901209
vt 0.316522 0.902209
vt 0.316523 0.901019
vt 0.477847 0.739822
vt 0.476745 0.739363
vt 0.477151 0.739248
vt 0.478194 0.739682
vt 0.477611 0.739112
vt 0.478585 0.739518
vt 0.318539 0.903632
vt 0.318823 0.903537
vt 0.319063 0.903265
vt 0.475811 0.621565
vt 0.476265 0.621647
vt 0.476784 0.621744
vt 0.317049 0.903635
vt 0.316763 0.903540
vt 0.316520 0.903270
vt 0.475812 0.738753
vt 0.476269 0.738671
vt 0.476788 0.738574
vt 0.318534 0.904441
vt 0.318818 0.904336
vt 0.474843 0.622202
vt 0.475491 0.621510
vt 0.475186 0.622233
vt 0.475674 0.622279
vt 0.476233 0.622333
vt 0.317044 0.904443
vt 0.316759 0.904339
vt 0.475488 0.738808
vt 0.474843 0.738116
vt 0.475189 0.738085
vt 0.475679 0.738039
vt 0.476238 0.737985
vt 0.316805 0.853039
vt 0.316805 0.853695
vt 0.316520 0.853684
vt 0.316520 0.853036
vt 0.474616 0.622850
vt 0.474966 0.622859
vt 0.475465 0.622872
vt 0.476038 0.622887
vt 0.318295 0.853695
vt 0.318295 0.853039
vt 0.318580 0.853036
vt 0.318580 0.853684
vt 0.474616 0.737468
vt 0.474970 0.737459
vt 0.475472 0.737446
vt 0.476044 0.737431
vt 0.317049 0.898231
vt 0.316763 0.898245
vt 0.316520 0.898284
vt 0.480435 0.740639
vt 0.480458 0.740397
vt 0.480466 0.740112
vt 0.318538 0.898228
vt 0.318823 0.898242
vt 0.319063 0.898280
vt 0.480446 0.619679
vt 0.480466 0.619921
vt 0.480473 0.620206
vt 0.319499 0.823870
vt 0.319442 0.824155
vt 0.319281 0.824397
vt 0.319039 0.824558
vt 0.318754 0.824615
vt 0.317265 0.824615
vt 0.316980 0.824558
vt 0.316738 0.824397
vt 0.316577 0.824155
vt 0.316520 0.823870
vt 0.480466 0.726566
vt 0.480466 0.736063
vt 0.480466 0.737971
vt 0.480466 0.724658
vt 0.480473 0.622347
vt 0.480473 0.624255
vt 0.480473 0.633752
vt 0.480473 0.635660
vt 0.318754 0.805530
vt 0.319039 0.805587
vt 0.319281 0.805748
vt 0.319442 0.805990
vt 0.319499 0.806275
vt 0.316520 0.806275
vt 0.316577 0.805990
vt 0.316738 0.805748
vt 0.316980 0.805587
vt 0.317265 0.805530
s 1
usemtl dresser
f 107/262/19 106/263/19 110/264/19 111/265/19
f 116/266/20 117/267/20 120/268/20 121/269/20
f 111/270/21 110/271/21 113/272/21 112/273/21
f 108/274/22 107/275/22 111/276/22 112/277/22
f 106/278/23 109/279/23 113/280/23 110/281/23
f 106/282/20 107/283/20 108/284/20 109/285/20
f 109/286/24 108/287/24 115/288/24 114/289/24
f 108/287/24 112/290/24 116/291/24 115/288/24
f 112/290/24 113/292/24 117/293/24 116/291/24
f 113/292/24 109/286/24 114/289/24 117/293/24
f 119/294/24 118/295/24 121/296/24 120/297/24
f 117/298/25 114/299/25 119/300/25 120/301/25
f 115/302/26 116/303/26 121/304/26 118/305/26
f 114/306/21 115/307/21 118/308/21 119/309/21
f 138/310/20 126/311/20 129/312/20 141/313/20
f 122/314/19 123/315/19 131/316/19 130/317/19
f 123/318/20 122/319/20 126/311/20 127/320/20
f 125/321/20 124/322/20 128/323/20 129/312/20
f 124/322/20 123/318/20 127/320/20 128/323/20
f 122/319/20 125/321/20 129/312/20 126/311/20
f 131/324/20 132/325/20 133/326/20 130/327/20
f 125/328/26 122/329/26 130/330/26 133/331/26
f 124/332/24 125/333/24 133/334/24 132/335/24
f 123/336/22 124/337/22 132/338/22 131/339/22
f 134/340/19 142/341/19 143/342/19 135/343/19
f 135/344/20 139/345/20 138/310/20 134/346/20
f 137/347/20 141/313/20 140/348/20 136/349/20
f 136/349/20 140/348/20 139/345/20 135/344/20
f 134/346/20 138/310/20 141/313/20 137/347/20
f 143/350/20 142/351/20 145/352/20 144/353/20
f 137/354/22 145/355/22 142/356/22 134/357/22
f 136/358/24 144/359/24 145/360/24 137/361/24
f 135/362/26 143/363/26 144/364/26 136/365/26
f 191/366/27 181/367/28 183/368/29 193/369/30
f 193/369/30 183/368/29 184/370/31 194/371/32
f 194/372/32 184/373/31 185/374/33 195/375/34
f 195/375/34 185/374/33 182/376/35 192/377/36
f 161/378/37 176/379/38 178/380/39 163/381/40
f 163/381/40 178/380/39 179/382/41 164/383/42
f 164/384/42 179/385/41 180/386/43 165/387/44
f 165/387/44 180/386/43 177/388/45 162/389/46
f 196/390/47 191/366/27 193/369/30 198/391/48
f 198/391/48 193/369/30 194/371/32 199/392/49
f 199/393/49 194/372/32 195/375/34 200/394/50
f 200/394/50 195/375/34 192/377/36 197/395/51
f 176/379/38 171/396/52 173/397/53 178/380/39
f 178/380/39 173/397/53 174/398/54 179/382/41
f 179/385/41 174/399/54 175/400/55 180/386/43
f 180/386/43 175/400/55 172/401/56 177/388/45
f 201/402/57 196/390/47 198/391/48 203/403/58
f 203/403/58 198/391/48 199/392/49 204/404/59
f 204/404/59 199/392/49 200/405/50 205/406/60
f 205/407/60 200/394/50 197/395/51 202/408/61
f 171/396/52 166/409/62 168/410/63 173/397/53
f 173/397/53 168/410/63 169/411/64 174/398/54
f 174/398/54 169/411/64 170/412/65 175/413/55
f 175/400/55 170/414/65 167/415/66 172/401/56
f 186/416/67 201/402/57 203/403/58 188/417/68
f 188/417/68 203/403/58 204/404/59 189/418/69
f 189/418/69 204/404/59 205/406/60 190/419/70
f 190/420/71 205/421/60 202/422/61 187/423/72
f 166/409/62 156/424/73 158/425/74 168/410/63
f 168/410/63 158/425/74 159/426/75 169/411/64
f 169/411/64 159/426/75 160/427/76 170/412/65
f 170/428/65 160/429/77 157/430/78 167/431/66
f 146/432/79 161/378/37 163/381/40 148/433/80
f 148/433/80 163/381/40 164/383/42 149/434/81
f 149/435/81 164/384/42 165/387/44 150/436/82
f 150/436/82 165/387/44 162/389/46 147/437/83
f 181/367/28 152/438/84 155/439/85 183/368/29
f 183/368/29 155/439/85 154/440/86 184/370/31
f 184/373/31 154/441/86 153/442/87 185/374/33
f 185/374/33 153/442/87 151/443/88 182/376/35
f 252/444/89 242/445/90 245/446/91 255/447/92
f 255/447/92 245/446/91 244/448/93 254/449/94
f 254/450/94 244/451/93 243/452/95 253/453/96
f 253/453/96 243/452/95 241/454/97 251/455/98
f 222/456/99 237/457/100 240/458/101 225/459/102
f 225/459/102 240/458/101 239/460/103 224/461/104
f 224/462/104 239/463/103 238/464/105 223/465/106
f 223/465/106 238/464/105 236/466/107 221/467/108
f 257/468/109 252/444/89 255/447/92 260/469/110
f 260/469/110 255/447/92 254/449/94 259/470/111
f 259/471/111 254/450/94 253/453/96 258/472/112
f 258/472/112 253/453/96 251/455/98 256/473/113
f 237/457/100 232/474/114 235/475/115 240/458/101
f 240/458/101 235/475/115 234/476/116 239/460/103
f 239/463/103 234/477/116 233/478/117 238/464/105
f 238/464/105 233/478/117 231/479/118 236/466/107
f 262/480/119 257/468/109 260/469/110 265/481/120
f 265/482/120 260/483/110 259/471/111 264/484/121
f 264/484/121 259/471/111 258/472/112 263/485/122
f 263/485/122 258/472/112 256/473/113 261/486/123
f 232/474/114 227/487/124 230/488/125 235/475/115
f 235/489/115 230/490/125 229/491/126 234/477/116
f 234/477/116 229/491/126 228/492/127 233/478/117
f 233/478/117 228/492/127 226/493/128 231/479/118
f 247/494/129 262/495/119 265/496/120 250/497/130
f 250/498/131 265/482/120 264/484/121 249/499/132
f 249/499/132 264/484/121 263/485/122 248/500/133
f 248/500/133 263/485/122 261/486/123 246/501/134
f 227/502/124 217/503/135 220/504/136 230/505/125
f 230/490/125 220/506/137 219/507/138 229/491/126
f 229/491/126 219/507/138 218/508/139 228/492/127
f 228/492/127 218/508/139 216/509/140 226/493/128
f 206/510/141 222/456/99 225/459/102 208/511/142
f 208/511/142 225/459/102 224/461/104 209/512/143
f 209/513/143 224/462/104 223/465/106 210/514/144
f 210/514/144 223/465/106 221/467/108 207/515/145
f 242/445/90 212/516/146 215/517/147 245/446/91
f 245/446/91 215/517/147 214/518/148 244/448/93
f 244/451/93 214/519/148 213/520/149 243/452/95
f 243/452/95 213/520/149 211/521/150 241/454/97
f 156/424/73 216/509/140 218/508/139 158/425/74
f 158/425/74 218/508/139 219/507/138 159/426/75
f 159/426/75 219/507/138 220/506/137 160/427/76
f 160/429/77 220/504/136 217/503/135 157/430/78
f 187/423/72 247/494/129 250/497/130 190/420/71
f 190/419/70 250/498/131 249/499/132 189/418/69
f 189/418/69 249/499/132 248/500/133 188/417/68
f 188/417/68 248/500/133 246/501/134 186/416/67
f 146/522/20 148/523/20 149/524/20 150/525/20 147/526/20 151/527/20 153/528/20 154/529/20 155/530/20 152/531/20 128/323/20 127/320/20
f 162/389/46 182/376/35 151/443/88 147/437/83
f 126/532/19 138/533/19 139/534/19 207/515/145 221/467/108 236/466/107 231/479/118 226/493/128 216/509/140 156/424/73 166/409/62 171/396/52 176/379/38 161/378/37 146/432/79 127/535/19
f 186/416/67 246/501/134 261/486/123 256/473/113 251/455/98 241/454/97 211/521/150 140/536/24 141/537/24 129/538/24 128/539/24 152/438/84 181/367/28 191/366/27 196/390/47 201/402/57
f 202/422/61 167/431/66 157/430/78 187/423/72
f 157/430/78 217/503/135 247/494/129 187/423/72
f 182/376/35 162/389/46 177/388/45 192/377/36
f 197/395/51 172/401/56 167/415/66 202/408/61
f 192/377/36 177/388/45 172/401/56 197/395/51
f 206/540/20 208/541/20 209/542/20 210/543/20 207/544/20 139/345/20 140/348/20 211/545/20 213/546/20 214/547/20 215/548/20 212/549/20
f 222/456/99 206/510/141 212/516/146 242/445/90
f 262/495/119 247/494/129 217/503/135 227/502/124
f 242/445/90 252/444/89 237/457/100 222/456/99
f 257/468/109 262/480/119 227/487/124 232/474/114
f 252/444/89 257/468/109 232/474/114 237/457/100
o latch_1
v -0.200000 0.836000 0.017600
v -0.200000 0.836000 0.689463
v -0.200000 0.989000 0.017600
v 0.250000 0.836000 0.017600
v 0.250000 0.836000 0.689463
v 0.250000 0.989000 0.017600
v 0.250000 0.989000 0.720063
v 0.231625 0.989000 0.041600
v -0.181625 0.989000 0.041600
v 0.231625 0.989000 0.696063
v 0.231625 0.859000 0.041600
v -0.181625 0.859000 0.041600
v 0.231625 0.859000 0.671063
v -0.181625 0.859000 0.671063
v -0.181625 0.989000 0.696063
v -0.200000 0.989000 0.720063
v 0.260000 0.908900 0.419057
v 0.260000 0.908900 0.425806
v 0.260000 0.916100 0.425806
v 0.260000 0.916100 0.419057
v 0.260000 0.902500 0.412181
v 0.260000 0.902500 0.432681
v 0.260000 0.922500 0.432681
v 0.260000 0.922500 0.412181
v 0.250000 0.908900 0.419057
v 0.250000 0.908900 0.425806
v 0.250000 0.916100 0.425806
v 0.250000 0.916100 0.419057
v 0.260000 0.908900 0.303307
v 0.260000 0.908900 0.296557
v 0.260000 0.916100 0.296557
v 0.260000 0.916100 0.303307
v 0.260000 0.902500 0.310182
v 0.260000 0.902500 0.289682
v 0.260000 0.922500 0.289682
v 0.260000 0.922500 0.310182
v 0.250000 0.908900 0.303307
v 0.250000 0.908900 0.296557
v 0.250000 0.916100 0.296557
v 0.250000 0.916100 0.303307
v 0.260000 0.902500 0.455678
v 0.260000 0.907500 0.463682
v 0.260000 0.902881 0.458741
v 0.260000 0.903964 0.461337
v 0.260000 0.905587 0.463072
v 0.260000 0.917500 0.463682
v 0.260000 0.922500 0.455678
v 0.260000 0.919413 0.463072
v 0.260000 0.921036 0.461337
v 0.260000 0.922119 0.458741
v 0.275000 0.902500 0.426880
v 0.280000 0.907500 0.427310
v 0.276914 0.902881 0.427044
v 0.278536 0.903964 0.427184
v 0.279620 0.905587 0.427277
v 0.266381 0.902500 0.449297
v 0.269773 0.907500 0.453909
v 0.267679 0.902881 0.451062
v 0.268779 0.903964 0.452558
v 0.269515 0.905587 0.453558
v 0.274343 0.902500 0.432829
v 0.279222 0.907500 0.434353
v 0.276210 0.902881 0.433412
v 0.277793 0.903964 0.433907
v 0.278850 0.905587 0.434237
v 0.272478 0.902500 0.439162
v 0.277005 0.907500 0.441882
v 0.274210 0.902881 0.440203
v 0.275679 0.903964 0.441085
v 0.276660 0.905587 0.441675
v 0.269686 0.902500 0.444939
v 0.273687 0.907500 0.448749
v 0.271217 0.902881 0.446397
v 0.272515 0.903964 0.447633
v 0.273382 0.905587 0.448459
v 0.266381 0.922500 0.449297
v 0.269773 0.917500 0.453909
v 0.267679 0.922119 0.451062
v 0.268779 0.921036 0.452558
v 0.269515 0.919413 0.453558
v 0.275000 0.922500 0.426880
v 0.280000 0.917500 0.427310
v 0.276914 0.922119 0.427044
v 0.278536 0.921036 0.427184
v 0.279620 0.919413 0.427277
v 0.269686 0.922500 0.444939
v 0.273687 0.917500 0.448749
v 0.271217 0.922119 0.446397
v 0.272515 0.921036 0.447633
v 0.273382 0.919413 0.448459
v 0.272478 0.922500 0.439162
v 0.277005 0.917500 0.441882
v 0.274210 0.922119 0.440203
v 0.275679 0.921036 0.441085
v 0.276660 0.919413 0.441675
v 0.274343 0.922500 0.432829
v 0.279222 0.917500 0.434353
v 0.276210 0.922119 0.433412
v 0.277793 0.921036 0.433907
v 0.278850 0.919413 0.434237
v 0.260000 0.907500 0.258682
v 0.260000 0.902500 0.266685
v 0.260000 0.905587 0.259291
v 0.260000 0.903964 0.261026
v 0.260000 0.902881 0.263622
v 0.260000 0.922500 0.266685
v 0.260000 0.917500 0.258682
v 0.260000 0.922119 0.263622
v 0.260000 0.921036 0.261026
v 0.260000 0.919413 0.259291
v 0.275000 0.902500 0.295483
v 0.280000 0.907500 0.295053
v 0.276914 0.902881 0.295319
v 0.278536 0.903964 0.295179
v 0.279620 0.905587 0.295086
v 0.266381 0.902500 0.273066
v 0.269773 0.907500 0.268454
v 0.267679 0.902881 0.271301
v 0.268779 0.903964 0.269805
v 0.269515 0.905587 0.268805
v 0.274343 0.902500 0.289534
v 0.279222 0.907500 0.288010
v 0.276210 0.902881 0.288951
v 0.277793 0.903964 0.288456
v 0.278850 0.905587 0.288126
v 0.272478 0.902500 0.283201
v 0.277005 0.907500 0.280481
v 0.274210 0.902881 0.282160
v 0.275679 0.903964 0.281278
v 0.276660 0.905587 0.280688
v 0.269686 0.902500 0.277424
v 0.273687 0.907500 0.273614
v 0.271217 0.902881 0.275966
v 0.272515 0.903964 0.274730
v 0.273382 0.905587 0.273904
v 0.266381 0.922500 0.273066
v 0.269773 0.917500 0.268454
v 0.267679 0.922119 0.271301
v 0.268779 0.921036 0.269805
v 0.269515 0.919413 0.268805
v 0.275000 0.922500 0.295483
v 0.280000 0.917500 0.295053
v 0.276914 0.922119 0.295319
v 0.278536 0.921036 0.295179
v 0.279620 0.919413 0.295086
v 0.269686 0.922500 0.277424
v 0.273687 0.917500 0.273614
v 0.271217 0.922119 0.275966
v 0.272515 0.921036 0.274730
v 0.273382 0.919413 0.273904
v 0.272478 0.922500 0.283201
v 0.277005 0.917500 0.280481
v 0.274210 0.922119 0.282160
v 0.275679 0.921036 0.281278
v 0.276660 0.919413 0.280688
v 0.274343 0.922500 0.289534
v 0.279222 0.917500 0.288010
v 0.276210 0.922119 0.288951
v 0.277793 0.921036 0.288456
v 0.278850 0.919413 0.288126
vn -1.0000 -0.0000 -0.0000
vn -0.0000 -1.0000 -0.0000
vn -0.0000 -0.0000 -1.0000
vn 1.0000 -0.0000 -0.0000
vn -0.0000 1.0000 -0.0000
vn -0.0000 -0.0000 1.0000
vn -0.0000 0.1888 -0.9820
vn -0.0000 -0.1961 0.9806
vn 0.0790 0.9954 0.0535
vn 0.0655 0.9960 0.0611
vn 0.2612 0.9366 0.2336
vn 0.3107 0.9297 0.1978
vn 0.5045 0.7437 0.4387
vn 0.5873 0.7261 0.3574
vn 0.6901 0.4188 0.5902
vn 0.7895 0.4012 0.4645
vn 0.7548 0.1092 0.6468
vn 0.8574 0.1050 0.5038
vn 0.0655 -0.9960 0.0611
vn 0.0790 -0.9954 0.0535
vn 0.3107 -0.9297 0.1978
vn 0.2612 -0.9366 0.2336
vn 0.5873 -0.7261 0.3574
vn 0.5045 -0.7436 0.4387
vn 0.7895 -0.4012 0.4645
vn 0.6901 -0.4188 0.5902
vn 0.8574 -0.1050 0.5038
vn 0.7548 -0.1092 0.6468
vn 0.0933 0.9949 0.0395
vn 0.3599 0.9217 0.1445
vn 0.6613 0.7055 0.2551
vn 0.8671 0.3799 0.3222
vn 0.9334 0.1003 0.3445
vn 0.0933 -0.9949 0.0395
vn 0.3599 -0.9217 0.1445
vn 0.6613 -0.7055 0.2551
vn 0.8671 -0.3799 0.3222
vn 0.9334 -0.1003 0.3445
vn 0.1069 0.9940 0.0239
vn 0.3998 0.9127 0.0843
vn 0.7147 0.6845 0.1437
vn 0.9177 0.3569 0.1746
vn 0.9785 0.0959 0.1827
vn 0.1068 -0.9940 0.0239
vn 0.3999 -0.9127 0.0843
vn 0.7147 -0.6845 0.1437
vn 0.9177 -0.3569 0.1746
vn 0.9785 -0.0959 0.1827
vn 0.1087 0.9941 0.0065
vn 0.4104 0.9116 0.0235
vn 0.7332 0.6788 0.0407
vn 0.8297 0.5567 0.0416
vn 0.9792 0.1957 0.0544
vn 0.9942 0.0939 0.0525
vn 0.1087 -0.9941 0.0065
vn 0.4104 -0.9116 0.0235
vn 0.7332 -0.6788 0.0407
vn 0.8296 -0.5567 0.0416
vn 0.9792 -0.1957 0.0544
vn 0.9942 -0.0939 0.0525
vn 0.0730 -0.9947 0.0730
vn 0.2635 -0.9280 0.2635
vn 0.4814 -0.7324 0.4814
vn 0.6446 -0.4111 0.6446
vn 0.7029 -0.1088 0.7029
vn 0.0730 0.9947 0.0730
vn 0.2635 0.9280 0.2635
vn 0.4814 0.7324 0.4814
vn 0.6446 0.4111 0.6446
vn 0.7029 0.1088 0.7029
vn 0.8574 0.1050 -0.5038
vn 0.7548 0.1092 -0.6468
vn 0.6901 0.4188 -0.5902
vn 0.7895 0.4012 -0.4645
vn 0.5045 0.7437 -0.4387
vn 0.5873 0.7261 -0.3574
vn 0.2612 0.9366 -0.2336
vn 0.3107 0.9297 -0.1978
vn 0.0655 0.9960 -0.0611
vn 0.0790 0.9954 -0.0535
vn 0.7548 -0.1092 -0.6468
vn 0.8574 -0.1050 -0.5038
vn 0.7895 -0.4012 -0.4645
vn 0.6901 -0.4188 -0.5902
vn 0.5873 -0.7261 -0.3574
vn 0.5045 -0.7437 -0.4387
vn 0.3107 -0.9297 -0.1978
vn 0.2612 -0.9366 -0.2336
vn 0.0790 -0.9954 -0.0535
vn 0.0655 -0.9960 -0.0611
vn 0.9334 0.1003 -0.3445
vn 0.8671 0.3799 -0.3222
vn 0.6613 0.7055 -0.2551
vn 0.3599 0.9218 -0.1445
vn 0.0933 0.9949 -0.0395
vn 0.9334 -0.1003 -0.3445
vn 0.8671 -0.3799 -0.3222
vn 0.6613 -0.7055 -0.2551
vn 0.3599 -0.9217 -0.1445
vn 0.0933 -0.9949 -0.0395
vn 0.9785 0.0959 -0.1827
vn 0.9177 0.3569 -0.1746
vn 0.7147 0.6845 -0.1437
vn 0.3998 0.9127 -0.0843
vn 0.1069 0.9940 -0.0239
vn 0.9785 -0.0959 -0.1827
vn 0.9177 -0.3569 -0.1746
vn 0.7147 -0.6845 -0.1437
vn 0.3998 -0.9127 -0.0843
vn 0.1069 -0.9940 -0.0239
vn 0.9942 0.0939 -0.0525
vn 0.9792 0.1957 -0.0544
vn 0.8297 0.5567 -0.0416
vn 0.7332 0.6788 -0.0407
vn 0.4104 0.9116 -0.0235
vn 0.1087 0.9941 -0.0065
vn 0.9942 -0.0939 -0.0525
vn 0.9792 -0.1957 -0.0544
vn 0.8296 -0.5567 -0.0416
vn 0.7332 -0.6788 -0.0407
vn 0.4104 -0.9116 -0.0235
vn 0.1087 -0.9941 -0.0065
vn 0.7029 -0.1088 -0.7029
vn 0.6446 -0.4111 -0.6446
vn 0.4814 -0.7324 -0.4814
vn 0.2635 -0.9280 -0.2635
vn 0.0730 -0.9947 -0.0730
vn 0.7029 0.1088 -0.7029
vn 0.6446 0.4111 -0.6446
vn 0.4814 0.7324 -0.4814
vn 0.2635 0.9280 -0.2635
vn 0.0730 0.9947 -0.0730
vt 0.861218 0.918337
vt 0.861218 0.980887
vt 0.838427 0.983736
vt 0.838427 0.918337
vt 0.558563 0.602450
vt 0.496012 0.602450
vt 0.496012 0.469782
vt 0.558563 0.469782
vt 0.888143 0.619363
vt 0.910932 0.619301
vt 0.910932 0.749494
vt 0.888143 0.749556
vt 0.899762 0.921186
vt 0.899762 0.983736
vt 0.876971 0.983736
vt 0.876971 0.918337
vt 0.318394 0.469602
vt 0.252995 0.469602
vt 0.255230 0.464169
vt 0.316160 0.464169
vt 0.252995 0.336556
vt 0.255230 0.341988
vt 0.138134 0.796272
vt 0.138134 0.915833
vt 0.118771 0.915888
vt 0.118771 0.796327
vt 0.118771 0.992273
vt 0.118771 0.931342
vt 0.138136 0.931342
vt 0.138136 0.989945
vt 0.646251 0.619301
vt 0.704854 0.619301
vt 0.704854 0.741482
vt 0.646251 0.741482
vt 0.103316 0.796774
vt 0.103316 0.916335
vt 0.083926 0.915833
vt 0.083926 0.796272
vt 0.969495 0.594987
vt 0.969495 0.534057
vt 0.988860 0.536384
vt 0.988860 0.594987
vt 0.318394 0.336556
vt 0.316160 0.341988
vt 0.233508 0.900446
vt 0.210685 0.899832
vt 0.210685 0.769639
vt 0.233508 0.770253
vt 0.156568 0.801067
vt 0.156568 0.810563
vt 0.153589 0.810563
vt 0.153589 0.801067
vt 0.318403 0.917456
vt 0.318403 0.917422
vt 0.318560 0.917422
vt 0.318560 0.917456
vt 0.155615 0.811831
vt 0.155615 0.811203
vt 0.156568 0.812471
vt 0.154542 0.811203
vt 0.154542 0.811831
vt 0.153589 0.812471
vt 0.973002 0.152504
vt 0.973002 0.151432
vt 0.973631 0.151432
vt 0.973631 0.152504
vt 0.951405 0.870917
vt 0.950333 0.870920
vt 0.950333 0.868026
vt 0.951405 0.868023
vt 0.253624 0.961574
vt 0.252995 0.961574
vt 0.252995 0.958617
vt 0.253624 0.958617
vt 0.479472 0.833428
vt 0.480545 0.833425
vt 0.480545 0.836318
vt 0.479472 0.836321
vt 0.433367 0.970203
vt 0.433367 0.973151
vt 0.432738 0.973151
vt 0.432738 0.970203
vt 0.155615 0.799798
vt 0.156568 0.799158
vt 0.155615 0.800427
vt 0.154542 0.800427
vt 0.153589 0.799158
vt 0.154542 0.799798
vt 0.967488 0.887551
vt 0.966860 0.887551
vt 0.966860 0.886478
vt 0.967488 0.886478
vt 0.288594 0.936948
vt 0.288594 0.939841
vt 0.287522 0.939844
vt 0.287522 0.936951
vt 0.695717 0.964327
vt 0.695717 0.961371
vt 0.696345 0.961371
vt 0.696345 0.964327
vt 0.101926 0.953037
vt 0.101926 0.950144
vt 0.102998 0.950141
vt 0.102998 0.953034
vt 0.477609 0.670905
vt 0.478586 0.671311
vt 0.478196 0.671475
vt 0.477150 0.671041
vt 0.477851 0.671614
vt 0.476746 0.671156
vt 0.856135 0.149485
vt 0.856135 0.148294
vt 0.856375 0.148485
vt 0.856375 0.149718
vt 0.856659 0.148553
vt 0.856659 0.149800
vt 0.478585 0.689007
vt 0.477611 0.689413
vt 0.477151 0.689277
vt 0.478194 0.688843
vt 0.476745 0.689162
vt 0.477847 0.688704
vt 0.858678 0.148299
vt 0.858678 0.149489
vt 0.858435 0.149721
vt 0.858434 0.148489
vt 0.858149 0.149802
vt 0.858149 0.148555
vt 0.476784 0.670367
vt 0.476265 0.670464
vt 0.475811 0.670546
vt 0.856138 0.150545
vt 0.856378 0.150817
vt 0.856662 0.150912
vt 0.476788 0.689951
vt 0.476269 0.689854
vt 0.475812 0.689772
vt 0.858681 0.150550
vt 0.858437 0.150820
vt 0.858152 0.150915
vt 0.476233 0.669778
vt 0.475674 0.669832
vt 0.475186 0.669878
vt 0.475491 0.670601
vt 0.474843 0.669909
vt 0.856382 0.151616
vt 0.856667 0.151721
vt 0.476238 0.690541
vt 0.475679 0.690486
vt 0.475189 0.690440
vt 0.474843 0.690409
vt 0.475488 0.689717
vt 0.858442 0.151619
vt 0.858156 0.151723
vt 0.476038 0.669224
vt 0.475465 0.669239
vt 0.474966 0.669252
vt 0.474616 0.669261
vt 0.316520 0.869808
vt 0.316520 0.869160
vt 0.316805 0.869149
vt 0.316805 0.869805
vt 0.476044 0.691094
vt 0.475472 0.691079
vt 0.474970 0.691066
vt 0.474616 0.691057
vt 0.318580 0.869160
vt 0.318580 0.869808
vt 0.318295 0.869805
vt 0.318295 0.869149
vt 0.480466 0.688413
vt 0.480458 0.688128
vt 0.480435 0.687886
vt 0.858681 0.145564
vt 0.858437 0.145525
vt 0.858152 0.145511
vt 0.480473 0.671905
vt 0.480466 0.672190
vt 0.480446 0.672432
vt 0.856138 0.145560
vt 0.856378 0.145521
vt 0.856662 0.145508
vt 0.696249 0.923272
vt 0.696249 0.924519
vt 0.695963 0.924585
vt 0.695963 0.923353
vt 0.695720 0.924775
vt 0.695719 0.923585
vt 0.476746 0.655059
vt 0.477851 0.654600
vt 0.478196 0.654739
vt 0.477150 0.655174
vt 0.478586 0.654904
vt 0.477609 0.655309
vt 0.697738 0.924521
vt 0.697738 0.923274
vt 0.698022 0.923356
vt 0.698023 0.924588
vt 0.698262 0.923589
vt 0.698262 0.924779
vt 0.477847 0.705718
vt 0.476745 0.705260
vt 0.477151 0.705144
vt 0.478194 0.705579
vt 0.477611 0.705009
vt 0.478585 0.705414
vt 0.696246 0.922159
vt 0.695961 0.922254
vt 0.695717 0.922524
vt 0.475811 0.655668
vt 0.476265 0.655750
vt 0.476784 0.655847
vt 0.697736 0.922162
vt 0.698020 0.922257
vt 0.698260 0.922528
vt 0.475812 0.704650
vt 0.476269 0.704568
vt 0.476788 0.704471
vt 0.696242 0.921350
vt 0.695956 0.921455
vt 0.474843 0.656306
vt 0.475491 0.655613
vt 0.475186 0.656336
vt 0.475674 0.656383
vt 0.476233 0.656437
vt 0.697731 0.921353
vt 0.698016 0.921458
vt 0.475488 0.704705
vt 0.474843 0.704012
vt 0.475189 0.703982
vt 0.475679 0.703936
vt 0.476238 0.703881
vt 0.316805 0.882118
vt 0.316805 0.882774
vt 0.316520 0.882763
vt 0.316520 0.882115
vt 0.474616 0.656954
vt 0.474966 0.656962
vt 0.475465 0.656975
vt 0.476038 0.656991
vt 0.318295 0.882774
vt 0.318295 0.882118
vt 0.318580 0.882115
vt 0.318580 0.882763
vt 0.474616 0.703364
vt 0.474970 0.703356
vt 0.475472 0.703343
vt 0.476044 0.703327
vt 0.697735 0.927565
vt 0.698020 0.927552
vt 0.698260 0.927514
vt 0.480435 0.706535
vt 0.480458 0.706294
vt 0.480466 0.706008
vt 0.696246 0.927563
vt 0.695960 0.927549
vt 0.695717 0.927510
vt 0.480446 0.653783
vt 0.480466 0.654024
vt 0.480473 0.654310
vt 0.156568 0.814612
vt 0.156512 0.814898
vt 0.156350 0.815139
vt 0.156108 0.815301
vt 0.155823 0.815358
vt 0.154334 0.815358
vt 0.154049 0.815301
vt 0.153807 0.815139
vt 0.153646 0.814898
vt 0.153589 0.814612
vt 0.480466 0.692463
vt 0.480466 0.701959
vt 0.480466 0.703867
vt 0.480466 0.690554
vt 0.480473 0.656451
vt 0.480473 0.658359
vt 0.480473 0.667855
vt 0.480473 0.669764
vt 0.155823 0.796272
vt 0.156108 0.796329
vt 0.156350 0.796490
vt 0.156512 0.796732
vt 0.156568 0.797017
vt 0.153589 0.797017
vt 0.153646 0.796732
vt 0.153807 0.796490
vt 0.154049 0.796329
vt 0.154334 0.796272
s 1
usemtl dresser
f 266/550/151 267/551/151 281/552/151 268/553/151
f 267/554/152 266/555/152 269/556/152 270/557/152
f 266/558/153 268/559/153 271/560/153 269/561/153
f 270/562/154 269/563/154 271/564/154 272/565/154
f 272/566/155 271/567/155 273/568/155 275/569/155
f 271/567/155 268/570/155 274/571/155 273/568/155
f 273/572/156 274/573/156 277/574/156 276/575/156
f 275/576/151 273/577/151 276/578/151 278/579/151
f 277/580/155 279/581/155 278/582/155 276/583/155
f 280/584/157 275/585/157 278/586/157 279/587/157
f 274/588/154 280/589/154 279/590/154 277/591/154
f 268/570/155 281/592/155 280/593/155 274/571/155
f 281/592/155 272/566/155 275/569/155 280/593/155
f 281/594/158 267/595/158 270/596/158 272/597/158
f 298/598/151 286/599/151 289/600/151 301/601/151
f 282/602/152 283/603/152 291/604/152 290/605/152
f 283/606/151 282/607/151 286/599/151 287/608/151
f 285/609/151 284/610/151 288/611/151 289/600/151
f 284/610/151 283/606/151 287/608/151 288/611/151
f 282/607/151 285/609/151 289/600/151 286/599/151
f 291/612/151 292/613/151 293/614/151 290/615/151
f 285/616/153 282/617/153 290/618/153 293/619/153
f 284/620/155 285/621/155 293/622/155 292/623/155
f 283/624/156 284/625/156 292/626/156 291/627/156
f 294/628/152 302/629/152 303/630/152 295/631/152
f 295/632/151 299/633/151 298/598/151 294/634/151
f 297/635/151 301/601/151 300/636/151 296/637/151
f 296/637/151 300/636/151 299/633/151 295/632/151
f 294/634/151 298/598/151 301/601/151 297/635/151
f 303/638/151 302/639/151 305/640/151 304/641/151
f 297/642/156 305/643/156 302/644/156 294/645/156
f 296/646/155 304/647/155 305/648/155 297/649/155
f 295/650/153 303/651/153 304/652/153 296/653/153
f 351/654/159 341/655/160 343/656/161 353/657/162
f 353/657/162 343/656/161 344/658/163 354/659/164
f 354/660/164 344/661/163 345/662/165 355/663/166
f 355/663/166 345/662/165 342/664/167 352/665/168
f 321/666/169 336/667/170 338/668/171 323/669/172
f 323/669/172 338/668/171 339/670/173 324/671/174
f 324/672/174 339/673/173 340/674/175 325/675/176
f 325/675/176 340/674/175 337/676/177 322/677/178
f 356/678/179 351/654/159 353/657/162 358/679/180
f 358/679/180 353/657/162 354/659/164 359/680/181
f 359/681/181 354/660/164 355/663/166 360/682/182
f 360/682/182 355/663/166 352/665/168 357/683/183
f 336/667/170 331/684/184 333/685/185 338/668/171
f 338/668/171 333/685/185 334/686/186 339/670/173
f 339/673/173 334/687/186 335/688/187 340/674/175
f 340/674/175 335/688/187 332/689/188 337/676/177
f 361/690/189 356/678/179 358/679/180 363/691/190
f 363/691/190 358/679/180 359/680/181 364/692/191
f 364/692/191 359/680/181 360/693/182 365/694/192
f 365/695/192 360/682/182 357/683/183 362/696/193
f 331/684/184 326/697/194 328/698/195 333/685/185
f 333/685/185 328/698/195 329/699/196 334/686/186
f 334/686/186 329/699/196 330/700/197 335/701/187
f 335/688/187 330/702/197 327/703/198 332/689/188
f 346/704/199 361/690/189 363/691/190 348/705/200
f 348/705/200 363/691/190 364/692/191 349/706/201
f 349/706/201 364/692/191 365/694/192 350/707/202
f 350/708/203 365/709/192 362/710/193 347/711/204
f 326/697/194 316/712/205 318/713/206 328/698/195
f 328/698/195 318/713/206 319/714/207 329/699/196
f 329/699/196 319/714/207 320/715/208 330/700/197
f 330/716/197 320/717/209 317/718/210 327/719/198
f 306/720/211 321/666/169 323/669/172 308/721/212
f 308/721/212 323/669/172 324/671/174 309/722/213
f 309/723/213 324/672/174 325/675/176 310/724/214
f 310/724/214 325/675/176 322/677/178 307/725/215
f 341/655/160 312/726/216 315/727/217 343/656/161
f 343/656/161 315/727/217 314/728/218 344/658/163
f 344/661/163 314/729/218 313/730/219 345/662/165
f 345/662/165 313/730/219 311/731/220 342/664/167
f 412/732/221 402/733/222 405/734/223 415/735/224
f 415/735/224 405/734/223 404/736/225 414/737/226
f 414/738/226 404/739/225 403/740/227 413/741/228
f 413/741/228 403/740/227 401/742/229 411/743/230
f 382/744/231 397/745/232 400/746/233 385/747/234
f 385/747/234 400/746/233 399/748/235 384/749/236
f 384/750/236 399/751/235 398/752/237 383/753/238
f 383/753/238 398/752/237 396/754/239 381/755/240
f 417/756/241 412/732/221 415/735/224 420/757/242
f 420/757/242 415/735/224 414/737/226 419/758/243
f 419/759/243 414/738/226 413/741/228 418/760/244
f 418/760/244 413/741/228 411/743/230 416/761/245
f 397/745/232 392/762/246 395/763/247 400/746/233
f 400/746/233 395/763/247 394/764/248 399/748/235
f 399/751/235 394/765/248 393/766/249 398/752/237
f 398/752/237 393/766/249 391/767/250 396/754/239
f 422/768/251 417/756/241 420/757/242 425/769/252
f 425/770/252 420/771/242 419/759/243 424/772/253
f 424/772/253 419/759/243 418/760/244 423/773/254
f 423/773/254 418/760/244 416/761/245 421/774/255
f 392/762/246 387/775/256 390/776/257 395/763/247
f 395/777/247 390/778/257 389/779/258 394/765/248
f 394/765/248 389/779/258 388/780/259 393/766/249
f 393/766/249 388/780/259 386/781/260 391/767/250
f 407/782/261 422/783/251 425/784/252 410/785/262
f 410/786/263 425/770/252 424/772/253 409/787/264
f 409/787/264 424/772/253 423/773/254 408/788/265
f 408/788/265 423/773/254 421/774/255 406/789/266
f 387/790/256 377/791/267 380/792/268 390/793/257
f 390/778/257 380/794/269 379/795/270 389/779/258
f 389/779/258 379/795/270 378/796/271 388/780/259
f 388/780/259 378/796/271 376/797/272 386/781/260
f 366/798/273 382/744/231 385/747/234 368/799/274
f 368/799/274 385/747/234 384/749/236 369/800/275
f 369/801/275 384/750/236 383/753/238 370/802/276
f 370/802/276 383/753/238 381/755/240 367/803/277
f 402/733/222 372/804/278 375/805/279 405/734/223
f 405/734/223 375/805/279 374/806/280 404/736/225
f 404/739/225 374/807/280 373/808/281 403/740/227
f 403/740/227 373/808/281 371/809/282 401/742/229
f 316/712/205 376/797/272 378/796/271 318/713/206
f 318/713/206 378/796/271 379/795/270 319/714/207
f 319/714/207 379/795/270 380/794/269 320/715/208
f 320/717/209 380/792/268 377/791/267 317/718/210
f 347/711/204 407/782/261 410/785/262 350/708/203
f 350/707/202 410/786/263 409/787/264 349/706/201
f 349/706/201 409/787/264 408/788/265 348/705/200
f 348/705/200 408/788/265 406/789/266 346/704/199
f 306/810/151 308/811/151 309/812/151 310/813/151 307/814/151 311/815/151 313/816/151 314/817/151 315/818/151 312/819/151 288/611/151 287/608/151
f 322/677/178 342/664/167 311/731/220 307/725/215
f 286/820/152 298/821/152 299/822/152 367/803/277 381/755/240 396/754/239 391/767/250 386/781/260 376/797/272 316/712/205 326/697/194 331/684/184 336/667/170 321/666/169 306/720/211 287/823/152
f 346/704/199 406/789/266 421/774/255 416/761/245 411/743/230 401/742/229 371/809/282 300/824/155 301/825/155 289/826/155 288/827/155 312/726/216 341/655/160 351/654/159 356/678/179 361/690/189
f 362/710/193 327/719/198 317/718/210 347/711/204
f 317/718/210 377/791/267 407/782/261 347/711/204
f 342/664/167 322/677/178 337/676/177 352/665/168
f 357/683/183 332/689/188 327/703/198 362/696/193
f 352/665/168 337/676/177 332/689/188 357/683/183
f 366/828/151 368/829/151 369/830/151 370/831/151 367/832/151 299/633/151 300/636/151 371/833/151 373/834/151 374/835/151 375/836/151 372/837/151
f 382/744/231 366/798/273 372/804/278 402/733/222
f 422/783/251 407/782/261 377/791/267 387/790/256
f 402/733/222 412/732/221 397/745/232 382/744/231
f 417/756/241 422/768/251 387/775/256 392/762/246
f 412/732/221 417/756/241 392/762/246 397/745/232
o latch_3
v -0.200000 0.511000 0.624463
v -0.200000 0.511000 0.017600
v -0.200000 0.814000 0.685063
v 0.250000 0.511000 0.624463
v 0.250000 0.511000 0.017600
v 0.250000 0.814000 0.685063
v 0.250000 0.814000 0.017600
v -0.200000 0.814000 0.017600
v -0.186200 0.814000 0.033600
v -0.186200 0.814000 0.669063
v 0.236200 0.814000 0.669063
v 0.236200 0.814000 0.033600
v -0.186200 0.534000 0.033600
v -0.186200 0.534000 0.609063
v 0.236200 0.534000 0.033600
v 0.236200 0.534000 0.609063
v 0.260000 0.658900 0.394057
v 0.260000 0.658900 0.400807
v 0.260000 0.666100 0.400807
v 0.260000 0.666100 0.394057
v 0.260000 0.652500 0.387182
v 0.260000 0.652500 0.407682
v 0.260000 0.672500 0.407682
v 0.260000 0.672500 0.387182
v 0.250000 0.658900 0.394057
v 0.250000 0.658900 0.400807
v 0.250000 0.666100 0.400807
v 0.250000 0.666100 0.394057
v 0.260000 0.658900 0.278307
v 0.260000 0.658900 0.271557
v 0.260000 0.666100 0.271557
v 0.260000 0.666100 0.278307
v 0.260000 0.652500 0.285182
v 0.260000 0.652500 0.264682
v 0.260000 0.672500 0.264682
v 0.260000 0.672500 0.285182
v 0.250000 0.658900 0.278307
v 0.250000 0.658900 0.271557
v 0.250000 0.666100 0.271557
v 0.250000 0.666100 0.278307
v 0.260000 0.652500 0.430678
v 0.260000 0.657500 0.438682
v 0.260000 0.652881 0.433741
v 0.260000 0.653964 0.436337
v 0.260000 0.655587 0.438072
v 0.260000 0.667500 0.438682
v 0.260000 0.672500 0.430678
v 0.260000 0.669413 0.438072
v 0.260000 0.671036 0.436337
v 0.260000 0.672119 0.433741
v 0.275000 0.652500 0.401880
v 0.280000 0.657500 0.402310
v 0.276914 0.652881 0.402044
v 0.278536 0.653964 0.402184
v 0.279620 0.655587 0.402277
v 0.266381 0.652500 0.424297
v 0.269773 0.657500 0.428909
v 0.267679 0.652881 0.426062
v 0.268779 0.653964 0.427558
v 0.269515 0.655587 0.428558
v 0.274343 0.652500 0.407829
v 0.279222 0.657500 0.409353
v 0.276210 0.652881 0.408412
v 0.277793 0.653964 0.408907
v 0.278850 0.655587 0.409237
v 0.272478 0.652500 0.414162
v 0.277005 0.657500 0.416882
v 0.274210 0.652881 0.415203
v 0.275679 0.653964 0.416085
v 0.276660 0.655587 0.416675
v 0.269686 0.652500 0.419939
v 0.273687 0.657500 0.423749
v 0.271217 0.652881 0.421397
v 0.272515 0.653964 0.422633
v 0.273382 0.655587 0.423459
v 0.266381 0.672500 0.424297
v 0.269773 0.667500 0.428909
v 0.267679 0.672119 0.426062
v 0.268779 0.671036 0.427558
v 0.269515 0.669413 0.428558
v 0.275000 0.672500 0.401880
v 0.280000 0.667500 0.402310
v 0.276914 0.672119 0.402044
v 0.278536 0.671036 0.402184
v 0.279620 0.669413 0.402277
v 0.269686 0.672500 0.419939
v 0.273687 0.667500 0.423749
v 0.271217 0.672119 0.421397
v 0.272515 0.671036 0.422633
v 0.273382 0.669413 0.423459
v 0.272478 0.672500 0.414162
v 0.277005 0.667500 0.416882
v 0.274210 0.672119 0.415203
v 0.275679 0.671036 0.416085
v 0.276660 0.669413 0.416675
v 0.274343 0.672500 0.407829
v 0.279222 0.667500 0.409353
v 0.276210 0.672119 0.408412
v 0.277793 0.671036 0.408907
v 0.278850 0.669413 0.409237
v 0.260000 0.657500 0.233682
v 0.260000 0.652500 0.241686
v 0.260000 0.655587 0.234291
v 0.260000 0.653964 0.236026
v 0.260000 0.652881 0.238623
v 0.260000 0.672500 0.241686
v 0.260000 0.667500 0.233682
v 0.260000 0.672119 0.238623
v 0.260000 0.671036 0.236026
v 0.260000 0.669413 0.234291
v 0.275000 0.652500 0.270483
v 0.280000 0.657500 0.270053
v 0.276914 0.652881 0.270319
v 0.278536 0.653964 0.270179
v 0.279620 0.655587 0.270086
v 0.266381 0.652500 0.248066
v 0.269773 0.657500 0.243454
v 0.267679 0.652881 0.246301
v 0.268779 0.653964 0.244805
v 0.269515 0.655587 0.243805
v 0.274343 0.652500 0.264535
v 0.279222 0.657500 0.263010
v 0.276210 0.652881 0.263951
v 0.277793 0.653964 0.263456
v 0.278850 0.655587 0.263126
v 0.272478 0.652500 0.258201
v 0.277005 0.657500 0.255481
v 0.274210 0.652881 0.257160
v 0.275679 0.653964 0.256278
v 0.276660 0.655587 0.255688
v 0.269686 0.652500 0.252424
v 0.273687 0.657500 0.248614
v 0.271217 0.652881 0.250966
v 0.272515 0.653964 0.249730
v 0.273382 0.655587 0.248904
v 0.266381 0.672500 0.248066
v 0.269773 0.667500 0.243454
v 0.267679 0.672119 0.246301
v 0.268779 0.671036 0.244805
v 0.269515 0.669413 0.243805
v 0.275000 0.672500 0.270483
v 0.280000 0.667500 0.270053
v 0.276914 0.672119 0.270319
v 0.278536 0.671036 0.270179
v 0.279620 0.669413 0.270086
v 0.269686 0.672500 0.252424
v 0.273687 0.667500 0.248614
v 0.271217 0.672119 0.250966
v 0.272515 0.671036 0.249730
v 0.273382 0.669413 0.248904
v 0.272478 0.672500 0.258201
v 0.277005 0.667500 0.255481
v 0.274210 0.672119 0.257160
v 0.275679 0.671036 0.256278
v 0.276660 0.669413 0.255688
v 0.274343 0.672500 0.264535
v 0.279222 0.667500 0.263010
v 0.276210 0.672119 0.263951
v 0.277793 0.671036 0.263456
v 0.278850 0.669413 0.263126
vn -1.0000 -0.0000 -0.0000
vn -0.0000 -1.0000 -0.0000
vn -0.0000 -0.1961 0.9806
vn 1.0000 -0.0000 -0.0000
vn -0.0000 -0.0000 -1.0000
vn -0.0000 1.0000 -0.0000
vn -0.0000 -0.0000 1.0000
vn -0.0000 0.2095 -0.9778
vn 0.0790 0.9954 0.0535
vn 0.0655 0.9960 0.0611
vn 0.2612 0.9366 0.2336
vn 0.3107 0.9297 0.1978
vn 0.5045 0.7437 0.4387
vn 0.5873 0.7261 0.3574
vn 0.6901 0.4188 0.5902
vn 0.7895 0.4012 0.4645
vn 0.7548 0.1092 0.6468
vn 0.8574 0.1050 0.5038
vn 0.0655 -0.9960 0.0611
vn 0.0790 -0.9954 0.0535
vn 0.3107 -0.9297 0.1978
vn 0.2612 -0.9366 0.2336
vn 0.5873 -0.7261 0.3574
vn 0.5045 -0.7436 0.4387
vn 0.7895 -0.4012 0.4645
vn 0.6901 -0.4188 0.5902
vn 0.8574 -0.1050 0.5038
vn 0.7548 -0.1092 0.6468
vn 0.0933 0.9949 0.0395
vn 0.3599 0.9218 0.1445
vn 0.6613 0.7054 0.2551
vn 0.8671 0.3799 0.3222
vn 0.9334 0.1003 0.3445
vn 0.0933 -0.9949 0.0395
vn 0.3599 -0.9217 0.1445
vn 0.6613 -0.7055 0.2551
vn 0.8671 -0.3799 0.3222
vn 0.9334 -0.1003 0.3445
vn 0.1069 0.9940 0.0239
vn 0.3998 0.9127 0.0843
vn 0.7147 0.6845 0.1437
vn 0.9177 0.3569 0.1746
vn 0.9785 0.0959 0.1827
vn 0.1069 -0.9940 0.0239
vn 0.3999 -0.9127 0.0843
vn 0.7147 -0.6845 0.1437
vn 0.9177 -0.3569 0.1746
vn 0.9785 -0.0959 0.1827
vn 0.1087 0.9941 0.0065
vn 0.4104 0.9116 0.0235
vn 0.7332 0.6788 0.0407
vn 0.8297 0.5567 0.0416
vn 0.9792 0.1957 0.0544
vn 0.9942 0.0939 0.0525
vn 0.1087 -0.9941 0.0065
vn 0.4104 -0.9116 0.0235
vn 0.7332 -0.6788 0.0407
vn 0.8296 -0.5567 0.0416
vn 0.9792 -0.1957 0.0544
vn 0.9942 -0.0939 0.0525
vn 0.0730 -0.9947 0.0730
vn 0.2635 -0.9280 0.2635
vn 0.4814 -0.7324 0.4814
vn 0.6446 -0.4111 0.6446
vn 0.7029 -0.1088 0.7029
vn 0.0730 0.9947 0.0730
vn 0.2635 0.9280 0.2635
vn 0.4814 0.7324 0.4814
vn 0.6446 0.4111 0.6446
vn 0.7029 0.1088 0.7029
vn 0.8574 0.1050 -0.5038
vn 0.7548 0.1092 -0.6468
vn 0.6901 0.4188 -0.5902
vn 0.7895 0.4012 -0.4645
vn 0.5045 0.7437 -0.4387
vn 0.5873 0.7261 -0.3574
vn 0.2612 0.9366 -0.2336
vn 0.3107 0.9297 -0.1978
vn 0.0655 0.9960 -0.0611
vn 0.0790 0.9954 -0.0535
vn 0.7548 -0.1092 -0.6468
vn 0.8574 -0.1050 -0.5038
vn 0.7895 -0.4012 -0.4645
vn 0.6901 -0.4188 -0.5902
vn 0.5873 -0.7261 -0.3574
vn 0.5045 -0.7437 -0.4387
vn 0.3107 -0.9297 -0.1978
vn 0.2612 -0.9366 -0.2336
vn 0.0790 -0.9954 -0.0535
vn 0.0655 -0.9960 -0.0611
vn 0.9334 0.1003 -0.3445
vn 0.8671 0.3799 -0.3222
vn 0.6613 0.7055 -0.2551
vn 0.3599 0.9218 -0.1445
vn 0.0933 0.9949 -0.0395
vn 0.9334 -0.1003 -0.3445
vn 0.8671 -0.3799 -0.3222
vn 0.6613 -0.7055 -0.2551
vn 0.3599 -0.9217 -0.1445
vn 0.0933 -0.9949 -0.0395
vn 0.9785 0.0959 -0.1827
vn 0.9177 0.3569 -0.1746
vn 0.7147 0.6845 -0.1437
vn 0.3998 0.9127 -0.0843
vn 0.1069 0.9940 -0.0239
vn 0.9785 -0.0959 -0.1827
vn 0.9177 -0.3569 -0.1746
vn 0.7147 -0.6845 -0.1437
vn 0.3999 -0.9127 -0.0843
vn 0.1068 -0.9940 -0.0239
vn 0.9942 0.0939 -0.0525
vn 0.9792 0.1957 -0.0544
vn 0.8296 0.5567 -0.0416
vn 0.7332 0.6788 -0.0407
vn 0.4104 0.9116 -0.0235
vn 0.1087 0.9941 -0.0065
vn 0.9942 -0.0939 -0.0525
vn 0.9792 -0.1957 -0.0544
vn 0.8296 -0.5568 -0.0416
vn 0.7332 -0.6788 -0.0407
vn 0.4104 -0.9116 -0.0235
vn 0.1087 -0.9941 -0.0065
vn 0.7029 -0.1088 -0.7029
vn 0.6446 -0.4111 -0.6446
vn 0.4814 -0.7324 -0.4814
vn 0.2635 -0.9280 -0.2635
vn 0.0730 -0.9947 -0.0730
vn 0.7029 0.1088 -0.7029
vn 0.6446 0.4111 -0.6446
vn 0.4814 0.7324 -0.4814
vn 0.2635 0.9280 -0.2635
vn 0.0730 0.9947 -0.0730
vt 0.298130 0.915852
vt 0.252995 0.921494
vt 0.252995 0.859353
vt 0.298130 0.859353
vt 0.702750 0.454328
vt 0.646251 0.454328
vt 0.646251 0.321660
vt 0.702750 0.321660
vt 0.763404 0.602588
vt 0.718205 0.601371
vt 0.718205 0.471178
vt 0.763404 0.472395
vt 0.960974 0.013369
vt 0.960974 0.069868
vt 0.915839 0.069868
vt 0.915839 0.007727
vt 0.720309 0.960567
vt 0.720309 0.901406
vt 0.762017 0.901406
vt 0.762017 0.954981
vt 0.083926 0.650626
vt 0.129057 0.650488
vt 0.129057 0.780680
vt 0.083926 0.780818
vt 0.414151 0.471178
vt 0.476291 0.471178
vt 0.474802 0.475258
vt 0.415640 0.475258
vt 0.476291 0.604224
vt 0.474802 0.600144
vt 0.414151 0.604224
vt 0.415640 0.600144
vt 0.405586 0.619679
vt 0.459161 0.619679
vt 0.459161 0.744566
vt 0.405586 0.744566
vt 0.861841 0.007727
vt 0.861841 0.129935
vt 0.820135 0.130054
vt 0.820135 0.007846
vt 0.822973 0.620506
vt 0.822973 0.742713
vt 0.781196 0.741507
vt 0.781196 0.619301
vt 0.574017 0.961484
vt 0.574017 0.902323
vt 0.615726 0.907909
vt 0.615726 0.961484
vt 0.626462 0.829635
vt 0.626462 0.839131
vt 0.623483 0.839131
vt 0.623483 0.829635
vt 0.966860 0.868075
vt 0.967488 0.868075
vt 0.967488 0.871024
vt 0.966860 0.871024
vt 0.625509 0.840399
vt 0.625509 0.839771
vt 0.626462 0.841039
vt 0.624436 0.839771
vt 0.624436 0.840399
vt 0.623483 0.841039
vt 0.448822 0.971275
vt 0.448822 0.970203
vt 0.449450 0.970203
vt 0.449450 0.971275
vt 0.480545 0.762913
vt 0.479472 0.762917
vt 0.479472 0.760024
vt 0.480545 0.760020
vt 0.288150 0.958256
vt 0.287522 0.958256
vt 0.287522 0.955299
vt 0.288150 0.955299
vt 0.545728 0.941628
vt 0.546800 0.941625
vt 0.546800 0.944518
vt 0.545728 0.944521
vt 0.102554 0.968491
vt 0.102554 0.971440
vt 0.101926 0.971440
vt 0.101926 0.968491
vt 0.625509 0.828366
vt 0.626462 0.827726
vt 0.625509 0.828995
vt 0.624436 0.828995
vt 0.623483 0.827726
vt 0.624436 0.828366
vt 0.465533 0.971275
vt 0.464905 0.971275
vt 0.464905 0.970203
vt 0.465533 0.970203
vt 0.480545 0.851776
vt 0.480545 0.854669
vt 0.479472 0.854672
vt 0.479472 0.851779
vt 0.958319 0.401133
vt 0.958319 0.398176
vt 0.958948 0.398176
vt 0.958948 0.401133
vt 0.479472 0.799619
vt 0.479472 0.796726
vt 0.480545 0.796723
vt 0.480545 0.799616
vt 0.147376 0.686118
vt 0.146398 0.685712
vt 0.146789 0.685548
vt 0.147835 0.685982
vt 0.147134 0.685409
vt 0.148239 0.685867
vt 0.316520 0.923875
vt 0.316520 0.922684
vt 0.316760 0.922875
vt 0.316760 0.924108
vt 0.317044 0.922943
vt 0.317044 0.924190
vt 0.317618 0.703903
vt 0.316643 0.704309
vt 0.316184 0.704173
vt 0.317227 0.703739
vt 0.315778 0.704058
vt 0.316879 0.703600
vt 0.319063 0.922689
vt 0.319063 0.923879
vt 0.318819 0.924111
vt 0.318819 0.922879
vt 0.318533 0.924192
vt 0.318533 0.922945
vt 0.148201 0.686656
vt 0.148720 0.686559
vt 0.149174 0.686477
vt 0.316523 0.924935
vt 0.316762 0.925207
vt 0.317047 0.925302
vt 0.315821 0.704847
vt 0.315302 0.704750
vt 0.314845 0.704668
vt 0.319065 0.924940
vt 0.318822 0.925210
vt 0.318536 0.925305
vt 0.148752 0.687246
vt 0.149311 0.687191
vt 0.149799 0.687145
vt 0.149494 0.686422
vt 0.150142 0.687115
vt 0.316767 0.926005
vt 0.317051 0.926111
vt 0.315271 0.705437
vt 0.314712 0.705382
vt 0.314222 0.705336
vt 0.313876 0.705305
vt 0.314521 0.704613
vt 0.318826 0.926009
vt 0.318541 0.926113
vt 0.148947 0.687800
vt 0.149519 0.687784
vt 0.150019 0.687771
vt 0.150369 0.687763
vt 0.153589 0.860550
vt 0.153589 0.859902
vt 0.153874 0.859892
vt 0.153874 0.860547
vt 0.315077 0.705990
vt 0.314505 0.705975
vt 0.314003 0.705962
vt 0.313649 0.705953
vt 0.155649 0.859902
vt 0.155649 0.860550
vt 0.155364 0.860547
vt 0.155364 0.859892
vt 0.319499 0.703309
vt 0.319491 0.703024
vt 0.319468 0.702782
vt 0.319065 0.919954
vt 0.318822 0.919915
vt 0.318536 0.919901
vt 0.144512 0.685118
vt 0.144519 0.684833
vt 0.144539 0.684592
vt 0.316523 0.919949
vt 0.316762 0.919911
vt 0.317047 0.919898
vt 0.838667 0.147429
vt 0.838667 0.148676
vt 0.838382 0.148743
vt 0.838382 0.147511
vt 0.838138 0.148933
vt 0.838138 0.147743
vt 0.148239 0.701965
vt 0.147134 0.702423
vt 0.146789 0.702284
vt 0.147835 0.701850
vt 0.146398 0.702120
vt 0.147376 0.701714
vt 0.840157 0.148679
vt 0.840157 0.147432
vt 0.840441 0.147514
vt 0.840441 0.148747
vt 0.840680 0.147747
vt 0.840681 0.148937
vt 0.316879 0.720614
vt 0.315778 0.720155
vt 0.316184 0.720040
vt 0.317227 0.720475
vt 0.316644 0.719905
vt 0.317618 0.720310
vt 0.838664 0.146317
vt 0.838379 0.146412
vt 0.838135 0.146682
vt 0.149174 0.701355
vt 0.148720 0.701273
vt 0.148201 0.701176
vt 0.840154 0.146320
vt 0.840438 0.146415
vt 0.840678 0.146687
vt 0.314845 0.719546
vt 0.315302 0.719464
vt 0.315821 0.719367
vt 0.838659 0.145508
vt 0.838374 0.145613
vt 0.150142 0.700717
vt 0.149494 0.701410
vt 0.149799 0.700687
vt 0.149311 0.700641
vt 0.148752 0.700586
vt 0.840149 0.145511
vt 0.840433 0.145616
vt 0.314521 0.719601
vt 0.313876 0.718908
vt 0.314222 0.718878
vt 0.314712 0.718831
vt 0.315271 0.718777
vt 0.153874 0.872860
vt 0.153874 0.873516
vt 0.153589 0.873505
vt 0.153589 0.872857
vt 0.150369 0.700069
vt 0.150019 0.700061
vt 0.149519 0.700048
vt 0.148947 0.700032
vt 0.155364 0.873516
vt 0.155364 0.872860
vt 0.155649 0.872857
vt 0.155649 0.873505
vt 0.313649 0.718260
vt 0.314003 0.718252
vt 0.314505 0.718239
vt 0.315077 0.718223
vt 0.840154 0.151724
vt 0.840438 0.151711
vt 0.840678 0.151672
vt 0.319468 0.721431
vt 0.319491 0.721190
vt 0.319499 0.720904
vt 0.838664 0.151721
vt 0.838379 0.151707
vt 0.838135 0.151668
vt 0.144539 0.703240
vt 0.144519 0.702999
vt 0.144512 0.702714
vt 0.626462 0.843180
vt 0.626406 0.843465
vt 0.626244 0.843707
vt 0.626002 0.843869
vt 0.625717 0.843925
vt 0.624228 0.843925
vt 0.623943 0.843869
vt 0.623701 0.843707
vt 0.623540 0.843465
vt 0.623483 0.843180
vt 0.319499 0.707359
vt 0.319499 0.716855
vt 0.319499 0.718763
vt 0.319499 0.705450
vt 0.144512 0.700573
vt 0.144512 0.698664
vt 0.144512 0.689168
vt 0.144512 0.687259
vt 0.625717 0.824840
vt 0.626002 0.824897
vt 0.626244 0.825058
vt 0.626406 0.825300
vt 0.626462 0.825585
vt 0.623483 0.825585
vt 0.623540 0.825300
vt 0.623701 0.825058
vt 0.623943 0.824897
vt 0.624228 0.824840
s 1
usemtl dresser
f 426/838/283 428/839/283 433/840/283 427/841/283
f 426/842/284 427/843/284 430/844/284 429/845/284
f 428/846/285 426/847/285 429/848/285 431/849/285
f 429/850/286 430/851/286 432/852/286 431/853/286
f 436/854/283 437/855/283 440/856/283 441/857/283
f 427/858/287 433/859/287 432/860/287 430/861/287
f 433/862/288 428/863/288 435/864/288 434/865/288
f 428/863/288 431/866/288 436/867/288 435/864/288
f 431/866/288 432/868/288 437/869/288 436/867/288
f 432/868/288 433/862/288 434/865/288 437/869/288
f 438/870/288 439/871/288 441/872/288 440/873/288
f 437/874/289 434/875/289 438/876/289 440/877/289
f 435/878/290 436/879/290 441/880/290 439/881/290
f 434/882/286 435/883/286 439/884/286 438/885/286
f 458/886/283 446/887/283 449/888/283 461/889/283
f 442/890/284 443/891/284 451/892/284 450/893/284
f 443/894/283 442/895/283 446/887/283 447/896/283
f 445/897/283 444/898/283 448/899/283 449/888/283
f 444/898/283 443/894/283 447/896/283 448/899/283
f 442/895/283 445/897/283 449/888/283 446/887/283
f 451/900/283 452/901/283 453/902/283 450/903/283
f 445/904/287 442/905/287 450/906/287 453/907/287
f 444/908/288 445/909/288 453/910/288 452/911/288
f 443/912/289 444/913/289 452/914/289 451/915/289
f 454/916/284 462/917/284 463/918/284 455/919/284
f 455/920/283 459/921/283 458/886/283 454/922/283
f 457/923/283 461/889/283 460/924/283 456/925/283
f 456/925/283 460/924/283 459/921/283 455/920/283
f 454/922/283 458/886/283 461/889/283 457/923/283
f 463/926/283 462/927/283 465/928/283 464/929/283
f 457/930/289 465/931/289 462/932/289 454/933/289
f 456/934/288 464/935/288 465/936/288 457/937/288
f 455/938/287 463/939/287 464/940/287 456/941/287
f 511/942/291 501/943/292 503/944/293 513/945/294
f 513/945/294 503/944/293 504/946/295 514/947/296
f 514/948/296 504/949/295 505/950/297 515/951/298
f 515/951/298 505/950/297 502/952/299 512/953/300
f 481/954/301 496/955/302 498/956/303 483/957/304
f 483/957/304 498/956/303 499/958/305 484/959/306
f 484/960/306 499/961/305 500/962/307 485/963/308
f 485/963/308 500/962/307 497/964/309 482/965/310
f 516/966/311 511/942/291 513/945/294 518/967/312
f 518/967/312 513/945/294 514/947/296 519/968/313
f 519/969/313 514/948/296 515/951/298 520/970/314
f 520/970/314 515/951/298 512/953/300 517/971/315
f 496/955/302 491/972/316 493/973/317 498/956/303
f 498/956/303 493/973/317 494/974/318 499/958/305
f 499/961/305 494/975/318 495/976/319 500/962/307
f 500/962/307 495/976/319 492/977/320 497/964/309
f 521/978/321 516/966/311 518/967/312 523/979/322
f 523/979/322 518/967/312 519/968/313 524/980/323
f 524/980/323 519/968/313 520/981/314 525/982/324
f 525/983/324 520/970/314 517/971/315 522/984/325
f 491/972/316 486/985/326 488/986/327 493/973/317
f 493/973/317 488/986/327 489/987/328 494/974/318
f 494/974/318 489/987/328 490/988/329 495/989/319
f 495/976/319 490/990/329 487/991/330 492/977/320
f 506/992/331 521/978/321 523/979/322 508/993/332
f 508/993/332 523/979/322 524/980/323 509/994/333
f 509/994/333 524/980/323 525/982/324 510/995/334
f 510/996/335 525/997/324 522/998/325 507/999/336
f 486/985/326 476/1000/337 478/1001/338 488/986/327
f 488/986/327 478/1001/338 479/1002/339 489/987/328
f 489/987/328 479/1002/339 480/1003/340 490/988/329
f 490/1004/329 480/1005/341 477/1006/342 487/1007/330
f 466/1008/343 481/954/301 483/957/304 468/1009/344
f 468/1009/344 483/957/304 484/959/306 469/1010/345
f 469/1011/345 484/960/306 485/963/308 470/1012/346
f 470/1012/346 485/963/308 482/965/310 467/1013/347
f 501/943/292 472/1014/348 475/1015/349 503/944/293
f 503/944/293 475/1015/349 474/1016/350 504/946/295
f 504/949/295 474/1017/350 473/1018/351 505/950/297
f 505/950/297 473/1018/351 471/1019/352 502/952/299
f 572/1020/353 562/1021/354 565/1022/355 575/1023/356
f 575/1023/356 565/1022/355 564/1024/357 574/1025/358
f 574/1026/358 564/1027/357 563/1028/359 573/1029/360
f 573/1029/360 563/1028/359 561/1030/361 571/1031/362
f 542/1032/363 557/1033/364 560/1034/365 545/1035/366
f 545/1035/366 560/1034/365 559/1036/367 544/1037/368
f 544/1038/368 559/1039/367 558/1040/369 543/1041/370
f 543/1041/370 558/1040/369 556/1042/371 541/1043/372
f 577/1044/373 572/1020/353 575/1023/356 580/1045/374
f 580/1045/374 575/1023/356 574/1025/358 579/1046/375
f 579/1047/375 574/1026/358 573/1029/360 578/1048/376
f 578/1048/376 573/1029/360 571/1031/362 576/1049/377
f 557/1033/364 552/1050/378 555/1051/379 560/1034/365
f 560/1034/365 555/1051/379 554/1052/380 559/1036/367
f 559/1039/367 554/1053/380 553/1054/381 558/1040/369
f 558/1040/369 553/1054/381 551/1055/382 556/1042/371
f 582/1056/383 577/1044/373 580/1045/374 585/1057/384
f 585/1058/384 580/1059/374 579/1047/375 584/1060/385
f 584/1060/385 579/1047/375 578/1048/376 583/1061/386
f 583/1061/386 578/1048/376 576/1049/377 581/1062/387
f 552/1050/378 547/1063/388 550/1064/389 555/1051/379
f 555/1065/379 550/1066/389 549/1067/390 554/1053/380
f 554/1053/380 549/1067/390 548/1068/391 553/1054/381
f 553/1054/381 548/1068/391 546/1069/392 551/1055/382
f 567/1070/393 582/1071/383 585/1072/384 570/1073/394
f 570/1074/395 585/1058/384 584/1060/385 569/1075/396
f 569/1075/396 584/1060/385 583/1061/386 568/1076/397
f 568/1076/397 583/1061/386 581/1062/387 566/1077/398
f 547/1078/388 537/1079/399 540/1080/400 550/1081/389
f 550/1066/389 540/1082/401 539/1083/402 549/1067/390
f 549/1067/390 539/1083/402 538/1084/403 548/1068/391
f 548/1068/391 538/1084/403 536/1085/404 546/1069/392
f 526/1086/405 542/1032/363 545/1035/366 528/1087/406
f 528/1087/406 545/1035/366 544/1037/368 529/1088/407
f 529/1089/407 544/1038/368 543/1041/370 530/1090/408
f 530/1090/408 543/1041/370 541/1043/372 527/1091/409
f 562/1021/354 532/1092/410 535/1093/411 565/1022/355
f 565/1022/355 535/1093/411 534/1094/412 564/1024/357
f 564/1027/357 534/1095/412 533/1096/413 563/1028/359
f 563/1028/359 533/1096/413 531/1097/414 561/1030/361
f 476/1000/337 536/1085/404 538/1084/403 478/1001/338
f 478/1001/338 538/1084/403 539/1083/402 479/1002/339
f 479/1002/339 539/1083/402 540/1082/401 480/1003/340
f 480/1005/341 540/1080/400 537/1079/399 477/1006/342
f 507/999/336 567/1070/393 570/1073/394 510/996/335
f 510/995/334 570/1074/395 569/1075/396 509/994/333
f 509/994/333 569/1075/396 568/1076/397 508/993/332
f 508/993/332 568/1076/397 566/1077/398 506/992/331
f 466/1098/283 468/1099/283 469/1100/283 470/1101/283 467/1102/283 471/1103/283 473/1104/283 474/1105/283 475/1106/283 472/1107/283 448/899/283 447/896/283
f 482/965/310 502/952/299 471/1019/352 467/1013/347
f 446/1108/284 458/1109/284 459/1110/284 527/1091/409 541/1043/372 556/1042/371 551/1055/382 546/1069/392 536/1085/404 476/1000/337 486/985/326 491/972/316 496/955/302 481/954/301 466/1008/343 447/1111/284
f 506/992/331 566/1077/398 581/1062/387 576/1049/377 571/1031/362 561/1030/361 531/1097/414 460/1112/288 461/1113/288 449/1114/288 448/1115/288 472/1014/348 501/943/292 511/942/291 516/966/311 521/978/321
f 522/998/325 487/1007/330 477/1006/342 507/999/336
f 477/1006/342 537/1079/399 567/1070/393 507/999/336
f 502/952/299 482/965/310 497/964/309 512/953/300
f 517/971/315 492/977/320 487/991/330 522/984/325
f 512/953/300 497/964/309 492/977/320 517/971/315
f 526/1116/283 528/1117/283 529/1118/283 530/1119/283 527/1120/283 459/921/283 460/924/283 531/1121/283 533/1122/283 534/1123/283 535/1124/283 532/1125/283
f 542/1032/363 526/1086/405 532/1092/410 562/1021/354
f 582/1071/383 567/1070/393 537/1079/399 547/1078/388
f 562/1021/354 572/1020/353 557/1033/364 542/1032/363
f 577/1044/373 582/1056/383 547/1063/388 552/1050/378
f 572/1020/353 577/1044/373 552/1050/378 557/1033/364
o latch_4
v -0.200000 0.511000 -0.017600
v -0.200000 0.511000 -0.624463
v -0.200000 0.814000 -0.017600
v 0.250000 0.511000 -0.017600
v 0.250000 0.511000 -0.624463
v 0.250000 0.814000 -0.017600
v 0.250000 0.814000 -0.685063
v -0.200000 0.814000 -0.685063
v -0.186200 0.814000 -0.669063
v -0.186200 0.814000 -0.033600
v 0.236200 0.814000 -0.033600
v 0.236200 0.814000 -0.669063
v -0.186200 0.534000 -0.609063
v -0.186200 0.534000 -0.033600
v 0.236200 0.534000 -0.609063
v 0.236200 0.534000 -0.033600
v 0.260000 0.658900 -0.278306
v 0.260000 0.658900 -0.271556
v 0.260000 0.666100 -0.271556
v 0.260000 0.666100 -0.278306
v 0.260000 0.652500 -0.285181
v 0.260000 0.652500 -0.264681
v 0.260000 0.672500 -0.264681
v 0.260000 0.672500 -0.285181
v 0.250000 0.658900 -0.278306
v 0.250000 0.658900 -0.271556
v 0.250000 0.666100 -0.271556
v 0.250000 0.666100 -0.278306
v 0.260000 0.658900 -0.394056
v 0.260000 0.658900 -0.400806
v 0.260000 0.666100 -0.400806
v 0.260000 0.666100 -0.394056
v 0.260000 0.652500 -0.387181
v 0.260000 0.652500 -0.407681
v 0.260000 0.672500 -0.407681
v 0.260000 0.672500 -0.387181
v 0.250000 0.658900 -0.394056
v 0.250000 0.658900 -0.400806
v 0.250000 0.666100 -0.400806
v 0.250000 0.666100 -0.394056
v 0.260000 0.652500 -0.241685
v 0.260000 0.657500 -0.233681
v 0.260000 0.652881 -0.238622
v 0.260000 0.653964 -0.236026
v 0.260000 0.655587 -0.234291
v 0.260000 0.667500 -0.233681
v 0.260000 0.672500 -0.241685
v 0.260000 0.669413 -0.234291
v 0.260000 0.671036 -0.236026
v 0.260000 0.672119 -0.238622
v 0.275000 0.652500 -0.270483
v 0.280000 0.657500 -0.270053
v 0.276913 0.652881 -0.270319
v 0.278535 0.653964 -0.270179
v 0.279619 0.655587 -0.270086
v 0.266380 0.652500 -0.248066
v 0.269772 0.657500 -0.243454
v 0.267678 0.652881 -0.246301
v 0.268779 0.653964 -0.244805
v 0.269514 0.655587 -0.243805
v 0.274342 0.652500 -0.264534
v 0.279221 0.657500 -0.263010
v 0.276209 0.652881 -0.263951
v 0.277792 0.653964 -0.263456
v 0.278850 0.655587 -0.263126
v 0.272477 0.652500 -0.258201
v 0.277004 0.657500 -0.255481
v 0.274210 0.652881 -0.257160
v 0.275678 0.653964 -0.256278
v 0.276660 0.655587 -0.255688
v 0.269686 0.652500 -0.252424
v 0.273686 0.657500 -0.248614
v 0.271217 0.652881 -0.250966
v 0.272514 0.653964 -0.249730
v 0.273382 0.655587 -0.248904
v 0.266380 0.672500 -0.248066
v 0.269772 0.667500 -0.243454
v 0.267678 0.672119 -0.246301
v 0.268779 0.671036 -0.244805
v 0.269514 0.669413 -0.243805
v 0.275000 0.672500 -0.270483
v 0.280000 0.667500 -0.270053
v 0.276913 0.672119 -0.270319
v 0.278535 0.671036 -0.270179
v 0.279619 0.669413 -0.270086
v 0.269686 0.672500 -0.252424
v 0.273686 0.667500 -0.248614
v 0.271217 0.672119 -0.250966
v 0.272514 0.671036 -0.249730
v 0.273382 0.669413 -0.248904
v 0.272477 0.672500 -0.258201
v 0.277004 0.667500 -0.255481
v 0.274210 0.672119 -0.257160
v 0.275678 0.671036 -0.256278
v 0.276660 0.669413 -0.255688
v 0.274342 0.672500 -0.264534
v 0.279221 0.667500 -0.263010
v 0.276209 0.672119 -0.263951
v 0.277792 0.671036 -0.263456
v 0.278850 0.669413 -0.263126
v 0.260000 0.657500 -0.438681
v 0.260000 0.652500 -0.430678
v 0.260000 0.655587 -0.438072
v 0.260000 0.653964 -0.436337
v 0.260000 0.652881 -0.433741
v 0.260000 0.672500 -0.430678
v 0.260000 0.667500 -0.438681
v 0.260000 0.672119 -0.433741
v 0.260000 0.671036 -0.436337
v 0.260000 0.669413 -0.438072
v 0.275000 0.652500 -0.401880
v 0.280000 0.657500 -0.402310
v 0.276913 0.652881 -0.402044
v 0.278535 0.653964 -0.402184
v 0.279619 0.655587 -0.402277
v 0.266380 0.652500 -0.424297
v 0.269772 0.657500 -0.428909
v 0.267678 0.652881 -0.426062
v 0.268779 0.653964 -0.427558
v 0.269514 0.655587 -0.428558
v 0.274342 0.652500 -0.407829
v 0.279221 0.657500 -0.409353
v 0.276209 0.652881 -0.408412
v 0.277792 0.653964 -0.408907
v 0.278850 0.655587 -0.409237
v 0.272477 0.652500 -0.414162
v 0.277004 0.657500 -0.416882
v 0.274210 0.652881 -0.415203
v 0.275678 0.653964 -0.416085
v 0.276660 0.655587 -0.416675
v 0.269686 0.652500 -0.419939
v 0.273686 0.657500 -0.423749
v 0.271217 0.652881 -0.421397
v 0.272515 0.653964 -0.422633
v 0.273382 0.655587 -0.423459
v 0.266380 0.672500 -0.424297
v 0.269772 0.667500 -0.428909
v 0.267678 0.672119 -0.426062
v 0.268779 0.671036 -0.427558
v 0.269514 0.669413 -0.428558
v 0.275000 0.672500 -0.401880
v 0.280000 0.667500 -0.402310
v 0.276913 0.672119 -0.402044
v 0.278535 0.671036 -0.402184
v 0.279619 0.669413 -0.402277
v 0.269686 0.672500 -0.419939
v 0.273686 0.667500 -0.423749
v 0.271217 0.672119 -0.421397
v 0.272515 0.671036 -0.422633
v 0.273382 0.669413 -0.423459
v 0.272477 0.672500 -0.414162
v 0.277004 0.667500 -0.416882
v 0.274210 0.672119 -0.415203
v 0.275678 0.671036 -0.416085
v 0.276660 0.669413 -0.416675
v 0.274342 0.672500 -0.407829
v 0.279221 0.667500 -0.409353
v 0.276209 0.672119 -0.408412
v 0.277792 0.671036 -0.408907
v 0.278850 0.669413 -0.409237
vn -1.0000 -0.0000 -0.0000
vn -0.0000 -1.0000 -0.0000
vn -0.0000 -0.0000 1.0000
vn 1.0000 -0.0000 -0.0000
vn -0.0000 -0.1961 -0.9806
vn -0.0000 1.0000 -0.0000
vn -0.0000 0.2095 0.9778
vn -0.0000 -0.0000 -1.0000
vn 0.0790 0.9954 0.0535
vn 0.0655 0.9960 0.0611
vn 0.2612 0.9366 0.2336
vn 0.3107 0.9297 0.1978
vn 0.5045 0.7437 0.4387
vn 0.5873 0.7261 0.3574
vn 0.6901 0.4188 0.5902
vn 0.7895 0.4012 0.4645
vn 0.7548 0.1092 0.6468
vn 0.8574 0.1050 0.5038
vn 0.0655 -0.9960 0.0611
vn 0.0790 -0.9954 0.0535
vn 0.3107 -0.9297 0.1978
vn 0.2612 -0.9366 0.2336
vn 0.5873 -0.7261 0.3574
vn 0.5045 -0.7436 0.4387
vn 0.7895 -0.4012 0.4645
vn 0.6901 -0.4188 0.5902
vn 0.8574 -0.1050 0.5038
vn 0.7548 -0.1092 0.6468
vn 0.0933 0.9949 0.0395
vn 0.3599 0.9218 0.1445
vn 0.6613 0.7055 0.2551
vn 0.8671 0.3799 0.3222
vn 0.9334 0.1003 0.3445
vn 0.0933 -0.9949 0.0395
vn 0.3599 -0.9218 0.1445
vn 0.6613 -0.7055 0.2551
vn 0.8671 -0.3799 0.3222
vn 0.9334 -0.1003 0.3445
vn 0.1069 0.9940 0.0239
vn 0.3998 0.9127 0.0843
vn 0.7147 0.6845 0.1437
vn 0.9177 0.3569 0.1746
vn 0.9785 0.0959 0.1827
vn 0.1069 -0.9940 0.0239
vn 0.3999 -0.9127 0.0843
vn 0.7147 -0.6845 0.1437
vn 0.9177 -0.3569 0.1746
vn 0.9785 -0.0959 0.1827
vn 0.1087 0.9941 0.0065
vn 0.4104 0.9116 0.0235
vn 0.7332 0.6788 0.0407
vn 0.8296 0.5567 0.0416
vn 0.9792 0.1957 0.0544
vn 0.9942 0.0939 0.0525
vn 0.1087 -0.9941 0.0065
vn 0.4104 -0.9116 0.0235
vn 0.7332 -0.6788 0.0407
vn 0.8296 -0.5568 0.0416
vn 0.9792 -0.1957 0.0544
vn 0.9942 -0.0939 0.0525
vn 0.0730 -0.9947 0.0730
vn 0.2635 -0.9280 0.2635
vn 0.4814 -0.7324 0.4814
vn 0.6446 -0.4111 0.6446
vn 0.7029 -0.1088 0.7029
vn 0.0730 0.9947 0.0730
vn 0.2635 0.9280 0.2635
vn 0.4814 0.7324 0.4814
vn 0.6446 0.4111 0.6446
vn 0.7029 0.1088 0.7029
vn 0.8574 0.1050 -0.5038
vn 0.7548 0.1092 -0.6468
vn 0.6901 0.4188 -0.5902
vn 0.7895 0.4012 -0.4645
vn 0.5045 0.7437 -0.4387
vn 0.5873 0.7261 -0.3574
vn 0.2612 0.9366 -0.2336
vn 0.3107 0.9297 -0.1978
vn 0.0655 0.9960 -0.0611
vn 0.0790 0.9954 -0.0535
vn 0.7548 -0.1092 -0.6468
vn 0.8574 -0.1050 -0.5038
vn 0.7895 -0.4012 -0.4645
vn 0.6901 -0.4188 -0.5902
vn 0.5873 -0.7261 -0.3574
vn 0.5045 -0.7437 -0.4387
vn 0.3107 -0.9297 -0.1978
vn 0.2612 -0.9366 -0.2336
vn 0.0790 -0.9954 -0.0535
vn 0.0655 -0.9960 -0.0611
vn 0.9334 0.1003 -0.3445
vn 0.8671 0.3799 -0.3222
vn 0.6613 0.7055 -0.2551
vn 0.3598 0.9218 -0.1445
vn 0.0933 0.9949 -0.0395
vn 0.9334 -0.1003 -0.3445
vn 0.8671 -0.3799 -0.3222
vn 0.6613 -0.7055 -0.2551
vn 0.3599 -0.9217 -0.1445
vn 0.0933 -0.9949 -0.0395
vn 0.9785 0.0959 -0.1827
vn 0.9177 0.3569 -0.1746
vn 0.7147 0.6845 -0.1437
vn 0.3998 0.9127 -0.0843
vn 0.1069 0.9940 -0.0239
vn 0.9785 -0.0959 -0.1827
vn 0.9177 -0.3569 -0.1746
vn 0.7147 -0.6845 -0.1437
vn 0.3998 -0.9127 -0.0843
vn 0.1069 -0.9940 -0.0239
vn 0.9942 0.0939 -0.0525
vn 0.9792 0.1957 -0.0544
vn 0.8296 0.5567 -0.0416
vn 0.7332 0.6788 -0.0407
vn 0.4104 0.9116 -0.0235
vn 0.1087 0.9941 -0.0065
vn 0.9942 -0.0939 -0.0525
vn 0.9792 -0.1957 -0.0544
vn 0.8296 -0.5567 -0.0416
vn 0.7332 -0.6788 -0.0407
vn 0.4104 -0.9116 -0.0235
vn 0.1087 -0.9941 -0.0065
vn 0.7029 -0.1088 -0.7029
vn 0.6446 -0.4111 -0.6446
vn 0.4814 -0.7324 -0.4814
vn 0.2635 -0.9280 -0.2635
vn 0.0730 -0.9947 -0.0730
vn 0.7029 0.1088 -0.7029
vn 0.6446 0.4111 -0.6446
vn 0.4814 0.7324 -0.4814
vn 0.2635 0.9280 -0.2635
vn 0.0730 0.9947 -0.0730
vt 0.052862 0.934930
vt 0.007727 0.934930
vt 0.007727 0.872790
vt 0.052862 0.878432
vt 0.702750 0.603846
vt 0.646251 0.603846
vt 0.646251 0.471178
vt 0.702750 0.471178
vt 0.007727 0.649092
vt 0.052858 0.649230
vt 0.052858 0.779422
vt 0.007727 0.779285
vt 0.477873 0.892607
vt 0.477873 0.949106
vt 0.432739 0.954748
vt 0.432739 0.892607
vt 0.919780 0.518602
vt 0.919780 0.459441
vt 0.961489 0.465027
vt 0.961489 0.518602
vt 0.298194 0.764768
vt 0.252995 0.765985
vt 0.252995 0.635792
vt 0.298194 0.634575
vt 0.336556 0.471178
vt 0.398696 0.471178
vt 0.397207 0.475258
vt 0.338045 0.475258
vt 0.398696 0.604224
vt 0.397207 0.600144
vt 0.336556 0.604224
vt 0.338045 0.600144
vt 0.336556 0.619679
vt 0.390131 0.619679
vt 0.390131 0.744566
vt 0.336556 0.744566
vt 0.779000 0.295554
vt 0.779000 0.173347
vt 0.820777 0.172141
vt 0.820777 0.294348
vt 0.831787 0.443867
vt 0.831787 0.321660
vt 0.873492 0.321778
vt 0.873492 0.443986
vt 0.915839 0.144484
vt 0.915839 0.085323
vt 0.957547 0.085323
vt 0.957547 0.138898
vt 0.626462 0.795094
vt 0.626462 0.804591
vt 0.623483 0.804591
vt 0.623483 0.795094
vt 0.024255 0.968735
vt 0.024883 0.968735
vt 0.024883 0.971684
vt 0.024255 0.971684
vt 0.625509 0.805859
vt 0.625509 0.805231
vt 0.626462 0.806499
vt 0.624436 0.805231
vt 0.624436 0.805859
vt 0.623483 0.806499
vt 0.970927 0.304621
vt 0.970927 0.303549
vt 0.971556 0.303549
vt 0.971556 0.304621
vt 0.941792 0.398176
vt 0.942864 0.398179
vt 0.942864 0.401072
vt 0.941792 0.401069
vt 0.958948 0.419544
vt 0.958319 0.419544
vt 0.958319 0.416588
vt 0.958948 0.416587
vt 0.480545 0.817970
vt 0.479472 0.817967
vt 0.479472 0.815074
vt 0.480545 0.815077
vt 0.971556 0.266743
vt 0.971556 0.269691
vt 0.970927 0.269691
vt 0.970927 0.266743
vt 0.625509 0.793826
vt 0.626462 0.793186
vt 0.625509 0.794454
vt 0.624436 0.794454
vt 0.623483 0.793186
vt 0.624436 0.793826
vt 0.084555 0.972943
vt 0.083926 0.972943
vt 0.083926 0.971870
vt 0.084555 0.971870
vt 0.479472 0.781265
vt 0.479472 0.778371
vt 0.480545 0.778375
vt 0.480545 0.781268
vt 0.385971 0.966922
vt 0.385971 0.963966
vt 0.386600 0.963966
vt 0.386600 0.966922
vt 0.317592 0.941571
vt 0.317592 0.944464
vt 0.316520 0.944461
vt 0.316520 0.941568
vt 0.147376 0.652015
vt 0.146398 0.651609
vt 0.146789 0.651445
vt 0.147835 0.651879
vt 0.147134 0.651305
vt 0.148239 0.651764
vt 0.822678 0.147743
vt 0.822678 0.148933
vt 0.822434 0.148743
vt 0.822434 0.147511
vt 0.822148 0.148676
vt 0.822148 0.147429
vt 0.146393 0.736223
vt 0.147368 0.735817
vt 0.147827 0.735953
vt 0.146784 0.736387
vt 0.148233 0.736068
vt 0.147132 0.736527
vt 0.820135 0.148937
vt 0.820135 0.147747
vt 0.820375 0.147514
vt 0.820374 0.148747
vt 0.820659 0.147432
vt 0.820659 0.148679
vt 0.148201 0.652552
vt 0.148720 0.652456
vt 0.149174 0.652373
vt 0.822680 0.146682
vt 0.822437 0.146412
vt 0.822151 0.146317
vt 0.148190 0.735280
vt 0.148709 0.735377
vt 0.149166 0.735459
vt 0.820138 0.146687
vt 0.820377 0.146415
vt 0.820662 0.146320
vt 0.148752 0.653142
vt 0.149311 0.653088
vt 0.149799 0.653042
vt 0.149494 0.652319
vt 0.150142 0.653011
vt 0.822442 0.145613
vt 0.822156 0.145508
vt 0.148740 0.734690
vt 0.149299 0.734744
vt 0.149789 0.734790
vt 0.150135 0.734821
vt 0.149490 0.735514
vt 0.820382 0.145616
vt 0.820667 0.145511
vt 0.148947 0.653696
vt 0.149519 0.653681
vt 0.150019 0.653668
vt 0.150369 0.653659
vt 0.153589 0.889630
vt 0.153589 0.888982
vt 0.153874 0.888971
vt 0.153874 0.889627
vt 0.148934 0.734136
vt 0.149506 0.734151
vt 0.150008 0.734164
vt 0.150362 0.734173
vt 0.155649 0.888982
vt 0.155649 0.889630
vt 0.155364 0.889627
vt 0.155364 0.888971
vt 0.144512 0.736817
vt 0.144520 0.737102
vt 0.144543 0.737344
vt 0.820138 0.151672
vt 0.820377 0.151711
vt 0.820662 0.151724
vt 0.144512 0.651015
vt 0.144519 0.650730
vt 0.144539 0.650488
vt 0.822680 0.151668
vt 0.822437 0.151707
vt 0.822151 0.151721
vt 0.547749 0.924246
vt 0.547749 0.922999
vt 0.548034 0.922932
vt 0.548033 0.924164
vt 0.548273 0.922741
vt 0.548273 0.923931
vt 0.148239 0.667861
vt 0.147134 0.668320
vt 0.146789 0.668180
vt 0.147835 0.667746
vt 0.146398 0.668016
vt 0.147376 0.667610
vt 0.546260 0.923002
vt 0.546260 0.924249
vt 0.545974 0.924168
vt 0.545974 0.922935
vt 0.545730 0.923936
vt 0.545730 0.922745
vt 0.147132 0.719513
vt 0.148233 0.719971
vt 0.147827 0.720086
vt 0.146784 0.719652
vt 0.147368 0.720222
vt 0.146393 0.719816
vt 0.547747 0.925359
vt 0.548031 0.925263
vt 0.548271 0.924992
vt 0.149174 0.667251
vt 0.148720 0.667169
vt 0.148201 0.667072
vt 0.546257 0.925361
vt 0.545971 0.925267
vt 0.545728 0.924996
vt 0.149166 0.720581
vt 0.148709 0.720663
vt 0.148190 0.720760
vt 0.547742 0.926168
vt 0.548026 0.926062
vt 0.150142 0.666614
vt 0.149494 0.667306
vt 0.149799 0.666583
vt 0.149311 0.666537
vt 0.148752 0.666483
vt 0.546252 0.926170
vt 0.545967 0.926066
vt 0.149490 0.720526
vt 0.150135 0.721218
vt 0.149789 0.721249
vt 0.149299 0.721295
vt 0.148740 0.721349
vt 0.153874 0.901940
vt 0.153874 0.902595
vt 0.153589 0.902585
vt 0.153589 0.901937
vt 0.150369 0.665966
vt 0.150019 0.665957
vt 0.149519 0.665944
vt 0.148947 0.665929
vt 0.155364 0.902595
vt 0.155364 0.901940
vt 0.155649 0.901937
vt 0.155649 0.902585
vt 0.150362 0.721866
vt 0.150008 0.721875
vt 0.149506 0.721888
vt 0.148934 0.721903
vt 0.546257 0.919958
vt 0.545971 0.919972
vt 0.545728 0.920010
vt 0.144543 0.718695
vt 0.144520 0.718937
vt 0.144512 0.719222
vt 0.547746 0.919955
vt 0.548031 0.919968
vt 0.548271 0.920006
vt 0.144539 0.669137
vt 0.144519 0.668895
vt 0.144512 0.668610
vt 0.626462 0.808640
vt 0.626406 0.808925
vt 0.626244 0.809167
vt 0.626002 0.809329
vt 0.625717 0.809385
vt 0.624228 0.809385
vt 0.623943 0.809329
vt 0.623701 0.809167
vt 0.623540 0.808925
vt 0.623483 0.808640
vt 0.144512 0.732768
vt 0.144512 0.723272
vt 0.144512 0.721363
vt 0.144512 0.734676
vt 0.144512 0.666469
vt 0.144512 0.664560
vt 0.144512 0.655064
vt 0.144512 0.653156
vt 0.625717 0.790300
vt 0.626002 0.790357
vt 0.626244 0.790518
vt 0.626406 0.790760
vt 0.626462 0.791045
vt 0.623483 0.791045
vt 0.623540 0.790760
vt 0.623701 0.790518
vt 0.623943 0.790357
vt 0.624228 0.790300
s 1
usemtl dresser
f 586/1126/415 588/1127/415 593/1128/415 587/1129/415
f 586/1130/416 587/1131/416 590/1132/416 589/1133/416
f 588/1134/417 586/1135/417 589/1136/417 591/1137/417
f 589/1138/418 590/1139/418 592/1140/418 591/1141/418
f 596/1142/415 597/1143/415 600/1144/415 601/1145/415
f 587/1146/419 593/1147/419 592/1148/419 590/1149/419
f 593/1150/420 588/1151/420 595/1152/420 594/1153/420
f 588/1151/420 591/1154/420 596/1155/420 595/1152/420
f 591/1154/420 592/1156/420 597/1157/420 596/1155/420
f 592/1156/420 593/1150/420 594/1153/420 597/1157/420
f 598/1158/420 599/1159/420 601/1160/420 600/1161/420
f 597/1162/421 594/1163/421 598/1164/421 600/1165/421
f 595/1166/422 596/1167/422 601/1168/422 599/1169/422
f 594/1170/418 595/1171/418 599/1172/418 598/1173/418
f 618/1174/415 606/1175/415 609/1176/415 621/1177/415
f 602/1178/416 603/1179/416 611/1180/416 610/1181/416
f 603/1182/415 602/1183/415 606/1175/415 607/1184/415
f 605/1185/415 604/1186/415 608/1187/415 609/1176/415
f 604/1186/415 603/1182/415 607/1184/415 608/1187/415
f 602/1183/415 605/1185/415 609/1176/415 606/1175/415
f 611/1188/415 612/1189/415 613/1190/415 610/1191/415
f 605/1192/422 602/1193/422 610/1194/422 613/1195/422
f 604/1196/420 605/1197/420 613/1198/420 612/1199/420
f 603/1200/417 604/1201/417 612/1202/417 611/1203/417
f 614/1204/416 622/1205/416 623/1206/416 615/1207/416
f 615/1208/415 619/1209/415 618/1174/415 614/1210/415
f 617/1211/415 621/1177/415 620/1212/415 616/1213/415
f 616/1213/415 620/1212/415 619/1209/415 615/1208/415
f 614/1210/415 618/1174/415 621/1177/415 617/1211/415
f 623/1214/415 622/1215/415 625/1216/415 624/1217/415
f 617/1218/417 625/1219/417 622/1220/417 614/1221/417
f 616/1222/420 624/1223/420 625/1224/420 617/1225/420
f 615/1226/422 623/1227/422 624/1228/422 616/1229/422
f 671/1230/423 661/1231/424 663/1232/425 673/1233/426
f 673/1233/426 663/1232/425 664/1234/427 674/1235/428
f 674/1236/428 664/1237/427 665/1238/429 675/1239/430
f 675/1239/430 665/1238/429 662/1240/431 672/1241/432
f 641/1242/433 656/1243/434 658/1244/435 643/1245/436
f 643/1245/436 658/1244/435 659/1246/437 644/1247/438
f 644/1248/438 659/1249/437 660/1250/439 645/1251/440
f 645/1251/440 660/1250/439 657/1252/441 642/1253/442
f 676/1254/443 671/1230/423 673/1233/426 678/1255/444
f 678/1255/444 673/1233/426 674/1235/428 679/1256/445
f 679/1257/445 674/1236/428 675/1239/430 680/1258/446
f 680/1258/446 675/1239/430 672/1241/432 677/1259/447
f 656/1243/434 651/1260/448 653/1261/449 658/1244/435
f 658/1244/435 653/1261/449 654/1262/450 659/1246/437
f 659/1249/437 654/1263/450 655/1264/451 660/1250/439
f 660/1250/439 655/1264/451 652/1265/452 657/1252/441
f 681/1266/453 676/1254/443 678/1255/444 683/1267/454
f 683/1267/454 678/1255/444 679/1256/445 684/1268/455
f 684/1268/455 679/1256/445 680/1269/446 685/1270/456
f 685/1271/456 680/1258/446 677/1259/447 682/1272/457
f 651/1260/448 646/1273/458 648/1274/459 653/1261/449
f 653/1261/449 648/1274/459 649/1275/460 654/1262/450
f 654/1262/450 649/1275/460 650/1276/461 655/1277/451
f 655/1264/451 650/1278/461 647/1279/462 652/1265/452
f 666/1280/463 681/1266/453 683/1267/454 668/1281/464
f 668/1281/464 683/1267/454 684/1268/455 669/1282/465
f 669/1282/465 684/1268/455 685/1270/456 670/1283/466
f 670/1284/467 685/1285/456 682/1286/457 667/1287/468
f 646/1273/458 636/1288/469 638/1289/470 648/1274/459
f 648/1274/459 638/1289/470 639/1290/471 649/1275/460
f 649/1275/460 639/1290/471 640/1291/472 650/1276/461
f 650/1292/461 640/1293/473 637/1294/474 647/1295/462
f 626/1296/475 641/1242/433 643/1245/436 628/1297/476
f 628/1297/476 643/1245/436 644/1247/438 629/1298/477
f 629/1299/477 644/1248/438 645/1251/440 630/1300/478
f 630/1300/478 645/1251/440 642/1253/442 627/1301/479
f 661/1231/424 632/1302/480 635/1303/481 663/1232/425
f 663/1232/425 635/1303/481 634/1304/482 664/1234/427
f 664/1237/427 634/1305/482 633/1306/483 665/1238/429
f 665/1238/429 633/1306/483 631/1307/484 662/1240/431
f 732/1308/485 722/1309/486 725/1310/487 735/1311/488
f 735/1311/488 725/1310/487 724/1312/489 734/1313/490
f 734/1314/490 724/1315/489 723/1316/491 733/1317/492
f 733/1317/492 723/1316/491 721/1318/493 731/1319/494
f 702/1320/495 717/1321/496 720/1322/497 705/1323/498
f 705/1323/498 720/1322/497 719/1324/499 704/1325/500
f 704/1326/500 719/1327/499 718/1328/501 703/1329/502
f 703/1329/502 718/1328/501 716/1330/503 701/1331/504
f 737/1332/505 732/1308/485 735/1311/488 740/1333/506
f 740/1333/506 735/1311/488 734/1313/490 739/1334/507
f 739/1335/507 734/1314/490 733/1317/492 738/1336/508
f 738/1336/508 733/1317/492 731/1319/494 736/1337/509
f 717/1321/496 712/1338/510 715/1339/511 720/1322/497
f 720/1322/497 715/1339/511 714/1340/512 719/1324/499
f 719/1327/499 714/1341/512 713/1342/513 718/1328/501
f 718/1328/501 713/1342/513 711/1343/514 716/1330/503
f 742/1344/515 737/1332/505 740/1333/506 745/1345/516
f 745/1346/516 740/1347/506 739/1335/507 744/1348/517
f 744/1348/517 739/1335/507 738/1336/508 743/1349/518
f 743/1349/518 738/1336/508 736/1337/509 741/1350/519
f 712/1338/510 707/1351/520 710/1352/521 715/1339/511
f 715/1353/511 710/1354/521 709/1355/522 714/1341/512
f 714/1341/512 709/1355/522 708/1356/523 713/1342/513
f 713/1342/513 708/1356/523 706/1357/524 711/1343/514
f 727/1358/525 742/1359/515 745/1360/516 730/1361/526
f 730/1362/527 745/1346/516 744/1348/517 729/1363/528
f 729/1363/528 744/1348/517 743/1349/518 728/1364/529
f 728/1364/529 743/1349/518 741/1350/519 726/1365/530
f 707/1366/520 697/1367/531 700/1368/532 710/1369/521
f 710/1354/521 700/1370/533 699/1371/534 709/1355/522
f 709/1355/522 699/1371/534 698/1372/535 708/1356/523
f 708/1356/523 698/1372/535 696/1373/536 706/1357/524
f 686/1374/537 702/1320/495 705/1323/498 688/1375/538
f 688/1375/538 705/1323/498 704/1325/500 689/1376/539
f 689/1377/539 704/1326/500 703/1329/502 690/1378/540
f 690/1378/540 703/1329/502 701/1331/504 687/1379/541
f 722/1309/486 692/1380/542 695/1381/543 725/1310/487
f 725/1310/487 695/1381/543 694/1382/544 724/1312/489
f 724/1315/489 694/1383/544 693/1384/545 723/1316/491
f 723/1316/491 693/1384/545 691/1385/546 721/1318/493
f 636/1288/469 696/1373/536 698/1372/535 638/1289/470
f 638/1289/470 698/1372/535 699/1371/534 639/1290/471
f 639/1290/471 699/1371/534 700/1370/533 640/1291/472
f 640/1293/473 700/1368/532 697/1367/531 637/1294/474
f 667/1287/468 727/1358/525 730/1361/526 670/1284/467
f 670/1283/466 730/1362/527 729/1363/528 669/1282/465
f 669/1282/465 729/1363/528 728/1364/529 668/1281/464
f 668/1281/464 728/1364/529 726/1365/530 666/1280/463
f 626/1386/415 628/1387/415 629/1388/415 630/1389/415 627/1390/415 631/1391/415 633/1392/415 634/1393/415 635/1394/415 632/1395/415 608/1187/415 607/1184/415
f 642/1253/442 662/1240/431 631/1307/484 627/1301/479
f 606/1396/416 618/1397/416 619/1398/416 687/1379/541 701/1331/504 716/1330/503 711/1343/514 706/1357/524 696/1373/536 636/1288/469 646/1273/458 651/1260/448 656/1243/434 641/1242/433 626/1296/475 607/1399/416
f 666/1280/463 726/1365/530 741/1350/519 736/1337/509 731/1319/494 721/1318/493 691/1385/546 620/1400/420 621/1401/420 609/1402/420 608/1403/420 632/1302/480 661/1231/424 671/1230/423 676/1254/443 681/1266/453
f 682/1286/457 647/1295/462 637/1294/474 667/1287/468
f 637/1294/474 697/1367/531 727/1358/525 667/1287/468
f 662/1240/431 642/1253/442 657/1252/441 672/1241/432
f 677/1259/447 652/1265/452 647/1279/462 682/1272/457
f 672/1241/432 657/1252/441 652/1265/452 677/1259/447
f 686/1404/415 688/1405/415 689/1406/415 690/1407/415 687/1408/415 619/1209/415 620/1212/415 691/1409/415 693/1410/415 694/1411/415 695/1412/415 692/1413/415
f 702/1320/495 686/1374/537 692/1380/542 722/1309/486
f 742/1359/515 727/1358/525 697/1367/531 707/1366/520
f 722/1309/486 732/1308/485 717/1321/496 702/1320/495
f 737/1332/505 742/1344/515 707/1351/520 712/1338/510
f 732/1308/485 737/1332/505 712/1338/510 717/1321/496
o latch_6
v -0.177275 0.489000 -0.041600
v -0.177275 0.489000 -0.600463
v -0.200000 0.261000 -0.017600
v 0.227275 0.489000 -0.041600
v 0.227275 0.489000 -0.600463
v 0.250000 0.261000 -0.017600
v 0.250000 0.261000 -0.670063
v -0.200000 0.261000 -0.670063
v -0.200000 0.489000 -0.017600
v -0.200000 0.489000 -0.624463
v 0.250000 0.489000 -0.017600
v 0.250000 0.489000 -0.624463
v -0.177275 0.279000 -0.041600
v -0.177275 0.279000 -0.635463
v 0.227275 0.279000 -0.041600
v 0.227275 0.279000 -0.635463
v 0.260000 0.371400 -0.274557
v 0.260000 0.371400 -0.267807
v 0.260000 0.378600 -0.267807
v 0.260000 0.378600 -0.274557
v 0.260000 0.365000 -0.281432
v 0.260000 0.365000 -0.260932
v 0.260000 0.385000 -0.260932
v 0.260000 0.385000 -0.281432
v 0.250000 0.371400 -0.274557
v 0.250000 0.371400 -0.267807
v 0.250000 0.378600 -0.267807
v 0.250000 0.378600 -0.274557
v 0.260000 0.371400 -0.390307
v 0.260000 0.371400 -0.397056
v 0.260000 0.378600 -0.397056
v 0.260000 0.378600 -0.390307
v 0.260000 0.365000 -0.383431
v 0.260000 0.365000 -0.403931
v 0.260000 0.385000 -0.403931
v 0.260000 0.385000 -0.383431
v 0.250000 0.371400 -0.390307
v 0.250000 0.371400 -0.397056
v 0.250000 0.378600 -0.397056
v 0.250000 0.378600 -0.390307
v 0.260000 0.365000 -0.237935
v 0.260000 0.370000 -0.229932
v 0.260000 0.365381 -0.234872
v 0.260000 0.366464 -0.232276
v 0.260000 0.368087 -0.230541
v 0.260000 0.380000 -0.229932
v 0.260000 0.385000 -0.237935
v 0.260000 0.381913 -0.230541
v 0.260000 0.383535 -0.232276
v 0.260000 0.384619 -0.234872
v 0.275000 0.365000 -0.266733
v 0.280000 0.370000 -0.266303
v 0.276913 0.365381 -0.266569
v 0.278535 0.366464 -0.266429
v 0.279619 0.368087 -0.266336
v 0.266380 0.365000 -0.244316
v 0.269772 0.370000 -0.239704
v 0.267678 0.365381 -0.242551
v 0.268779 0.366464 -0.241055
v 0.269514 0.368087 -0.240055
v 0.274342 0.365000 -0.260784
v 0.279221 0.370000 -0.259260
v 0.276209 0.365381 -0.260201
v 0.277792 0.366464 -0.259706
v 0.278850 0.368087 -0.259376
v 0.272477 0.365000 -0.254451
v 0.277004 0.370000 -0.251731
v 0.274210 0.365381 -0.253410
v 0.275678 0.366464 -0.252528
v 0.276660 0.368087 -0.251938
v 0.269686 0.365000 -0.248674
v 0.273686 0.370000 -0.244864
v 0.271217 0.365381 -0.247216
v 0.272515 0.366464 -0.245980
v 0.273382 0.368087 -0.245154
v 0.266380 0.385000 -0.244316
v 0.269772 0.380000 -0.239704
v 0.267678 0.384619 -0.242551
v 0.268779 0.383535 -0.241055
v 0.269514 0.381913 -0.240055
v 0.275000 0.385000 -0.266733
v 0.280000 0.380000 -0.266303
v 0.276913 0.384619 -0.266569
v 0.278535 0.383535 -0.266429
v 0.279619 0.381913 -0.266336
v 0.269686 0.385000 -0.248674
v 0.273686 0.380000 -0.244864
v 0.271217 0.384619 -0.247216
v 0.272515 0.383535 -0.245980
v 0.273382 0.381913 -0.245154
v 0.272477 0.385000 -0.254451
v 0.277004 0.380000 -0.251731
v 0.274210 0.384619 -0.253410
v 0.275678 0.383535 -0.252528
v 0.276660 0.381913 -0.251938
v 0.274342 0.385000 -0.260784
v 0.279221 0.380000 -0.259260
v 0.276209 0.384619 -0.260201
v 0.277792 0.383535 -0.259706
v 0.278850 0.381913 -0.259376
v 0.260000 0.370000 -0.434932
v 0.260000 0.365000 -0.426928
v 0.260000 0.368087 -0.434322
v 0.260000 0.366464 -0.432587
v 0.260000 0.365381 -0.429991
v 0.260000 0.385000 -0.426928
v 0.260000 0.380000 -0.434932
v 0.260000 0.384619 -0.429991
v 0.260000 0.383535 -0.432587
v 0.260000 0.381913 -0.434322
v 0.275000 0.365000 -0.398130
v 0.280000 0.370000 -0.398560
v 0.276913 0.365381 -0.398294
v 0.278535 0.366464 -0.398434
v 0.279619 0.368087 -0.398527
v 0.266380 0.365000 -0.420547
v 0.269772 0.370000 -0.425159
v 0.267678 0.365381 -0.422312
v 0.268779 0.366464 -0.423808
v 0.269514 0.368087 -0.424808
v 0.274342 0.365000 -0.404079
v 0.279221 0.370000 -0.405603
v 0.276209 0.365381 -0.404662
v 0.277792 0.366464 -0.405157
v 0.278850 0.368087 -0.405487
v 0.272477 0.365000 -0.410412
v 0.277004 0.370000 -0.413132
v 0.274210 0.365381 -0.411453
v 0.275678 0.366464 -0.412335
v 0.276660 0.368087 -0.412925
v 0.269686 0.365000 -0.416189
v 0.273686 0.370000 -0.419999
v 0.271217 0.365381 -0.417647
v 0.272515 0.366464 -0.418883
v 0.273382 0.368087 -0.419709
v 0.266380 0.385000 -0.420547
v 0.269772 0.380000 -0.425159
v 0.267678 0.384619 -0.422312
v 0.268779 0.383535 -0.423808
v 0.269514 0.381913 -0.424808
v 0.275000 0.385000 -0.398130
v 0.280000 0.380000 -0.398560
v 0.276913 0.384619 -0.398294
v 0.278535 0.383535 -0.398434
v 0.279619 0.381913 -0.398527
v 0.269686 0.385000 -0.416189
v 0.273686 0.380000 -0.419999
v 0.271217 0.384619 -0.417647
v 0.272515 0.383535 -0.418883
v 0.273382 0.381913 -0.419709
v 0.272477 0.385000 -0.410412
v 0.277004 0.380000 -0.413132
v 0.274210 0.384619 -0.411453
v 0.275678 0.383535 -0.412335
v 0.276660 0.381913 -0.412925
v 0.274342 0.385000 -0.404079
v 0.279221 0.380000 -0.405603
v 0.276209 0.384619 -0.404662
v 0.277792 0.383535 -0.405157
v 0.278850 0.381913 -0.405487
vn -1.0000 -0.0000 -0.0000
vn -0.0000 -0.1644 0.9864
vn -0.0000 -0.0000 1.0000
vn 1.0000 -0.0000 -0.0000
vn -0.0000 -1.0000 -0.0000
vn -0.0000 0.1961 -0.9806
vn -0.0000 1.0000 -0.0000
vn -0.0000 -0.0000 -1.0000
vn 0.0790 0.9954 0.0535
vn 0.0655 0.9960 0.0611
vn 0.2612 0.9366 0.2336
vn 0.3107 0.9297 0.1978
vn 0.5045 0.7437 0.4387
vn 0.5873 0.7261 0.3574
vn 0.6901 0.4188 0.5902
vn 0.7895 0.4012 0.4645
vn 0.7548 0.1092 0.6468
vn 0.8574 0.1050 0.5038
vn 0.0655 -0.9960 0.0611
vn 0.0790 -0.9954 0.0535
vn 0.3107 -0.9297 0.1978
vn 0.2612 -0.9366 0.2336
vn 0.5873 -0.7261 0.3574
vn 0.5045 -0.7437 0.4387
vn 0.7895 -0.4012 0.4645
vn 0.6901 -0.4188 0.5902
vn 0.8574 -0.1050 0.5038
vn 0.7548 -0.1092 0.6468
vn 0.0933 0.9949 0.0395
vn 0.3599 0.9217 0.1445
vn 0.6613 0.7055 0.2551
vn 0.8671 0.3799 0.3222
vn 0.9334 0.1003 0.3445
vn 0.0933 -0.9949 0.0395
vn 0.3599 -0.9217 0.1445
vn 0.6613 -0.7055 0.2551
vn 0.8671 -0.3799 0.3222
vn 0.9334 -0.1003 0.3445
vn 0.1069 0.9940 0.0239
vn 0.3999 0.9127 0.0843
vn 0.7147 0.6845 0.1437
vn 0.9177 0.3569 0.1746
vn 0.9785 0.0959 0.1827
vn 0.1069 -0.9940 0.0239
vn 0.3999 -0.9127 0.0843
vn 0.7147 -0.6845 0.1437
vn 0.9177 -0.3569 0.1746
vn 0.9785 -0.0959 0.1827
vn 0.1087 0.9941 0.0065
vn 0.4104 0.9116 0.0235
vn 0.7332 0.6788 0.0407
vn 0.8296 0.5567 0.0416
vn 0.9792 0.1957 0.0544
vn 0.9942 0.0939 0.0525
vn 0.1087 -0.9941 0.0065
vn 0.4104 -0.9116 0.0235
vn 0.7332 -0.6788 0.0407
vn 0.8296 -0.5567 0.0416
vn 0.9792 -0.1957 0.0544
vn 0.9942 -0.0939 0.0525
vn 0.0730 -0.9947 0.0730
vn 0.2635 -0.9280 0.2635
vn 0.4814 -0.7324 0.4814
vn 0.6446 -0.4111 0.6446
vn 0.7029 -0.1088 0.7029
vn 0.0730 0.9947 0.0730
vn 0.2635 0.9280 0.2635
vn 0.4814 0.7324 0.4814
vn 0.6446 0.4111 0.6446
vn 0.7029 0.1088 0.7029
vn 0.8574 0.1050 -0.5038
vn 0.7548 0.1092 -0.6468
vn 0.6901 0.4188 -0.5902
vn 0.7895 0.4012 -0.4645
vn 0.5045 0.7437 -0.4387
vn 0.5873 0.7261 -0.3574
vn 0.2612 0.9366 -0.2336
vn 0.3107 0.9297 -0.1978
vn 0.0655 0.9960 -0.0611
vn 0.0790 0.9954 -0.0535
vn 0.7548 -0.1092 -0.6468
vn 0.8574 -0.1050 -0.5038
vn 0.7895 -0.4012 -0.4645
vn 0.6901 -0.4188 -0.5902
vn 0.5873 -0.7262 -0.3574
vn 0.5045 -0.7437 -0.4387
vn 0.3107 -0.9297 -0.1978
vn 0.2612 -0.9366 -0.2336
vn 0.0790 -0.9954 -0.0535
vn 0.0655 -0.9960 -0.0611
vn 0.9334 0.1003 -0.3445
vn 0.8671 0.3799 -0.3222
vn 0.6613 0.7055 -0.2551
vn 0.3599 0.9217 -0.1445
vn 0.0933 0.9949 -0.0395
vn 0.9334 -0.1003 -0.3445
vn 0.8671 -0.3799 -0.3222
vn 0.6613 -0.7055 -0.2551
vn 0.3599 -0.9217 -0.1445
vn 0.0933 -0.9949 -0.0395
vn 0.9785 0.0959 -0.1827
vn 0.9177 0.3569 -0.1746
vn 0.7147 0.6845 -0.1437
vn 0.3999 0.9127 -0.0843
vn 0.1069 0.9940 -0.0239
vn 0.9785 -0.0959 -0.1827
vn 0.9177 -0.3569 -0.1746
vn 0.7147 -0.6845 -0.1437
vn 0.3999 -0.9127 -0.0843
vn 0.1069 -0.9940 -0.0239
vn 0.9942 0.0939 -0.0525
vn 0.9792 0.1957 -0.0544
vn 0.8296 0.5567 -0.0416
vn 0.7332 0.6788 -0.0407
vn 0.4104 0.9116 -0.0235
vn 0.1087 0.9941 -0.0065
vn 0.9942 -0.0939 -0.0525
vn 0.9792 -0.1957 -0.0544
vn 0.8296 -0.5567 -0.0416
vn 0.7332 -0.6788 -0.0407
vn 0.4104 -0.9116 -0.0235
vn 0.1087 -0.9941 -0.0065
vn 0.7029 -0.1088 -0.7029
vn 0.6446 -0.4111 -0.6446
vn 0.4814 -0.7324 -0.4814
vn 0.2635 -0.9280 -0.2635
vn 0.0730 -0.9947 -0.0730
vn 0.7029 0.1088 -0.7029
vn 0.6446 0.4111 -0.6446
vn 0.4814 0.7324 -0.4814
vn 0.2635 0.9280 -0.2635
vn 0.0730 0.9947 -0.0730
vt 0.924191 0.176387
vt 0.958154 0.172142
vt 0.958154 0.232886
vt 0.924191 0.232886
vt 0.810405 0.486777
vt 0.810405 0.603821
vt 0.779092 0.603118
vt 0.779092 0.486074
vt 0.815157 0.888362
vt 0.781196 0.888443
vt 0.781196 0.758248
vt 0.815157 0.758168
vt 0.926387 0.675799
vt 0.926387 0.619301
vt 0.960350 0.619301
vt 0.960350 0.680045
vt 0.619145 0.140395
vt 0.558401 0.140395
vt 0.558401 0.007727
vt 0.619145 0.007727
vt 0.574017 0.755760
vt 0.608028 0.756676
vt 0.608028 0.886868
vt 0.574017 0.885952
vt 0.688864 0.014446
vt 0.636834 0.014446
vt 0.634600 0.007727
vt 0.691098 0.007727
vt 0.688864 0.134055
vt 0.691098 0.140774
vt 0.636834 0.134055
vt 0.634600 0.140774
vt 0.574017 0.620696
vt 0.629306 0.620696
vt 0.629306 0.740305
vt 0.574017 0.740305
vt 0.464018 0.760020
vt 0.464018 0.877064
vt 0.432739 0.877153
vt 0.432739 0.760109
vt 0.385971 0.948511
vt 0.385971 0.896481
vt 0.417253 0.893222
vt 0.417253 0.948511
vt 0.924191 0.300370
vt 0.924191 0.248340
vt 0.955472 0.248340
vt 0.955472 0.303629
vt 0.626462 0.760554
vt 0.626462 0.770050
vt 0.623483 0.770050
vt 0.623483 0.760554
vt 0.318149 0.899111
vt 0.318149 0.899077
vt 0.318306 0.899077
vt 0.318306 0.899111
vt 0.625509 0.771319
vt 0.625509 0.770691
vt 0.626462 0.771959
vt 0.624436 0.770691
vt 0.624436 0.771319
vt 0.623483 0.771959
vt 0.973002 0.086395
vt 0.973002 0.085323
vt 0.973631 0.085323
vt 0.973631 0.086395
vt 0.942864 0.419420
vt 0.941792 0.419423
vt 0.941792 0.416530
vt 0.942864 0.416527
vt 0.958948 0.437955
vt 0.958319 0.437955
vt 0.958319 0.434999
vt 0.958948 0.434999
vt 0.024255 0.950388
vt 0.025327 0.950385
vt 0.025327 0.953278
vt 0.024255 0.953281
vt 0.967488 0.849672
vt 0.967488 0.852621
vt 0.966860 0.852621
vt 0.966860 0.849672
vt 0.625509 0.759286
vt 0.626462 0.758646
vt 0.625509 0.759914
vt 0.624436 0.759914
vt 0.623483 0.758646
vt 0.624436 0.759286
vt 0.973631 0.102922
vt 0.973002 0.102922
vt 0.973002 0.101850
vt 0.973631 0.101850
vt 0.008800 0.950385
vt 0.008800 0.953278
vt 0.007727 0.953281
vt 0.007727 0.950388
vt 0.318052 0.912303
vt 0.317894 0.912303
vt 0.317894 0.912270
vt 0.318052 0.912270
vt 0.479472 0.873023
vt 0.479472 0.870130
vt 0.480545 0.870127
vt 0.480545 0.873020
vt 0.316513 0.670205
vt 0.315535 0.669800
vt 0.315926 0.669635
vt 0.316972 0.670070
vt 0.316271 0.669496
vt 0.317376 0.669955
vt 0.252995 0.940925
vt 0.252995 0.939734
vt 0.253235 0.939925
vt 0.253235 0.941157
vt 0.253520 0.939993
vt 0.253520 0.941240
vt 0.317618 0.738007
vt 0.316644 0.738413
vt 0.316184 0.738277
vt 0.317227 0.737843
vt 0.315778 0.738162
vt 0.316880 0.737703
vt 0.255538 0.939738
vt 0.255538 0.940928
vt 0.255295 0.941160
vt 0.255295 0.939928
vt 0.255009 0.941242
vt 0.255009 0.939995
vt 0.317338 0.670743
vt 0.317857 0.670646
vt 0.318311 0.670564
vt 0.252997 0.941985
vt 0.253238 0.942256
vt 0.253522 0.942352
vt 0.315821 0.738950
vt 0.315302 0.738854
vt 0.314845 0.738771
vt 0.255540 0.941989
vt 0.255297 0.942259
vt 0.255011 0.942354
vt 0.317889 0.671333
vt 0.318448 0.671279
vt 0.318936 0.671233
vt 0.318631 0.670509
vt 0.319278 0.671202
vt 0.253241 0.943055
vt 0.253526 0.943161
vt 0.315271 0.739540
vt 0.314712 0.739486
vt 0.314222 0.739440
vt 0.313876 0.739409
vt 0.314521 0.738717
vt 0.255301 0.943058
vt 0.255015 0.943163
vt 0.318084 0.671887
vt 0.318656 0.671871
vt 0.319156 0.671858
vt 0.319506 0.671850
vt 0.153589 0.831471
vt 0.153589 0.830823
vt 0.153874 0.830812
vt 0.153874 0.831468
vt 0.315077 0.740094
vt 0.314505 0.740079
vt 0.314003 0.740066
vt 0.313649 0.740057
vt 0.155649 0.830823
vt 0.155649 0.831471
vt 0.155364 0.831468
vt 0.155364 0.830812
vt 0.319499 0.737413
vt 0.319491 0.737128
vt 0.319468 0.736886
vt 0.255540 0.937003
vt 0.255297 0.936964
vt 0.255012 0.936950
vt 0.313649 0.669206
vt 0.313656 0.668920
vt 0.313676 0.668679
vt 0.252997 0.936999
vt 0.253238 0.936961
vt 0.253522 0.936948
vt 0.924324 0.400097
vt 0.924324 0.401344
vt 0.924038 0.401411
vt 0.924038 0.400178
vt 0.923795 0.401601
vt 0.923794 0.400411
vt 0.317376 0.686052
vt 0.316271 0.686510
vt 0.315926 0.686371
vt 0.316972 0.685937
vt 0.315535 0.686207
vt 0.316513 0.685801
vt 0.925813 0.401347
vt 0.925813 0.400100
vt 0.926098 0.400182
vt 0.926098 0.401414
vt 0.926337 0.400415
vt 0.926337 0.401605
vt 0.316880 0.754718
vt 0.315778 0.754259
vt 0.316184 0.754144
vt 0.317227 0.754578
vt 0.316644 0.754008
vt 0.317618 0.754414
vt 0.924321 0.398985
vt 0.924035 0.399079
vt 0.923792 0.399350
vt 0.318311 0.685442
vt 0.317857 0.685360
vt 0.317338 0.685263
vt 0.925811 0.398987
vt 0.926095 0.399083
vt 0.926335 0.399354
vt 0.314845 0.753649
vt 0.315302 0.753567
vt 0.315821 0.753470
vt 0.924316 0.398176
vt 0.924031 0.398281
vt 0.319278 0.684805
vt 0.318631 0.685497
vt 0.318936 0.684774
vt 0.318448 0.684728
vt 0.317889 0.684673
vt 0.925806 0.398179
vt 0.926090 0.398284
vt 0.314521 0.753704
vt 0.313876 0.753012
vt 0.314222 0.752981
vt 0.314712 0.752935
vt 0.315271 0.752881
vt 0.153874 0.843781
vt 0.153874 0.844437
vt 0.153589 0.844426
vt 0.153589 0.843778
vt 0.319506 0.684157
vt 0.319156 0.684148
vt 0.318656 0.684135
vt 0.318084 0.684120
vt 0.155364 0.844437
vt 0.155364 0.843781
vt 0.155649 0.843778
vt 0.155649 0.844426
vt 0.313649 0.752364
vt 0.314003 0.752355
vt 0.314505 0.752342
vt 0.315077 0.752327
vt 0.925810 0.404391
vt 0.926095 0.404378
vt 0.926335 0.404340
vt 0.319468 0.755535
vt 0.319491 0.755293
vt 0.319499 0.755008
vt 0.924321 0.404389
vt 0.924035 0.404375
vt 0.923792 0.404336
vt 0.313676 0.687328
vt 0.313656 0.687086
vt 0.313649 0.686801
vt 0.626462 0.774100
vt 0.626406 0.774385
vt 0.626244 0.774627
vt 0.626003 0.774788
vt 0.625718 0.774845
vt 0.624228 0.774845
vt 0.623943 0.774788
vt 0.623701 0.774627
vt 0.623540 0.774385
vt 0.623483 0.774100
vt 0.319499 0.741462
vt 0.319499 0.750959
vt 0.319499 0.752867
vt 0.319499 0.739554
vt 0.313649 0.684660
vt 0.313649 0.682751
vt 0.313649 0.673255
vt 0.313649 0.671347
vt 0.625718 0.755760
vt 0.626003 0.755816
vt 0.626244 0.755978
vt 0.626406 0.756220
vt 0.626462 0.756505
vt 0.623483 0.756505
vt 0.623540 0.756220
vt 0.623701 0.755978
vt 0.623943 0.755816
vt 0.624228 0.755760
s 1
usemtl dresser
f 755/1414/547 753/1415/547 748/1416/547 754/1417/547
f 750/1418/548 747/1419/548 759/1420/548 761/1421/548
f 754/1422/549 748/1423/549 751/1424/549 756/1425/549
f 757/1426/550 756/1427/550 751/1428/550 752/1429/550
f 748/1430/551 753/1431/551 752/1432/551 751/1433/551
f 753/1434/552 755/1435/552 757/1436/552 752/1437/552
f 746/1438/553 747/1439/553 755/1440/553 754/1441/553
f 749/1442/553 746/1438/553 754/1441/553 756/1443/553
f 750/1444/553 749/1442/553 756/1443/553 757/1445/553
f 747/1439/553 750/1444/553 757/1445/553 755/1440/553
f 759/1446/553 758/1447/553 760/1448/553 761/1449/553
f 746/1450/554 749/1451/554 760/1452/554 758/1453/554
f 749/1454/547 750/1455/547 761/1456/547 760/1457/547
f 747/1458/550 746/1459/550 758/1460/550 759/1461/550
f 778/1462/547 766/1463/547 769/1464/547 781/1465/547
f 762/1466/551 763/1467/551 771/1468/551 770/1469/551
f 763/1470/547 762/1471/547 766/1463/547 767/1472/547
f 765/1473/547 764/1474/547 768/1475/547 769/1464/547
f 764/1474/547 763/1470/547 767/1472/547 768/1475/547
f 762/1471/547 765/1473/547 769/1464/547 766/1463/547
f 771/1476/547 772/1477/547 773/1478/547 770/1479/547
f 765/1480/554 762/1481/554 770/1482/554 773/1483/554
f 764/1484/553 765/1485/553 773/1486/553 772/1487/553
f 763/1488/549 764/1489/549 772/1490/549 771/1491/549
f 774/1492/551 782/1493/551 783/1494/551 775/1495/551
f 775/1496/547 779/1497/547 778/1462/547 774/1498/547
f 777/1499/547 781/1465/547 780/1500/547 776/1501/547
f 776/1501/547 780/1500/547 779/1497/547 775/1496/547
f 774/1498/547 778/1462/547 781/1465/547 777/1499/547
f 783/1502/547 782/1503/547 785/1504/547 784/1505/547
f 777/1506/549 785/1507/549 782/1508/549 774/1509/549
f 776/1510/553 784/1511/553 785/1512/553 777/1513/553
f 775/1514/554 783/1515/554 784/1516/554 776/1517/554
f 831/1518/555 821/1519/556 823/1520/557 833/1521/558
f 833/1521/558 823/1520/557 824/1522/559 834/1523/560
f 834/1524/560 824/1525/559 825/1526/561 835/1527/562
f 835/1527/562 825/1526/561 822/1528/563 832/1529/564
f 801/1530/565 816/1531/566 818/1532/567 803/1533/568
f 803/1533/568 818/1532/567 819/1534/569 804/1535/570
f 804/1536/570 819/1537/569 820/1538/571 805/1539/572
f 805/1539/572 820/1538/571 817/1540/573 802/1541/574
f 836/1542/575 831/1518/555 833/1521/558 838/1543/576
f 838/1543/576 833/1521/558 834/1523/560 839/1544/577
f 839/1545/577 834/1524/560 835/1527/562 840/1546/578
f 840/1546/578 835/1527/562 832/1529/564 837/1547/579
f 816/1531/566 811/1548/580 813/1549/581 818/1532/567
f 818/1532/567 813/1549/581 814/1550/582 819/1534/569
f 819/1537/569 814/1551/582 815/1552/583 820/1538/571
f 820/1538/571 815/1552/583 812/1553/584 817/1540/573
f 841/1554/585 836/1542/575 838/1543/576 843/1555/586
f 843/1555/586 838/1543/576 839/1544/577 844/1556/587
f 844/1556/587 839/1544/577 840/1557/578 845/1558/588
f 845/1559/588 840/1546/578 837/1547/579 842/1560/589
f 811/1548/580 806/1561/590 808/1562/591 813/1549/581
f 813/1549/581 808/1562/591 809/1563/592 814/1550/582
f 814/1550/582 809/1563/592 810/1564/593 815/1565/583
f 815/1552/583 810/1566/593 807/1567/594 812/1553/584
f 826/1568/595 841/1554/585 843/1555/586 828/1569/596
f 828/1569/596 843/1555/586 844/1556/587 829/1570/597
f 829/1570/597 844/1556/587 845/1558/588 830/1571/598
f 830/1572/599 845/1573/588 842/1574/589 827/1575/600
f 806/1561/590 796/1576/601 798/1577/602 808/1562/591
f 808/1562/591 798/1577/602 799/1578/603 809/1563/592
f 809/1563/592 799/1578/603 800/1579/604 810/1564/593
f 810/1580/593 800/1581/605 797/1582/606 807/1583/594
f 786/1584/607 801/1530/565 803/1533/568 788/1585/608
f 788/1585/608 803/1533/568 804/1535/570 789/1586/609
f 789/1587/609 804/1536/570 805/1539/572 790/1588/610
f 790/1588/610 805/1539/572 802/1541/574 787/1589/611
f 821/1519/556 792/1590/612 795/1591/613 823/1520/557
f 823/1520/557 795/1591/613 794/1592/614 824/1522/559
f 824/1525/559 794/1593/614 793/1594/615 825/1526/561
f 825/1526/561 793/1594/615 791/1595/616 822/1528/563
f 892/1596/617 882/1597/618 885/1598/619 895/1599/620
f 895/1599/620 885/1598/619 884/1600/621 894/1601/622
f 894/1602/622 884/1603/621 883/1604/623 893/1605/624
f 893/1605/624 883/1604/623 881/1606/625 891/1607/626
f 862/1608/627 877/1609/628 880/1610/629 865/1611/630
f 865/1611/630 880/1610/629 879/1612/631 864/1613/632
f 864/1614/632 879/1615/631 878/1616/633 863/1617/634
f 863/1617/634 878/1616/633 876/1618/635 861/1619/636
f 897/1620/637 892/1596/617 895/1599/620 900/1621/638
f 900/1621/638 895/1599/620 894/1601/622 899/1622/639
f 899/1623/639 894/1602/622 893/1605/624 898/1624/640
f 898/1624/640 893/1605/624 891/1607/626 896/1625/641
f 877/1609/628 872/1626/642 875/1627/643 880/1610/629
f 880/1610/629 875/1627/643 874/1628/644 879/1612/631
f 879/1615/631 874/1629/644 873/1630/645 878/1616/633
f 878/1616/633 873/1630/645 871/1631/646 876/1618/635
f 902/1632/647 897/1620/637 900/1621/638 905/1633/648
f 905/1634/648 900/1635/638 899/1623/639 904/1636/649
f 904/1636/649 899/1623/639 898/1624/640 903/1637/650
f 903/1637/650 898/1624/640 896/1625/641 901/1638/651
f 872/1626/642 867/1639/652 870/1640/653 875/1627/643
f 875/1641/643 870/1642/653 869/1643/654 874/1629/644
f 874/1629/644 869/1643/654 868/1644/655 873/1630/645
f 873/1630/645 868/1644/655 866/1645/656 871/1631/646
f 887/1646/657 902/1647/647 905/1648/648 890/1649/658
f 890/1650/659 905/1634/648 904/1636/649 889/1651/660
f 889/1651/660 904/1636/649 903/1637/650 888/1652/661
f 888/1652/661 903/1637/650 901/1638/651 886/1653/662
f 867/1654/652 857/1655/663 860/1656/664 870/1657/653
f 870/1642/653 860/1658/665 859/1659/666 869/1643/654
f 869/1643/654 859/1659/666 858/1660/667 868/1644/655
f 868/1644/655 858/1660/667 856/1661/668 866/1645/656
f 846/1662/669 862/1608/627 865/1611/630 848/1663/670
f 848/1663/670 865/1611/630 864/1613/632 849/1664/671
f 849/1665/671 864/1614/632 863/1617/634 850/1666/672
f 850/1666/672 863/1617/634 861/1619/636 847/1667/673
f 882/1597/618 852/1668/674 855/1669/675 885/1598/619
f 885/1598/619 855/1669/675 854/1670/676 884/1600/621
f 884/1603/621 854/1671/676 853/1672/677 883/1604/623
f 883/1604/623 853/1672/677 851/1673/678 881/1606/625
f 796/1576/601 856/1661/668 858/1660/667 798/1577/602
f 798/1577/602 858/1660/667 859/1659/666 799/1578/603
f 799/1578/603 859/1659/666 860/1658/665 800/1579/604
f 800/1581/605 860/1656/664 857/1655/663 797/1582/606
f 827/1575/600 887/1646/657 890/1649/658 830/1572/599
f 830/1571/598 890/1650/659 889/1651/660 829/1570/597
f 829/1570/597 889/1651/660 888/1652/661 828/1569/596
f 828/1569/596 888/1652/661 886/1653/662 826/1568/595
f 786/1674/547 788/1675/547 789/1676/547 790/1677/547 787/1678/547 791/1679/547 793/1680/547 794/1681/547 795/1682/547 792/1683/547 768/1475/547 767/1472/547
f 802/1541/574 822/1528/563 791/1595/616 787/1589/611
f 766/1684/551 778/1685/551 779/1686/551 847/1667/673 861/1619/636 876/1618/635 871/1631/646 866/1645/656 856/1661/668 796/1576/601 806/1561/590 811/1548/580 816/1531/566 801/1530/565 786/1584/607 767/1687/551
f 826/1568/595 886/1653/662 901/1638/651 896/1625/641 891/1607/626 881/1606/625 851/1673/678 780/1688/553 781/1689/553 769/1690/553 768/1691/553 792/1590/612 821/1519/556 831/1518/555 836/1542/575 841/1554/585
f 842/1574/589 807/1583/594 797/1582/606 827/1575/600
f 797/1582/606 857/1655/663 887/1646/657 827/1575/600
f 822/1528/563 802/1541/574 817/1540/573 832/1529/564
f 837/1547/579 812/1553/584 807/1567/594 842/1560/589
f 832/1529/564 817/1540/573 812/1553/584 837/1547/579
f 846/1692/547 848/1693/547 849/1694/547 850/1695/547 847/1696/547 779/1497/547 780/1500/547 851/1697/547 853/1698/547 854/1699/547 855/1700/547 852/1701/547
f 862/1608/627 846/1662/669 852/1668/674 882/1597/618
f 902/1647/647 887/1646/657 857/1655/663 867/1654/652
f 882/1597/618 892/1596/617 877/1609/628 862/1608/627
f 897/1620/637 902/1632/647 867/1639/652 872/1626/642
f 892/1596/617 897/1620/637 872/1626/642 877/1609/628
o latch_5
v -0.177275 0.489000 0.600463
v -0.200000 0.261000 0.670063
v -0.177275 0.489000 0.041600
v 0.227275 0.489000 0.600463
v 0.250000 0.261000 0.670063
v 0.227275 0.489000 0.041600
v 0.250000 0.261000 0.017600
v -0.200000 0.261000 0.017600
v -0.200000 0.489000 0.624463
v -0.200000 0.489000 0.017600
v 0.250000 0.489000 0.624463
v 0.250000 0.489000 0.017600
v -0.177275 0.279000 0.635463
v -0.177275 0.279000 0.041600
v 0.227275 0.279000 0.635463
v 0.227275 0.279000 0.041600
v 0.260000 0.371400 0.390307
v 0.260000 0.371400 0.397057
v 0.260000 0.378600 0.397057
v 0.260000 0.378600 0.390307
v 0.260000 0.365000 0.383432
v 0.260000 0.365000 0.403932
v 0.260000 0.385000 0.403932
v 0.260000 0.385000 0.383432
v 0.250000 0.371400 0.390307
v 0.250000 0.371400 0.397057
v 0.250000 0.378600 0.397057
v 0.250000 0.378600 0.390307
v 0.260000 0.371400 0.274557
v 0.260000 0.371400 0.267807
v 0.260000 0.378600 0.267807
v 0.260000 0.378600 0.274557
v 0.260000 0.365000 0.281432
v 0.260000 0.365000 0.260932
v 0.260000 0.385000 0.260932
v 0.260000 0.385000 0.281432
v 0.250000 0.371400 0.274557
v 0.250000 0.371400 0.267807
v 0.250000 0.378600 0.267807
v 0.250000 0.378600 0.274557
v 0.260000 0.365000 0.426928
v 0.260000 0.370000 0.434932
v 0.260000 0.365381 0.429991
v 0.260000 0.366464 0.432587
v 0.260000 0.368087 0.434322
v 0.260000 0.380000 0.434932
v 0.260000 0.385000 0.426928
v 0.260000 0.381913 0.434322
v 0.260000 0.383535 0.432587
v 0.260000 0.384619 0.429991
v 0.275000 0.365000 0.398130
v 0.280000 0.370000 0.398560
v 0.276914 0.365381 0.398294
v 0.278536 0.366464 0.398434
v 0.279620 0.368087 0.398527
v 0.266381 0.365000 0.420547
v 0.269773 0.370000 0.425159
v 0.267679 0.365381 0.422312
v 0.268779 0.366464 0.423808
v 0.269515 0.368087 0.424808
v 0.274343 0.365000 0.404079
v 0.279222 0.370000 0.405603
v 0.276210 0.365381 0.404662
v 0.277793 0.366464 0.405157
v 0.278850 0.368087 0.405487
v 0.272478 0.365000 0.410412
v 0.277005 0.370000 0.413132
v 0.274210 0.365381 0.411453
v 0.275679 0.366464 0.412335
v 0.276660 0.368087 0.412925
v 0.269686 0.365000 0.416189
v 0.273687 0.370000 0.419999
v 0.271217 0.365381 0.417647
v 0.272515 0.366464 0.418883
v 0.273382 0.368087 0.419709
v 0.266381 0.385000 0.420547
v 0.269773 0.380000 0.425159
v 0.267679 0.384619 0.422312
v 0.268779 0.383535 0.423808
v 0.269515 0.381913 0.424808
v 0.275000 0.385000 0.398130
v 0.280000 0.380000 0.398560
v 0.276914 0.384619 0.398294
v 0.278536 0.383535 0.398434
v 0.279620 0.381913 0.398527
v 0.269686 0.385000 0.416189
v 0.273687 0.380000 0.419999
v 0.271217 0.384619 0.417647
v 0.272515 0.383535 0.418883
v 0.273382 0.381913 0.419709
v 0.272478 0.385000 0.410412
v 0.277005 0.380000 0.413132
v 0.274210 0.384619 0.411453
v 0.275679 0.383535 0.412335
v 0.276660 0.381913 0.412925
v 0.274343 0.385000 0.404079
v 0.279222 0.380000 0.405603
v 0.276210 0.384619 0.404662
v 0.277793 0.383535 0.405157
v 0.278850 0.381913 0.405487
v 0.260000 0.370000 0.229932
v 0.260000 0.365000 0.237935
v 0.260000 0.368087 0.230541
v 0.260000 0.366464 0.232276
v 0.260000 0.365381 0.234872
v 0.260000 0.385000 0.237935
v 0.260000 0.380000 0.229932
v 0.260000 0.384619 0.234872
v 0.260000 0.383535 0.232276
v 0.260000 0.381913 0.230541
v 0.275000 0.365000 0.266733
v 0.280000 0.370000 0.266303
v 0.276914 0.365381 0.266569
v 0.278536 0.366464 0.266429
v 0.279620 0.368087 0.266336
v 0.266381 0.365000 0.244316
v 0.269773 0.370000 0.239704
v 0.267679 0.365381 0.242551
v 0.268779 0.366464 0.241055
v 0.269515 0.368087 0.240055
v 0.274343 0.365000 0.260784
v 0.279222 0.370000 0.259260
v 0.276210 0.365381 0.260201
v 0.277793 0.366464 0.259706
v 0.278850 0.368087 0.259376
v 0.272478 0.365000 0.254451
v 0.277005 0.370000 0.251731
v 0.274210 0.365381 0.253410
v 0.275679 0.366464 0.252528
v 0.276660 0.368087 0.251938
v 0.269686 0.365000 0.248674
v 0.273687 0.370000 0.244864
v 0.271217 0.365381 0.247216
v 0.272515 0.366464 0.245980
v 0.273382 0.368087 0.245154
v 0.266381 0.385000 0.244316
v 0.269773 0.380000 0.239704
v 0.267679 0.384619 0.242551
v 0.268779 0.383535 0.241055
v 0.269515 0.381913 0.240055
v 0.275000 0.385000 0.266733
v 0.280000 0.380000 0.266303
v 0.276914 0.384619 0.266569
v 0.278536 0.383535 0.266429
v 0.279620 0.381913 0.266336
v 0.269686 0.385000 0.248674
v 0.273687 0.380000 0.244864
v 0.271217 0.384619 0.247216
v 0.272515 0.383535 0.245980
v 0.273382 0.381913 0.245154
v 0.272478 0.385000 0.254451
v 0.277005 0.380000 0.251731
v 0.274210 0.384619 0.253410
v 0.275679 0.383535 0.252528
v 0.276660 0.381913 0.251938
v 0.274343 0.385000 0.260784
v 0.279222 0.380000 0.259260
v 0.276210 0.384619 0.260201
v 0.277793 0.383535 0.259706
v 0.278850 0.381913 0.259376
vn -1.0000 -0.0000 -0.0000
vn -0.0000 0.1961 0.9806
vn -0.0000 -0.0000 1.0000
vn 1.0000 -0.0000 -0.0000
vn -0.0000 -0.0000 -1.0000
vn -0.0000 -1.0000 -0.0000
vn -0.0000 1.0000 -0.0000
vn -0.0000 -0.1644 -0.9864
vn 0.0790 0.9954 0.0535
vn 0.0655 0.9960 0.0611
vn 0.2612 0.9366 0.2336
vn 0.3107 0.9297 0.1978
vn 0.5045 0.7437 0.4387
vn 0.5873 0.7261 0.3574
vn 0.6901 0.4188 0.5902
vn 0.7895 0.4012 0.4645
vn 0.7548 0.1092 0.6468
vn 0.8574 0.1050 0.5038
vn 0.0655 -0.9960 0.0611
vn 0.0790 -0.9954 0.0535
vn 0.3107 -0.9297 0.1978
vn 0.2612 -0.9366 0.2336
vn 0.5873 -0.7262 0.3574
vn 0.5045 -0.7437 0.4387
vn 0.7895 -0.4012 0.4645
vn 0.6901 -0.4188 0.5902
vn 0.8574 -0.1050 0.5038
vn 0.7548 -0.1092 0.6468
vn 0.0933 0.9949 0.0395
vn 0.3599 0.9217 0.1445
vn 0.6613 0.7055 0.2551
vn 0.8671 0.3799 0.3222
vn 0.9334 0.1003 0.3445
vn 0.0933 -0.9949 0.0395
vn 0.3599 -0.9217 0.1445
vn 0.6613 -0.7055 0.2551
vn 0.8671 -0.3799 0.3222
vn 0.9334 -0.1003 0.3445
vn 0.1069 0.9940 0.0239
vn 0.3998 0.9127 0.0843
vn 0.7147 0.6845 0.1437
vn 0.9177 0.3569 0.1746
vn 0.9785 0.0959 0.1827
vn 0.1069 -0.9940 0.0239
vn 0.3998 -0.9127 0.0843
vn 0.7147 -0.6845 0.1437
vn 0.9177 -0.3569 0.1746
vn 0.9785 -0.0959 0.1827
vn 0.1087 0.9941 0.0065
vn 0.4104 0.9116 0.0235
vn 0.7332 0.6788 0.0407
vn 0.8296 0.5567 0.0416
vn 0.9792 0.1957 0.0544
vn 0.9942 0.0939 0.0525
vn 0.1087 -0.9941 0.0065
vn 0.4104 -0.9116 0.0235
vn 0.7332 -0.6788 0.0407
vn 0.8296 -0.5567 0.0416
vn 0.9792 -0.1957 0.0544
vn 0.9942 -0.0939 0.0525
vn 0.0730 -0.9947 0.0730
vn 0.2635 -0.9280 0.2635
vn 0.4814 -0.7324 0.4814
vn 0.6446 -0.4111 0.6446
vn 0.7029 -0.1088 0.7029
vn 0.0730 0.9947 0.0730
vn 0.2635 0.9280 0.2635
vn 0.4814 0.7324 0.4814
vn 0.6446 0.4111 0.6446
vn 0.7029 0.1088 0.7029
vn 0.8574 0.1050 -0.5038
vn 0.7548 0.1092 -0.6468
vn 0.6901 0.4188 -0.5902
vn 0.7895 0.4012 -0.4645
vn 0.5045 0.7437 -0.4387
vn 0.5873 0.7262 -0.3574
vn 0.2612 0.9366 -0.2336
vn 0.3107 0.9297 -0.1978
vn 0.0655 0.9960 -0.0611
vn 0.0790 0.9954 -0.0535
vn 0.7548 -0.1092 -0.6468
vn 0.8574 -0.1050 -0.5038
vn 0.7895 -0.4012 -0.4645
vn 0.6901 -0.4188 -0.5902
vn 0.5873 -0.7262 -0.3574
vn 0.5045 -0.7437 -0.4387
vn 0.3107 -0.9297 -0.1978
vn 0.2612 -0.9366 -0.2336
vn 0.0790 -0.9954 -0.0535
vn 0.0655 -0.9960 -0.0611
vn 0.9334 0.1003 -0.3445
vn 0.8671 0.3799 -0.3222
vn 0.6613 0.7055 -0.2551
vn 0.3599 0.9217 -0.1445
vn 0.0933 0.9949 -0.0395
vn 0.9334 -0.1003 -0.3445
vn 0.8671 -0.3799 -0.3222
vn 0.6613 -0.7055 -0.2551
vn 0.3599 -0.9217 -0.1445
vn 0.0933 -0.9949 -0.0395
vn 0.9785 0.0959 -0.1827
vn 0.9177 0.3569 -0.1746
vn 0.7147 0.6845 -0.1437
vn 0.3999 0.9127 -0.0843
vn 0.1069 0.9940 -0.0239
vn 0.9785 -0.0959 -0.1827
vn 0.9177 -0.3569 -0.1746
vn 0.7147 -0.6845 -0.1437
vn 0.3999 -0.9127 -0.0843
vn 0.1069 -0.9940 -0.0239
vn 0.9942 0.0939 -0.0525
vn 0.9792 0.1957 -0.0544
vn 0.8296 0.5567 -0.0416
vn 0.7332 0.6788 -0.0407
vn 0.4104 0.9116 -0.0235
vn 0.1087 0.9941 -0.0065
vn 0.9942 -0.0939 -0.0525
vn 0.9792 -0.1957 -0.0544
vn 0.8296 -0.5567 -0.0416
vn 0.7332 -0.6788 -0.0407
vn 0.4104 -0.9116 -0.0235
vn 0.1087 -0.9941 -0.0065
vn 0.7029 -0.1088 -0.7029
vn 0.6446 -0.4111 -0.6446
vn 0.4814 -0.7324 -0.4814
vn 0.2635 -0.9280 -0.2635
vn 0.0730 -0.9947 -0.0730
vn 0.7029 0.1088 -0.7029
vn 0.6446 0.4111 -0.6446
vn 0.4814 0.7324 -0.4814
vn 0.2635 0.9280 -0.2635
vn 0.0730 0.9947 -0.0730
vt 0.646251 0.959999
vt 0.646251 0.903500
vt 0.680214 0.903500
vt 0.680214 0.964244
vt 0.646251 0.757853
vt 0.680262 0.756936
vt 0.680262 0.887129
vt 0.646251 0.888045
vt 0.720309 0.885862
vt 0.720309 0.768819
vt 0.751588 0.768908
vt 0.751588 0.885951
vt 0.915514 0.908134
vt 0.949477 0.903889
vt 0.949477 0.964633
vt 0.915514 0.964633
vt 0.370517 0.890295
vt 0.336556 0.890215
vt 0.336556 0.760020
vt 0.370517 0.760101
vt 0.068471 0.633638
vt 0.007727 0.633638
vt 0.007727 0.500970
vt 0.068471 0.500970
vt 0.700424 0.178860
vt 0.648394 0.178860
vt 0.646159 0.172142
vt 0.702658 0.172142
vt 0.700424 0.298469
vt 0.702658 0.305188
vt 0.648394 0.298469
vt 0.646159 0.305188
vt 0.172141 0.634575
vt 0.227430 0.634575
vt 0.227430 0.754184
vt 0.172141 0.754184
vt 0.385971 0.877768
vt 0.385971 0.760723
vt 0.417284 0.760020
vt 0.417284 0.877065
vt 0.926387 0.747529
vt 0.926387 0.695499
vt 0.957668 0.695499
vt 0.957668 0.750788
vt 0.781196 0.959186
vt 0.781196 0.907156
vt 0.812478 0.903897
vt 0.812478 0.959186
vt 0.319499 0.775784
vt 0.319499 0.785280
vt 0.316520 0.785280
vt 0.316520 0.775784
vt 0.318403 0.918335
vt 0.318403 0.918302
vt 0.318560 0.918302
vt 0.318560 0.918335
vt 0.318546 0.786549
vt 0.318546 0.785921
vt 0.319499 0.787189
vt 0.317473 0.785921
vt 0.317473 0.786549
vt 0.316520 0.787189
vt 0.973002 0.119450
vt 0.973002 0.118377
vt 0.973631 0.118377
vt 0.973631 0.119450
vt 0.040782 0.950385
vt 0.041854 0.950387
vt 0.041854 0.953281
vt 0.040782 0.953278
vt 0.318094 0.891432
vt 0.318094 0.891465
vt 0.317937 0.891465
vt 0.317937 0.891432
vt 0.942864 0.437774
vt 0.941792 0.437771
vt 0.941792 0.434878
vt 0.942864 0.434881
vt 0.971556 0.248340
vt 0.971556 0.251288
vt 0.970927 0.251288
vt 0.970927 0.248340
vt 0.318546 0.774516
vt 0.319499 0.773876
vt 0.318546 0.775144
vt 0.317473 0.775144
vt 0.316520 0.773876
vt 0.317473 0.774516
vt 0.973631 0.135977
vt 0.973002 0.135977
vt 0.973002 0.134904
vt 0.973631 0.134904
vt 0.154141 0.943720
vt 0.154141 0.940827
vt 0.155214 0.940830
vt 0.155214 0.943723
vt 0.316520 0.962875
vt 0.316520 0.959919
vt 0.317148 0.959919
vt 0.317148 0.962875
vt 0.058381 0.950388
vt 0.058381 0.953281
vt 0.057309 0.953278
vt 0.057309 0.950385
vt 0.316513 0.636102
vt 0.315535 0.635696
vt 0.315926 0.635532
vt 0.316972 0.635966
vt 0.316271 0.635392
vt 0.317376 0.635851
vt 0.156684 0.921391
vt 0.156684 0.922582
vt 0.156441 0.922391
vt 0.156441 0.921159
vt 0.156155 0.922325
vt 0.156155 0.921078
vt 0.148481 0.753920
vt 0.147507 0.754325
vt 0.147047 0.754190
vt 0.148090 0.753755
vt 0.146641 0.754075
vt 0.147743 0.753616
vt 0.154141 0.922586
vt 0.154142 0.921396
vt 0.154381 0.921163
vt 0.154381 0.922395
vt 0.154666 0.921081
vt 0.154665 0.922328
vt 0.317338 0.636640
vt 0.317857 0.636543
vt 0.318311 0.636461
vt 0.156687 0.920331
vt 0.156443 0.920060
vt 0.156158 0.919966
vt 0.146684 0.754863
vt 0.146165 0.754766
vt 0.145708 0.754684
vt 0.154144 0.920335
vt 0.154384 0.920064
vt 0.154668 0.919968
vt 0.317889 0.637229
vt 0.318448 0.637175
vt 0.318936 0.637129
vt 0.318631 0.636406
vt 0.319279 0.637098
vt 0.156448 0.919261
vt 0.156162 0.919157
vt 0.146134 0.755453
vt 0.145575 0.755399
vt 0.145085 0.755353
vt 0.144739 0.755322
vt 0.145384 0.754629
vt 0.154388 0.919265
vt 0.154673 0.919159
vt 0.318084 0.637783
vt 0.318656 0.637768
vt 0.319156 0.637755
vt 0.319506 0.637746
vt 0.623483 0.860039
vt 0.623483 0.859391
vt 0.623768 0.859380
vt 0.623768 0.860036
vt 0.145940 0.756007
vt 0.145368 0.755991
vt 0.144866 0.755978
vt 0.144512 0.755970
vt 0.625543 0.859391
vt 0.625543 0.860039
vt 0.625258 0.860036
vt 0.625258 0.859380
vt 0.150362 0.753326
vt 0.150354 0.753041
vt 0.150331 0.752799
vt 0.154144 0.925321
vt 0.154384 0.925359
vt 0.154668 0.925372
vt 0.313649 0.635102
vt 0.313656 0.634817
vt 0.313676 0.634575
vt 0.156687 0.925317
vt 0.156443 0.925355
vt 0.156158 0.925369
vt 0.085947 0.936081
vt 0.085947 0.934834
vt 0.086231 0.934767
vt 0.086231 0.935999
vt 0.086471 0.934576
vt 0.086471 0.935766
vt 0.317376 0.651948
vt 0.316271 0.652407
vt 0.315926 0.652267
vt 0.316972 0.651833
vt 0.315535 0.652103
vt 0.316513 0.651697
vt 0.084457 0.934836
vt 0.084457 0.936083
vt 0.084171 0.936002
vt 0.084172 0.934770
vt 0.083928 0.935770
vt 0.083928 0.934579
vt 0.147743 0.770630
vt 0.146641 0.770172
vt 0.147047 0.770057
vt 0.148090 0.770491
vt 0.147507 0.769921
vt 0.148481 0.770327
vt 0.085944 0.937193
vt 0.086229 0.937098
vt 0.086469 0.936827
vt 0.318311 0.651339
vt 0.317857 0.651256
vt 0.317338 0.651160
vt 0.084455 0.937196
vt 0.084169 0.937101
vt 0.083926 0.936830
vt 0.145709 0.769562
vt 0.146165 0.769480
vt 0.146684 0.769383
vt 0.085940 0.938002
vt 0.086225 0.937897
vt 0.319279 0.650701
vt 0.318631 0.651393
vt 0.318936 0.650670
vt 0.318448 0.650624
vt 0.317889 0.650570
vt 0.084451 0.938004
vt 0.084165 0.937900
vt 0.145384 0.769617
vt 0.144739 0.768925
vt 0.145085 0.768894
vt 0.145575 0.768848
vt 0.146134 0.768794
vt 0.623768 0.872349
vt 0.623768 0.873005
vt 0.623483 0.872994
vt 0.623483 0.872346
vt 0.319506 0.650053
vt 0.319156 0.650044
vt 0.318656 0.650031
vt 0.318084 0.650016
vt 0.625258 0.873005
vt 0.625258 0.872349
vt 0.625543 0.872346
vt 0.625543 0.872994
vt 0.144512 0.768277
vt 0.144866 0.768268
vt 0.145368 0.768255
vt 0.145940 0.768240
vt 0.084455 0.931792
vt 0.084169 0.931806
vt 0.083926 0.931845
vt 0.150331 0.771448
vt 0.150354 0.771206
vt 0.150362 0.770921
vt 0.085944 0.931790
vt 0.086229 0.931803
vt 0.086469 0.931841
vt 0.313676 0.653224
vt 0.313656 0.652982
vt 0.313649 0.652697
vt 0.319499 0.789330
vt 0.319442 0.789615
vt 0.319281 0.789857
vt 0.319039 0.790018
vt 0.318754 0.790075
vt 0.317265 0.790075
vt 0.316980 0.790018
vt 0.316738 0.789857
vt 0.316577 0.789615
vt 0.316520 0.789330
vt 0.150362 0.757375
vt 0.150362 0.766871
vt 0.150362 0.768780
vt 0.150362 0.755467
vt 0.313649 0.650556
vt 0.313649 0.648648
vt 0.313649 0.639151
vt 0.313649 0.637243
vt 0.318754 0.770990
vt 0.319039 0.771046
vt 0.319281 0.771208
vt 0.319442 0.771450
vt 0.319499 0.771735
vt 0.316520 0.771735
vt 0.316577 0.771450
vt 0.316738 0.771208
vt 0.316980 0.771046
vt 0.317265 0.770990
s 1
usemtl dresser
f 914/1702/679 915/1703/679 913/1704/679 907/1705/679
f 914/1706/680 907/1707/680 910/1708/680 916/1709/680
f 911/1710/681 908/1711/681 919/1712/681 921/1713/681
f 916/1714/682 910/1715/682 912/1716/682 917/1717/682
f 913/1718/683 915/1719/683 917/1720/683 912/1721/683
f 907/1722/684 913/1723/684 912/1724/684 910/1725/684
f 906/1726/685 908/1727/685 915/1728/685 914/1729/685
f 909/1730/685 906/1726/685 914/1729/685 916/1731/685
f 911/1732/685 909/1730/685 916/1731/685 917/1733/685
f 908/1727/685 911/1732/685 917/1733/685 915/1728/685
f 919/1734/685 918/1735/685 920/1736/685 921/1737/685
f 906/1738/686 909/1739/686 920/1740/686 918/1741/686
f 909/1742/679 911/1743/679 921/1744/679 920/1745/679
f 908/1746/682 906/1747/682 918/1748/682 919/1749/682
f 938/1750/679 926/1751/679 929/1752/679 941/1753/679
f 922/1754/684 923/1755/684 931/1756/684 930/1757/684
f 923/1758/679 922/1759/679 926/1751/679 927/1760/679
f 925/1761/679 924/1762/679 928/1763/679 929/1752/679
f 924/1762/679 923/1758/679 927/1760/679 928/1763/679
f 922/1759/679 925/1761/679 929/1752/679 926/1751/679
f 931/1764/679 932/1765/679 933/1766/679 930/1767/679
f 925/1768/683 922/1769/683 930/1770/683 933/1771/683
f 924/1772/685 925/1773/685 933/1774/685 932/1775/685
f 923/1776/681 924/1777/681 932/1778/681 931/1779/681
f 934/1780/684 942/1781/684 943/1782/684 935/1783/684
f 935/1784/679 939/1785/679 938/1750/679 934/1786/679
f 937/1787/679 941/1753/679 940/1788/679 936/1789/679
f 936/1789/679 940/1788/679 939/1785/679 935/1784/679
f 934/1786/679 938/1750/679 941/1753/679 937/1787/679
f 943/1790/679 942/1791/679 945/1792/679 944/1793/679
f 937/1794/681 945/1795/681 942/1796/681 934/1797/681
f 936/1798/685 944/1799/685 945/1800/685 937/1801/685
f 935/1802/683 943/1803/683 944/1804/683 936/1805/683
f 991/1806/687 981/1807/688 983/1808/689 993/1809/690
f 993/1809/690 983/1808/689 984/1810/691 994/1811/692
f 994/1812/692 984/1813/691 985/1814/693 995/1815/694
f 995/1815/694 985/1814/693 982/1816/695 992/1817/696
f 961/1818/697 976/1819/698 978/1820/699 963/1821/700
f 963/1821/700 978/1820/699 979/1822/701 964/1823/702
f 964/1824/702 979/1825/701 980/1826/703 965/1827/704
f 965/1827/704 980/1826/703 977/1828/705 962/1829/706
f 996/1830/707 991/1806/687 993/1809/690 998/1831/708
f 998/1831/708 993/1809/690 994/1811/692 999/1832/709
f 999/1833/709 994/1812/692 995/1815/694 1000/1834/710
f 1000/1834/710 995/1815/694 992/1817/696 997/1835/711
f 976/1819/698 971/1836/712 973/1837/713 978/1820/699
f 978/1820/699 973/1837/713 974/1838/714 979/1822/701
f 979/1825/701 974/1839/714 975/1840/715 980/1826/703
f 980/1826/703 975/1840/715 972/1841/716 977/1828/705
f 1001/1842/717 996/1830/707 998/1831/708 1003/1843/718
f 1003/1843/718 998/1831/708 999/1832/709 1004/1844/719
f 1004/1844/719 999/1832/709 1000/1845/710 1005/1846/720
f 1005/1847/720 1000/1834/710 997/1835/711 1002/1848/721
f 971/1836/712 966/1849/722 968/1850/723 973/1837/713
f 973/1837/713 968/1850/723 969/1851/724 974/1838/714
f 974/1838/714 969/1851/724 970/1852/725 975/1853/715
f 975/1840/715 970/1854/725 967/1855/726 972/1841/716
f 986/1856/727 1001/1842/717 1003/1843/718 988/1857/728
f 988/1857/728 1003/1843/718 1004/1844/719 989/1858/729
f 989/1858/729 1004/1844/719 1005/1846/720 990/1859/730
f 990/1860/731 1005/1861/720 1002/1862/721 987/1863/732
f 966/1849/722 956/1864/733 958/1865/734 968/1850/723
f 968/1850/723 958/1865/734 959/1866/735 969/1851/724
f 969/1851/724 959/1866/735 960/1867/736 970/1852/725
f 970/1868/725 960/1869/737 957/1870/738 967/1871/726
f 946/1872/739 961/1818/697 963/1821/700 948/1873/740
f 948/1873/740 963/1821/700 964/1823/702 949/1874/741
f 949/1875/741 964/1824/702 965/1827/704 950/1876/742
f 950/1876/742 965/1827/704 962/1829/706 947/1877/743
f 981/1807/688 952/1878/744 955/1879/745 983/1808/689
f 983/1808/689 955/1879/745 954/1880/746 984/1810/691
f 984/1813/691 954/1881/746 953/1882/747 985/1814/693
f 985/1814/693 953/1882/747 951/1883/748 982/1816/695
f 1052/1884/749 1042/1885/750 1045/1886/751 1055/1887/752
f 1055/1887/752 1045/1886/751 1044/1888/753 1054/1889/754
f 1054/1890/754 1044/1891/753 1043/1892/755 1053/1893/756
f 1053/1893/756 1043/1892/755 1041/1894/757 1051/1895/758
f 1022/1896/759 1037/1897/760 1040/1898/761 1025/1899/762
f 1025/1899/762 1040/1898/761 1039/1900/763 1024/1901/764
f 1024/1902/764 1039/1903/763 1038/1904/765 1023/1905/766
f 1023/1905/766 1038/1904/765 1036/1906/767 1021/1907/768
f 1057/1908/769 1052/1884/749 1055/1887/752 1060/1909/770
f 1060/1909/770 1055/1887/752 1054/1889/754 1059/1910/771
f 1059/1911/771 1054/1890/754 1053/1893/756 1058/1912/772
f 1058/1912/772 1053/1893/756 1051/1895/758 1056/1913/773
f 1037/1897/760 1032/1914/774 1035/1915/775 1040/1898/761
f 1040/1898/761 1035/1915/775 1034/1916/776 1039/1900/763
f 1039/1903/763 1034/1917/776 1033/1918/777 1038/1904/765
f 1038/1904/765 1033/1918/777 1031/1919/778 1036/1906/767
f 1062/1920/779 1057/1908/769 1060/1909/770 1065/1921/780
f 1065/1922/780 1060/1923/770 1059/1911/771 1064/1924/781
f 1064/1924/781 1059/1911/771 1058/1912/772 1063/1925/782
f 1063/1925/782 1058/1912/772 1056/1913/773 1061/1926/783
f 1032/1914/774 1027/1927/784 1030/1928/785 1035/1915/775
f 1035/1929/775 1030/1930/785 1029/1931/786 1034/1917/776
f 1034/1917/776 1029/1931/786 1028/1932/787 1033/1918/777
f 1033/1918/777 1028/1932/787 1026/1933/788 1031/1919/778
f 1047/1934/789 1062/1935/779 1065/1936/780 1050/1937/790
f 1050/1938/791 1065/1922/780 1064/1924/781 1049/1939/792
f 1049/1939/792 1064/1924/781 1063/1925/782 1048/1940/793
f 1048/1940/793 1063/1925/782 1061/1926/783 1046/1941/794
f 1027/1942/784 1017/1943/795 1020/1944/796 1030/1945/785
f 1030/1930/785 1020/1946/797 1019/1947/798 1029/1931/786
f 1029/1931/786 1019/1947/798 1018/1948/799 1028/1932/787
f 1028/1932/787 1018/1948/799 1016/1949/800 1026/1933/788
f 1006/1950/801 1022/1896/759 1025/1899/762 1008/1951/802
f 1008/1951/802 1025/1899/762 1024/1901/764 1009/1952/803
f 1009/1953/803 1024/1902/764 1023/1905/766 1010/1954/804
f 1010/1954/804 1023/1905/766 1021/1907/768 1007/1955/805
f 1042/1885/750 1012/1956/806 1015/1957/807 1045/1886/751
f 1045/1886/751 1015/1957/807 1014/1958/808 1044/1888/753
f 1044/1891/753 1014/1959/808 1013/1960/809 1043/1892/755
f 1043/1892/755 1013/1960/809 1011/1961/810 1041/1894/757
f 956/1864/733 1016/1949/800 1018/1948/799 958/1865/734
f 958/1865/734 1018/1948/799 1019/1947/798 959/1866/735
f 959/1866/735 1019/1947/798 1020/1946/797 960/1867/736
f 960/1869/737 1020/1944/796 1017/1943/795 957/1870/738
f 987/1863/732 1047/1934/789 1050/1937/790 990/1860/731
f 990/1859/730 1050/1938/791 1049/1939/792 989/1858/729
f 989/1858/729 1049/1939/792 1048/1940/793 988/1857/728
f 988/1857/728 1048/1940/793 1046/1941/794 986/1856/727
f 946/1962/679 948/1963/679 949/1964/679 950/1965/679 947/1966/679 951/1967/679 953/1968/679 954/1969/679 955/1970/679 952/1971/679 928/1763/679 927/1760/679
f 962/1829/706 982/1816/695 951/1883/748 947/1877/743
f 926/1972/684 938/1973/684 939/1974/684 1007/1955/805 1021/1907/768 1036/1906/767 1031/1919/778 1026/1933/788 1016/1949/800 956/1864/733 966/1849/722 971/1836/712 976/1819/698 961/1818/697 946/1872/739 927/1975/684
f 986/1856/727 1046/1941/794 1061/1926/783 1056/1913/773 1051/1895/758 1041/1894/757 1011/1961/810 940/1976/685 941/1977/685 929/1978/685 928/1979/685 952/1878/744 981/1807/688 991/1806/687 996/1830/707 1001/1842/717
f 1002/1862/721 967/1871/726 957/1870/738 987/1863/732
f 957/1870/738 1017/1943/795 1047/1934/789 987/1863/732
f 982/1816/695 962/1829/706 977/1828/705 992/1817/696
f 997/1835/711 972/1841/716 967/1855/726 1002/1848/721
f 992/1817/696 977/1828/705 972/1841/716 997/1835/711
f 1006/1980/679 1008/1981/679 1009/1982/679 1010/1983/679 1007/1984/679 939/1785/679 940/1788/679 1011/1985/679 1013/1986/679 1014/1987/679 1015/1988/679 1012/1989/679
f 1022/1896/759 1006/1950/801 1012/1956/806 1042/1885/750
f 1062/1935/779 1047/1934/789 1017/1943/795 1027/1942/784
f 1042/1885/750 1052/1884/749 1037/1897/760 1022/1896/759
f 1057/1908/769 1062/1920/779 1027/1927/784 1032/1914/774
f 1052/1884/749 1057/1908/769 1032/1914/774 1037/1897/760
