Log file open, 01/22/20 15:12:02
LogWindows: Failed to load 'aqProf.dll' (GetLastError=126)
LogWindows: File 'aqProf.dll' does not exist
LogWindows: Failed to load 'VtuneApi.dll' (GetLastError=126)
LogWindows: File 'VtuneApi.dll' does not exist
LogWindows: Failed to load 'VtuneApi32e.dll' (GetLastError=126)
LogWindows: File 'VtuneApi32e.dll' does not exist
LogConsoleResponse: Display: Failed to find resolution value strings in scalability ini. Falling back to default.
LogInit: Display: Running engine for game: Park
LogPlatformFile: Not using cached read wrapper
LogTaskGraph: Started task graph with 5 named threads and 47 total threads with 3 sets of task threads.
LogStats: Stats thread started at 0.084868
LogD3D11RHI: Loaded GFSDK_Aftermath_Lib.x64.dll
LogICUInternationalization: ICU TimeZone Detection - Raw Offset: +0:00, Platform Override: ''
LogPluginManager: Mounting plugin Paper2D
LogPluginManager: Mounting plugin AISupport
LogPluginManager: Mounting plugin LightPropagationVolume
LogPluginManager: Mounting plugin ActorLayerUtilities
LogPluginManager: Mounting plugin AnimationSharing
LogPluginManager: Mounting plugin CLionSourceCodeAccess
LogPluginManager: Mounting plugin CodeLiteSourceCodeAccess
LogPluginManager: Mounting plugin GitSourceControl
LogPluginManager: Mounting plugin KDevelopSourceCodeAccess
LogPluginManager: Mounting plugin NullSourceCodeAccess
LogPluginManager: Mounting plugin PerforceSourceControl
LogPluginManager: Mounting plugin SubversionSourceControl
LogPluginManager: Mounting plugin UObjectPlugin
LogPluginManager: Mounting plugin VisualStudioCodeSourceCodeAccess
LogPluginManager: Mounting plugin VisualStudioSourceCodeAccess
LogPluginManager: Mounting plugin XCodeSourceCodeAccess
LogPluginManager: Mounting plugin AssetManagerEditor
LogPluginManager: Mounting plugin CryptoKeys
LogPluginManager: Mounting plugin CurveEditorTools
LogPluginManager: Mounting plugin DataValidation
LogPluginManager: Mounting plugin FacialAnimation
LogPluginManager: Mounting plugin GameplayTagsEditor
LogPluginManager: Mounting plugin MacGraphicsSwitching
LogPluginManager: Mounting plugin MaterialAnalyzer
LogPluginManager: Mounting plugin MobileLauncherProfileWizard
LogPluginManager: Mounting plugin PluginBrowser
LogPluginManager: Mounting plugin SpeedTreeImporter
LogPluginManager: Mounting plugin DatasmithContent
LogPluginManager: Mounting plugin VariantManagerContent
LogPluginManager: Mounting plugin AlembicImporter
LogPluginManager: Mounting plugin AutomationUtils
LogPluginManager: Mounting plugin BackChannel
LogPluginManager: Mounting plugin CharacterAI
LogPluginManager: Mounting plugin GeometryCache
LogPluginManager: Mounting plugin HTML5Networking
LogPluginManager: Mounting plugin PlatformCrypto
LogPluginManager: Mounting plugin ProxyLODPlugin
LogPluginManager: Mounting plugin SkeletalReduction
LogPluginManager: Mounting plugin MagicLeap
LogPluginManager: Mounting plugin MagicLeapMedia
LogPluginManager: Mounting plugin AndroidMedia
LogPluginManager: Mounting plugin AvfMedia
LogPluginManager: Mounting plugin ImgMedia
LogPluginManager: Mounting plugin MediaCompositing
LogPluginManager: Mounting plugin MediaPlayerEditor
LogPluginManager: Mounting plugin WebMMedia
LogPluginManager: Mounting plugin WmfMedia
LogPluginManager: Mounting plugin TcpMessaging
LogPluginManager: Mounting plugin UdpMessaging
LogPluginManager: Mounting plugin ActorSequence
LogPluginManager: Mounting plugin LevelSequenceEditor
LogPluginManager: Mounting plugin MatineeToLevelSequence
LogPluginManager: Mounting plugin NetcodeUnitTest
LogPluginManager: Mounting plugin NUTUnrealEngine4
LogPluginManager: Mounting plugin OnlineSubsystemGooglePlay
LogPluginManager: Mounting plugin OnlineSubsystemIOS
LogPluginManager: Mounting plugin OnlineSubsystem
LogPluginManager: Mounting plugin OnlineSubsystemNull
LogPluginManager: Mounting plugin OnlineSubsystemUtils
LogPluginManager: Mounting plugin LauncherChunkInstaller
LogPluginManager: Mounting plugin AndroidDeviceProfileSelector
LogPluginManager: Mounting plugin AndroidMoviePlayer
LogPluginManager: Mounting plugin AndroidPermission
LogPluginManager: Mounting plugin AppleImageUtils
LogPluginManager: Mounting plugin AppleMoviePlayer
LogPluginManager: Mounting plugin ArchVisCharacter
LogPluginManager: Mounting plugin AudioCapture
LogPluginManager: Mounting plugin CableComponent
LogPluginManager: Mounting plugin CustomMeshComponent
LogPluginManager: Mounting plugin EditableMesh
LogPluginManager: Mounting plugin ExampleDeviceProfileSelector
LogPluginManager: Mounting plugin GoogleCloudMessaging
LogPluginManager: Mounting plugin IOSDeviceProfileSelector
LogPluginManager: Mounting plugin LinuxDeviceProfileSelector
LogPluginManager: Mounting plugin LocationServicesBPLibrary
LogPluginManager: Mounting plugin MobilePatchingUtils
LogPluginManager: Mounting plugin OculusVR
LogPluginManager: Mounting plugin PhysXVehicles
LogPluginManager: Mounting plugin ProceduralMeshComponent
LogPluginManager: Mounting plugin RuntimePhysXCooking
LogPluginManager: Mounting plugin SignificanceManager
LogPluginManager: Mounting plugin SteamVR
LogPluginManager: Mounting plugin WebMMoviePlayer
LogPluginManager: Mounting plugin WindowsMoviePlayer
LogPluginManager: Mounting plugin ScreenshotTools
LogInit: Using libcurl 7.55.1-DEV
LogInit:  - built for x86_64-pc-win32
LogInit:  - supports SSL with OpenSSL/1.1.1
LogInit:  - supports HTTP deflate (compression) using libz 1.2.8
LogInit:  - other features:
LogInit:      CURL_VERSION_SSL
LogInit:      CURL_VERSION_LIBZ
LogInit:      CURL_VERSION_IPV6
LogInit:      CURL_VERSION_ASYNCHDNS
LogInit:      CURL_VERSION_LARGEFILE
LogInit:      CURL_VERSION_IDN
LogInit:  CurlRequestOptions (configurable via config and command line):
LogInit:  - bVerifyPeer = true  - Libcurl will verify peer certificate
LogInit:  - bUseHttpProxy = false  - Libcurl will NOT use HTTP proxy
LogInit:  - bDontReuseConnections = false  - Libcurl will reuse connections
LogInit:  - MaxHostConnections = 16  - Libcurl will limit the number of connections to a host
LogInit:  - LocalHostAddr = Default
LogInit:  - BufferSize = 65536
LogOnline: OSS: Creating online subsystem instance for: NULL
LogInit: WinSock: version 1.1 (2.2), MaxSocks=32767, MaxUdp=65467
LogInit: Build: ++UE4+Release-4.23-CL-9631420
LogInit: Engine Version: 4.23.1-9631420+++UE4+Release-4.23
LogInit: Compatible Engine Version: 4.23.0-8386587+++UE4+Release-4.23
LogInit: Net CL: 8386587
LogInit: OS: Windows 10 (Release 1909) (), CPU: Intel(R) Core(TM) i7-7820X CPU @ 3.60GHz, GPU: NVIDIA GeForce GTX 1080 Ti
LogInit: Compiled (64-bit): Oct 18 2019 02:07:44
LogInit: Compiled with Visual C++: 19.16.27030.01
LogInit: Build Configuration: Development
LogInit: Branch Name: ++UE4+Release-4.23
LogInit: Command Line:  -EpicPortal -epicusername=JonathanHarg -epicuserid=0382994034dc4f6bbe5c05cbae825090 -epiclocale=en-GB
LogInit: Base Directory: D:/UE_4.23/Engine/Binaries/Win64/
LogInit: Installed Engine Build: 1
LogDevObjectVersion: Number of dev versions registered: 23
LogDevObjectVersion:   Dev-Blueprints (B0D832E4-1F89-4F0D-ACCF-7EB736FD4AA2): 10
LogDevObjectVersion:   Dev-Build (E1C64328-A22C-4D53-A36C-8E866417BD8C): 0
LogDevObjectVersion:   Dev-Core (375EC13C-06E4-48FB-B500-84F0262A717E): 3
LogDevObjectVersion:   Dev-Editor (E4B068ED-F494-42E9-A231-DA0B2E46BB41): 34
LogDevObjectVersion:   Dev-Framework (CFFC743F-43B0-4480-9391-14DF171D2073): 35
LogDevObjectVersion:   Dev-Mobile (B02B49B5-BB20-44E9-A304-32B752E40360): 2
LogDevObjectVersion:   Dev-Networking (A4E4105C-59A1-49B5-A7C5-40C4547EDFEE): 0
LogDevObjectVersion:   Dev-Online (39C831C9-5AE6-47DC-9A44-9C173E1C8E7C): 0
LogDevObjectVersion:   Dev-Physics (78F01B33-EBEA-4F98-B9B4-84EACCB95AA2): 0
LogDevObjectVersion:   Dev-Platform (6631380F-2D4D-43E0-8009-CF276956A95A): 0
LogDevObjectVersion:   Dev-Rendering (12F88B9F-8875-4AFC-A67C-D90C383ABD29): 31
LogDevObjectVersion:   Dev-Sequencer (7B5AE74C-D270-4C10-A958-57980B212A5A): 11
LogDevObjectVersion:   Dev-VR (D7296918-1DD6-4BDD-9DE2-64A83CC13884): 2
LogDevObjectVersion:   Dev-LoadTimes (C2A15278-BFE7-4AFE-6C17-90FF531DF755): 1
LogDevObjectVersion:   Private-Geometry (6EACA3D4-40EC-4CC1-B786-8BED09428FC5): 3
LogDevObjectVersion:   Dev-AnimPhys (29E575DD-E0A3-4627-9D10-D276232CDCEA): 17
LogDevObjectVersion:   Dev-Anim (AF43A65D-7FD3-4947-9873-3E8ED9C1BB05): 2
LogDevObjectVersion:   Dev-ReflectionCapture (6B266CEC-1EC7-4B8F-A30B-E4D90942FC07): 1
LogDevObjectVersion:   Dev-Automation (0DF73D61-A23F-47EA-B727-89E90C41499A): 1
LogDevObjectVersion:   FortniteMain (601D1886-AC64-4F84-AA16-D3DE0DEAC7D6): 27
LogDevObjectVersion:   Dev-Enterprise (9DFFBCD6-494F-0158-E221-12823C92A888): 6
LogDevObjectVersion:   Dev-Niagara (F2AED0AC-9AFE-416F-8664-AA7FFA26D6FC): 1
LogDevObjectVersion:   Dev-Destruction (174F1F0B-B4C6-45A5-B13F-2EE8D0FB917D): 9
LogInit: Presizing for max 16777216 objects, including 0 objects not considered by GC, pre-allocating 0 bytes for permanent pool.
LogInit: Object subsystem initialized
LogConfig: Setting CVar [[con.DebugEarlyDefault:1]]
LogConfig: Setting CVar [[r.setres:1280x720]]
[2020.01.22-15.12.02:247][  0]LogConfig: Setting CVar [[r.VSync:0]]
[2020.01.22-15.12.02:247][  0]LogConfig: Setting CVar [[r.RHICmdBypass:0]]
[2020.01.22-15.12.02:247][  0]LogConfig: Applying CVar settings from Section [/Script/Engine.RendererSettings] File [D:/Art/Park_SFAS/Park/Saved/Config/Windows/Engine.ini]
[2020.01.22-15.12.02:247][  0]LogConfig: Setting CVar [[r.GPUCrashDebugging:0]]
[2020.01.22-15.12.02:247][  0]LogConfig: Setting CVar [[r.DefaultFeature.AutoExposure.ExtendDefaultLuminanceRange:1]]
[2020.01.22-15.12.02:247][  0]LogConfig: Applying CVar settings from Section [/Script/Engine.RendererOverrideSettings] File [D:/Art/Park_SFAS/Park/Saved/Config/Windows/Engine.ini]
[2020.01.22-15.12.02:247][  0]LogConfig: Applying CVar settings from Section [/Script/Engine.StreamingSettings] File [D:/Art/Park_SFAS/Park/Saved/Config/Windows/Engine.ini]
[2020.01.22-15.12.02:247][  0]LogConfig: Setting CVar [[s.MinBulkDataSizeForAsyncLoading:131072]]
[2020.01.22-15.12.02:247][  0]LogConfig: Setting CVar [[s.AsyncLoadingThreadEnabled:0]]
[2020.01.22-15.12.02:247][  0]LogConfig: Setting CVar [[s.EventDrivenLoaderEnabled:1]]
[2020.01.22-15.12.02:247][  0]LogConfig: Setting CVar [[s.WarnIfTimeLimitExceeded:0]]
[2020.01.22-15.12.02:247][  0]LogConfig: Setting CVar [[s.TimeLimitExceededMultiplier:1.5]]
[2020.01.22-15.12.02:247][  0]LogConfig: Setting CVar [[s.TimeLimitExceededMinTime:0.005]]
[2020.01.22-15.12.02:247][  0]LogConfig: Setting CVar [[s.UseBackgroundLevelStreaming:1]]
[2020.01.22-15.12.02:247][  0]LogConfig: Setting CVar [[s.PriorityAsyncLoadingExtraTime:15.0]]
[2020.01.22-15.12.02:247][  0]LogConfig: Setting CVar [[s.LevelStreamingActorsUpdateTimeLimit:5.0]]
[2020.01.22-15.12.02:247][  0]LogConfig: Setting CVar [[s.PriorityLevelStreamingActorsUpdateExtraTime:5.0]]
[2020.01.22-15.12.02:247][  0]LogConfig: Setting CVar [[s.LevelStreamingComponentsRegistrationGranularity:10]]
[2020.01.22-15.12.02:247][  0]LogConfig: Setting CVar [[s.UnregisterComponentsTimeLimit:1.0]]
[2020.01.22-15.12.02:247][  0]LogConfig: Setting CVar [[s.LevelStreamingComponentsUnregistrationGranularity:5]]
[2020.01.22-15.12.02:247][  0]LogConfig: Applying CVar settings from Section [/Script/Engine.GarbageCollectionSettings] File [D:/Art/Park_SFAS/Park/Saved/Config/Windows/Engine.ini]
[2020.01.22-15.12.02:247][  0]LogConfig: Setting CVar [[gc.MaxObjectsNotConsideredByGC:1]]
[2020.01.22-15.12.02:247][  0]LogConfig: Setting CVar [[gc.SizeOfPermanentObjectPool:0]]
[2020.01.22-15.12.02:247][  0]LogConfig: Setting CVar [[gc.FlushStreamingOnGC:0]]
[2020.01.22-15.12.02:247][  0]LogConfig: Setting CVar [[gc.NumRetriesBeforeForcingGC:10]]
[2020.01.22-15.12.02:247][  0]LogConfig: Setting CVar [[gc.AllowParallelGC:1]]
[2020.01.22-15.12.02:247][  0]LogConfig: Setting CVar [[gc.TimeBetweenPurgingPendingKillObjects:61.1]]
[2020.01.22-15.12.02:247][  0]LogConfig: Setting CVar [[gc.MaxObjectsInEditor:16777216]]
[2020.01.22-15.12.02:247][  0]LogConfig: Setting CVar [[gc.IncrementalBeginDestroyEnabled:1]]
[2020.01.22-15.12.02:247][  0]LogConfig: Setting CVar [[gc.CreateGCClusters:1]]
[2020.01.22-15.12.02:247][  0]LogConfig: Setting CVar [[gc.MinGCClusterSize:5]]
[2020.01.22-15.12.02:247][  0]LogConfig: Setting CVar [[gc.ActorClusteringEnabled:0]]
[2020.01.22-15.12.02:247][  0]LogConfig: Setting CVar [[gc.BlueprintClusteringEnabled:0]]
[2020.01.22-15.12.02:247][  0]LogConfig: Setting CVar [[gc.UseDisregardForGCOnDedicatedServers:0]]
[2020.01.22-15.12.02:247][  0]LogConfig: Applying CVar settings from Section [/Script/Engine.NetworkSettings] File [D:/Art/Park_SFAS/Park/Saved/Config/Windows/Engine.ini]
[2020.01.22-15.12.02:247][  0]LogConfig: Applying CVar settings from Section [/Script/UnrealEd.CookerSettings] File [D:/Art/Park_SFAS/Park/Saved/Config/Windows/Engine.ini]
[2020.01.22-15.12.02:257][  0]LogConfig: Applying CVar settings from Section [ViewDistanceQuality@3] File [D:/Art/Park_SFAS/Park/Saved/Config/Windows/Scalability.ini]
[2020.01.22-15.12.02:257][  0]LogConfig: Setting CVar [[r.SkeletalMeshLODBias:0]]
[2020.01.22-15.12.02:257][  0]LogConfig: Setting CVar [[r.ViewDistanceScale:1.0]]
[2020.01.22-15.12.02:257][  0]LogConfig: Applying CVar settings from Section [AntiAliasingQuality@3] File [D:/Art/Park_SFAS/Park/Saved/Config/Windows/Scalability.ini]
[2020.01.22-15.12.02:257][  0]LogConfig: Setting CVar [[r.PostProcessAAQuality:4]]
[2020.01.22-15.12.02:257][  0]LogConfig: Applying CVar settings from Section [ShadowQuality@3] File [D:/Art/Park_SFAS/Park/Saved/Config/Windows/Scalability.ini]
[2020.01.22-15.12.02:257][  0]LogConfig: Setting CVar [[r.LightFunctionQuality:1]]
[2020.01.22-15.12.02:257][  0]LogConfig: Setting CVar [[r.ShadowQuality:5]]
[2020.01.22-15.12.02:257][  0]LogConfig: Setting CVar [[r.Shadow.CSM.MaxCascades:10]]
[2020.01.22-15.12.02:258][  0]LogConfig: Setting CVar [[r.Shadow.MaxResolution:2048]]
[2020.01.22-15.12.02:258][  0]LogConfig: Setting CVar [[r.Shadow.MaxCSMResolution:2048]]
[2020.01.22-15.12.02:258][  0]LogConfig: Setting CVar [[r.Shadow.RadiusThreshold:0.01]]
[2020.01.22-15.12.02:258][  0]LogConfig: Setting CVar [[r.Shadow.DistanceScale:1.0]]
[2020.01.22-15.12.02:258][  0]LogConfig: Setting CVar [[r.Shadow.CSM.TransitionScale:1.0]]
[2020.01.22-15.12.02:258][  0]LogConfig: Setting CVar [[r.Shadow.PreShadowResolutionFactor:1.0]]
[2020.01.22-15.12.02:258][  0]LogConfig: Setting CVar [[r.DistanceFieldShadowing:1]]
[2020.01.22-15.12.02:258][  0]LogConfig: Setting CVar [[r.DistanceFieldAO:1]]
[2020.01.22-15.12.02:258][  0]LogConfig: Setting CVar [[r.AOQuality:2]]
[2020.01.22-15.12.02:258][  0]LogConfig: Setting CVar [[r.VolumetricFog:1]]
[2020.01.22-15.12.02:258][  0]LogConfig: Setting CVar [[r.VolumetricFog.GridPixelSize:8]]
[2020.01.22-15.12.02:258][  0]LogConfig: Setting CVar [[r.VolumetricFog.GridSizeZ:128]]
[2020.01.22-15.12.02:258][  0]LogConfig: Setting CVar [[r.VolumetricFog.HistoryMissSupersampleCount:4]]
[2020.01.22-15.12.02:258][  0]LogConfig: Setting CVar [[r.LightMaxDrawDistanceScale:1]]
[2020.01.22-15.12.02:258][  0]LogConfig: Setting CVar [[r.CapsuleShadows:1]]
[2020.01.22-15.12.02:258][  0]LogConfig: Applying CVar settings from Section [PostProcessQuality@3] File [D:/Art/Park_SFAS/Park/Saved/Config/Windows/Scalability.ini]
[2020.01.22-15.12.02:258][  0]LogConfig: Setting CVar [[r.MotionBlurQuality:4]]
[2020.01.22-15.12.02:258][  0]LogConfig: Setting CVar [[r.AmbientOcclusionMipLevelFactor:0.4]]
[2020.01.22-15.12.02:258][  0]LogConfig: Setting CVar [[r.AmbientOcclusionMaxQuality:100]]
[2020.01.22-15.12.02:258][  0]LogConfig: Setting CVar [[r.AmbientOcclusionLevels:-1]]
[2020.01.22-15.12.02:258][  0]LogConfig: Setting CVar [[r.AmbientOcclusionRadiusScale:1.0]]
[2020.01.22-15.12.02:258][  0]LogConfig: Setting CVar [[r.DepthOfFieldQuality:2]]
[2020.01.22-15.12.02:258][  0]LogConfig: Setting CVar [[r.RenderTargetPoolMin:400]]
[2020.01.22-15.12.02:258][  0]LogConfig: Setting CVar [[r.LensFlareQuality:2]]
[2020.01.22-15.12.02:258][  0]LogConfig: Setting CVar [[r.SceneColorFringeQuality:1]]
[2020.01.22-15.12.02:258][  0]LogConfig: Setting CVar [[r.EyeAdaptationQuality:2]]
[2020.01.22-15.12.02:258][  0]LogConfig: Setting CVar [[r.BloomQuality:5]]
[2020.01.22-15.12.02:258][  0]LogConfig: Setting CVar [[r.FastBlurThreshold:100]]
[2020.01.22-15.12.02:258][  0]LogConfig: Setting CVar [[r.Upscale.Quality:3]]
[2020.01.22-15.12.02:258][  0]LogConfig: Setting CVar [[r.Tonemapper.GrainQuantization:1]]
[2020.01.22-15.12.02:258][  0]LogConfig: Setting CVar [[r.LightShaftQuality:1]]
[2020.01.22-15.12.02:258][  0]LogConfig: Setting CVar [[r.Filter.SizeScale:1]]
[2020.01.22-15.12.02:258][  0]LogConfig: Setting CVar [[r.Tonemapper.Quality:5]]
[2020.01.22-15.12.02:258][  0]LogConfig: Setting CVar [[r.DOF.Gather.AccumulatorQuality:1        ; higher gathering accumulator quality]]
[2020.01.22-15.12.02:258][  0]LogConfig: Setting CVar [[r.DOF.Gather.PostfilterMethod:1          ; Median3x3 postfilering method]]
[2020.01.22-15.12.02:258][  0]LogConfig: Setting CVar [[r.DOF.Gather.EnableBokehSettings:0       ; no bokeh simulation when gathering]]
[2020.01.22-15.12.02:258][  0]LogConfig: Setting CVar [[r.DOF.Gather.RingCount:4                 ; medium number of samples when gathering]]
[2020.01.22-15.12.02:258][  0]LogConfig: Setting CVar [[r.DOF.Scatter.ForegroundCompositing:1    ; additive foreground scattering]]
[2020.01.22-15.12.02:258][  0]LogConfig: Setting CVar [[r.DOF.Scatter.BackgroundCompositing:2    ; additive background scattering]]
[2020.01.22-15.12.02:258][  0]LogConfig: Setting CVar [[r.DOF.Scatter.EnableBokehSettings:1      ; bokeh simulation when scattering]]
[2020.01.22-15.12.02:258][  0]LogConfig: Setting CVar [[r.DOF.Scatter.MaxSpriteRatio:0.1         ; only a maximum of 10% of scattered bokeh]]
[2020.01.22-15.12.02:258][  0]LogConfig: Setting CVar [[r.DOF.Recombine.Quality:1                ; cheap slight out of focus]]
[2020.01.22-15.12.02:258][  0]LogConfig: Setting CVar [[r.DOF.Recombine.EnableBokehSettings:0    ; no bokeh simulation on slight out of focus]]
[2020.01.22-15.12.02:258][  0]LogConfig: Setting CVar [[r.DOF.TemporalAAQuality:1                ; more stable temporal accumulation]]
[2020.01.22-15.12.02:258][  0]LogConfig: Setting CVar [[r.DOF.Kernel.MaxForegroundRadius:0.025]]
[2020.01.22-15.12.02:258][  0]LogConfig: Setting CVar [[r.DOF.Kernel.MaxBackgroundRadius:0.025]]
[2020.01.22-15.12.02:258][  0]LogConfig: Applying CVar settings from Section [TextureQuality@3] File [D:/Art/Park_SFAS/Park/Saved/Config/Windows/Scalability.ini]
[2020.01.22-15.12.02:258][  0]LogConfig: Setting CVar [[r.Streaming.MipBias:0]]
[2020.01.22-15.12.02:258][  0]LogConfig: Setting CVar [[r.Streaming.AmortizeCPUToGPUCopy:0]]
[2020.01.22-15.12.02:258][  0]LogConfig: Setting CVar [[r.Streaming.MaxNumTexturesToStreamPerFrame:0]]
[2020.01.22-15.12.02:258][  0]LogConfig: Setting CVar [[r.Streaming.Boost:1]]
[2020.01.22-15.12.02:258][  0]LogConfig: Setting CVar [[r.MaxAnisotropy:8]]
[2020.01.22-15.12.02:258][  0]LogConfig: Setting CVar [[r.Streaming.LimitPoolSizeToVRAM:0]]
[2020.01.22-15.12.02:258][  0]LogConfig: Setting CVar [[r.Streaming.PoolSize:1000]]
[2020.01.22-15.12.02:258][  0]LogConfig: Setting CVar [[r.Streaming.MaxEffectiveScreenSize:0]]
[2020.01.22-15.12.02:258][  0]LogConfig: Applying CVar settings from Section [EffectsQuality@3] File [D:/Art/Park_SFAS/Park/Saved/Config/Windows/Scalability.ini]
[2020.01.22-15.12.02:258][  0]LogConfig: Setting CVar [[r.TranslucencyLightingVolumeDim:64]]
[2020.01.22-15.12.02:258][  0]LogConfig: Setting CVar [[r.RefractionQuality:2]]
[2020.01.22-15.12.02:258][  0]LogConfig: Setting CVar [[r.SSR.Quality:3]]
[2020.01.22-15.12.02:258][  0]LogConfig: Setting CVar [[r.SceneColorFormat:4]]
[2020.01.22-15.12.02:258][  0]LogConfig: Setting CVar [[r.DetailMode:2]]
[2020.01.22-15.12.02:258][  0]LogConfig: Setting CVar [[r.TranslucencyVolumeBlur:1]]
[2020.01.22-15.12.02:258][  0]LogConfig: Setting CVar [[r.MaterialQualityLevel:1 ; High quality]]
[2020.01.22-15.12.02:258][  0]LogConfig: Setting CVar [[r.SSS.Scale:1]]
[2020.01.22-15.12.02:258][  0]LogConfig: Setting CVar [[r.SSS.SampleSet:2]]
[2020.01.22-15.12.02:258][  0]LogConfig: Setting CVar [[r.SSS.Quality:1]]
[2020.01.22-15.12.02:258][  0]LogConfig: Setting CVar [[r.SSS.HalfRes:1]]
[2020.01.22-15.12.02:258][  0]LogConfig: Setting CVar [[r.EmitterSpawnRateScale:1.0]]
[2020.01.22-15.12.02:258][  0]LogConfig: Setting CVar [[r.ParticleLightQuality:2]]
[2020.01.22-15.12.02:259][  0]LogConfig: Applying CVar settings from Section [FoliageQuality@3] File [D:/Art/Park_SFAS/Park/Saved/Config/Windows/Scalability.ini]
[2020.01.22-15.12.02:259][  0]LogConfig: Setting CVar [[foliage.DensityScale:1.0]]
[2020.01.22-15.12.02:259][  0]LogConfig: Setting CVar [[grass.DensityScale:1.0]]
[2020.01.22-15.12.02:259][  0]LogInit: Selected Device Profile: [Windows]
[2020.01.22-15.12.02:259][  0]LogInit: Applying CVar settings loaded from the selected device profile: [Windows]
[2020.01.22-15.12.02:261][  0]LogHAL: Display: Platform has ~ 32 GB [34014822400 / 34359738368 / 32], which maps to Largest [LargestMinGB=32, LargerMinGB=12, DefaultMinGB=8, SmallerMinGB=6, SmallestMinGB=0)
[2020.01.22-15.12.02:261][  0]LogInit: Going up to parent DeviceProfile []
[2020.01.22-15.12.02:261][  0]LogConfig: Applying CVar settings from Section [ViewDistanceQuality@3] File [D:/Art/Park_SFAS/Park/Saved/Config/Windows/Scalability.ini]
[2020.01.22-15.12.02:261][  0]LogConfig: Setting CVar [[r.SkeletalMeshLODBias:0]]
[2020.01.22-15.12.02:261][  0]LogConfig: Setting CVar [[r.ViewDistanceScale:1.0]]
[2020.01.22-15.12.02:261][  0]LogConfig: Applying CVar settings from Section [AntiAliasingQuality@3] File [D:/Art/Park_SFAS/Park/Saved/Config/Windows/Scalability.ini]
[2020.01.22-15.12.02:261][  0]LogConfig: Setting CVar [[r.PostProcessAAQuality:4]]
[2020.01.22-15.12.02:261][  0]LogConfig: Applying CVar settings from Section [ShadowQuality@3] File [D:/Art/Park_SFAS/Park/Saved/Config/Windows/Scalability.ini]
[2020.01.22-15.12.02:261][  0]LogConfig: Setting CVar [[r.LightFunctionQuality:1]]
[2020.01.22-15.12.02:261][  0]LogConfig: Setting CVar [[r.ShadowQuality:5]]
[2020.01.22-15.12.02:261][  0]LogConfig: Setting CVar [[r.Shadow.CSM.MaxCascades:10]]
[2020.01.22-15.12.02:261][  0]LogConfig: Setting CVar [[r.Shadow.MaxResolution:2048]]
[2020.01.22-15.12.02:261][  0]LogConfig: Setting CVar [[r.Shadow.MaxCSMResolution:2048]]
[2020.01.22-15.12.02:261][  0]LogConfig: Setting CVar [[r.Shadow.RadiusThreshold:0.01]]
[2020.01.22-15.12.02:261][  0]LogConfig: Setting CVar [[r.Shadow.DistanceScale:1.0]]
[2020.01.22-15.12.02:261][  0]LogConfig: Setting CVar [[r.Shadow.CSM.TransitionScale:1.0]]
[2020.01.22-15.12.02:261][  0]LogConfig: Setting CVar [[r.Shadow.PreShadowResolutionFactor:1.0]]
[2020.01.22-15.12.02:261][  0]LogConfig: Setting CVar [[r.DistanceFieldShadowing:1]]
[2020.01.22-15.12.02:261][  0]LogConfig: Setting CVar [[r.DistanceFieldAO:1]]
[2020.01.22-15.12.02:261][  0]LogConfig: Setting CVar [[r.AOQuality:2]]
[2020.01.22-15.12.02:261][  0]LogConfig: Setting CVar [[r.VolumetricFog:1]]
[2020.01.22-15.12.02:261][  0]LogConfig: Setting CVar [[r.VolumetricFog.GridPixelSize:8]]
[2020.01.22-15.12.02:261][  0]LogConfig: Setting CVar [[r.VolumetricFog.GridSizeZ:128]]
[2020.01.22-15.12.02:261][  0]LogConfig: Setting CVar [[r.VolumetricFog.HistoryMissSupersampleCount:4]]
[2020.01.22-15.12.02:261][  0]LogConfig: Setting CVar [[r.LightMaxDrawDistanceScale:1]]
[2020.01.22-15.12.02:261][  0]LogConfig: Setting CVar [[r.CapsuleShadows:1]]
[2020.01.22-15.12.02:261][  0]LogConfig: Applying CVar settings from Section [PostProcessQuality@3] File [D:/Art/Park_SFAS/Park/Saved/Config/Windows/Scalability.ini]
[2020.01.22-15.12.02:261][  0]LogConfig: Setting CVar [[r.MotionBlurQuality:4]]
[2020.01.22-15.12.02:261][  0]LogConfig: Setting CVar [[r.AmbientOcclusionMipLevelFactor:0.4]]
[2020.01.22-15.12.02:262][  0]LogConfig: Setting CVar [[r.AmbientOcclusionMaxQuality:100]]
[2020.01.22-15.12.02:262][  0]LogConfig: Setting CVar [[r.AmbientOcclusionLevels:-1]]
[2020.01.22-15.12.02:262][  0]LogConfig: Setting CVar [[r.AmbientOcclusionRadiusScale:1.0]]
[2020.01.22-15.12.02:262][  0]LogConfig: Setting CVar [[r.DepthOfFieldQuality:2]]
[2020.01.22-15.12.02:262][  0]LogConfig: Setting CVar [[r.RenderTargetPoolMin:400]]
[2020.01.22-15.12.02:262][  0]LogConfig: Setting CVar [[r.LensFlareQuality:2]]
[2020.01.22-15.12.02:262][  0]LogConfig: Setting CVar [[r.SceneColorFringeQuality:1]]
[2020.01.22-15.12.02:262][  0]LogConfig: Setting CVar [[r.EyeAdaptationQuality:2]]
[2020.01.22-15.12.02:262][  0]LogConfig: Setting CVar [[r.BloomQuality:5]]
[2020.01.22-15.12.02:262][  0]LogConfig: Setting CVar [[r.FastBlurThreshold:100]]
[2020.01.22-15.12.02:262][  0]LogConfig: Setting CVar [[r.Upscale.Quality:3]]
[2020.01.22-15.12.02:262][  0]LogConfig: Setting CVar [[r.Tonemapper.GrainQuantization:1]]
[2020.01.22-15.12.02:262][  0]LogConfig: Setting CVar [[r.LightShaftQuality:1]]
[2020.01.22-15.12.02:262][  0]LogConfig: Setting CVar [[r.Filter.SizeScale:1]]
[2020.01.22-15.12.02:262][  0]LogConfig: Setting CVar [[r.Tonemapper.Quality:5]]
[2020.01.22-15.12.02:262][  0]LogConfig: Setting CVar [[r.DOF.Gather.AccumulatorQuality:1        ; higher gathering accumulator quality]]
[2020.01.22-15.12.02:262][  0]LogConfig: Setting CVar [[r.DOF.Gather.PostfilterMethod:1          ; Median3x3 postfilering method]]
[2020.01.22-15.12.02:262][  0]LogConfig: Setting CVar [[r.DOF.Gather.EnableBokehSettings:0       ; no bokeh simulation when gathering]]
[2020.01.22-15.12.02:262][  0]LogConfig: Setting CVar [[r.DOF.Gather.RingCount:4                 ; medium number of samples when gathering]]
[2020.01.22-15.12.02:262][  0]LogConfig: Setting CVar [[r.DOF.Scatter.ForegroundCompositing:1    ; additive foreground scattering]]
[2020.01.22-15.12.02:262][  0]LogConfig: Setting CVar [[r.DOF.Scatter.BackgroundCompositing:2    ; additive background scattering]]
[2020.01.22-15.12.02:262][  0]LogConfig: Setting CVar [[r.DOF.Scatter.EnableBokehSettings:1      ; bokeh simulation when scattering]]
[2020.01.22-15.12.02:262][  0]LogConfig: Setting CVar [[r.DOF.Scatter.MaxSpriteRatio:0.1         ; only a maximum of 10% of scattered bokeh]]
[2020.01.22-15.12.02:262][  0]LogConfig: Setting CVar [[r.DOF.Recombine.Quality:1                ; cheap slight out of focus]]
[2020.01.22-15.12.02:262][  0]LogConfig: Setting CVar [[r.DOF.Recombine.EnableBokehSettings:0    ; no bokeh simulation on slight out of focus]]
[2020.01.22-15.12.02:262][  0]LogConfig: Setting CVar [[r.DOF.TemporalAAQuality:1                ; more stable temporal accumulation]]
[2020.01.22-15.12.02:262][  0]LogConfig: Setting CVar [[r.DOF.Kernel.MaxForegroundRadius:0.025]]
[2020.01.22-15.12.02:262][  0]LogConfig: Setting CVar [[r.DOF.Kernel.MaxBackgroundRadius:0.025]]
[2020.01.22-15.12.02:262][  0]LogConfig: Applying CVar settings from Section [TextureQuality@3] File [D:/Art/Park_SFAS/Park/Saved/Config/Windows/Scalability.ini]
[2020.01.22-15.12.02:262][  0]LogConfig: Setting CVar [[r.Streaming.MipBias:0]]
[2020.01.22-15.12.02:262][  0]LogConfig: Setting CVar [[r.Streaming.AmortizeCPUToGPUCopy:0]]
[2020.01.22-15.12.02:262][  0]LogConfig: Setting CVar [[r.Streaming.MaxNumTexturesToStreamPerFrame:0]]
[2020.01.22-15.12.02:262][  0]LogConfig: Setting CVar [[r.Streaming.Boost:1]]
[2020.01.22-15.12.02:262][  0]LogConfig: Setting CVar [[r.MaxAnisotropy:8]]
[2020.01.22-15.12.02:262][  0]LogConfig: Setting CVar [[r.Streaming.LimitPoolSizeToVRAM:0]]
[2020.01.22-15.12.02:262][  0]LogConfig: Setting CVar [[r.Streaming.PoolSize:1000]]
[2020.01.22-15.12.02:262][  0]LogConfig: Setting CVar [[r.Streaming.MaxEffectiveScreenSize:0]]
[2020.01.22-15.12.02:262][  0]LogConfig: Applying CVar settings from Section [EffectsQuality@3] File [D:/Art/Park_SFAS/Park/Saved/Config/Windows/Scalability.ini]
[2020.01.22-15.12.02:262][  0]LogConfig: Setting CVar [[r.TranslucencyLightingVolumeDim:64]]
[2020.01.22-15.12.02:262][  0]LogConfig: Setting CVar [[r.RefractionQuality:2]]
[2020.01.22-15.12.02:262][  0]LogConfig: Setting CVar [[r.SSR.Quality:3]]
[2020.01.22-15.12.02:262][  0]LogConfig: Setting CVar [[r.SceneColorFormat:4]]
[2020.01.22-15.12.02:262][  0]LogConfig: Setting CVar [[r.DetailMode:2]]
[2020.01.22-15.12.02:262][  0]LogConfig: Setting CVar [[r.TranslucencyVolumeBlur:1]]
[2020.01.22-15.12.02:262][  0]LogConfig: Setting CVar [[r.MaterialQualityLevel:1 ; High quality]]
[2020.01.22-15.12.02:262][  0]LogConfig: Setting CVar [[r.SSS.Scale:1]]
[2020.01.22-15.12.02:262][  0]LogConfig: Setting CVar [[r.SSS.SampleSet:2]]
[2020.01.22-15.12.02:262][  0]LogConfig: Setting CVar [[r.SSS.Quality:1]]
[2020.01.22-15.12.02:262][  0]LogConfig: Setting CVar [[r.SSS.HalfRes:1]]
[2020.01.22-15.12.02:262][  0]LogConfig: Setting CVar [[r.EmitterSpawnRateScale:1.0]]
[2020.01.22-15.12.02:262][  0]LogConfig: Setting CVar [[r.ParticleLightQuality:2]]
[2020.01.22-15.12.02:262][  0]LogConfig: Applying CVar settings from Section [FoliageQuality@3] File [D:/Art/Park_SFAS/Park/Saved/Config/Windows/Scalability.ini]
[2020.01.22-15.12.02:262][  0]LogConfig: Setting CVar [[foliage.DensityScale:1.0]]
[2020.01.22-15.12.02:262][  0]LogConfig: Setting CVar [[grass.DensityScale:1.0]]
[2020.01.22-15.12.02:262][  0]LogConfig: Applying CVar settings from Section [Startup] File [../../../Engine/Config/ConsoleVariables.ini]
[2020.01.22-15.12.02:262][  0]LogConfig: Setting CVar [[net.UseAdaptiveNetUpdateFrequency:0]]
[2020.01.22-15.12.02:262][  0]LogConfig: Setting CVar [[p.chaos.AllowCreatePhysxBodies:1]]
[2020.01.22-15.12.02:262][  0]LogConfig: Applying CVar settings from Section [ConsoleVariables] File [D:/Art/Park_SFAS/Park/Saved/Config/Windows/Engine.ini]
[2020.01.22-15.12.02:263][  0]LogInit: Computer: JONATHAN-PC
[2020.01.22-15.12.02:263][  0]LogInit: User: Jonathan
[2020.01.22-15.12.02:263][  0]LogInit: CPU Page size=4096, Cores=8
[2020.01.22-15.12.02:263][  0]LogInit: High frequency timer resolution =10.000000 MHz
[2020.01.22-15.12.02:263][  0]LogMemory: Memory total: Physical=31.7GB (32GB approx)
[2020.01.22-15.12.02:263][  0]LogMemory: Platform Memory Stats for Windows
[2020.01.22-15.12.02:263][  0]LogMemory: Process Physical Memory: 102.18 MB used, 102.18 MB peak
[2020.01.22-15.12.02:263][  0]LogMemory: Process Virtual Memory: 126.52 MB used, 126.52 MB peak
[2020.01.22-15.12.02:263][  0]LogMemory: Physical Memory: 18047.58 MB used,  14391.48 MB free, 32439.06 MB total
[2020.01.22-15.12.02:263][  0]LogMemory: Virtual Memory: 4727.18 MB used,  134213000.00 MB free, 134217728.00 MB total
[2020.01.22-15.12.02:265][  0]LogWindows: WindowsPlatformFeatures enabled
[2020.01.22-15.12.02:284][  0]LogInit: Using OS detected language (en-GB).
[2020.01.22-15.12.02:284][  0]LogInit: Using OS detected locale (en-GB).
[2020.01.22-15.12.02:285][  0]LogTextLocalizationManager: No specific localization for 'en-GB' exists, so the 'en' localization will be used.
[2020.01.22-15.12.02:443][  0]LogInit: Setting process to per monitor DPI aware
[2020.01.22-15.12.02:475][  0]LogSlate: New Slate User Created.  User Index 0, Is Virtual User: 0
[2020.01.22-15.12.02:476][  0]LogSlate: Slate User Registered.  User Index 0, Is Virtual User: 0
[2020.01.22-15.12.02:653][  0]LogHMD: Failed to initialize OpenVR with code 110
[2020.01.22-15.12.02:653][  0]LogD3D11RHI: D3D11 adapters:
[2020.01.22-15.12.02:714][  0]LogD3D11RHI:    0. 'NVIDIA GeForce GTX 1080 Ti' (Feature Level 11_0)
[2020.01.22-15.12.02:714][  0]LogD3D11RHI:       11127/0/16219 MB DedicatedVideo/DedicatedSystem/SharedSystem, Outputs:3, VendorId:0x10de
[2020.01.22-15.12.02:716][  0]LogD3D11RHI:    1. 'Microsoft Basic Render Driver' (Feature Level 11_0)
[2020.01.22-15.12.02:716][  0]LogD3D11RHI:       0/0/16219 MB DedicatedVideo/DedicatedSystem/SharedSystem, Outputs:0, VendorId:0x1414
[2020.01.22-15.12.02:716][  0]LogD3D11RHI: Chosen D3D11 Adapter: 0
[2020.01.22-15.12.02:726][  0]LogD3D11RHI: Creating new Direct3DDevice
[2020.01.22-15.12.02:726][  0]LogD3D11RHI:     GPU DeviceId: 0x1b06 (for the marketing name, search the web for "GPU Device Id")
[2020.01.22-15.12.02:726][  0]LogWindows: EnumDisplayDevices:
[2020.01.22-15.12.02:726][  0]LogWindows:    0. 'NVIDIA GeForce GTX 1080 Ti' (P:1 D:1)
[2020.01.22-15.12.02:726][  0]LogWindows:    1. 'NVIDIA GeForce GTX 1080 Ti' (P:0 D:1)
[2020.01.22-15.12.02:726][  0]LogWindows:    2. 'NVIDIA GeForce GTX 1080 Ti' (P:0 D:1)
[2020.01.22-15.12.02:727][  0]LogWindows:    3. 'NVIDIA GeForce GTX 1080 Ti' (P:0 D:0)
[2020.01.22-15.12.02:727][  0]LogWindows: DebugString: FoundDriverCount:4 
[2020.01.22-15.12.02:727][  0]LogD3D11RHI:     Adapter Name: NVIDIA GeForce GTX 1080 Ti
[2020.01.22-15.12.02:727][  0]LogD3D11RHI:   Driver Version: 432.00 (internal:26.21.14.3200, unified:432.00)
[2020.01.22-15.12.02:727][  0]LogD3D11RHI:      Driver Date: 7-24-2019
[2020.01.22-15.12.02:727][  0]LogRHI: Texture pool is 7788 MB (70% of 11127 MB)
[2020.01.22-15.12.02:767][  0]LogD3D11RHI: Async texture creation enabled
[2020.01.22-15.12.02:798][  0]LogD3D11RHI: GPU Timing Frequency: 1000.000000 (Debug: 2 1)
[2020.01.22-15.12.03:111][  0]LogTemp: Display: Module 'AllDesktopTargetPlatform' loaded TargetPlatform 'AllDesktop'
[2020.01.22-15.12.03:117][  0]LogTemp: Display: Module 'MacClientTargetPlatform' loaded TargetPlatform 'MacClient'
[2020.01.22-15.12.03:124][  0]LogTemp: Display: Module 'MacNoEditorTargetPlatform' loaded TargetPlatform 'MacNoEditor'
[2020.01.22-15.12.03:130][  0]LogTemp: Display: Module 'MacServerTargetPlatform' loaded TargetPlatform 'MacServer'
[2020.01.22-15.12.03:137][  0]LogTemp: Display: Module 'MacTargetPlatform' loaded TargetPlatform 'Mac'
[2020.01.22-15.12.03:144][  0]LogTemp: Display: Module 'WindowsClientTargetPlatform' loaded TargetPlatform 'WindowsClient'
[2020.01.22-15.12.03:150][  0]LogTemp: Display: Module 'WindowsNoEditorTargetPlatform' loaded TargetPlatform 'WindowsNoEditor'
[2020.01.22-15.12.03:156][  0]LogTemp: Display: Module 'WindowsServerTargetPlatform' loaded TargetPlatform 'WindowsServer'
[2020.01.22-15.12.03:160][  0]LogTemp: Display: Module 'WindowsTargetPlatform' loaded TargetPlatform 'Windows'
[2020.01.22-15.12.03:187][  0]LogTemp: Display: Module 'AndroidTargetPlatform' loaded TargetPlatform 'Android'
[2020.01.22-15.12.03:187][  0]LogTemp: Display: Module 'AndroidTargetPlatform' loaded TargetPlatform 'Android_ASTC'
[2020.01.22-15.12.03:187][  0]LogTemp: Display: Module 'AndroidTargetPlatform' loaded TargetPlatform 'Android_ATC'
[2020.01.22-15.12.03:187][  0]LogTemp: Display: Module 'AndroidTargetPlatform' loaded TargetPlatform 'Android_DXT'
[2020.01.22-15.12.03:187][  0]LogTemp: Display: Module 'AndroidTargetPlatform' loaded TargetPlatform 'Android_ETC1'
[2020.01.22-15.12.03:187][  0]LogTemp: Display: Module 'AndroidTargetPlatform' loaded TargetPlatform 'Android_ETC1a'
[2020.01.22-15.12.03:187][  0]LogTemp: Display: Module 'AndroidTargetPlatform' loaded TargetPlatform 'Android_ETC2'
[2020.01.22-15.12.03:187][  0]LogTemp: Display: Module 'AndroidTargetPlatform' loaded TargetPlatform 'Android_PVRTC'
[2020.01.22-15.12.03:187][  0]LogTemp: Display: Module 'AndroidTargetPlatform' loaded TargetPlatform 'AndroidClient'
[2020.01.22-15.12.03:187][  0]LogTemp: Display: Module 'AndroidTargetPlatform' loaded TargetPlatform 'Android_ASTCClient'
[2020.01.22-15.12.03:187][  0]LogTemp: Display: Module 'AndroidTargetPlatform' loaded TargetPlatform 'Android_ATCClient'
[2020.01.22-15.12.03:187][  0]LogTemp: Display: Module 'AndroidTargetPlatform' loaded TargetPlatform 'Android_DXTClient'
[2020.01.22-15.12.03:187][  0]LogTemp: Display: Module 'AndroidTargetPlatform' loaded TargetPlatform 'Android_ETC1Client'
[2020.01.22-15.12.03:187][  0]LogTemp: Display: Module 'AndroidTargetPlatform' loaded TargetPlatform 'Android_ETC1aClient'
[2020.01.22-15.12.03:187][  0]LogTemp: Display: Module 'AndroidTargetPlatform' loaded TargetPlatform 'Android_ETC2Client'
[2020.01.22-15.12.03:187][  0]LogTemp: Display: Module 'AndroidTargetPlatform' loaded TargetPlatform 'Android_PVRTCClient'
[2020.01.22-15.12.03:187][  0]LogTemp: Display: Module 'AndroidTargetPlatform' loaded TargetPlatform 'Android_Multi'
[2020.01.22-15.12.03:187][  0]LogTemp: Display: Module 'AndroidTargetPlatform' loaded TargetPlatform 'Android_MultiClient'
[2020.01.22-15.12.03:188][  0]LogTemp: Display: Module 'HTML5TargetPlatform' loaded TargetPlatform 'HTML5'
[2020.01.22-15.12.03:202][  0]LogTemp: Display: Module 'IOSTargetPlatform' loaded TargetPlatform 'IOSClient'
[2020.01.22-15.12.03:202][  0]LogTemp: Display: Module 'IOSTargetPlatform' loaded TargetPlatform 'IOS'
[2020.01.22-15.12.03:213][  0]LogTemp: Display: Module 'TVOSTargetPlatform' loaded TargetPlatform 'TVOSClient'
[2020.01.22-15.12.03:213][  0]LogTemp: Display: Module 'TVOSTargetPlatform' loaded TargetPlatform 'TVOS'
[2020.01.22-15.12.03:218][  0]LogTemp: Display: Module 'LinuxClientTargetPlatform' loaded TargetPlatform 'LinuxClient'
[2020.01.22-15.12.03:224][  0]LogTemp: Display: Module 'LinuxNoEditorTargetPlatform' loaded TargetPlatform 'LinuxNoEditor'
[2020.01.22-15.12.03:230][  0]LogTemp: Display: Module 'LinuxServerTargetPlatform' loaded TargetPlatform 'LinuxServer'
[2020.01.22-15.12.03:236][  0]LogTemp: Display: Module 'LinuxTargetPlatform' loaded TargetPlatform 'Linux'
[2020.01.22-15.12.03:256][  0]LogTemp: Display: Module 'LuminTargetPlatform' loaded TargetPlatform 'Lumin'
[2020.01.22-15.12.03:256][  0]LogTemp: Display: Module 'LuminTargetPlatform' loaded TargetPlatform 'LuminClient'
[2020.01.22-15.12.03:257][  0]LogTargetPlatformManager: Display: Building Assets For Windows
[2020.01.22-15.12.03:268][  0]LogAudioDebug: Display: Lib vorbis DLL was dynamically loaded.
[2020.01.22-15.12.03:301][  0]LogShaderCompilers: Guid format shader working directory is 15 characters bigger than the processId version (../../../../Art/Park_SFAS/Park/Intermediate/Shaders/WorkingDirectory/16152/).
[2020.01.22-15.12.03:302][  0]LogShaderCompilers: Cleaned the shader compiler working directory 'C:/Users/jonat/AppData/Local/Temp/UnrealShaderWorkingDir/A9028D574DC11D476D70E1A453D5414E/'.
[2020.01.22-15.12.03:303][  0]LogXGEController: Cannot use XGE Controller as Incredibuild is not installed on this machine.
[2020.01.22-15.12.03:303][  0]LogShaderCompilers: Cannot use XGE Shader Compiler as Incredibuild is not installed on this machine.
[2020.01.22-15.12.03:303][  0]LogShaderCompilers: Display: Using Local Shader Compiler.
[2020.01.22-15.12.03:845][  0]LogDerivedDataCache: Display: Max Cache Size: 512 MB
[2020.01.22-15.12.03:894][  0]LogDerivedDataCache: Loaded boot cache 0.05s 73MB C:/Users/jonat/AppData/Local/UnrealEngine/4.23/DerivedDataCache/Boot.ddc.
[2020.01.22-15.12.03:894][  0]LogDerivedDataCache: Display: Loaded Boot cache: C:/Users/jonat/AppData/Local/UnrealEngine/4.23/DerivedDataCache/Boot.ddc
[2020.01.22-15.12.03:894][  0]LogDerivedDataCache: FDerivedDataBackendGraph:  Pak pak cache file ../../../../Art/Park_SFAS/Park/DerivedDataCache/DDC.ddp not found, will not use a pak cache.
[2020.01.22-15.12.03:894][  0]LogDerivedDataCache: Unable to find inner node Pak for hierarchical cache Hierarchy.
[2020.01.22-15.12.03:894][  0]LogDerivedDataCache: FDerivedDataBackendGraph:  CompressedPak pak cache file ../../../../Art/Park_SFAS/Park/DerivedDataCache/Compressed.ddp not found, will not use a pak cache.
[2020.01.22-15.12.03:894][  0]LogDerivedDataCache: Unable to find inner node CompressedPak for hierarchical cache Hierarchy.
[2020.01.22-15.12.03:904][  0]LogDerivedDataCache: Display: Pak cache opened for reading ../../../Engine/DerivedDataCache/Compressed.ddp.
[2020.01.22-15.12.03:904][  0]LogDerivedDataCache: FDerivedDataBackendGraph:  EnterprisePak pak cache file ../../../Enterprise/DerivedDataCache/Compressed.ddp not found, will not use a pak cache.
[2020.01.22-15.12.03:904][  0]LogDerivedDataCache: Unable to find inner node EnterprisePak for hierarchical cache Hierarchy.
[2020.01.22-15.12.03:905][  0]LogDerivedDataCache: Using Local data cache path C:/Users/jonat/AppData/Local/UnrealEngine/Common/DerivedDataCache: Writable
[2020.01.22-15.12.03:905][  0]LogDerivedDataCache: Shared data cache path not found in *engine.ini, will not use an Shared cache.
[2020.01.22-15.12.03:905][  0]LogDerivedDataCache: Unable to find inner node Shared for hierarchical cache Hierarchy.
[2020.01.22-15.12.03:923][  0]LogMaterial: Verifying Global Shaders for PCD3D_SM5
[2020.01.22-15.12.03:925][  0]LogSlate: Using FreeType 2.6.0
[2020.01.22-15.12.03:926][  0]LogSlate: SlateFontServices - WITH_FREETYPE: 1, WITH_HARFBUZZ: 1
[2020.01.22-15.12.03:978][  0]LogAssetRegistry: FAssetRegistry took 0.0023 seconds to start up
[2020.01.22-15.12.04:224][  0]LogInit: Selected Device Profile: [Windows]
[2020.01.22-15.12.04:344][  0]LogMeshReduction: Using QuadricMeshReduction for automatic static mesh reduction
[2020.01.22-15.12.04:344][  0]LogMeshReduction: Using SimplygonMeshReduction for automatic skeletal mesh reduction
[2020.01.22-15.12.04:344][  0]LogMeshReduction: Using ProxyLODMeshReduction for automatic mesh merging
[2020.01.22-15.12.04:344][  0]LogMeshReduction: No distributed automatic mesh merging module available
[2020.01.22-15.12.04:344][  0]LogMeshMerging: No distributed automatic mesh merging module available
[2020.01.22-15.12.04:352][  0]LogNetVersion: Park 1.0.0, NetCL: 8386587, EngineNetVer: 11, GameNetVer: 0 (Checksum: 2217119901)
[2020.01.22-15.12.04:721][  0]LogPackageLocalizationCache: Processed 12 localized package path(s) for 1 prioritized culture(s) in 0.076254 seconds
[2020.01.22-15.12.04:729][  0]LogUObjectArray: 43444 objects as part of root set at end of initial load.
[2020.01.22-15.12.04:729][  0]LogUObjectAllocator: 7548648 out of 0 bytes used by permanent object pool.
[2020.01.22-15.12.04:729][  0]LogUObjectArray: CloseDisregardForGC: 0/0 objects in disregard for GC pool
[2020.01.22-15.12.05:626][  0]LogTcpMessaging: Initializing TcpMessaging bridge
[2020.01.22-15.12.05:628][  0]LogUdpMessaging: Initializing bridge on interface 0.0.0.0:0 to multicast group 230.0.0.1:6666.
[2020.01.22-15.12.05:674][  0]SourceControl: Source control is disabled
[2020.01.22-15.12.05:674][  0]SourceControl: Source control is disabled
[2020.01.22-15.12.05:675][  0]SourceControl: Source control is disabled
[2020.01.22-15.12.05:676][  0]SourceControl: Source control is disabled
[2020.01.22-15.12.05:773][  0]LogAndroidPermission: UAndroidPermissionCallbackProxy::GetInstance
[2020.01.22-15.12.05:919][  0]LogOcInput: OculusInput pre-init called
[2020.01.22-15.12.05:925][  0]LogWindows: Failed to load 'OVRPlugin.dll' (GetLastError=126)
[2020.01.22-15.12.05:925][  0]LogWindows: File 'OVRPlugin.dll' does not exist
[2020.01.22-15.12.05:981][  0]LogEngine: Initializing Engine...
[2020.01.22-15.12.05:981][  0]LogHMD: Failed to initialize OpenVR with code 110
[2020.01.22-15.12.05:982][  0]LogStats: UGameplayTagsManager::InitializeManager -  0.000 s
[2020.01.22-15.12.06:164][  0]LogInit: Initializing FReadOnlyCVARCache
[2020.01.22-15.12.06:174][  0]LogAIModule: Creating AISystem for world Untitled
[2020.01.22-15.12.06:200][  0]LogInit: XAudio2 using 'Speakers (Realtek High Definition Audio)' : 2 channels at 48 kHz using 32 bits per sample (channel mask 0x3)
[2020.01.22-15.12.06:212][  0]LogInit: FAudioDevice initialized.
[2020.01.22-15.12.06:212][  0]LogNetVersion: Set ProjectVersion to 1.0.0.0. Version Checksum will be recalculated on next use.
[2020.01.22-15.12.06:317][  0]LogDerivedDataCache: Saved boot cache 0.10s 73MB C:/Users/jonat/AppData/Local/UnrealEngine/4.23/DerivedDataCache/Boot.ddc.
[2020.01.22-15.12.06:325][  0]LogInit: Texture streaming: Enabled
[2020.01.22-15.12.06:338][  0]LogEngineSessionManager: EngineSessionManager initialized
[2020.01.22-15.12.06:338][  0]LogEditorSessionSummary: Verbose: Initializing EditorSessionSummaryWriter for editor session tracking
[2020.01.22-15.12.06:338][  0]LogEditorSessionSummary: EditorSessionSummaryWriter initialized
[2020.01.22-15.12.06:423][  0]LogInit: Transaction tracking system initialized
[2020.01.22-15.12.06:446][  0]BlueprintLog: New page: Editor Load
[2020.01.22-15.12.06:497][  0]LocalizationService: Localization service is disabled
[2020.01.22-15.12.06:702][  0]LogFileCache: Scanning file cache for directory 'D:/Art/Park_SFAS/Park/Content/' took 0.01s
[2020.01.22-15.12.06:702][  0]LogCook: Display: Max memory allowance for cook 16384mb min free memory 0mb
[2020.01.22-15.12.06:702][  0]LogCook: Display: Mobile HDR setting 1
[2020.01.22-15.12.06:870][  0]SourceControl: Source control is disabled
[2020.01.22-15.12.06:870][  0]Cmd: MAP LOAD FILE="../../../Engine/Content/Maps/Templates/Template_Default.umap" TEMPLATE=1 SHOWPROGRESS=1 FEATURELEVEL=3
[2020.01.22-15.12.06:870][  0]LightingResults: New page: Lighting Build
[2020.01.22-15.12.06:872][  0]LogWorld: UWorld::CleanupWorld for Untitled, bSessionEnded=true, bCleanupResources=true
[2020.01.22-15.12.06:873][  0]MapCheck: New page: Map Check
[2020.01.22-15.12.06:873][  0]LightingResults: New page: Lighting Build
[2020.01.22-15.12.06:910][  0]LogUObjectHash: Compacting FUObjectHashTables data took   1.65ms
[2020.01.22-15.12.06:973][  0]LogAIModule: Creating AISystem for world Untitled_1
[2020.01.22-15.12.06:978][  0]LogEditorServer: Finished looking for orphan Actors (0.000 secs)
[2020.01.22-15.12.07:017][  0]LogUObjectHash: Compacting FUObjectHashTables data took   2.19ms
[2020.01.22-15.12.07:017][  0]Cmd: MAP CHECKDEP NOCLEARLOG
[2020.01.22-15.12.07:018][  0]MapCheck: Map check complete: 0 Error(s), 0 Warning(s), took 0.105ms to complete.
[2020.01.22-15.12.07:018][  0]LogFileHelpers: Loading map 'Template_Default' took 0.147
[2020.01.22-15.12.07:207][  0]LogSlate: Updating window title bar state: overlay mode, drag disabled, window buttons hidden, title bar hidden
[2020.01.22-15.12.07:218][  0]LogSlate: Updating window title bar state: overlay mode, drag disabled, window buttons hidden, title bar hidden
[2020.01.22-15.12.07:227][  0]LogSlate: Updating window title bar state: overlay mode, drag disabled, window buttons hidden, title bar hidden
[2020.01.22-15.12.07:236][  0]LogSlate: Updating window title bar state: overlay mode, drag disabled, window buttons hidden, title bar hidden
[2020.01.22-15.12.07:248][  0]LogCollectionManager: Loaded 0 collections in 0.001288 seconds
[2020.01.22-15.12.07:264][  0]LogFileCache: Scanning file cache for directory 'D:/Art/Park_SFAS/Park/Saved/Collections/' took 0.00s
[2020.01.22-15.12.07:264][  0]LogFileCache: Scanning file cache for directory 'D:/Art/Park_SFAS/Park/Content/Developers/Jonathan/Collections/' took 0.00s
[2020.01.22-15.12.07:264][  0]LogFileCache: Scanning file cache for directory 'D:/Art/Park_SFAS/Park/Content/Collections/' took 0.00s
[2020.01.22-15.12.07:264][  0]LogCollectionManager: Rebuilt the GUID cache for 0 collections in 0.000003 seconds
[2020.01.22-15.12.07:275][  0]LogContentBrowser: Native class hierarchy populated in 0.0108 seconds. Added 2863 classes and 680 folders.
[2020.01.22-15.12.07:283][  0]LogContentBrowser: Native class hierarchy updated for 'WidgetCarousel' in 0.0003 seconds. Added 0 classes and 0 folders.
[2020.01.22-15.12.07:740][  0]LogContentBrowser: Native class hierarchy updated for 'AddContentDialog' in 0.0003 seconds. Added 0 classes and 0 folders.
[2020.01.22-15.12.07:783][  0]LogContentBrowser: Native class hierarchy updated for 'SceneOutliner' in 0.0004 seconds. Added 1 classes and 2 folders.
[2020.01.22-15.12.07:985][  0]LogSlate: Took 0.000214 seconds to synchronously load lazily loaded font '../../../Engine/Content/Slate/Fonts/Roboto-Regular.ttf' (155K)
[2020.01.22-15.12.07:987][  0]LogSlate: Took 0.000202 seconds to synchronously load lazily loaded font '../../../Engine/Content/Slate/Fonts/Roboto-Bold.ttf' (160K)
[2020.01.22-15.12.07:999][  0]LogSlate: Took 0.006618 seconds to synchronously load lazily loaded font '../../../Engine/Content/Editor/Slate/Fonts/FontAwesome.ttf' (139K)
[2020.01.22-15.12.08:177][  0]LogRenderer: Reallocating scene render targets to support 1304x612 Format 10 NumSamples 1 (Frame:1).
[2020.01.22-15.12.08:271][  0]LogContentBrowser: Native class hierarchy updated for 'HierarchicalLODOutliner' in 0.0003 seconds. Added 0 classes and 0 folders.
[2020.01.22-15.12.08:271][  0]LogLoad: (Engine Initialization) Total time: 7.32 seconds
[2020.01.22-15.12.08:271][  0]LogLoad: (Engine Initialization) Total Blueprint compile time: 0.00 seconds
[2020.01.22-15.12.08:322][  0]LogAssetRegistry: Asset discovery search completed in 4.3446 seconds
[2020.01.22-15.12.08:325][  0]LogCollectionManager: Rebuilt the object cache for 0 collections in 0.000007 seconds (found 0 objects)
[2020.01.22-15.12.08:325][  0]LogCollectionManager: Fixed up redirectors for 0 collections in 0.000054 seconds (updated 0 objects)
[2020.01.22-15.12.08:331][  0]LogContentStreaming: Texture pool size now 1000 MB
[2020.01.22-15.12.08:385][  0]LogSlate: Took 0.006905 seconds to synchronously load lazily loaded font '../../../Engine/Content/Slate/Fonts/Roboto-Light.ttf' (167K)
[2020.01.22-15.12.18:841][204]LogSlate: FSceneViewport::OnFocusLost() reason 0
[2020.01.22-15.12.20:584][398]LogSlate: Took 0.000212 seconds to synchronously load lazily loaded font '../../../Engine/Content/Slate/Fonts/Roboto-Light.ttf' (167K)
[2020.01.22-15.12.21:310][398]LogMaterial: Display: Missing cached shader map for material m_Tree, compiling. 
[2020.01.22-15.12.21:462][398]LogShaderCompilers: Display: Worker (1/13): shaders left to compile 31
[2020.01.22-15.12.21:462][398]LogShaderCompilers: Display: Worker (2/13): shaders left to compile 28
[2020.01.22-15.12.21:462][398]LogShaderCompilers: Display: Worker (3/13): shaders left to compile 25
[2020.01.22-15.12.21:462][398]LogShaderCompilers: Display: Worker (4/13): shaders left to compile 22
[2020.01.22-15.12.21:462][398]LogShaderCompilers: Display: Worker (5/13): shaders left to compile 19
[2020.01.22-15.12.21:462][398]LogShaderCompilers: Display: Worker (6/13): shaders left to compile 16
[2020.01.22-15.12.21:462][398]LogShaderCompilers: Display: Worker (7/13): shaders left to compile 13
[2020.01.22-15.12.21:462][398]LogShaderCompilers: Display: Worker (8/13): shaders left to compile 10
[2020.01.22-15.12.21:462][398]LogShaderCompilers: Display: Worker (9/13): shaders left to compile 7
[2020.01.22-15.12.21:462][398]LogShaderCompilers: Display: Worker (10/13): shaders left to compile 4
[2020.01.22-15.12.21:462][398]LogShaderCompilers: Display: Worker (11/13): shaders left to compile 1
[2020.01.22-15.12.21:463][398]LogAIModule: Creating AISystem for world Diorama
[2020.01.22-15.12.21:482][398]LogAssetEditorManager: Opening Asset editor for World /Game/Diorama.Diorama
[2020.01.22-15.12.21:524][398]LogUObjectHash: Compacting FUObjectHashTables data took   1.33ms
[2020.01.22-15.12.21:525][398]Cmd: MAP LOAD FILE="../../../../Art/Park_SFAS/Park/Content/Diorama.umap" TEMPLATE=0 SHOWPROGRESS=1 FEATURELEVEL=3
[2020.01.22-15.12.21:525][398]LightingResults: New page: Lighting Build
[2020.01.22-15.12.21:526][398]LoadErrors: New page: Loading map: Diorama.umap
[2020.01.22-15.12.21:526][398]LogWorld: UWorld::CleanupWorld for Untitled_1, bSessionEnded=true, bCleanupResources=true
[2020.01.22-15.12.21:526][398]MapCheck: New page: Map Check
[2020.01.22-15.12.21:526][398]LightingResults: New page: Lighting Build
[2020.01.22-15.12.21:571][398]LogUObjectHash: Compacting FUObjectHashTables data took   2.71ms
[2020.01.22-15.12.21:728][398]LogEditorServer: Finished looking for orphan Actors (0.000 secs)
[2020.01.22-15.12.21:770][398]LogUObjectHash: Compacting FUObjectHashTables data took   1.78ms
[2020.01.22-15.12.21:797][398]Cmd: MAP CHECKDEP NOCLEARLOG
[2020.01.22-15.12.21:797][398]MapCheck: Map check complete: 0 Error(s), 0 Warning(s), took 0.112ms to complete.
[2020.01.22-15.12.21:797][398]LogFileHelpers: Loading map 'Diorama' took 0.274
[2020.01.22-15.12.26:014][873]LogEditorViewport: Clicking on Actor (LMB): StaticMeshActor (Pavilion_base)
[2020.01.22-15.12.27:023][974]LogSlate: FSceneViewport::OnFocusLost() reason 0
[2020.01.22-15.12.32:645][297]LogFactory: FactoryCreateFile: Texture with ReimportTextureFactory (0 0 ../../../../Art/Park_SFAS/Textures/Fountain/SM_Pavilion_fountain_pCylinder27SG_BaseColor.tga)
[2020.01.22-15.12.32:697][297]LogTexture: Display: Building textures: SM_Pavilion_fountain_pCylinder27SG_BaseColor (AutoDXT, 2048X2048)
[2020.01.22-15.12.33:243][297]LogFactory: FactoryCreateFile: Texture with ReimportTextureFactory (0 0 ../../../../Art/Park_SFAS/Textures/Fountain/SM_Pavilion_fountain_pCylinder27SG_Normal.tga)
[2020.01.22-15.12.33:294][297]LogTexture: Display: Building textures: SM_Pavilion_fountain_pCylinder27SG_Normal (BC5, 2048X2048)
[2020.01.22-15.12.33:527][297]LogFactory: FactoryCreateFile: Texture with ReimportTextureFactory (0 0 ../../../../Art/Park_SFAS/Textures/Fountain/SM_Pavilion_fountain_pCylinder27SG_OcclusionRoughnessMetallic.tga)
[2020.01.22-15.12.33:569][297]LogTexture: Display: Building textures: SM_Pavilion_fountain_pCylinder27SG_OcclusionRoughnessMetallic (AutoDXT, 2048X2048)
[2020.01.22-15.12.45:439][615]LogMaterial: Display: Missing cached shader map for material m_Pavilion, compiling. 
[2020.01.22-15.12.45:482][616]LogShaderCompilers: Display: Worker (1/13): shaders left to compile 31
[2020.01.22-15.12.45:482][616]LogShaderCompilers: Display: Worker (2/13): shaders left to compile 28
[2020.01.22-15.12.45:482][616]LogShaderCompilers: Display: Worker (3/13): shaders left to compile 25
[2020.01.22-15.12.45:482][616]LogShaderCompilers: Display: Worker (4/13): shaders left to compile 22
[2020.01.22-15.12.45:482][616]LogShaderCompilers: Display: Worker (5/13): shaders left to compile 19
[2020.01.22-15.12.45:482][616]LogShaderCompilers: Display: Worker (6/13): shaders left to compile 16
[2020.01.22-15.12.45:482][616]LogShaderCompilers: Display: Worker (7/13): shaders left to compile 13
[2020.01.22-15.12.45:482][616]LogShaderCompilers: Display: Worker (8/13): shaders left to compile 10
[2020.01.22-15.12.45:482][616]LogShaderCompilers: Display: Worker (9/13): shaders left to compile 7
[2020.01.22-15.12.45:482][616]LogShaderCompilers: Display: Worker (10/13): shaders left to compile 4
[2020.01.22-15.12.45:482][616]LogShaderCompilers: Display: Worker (11/13): shaders left to compile 1
[2020.01.22-15.12.47:610][781]LogAssetEditorManager: Opening Asset editor for Material /Game/Materials/m_Pavilion.m_Pavilion
[2020.01.22-15.12.47:701][781]LogMaterial: Display: Missing cached shader map for material m_Pavilion, compiling. 
[2020.01.22-15.12.48:109][781]LogMaterial: Display: Missing cached shader map for material m_Pavilion, compiling. 
[2020.01.22-15.12.48:128][781]LogMaterial: Display: Missing cached shader map for material m_Pavilion, compiling. 
[2020.01.22-15.12.48:150][781]LogShaderCompilers: Display: Worker (1/13): shaders left to compile 30
[2020.01.22-15.12.48:150][781]LogShaderCompilers: Display: Worker (2/13): shaders left to compile 29
[2020.01.22-15.12.48:150][781]LogShaderCompilers: Display: Worker (3/13): shaders left to compile 28
[2020.01.22-15.12.48:150][781]LogShaderCompilers: Display: Worker (4/13): shaders left to compile 27
[2020.01.22-15.12.48:150][781]LogShaderCompilers: Display: Worker (5/13): shaders left to compile 26
[2020.01.22-15.12.48:150][781]LogShaderCompilers: Display: Worker (6/13): shaders left to compile 25
[2020.01.22-15.12.48:150][781]LogShaderCompilers: Display: Worker (7/13): shaders left to compile 24
[2020.01.22-15.12.48:150][781]LogShaderCompilers: Display: Worker (8/13): shaders left to compile 23
[2020.01.22-15.12.48:150][781]LogShaderCompilers: Display: Worker (9/13): shaders left to compile 22
[2020.01.22-15.12.48:150][781]LogShaderCompilers: Display: Worker (10/13): shaders left to compile 21
[2020.01.22-15.12.48:150][781]LogShaderCompilers: Display: Worker (11/13): shaders left to compile 20
[2020.01.22-15.12.48:150][781]LogShaderCompilers: Display: Worker (12/13): shaders left to compile 19
[2020.01.22-15.12.48:153][781]LogMaterial: Display: Missing cached shader map for material FMatExpressionPreview MaterialExpressionTextureSample_1, compiling. 
[2020.01.22-15.12.48:161][781]LogMaterial: Display: Missing cached shader map for material FMatExpressionPreview MaterialExpressionTextureSample_0, compiling. 
[2020.01.22-15.12.48:168][781]LogMaterial: Display: Missing cached shader map for material FMatExpressionPreview MaterialExpressionTextureSample_2, compiling. 
[2020.01.22-15.12.48:219][781]LogSlate: Took 0.008103 seconds to synchronously load lazily loaded font '../../../Engine/Content/Slate/Fonts/Roboto-BoldCondensed.ttf' (158K)
[2020.01.22-15.12.48:520][781]LogShaderCompilers: Display: Worker (8/13): shaders left to compile 30
[2020.01.22-15.12.48:520][781]LogShaderCompilers: Display: Worker (1/13): shaders left to compile 29
[2020.01.22-15.12.48:520][781]LogShaderCompilers: Display: Worker (2/13): shaders left to compile 28
[2020.01.22-15.12.48:520][781]LogShaderCompilers: Display: Worker (3/13): shaders left to compile 27
[2020.01.22-15.12.48:520][781]LogShaderCompilers: Display: Worker (4/13): shaders left to compile 26
[2020.01.22-15.12.48:520][781]LogShaderCompilers: Display: Worker (5/13): shaders left to compile 25
[2020.01.22-15.12.48:520][781]LogShaderCompilers: Display: Worker (6/13): shaders left to compile 24
[2020.01.22-15.12.48:520][781]LogShaderCompilers: Display: Worker (9/13): shaders left to compile 23
[2020.01.22-15.12.48:520][781]LogShaderCompilers: Display: Worker (7/13): shaders left to compile 22
[2020.01.22-15.12.48:761][791]LogShaderCompilers: Display: Worker (12/13): shaders left to compile 21
[2020.01.22-15.12.48:865][796]LogShaderCompilers: Display: Worker (10/13): shaders left to compile 20
[2020.01.22-15.12.48:905][798]LogShaderCompilers: Display: Worker (2/13): shaders left to compile 19
[2020.01.22-15.12.49:033][804]LogShaderCompilers: Display: Worker (5/13): shaders left to compile 18
[2020.01.22-15.12.49:070][806]LogShaderCompilers: Display: Worker (7/13): shaders left to compile 17
[2020.01.22-15.12.49:108][808]LogShaderCompilers: Display: Worker (6/13): shaders left to compile 16
[2020.01.22-15.12.49:127][809]LogShaderCompilers: Display: Worker (11/13): shaders left to compile 15
[2020.01.22-15.12.49:187][812]LogShaderCompilers: Display: Worker (8/13): shaders left to compile 14
[2020.01.22-15.12.49:224][814]LogShaderCompilers: Display: Worker (4/13): shaders left to compile 13
[2020.01.22-15.12.49:261][816]LogShaderCompilers: Display: Worker (3/13): shaders left to compile 12
[2020.01.22-15.12.49:337][820]LogShaderCompilers: Display: Worker (2/13): shaders left to compile 11
[2020.01.22-15.12.49:359][821]LogShaderCompilers: Display: Worker (1/13): shaders left to compile 10
[2020.01.22-15.12.49:380][822]LogShaderCompilers: Display: Worker (9/13): shaders left to compile 9
[2020.01.22-15.12.49:491][827]LogShaderCompilers: Display: Worker (12/13): shaders left to compile 8
[2020.01.22-15.12.49:554][830]LogShaderCompilers: Display: Worker (6/13): shaders left to compile 7
[2020.01.22-15.12.49:573][831]LogShaderCompilers: Display: Worker (10/13): shaders left to compile 6
[2020.01.22-15.12.49:632][834]LogShaderCompilers: Display: Worker (4/13): shaders left to compile 5
[2020.01.22-15.12.49:709][838]LogShaderCompilers: Display: Worker (11/13): shaders left to compile 4
[2020.01.22-15.12.49:766][841]LogShaderCompilers: Display: Worker (7/13): shaders left to compile 3
[2020.01.22-15.12.49:766][841]LogShaderCompilers: Display: Worker (5/13): shaders left to compile 2
[2020.01.22-15.12.49:804][843]LogShaderCompilers: Display: Worker (1/13): shaders left to compile 1
[2020.01.22-15.12.49:831][844]MaterialEditorStats: Base pass shader: 128 instructions
[2020.01.22-15.12.49:831][844]MaterialEditorStats: Base pass shader with Surface Lightmap: 159 instructions
[2020.01.22-15.12.49:831][844]MaterialEditorStats: Base pass shader with Volumetric Lightmap: 206 instructions
[2020.01.22-15.12.49:831][844]MaterialEditorStats: Base pass vertex shader: 44 instructions
[2020.01.22-15.12.49:831][844]MaterialEditorStats: Texture samplers: 6/16
[2020.01.22-15.12.49:831][844]MaterialEditorStats: Texture Lookups (Est.): VS(0), PS(3)
[2020.01.22-15.12.49:831][844]MaterialEditorStats: User interpolators: 2/4 Scalars (1/4 Vectors) (TexCoords: 2, Custom: 0)
[2020.01.22-15.13.08:275][366]LogEditorSessionSummary: EditorSessionSummary sent report. Type=Shutdown, SessionId={37337869-4600-68B4-81C9-F29A9587A835}
[2020.01.22-15.13.17:690][190]LogMaterial: Display: Missing cached shader map for material m_Pavilion, compiling. 
[2020.01.22-15.13.17:705][190]LogMaterial: Warning: Requesting an invalid TextureIndex! (2 / 0)
[2020.01.22-15.13.17:705][190]LogMaterial: Warning: GetIndexedTexture returning NULL (2)
[2020.01.22-15.13.17:727][191]LogShaderCompilers: Display: Worker (1/13): shaders left to compile 30
[2020.01.22-15.13.17:727][191]LogShaderCompilers: Display: Worker (2/13): shaders left to compile 29
[2020.01.22-15.13.17:727][191]LogShaderCompilers: Display: Worker (3/13): shaders left to compile 28
[2020.01.22-15.13.17:727][191]LogShaderCompilers: Display: Worker (4/13): shaders left to compile 27
[2020.01.22-15.13.17:727][191]LogShaderCompilers: Display: Worker (5/13): shaders left to compile 26
[2020.01.22-15.13.17:727][191]LogShaderCompilers: Display: Worker (6/13): shaders left to compile 25
[2020.01.22-15.13.17:727][191]LogShaderCompilers: Display: Worker (7/13): shaders left to compile 24
[2020.01.22-15.13.17:727][191]LogShaderCompilers: Display: Worker (8/13): shaders left to compile 23
[2020.01.22-15.13.17:727][191]LogShaderCompilers: Display: Worker (9/13): shaders left to compile 22
[2020.01.22-15.13.17:727][191]LogShaderCompilers: Display: Worker (10/13): shaders left to compile 21
[2020.01.22-15.13.17:727][191]LogShaderCompilers: Display: Worker (11/13): shaders left to compile 20
[2020.01.22-15.13.17:727][191]LogShaderCompilers: Display: Worker (12/13): shaders left to compile 19
[2020.01.22-15.13.18:087][213]LogShaderCompilers: Display: Worker (8/13): shaders left to compile 18
[2020.01.22-15.13.18:223][218]LogShaderCompilers: Display: Worker (3/13): shaders left to compile 17
[2020.01.22-15.13.18:223][218]LogShaderCompilers: Display: Worker (9/13): shaders left to compile 16
[2020.01.22-15.13.18:244][219]LogShaderCompilers: Display: Worker (6/13): shaders left to compile 15
[2020.01.22-15.13.18:244][219]LogShaderCompilers: Display: Worker (2/13): shaders left to compile 14
[2020.01.22-15.13.18:244][219]LogShaderCompilers: Display: Worker (4/13): shaders left to compile 13
[2020.01.22-15.13.18:244][219]LogShaderCompilers: Display: Worker (5/13): shaders left to compile 12
[2020.01.22-15.13.18:244][219]LogShaderCompilers: Display: Worker (7/13): shaders left to compile 11
[2020.01.22-15.13.18:302][222]LogShaderCompilers: Display: Worker (1/13): shaders left to compile 10
[2020.01.22-15.13.18:403][227]LogShaderCompilers: Display: Worker (12/13): shaders left to compile 9
[2020.01.22-15.13.18:716][239]LogShaderCompilers: Display: Worker (10/13): shaders left to compile 8
[2020.01.22-15.13.18:716][239]LogShaderCompilers: Display: Worker (11/13): shaders left to compile 7
[2020.01.22-15.13.18:835][243]LogShaderCompilers: Display: Worker (8/13): shaders left to compile 6
[2020.01.22-15.13.18:860][244]LogShaderCompilers: Display: Worker (4/13): shaders left to compile 5
[2020.01.22-15.13.18:860][244]LogShaderCompilers: Display: Worker (9/13): shaders left to compile 4
[2020.01.22-15.13.18:884][245]LogShaderCompilers: Display: Worker (1/13): shaders left to compile 3
[2020.01.22-15.13.18:907][246]LogShaderCompilers: Display: Worker (6/13): shaders left to compile 2
[2020.01.22-15.13.18:972][250]LogShaderCompilers: Display: Worker (2/13): shaders left to compile 1
[2020.01.22-15.13.19:394][277]MaterialEditorStats: Base pass shader: 117 instructions
[2020.01.22-15.13.19:394][277]MaterialEditorStats: Base pass shader with Surface Lightmap: 144 instructions
[2020.01.22-15.13.19:394][277]MaterialEditorStats: Base pass shader with Volumetric Lightmap: 191 instructions
[2020.01.22-15.13.19:394][277]MaterialEditorStats: Base pass vertex shader: 40 instructions
[2020.01.22-15.13.19:394][277]MaterialEditorStats: Texture samplers: 3/16
[2020.01.22-15.13.27:571][820]LogMaterial: Display: Missing cached shader map for material m_Pavilion, compiling. 
[2020.01.22-15.13.27:588][820]LogMaterial: Display: Missing cached shader map for material FMatExpressionPreview MaterialExpressionTextureSample_3, compiling. 
[2020.01.22-15.13.27:600][820]LogShaderCompilers: Display: Worker (1/13): shaders left to compile 30
[2020.01.22-15.13.27:600][820]LogShaderCompilers: Display: Worker (2/13): shaders left to compile 29
[2020.01.22-15.13.27:600][820]LogShaderCompilers: Display: Worker (3/13): shaders left to compile 28
[2020.01.22-15.13.27:600][820]LogShaderCompilers: Display: Worker (4/13): shaders left to compile 27
[2020.01.22-15.13.27:600][820]LogShaderCompilers: Display: Worker (5/13): shaders left to compile 26
[2020.01.22-15.13.27:601][820]LogShaderCompilers: Display: Worker (6/13): shaders left to compile 25
[2020.01.22-15.13.27:601][820]LogShaderCompilers: Display: Worker (7/13): shaders left to compile 24
[2020.01.22-15.13.27:601][820]LogShaderCompilers: Display: Worker (8/13): shaders left to compile 23
[2020.01.22-15.13.27:601][820]LogShaderCompilers: Display: Worker (9/13): shaders left to compile 22
[2020.01.22-15.13.27:601][820]LogShaderCompilers: Display: Worker (10/13): shaders left to compile 21
[2020.01.22-15.13.27:601][820]LogShaderCompilers: Display: Worker (11/13): shaders left to compile 20
[2020.01.22-15.13.27:601][820]LogShaderCompilers: Display: Worker (12/13): shaders left to compile 19
[2020.01.22-15.13.27:605][820]LogMaterial: Display: Missing cached shader map for material FMatExpressionPreview MaterialExpressionTextureSample_3, compiling. 
[2020.01.22-15.13.27:619][820]LogMaterial: Display: Missing cached shader map for material m_Pavilion, compiling. 
[2020.01.22-15.13.27:640][820]LogMaterial: Display: Missing cached shader map for material FMatExpressionPreview MaterialExpressionTextureSample_4, compiling. 
[2020.01.22-15.13.27:659][820]LogMaterial: Display: Missing cached shader map for material FMatExpressionPreview MaterialExpressionTextureSample_3, compiling. 
[2020.01.22-15.13.27:669][820]LogMaterial: Display: Missing cached shader map for material FMatExpressionPreview MaterialExpressionTextureSample_4, compiling. 
[2020.01.22-15.13.27:691][820]LogMaterial: Display: Missing cached shader map for material m_Pavilion, compiling. 
[2020.01.22-15.13.27:718][820]LogMaterial: Display: Missing cached shader map for material FMatExpressionPreview MaterialExpressionTextureSample_5, compiling. 
[2020.01.22-15.13.27:741][820]LogMaterial: Display: Missing cached shader map for material FMatExpressionPreview MaterialExpressionTextureSample_3, compiling. 
[2020.01.22-15.13.27:752][820]LogMaterial: Display: Missing cached shader map for material FMatExpressionPreview MaterialExpressionTextureSample_4, compiling. 
[2020.01.22-15.13.27:763][820]LogMaterial: Display: Missing cached shader map for material FMatExpressionPreview MaterialExpressionTextureSample_5, compiling. 
[2020.01.22-15.13.27:819][821]LogShaderCompilers: Display: Worker (8/13): shaders left to compile 42
[2020.01.22-15.13.27:857][822]LogShaderCompilers: Display: Worker (1/13): shaders left to compile 41
[2020.01.22-15.13.27:878][823]LogShaderCompilers: Display: Worker (2/13): shaders left to compile 40
[2020.01.22-15.13.27:878][823]LogShaderCompilers: Display: Worker (3/13): shaders left to compile 39
[2020.01.22-15.13.27:901][824]LogShaderCompilers: Display: Worker (5/13): shaders left to compile 38
[2020.01.22-15.13.27:901][824]LogShaderCompilers: Display: Worker (4/13): shaders left to compile 37
[2020.01.22-15.13.27:922][825]LogShaderCompilers: Display: Worker (9/13): shaders left to compile 36
[2020.01.22-15.13.27:948][825]LogShaderCompilers: Display: Worker (7/13): shaders left to compile 35
[2020.01.22-15.13.27:948][825]LogShaderCompilers: Display: Worker (6/13): shaders left to compile 34
[2020.01.22-15.13.28:064][831]LogShaderCompilers: Display: Worker (8/13): shaders left to compile 33
[2020.01.22-15.13.28:090][832]LogShaderCompilers: Display: Worker (12/13): shaders left to compile 32
[2020.01.22-15.13.28:114][833]LogShaderCompilers: Display: Worker (7/13): shaders left to compile 31
[2020.01.22-15.13.28:157][835]LogShaderCompilers: Display: Worker (1/13): shaders left to compile 30
[2020.01.22-15.13.28:178][836]LogShaderCompilers: Display: Worker (2/13): shaders left to compile 29
[2020.01.22-15.13.28:178][836]LogShaderCompilers: Display: Worker (3/13): shaders left to compile 28
[2020.01.22-15.13.28:198][837]LogShaderCompilers: Display: Worker (6/13): shaders left to compile 27
[2020.01.22-15.13.28:219][838]LogShaderCompilers: Display: Worker (4/13): shaders left to compile 26
[2020.01.22-15.13.28:219][838]LogShaderCompilers: Display: Worker (5/13): shaders left to compile 25
[2020.01.22-15.13.28:267][839]LogShaderCompilers: Display: Worker (9/13): shaders left to compile 24
[2020.01.22-15.13.28:289][840]LogShaderCompilers: Display: Worker (10/13): shaders left to compile 23
[2020.01.22-15.13.28:358][843]LogShaderCompilers: Display: Worker (11/13): shaders left to compile 22
[2020.01.22-15.13.28:550][850]LogShaderCompilers: Display: Worker (7/13): shaders left to compile 21
[2020.01.22-15.13.28:625][853]LogShaderCompilers: Display: Worker (3/13): shaders left to compile 20
[2020.01.22-15.13.28:668][855]LogShaderCompilers: Display: Worker (5/13): shaders left to compile 19
[2020.01.22-15.13.28:744][858]LogShaderCompilers: Display: Worker (11/13): shaders left to compile 18
[2020.01.22-15.13.28:764][859]LogShaderCompilers: Display: Worker (8/13): shaders left to compile 17
[2020.01.22-15.13.28:814][861]LogShaderCompilers: Display: Worker (1/13): shaders left to compile 16
[2020.01.22-15.13.28:814][861]LogShaderCompilers: Display: Worker (12/13): shaders left to compile 15
[2020.01.22-15.13.28:832][862]LogShaderCompilers: Display: Worker (6/13): shaders left to compile 14
[2020.01.22-15.13.28:855][863]LogShaderCompilers: Display: Worker (2/13): shaders left to compile 13
[2020.01.22-15.13.28:855][863]LogShaderCompilers: Display: Worker (4/13): shaders left to compile 12
[2020.01.22-15.13.28:899][865]LogShaderCompilers: Display: Worker (9/13): shaders left to compile 11
[2020.01.22-15.13.29:100][872]LogShaderCompilers: Display: Worker (7/13): shaders left to compile 10
[2020.01.22-15.13.29:167][875]LogShaderCompilers: Display: Worker (1/13): shaders left to compile 9
[2020.01.22-15.13.29:167][875]LogShaderCompilers: Display: Worker (5/13): shaders left to compile 8
[2020.01.22-15.13.29:345][883]LogShaderCompilers: Display: Worker (11/13): shaders left to compile 7
[2020.01.22-15.13.29:498][889]LogShaderCompilers: Display: Worker (9/13): shaders left to compile 6
[2020.01.22-15.13.29:519][890]LogShaderCompilers: Display: Worker (4/13): shaders left to compile 5
[2020.01.22-15.13.29:519][890]LogShaderCompilers: Display: Worker (2/13): shaders left to compile 4
[2020.01.22-15.13.29:558][891]LogShaderCompilers: Display: Worker (7/13): shaders left to compile 3
[2020.01.22-15.13.29:656][894]LogShaderCompilers: Display: Worker (1/13): shaders left to compile 2
[2020.01.22-15.13.29:656][894]LogShaderCompilers: Display: Worker (6/13): shaders left to compile 1
[2020.01.22-15.13.30:273][924]MaterialEditorStats: Base pass shader: 117 instructions
[2020.01.22-15.13.30:273][924]MaterialEditorStats: Base pass shader with Surface Lightmap: 144 instructions
[2020.01.22-15.13.30:273][924]MaterialEditorStats: Base pass shader with Volumetric Lightmap: 191 instructions
[2020.01.22-15.13.30:273][924]MaterialEditorStats: Base pass vertex shader: 40 instructions
[2020.01.22-15.13.30:273][924]MaterialEditorStats: Texture samplers: 3/16
[2020.01.22-15.13.32:303][118]LogMaterial: Display: Missing cached shader map for material m_Pavilion, compiling. 
[2020.01.22-15.13.32:355][118]LogShaderCompilers: Display: Worker (1/13): shaders left to compile 30
[2020.01.22-15.13.32:355][118]LogShaderCompilers: Display: Worker (2/13): shaders left to compile 29
[2020.01.22-15.13.32:355][118]LogShaderCompilers: Display: Worker (3/13): shaders left to compile 28
[2020.01.22-15.13.32:355][118]LogShaderCompilers: Display: Worker (4/13): shaders left to compile 27
[2020.01.22-15.13.32:355][118]LogShaderCompilers: Display: Worker (5/13): shaders left to compile 26
[2020.01.22-15.13.32:355][118]LogShaderCompilers: Display: Worker (6/13): shaders left to compile 25
[2020.01.22-15.13.32:355][118]LogShaderCompilers: Display: Worker (7/13): shaders left to compile 24
[2020.01.22-15.13.32:355][118]LogShaderCompilers: Display: Worker (8/13): shaders left to compile 23
[2020.01.22-15.13.32:355][118]LogShaderCompilers: Display: Worker (9/13): shaders left to compile 22
[2020.01.22-15.13.32:355][118]LogShaderCompilers: Display: Worker (10/13): shaders left to compile 21
[2020.01.22-15.13.32:355][118]LogShaderCompilers: Display: Worker (11/13): shaders left to compile 20
[2020.01.22-15.13.32:355][118]LogShaderCompilers: Display: Worker (12/13): shaders left to compile 19
[2020.01.22-15.13.32:355][118]LogMaterial: Display: Missing cached shader map for material FMatExpressionPreview MaterialExpressionTextureSample_4, compiling. 
[2020.01.22-15.13.32:538][127]LogShaderCompilers: Display: Worker (8/13): shaders left to compile 22
[2020.01.22-15.13.32:617][131]LogShaderCompilers: Display: Worker (3/13): shaders left to compile 21
[2020.01.22-15.13.32:639][132]LogShaderCompilers: Display: Worker (1/13): shaders left to compile 20
[2020.01.22-15.13.32:639][132]LogShaderCompilers: Display: Worker (2/13): shaders left to compile 19
[2020.01.22-15.13.32:662][133]LogShaderCompilers: Display: Worker (4/13): shaders left to compile 18
[2020.01.22-15.13.32:684][134]LogShaderCompilers: Display: Worker (5/13): shaders left to compile 17
[2020.01.22-15.13.32:684][134]LogShaderCompilers: Display: Worker (9/13): shaders left to compile 16
[2020.01.22-15.13.32:703][135]LogShaderCompilers: Display: Worker (6/13): shaders left to compile 15
[2020.01.22-15.13.32:703][135]LogShaderCompilers: Display: Worker (7/13): shaders left to compile 14
[2020.01.22-15.13.32:866][143]LogShaderCompilers: Display: Worker (12/13): shaders left to compile 13
[2020.01.22-15.13.33:068][152]LogShaderCompilers: Display: Worker (10/13): shaders left to compile 12
[2020.01.22-15.13.33:108][154]LogShaderCompilers: Display: Worker (1/13): shaders left to compile 11
[2020.01.22-15.13.33:126][155]LogShaderCompilers: Display: Worker (7/13): shaders left to compile 10
[2020.01.22-15.13.33:126][155]LogShaderCompilers: Display: Worker (5/13): shaders left to compile 9
[2020.01.22-15.13.33:126][155]LogShaderCompilers: Display: Worker (11/13): shaders left to compile 8
[2020.01.22-15.13.33:213][160]LogShaderCompilers: Display: Worker (8/13): shaders left to compile 7
[2020.01.22-15.13.33:286][164]LogShaderCompilers: Display: Worker (4/13): shaders left to compile 6
[2020.01.22-15.13.33:307][165]LogShaderCompilers: Display: Worker (2/13): shaders left to compile 5
[2020.01.22-15.13.33:327][166]LogShaderCompilers: Display: Worker (3/13): shaders left to compile 4
[2020.01.22-15.13.33:351][167]LogShaderCompilers: Display: Worker (9/13): shaders left to compile 3
[2020.01.22-15.13.33:395][169]LogShaderCompilers: Display: Worker (6/13): shaders left to compile 2
[2020.01.22-15.13.33:475][173]LogShaderCompilers: Display: Worker (12/13): shaders left to compile 1
[2020.01.22-15.13.33:888][194]MaterialEditorStats: Base pass shader: 120 instructions
[2020.01.22-15.13.33:888][194]MaterialEditorStats: Base pass shader with Surface Lightmap: 147 instructions
[2020.01.22-15.13.33:888][194]MaterialEditorStats: Base pass shader with Volumetric Lightmap: 194 instructions
[2020.01.22-15.13.33:888][194]MaterialEditorStats: Base pass vertex shader: 44 instructions
[2020.01.22-15.13.33:888][194]MaterialEditorStats: Texture samplers: 4/16
[2020.01.22-15.13.33:888][194]MaterialEditorStats: Texture Lookups (Est.): VS(0), PS(1)
[2020.01.22-15.13.33:888][194]MaterialEditorStats: User interpolators: 2/4 Scalars (1/4 Vectors) (TexCoords: 2, Custom: 0)
[2020.01.22-15.13.35:533][346]LogMaterial: Display: Missing cached shader map for material m_Pavilion, compiling. 
[2020.01.22-15.13.35:558][346]LogShaderCompilers: Display: Worker (1/13): shaders left to compile 30
[2020.01.22-15.13.35:558][346]LogShaderCompilers: Display: Worker (2/13): shaders left to compile 29
[2020.01.22-15.13.35:558][346]LogShaderCompilers: Display: Worker (3/13): shaders left to compile 28
[2020.01.22-15.13.35:558][346]LogShaderCompilers: Display: Worker (4/13): shaders left to compile 27
[2020.01.22-15.13.35:558][346]LogShaderCompilers: Display: Worker (5/13): shaders left to compile 26
[2020.01.22-15.13.35:558][346]LogShaderCompilers: Display: Worker (6/13): shaders left to compile 25
[2020.01.22-15.13.35:558][346]LogShaderCompilers: Display: Worker (7/13): shaders left to compile 24
[2020.01.22-15.13.35:558][346]LogShaderCompilers: Display: Worker (8/13): shaders left to compile 23
[2020.01.22-15.13.35:558][346]LogShaderCompilers: Display: Worker (9/13): shaders left to compile 22
[2020.01.22-15.13.35:558][346]LogShaderCompilers: Display: Worker (10/13): shaders left to compile 21
[2020.01.22-15.13.35:558][346]LogShaderCompilers: Display: Worker (11/13): shaders left to compile 20
[2020.01.22-15.13.35:558][346]LogShaderCompilers: Display: Worker (12/13): shaders left to compile 19
[2020.01.22-15.13.35:558][346]LogMaterial: Display: Missing cached shader map for material FMatExpressionPreview MaterialExpressionTextureSample_3, compiling. 
[2020.01.22-15.13.35:939][362]LogShaderCompilers: Display: Worker (4/13): shaders left to compile 22
[2020.01.22-15.13.35:959][363]LogShaderCompilers: Display: Worker (7/13): shaders left to compile 21
[2020.01.22-15.13.36:019][366]LogShaderCompilers: Display: Worker (5/13): shaders left to compile 20
[2020.01.22-15.13.36:072][368]LogShaderCompilers: Display: Worker (8/13): shaders left to compile 19
[2020.01.22-15.13.36:107][370]LogShaderCompilers: Display: Worker (9/13): shaders left to compile 18
[2020.01.22-15.13.36:151][372]LogShaderCompilers: Display: Worker (12/13): shaders left to compile 17
[2020.01.22-15.13.36:215][375]LogShaderCompilers: Display: Worker (2/13): shaders left to compile 16
[2020.01.22-15.13.36:215][375]LogShaderCompilers: Display: Worker (6/13): shaders left to compile 15
[2020.01.22-15.13.36:306][379]LogShaderCompilers: Display: Worker (1/13): shaders left to compile 14
[2020.01.22-15.13.36:352][381]LogShaderCompilers: Display: Worker (3/13): shaders left to compile 13
[2020.01.22-15.13.36:462][386]LogShaderCompilers: Display: Worker (10/13): shaders left to compile 12
[2020.01.22-15.13.36:575][391]LogShaderCompilers: Display: Worker (5/13): shaders left to compile 11
[2020.01.22-15.13.36:648][395]LogShaderCompilers: Display: Worker (12/13): shaders left to compile 10
[2020.01.22-15.13.36:701][398]LogShaderCompilers: Display: Worker (8/13): shaders left to compile 9
[2020.01.22-15.13.36:757][401]LogShaderCompilers: Display: Worker (4/13): shaders left to compile 8
[2020.01.22-15.13.36:772][402]LogShaderCompilers: Display: Worker (11/13): shaders left to compile 7
[2020.01.22-15.13.36:792][403]LogShaderCompilers: Display: Worker (1/13): shaders left to compile 6
[2020.01.22-15.13.36:801][403]LogMaterial: Display: Missing cached shader map for material m_Pavilion, compiling. 
[2020.01.22-15.13.36:836][403]LogShaderCompilers: Display: Worker (7/13): shaders left to compile 34
[2020.01.22-15.13.36:841][403]LogMaterial: Display: Missing cached shader map for material FMatExpressionPreview MaterialExpressionTextureSample_3, compiling. 
[2020.01.22-15.13.36:881][404]LogShaderCompilers: Display: Worker (9/13): shaders left to compile 34
[2020.01.22-15.13.36:928][405]LogShaderCompilers: Display: Worker (6/13): shaders left to compile 33
[2020.01.22-15.13.36:960][406]LogShaderCompilers: Display: Worker (2/13): shaders left to compile 32
[2020.01.22-15.13.37:004][408]LogShaderCompilers: Display: Worker (5/13): shaders left to compile 31
[2020.01.22-15.13.37:046][410]LogShaderCompilers: Display: Worker (3/13): shaders left to compile 30
[2020.01.22-15.13.37:139][414]LogShaderCompilers: Display: Worker (4/13): shaders left to compile 29
[2020.01.22-15.13.37:139][414]LogShaderCompilers: Display: Worker (10/13): shaders left to compile 28
[2020.01.22-15.13.37:215][418]LogShaderCompilers: Display: Worker (9/13): shaders left to compile 27
[2020.01.22-15.13.37:233][419]LogShaderCompilers: Display: Worker (6/13): shaders left to compile 26
[2020.01.22-15.13.37:251][420]LogShaderCompilers: Display: Worker (2/13): shaders left to compile 25
[2020.01.22-15.13.37:318][424]LogShaderCompilers: Display: Worker (12/13): shaders left to compile 24
[2020.01.22-15.13.37:318][424]LogShaderCompilers: Display: Worker (7/13): shaders left to compile 23
[2020.01.22-15.13.37:337][425]LogShaderCompilers: Display: Worker (5/13): shaders left to compile 22
[2020.01.22-15.13.37:353][426]LogShaderCompilers: Display: Worker (8/13): shaders left to compile 21
[2020.01.22-15.13.37:354][426]LogShaderCompilers: Display: Worker (11/13): shaders left to compile 20
[2020.01.22-15.13.37:370][427]LogShaderCompilers: Display: Worker (3/13): shaders left to compile 19
[2020.01.22-15.13.37:374][427]LogShaderCompilers: Display: Worker (1/13): shaders left to compile 18
[2020.01.22-15.13.37:374][427]LogShaderCompilers: Display: Worker (9/13): shaders left to compile 17
[2020.01.22-15.13.37:436][427]LogShaderCompilers: Display: Worker (4/13): shaders left to compile 16
[2020.01.22-15.13.37:438][427]LogShaderCompilers: Display: Worker (10/13): shaders left to compile 15
[2020.01.22-15.13.37:500][431]LogShaderCompilers: Display: Worker (6/13): shaders left to compile 14
[2020.01.22-15.13.37:779][442]LogShaderCompilers: Display: Worker (7/13): shaders left to compile 13
[2020.01.22-15.13.37:821][444]LogShaderCompilers: Display: Worker (11/13): shaders left to compile 12
[2020.01.22-15.13.37:838][445]LogShaderCompilers: Display: Worker (9/13): shaders left to compile 11
[2020.01.22-15.13.37:911][449]LogShaderCompilers: Display: Worker (6/13): shaders left to compile 10
[2020.01.22-15.13.37:945][450]LogShaderCompilers: Display: Worker (2/13): shaders left to compile 9
[2020.01.22-15.13.37:987][452]LogShaderCompilers: Display: Worker (5/13): shaders left to compile 8
[2020.01.22-15.13.38:005][453]LogShaderCompilers: Display: Worker (3/13): shaders left to compile 7
[2020.01.22-15.13.38:051][454]LogShaderCompilers: Display: Worker (8/13): shaders left to compile 6
[2020.01.22-15.13.38:068][455]LogShaderCompilers: Display: Worker (1/13): shaders left to compile 5
[2020.01.22-15.13.38:068][455]LogShaderCompilers: Display: Worker (12/13): shaders left to compile 4
[2020.01.22-15.13.38:100][457]LogShaderCompilers: Display: Worker (4/13): shaders left to compile 3
[2020.01.22-15.13.38:100][457]LogShaderCompilers: Display: Worker (10/13): shaders left to compile 2
[2020.01.22-15.13.38:215][463]LogMaterial: Display: Missing cached shader map for material m_Pavilion, compiling. 
[2020.01.22-15.13.38:246][463]LogMaterial: Display: Missing cached shader map for material FMatExpressionPreview MaterialExpressionTextureSample_3, compiling. 
[2020.01.22-15.13.38:256][463]LogShaderCompilers: Display: Worker (9/13): shaders left to compile 30
[2020.01.22-15.13.38:400][469]LogShaderCompilers: Display: Worker (5/13): shaders left to compile 33
[2020.01.22-15.13.38:400][469]LogShaderCompilers: Display: Worker (7/13): shaders left to compile 32
[2020.01.22-15.13.38:460][472]LogShaderCompilers: Display: Worker (11/13): shaders left to compile 31
[2020.01.22-15.13.38:498][474]LogShaderCompilers: Display: Worker (1/13): shaders left to compile 30
[2020.01.22-15.13.38:542][476]LogShaderCompilers: Display: Worker (6/13): shaders left to compile 29
[2020.01.22-15.13.38:561][477]LogShaderCompilers: Display: Worker (10/13): shaders left to compile 28
[2020.01.22-15.13.38:597][479]LogShaderCompilers: Display: Worker (12/13): shaders left to compile 27
[2020.01.22-15.13.38:597][479]LogShaderCompilers: Display: Worker (4/13): shaders left to compile 26
[2020.01.22-15.13.38:617][480]LogShaderCompilers: Display: Worker (9/13): shaders left to compile 25
[2020.01.22-15.13.38:617][480]LogShaderCompilers: Display: Worker (3/13): shaders left to compile 24
[2020.01.22-15.13.38:691][484]LogShaderCompilers: Display: Worker (2/13): shaders left to compile 23
[2020.01.22-15.13.38:691][484]LogShaderCompilers: Display: Worker (8/13): shaders left to compile 22
[2020.01.22-15.13.38:721][485]LogShaderCompilers: Display: Worker (5/13): shaders left to compile 21
[2020.01.22-15.13.38:740][486]LogShaderCompilers: Display: Worker (7/13): shaders left to compile 20
[2020.01.22-15.13.38:775][488]LogShaderCompilers: Display: Worker (12/13): shaders left to compile 19
[2020.01.22-15.13.38:775][488]LogShaderCompilers: Display: Worker (11/13): shaders left to compile 18
[2020.01.22-15.13.38:795][489]LogShaderCompilers: Display: Worker (1/13): shaders left to compile 17
[2020.01.22-15.13.38:850][492]LogShaderCompilers: Display: Worker (6/13): shaders left to compile 16
[2020.01.22-15.13.38:870][493]LogShaderCompilers: Display: Worker (10/13): shaders left to compile 15
[2020.01.22-15.13.38:895][494]LogShaderCompilers: Display: Worker (4/13): shaders left to compile 14
[2020.01.22-15.13.39:168][506]LogShaderCompilers: Display: Worker (2/13): shaders left to compile 13
[2020.01.22-15.13.39:189][507]LogShaderCompilers: Display: Worker (7/13): shaders left to compile 12
[2020.01.22-15.13.39:255][510]LogShaderCompilers: Display: Worker (1/13): shaders left to compile 11
[2020.01.22-15.13.39:279][510]LogShaderCompilers: Display: Worker (9/13): shaders left to compile 10
[2020.01.22-15.13.39:298][512]LogShaderCompilers: Display: Worker (4/13): shaders left to compile 9
[2020.01.22-15.13.39:380][517]LogShaderCompilers: Display: Worker (8/13): shaders left to compile 8
[2020.01.22-15.13.39:380][517]LogShaderCompilers: Display: Worker (3/13): shaders left to compile 7
[2020.01.22-15.13.39:398][518]LogShaderCompilers: Display: Worker (12/13): shaders left to compile 6
[2020.01.22-15.13.39:415][519]LogShaderCompilers: Display: Worker (11/13): shaders left to compile 5
[2020.01.22-15.13.39:450][521]LogShaderCompilers: Display: Worker (5/13): shaders left to compile 4
[2020.01.22-15.13.39:485][523]LogShaderCompilers: Display: Worker (6/13): shaders left to compile 3
[2020.01.22-15.13.39:525][524]LogShaderCompilers: Display: Worker (10/13): shaders left to compile 2
[2020.01.22-15.13.39:631][530]LogShaderCompilers: Display: Worker (1/13): shaders left to compile 1
[2020.01.22-15.13.39:777][537]LogMaterial: Display: Missing cached shader map for material m_Pavilion, compiling. 
[2020.01.22-15.13.39:803][537]LogShaderCompilers: Display: Worker (2/13): shaders left to compile 30
[2020.01.22-15.13.39:803][537]LogShaderCompilers: Display: Worker (8/13): shaders left to compile 29
[2020.01.22-15.13.39:812][537]LogMaterial: Display: Missing cached shader map for material FMatExpressionPreview MaterialExpressionTextureSample_5, compiling. 
[2020.01.22-15.13.39:842][538]LogShaderCompilers: Display: Worker (7/13): shaders left to compile 32
[2020.01.22-15.13.39:842][538]LogShaderCompilers: Display: Worker (11/13): shaders left to compile 31
[2020.01.22-15.13.39:919][542]LogShaderCompilers: Display: Worker (10/13): shaders left to compile 30
[2020.01.22-15.13.39:938][543]LogShaderCompilers: Display: Worker (9/13): shaders left to compile 29
[2020.01.22-15.13.39:938][543]LogShaderCompilers: Display: Worker (5/13): shaders left to compile 28
[2020.01.22-15.13.39:960][544]LogShaderCompilers: Display: Worker (3/13): shaders left to compile 27
[2020.01.22-15.13.39:961][544]LogShaderCompilers: Display: Worker (6/13): shaders left to compile 26
[2020.01.22-15.13.39:979][545]LogShaderCompilers: Display: Worker (12/13): shaders left to compile 25
[2020.01.22-15.13.39:995][546]LogShaderCompilers: Display: Worker (4/13): shaders left to compile 24
[2020.01.22-15.13.40:023][547]LogShaderCompilers: Display: Worker (1/13): shaders left to compile 23
[2020.01.22-15.13.40:118][551]LogShaderCompilers: Display: Worker (3/13): shaders left to compile 22
[2020.01.22-15.13.40:137][552]LogShaderCompilers: Display: Worker (8/13): shaders left to compile 21
[2020.01.22-15.13.40:158][553]LogShaderCompilers: Display: Worker (7/13): shaders left to compile 20
[2020.01.22-15.13.40:158][553]LogShaderCompilers: Display: Worker (2/13): shaders left to compile 19
[2020.01.22-15.13.40:177][554]LogShaderCompilers: Display: Worker (11/13): shaders left to compile 18
[2020.01.22-15.13.40:229][556]LogShaderCompilers: Display: Worker (10/13): shaders left to compile 17
[2020.01.22-15.13.40:252][557]LogShaderCompilers: Display: Worker (9/13): shaders left to compile 16
[2020.01.22-15.13.40:269][558]LogShaderCompilers: Display: Worker (6/13): shaders left to compile 15
[2020.01.22-15.13.40:269][558]LogShaderCompilers: Display: Worker (5/13): shaders left to compile 14
[2020.01.22-15.13.40:510][569]LogShaderCompilers: Display: Worker (1/13): shaders left to compile 13
[2020.01.22-15.13.40:634][574]LogShaderCompilers: Display: Worker (7/13): shaders left to compile 12
[2020.01.22-15.13.40:683][577]LogShaderCompilers: Display: Worker (12/13): shaders left to compile 11
[2020.01.22-15.13.40:704][578]LogShaderCompilers: Display: Worker (10/13): shaders left to compile 10
[2020.01.22-15.13.40:724][579]LogShaderCompilers: Display: Worker (5/13): shaders left to compile 9
[2020.01.22-15.13.40:760][581]LogShaderCompilers: Display: Worker (4/13): shaders left to compile 8
[2020.01.22-15.13.40:817][582]LogShaderCompilers: Display: Worker (2/13): shaders left to compile 7
[2020.01.22-15.13.40:817][582]LogShaderCompilers: Display: Worker (3/13): shaders left to compile 6
[2020.01.22-15.13.40:841][584]LogShaderCompilers: Display: Worker (8/13): shaders left to compile 5
[2020.01.22-15.13.40:841][584]LogShaderCompilers: Display: Worker (11/13): shaders left to compile 4
[2020.01.22-15.13.40:913][587]LogShaderCompilers: Display: Worker (9/13): shaders left to compile 3
[2020.01.22-15.13.40:914][587]LogShaderCompilers: Display: Worker (6/13): shaders left to compile 2
[2020.01.22-15.13.41:058][594]LogShaderCompilers: Display: Worker (12/13): shaders left to compile 1
[2020.01.22-15.13.41:105][596]LogMaterialEditor: Saving and Compiling material m_Pavilion
[2020.01.22-15.13.41:568][596]LogMaterial: Display: Missing cached shader map for material m_Pavilion, compiling. 
[2020.01.22-15.13.41:641][596]LogShaderCompilers: Display: Worker (1/13): shaders left to compile 30
[2020.01.22-15.13.41:641][596]LogShaderCompilers: Display: Worker (2/13): shaders left to compile 29
[2020.01.22-15.13.41:641][596]LogShaderCompilers: Display: Worker (3/13): shaders left to compile 28
[2020.01.22-15.13.41:641][596]LogShaderCompilers: Display: Worker (4/13): shaders left to compile 27
[2020.01.22-15.13.41:641][596]LogShaderCompilers: Display: Worker (5/13): shaders left to compile 26
[2020.01.22-15.13.41:641][596]LogShaderCompilers: Display: Worker (6/13): shaders left to compile 25
[2020.01.22-15.13.41:641][596]LogShaderCompilers: Display: Worker (7/13): shaders left to compile 24
[2020.01.22-15.13.41:641][596]LogShaderCompilers: Display: Worker (8/13): shaders left to compile 23
[2020.01.22-15.13.41:641][596]LogShaderCompilers: Display: Worker (9/13): shaders left to compile 22
[2020.01.22-15.13.41:641][596]LogShaderCompilers: Display: Worker (10/13): shaders left to compile 21
[2020.01.22-15.13.41:641][596]LogShaderCompilers: Display: Worker (11/13): shaders left to compile 20
[2020.01.22-15.13.41:641][596]LogShaderCompilers: Display: Worker (12/13): shaders left to compile 19
[2020.01.22-15.13.41:655][596]LogMaterial: Display: Missing cached shader map for material m_Pavilion, compiling. 
[2020.01.22-15.13.41:681][596]LogMaterial: Display: Missing cached shader map for material m_Pavilion, compiling. 
[2020.01.22-15.13.41:745][596]LogUObjectHash: Compacting FUObjectHashTables data took   2.17ms
[2020.01.22-15.13.41:758][596]LogMaterial: Display: Missing cached shader map for material DebugViewMode MaterialTexCoordScale, compiling. 
[2020.01.22-15.13.43:273][596]LogShaderCompilers: Display: Worker (8/13): shaders left to compile 51
[2020.01.22-15.13.43:273][596]LogShaderCompilers: Display: Worker (2/13): shaders left to compile 50
[2020.01.22-15.13.43:273][596]LogShaderCompilers: Display: Worker (4/13): shaders left to compile 49
[2020.01.22-15.13.43:273][596]LogShaderCompilers: Display: Worker (9/13): shaders left to compile 48
[2020.01.22-15.13.43:273][596]LogShaderCompilers: Display: Worker (6/13): shaders left to compile 47
[2020.01.22-15.13.43:273][596]LogShaderCompilers: Display: Worker (3/13): shaders left to compile 46
[2020.01.22-15.13.43:273][596]LogShaderCompilers: Display: Worker (7/13): shaders left to compile 45
[2020.01.22-15.13.43:273][596]LogShaderCompilers: Display: Worker (5/13): shaders left to compile 44
[2020.01.22-15.13.43:273][596]LogShaderCompilers: Display: Worker (12/13): shaders left to compile 43
[2020.01.22-15.13.43:273][596]LogShaderCompilers: Display: Worker (4/13): shaders left to compile 42
[2020.01.22-15.13.43:273][596]LogShaderCompilers: Display: Worker (1/13): shaders left to compile 41
[2020.01.22-15.13.43:273][596]LogShaderCompilers: Display: Worker (8/13): shaders left to compile 40
[2020.01.22-15.13.43:273][596]LogShaderCompilers: Display: Worker (10/13): shaders left to compile 39
[2020.01.22-15.13.43:274][596]LogShaderCompilers: Display: Worker (3/13): shaders left to compile 38
[2020.01.22-15.13.43:274][596]LogShaderCompilers: Display: Worker (7/13): shaders left to compile 37
[2020.01.22-15.13.43:274][596]LogShaderCompilers: Display: Worker (11/13): shaders left to compile 36
[2020.01.22-15.13.43:274][596]LogShaderCompilers: Display: Worker (9/13): shaders left to compile 35
[2020.01.22-15.13.43:274][596]LogShaderCompilers: Display: Worker (2/13): shaders left to compile 34
[2020.01.22-15.13.43:274][596]LogShaderCompilers: Display: Worker (12/13): shaders left to compile 33
[2020.01.22-15.13.43:274][596]LogShaderCompilers: Display: Worker (6/13): shaders left to compile 32
[2020.01.22-15.13.43:274][596]LogShaderCompilers: Display: Worker (5/13): shaders left to compile 31
[2020.01.22-15.13.43:274][596]LogShaderCompilers: Display: Worker (8/13): shaders left to compile 28
[2020.01.22-15.13.43:274][596]LogShaderCompilers: Display: Worker (4/13): shaders left to compile 25
[2020.01.22-15.13.43:274][596]LogShaderCompilers: Display: Worker (6/13): shaders left to compile 22
[2020.01.22-15.13.43:274][596]LogShaderCompilers: Display: Worker (12/13): shaders left to compile 20
[2020.01.22-15.13.43:276][596]TextureStreamingBuild: Display: Compiling optional shaders took 1.531 seconds.
[2020.01.22-15.13.43:281][596]LogShaderCompilers: Display: Worker (7/13): shaders left to compile 18
[2020.01.22-15.13.43:333][596]LogUObjectHash: Compacting FUObjectHashTables data took   1.18ms
[2020.01.22-15.13.44:540][596]LogShaderCompilers: Display: Worker (1/13): shaders left to compile 16
[2020.01.22-15.13.44:540][596]LogShaderCompilers: Display: Worker (2/13): shaders left to compile 14
[2020.01.22-15.13.44:540][596]LogShaderCompilers: Display: Worker (11/13): shaders left to compile 12
[2020.01.22-15.13.44:540][596]LogShaderCompilers: Display: Worker (10/13): shaders left to compile 10
[2020.01.22-15.13.44:540][596]LogShaderCompilers: Display: Worker (9/13): shaders left to compile 9
[2020.01.22-15.13.44:540][596]LogShaderCompilers: Display: Worker (3/13): shaders left to compile 8
[2020.01.22-15.13.44:540][596]LogShaderCompilers: Display: Worker (3/13): shaders left to compile 7
[2020.01.22-15.13.44:540][596]LogShaderCompilers: Display: Worker (4/13): shaders left to compile 6
[2020.01.22-15.13.44:540][596]LogShaderCompilers: Display: Worker (5/13): shaders left to compile 5
[2020.01.22-15.13.44:540][596]LogShaderCompilers: Display: Worker (10/13): shaders left to compile 4
[2020.01.22-15.13.44:540][596]LogShaderCompilers: Display: Worker (9/13): shaders left to compile 3
[2020.01.22-15.13.44:540][596]LogShaderCompilers: Display: Worker (8/13): shaders left to compile 2
[2020.01.22-15.13.44:540][596]LogShaderCompilers: Display: Worker (12/13): shaders left to compile 1
[2020.01.22-15.13.44:569][596]Cmd: OBJ SAVEPACKAGE PACKAGE="/Game/Materials/m_Pavilion" FILE="../../../../Art/Park_SFAS/Park/Content/Materials/m_Pavilion.uasset" SILENT=true
[2020.01.22-15.13.44:587][596]LogSavePackage: Moving '../../../../Art/Park_SFAS/Park/Saved/m_Pavilion174DF4D645B2B90F31D492BDF1459846.tmp' to '../../../../Art/Park_SFAS/Park/Content/Materials/m_Pavilion.uasset'
[2020.01.22-15.13.44:610][596]MaterialEditorStats: Base pass shader: 128 instructions
[2020.01.22-15.13.44:610][596]MaterialEditorStats: Base pass shader with Surface Lightmap: 159 instructions
[2020.01.22-15.13.44:610][596]MaterialEditorStats: Base pass shader with Volumetric Lightmap: 206 instructions
[2020.01.22-15.13.44:610][596]MaterialEditorStats: Base pass vertex shader: 44 instructions
[2020.01.22-15.13.44:610][596]MaterialEditorStats: Texture samplers: 6/16
[2020.01.22-15.13.44:610][596]MaterialEditorStats: Texture Lookups (Est.): VS(0), PS(3)
[2020.01.22-15.13.44:610][596]MaterialEditorStats: User interpolators: 2/4 Scalars (1/4 Vectors) (TexCoords: 2, Custom: 0)
[2020.01.22-15.13.45:924][725]LogSlate: Window 'm_Pavilion' being destroyed
[2020.01.22-15.13.45:929][725]LogSlate: Window 'm_Pavilion' being destroyed
[2020.01.22-15.13.45:946][725]LogWorld: UWorld::CleanupWorld for World_2, bSessionEnded=true, bCleanupResources=true
[2020.01.22-15.13.50:305][210]LogEditorViewport: Clicking on Actor (LMB): StaticMeshActor (Pavilion_low)
[2020.01.22-15.13.53:104][537]LogSlate: FSceneViewport::OnFocusLost() reason 0
[2020.01.22-15.13.58:934][174]LogEditorFactories: Performing atomic reimport of [D:/Art/Park_SFAS/Models/Pavilion_low.fbx]
[2020.01.22-15.13.59:008][174]LogFbx: Loading FBX Scene from D:/Art/Park_SFAS/Models/Pavilion_low.fbx
[2020.01.22-15.13.59:052][174]LogFbx: FBX Scene Loaded Succesfully
[2020.01.22-15.13.59:179][174]LogFbx: Display: Triangulating static mesh polySurface2
[2020.01.22-15.14.00:306][174]LogStaticMesh: Building static mesh SM_Pavilion_low...
[2020.01.22-15.14.00:803][174]LogStaticMesh: Built static mesh [0.50s] /Game/Meshes/SM_Pavilion_low.SM_Pavilion_low
[2020.01.22-15.14.00:953][174]LogEditorFactories: -- imported successfully
[2020.01.22-15.14.08:512][ 25]LogActorFactory: Actor Factory created SM_Pavilion_low
[2020.01.22-15.14.09:723][ 91]LogActorFactory: Actor Factory created SM_Pavilion_low
[2020.01.22-15.14.11:401][282]Cmd: DELETE
[2020.01.22-15.14.11:401][282]Cmd: ACTOR DELETE
[2020.01.22-15.14.11:420][282]LogEditorActor: Deleted Actor: StaticMeshActor
[2020.01.22-15.14.11:456][282]LogUObjectHash: Compacting FUObjectHashTables data took   1.81ms
[2020.01.22-15.14.11:456][282]LogEditorActor: Deleted 1 Actors (0.041 secs)
[2020.01.22-15.14.12:568][414]LogEditorViewport: Clicking on Actor (LMB): StaticMeshActor (Pavilion_low)
[2020.01.22-15.14.13:810][549]LogSlate: FSceneViewport::OnFocusLost() reason 0
[2020.01.22-15.14.22:171][727]LogFactory: FactoryCreateFile: StaticMesh with FbxFactory (0 0 ../../../../Art/Park_SFAS/Models/SM_Pavilion.obj)
[2020.01.22-15.14.22:188][727]LogFbx: Loading FBX Scene from ../../../../Art/Park_SFAS/Models/SM_Pavilion.obj
[2020.01.22-15.14.22:495][727]LogFbx: FBX Scene Loaded Succesfully
[2020.01.22-15.14.23:607][727]LogSlate: Window 'FBX Import Options' being destroyed
[2020.01.22-15.14.23:657][727]LogFbx: Display: Triangulating static mesh SM_Pavilion:polySurface2
[2020.01.22-15.14.24:675][727]LogStaticMesh: Building static mesh SM_Pavilion...
[2020.01.22-15.14.25:205][727]LogStaticMesh: Built static mesh [0.53s] /Game/Meshes/SM_Pavilion.SM_Pavilion
[2020.01.22-15.14.25:438][727]FBXImport: Warning: No smoothing group information was found in this FBX scene.  Please make sure to enable the 'Export Smoothing Groups' option in the FBX Exporter plug-in before exporting the file.  Even for tools that don't support smoothing groups, the FBX Exporter will generate appropriate smoothing data at export-time so that correct vertex normals can be inferred while importing. 
[2020.01.22-15.14.27:460][950]LogSlate: Window 'Message Log' being destroyed
[2020.01.22-15.14.27:465][950]LogSlate: Window 'Message Log' being destroyed
[2020.01.22-15.14.30:152][256]LogUObjectHash: Compacting FUObjectHashTables data took   1.52ms
[2020.01.22-15.14.31:935][256]LogSlate: Window 'Delete Assets' being destroyed
[2020.01.22-15.14.32:381][256]LogUObjectGlobals: Force Deleting 1 Package(s):
	Asset Name: /Game/Meshes/SM_Pavilion_low.SM_Pavilion_low
[2020.01.22-15.14.33:500][256]LogUObjectHash: Compacting FUObjectHashTables data took   1.53ms
[2020.01.22-15.14.33:537][256]LogUObjectHash: Compacting FUObjectHashTables data took   1.60ms
[2020.01.22-15.14.33:571][256]LogUObjectHash: Compacting FUObjectHashTables data took   0.72ms
[2020.01.22-15.14.36:516][559]LogActorFactory: Actor Factory created SM_Pavilion
[2020.01.22-15.14.37:606][636]LogActorFactory: Actor Factory created SM_Pavilion
[2020.01.22-15.14.45:383][344]LogSlate: Took 0.007195 seconds to synchronously load lazily loaded font '../../../Engine/Content/Slate/Fonts/Roboto-Italic.ttf' (157K)
[2020.01.22-15.14.45:889][403]LogSlate: FSceneViewport::OnFocusLost() reason 0
[2020.01.22-15.14.49:450][822]LogEditorViewport: Clicking on Actor (LMB): StaticMeshActor (SM_Pavilion)
[2020.01.22-15.14.54:825][385]Cmd: SELECT NONE
[2020.01.22-15.14.56:063][532]LogEditorViewport: Clicking on Actor (LMB): BP_Sky_Sphere_C (Sky Sphere)
[2020.01.22-15.14.56:547][584]LogEditorViewport: Clicking on Actor (LMB): StaticMeshActor (SM_Pavilion)
[2020.01.22-15.14.59:356][897]Cmd: SELECT NONE
[2020.01.22-15.15.00:218][999]LogSlate: FSceneViewport::OnFocusLost() reason 0
[2020.01.22-15.15.06:063][625]LogSlate: FSceneViewport::OnFocusLost() reason 0
[2020.01.22-15.15.06:201][639]LogAssetEditorManager: Opening Asset editor for Material /Game/Materials/m_Pavilion.m_Pavilion
[2020.01.22-15.15.06:205][639]LogMaterial: Display: Missing cached shader map for material m_Pavilion, compiling. 
[2020.01.22-15.15.06:292][639]LogMaterial: Display: Missing cached shader map for material m_Pavilion, compiling. 
[2020.01.22-15.15.06:311][639]LogMaterial: Display: Missing cached shader map for material m_Pavilion, compiling. 
[2020.01.22-15.15.06:333][639]LogShaderCompilers: Display: Worker (1/13): shaders left to compile 30
[2020.01.22-15.15.06:333][639]LogShaderCompilers: Display: Worker (2/13): shaders left to compile 29
[2020.01.22-15.15.06:333][639]LogShaderCompilers: Display: Worker (3/13): shaders left to compile 28
[2020.01.22-15.15.06:333][639]LogShaderCompilers: Display: Worker (4/13): shaders left to compile 27
[2020.01.22-15.15.06:333][639]LogShaderCompilers: Display: Worker (5/13): shaders left to compile 26
[2020.01.22-15.15.06:333][639]LogShaderCompilers: Display: Worker (6/13): shaders left to compile 25
[2020.01.22-15.15.06:334][639]LogShaderCompilers: Display: Worker (7/13): shaders left to compile 24
[2020.01.22-15.15.06:334][639]LogShaderCompilers: Display: Worker (8/13): shaders left to compile 23
[2020.01.22-15.15.06:334][639]LogShaderCompilers: Display: Worker (9/13): shaders left to compile 22
[2020.01.22-15.15.06:334][639]LogShaderCompilers: Display: Worker (10/13): shaders left to compile 21
[2020.01.22-15.15.06:334][639]LogShaderCompilers: Display: Worker (11/13): shaders left to compile 20
[2020.01.22-15.15.06:334][639]LogShaderCompilers: Display: Worker (12/13): shaders left to compile 19
[2020.01.22-15.15.06:338][639]LogMaterial: Display: Missing cached shader map for material FMatExpressionPreview MaterialExpressionTextureSample_4, compiling. 
[2020.01.22-15.15.06:347][639]LogMaterial: Display: Missing cached shader map for material FMatExpressionPreview MaterialExpressionTextureSample_3, compiling. 
[2020.01.22-15.15.06:354][639]LogMaterial: Display: Missing cached shader map for material FMatExpressionPreview MaterialExpressionTextureSample_5, compiling. 
[2020.01.22-15.15.06:707][655]LogShaderCompilers: Display: Worker (8/13): shaders left to compile 30
[2020.01.22-15.15.06:846][662]LogShaderCompilers: Display: Worker (3/13): shaders left to compile 29
[2020.01.22-15.15.06:878][663]LogShaderCompilers: Display: Worker (2/13): shaders left to compile 28
[2020.01.22-15.15.06:878][663]LogShaderCompilers: Display: Worker (5/13): shaders left to compile 27
[2020.01.22-15.15.06:894][664]LogShaderCompilers: Display: Worker (4/13): shaders left to compile 26
[2020.01.22-15.15.06:909][665]LogShaderCompilers: Display: Worker (6/13): shaders left to compile 25
[2020.01.22-15.15.06:923][666]LogShaderCompilers: Display: Worker (9/13): shaders left to compile 24
[2020.01.22-15.15.06:938][667]LogShaderCompilers: Display: Worker (7/13): shaders left to compile 23
[2020.01.22-15.15.06:967][669]LogShaderCompilers: Display: Worker (1/13): shaders left to compile 22
[2020.01.22-15.15.07:094][677]LogShaderCompilers: Display: Worker (12/13): shaders left to compile 21
[2020.01.22-15.15.07:339][690]LogShaderCompilers: Display: Worker (10/13): shaders left to compile 20
[2020.01.22-15.15.07:365][692]LogShaderCompilers: Display: Worker (2/13): shaders left to compile 19
[2020.01.22-15.15.07:421][696]LogShaderCompilers: Display: Worker (6/13): shaders left to compile 18
[2020.01.22-15.15.07:610][704]LogShaderCompilers: Display: Worker (4/13): shaders left to compile 17
[2020.01.22-15.15.07:634][704]LogShaderCompilers: Display: Worker (1/13): shaders left to compile 16
[2020.01.22-15.15.07:692][704]LogShaderCompilers: Display: Worker (8/13): shaders left to compile 15
[2020.01.22-15.15.07:738][704]LogShaderCompilers: Display: Worker (3/13): shaders left to compile 14
[2020.01.22-15.15.07:788][704]LogShaderCompilers: Display: Worker (5/13): shaders left to compile 13
[2020.01.22-15.15.07:955][704]LogShaderCompilers: Display: Worker (2/13): shaders left to compile 12
[2020.01.22-15.15.07:976][705]LogShaderCompilers: Display: Worker (9/13): shaders left to compile 11
[2020.01.22-15.15.07:989][706]LogShaderCompilers: Display: Worker (12/13): shaders left to compile 10
[2020.01.22-15.15.08:451][739]LogShaderCompilers: Display: Worker (1/13): shaders left to compile 9
[2020.01.22-15.15.08:464][740]LogShaderCompilers: Display: Worker (10/13): shaders left to compile 8
[2020.01.22-15.15.08:491][742]LogShaderCompilers: Display: Worker (5/13): shaders left to compile 7
[2020.01.22-15.15.08:506][743]LogShaderCompilers: Display: Worker (6/13): shaders left to compile 6
[2020.01.22-15.15.08:548][746]LogShaderCompilers: Display: Worker (4/13): shaders left to compile 5
[2020.01.22-15.15.08:604][750]LogShaderCompilers: Display: Worker (11/13): shaders left to compile 4
[2020.01.22-15.15.08:619][751]LogShaderCompilers: Display: Worker (12/13): shaders left to compile 3
[2020.01.22-15.15.08:632][752]LogShaderCompilers: Display: Worker (8/13): shaders left to compile 2
[2020.01.22-15.15.08:647][753]LogShaderCompilers: Display: Worker (3/13): shaders left to compile 1
[2020.01.22-15.15.08:963][771]MaterialEditorStats: Base pass shader: 128 instructions
[2020.01.22-15.15.08:963][771]MaterialEditorStats: Base pass shader with Surface Lightmap: 159 instructions
[2020.01.22-15.15.08:963][771]MaterialEditorStats: Base pass shader with Volumetric Lightmap: 206 instructions
[2020.01.22-15.15.08:963][771]MaterialEditorStats: Base pass vertex shader: 44 instructions
[2020.01.22-15.15.08:963][771]MaterialEditorStats: Texture samplers: 6/16
[2020.01.22-15.15.08:963][771]MaterialEditorStats: Texture Lookups (Est.): VS(0), PS(3)
[2020.01.22-15.15.08:963][771]MaterialEditorStats: User interpolators: 2/4 Scalars (1/4 Vectors) (TexCoords: 2, Custom: 0)
[2020.01.22-15.15.12:134][ 80]LogUObjectHash: Compacting FUObjectHashTables data took   1.60ms
[2020.01.22-15.15.13:591][ 80]LogSlate: Window 'Delete Assets' being destroyed
[2020.01.22-15.15.15:886][321]LogMaterial: Display: Missing cached shader map for material m_Pavilion, compiling. 
[2020.01.22-15.15.15:921][322]LogShaderCompilers: Display: Worker (1/13): shaders left to compile 30
[2020.01.22-15.15.15:921][322]LogShaderCompilers: Display: Worker (2/13): shaders left to compile 29
[2020.01.22-15.15.15:921][322]LogShaderCompilers: Display: Worker (3/13): shaders left to compile 28
[2020.01.22-15.15.15:921][322]LogShaderCompilers: Display: Worker (4/13): shaders left to compile 27
[2020.01.22-15.15.15:921][322]LogShaderCompilers: Display: Worker (5/13): shaders left to compile 26
[2020.01.22-15.15.15:922][322]LogShaderCompilers: Display: Worker (6/13): shaders left to compile 25
[2020.01.22-15.15.15:922][322]LogShaderCompilers: Display: Worker (7/13): shaders left to compile 24
[2020.01.22-15.15.15:922][322]LogShaderCompilers: Display: Worker (8/13): shaders left to compile 23
[2020.01.22-15.15.15:922][322]LogShaderCompilers: Display: Worker (9/13): shaders left to compile 22
[2020.01.22-15.15.15:922][322]LogShaderCompilers: Display: Worker (10/13): shaders left to compile 21
[2020.01.22-15.15.15:922][322]LogShaderCompilers: Display: Worker (11/13): shaders left to compile 20
[2020.01.22-15.15.15:922][322]LogShaderCompilers: Display: Worker (12/13): shaders left to compile 19
[2020.01.22-15.15.16:110][337]LogShaderCompilers: Display: Worker (8/13): shaders left to compile 18
[2020.01.22-15.15.16:195][343]LogShaderCompilers: Display: Worker (1/13): shaders left to compile 17
[2020.01.22-15.15.16:224][345]LogShaderCompilers: Display: Worker (3/13): shaders left to compile 16
[2020.01.22-15.15.16:237][346]LogShaderCompilers: Display: Worker (2/13): shaders left to compile 15
[2020.01.22-15.15.16:237][346]LogShaderCompilers: Display: Worker (5/13): shaders left to compile 14
[2020.01.22-15.15.16:265][348]LogShaderCompilers: Display: Worker (4/13): shaders left to compile 13
[2020.01.22-15.15.16:278][349]LogShaderCompilers: Display: Worker (9/13): shaders left to compile 12
[2020.01.22-15.15.16:291][350]LogShaderCompilers: Display: Worker (6/13): shaders left to compile 11
[2020.01.22-15.15.16:303][351]LogShaderCompilers: Display: Worker (7/13): shaders left to compile 10
[2020.01.22-15.15.16:466][359]LogShaderCompilers: Display: Worker (12/13): shaders left to compile 9
[2020.01.22-15.15.16:696][372]LogShaderCompilers: Display: Worker (10/13): shaders left to compile 8
[2020.01.22-15.15.16:727][374]LogShaderCompilers: Display: Worker (3/13): shaders left to compile 7
[2020.01.22-15.15.16:741][375]LogShaderCompilers: Display: Worker (4/13): shaders left to compile 6
[2020.01.22-15.15.16:757][376]LogShaderCompilers: Display: Worker (7/13): shaders left to compile 5
[2020.01.22-15.15.16:787][378]LogShaderCompilers: Display: Worker (11/13): shaders left to compile 4
[2020.01.22-15.15.16:830][381]LogShaderCompilers: Display: Worker (8/13): shaders left to compile 3
[2020.01.22-15.15.16:885][385]LogShaderCompilers: Display: Worker (2/13): shaders left to compile 2
[2020.01.22-15.15.16:913][387]LogShaderCompilers: Display: Worker (1/13): shaders left to compile 1
[2020.01.22-15.15.17:239][405]LogUObjectHash: Compacting FUObjectHashTables data took   1.02ms
[2020.01.22-15.15.19:562][405]LogSlate: Window 'Delete Assets' being destroyed
[2020.01.22-15.15.19:567][405]MaterialEditorStats: Base pass shader: 117 instructions
[2020.01.22-15.15.19:567][405]MaterialEditorStats: Base pass shader with Surface Lightmap: 144 instructions
[2020.01.22-15.15.19:567][405]MaterialEditorStats: Base pass shader with Volumetric Lightmap: 191 instructions
[2020.01.22-15.15.19:567][405]MaterialEditorStats: Base pass vertex shader: 40 instructions
[2020.01.22-15.15.19:567][405]MaterialEditorStats: Texture samplers: 3/16
[2020.01.22-15.15.21:624][610]LogMaterialEditor: Saving and Compiling material m_Pavilion
[2020.01.22-15.15.21:997][610]LogMaterial: Display: Missing cached shader map for material m_Pavilion, compiling. 
[2020.01.22-15.15.22:063][610]LogShaderCompilers: Display: Worker (1/13): shaders left to compile 30
[2020.01.22-15.15.22:063][610]LogShaderCompilers: Display: Worker (2/13): shaders left to compile 29
[2020.01.22-15.15.22:063][610]LogShaderCompilers: Display: Worker (3/13): shaders left to compile 28
[2020.01.22-15.15.22:063][610]LogShaderCompilers: Display: Worker (4/13): shaders left to compile 27
[2020.01.22-15.15.22:063][610]LogShaderCompilers: Display: Worker (5/13): shaders left to compile 26
[2020.01.22-15.15.22:063][610]LogShaderCompilers: Display: Worker (6/13): shaders left to compile 25
[2020.01.22-15.15.22:063][610]LogShaderCompilers: Display: Worker (7/13): shaders left to compile 24
[2020.01.22-15.15.22:063][610]LogShaderCompilers: Display: Worker (8/13): shaders left to compile 23
[2020.01.22-15.15.22:063][610]LogShaderCompilers: Display: Worker (9/13): shaders left to compile 22
[2020.01.22-15.15.22:063][610]LogShaderCompilers: Display: Worker (10/13): shaders left to compile 21
[2020.01.22-15.15.22:063][610]LogShaderCompilers: Display: Worker (11/13): shaders left to compile 20
[2020.01.22-15.15.22:063][610]LogShaderCompilers: Display: Worker (12/13): shaders left to compile 19
[2020.01.22-15.15.22:078][610]LogMaterial: Display: Missing cached shader map for material m_Pavilion, compiling. 
[2020.01.22-15.15.22:101][610]LogMaterial: Display: Missing cached shader map for material m_Pavilion, compiling. 
[2020.01.22-15.15.22:162][610]LogUObjectHash: Compacting FUObjectHashTables data took   1.69ms
[2020.01.22-15.15.22:175][610]LogMaterial: Display: Missing cached shader map for material DebugViewMode MaterialTexCoordScale, compiling. 
[2020.01.22-15.15.23:304][610]LogShaderCompilers: Display: Worker (8/13): shaders left to compile 51
[2020.01.22-15.15.23:304][610]LogShaderCompilers: Display: Worker (1/13): shaders left to compile 50
[2020.01.22-15.15.23:304][610]LogShaderCompilers: Display: Worker (2/13): shaders left to compile 49
[2020.01.22-15.15.23:304][610]LogShaderCompilers: Display: Worker (3/13): shaders left to compile 48
[2020.01.22-15.15.23:304][610]LogShaderCompilers: Display: Worker (5/13): shaders left to compile 47
[2020.01.22-15.15.23:304][610]LogShaderCompilers: Display: Worker (4/13): shaders left to compile 46
[2020.01.22-15.15.23:304][610]LogShaderCompilers: Display: Worker (9/13): shaders left to compile 45
[2020.01.22-15.15.23:304][610]LogShaderCompilers: Display: Worker (6/13): shaders left to compile 44
[2020.01.22-15.15.23:304][610]LogShaderCompilers: Display: Worker (7/13): shaders left to compile 43
[2020.01.22-15.15.23:304][610]LogShaderCompilers: Display: Worker (12/13): shaders left to compile 42
[2020.01.22-15.15.23:304][610]LogShaderCompilers: Display: Worker (10/13): shaders left to compile 41
[2020.01.22-15.15.23:304][610]LogShaderCompilers: Display: Worker (2/13): shaders left to compile 40
[2020.01.22-15.15.23:304][610]LogShaderCompilers: Display: Worker (11/13): shaders left to compile 39
[2020.01.22-15.15.23:304][610]LogShaderCompilers: Display: Worker (7/13): shaders left to compile 38
[2020.01.22-15.15.23:304][610]LogShaderCompilers: Display: Worker (4/13): shaders left to compile 37
[2020.01.22-15.15.23:304][610]LogShaderCompilers: Display: Worker (8/13): shaders left to compile 36
[2020.01.22-15.15.23:304][610]LogShaderCompilers: Display: Worker (3/13): shaders left to compile 35
[2020.01.22-15.15.23:304][610]LogShaderCompilers: Display: Worker (5/13): shaders left to compile 34
[2020.01.22-15.15.23:304][610]LogShaderCompilers: Display: Worker (1/13): shaders left to compile 33
[2020.01.22-15.15.23:305][610]LogShaderCompilers: Display: Worker (9/13): shaders left to compile 32
[2020.01.22-15.15.23:305][610]LogShaderCompilers: Display: Worker (6/13): shaders left to compile 31
[2020.01.22-15.15.23:305][610]LogShaderCompilers: Display: Worker (12/13): shaders left to compile 28
[2020.01.22-15.15.23:305][610]LogShaderCompilers: Display: Worker (2/13): shaders left to compile 25
[2020.01.22-15.15.23:305][610]LogShaderCompilers: Display: Worker (4/13): shaders left to compile 22
[2020.01.22-15.15.23:305][610]LogShaderCompilers: Display: Worker (1/13): shaders left to compile 20
[2020.01.22-15.15.23:305][610]LogShaderCompilers: Display: Worker (9/13): shaders left to compile 18
[2020.01.22-15.15.23:307][610]TextureStreamingBuild: Display: Compiling optional shaders took 1.145 seconds.
[2020.01.22-15.15.23:345][610]LogUObjectHash: Compacting FUObjectHashTables data took   1.15ms
[2020.01.22-15.15.23:356][610]LogShaderCompilers: Display: Worker (5/13): shaders left to compile 16
[2020.01.22-15.15.24:455][610]LogShaderCompilers: Display: Worker (10/13): shaders left to compile 14
[2020.01.22-15.15.24:456][610]LogShaderCompilers: Display: Worker (11/13): shaders left to compile 12
[2020.01.22-15.15.24:456][610]LogShaderCompilers: Display: Worker (8/13): shaders left to compile 10
[2020.01.22-15.15.24:456][610]LogShaderCompilers: Display: Worker (7/13): shaders left to compile 9
[2020.01.22-15.15.24:456][610]LogShaderCompilers: Display: Worker (3/13): shaders left to compile 8
[2020.01.22-15.15.24:456][610]LogShaderCompilers: Display: Worker (2/13): shaders left to compile 7
[2020.01.22-15.15.24:456][610]LogShaderCompilers: Display: Worker (6/13): shaders left to compile 6
[2020.01.22-15.15.24:456][610]LogShaderCompilers: Display: Worker (3/13): shaders left to compile 5
[2020.01.22-15.15.24:456][610]LogShaderCompilers: Display: Worker (12/13): shaders left to compile 4
[2020.01.22-15.15.24:456][610]LogShaderCompilers: Display: Worker (8/13): shaders left to compile 3
[2020.01.22-15.15.24:456][610]LogShaderCompilers: Display: Worker (7/13): shaders left to compile 2
[2020.01.22-15.15.24:456][610]LogShaderCompilers: Display: Worker (1/13): shaders left to compile 1
[2020.01.22-15.15.24:492][610]Cmd: OBJ SAVEPACKAGE PACKAGE="/Game/Materials/m_Pavilion" FILE="../../../../Art/Park_SFAS/Park/Content/Materials/m_Pavilion.uasset" SILENT=true
[2020.01.22-15.15.24:691][610]LogSavePackage: Moving '../../../../Art/Park_SFAS/Park/Saved/m_Pavilion1DFBCE304C13EBFAEC93E381414173AA.tmp' to '../../../../Art/Park_SFAS/Park/Content/Materials/m_Pavilion.uasset'
[2020.01.22-15.15.27:623][930]LogUObjectHash: Compacting FUObjectHashTables data took   1.03ms
[2020.01.22-15.15.28:712][930]LogSlate: Window 'Delete Assets' being destroyed
[2020.01.22-15.15.29:147][930]LogUObjectGlobals: Force Deleting 3 Package(s):
	Asset Name: /Game/Textures/SM_Pavilion_fountain_pCylinder27SG_OcclusionRoughnessMetallic.SM_Pavilion_fountain_pCylinder27SG_OcclusionRoughnessMetallic
	Asset Name: /Game/Textures/SM_Pavilion_fountain_pCylinder27SG_BaseColor.SM_Pavilion_fountain_pCylinder27SG_BaseColor
	Asset Name: /Game/Textures/SM_Pavilion_fountain_pCylinder27SG_Normal.SM_Pavilion_fountain_pCylinder27SG_Normal
[2020.01.22-15.15.29:709][930]LogUObjectHash: Compacting FUObjectHashTables data took   2.02ms
[2020.01.22-15.15.39:174][124]LogFactory: FactoryCreateFile: Texture with ReimportTextureFactory (0 0 ../../../../Art/Park_SFAS/Textures/Pavilion/SM_Pavilion_blinn1SG_BaseColor.tga)
[2020.01.22-15.15.39:224][124]LogTexture: Display: Building textures: SM_Pavilion_blinn1SG_BaseColor (AutoDXT, 2048X2048)
[2020.01.22-15.15.39:601][124]LogFactory: FactoryCreateFile: Texture with ReimportTextureFactory (0 0 ../../../../Art/Park_SFAS/Textures/Pavilion/SM_Pavilion_blinn1SG_Normal.tga)
[2020.01.22-15.15.39:650][124]LogTexture: Display: Building textures: SM_Pavilion_blinn1SG_Normal (BC5, 2048X2048)
[2020.01.22-15.15.39:801][124]LogFactory: FactoryCreateFile: Texture with ReimportTextureFactory (0 0 ../../../../Art/Park_SFAS/Textures/Pavilion/SM_Pavilion_blinn1SG_OcclusionRoughnessMetallic.tga)
[2020.01.22-15.15.39:852][124]LogTexture: Display: Building textures: SM_Pavilion_blinn1SG_OcclusionRoughnessMetallic (AutoDXT, 2048X2048)
[2020.01.22-15.15.48:930][128]LogMaterial: Display: Missing cached shader map for material m_Pavilion, compiling. 
[2020.01.22-15.15.48:952][128]LogMaterial: Display: Missing cached shader map for material FMatExpressionPreview MaterialExpressionTextureSample_0, compiling. 
[2020.01.22-15.15.48:968][128]LogShaderCompilers: Display: Worker (1/13): shaders left to compile 30
[2020.01.22-15.15.48:968][128]LogShaderCompilers: Display: Worker (2/13): shaders left to compile 29
[2020.01.22-15.15.48:969][128]LogShaderCompilers: Display: Worker (3/13): shaders left to compile 28
[2020.01.22-15.15.48:969][128]LogShaderCompilers: Display: Worker (4/13): shaders left to compile 27
[2020.01.22-15.15.48:969][128]LogShaderCompilers: Display: Worker (5/13): shaders left to compile 26
[2020.01.22-15.15.48:969][128]LogShaderCompilers: Display: Worker (6/13): shaders left to compile 25
[2020.01.22-15.15.48:969][128]LogShaderCompilers: Display: Worker (7/13): shaders left to compile 24
[2020.01.22-15.15.48:969][128]LogShaderCompilers: Display: Worker (8/13): shaders left to compile 23
[2020.01.22-15.15.48:969][128]LogShaderCompilers: Display: Worker (9/13): shaders left to compile 22
[2020.01.22-15.15.48:969][128]LogShaderCompilers: Display: Worker (10/13): shaders left to compile 21
[2020.01.22-15.15.48:969][128]LogShaderCompilers: Display: Worker (11/13): shaders left to compile 20
[2020.01.22-15.15.48:969][128]LogShaderCompilers: Display: Worker (12/13): shaders left to compile 19
[2020.01.22-15.15.48:976][128]LogMaterial: Display: Missing cached shader map for material FMatExpressionPreview MaterialExpressionTextureSample_0, compiling. 
[2020.01.22-15.15.48:993][128]LogMaterial: Display: Missing cached shader map for material m_Pavilion, compiling. 
[2020.01.22-15.15.49:016][128]LogMaterial: Display: Missing cached shader map for material FMatExpressionPreview MaterialExpressionTextureSample_1, compiling. 
[2020.01.22-15.15.49:034][128]LogMaterial: Display: Missing cached shader map for material FMatExpressionPreview MaterialExpressionTextureSample_0, compiling. 
[2020.01.22-15.15.49:043][128]LogMaterial: Display: Missing cached shader map for material FMatExpressionPreview MaterialExpressionTextureSample_1, compiling. 
[2020.01.22-15.15.49:064][128]LogMaterial: Display: Missing cached shader map for material m_Pavilion, compiling. 
[2020.01.22-15.15.49:110][128]LogMaterial: Display: Missing cached shader map for material FMatExpressionPreview MaterialExpressionTextureSample_2, compiling. 
[2020.01.22-15.15.49:126][128]LogMaterial: Display: Missing cached shader map for material FMatExpressionPreview MaterialExpressionTextureSample_0, compiling. 
[2020.01.22-15.15.49:139][128]LogMaterial: Display: Missing cached shader map for material FMatExpressionPreview MaterialExpressionTextureSample_1, compiling. 
[2020.01.22-15.15.49:152][128]LogMaterial: Display: Missing cached shader map for material FMatExpressionPreview MaterialExpressionTextureSample_2, compiling. 
[2020.01.22-15.15.49:457][144]LogShaderCompilers: Display: Worker (1/13): shaders left to compile 42
[2020.01.22-15.15.49:533][147]LogShaderCompilers: Display: Worker (3/13): shaders left to compile 41
[2020.01.22-15.15.49:552][148]LogShaderCompilers: Display: Worker (5/13): shaders left to compile 40
[2020.01.22-15.15.49:588][150]LogShaderCompilers: Display: Worker (8/13): shaders left to compile 39
[2020.01.22-15.15.49:642][152]LogShaderCompilers: Display: Worker (7/13): shaders left to compile 38
[2020.01.22-15.15.49:747][158]LogShaderCompilers: Display: Worker (12/13): shaders left to compile 37
[2020.01.22-15.15.49:747][158]LogShaderCompilers: Display: Worker (9/13): shaders left to compile 36
[2020.01.22-15.15.49:762][159]LogShaderCompilers: Display: Worker (2/13): shaders left to compile 35
[2020.01.22-15.15.49:796][161]LogShaderCompilers: Display: Worker (4/13): shaders left to compile 34
[2020.01.22-15.15.49:814][162]LogShaderCompilers: Display: Worker (3/13): shaders left to compile 33
[2020.01.22-15.15.49:830][163]LogShaderCompilers: Display: Worker (1/13): shaders left to compile 32
[2020.01.22-15.15.49:938][169]LogShaderCompilers: Display: Worker (5/13): shaders left to compile 31
[2020.01.22-15.15.49:970][171]LogShaderCompilers: Display: Worker (11/13): shaders left to compile 30
[2020.01.22-15.15.49:990][172]LogShaderCompilers: Display: Worker (6/13): shaders left to compile 29
[2020.01.22-15.15.50:007][173]LogShaderCompilers: Display: Worker (2/13): shaders left to compile 28
[2020.01.22-15.15.50:028][174]LogShaderCompilers: Display: Worker (7/13): shaders left to compile 27
[2020.01.22-15.15.50:028][174]LogShaderCompilers: Display: Worker (10/13): shaders left to compile 26
[2020.01.22-15.15.50:081][177]LogShaderCompilers: Display: Worker (12/13): shaders left to compile 25
[2020.01.22-15.15.50:081][177]LogShaderCompilers: Display: Worker (9/13): shaders left to compile 24
[2020.01.22-15.15.50:112][179]LogShaderCompilers: Display: Worker (8/13): shaders left to compile 23
[2020.01.22-15.15.50:150][181]LogShaderCompilers: Display: Worker (4/13): shaders left to compile 22
[2020.01.22-15.15.50:419][194]LogShaderCompilers: Display: Worker (5/13): shaders left to compile 21
[2020.01.22-15.15.50:494][198]LogShaderCompilers: Display: Worker (2/13): shaders left to compile 20
[2020.01.22-15.15.50:557][202]LogShaderCompilers: Display: Worker (12/13): shaders left to compile 19
[2020.01.22-15.15.50:588][204]LogShaderCompilers: Display: Worker (4/13): shaders left to compile 18
[2020.01.22-15.15.50:603][205]LogShaderCompilers: Display: Worker (3/13): shaders left to compile 17
[2020.01.22-15.15.50:698][210]LogShaderCompilers: Display: Worker (1/13): shaders left to compile 16
[2020.01.22-15.15.50:698][210]LogShaderCompilers: Display: Worker (7/13): shaders left to compile 15
[2020.01.22-15.15.50:717][211]LogShaderCompilers: Display: Worker (11/13): shaders left to compile 14
[2020.01.22-15.15.50:735][212]LogShaderCompilers: Display: Worker (10/13): shaders left to compile 13
[2020.01.22-15.15.50:751][213]LogShaderCompilers: Display: Worker (6/13): shaders left to compile 12
[2020.01.22-15.15.50:787][215]LogShaderCompilers: Display: Worker (9/13): shaders left to compile 11
[2020.01.22-15.15.50:880][220]LogShaderCompilers: Display: Worker (8/13): shaders left to compile 10
[2020.01.22-15.15.50:935][223]LogShaderCompilers: Display: Worker (12/13): shaders left to compile 9
[2020.01.22-15.15.51:049][229]LogShaderCompilers: Display: Worker (5/13): shaders left to compile 8
[2020.01.22-15.15.51:105][232]LogShaderCompilers: Display: Worker (1/13): shaders left to compile 7
[2020.01.22-15.15.51:141][234]LogShaderCompilers: Display: Worker (10/13): shaders left to compile 6
[2020.01.22-15.15.51:141][234]LogShaderCompilers: Display: Worker (2/13): shaders left to compile 5
[2020.01.22-15.15.51:225][236]LogShaderCompilers: Display: Worker (4/13): shaders left to compile 4
[2020.01.22-15.15.51:241][237]LogShaderCompilers: Display: Worker (6/13): shaders left to compile 3
[2020.01.22-15.15.51:257][238]LogShaderCompilers: Display: Worker (7/13): shaders left to compile 2
[2020.01.22-15.15.51:273][239]LogShaderCompilers: Display: Worker (8/13): shaders left to compile 1
[2020.01.22-15.15.51:586][254]MaterialEditorStats: Base pass shader: 117 instructions
[2020.01.22-15.15.51:586][254]MaterialEditorStats: Base pass shader with Surface Lightmap: 144 instructions
[2020.01.22-15.15.51:586][254]MaterialEditorStats: Base pass shader with Volumetric Lightmap: 191 instructions
[2020.01.22-15.15.51:586][254]MaterialEditorStats: Base pass vertex shader: 40 instructions
[2020.01.22-15.15.51:586][254]MaterialEditorStats: Texture samplers: 3/16
[2020.01.22-15.15.52:960][408]LogMaterial: Display: Missing cached shader map for material m_Pavilion, compiling. 
[2020.01.22-15.15.52:982][408]LogShaderCompilers: Display: Worker (1/13): shaders left to compile 30
[2020.01.22-15.15.52:982][408]LogShaderCompilers: Display: Worker (2/13): shaders left to compile 29
[2020.01.22-15.15.52:982][408]LogShaderCompilers: Display: Worker (3/13): shaders left to compile 28
[2020.01.22-15.15.52:982][408]LogShaderCompilers: Display: Worker (4/13): shaders left to compile 27
[2020.01.22-15.15.52:982][408]LogShaderCompilers: Display: Worker (5/13): shaders left to compile 26
[2020.01.22-15.15.52:982][408]LogShaderCompilers: Display: Worker (6/13): shaders left to compile 25
[2020.01.22-15.15.52:982][408]LogShaderCompilers: Display: Worker (7/13): shaders left to compile 24
[2020.01.22-15.15.52:982][408]LogShaderCompilers: Display: Worker (8/13): shaders left to compile 23
[2020.01.22-15.15.52:982][408]LogShaderCompilers: Display: Worker (9/13): shaders left to compile 22
[2020.01.22-15.15.52:982][408]LogShaderCompilers: Display: Worker (10/13): shaders left to compile 21
[2020.01.22-15.15.52:982][408]LogShaderCompilers: Display: Worker (11/13): shaders left to compile 20
[2020.01.22-15.15.52:982][408]LogShaderCompilers: Display: Worker (12/13): shaders left to compile 19
[2020.01.22-15.15.52:982][408]LogMaterial: Display: Missing cached shader map for material FMatExpressionPreview MaterialExpressionTextureSample_0, compiling. 
[2020.01.22-15.15.53:202][421]LogShaderCompilers: Display: Worker (8/13): shaders left to compile 22
[2020.01.22-15.15.53:257][424]LogShaderCompilers: Display: Worker (1/13): shaders left to compile 21
[2020.01.22-15.15.53:275][425]LogShaderCompilers: Display: Worker (2/13): shaders left to compile 20
[2020.01.22-15.15.53:300][426]LogShaderCompilers: Display: Worker (3/13): shaders left to compile 19
[2020.01.22-15.15.53:318][427]LogShaderCompilers: Display: Worker (5/13): shaders left to compile 18
[2020.01.22-15.15.53:335][428]LogShaderCompilers: Display: Worker (6/13): shaders left to compile 17
[2020.01.22-15.15.53:358][429]LogShaderCompilers: Display: Worker (4/13): shaders left to compile 16
[2020.01.22-15.15.53:358][429]LogShaderCompilers: Display: Worker (7/13): shaders left to compile 15
[2020.01.22-15.15.53:358][429]LogShaderCompilers: Display: Worker (9/13): shaders left to compile 14
[2020.01.22-15.15.53:508][432]LogShaderCompilers: Display: Worker (12/13): shaders left to compile 13
[2020.01.22-15.15.53:743][443]LogShaderCompilers: Display: Worker (10/13): shaders left to compile 12
[2020.01.22-15.15.53:743][443]LogShaderCompilers: Display: Worker (2/13): shaders left to compile 11
[2020.01.22-15.15.53:791][446]LogShaderCompilers: Display: Worker (6/13): shaders left to compile 10
[2020.01.22-15.15.53:791][446]LogShaderCompilers: Display: Worker (9/13): shaders left to compile 9
[2020.01.22-15.15.53:791][446]LogShaderCompilers: Display: Worker (11/13): shaders left to compile 8
[2020.01.22-15.15.53:881][452]LogShaderCompilers: Display: Worker (8/13): shaders left to compile 7
[2020.01.22-15.15.53:946][456]LogShaderCompilers: Display: Worker (3/13): shaders left to compile 6
[2020.01.22-15.15.53:962][457]LogShaderCompilers: Display: Worker (1/13): shaders left to compile 5
[2020.01.22-15.15.53:997][458]LogShaderCompilers: Display: Worker (5/13): shaders left to compile 4
[2020.01.22-15.15.53:997][458]LogShaderCompilers: Display: Worker (4/13): shaders left to compile 3
[2020.01.22-15.15.54:014][459]LogShaderCompilers: Display: Worker (7/13): shaders left to compile 2
[2020.01.22-15.15.54:092][464]LogShaderCompilers: Display: Worker (12/13): shaders left to compile 1
[2020.01.22-15.15.54:472][486]MaterialEditorStats: Base pass shader: 120 instructions
[2020.01.22-15.15.54:472][486]MaterialEditorStats: Base pass shader with Surface Lightmap: 147 instructions
[2020.01.22-15.15.54:472][486]MaterialEditorStats: Base pass shader with Volumetric Lightmap: 194 instructions
[2020.01.22-15.15.54:472][486]MaterialEditorStats: Base pass vertex shader: 44 instructions
[2020.01.22-15.15.54:472][486]MaterialEditorStats: Texture samplers: 4/16
[2020.01.22-15.15.54:472][486]MaterialEditorStats: Texture Lookups (Est.): VS(0), PS(1)
[2020.01.22-15.15.54:472][486]MaterialEditorStats: User interpolators: 2/4 Scalars (1/4 Vectors) (TexCoords: 2, Custom: 0)
[2020.01.22-15.15.55:666][619]LogMaterial: Display: Missing cached shader map for material m_Pavilion, compiling. 
[2020.01.22-15.15.55:691][619]LogShaderCompilers: Display: Worker (1/13): shaders left to compile 30
[2020.01.22-15.15.55:691][619]LogShaderCompilers: Display: Worker (2/13): shaders left to compile 29
[2020.01.22-15.15.55:691][619]LogShaderCompilers: Display: Worker (3/13): shaders left to compile 28
[2020.01.22-15.15.55:691][619]LogShaderCompilers: Display: Worker (4/13): shaders left to compile 27
[2020.01.22-15.15.55:691][619]LogShaderCompilers: Display: Worker (5/13): shaders left to compile 26
[2020.01.22-15.15.55:691][619]LogShaderCompilers: Display: Worker (6/13): shaders left to compile 25
[2020.01.22-15.15.55:691][619]LogShaderCompilers: Display: Worker (7/13): shaders left to compile 24
[2020.01.22-15.15.55:691][619]LogShaderCompilers: Display: Worker (8/13): shaders left to compile 23
[2020.01.22-15.15.55:691][619]LogShaderCompilers: Display: Worker (9/13): shaders left to compile 22
[2020.01.22-15.15.55:691][619]LogShaderCompilers: Display: Worker (10/13): shaders left to compile 21
[2020.01.22-15.15.55:691][619]LogShaderCompilers: Display: Worker (11/13): shaders left to compile 20
[2020.01.22-15.15.55:691][619]LogShaderCompilers: Display: Worker (12/13): shaders left to compile 19
[2020.01.22-15.15.55:691][619]LogMaterial: Display: Missing cached shader map for material FMatExpressionPreview MaterialExpressionTextureSample_1, compiling. 
[2020.01.22-15.15.55:910][631]LogShaderCompilers: Display: Worker (8/13): shaders left to compile 22
[2020.01.22-15.15.55:960][633]LogShaderCompilers: Display: Worker (1/13): shaders left to compile 21
[2020.01.22-15.15.56:008][635]LogShaderCompilers: Display: Worker (2/13): shaders left to compile 20
[2020.01.22-15.15.56:008][635]LogShaderCompilers: Display: Worker (4/13): shaders left to compile 19
[2020.01.22-15.15.56:027][636]LogShaderCompilers: Display: Worker (5/13): shaders left to compile 18
[2020.01.22-15.15.56:046][637]LogShaderCompilers: Display: Worker (3/13): shaders left to compile 17
[2020.01.22-15.15.56:046][637]LogShaderCompilers: Display: Worker (9/13): shaders left to compile 16
[2020.01.22-15.15.56:062][638]LogShaderCompilers: Display: Worker (6/13): shaders left to compile 15
[2020.01.22-15.15.56:062][638]LogShaderCompilers: Display: Worker (7/13): shaders left to compile 14
[2020.01.22-15.15.56:232][647]LogShaderCompilers: Display: Worker (12/13): shaders left to compile 13
[2020.01.22-15.15.56:408][657]LogShaderCompilers: Display: Worker (10/13): shaders left to compile 12
[2020.01.22-15.15.56:478][661]LogShaderCompilers: Display: Worker (2/13): shaders left to compile 11
[2020.01.22-15.15.56:478][661]LogShaderCompilers: Display: Worker (3/13): shaders left to compile 10
[2020.01.22-15.15.56:478][661]LogShaderCompilers: Display: Worker (7/13): shaders left to compile 9
[2020.01.22-15.15.56:511][663]LogShaderCompilers: Display: Worker (11/13): shaders left to compile 8
[2020.01.22-15.15.56:571][667]LogShaderCompilers: Display: Worker (8/13): shaders left to compile 7
[2020.01.22-15.15.56:645][672]LogShaderCompilers: Display: Worker (1/13): shaders left to compile 6
[2020.01.22-15.15.56:645][672]LogShaderCompilers: Display: Worker (4/13): shaders left to compile 5
[2020.01.22-15.15.56:680][674]LogShaderCompilers: Display: Worker (5/13): shaders left to compile 4
[2020.01.22-15.15.56:697][675]LogShaderCompilers: Display: Worker (9/13): shaders left to compile 3
[2020.01.22-15.15.56:728][677]LogShaderCompilers: Display: Worker (6/13): shaders left to compile 2
[2020.01.22-15.15.56:822][683]LogShaderCompilers: Display: Worker (12/13): shaders left to compile 1
[2020.01.22-15.15.59:003][914]LogMaterial: Display: Missing cached shader map for material m_Pavilion, compiling. 
[2020.01.22-15.15.59:022][914]LogShaderCompilers: Display: Worker (1/13): shaders left to compile 30
[2020.01.22-15.15.59:022][914]LogShaderCompilers: Display: Worker (2/13): shaders left to compile 29
[2020.01.22-15.15.59:022][914]LogShaderCompilers: Display: Worker (3/13): shaders left to compile 28
[2020.01.22-15.15.59:022][914]LogShaderCompilers: Display: Worker (4/13): shaders left to compile 27
[2020.01.22-15.15.59:022][914]LogShaderCompilers: Display: Worker (5/13): shaders left to compile 26
[2020.01.22-15.15.59:022][914]LogShaderCompilers: Display: Worker (6/13): shaders left to compile 25
[2020.01.22-15.15.59:022][914]LogShaderCompilers: Display: Worker (7/13): shaders left to compile 24
[2020.01.22-15.15.59:023][914]LogShaderCompilers: Display: Worker (8/13): shaders left to compile 23
[2020.01.22-15.15.59:023][914]LogShaderCompilers: Display: Worker (9/13): shaders left to compile 22
[2020.01.22-15.15.59:023][914]LogShaderCompilers: Display: Worker (10/13): shaders left to compile 21
[2020.01.22-15.15.59:023][914]LogShaderCompilers: Display: Worker (11/13): shaders left to compile 20
[2020.01.22-15.15.59:023][914]LogShaderCompilers: Display: Worker (12/13): shaders left to compile 19
[2020.01.22-15.15.59:026][914]LogMaterial: Display: Missing cached shader map for material FMatExpressionPreview MaterialExpressionTextureSample_2, compiling. 
[2020.01.22-15.15.59:257][928]LogShaderCompilers: Display: Worker (8/13): shaders left to compile 22
[2020.01.22-15.15.59:336][932]LogShaderCompilers: Display: Worker (2/13): shaders left to compile 21
[2020.01.22-15.15.59:336][932]LogShaderCompilers: Display: Worker (1/13): shaders left to compile 20
[2020.01.22-15.15.59:356][933]LogShaderCompilers: Display: Worker (3/13): shaders left to compile 19
[2020.01.22-15.15.59:375][934]LogShaderCompilers: Display: Worker (9/13): shaders left to compile 18
[2020.01.22-15.15.59:391][935]LogShaderCompilers: Display: Worker (4/13): shaders left to compile 17
[2020.01.22-15.15.59:391][935]LogShaderCompilers: Display: Worker (5/13): shaders left to compile 16
[2020.01.22-15.15.59:407][936]LogShaderCompilers: Display: Worker (6/13): shaders left to compile 15
[2020.01.22-15.15.59:423][937]LogShaderCompilers: Display: Worker (7/13): shaders left to compile 14
[2020.01.22-15.15.59:564][945]LogShaderCompilers: Display: Worker (12/13): shaders left to compile 13
[2020.01.22-15.15.59:787][958]LogShaderCompilers: Display: Worker (10/13): shaders left to compile 12
[2020.01.22-15.15.59:840][961]LogShaderCompilers: Display: Worker (1/13): shaders left to compile 11
[2020.01.22-15.15.59:840][961]LogShaderCompilers: Display: Worker (7/13): shaders left to compile 10
[2020.01.22-15.15.59:856][962]LogShaderCompilers: Display: Worker (4/13): shaders left to compile 9
[2020.01.22-15.15.59:885][964]LogShaderCompilers: Display: Worker (11/13): shaders left to compile 8
[2020.01.22-15.15.59:940][968]LogShaderCompilers: Display: Worker (8/13): shaders left to compile 7
[2020.01.22-15.16.00:027][971]LogShaderCompilers: Display: Worker (3/13): shaders left to compile 6
[2020.01.22-15.16.00:046][973]LogShaderCompilers: Display: Worker (9/13): shaders left to compile 5
[2020.01.22-15.16.00:082][975]LogShaderCompilers: Display: Worker (2/13): shaders left to compile 4
[2020.01.22-15.16.00:082][975]LogShaderCompilers: Display: Worker (5/13): shaders left to compile 3
[2020.01.22-15.16.00:137][978]LogShaderCompilers: Display: Worker (6/13): shaders left to compile 2
[2020.01.22-15.16.00:236][983]LogShaderCompilers: Display: Worker (12/13): shaders left to compile 1
[2020.01.22-15.16.00:883][ 35]LogMaterial: Display: Missing cached shader map for material m_Pavilion, compiling. 
[2020.01.22-15.16.00:905][ 35]LogShaderCompilers: Display: Worker (1/13): shaders left to compile 30
[2020.01.22-15.16.00:905][ 35]LogShaderCompilers: Display: Worker (2/13): shaders left to compile 29
[2020.01.22-15.16.00:905][ 35]LogShaderCompilers: Display: Worker (3/13): shaders left to compile 28
[2020.01.22-15.16.00:905][ 35]LogShaderCompilers: Display: Worker (4/13): shaders left to compile 27
[2020.01.22-15.16.00:905][ 35]LogShaderCompilers: Display: Worker (5/13): shaders left to compile 26
[2020.01.22-15.16.00:905][ 35]LogShaderCompilers: Display: Worker (6/13): shaders left to compile 25
[2020.01.22-15.16.00:905][ 35]LogShaderCompilers: Display: Worker (7/13): shaders left to compile 24
[2020.01.22-15.16.00:905][ 35]LogShaderCompilers: Display: Worker (8/13): shaders left to compile 23
[2020.01.22-15.16.00:905][ 35]LogShaderCompilers: Display: Worker (9/13): shaders left to compile 22
[2020.01.22-15.16.00:906][ 35]LogShaderCompilers: Display: Worker (10/13): shaders left to compile 21
[2020.01.22-15.16.00:906][ 35]LogShaderCompilers: Display: Worker (11/13): shaders left to compile 20
[2020.01.22-15.16.00:906][ 35]LogShaderCompilers: Display: Worker (12/13): shaders left to compile 19
[2020.01.22-15.16.00:909][ 35]LogMaterial: Display: Missing cached shader map for material FMatExpressionPreview MaterialExpressionTextureSample_2, compiling. 
[2020.01.22-15.16.01:122][ 46]LogShaderCompilers: Display: Worker (8/13): shaders left to compile 22
[2020.01.22-15.16.01:203][ 50]LogShaderCompilers: Display: Worker (1/13): shaders left to compile 21
[2020.01.22-15.16.01:203][ 50]LogShaderCompilers: Display: Worker (2/13): shaders left to compile 20
[2020.01.22-15.16.01:225][ 51]LogShaderCompilers: Display: Worker (4/13): shaders left to compile 19
[2020.01.22-15.16.01:244][ 52]LogShaderCompilers: Display: Worker (3/13): shaders left to compile 18
[2020.01.22-15.16.01:244][ 52]LogShaderCompilers: Display: Worker (5/13): shaders left to compile 17
[2020.01.22-15.16.01:277][ 54]LogShaderCompilers: Display: Worker (7/13): shaders left to compile 16
[2020.01.22-15.16.01:277][ 54]LogShaderCompilers: Display: Worker (9/13): shaders left to compile 15
[2020.01.22-15.16.01:309][ 56]LogShaderCompilers: Display: Worker (6/13): shaders left to compile 14
[2020.01.22-15.16.01:471][ 64]LogShaderCompilers: Display: Worker (12/13): shaders left to compile 13
[2020.01.22-15.16.01:655][ 69]LogShaderCompilers: Display: Worker (2/13): shaders left to compile 12
[2020.01.22-15.16.01:733][ 74]LogShaderCompilers: Display: Worker (5/13): shaders left to compile 11
[2020.01.22-15.16.01:749][ 75]LogShaderCompilers: Display: Worker (10/13): shaders left to compile 10
[2020.01.22-15.16.01:750][ 75]LogShaderCompilers: Display: Worker (6/13): shaders left to compile 9
[2020.01.22-15.16.01:774][ 75]LogShaderCompilers: Display: Worker (8/13): shaders left to compile 8
[2020.01.22-15.16.01:817][ 75]LogShaderCompilers: Display: Worker (11/13): shaders left to compile 7
[2020.01.22-15.16.01:957][ 85]LogShaderCompilers: Display: Worker (9/13): shaders left to compile 6
[2020.01.22-15.16.01:971][ 86]LogShaderCompilers: Display: Worker (1/13): shaders left to compile 5
[2020.01.22-15.16.01:985][ 87]LogShaderCompilers: Display: Worker (3/13): shaders left to compile 4
[2020.01.22-15.16.02:131][ 97]LogShaderCompilers: Display: Worker (7/13): shaders left to compile 3
[2020.01.22-15.16.02:131][ 97]LogShaderCompilers: Display: Worker (12/13): shaders left to compile 2
[2020.01.22-15.16.02:194][101]LogShaderCompilers: Display: Worker (5/13): shaders left to compile 1
[2020.01.22-15.16.02:617][127]LogMaterial: Display: Missing cached shader map for material m_Pavilion, compiling. 
[2020.01.22-15.16.02:638][127]LogShaderCompilers: Display: Worker (2/13): shaders left to compile 30
[2020.01.22-15.16.02:639][127]LogShaderCompilers: Display: Worker (3/13): shaders left to compile 29
[2020.01.22-15.16.02:639][127]LogShaderCompilers: Display: Worker (4/13): shaders left to compile 28
[2020.01.22-15.16.02:639][127]LogShaderCompilers: Display: Worker (5/13): shaders left to compile 27
[2020.01.22-15.16.02:639][127]LogShaderCompilers: Display: Worker (6/13): shaders left to compile 26
[2020.01.22-15.16.02:639][127]LogShaderCompilers: Display: Worker (7/13): shaders left to compile 25
[2020.01.22-15.16.02:639][127]LogShaderCompilers: Display: Worker (8/13): shaders left to compile 24
[2020.01.22-15.16.02:639][127]LogShaderCompilers: Display: Worker (9/13): shaders left to compile 23
[2020.01.22-15.16.02:639][127]LogShaderCompilers: Display: Worker (12/13): shaders left to compile 22
[2020.01.22-15.16.02:646][127]LogMaterial: Display: Missing cached shader map for material FMatExpressionPreview MaterialExpressionTextureSample_2, compiling. 
[2020.01.22-15.16.02:720][131]LogShaderCompilers: Display: Worker (10/13): shaders left to compile 25
[2020.01.22-15.16.02:868][138]LogShaderCompilers: Display: Worker (1/13): shaders left to compile 24
[2020.01.22-15.16.03:024][149]LogShaderCompilers: Display: Worker (2/13): shaders left to compile 23
[2020.01.22-15.16.03:024][149]LogShaderCompilers: Display: Worker (9/13): shaders left to compile 22
[2020.01.22-15.16.03:069][151]LogShaderCompilers: Display: Worker (11/13): shaders left to compile 21
[2020.01.22-15.16.03:213][160]LogShaderCompilers: Display: Worker (3/13): shaders left to compile 20
[2020.01.22-15.16.03:267][163]LogShaderCompilers: Display: Worker (5/13): shaders left to compile 19
[2020.01.22-15.16.03:284][164]LogShaderCompilers: Display: Worker (6/13): shaders left to compile 18
[2020.01.22-15.16.03:305][165]LogShaderCompilers: Display: Worker (4/13): shaders left to compile 17
[2020.01.22-15.16.03:323][166]LogShaderCompilers: Display: Worker (7/13): shaders left to compile 16
[2020.01.22-15.16.03:339][167]LogShaderCompilers: Display: Worker (8/13): shaders left to compile 15
[2020.01.22-15.16.03:339][167]LogShaderCompilers: Display: Worker (12/13): shaders left to compile 14
[2020.01.22-15.16.03:671][187]LogShaderCompilers: Display: Worker (2/13): shaders left to compile 13
[2020.01.22-15.16.03:746][192]LogShaderCompilers: Display: Worker (3/13): shaders left to compile 12
[2020.01.22-15.16.03:793][195]LogShaderCompilers: Display: Worker (10/13): shaders left to compile 11
[2020.01.22-15.16.03:870][200]LogShaderCompilers: Display: Worker (9/13): shaders left to compile 10
[2020.01.22-15.16.03:884][201]LogShaderCompilers: Display: Worker (4/13): shaders left to compile 9
[2020.01.22-15.16.03:900][202]LogShaderCompilers: Display: Worker (11/13): shaders left to compile 8
[2020.01.22-15.16.03:915][203]LogShaderCompilers: Display: Worker (1/13): shaders left to compile 7
[2020.01.22-15.16.03:915][203]LogShaderCompilers: Display: Worker (12/13): shaders left to compile 6
[2020.01.22-15.16.03:972][207]LogShaderCompilers: Display: Worker (5/13): shaders left to compile 5
[2020.01.22-15.16.04:116][217]LogShaderCompilers: Display: Worker (6/13): shaders left to compile 4
[2020.01.22-15.16.04:150][219]LogShaderCompilers: Display: Worker (7/13): shaders left to compile 3
[2020.01.22-15.16.04:183][221]LogShaderCompilers: Display: Worker (8/13): shaders left to compile 2
[2020.01.22-15.16.04:214][223]LogShaderCompilers: Display: Worker (10/13): shaders left to compile 1
[2020.01.22-15.16.04:559][248]MaterialEditorStats: Base pass shader: 128 instructions
[2020.01.22-15.16.04:559][248]MaterialEditorStats: Base pass shader with Surface Lightmap: 159 instructions
[2020.01.22-15.16.04:559][248]MaterialEditorStats: Base pass shader with Volumetric Lightmap: 206 instructions
[2020.01.22-15.16.04:559][248]MaterialEditorStats: Base pass vertex shader: 44 instructions
[2020.01.22-15.16.04:559][248]MaterialEditorStats: Texture samplers: 6/16
[2020.01.22-15.16.04:559][248]MaterialEditorStats: Texture Lookups (Est.): VS(0), PS(3)
[2020.01.22-15.16.04:559][248]MaterialEditorStats: User interpolators: 2/4 Scalars (1/4 Vectors) (TexCoords: 2, Custom: 0)
[2020.01.22-15.16.05:741][374]LogMaterialEditor: Saving and Compiling material m_Pavilion
[2020.01.22-15.16.06:117][374]LogMaterial: Display: Missing cached shader map for material m_Pavilion, compiling. 
[2020.01.22-15.16.06:180][374]LogShaderCompilers: Display: Worker (1/13): shaders left to compile 30
[2020.01.22-15.16.06:180][374]LogShaderCompilers: Display: Worker (2/13): shaders left to compile 29
[2020.01.22-15.16.06:180][374]LogShaderCompilers: Display: Worker (3/13): shaders left to compile 28
[2020.01.22-15.16.06:180][374]LogShaderCompilers: Display: Worker (4/13): shaders left to compile 27
[2020.01.22-15.16.06:180][374]LogShaderCompilers: Display: Worker (5/13): shaders left to compile 26
[2020.01.22-15.16.06:180][374]LogShaderCompilers: Display: Worker (6/13): shaders left to compile 25
[2020.01.22-15.16.06:180][374]LogShaderCompilers: Display: Worker (7/13): shaders left to compile 24
[2020.01.22-15.16.06:180][374]LogShaderCompilers: Display: Worker (8/13): shaders left to compile 23
[2020.01.22-15.16.06:180][374]LogShaderCompilers: Display: Worker (9/13): shaders left to compile 22
[2020.01.22-15.16.06:180][374]LogShaderCompilers: Display: Worker (10/13): shaders left to compile 21
[2020.01.22-15.16.06:180][374]LogShaderCompilers: Display: Worker (11/13): shaders left to compile 20
[2020.01.22-15.16.06:180][374]LogShaderCompilers: Display: Worker (12/13): shaders left to compile 19
[2020.01.22-15.16.06:195][374]LogMaterial: Display: Missing cached shader map for material m_Pavilion, compiling. 
[2020.01.22-15.16.06:218][374]LogMaterial: Display: Missing cached shader map for material m_Pavilion, compiling. 
[2020.01.22-15.16.06:276][374]LogUObjectHash: Compacting FUObjectHashTables data took   2.00ms
[2020.01.22-15.16.06:289][374]LogMaterial: Display: Missing cached shader map for material DebugViewMode MaterialTexCoordScale, compiling. 
[2020.01.22-15.16.07:413][374]LogShaderCompilers: Display: Worker (8/13): shaders left to compile 51
[2020.01.22-15.16.07:413][374]LogShaderCompilers: Display: Worker (1/13): shaders left to compile 50
[2020.01.22-15.16.07:413][374]LogShaderCompilers: Display: Worker (2/13): shaders left to compile 49
[2020.01.22-15.16.07:413][374]LogShaderCompilers: Display: Worker (4/13): shaders left to compile 48
[2020.01.22-15.16.07:413][374]LogShaderCompilers: Display: Worker (3/13): shaders left to compile 47
[2020.01.22-15.16.07:413][374]LogShaderCompilers: Display: Worker (5/13): shaders left to compile 46
[2020.01.22-15.16.07:413][374]LogShaderCompilers: Display: Worker (6/13): shaders left to compile 45
[2020.01.22-15.16.07:413][374]LogShaderCompilers: Display: Worker (9/13): shaders left to compile 44
[2020.01.22-15.16.07:413][374]LogShaderCompilers: Display: Worker (7/13): shaders left to compile 43
[2020.01.22-15.16.07:413][374]LogShaderCompilers: Display: Worker (12/13): shaders left to compile 42
[2020.01.22-15.16.07:413][374]LogShaderCompilers: Display: Worker (10/13): shaders left to compile 41
[2020.01.22-15.16.07:413][374]LogShaderCompilers: Display: Worker (2/13): shaders left to compile 40
[2020.01.22-15.16.07:413][374]LogShaderCompilers: Display: Worker (11/13): shaders left to compile 39
[2020.01.22-15.16.07:413][374]LogShaderCompilers: Display: Worker (7/13): shaders left to compile 38
[2020.01.22-15.16.07:413][374]LogShaderCompilers: Display: Worker (5/13): shaders left to compile 37
[2020.01.22-15.16.07:413][374]LogShaderCompilers: Display: Worker (8/13): shaders left to compile 36
[2020.01.22-15.16.07:413][374]LogShaderCompilers: Display: Worker (4/13): shaders left to compile 35
[2020.01.22-15.16.07:413][374]LogShaderCompilers: Display: Worker (3/13): shaders left to compile 34
[2020.01.22-15.16.07:413][374]LogShaderCompilers: Display: Worker (6/13): shaders left to compile 33
[2020.01.22-15.16.07:413][374]LogShaderCompilers: Display: Worker (1/13): shaders left to compile 32
[2020.01.22-15.16.07:413][374]LogShaderCompilers: Display: Worker (9/13): shaders left to compile 31
[2020.01.22-15.16.07:413][374]LogShaderCompilers: Display: Worker (12/13): shaders left to compile 28
[2020.01.22-15.16.07:413][374]LogShaderCompilers: Display: Worker (2/13): shaders left to compile 25
[2020.01.22-15.16.07:413][374]LogShaderCompilers: Display: Worker (5/13): shaders left to compile 22
[2020.01.22-15.16.07:413][374]LogShaderCompilers: Display: Worker (6/13): shaders left to compile 20
[2020.01.22-15.16.07:413][374]LogShaderCompilers: Display: Worker (1/13): shaders left to compile 18
[2020.01.22-15.16.07:415][374]TextureStreamingBuild: Display: Compiling optional shaders took 1.139 seconds.
[2020.01.22-15.16.07:458][374]LogShaderCompilers: Display: Worker (10/13): shaders left to compile 16
[2020.01.22-15.16.07:458][374]LogUObjectHash: Compacting FUObjectHashTables data took   5.19ms
[2020.01.22-15.16.07:478][374]LogShaderCompilers: Display: Worker (3/13): shaders left to compile 14
[2020.01.22-15.16.08:714][374]LogShaderCompilers: Display: Worker (8/13): shaders left to compile 12
[2020.01.22-15.16.08:714][374]LogShaderCompilers: Display: Worker (11/13): shaders left to compile 10
[2020.01.22-15.16.08:714][374]LogShaderCompilers: Display: Worker (7/13): shaders left to compile 9
[2020.01.22-15.16.08:714][374]LogShaderCompilers: Display: Worker (4/13): shaders left to compile 8
[2020.01.22-15.16.08:714][374]LogShaderCompilers: Display: Worker (2/13): shaders left to compile 7
[2020.01.22-15.16.08:714][374]LogShaderCompilers: Display: Worker (4/13): shaders left to compile 6
[2020.01.22-15.16.08:714][374]LogShaderCompilers: Display: Worker (9/13): shaders left to compile 5
[2020.01.22-15.16.08:714][374]LogShaderCompilers: Display: Worker (12/13): shaders left to compile 4
[2020.01.22-15.16.08:714][374]LogShaderCompilers: Display: Worker (11/13): shaders left to compile 3
[2020.01.22-15.16.08:714][374]LogShaderCompilers: Display: Worker (7/13): shaders left to compile 2
[2020.01.22-15.16.08:714][374]LogShaderCompilers: Display: Worker (6/13): shaders left to compile 1
[2020.01.22-15.16.08:745][374]Cmd: OBJ SAVEPACKAGE PACKAGE="/Game/Materials/m_Pavilion" FILE="../../../../Art/Park_SFAS/Park/Content/Materials/m_Pavilion.uasset" SILENT=true
[2020.01.22-15.16.08:763][374]LogSavePackage: Moving '../../../../Art/Park_SFAS/Park/Saved/m_PavilionE2E712A34A081B77B1A0E3B81F923DB5.tmp' to '../../../../Art/Park_SFAS/Park/Content/Materials/m_Pavilion.uasset'
[2020.01.22-15.16.16:566][214]LogSlate: Window 'm_Pavilion' being destroyed
[2020.01.22-15.16.16:572][214]LogSlate: Window 'm_Pavilion' being destroyed
[2020.01.22-15.16.16:604][214]LogWorld: UWorld::CleanupWorld for World_3, bSessionEnded=true, bCleanupResources=true
[2020.01.22-15.16.22:772][882]LogEditorViewport: Clicking on Actor (LMB): StaticMeshActor (SM_Pavilion)
[2020.01.22-15.16.25:161][123]Cmd: SELECT NONE
[2020.01.22-15.16.25:766][195]LogEditorViewport: Clicking on Actor (LMB): StaticMeshActor (SM_Pavilion)
[2020.01.22-15.16.30:308][609]Cmd: SELECT NONE
[2020.01.22-15.16.34:334][ 26]LogEditorViewport: Clicking on Actor (LMB): StaticMeshActor (SM_Pavilion)
[2020.01.22-15.16.43:039][816]Cmd: SELECT NONE
[2020.01.22-15.16.45:247][ 48]LogEditorViewport: Clicking on Actor (LMB): StaticMeshActor (SM_Pavilion)
[2020.01.22-15.16.46:713][166]Cmd: SELECT NONE
[2020.01.22-15.16.48:440][350]Cmd: SELECT NONE
[2020.01.22-15.17.46:988][139]LogEditorViewport: Clicking on Actor (LMB): StaticMeshActor (SM_Path)
[2020.01.22-15.17.47:498][193]LogEditorViewport: Clicking on Actor (LMB): BP_Sky_Sphere_C (Sky Sphere)
[2020.01.22-15.17.48:690][321]LogEditorViewport: Clicking on Actor (LMB): BP_Sky_Sphere_C (Sky Sphere)
[2020.01.22-15.17.53:035][828]Cmd: SELECT NONE
[2020.01.22-15.17.57:251][282]Cmd: SELECT NONE
[2020.01.22-15.18.09:569][681]LogD3D11RHI: Timed out while waiting for GPU to catch up. (0.5 s) (ErrorCode 00000001)
[2020.01.22-15.18.10:571][684]LogD3D11RHI: Timed out while waiting for GPU to catch up. (0.5 s) (ErrorCode 00000001)
[2020.01.22-15.18.11:072][685]LogD3D11RHI: Timed out while waiting for GPU to catch up. (0.5 s) (ErrorCode 00000001)
[2020.01.22-15.18.22:394][830]LogSlate: FSceneViewport::OnFocusLost() reason 0
[2020.01.22-15.18.23:869][999]LogEditorFactories: Performing atomic reimport of [D:/Art/Park_SFAS/Textures/Pavilion/SM_Pavilion_blinn1SG_OcclusionRoughnessMetallic.tga]
[2020.01.22-15.18.23:895][999]LogFactory: FactoryCreateFile: Texture2D with ReimportTextureFactory (0 0 D:/Art/Park_SFAS/Textures/Pavilion/SM_Pavilion_blinn1SG_OcclusionRoughnessMetallic.tga)
[2020.01.22-15.18.23:946][999]LogTexture: Display: Building textures: SM_Pavilion_blinn1SG_OcclusionRoughnessMetallic (AutoDXT, 2048X2048)
[2020.01.22-15.18.24:369][999]LogEditorFactories: -- imported successfully
[2020.01.22-15.18.30:104][672]Cmd: SELECT NONE
[2020.01.22-15.18.32:684][924]LogSlate: FSceneViewport::OnFocusLost() reason 0
[2020.01.22-15.18.33:980][ 73]LogEditorFactories: Performing atomic reimport of [D:/Art/Park_SFAS/Textures/Pavilion/SM_Pavilion_blinn1SG_OcclusionRoughnessMetallic.tga]
[2020.01.22-15.18.34:008][ 73]LogFactory: FactoryCreateFile: Texture2D with ReimportTextureFactory (0 0 D:/Art/Park_SFAS/Textures/Pavilion/SM_Pavilion_blinn1SG_OcclusionRoughnessMetallic.tga)
[2020.01.22-15.18.34:056][ 73]LogTexture: Display: Building textures: SM_Pavilion_blinn1SG_OcclusionRoughnessMetallic (AutoDXT, 2048X2048)
[2020.01.22-15.18.34:441][ 73]LogEditorFactories: -- imported successfully
[2020.01.22-15.18.53:690][ 78]LogEditorViewport: Clicking on Actor (LMB): StaticMeshActor (SM_Pavilion)
[2020.01.22-15.20.14:535][513]Cmd: SELECT NONE
[2020.01.22-15.22.09:064][775]LogEditorSessionSummary: EditorSessionSummary sent report. Type=Shutdown, SessionId={69DA08CC-4BE2-A6DA-4E8F-72AB76C11A63}
[2020.01.22-15.22.20:497][113]LogSlate: FSceneViewport::OnFocusLost() reason 5
[2020.01.22-15.22.20:545][113]LogUObjectHash: Compacting FUObjectHashTables data took   1.77ms
[2020.01.22-15.22.20:546][113]Cmd: OBJ SAVEPACKAGE PACKAGE="/Game/Diorama" FILE="../../../../Art/Park_SFAS/Park/Saved/Autosaves/Game/Diorama_Auto1.umap" SILENT=true AUTOSAVING=true KEEPDIRTY=false
[2020.01.22-15.22.20:749][113]LogSavePackage: Moving '../../../../Art/Park_SFAS/Park/Saved/Diorama_Auto1B109478C419CABF9F5570292CE208D31.tmp' to '../../../../Art/Park_SFAS/Park/Saved/Autosaves/Game/Diorama_Auto1.umap'
[2020.01.22-15.22.20:980][113]LogFileHelpers: Editor autosave (incl. sublevels) for '/Game/Diorama' took 0.472
[2020.01.22-15.22.20:980][113]LogFileHelpers: Editor autosave (incl. sublevels) for all levels took 0.472
[2020.01.22-15.22.20:981][113]OBJ SavePackage: Generating thumbnails for [1] asset(s) in package [/Game/Meshes/SM_Pavilion] ([1] browsable assets)...
[2020.01.22-15.22.20:993][113]OBJ SavePackage:     Rendered thumbnail for [StaticMesh /Game/Meshes/SM_Pavilion.SM_Pavilion]
[2020.01.22-15.22.20:993][113]OBJ SavePackage: Finished generating thumbnails for package [/Game/Meshes/SM_Pavilion]
[2020.01.22-15.22.20:993][113]Cmd: OBJ SAVEPACKAGE PACKAGE="/Game/Meshes/SM_Pavilion" FILE="../../../../Art/Park_SFAS/Park/Saved/Autosaves/Game/Meshes/SM_Pavilion_Auto1.uasset" SILENT=false AUTOSAVING=true
[2020.01.22-15.22.21:034][113]LogSavePackage: Moving '../../../../Art/Park_SFAS/Park/Saved/SM_Pavilion_Auto12497201D4AFC7347ECD7818D82A18238.tmp' to '../../../../Art/Park_SFAS/Park/Saved/Autosaves/Game/Meshes/SM_Pavilion_Auto1.uasset'
[2020.01.22-15.22.21:034][113]OBJ SavePackage: Generating thumbnails for [1] asset(s) in package [/Game/Textures/SM_Pavilion_blinn1SG_BaseColor] ([1] browsable assets)...
[2020.01.22-15.22.21:040][113]OBJ SavePackage:     Rendered thumbnail for [Texture2D /Game/Textures/SM_Pavilion_blinn1SG_BaseColor.SM_Pavilion_blinn1SG_BaseColor]
[2020.01.22-15.22.21:040][113]OBJ SavePackage: Finished generating thumbnails for package [/Game/Textures/SM_Pavilion_blinn1SG_BaseColor]
[2020.01.22-15.22.21:102][113]LogSavePackage: Moving '../../../../Art/Park_SFAS/Park/Saved/SM_Pavilion_blinn1SG_BaseColor_A803EA5824AAD475AD399DA98500DFCCE.tmp' to '../../../../Art/Park_SFAS/Park/Saved/Autosaves/Game/Textures/SM_Pavilion_blinn1SG_BaseColor_Auto1.uasset'
[2020.01.22-15.22.21:103][113]OBJ SavePackage: Generating thumbnails for [1] asset(s) in package [/Game/Textures/SM_Pavilion_blinn1SG_Normal] ([1] browsable assets)...
[2020.01.22-15.22.21:109][113]OBJ SavePackage:     Rendered thumbnail for [Texture2D /Game/Textures/SM_Pavilion_blinn1SG_Normal.SM_Pavilion_blinn1SG_Normal]
[2020.01.22-15.22.21:109][113]OBJ SavePackage: Finished generating thumbnails for package [/Game/Textures/SM_Pavilion_blinn1SG_Normal]
[2020.01.22-15.22.21:136][113]LogSavePackage: Moving '../../../../Art/Park_SFAS/Park/Saved/SM_Pavilion_blinn1SG_Normal_Auto90DD7C68494DA83B2629EB99C2A091E3.tmp' to '../../../../Art/Park_SFAS/Park/Saved/Autosaves/Game/Textures/SM_Pavilion_blinn1SG_Normal_Auto1.uasset'
[2020.01.22-15.22.21:137][113]OBJ SavePackage: Generating thumbnails for [1] asset(s) in package [/Game/Textures/SM_Pavilion_blinn1SG_OcclusionRoughnessMetallic] ([1] browsable assets)...
[2020.01.22-15.22.21:141][113]OBJ SavePackage:     Rendered thumbnail for [Texture2D /Game/Textures/SM_Pavilion_blinn1SG_OcclusionRoughnessMetallic.SM_Pavilion_blinn1SG_OcclusionRoughnessMetallic]
[2020.01.22-15.22.21:141][113]OBJ SavePackage: Finished generating thumbnails for package [/Game/Textures/SM_Pavilion_blinn1SG_OcclusionRoughnessMetallic]
[2020.01.22-15.22.21:170][113]LogSavePackage: Moving '../../../../Art/Park_SFAS/Park/Saved/SM_Pavilion_blinn1SG_OcclusionRoADE5EC35407C3B9E2205F0BF09D449E5.tmp' to '../../../../Art/Park_SFAS/Park/Saved/Autosaves/Game/Textures/SM_Pavilion_blinn1SG_OcclusionRoughnessMetallic_Auto1.uasset'
[2020.01.22-15.22.21:170][113]LogFileHelpers: Auto-saving content packages took 0.190
[2020.01.22-16.01.19:572][428]LogEditorViewport: Clicking on Actor (LMB): BP_Sky_Sphere_C (Sky Sphere)
[2020.01.22-16.01.20:769][565]LogEditorViewport: Clicking on Actor (LMB): BP_Sky_Sphere_C (Sky Sphere)
[2020.01.22-19.09.52:353][939]LogD3D11RHI: Timed out while waiting for GPU to catch up. (0.5 s) (ErrorCode 00000001)
[2020.01.22-19.09.52:854][940]LogD3D11RHI: Timed out while waiting for GPU to catch up. (0.5 s) (ErrorCode 00000001)
[2020.01.22-19.09.54:034][944]LogD3D11RHI: Timed out while waiting for GPU to catch up. (0.5 s) (ErrorCode 00000001)
[2020.01.22-19.09.54:535][945]LogD3D11RHI: Timed out while waiting for GPU to catch up. (0.5 s) (ErrorCode 00000001)
[2020.01.22-19.09.55:036][946]LogD3D11RHI: Timed out while waiting for GPU to catch up. (0.5 s) (ErrorCode 00000001)
[2020.01.22-19.09.57:463][950]LogD3D11RHI: Timed out while waiting for GPU to catch up. (0.5 s) (ErrorCode 00000001)
[2020.01.22-19.10.02:829][966]LogD3D11RHI: Timed out while waiting for GPU to catch up. (0.5 s) (ErrorCode 00000001)
[2020.01.22-19.10.03:828][969]LogD3D11RHI: Timed out while waiting for GPU to catch up. (0.5 s) (ErrorCode 00000001)
[2020.01.22-19.10.04:329][970]LogD3D11RHI: Timed out while waiting for GPU to catch up. (0.5 s) (ErrorCode 00000001)
[2020.01.22-19.10.07:497][978]LogD3D11RHI: Timed out while waiting for GPU to catch up. (0.5 s) (ErrorCode 00000001)
[2020.01.22-19.10.07:998][979]LogD3D11RHI: Timed out while waiting for GPU to catch up. (0.5 s) (ErrorCode 00000001)
[2020.01.22-19.10.08:832][981]LogD3D11RHI: Timed out while waiting for GPU to catch up. (0.5 s) (ErrorCode 00000001)
[2020.01.22-19.10.09:332][982]LogD3D11RHI: Timed out while waiting for GPU to catch up. (0.5 s) (ErrorCode 00000001)
[2020.01.22-19.10.10:176][983]LogD3D11RHI: Timed out while waiting for GPU to catch up. (0.5 s) (ErrorCode 00000001)
[2020.01.22-19.10.12:439][988]LogD3D11RHI: Timed out while waiting for GPU to catch up. (0.5 s) (ErrorCode 00000001)
[2020.01.22-19.10.12:940][989]LogD3D11RHI: Timed out while waiting for GPU to catch up. (0.5 s) (ErrorCode 00000001)
[2020.01.22-19.10.13:441][990]LogD3D11RHI: Timed out while waiting for GPU to catch up. (0.5 s) (ErrorCode 00000001)
[2020.01.22-19.10.16:943][991]LogD3D11RHI: Timed out while waiting for GPU to catch up. (0.5 s) (ErrorCode 00000001)
[2020.01.22-19.10.18:721][992]LogD3D11RHI: Timed out while waiting for GPU to catch up. (0.5 s) (ErrorCode 00000001)
[2020.01.22-19.10.19:222][993]LogD3D11RHI: Timed out while waiting for GPU to catch up. (500 ms)
[2020.01.22-19.10.21:562][993]LogD3D11RHI: Timed out while waiting for GPU to catch up. (0.5 s) (ErrorCode 00000001)
[2020.01.22-19.10.23:848][994]LogD3D11RHI: Timed out while waiting for GPU to catch up. (0.5 s) (ErrorCode 00000001)
[2020.01.22-19.10.25:350][995]LogD3D11RHI: Timed out while waiting for GPU to catch up. (0.5 s) (ErrorCode 00000001)
[2020.01.22-19.10.25:851][996]LogD3D11RHI: Timed out while waiting for GPU to catch up. (500 ms)
[2020.01.22-19.10.27:635][996]LogD3D11RHI: Timed out while waiting for GPU to catch up. (0.5 s) (ErrorCode 00000001)
[2020.01.22-19.10.29:302][997]LogD3D11RHI: Timed out while waiting for GPU to catch up. (0.5 s) (ErrorCode 00000001)
[2020.01.22-19.10.29:804][998]LogD3D11RHI: Timed out while waiting for GPU to catch up. (500 ms)
[2020.01.22-19.10.31:409][  3]LogD3D11RHI: Timed out while waiting for GPU to catch up. (0.5 s) (ErrorCode 00000001)
[2020.01.22-19.10.31:909][  4]LogD3D11RHI: Timed out while waiting for GPU to catch up. (0.5 s) (ErrorCode 00000001)
[2020.01.22-19.10.32:410][  5]LogD3D11RHI: Timed out while waiting for GPU to catch up. (0.5 s) (ErrorCode 00000001)
[2020.01.22-19.10.33:435][  6]LogD3D11RHI: Timed out while waiting for GPU to catch up. (0.5 s) (ErrorCode 00000001)
[2020.01.22-19.10.50:572][ 57]LogD3D11RHI: Timed out while waiting for GPU to catch up. (0.5 s) (ErrorCode 00000001)
[2020.01.22-19.10.51:072][ 58]LogD3D11RHI: Timed out while waiting for GPU to catch up. (0.5 s) (ErrorCode 00000001)
[2020.01.22-19.10.53:605][ 66]LogD3D11RHI: Timed out while waiting for GPU to catch up. (0.5 s) (ErrorCode 00000001)
[2020.01.22-19.10.54:105][ 67]LogD3D11RHI: Timed out while waiting for GPU to catch up. (0.5 s) (ErrorCode 00000001)
[2020.01.22-19.10.55:607][ 68]LogD3D11RHI: Timed out while waiting for GPU to catch up. (0.5 s) (ErrorCode 00000001)
[2020.01.22-19.10.56:682][ 69]LogD3D11RHI: Timed out while waiting for GPU to catch up. (0.5 s) (ErrorCode 00000001)
[2020.01.22-19.10.57:533][ 72]LogD3D11RHI: Timed out while waiting for GPU to catch up. (0.5 s) (ErrorCode 00000001)
[2020.01.22-19.10.58:033][ 73]LogD3D11RHI: Timed out while waiting for GPU to catch up. (0.5 s) (ErrorCode 00000001)
[2020.01.22-19.10.58:534][ 74]LogD3D11RHI: Timed out while waiting for GPU to catch up. (0.5 s) (ErrorCode 00000001)
[2020.01.22-19.11.00:037][ 75]LogD3D11RHI: Timed out while waiting for GPU to catch up. (0.5 s) (ErrorCode 00000001)
[2020.01.22-19.11.00:538][ 76]LogD3D11RHI: Timed out while waiting for GPU to catch up. (500 ms)
[2020.01.22-19.11.03:267][ 76]LogD3D11RHI: Timed out while waiting for GPU to catch up. (0.5 s) (ErrorCode 00000001)
[2020.01.22-19.11.03:769][ 77]LogD3D11RHI: Timed out while waiting for GPU to catch up. (0.5 s) (ErrorCode 00000001)
[2020.01.22-19.11.07:097][ 79]LogD3D11RHI: Timed out while waiting for GPU to catch up. (0.5 s) (ErrorCode 00000001)
[2020.01.22-19.11.07:597][ 80]LogD3D11RHI: Timed out while waiting for GPU to catch up. (0.5 s) (ErrorCode 00000001)
[2020.01.22-19.11.09:099][ 81]LogD3D11RHI: Timed out while waiting for GPU to catch up. (0.5 s) (ErrorCode 00000001)
[2020.01.22-19.11.09:601][ 82]LogD3D11RHI: Timed out while waiting for GPU to catch up. (500 ms)
[2020.01.22-19.11.10:587][ 82]LogD3D11RHI: Timed out while waiting for GPU to catch up. (0.5 s) (ErrorCode 00000001)
[2020.01.22-19.11.11:088][ 83]LogD3D11RHI: Timed out while waiting for GPU to catch up. (0.5 s) (ErrorCode 00000001)
[2020.01.22-19.11.13:885][ 89]LogD3D11RHI: Timed out while waiting for GPU to catch up. (0.5 s) (ErrorCode 00000001)
[2020.01.22-19.11.14:386][ 90]LogD3D11RHI: Timed out while waiting for GPU to catch up. (0.5 s) (ErrorCode 00000001)
[2020.01.22-19.11.15:888][ 91]LogD3D11RHI: Timed out while waiting for GPU to catch up. (0.5 s) (ErrorCode 00000001)
[2020.01.22-19.11.16:389][ 92]LogD3D11RHI: Timed out while waiting for GPU to catch up. (500 ms)
[2020.01.22-19.11.17:889][ 92]LogD3D11RHI: Timed out while waiting for GPU to catch up. (0.5 s) (ErrorCode 00000001)
[2020.01.22-19.11.19:533][ 93]LogD3D11RHI: Timed out while waiting for GPU to catch up. (0.5 s) (ErrorCode 00000001)
[2020.01.22-19.11.20:034][ 94]LogD3D11RHI: Timed out while waiting for GPU to catch up. (500 ms)
[2020.01.22-19.11.21:535][ 94]LogD3D11RHI: Timed out while waiting for GPU to catch up. (0.5 s) (ErrorCode 00000001)
[2020.01.22-19.11.22:037][ 95]LogD3D11RHI: Timed out while waiting for GPU to catch up. (500 ms)
[2020.01.22-19.11.23:036][ 96]LogD3D11RHI: Timed out while waiting for GPU to catch up. (0.5 s) (ErrorCode 00000001)
[2020.01.22-19.11.23:537][ 97]LogD3D11RHI: Timed out while waiting for GPU to catch up. (0.5 s) (ErrorCode 00000001)
[2020.01.22-19.11.25:389][103]LogD3D11RHI: Timed out while waiting for GPU to catch up. (0.5 s) (ErrorCode 00000001)
[2020.01.22-19.11.25:890][104]LogD3D11RHI: Timed out while waiting for GPU to catch up. (0.5 s) (ErrorCode 00000001)
[2020.01.22-19.11.27:392][105]LogD3D11RHI: Timed out while waiting for GPU to catch up. (0.5 s) (ErrorCode 00000001)
[2020.01.22-19.11.27:894][106]LogD3D11RHI: Timed out while waiting for GPU to catch up. (500 ms)
[2020.01.22-19.11.29:394][106]LogD3D11RHI: Timed out while waiting for GPU to catch up. (0.5 s) (ErrorCode 00000001)
[2020.01.22-19.11.29:897][107]LogD3D11RHI: Timed out while waiting for GPU to catch up. (500 ms)
[2020.01.22-19.11.32:743][107]LogD3D11RHI: Timed out while waiting for GPU to catch up. (0.5 s) (ErrorCode 00000001)
[2020.01.22-19.11.33:248][108]LogD3D11RHI: Timed out while waiting for GPU to catch up. (500 ms)
[2020.01.22-19.11.35:318][112]LogD3D11RHI: Timed out while waiting for GPU to catch up. (0.5 s) (ErrorCode 00000001)
[2020.01.22-19.11.35:819][113]LogD3D11RHI: Timed out while waiting for GPU to catch up. (0.5 s) (ErrorCode 00000001)
[2020.01.22-19.11.37:321][114]LogD3D11RHI: Timed out while waiting for GPU to catch up. (0.5 s) (ErrorCode 00000001)
[2020.01.22-19.11.37:824][115]LogD3D11RHI: Timed out while waiting for GPU to catch up. (500 ms)
[2020.01.22-19.11.39:323][115]LogD3D11RHI: Timed out while waiting for GPU to catch up. (0.5 s) (ErrorCode 00000001)
[2020.01.22-19.11.39:827][116]LogD3D11RHI: Timed out while waiting for GPU to catch up. (500 ms)
[2020.01.22-19.11.43:326][116]LogD3D11RHI: Timed out while waiting for GPU to catch up. (0.5 s) (ErrorCode 00000001)
[2020.01.22-19.11.43:828][117]LogD3D11RHI: Timed out while waiting for GPU to catch up. (500 ms)
[2020.01.22-19.11.48:826][117]LogD3D11RHI: GetQueryData is taking a very long time (5.0 s)
[2020.01.22-19.11.55:145][117]LogD3D11RHI: GetQueryData is taking a very long time (5.0 s)
[2020.01.22-19.12.01:436][117]LogD3D11RHI: GetQueryData is taking a very long time (10.0 s)
[2020.01.22-19.12.07:000][117]LogD3D11RHI: GetQueryData is taking a very long time (5.0 s)
[2020.01.22-19.12.13:847][123]LogD3D11RHI: Timed out while waiting for GPU to catch up. (0.5 s) (ErrorCode 00000001)
[2020.01.22-19.12.14:348][124]LogD3D11RHI: Timed out while waiting for GPU to catch up. (0.5 s) (ErrorCode 00000001)
[2020.01.22-19.12.15:850][125]LogD3D11RHI: Timed out while waiting for GPU to catch up. (0.5 s) (ErrorCode 00000001)
[2020.01.22-19.12.16:351][126]LogD3D11RHI: Timed out while waiting for GPU to catch up. (500 ms)
[2020.01.22-19.12.17:852][126]LogD3D11RHI: Timed out while waiting for GPU to catch up. (0.5 s) (ErrorCode 00000001)
[2020.01.22-19.12.18:355][127]LogD3D11RHI: Timed out while waiting for GPU to catch up. (500 ms)
[2020.01.22-19.56.28:698][ 45]LogSlate: FSceneViewport::OnFocusLost() reason 5
[2020.01.22-19.56.32:208][416]LogSlate: FSceneViewport::OnFocusLost() reason 0
[2020.01.22-19.56.39:117][422]LogFactory: FactoryCreateFile: Texture with ReimportTextureFactory (0 0 ../../../../Art/Park_SFAS/Textures/Rocks/SM_rocks_low_initialShadingGroup_BaseColor.tga)
[2020.01.22-19.56.39:216][422]LogTexture: Display: Building textures: SM_rocks_low_initialShadingGroup_BaseColor (AutoDXT, 2048X2048)
[2020.01.22-19.56.39:576][422]LogFactory: FactoryCreateFile: Texture with ReimportTextureFactory (0 0 ../../../../Art/Park_SFAS/Textures/Rocks/SM_rocks_low_initialShadingGroup_Normal.tga)
[2020.01.22-19.56.39:626][422]LogTexture: Display: Building textures: SM_rocks_low_initialShadingGroup_Normal (BC5, 2048X2048)
[2020.01.22-19.56.39:778][422]LogFactory: FactoryCreateFile: Texture with ReimportTextureFactory (0 0 ../../../../Art/Park_SFAS/Textures/Rocks/SM_rocks_low_initialShadingGroup_OcclusionRoughnessMetallic.tga)
[2020.01.22-19.56.39:817][422]LogTexture: Display: Building textures: SM_rocks_low_initialShadingGroup_OcclusionRoughnessMetallic (AutoDXT, 2048X2048)
[2020.01.22-19.57.09:517][137]LogUObjectHash: Compacting FUObjectHashTables data took   7.77ms
[2020.01.22-19.57.09:518][137]LogFileHelpers: Editor autosave (incl. sublevels) for '/Game/Diorama' took 0.047
[2020.01.22-19.57.09:519][137]OBJ SavePackage: Generating thumbnails for [1] asset(s) in package [/Game/Textures/SM_rocks_low_initialShadingGroup_BaseColor] ([1] browsable assets)...
[2020.01.22-19.57.09:524][137]OBJ SavePackage:     Rendered thumbnail for [Texture2D /Game/Textures/SM_rocks_low_initialShadingGroup_BaseColor.SM_rocks_low_initialShadingGroup_BaseColor]
[2020.01.22-19.57.09:524][137]OBJ SavePackage: Finished generating thumbnails for package [/Game/Textures/SM_rocks_low_initialShadingGroup_BaseColor]
[2020.01.22-19.57.09:545][137]LogSavePackage: Moving '../../../../Art/Park_SFAS/Park/Saved/SM_rocks_low_initialShadingGroupD7C41A2D407A958103AA08B2779484F2.tmp' to '../../../../Art/Park_SFAS/Park/Saved/Autosaves/Game/Textures/SM_rocks_low_initialShadingGroup_BaseColor_Auto2.uasset'
[2020.01.22-19.57.09:545][137]OBJ SavePackage: Generating thumbnails for [1] asset(s) in package [/Game/Textures/SM_rocks_low_initialShadingGroup_Normal] ([1] browsable assets)...
[2020.01.22-19.57.09:551][137]OBJ SavePackage:     Rendered thumbnail for [Texture2D /Game/Textures/SM_rocks_low_initialShadingGroup_Normal.SM_rocks_low_initialShadingGroup_Normal]
[2020.01.22-19.57.09:551][137]OBJ SavePackage: Finished generating thumbnails for package [/Game/Textures/SM_rocks_low_initialShadingGroup_Normal]
[2020.01.22-19.57.09:581][137]LogSavePackage: Moving '../../../../Art/Park_SFAS/Park/Saved/SM_rocks_low_initialShadingGroupBCF5DC514680B50EC9811A97B605F83C.tmp' to '../../../../Art/Park_SFAS/Park/Saved/Autosaves/Game/Textures/SM_rocks_low_initialShadingGroup_Normal_Auto2.uasset'
[2020.01.22-19.57.09:582][137]OBJ SavePackage: Generating thumbnails for [1] asset(s) in package [/Game/Textures/SM_rocks_low_initialShadingGroup_OcclusionRoughnessMetallic] ([1] browsable assets)...
[2020.01.22-19.57.09:587][137]OBJ SavePackage:     Rendered thumbnail for [Texture2D /Game/Textures/SM_rocks_low_initialShadingGroup_OcclusionRoughnessMetallic.SM_rocks_low_initialShadingGroup_OcclusionRoughnessMetallic]
[2020.01.22-19.57.09:587][137]OBJ SavePackage: Finished generating thumbnails for package [/Game/Textures/SM_rocks_low_initialShadingGroup_OcclusionRoughnessMetallic]
[2020.01.22-19.57.09:605][137]LogSavePackage: Moving '../../../../Art/Park_SFAS/Park/Saved/SM_rocks_low_initialShadingGroup950AEED345B07995B91AD3A937AAA852.tmp' to '../../../../Art/Park_SFAS/Park/Saved/Autosaves/Game/Textures/SM_rocks_low_initialShadingGroup_OcclusionRoughnessMetallic_Auto2.uasset'
[2020.01.22-19.57.09:606][137]LogFileHelpers: Auto-saving content packages took 0.087
[2020.01.22-19.58.50:921][766]LogEditorFactories: Performing atomic reimport of [D:/Art/Park_SFAS/Models/Rocks/SM_Rock1_low.OBJ]
[2020.01.22-19.58.50:941][766]LogFbx: Loading FBX Scene from D:/Art/Park_SFAS/Models/Rocks/SM_Rock1_low.OBJ
[2020.01.22-19.58.50:964][766]LogFbx: FBX Scene Loaded Succesfully
[2020.01.22-19.58.50:973][766]LogFbx: Display: Triangulating static mesh polySurface101_SM_rocks_low1:Group6
[2020.01.22-19.58.51:107][766]LogStaticMesh: Building static mesh SM_Rock1_low...
[2020.01.22-19.58.51:136][766]LogStaticMesh: Built static mesh [0.03s] /Game/Meshes/SM_Rock1_low.SM_Rock1_low
[2020.01.22-19.58.51:159][766]LogEditorFactories: -- imported successfully
[2020.01.22-19.58.52:648][910]LogEditorFactories: Performing atomic reimport of [D:/Art/Park_SFAS/Models/Rocks/SM_Rock2_low.OBJ]
[2020.01.22-19.58.52:667][910]LogFbx: Loading FBX Scene from D:/Art/Park_SFAS/Models/Rocks/SM_Rock2_low.OBJ
[2020.01.22-19.58.52:679][910]LogFbx: FBX Scene Loaded Succesfully
[2020.01.22-19.58.52:686][910]LogFbx: Display: Triangulating static mesh polySurface99_SM_rocks_low1:Group6
[2020.01.22-19.58.52:759][910]LogStaticMesh: Building static mesh SM_Rock2_low...
[2020.01.22-19.58.52:774][910]LogStaticMesh: Built static mesh [0.02s] /Game/Meshes/SM_Rock2_low.SM_Rock2_low
[2020.01.22-19.58.56:318][910]LogSlate: Window 'Reimport Material Conflicts Resolution' being destroyed
[2020.01.22-19.58.56:323][910]LogEditorFactories: -- imported successfully
[2020.01.22-19.59.01:812][435]LogEditorViewport: Clicking on Actor (LMB): StaticMeshActor (SM_Rock1_low2)
[2020.01.22-19.59.02:994][566]LogSlate: FSceneViewport::OnFocusLost() reason 0
[2020.01.22-19.59.07:914][146]Cmd: DELETE
[2020.01.22-19.59.07:914][146]Cmd: ACTOR DELETE
[2020.01.22-19.59.07:920][146]LogEditorActor: Deleted Actor: StaticMeshActor
[2020.01.22-19.59.07:921][146]LogEditorActor: Deleted Actor: StaticMeshActor
[2020.01.22-19.59.07:921][146]LogEditorActor: Deleted Actor: StaticMeshActor
[2020.01.22-19.59.07:921][146]LogEditorActor: Deleted Actor: StaticMeshActor
[2020.01.22-19.59.07:921][146]LogEditorActor: Deleted Actor: StaticMeshActor
[2020.01.22-19.59.07:922][146]LogEditorActor: Deleted Actor: StaticMeshActor
[2020.01.22-19.59.07:922][146]LogEditorActor: Deleted Actor: StaticMeshActor
[2020.01.22-19.59.07:922][146]LogEditorActor: Deleted Actor: StaticMeshActor
[2020.01.22-19.59.07:922][146]LogEditorActor: Deleted Actor: StaticMeshActor
[2020.01.22-19.59.07:922][146]LogEditorActor: Deleted Actor: StaticMeshActor
[2020.01.22-19.59.07:922][146]LogEditorActor: Deleted Actor: StaticMeshActor
[2020.01.22-19.59.07:923][146]LogEditorActor: Deleted Actor: StaticMeshActor
[2020.01.22-19.59.07:923][146]LogEditorActor: Deleted Actor: StaticMeshActor
[2020.01.22-19.59.07:923][146]LogEditorActor: Deleted Actor: StaticMeshActor
[2020.01.22-19.59.07:923][146]LogEditorActor: Deleted Actor: StaticMeshActor
[2020.01.22-19.59.07:923][146]LogEditorActor: Deleted Actor: StaticMeshActor
[2020.01.22-19.59.07:923][146]LogEditorActor: Deleted Actor: StaticMeshActor
[2020.01.22-19.59.07:924][146]LogEditorActor: Deleted Actor: StaticMeshActor
[2020.01.22-19.59.07:959][146]LogUObjectHash: Compacting FUObjectHashTables data took   1.16ms
[2020.01.22-19.59.07:960][146]LogEditorActor: Deleted 18 Actors (0.046 secs)
[2020.01.22-19.59.09:557][326]LogEditorViewport: Clicking on Actor (LMB): StaticMeshActor (SM_Pavilion)
[2020.01.22-19.59.09:671][333]Cmd: CAMERA ALIGN ACTIVEVIEWPORTONLY
[2020.01.22-20.00.08:547][249]LogSlate: FSceneViewport::OnFocusLost() reason 0
[2020.01.22-20.01.43:477][259]LogFactory: FactoryCreateFile: StaticMesh with FbxFactory (0 0 ../../../../Art/Park_SFAS/Models/Rocks/SM_Rock3_low.OBJ)
[2020.01.22-20.01.43:485][259]LogFbx: Loading FBX Scene from ../../../../Art/Park_SFAS/Models/Rocks/SM_Rock3_low.OBJ
[2020.01.22-20.01.43:500][259]LogFbx: FBX Scene Loaded Succesfully
[2020.01.22-20.01.46:821][259]LogSlate: Window 'FBX Import Options' being destroyed
[2020.01.22-20.01.46:842][259]LogFbx: Display: Triangulating static mesh polySurface100_SM_rocks_low1:Group6
[2020.01.22-20.01.46:926][259]LogStaticMesh: Building static mesh SM_Rock3_low...
[2020.01.22-20.01.46:942][259]LogStaticMesh: Built static mesh [0.02s] /Game/Meshes/SM_Rock3_low.SM_Rock3_low
[2020.01.22-20.01.46:964][259]LogFactory: FactoryCreateFile: StaticMesh with FbxFactory (0 0 ../../../../Art/Park_SFAS/Models/Rocks/SM_Rock4_low.OBJ)
[2020.01.22-20.01.46:976][259]LogFbx: Loading FBX Scene from ../../../../Art/Park_SFAS/Models/Rocks/SM_Rock4_low.OBJ
[2020.01.22-20.01.46:986][259]LogFbx: FBX Scene Loaded Succesfully
[2020.01.22-20.01.48:304][259]LogSlate: Window 'FBX Import Options' being destroyed
[2020.01.22-20.01.48:324][259]LogFbx: Display: Triangulating static mesh polySurface102_SM_rocks_low1:Group6
[2020.01.22-20.01.48:384][259]LogStaticMesh: Building static mesh SM_Rock4_low...
[2020.01.22-20.01.48:395][259]LogStaticMesh: Built static mesh [0.01s] /Game/Meshes/SM_Rock4_low.SM_Rock4_low
[2020.01.22-20.01.48:412][259]LogFactory: FactoryCreateFile: StaticMesh with FbxFactory (0 0 ../../../../Art/Park_SFAS/Models/Rocks/SM_Rock5_low.OBJ)
[2020.01.22-20.01.48:419][259]LogFbx: Loading FBX Scene from ../../../../Art/Park_SFAS/Models/Rocks/SM_Rock5_low.OBJ
[2020.01.22-20.01.48:437][259]LogFbx: FBX Scene Loaded Succesfully
[2020.01.22-20.01.48:440][259]LogFbx: Display: Triangulating static mesh polySurface104_SM_rocks_low1:Group6
[2020.01.22-20.01.48:540][259]LogStaticMesh: Building static mesh SM_Rock5_low...
[2020.01.22-20.01.48:562][259]LogStaticMesh: Built static mesh [0.02s] /Game/Meshes/SM_Rock5_low.SM_Rock5_low
[2020.01.22-20.01.48:586][259]LogFactory: FactoryCreateFile: StaticMesh with FbxFactory (0 0 ../../../../Art/Park_SFAS/Models/Rocks/SM_Rock6_low.OBJ)
[2020.01.22-20.01.48:595][259]LogFbx: Loading FBX Scene from ../../../../Art/Park_SFAS/Models/Rocks/SM_Rock6_low.OBJ
[2020.01.22-20.01.48:610][259]LogFbx: FBX Scene Loaded Succesfully
[2020.01.22-20.01.48:612][259]LogFbx: Display: Triangulating static mesh polySurface103_SM_rocks_low1:Group6
[2020.01.22-20.01.48:691][259]LogStaticMesh: Building static mesh SM_Rock6_low...
[2020.01.22-20.01.48:710][259]LogStaticMesh: Built static mesh [0.02s] /Game/Meshes/SM_Rock6_low.SM_Rock6_low
[2020.01.22-20.02.04:374][ 86]LogMaterial: Display: Missing cached shader map for material m_Tree1, compiling. 
[2020.01.22-20.02.04:409][ 87]LogShaderCompilers: Display: Worker (1/13): shaders left to compile 31
[2020.01.22-20.02.04:409][ 87]LogShaderCompilers: Display: Worker (2/13): shaders left to compile 28
[2020.01.22-20.02.04:409][ 87]LogShaderCompilers: Display: Worker (3/13): shaders left to compile 25
[2020.01.22-20.02.04:409][ 87]LogShaderCompilers: Display: Worker (4/13): shaders left to compile 22
[2020.01.22-20.02.04:409][ 87]LogShaderCompilers: Display: Worker (5/13): shaders left to compile 19
[2020.01.22-20.02.04:409][ 87]LogShaderCompilers: Display: Worker (6/13): shaders left to compile 16
[2020.01.22-20.02.04:409][ 87]LogShaderCompilers: Display: Worker (7/13): shaders left to compile 13
[2020.01.22-20.02.04:409][ 87]LogShaderCompilers: Display: Worker (8/13): shaders left to compile 10
[2020.01.22-20.02.04:409][ 87]LogShaderCompilers: Display: Worker (9/13): shaders left to compile 7
[2020.01.22-20.02.04:409][ 87]LogShaderCompilers: Display: Worker (10/13): shaders left to compile 4
[2020.01.22-20.02.04:409][ 87]LogShaderCompilers: Display: Worker (11/13): shaders left to compile 1
[2020.01.22-20.02.04:725][106]LogUObjectHash: Compacting FUObjectHashTables data took   2.66ms
[2020.01.22-20.02.05:937][106]LogSlate: Window 'Delete Assets' being destroyed
[2020.01.22-20.02.06:025][106]LogUObjectHash: Compacting FUObjectHashTables data took   1.55ms
[2020.01.22-20.02.06:586][167]LogAssetEditorManager: Opening Asset editor for Material /Game/Materials/m_Rocks.m_Rocks
[2020.01.22-20.02.06:591][167]LogMaterial: Display: Missing cached shader map for material m_Rocks, compiling. 
[2020.01.22-20.02.06:687][167]LogMaterial: Display: Missing cached shader map for material m_Rocks, compiling. 
[2020.01.22-20.02.06:707][167]LogMaterial: Display: Missing cached shader map for material m_Rocks, compiling. 
[2020.01.22-20.02.06:735][167]LogMaterial: Display: Missing cached shader map for material FMatExpressionPreview MaterialExpressionVectorParameter_0, compiling. 
[2020.01.22-20.02.06:741][167]LogShaderCompilers: Display: Worker (1/13): shaders left to compile 30
[2020.01.22-20.02.06:741][167]LogShaderCompilers: Display: Worker (2/13): shaders left to compile 29
[2020.01.22-20.02.06:741][167]LogShaderCompilers: Display: Worker (3/13): shaders left to compile 28
[2020.01.22-20.02.06:741][167]LogShaderCompilers: Display: Worker (4/13): shaders left to compile 27
[2020.01.22-20.02.06:741][167]LogShaderCompilers: Display: Worker (5/13): shaders left to compile 26
[2020.01.22-20.02.06:741][167]LogShaderCompilers: Display: Worker (6/13): shaders left to compile 25
[2020.01.22-20.02.06:741][167]LogShaderCompilers: Display: Worker (7/13): shaders left to compile 24
[2020.01.22-20.02.06:741][167]LogShaderCompilers: Display: Worker (8/13): shaders left to compile 23
[2020.01.22-20.02.06:741][167]LogShaderCompilers: Display: Worker (9/13): shaders left to compile 22
[2020.01.22-20.02.06:741][167]LogShaderCompilers: Display: Worker (10/13): shaders left to compile 21
[2020.01.22-20.02.06:741][167]LogShaderCompilers: Display: Worker (11/13): shaders left to compile 20
[2020.01.22-20.02.06:741][167]LogShaderCompilers: Display: Worker (12/13): shaders left to compile 19
[2020.01.22-20.02.06:928][167]LogShaderCompilers: Display: Worker (8/13): shaders left to compile 22
[2020.01.22-20.02.06:988][167]LogShaderCompilers: Display: Worker (1/13): shaders left to compile 21
[2020.01.22-20.02.07:060][168]LogShaderCompilers: Display: Worker (3/13): shaders left to compile 20
[2020.01.22-20.02.07:060][168]LogShaderCompilers: Display: Worker (2/13): shaders left to compile 19
[2020.01.22-20.02.07:060][168]LogShaderCompilers: Display: Worker (4/13): shaders left to compile 18
[2020.01.22-20.02.07:060][168]LogShaderCompilers: Display: Worker (5/13): shaders left to compile 17
[2020.01.22-20.02.07:122][169]LogShaderCompilers: Display: Worker (6/13): shaders left to compile 16
[2020.01.22-20.02.07:122][169]LogShaderCompilers: Display: Worker (7/13): shaders left to compile 15
[2020.01.22-20.02.07:122][169]LogShaderCompilers: Display: Worker (9/13): shaders left to compile 14
[2020.01.22-20.02.07:393][172]LogShaderCompilers: Display: Worker (12/13): shaders left to compile 13
[2020.01.22-20.02.07:469][176]LogShaderCompilers: Display: Worker (10/13): shaders left to compile 12
[2020.01.22-20.02.07:507][178]LogShaderCompilers: Display: Worker (9/13): shaders left to compile 11
[2020.01.22-20.02.07:531][179]LogShaderCompilers: Display: Worker (3/13): shaders left to compile 10
[2020.01.22-20.02.07:531][179]LogShaderCompilers: Display: Worker (5/13): shaders left to compile 9
[2020.01.22-20.02.07:561][180]LogShaderCompilers: Display: Worker (8/13): shaders left to compile 8
[2020.01.22-20.02.07:596][182]LogShaderCompilers: Display: Worker (11/13): shaders left to compile 7
[2020.01.22-20.02.07:706][188]LogShaderCompilers: Display: Worker (1/13): shaders left to compile 6
[2020.01.22-20.02.07:706][188]LogShaderCompilers: Display: Worker (4/13): shaders left to compile 5
[2020.01.22-20.02.07:725][189]LogShaderCompilers: Display: Worker (6/13): shaders left to compile 4
[2020.01.22-20.02.07:747][190]LogShaderCompilers: Display: Worker (2/13): shaders left to compile 3
[2020.01.22-20.02.07:776][191]LogShaderCompilers: Display: Worker (7/13): shaders left to compile 2
[2020.01.22-20.02.07:864][194]LogShaderCompilers: Display: Worker (9/13): shaders left to compile 1
[2020.01.22-20.02.08:322][223]MaterialEditorStats: Base pass shader: 119 instructions
[2020.01.22-20.02.08:322][223]MaterialEditorStats: Base pass shader with Surface Lightmap: 146 instructions
[2020.01.22-20.02.08:322][223]MaterialEditorStats: Base pass shader with Volumetric Lightmap: 193 instructions
[2020.01.22-20.02.08:322][223]MaterialEditorStats: Base pass vertex shader: 40 instructions
[2020.01.22-20.02.08:322][223]MaterialEditorStats: Texture samplers: 3/16
[2020.01.22-20.02.08:988][290]LogMaterial: Display: Missing cached shader map for material m_Rocks, compiling. 
[2020.01.22-20.02.09:030][291]LogShaderCompilers: Display: Worker (1/13): shaders left to compile 30
[2020.01.22-20.02.09:030][291]LogShaderCompilers: Display: Worker (2/13): shaders left to compile 29
[2020.01.22-20.02.09:030][291]LogShaderCompilers: Display: Worker (3/13): shaders left to compile 28
[2020.01.22-20.02.09:030][291]LogShaderCompilers: Display: Worker (4/13): shaders left to compile 27
[2020.01.22-20.02.09:030][291]LogShaderCompilers: Display: Worker (5/13): shaders left to compile 26
[2020.01.22-20.02.09:030][291]LogShaderCompilers: Display: Worker (6/13): shaders left to compile 25
[2020.01.22-20.02.09:030][291]LogShaderCompilers: Display: Worker (7/13): shaders left to compile 24
[2020.01.22-20.02.09:030][291]LogShaderCompilers: Display: Worker (8/13): shaders left to compile 23
[2020.01.22-20.02.09:030][291]LogShaderCompilers: Display: Worker (9/13): shaders left to compile 22
[2020.01.22-20.02.09:030][291]LogShaderCompilers: Display: Worker (10/13): shaders left to compile 21
[2020.01.22-20.02.09:030][291]LogShaderCompilers: Display: Worker (11/13): shaders left to compile 20
[2020.01.22-20.02.09:030][291]LogShaderCompilers: Display: Worker (12/13): shaders left to compile 19
[2020.01.22-20.02.09:276][304]LogShaderCompilers: Display: Worker (8/13): shaders left to compile 18
[2020.01.22-20.02.09:297][305]LogShaderCompilers: Display: Worker (2/13): shaders left to compile 17
[2020.01.22-20.02.09:316][306]LogShaderCompilers: Display: Worker (4/13): shaders left to compile 16
[2020.01.22-20.02.09:333][307]LogShaderCompilers: Display: Worker (1/13): shaders left to compile 15
[2020.01.22-20.02.09:333][307]LogShaderCompilers: Display: Worker (5/13): shaders left to compile 14
[2020.01.22-20.02.09:365][309]LogShaderCompilers: Display: Worker (3/13): shaders left to compile 13
[2020.01.22-20.02.09:365][309]LogShaderCompilers: Display: Worker (6/13): shaders left to compile 12
[2020.01.22-20.02.09:380][310]LogShaderCompilers: Display: Worker (7/13): shaders left to compile 11
[2020.01.22-20.02.09:380][310]LogShaderCompilers: Display: Worker (9/13): shaders left to compile 10
[2020.01.22-20.02.09:497][317]LogShaderCompilers: Display: Worker (12/13): shaders left to compile 9
[2020.01.22-20.02.09:680][326]LogShaderCompilers: Display: Worker (10/13): shaders left to compile 8
[2020.01.22-20.02.09:761][329]LogShaderCompilers: Display: Worker (4/13): shaders left to compile 7
[2020.01.22-20.02.09:834][333]LogShaderCompilers: Display: Worker (3/13): shaders left to compile 6
[2020.01.22-20.02.09:834][333]LogShaderCompilers: Display: Worker (11/13): shaders left to compile 5
[2020.01.22-20.02.09:853][334]LogShaderCompilers: Display: Worker (9/13): shaders left to compile 4
[2020.01.22-20.02.09:972][340]LogShaderCompilers: Display: Worker (8/13): shaders left to compile 3
[2020.01.22-20.02.09:972][340]LogShaderCompilers: Display: Worker (5/13): shaders left to compile 2
[2020.01.22-20.02.09:972][340]LogShaderCompilers: Display: Worker (1/13): shaders left to compile 1
[2020.01.22-20.02.10:419][360]MaterialEditorStats: Base pass shader: 117 instructions
[2020.01.22-20.02.10:419][360]MaterialEditorStats: Base pass shader with Surface Lightmap: 144 instructions
[2020.01.22-20.02.10:419][360]MaterialEditorStats: Base pass shader with Volumetric Lightmap: 191 instructions
[2020.01.22-20.02.10:419][360]MaterialEditorStats: Base pass vertex shader: 40 instructions
[2020.01.22-20.02.10:419][360]MaterialEditorStats: Texture samplers: 3/16
[2020.01.22-20.02.15:693][827]LogMaterial: Display: Missing cached shader map for material m_Rocks, compiling. 
[2020.01.22-20.02.15:712][827]LogMaterial: Display: Missing cached shader map for material FMatExpressionPreview MaterialExpressionTextureSample_0, compiling. 
[2020.01.22-20.02.15:722][827]LogShaderCompilers: Display: Worker (1/13): shaders left to compile 30
[2020.01.22-20.02.15:722][827]LogShaderCompilers: Display: Worker (2/13): shaders left to compile 29
[2020.01.22-20.02.15:722][827]LogShaderCompilers: Display: Worker (3/13): shaders left to compile 28
[2020.01.22-20.02.15:722][827]LogShaderCompilers: Display: Worker (4/13): shaders left to compile 27
[2020.01.22-20.02.15:722][827]LogShaderCompilers: Display: Worker (5/13): shaders left to compile 26
[2020.01.22-20.02.15:722][827]LogShaderCompilers: Display: Worker (6/13): shaders left to compile 25
[2020.01.22-20.02.15:722][827]LogShaderCompilers: Display: Worker (7/13): shaders left to compile 24
[2020.01.22-20.02.15:722][827]LogShaderCompilers: Display: Worker (8/13): shaders left to compile 23
[2020.01.22-20.02.15:723][827]LogShaderCompilers: Display: Worker (9/13): shaders left to compile 22
[2020.01.22-20.02.15:723][827]LogShaderCompilers: Display: Worker (10/13): shaders left to compile 21
[2020.01.22-20.02.15:723][827]LogShaderCompilers: Display: Worker (11/13): shaders left to compile 20
[2020.01.22-20.02.15:723][827]LogShaderCompilers: Display: Worker (12/13): shaders left to compile 19
[2020.01.22-20.02.15:727][827]LogMaterial: Display: Missing cached shader map for material FMatExpressionPreview MaterialExpressionTextureSample_0, compiling. 
[2020.01.22-20.02.15:743][827]LogMaterial: Display: Missing cached shader map for material m_Rocks, compiling. 
[2020.01.22-20.02.15:766][827]LogMaterial: Display: Missing cached shader map for material FMatExpressionPreview MaterialExpressionTextureSample_1, compiling. 
[2020.01.22-20.02.15:780][827]LogMaterial: Display: Missing cached shader map for material FMatExpressionPreview MaterialExpressionTextureSample_0, compiling. 
[2020.01.22-20.02.15:792][827]LogMaterial: Display: Missing cached shader map for material FMatExpressionPreview MaterialExpressionTextureSample_1, compiling. 
[2020.01.22-20.02.15:812][827]LogMaterial: Display: Missing cached shader map for material m_Rocks, compiling. 
[2020.01.22-20.02.15:839][827]LogMaterial: Display: Missing cached shader map for material FMatExpressionPreview MaterialExpressionTextureSample_2, compiling. 
[2020.01.22-20.02.15:855][827]LogMaterial: Display: Missing cached shader map for material FMatExpressionPreview MaterialExpressionTextureSample_0, compiling. 
[2020.01.22-20.02.15:865][827]LogMaterial: Display: Missing cached shader map for material FMatExpressionPreview MaterialExpressionTextureSample_1, compiling. 
[2020.01.22-20.02.15:876][827]LogMaterial: Display: Missing cached shader map for material FMatExpressionPreview MaterialExpressionTextureSample_2, compiling. 
[2020.01.22-20.02.15:889][827]LogShaderCompilers: Display: Worker (8/13): shaders left to compile 38
[2020.01.22-20.02.15:968][829]LogShaderCompilers: Display: Worker (2/13): shaders left to compile 41
[2020.01.22-20.02.15:986][830]LogShaderCompilers: Display: Worker (1/13): shaders left to compile 40
[2020.01.22-20.02.15:986][830]LogShaderCompilers: Display: Worker (3/13): shaders left to compile 39
[2020.01.22-20.02.16:011][831]LogShaderCompilers: Display: Worker (4/13): shaders left to compile 38
[2020.01.22-20.02.16:031][832]LogShaderCompilers: Display: Worker (5/13): shaders left to compile 37
[2020.01.22-20.02.16:031][832]LogShaderCompilers: Display: Worker (9/13): shaders left to compile 36
[2020.01.22-20.02.16:049][833]LogShaderCompilers: Display: Worker (6/13): shaders left to compile 35
[2020.01.22-20.02.16:049][833]LogShaderCompilers: Display: Worker (7/13): shaders left to compile 34
[2020.01.22-20.02.16:180][839]LogShaderCompilers: Display: Worker (8/13): shaders left to compile 33
[2020.01.22-20.02.16:199][840]LogShaderCompilers: Display: Worker (6/13): shaders left to compile 32
[2020.01.22-20.02.16:219][841]LogShaderCompilers: Display: Worker (12/13): shaders left to compile 31
[2020.01.22-20.02.16:259][843]LogShaderCompilers: Display: Worker (1/13): shaders left to compile 30
[2020.01.22-20.02.16:259][843]LogShaderCompilers: Display: Worker (2/13): shaders left to compile 29
[2020.01.22-20.02.16:283][844]LogShaderCompilers: Display: Worker (3/13): shaders left to compile 28
[2020.01.22-20.02.16:306][845]LogShaderCompilers: Display: Worker (4/13): shaders left to compile 27
[2020.01.22-20.02.16:329][846]LogShaderCompilers: Display: Worker (7/13): shaders left to compile 26
[2020.01.22-20.02.16:329][846]LogShaderCompilers: Display: Worker (5/13): shaders left to compile 25
[2020.01.22-20.02.16:354][847]LogShaderCompilers: Display: Worker (9/13): shaders left to compile 24
[2020.01.22-20.02.16:421][850]LogShaderCompilers: Display: Worker (10/13): shaders left to compile 23
[2020.01.22-20.02.16:446][851]LogShaderCompilers: Display: Worker (11/13): shaders left to compile 22
[2020.01.22-20.02.16:661][859]LogShaderCompilers: Display: Worker (12/13): shaders left to compile 21
[2020.01.22-20.02.16:705][861]LogShaderCompilers: Display: Worker (3/13): shaders left to compile 20
[2020.01.22-20.02.16:789][864]LogShaderCompilers: Display: Worker (5/13): shaders left to compile 19
[2020.01.22-20.02.16:808][865]LogShaderCompilers: Display: Worker (11/13): shaders left to compile 18
[2020.01.22-20.02.16:857][868]LogShaderCompilers: Display: Worker (8/13): shaders left to compile 17
[2020.01.22-20.02.16:892][869]LogShaderCompilers: Display: Worker (1/13): shaders left to compile 16
[2020.01.22-20.02.16:908][870]LogShaderCompilers: Display: Worker (6/13): shaders left to compile 15
[2020.01.22-20.02.16:925][871]LogShaderCompilers: Display: Worker (4/13): shaders left to compile 14
[2020.01.22-20.02.16:925][871]LogShaderCompilers: Display: Worker (2/13): shaders left to compile 13
[2020.01.22-20.02.16:942][872]LogShaderCompilers: Display: Worker (7/13): shaders left to compile 12
[2020.01.22-20.02.16:962][873]LogShaderCompilers: Display: Worker (9/13): shaders left to compile 11
[2020.01.22-20.02.17:055][877]LogShaderCompilers: Display: Worker (10/13): shaders left to compile 10
[2020.01.22-20.02.17:132][880]LogShaderCompilers: Display: Worker (5/13): shaders left to compile 9
[2020.01.22-20.02.17:218][883]LogShaderCompilers: Display: Worker (12/13): shaders left to compile 8
[2020.01.22-20.02.17:265][885]LogShaderCompilers: Display: Worker (1/13): shaders left to compile 7
[2020.01.22-20.02.17:308][887]LogShaderCompilers: Display: Worker (2/13): shaders left to compile 6
[2020.01.22-20.02.17:328][888]LogShaderCompilers: Display: Worker (3/13): shaders left to compile 5
[2020.01.22-20.02.17:419][892]LogShaderCompilers: Display: Worker (7/13): shaders left to compile 4
[2020.01.22-20.02.17:442][893]LogShaderCompilers: Display: Worker (11/13): shaders left to compile 3
[2020.01.22-20.02.17:442][893]LogShaderCompilers: Display: Worker (6/13): shaders left to compile 2
[2020.01.22-20.02.17:442][893]LogShaderCompilers: Display: Worker (9/13): shaders left to compile 1
[2020.01.22-20.02.17:537][897]MaterialEditorStats: Base pass shader: 117 instructions
[2020.01.22-20.02.17:537][897]MaterialEditorStats: Base pass shader with Surface Lightmap: 144 instructions
[2020.01.22-20.02.17:537][897]MaterialEditorStats: Base pass shader with Volumetric Lightmap: 191 instructions
[2020.01.22-20.02.17:537][897]MaterialEditorStats: Base pass vertex shader: 40 instructions
[2020.01.22-20.02.17:537][897]MaterialEditorStats: Texture samplers: 3/16
[2020.01.22-20.02.26:023][685]LogMaterial: Display: Missing cached shader map for material m_Rocks, compiling. 
[2020.01.22-20.02.26:042][685]LogShaderCompilers: Display: Worker (1/13): shaders left to compile 30
[2020.01.22-20.02.26:042][685]LogShaderCompilers: Display: Worker (2/13): shaders left to compile 29
[2020.01.22-20.02.26:042][685]LogShaderCompilers: Display: Worker (3/13): shaders left to compile 28
[2020.01.22-20.02.26:042][685]LogShaderCompilers: Display: Worker (4/13): shaders left to compile 27
[2020.01.22-20.02.26:042][685]LogShaderCompilers: Display: Worker (5/13): shaders left to compile 26
[2020.01.22-20.02.26:042][685]LogShaderCompilers: Display: Worker (6/13): shaders left to compile 25
[2020.01.22-20.02.26:042][685]LogShaderCompilers: Display: Worker (7/13): shaders left to compile 24
[2020.01.22-20.02.26:042][685]LogShaderCompilers: Display: Worker (8/13): shaders left to compile 23
[2020.01.22-20.02.26:042][685]LogShaderCompilers: Display: Worker (9/13): shaders left to compile 22
[2020.01.22-20.02.26:043][685]LogShaderCompilers: Display: Worker (10/13): shaders left to compile 21
[2020.01.22-20.02.26:043][685]LogShaderCompilers: Display: Worker (11/13): shaders left to compile 20
[2020.01.22-20.02.26:043][685]LogShaderCompilers: Display: Worker (12/13): shaders left to compile 19
[2020.01.22-20.02.26:046][685]LogMaterial: Display: Missing cached shader map for material FMatExpressionPreview MaterialExpressionTextureSample_0, compiling. 
[2020.01.22-20.02.26:242][692]LogShaderCompilers: Display: Worker (8/13): shaders left to compile 22
[2020.01.22-20.02.26:323][696]LogShaderCompilers: Display: Worker (1/13): shaders left to compile 21
[2020.01.22-20.02.26:346][697]LogShaderCompilers: Display: Worker (2/13): shaders left to compile 20
[2020.01.22-20.02.26:346][697]LogShaderCompilers: Display: Worker (3/13): shaders left to compile 19
[2020.01.22-20.02.26:365][698]LogShaderCompilers: Display: Worker (4/13): shaders left to compile 18
[2020.01.22-20.02.26:366][698]LogShaderCompilers: Display: Worker (5/13): shaders left to compile 17
[2020.01.22-20.02.26:366][698]LogShaderCompilers: Display: Worker (6/13): shaders left to compile 16
[2020.01.22-20.02.26:399][700]LogShaderCompilers: Display: Worker (7/13): shaders left to compile 15
[2020.01.22-20.02.26:399][700]LogShaderCompilers: Display: Worker (9/13): shaders left to compile 14
[2020.01.22-20.02.26:554][707]LogShaderCompilers: Display: Worker (12/13): shaders left to compile 13
[2020.01.22-20.02.26:743][715]LogShaderCompilers: Display: Worker (10/13): shaders left to compile 12
[2020.01.22-20.02.26:782][716]LogShaderCompilers: Display: Worker (2/13): shaders left to compile 11
[2020.01.22-20.02.26:783][716]LogShaderCompilers: Display: Worker (11/13): shaders left to compile 10
[2020.01.22-20.02.26:800][717]LogShaderCompilers: Display: Worker (9/13): shaders left to compile 9
[2020.01.22-20.02.26:819][718]LogShaderCompilers: Display: Worker (5/13): shaders left to compile 8
[2020.01.22-20.02.26:871][721]LogShaderCompilers: Display: Worker (8/13): shaders left to compile 7
[2020.01.22-20.02.26:956][726]LogShaderCompilers: Display: Worker (3/13): shaders left to compile 6
[2020.01.22-20.02.26:979][727]LogShaderCompilers: Display: Worker (4/13): shaders left to compile 5
[2020.01.22-20.02.26:999][728]LogShaderCompilers: Display: Worker (1/13): shaders left to compile 4
[2020.01.22-20.02.27:017][729]LogShaderCompilers: Display: Worker (6/13): shaders left to compile 3
[2020.01.22-20.02.27:035][730]LogShaderCompilers: Display: Worker (7/13): shaders left to compile 2
[2020.01.22-20.02.27:113][734]LogShaderCompilers: Display: Worker (12/13): shaders left to compile 1
[2020.01.22-20.02.29:895][  3]LogMaterial: Display: Missing cached shader map for material m_Rocks, compiling. 
[2020.01.22-20.02.29:914][  3]LogShaderCompilers: Display: Worker (1/13): shaders left to compile 30
[2020.01.22-20.02.29:914][  3]LogShaderCompilers: Display: Worker (2/13): shaders left to compile 29
[2020.01.22-20.02.29:914][  3]LogShaderCompilers: Display: Worker (3/13): shaders left to compile 28
[2020.01.22-20.02.29:914][  3]LogShaderCompilers: Display: Worker (4/13): shaders left to compile 27
[2020.01.22-20.02.29:914][  3]LogShaderCompilers: Display: Worker (5/13): shaders left to compile 26
[2020.01.22-20.02.29:914][  3]LogShaderCompilers: Display: Worker (6/13): shaders left to compile 25
[2020.01.22-20.02.29:914][  3]LogShaderCompilers: Display: Worker (7/13): shaders left to compile 24
[2020.01.22-20.02.29:914][  3]LogShaderCompilers: Display: Worker (8/13): shaders left to compile 23
[2020.01.22-20.02.29:914][  3]LogShaderCompilers: Display: Worker (9/13): shaders left to compile 22
[2020.01.22-20.02.29:914][  3]LogShaderCompilers: Display: Worker (10/13): shaders left to compile 21
[2020.01.22-20.02.29:915][  3]LogShaderCompilers: Display: Worker (11/13): shaders left to compile 20
[2020.01.22-20.02.29:915][  3]LogShaderCompilers: Display: Worker (12/13): shaders left to compile 19
[2020.01.22-20.02.29:917][  3]LogMaterial: Display: Missing cached shader map for material FMatExpressionPreview MaterialExpressionTextureSample_1, compiling. 
[2020.01.22-20.02.30:127][ 14]LogShaderCompilers: Display: Worker (8/13): shaders left to compile 22
[2020.01.22-20.02.30:179][ 16]LogShaderCompilers: Display: Worker (1/13): shaders left to compile 21
[2020.01.22-20.02.30:200][ 17]LogShaderCompilers: Display: Worker (2/13): shaders left to compile 20
[2020.01.22-20.02.30:200][ 17]LogShaderCompilers: Display: Worker (3/13): shaders left to compile 19
[2020.01.22-20.02.30:238][ 19]LogShaderCompilers: Display: Worker (4/13): shaders left to compile 18
[2020.01.22-20.02.30:238][ 19]LogShaderCompilers: Display: Worker (5/13): shaders left to compile 17
[2020.01.22-20.02.30:238][ 19]LogShaderCompilers: Display: Worker (6/13): shaders left to compile 16
[2020.01.22-20.02.30:271][ 21]LogShaderCompilers: Display: Worker (7/13): shaders left to compile 15
[2020.01.22-20.02.30:271][ 21]LogShaderCompilers: Display: Worker (9/13): shaders left to compile 14
[2020.01.22-20.02.30:410][ 28]LogShaderCompilers: Display: Worker (12/13): shaders left to compile 13
[2020.01.22-20.02.30:615][ 35]LogShaderCompilers: Display: Worker (10/13): shaders left to compile 12
[2020.01.22-20.02.30:636][ 36]LogShaderCompilers: Display: Worker (2/13): shaders left to compile 11
[2020.01.22-20.02.30:674][ 38]LogShaderCompilers: Display: Worker (9/13): shaders left to compile 10
[2020.01.22-20.02.30:674][ 38]LogShaderCompilers: Display: Worker (11/13): shaders left to compile 9
[2020.01.22-20.02.30:729][ 39]LogShaderCompilers: Display: Worker (5/13): shaders left to compile 8
[2020.01.22-20.02.30:808][ 43]LogShaderCompilers: Display: Worker (8/13): shaders left to compile 7
[2020.01.22-20.02.30:808][ 43]LogShaderCompilers: Display: Worker (3/13): shaders left to compile 6
[2020.01.22-20.02.30:828][ 44]LogShaderCompilers: Display: Worker (4/13): shaders left to compile 5
[2020.01.22-20.02.30:856][ 45]LogShaderCompilers: Display: Worker (1/13): shaders left to compile 4
[2020.01.22-20.02.30:886][ 45]LogShaderCompilers: Display: Worker (6/13): shaders left to compile 3
[2020.01.22-20.02.30:892][ 46]LogShaderCompilers: Display: Worker (7/13): shaders left to compile 2
[2020.01.22-20.02.30:980][ 50]LogShaderCompilers: Display: Worker (12/13): shaders left to compile 1
[2020.01.22-20.02.31:640][ 98]LogMaterial: Display: Missing cached shader map for material m_Rocks, compiling. 
[2020.01.22-20.02.31:659][ 98]LogMaterial: Display: Missing cached shader map for material FMatExpressionPreview MaterialExpressionTextureSample_2, compiling. 
[2020.01.22-20.02.31:664][ 98]LogShaderCompilers: Display: Worker (1/13): shaders left to compile 30
[2020.01.22-20.02.31:664][ 98]LogShaderCompilers: Display: Worker (2/13): shaders left to compile 29
[2020.01.22-20.02.31:664][ 98]LogShaderCompilers: Display: Worker (3/13): shaders left to compile 28
[2020.01.22-20.02.31:664][ 98]LogShaderCompilers: Display: Worker (4/13): shaders left to compile 27
[2020.01.22-20.02.31:664][ 98]LogShaderCompilers: Display: Worker (5/13): shaders left to compile 26
[2020.01.22-20.02.31:664][ 98]LogShaderCompilers: Display: Worker (6/13): shaders left to compile 25
[2020.01.22-20.02.31:664][ 98]LogShaderCompilers: Display: Worker (7/13): shaders left to compile 24
[2020.01.22-20.02.31:664][ 98]LogShaderCompilers: Display: Worker (8/13): shaders left to compile 23
[2020.01.22-20.02.31:664][ 98]LogShaderCompilers: Display: Worker (9/13): shaders left to compile 22
[2020.01.22-20.02.31:664][ 98]LogShaderCompilers: Display: Worker (10/13): shaders left to compile 21
[2020.01.22-20.02.31:664][ 98]LogShaderCompilers: Display: Worker (11/13): shaders left to compile 20
[2020.01.22-20.02.31:664][ 98]LogShaderCompilers: Display: Worker (12/13): shaders left to compile 19
[2020.01.22-20.02.31:864][109]LogShaderCompilers: Display: Worker (8/13): shaders left to compile 22
[2020.01.22-20.02.31:912][111]LogShaderCompilers: Display: Worker (1/13): shaders left to compile 21
[2020.01.22-20.02.31:936][112]LogShaderCompilers: Display: Worker (2/13): shaders left to compile 20
[2020.01.22-20.02.31:959][113]LogShaderCompilers: Display: Worker (3/13): shaders left to compile 19
[2020.01.22-20.02.31:959][113]LogShaderCompilers: Display: Worker (5/13): shaders left to compile 18
[2020.01.22-20.02.31:977][114]LogShaderCompilers: Display: Worker (4/13): shaders left to compile 17
[2020.01.22-20.02.31:977][114]LogShaderCompilers: Display: Worker (6/13): shaders left to compile 16
[2020.01.22-20.02.31:996][115]LogShaderCompilers: Display: Worker (7/13): shaders left to compile 15
[2020.01.22-20.02.31:996][115]LogShaderCompilers: Display: Worker (9/13): shaders left to compile 14
[2020.01.22-20.02.32:148][120]LogShaderCompilers: Display: Worker (12/13): shaders left to compile 13
[2020.01.22-20.02.32:354][128]LogShaderCompilers: Display: Worker (10/13): shaders left to compile 12
[2020.01.22-20.02.32:378][129]LogShaderCompilers: Display: Worker (2/13): shaders left to compile 11
[2020.01.22-20.02.32:398][130]LogShaderCompilers: Display: Worker (11/13): shaders left to compile 10
[2020.01.22-20.02.32:398][130]LogShaderCompilers: Display: Worker (4/13): shaders left to compile 9
[2020.01.22-20.02.32:398][130]LogShaderCompilers: Display: Worker (9/13): shaders left to compile 8
[2020.01.22-20.02.32:493][135]LogShaderCompilers: Display: Worker (8/13): shaders left to compile 7
[2020.01.22-20.02.32:540][137]LogShaderCompilers: Display: Worker (3/13): shaders left to compile 6
[2020.01.22-20.02.32:540][137]LogShaderCompilers: Display: Worker (5/13): shaders left to compile 5
[2020.01.22-20.02.32:572][138]LogShaderCompilers: Display: Worker (1/13): shaders left to compile 4
[2020.01.22-20.02.32:599][139]LogShaderCompilers: Display: Worker (6/13): shaders left to compile 3
[2020.01.22-20.02.32:599][139]LogShaderCompilers: Display: Worker (7/13): shaders left to compile 2
[2020.01.22-20.02.32:687][142]LogShaderCompilers: Display: Worker (12/13): shaders left to compile 1
[2020.01.22-20.02.35:470][416]LogMaterial: Display: Missing cached shader map for material m_Rocks, compiling. 
[2020.01.22-20.02.35:492][416]LogShaderCompilers: Display: Worker (1/13): shaders left to compile 30
[2020.01.22-20.02.35:492][416]LogShaderCompilers: Display: Worker (2/13): shaders left to compile 29
[2020.01.22-20.02.35:492][416]LogShaderCompilers: Display: Worker (3/13): shaders left to compile 28
[2020.01.22-20.02.35:492][416]LogShaderCompilers: Display: Worker (4/13): shaders left to compile 27
[2020.01.22-20.02.35:492][416]LogShaderCompilers: Display: Worker (5/13): shaders left to compile 26
[2020.01.22-20.02.35:492][416]LogShaderCompilers: Display: Worker (6/13): shaders left to compile 25
[2020.01.22-20.02.35:492][416]LogShaderCompilers: Display: Worker (7/13): shaders left to compile 24
[2020.01.22-20.02.35:492][416]LogShaderCompilers: Display: Worker (8/13): shaders left to compile 23
[2020.01.22-20.02.35:492][416]LogShaderCompilers: Display: Worker (9/13): shaders left to compile 22
[2020.01.22-20.02.35:492][416]LogShaderCompilers: Display: Worker (10/13): shaders left to compile 21
[2020.01.22-20.02.35:493][416]LogShaderCompilers: Display: Worker (11/13): shaders left to compile 20
[2020.01.22-20.02.35:493][416]LogShaderCompilers: Display: Worker (12/13): shaders left to compile 19
[2020.01.22-20.02.35:496][416]LogMaterial: Display: Missing cached shader map for material FMatExpressionPreview MaterialExpressionTextureSample_2, compiling. 
[2020.01.22-20.02.35:695][426]LogShaderCompilers: Display: Worker (8/13): shaders left to compile 22
[2020.01.22-20.02.35:765][429]LogShaderCompilers: Display: Worker (1/13): shaders left to compile 21
[2020.01.22-20.02.35:785][430]LogShaderCompilers: Display: Worker (3/13): shaders left to compile 20
[2020.01.22-20.02.35:785][430]LogShaderCompilers: Display: Worker (2/13): shaders left to compile 19
[2020.01.22-20.02.35:803][431]LogShaderCompilers: Display: Worker (4/13): shaders left to compile 18
[2020.01.22-20.02.35:821][432]LogShaderCompilers: Display: Worker (5/13): shaders left to compile 17
[2020.01.22-20.02.35:821][432]LogShaderCompilers: Display: Worker (6/13): shaders left to compile 16
[2020.01.22-20.02.35:838][433]LogShaderCompilers: Display: Worker (7/13): shaders left to compile 15
[2020.01.22-20.02.35:838][433]LogShaderCompilers: Display: Worker (9/13): shaders left to compile 14
[2020.01.22-20.02.36:000][441]LogShaderCompilers: Display: Worker (12/13): shaders left to compile 13
[2020.01.22-20.02.36:202][450]LogShaderCompilers: Display: Worker (10/13): shaders left to compile 12
[2020.01.22-20.02.36:224][451]LogShaderCompilers: Display: Worker (3/13): shaders left to compile 11
[2020.01.22-20.02.36:245][452]LogShaderCompilers: Display: Worker (9/13): shaders left to compile 10
[2020.01.22-20.02.36:245][452]LogShaderCompilers: Display: Worker (11/13): shaders left to compile 9
[2020.01.22-20.02.36:265][453]LogShaderCompilers: Display: Worker (5/13): shaders left to compile 8
[2020.01.22-20.02.36:338][457]LogShaderCompilers: Display: Worker (8/13): shaders left to compile 7
[2020.01.22-20.02.36:379][459]LogShaderCompilers: Display: Worker (2/13): shaders left to compile 6
[2020.01.22-20.02.36:401][460]LogShaderCompilers: Display: Worker (4/13): shaders left to compile 5
[2020.01.22-20.02.36:424][461]LogShaderCompilers: Display: Worker (1/13): shaders left to compile 4
[2020.01.22-20.02.36:442][462]LogShaderCompilers: Display: Worker (6/13): shaders left to compile 3
[2020.01.22-20.02.36:467][463]LogShaderCompilers: Display: Worker (7/13): shaders left to compile 2
[2020.01.22-20.02.36:547][467]LogShaderCompilers: Display: Worker (12/13): shaders left to compile 1
[2020.01.22-20.02.36:896][486]MaterialEditorStats: Base pass shader: 128 instructions
[2020.01.22-20.02.36:896][486]MaterialEditorStats: Base pass shader with Surface Lightmap: 157 instructions
[2020.01.22-20.02.36:896][486]MaterialEditorStats: Base pass shader with Volumetric Lightmap: 204 instructions
[2020.01.22-20.02.36:896][486]MaterialEditorStats: Base pass vertex shader: 44 instructions
[2020.01.22-20.02.36:896][486]MaterialEditorStats: Texture samplers: 6/16
[2020.01.22-20.02.36:896][486]MaterialEditorStats: Texture Lookups (Est.): VS(0), PS(3)
[2020.01.22-20.02.36:896][486]MaterialEditorStats: User interpolators: 2/4 Scalars (1/4 Vectors) (TexCoords: 2, Custom: 0)
[2020.01.22-20.02.38:027][599]LogMaterial: Display: Missing cached shader map for material m_Rocks, compiling. 
[2020.01.22-20.02.38:045][599]LogShaderCompilers: Display: Worker (1/13): shaders left to compile 30
[2020.01.22-20.02.38:046][599]LogShaderCompilers: Display: Worker (2/13): shaders left to compile 29
[2020.01.22-20.02.38:046][599]LogShaderCompilers: Display: Worker (3/13): shaders left to compile 28
[2020.01.22-20.02.38:046][599]LogShaderCompilers: Display: Worker (4/13): shaders left to compile 27
[2020.01.22-20.02.38:046][599]LogShaderCompilers: Display: Worker (5/13): shaders left to compile 26
[2020.01.22-20.02.38:046][599]LogShaderCompilers: Display: Worker (6/13): shaders left to compile 25
[2020.01.22-20.02.38:046][599]LogShaderCompilers: Display: Worker (7/13): shaders left to compile 24
[2020.01.22-20.02.38:046][599]LogShaderCompilers: Display: Worker (8/13): shaders left to compile 23
[2020.01.22-20.02.38:046][599]LogShaderCompilers: Display: Worker (9/13): shaders left to compile 22
[2020.01.22-20.02.38:046][599]LogShaderCompilers: Display: Worker (10/13): shaders left to compile 21
[2020.01.22-20.02.38:046][599]LogShaderCompilers: Display: Worker (11/13): shaders left to compile 20
[2020.01.22-20.02.38:046][599]LogShaderCompilers: Display: Worker (12/13): shaders left to compile 19
[2020.01.22-20.02.38:049][599]LogMaterial: Display: Missing cached shader map for material FMatExpressionPreview MaterialExpressionTextureSample_2, compiling. 
[2020.01.22-20.02.38:250][609]LogShaderCompilers: Display: Worker (8/13): shaders left to compile 22
[2020.01.22-20.02.38:328][612]LogShaderCompilers: Display: Worker (1/13): shaders left to compile 21
[2020.01.22-20.02.38:348][613]LogShaderCompilers: Display: Worker (3/13): shaders left to compile 20
[2020.01.22-20.02.38:349][613]LogShaderCompilers: Display: Worker (2/13): shaders left to compile 19
[2020.01.22-20.02.38:349][613]LogShaderCompilers: Display: Worker (4/13): shaders left to compile 18
[2020.01.22-20.02.38:386][615]LogShaderCompilers: Display: Worker (5/13): shaders left to compile 17
[2020.01.22-20.02.38:386][615]LogShaderCompilers: Display: Worker (9/13): shaders left to compile 16
[2020.01.22-20.02.38:405][616]LogShaderCompilers: Display: Worker (6/13): shaders left to compile 15
[2020.01.22-20.02.38:405][616]LogShaderCompilers: Display: Worker (7/13): shaders left to compile 14
[2020.01.22-20.02.38:559][623]LogShaderCompilers: Display: Worker (12/13): shaders left to compile 13
[2020.01.22-20.02.38:783][632]LogShaderCompilers: Display: Worker (10/13): shaders left to compile 12
[2020.01.22-20.02.38:804][633]LogShaderCompilers: Display: Worker (3/13): shaders left to compile 11
[2020.01.22-20.02.38:804][633]LogShaderCompilers: Display: Worker (7/13): shaders left to compile 10
[2020.01.22-20.02.38:804][633]LogShaderCompilers: Display: Worker (11/13): shaders left to compile 9
[2020.01.22-20.02.38:843][635]LogShaderCompilers: Display: Worker (5/13): shaders left to compile 8
[2020.01.22-20.02.38:891][637]LogShaderCompilers: Display: Worker (8/13): shaders left to compile 7
[2020.01.22-20.02.38:948][640]LogShaderCompilers: Display: Worker (2/13): shaders left to compile 6
[2020.01.22-20.02.38:968][641]LogShaderCompilers: Display: Worker (4/13): shaders left to compile 5
[2020.01.22-20.02.38:987][642]LogShaderCompilers: Display: Worker (1/13): shaders left to compile 4
[2020.01.22-20.02.39:008][643]LogShaderCompilers: Display: Worker (9/13): shaders left to compile 3
[2020.01.22-20.02.39:029][644]LogShaderCompilers: Display: Worker (6/13): shaders left to compile 2
[2020.01.22-20.02.39:092][647]LogShaderCompilers: Display: Worker (12/13): shaders left to compile 1
[2020.01.22-20.02.39:668][686]LogMaterial: Display: Missing cached shader map for material m_Rocks, compiling. 
[2020.01.22-20.02.39:688][686]LogMaterial: Display: Missing cached shader map for material FMatExpressionPreview MaterialExpressionTextureSample_2, compiling. 
[2020.01.22-20.02.39:695][686]LogShaderCompilers: Display: Worker (1/13): shaders left to compile 34
[2020.01.22-20.02.39:695][686]LogShaderCompilers: Display: Worker (2/13): shaders left to compile 33
[2020.01.22-20.02.39:695][686]LogShaderCompilers: Display: Worker (3/13): shaders left to compile 32
[2020.01.22-20.02.39:695][686]LogShaderCompilers: Display: Worker (4/13): shaders left to compile 31
[2020.01.22-20.02.39:695][686]LogShaderCompilers: Display: Worker (5/13): shaders left to compile 30
[2020.01.22-20.02.39:695][686]LogShaderCompilers: Display: Worker (6/13): shaders left to compile 29
[2020.01.22-20.02.39:695][686]LogShaderCompilers: Display: Worker (7/13): shaders left to compile 28
[2020.01.22-20.02.39:695][686]LogShaderCompilers: Display: Worker (8/13): shaders left to compile 27
[2020.01.22-20.02.39:695][686]LogShaderCompilers: Display: Worker (9/13): shaders left to compile 26
[2020.01.22-20.02.39:695][686]LogShaderCompilers: Display: Worker (10/13): shaders left to compile 25
[2020.01.22-20.02.39:695][686]LogShaderCompilers: Display: Worker (11/13): shaders left to compile 24
[2020.01.22-20.02.39:695][686]LogShaderCompilers: Display: Worker (12/13): shaders left to compile 23
[2020.01.22-20.02.39:904][698]LogShaderCompilers: Display: Worker (8/13): shaders left to compile 22
[2020.01.22-20.02.39:980][701]LogShaderCompilers: Display: Worker (1/13): shaders left to compile 21
[2020.01.22-20.02.39:980][701]LogShaderCompilers: Display: Worker (2/13): shaders left to compile 20
[2020.01.22-20.02.40:003][702]LogShaderCompilers: Display: Worker (3/13): shaders left to compile 19
[2020.01.22-20.02.40:003][702]LogShaderCompilers: Display: Worker (4/13): shaders left to compile 18
[2020.01.22-20.02.40:026][703]LogShaderCompilers: Display: Worker (9/13): shaders left to compile 17
[2020.01.22-20.02.40:043][704]LogShaderCompilers: Display: Worker (5/13): shaders left to compile 16
[2020.01.22-20.02.40:043][704]LogShaderCompilers: Display: Worker (6/13): shaders left to compile 15
[2020.01.22-20.02.40:043][704]LogShaderCompilers: Display: Worker (7/13): shaders left to compile 14
[2020.01.22-20.02.40:186][710]LogShaderCompilers: Display: Worker (12/13): shaders left to compile 13
[2020.01.22-20.02.40:363][716]LogShaderCompilers: Display: Worker (10/13): shaders left to compile 12
[2020.01.22-20.02.40:412][718]LogShaderCompilers: Display: Worker (2/13): shaders left to compile 11
[2020.01.22-20.02.40:458][720]LogShaderCompilers: Display: Worker (7/13): shaders left to compile 10
[2020.01.22-20.02.40:459][720]LogShaderCompilers: Display: Worker (9/13): shaders left to compile 9
[2020.01.22-20.02.40:484][721]LogShaderCompilers: Display: Worker (11/13): shaders left to compile 8
[2020.01.22-20.02.40:558][724]LogShaderCompilers: Display: Worker (8/13): shaders left to compile 7
[2020.01.22-20.02.40:594][726]LogShaderCompilers: Display: Worker (3/13): shaders left to compile 6
[2020.01.22-20.02.40:613][727]LogShaderCompilers: Display: Worker (4/13): shaders left to compile 5
[2020.01.22-20.02.40:636][728]LogShaderCompilers: Display: Worker (5/13): shaders left to compile 4
[2020.01.22-20.02.40:636][728]LogShaderCompilers: Display: Worker (1/13): shaders left to compile 3
[2020.01.22-20.02.40:699][731]LogShaderCompilers: Display: Worker (6/13): shaders left to compile 2
[2020.01.22-20.02.40:742][733]LogShaderCompilers: Display: Worker (12/13): shaders left to compile 1
[2020.01.22-20.02.41:107][749]MaterialEditorStats: Base pass shader: 128 instructions
[2020.01.22-20.02.41:107][749]MaterialEditorStats: Base pass shader with Surface Lightmap: 159 instructions
[2020.01.22-20.02.41:107][749]MaterialEditorStats: Base pass shader with Volumetric Lightmap: 206 instructions
[2020.01.22-20.02.41:107][749]MaterialEditorStats: Base pass vertex shader: 44 instructions
[2020.01.22-20.02.41:107][749]MaterialEditorStats: Texture samplers: 6/16
[2020.01.22-20.02.41:107][749]MaterialEditorStats: Texture Lookups (Est.): VS(0), PS(3)
[2020.01.22-20.02.41:107][749]MaterialEditorStats: User interpolators: 2/4 Scalars (1/4 Vectors) (TexCoords: 2, Custom: 0)
[2020.01.22-20.02.41:555][796]LogMaterialEditor: Saving and Compiling material m_Rocks
[2020.01.22-20.02.41:958][796]LogMaterial: Display: Missing cached shader map for material m_Rocks, compiling. 
[2020.01.22-20.02.42:020][796]LogShaderCompilers: Display: Worker (1/13): shaders left to compile 30
[2020.01.22-20.02.42:020][796]LogShaderCompilers: Display: Worker (2/13): shaders left to compile 29
[2020.01.22-20.02.42:020][796]LogShaderCompilers: Display: Worker (3/13): shaders left to compile 28
[2020.01.22-20.02.42:020][796]LogShaderCompilers: Display: Worker (4/13): shaders left to compile 27
[2020.01.22-20.02.42:020][796]LogShaderCompilers: Display: Worker (5/13): shaders left to compile 26
[2020.01.22-20.02.42:020][796]LogShaderCompilers: Display: Worker (6/13): shaders left to compile 25
[2020.01.22-20.02.42:020][796]LogShaderCompilers: Display: Worker (7/13): shaders left to compile 24
[2020.01.22-20.02.42:020][796]LogShaderCompilers: Display: Worker (8/13): shaders left to compile 23
[2020.01.22-20.02.42:020][796]LogShaderCompilers: Display: Worker (9/13): shaders left to compile 22
[2020.01.22-20.02.42:020][796]LogShaderCompilers: Display: Worker (10/13): shaders left to compile 21
[2020.01.22-20.02.42:020][796]LogShaderCompilers: Display: Worker (11/13): shaders left to compile 20
[2020.01.22-20.02.42:020][796]LogShaderCompilers: Display: Worker (12/13): shaders left to compile 19
[2020.01.22-20.02.42:034][796]LogMaterial: Display: Missing cached shader map for material m_Rocks, compiling. 
[2020.01.22-20.02.42:060][796]LogMaterial: Display: Missing cached shader map for material m_Rocks, compiling. 
[2020.01.22-20.02.42:120][796]LogUObjectHash: Compacting FUObjectHashTables data took   2.06ms
[2020.01.22-20.02.42:132][796]LogMaterial: Display: Missing cached shader map for material DebugViewMode MaterialTexCoordScale, compiling. 
[2020.01.22-20.02.43:162][796]LogShaderCompilers: Display: Worker (8/13): shaders left to compile 51
[2020.01.22-20.02.43:162][796]LogShaderCompilers: Display: Worker (1/13): shaders left to compile 50
[2020.01.22-20.02.43:162][796]LogShaderCompilers: Display: Worker (2/13): shaders left to compile 49
[2020.01.22-20.02.43:162][796]LogShaderCompilers: Display: Worker (3/13): shaders left to compile 48
[2020.01.22-20.02.43:162][796]LogShaderCompilers: Display: Worker (4/13): shaders left to compile 47
[2020.01.22-20.02.43:162][796]LogShaderCompilers: Display: Worker (5/13): shaders left to compile 46
[2020.01.22-20.02.43:162][796]LogShaderCompilers: Display: Worker (9/13): shaders left to compile 45
[2020.01.22-20.02.43:162][796]LogShaderCompilers: Display: Worker (6/13): shaders left to compile 44
[2020.01.22-20.02.43:162][796]LogShaderCompilers: Display: Worker (7/13): shaders left to compile 43
[2020.01.22-20.02.43:162][796]LogShaderCompilers: Display: Worker (12/13): shaders left to compile 42
[2020.01.22-20.02.43:162][796]LogShaderCompilers: Display: Worker (10/13): shaders left to compile 41
[2020.01.22-20.02.43:162][796]LogShaderCompilers: Display: Worker (2/13): shaders left to compile 40
[2020.01.22-20.02.43:162][796]LogShaderCompilers: Display: Worker (11/13): shaders left to compile 39
[2020.01.22-20.02.43:162][796]LogShaderCompilers: Display: Worker (5/13): shaders left to compile 38
[2020.01.22-20.02.43:162][796]LogShaderCompilers: Display: Worker (7/13): shaders left to compile 37
[2020.01.22-20.02.43:162][796]LogShaderCompilers: Display: Worker (8/13): shaders left to compile 36
[2020.01.22-20.02.43:162][796]LogShaderCompilers: Display: Worker (3/13): shaders left to compile 35
[2020.01.22-20.02.43:162][796]LogShaderCompilers: Display: Worker (4/13): shaders left to compile 34
[2020.01.22-20.02.43:162][796]LogShaderCompilers: Display: Worker (1/13): shaders left to compile 33
[2020.01.22-20.02.43:162][796]LogShaderCompilers: Display: Worker (9/13): shaders left to compile 32
[2020.01.22-20.02.43:162][796]LogShaderCompilers: Display: Worker (6/13): shaders left to compile 31
[2020.01.22-20.02.43:162][796]LogShaderCompilers: Display: Worker (12/13): shaders left to compile 28
[2020.01.22-20.02.43:162][796]LogShaderCompilers: Display: Worker (2/13): shaders left to compile 25
[2020.01.22-20.02.43:162][796]LogShaderCompilers: Display: Worker (7/13): shaders left to compile 22
[2020.01.22-20.02.43:163][796]LogShaderCompilers: Display: Worker (1/13): shaders left to compile 20
[2020.01.22-20.02.43:163][796]LogShaderCompilers: Display: Worker (9/13): shaders left to compile 18
[2020.01.22-20.02.43:165][796]TextureStreamingBuild: Display: Compiling optional shaders took 1.044 seconds.
[2020.01.22-20.02.43:204][796]LogShaderCompilers: Display: Worker (4/13): shaders left to compile 16
[2020.01.22-20.02.43:204][796]LogUObjectHash: Compacting FUObjectHashTables data took   1.12ms
[2020.01.22-20.02.44:430][796]LogShaderCompilers: Display: Worker (10/13): shaders left to compile 14
[2020.01.22-20.02.44:430][796]LogShaderCompilers: Display: Worker (11/13): shaders left to compile 12
[2020.01.22-20.02.44:430][796]LogShaderCompilers: Display: Worker (8/13): shaders left to compile 10
[2020.01.22-20.02.44:430][796]LogShaderCompilers: Display: Worker (5/13): shaders left to compile 9
[2020.01.22-20.02.44:430][796]LogShaderCompilers: Display: Worker (3/13): shaders left to compile 8
[2020.01.22-20.02.44:430][796]LogShaderCompilers: Display: Worker (2/13): shaders left to compile 7
[2020.01.22-20.02.44:430][796]LogShaderCompilers: Display: Worker (3/13): shaders left to compile 6
[2020.01.22-20.02.44:430][796]LogShaderCompilers: Display: Worker (12/13): shaders left to compile 5
[2020.01.22-20.02.44:430][796]LogShaderCompilers: Display: Worker (6/13): shaders left to compile 4
[2020.01.22-20.02.44:430][796]LogShaderCompilers: Display: Worker (8/13): shaders left to compile 3
[2020.01.22-20.02.44:430][796]LogShaderCompilers: Display: Worker (10/13): shaders left to compile 2
[2020.01.22-20.02.44:431][796]LogShaderCompilers: Display: Worker (12/13): shaders left to compile 1
[2020.01.22-20.02.45:019][796]Cmd: OBJ SAVEPACKAGE PACKAGE="/Game/Materials/m_Rocks" FILE="../../../../Art/Park_SFAS/Park/Content/Materials/m_Rocks.uasset" SILENT=true
[2020.01.22-20.02.45:046][796]LogSavePackage: Moving '../../../../Art/Park_SFAS/Park/Saved/m_Rocks82AA2A4146EA42846F9CEF9CCFF5E327.tmp' to '../../../../Art/Park_SFAS/Park/Content/Materials/m_Rocks.uasset'
[2020.01.22-20.02.51:974][471]LogMaterialEditor: Saving and Compiling material m_Rocks
[2020.01.22-20.02.51:986][471]Cmd: OBJ SAVEPACKAGE PACKAGE="/Game/Materials/m_Rocks" FILE="../../../../Art/Park_SFAS/Park/Content/Materials/m_Rocks.uasset" SILENT=true
[2020.01.22-20.02.51:996][471]LogSavePackage: Moving '../../../../Art/Park_SFAS/Park/Saved/m_Rocks2E14301F4EB57C8C369FEC8B5BC4FFAA.tmp' to '../../../../Art/Park_SFAS/Park/Content/Materials/m_Rocks.uasset'
[2020.01.22-20.02.52:802][548]LogSlate: Window 'm_Rocks' being destroyed
[2020.01.22-20.02.52:810][548]LogSlate: Window 'm_Rocks' being destroyed
[2020.01.22-20.02.52:842][548]LogWorld: UWorld::CleanupWorld for World_4, bSessionEnded=true, bCleanupResources=true
[2020.01.22-20.02.57:343][ 66]LogAssetEditorManager: Opening Asset editor for StaticMesh /Game/Meshes/SM_Rock1_low.SM_Rock1_low
[2020.01.22-20.02.57:676][ 67]LogRenderer: Reallocating scene render targets to support 1304x704 Format 10 NumSamples 1 (Frame:1).
[2020.01.22-20.03.00:276][266]LogAssetEditorManager: Opening Asset editor for StaticMesh /Game/Meshes/SM_Rock6_low.SM_Rock6_low
[2020.01.22-20.03.02:237][433]LogAssetEditorManager: Opening Asset editor for StaticMesh /Game/Meshes/SM_Rock5_low.SM_Rock5_low
[2020.01.22-20.03.02:851][463]LogAssetEditorManager: Opening Asset editor for StaticMesh /Game/Meshes/SM_Rock4_low.SM_Rock4_low
[2020.01.22-20.03.03:436][468]LogAssetEditorManager: Opening Asset editor for StaticMesh /Game/Meshes/SM_Rock3_low.SM_Rock3_low
[2020.01.22-20.03.04:343][471]LogAssetEditorManager: Opening Asset editor for StaticMesh /Game/Meshes/SM_Rock2_low.SM_Rock2_low
[2020.01.22-20.03.26:408][189]Cmd: OBJ SAVEPACKAGE PACKAGE="/Game/Meshes/SM_Rock2_low" FILE="../../../../Art/Park_SFAS/Park/Content/Meshes/SM_Rock2_low.uasset" SILENT=true
[2020.01.22-20.03.26:438][189]LogSavePackage: Moving '../../../../Art/Park_SFAS/Park/Saved/SM_Rock2_low15254441440DE685BCE381AB6455FF3F.tmp' to '../../../../Art/Park_SFAS/Park/Content/Meshes/SM_Rock2_low.uasset'
[2020.01.22-20.03.28:777][377]Cmd: OBJ SAVEPACKAGE PACKAGE="/Game/Meshes/SM_Rock3_low" FILE="../../../../Art/Park_SFAS/Park/Content/Meshes/SM_Rock3_low.uasset" SILENT=true
[2020.01.22-20.03.28:798][377]LogSavePackage: Moving '../../../../Art/Park_SFAS/Park/Saved/SM_Rock3_low0177DAA14F6CB5F5862E6FAB050865F2.tmp' to '../../../../Art/Park_SFAS/Park/Content/Meshes/SM_Rock3_low.uasset'
[2020.01.22-20.03.30:771][538]Cmd: OBJ SAVEPACKAGE PACKAGE="/Game/Meshes/SM_Rock4_low" FILE="../../../../Art/Park_SFAS/Park/Content/Meshes/SM_Rock4_low.uasset" SILENT=true
[2020.01.22-20.03.30:791][538]LogSavePackage: Moving '../../../../Art/Park_SFAS/Park/Saved/SM_Rock4_low822D11F34F1C79430088CAB349EC5C4B.tmp' to '../../../../Art/Park_SFAS/Park/Content/Meshes/SM_Rock4_low.uasset'
[2020.01.22-20.03.32:032][641]Cmd: OBJ SAVEPACKAGE PACKAGE="/Game/Meshes/SM_Rock5_low" FILE="../../../../Art/Park_SFAS/Park/Content/Meshes/SM_Rock5_low.uasset" SILENT=true
[2020.01.22-20.03.32:056][641]LogSavePackage: Moving '../../../../Art/Park_SFAS/Park/Saved/SM_Rock5_low66A0236B4525ECD8467023987D162D7D.tmp' to '../../../../Art/Park_SFAS/Park/Content/Meshes/SM_Rock5_low.uasset'
[2020.01.22-20.03.33:232][736]Cmd: OBJ SAVEPACKAGE PACKAGE="/Game/Meshes/SM_Rock6_low" FILE="../../../../Art/Park_SFAS/Park/Content/Meshes/SM_Rock6_low.uasset" SILENT=true
[2020.01.22-20.03.33:255][736]LogSavePackage: Moving '../../../../Art/Park_SFAS/Park/Saved/SM_Rock6_lowF164D2D24A8390FF2319E8A10E4878A8.tmp' to '../../../../Art/Park_SFAS/Park/Content/Meshes/SM_Rock6_low.uasset'
[2020.01.22-20.03.34:153][811]Cmd: OBJ SAVEPACKAGE PACKAGE="/Game/Meshes/SM_Rock1_low" FILE="../../../../Art/Park_SFAS/Park/Content/Meshes/SM_Rock1_low.uasset" SILENT=true
[2020.01.22-20.03.34:183][811]LogSavePackage: Moving '../../../../Art/Park_SFAS/Park/Saved/SM_Rock1_low28DCF0A64D6A1D539DDA81BF4E1B122F.tmp' to '../../../../Art/Park_SFAS/Park/Content/Meshes/SM_Rock1_low.uasset'
[2020.01.22-20.03.35:299][900]LogSlate: Window 'SM_Rock2_low' being destroyed
[2020.01.22-20.03.35:303][900]LogSlate: Window 'SM_Rock2_low' being destroyed
[2020.01.22-20.03.35:316][900]LogWorld: UWorld::CleanupWorld for World_5, bSessionEnded=true, bCleanupResources=true
[2020.01.22-20.03.35:393][900]LogWorld: UWorld::CleanupWorld for World_6, bSessionEnded=true, bCleanupResources=true
[2020.01.22-20.03.35:470][900]LogWorld: UWorld::CleanupWorld for World_7, bSessionEnded=true, bCleanupResources=true
[2020.01.22-20.03.35:549][900]LogWorld: UWorld::CleanupWorld for World_8, bSessionEnded=true, bCleanupResources=true
[2020.01.22-20.03.35:627][900]LogWorld: UWorld::CleanupWorld for World_9, bSessionEnded=true, bCleanupResources=true
[2020.01.22-20.03.35:701][900]LogWorld: UWorld::CleanupWorld for World_10, bSessionEnded=true, bCleanupResources=true
[2020.01.22-20.03.39:391][228]LogSlate: FSceneViewport::OnFocusLost() reason 0
[2020.01.22-20.03.39:533][243]LogActorFactory: Actor Factory created SM_Rock3_low
[2020.01.22-20.03.40:144][290]LogActorFactory: Actor Factory created SM_Rock3_low
[2020.01.22-20.03.59:659][222]Cmd: SELECT NONE
[2020.01.22-20.04.04:643][762]LogSlate: FSceneViewport::OnFocusLost() reason 0
[2020.01.22-20.04.04:774][776]LogActorFactory: Actor Factory created SM_Rock2_low
[2020.01.22-20.04.05:566][851]LogActorFactory: Actor Factory created SM_Rock2_low
[2020.01.22-20.04.09:622][293]Cmd: SELECT NONE
[2020.01.22-20.04.11:709][488]LogSlate: FSceneViewport::OnFocusLost() reason 0
[2020.01.22-20.04.11:841][502]LogActorFactory: Actor Factory created SM_Rock5_low
[2020.01.22-20.04.12:783][595]LogActorFactory: Actor Factory created SM_Rock5_low
[2020.01.22-20.04.20:736][342]Cmd: SELECT NONE
[2020.01.22-20.04.23:401][634]LogEditorViewport: Clicking on Actor (LMB): StaticMeshActor (SM_Rock5_low)
[2020.01.22-20.04.27:535][ 18]Cmd: SELECT NONE
[2020.01.22-20.04.29:677][227]LogSlate: FSceneViewport::OnFocusLost() reason 0
[2020.01.22-20.04.29:812][242]LogActorFactory: Actor Factory created SM_Rock6_low
[2020.01.22-20.04.30:543][315]LogActorFactory: Actor Factory created SM_Rock6_low
[2020.01.22-20.04.32:623][544]Cmd: SELECT NONE
[2020.01.22-20.04.33:192][612]LogEditorViewport: Clicking on Actor (LMB): StaticMeshActor (SM_Rock6_low)
[2020.01.22-20.04.34:811][792]Cmd: SELECT NONE
[2020.01.22-20.04.35:475][871]LogEditorViewport: Clicking on Actor (LMB): StaticMeshActor (SM_Rock5_low)
[2020.01.22-20.04.39:220][117]LogEditorViewport: Clicking on Actor (LMB): StaticMeshActor (SM_Rock5_low)
[2020.01.22-20.04.42:798][524]Cmd: SELECT NONE
[2020.01.22-20.04.45:070][779]LogEditorViewport: Clicking on Actor (LMB): StaticMeshActor (SM_Rock5_low)
[2020.01.22-20.04.49:053][154]LogEditorViewport: Clicking on Actor (LMB): BP_Sky_Sphere_C (Sky Sphere)
[2020.01.22-20.04.50:035][245]Cmd: SELECT NONE
[2020.01.22-20.04.52:092][474]LogEditorViewport: Clicking on Actor (LMB): StaticMeshActor (SM_Rock3_low)
[2020.01.22-20.04.55:860][813]Cmd: SELECT NONE
[2020.01.22-20.04.57:145][954]LogEditorViewport: Clicking on Actor (LMB): StaticMeshActor (SM_Rock3_low)
[2020.01.22-20.05.05:834][758]LogSlate: FSceneViewport::OnFocusLost() reason 0
[2020.01.22-20.05.05:930][768]LogActorFactory: Actor Factory created SM_Rock1_low
[2020.01.22-20.05.07:070][857]LogActorFactory: Actor Factory created SM_Rock1_low
[2020.01.22-20.05.08:570][979]LogEditorViewport: Clicking on Actor (LMB): StaticMeshActor (SM_Rock1_low)
[2020.01.22-20.05.20:786][197]Cmd: SELECT NONE
[2020.01.22-20.05.23:305][481]LogEditorViewport: Clicking on Actor (LMB): StaticMeshActor (SM_Rock1_low)
[2020.01.22-20.05.33:202][526]LogEditorViewport: Clicking on Actor (LMB): BP_Sky_Sphere_C (Sky Sphere)
[2020.01.22-20.05.33:903][585]LogEditorViewport: Clicking on Actor (LMB): StaticMeshActor (SM_Rock3_low2)
[2020.01.22-20.05.45:708][804]LogSlate: FSceneViewport::OnFocusLost() reason 2
[2020.01.22-20.05.54:322][756]LogEditorViewport: Clicking on Actor (LMB): BP_Sky_Sphere_C (Sky Sphere)
[2020.01.22-20.05.55:618][853]LogEditorViewport: Clicking on Actor (LMB): StaticMeshActor (SM_Rock3_low2)
[2020.01.22-20.05.56:041][879]LogEditorViewport: Clicking on Actor (LMB): StaticMeshActor (SM_Rock3_low3)
[2020.01.22-20.06.06:929][ 37]LogEditorViewport: Clicking on Actor (LMB): BP_Sky_Sphere_C (Sky Sphere)
[2020.01.22-20.06.07:502][100]LogEditorViewport: Clicking on Actor (LMB): StaticMeshActor (SM_Rock3_low4)
[2020.01.22-20.06.20:970][516]LogEditorViewport: Clicking on Actor (LMB): StaticMeshActor (SM_Rock3_low5)
[2020.01.22-20.06.21:436][568]LogEditorViewport: Clicking on Actor (LMB): BP_Sky_Sphere_C (Sky Sphere)
[2020.01.22-20.06.22:822][682]LogEditorViewport: Clicking on Actor (LMB): StaticMeshActor (SM_Rock3_low5)
[2020.01.22-20.06.27:730][185]LogEditorViewport: Clicking on Actor (LMB): BP_Sky_Sphere_C (Sky Sphere)
[2020.01.22-20.06.32:223][569]LogEditorViewport: Clicking on Actor (LMB): StaticMeshActor (SM_Rock3_low2)
[2020.01.22-20.06.50:220][396]LogEditorViewport: Clicking on Actor (LMB): BP_Sky_Sphere_C (Sky Sphere)
[2020.01.22-20.06.51:027][488]LogEditorViewport: Clicking on Actor (LMB): StaticMeshActor (SM_Rock3_low3)
[2020.01.22-20.06.55:125][839]LogEditorViewport: Clicking on Actor (LMB): BP_Sky_Sphere_C (Sky Sphere)
[2020.01.22-20.06.57:447][ 34]LogEditorViewport: Clicking on Actor (LMB): StaticMeshActor (SM_Rock1_low)
[2020.01.22-20.07.06:791][964]LogEditorViewport: Clicking on Actor (LMB): StaticMeshActor (SM_Rock1_low)
[2020.01.22-20.07.07:397][ 28]Cmd: SELECT NONE
[2020.01.22-20.07.11:048][436]LogEditorViewport: Clicking on Actor (LMB): StaticMeshActor (SM_Rock1_low)
[2020.01.22-20.07.11:546][470]LogEditorViewport: Clicking on Actor (LMB): StaticMeshActor (SM_Rock1_low)
[2020.01.22-20.07.18:530][215]Cmd: SELECT NONE
[2020.01.22-20.07.20:512][435]LogEditorViewport: Clicking on Actor (LMB): StaticMeshActor (SM_Rock1_low2)
[2020.01.22-20.07.22:602][645]LogEditorViewport: Clicking on Actor (LMB): StaticMeshActor (SM_grasspath)
[2020.01.22-20.07.23:897][790]LogSlate: FSceneViewport::OnFocusLost() reason 0
[2020.01.22-20.07.24:044][806]LogActorFactory: Actor Factory created SM_Rock6_low
[2020.01.22-20.07.24:782][858]LogActorFactory: Actor Factory created SM_Rock6_low
[2020.01.22-20.07.33:503][648]Cmd: SELECT NONE
[2020.01.22-20.07.35:364][844]LogEditorViewport: Clicking on Actor (LMB): StaticMeshActor (SM_grasspath)
[2020.01.22-20.07.35:851][890]LogEditorViewport: Clicking on Actor (LMB): StaticMeshActor (SM_Rock6_low2)
[2020.01.22-20.07.39:859][235]Cmd: SELECT NONE
[2020.01.22-20.07.41:289][371]LogEditorViewport: Clicking on Actor (LMB): StaticMeshActor (SM_Rock6_low2)
[2020.01.22-20.07.41:631][392]LogEditorViewport: Clicking on Actor (LMB): StaticMeshActor (SM_Rock1_low2)
[2020.01.22-20.07.50:524][237]LogSlate: FSceneViewport::OnFocusLost() reason 0
[2020.01.22-20.07.53:365][570]LogEditorViewport: Clicking on Actor (LMB): StaticMeshActor (SM_Rock1_low3)
[2020.01.22-20.08.13:728][603]Cmd: SELECT NONE
[2020.01.22-20.08.19:023][134]LogSlate: FSceneViewport::OnFocusLost() reason 0
[2020.01.22-20.08.19:145][147]LogActorFactory: Actor Factory created SM_Rock1_low
[2020.01.22-20.08.19:931][215]LogActorFactory: Actor Factory created SM_Rock1_low
[2020.01.22-20.08.31:305][422]LogEditorViewport: Clicking on Actor (LMB): BP_Sky_Sphere_C (Sky Sphere)
[2020.01.22-20.08.33:016][563]LogEditorViewport: Clicking on Actor (LMB): StaticMeshActor (SM_Rock1_low4)
[2020.01.22-20.08.33:429][586]Cmd: SELECT NONE
[2020.01.22-20.08.35:395][795]LogEditorViewport: Clicking on Actor (LMB): StaticMeshActor (SM_Rock1_low4)
[2020.01.22-20.08.36:840][917]LogEditorViewport: Clicking on Actor (context menu): StaticMeshActor (SM_River)
[2020.01.22-20.08.36:881][917]LogSlate: FSceneViewport::OnFocusLost() reason 5
[2020.01.22-20.08.38:288][ 49]Cmd: SELECT NONE
[2020.01.22-20.08.46:065][908]LogSlate: FSceneViewport::OnFocusLost() reason 0
[2020.01.22-20.08.46:219][925]LogActorFactory: Actor Factory created SM_Rock5_low
[2020.01.22-20.08.47:150][ 11]LogActorFactory: Actor Factory created SM_Rock5_low
[2020.01.22-20.08.53:220][658]Cmd: SELECT NONE
[2020.01.22-20.08.54:593][807]LogEditorViewport: Clicking on Actor (LMB): StaticMeshActor (SM_Rock5_low2)
[2020.01.22-20.08.57:281][ 11]LogEditorViewport: Clicking on Actor (LMB): StaticMeshActor (SM_Rock3_low)
[2020.01.22-20.08.59:309][155]LogSlate: FSceneViewport::OnFocusLost() reason 0
[2020.01.22-20.08.59:410][165]LogActorFactory: Actor Factory created SM_Rock3_low
[2020.01.22-20.09.00:073][212]LogActorFactory: Actor Factory created SM_Rock3_low
[2020.01.22-20.09.12:953][529]Cmd: SELECT NONE
[2020.01.22-20.09.15:588][817]LogEditorViewport: Clicking on Actor (LMB): StaticMeshActor (SM_Rock1_low4)
[2020.01.22-20.09.20:356][257]LogEditorViewport: Clicking on Actor (LMB): BP_Sky_Sphere_C (Sky Sphere)
[2020.01.22-20.09.20:835][310]LogEditorViewport: Clicking on Actor (LMB): StaticMeshActor (SM_Rock1_low4)
[2020.01.22-20.09.23:297][587]LogEditorViewport: Clicking on Actor (LMB): StaticMeshActor (SM_Bridge)
[2020.01.22-20.09.23:733][634]LogEditorViewport: Clicking on Actor (LMB): BP_Sky_Sphere_C (Sky Sphere)
[2020.01.22-20.09.24:428][693]Cmd: SELECT NONE
[2020.01.22-20.09.25:457][790]LogEditorViewport: Clicking on Actor (LMB): StaticMeshActor (SM_Rock2_low)
[2020.01.22-20.09.26:296][843]LogEditorViewport: Clicking on Actor (LMB): StaticMeshActor (SM_Rock3_low6)
[2020.01.22-20.09.28:853][ 71]LogEditorViewport: Clicking on Actor (LMB): StaticMeshActor (SM_Rock2_low)
[2020.01.22-20.09.36:334][880]Cmd: SELECT NONE
[2020.01.22-20.09.37:986][ 54]LogEditorViewport: Clicking on Actor (LMB): StaticMeshActor (SM_Rock2_low)
[2020.01.22-20.09.41:376][353]LogEditorViewport: Clicking on Actor (LMB): BP_Sky_Sphere_C (Sky Sphere)
[2020.01.22-20.09.42:795][467]LogEditorViewport: Clicking on Actor (LMB): StaticMeshActor (SM_Rock3_low)
[2020.01.22-20.09.45:277][650]LogSlate: FSceneViewport::OnFocusLost() reason 0
[2020.01.22-20.09.45:443][668]LogActorFactory: Actor Factory created SM_Rock5_low
[2020.01.22-20.09.46:059][710]LogActorFactory: Actor Factory created SM_Rock5_low
[2020.01.22-20.10.12:545][390]Cmd: SELECT NONE
[2020.01.22-20.10.13:883][531]LogEditorViewport: Clicking on Actor (LMB): StaticMeshActor (SM_Rock5_low3)
[2020.01.22-20.10.21:732][244]LogEditorViewport: Clicking on Actor (LMB): StaticMeshActor (SM_River)
[2020.01.22-20.10.26:107][683]Cmd: TRANSACTION UNDO
[2020.01.22-20.10.26:107][683]LogEditorTransaction: Undo Scale Actors
[2020.01.22-20.10.28:194][906]LogEditorViewport: Clicking on Actor (LMB): BP_Sky_Sphere_C (Sky Sphere)
[2020.01.22-20.10.28:685][959]LogEditorViewport: Clicking on Actor (LMB): StaticMeshActor (SM_River)
[2020.01.22-20.10.33:219][433]Cmd: SELECT NONE
[2020.01.22-20.10.37:067][833]LogEditorViewport: Clicking on Actor (LMB): StaticMeshActor (SM_Rock1_low4)
[2020.01.22-20.10.39:350][ 80]LogEditorViewport: Clicking on Actor (LMB): BP_Sky_Sphere_C (Sky Sphere)
[2020.01.22-20.10.40:169][146]Cmd: SELECT NONE
[2020.01.22-20.10.49:441][158]LogEditorViewport: Clicking on Actor (LMB): StaticMeshActor (SM_Rock1_low2)
[2020.01.22-20.10.52:276][385]LogEditorViewport: Clicking on Actor (LMB): StaticMeshActor (SM_Rock3_low6)
[2020.01.22-20.11.10:740][129]Cmd: SELECT NONE
[2020.01.22-20.11.13:561][423]LogEditorViewport: Clicking on Actor (LMB): StaticMeshActor (SM_Rock3_low7)
[2020.01.22-20.11.16:069][646]Cmd: DELETE
[2020.01.22-20.11.16:069][646]Cmd: ACTOR DELETE
[2020.01.22-20.11.16:073][646]LogEditorActor: Deleted Actor: StaticMeshActor
[2020.01.22-20.11.16:114][646]LogUObjectHash: Compacting FUObjectHashTables data took   1.68ms
[2020.01.22-20.11.16:114][646]LogEditorActor: Deleted 1 Actors (0.045 secs)
[2020.01.22-20.11.18:527][905]LogEditorViewport: Clicking on Actor (LMB): StaticMeshActor (SM_Rock2_low)
[2020.01.22-20.11.34:182][440]LogEditorViewport: Clicking on Actor (LMB): StaticMeshActor (SM_Rock1_low2)
[2020.01.22-20.11.42:094][199]LogEditorViewport: Clicking on Actor (LMB): StaticMeshActor (SM_Rock3_low7)
[2020.01.22-20.11.44:387][442]Cmd: SELECT NONE
[2020.01.22-20.11.45:248][542]LogEditorViewport: Clicking on Actor (LMB): StaticMeshActor (SM_Rock1_low2)
[2020.01.22-20.12.02:202][290]Cmd: SELECT NONE
[2020.01.22-20.12.03:711][448]LogEditorViewport: Clicking on Actor (LMB): StaticMeshActor (SM_Rock1_low2)
[2020.01.22-20.12.12:642][189]LogSlate: FSceneViewport::OnFocusLost() reason 0
[2020.01.22-20.12.12:785][204]LogActorFactory: Actor Factory created SM_Rock3_low
[2020.01.22-20.12.13:488][253]LogActorFactory: Actor Factory created SM_Rock3_low
[2020.01.22-20.12.14:469][327]LogEditorViewport: Clicking on Actor (LMB): StaticMeshActor (SM_Rock3_low8)
[2020.01.22-20.12.25:616][397]LogEditorViewport: Clicking on Actor (LMB): StaticMeshActor (SM_Rock5_low2)
[2020.01.22-20.12.31:509][966]LogEditorViewport: Clicking on Actor (LMB): StaticMeshActor (SM_Rock3_low8)
[2020.01.22-20.12.55:020][386]LogEditorViewport: Clicking on Actor (LMB): StaticMeshActor (SM_Rock1_low2)
[2020.01.22-20.13.02:096][ 35]Cmd: SELECT NONE
[2020.01.22-20.13.03:358][166]LogEditorViewport: Clicking on Actor (LMB): StaticMeshActor (SM_Rock1_low2)
[2020.01.22-20.13.05:342][361]LogSlate: FSceneViewport::OnFocusLost() reason 0
[2020.01.22-20.13.05:476][375]LogActorFactory: Actor Factory created SM_Rock5_low
[2020.01.22-20.13.06:043][413]LogActorFactory: Actor Factory created SM_Rock5_low
[2020.01.22-20.13.17:198][497]Cmd: SELECT NONE
[2020.01.22-20.13.18:456][626]LogEditorViewport: Clicking on Actor (LMB): StaticMeshActor (SM_Rock5_low4)
[2020.01.22-20.13.28:333][547]LogEditorViewport: Clicking on Actor (LMB): StaticMeshActor (SM_Rock6_low2)
[2020.01.22-20.13.29:294][599]LogEditorViewport: Clicking on Actor (LMB): StaticMeshActor (SM_Rock1_low2)
[2020.01.22-20.13.32:573][927]Cmd: SELECT NONE
[2020.01.22-20.13.34:378][102]LogEditorViewport: Clicking on Actor (LMB): StaticMeshActor (SM_River)
[2020.01.22-20.13.34:763][125]LogEditorViewport: Clicking on Actor (LMB): StaticMeshActor (SM_Bridge)
[2020.01.22-20.13.37:581][377]Cmd: SELECT NONE
[2020.01.22-20.13.40:586][677]LogEditorViewport: Clicking on Actor (LMB): StaticMeshActor (SM_grasspath)
[2020.01.22-20.13.41:244][727]Cmd: SELECT NONE
[2020.01.22-20.13.45:892][218]LogEditorViewport: Clicking on Actor (LMB): StaticMeshActor (SM_Rock3_low8)
[2020.01.22-20.13.47:835][373]Cmd: SELECT NONE
[2020.01.22-20.14.03:853][295]LogEditorViewport: Clicking on Actor (LMB): StaticMeshActor (SM_Rock1_low3)
[2020.01.22-20.14.09:177][729]Cmd: SELECT NONE
[2020.01.22-20.14.13:051][117]LogSlate: FSceneViewport::OnFocusLost() reason 0
[2020.01.22-20.14.13:154][127]Cmd: OBJ SAVEPACKAGE PACKAGE="/Game/Diorama" FILE="../../../../Art/Park_SFAS/Park/Content/Diorama.umap" SILENT=true AUTOSAVING=false KEEPDIRTY=false
[2020.01.22-20.14.13:192][127]LogUObjectHash: Compacting FUObjectHashTables data took   1.75ms
[2020.01.22-20.14.13:420][127]LogSavePackage: Moving '../../../../Art/Park_SFAS/Park/Saved/Diorama36B6E6B1451BF002DCAF04B5FE872A51.tmp' to '../../../../Art/Park_SFAS/Park/Content/Diorama.umap'
[2020.01.22-20.14.13:461][127]Cmd: OBJ SAVEPACKAGE PACKAGE="/Game/Diorama_BuiltData" FILE="../../../../Art/Park_SFAS/Park/Content/Diorama_BuiltData.uasset" SILENT=true
[2020.01.22-20.14.13:587][127]LogSavePackage: Moving '../../../../Art/Park_SFAS/Park/Saved/Diorama_BuiltData74F4F00045DBAF9F8F411C86827B59D9.tmp' to '../../../../Art/Park_SFAS/Park/Content/Diorama_BuiltData.uasset'
[2020.01.22-20.19.22:306][121]LogEditorViewport: Clicking on Actor (LMB): BP_Sky_Sphere_C (Sky Sphere)
[2020.01.22-20.19.24:551][385]LogSlate: FSceneViewport::OnFocusLost() reason 0
[2020.01.22-20.19.31:407][ 80]LogEditorViewport: Clicking on Actor (LMB): BP_Sky_Sphere_C (Sky Sphere)
[2020.01.22-20.19.37:555][746]LogEditorViewport: Clicking on Actor (LMB): DirectionalLight (Light Source)
[2020.01.22-20.19.41:426][175]LogEditorViewport: Clicking on Actor (LMB): BP_Sky_Sphere_C (Sky Sphere)
[2020.01.22-20.19.44:524][507]LogEditorViewport: Clicking on Actor (LMB): DirectionalLight (Light Source)
[2020.01.22-20.19.47:227][800]LogEditorViewport: Clicking on Actor (LMB): BP_Sky_Sphere_C (Sky Sphere)
[2020.01.22-20.20.20:809][691]LogEditorViewport: Clicking on Actor (LMB): StaticMeshActor (SM_grasspath)
[2020.01.22-20.20.27:267][382]Cmd: TRANSACTION UNDO
[2020.01.22-20.20.27:267][382]LogEditorTransaction: Undo Move Actors
[2020.01.22-20.20.27:790][438]Cmd: TRANSACTION UNDO
[2020.01.22-20.20.27:790][438]LogEditorTransaction: Undo Move Actors
[2020.01.22-20.20.28:982][560]LogEditorViewport: Clicking on Actor (LMB): StaticMeshActor (SM_Rock5_low4)
[2020.01.22-20.20.31:171][749]LogEditorViewport: Clicking on Actor (LMB): StaticMeshActor (SM_Rock3_low8)
[2020.01.22-20.20.32:898][938]LogSlate: FSceneViewport::OnFocusLost() reason 0
[2020.01.22-20.20.37:396][460]LogActorFactory: Actor Factory created SM_Rock4_low
[2020.01.22-20.20.38:447][551]LogActorFactory: Actor Factory created SM_Rock4_low
[2020.01.22-20.20.42:523][ 15]Cmd: SELECT NONE
[2020.01.22-20.20.45:283][332]LogEditorViewport: Clicking on Actor (LMB): StaticMeshActor (SM_Rock4_low)
[2020.01.22-20.20.45:766][380]LogEditorViewport: Clicking on Actor (LMB): StaticMeshActor (SM_Rock4_low)
[2020.01.22-20.20.55:246][467]Cmd: SELECT NONE
[2020.01.22-20.20.56:480][604]LogEditorViewport: Clicking on Actor (LMB): StaticMeshActor (SM_Rock4_low)
[2020.01.22-20.21.17:836][940]Cmd: CAMERA ALIGN ACTIVEVIEWPORTONLY
[2020.01.22-20.21.40:902][468]Cmd: SELECT NONE
[2020.01.22-20.21.42:694][665]LogEditorViewport: Clicking on Actor (LMB): StaticMeshActor (SM_Rock5_low4)
[2020.01.22-20.22.00:734][676]Cmd: SELECT NONE
[2020.01.22-20.22.02:697][898]LogEditorViewport: Clicking on Actor (LMB): StaticMeshActor (SM_Rock3_low7)
[2020.01.22-20.22.09:553][649]LogSlate: FSceneViewport::OnFocusLost() reason 0
[2020.01.22-20.22.25:346][328]Cmd: SELECT NONE
[2020.01.22-20.22.27:298][553]LogEditorViewport: Clicking on Actor (LMB): StaticMeshActor (SM_Rock2_low3)
[2020.01.22-20.22.31:162][964]Cmd: SELECT NONE
[2020.01.22-20.22.33:191][195]LogEditorViewport: Clicking on Actor (LMB): StaticMeshActor (SM_Rock2_low3)
[2020.01.22-20.22.38:240][758]Cmd: SELECT NONE
[2020.01.22-20.22.41:888][176]LogEditorViewport: Clicking on Actor (LMB): StaticMeshActor (SM_Rock1_low3)
[2020.01.22-20.22.43:166][290]LogEditorViewport: Clicking on Actor (LMB): StaticMeshActor (SM_Rock2_low3)
[2020.01.22-20.23.01:540][323]Cmd: SELECT NONE
[2020.01.22-20.23.03:425][541]LogEditorViewport: Clicking on Actor (LMB): StaticMeshActor (SM_Rock2_low4)
[2020.01.22-20.23.05:836][772]LogEditorViewport: Clicking on Actor (LMB): StaticMeshActor (SM_Rock1_low3)
[2020.01.22-20.23.06:590][850]LogEditorViewport: Clicking on Actor (LMB): StaticMeshActor (SM_Rock2_low4)
[2020.01.22-20.23.08:799][105]LogSlate: FSceneViewport::OnFocusLost() reason 0
[2020.01.22-20.23.08:946][121]LogActorFactory: Actor Factory created SM_Rock6_low
[2020.01.22-20.23.09:673][179]LogActorFactory: Actor Factory created SM_Rock6_low
[2020.01.22-20.23.39:385][440]Cmd: SELECT NONE
[2020.01.22-20.23.40:555][575]LogEditorViewport: Clicking on Actor (LMB): StaticMeshActor (SM_Rock6_low3)
[2020.01.22-20.24.18:933][711]Cmd: SELECT NONE
[2020.01.22-20.24.21:569][  3]LogEditorViewport: Clicking on Actor (LMB): StaticMeshActor (SM_Rock3_low7)
[2020.01.22-20.24.28:221][718]LogEditorViewport: Clicking on Actor (LMB): StaticMeshActor (SM_Rock2_low3)
[2020.01.22-20.24.29:009][808]LogEditorViewport: Clicking on Actor (LMB): StaticMeshActor (SM_Rock3_low7)
[2020.01.22-20.24.52:187][327]Cmd: SELECT NONE
[2020.01.22-20.24.53:631][492]LogEditorViewport: Clicking on Actor (LMB): StaticMeshActor (SM_Rock3_low7)
[2020.01.22-20.24.58:986][ 48]LogEditorViewport: Clicking on Actor (LMB): StaticMeshActor (SM_Rock3_low8)
[2020.01.22-20.25.00:058][142]LogEditorViewport: Clicking on Actor (LMB): StaticMeshActor (SM_Rock3_low7)
[2020.01.22-20.25.00:425][182]LogEditorViewport: Clicking on Actor (LMB): StaticMeshActor (SM_Rock2_low3)
[2020.01.22-20.25.03:850][572]Cmd: SELECT NONE
[2020.01.22-20.25.07:588][  9]LogEditorViewport: Clicking on Actor (LMB): StaticMeshActor (SM_Rock2_low3)
[2020.01.22-20.25.19:588][315]Cmd: SELECT NONE
[2020.01.22-20.25.20:243][393]LogEditorViewport: Clicking on Actor (LMB): StaticMeshActor (SM_Rock1_low2)
[2020.01.22-20.25.21:969][590]Cmd: SELECT NONE
[2020.01.22-20.25.28:438][334]LogSlate: FSceneViewport::OnFocusLost() reason 0
[2020.01.22-20.25.28:567][348]LogActorFactory: Actor Factory created SM_Rock2_low
[2020.01.22-20.25.29:346][437]LogActorFactory: Actor Factory created SM_Rock2_low
[2020.01.22-20.25.32:892][815]Cmd: SELECT NONE
[2020.01.22-20.25.34:293][967]LogEditorViewport: Clicking on Actor (LMB): StaticMeshActor (SM_Rock2_low5)
[2020.01.22-20.25.36:207][142]Cmd: SELECT NONE
[2020.01.22-20.25.39:067][476]LogEditorViewport: Clicking on Actor (LMB): StaticMeshActor (SM_Rock2_low5)
[2020.01.22-20.25.45:005][119]Cmd: SELECT NONE
[2020.01.22-20.25.49:702][677]Cmd: SELECT NONE
[2020.01.22-20.25.53:551][124]LogEditorViewport: Clicking on Actor (LMB): StaticMeshActor (SM_Rock2_low)
[2020.01.22-20.25.57:655][572]Cmd: SELECT NONE
[2020.01.22-20.25.58:300][649]LogEditorViewport: Clicking on Actor (LMB): BP_Sky_Sphere_C (Sky Sphere)
[2020.01.22-20.25.59:000][729]LogEditorViewport: Clicking on Actor (LMB): StaticMeshActor (SM_Rock2_low)
[2020.01.22-20.26.00:404][889]Cmd: SELECT NONE
[2020.01.22-20.26.05:749][477]LogSlate: FSceneViewport::OnFocusLost() reason 0
[2020.01.22-20.26.05:846][487]LogActorFactory: Actor Factory created SM_Rock5_low
[2020.01.22-20.26.06:890][598]LogActorFactory: Actor Factory created SM_Rock5_low
[2020.01.22-20.26.21:395][126]LogSlate: FSceneViewport::OnFocusLost() reason 0
[2020.01.22-20.26.21:525][140]LogActorFactory: Actor Factory created SM_Rock6_low
[2020.01.22-20.26.22:248][204]LogActorFactory: Actor Factory created SM_Rock6_low
[2020.01.22-20.26.36:854][858]Cmd: SELECT NONE
[2020.01.22-20.26.38:913][ 99]LogEditorViewport: Clicking on Actor (LMB): StaticMeshActor (SM_Rock6_low5)
[2020.01.22-20.26.41:798][412]LogEditorViewport: Clicking on Actor (LMB): StaticMeshActor (SM_Rock6_low5)
[2020.01.22-20.26.42:798][515]LogEditorViewport: Clicking on Actor (LMB): BP_Sky_Sphere_C (Sky Sphere)
[2020.01.22-20.26.44:406][651]LogSlate: FSceneViewport::OnFocusLost() reason 0
[2020.01.22-20.26.44:505][661]LogActorFactory: Actor Factory created SM_Rock1_low
[2020.01.22-20.26.45:182][720]LogActorFactory: Actor Factory created SM_Rock1_low
[2020.01.22-20.27.02:817][596]LogEditorViewport: Clicking on Actor (LMB): StaticMeshActor (SM_Rock6_low5)
[2020.01.22-20.27.11:101][467]Cmd: SELECT NONE
[2020.01.22-20.27.13:041][693]LogEditorViewport: Clicking on Actor (LMB): StaticMeshActor (SM_Rock6_low6)
[2020.01.22-20.27.13:606][752]LogEditorViewport: Clicking on Actor (LMB): BP_Sky_Sphere_C (Sky Sphere)
[2020.01.22-20.27.14:726][881]LogEditorViewport: Clicking on Actor (LMB): StaticMeshActor (SM_Rock6_low6)
[2020.01.22-20.27.15:755][995]LogSlate: FSceneViewport::OnFocusLost() reason 0
[2020.01.22-20.27.15:889][  9]LogActorFactory: Actor Factory created SM_Rock2_low
[2020.01.22-20.27.16:539][ 82]LogActorFactory: Actor Factory created SM_Rock2_low
[2020.01.22-20.27.31:106][602]Cmd: SELECT NONE
[2020.01.22-20.27.32:583][770]LogEditorViewport: Clicking on Actor (LMB): StaticMeshActor (SM_Rock2_low7)
[2020.01.22-20.27.33:851][879]LogSlate: FSceneViewport::OnFocusLost() reason 0
[2020.01.22-20.27.37:354][205]LogSlate: FSceneViewport::OnFocusLost() reason 0
[2020.01.22-20.27.37:470][217]LogActorFactory: Actor Factory created SM_Rock4_low
[2020.01.22-20.27.38:096][273]LogActorFactory: Actor Factory created SM_Rock4_low
[2020.01.22-20.27.52:411][792]LogEditorViewport: Clicking on Actor (LMB): BP_Sky_Sphere_C (Sky Sphere)
[2020.01.22-20.27.53:259][871]Cmd: SELECT NONE
[2020.01.22-20.28.00:336][695]LogEditorViewport: Clicking on Actor (LMB): CameraActor (CameraActor)
[2020.01.22-20.28.00:790][723]Cmd: DELETE
[2020.01.22-20.28.00:790][723]Cmd: ACTOR DELETE
[2020.01.22-20.28.00:796][723]LogEditorActor: Deleted Actor: CameraActor
[2020.01.22-20.28.00:845][723]LogUObjectHash: Compacting FUObjectHashTables data took   1.99ms
[2020.01.22-20.28.00:846][723]LogEditorActor: Deleted 1 Actors (0.056 secs)
[2020.01.22-20.28.02:375][904]Cmd: TRANSACTION UNDO
[2020.01.22-20.28.02:376][904]LogEditorTransaction: Undo Delete Actors
[2020.01.22-20.28.04:101][ 69]LogSlate: FSceneViewport::OnFocusLost() reason 0
[2020.01.22-20.28.15:467][338]LogEditorViewport: Clicking on Actor (LMB): CameraActor (CameraActor)
[2020.01.22-20.28.16:073][398]Cmd: DELETE
[2020.01.22-20.28.16:073][398]Cmd: ACTOR DELETE
[2020.01.22-20.28.16:077][398]LogEditorActor: Deleted Actor: CameraActor
[2020.01.22-20.28.16:119][398]LogUObjectHash: Compacting FUObjectHashTables data took   1.34ms
[2020.01.22-20.28.16:120][398]LogEditorActor: Deleted 1 Actors (0.047 secs)
[2020.01.22-20.28.19:671][824]LogSlate: FSceneViewport::OnFocusLost() reason 0
[2020.01.22-20.28.19:857][839]LogRenderer: Reallocating scene render targets to support 1304x708 Format 10 NumSamples 1 (Frame:79691).
[2020.01.22-20.28.19:895][840]LogRenderer: Reallocating scene render targets to support 1304x728 Format 10 NumSamples 1 (Frame:79693).
[2020.01.22-20.28.19:918][841]LogRenderer: Reallocating scene render targets to support 1304x744 Format 10 NumSamples 1 (Frame:79695).
[2020.01.22-20.28.19:942][842]LogRenderer: Reallocating scene render targets to support 1304x752 Format 10 NumSamples 1 (Frame:79697).
[2020.01.22-20.28.19:967][843]LogRenderer: Reallocating scene render targets to support 1304x760 Format 10 NumSamples 1 (Frame:79699).
[2020.01.22-20.28.19:990][844]LogRenderer: Reallocating scene render targets to support 1304x768 Format 10 NumSamples 1 (Frame:79701).
[2020.01.22-20.28.20:014][845]LogRenderer: Reallocating scene render targets to support 1304x780 Format 10 NumSamples 1 (Frame:79703).
[2020.01.22-20.28.20:038][846]LogRenderer: Reallocating scene render targets to support 1304x796 Format 10 NumSamples 1 (Frame:79705).
[2020.01.22-20.28.20:063][847]LogRenderer: Reallocating scene render targets to support 1304x804 Format 10 NumSamples 1 (Frame:79707).
[2020.01.22-20.28.20:128][848]LogRenderer: Reallocating scene render targets to support 1304x808 Format 10 NumSamples 1 (Frame:79709).
[2020.01.22-20.28.52:256][540]LogEditorViewport: Clicking on Actor (LMB): StaticMeshActor (SM_Rock6_low6)
[2020.01.22-20.28.58:379][196]LogEditorViewport: Clicking on Actor (LMB): StaticMeshActor (SM_grasspath)
[2020.01.22-20.29.07:060][106]LogEditorViewport: Clicking on Actor (LMB): StaticMeshActor (SM_Rock6_low6)
[2020.01.22-20.29.07:952][186]LogEditorViewport: Clicking on Actor (LMB): StaticMeshActor (SM_Rock5_low4)
[2020.01.22-20.29.08:765][260]LogEditorViewport: Clicking on Actor (LMB): StaticMeshActor (SM_Rock6_low6)
[2020.01.22-20.29.31:568][775]LogEditorViewport: Clicking on Actor (LMB): StaticMeshActor (SM_grasspath)
[2020.01.22-20.29.35:839][245]Cmd: TRANSACTION UNDO
[2020.01.22-20.29.35:839][245]LogEditorTransaction: Undo Move Actors
[2020.01.22-20.29.42:818][ 27]Cmd: TRANSACTION UNDO
[2020.01.22-20.29.42:818][ 27]LogEditorTransaction: Undo Scale Actors
[2020.01.22-20.29.43:863][142]LogSlate: FSceneViewport::OnFocusLost() reason 0
[2020.01.22-20.29.47:812][604]Cmd: SELECT NONE
[2020.01.22-20.29.51:077][986]LogEditorViewport: Clicking on Actor (LMB): StaticMeshActor (SM_Rock3_low2)
[2020.01.22-20.29.53:647][262]LogEditorViewport: Clicking on Actor (LMB): StaticMeshActor (SM_grasspath)
[2020.01.22-20.29.58:006][720]Cmd: SELECT NONE
[2020.01.22-20.30.02:374][238]LogEditorViewport: Clicking on Actor (LMB): StaticMeshActor (SM_grasspath)
[2020.01.22-20.30.06:299][650]Cmd: SELECT NONE
[2020.01.22-20.30.08:021][850]LogEditorViewport: Clicking on Actor (LMB): StaticMeshActor (SM_River)
[2020.01.22-20.30.08:707][910]LogEditorViewport: Clicking on Actor (LMB): StaticMeshActor (SM_grasspath)
[2020.01.22-20.30.12:288][285]Cmd: SELECT NONE
[2020.01.22-20.30.13:293][402]LogEditorViewport: Clicking on Actor (LMB): StaticMeshActor (SM_Rock3_low5)
[2020.01.22-20.30.15:423][621]LogEditorViewport: Clicking on Actor (LMB): BP_Sky_Sphere_C (Sky Sphere)
[2020.01.22-20.30.17:253][809]LogEditorViewport: Clicking on Actor (LMB): StaticMeshActor (SM_Rock3_low5)
[2020.01.22-20.30.22:070][303]LogEditorViewport: Clicking on Actor (LMB): StaticMeshActor (SM_Rock2_low5)
[2020.01.22-20.30.25:161][653]Cmd: DELETE
[2020.01.22-20.30.25:161][653]Cmd: ACTOR DELETE
[2020.01.22-20.30.25:165][653]LogEditorActor: Deleted Actor: StaticMeshActor
[2020.01.22-20.30.25:203][653]LogUObjectHash: Compacting FUObjectHashTables data took   1.50ms
[2020.01.22-20.30.25:204][653]LogEditorActor: Deleted 1 Actors (0.042 secs)
[2020.01.22-20.30.25:432][680]LogEditorViewport: Clicking on Actor (LMB): StaticMeshActor (SM_Rock1_low3)
[2020.01.22-20.30.43:759][722]LogEditorViewport: Clicking on Actor (LMB): BP_Sky_Sphere_C (Sky Sphere)
[2020.01.22-20.30.46:394][ 13]Cmd: DELETE
[2020.01.22-20.30.46:394][ 13]Cmd: ACTOR DELETE
[2020.01.22-20.30.46:400][ 13]LogEditorActor: Deleted Actor: BP_Sky_Sphere_C
[2020.01.22-20.30.46:436][ 13]LogUObjectHash: Compacting FUObjectHashTables data took   1.57ms
[2020.01.22-20.30.46:437][ 13]LogEditorActor: Deleted 1 Actors (0.042 secs)
[2020.01.22-20.30.46:809][ 57]LogEditorViewport: Clicking on Actor (LMB): StaticMeshActor (SM_Rock3_low6)
[2020.01.22-20.30.47:355][118]Cmd: TRANSACTION UNDO
[2020.01.22-20.30.47:355][118]LogEditorTransaction: Undo Clicking on Actors
[2020.01.22-20.30.47:563][139]Cmd: TRANSACTION UNDO
[2020.01.22-20.30.47:563][139]LogEditorTransaction: Undo Delete Actors
[2020.01.22-20.30.48:189][201]LogEditorViewport: Clicking on Actor (LMB): StaticMeshActor (SM_Rock1_low6)
[2020.01.22-20.30.49:021][296]Cmd: DELETE
[2020.01.22-20.30.49:021][296]Cmd: ACTOR DELETE
[2020.01.22-20.30.49:028][296]LogEditorActor: Deleted Actor: StaticMeshActor
[2020.01.22-20.30.49:065][296]LogUObjectHash: Compacting FUObjectHashTables data took   0.78ms
[2020.01.22-20.30.49:065][296]LogEditorActor: Deleted 1 Actors (0.044 secs)
[2020.01.22-20.30.49:539][352]LogEditorViewport: Clicking on Actor (LMB): StaticMeshActor (SM_Rock3_low6)
[2020.01.22-20.30.57:024][205]Cmd: SELECT NONE
[2020.01.22-20.30.58:368][361]LogEditorViewport: Clicking on Actor (LMB): StaticMeshActor (SM_Rock3_low9)
[2020.01.22-20.31.00:639][592]LogEditorViewport: Clicking on Actor (LMB): BP_Sky_Sphere_C (Sky Sphere)
[2020.01.22-20.31.01:186][654]LogEditorViewport: Clicking on Actor (LMB): StaticMeshActor (SM_Rock3_low9)
[2020.01.22-20.31.12:248][881]Cmd: SELECT NONE
[2020.01.22-20.31.20:049][797]LogEditorViewport: Clicking on Actor (LMB): StaticMeshActor (SM_Rock2_low2)
[2020.01.22-20.31.21:730][957]LogEditorViewport: Clicking on Actor (LMB): StaticMeshActor (SM_Rock1_low2)
[2020.01.22-20.31.22:528][ 34]LogEditorViewport: Clicking on Actor (LMB): StaticMeshActor (SM_Rock5_low4)
[2020.01.22-20.31.32:230][138]LogEditorViewport: Clicking on Actor (LMB): StaticMeshActor (SM_Rock1_low2)
[2020.01.22-20.31.33:110][239]LogEditorViewport: Clicking on Actor (LMB): StaticMeshActor (SM_Rock6_low2)
[2020.01.22-20.31.52:278][446]LogEditorViewport: Clicking on Actor (LMB): BP_Sky_Sphere_C (Sky Sphere)
[2020.01.22-20.31.53:122][535]Cmd: SELECT NONE
[2020.01.22-20.31.59:906][342]LogEditorViewport: Clicking on Actor (LMB): StaticMeshActor (SM_Rock3_low2)
[2020.01.22-20.32.00:350][377]LogEditorViewport: Clicking on Actor (LMB): StaticMeshActor (SM_Rock3_low5)
[2020.01.22-20.32.00:866][420]LogEditorViewport: Clicking on Actor (LMB): StaticMeshActor (SM_Rock1_low)
[2020.01.22-20.32.01:196][455]LogEditorViewport: Clicking on Actor (LMB): StaticMeshActor (SM_Rock1_low)
[2020.01.22-20.32.02:923][619]LogEditorViewport: Clicking on Actor (LMB): StaticMeshActor (SM_Rock1_low4)
[2020.01.22-20.32.04:013][744]LogEditorViewport: Clicking on Actor (LMB): StaticMeshActor (SM_Rock2_low6)
[2020.01.22-20.32.12:931][743]Cmd: SELECT NONE
[2020.01.22-20.32.13:317][789]LogEditorViewport: Clicking on Actor (LMB): StaticMeshActor (SM_Rock2_low8)
[2020.01.22-20.32.16:208][ 96]LogEditorViewport: Clicking on Actor (LMB): StaticMeshActor (SM_Rock5_low3)
[2020.01.22-20.32.19:801][475]LogEditorViewport: Clicking on Actor (LMB): StaticMeshActor (SM_Rock3_low9)
[2020.01.22-20.32.21:254][637]LogEditorViewport: Clicking on Actor (LMB): StaticMeshActor (SM_Rock5_low6)
[2020.01.22-20.32.33:346][  9]Cmd: SELECT NONE
[2020.01.22-20.32.43:233][184]LogEditorViewport: Clicking on Actor (LMB): StaticMeshActor (SM_Bridge)
[2020.01.22-20.32.43:279][185]LogEditorViewport: Clicking on Component (LMB): StaticMeshComponent (StaticMeshComponent0)
[2020.01.22-20.32.44:607][319]Cmd: SELECT NONE
[2020.01.22-20.32.57:899][907]LogEditorViewport: Clicking on Actor (LMB): StaticMeshActor (SM_Rock2_low8)
[2020.01.22-20.33.00:909][238]LogEditorViewport: Clicking on Actor (LMB): BP_Sky_Sphere_C (Sky Sphere)
[2020.01.22-20.33.01:275][278]LogEditorViewport: Clicking on Actor (LMB): StaticMeshActor (SM_Rock2_low8)
[2020.01.22-20.33.03:375][523]LogSlate: FSceneViewport::OnFocusLost() reason 0
[2020.01.22-20.33.05:434][735]LogSlate: FSceneViewport::OnFocusLost() reason 0
[2020.01.22-20.33.05:561][748]LogActorFactory: Actor Factory created SM_Rock6_low
[2020.01.22-20.33.06:355][816]LogActorFactory: Actor Factory created SM_Rock6_low
[2020.01.22-20.33.12:038][456]LogEditorViewport: Clicking on Actor (LMB): BP_Sky_Sphere_C (Sky Sphere)
[2020.01.22-20.33.12:600][519]Cmd: SELECT NONE
[2020.01.22-20.33.13:859][664]LogEditorViewport: Clicking on Actor (LMB): StaticMeshActor (SM_Rock6_low8)
[2020.01.22-20.33.25:170][838]Cmd: SELECT NONE
[2020.01.22-20.33.26:588][  2]LogEditorViewport: Clicking on Actor (LMB): StaticMeshActor (SM_Rock6_low9)
[2020.01.22-20.33.31:103][485]Cmd: SELECT NONE
[2020.01.22-20.33.32:684][667]LogEditorViewport: Clicking on Actor (LMB): StaticMeshActor (SM_Rock6_low9)
[2020.01.22-20.33.37:958][250]Cmd: SELECT NONE
[2020.01.22-20.33.40:655][570]LogEditorViewport: Clicking on Actor (LMB): StaticMeshActor (SM_Rock3_low7)
[2020.01.22-20.33.49:115][536]Cmd: SELECT NONE
[2020.01.22-20.33.52:630][947]LogEditorViewport: Clicking on Actor (LMB): StaticMeshActor (SM_level_top)
[2020.01.22-20.33.53:047][981]LogEditorViewport: Clicking on Actor (LMB): StaticMeshActor (SM_Rock3_low8)
[2020.01.22-20.34.04:999][240]Cmd: SELECT NONE
[2020.01.22-20.34.08:862][682]LogEditorViewport: Clicking on Actor (LMB): StaticMeshActor (SM_Rock3_low8)
[2020.01.22-20.34.10:484][840]Cmd: SELECT NONE
[2020.01.22-20.34.17:223][639]LogEditorViewport: Clicking on Actor (LMB): StaticMeshActor (Pavilion_base)
[2020.01.22-20.34.22:518][232]Cmd: TRANSACTION UNDO
[2020.01.22-20.34.22:518][232]LogEditorTransaction: Undo Move Actors
[2020.01.22-20.34.33:148][445]LogEditorViewport: Clicking on Actor (LMB): StaticMeshActor (SM_Rock3_low8)
[2020.01.22-20.34.44:816][765]LogEditorViewport: Clicking on Actor (LMB): StaticMeshActor (SM_Rock3_low10)
[2020.01.22-20.34.45:317][821]LogEditorViewport: Clicking on Actor (LMB): StaticMeshActor (SM_Rock2_low2)
[2020.01.22-20.34.53:579][767]Cmd: SELECT NONE
[2020.01.22-20.34.54:884][919]LogEditorViewport: Clicking on Actor (LMB): StaticMeshActor (SM_Rock3_low10)
[2020.01.22-20.35.01:692][681]Cmd: SELECT NONE
[2020.01.22-20.35.07:117][313]LogEditorViewport: Clicking on Actor (LMB): StaticMeshActor (SM_Rock3_low8)
[2020.01.22-20.35.48:851][973]Cmd: SELECT NONE
[2020.01.22-20.35.51:021][228]LogEditorViewport: Clicking on Actor (LMB): StaticMeshActor (SM_Rock3_low8)
[2020.01.22-20.35.56:723][832]LogEditorViewport: Clicking on Actor (LMB): StaticMeshActor (SM_Rock3_low7)
[2020.01.22-20.36.13:482][709]Cmd: SELECT NONE
[2020.01.22-20.36.14:720][850]LogEditorViewport: Clicking on Actor (LMB): StaticMeshActor (SM_Rock3_low7)
[2020.01.22-20.36.17:254][108]Cmd: SELECT NONE
[2020.01.22-20.36.18:538][250]LogEditorViewport: Clicking on Actor (LMB): StaticMeshActor (SM_Rock3_low7)
[2020.01.22-20.36.19:256][319]Cmd: SELECT NONE
[2020.01.22-20.36.21:658][597]LogEditorViewport: Clicking on Actor (LMB): StaticMeshActor (SM_Rock3_low8)
[2020.01.22-20.36.22:155][652]LogEditorViewport: Clicking on Actor (LMB): StaticMeshActor (SM_Rock6_low3)
[2020.01.22-20.36.22:501][689]Cmd: SELECT NONE
[2020.01.22-20.36.25:572][ 52]LogEditorViewport: Clicking on Actor (LMB): StaticMeshActor (SM_Rock6_low3)
[2020.01.22-20.36.27:567][246]LogEditorViewport: Clicking on Actor (LMB): StaticMeshActor (SM_Rock2_low4)
[2020.01.22-20.36.31:085][628]Cmd: SELECT NONE
[2020.01.22-20.36.31:854][720]LogEditorViewport: Clicking on Actor (LMB): StaticMeshActor (SM_Rock2_low4)
[2020.01.22-20.36.33:265][882]Cmd: SELECT NONE
[2020.01.22-20.36.35:754][169]LogEditorViewport: Clicking on Actor (LMB): StaticMeshActor (SM_Rock1_low3)
[2020.01.22-20.36.47:352][394]Cmd: SELECT NONE
[2020.01.22-20.36.52:435][998]LogEditorViewport: Clicking on Actor (LMB): StaticMeshActor (SM_Rock2_low4)
[2020.01.22-20.36.59:227][739]Cmd: SELECT NONE
[2020.01.22-20.37.01:701][ 30]LogEditorViewport: Clicking on Actor (LMB): StaticMeshActor (SM_Rock2_low4)
[2020.01.22-20.37.03:281][202]Cmd: SELECT NONE
[2020.01.22-20.37.05:354][450]LogEditorViewport: Clicking on Actor (LMB): StaticMeshActor (SM_Rock2_low4)
[2020.01.22-20.37.09:265][877]Cmd: SELECT NONE
[2020.01.22-20.37.12:066][199]LogEditorViewport: Clicking on Actor (LMB): StaticMeshActor (SM_Rock2_low4)
[2020.01.22-20.37.18:104][845]Cmd: SELECT NONE
[2020.01.22-20.37.22:602][364]LogEditorViewport: Clicking on Actor (LMB): StaticMeshActor (SM_Rock3_low7)
[2020.01.22-20.37.41:466][470]Cmd: SELECT NONE
[2020.01.22-20.37.45:231][917]LogEditorViewport: Clicking on Actor (LMB): StaticMeshActor (SM_Rock3_low11)
[2020.01.22-20.37.56:741][182]Cmd: SELECT NONE
[2020.01.22-20.37.57:890][315]LogEditorViewport: Clicking on Actor (LMB): StaticMeshActor (SM_Rock3_low12)
[2020.01.22-20.38.01:059][633]Cmd: SELECT NONE
[2020.01.22-20.38.06:979][336]LogSlate: FSceneViewport::OnFocusLost() reason 0
[2020.01.22-20.38.07:062][346]MapCheck: New page: Map Check
[2020.01.22-20.38.07:073][346]Cmd: MAP REBUILD ALLVISIBLE
[2020.01.22-20.38.07:081][346]LogEditorServer: Rebuildmap Clear paths rebuilt
[2020.01.22-20.38.07:200][346]LogWorld: UWorld::CleanupWorld for Diorama, bSessionEnded=true, bCleanupResources=false
[2020.01.22-20.38.07:248][346]LogUObjectHash: Compacting FUObjectHashTables data took   1.65ms
[2020.01.22-20.38.07:407][346]LogMaterial: Display: Missing cached shader map for material DebugViewMode MaterialTexCoordScale, compiling. 
[2020.01.22-20.38.07:433][346]LogShaderCompilers: Display: Worker (1/13): shaders left to compile 2
[2020.01.22-20.38.07:433][346]LogShaderCompilers: Display: Worker (2/13): shaders left to compile 1
[2020.01.22-20.38.07:433][346]LogMaterial: Display: Missing cached shader map for material DebugViewMode MaterialTexCoordScale, compiling. 
[2020.01.22-20.38.07:440][346]LogMaterial: Display: Missing cached shader map for material DebugViewMode MaterialTexCoordScale, compiling. 
[2020.01.22-20.38.07:446][346]LogMaterial: Display: Missing cached shader map for material DebugViewMode MaterialTexCoordScale, compiling. 
[2020.01.22-20.38.07:453][346]LogMaterial: Display: Missing cached shader map for material DebugViewMode MaterialTexCoordScale, compiling. 
[2020.01.22-20.38.07:461][346]LogShaderCompilers: Display: Worker (3/13): shaders left to compile 6
[2020.01.22-20.38.07:461][346]LogShaderCompilers: Display: Worker (4/13): shaders left to compile 5
[2020.01.22-20.38.07:461][346]LogShaderCompilers: Display: Worker (5/13): shaders left to compile 4
[2020.01.22-20.38.07:461][346]LogShaderCompilers: Display: Worker (6/13): shaders left to compile 3
[2020.01.22-20.38.07:461][346]LogShaderCompilers: Display: Worker (7/13): shaders left to compile 2
[2020.01.22-20.38.07:461][346]LogShaderCompilers: Display: Worker (8/13): shaders left to compile 1
[2020.01.22-20.38.07:461][346]LogMaterial: Display: Missing cached shader map for material DebugViewMode MaterialTexCoordScale, compiling. 
[2020.01.22-20.38.07:469][346]LogMaterial: Display: Missing cached shader map for material DebugViewMode MaterialTexCoordScale, compiling. 
[2020.01.22-20.38.07:476][346]LogMaterial: Display: Missing cached shader map for material DebugViewMode MaterialTexCoordScale, compiling. 
[2020.01.22-20.38.07:485][346]LogMaterial: Display: Missing cached shader map for material DebugViewMode MaterialTexCoordScale, compiling. 
[2020.01.22-20.38.07:493][346]LogMaterial: Display: Missing cached shader map for material DebugViewMode MaterialTexCoordScale, compiling. 
[2020.01.22-20.38.07:501][346]LogMaterial: Display: Missing cached shader map for material DebugViewMode MaterialTexCoordScale, compiling. 
[2020.01.22-20.38.08:588][346]LogShaderCompilers: Display: Worker (9/13): shaders left to compile 12
[2020.01.22-20.38.08:588][346]LogShaderCompilers: Display: Worker (10/13): shaders left to compile 11
[2020.01.22-20.38.08:588][346]LogShaderCompilers: Display: Worker (11/13): shaders left to compile 10
[2020.01.22-20.38.08:588][346]LogShaderCompilers: Display: Worker (12/13): shaders left to compile 9
[2020.01.22-20.38.08:588][346]LogShaderCompilers: Display: Worker (11/13): shaders left to compile 10
[2020.01.22-20.38.08:588][346]LogShaderCompilers: Display: Worker (5/13): shaders left to compile 9
[2020.01.22-20.38.08:588][346]LogShaderCompilers: Display: Worker (9/13): shaders left to compile 8
[2020.01.22-20.38.08:588][346]LogShaderCompilers: Display: Worker (3/13): shaders left to compile 7
[2020.01.22-20.38.08:588][346]LogShaderCompilers: Display: Worker (10/13): shaders left to compile 6
[2020.01.22-20.38.08:588][346]LogShaderCompilers: Display: Worker (2/13): shaders left to compile 5
[2020.01.22-20.38.08:588][346]LogShaderCompilers: Display: Worker (4/13): shaders left to compile 4
[2020.01.22-20.38.08:588][346]LogShaderCompilers: Display: Worker (6/13): shaders left to compile 3
[2020.01.22-20.38.08:588][346]LogShaderCompilers: Display: Worker (7/13): shaders left to compile 2
[2020.01.22-20.38.08:588][346]LogShaderCompilers: Display: Worker (8/13): shaders left to compile 1
[2020.01.22-20.38.08:588][346]TextureStreamingBuild: Display: Compiling optional shaders took 1.185 seconds.
[2020.01.22-20.38.08:598][346]LogLevel: Display: Export Material TexCoord Scales took 0.009 seconds.
[2020.01.22-20.38.08:752][346]TextureStreamingBuild: Display: Build Texture Streaming took 0.153 seconds.
[2020.01.22-20.38.08:789][346]LogUObjectHash: Compacting FUObjectHashTables data took   0.74ms
[2020.01.22-20.38.08:791][346]LightingResults: New page: Lighting Build - 22 Jan 2020 20:38:08
[2020.01.22-20.38.08:925][346]LogSwarmInterface: [OpenConnection] Registering TCP channel ...
[2020.01.22-20.38.09:108][346]LogSwarmInterface: [OpenConnection] Connecting to agent ...
[2020.01.22-20.38.09:123][346]LogSwarmInterface: [TryOpenConnection] Testing the Agent
[2020.01.22-20.38.09:646][346]LogSwarmInterface: [TryOpenConnection] Opening Connection to Agent
[2020.01.22-20.38.09:646][346]LogSwarmInterface: [TryOpenConnection] Local Process ID is 16152
[2020.01.22-20.38.16:461][346]LogStaticLightingSystem: Warning: No importance volume found, so the scene bounding box was used.  You can optimize your scene's quality and lighting build times by adding importance volumes.
[2020.01.22-20.38.16:462][346]LogStaticLightingSystem: Running Lightmass w/ ImmediateImport mode ENABLED
[2020.01.22-20.38.16:462][346]LogStaticLightingSystem: Running Lightmass w/ ImmediateProcess mode ENABLED
[2020.01.22-20.38.16:462][346]LogStaticLightingSystem: Running Lightmass w/ Sorting mode ENABLED
[2020.01.22-20.38.16:462][346]LogStaticLightingSystem: Running Lightmass w/ Mapping paddings ENABLED
[2020.01.22-20.38.16:462][346]LogStaticLightingSystem: Running Lightmass w/ Mapping debug paddings DISABLED
[2020.01.22-20.38.16:892][346]Cmd: MAP CHECK DONTDISPLAYDIALOG
[2020.01.22-20.38.16:892][346]MapCheck: New page: Diorama - 22 Jan 2020 20:38:16
[2020.01.22-20.38.16:893][346]MapCheck: Error: WorldSettings_1 Maps need lighting rebuilt 
[2020.01.22-20.38.16:897][346]MapCheck: Warning: Pavilion_low_2 Static mesh actor has NULL StaticMesh property 
[2020.01.22-20.38.16:898][346]MapCheck: Map check complete: 1 Error(s), 1 Warning(s), took 5.432ms to complete.
[2020.01.22-20.38.16:900][346]LogEditorBuildUtils: Build time 0:09
[2020.01.22-20.38.16:988][347]LogMaterial: Display: Missing cached shader map for material FLightmassMaterialRenderer m_Soil, compiling. 
[2020.01.22-20.38.16:996][347]LogShaderCompilers: Display: Worker (1/13): shaders left to compile 2
[2020.01.22-20.38.16:996][347]LogShaderCompilers: Display: Worker (2/13): shaders left to compile 1
[2020.01.22-20.38.16:996][347]LogMaterial: Display: Missing cached shader map for material FLightmassMaterialRenderer m_Soil, compiling. 
[2020.01.22-20.38.17:020][348]LogShaderCompilers: Display: Worker (3/13): shaders left to compile 2
[2020.01.22-20.38.17:020][348]LogShaderCompilers: Display: Worker (4/13): shaders left to compile 1
[2020.01.22-20.38.17:020][348]LogMaterial: Display: Missing cached shader map for material FLightmassMaterialRenderer m_Pavilion, compiling. 
[2020.01.22-20.38.17:029][348]LogShaderCompilers: Display: Worker (5/13): shaders left to compile 2
[2020.01.22-20.38.17:029][348]LogShaderCompilers: Display: Worker (6/13): shaders left to compile 1
[2020.01.22-20.38.17:029][348]LogMaterial: Display: Missing cached shader map for material FLightmassMaterialRenderer m_Pavilion, compiling. 
[2020.01.22-20.38.17:043][349]LogShaderCompilers: Display: Worker (7/13): shaders left to compile 2
[2020.01.22-20.38.17:043][349]LogShaderCompilers: Display: Worker (8/13): shaders left to compile 1
[2020.01.22-20.38.17:057][349]LogMaterial: Display: Missing cached shader map for material FLightmassMaterialRenderer m_Rocks, compiling. 
[2020.01.22-20.38.17:068][349]LogShaderCompilers: Display: Worker (9/13): shaders left to compile 2
[2020.01.22-20.38.17:068][349]LogShaderCompilers: Display: Worker (10/13): shaders left to compile 1
[2020.01.22-20.38.17:069][349]LogMaterial: Display: Missing cached shader map for material FLightmassMaterialRenderer m_Rocks, compiling. 
[2020.01.22-20.38.17:085][349]LogShaderCompilers: Display: Worker (11/13): shaders left to compile 2
[2020.01.22-20.38.17:085][349]LogShaderCompilers: Display: Worker (12/13): shaders left to compile 1
[2020.01.22-20.38.18:042][356]LogUObjectHash: Compacting FUObjectHashTables data took   0.75ms
[2020.01.22-20.38.20:211][362]LogUObjectHash: Compacting FUObjectHashTables data took   0.99ms
[2020.01.22-20.38.20:212][362]Cmd: OBJ SAVEPACKAGE PACKAGE="/Game/Diorama" FILE="../../../../Art/Park_SFAS/Park/Saved/Autosaves/Game/Diorama_Auto3.umap" SILENT=true AUTOSAVING=true KEEPDIRTY=false
[2020.01.22-20.38.20:593][362]LogSavePackage: Moving '../../../../Art/Park_SFAS/Park/Saved/Diorama_Auto3F408D11F4E6E0895C7BBC98C7B75A618.tmp' to '../../../../Art/Park_SFAS/Park/Saved/Autosaves/Game/Diorama_Auto3.umap'
[2020.01.22-20.38.20:605][362]LogFileHelpers: Editor autosave (incl. sublevels) for '/Game/Diorama' took 0.431
[2020.01.22-20.38.20:606][362]LogFileHelpers: Editor autosave (incl. sublevels) for all levels took 0.431
[2020.01.22-20.38.22:339][368]Job is a success!
[2020.01.22-20.38.22:728][369]LogVolumetricLightmapImport: Imported Volumetric Lightmap in 0.006s
[2020.01.22-20.38.22:728][369]LogVolumetricLightmapImport:      Indirection Texture 16x16x16 = 0.0Mb
[2020.01.22-20.38.22:728][369]LogVolumetricLightmapImport:      BrickData 50x5x5 = 0.0Mb
[2020.01.22-20.38.22:728][369]LogVolumetricLightmapImport:      Bricks at Level
[2020.01.22-20.38.22:728][369]LogVolumetricLightmapImport:          0: 10.0% covering 100.0% of volume
[2020.01.22-20.38.22:728][369]LogVolumetricLightmapImport:          1: 10.0% covering 1.6% of volume
[2020.01.22-20.38.22:728][369]LogVolumetricLightmapImport:          2: 80.0% covering 0.2% of volume
[2020.01.22-20.38.23:223][369]LogTexture: Display: Building textures: HQ_Lightmap0_1 (AutoDXT, 1024X1024)
[2020.01.22-20.38.23:223][369]LogTexture: Display: Building textures: LQ_Lightmap_0_1 (DXT1, 1024X1024)
[2020.01.22-20.38.23:223][369]LogTexture: Display: Building textures: HQ_Lightmap0_2 (AutoDXT, 1024X1024)
[2020.01.22-20.38.23:223][369]LogTexture: Display: Building textures: LQ_Lightmap_0_2 (DXT1, 1024X1024)
[2020.01.22-20.38.23:223][369]LogTexture: Display: Building textures: HQ_Lightmap0_3 (AutoDXT, 64X64)
[2020.01.22-20.38.23:223][369]LogTexture: Display: Building textures: LQ_Lightmap_0_3 (DXT1, 64X64)
[2020.01.22-20.38.23:325][369]LogTexture: Display: Building textures: ShadowMapTexture2D_3 (G8, 32X32)
[2020.01.22-20.38.23:325][369]LogTexture: Display: Building textures: ShadowMapTexture2D_2 (G8, 1024X512)
[2020.01.22-20.38.23:364][369]Lightmass on JONATHAN-PC: 4.72 sec total, 201 ms importing, 119 ms setup, 541 ms photons, 3.83 sec processing, 0 ms extra exporting [298/298 mappings]. Threads: 57.5 sec total, 31.9 sec processing.
[2020.01.22-20.38.23:365][369]LogStaticLightingSystem: Diorama_BuiltData storing lightmap data for 298 meshes in 5 LightmapResourceClusters (59.6 Meshes per cluster).
[2020.01.22-20.38.23:406][369]LogUObjectHash: Compacting FUObjectHashTables data took   1.86ms
[2020.01.22-20.38.23:410][369]LogStaticLightingSystem: Illumination: 14.2 sec (403 ms encoding lightmaps, 95 ms encoding shadowmaps)
[2020.01.22-20.38.23:410][369]LogStaticLightingSystem: Lightmap texture memory:  4.0 MB (4.0 MB streaming, 0.0 MB non-streaming), 6 textures
[2020.01.22-20.38.23:410][369]LogStaticLightingSystem: Shadowmap texture memory: 0.7 MB (0.7 MB streaming, 0.0 MB non-streaming), 2 textures
[2020.01.22-20.38.24:476][369]DumpUnbuiltLightIteractions
[2020.01.22-20.38.24:476][369]Lights with unbuilt interactions: 0
[2020.01.22-20.38.24:476][369]
[2020.01.22-20.38.24:476][369]Primitives with unbuilt interactions: 0
[2020.01.22-20.38.24:566][370]Cmd: MAP CHECK NOTIFYRESULTS
[2020.01.22-20.38.24:566][370]MapCheck: New page: Diorama - 22 Jan 2020 20:38:24
[2020.01.22-20.38.24:568][370]MapCheck: Warning: Pavilion_low_2 Static mesh actor has NULL StaticMesh property 
[2020.01.22-20.38.24:568][370]MapCheck: Map check complete: 0 Error(s), 1 Warning(s), took 2.216ms to complete.
[2020.01.22-20.48.22:794][162]LogUObjectHash: Compacting FUObjectHashTables data took   1.61ms
[2020.01.22-20.48.22:795][162]Cmd: OBJ SAVEPACKAGE PACKAGE="/Game/Diorama" FILE="../../../../Art/Park_SFAS/Park/Saved/Autosaves/Game/Diorama_Auto4.umap" SILENT=true AUTOSAVING=true KEEPDIRTY=false
[2020.01.22-20.48.23:017][162]LogSavePackage: Moving '../../../../Art/Park_SFAS/Park/Saved/Diorama_Auto441A6A700489185780E00B99DC3F1DE46.tmp' to '../../../../Art/Park_SFAS/Park/Saved/Autosaves/Game/Diorama_Auto4.umap'
[2020.01.22-20.48.23:020][162]LogFileHelpers: Editor autosave (incl. sublevels) for '/Game/Diorama' took 0.262
[2020.01.22-20.48.23:020][162]LogFileHelpers: Editor autosave (incl. sublevels) for all levels took 0.262
[2020.01.22-20.58.23:357][961]LogUObjectHash: Compacting FUObjectHashTables data took   2.04ms
[2020.01.22-20.58.23:357][961]LogFileHelpers: Editor autosave (incl. sublevels) for '/Game/Diorama' took 0.039
[2020.01.22-21.08.23:852][760]LogUObjectHash: Compacting FUObjectHashTables data took   0.88ms
[2020.01.22-21.08.23:852][760]LogFileHelpers: Editor autosave (incl. sublevels) for '/Game/Diorama' took 0.035
[2020.01.22-21.11.29:817][872]LogEditorViewport: Clicking on Actor (LMB): StaticMeshActor (SM_Rock5_low4)
[2020.01.22-21.11.31:759][ 46]LogEditorViewport: Clicking on Actor (LMB): StaticMeshActor (SM_Rock3_low7)
[2020.01.22-21.11.34:241][277]Cmd: TRANSACTION UNDO
[2020.01.22-21.11.34:241][277]LogEditorTransaction: Undo Move Actors
[2020.01.22-21.11.34:703][325]LogEditorViewport: Clicking on Actor (LMB): StaticMeshActor (SM_Rock6_low4)
[2020.01.22-21.11.36:943][577]Cmd: TRANSACTION UNDO
[2020.01.22-21.11.36:943][577]LogEditorTransaction: Undo Move Actors
[2020.01.22-21.11.38:552][765]Cmd: DELETE
[2020.01.22-21.11.38:552][765]Cmd: ACTOR DELETE
[2020.01.22-21.11.38:557][765]LogEditorActor: Deleted Actor: StaticMeshActor
[2020.01.22-21.11.38:592][765]LogUObjectHash: Compacting FUObjectHashTables data took   0.72ms
[2020.01.22-21.11.38:592][765]LogEditorActor: Deleted 1 Actors (0.040 secs)
[2020.01.22-21.11.39:055][820]LogEditorViewport: Clicking on Actor (LMB): StaticMeshActor (SM_Rock3_low7)
[2020.01.22-21.11.43:065][214]Cmd: DELETE
[2020.01.22-21.11.43:065][214]Cmd: ACTOR DELETE
[2020.01.22-21.11.43:069][214]LogEditorActor: Deleted Actor: StaticMeshActor
[2020.01.22-21.11.43:103][214]LogUObjectHash: Compacting FUObjectHashTables data took   0.72ms
[2020.01.22-21.11.43:104][214]LogEditorActor: Deleted 1 Actors (0.039 secs)
[2020.01.22-21.11.44:048][327]Cmd: TRANSACTION UNDO
[2020.01.22-21.11.44:048][327]LogEditorTransaction: Undo Delete Actors
[2020.01.22-21.11.50:477][980]Cmd: TRANSACTION UNDO
[2020.01.22-21.11.50:477][980]LogEditorTransaction: Undo Move Actors
[2020.01.22-21.11.51:440][ 87]Cmd: TRANSACTION UNDO
[2020.01.22-21.11.51:440][ 87]LogEditorTransaction: Undo Rotate Actors
[2020.01.22-21.11.54:138][349]Cmd: SELECT NONE
[2020.01.22-21.11.56:715][640]LogEditorViewport: Clicking on Actor (LMB): StaticMeshActor (SM_Rock3_low7)
[2020.01.22-21.12.07:203][666]LogEditorViewport: Clicking on Actor (LMB): StaticMeshActor (SM_Rock3_low7)
[2020.01.22-21.12.51:977][376]Cmd: SELECT NONE
[2020.01.22-21.12.53:382][528]LogEditorViewport: Clicking on Actor (LMB): StaticMeshActor (SM_Rock1_low3)
[2020.01.22-21.12.56:410][812]Cmd: SELECT NONE
[2020.01.22-21.12.58:528][ 54]LogEditorViewport: Clicking on Actor (LMB): StaticMeshActor (SM_Rock4_low)
[2020.01.22-21.13.02:846][477]Cmd: SELECT NONE
[2020.01.22-21.13.03:364][539]LogEditorViewport: Clicking on Actor (LMB): StaticMeshActor (SM_Rock4_low)
[2020.01.22-21.13.05:796][800]Cmd: SELECT NONE
[2020.01.22-21.13.09:239][192]LogEditorViewport: Clicking on Actor (LMB): StaticMeshActor (SM_Path)
[2020.01.22-21.13.10:296][290]LogEditorViewport: Clicking on Actor (LMB): StaticMeshActor (SM_Rock1_low4)
[2020.01.22-21.13.13:038][550]LogSlate: FSceneViewport::OnFocusLost() reason 0
[2020.01.22-21.13.17:039][945]LogEditorViewport: Clicking on Actor (LMB): StaticMeshActor (SM_Rock3_low3)
[2020.01.22-21.13.18:683][ 63]LogSlate: FSceneViewport::OnFocusLost() reason 0
[2020.01.22-21.13.21:665][334]LogEditorViewport: Clicking on Actor (LMB): StaticMeshActor (SM_Rock3_low2)
[2020.01.22-21.13.22:719][454]LogSlate: FSceneViewport::OnFocusLost() reason 0
[2020.01.22-21.13.24:946][684]LogEditorViewport: Clicking on Actor (LMB): BP_Sky_Sphere_C (Sky Sphere)
[2020.01.22-21.13.28:792][ 42]LogEditorViewport: Clicking on Actor (LMB): StaticMeshActor (SM_Pavilion)
[2020.01.22-21.13.29:534][108]Cmd: SELECT NONE
[2020.01.22-21.13.40:142][356]LogEditorViewport: Clicking on Actor (LMB): StaticMeshActor (SM_Rock3_low11)
[2020.01.22-21.13.41:845][508]Cmd: SELECT NONE
[2020.01.22-21.13.48:989][338]LogEditorViewport: Clicking on Actor (LMB): StaticMeshActor (SM_Bridge)
[2020.01.22-21.13.50:904][499]Cmd: SELECT NONE
[2020.01.22-21.13.54:865][952]LogEditorViewport: Clicking on Actor (LMB): StaticMeshActor (SM_Rock1_low5)
[2020.01.22-21.13.55:582][  8]Cmd: SELECT NONE
[2020.01.22-21.14.29:128][813]LogSlate: FSceneViewport::OnFocusLost() reason 0
[2020.01.22-21.14.48:850][ 98]LogEditorViewport: Clicking on Actor (LMB): StaticMeshActor (SM_Rock1_low3)
[2020.01.22-21.15.00:353][187]LogEditorViewport: Clicking on Actor (LMB): BP_Sky_Sphere_C (Sky Sphere)
[2020.01.22-21.15.02:869][405]Cmd: SELECT NONE
[2020.01.22-21.15.05:911][731]LogEditorViewport: Clicking on Actor (LMB): StaticMeshActor (SM_Rock5_low3)
[2020.01.22-21.15.20:479][135]Cmd: SELECT NONE
[2020.01.22-21.15.21:180][206]LogEditorViewport: Clicking on Actor (LMB): StaticMeshActor (SM_Rock5_low7)
[2020.01.22-21.15.25:230][591]Cmd: SELECT NONE
[2020.01.22-21.15.25:655][641]LogEditorViewport: Clicking on Actor (LMB): StaticMeshActor (SM_Rock5_low7)
[2020.01.22-21.15.29:063][969]Cmd: DELETE
[2020.01.22-21.15.29:063][969]Cmd: ACTOR DELETE
[2020.01.22-21.15.29:067][969]LogEditorActor: Deleted Actor: StaticMeshActor
[2020.01.22-21.15.29:103][969]LogUObjectHash: Compacting FUObjectHashTables data took   1.49ms
[2020.01.22-21.15.29:103][969]LogEditorActor: Deleted 1 Actors (0.041 secs)
[2020.01.22-21.15.30:264][107]LogSlate: FSceneViewport::OnFocusLost() reason 0
[2020.01.22-21.15.47:301][903]LogEditorViewport: Clicking on Actor (LMB): StaticMeshActor (SM_Rock5_low7)
[2020.01.22-21.16.17:110][ 50]Cmd: CAMERA ALIGN ACTIVEVIEWPORTONLY
[2020.01.22-21.16.20:720][351]Cmd: SELECT NONE
[2020.01.22-21.16.22:463][529]LogEditorViewport: Clicking on Actor (LMB): StaticMeshActor (SM_Rock5_low7)
[2020.01.22-21.16.36:887][ 28]Cmd: SELECT NONE
[2020.01.22-21.16.39:456][304]LogEditorViewport: Clicking on Actor (LMB): StaticMeshActor (SM_Rock3_low12)
[2020.01.22-21.16.40:731][402]LogEditorViewport: Clicking on Actor (LMB): StaticMeshActor (SM_Rock2_low5)
[2020.01.22-21.16.42:302][524]LogEditorViewport: Clicking on Actor (LMB): StaticMeshActor (SM_Rock5_low3)
[2020.01.22-21.17.24:120][747]Cmd: SELECT NONE
[2020.01.22-21.17.24:624][806]LogEditorViewport: Clicking on Actor (LMB): StaticMeshActor (SM_Rock5_low9)
[2020.01.22-21.17.27:508][108]Cmd: SELECT NONE
[2020.01.22-21.17.29:416][324]LogEditorViewport: Clicking on Actor (LMB): StaticMeshActor (SM_Rock5_low8)
[2020.01.22-21.17.29:816][349]LogEditorViewport: Clicking on Actor (LMB): StaticMeshActor (SM_Rock5_low9)
[2020.01.22-21.17.30:241][387]LogEditorViewport: Clicking on Actor (LMB): StaticMeshActor (SM_Rock5_low8)
[2020.01.22-21.17.31:834][523]LogEditorViewport: Clicking on Actor (LMB): StaticMeshActor (SM_Rock5_low8)
[2020.01.22-21.17.32:496][572]LogEditorViewport: Clicking on Actor (LMB): StaticMeshActor (SM_Rock5_low8)
[2020.01.22-21.17.36:773][ 37]Cmd: SELECT NONE
[2020.01.22-21.17.38:229][202]LogEditorViewport: Clicking on Actor (LMB): StaticMeshActor (SM_Rock5_low9)
[2020.01.22-21.17.43:263][678]Cmd: SELECT NONE
[2020.01.22-21.17.44:333][791]LogEditorViewport: Clicking on Actor (LMB): StaticMeshActor (SM_Rock6_low4)
[2020.01.22-21.17.47:863][154]Cmd: SELECT NONE
[2020.01.22-21.17.49:179][297]LogEditorViewport: Clicking on Actor (LMB): StaticMeshActor (SM_Rock5_low7)
[2020.01.22-21.17.50:130][366]LogEditorViewport: Clicking on Actor (LMB): StaticMeshActor (SM_Rock6_low4)
[2020.01.22-21.17.53:481][665]Cmd: SELECT NONE
[2020.01.22-21.17.54:701][788]LogEditorViewport: Clicking on Actor (LMB): StaticMeshActor (SM_Rock5_low9)
[2020.01.22-21.17.58:178][111]Cmd: SELECT NONE
[2020.01.22-21.17.59:097][220]LogEditorViewport: Clicking on Actor (LMB): StaticMeshActor (SM_Rock5_low9)
[2020.01.22-21.18.01:210][449]Cmd: SELECT NONE
[2020.01.22-21.18.05:990][981]LogEditorViewport: Clicking on Actor (LMB): StaticMeshActor (SM_Rock5_low4)
[2020.01.22-21.18.17:054][ 55]Cmd: SELECT NONE
[2020.01.22-21.18.19:164][284]LogEditorViewport: Clicking on Actor (LMB): StaticMeshActor (SM_Rock3_low7)
[2020.01.22-21.18.19:540][308]LogEditorViewport: Clicking on Actor (LMB): StaticMeshActor (SM_Rock3_low7)
[2020.01.22-21.18.20:969][415]LogEditorViewport: Clicking on Actor (LMB): StaticMeshActor (SM_Rock2_low3)
[2020.01.22-21.18.21:656][473]LogEditorViewport: Clicking on Actor (LMB): StaticMeshActor (SM_Rock2_low3)
[2020.01.22-21.18.22:255][542]LogEditorViewport: Clicking on Actor (LMB): StaticMeshActor (SM_Rock2_low3)
[2020.01.22-21.18.32:990][696]LogEditorViewport: Clicking on Actor (LMB): StaticMeshActor (SM_Rock1_low2)
[2020.01.22-21.18.38:335][213]Cmd: SELECT NONE
[2020.01.22-21.18.39:561][336]LogEditorViewport: Clicking on Actor (LMB): StaticMeshActor (SM_Rock6_low9)
[2020.01.22-21.18.44:831][876]Cmd: SELECT NONE
[2020.01.22-21.18.46:970][108]LogEditorViewport: Clicking on Actor (LMB): StaticMeshActor (SM_Rock3_low8)
[2020.01.22-21.18.47:444][138]LogEditorViewport: Clicking on Actor (LMB): StaticMeshActor (SM_Rock3_low10)
[2020.01.22-21.18.54:402][795]Cmd: SELECT NONE
[2020.01.22-21.18.54:850][848]LogEditorViewport: Clicking on Actor (LMB): StaticMeshActor (SM_Rock2_low2)
[2020.01.22-21.18.55:852][963]LogEditorViewport: Clicking on Actor (LMB): StaticMeshActor (SM_Rock3_low10)
[2020.01.22-21.18.57:661][128]LogEditorViewport: Clicking on Actor (LMB): StaticMeshActor (SM_Rock3_low10)
[2020.01.22-21.19.00:103][358]Cmd: SELECT NONE
[2020.01.22-21.19.01:048][471]LogEditorViewport: Clicking on Actor (LMB): StaticMeshActor (SM_Rock2_low2)
[2020.01.22-21.19.04:896][832]LogEditorViewport: Clicking on Actor (LMB): StaticMeshActor (SM_River)
[2020.01.22-21.19.09:353][247]Cmd: SELECT NONE
[2020.01.22-21.19.11:173][429]LogEditorViewport: Clicking on Actor (LMB): StaticMeshActor (SM_River)
[2020.01.22-21.19.14:589][704]LogEditorViewport: Clicking on Actor (LMB): StaticMeshActor (SM_Rock5_low3)
[2020.01.22-21.19.21:545][367]Cmd: SELECT NONE
[2020.01.22-21.19.23:843][612]LogEditorViewport: Clicking on Actor (LMB): StaticMeshActor (SM_Rock3_low6)
[2020.01.22-21.19.24:519][660]Cmd: SELECT NONE
[2020.01.22-21.19.25:352][745]LogEditorViewport: Clicking on Actor (LMB): StaticMeshActor (SM_Rock3_low6)
[2020.01.22-21.19.26:089][798]Cmd: SELECT NONE
[2020.01.22-21.19.28:161][ 17]LogEditorViewport: Clicking on Actor (LMB): StaticMeshActor (SM_Rock2_low)
[2020.01.22-21.19.29:059][ 83]LogEditorViewport: Clicking on Actor (LMB): StaticMeshActor (SM_Rock3_low6)
[2020.01.22-21.19.29:597][116]LogEditorViewport: Clicking on Actor (LMB): BP_Sky_Sphere_C (Sky Sphere)
[2020.01.22-21.19.30:392][173]Cmd: SELECT NONE
[2020.01.22-21.19.35:889][754]LogEditorViewport: Clicking on Actor (LMB): StaticMeshActor (SM_Wall_joining)
[2020.01.22-21.19.43:493][504]LogEditorViewport: Clicking on Actor (LMB): StaticMeshActor (SM_Rock3_low3)
[2020.01.22-21.19.44:071][568]LogEditorViewport: Clicking on Actor (LMB): BP_Sky_Sphere_C (Sky Sphere)
[2020.01.22-21.19.47:127][847]Cmd: SELECT NONE
[2020.01.22-21.19.51:967][ 63]LogEditorViewport: Clicking on Actor (LMB): BP_Sky_Sphere_C (Sky Sphere)
[2020.01.22-21.19.53:196][185]LogEditorViewport: Clicking on Actor (LMB): BP_Sky_Sphere_C (Sky Sphere)
[2020.01.22-21.20.26:048][243]LogUObjectHash: Compacting FUObjectHashTables data took   1.59ms
[2020.01.22-21.20.26:059][243]Cmd: OBJ SAVEPACKAGE PACKAGE="/Game/Diorama" FILE="../../../../Art/Park_SFAS/Park/Saved/Autosaves/Game/Diorama_Auto5.umap" SILENT=true AUTOSAVING=true KEEPDIRTY=false
[2020.01.22-21.20.26:256][243]LogSavePackage: Moving '../../../../Art/Park_SFAS/Park/Saved/Diorama_Auto5E4A7E0FE4C7DD3DF585131B493F0B8CA.tmp' to '../../../../Art/Park_SFAS/Park/Saved/Autosaves/Game/Diorama_Auto5.umap'
[2020.01.22-21.20.26:259][243]LogFileHelpers: Editor autosave (incl. sublevels) for '/Game/Diorama' took 0.247
[2020.01.22-21.20.26:259][243]LogFileHelpers: Editor autosave (incl. sublevels) for all levels took 0.247
[2020.01.22-21.22.24:497][597]LogSlate: FSceneViewport::OnFocusLost() reason 5
[2020.01.22-21.22.27:235][818]LogEditorViewport: Clicking on Actor (LMB): StaticMeshActor (SM_Wall_end)
[2020.01.22-21.22.31:194][206]Cmd: SELECT NONE
[2020.01.22-21.22.46:142][952]LogEditorViewport: Clicking on Actor (LMB): StaticMeshActor (SM_tree)
[2020.01.22-21.22.47:601][ 68]Cmd: SELECT NONE
[2020.01.22-21.22.55:839][938]LogEditorViewport: Clicking on Actor (LMB): StaticMeshActor (SM_Bridge)
[2020.01.22-21.23.00:867][415]Cmd: SELECT NONE
[2020.01.22-21.23.01:828][516]LogEditorViewport: Clicking on Actor (LMB): StaticMeshActor (SM_grasspath)
[2020.01.22-21.23.03:807][683]Cmd: SELECT NONE
[2020.01.22-21.23.05:131][819]LogEditorViewport: Clicking on Actor (LMB): StaticMeshActor (SM_grasspath)
[2020.01.22-21.23.10:371][271]Cmd: SELECT NONE
[2020.01.22-21.23.12:212][450]LogEditorViewport: Clicking on Actor (LMB): StaticMeshActor (SM_grasspath)
[2020.01.22-21.23.13:743][580]Cmd: SELECT NONE
[2020.01.22-21.23.34:517][974]LogEditorViewport: Clicking on Actor (LMB): StaticMeshActor (SM_Rock1_low4)
[2020.01.22-21.23.34:909][997]LogEditorViewport: Clicking on Actor (LMB): StaticMeshActor (SM_River)
[2020.01.22-21.23.39:305][417]Cmd: SELECT NONE
[2020.01.22-21.23.50:272][598]LogEditorViewport: Clicking on Actor (LMB): StaticMeshActor (SM_Wall_end)
[2020.01.22-21.23.56:007][186]Cmd: CAMERA ALIGN ACTIVEVIEWPORTONLY
[2020.01.22-21.23.59:130][431]Cmd: SELECT NONE
[2020.01.22-21.24.02:219][734]LogEditorViewport: Clicking on Actor (LMB): StaticMeshActor (SM_Wall_end)
[2020.01.22-21.24.03:587][864]Cmd: SELECT NONE
[2020.01.22-21.24.30:008][608]LogEditorViewport: Clicking on Actor (LMB): BP_Sky_Sphere_C (Sky Sphere)
[2020.01.22-21.30.26:785][922]LogUObjectHash: Compacting FUObjectHashTables data took   2.05ms
[2020.01.22-21.30.26:999][922]Cmd: OBJ SAVEPACKAGE PACKAGE="/Game/Diorama" FILE="../../../../Art/Park_SFAS/Park/Saved/Autosaves/Game/Diorama_Auto6.umap" SILENT=true AUTOSAVING=true KEEPDIRTY=false
[2020.01.22-21.30.27:204][922]LogSavePackage: Moving '../../../../Art/Park_SFAS/Park/Saved/Diorama_Auto63CE0B0534E7116EB15842C8CB401BA93.tmp' to '../../../../Art/Park_SFAS/Park/Saved/Autosaves/Game/Diorama_Auto6.umap'
[2020.01.22-21.30.27:254][922]LogFileHelpers: Editor autosave (incl. sublevels) for '/Game/Diorama' took 0.508
[2020.01.22-21.30.27:254][922]LogFileHelpers: Editor autosave (incl. sublevels) for all levels took 0.508
[2020.01.22-21.40.27:579][713]LogUObjectHash: Compacting FUObjectHashTables data took   2.02ms
[2020.01.22-21.40.27:580][713]LogFileHelpers: Editor autosave (incl. sublevels) for '/Game/Diorama' took 0.038
[2020.01.22-21.41.09:517][839]LogSlate: FSceneViewport::OnFocusLost() reason 5
[2020.01.22-21.41.10:806][951]Cmd: OBJ SAVEPACKAGE PACKAGE="/Game/Diorama" FILE="../../../../Art/Park_SFAS/Park/Content/Diorama.umap" SILENT=true AUTOSAVING=false KEEPDIRTY=false
[2020.01.22-21.41.10:847][951]LogUObjectHash: Compacting FUObjectHashTables data took   0.76ms
[2020.01.22-21.41.11:050][951]LogSavePackage: Moving '../../../../Art/Park_SFAS/Park/Saved/DioramaAA6C7FA247C59FEAEDDCFFA48DF28F2C.tmp' to '../../../../Art/Park_SFAS/Park/Content/Diorama.umap'
[2020.01.22-21.41.11:086][951]Cmd: OBJ SAVEPACKAGE PACKAGE="/Game/Diorama_BuiltData" FILE="../../../../Art/Park_SFAS/Park/Content/Diorama_BuiltData.uasset" SILENT=true
[2020.01.22-21.41.11:207][951]LogSavePackage: Moving '../../../../Art/Park_SFAS/Park/Saved/Diorama_BuiltDataD2154E95472416499401F49D47FDEC8C.tmp' to '../../../../Art/Park_SFAS/Park/Content/Diorama_BuiltData.uasset'
[2020.01.22-21.41.12:858][136]LogUObjectHash: Compacting FUObjectHashTables data took   1.81ms
[2020.01.22-21.41.14:163][136]LogSlate: Window 'Save Content' being destroyed
[2020.01.22-21.41.14:181][136]Cmd: OBJ SAVEPACKAGE PACKAGE="/Game/Meshes/SM_Pavilion" FILE="../../../../Art/Park_SFAS/Park/Content/Meshes/SM_Pavilion.uasset" SILENT=true
[2020.01.22-21.41.14:214][136]LogSavePackage: Moving '../../../../Art/Park_SFAS/Park/Saved/SM_Pavilion58F8DD79423960DB0D1022A37C5F60F1.tmp' to '../../../../Art/Park_SFAS/Park/Content/Meshes/SM_Pavilion.uasset'
[2020.01.22-21.41.14:224][136]Cmd: OBJ SAVEPACKAGE PACKAGE="/Game/Textures/SM_Pavilion_blinn1SG_BaseColor" FILE="../../../../Art/Park_SFAS/Park/Content/Textures/SM_Pavilion_blinn1SG_BaseColor.uasset" SILENT=true
[2020.01.22-21.41.14:615][136]LogSavePackage: Moving '../../../../Art/Park_SFAS/Park/Saved/SM_Pavilion_blinn1SG_BaseColorC95436104F743EEB44E821836D625C5A.tmp' to '../../../../Art/Park_SFAS/Park/Content/Textures/SM_Pavilion_blinn1SG_BaseColor.uasset'
[2020.01.22-21.41.14:624][136]Cmd: OBJ SAVEPACKAGE PACKAGE="/Game/Textures/SM_Pavilion_blinn1SG_Normal" FILE="../../../../Art/Park_SFAS/Park/Content/Textures/SM_Pavilion_blinn1SG_Normal.uasset" SILENT=true
[2020.01.22-21.41.15:152][136]LogSavePackage: Moving '../../../../Art/Park_SFAS/Park/Saved/SM_Pavilion_blinn1SG_Normal205C1C2F4B472D3A63B863B9513EB6A9.tmp' to '../../../../Art/Park_SFAS/Park/Content/Textures/SM_Pavilion_blinn1SG_Normal.uasset'
[2020.01.22-21.41.15:529][136]LogSavePackage: Moving '../../../../Art/Park_SFAS/Park/Saved/SM_Pavilion_blinn1SG_OcclusionRoAE7A89D840E3A4EE08936F99C37C12C6.tmp' to '../../../../Art/Park_SFAS/Park/Content/Textures/SM_Pavilion_blinn1SG_OcclusionRoughnessMetallic.uasset'
[2020.01.22-21.41.15:924][136]LogSavePackage: Moving '../../../../Art/Park_SFAS/Park/Saved/SM_rocks_low_initialShadingGroupF018E46F405B84902A6BD8BC23D450F0.tmp' to '../../../../Art/Park_SFAS/Park/Content/Textures/SM_rocks_low_initialShadingGroup_BaseColor.uasset'
[2020.01.22-21.41.15:933][136]Cmd: OBJ SAVEPACKAGE PACKAGE="/Game/Textures/SM_rocks_low_initialShadingGroup_Normal" FILE="../../../../Art/Park_SFAS/Park/Content/Textures/SM_rocks_low_initialShadingGroup_Normal.uasset" SILENT=true
[2020.01.22-21.41.16:417][136]LogSavePackage: Moving '../../../../Art/Park_SFAS/Park/Saved/SM_rocks_low_initialShadingGroup90E292BE4C0954E825865AADA4207E0D.tmp' to '../../../../Art/Park_SFAS/Park/Content/Textures/SM_rocks_low_initialShadingGroup_Normal.uasset'
[2020.01.22-21.41.16:655][136]LogSavePackage: Moving '../../../../Art/Park_SFAS/Park/Saved/SM_rocks_low_initialShadingGroupFA01A2F84D1709C4834D48AF23F81E7D.tmp' to '../../../../Art/Park_SFAS/Park/Content/Textures/SM_rocks_low_initialShadingGroup_OcclusionRoughnessMetallic.uasset'
[2020.01.22-21.41.16:735][136]LogSlate: Window 'Message Log' being destroyed
[2020.01.22-21.41.16:737][136]LogSlate: Window 'Park - Unreal Editor' being destroyed
[2020.01.22-21.41.16:738][136]LogWindowsTextInputMethodSystem: Display: IME system now deactivated.
[2020.01.22-21.41.16:949][137]Cmd: QUIT_EDITOR
[2020.01.22-21.41.16:989][137]LogExit: Preparing to exit.
[2020.01.22-21.41.17:495][137]LogWorld: UWorld::CleanupWorld for World_1, bSessionEnded=true, bCleanupResources=true
[2020.01.22-21.41.17:495][137]LogWorld: UWorld::CleanupWorld for World_0, bSessionEnded=true, bCleanupResources=true
[2020.01.22-21.41.17:504][137]LogDemo: Cleaned up 0 splitscreen connections with owner deletion
[2020.01.22-21.41.17:526][137]LogWorld: UWorld::CleanupWorld for None, bSessionEnded=true, bCleanupResources=true
[2020.01.22-21.41.17:526][137]LogExit: Editor shut down
[2020.01.22-21.41.17:527][137]LogExit: Transaction tracking system shut down
[2020.01.22-21.41.17:940][137]LogExit: Object subsystem successfully closed.
[2020.01.22-21.41.17:973][137]LogShaderCompilers: Display: Shaders left to compile 0
[2020.01.22-21.41.17:989][137]LogModuleManager: Shutting down and abandoning module StaticMeshEditor (674)
[2020.01.22-21.41.17:989][137]LogModuleManager: Shutting down and abandoning module MeshBuilder (672)
[2020.01.22-21.41.17:989][137]LogModuleManager: Shutting down and abandoning module HierarchicalLODOutliner (670)
[2020.01.22-21.41.17:989][137]LogModuleManager: Shutting down and abandoning module SceneOutliner (668)
[2020.01.22-21.41.17:989][137]LogModuleManager: Shutting down and abandoning module AddContentDialog (666)
[2020.01.22-21.41.17:994][137]LogModuleManager: Shutting down and abandoning module WidgetCarousel (665)
[2020.01.22-21.41.17:994][137]LogModuleManager: Shutting down and abandoning module EditorWidgets (662)
[2020.01.22-21.41.17:994][137]LogModuleManager: Shutting down and abandoning module CollectionManager (660)
[2020.01.22-21.41.17:994][137]LogModuleManager: Shutting down and abandoning module HierarchicalLODUtilities (658)
[2020.01.22-21.41.17:994][137]LogModuleManager: Shutting down and abandoning module StatsViewer (656)
[2020.01.22-21.41.17:994][137]LogModuleManager: Shutting down and abandoning module VirtualTexturingEditor (654)
[2020.01.22-21.41.17:994][137]LogModuleManager: Shutting down and abandoning module FoliageEdit (652)
[2020.01.22-21.41.17:994][137]LogModuleManager: Shutting down and abandoning module LandscapeEditor (650)
[2020.01.22-21.41.17:995][137]LogModuleManager: Shutting down and abandoning module MeshPaintMode (648)
[2020.01.22-21.41.17:995][137]LogModuleManager: Shutting down and abandoning module SceneDepthPickerMode (646)
[2020.01.22-21.41.17:995][137]LogModuleManager: Shutting down and abandoning module ActorPickerMode (644)
[2020.01.22-21.41.17:995][137]LogModuleManager: Shutting down and abandoning module GeometryMode (642)
[2020.01.22-21.41.17:995][137]LogModuleManager: Shutting down and abandoning module TextureAlignMode (640)
[2020.01.22-21.41.17:995][137]LogModuleManager: Shutting down and abandoning module BspMode (638)
[2020.01.22-21.41.17:995][137]LogModuleManager: Shutting down and abandoning module PIEPreviewDeviceProfileSelector (636)
[2020.01.22-21.41.17:995][137]LogModuleManager: Shutting down and abandoning module SequenceRecorderSections (634)
[2020.01.22-21.41.17:995][137]LogModuleManager: Shutting down and abandoning module AutomationWorker (632)
[2020.01.22-21.41.17:995][137]LogModuleManager: Shutting down and abandoning module OculusMR (630)
[2020.01.22-21.41.17:995][137]LogModuleManager: Shutting down and abandoning module AudioCaptureEditor (628)
[2020.01.22-21.41.17:995][137]LogModuleManager: Shutting down and abandoning module MatineeToLevelSequence (626)
[2020.01.22-21.41.17:995][137]LogModuleManager: Shutting down and abandoning module LevelSequenceEditor (624)
[2020.01.22-21.41.17:995][137]LogModuleManager: Shutting down and abandoning module PlacementMode (623)
[2020.01.22-21.41.17:995][137]LogModuleManager: Shutting down and abandoning module MaterialEditor (622)
[2020.01.22-21.41.17:995][137]LogModuleManager: Shutting down and abandoning module ActorSequenceEditor (618)
[2020.01.22-21.41.17:995][137]LogModuleManager: Shutting down and abandoning module WmfMediaFactory (616)
[2020.01.22-21.41.17:995][137]LogModuleManager: Shutting down and abandoning module WmfMediaEditor (614)
[2020.01.22-21.41.17:995][137]LogModuleManager: Shutting down and abandoning module WebMMediaFactory (612)
[2020.01.22-21.41.17:995][137]LogModuleManager: Shutting down and abandoning module WebMMediaEditor (610)
[2020.01.22-21.41.17:995][137]LogModuleManager: Shutting down and abandoning module WebMMedia (608)
[2020.01.22-21.41.17:995][137]LogModuleManager: Shutting down and abandoning module MediaPlayerEditor (606)
[2020.01.22-21.41.17:995][137]LogModuleManager: Shutting down and abandoning module MediaCompositingEditor (604)
[2020.01.22-21.41.17:995][137]LogModuleManager: Shutting down and abandoning module SequenceRecorder (603)
[2020.01.22-21.41.17:995][137]LogModuleManager: Shutting down and abandoning module OpenExrWrapper (600)
[2020.01.22-21.41.17:995][137]LogModuleManager: Shutting down and abandoning module ImgMediaFactory (598)
[2020.01.22-21.41.17:995][137]LogModuleManager: Shutting down and abandoning module ImgMediaEditor (596)
[2020.01.22-21.41.17:995][137]LogModuleManager: Shutting down and abandoning module AvfMediaFactory (594)
[2020.01.22-21.41.17:995][137]LogModuleManager: Shutting down and abandoning module AvfMediaEditor (592)
[2020.01.22-21.41.17:995][137]LogModuleManager: Shutting down and abandoning module AndroidMediaFactory (590)
[2020.01.22-21.41.17:995][137]LogModuleManager: Shutting down and abandoning module AndroidMediaEditor (588)
[2020.01.22-21.41.17:995][137]LogModuleManager: Shutting down and abandoning module MagicLeapCameraPreviewFactory (586)
[2020.01.22-21.41.17:995][137]LogModuleManager: Shutting down and abandoning module MagicLeapMediaCodecFactory (584)
[2020.01.22-21.41.17:995][137]LogModuleManager: Shutting down and abandoning module MagicLeapMediaFactory (582)
[2020.01.22-21.41.17:995][137]LogModuleManager: Shutting down and abandoning module MagicLeapMediaEditor (580)
[2020.01.22-21.41.17:995][137]LogModuleManager: Shutting down and abandoning module CharacterAI (578)
[2020.01.22-21.41.17:996][137]LogModuleManager: Shutting down and abandoning module SmartSnapping (576)
[2020.01.22-21.41.17:996][137]LogModuleManager: Shutting down and abandoning module SessionServices (574)
[2020.01.22-21.41.17:996][137]LogModuleManager: Shutting down and abandoning module MeshPaint (572)
[2020.01.22-21.41.17:996][137]LogModuleManager: Shutting down and abandoning module ViewportSnapping (570)
[2020.01.22-21.41.17:996][137]LogModuleManager: Shutting down and abandoning module ViewportInteraction (568)
[2020.01.22-21.41.17:996][137]LogModuleManager: Shutting down and abandoning module ClothPainter (566)
[2020.01.22-21.41.17:996][137]LogModuleManager: Shutting down and abandoning module SkeletalMeshEditor (565)
[2020.01.22-21.41.17:996][137]LogModuleManager: Shutting down and abandoning module LogVisualizer (562)
[2020.01.22-21.41.17:996][137]LogModuleManager: Shutting down and abandoning module IntroTutorials (560)
[2020.01.22-21.41.17:996][137]LogModuleManager: Shutting down and abandoning module GameProjectGeneration (559)
[2020.01.22-21.41.17:996][137]LogModuleManager: Shutting down and abandoning module LuminPlatformEditor (556)
[2020.01.22-21.41.17:996][137]LogModuleManager: Shutting down and abandoning module IOSPlatformEditor (554)
[2020.01.22-21.41.17:996][137]LogModuleManager: Shutting down and abandoning module HTML5PlatformEditor (552)
[2020.01.22-21.41.17:996][137]LogModuleManager: Shutting down and abandoning module AndroidPlatformEditor (550)
[2020.01.22-21.41.17:996][137]LogModuleManager: Shutting down and abandoning module AndroidDeviceDetection (549)
[2020.01.22-21.41.18:110][137]LogModuleManager: Shutting down and abandoning module WindowsPlatformEditor (546)
[2020.01.22-21.41.18:110][137]LogModuleManager: Shutting down and abandoning module LuminRuntimeSettings (544)
[2020.01.22-21.41.18:110][137]LogModuleManager: Shutting down and abandoning module IOSRuntimeSettings (542)
[2020.01.22-21.41.18:110][137]LogModuleManager: Shutting down and abandoning module AndroidRuntimeSettings (540)
[2020.01.22-21.41.18:110][137]LogModuleManager: Shutting down and abandoning module TimeManagementEditor (538)
[2020.01.22-21.41.18:110][137]LogModuleManager: Shutting down and abandoning module InputBindingEditor (536)
[2020.01.22-21.41.18:110][137]LogModuleManager: Shutting down and abandoning module MergeActors (534)
[2020.01.22-21.41.18:110][137]LogModuleManager: Shutting down and abandoning module LocalizationDashboard (532)
[2020.01.22-21.41.18:110][137]LogModuleManager: Shutting down and abandoning module LocalizationService (531)
[2020.01.22-21.41.18:110][137]LogModuleManager: Shutting down and abandoning module HardwareTargeting (528)
[2020.01.22-21.41.18:110][137]LogModuleManager: Shutting down and abandoning module DeviceProfileEditor (526)
[2020.01.22-21.41.18:110][137]LogModuleManager: Shutting down and abandoning module UndoHistory (524)
[2020.01.22-21.41.18:110][137]LogModuleManager: Shutting down and abandoning module XmlParser (522)
[2020.01.22-21.41.18:110][137]LogModuleManager: Shutting down and abandoning module Blutility (520)
[2020.01.22-21.41.18:110][137]LogModuleManager: Shutting down and abandoning module ProjectSettingsViewer (518)
[2020.01.22-21.41.18:110][137]LogModuleManager: Shutting down and abandoning module ProjectTargetPlatformEditor (517)
[2020.01.22-21.41.18:110][137]LogModuleManager: Shutting down and abandoning module EditorSettingsViewer (514)
[2020.01.22-21.41.18:111][137]LogModuleManager: Shutting down and abandoning module SettingsEditor (512)
[2020.01.22-21.41.18:111][137]LogModuleManager: Shutting down and abandoning module ProjectLauncher (510)
[2020.01.22-21.41.18:111][137]LogModuleManager: Shutting down and abandoning module SessionFrontend (508)
[2020.01.22-21.41.18:111][137]LogModuleManager: Shutting down and abandoning module ProfilerClient (506)
[2020.01.22-21.41.18:111][137]LogModuleManager: Shutting down and abandoning module DeviceManager (504)
[2020.01.22-21.41.18:111][137]LogModuleManager: Shutting down and abandoning module TargetDeviceServices (503)
[2020.01.22-21.41.18:155][137]LogModuleManager: Shutting down and abandoning module AutomationController (500)
[2020.01.22-21.41.18:155][137]LogModuleManager: Shutting down and abandoning module AutomationWindow (498)
[2020.01.22-21.41.18:155][137]LogModuleManager: Shutting down and abandoning module Layers (496)
[2020.01.22-21.41.18:155][137]LogModuleManager: Shutting down and abandoning module ComponentVisualizers (494)
[2020.01.22-21.41.18:155][137]LogModuleManager: Shutting down and abandoning module DetailCustomizations (492)
[2020.01.22-21.41.18:155][137]LogModuleManager: Shutting down and abandoning module PackagesDialog (490)
[2020.01.22-21.41.18:155][137]LogModuleManager: Shutting down and abandoning module AnimationBlueprintEditor (488)
[2020.01.22-21.41.18:155][137]LogModuleManager: Shutting down and abandoning module Persona (486)
[2020.01.22-21.41.18:155][137]LogModuleManager: Shutting down and abandoning module AdvancedPreviewScene (485)
[2020.01.22-21.41.18:155][137]LogModuleManager: Shutting down and abandoning module AnimGraph (483)
[2020.01.22-21.41.18:155][137]LogModuleManager: Shutting down and abandoning module Kismet (480)
[2020.01.22-21.41.18:156][137]LogModuleManager: Shutting down and abandoning module KismetWidgets (479)
[2020.01.22-21.41.18:156][137]LogModuleManager: Shutting down and abandoning module GraphEditor (476)
[2020.01.22-21.41.18:156][137]LogModuleManager: Shutting down and abandoning module StructViewer (474)
[2020.01.22-21.41.18:156][137]LogModuleManager: Shutting down and abandoning module ClassViewer (472)
[2020.01.22-21.41.18:156][137]LogModuleManager: Shutting down and abandoning module Toolbox (470)
[2020.01.22-21.41.18:156][137]LogModuleManager: Shutting down and abandoning module ModuleUI (468)
[2020.01.22-21.41.18:156][137]LogModuleManager: Shutting down and abandoning module MovieSceneTools (466)
[2020.01.22-21.41.18:156][137]LogModuleManager: Shutting down and abandoning module OutputLog (464)
[2020.01.22-21.41.18:164][137]LogModuleManager: Shutting down and abandoning module GammaUI (462)
[2020.01.22-21.41.18:164][137]LogModuleManager: Shutting down and abandoning module Documentation (460)
[2020.01.22-21.41.18:165][137]LogModuleManager: Shutting down and abandoning module LiveCoding (458)
[2020.01.22-21.41.18:165][137]LogModuleManager: Shutting down and abandoning module LevelSequence (456)
[2020.01.22-21.41.18:165][137]LogModuleManager: Shutting down and abandoning module MovieSceneTracks (454)
[2020.01.22-21.41.18:165][137]LogModuleManager: Shutting down and abandoning module MovieScene (452)
[2020.01.22-21.41.18:165][137]LogModuleManager: Shutting down and abandoning module StreamingPauseRendering (450)
[2020.01.22-21.41.18:165][137]LogModuleManager: Shutting down and abandoning module LauncherPlatform (448)
[2020.01.22-21.41.18:165][137]LogModuleManager: Shutting down and abandoning module AnalyticsET (446)
[2020.01.22-21.41.18:165][137]LogModuleManager: Shutting down and abandoning module PortalServices (444)
[2020.01.22-21.41.18:165][137]LogModuleManager: Shutting down and abandoning module PortalRpc (442)
[2020.01.22-21.41.18:165][137]LogModuleManager: Shutting down and abandoning module MessagingRpc (440)
[2020.01.22-21.41.18:165][137]LogModuleManager: Shutting down and abandoning module AIModule (438)
[2020.01.22-21.41.18:165][137]LogModuleManager: Shutting down and abandoning module GameplayDebugger (437)
[2020.01.22-21.41.18:165][137]LogModuleManager: Shutting down and abandoning module AITestSuite (435)
[2020.01.22-21.41.18:165][137]LogModuleManager: Shutting down and abandoning module NavigationSystem (433)
[2020.01.22-21.41.18:165][137]LogModuleManager: Shutting down and abandoning module DesktopPlatform (430)
[2020.01.22-21.41.18:165][137]LogModuleManager: Shutting down and abandoning module ImageWriteQueue (428)
[2020.01.22-21.41.18:169][137]LogModuleManager: Shutting down and abandoning module ProfilerService (426)
[2020.01.22-21.41.18:301][137]LogModuleManager: Shutting down and abandoning module TaskGraph (424)
[2020.01.22-21.41.18:301][137]LogModuleManager: Shutting down and abandoning module ScreenshotTools (422)
[2020.01.22-21.41.18:301][137]LogModuleManager: Shutting down and abandoning module SteamVRController (420)
[2020.01.22-21.41.18:301][137]LogModuleManager: Shutting down and abandoning module ProceduralMeshComponentEditor (418)
[2020.01.22-21.41.18:301][137]LogModuleManager: Shutting down and abandoning module ProceduralMeshComponent (416)
[2020.01.22-21.41.18:301][137]LogModuleManager: Shutting down and abandoning module OculusEditor (414)
[2020.01.22-21.41.18:301][137]LogModuleManager: Shutting down and abandoning module OculusInput (412)
[2020.01.22-21.41.18:301][137]LogModuleManager: Shutting down and abandoning module MobilePatchingUtils (410)
[2020.01.22-21.41.18:301][137]LogModuleManager: Shutting down and abandoning module EditableMesh (408)
[2020.01.22-21.41.18:301][137]LogModuleManager: Shutting down and abandoning module CustomMeshComponent (406)
[2020.01.22-21.41.18:301][137]LogModuleManager: Shutting down and abandoning module CableComponent (404)
[2020.01.22-21.41.18:301][137]LogModuleManager: Shutting down and abandoning module AudioCapture (402)
[2020.01.22-21.41.18:301][137]LogModuleManager: Shutting down and abandoning module ArchVisCharacter (400)
[2020.01.22-21.41.18:301][137]LogModuleManager: Shutting down and abandoning module AppleImageUtilsBlueprintSupport (398)
[2020.01.22-21.41.18:301][137]LogModuleManager: Shutting down and abandoning module AppleImageUtils (396)
[2020.01.22-21.41.18:301][137]LogModuleManager: Shutting down and abandoning module AndroidPermission (394)
[2020.01.22-21.41.18:301][137]LogModuleManager: Shutting down and abandoning module NUTUnrealEngine4 (392)
[2020.01.22-21.41.18:301][137]LogModuleManager: Shutting down and abandoning module NetcodeUnitTest (390)
[2020.01.22-21.41.18:301][137]LogModuleManager: Shutting down and abandoning module MediaCompositing (388)
[2020.01.22-21.41.18:301][137]LogModuleManager: Shutting down and abandoning module ImgMedia (386)
[2020.01.22-21.41.18:301][137]LogModuleManager: Shutting down and abandoning module MagicLeapHelperVulkan (384)
[2020.01.22-21.41.18:301][137]LogModuleManager: Shutting down and abandoning module MagicLeapHelperOpenGL (382)
[2020.01.22-21.41.18:301][137]LogModuleManager: Shutting down and abandoning module MagicLeapAudio (380)
[2020.01.22-21.41.18:301][137]LogModuleManager: Shutting down and abandoning module HTML5Networking (378)
[2020.01.22-21.41.18:301][137]LogModuleManager: Shutting down and abandoning module GeometryCacheTracks (376)
[2020.01.22-21.41.18:301][137]LogModuleManager: Shutting down and abandoning module GeometryCacheSequencer (374)
[2020.01.22-21.41.18:301][137]LogModuleManager: Shutting down and abandoning module BackChannel (372)
[2020.01.22-21.41.18:301][137]LogModuleManager: Shutting down and abandoning module AutomationUtilsEditor (370)
[2020.01.22-21.41.18:301][137]LogModuleManager: Shutting down and abandoning module AutomationUtils (368)
[2020.01.22-21.41.18:301][137]LogModuleManager: Shutting down and abandoning module AlembicImporter (366)
[2020.01.22-21.41.18:301][137]LogModuleManager: Shutting down and abandoning module AlembicLibrary (365)
[2020.01.22-21.41.18:301][137]LogModuleManager: Shutting down and abandoning module GeometryCache (364)
[2020.01.22-21.41.18:301][137]LogModuleManager: Shutting down and abandoning module GeometryCacheEd (363)
[2020.01.22-21.41.18:301][137]LogModuleManager: Shutting down and abandoning module VariantManagerContent (358)
[2020.01.22-21.41.18:301][137]LogModuleManager: Shutting down and abandoning module DatasmithContentEditor (356)
[2020.01.22-21.41.18:301][137]LogModuleManager: Shutting down and abandoning module SpeedTreeImporter (354)
[2020.01.22-21.41.18:301][137]LogModuleManager: Shutting down and abandoning module PluginBrowser (352)
[2020.01.22-21.41.18:301][137]LogModuleManager: Shutting down and abandoning module MobileLauncherProfileWizard (350)
[2020.01.22-21.41.18:301][137]LogModuleManager: Shutting down and abandoning module MaterialAnalyzer (348)
[2020.01.22-21.41.18:301][137]LogModuleManager: Shutting down and abandoning module CurveEditorTools (346)
[2020.01.22-21.41.18:301][137]LogModuleManager: Shutting down and abandoning module CurveEditor (345)
[2020.01.22-21.41.18:302][137]LogModuleManager: Shutting down and abandoning module CryptoKeysOpenSSL (342)
[2020.01.22-21.41.18:302][137]LogModuleManager: Shutting down and abandoning module CryptoKeys (340)
[2020.01.22-21.41.18:302][137]LogModuleManager: Shutting down and abandoning module VisualStudioSourceCodeAccess (338)
[2020.01.22-21.41.18:302][137]LogModuleManager: Shutting down and abandoning module VisualStudioCodeSourceCodeAccess (336)
[2020.01.22-21.41.18:302][137]LogModuleManager: Shutting down and abandoning module UObjectPlugin (334)
[2020.01.22-21.41.18:302][137]LogModuleManager: Shutting down and abandoning module SubversionSourceControl (332)
[2020.01.22-21.41.18:302][137]LogModuleManager: Shutting down and abandoning module PerforceSourceControl (330)
[2020.01.22-21.41.18:302][137]LogModuleManager: Shutting down and abandoning module GitSourceControl (328)
[2020.01.22-21.41.18:302][137]LogModuleManager: Shutting down and abandoning module SourceControl (327)
[2020.01.22-21.41.18:302][137]LogModuleManager: Shutting down and abandoning module CLionSourceCodeAccess (324)
[2020.01.22-21.41.18:302][137]LogModuleManager: Shutting down and abandoning module AnimationSharingEd (322)
[2020.01.22-21.41.18:302][137]LogModuleManager: Shutting down and abandoning module ActorLayerUtilitiesEditor (320)
[2020.01.22-21.41.18:302][137]LogModuleManager: Shutting down and abandoning module ActorLayerUtilities (318)
[2020.01.22-21.41.18:302][137]LogModuleManager: Shutting down and abandoning module LightPropagationVolumeEditor (316)
[2020.01.22-21.41.18:302][137]LogModuleManager: Shutting down and abandoning module PaperTiledImporter (314)
[2020.01.22-21.41.18:302][137]LogModuleManager: Shutting down and abandoning module PaperSpriteSheetImporter (312)
[2020.01.22-21.41.18:302][137]LogModuleManager: Shutting down and abandoning module Paper2DEditor (310)
[2020.01.22-21.41.18:302][137]LogModuleManager: Shutting down and abandoning module SignificanceManager (308)
[2020.01.22-21.41.18:302][137]LogModuleManager: Shutting down and abandoning module RuntimePhysXCooking (306)
[2020.01.22-21.41.18:302][137]LogModuleManager: Shutting down and abandoning module PhysXVehiclesEditor (304)
[2020.01.22-21.41.18:302][137]LogModuleManager: Shutting down and abandoning module LocationServicesBPLibrary (300)
[2020.01.22-21.41.18:302][137]LogModuleManager: Shutting down and abandoning module ActorSequence (298)
[2020.01.22-21.41.18:302][137]LogModuleManager: Shutting down and abandoning module UdpMessaging (296)
[2020.01.22-21.41.18:404][137]LogModuleManager: Shutting down and abandoning module TcpMessaging (294)
[2020.01.22-21.41.18:504][137]LogModuleManager: Shutting down and abandoning module MagicLeapIdentity (292)
[2020.01.22-21.41.18:504][137]LogModuleManager: Shutting down and abandoning module MagicLeapSecureStorage (290)
[2020.01.22-21.41.18:504][137]LogModuleManager: Shutting down and abandoning module MagicLeapHandTracking (288)
[2020.01.22-21.41.18:504][137]LogModuleManager: Shutting down and abandoning module MagicLeapEyeTracker (286)
[2020.01.22-21.41.18:504][137]LogModuleManager: Shutting down and abandoning module MagicLeapController (284)
[2020.01.22-21.41.18:504][137]LogSlate: Slate User Destroyed.  User Index 0, Is Virtual User: 0
[2020.01.22-21.41.18:504][137]LogModuleManager: Shutting down and abandoning module MagicLeapAR (282)
[2020.01.22-21.41.18:504][137]LogModuleManager: Shutting down and abandoning module AugmentedReality (281)
[2020.01.22-21.41.18:504][137]LogModuleManager: Shutting down and abandoning module GameplayTagsEditor (278)
[2020.01.22-21.41.18:504][137]LogModuleManager: Shutting down and abandoning module FacialAnimationEditor (276)
[2020.01.22-21.41.18:504][137]LogModuleManager: Shutting down and abandoning module FacialAnimation (274)
[2020.01.22-21.41.18:504][137]LogModuleManager: Shutting down and abandoning module DataValidation (272)
[2020.01.22-21.41.18:505][137]LogModuleManager: Shutting down and abandoning module AssetManagerEditor (270)
[2020.01.22-21.41.18:505][137]LogModuleManager: Shutting down and abandoning module LevelEditor (269)
[2020.01.22-21.41.18:506][137]LogModuleManager: Shutting down and abandoning module PixelInspectorModule (268)
[2020.01.22-21.41.18:506][137]LogModuleManager: Shutting down and abandoning module CommonMenuExtensions (266)
[2020.01.22-21.41.18:506][137]LogModuleManager: Shutting down and abandoning module MainFrame (264)
[2020.01.22-21.41.18:506][137]LogModuleManager: Shutting down and abandoning module HotReload (263)
[2020.01.22-21.41.18:507][137]LogModuleManager: Shutting down and abandoning module ContentBrowser (259)
[2020.01.22-21.41.18:509][137]LogModuleManager: Shutting down and abandoning module TreeMap (257)
[2020.01.22-21.41.18:509][137]LogModuleManager: Shutting down and abandoning module AnimationSharing (254)
[2020.01.22-21.41.18:509][137]LogModuleManager: Shutting down and abandoning module LightPropagationVolumeRuntime (252)
[2020.01.22-21.41.18:509][137]LogModuleManager: Shutting down and abandoning module Paper2D (250)
[2020.01.22-21.41.18:509][137]LogModuleManager: Shutting down and abandoning module WindowsMoviePlayer (248)
[2020.01.22-21.41.18:512][137]LogModuleManager: Shutting down and abandoning module WebMMoviePlayer (246)
[2020.01.22-21.41.18:512][137]LogModuleManager: Shutting down and abandoning module NetworkReplayStreaming (244)
[2020.01.22-21.41.18:512][137]LogModuleManager: Shutting down and abandoning module PacketHandler (242)
[2020.01.22-21.41.18:512][137]LogModuleManager: Shutting down and abandoning module ClothingSystemEditor (240)
[2020.01.22-21.41.18:512][137]LogModuleManager: Shutting down and abandoning module ClothingSystemRuntime (238)
[2020.01.22-21.41.18:512][137]LogModuleManager: Shutting down and abandoning module MediaAssets (236)
[2020.01.22-21.41.18:512][137]LogModuleManager: Shutting down and abandoning module Overlay (234)
[2020.01.22-21.41.18:512][137]LogModuleManager: Shutting down and abandoning module OverlayEditor (233)
[2020.01.22-21.41.18:512][137]LogModuleManager: Shutting down and abandoning module VREditor (230)
[2020.01.22-21.41.18:513][137]LogModuleManager: Shutting down and abandoning module StringTableEditor (228)
[2020.01.22-21.41.18:513][137]LogModuleManager: Shutting down and abandoning module GameplayTasksEditor (226)
[2020.01.22-21.41.18:513][137]LogModuleManager: Shutting down and abandoning module BehaviorTreeEditor (224)
[2020.01.22-21.41.18:513][137]LogModuleManager: Shutting down and abandoning module FunctionalTesting (222)
[2020.01.22-21.41.18:513][137]LogModuleManager: Shutting down and abandoning module CollisionAnalyzer (220)
[2020.01.22-21.41.18:513][137]LogModuleManager: Shutting down and abandoning module WorkspaceMenuStructure (219)
[2020.01.22-21.41.18:513][137]LogModuleManager: Shutting down and abandoning module UMG (216)
[2020.01.22-21.41.18:513][137]LogModuleManager: Shutting down and abandoning module UMGEditor (215)
[2020.01.22-21.41.18:513][137]LogModuleManager: Shutting down and abandoning module Sequencer (214)
[2020.01.22-21.41.18:513][137]LogModuleManager: Shutting down and abandoning module MessageLog (211)
[2020.01.22-21.41.18:513][137]LogModuleManager: Shutting down and abandoning module SlateReflector (206)
[2020.01.22-21.41.18:513][137]LogModuleManager: Shutting down and abandoning module Slate (204)
[2020.01.22-21.41.18:513][137]LogModuleManager: Shutting down and abandoning module LandscapeEditorUtilities (202)
[2020.01.22-21.41.18:513][137]LogModuleManager: Shutting down and abandoning module EditorStyle (200)
[2020.01.22-21.41.18:515][137]LogModuleManager: Shutting down and abandoning module UnrealEd (198)
[2020.01.22-21.41.18:515][137]LogModuleManager: Shutting down and abandoning module MRMesh (196)
[2020.01.22-21.41.18:515][137]LogModuleManager: Shutting down and abandoning module SourceCodeAccess (194)
[2020.01.22-21.41.18:515][137]LogModuleManager: Shutting down and abandoning module HeadMountedDisplay (192)
[2020.01.22-21.41.18:515][137]LogModuleManager: Shutting down and abandoning module XAudio2 (190)
[2020.01.22-21.41.18:515][137]LogModuleManager: Shutting down and abandoning module Networking (188)
[2020.01.22-21.41.18:515][137]LogModuleManager: Shutting down and abandoning module Core (186)
[2020.01.22-21.41.18:515][137]LogModuleManager: Shutting down and abandoning module KismetCompiler (184)
[2020.01.22-21.41.18:515][137]LogModuleManager: Shutting down and abandoning module MeshUtilities (182)
[2020.01.22-21.41.18:515][137]LogModuleManager: Shutting down and abandoning module MeshMergeUtilities (181)
[2020.01.22-21.41.18:515][137]LogModuleManager: Shutting down and abandoning module MeshReductionInterface (180)
[2020.01.22-21.41.18:515][137]LogModuleManager: Shutting down and abandoning module SkeletalMeshReduction (179)
[2020.01.22-21.41.18:515][137]LogModuleManager: Shutting down and abandoning module ProxyLODMeshReduction (177)
[2020.01.22-21.41.18:515][137]LogModuleManager: Shutting down and abandoning module QuadricMeshReduction (175)
[2020.01.22-21.41.18:515][137]LogModuleManager: Shutting down and abandoning module MaterialBaking (171)
[2020.01.22-21.41.18:515][137]LogModuleManager: Shutting down and abandoning module NullInstallBundleManager (166)
[2020.01.22-21.41.18:515][137]LogModuleManager: Shutting down and abandoning module DerivedDataCache (164)
[2020.01.22-21.41.18:515][137]LogDerivedDataCache: Shutdown
[2020.01.22-21.41.18:515][137]LogModuleManager: Shutting down and abandoning module XGEController (162)
[2020.01.22-21.41.18:516][137]LogModuleManager: Shutting down and abandoning module TargetPlatform (160)
[2020.01.22-21.41.18:516][137]LogModuleManager: Shutting down and abandoning module VulkanShaderFormat (159)
[2020.01.22-21.41.18:516][137]LogModuleManager: Shutting down and abandoning module ShaderFormatVectorVM (157)
[2020.01.22-21.41.18:516][137]LogModuleManager: Shutting down and abandoning module ShaderFormatOpenGL (155)
[2020.01.22-21.41.18:516][137]LogModuleManager: Shutting down and abandoning module ShaderFormatD3D (153)
[2020.01.22-21.41.18:516][137]LogModuleManager: Shutting down and abandoning module MetalShaderFormat (151)
[2020.01.22-21.41.18:516][137]LogModuleManager: Shutting down and abandoning module TextureFormatUncompressed (149)
[2020.01.22-21.41.18:516][137]LogModuleManager: Shutting down and abandoning module TextureFormatPVR (147)
[2020.01.22-21.41.18:516][137]LogModuleManager: Shutting down and abandoning module TextureFormatDXT (145)
[2020.01.22-21.41.18:516][137]LogModuleManager: Shutting down and abandoning module TextureFormatIntelISPCTexComp (143)
[2020.01.22-21.41.18:516][137]LogModuleManager: Shutting down and abandoning module TextureFormatASTC (141)
[2020.01.22-21.41.18:516][137]LogModuleManager: Shutting down and abandoning module ImageWrapper (140)
[2020.01.22-21.41.18:516][137]LogModuleManager: Shutting down and abandoning module TextureFormatAndroid (137)
[2020.01.22-21.41.18:516][137]LogModuleManager: Shutting down and abandoning module AudioFormatOpus (135)
[2020.01.22-21.41.18:516][137]LogModuleManager: Shutting down and abandoning module AudioFormatOgg (133)
[2020.01.22-21.41.18:516][137]LogModuleManager: Shutting down and abandoning module AudioFormatADPCM (131)
[2020.01.22-21.41.18:516][137]LogModuleManager: Shutting down and abandoning module LuminTargetPlatform (129)
[2020.01.22-21.41.18:526][137]LogModuleManager: Shutting down and abandoning module LinuxTargetPlatform (127)
[2020.01.22-21.41.18:526][137]LogModuleManager: Shutting down and abandoning module LinuxServerTargetPlatform (125)
[2020.01.22-21.41.18:526][137]LogModuleManager: Shutting down and abandoning module LinuxNoEditorTargetPlatform (123)
[2020.01.22-21.41.18:526][137]LogModuleManager: Shutting down and abandoning module LinuxClientTargetPlatform (121)
[2020.01.22-21.41.18:526][137]LogModuleManager: Shutting down and abandoning module TVOSTargetPlatform (119)
[2020.01.22-21.41.18:530][137]LogModuleManager: Shutting down and abandoning module Messaging (117)
[2020.01.22-21.41.18:530][137]LogModuleManager: Shutting down and abandoning module IOSTargetPlatform (115)
[2020.01.22-21.41.18:533][137]LogModuleManager: Shutting down and abandoning module HTML5TargetPlatform (113)
[2020.01.22-21.41.18:533][137]LogModuleManager: Shutting down and abandoning module AndroidTargetPlatform (111)
[2020.01.22-21.41.18:559][137]LogModuleManager: Shutting down and abandoning module WindowsTargetPlatform (109)
[2020.01.22-21.41.18:559][137]LogModuleManager: Shutting down and abandoning module WindowsServerTargetPlatform (107)
[2020.01.22-21.41.18:559][137]LogModuleManager: Shutting down and abandoning module WindowsNoEditorTargetPlatform (105)
[2020.01.22-21.41.18:559][137]LogModuleManager: Shutting down and abandoning module WindowsClientTargetPlatform (103)
[2020.01.22-21.41.18:559][137]LogModuleManager: Shutting down and abandoning module MacTargetPlatform (101)
[2020.01.22-21.41.18:559][137]LogModuleManager: Shutting down and abandoning module MacServerTargetPlatform (99)
[2020.01.22-21.41.18:559][137]LogModuleManager: Shutting down and abandoning module MacNoEditorTargetPlatform (97)
[2020.01.22-21.41.18:559][137]LogModuleManager: Shutting down and abandoning module MacClientTargetPlatform (95)
[2020.01.22-21.41.18:559][137]LogModuleManager: Shutting down and abandoning module AllDesktopTargetPlatform (93)
[2020.01.22-21.41.18:559][137]LogModuleManager: Shutting down and abandoning module InputCore (90)
[2020.01.22-21.41.18:559][137]LogModuleManager: Shutting down and abandoning module Settings (88)
[2020.01.22-21.41.18:559][137]LogModuleManager: Shutting down and abandoning module DirectoryWatcher (86)
[2020.01.22-21.41.18:560][137]LogModuleManager: Shutting down and abandoning module PhysXCooking (84)
[2020.01.22-21.41.18:560][137]LogModuleManager: Shutting down and abandoning module WindowsPlatformFeatures (82)
[2020.01.22-21.41.18:560][137]LogModuleManager: Shutting down and abandoning module GameplayMediaEncoder (81)
[2020.01.22-21.41.18:560][137]LogModuleManager: Shutting down and abandoning module SteamVR (78)
[2020.01.22-21.41.18:560][137]LogHMD: Freeing OpenVRDLLHandle.
[2020.01.22-21.41.18:560][137]LogModuleManager: Shutting down and abandoning module OculusHMD (76)
[2020.01.22-21.41.18:560][137]LogModuleManager: Shutting down and abandoning module ExampleDeviceProfileSelector (74)
[2020.01.22-21.41.18:560][137]LogModuleManager: Shutting down and abandoning module LauncherChunkInstaller (72)
[2020.01.22-21.41.18:560][137]LogModuleManager: Shutting down and abandoning module OnlineBlueprintSupport (70)
[2020.01.22-21.41.18:560][137]LogModuleManager: Shutting down and abandoning module OnlineSubsystem (66)
[2020.01.22-21.41.18:561][137]LogModuleManager: Shutting down and abandoning module XMPP (61)
[2020.01.22-21.41.18:561][137]LogModuleManager: Shutting down and abandoning module WebSockets (60)
[2020.01.22-21.41.18:583][137]LogModuleManager: Shutting down and abandoning module HTTP (57)
[2020.01.22-21.41.18:583][137]LogHttp: Display: Http module shutting down, but needs to wait on 1 outstanding Http requests:
[2020.01.22-21.41.18:583][137]LogHttp: Display: 	verb=[POST] url=[https://datarouter.ol.epicgames.com/datarouter/api/v1/public/data?SessionID=%7B438B8A8A-4AD1-7479-7136-65816EB7DF84%7D&AppID=UEEditor.Rocket.Release&AppVersion=4.23.1-9631420%2B%2B%2BUE4%2BRelease-4.23&UserID=b7367f514bcf47f3782f499948337182%7C0382994034dc4f6bbe5c05cbae825090%7C26c0a086-b539-454f-83c2-978d8d02ce36&AppEnvironment=datacollector-binary&UploadType=eteventstream] status=Processing
[2020.01.22-21.41.18:594][137]LogModuleManager: Shutting down and abandoning module SSL (56)
[2020.01.22-21.41.18:595][137]LogModuleManager: Shutting down and abandoning module WmfMedia (52)
[2020.01.22-21.41.18:597][137]LogModuleManager: Shutting down and abandoning module Media (51)
[2020.01.22-21.41.18:597][137]LogModuleManager: Shutting down and abandoning module MagicLeap (48)
[2020.01.22-21.41.18:597][137]LogModuleManager: Shutting down and abandoning module DatasmithContent (46)
[2020.01.22-21.41.18:598][137]LogModuleManager: Shutting down and abandoning module AISupportModule (44)
[2020.01.22-21.41.18:598][137]LogModuleManager: Shutting down and abandoning module PlatformCryptoOpenSSL (42)
[2020.01.22-21.41.18:598][137]LogModuleManager: Shutting down and abandoning module PlatformCrypto (40)
[2020.01.22-21.41.18:598][137]LogModuleManager: Shutting down and abandoning module AnimationModifiers (38)
[2020.01.22-21.41.18:598][137]LogModuleManager: Shutting down and abandoning module PropertyEditor (37)
[2020.01.22-21.41.18:600][137]LogModuleManager: Shutting down and abandoning module AudioEditor (34)
[2020.01.22-21.41.18:601][137]LogModuleManager: Shutting down and abandoning module TextureCompressor (32)
[2020.01.22-21.41.18:601][137]LogModuleManager: Shutting down and abandoning module RenderCore (30)
[2020.01.22-21.41.18:601][137]LogModuleManager: Shutting down and abandoning module Landscape (28)
[2020.01.22-21.41.18:601][137]LogModuleManager: Shutting down and abandoning module SlateRHIRenderer (26)
[2020.01.22-21.41.18:602][137]LogModuleManager: Shutting down and abandoning module OpenGLDrv (24)
[2020.01.22-21.41.18:602][137]LogModuleManager: Shutting down and abandoning module D3D11RHI (22)
[2020.01.22-21.41.18:602][137]LogModuleManager: Shutting down and abandoning module AnimGraphRuntime (20)
[2020.01.22-21.41.18:602][137]LogModuleManager: Shutting down and abandoning module Renderer (18)
[2020.01.22-21.41.18:602][137]LogModuleManager: Shutting down and abandoning module Engine (16)
[2020.01.22-21.41.18:602][137]LogModuleManager: Shutting down and abandoning module CoreUObject (14)
[2020.01.22-21.41.18:603][137]LogModuleManager: Shutting down and abandoning module NetworkFile (12)
[2020.01.22-21.41.18:603][137]LogModuleManager: Shutting down and abandoning module CookedIterativeFile (10)
[2020.01.22-21.41.18:603][137]LogModuleManager: Shutting down and abandoning module StreamingFile (8)
[2020.01.22-21.41.18:603][137]LogModuleManager: Shutting down and abandoning module SandboxFile (6)
[2020.01.22-21.41.18:603][137]LogModuleManager: Shutting down and abandoning module PakFile (4)
[2020.01.22-21.41.18:603][137]LogModuleManager: Shutting down and abandoning module RSA (3)
[2020.01.22-21.41.18:604][137]LogD3D11RHI: Shutdown
[2020.01.22-21.41.18:604][137]LogD3D11RHI: CleanupD3DDevice
[2020.01.22-21.41.18:605][137]LogRendererCore: FGlobalDynamicReadBuffer::Cleanup()
[2020.01.22-21.41.18:605][137]LogRendererCore: FGlobalDynamicReadBuffer::Cleanup()
[2020.01.22-21.41.18:605][137]LogRendererCore: FGlobalDynamicReadBuffer::Cleanup()
[2020.01.22-21.41.18:750][137]LogD3D11RHI: ~FD3D11DynamicRHI
[2020.01.22-21.41.18:769][137]LogExit: Exiting.
[2020.01.22-21.41.18:788][137]Log file closed, 01/22/20 21:41:18
