Log file open, 01/22/20 23:00:05
LogWindows: Failed to load 'aqProf.dll' (GetLastError=126)
LogWindows: File 'aqProf.dll' does not exist
LogWindows: Failed to load 'VtuneApi.dll' (GetLastError=126)
LogWindows: File 'VtuneApi.dll' does not exist
LogWindows: Failed to load 'VtuneApi32e.dll' (GetLastError=126)
LogWindows: File 'VtuneApi32e.dll' does not exist
LogConsoleResponse: Display: Failed to find resolution value strings in scalability ini. Falling back to default.
LogInit: Display: Running engine for game: Park
LogPlatformFile: Not using cached read wrapper
LogTaskGraph: Started task graph with 5 named threads and 47 total threads with 3 sets of task threads.
LogStats: Stats thread started at 0.062732
LogD3D11RHI: Loaded GFSDK_Aftermath_Lib.x64.dll
LogICUInternationalization: ICU TimeZone Detection - Raw Offset: +0:00, Platform Override: ''
LogPluginManager: Mounting plugin Paper2D
LogPluginManager: Mounting plugin AISupport
LogPluginManager: Mounting plugin LightPropagationVolume
LogPluginManager: Mounting plugin ActorLayerUtilities
LogPluginManager: Mounting plugin AnimationSharing
LogPluginManager: Mounting plugin CLionSourceCodeAccess
LogPluginManager: Mounting plugin CodeLiteSourceCodeAccess
LogPluginManager: Mounting plugin GitSourceControl
LogPluginManager: Mounting plugin KDevelopSourceCodeAccess
LogPluginManager: Mounting plugin NullSourceCodeAccess
LogPluginManager: Mounting plugin PerforceSourceControl
LogPluginManager: Mounting plugin SubversionSourceControl
LogPluginManager: Mounting plugin UObjectPlugin
LogPluginManager: Mounting plugin VisualStudioCodeSourceCodeAccess
LogPluginManager: Mounting plugin VisualStudioSourceCodeAccess
LogPluginManager: Mounting plugin XCodeSourceCodeAccess
LogPluginManager: Mounting plugin AssetManagerEditor
LogPluginManager: Mounting plugin CryptoKeys
LogPluginManager: Mounting plugin CurveEditorTools
LogPluginManager: Mounting plugin DataValidation
LogPluginManager: Mounting plugin FacialAnimation
LogPluginManager: Mounting plugin GameplayTagsEditor
LogPluginManager: Mounting plugin MacGraphicsSwitching
LogPluginManager: Mounting plugin MaterialAnalyzer
LogPluginManager: Mounting plugin MobileLauncherProfileWizard
LogPluginManager: Mounting plugin PluginBrowser
LogPluginManager: Mounting plugin SpeedTreeImporter
LogPluginManager: Mounting plugin DatasmithContent
LogPluginManager: Mounting plugin VariantManagerContent
LogPluginManager: Mounting plugin AlembicImporter
LogPluginManager: Mounting plugin AutomationUtils
LogPluginManager: Mounting plugin BackChannel
LogPluginManager: Mounting plugin CharacterAI
LogPluginManager: Mounting plugin GeometryCache
LogPluginManager: Mounting plugin HTML5Networking
LogPluginManager: Mounting plugin PlatformCrypto
LogPluginManager: Mounting plugin ProxyLODPlugin
LogPluginManager: Mounting plugin SkeletalReduction
LogPluginManager: Mounting plugin MagicLeap
LogPluginManager: Mounting plugin MagicLeapMedia
LogPluginManager: Mounting plugin AndroidMedia
LogPluginManager: Mounting plugin AvfMedia
LogPluginManager: Mounting plugin ImgMedia
LogPluginManager: Mounting plugin MediaCompositing
LogPluginManager: Mounting plugin MediaPlayerEditor
LogPluginManager: Mounting plugin WebMMedia
LogPluginManager: Mounting plugin WmfMedia
LogPluginManager: Mounting plugin TcpMessaging
LogPluginManager: Mounting plugin UdpMessaging
LogPluginManager: Mounting plugin ActorSequence
LogPluginManager: Mounting plugin LevelSequenceEditor
LogPluginManager: Mounting plugin MatineeToLevelSequence
LogPluginManager: Mounting plugin NetcodeUnitTest
LogPluginManager: Mounting plugin NUTUnrealEngine4
LogPluginManager: Mounting plugin OnlineSubsystemGooglePlay
LogPluginManager: Mounting plugin OnlineSubsystemIOS
LogPluginManager: Mounting plugin OnlineSubsystem
LogPluginManager: Mounting plugin OnlineSubsystemNull
LogPluginManager: Mounting plugin OnlineSubsystemUtils
LogPluginManager: Mounting plugin LauncherChunkInstaller
LogPluginManager: Mounting plugin AndroidDeviceProfileSelector
LogPluginManager: Mounting plugin AndroidMoviePlayer
LogPluginManager: Mounting plugin AndroidPermission
LogPluginManager: Mounting plugin AppleImageUtils
LogPluginManager: Mounting plugin AppleMoviePlayer
LogPluginManager: Mounting plugin ArchVisCharacter
LogPluginManager: Mounting plugin AudioCapture
LogPluginManager: Mounting plugin CableComponent
LogPluginManager: Mounting plugin CustomMeshComponent
LogPluginManager: Mounting plugin EditableMesh
LogPluginManager: Mounting plugin ExampleDeviceProfileSelector
LogPluginManager: Mounting plugin GoogleCloudMessaging
LogPluginManager: Mounting plugin IOSDeviceProfileSelector
LogPluginManager: Mounting plugin LinuxDeviceProfileSelector
LogPluginManager: Mounting plugin LocationServicesBPLibrary
LogPluginManager: Mounting plugin MobilePatchingUtils
LogPluginManager: Mounting plugin OculusVR
LogPluginManager: Mounting plugin PhysXVehicles
LogPluginManager: Mounting plugin ProceduralMeshComponent
LogPluginManager: Mounting plugin RuntimePhysXCooking
LogPluginManager: Mounting plugin SignificanceManager
LogPluginManager: Mounting plugin SteamVR
LogPluginManager: Mounting plugin WebMMoviePlayer
LogPluginManager: Mounting plugin WindowsMoviePlayer
LogPluginManager: Mounting plugin ScreenshotTools
LogInit: Using libcurl 7.55.1-DEV
LogInit:  - built for x86_64-pc-win32
LogInit:  - supports SSL with OpenSSL/1.1.1
LogInit:  - supports HTTP deflate (compression) using libz 1.2.8
LogInit:  - other features:
LogInit:      CURL_VERSION_SSL
LogInit:      CURL_VERSION_LIBZ
LogInit:      CURL_VERSION_IPV6
LogInit:      CURL_VERSION_ASYNCHDNS
LogInit:      CURL_VERSION_LARGEFILE
LogInit:      CURL_VERSION_IDN
LogInit:  CurlRequestOptions (configurable via config and command line):
LogInit:  - bVerifyPeer = true  - Libcurl will verify peer certificate
LogInit:  - bUseHttpProxy = false  - Libcurl will NOT use HTTP proxy
LogInit:  - bDontReuseConnections = false  - Libcurl will reuse connections
LogInit:  - MaxHostConnections = 16  - Libcurl will limit the number of connections to a host
LogInit:  - LocalHostAddr = Default
LogInit:  - BufferSize = 65536
LogOnline: OSS: Creating online subsystem instance for: NULL
LogInit: WinSock: version 1.1 (2.2), MaxSocks=32767, MaxUdp=65467
LogInit: Build: ++UE4+Release-4.23-CL-9631420
LogInit: Engine Version: 4.23.1-9631420+++UE4+Release-4.23
LogInit: Compatible Engine Version: 4.23.0-8386587+++UE4+Release-4.23
LogInit: Net CL: 8386587
LogInit: OS: Windows 10 (Release 1909) (), CPU: Intel(R) Core(TM) i7-7820X CPU @ 3.60GHz, GPU: NVIDIA GeForce GTX 1080 Ti
LogInit: Compiled (64-bit): Oct 18 2019 02:07:44
LogInit: Compiled with Visual C++: 19.16.27030.01
LogInit: Build Configuration: Development
LogInit: Branch Name: ++UE4+Release-4.23
LogInit: Command Line:  -EpicPortal -epicusername=JonathanHarg -epicuserid=0382994034dc4f6bbe5c05cbae825090 -epiclocale=en-GB
LogInit: Base Directory: D:/UE_4.23/Engine/Binaries/Win64/
LogInit: Installed Engine Build: 1
LogDevObjectVersion: Number of dev versions registered: 23
LogDevObjectVersion:   Dev-Blueprints (B0D832E4-1F89-4F0D-ACCF-7EB736FD4AA2): 10
LogDevObjectVersion:   Dev-Build (E1C64328-A22C-4D53-A36C-8E866417BD8C): 0
LogDevObjectVersion:   Dev-Core (375EC13C-06E4-48FB-B500-84F0262A717E): 3
LogDevObjectVersion:   Dev-Editor (E4B068ED-F494-42E9-A231-DA0B2E46BB41): 34
LogDevObjectVersion:   Dev-Framework (CFFC743F-43B0-4480-9391-14DF171D2073): 35
LogDevObjectVersion:   Dev-Mobile (B02B49B5-BB20-44E9-A304-32B752E40360): 2
LogDevObjectVersion:   Dev-Networking (A4E4105C-59A1-49B5-A7C5-40C4547EDFEE): 0
LogDevObjectVersion:   Dev-Online (39C831C9-5AE6-47DC-9A44-9C173E1C8E7C): 0
LogDevObjectVersion:   Dev-Physics (78F01B33-EBEA-4F98-B9B4-84EACCB95AA2): 0
LogDevObjectVersion:   Dev-Platform (6631380F-2D4D-43E0-8009-CF276956A95A): 0
LogDevObjectVersion:   Dev-Rendering (12F88B9F-8875-4AFC-A67C-D90C383ABD29): 31
LogDevObjectVersion:   Dev-Sequencer (7B5AE74C-D270-4C10-A958-57980B212A5A): 11
LogDevObjectVersion:   Dev-VR (D7296918-1DD6-4BDD-9DE2-64A83CC13884): 2
LogDevObjectVersion:   Dev-LoadTimes (C2A15278-BFE7-4AFE-6C17-90FF531DF755): 1
LogDevObjectVersion:   Private-Geometry (6EACA3D4-40EC-4CC1-B786-8BED09428FC5): 3
LogDevObjectVersion:   Dev-AnimPhys (29E575DD-E0A3-4627-9D10-D276232CDCEA): 17
LogDevObjectVersion:   Dev-Anim (AF43A65D-7FD3-4947-9873-3E8ED9C1BB05): 2
LogDevObjectVersion:   Dev-ReflectionCapture (6B266CEC-1EC7-4B8F-A30B-E4D90942FC07): 1
LogDevObjectVersion:   Dev-Automation (0DF73D61-A23F-47EA-B727-89E90C41499A): 1
LogDevObjectVersion:   FortniteMain (601D1886-AC64-4F84-AA16-D3DE0DEAC7D6): 27
LogDevObjectVersion:   Dev-Enterprise (9DFFBCD6-494F-0158-E221-12823C92A888): 6
LogDevObjectVersion:   Dev-Niagara (F2AED0AC-9AFE-416F-8664-AA7FFA26D6FC): 1
LogDevObjectVersion:   Dev-Destruction (174F1F0B-B4C6-45A5-B13F-2EE8D0FB917D): 9
LogInit: Presizing for max 16777216 objects, including 0 objects not considered by GC, pre-allocating 0 bytes for permanent pool.
LogInit: Object subsystem initialized
LogConfig: Setting CVar [[con.DebugEarlyDefault:1]]
LogConfig: Setting CVar [[r.setres:1280x720]]
[2020.01.22-23.00.05:227][  0]LogConfig: Setting CVar [[r.VSync:0]]
[2020.01.22-23.00.05:227][  0]LogConfig: Setting CVar [[r.RHICmdBypass:0]]
[2020.01.22-23.00.05:227][  0]LogConfig: Applying CVar settings from Section [/Script/Engine.RendererSettings] File [D:/Art/Park_SFAS/Park/Saved/Config/Windows/Engine.ini]
[2020.01.22-23.00.05:228][  0]LogConfig: Setting CVar [[r.GPUCrashDebugging:0]]
[2020.01.22-23.00.05:228][  0]LogConfig: Setting CVar [[r.DefaultFeature.AutoExposure.ExtendDefaultLuminanceRange:1]]
[2020.01.22-23.00.05:228][  0]LogConfig: Applying CVar settings from Section [/Script/Engine.RendererOverrideSettings] File [D:/Art/Park_SFAS/Park/Saved/Config/Windows/Engine.ini]
[2020.01.22-23.00.05:228][  0]LogConfig: Applying CVar settings from Section [/Script/Engine.StreamingSettings] File [D:/Art/Park_SFAS/Park/Saved/Config/Windows/Engine.ini]
[2020.01.22-23.00.05:228][  0]LogConfig: Setting CVar [[s.MinBulkDataSizeForAsyncLoading:131072]]
[2020.01.22-23.00.05:228][  0]LogConfig: Setting CVar [[s.AsyncLoadingThreadEnabled:0]]
[2020.01.22-23.00.05:228][  0]LogConfig: Setting CVar [[s.EventDrivenLoaderEnabled:1]]
[2020.01.22-23.00.05:228][  0]LogConfig: Setting CVar [[s.WarnIfTimeLimitExceeded:0]]
[2020.01.22-23.00.05:228][  0]LogConfig: Setting CVar [[s.TimeLimitExceededMultiplier:1.5]]
[2020.01.22-23.00.05:228][  0]LogConfig: Setting CVar [[s.TimeLimitExceededMinTime:0.005]]
[2020.01.22-23.00.05:228][  0]LogConfig: Setting CVar [[s.UseBackgroundLevelStreaming:1]]
[2020.01.22-23.00.05:228][  0]LogConfig: Setting CVar [[s.PriorityAsyncLoadingExtraTime:15.0]]
[2020.01.22-23.00.05:228][  0]LogConfig: Setting CVar [[s.LevelStreamingActorsUpdateTimeLimit:5.0]]
[2020.01.22-23.00.05:228][  0]LogConfig: Setting CVar [[s.PriorityLevelStreamingActorsUpdateExtraTime:5.0]]
[2020.01.22-23.00.05:228][  0]LogConfig: Setting CVar [[s.LevelStreamingComponentsRegistrationGranularity:10]]
[2020.01.22-23.00.05:228][  0]LogConfig: Setting CVar [[s.UnregisterComponentsTimeLimit:1.0]]
[2020.01.22-23.00.05:228][  0]LogConfig: Setting CVar [[s.LevelStreamingComponentsUnregistrationGranularity:5]]
[2020.01.22-23.00.05:228][  0]LogConfig: Applying CVar settings from Section [/Script/Engine.GarbageCollectionSettings] File [D:/Art/Park_SFAS/Park/Saved/Config/Windows/Engine.ini]
[2020.01.22-23.00.05:228][  0]LogConfig: Setting CVar [[gc.MaxObjectsNotConsideredByGC:1]]
[2020.01.22-23.00.05:228][  0]LogConfig: Setting CVar [[gc.SizeOfPermanentObjectPool:0]]
[2020.01.22-23.00.05:228][  0]LogConfig: Setting CVar [[gc.FlushStreamingOnGC:0]]
[2020.01.22-23.00.05:228][  0]LogConfig: Setting CVar [[gc.NumRetriesBeforeForcingGC:10]]
[2020.01.22-23.00.05:228][  0]LogConfig: Setting CVar [[gc.AllowParallelGC:1]]
[2020.01.22-23.00.05:228][  0]LogConfig: Setting CVar [[gc.TimeBetweenPurgingPendingKillObjects:61.1]]
[2020.01.22-23.00.05:228][  0]LogConfig: Setting CVar [[gc.MaxObjectsInEditor:16777216]]
[2020.01.22-23.00.05:228][  0]LogConfig: Setting CVar [[gc.IncrementalBeginDestroyEnabled:1]]
[2020.01.22-23.00.05:228][  0]LogConfig: Setting CVar [[gc.CreateGCClusters:1]]
[2020.01.22-23.00.05:228][  0]LogConfig: Setting CVar [[gc.MinGCClusterSize:5]]
[2020.01.22-23.00.05:228][  0]LogConfig: Setting CVar [[gc.ActorClusteringEnabled:0]]
[2020.01.22-23.00.05:228][  0]LogConfig: Setting CVar [[gc.BlueprintClusteringEnabled:0]]
[2020.01.22-23.00.05:228][  0]LogConfig: Setting CVar [[gc.UseDisregardForGCOnDedicatedServers:0]]
[2020.01.22-23.00.05:228][  0]LogConfig: Applying CVar settings from Section [/Script/Engine.NetworkSettings] File [D:/Art/Park_SFAS/Park/Saved/Config/Windows/Engine.ini]
[2020.01.22-23.00.05:228][  0]LogConfig: Applying CVar settings from Section [/Script/UnrealEd.CookerSettings] File [D:/Art/Park_SFAS/Park/Saved/Config/Windows/Engine.ini]
[2020.01.22-23.00.05:237][  0]LogConfig: Applying CVar settings from Section [ViewDistanceQuality@3] File [D:/Art/Park_SFAS/Park/Saved/Config/Windows/Scalability.ini]
[2020.01.22-23.00.05:237][  0]LogConfig: Setting CVar [[r.SkeletalMeshLODBias:0]]
[2020.01.22-23.00.05:237][  0]LogConfig: Setting CVar [[r.ViewDistanceScale:1.0]]
[2020.01.22-23.00.05:237][  0]LogConfig: Applying CVar settings from Section [AntiAliasingQuality@3] File [D:/Art/Park_SFAS/Park/Saved/Config/Windows/Scalability.ini]
[2020.01.22-23.00.05:237][  0]LogConfig: Setting CVar [[r.PostProcessAAQuality:4]]
[2020.01.22-23.00.05:237][  0]LogConfig: Applying CVar settings from Section [ShadowQuality@3] File [D:/Art/Park_SFAS/Park/Saved/Config/Windows/Scalability.ini]
[2020.01.22-23.00.05:237][  0]LogConfig: Setting CVar [[r.LightFunctionQuality:1]]
[2020.01.22-23.00.05:237][  0]LogConfig: Setting CVar [[r.ShadowQuality:5]]
[2020.01.22-23.00.05:237][  0]LogConfig: Setting CVar [[r.Shadow.CSM.MaxCascades:10]]
[2020.01.22-23.00.05:237][  0]LogConfig: Setting CVar [[r.Shadow.MaxResolution:2048]]
[2020.01.22-23.00.05:237][  0]LogConfig: Setting CVar [[r.Shadow.MaxCSMResolution:2048]]
[2020.01.22-23.00.05:237][  0]LogConfig: Setting CVar [[r.Shadow.RadiusThreshold:0.01]]
[2020.01.22-23.00.05:237][  0]LogConfig: Setting CVar [[r.Shadow.DistanceScale:1.0]]
[2020.01.22-23.00.05:237][  0]LogConfig: Setting CVar [[r.Shadow.CSM.TransitionScale:1.0]]
[2020.01.22-23.00.05:237][  0]LogConfig: Setting CVar [[r.Shadow.PreShadowResolutionFactor:1.0]]
[2020.01.22-23.00.05:237][  0]LogConfig: Setting CVar [[r.DistanceFieldShadowing:1]]
[2020.01.22-23.00.05:237][  0]LogConfig: Setting CVar [[r.DistanceFieldAO:1]]
[2020.01.22-23.00.05:238][  0]LogConfig: Setting CVar [[r.AOQuality:2]]
[2020.01.22-23.00.05:238][  0]LogConfig: Setting CVar [[r.VolumetricFog:1]]
[2020.01.22-23.00.05:238][  0]LogConfig: Setting CVar [[r.VolumetricFog.GridPixelSize:8]]
[2020.01.22-23.00.05:238][  0]LogConfig: Setting CVar [[r.VolumetricFog.GridSizeZ:128]]
[2020.01.22-23.00.05:238][  0]LogConfig: Setting CVar [[r.VolumetricFog.HistoryMissSupersampleCount:4]]
[2020.01.22-23.00.05:238][  0]LogConfig: Setting CVar [[r.LightMaxDrawDistanceScale:1]]
[2020.01.22-23.00.05:238][  0]LogConfig: Setting CVar [[r.CapsuleShadows:1]]
[2020.01.22-23.00.05:238][  0]LogConfig: Applying CVar settings from Section [PostProcessQuality@3] File [D:/Art/Park_SFAS/Park/Saved/Config/Windows/Scalability.ini]
[2020.01.22-23.00.05:238][  0]LogConfig: Setting CVar [[r.MotionBlurQuality:4]]
[2020.01.22-23.00.05:238][  0]LogConfig: Setting CVar [[r.AmbientOcclusionMipLevelFactor:0.4]]
[2020.01.22-23.00.05:238][  0]LogConfig: Setting CVar [[r.AmbientOcclusionMaxQuality:100]]
[2020.01.22-23.00.05:238][  0]LogConfig: Setting CVar [[r.AmbientOcclusionLevels:-1]]
[2020.01.22-23.00.05:238][  0]LogConfig: Setting CVar [[r.AmbientOcclusionRadiusScale:1.0]]
[2020.01.22-23.00.05:238][  0]LogConfig: Setting CVar [[r.DepthOfFieldQuality:2]]
[2020.01.22-23.00.05:238][  0]LogConfig: Setting CVar [[r.RenderTargetPoolMin:400]]
[2020.01.22-23.00.05:238][  0]LogConfig: Setting CVar [[r.LensFlareQuality:2]]
[2020.01.22-23.00.05:238][  0]LogConfig: Setting CVar [[r.SceneColorFringeQuality:1]]
[2020.01.22-23.00.05:238][  0]LogConfig: Setting CVar [[r.EyeAdaptationQuality:2]]
[2020.01.22-23.00.05:238][  0]LogConfig: Setting CVar [[r.BloomQuality:5]]
[2020.01.22-23.00.05:238][  0]LogConfig: Setting CVar [[r.FastBlurThreshold:100]]
[2020.01.22-23.00.05:238][  0]LogConfig: Setting CVar [[r.Upscale.Quality:3]]
[2020.01.22-23.00.05:238][  0]LogConfig: Setting CVar [[r.Tonemapper.GrainQuantization:1]]
[2020.01.22-23.00.05:238][  0]LogConfig: Setting CVar [[r.LightShaftQuality:1]]
[2020.01.22-23.00.05:238][  0]LogConfig: Setting CVar [[r.Filter.SizeScale:1]]
[2020.01.22-23.00.05:238][  0]LogConfig: Setting CVar [[r.Tonemapper.Quality:5]]
[2020.01.22-23.00.05:238][  0]LogConfig: Setting CVar [[r.DOF.Gather.AccumulatorQuality:1        ; higher gathering accumulator quality]]
[2020.01.22-23.00.05:238][  0]LogConfig: Setting CVar [[r.DOF.Gather.PostfilterMethod:1          ; Median3x3 postfilering method]]
[2020.01.22-23.00.05:238][  0]LogConfig: Setting CVar [[r.DOF.Gather.EnableBokehSettings:0       ; no bokeh simulation when gathering]]
[2020.01.22-23.00.05:238][  0]LogConfig: Setting CVar [[r.DOF.Gather.RingCount:4                 ; medium number of samples when gathering]]
[2020.01.22-23.00.05:238][  0]LogConfig: Setting CVar [[r.DOF.Scatter.ForegroundCompositing:1    ; additive foreground scattering]]
[2020.01.22-23.00.05:238][  0]LogConfig: Setting CVar [[r.DOF.Scatter.BackgroundCompositing:2    ; additive background scattering]]
[2020.01.22-23.00.05:238][  0]LogConfig: Setting CVar [[r.DOF.Scatter.EnableBokehSettings:1      ; bokeh simulation when scattering]]
[2020.01.22-23.00.05:238][  0]LogConfig: Setting CVar [[r.DOF.Scatter.MaxSpriteRatio:0.1         ; only a maximum of 10% of scattered bokeh]]
[2020.01.22-23.00.05:238][  0]LogConfig: Setting CVar [[r.DOF.Recombine.Quality:1                ; cheap slight out of focus]]
[2020.01.22-23.00.05:238][  0]LogConfig: Setting CVar [[r.DOF.Recombine.EnableBokehSettings:0    ; no bokeh simulation on slight out of focus]]
[2020.01.22-23.00.05:238][  0]LogConfig: Setting CVar [[r.DOF.TemporalAAQuality:1                ; more stable temporal accumulation]]
[2020.01.22-23.00.05:238][  0]LogConfig: Setting CVar [[r.DOF.Kernel.MaxForegroundRadius:0.025]]
[2020.01.22-23.00.05:238][  0]LogConfig: Setting CVar [[r.DOF.Kernel.MaxBackgroundRadius:0.025]]
[2020.01.22-23.00.05:238][  0]LogConfig: Applying CVar settings from Section [TextureQuality@3] File [D:/Art/Park_SFAS/Park/Saved/Config/Windows/Scalability.ini]
[2020.01.22-23.00.05:238][  0]LogConfig: Setting CVar [[r.Streaming.MipBias:0]]
[2020.01.22-23.00.05:238][  0]LogConfig: Setting CVar [[r.Streaming.AmortizeCPUToGPUCopy:0]]
[2020.01.22-23.00.05:238][  0]LogConfig: Setting CVar [[r.Streaming.MaxNumTexturesToStreamPerFrame:0]]
[2020.01.22-23.00.05:238][  0]LogConfig: Setting CVar [[r.Streaming.Boost:1]]
[2020.01.22-23.00.05:238][  0]LogConfig: Setting CVar [[r.MaxAnisotropy:8]]
[2020.01.22-23.00.05:238][  0]LogConfig: Setting CVar [[r.Streaming.LimitPoolSizeToVRAM:0]]
[2020.01.22-23.00.05:238][  0]LogConfig: Setting CVar [[r.Streaming.PoolSize:1000]]
[2020.01.22-23.00.05:238][  0]LogConfig: Setting CVar [[r.Streaming.MaxEffectiveScreenSize:0]]
[2020.01.22-23.00.05:238][  0]LogConfig: Applying CVar settings from Section [EffectsQuality@3] File [D:/Art/Park_SFAS/Park/Saved/Config/Windows/Scalability.ini]
[2020.01.22-23.00.05:238][  0]LogConfig: Setting CVar [[r.TranslucencyLightingVolumeDim:64]]
[2020.01.22-23.00.05:238][  0]LogConfig: Setting CVar [[r.RefractionQuality:2]]
[2020.01.22-23.00.05:238][  0]LogConfig: Setting CVar [[r.SSR.Quality:3]]
[2020.01.22-23.00.05:238][  0]LogConfig: Setting CVar [[r.SceneColorFormat:4]]
[2020.01.22-23.00.05:238][  0]LogConfig: Setting CVar [[r.DetailMode:2]]
[2020.01.22-23.00.05:238][  0]LogConfig: Setting CVar [[r.TranslucencyVolumeBlur:1]]
[2020.01.22-23.00.05:238][  0]LogConfig: Setting CVar [[r.MaterialQualityLevel:1 ; High quality]]
[2020.01.22-23.00.05:238][  0]LogConfig: Setting CVar [[r.SSS.Scale:1]]
[2020.01.22-23.00.05:238][  0]LogConfig: Setting CVar [[r.SSS.SampleSet:2]]
[2020.01.22-23.00.05:238][  0]LogConfig: Setting CVar [[r.SSS.Quality:1]]
[2020.01.22-23.00.05:238][  0]LogConfig: Setting CVar [[r.SSS.HalfRes:1]]
[2020.01.22-23.00.05:238][  0]LogConfig: Setting CVar [[r.EmitterSpawnRateScale:1.0]]
[2020.01.22-23.00.05:238][  0]LogConfig: Setting CVar [[r.ParticleLightQuality:2]]
[2020.01.22-23.00.05:238][  0]LogConfig: Applying CVar settings from Section [FoliageQuality@3] File [D:/Art/Park_SFAS/Park/Saved/Config/Windows/Scalability.ini]
[2020.01.22-23.00.05:238][  0]LogConfig: Setting CVar [[foliage.DensityScale:1.0]]
[2020.01.22-23.00.05:238][  0]LogConfig: Setting CVar [[grass.DensityScale:1.0]]
[2020.01.22-23.00.05:238][  0]LogInit: Selected Device Profile: [Windows]
[2020.01.22-23.00.05:238][  0]LogInit: Applying CVar settings loaded from the selected device profile: [Windows]
[2020.01.22-23.00.05:240][  0]LogHAL: Display: Platform has ~ 32 GB [34014822400 / 34359738368 / 32], which maps to Largest [LargestMinGB=32, LargerMinGB=12, DefaultMinGB=8, SmallerMinGB=6, SmallestMinGB=0)
[2020.01.22-23.00.05:241][  0]LogInit: Going up to parent DeviceProfile []
[2020.01.22-23.00.05:241][  0]LogConfig: Applying CVar settings from Section [ViewDistanceQuality@3] File [D:/Art/Park_SFAS/Park/Saved/Config/Windows/Scalability.ini]
[2020.01.22-23.00.05:241][  0]LogConfig: Setting CVar [[r.SkeletalMeshLODBias:0]]
[2020.01.22-23.00.05:241][  0]LogConfig: Setting CVar [[r.ViewDistanceScale:1.0]]
[2020.01.22-23.00.05:241][  0]LogConfig: Applying CVar settings from Section [AntiAliasingQuality@3] File [D:/Art/Park_SFAS/Park/Saved/Config/Windows/Scalability.ini]
[2020.01.22-23.00.05:241][  0]LogConfig: Setting CVar [[r.PostProcessAAQuality:4]]
[2020.01.22-23.00.05:241][  0]LogConfig: Applying CVar settings from Section [ShadowQuality@3] File [D:/Art/Park_SFAS/Park/Saved/Config/Windows/Scalability.ini]
[2020.01.22-23.00.05:241][  0]LogConfig: Setting CVar [[r.LightFunctionQuality:1]]
[2020.01.22-23.00.05:241][  0]LogConfig: Setting CVar [[r.ShadowQuality:5]]
[2020.01.22-23.00.05:241][  0]LogConfig: Setting CVar [[r.Shadow.CSM.MaxCascades:10]]
[2020.01.22-23.00.05:241][  0]LogConfig: Setting CVar [[r.Shadow.MaxResolution:2048]]
[2020.01.22-23.00.05:241][  0]LogConfig: Setting CVar [[r.Shadow.MaxCSMResolution:2048]]
[2020.01.22-23.00.05:241][  0]LogConfig: Setting CVar [[r.Shadow.RadiusThreshold:0.01]]
[2020.01.22-23.00.05:241][  0]LogConfig: Setting CVar [[r.Shadow.DistanceScale:1.0]]
[2020.01.22-23.00.05:241][  0]LogConfig: Setting CVar [[r.Shadow.CSM.TransitionScale:1.0]]
[2020.01.22-23.00.05:241][  0]LogConfig: Setting CVar [[r.Shadow.PreShadowResolutionFactor:1.0]]
[2020.01.22-23.00.05:241][  0]LogConfig: Setting CVar [[r.DistanceFieldShadowing:1]]
[2020.01.22-23.00.05:241][  0]LogConfig: Setting CVar [[r.DistanceFieldAO:1]]
[2020.01.22-23.00.05:241][  0]LogConfig: Setting CVar [[r.AOQuality:2]]
[2020.01.22-23.00.05:241][  0]LogConfig: Setting CVar [[r.VolumetricFog:1]]
[2020.01.22-23.00.05:241][  0]LogConfig: Setting CVar [[r.VolumetricFog.GridPixelSize:8]]
[2020.01.22-23.00.05:241][  0]LogConfig: Setting CVar [[r.VolumetricFog.GridSizeZ:128]]
[2020.01.22-23.00.05:241][  0]LogConfig: Setting CVar [[r.VolumetricFog.HistoryMissSupersampleCount:4]]
[2020.01.22-23.00.05:241][  0]LogConfig: Setting CVar [[r.LightMaxDrawDistanceScale:1]]
[2020.01.22-23.00.05:241][  0]LogConfig: Setting CVar [[r.CapsuleShadows:1]]
[2020.01.22-23.00.05:241][  0]LogConfig: Applying CVar settings from Section [PostProcessQuality@3] File [D:/Art/Park_SFAS/Park/Saved/Config/Windows/Scalability.ini]
[2020.01.22-23.00.05:241][  0]LogConfig: Setting CVar [[r.MotionBlurQuality:4]]
[2020.01.22-23.00.05:241][  0]LogConfig: Setting CVar [[r.AmbientOcclusionMipLevelFactor:0.4]]
[2020.01.22-23.00.05:241][  0]LogConfig: Setting CVar [[r.AmbientOcclusionMaxQuality:100]]
[2020.01.22-23.00.05:241][  0]LogConfig: Setting CVar [[r.AmbientOcclusionLevels:-1]]
[2020.01.22-23.00.05:241][  0]LogConfig: Setting CVar [[r.AmbientOcclusionRadiusScale:1.0]]
[2020.01.22-23.00.05:241][  0]LogConfig: Setting CVar [[r.DepthOfFieldQuality:2]]
[2020.01.22-23.00.05:241][  0]LogConfig: Setting CVar [[r.RenderTargetPoolMin:400]]
[2020.01.22-23.00.05:241][  0]LogConfig: Setting CVar [[r.LensFlareQuality:2]]
[2020.01.22-23.00.05:241][  0]LogConfig: Setting CVar [[r.SceneColorFringeQuality:1]]
[2020.01.22-23.00.05:241][  0]LogConfig: Setting CVar [[r.EyeAdaptationQuality:2]]
[2020.01.22-23.00.05:241][  0]LogConfig: Setting CVar [[r.BloomQuality:5]]
[2020.01.22-23.00.05:241][  0]LogConfig: Setting CVar [[r.FastBlurThreshold:100]]
[2020.01.22-23.00.05:241][  0]LogConfig: Setting CVar [[r.Upscale.Quality:3]]
[2020.01.22-23.00.05:241][  0]LogConfig: Setting CVar [[r.Tonemapper.GrainQuantization:1]]
[2020.01.22-23.00.05:241][  0]LogConfig: Setting CVar [[r.LightShaftQuality:1]]
[2020.01.22-23.00.05:241][  0]LogConfig: Setting CVar [[r.Filter.SizeScale:1]]
[2020.01.22-23.00.05:241][  0]LogConfig: Setting CVar [[r.Tonemapper.Quality:5]]
[2020.01.22-23.00.05:241][  0]LogConfig: Setting CVar [[r.DOF.Gather.AccumulatorQuality:1        ; higher gathering accumulator quality]]
[2020.01.22-23.00.05:241][  0]LogConfig: Setting CVar [[r.DOF.Gather.PostfilterMethod:1          ; Median3x3 postfilering method]]
[2020.01.22-23.00.05:241][  0]LogConfig: Setting CVar [[r.DOF.Gather.EnableBokehSettings:0       ; no bokeh simulation when gathering]]
[2020.01.22-23.00.05:241][  0]LogConfig: Setting CVar [[r.DOF.Gather.RingCount:4                 ; medium number of samples when gathering]]
[2020.01.22-23.00.05:241][  0]LogConfig: Setting CVar [[r.DOF.Scatter.ForegroundCompositing:1    ; additive foreground scattering]]
[2020.01.22-23.00.05:241][  0]LogConfig: Setting CVar [[r.DOF.Scatter.BackgroundCompositing:2    ; additive background scattering]]
[2020.01.22-23.00.05:241][  0]LogConfig: Setting CVar [[r.DOF.Scatter.EnableBokehSettings:1      ; bokeh simulation when scattering]]
[2020.01.22-23.00.05:241][  0]LogConfig: Setting CVar [[r.DOF.Scatter.MaxSpriteRatio:0.1         ; only a maximum of 10% of scattered bokeh]]
[2020.01.22-23.00.05:241][  0]LogConfig: Setting CVar [[r.DOF.Recombine.Quality:1                ; cheap slight out of focus]]
[2020.01.22-23.00.05:241][  0]LogConfig: Setting CVar [[r.DOF.Recombine.EnableBokehSettings:0    ; no bokeh simulation on slight out of focus]]
[2020.01.22-23.00.05:241][  0]LogConfig: Setting CVar [[r.DOF.TemporalAAQuality:1                ; more stable temporal accumulation]]
[2020.01.22-23.00.05:241][  0]LogConfig: Setting CVar [[r.DOF.Kernel.MaxForegroundRadius:0.025]]
[2020.01.22-23.00.05:241][  0]LogConfig: Setting CVar [[r.DOF.Kernel.MaxBackgroundRadius:0.025]]
[2020.01.22-23.00.05:241][  0]LogConfig: Applying CVar settings from Section [TextureQuality@3] File [D:/Art/Park_SFAS/Park/Saved/Config/Windows/Scalability.ini]
[2020.01.22-23.00.05:241][  0]LogConfig: Setting CVar [[r.Streaming.MipBias:0]]
[2020.01.22-23.00.05:241][  0]LogConfig: Setting CVar [[r.Streaming.AmortizeCPUToGPUCopy:0]]
[2020.01.22-23.00.05:241][  0]LogConfig: Setting CVar [[r.Streaming.MaxNumTexturesToStreamPerFrame:0]]
[2020.01.22-23.00.05:241][  0]LogConfig: Setting CVar [[r.Streaming.Boost:1]]
[2020.01.22-23.00.05:241][  0]LogConfig: Setting CVar [[r.MaxAnisotropy:8]]
[2020.01.22-23.00.05:241][  0]LogConfig: Setting CVar [[r.Streaming.LimitPoolSizeToVRAM:0]]
[2020.01.22-23.00.05:241][  0]LogConfig: Setting CVar [[r.Streaming.PoolSize:1000]]
[2020.01.22-23.00.05:241][  0]LogConfig: Setting CVar [[r.Streaming.MaxEffectiveScreenSize:0]]
[2020.01.22-23.00.05:241][  0]LogConfig: Applying CVar settings from Section [EffectsQuality@3] File [D:/Art/Park_SFAS/Park/Saved/Config/Windows/Scalability.ini]
[2020.01.22-23.00.05:241][  0]LogConfig: Setting CVar [[r.TranslucencyLightingVolumeDim:64]]
[2020.01.22-23.00.05:241][  0]LogConfig: Setting CVar [[r.RefractionQuality:2]]
[2020.01.22-23.00.05:241][  0]LogConfig: Setting CVar [[r.SSR.Quality:3]]
[2020.01.22-23.00.05:241][  0]LogConfig: Setting CVar [[r.SceneColorFormat:4]]
[2020.01.22-23.00.05:241][  0]LogConfig: Setting CVar [[r.DetailMode:2]]
[2020.01.22-23.00.05:241][  0]LogConfig: Setting CVar [[r.TranslucencyVolumeBlur:1]]
[2020.01.22-23.00.05:241][  0]LogConfig: Setting CVar [[r.MaterialQualityLevel:1 ; High quality]]
[2020.01.22-23.00.05:241][  0]LogConfig: Setting CVar [[r.SSS.Scale:1]]
[2020.01.22-23.00.05:241][  0]LogConfig: Setting CVar [[r.SSS.SampleSet:2]]
[2020.01.22-23.00.05:241][  0]LogConfig: Setting CVar [[r.SSS.Quality:1]]
[2020.01.22-23.00.05:241][  0]LogConfig: Setting CVar [[r.SSS.HalfRes:1]]
[2020.01.22-23.00.05:241][  0]LogConfig: Setting CVar [[r.EmitterSpawnRateScale:1.0]]
[2020.01.22-23.00.05:241][  0]LogConfig: Setting CVar [[r.ParticleLightQuality:2]]
[2020.01.22-23.00.05:241][  0]LogConfig: Applying CVar settings from Section [FoliageQuality@3] File [D:/Art/Park_SFAS/Park/Saved/Config/Windows/Scalability.ini]
[2020.01.22-23.00.05:241][  0]LogConfig: Setting CVar [[foliage.DensityScale:1.0]]
[2020.01.22-23.00.05:241][  0]LogConfig: Setting CVar [[grass.DensityScale:1.0]]
[2020.01.22-23.00.05:241][  0]LogConfig: Applying CVar settings from Section [Startup] File [../../../Engine/Config/ConsoleVariables.ini]
[2020.01.22-23.00.05:242][  0]LogConfig: Setting CVar [[net.UseAdaptiveNetUpdateFrequency:0]]
[2020.01.22-23.00.05:242][  0]LogConfig: Setting CVar [[p.chaos.AllowCreatePhysxBodies:1]]
[2020.01.22-23.00.05:242][  0]LogConfig: Applying CVar settings from Section [ConsoleVariables] File [D:/Art/Park_SFAS/Park/Saved/Config/Windows/Engine.ini]
[2020.01.22-23.00.05:242][  0]LogInit: Computer: JONATHAN-PC
[2020.01.22-23.00.05:242][  0]LogInit: User: Jonathan
[2020.01.22-23.00.05:242][  0]LogInit: CPU Page size=4096, Cores=8
[2020.01.22-23.00.05:242][  0]LogInit: High frequency timer resolution =10.000000 MHz
[2020.01.22-23.00.05:242][  0]LogMemory: Memory total: Physical=31.7GB (32GB approx)
[2020.01.22-23.00.05:242][  0]LogMemory: Platform Memory Stats for Windows
[2020.01.22-23.00.05:242][  0]LogMemory: Process Physical Memory: 102.06 MB used, 102.07 MB peak
[2020.01.22-23.00.05:242][  0]LogMemory: Process Virtual Memory: 102.21 MB used, 102.21 MB peak
[2020.01.22-23.00.05:242][  0]LogMemory: Physical Memory: 13590.95 MB used,  18848.11 MB free, 32439.06 MB total
[2020.01.22-23.00.05:242][  0]LogMemory: Virtual Memory: 4703.18 MB used,  134213024.00 MB free, 134217728.00 MB total
[2020.01.22-23.00.05:244][  0]LogWindows: WindowsPlatformFeatures enabled
[2020.01.22-23.00.05:263][  0]LogInit: Using OS detected language (en-GB).
[2020.01.22-23.00.05:263][  0]LogInit: Using OS detected locale (en-GB).
[2020.01.22-23.00.05:264][  0]LogTextLocalizationManager: No specific localization for 'en-GB' exists, so the 'en' localization will be used.
[2020.01.22-23.00.05:423][  0]LogInit: Setting process to per monitor DPI aware
[2020.01.22-23.00.05:457][  0]LogSlate: New Slate User Created.  User Index 0, Is Virtual User: 0
[2020.01.22-23.00.05:457][  0]LogSlate: Slate User Registered.  User Index 0, Is Virtual User: 0
[2020.01.22-23.00.05:652][  0]LogHMD: Failed to initialize OpenVR with code 110
[2020.01.22-23.00.05:652][  0]LogD3D11RHI: D3D11 adapters:
[2020.01.22-23.00.05:701][  0]LogD3D11RHI:    0. 'NVIDIA GeForce GTX 1080 Ti' (Feature Level 11_0)
[2020.01.22-23.00.05:701][  0]LogD3D11RHI:       11127/0/16219 MB DedicatedVideo/DedicatedSystem/SharedSystem, Outputs:3, VendorId:0x10de
[2020.01.22-23.00.05:704][  0]LogD3D11RHI:    1. 'Microsoft Basic Render Driver' (Feature Level 11_0)
[2020.01.22-23.00.05:704][  0]LogD3D11RHI:       0/0/16219 MB DedicatedVideo/DedicatedSystem/SharedSystem, Outputs:0, VendorId:0x1414
[2020.01.22-23.00.05:704][  0]LogD3D11RHI: Chosen D3D11 Adapter: 0
[2020.01.22-23.00.05:712][  0]LogD3D11RHI: Creating new Direct3DDevice
[2020.01.22-23.00.05:712][  0]LogD3D11RHI:     GPU DeviceId: 0x1b06 (for the marketing name, search the web for "GPU Device Id")
[2020.01.22-23.00.05:712][  0]LogWindows: EnumDisplayDevices:
[2020.01.22-23.00.05:712][  0]LogWindows:    0. 'NVIDIA GeForce GTX 1080 Ti' (P:1 D:1)
[2020.01.22-23.00.05:712][  0]LogWindows:    1. 'NVIDIA GeForce GTX 1080 Ti' (P:0 D:1)
[2020.01.22-23.00.05:712][  0]LogWindows:    2. 'NVIDIA GeForce GTX 1080 Ti' (P:0 D:1)
[2020.01.22-23.00.05:712][  0]LogWindows:    3. 'NVIDIA GeForce GTX 1080 Ti' (P:0 D:0)
[2020.01.22-23.00.05:713][  0]LogWindows: DebugString: FoundDriverCount:4 
[2020.01.22-23.00.05:713][  0]LogD3D11RHI:     Adapter Name: NVIDIA GeForce GTX 1080 Ti
[2020.01.22-23.00.05:713][  0]LogD3D11RHI:   Driver Version: 432.00 (internal:26.21.14.3200, unified:432.00)
[2020.01.22-23.00.05:713][  0]LogD3D11RHI:      Driver Date: 7-24-2019
[2020.01.22-23.00.05:713][  0]LogRHI: Texture pool is 7788 MB (70% of 11127 MB)
[2020.01.22-23.00.05:752][  0]LogD3D11RHI: Async texture creation enabled
[2020.01.22-23.00.05:767][  0]LogD3D11RHI: GPU Timing Frequency: 1000.000000 (Debug: 2 1)
[2020.01.22-23.00.06:062][  0]LogTemp: Display: Module 'AllDesktopTargetPlatform' loaded TargetPlatform 'AllDesktop'
[2020.01.22-23.00.06:068][  0]LogTemp: Display: Module 'MacClientTargetPlatform' loaded TargetPlatform 'MacClient'
[2020.01.22-23.00.06:075][  0]LogTemp: Display: Module 'MacNoEditorTargetPlatform' loaded TargetPlatform 'MacNoEditor'
[2020.01.22-23.00.06:081][  0]LogTemp: Display: Module 'MacServerTargetPlatform' loaded TargetPlatform 'MacServer'
[2020.01.22-23.00.06:088][  0]LogTemp: Display: Module 'MacTargetPlatform' loaded TargetPlatform 'Mac'
[2020.01.22-23.00.06:094][  0]LogTemp: Display: Module 'WindowsClientTargetPlatform' loaded TargetPlatform 'WindowsClient'
[2020.01.22-23.00.06:100][  0]LogTemp: Display: Module 'WindowsNoEditorTargetPlatform' loaded TargetPlatform 'WindowsNoEditor'
[2020.01.22-23.00.06:107][  0]LogTemp: Display: Module 'WindowsServerTargetPlatform' loaded TargetPlatform 'WindowsServer'
[2020.01.22-23.00.06:110][  0]LogTemp: Display: Module 'WindowsTargetPlatform' loaded TargetPlatform 'Windows'
[2020.01.22-23.00.06:136][  0]LogTemp: Display: Module 'AndroidTargetPlatform' loaded TargetPlatform 'Android'
[2020.01.22-23.00.06:136][  0]LogTemp: Display: Module 'AndroidTargetPlatform' loaded TargetPlatform 'Android_ASTC'
[2020.01.22-23.00.06:136][  0]LogTemp: Display: Module 'AndroidTargetPlatform' loaded TargetPlatform 'Android_ATC'
[2020.01.22-23.00.06:136][  0]LogTemp: Display: Module 'AndroidTargetPlatform' loaded TargetPlatform 'Android_DXT'
[2020.01.22-23.00.06:136][  0]LogTemp: Display: Module 'AndroidTargetPlatform' loaded TargetPlatform 'Android_ETC1'
[2020.01.22-23.00.06:136][  0]LogTemp: Display: Module 'AndroidTargetPlatform' loaded TargetPlatform 'Android_ETC1a'
[2020.01.22-23.00.06:136][  0]LogTemp: Display: Module 'AndroidTargetPlatform' loaded TargetPlatform 'Android_ETC2'
[2020.01.22-23.00.06:136][  0]LogTemp: Display: Module 'AndroidTargetPlatform' loaded TargetPlatform 'Android_PVRTC'
[2020.01.22-23.00.06:136][  0]LogTemp: Display: Module 'AndroidTargetPlatform' loaded TargetPlatform 'AndroidClient'
[2020.01.22-23.00.06:136][  0]LogTemp: Display: Module 'AndroidTargetPlatform' loaded TargetPlatform 'Android_ASTCClient'
[2020.01.22-23.00.06:136][  0]LogTemp: Display: Module 'AndroidTargetPlatform' loaded TargetPlatform 'Android_ATCClient'
[2020.01.22-23.00.06:136][  0]LogTemp: Display: Module 'AndroidTargetPlatform' loaded TargetPlatform 'Android_DXTClient'
[2020.01.22-23.00.06:137][  0]LogTemp: Display: Module 'AndroidTargetPlatform' loaded TargetPlatform 'Android_ETC1Client'
[2020.01.22-23.00.06:137][  0]LogTemp: Display: Module 'AndroidTargetPlatform' loaded TargetPlatform 'Android_ETC1aClient'
[2020.01.22-23.00.06:137][  0]LogTemp: Display: Module 'AndroidTargetPlatform' loaded TargetPlatform 'Android_ETC2Client'
[2020.01.22-23.00.06:137][  0]LogTemp: Display: Module 'AndroidTargetPlatform' loaded TargetPlatform 'Android_PVRTCClient'
[2020.01.22-23.00.06:137][  0]LogTemp: Display: Module 'AndroidTargetPlatform' loaded TargetPlatform 'Android_Multi'
[2020.01.22-23.00.06:137][  0]LogTemp: Display: Module 'AndroidTargetPlatform' loaded TargetPlatform 'Android_MultiClient'
[2020.01.22-23.00.06:138][  0]LogTemp: Display: Module 'HTML5TargetPlatform' loaded TargetPlatform 'HTML5'
[2020.01.22-23.00.06:152][  0]LogTemp: Display: Module 'IOSTargetPlatform' loaded TargetPlatform 'IOSClient'
[2020.01.22-23.00.06:152][  0]LogTemp: Display: Module 'IOSTargetPlatform' loaded TargetPlatform 'IOS'
[2020.01.22-23.00.06:163][  0]LogTemp: Display: Module 'TVOSTargetPlatform' loaded TargetPlatform 'TVOSClient'
[2020.01.22-23.00.06:163][  0]LogTemp: Display: Module 'TVOSTargetPlatform' loaded TargetPlatform 'TVOS'
[2020.01.22-23.00.06:168][  0]LogTemp: Display: Module 'LinuxClientTargetPlatform' loaded TargetPlatform 'LinuxClient'
[2020.01.22-23.00.06:174][  0]LogTemp: Display: Module 'LinuxNoEditorTargetPlatform' loaded TargetPlatform 'LinuxNoEditor'
[2020.01.22-23.00.06:180][  0]LogTemp: Display: Module 'LinuxServerTargetPlatform' loaded TargetPlatform 'LinuxServer'
[2020.01.22-23.00.06:185][  0]LogTemp: Display: Module 'LinuxTargetPlatform' loaded TargetPlatform 'Linux'
[2020.01.22-23.00.06:204][  0]LogTemp: Display: Module 'LuminTargetPlatform' loaded TargetPlatform 'Lumin'
[2020.01.22-23.00.06:204][  0]LogTemp: Display: Module 'LuminTargetPlatform' loaded TargetPlatform 'LuminClient'
[2020.01.22-23.00.06:205][  0]LogTargetPlatformManager: Display: Building Assets For Windows
[2020.01.22-23.00.06:211][  0]LogAudioDebug: Display: Lib vorbis DLL was dynamically loaded.
[2020.01.22-23.00.06:244][  0]LogShaderCompilers: Guid format shader working directory is 16 characters bigger than the processId version (../../../../Art/Park_SFAS/Park/Intermediate/Shaders/WorkingDirectory/2520/).
[2020.01.22-23.00.06:244][  0]LogShaderCompilers: Cleaned the shader compiler working directory 'C:/Users/jonat/AppData/Local/Temp/UnrealShaderWorkingDir/4C33D98D459FC7782ED895A1411BAFD3/'.
[2020.01.22-23.00.06:246][  0]LogXGEController: Cannot use XGE Controller as Incredibuild is not installed on this machine.
[2020.01.22-23.00.06:246][  0]LogShaderCompilers: Cannot use XGE Shader Compiler as Incredibuild is not installed on this machine.
[2020.01.22-23.00.06:246][  0]LogShaderCompilers: Display: Using Local Shader Compiler.
[2020.01.22-23.00.06:777][  0]LogDerivedDataCache: Display: Max Cache Size: 512 MB
[2020.01.22-23.00.06:822][  0]LogDerivedDataCache: Loaded boot cache 0.05s 73MB C:/Users/jonat/AppData/Local/UnrealEngine/4.23/DerivedDataCache/Boot.ddc.
[2020.01.22-23.00.06:822][  0]LogDerivedDataCache: Display: Loaded Boot cache: C:/Users/jonat/AppData/Local/UnrealEngine/4.23/DerivedDataCache/Boot.ddc
[2020.01.22-23.00.06:823][  0]LogDerivedDataCache: FDerivedDataBackendGraph:  Pak pak cache file ../../../../Art/Park_SFAS/Park/DerivedDataCache/DDC.ddp not found, will not use a pak cache.
[2020.01.22-23.00.06:823][  0]LogDerivedDataCache: Unable to find inner node Pak for hierarchical cache Hierarchy.
[2020.01.22-23.00.06:823][  0]LogDerivedDataCache: FDerivedDataBackendGraph:  CompressedPak pak cache file ../../../../Art/Park_SFAS/Park/DerivedDataCache/Compressed.ddp not found, will not use a pak cache.
[2020.01.22-23.00.06:823][  0]LogDerivedDataCache: Unable to find inner node CompressedPak for hierarchical cache Hierarchy.
[2020.01.22-23.00.06:832][  0]LogDerivedDataCache: Display: Pak cache opened for reading ../../../Engine/DerivedDataCache/Compressed.ddp.
[2020.01.22-23.00.06:832][  0]LogDerivedDataCache: FDerivedDataBackendGraph:  EnterprisePak pak cache file ../../../Enterprise/DerivedDataCache/Compressed.ddp not found, will not use a pak cache.
[2020.01.22-23.00.06:832][  0]LogDerivedDataCache: Unable to find inner node EnterprisePak for hierarchical cache Hierarchy.
[2020.01.22-23.00.06:833][  0]LogDerivedDataCache: Using Local data cache path C:/Users/jonat/AppData/Local/UnrealEngine/Common/DerivedDataCache: Writable
[2020.01.22-23.00.06:834][  0]LogDerivedDataCache: Shared data cache path not found in *engine.ini, will not use an Shared cache.
[2020.01.22-23.00.06:834][  0]LogDerivedDataCache: Unable to find inner node Shared for hierarchical cache Hierarchy.
[2020.01.22-23.00.06:852][  0]LogMaterial: Verifying Global Shaders for PCD3D_SM5
[2020.01.22-23.00.06:854][  0]LogSlate: Using FreeType 2.6.0
[2020.01.22-23.00.06:854][  0]LogSlate: SlateFontServices - WITH_FREETYPE: 1, WITH_HARFBUZZ: 1
[2020.01.22-23.00.06:906][  0]LogAssetRegistry: FAssetRegistry took 0.0023 seconds to start up
[2020.01.22-23.00.07:127][  0]LogInit: Selected Device Profile: [Windows]
[2020.01.22-23.00.07:248][  0]LogMeshReduction: Using QuadricMeshReduction for automatic static mesh reduction
[2020.01.22-23.00.07:248][  0]LogMeshReduction: Using SimplygonMeshReduction for automatic skeletal mesh reduction
[2020.01.22-23.00.07:248][  0]LogMeshReduction: Using ProxyLODMeshReduction for automatic mesh merging
[2020.01.22-23.00.07:248][  0]LogMeshReduction: No distributed automatic mesh merging module available
[2020.01.22-23.00.07:248][  0]LogMeshMerging: No distributed automatic mesh merging module available
[2020.01.22-23.00.07:257][  0]LogNetVersion: Park 1.0.0, NetCL: 8386587, EngineNetVer: 11, GameNetVer: 0 (Checksum: 2217119901)
[2020.01.22-23.00.07:627][  0]LogPackageLocalizationCache: Processed 12 localized package path(s) for 1 prioritized culture(s) in 0.084554 seconds
[2020.01.22-23.00.07:635][  0]LogUObjectArray: 43444 objects as part of root set at end of initial load.
[2020.01.22-23.00.07:635][  0]LogUObjectAllocator: 7548648 out of 0 bytes used by permanent object pool.
[2020.01.22-23.00.07:635][  0]LogUObjectArray: CloseDisregardForGC: 0/0 objects in disregard for GC pool
[2020.01.22-23.00.08:366][  0]LogTcpMessaging: Initializing TcpMessaging bridge
[2020.01.22-23.00.08:369][  0]LogUdpMessaging: Initializing bridge on interface 0.0.0.0:0 to multicast group 230.0.0.1:6666.
[2020.01.22-23.00.08:414][  0]SourceControl: Source control is disabled
[2020.01.22-23.00.08:414][  0]SourceControl: Source control is disabled
[2020.01.22-23.00.08:415][  0]SourceControl: Source control is disabled
[2020.01.22-23.00.08:416][  0]SourceControl: Source control is disabled
[2020.01.22-23.00.08:493][  0]LogAndroidPermission: UAndroidPermissionCallbackProxy::GetInstance
[2020.01.22-23.00.08:633][  0]LogOcInput: OculusInput pre-init called
[2020.01.22-23.00.08:638][  0]LogWindows: Failed to load 'OVRPlugin.dll' (GetLastError=126)
[2020.01.22-23.00.08:638][  0]LogWindows: File 'OVRPlugin.dll' does not exist
[2020.01.22-23.00.08:695][  0]LogEngine: Initializing Engine...
[2020.01.22-23.00.08:695][  0]LogHMD: Failed to initialize OpenVR with code 110
[2020.01.22-23.00.08:696][  0]LogStats: UGameplayTagsManager::InitializeManager -  0.000 s
[2020.01.22-23.00.08:872][  0]LogInit: Initializing FReadOnlyCVARCache
[2020.01.22-23.00.08:883][  0]LogAIModule: Creating AISystem for world Untitled
[2020.01.22-23.00.08:908][  0]LogInit: XAudio2 using 'Speakers (Realtek High Definition Audio)' : 2 channels at 48 kHz using 32 bits per sample (channel mask 0x3)
[2020.01.22-23.00.08:921][  0]LogInit: FAudioDevice initialized.
[2020.01.22-23.00.08:921][  0]LogNetVersion: Set ProjectVersion to 1.0.0.0. Version Checksum will be recalculated on next use.
[2020.01.22-23.00.08:999][  0]LogDerivedDataCache: Saved boot cache 0.08s 73MB C:/Users/jonat/AppData/Local/UnrealEngine/4.23/DerivedDataCache/Boot.ddc.
[2020.01.22-23.00.09:005][  0]LogInit: Texture streaming: Enabled
[2020.01.22-23.00.09:019][  0]LogEngineSessionManager: EngineSessionManager initialized
[2020.01.22-23.00.09:019][  0]LogEditorSessionSummary: Verbose: Initializing EditorSessionSummaryWriter for editor session tracking
[2020.01.22-23.00.09:020][  0]LogEditorSessionSummary: EditorSessionSummaryWriter initialized
[2020.01.22-23.00.09:065][  0]LogInit: Transaction tracking system initialized
[2020.01.22-23.00.09:085][  0]BlueprintLog: New page: Editor Load
[2020.01.22-23.00.09:135][  0]LocalizationService: Localization service is disabled
[2020.01.22-23.00.09:368][  0]LogFileCache: Scanning file cache for directory 'D:/Art/Park_SFAS/Park/Content/' took 0.01s
[2020.01.22-23.00.09:368][  0]LogCook: Display: Max memory allowance for cook 16384mb min free memory 0mb
[2020.01.22-23.00.09:369][  0]LogCook: Display: Mobile HDR setting 1
[2020.01.22-23.00.09:526][  0]SourceControl: Source control is disabled
[2020.01.22-23.00.09:526][  0]Cmd: MAP LOAD FILE="../../../Engine/Content/Maps/Templates/Template_Default.umap" TEMPLATE=1 SHOWPROGRESS=1 FEATURELEVEL=3
[2020.01.22-23.00.09:526][  0]LightingResults: New page: Lighting Build
[2020.01.22-23.00.09:528][  0]LogWorld: UWorld::CleanupWorld for Untitled, bSessionEnded=true, bCleanupResources=true
[2020.01.22-23.00.09:528][  0]MapCheck: New page: Map Check
[2020.01.22-23.00.09:528][  0]LightingResults: New page: Lighting Build
[2020.01.22-23.00.09:566][  0]LogUObjectHash: Compacting FUObjectHashTables data took   1.94ms
[2020.01.22-23.00.09:624][  0]LogAIModule: Creating AISystem for world Untitled_1
[2020.01.22-23.00.09:628][  0]LogEditorServer: Finished looking for orphan Actors (0.000 secs)
[2020.01.22-23.00.09:666][  0]LogUObjectHash: Compacting FUObjectHashTables data took   2.75ms
[2020.01.22-23.00.09:666][  0]Cmd: MAP CHECKDEP NOCLEARLOG
[2020.01.22-23.00.09:667][  0]MapCheck: Map check complete: 0 Error(s), 0 Warning(s), took 0.149ms to complete.
[2020.01.22-23.00.09:667][  0]LogFileHelpers: Loading map 'Template_Default' took 0.141
[2020.01.22-23.00.09:823][  0]LogSlate: Updating window title bar state: overlay mode, drag disabled, window buttons hidden, title bar hidden
[2020.01.22-23.00.09:836][  0]LogSlate: Updating window title bar state: overlay mode, drag disabled, window buttons hidden, title bar hidden
[2020.01.22-23.00.09:848][  0]LogSlate: Updating window title bar state: overlay mode, drag disabled, window buttons hidden, title bar hidden
[2020.01.22-23.00.09:858][  0]LogSlate: Updating window title bar state: overlay mode, drag disabled, window buttons hidden, title bar hidden
[2020.01.22-23.00.09:867][  0]LogCollectionManager: Loaded 0 collections in 0.000973 seconds
[2020.01.22-23.00.09:880][  0]LogFileCache: Scanning file cache for directory 'D:/Art/Park_SFAS/Park/Saved/Collections/' took 0.00s
[2020.01.22-23.00.09:880][  0]LogFileCache: Scanning file cache for directory 'D:/Art/Park_SFAS/Park/Content/Developers/Jonathan/Collections/' took 0.00s
[2020.01.22-23.00.09:880][  0]LogFileCache: Scanning file cache for directory 'D:/Art/Park_SFAS/Park/Content/Collections/' took 0.00s
[2020.01.22-23.00.09:880][  0]LogCollectionManager: Rebuilt the GUID cache for 0 collections in 0.000002 seconds
[2020.01.22-23.00.09:888][  0]LogContentBrowser: Native class hierarchy populated in 0.0077 seconds. Added 2863 classes and 680 folders.
[2020.01.22-23.00.09:895][  0]LogContentBrowser: Native class hierarchy updated for 'WidgetCarousel' in 0.0003 seconds. Added 0 classes and 0 folders.
[2020.01.22-23.00.10:250][  0]LogContentBrowser: Native class hierarchy updated for 'AddContentDialog' in 0.0003 seconds. Added 0 classes and 0 folders.
[2020.01.22-23.00.10:283][  0]LogContentBrowser: Native class hierarchy updated for 'SceneOutliner' in 0.0003 seconds. Added 1 classes and 2 folders.
[2020.01.22-23.00.10:627][  0]LogSlate: Took 0.000191 seconds to synchronously load lazily loaded font '../../../Engine/Content/Slate/Fonts/Roboto-Regular.ttf' (155K)
[2020.01.22-23.00.10:629][  0]LogSlate: Took 0.000183 seconds to synchronously load lazily loaded font '../../../Engine/Content/Slate/Fonts/Roboto-Bold.ttf' (160K)
[2020.01.22-23.00.10:640][  0]LogSlate: Took 0.005624 seconds to synchronously load lazily loaded font '../../../Engine/Content/Editor/Slate/Fonts/FontAwesome.ttf' (139K)
[2020.01.22-23.00.10:785][  0]LogRenderer: Reallocating scene render targets to support 1304x600 Format 10 NumSamples 1 (Frame:1).
[2020.01.22-23.00.10:892][  0]LogContentBrowser: Native class hierarchy updated for 'HierarchicalLODOutliner' in 0.0003 seconds. Added 0 classes and 0 folders.
[2020.01.22-23.00.10:892][  0]LogLoad: (Engine Initialization) Total time: 7.04 seconds
[2020.01.22-23.00.10:892][  0]LogLoad: (Engine Initialization) Total Blueprint compile time: 0.00 seconds
[2020.01.22-23.00.10:943][  0]LogAssetRegistry: Asset discovery search completed in 4.0385 seconds
[2020.01.22-23.00.10:946][  0]LogCollectionManager: Rebuilt the object cache for 0 collections in 0.000006 seconds (found 0 objects)
[2020.01.22-23.00.10:946][  0]LogCollectionManager: Fixed up redirectors for 0 collections in 0.000056 seconds (updated 0 objects)
[2020.01.22-23.00.10:954][  0]LogContentStreaming: Texture pool size now 1000 MB
[2020.01.22-23.00.10:994][  0]LogSlate: Took 0.006064 seconds to synchronously load lazily loaded font '../../../Engine/Content/Slate/Fonts/Roboto-Light.ttf' (167K)
[2020.01.22-23.00.12:943][204]LogSlate: FSceneViewport::OnFocusLost() reason 0
[2020.01.22-23.00.14:944][442]LogSlate: Took 0.000217 seconds to synchronously load lazily loaded font '../../../Engine/Content/Slate/Fonts/Roboto-Light.ttf' (167K)
[2020.01.22-23.00.15:702][442]LogAIModule: Creating AISystem for world Diorama
[2020.01.22-23.00.15:718][442]LogAssetEditorManager: Opening Asset editor for World /Game/Diorama.Diorama
[2020.01.22-23.00.15:761][442]LogUObjectHash: Compacting FUObjectHashTables data took   1.44ms
[2020.01.22-23.00.15:762][442]Cmd: MAP LOAD FILE="../../../../Art/Park_SFAS/Park/Content/Diorama.umap" TEMPLATE=0 SHOWPROGRESS=1 FEATURELEVEL=3
[2020.01.22-23.00.15:762][442]LightingResults: New page: Lighting Build
[2020.01.22-23.00.15:762][442]LoadErrors: New page: Loading map: Diorama.umap
[2020.01.22-23.00.15:763][442]LogWorld: UWorld::CleanupWorld for Untitled_1, bSessionEnded=true, bCleanupResources=true
[2020.01.22-23.00.15:763][442]MapCheck: New page: Map Check
[2020.01.22-23.00.15:763][442]LightingResults: New page: Lighting Build
[2020.01.22-23.00.15:799][442]LogUObjectHash: Compacting FUObjectHashTables data took   1.79ms
[2020.01.22-23.00.15:893][442]LogEditorServer: Finished looking for orphan Actors (0.000 secs)
[2020.01.22-23.00.15:934][442]LogUObjectHash: Compacting FUObjectHashTables data took   2.19ms
[2020.01.22-23.00.15:964][442]Cmd: MAP CHECKDEP NOCLEARLOG
[2020.01.22-23.00.15:965][442]MapCheck: Map check complete: 0 Error(s), 0 Warning(s), took 0.126ms to complete.
[2020.01.22-23.00.15:965][442]LogFileHelpers: Loading map 'Diorama' took 0.203
[2020.01.22-23.00.22:097][133]LogEditorViewport: Clicking on Actor (LMB): StaticMeshActor (SM_Pavilion)
[2020.01.22-23.00.24:031][300]LogSlate: FSceneViewport::OnFocusLost() reason 0
[2020.01.22-23.00.27:039][648]LogAssetEditorManager: Opening Asset editor for Texture2D /Game/Textures/SM_Pavilion_blinn1SG_BaseColor.SM_Pavilion_blinn1SG_BaseColor
[2020.01.22-23.00.27:094][648]LogContentBrowser: Native class hierarchy updated for 'TextureEditor' in 0.0007 seconds. Added 1 classes and 2 folders.
[2020.01.22-23.10.13:410][911]LogEditorSessionSummary: EditorSessionSummary sent report. Type=Shutdown, SessionId={1C9EF68B-41BB-DAF4-BCE3-039EC9150CF2}
[2020.01.22-23.14.15:730][774]Cmd: SELECT NONE
[2020.01.22-23.14.19:972][178]LogEditorViewport: Clicking on Actor (LMB): StaticMeshActor (SM_Wall_joining)
[2020.01.22-23.14.25:390][808]LogSlate: FSceneViewport::OnFocusLost() reason 0
[2020.01.22-23.14.39:127][419]LogFactory: FactoryCreateFile: Texture with ReimportTextureFactory (0 0 ../../../../Art/Park_SFAS/Textures/Fence/SM_Fence_blinn1SG_BaseColor.tga)
[2020.01.22-23.14.39:178][419]LogTexture: Display: Building textures: SM_Fence_blinn1SG_BaseColor (AutoDXT, 2048X2048)
[2020.01.22-23.14.39:592][419]LogFactory: FactoryCreateFile: Texture with ReimportTextureFactory (0 0 ../../../../Art/Park_SFAS/Textures/Fence/SM_Fence_blinn1SG_Normal.tga)
[2020.01.22-23.14.39:642][419]LogTexture: Display: Building textures: SM_Fence_blinn1SG_Normal (BC5, 2048X2048)
[2020.01.22-23.14.39:791][419]LogFactory: FactoryCreateFile: Texture with ReimportTextureFactory (0 0 ../../../../Art/Park_SFAS/Textures/Fence/SM_Fence_blinn1SG_OcclusionRoughnessMetallic.tga)
[2020.01.22-23.14.39:837][419]LogTexture: Display: Building textures: SM_Fence_blinn1SG_OcclusionRoughnessMetallic (AutoDXT, 2048X2048)
[2020.01.22-23.14.49:496][496]Cmd: OBJ SAVEPACKAGE PACKAGE="/Game/Textures/T_Fence_blinn1SG_BaseColor" FILE="../../../../Art/Park_SFAS/Park/Content/Textures/T_Fence_blinn1SG_BaseColor.uasset" SILENT=true
[2020.01.22-23.14.49:899][496]LogSavePackage: Moving '../../../../Art/Park_SFAS/Park/Saved/T_Fence_blinn1SG_BaseColor0B9B7EBE4BC842F384773587F8E8548E.tmp' to '../../../../Art/Park_SFAS/Park/Content/Textures/T_Fence_blinn1SG_BaseColor.uasset'
[2020.01.22-23.14.50:014][496]LogUObjectHash: Compacting FUObjectHashTables data took   1.48ms
[2020.01.22-23.14.50:052][496]LogUObjectHash: Compacting FUObjectHashTables data took   1.54ms
[2020.01.22-23.14.50:085][496]LogUObjectHash: Compacting FUObjectHashTables data took   0.72ms
[2020.01.22-23.14.54:680][990]LogSavePackage: Moving '../../../../Art/Park_SFAS/Park/Saved/T_Fence_blinn1SG_OcclusionRoughn28F72F4D44C48704A12FB186BE9F0E0A.tmp' to '../../../../Art/Park_SFAS/Park/Content/Textures/T_Fence_blinn1SG_OcclusionRoughnessMetallic.uasset'
[2020.01.22-23.14.54:789][990]LogUObjectHash: Compacting FUObjectHashTables data took   0.73ms
[2020.01.22-23.14.54:826][990]LogUObjectHash: Compacting FUObjectHashTables data took   0.98ms
[2020.01.22-23.14.54:859][990]LogUObjectHash: Compacting FUObjectHashTables data took   0.71ms
[2020.01.22-23.15.01:034][708]Cmd: OBJ SAVEPACKAGE PACKAGE="/Game/Textures/T_Fence_blinn1SG_Normal" FILE="../../../../Art/Park_SFAS/Park/Content/Textures/T_Fence_blinn1SG_Normal.uasset" SILENT=true
[2020.01.22-23.15.01:574][708]LogSavePackage: Moving '../../../../Art/Park_SFAS/Park/Saved/T_Fence_blinn1SG_Normal252D718446E7FE290D7DF9B00BBFB35F.tmp' to '../../../../Art/Park_SFAS/Park/Content/Textures/T_Fence_blinn1SG_Normal.uasset'
[2020.01.22-23.15.01:686][708]LogUObjectHash: Compacting FUObjectHashTables data took   0.75ms
[2020.01.22-23.15.01:725][708]LogUObjectHash: Compacting FUObjectHashTables data took   0.95ms
[2020.01.22-23.15.01:760][708]LogUObjectHash: Compacting FUObjectHashTables data took   0.72ms
[2020.01.22-23.15.05:001][ 78]Cmd: OBJ SAVEPACKAGE PACKAGE="/Game/Textures/T_Pavilion_blinn1SG_BaseColor" FILE="../../../../Art/Park_SFAS/Park/Content/Textures/T_Pavilion_blinn1SG_BaseColor.uasset" SILENT=true
[2020.01.22-23.15.05:032][ 78]LogSavePackage: Moving '../../../../Art/Park_SFAS/Park/Saved/T_Pavilion_blinn1SG_BaseColor452309934A54F800B05031BCABE261FD.tmp' to '../../../../Art/Park_SFAS/Park/Content/Textures/T_Pavilion_blinn1SG_BaseColor.uasset'
[2020.01.22-23.15.05:141][ 78]LogUObjectHash: Compacting FUObjectHashTables data took   0.72ms
[2020.01.22-23.15.05:180][ 78]LogUObjectHash: Compacting FUObjectHashTables data took   2.19ms
[2020.01.22-23.15.05:215][ 78]LogUObjectHash: Compacting FUObjectHashTables data took   0.72ms
[2020.01.22-23.15.05:235][ 78]Cmd: OBJ SAVEPACKAGE PACKAGE="/Game/Materials/m_Pavilion" FILE="../../../../Art/Park_SFAS/Park/Content/Materials/m_Pavilion.uasset" SILENT=true
[2020.01.22-23.15.05:340][ 78]LogSavePackage: Moving '../../../../Art/Park_SFAS/Park/Saved/m_PavilionDCA7F0F34468BB72CE741BAF43C3FDB8.tmp' to '../../../../Art/Park_SFAS/Park/Content/Materials/m_Pavilion.uasset'
[2020.01.22-23.15.09:040][491]Cmd: OBJ SAVEPACKAGE PACKAGE="/Game/Textures/T_Pavilion_blinn1SG_Normal" FILE="../../../../Art/Park_SFAS/Park/Content/Textures/T_Pavilion_blinn1SG_Normal.uasset" SILENT=true
[2020.01.22-23.15.09:083][491]LogSavePackage: Moving '../../../../Art/Park_SFAS/Park/Saved/T_Pavilion_blinn1SG_Normal608DA46D48A26E1E0222B89A14D05191.tmp' to '../../../../Art/Park_SFAS/Park/Content/Textures/T_Pavilion_blinn1SG_Normal.uasset'
[2020.01.22-23.15.09:194][491]LogUObjectHash: Compacting FUObjectHashTables data took   1.35ms
[2020.01.22-23.15.09:233][491]LogUObjectHash: Compacting FUObjectHashTables data took   2.18ms
[2020.01.22-23.15.09:268][491]LogUObjectHash: Compacting FUObjectHashTables data took   0.70ms
[2020.01.22-23.15.09:280][491]Cmd: OBJ SAVEPACKAGE PACKAGE="/Game/Materials/m_Pavilion" FILE="../../../../Art/Park_SFAS/Park/Content/Materials/m_Pavilion.uasset" SILENT=true
[2020.01.22-23.15.09:291][491]LogSavePackage: Moving '../../../../Art/Park_SFAS/Park/Saved/m_Pavilion8BF0E0FE4AF98014727680A8F6052C3B.tmp' to '../../../../Art/Park_SFAS/Park/Content/Materials/m_Pavilion.uasset'
[2020.01.22-23.15.12:979][901]LogSavePackage: Moving '../../../../Art/Park_SFAS/Park/Saved/T_Pavilion_blinn1SG_OcclusionRou8A74CDAD4846EA780B6983AEFC73D549.tmp' to '../../../../Art/Park_SFAS/Park/Content/Textures/T_Pavilion_blinn1SG_OcclusionRoughnessMetallic.uasset'
[2020.01.22-23.15.13:089][901]LogUObjectHash: Compacting FUObjectHashTables data took   0.72ms
[2020.01.22-23.15.13:129][901]LogUObjectHash: Compacting FUObjectHashTables data took   1.53ms
[2020.01.22-23.15.13:164][901]LogUObjectHash: Compacting FUObjectHashTables data took   0.72ms
[2020.01.22-23.15.13:176][901]Cmd: OBJ SAVEPACKAGE PACKAGE="/Game/Materials/m_Pavilion" FILE="../../../../Art/Park_SFAS/Park/Content/Materials/m_Pavilion.uasset" SILENT=true
[2020.01.22-23.15.13:186][901]LogSavePackage: Moving '../../../../Art/Park_SFAS/Park/Saved/m_PavilionD03A558C4C4B06E87B4E9390301E59E8.tmp' to '../../../../Art/Park_SFAS/Park/Content/Materials/m_Pavilion.uasset'
[2020.01.22-23.15.17:009][331]Cmd: OBJ SAVEPACKAGE PACKAGE="/Game/Textures/T_rocks_low_initialShadingGroup_BaseColor" FILE="../../../../Art/Park_SFAS/Park/Content/Textures/T_rocks_low_initialShadingGroup_BaseColor.uasset" SILENT=true
[2020.01.22-23.15.17:052][331]LogSavePackage: Moving '../../../../Art/Park_SFAS/Park/Saved/T_rocks_low_initialShadingGroup_7371969240B266F6AA02CE9FC121D52D.tmp' to '../../../../Art/Park_SFAS/Park/Content/Textures/T_rocks_low_initialShadingGroup_BaseColor.uasset'
[2020.01.22-23.15.17:162][331]LogUObjectHash: Compacting FUObjectHashTables data took   0.73ms
[2020.01.22-23.15.17:201][331]LogUObjectHash: Compacting FUObjectHashTables data took   2.17ms
[2020.01.22-23.15.17:236][331]LogUObjectHash: Compacting FUObjectHashTables data took   0.71ms
[2020.01.22-23.15.17:256][331]Cmd: OBJ SAVEPACKAGE PACKAGE="/Game/Materials/m_Rocks" FILE="../../../../Art/Park_SFAS/Park/Content/Materials/m_Rocks.uasset" SILENT=true
[2020.01.22-23.15.17:277][331]LogSavePackage: Moving '../../../../Art/Park_SFAS/Park/Saved/m_RocksE32F01AF48D09CF1BC7FC7864ECC121E.tmp' to '../../../../Art/Park_SFAS/Park/Content/Materials/m_Rocks.uasset'
[2020.01.22-23.15.20:255][662]Cmd: OBJ SAVEPACKAGE PACKAGE="/Game/Textures/T_rocks_low_initialShadingGroup_Normal" FILE="../../../../Art/Park_SFAS/Park/Content/Textures/T_rocks_low_initialShadingGroup_Normal.uasset" SILENT=true
[2020.01.22-23.15.20:289][662]LogSavePackage: Moving '../../../../Art/Park_SFAS/Park/Saved/T_rocks_low_initialShadingGroup_537BF8904439D916C381559A36C1A16E.tmp' to '../../../../Art/Park_SFAS/Park/Content/Textures/T_rocks_low_initialShadingGroup_Normal.uasset'
[2020.01.22-23.15.20:397][662]LogUObjectHash: Compacting FUObjectHashTables data took   1.35ms
[2020.01.22-23.15.20:436][662]LogUObjectHash: Compacting FUObjectHashTables data took   1.54ms
[2020.01.22-23.15.20:469][662]LogUObjectHash: Compacting FUObjectHashTables data took   0.71ms
[2020.01.22-23.15.20:480][662]Cmd: OBJ SAVEPACKAGE PACKAGE="/Game/Materials/m_Rocks" FILE="../../../../Art/Park_SFAS/Park/Content/Materials/m_Rocks.uasset" SILENT=true
[2020.01.22-23.15.20:489][662]LogSavePackage: Moving '../../../../Art/Park_SFAS/Park/Saved/m_RocksC697E64D4D1633185FC95C8994496F4D.tmp' to '../../../../Art/Park_SFAS/Park/Content/Materials/m_Rocks.uasset'
[2020.01.22-23.15.23:697][ 26]LogSavePackage: Moving '../../../../Art/Park_SFAS/Park/Saved/T_rocks_low_initialShadingGroup_0325C4BE44FE60A998CA7CBC288E4A1C.tmp' to '../../../../Art/Park_SFAS/Park/Content/Textures/T_rocks_low_initialShadingGroup_OcclusionRoughnessMetallic.uasset'
[2020.01.22-23.15.23:804][ 26]LogUObjectHash: Compacting FUObjectHashTables data took   0.73ms
[2020.01.22-23.15.23:842][ 26]LogUObjectHash: Compacting FUObjectHashTables data took   1.55ms
[2020.01.22-23.15.23:876][ 26]LogUObjectHash: Compacting FUObjectHashTables data took   0.70ms
[2020.01.22-23.15.23:887][ 26]Cmd: OBJ SAVEPACKAGE PACKAGE="/Game/Materials/m_Rocks" FILE="../../../../Art/Park_SFAS/Park/Content/Materials/m_Rocks.uasset" SILENT=true
[2020.01.22-23.15.23:896][ 26]LogSavePackage: Moving '../../../../Art/Park_SFAS/Park/Saved/m_Rocks25E8A0DA462858ABF3EA14918D1214E0.tmp' to '../../../../Art/Park_SFAS/Park/Content/Materials/m_Rocks.uasset'
[2020.01.22-23.15.40:464][937]LogMaterial: Display: Missing cached shader map for material m_Fence, compiling. 
[2020.01.22-23.15.40:542][938]LogShaderCompilers: Display: Worker (1/13): shaders left to compile 31
[2020.01.22-23.15.40:542][938]LogShaderCompilers: Display: Worker (2/13): shaders left to compile 28
[2020.01.22-23.15.40:542][938]LogShaderCompilers: Display: Worker (3/13): shaders left to compile 25
[2020.01.22-23.15.40:542][938]LogShaderCompilers: Display: Worker (4/13): shaders left to compile 22
[2020.01.22-23.15.40:542][938]LogShaderCompilers: Display: Worker (5/13): shaders left to compile 19
[2020.01.22-23.15.40:542][938]LogShaderCompilers: Display: Worker (6/13): shaders left to compile 16
[2020.01.22-23.15.40:542][938]LogShaderCompilers: Display: Worker (7/13): shaders left to compile 13
[2020.01.22-23.15.40:542][938]LogShaderCompilers: Display: Worker (8/13): shaders left to compile 10
[2020.01.22-23.15.40:542][938]LogShaderCompilers: Display: Worker (9/13): shaders left to compile 7
[2020.01.22-23.15.40:542][938]LogShaderCompilers: Display: Worker (10/13): shaders left to compile 4
[2020.01.22-23.15.40:542][938]LogShaderCompilers: Display: Worker (11/13): shaders left to compile 1
[2020.01.22-23.15.42:863][123]LogAssetEditorManager: Opening Asset editor for Material /Game/Materials/m_Fence.m_Fence
[2020.01.22-23.15.42:868][123]LogMaterial: Display: Missing cached shader map for material m_Fence, compiling. 
[2020.01.22-23.15.43:255][123]LogMaterial: Display: Missing cached shader map for material m_Fence, compiling. 
[2020.01.22-23.15.43:275][123]LogMaterial: Display: Missing cached shader map for material m_Fence, compiling. 
[2020.01.22-23.15.43:296][123]LogMaterial: Display: Missing cached shader map for material FMatExpressionPreview MaterialExpressionTextureSample_0, compiling. 
[2020.01.22-23.15.43:305][123]LogShaderCompilers: Display: Worker (1/13): shaders left to compile 30
[2020.01.22-23.15.43:305][123]LogShaderCompilers: Display: Worker (2/13): shaders left to compile 29
[2020.01.22-23.15.43:305][123]LogShaderCompilers: Display: Worker (3/13): shaders left to compile 28
[2020.01.22-23.15.43:305][123]LogShaderCompilers: Display: Worker (4/13): shaders left to compile 27
[2020.01.22-23.15.43:305][123]LogShaderCompilers: Display: Worker (5/13): shaders left to compile 26
[2020.01.22-23.15.43:305][123]LogShaderCompilers: Display: Worker (6/13): shaders left to compile 25
[2020.01.22-23.15.43:305][123]LogShaderCompilers: Display: Worker (7/13): shaders left to compile 24
[2020.01.22-23.15.43:305][123]LogShaderCompilers: Display: Worker (8/13): shaders left to compile 23
[2020.01.22-23.15.43:305][123]LogShaderCompilers: Display: Worker (9/13): shaders left to compile 22
[2020.01.22-23.15.43:305][123]LogShaderCompilers: Display: Worker (10/13): shaders left to compile 21
[2020.01.22-23.15.43:305][123]LogShaderCompilers: Display: Worker (11/13): shaders left to compile 20
[2020.01.22-23.15.43:305][123]LogShaderCompilers: Display: Worker (12/13): shaders left to compile 19
[2020.01.22-23.15.43:305][123]LogMaterial: Display: Missing cached shader map for material FMatExpressionPreview MaterialExpressionTextureSample_2, compiling. 
[2020.01.22-23.15.43:311][123]LogMaterial: Display: Missing cached shader map for material FMatExpressionPreview MaterialExpressionTextureSample_1, compiling. 
[2020.01.22-23.15.43:353][123]LogSlate: Took 0.007567 seconds to synchronously load lazily loaded font '../../../Engine/Content/Slate/Fonts/Roboto-BoldCondensed.ttf' (158K)
[2020.01.22-23.15.43:493][124]LogShaderCompilers: Display: Worker (8/13): shaders left to compile 30
[2020.01.22-23.15.43:546][126]LogShaderCompilers: Display: Worker (1/13): shaders left to compile 29
[2020.01.22-23.15.43:567][127]LogShaderCompilers: Display: Worker (2/13): shaders left to compile 28
[2020.01.22-23.15.43:588][128]LogShaderCompilers: Display: Worker (4/13): shaders left to compile 27
[2020.01.22-23.15.43:608][129]LogShaderCompilers: Display: Worker (3/13): shaders left to compile 26
[2020.01.22-23.15.43:624][130]LogShaderCompilers: Display: Worker (5/13): shaders left to compile 25
[2020.01.22-23.15.43:625][130]LogShaderCompilers: Display: Worker (6/13): shaders left to compile 24
[2020.01.22-23.15.43:625][130]LogShaderCompilers: Display: Worker (7/13): shaders left to compile 23
[2020.01.22-23.15.43:625][130]LogShaderCompilers: Display: Worker (9/13): shaders left to compile 22
[2020.01.22-23.15.43:903][140]LogShaderCompilers: Display: Worker (12/13): shaders left to compile 21
[2020.01.22-23.15.44:014][145]LogShaderCompilers: Display: Worker (2/13): shaders left to compile 20
[2020.01.22-23.15.44:014][145]LogShaderCompilers: Display: Worker (10/13): shaders left to compile 19
[2020.01.22-23.15.44:042][146]LogShaderCompilers: Display: Worker (9/13): shaders left to compile 18
[2020.01.22-23.15.44:062][147]LogShaderCompilers: Display: Worker (11/13): shaders left to compile 17
[2020.01.22-23.15.44:079][148]LogShaderCompilers: Display: Worker (5/13): shaders left to compile 16
[2020.01.22-23.15.44:160][152]LogShaderCompilers: Display: Worker (8/13): shaders left to compile 15
[2020.01.22-23.15.44:177][153]LogShaderCompilers: Display: Worker (4/13): shaders left to compile 14
[2020.01.22-23.15.44:202][154]LogShaderCompilers: Display: Worker (3/13): shaders left to compile 13
[2020.01.22-23.15.44:239][156]LogShaderCompilers: Display: Worker (1/13): shaders left to compile 12
[2020.01.22-23.15.44:239][156]LogShaderCompilers: Display: Worker (6/13): shaders left to compile 11
[2020.01.22-23.15.44:338][157]LogShaderCompilers: Display: Worker (7/13): shaders left to compile 10
[2020.01.22-23.15.44:444][162]LogShaderCompilers: Display: Worker (10/13): shaders left to compile 9
[2020.01.22-23.15.44:465][163]LogShaderCompilers: Display: Worker (12/13): shaders left to compile 8
[2020.01.22-23.15.44:485][164]LogShaderCompilers: Display: Worker (5/13): shaders left to compile 7
[2020.01.22-23.15.44:566][168]LogShaderCompilers: Display: Worker (3/13): shaders left to compile 6
[2020.01.22-23.15.44:624][171]LogShaderCompilers: Display: Worker (7/13): shaders left to compile 5
[2020.01.22-23.15.44:642][172]LogShaderCompilers: Display: Worker (2/13): shaders left to compile 4
[2020.01.22-23.15.44:666][173]LogShaderCompilers: Display: Worker (6/13): shaders left to compile 3
[2020.01.22-23.15.44:684][174]LogShaderCompilers: Display: Worker (1/13): shaders left to compile 2
[2020.01.22-23.15.44:684][174]LogShaderCompilers: Display: Worker (9/13): shaders left to compile 1
[2020.01.22-23.15.44:752][176]MaterialEditorStats: Base pass shader: 128 instructions
[2020.01.22-23.15.44:752][176]MaterialEditorStats: Base pass shader with Surface Lightmap: 159 instructions
[2020.01.22-23.15.44:752][176]MaterialEditorStats: Base pass shader with Volumetric Lightmap: 206 instructions
[2020.01.22-23.15.44:752][176]MaterialEditorStats: Base pass vertex shader: 44 instructions
[2020.01.22-23.15.44:752][176]MaterialEditorStats: Texture samplers: 6/16
[2020.01.22-23.15.44:752][176]MaterialEditorStats: Texture Lookups (Est.): VS(0), PS(3)
[2020.01.22-23.15.44:752][176]MaterialEditorStats: User interpolators: 2/4 Scalars (1/4 Vectors) (TexCoords: 2, Custom: 0)
[2020.01.22-23.15.45:930][275]LogMaterial: Display: Missing cached shader map for material m_Fence, compiling. 
[2020.01.22-23.15.45:944][275]LogMaterial: Warning: Requesting an invalid TextureIndex! (1 / 0)
[2020.01.22-23.15.45:944][275]LogMaterial: Warning: GetIndexedTexture returning NULL (1)
[2020.01.22-23.15.45:966][276]LogShaderCompilers: Display: Worker (1/13): shaders left to compile 30
[2020.01.22-23.15.45:966][276]LogShaderCompilers: Display: Worker (2/13): shaders left to compile 29
[2020.01.22-23.15.45:966][276]LogShaderCompilers: Display: Worker (3/13): shaders left to compile 28
[2020.01.22-23.15.45:966][276]LogShaderCompilers: Display: Worker (4/13): shaders left to compile 27
[2020.01.22-23.15.45:966][276]LogShaderCompilers: Display: Worker (5/13): shaders left to compile 26
[2020.01.22-23.15.45:966][276]LogShaderCompilers: Display: Worker (6/13): shaders left to compile 25
[2020.01.22-23.15.45:966][276]LogShaderCompilers: Display: Worker (7/13): shaders left to compile 24
[2020.01.22-23.15.45:966][276]LogShaderCompilers: Display: Worker (8/13): shaders left to compile 23
[2020.01.22-23.15.45:966][276]LogShaderCompilers: Display: Worker (9/13): shaders left to compile 22
[2020.01.22-23.15.45:966][276]LogShaderCompilers: Display: Worker (10/13): shaders left to compile 21
[2020.01.22-23.15.45:966][276]LogShaderCompilers: Display: Worker (11/13): shaders left to compile 20
[2020.01.22-23.15.45:966][276]LogShaderCompilers: Display: Worker (12/13): shaders left to compile 19
[2020.01.22-23.15.46:128][286]LogShaderCompilers: Display: Worker (8/13): shaders left to compile 18
[2020.01.22-23.15.46:186][289]LogShaderCompilers: Display: Worker (2/13): shaders left to compile 17
[2020.01.22-23.15.46:205][290]LogShaderCompilers: Display: Worker (1/13): shaders left to compile 16
[2020.01.22-23.15.46:222][291]LogShaderCompilers: Display: Worker (3/13): shaders left to compile 15
[2020.01.22-23.15.46:240][292]LogShaderCompilers: Display: Worker (5/13): shaders left to compile 14
[2020.01.22-23.15.46:256][293]LogShaderCompilers: Display: Worker (4/13): shaders left to compile 13
[2020.01.22-23.15.46:256][293]LogShaderCompilers: Display: Worker (9/13): shaders left to compile 12
[2020.01.22-23.15.46:273][294]LogShaderCompilers: Display: Worker (6/13): shaders left to compile 11
[2020.01.22-23.15.46:273][294]LogShaderCompilers: Display: Worker (7/13): shaders left to compile 10
[2020.01.22-23.15.46:398][301]LogShaderCompilers: Display: Worker (12/13): shaders left to compile 9
[2020.01.22-23.15.46:607][310]LogShaderCompilers: Display: Worker (10/13): shaders left to compile 8
[2020.01.22-23.15.46:627][311]LogShaderCompilers: Display: Worker (1/13): shaders left to compile 7
[2020.01.22-23.15.46:627][311]LogShaderCompilers: Display: Worker (11/13): shaders left to compile 6
[2020.01.22-23.15.46:646][312]LogShaderCompilers: Display: Worker (7/13): shaders left to compile 5
[2020.01.22-23.15.46:649][312]LogShaderCompilers: Display: Worker (4/13): shaders left to compile 4
[2020.01.22-23.15.46:723][316]LogShaderCompilers: Display: Worker (8/13): shaders left to compile 3
[2020.01.22-23.15.46:800][320]LogShaderCompilers: Display: Worker (3/13): shaders left to compile 2
[2020.01.22-23.15.46:821][321]LogShaderCompilers: Display: Worker (2/13): shaders left to compile 1
[2020.01.22-23.15.47:218][346]MaterialEditorStats: Base pass shader: 117 instructions
[2020.01.22-23.15.47:218][346]MaterialEditorStats: Base pass shader with Surface Lightmap: 144 instructions
[2020.01.22-23.15.47:218][346]MaterialEditorStats: Base pass shader with Volumetric Lightmap: 191 instructions
[2020.01.22-23.15.47:218][346]MaterialEditorStats: Base pass vertex shader: 40 instructions
[2020.01.22-23.15.47:218][346]MaterialEditorStats: Texture samplers: 3/16
[2020.01.22-23.15.52:630][837]LogMaterial: Display: Missing cached shader map for material m_Fence, compiling. 
[2020.01.22-23.15.52:647][837]LogMaterial: Display: Missing cached shader map for material FMatExpressionPreview MaterialExpressionTextureSample_3, compiling. 
[2020.01.22-23.15.52:659][837]LogShaderCompilers: Display: Worker (1/13): shaders left to compile 30
[2020.01.22-23.15.52:659][837]LogShaderCompilers: Display: Worker (2/13): shaders left to compile 29
[2020.01.22-23.15.52:659][837]LogShaderCompilers: Display: Worker (3/13): shaders left to compile 28
[2020.01.22-23.15.52:659][837]LogShaderCompilers: Display: Worker (4/13): shaders left to compile 27
[2020.01.22-23.15.52:659][837]LogShaderCompilers: Display: Worker (5/13): shaders left to compile 26
[2020.01.22-23.15.52:659][837]LogShaderCompilers: Display: Worker (6/13): shaders left to compile 25
[2020.01.22-23.15.52:659][837]LogShaderCompilers: Display: Worker (7/13): shaders left to compile 24
[2020.01.22-23.15.52:659][837]LogShaderCompilers: Display: Worker (8/13): shaders left to compile 23
[2020.01.22-23.15.52:659][837]LogShaderCompilers: Display: Worker (9/13): shaders left to compile 22
[2020.01.22-23.15.52:659][837]LogShaderCompilers: Display: Worker (10/13): shaders left to compile 21
[2020.01.22-23.15.52:659][837]LogShaderCompilers: Display: Worker (11/13): shaders left to compile 20
[2020.01.22-23.15.52:659][837]LogShaderCompilers: Display: Worker (12/13): shaders left to compile 19
[2020.01.22-23.15.52:664][837]LogMaterial: Display: Missing cached shader map for material FMatExpressionPreview MaterialExpressionTextureSample_3, compiling. 
[2020.01.22-23.15.52:678][837]LogMaterial: Display: Missing cached shader map for material m_Fence, compiling. 
[2020.01.22-23.15.52:697][837]LogMaterial: Display: Missing cached shader map for material FMatExpressionPreview MaterialExpressionTextureSample_4, compiling. 
[2020.01.22-23.15.52:718][837]LogMaterial: Display: Missing cached shader map for material FMatExpressionPreview MaterialExpressionTextureSample_3, compiling. 
[2020.01.22-23.15.52:727][837]LogMaterial: Display: Missing cached shader map for material FMatExpressionPreview MaterialExpressionTextureSample_4, compiling. 
[2020.01.22-23.15.52:748][837]LogMaterial: Display: Missing cached shader map for material m_Fence, compiling. 
[2020.01.22-23.15.52:780][837]LogMaterial: Display: Missing cached shader map for material FMatExpressionPreview MaterialExpressionTextureSample_5, compiling. 
[2020.01.22-23.15.52:802][837]LogMaterial: Display: Missing cached shader map for material FMatExpressionPreview MaterialExpressionTextureSample_3, compiling. 
[2020.01.22-23.15.52:816][837]LogShaderCompilers: Display: Worker (8/13): shaders left to compile 30
[2020.01.22-23.15.52:817][837]LogMaterial: Display: Missing cached shader map for material FMatExpressionPreview MaterialExpressionTextureSample_4, compiling. 
[2020.01.22-23.15.52:827][837]LogMaterial: Display: Missing cached shader map for material FMatExpressionPreview MaterialExpressionTextureSample_5, compiling. 
[2020.01.22-23.15.52:894][838]LogShaderCompilers: Display: Worker (1/13): shaders left to compile 41
[2020.01.22-23.15.52:895][838]LogShaderCompilers: Display: Worker (2/13): shaders left to compile 40
[2020.01.22-23.15.52:925][839]LogShaderCompilers: Display: Worker (3/13): shaders left to compile 39
[2020.01.22-23.15.52:925][839]LogShaderCompilers: Display: Worker (5/13): shaders left to compile 38
[2020.01.22-23.15.52:946][840]LogShaderCompilers: Display: Worker (4/13): shaders left to compile 37
[2020.01.22-23.15.52:946][840]LogShaderCompilers: Display: Worker (7/13): shaders left to compile 36
[2020.01.22-23.15.52:972][840]LogShaderCompilers: Display: Worker (6/13): shaders left to compile 35
[2020.01.22-23.15.52:972][840]LogShaderCompilers: Display: Worker (9/13): shaders left to compile 34
[2020.01.22-23.15.53:085][846]LogShaderCompilers: Display: Worker (8/13): shaders left to compile 33
[2020.01.22-23.15.53:085][846]LogShaderCompilers: Display: Worker (12/13): shaders left to compile 32
[2020.01.22-23.15.53:107][847]LogShaderCompilers: Display: Worker (6/13): shaders left to compile 31
[2020.01.22-23.15.53:164][850]LogShaderCompilers: Display: Worker (1/13): shaders left to compile 30
[2020.01.22-23.15.53:181][851]LogShaderCompilers: Display: Worker (2/13): shaders left to compile 29
[2020.01.22-23.15.53:181][851]LogShaderCompilers: Display: Worker (3/13): shaders left to compile 28
[2020.01.22-23.15.53:202][852]LogShaderCompilers: Display: Worker (5/13): shaders left to compile 27
[2020.01.22-23.15.53:220][853]LogShaderCompilers: Display: Worker (4/13): shaders left to compile 26
[2020.01.22-23.15.53:220][853]LogShaderCompilers: Display: Worker (9/13): shaders left to compile 25
[2020.01.22-23.15.53:242][854]LogShaderCompilers: Display: Worker (7/13): shaders left to compile 24
[2020.01.22-23.15.53:281][856]LogShaderCompilers: Display: Worker (10/13): shaders left to compile 23
[2020.01.22-23.15.53:324][858]LogShaderCompilers: Display: Worker (11/13): shaders left to compile 22
[2020.01.22-23.15.53:516][866]LogShaderCompilers: Display: Worker (6/13): shaders left to compile 21
[2020.01.22-23.15.53:602][870]LogShaderCompilers: Display: Worker (3/13): shaders left to compile 20
[2020.01.22-23.15.53:643][872]LogShaderCompilers: Display: Worker (9/13): shaders left to compile 19
[2020.01.22-23.15.53:678][874]LogShaderCompilers: Display: Worker (11/13): shaders left to compile 18
[2020.01.22-23.15.53:747][877]LogShaderCompilers: Display: Worker (8/13): shaders left to compile 17
[2020.01.22-23.15.53:748][877]LogShaderCompilers: Display: Worker (12/13): shaders left to compile 16
[2020.01.22-23.15.53:768][878]LogShaderCompilers: Display: Worker (1/13): shaders left to compile 15
[2020.01.22-23.15.53:789][879]LogShaderCompilers: Display: Worker (5/13): shaders left to compile 14
[2020.01.22-23.15.53:789][879]LogShaderCompilers: Display: Worker (4/13): shaders left to compile 13
[2020.01.22-23.15.53:809][880]LogShaderCompilers: Display: Worker (2/13): shaders left to compile 12
[2020.01.22-23.15.53:828][881]LogShaderCompilers: Display: Worker (7/13): shaders left to compile 11
[2020.01.22-23.15.53:872][883]LogShaderCompilers: Display: Worker (10/13): shaders left to compile 10
[2020.01.22-23.15.53:966][887]LogShaderCompilers: Display: Worker (9/13): shaders left to compile 9
[2020.01.22-23.15.54:019][889]LogShaderCompilers: Display: Worker (6/13): shaders left to compile 8
[2020.01.22-23.15.54:106][893]LogShaderCompilers: Display: Worker (12/13): shaders left to compile 7
[2020.01.22-23.15.54:151][895]LogShaderCompilers: Display: Worker (4/13): shaders left to compile 6
[2020.01.22-23.15.54:171][896]LogShaderCompilers: Display: Worker (3/13): shaders left to compile 5
[2020.01.22-23.15.54:233][899]LogShaderCompilers: Display: Worker (11/13): shaders left to compile 4
[2020.01.22-23.15.54:234][899]LogShaderCompilers: Display: Worker (10/13): shaders left to compile 3
[2020.01.22-23.15.54:253][900]LogShaderCompilers: Display: Worker (2/13): shaders left to compile 2
[2020.01.22-23.15.54:273][901]LogShaderCompilers: Display: Worker (1/13): shaders left to compile 1
[2020.01.22-23.15.54:388][905]MaterialEditorStats: Base pass shader: 117 instructions
[2020.01.22-23.15.54:388][905]MaterialEditorStats: Base pass shader with Surface Lightmap: 144 instructions
[2020.01.22-23.15.54:388][905]MaterialEditorStats: Base pass shader with Volumetric Lightmap: 191 instructions
[2020.01.22-23.15.54:388][905]MaterialEditorStats: Base pass vertex shader: 40 instructions
[2020.01.22-23.15.54:388][905]MaterialEditorStats: Texture samplers: 3/16
[2020.01.22-23.15.56:632][120]LogMaterial: Display: Missing cached shader map for material m_Fence, compiling. 
[2020.01.22-23.15.56:660][120]LogShaderCompilers: Display: Worker (1/13): shaders left to compile 30
[2020.01.22-23.15.56:660][120]LogShaderCompilers: Display: Worker (2/13): shaders left to compile 29
[2020.01.22-23.15.56:660][120]LogShaderCompilers: Display: Worker (3/13): shaders left to compile 28
[2020.01.22-23.15.56:660][120]LogShaderCompilers: Display: Worker (4/13): shaders left to compile 27
[2020.01.22-23.15.56:660][120]LogShaderCompilers: Display: Worker (5/13): shaders left to compile 26
[2020.01.22-23.15.56:660][120]LogShaderCompilers: Display: Worker (6/13): shaders left to compile 25
[2020.01.22-23.15.56:660][120]LogShaderCompilers: Display: Worker (7/13): shaders left to compile 24
[2020.01.22-23.15.56:660][120]LogShaderCompilers: Display: Worker (8/13): shaders left to compile 23
[2020.01.22-23.15.56:660][120]LogShaderCompilers: Display: Worker (9/13): shaders left to compile 22
[2020.01.22-23.15.56:660][120]LogShaderCompilers: Display: Worker (10/13): shaders left to compile 21
[2020.01.22-23.15.56:660][120]LogShaderCompilers: Display: Worker (11/13): shaders left to compile 20
[2020.01.22-23.15.56:660][120]LogShaderCompilers: Display: Worker (12/13): shaders left to compile 19
[2020.01.22-23.15.56:660][120]LogMaterial: Display: Missing cached shader map for material FMatExpressionPreview MaterialExpressionTextureSample_4, compiling. 
[2020.01.22-23.15.56:865][131]LogShaderCompilers: Display: Worker (8/13): shaders left to compile 22
[2020.01.22-23.15.56:916][133]LogShaderCompilers: Display: Worker (1/13): shaders left to compile 21
[2020.01.22-23.15.56:939][134]LogShaderCompilers: Display: Worker (2/13): shaders left to compile 20
[2020.01.22-23.15.56:960][135]LogShaderCompilers: Display: Worker (3/13): shaders left to compile 19
[2020.01.22-23.15.56:979][136]LogShaderCompilers: Display: Worker (5/13): shaders left to compile 18
[2020.01.22-23.15.56:979][136]LogShaderCompilers: Display: Worker (4/13): shaders left to compile 17
[2020.01.22-23.15.56:995][137]LogShaderCompilers: Display: Worker (6/13): shaders left to compile 16
[2020.01.22-23.15.56:995][137]LogShaderCompilers: Display: Worker (9/13): shaders left to compile 15
[2020.01.22-23.15.57:011][138]LogShaderCompilers: Display: Worker (7/13): shaders left to compile 14
[2020.01.22-23.15.57:115][143]LogShaderCompilers: Display: Worker (12/13): shaders left to compile 13
[2020.01.22-23.15.57:345][153]LogShaderCompilers: Display: Worker (2/13): shaders left to compile 12
[2020.01.22-23.15.57:364][154]LogShaderCompilers: Display: Worker (10/13): shaders left to compile 11
[2020.01.22-23.15.57:383][155]LogShaderCompilers: Display: Worker (7/13): shaders left to compile 10
[2020.01.22-23.15.57:383][155]LogShaderCompilers: Display: Worker (11/13): shaders left to compile 9
[2020.01.22-23.15.57:400][156]LogShaderCompilers: Display: Worker (4/13): shaders left to compile 8
[2020.01.22-23.15.57:455][159]LogShaderCompilers: Display: Worker (8/13): shaders left to compile 7
[2020.01.22-23.15.57:512][162]LogShaderCompilers: Display: Worker (3/13): shaders left to compile 6
[2020.01.22-23.15.57:533][163]LogShaderCompilers: Display: Worker (5/13): shaders left to compile 5
[2020.01.22-23.15.57:533][163]LogShaderCompilers: Display: Worker (1/13): shaders left to compile 4
[2020.01.22-23.15.57:564][163]LogShaderCompilers: Display: Worker (6/13): shaders left to compile 3
[2020.01.22-23.15.57:611][166]LogShaderCompilers: Display: Worker (9/13): shaders left to compile 2
[2020.01.22-23.15.57:653][168]LogShaderCompilers: Display: Worker (12/13): shaders left to compile 1
[2020.01.22-23.15.58:471][234]LogMaterial: Display: Missing cached shader map for material m_Fence, compiling. 
[2020.01.22-23.15.58:493][234]LogMaterial: Display: Missing cached shader map for material FMatExpressionPreview MaterialExpressionTextureSample_3, compiling. 
[2020.01.22-23.15.58:498][234]LogShaderCompilers: Display: Worker (1/13): shaders left to compile 30
[2020.01.22-23.15.58:498][234]LogShaderCompilers: Display: Worker (2/13): shaders left to compile 29
[2020.01.22-23.15.58:498][234]LogShaderCompilers: Display: Worker (3/13): shaders left to compile 28
[2020.01.22-23.15.58:498][234]LogShaderCompilers: Display: Worker (4/13): shaders left to compile 27
[2020.01.22-23.15.58:498][234]LogShaderCompilers: Display: Worker (5/13): shaders left to compile 26
[2020.01.22-23.15.58:498][234]LogShaderCompilers: Display: Worker (6/13): shaders left to compile 25
[2020.01.22-23.15.58:498][234]LogShaderCompilers: Display: Worker (7/13): shaders left to compile 24
[2020.01.22-23.15.58:498][234]LogShaderCompilers: Display: Worker (8/13): shaders left to compile 23
[2020.01.22-23.15.58:498][234]LogShaderCompilers: Display: Worker (9/13): shaders left to compile 22
[2020.01.22-23.15.58:498][234]LogShaderCompilers: Display: Worker (10/13): shaders left to compile 21
[2020.01.22-23.15.58:498][234]LogShaderCompilers: Display: Worker (11/13): shaders left to compile 20
[2020.01.22-23.15.58:498][234]LogShaderCompilers: Display: Worker (12/13): shaders left to compile 19
[2020.01.22-23.15.58:696][244]LogShaderCompilers: Display: Worker (8/13): shaders left to compile 22
[2020.01.22-23.15.58:784][248]LogShaderCompilers: Display: Worker (2/13): shaders left to compile 21
[2020.01.22-23.15.58:784][248]LogShaderCompilers: Display: Worker (1/13): shaders left to compile 20
[2020.01.22-23.15.58:805][249]LogShaderCompilers: Display: Worker (3/13): shaders left to compile 19
[2020.01.22-23.15.58:805][249]LogShaderCompilers: Display: Worker (4/13): shaders left to compile 18
[2020.01.22-23.15.58:805][249]LogShaderCompilers: Display: Worker (5/13): shaders left to compile 17
[2020.01.22-23.15.58:826][250]LogShaderCompilers: Display: Worker (6/13): shaders left to compile 16
[2020.01.22-23.15.58:826][250]LogShaderCompilers: Display: Worker (7/13): shaders left to compile 15
[2020.01.22-23.15.58:826][250]LogShaderCompilers: Display: Worker (9/13): shaders left to compile 14
[2020.01.22-23.15.58:984][257]LogShaderCompilers: Display: Worker (12/13): shaders left to compile 13
[2020.01.22-23.15.59:149][261]LogShaderCompilers: Display: Worker (10/13): shaders left to compile 12
[2020.01.22-23.15.59:195][263]LogShaderCompilers: Display: Worker (1/13): shaders left to compile 11
[2020.01.22-23.15.59:214][264]LogShaderCompilers: Display: Worker (5/13): shaders left to compile 10
[2020.01.22-23.15.59:214][264]LogShaderCompilers: Display: Worker (9/13): shaders left to compile 9
[2020.01.22-23.15.59:214][264]LogShaderCompilers: Display: Worker (11/13): shaders left to compile 8
[2020.01.22-23.15.59:286][268]LogShaderCompilers: Display: Worker (8/13): shaders left to compile 7
[2020.01.22-23.15.59:346][271]LogShaderCompilers: Display: Worker (3/13): shaders left to compile 6
[2020.01.22-23.15.59:368][272]LogShaderCompilers: Display: Worker (4/13): shaders left to compile 5
[2020.01.22-23.15.59:410][274]LogShaderCompilers: Display: Worker (2/13): shaders left to compile 4
[2020.01.22-23.15.59:410][274]LogShaderCompilers: Display: Worker (6/13): shaders left to compile 3
[2020.01.22-23.15.59:431][275]LogShaderCompilers: Display: Worker (7/13): shaders left to compile 2
[2020.01.22-23.15.59:493][278]LogShaderCompilers: Display: Worker (12/13): shaders left to compile 1
[2020.01.22-23.16.00:569][362]LogMaterial: Display: Missing cached shader map for material m_Fence, compiling. 
[2020.01.22-23.16.00:588][362]LogShaderCompilers: Display: Worker (1/13): shaders left to compile 30
[2020.01.22-23.16.00:588][362]LogShaderCompilers: Display: Worker (2/13): shaders left to compile 29
[2020.01.22-23.16.00:588][362]LogShaderCompilers: Display: Worker (3/13): shaders left to compile 28
[2020.01.22-23.16.00:588][362]LogShaderCompilers: Display: Worker (4/13): shaders left to compile 27
[2020.01.22-23.16.00:588][362]LogShaderCompilers: Display: Worker (5/13): shaders left to compile 26
[2020.01.22-23.16.00:588][362]LogShaderCompilers: Display: Worker (6/13): shaders left to compile 25
[2020.01.22-23.16.00:588][362]LogShaderCompilers: Display: Worker (7/13): shaders left to compile 24
[2020.01.22-23.16.00:588][362]LogShaderCompilers: Display: Worker (8/13): shaders left to compile 23
[2020.01.22-23.16.00:589][362]LogShaderCompilers: Display: Worker (9/13): shaders left to compile 22
[2020.01.22-23.16.00:589][362]LogShaderCompilers: Display: Worker (10/13): shaders left to compile 21
[2020.01.22-23.16.00:589][362]LogShaderCompilers: Display: Worker (11/13): shaders left to compile 20
[2020.01.22-23.16.00:589][362]LogShaderCompilers: Display: Worker (12/13): shaders left to compile 19
[2020.01.22-23.16.00:592][362]LogMaterial: Display: Missing cached shader map for material FMatExpressionPreview MaterialExpressionTextureSample_5, compiling. 
[2020.01.22-23.16.00:780][371]LogShaderCompilers: Display: Worker (8/13): shaders left to compile 22
[2020.01.22-23.16.00:874][375]LogShaderCompilers: Display: Worker (3/13): shaders left to compile 21
[2020.01.22-23.16.00:874][375]LogShaderCompilers: Display: Worker (2/13): shaders left to compile 20
[2020.01.22-23.16.00:900][376]LogShaderCompilers: Display: Worker (1/13): shaders left to compile 19
[2020.01.22-23.16.00:900][376]LogShaderCompilers: Display: Worker (4/13): shaders left to compile 18
[2020.01.22-23.16.00:918][377]LogShaderCompilers: Display: Worker (5/13): shaders left to compile 17
[2020.01.22-23.16.00:918][377]LogShaderCompilers: Display: Worker (9/13): shaders left to compile 16
[2020.01.22-23.16.00:943][378]LogShaderCompilers: Display: Worker (6/13): shaders left to compile 15
[2020.01.22-23.16.00:946][378]LogShaderCompilers: Display: Worker (7/13): shaders left to compile 14
[2020.01.22-23.16.01:075][383]LogShaderCompilers: Display: Worker (12/13): shaders left to compile 13
[2020.01.22-23.16.01:275][389]LogShaderCompilers: Display: Worker (10/13): shaders left to compile 12
[2020.01.22-23.16.01:301][390]LogShaderCompilers: Display: Worker (2/13): shaders left to compile 11
[2020.01.22-23.16.01:301][390]LogShaderCompilers: Display: Worker (7/13): shaders left to compile 10
[2020.01.22-23.16.01:330][390]LogShaderCompilers: Display: Worker (5/13): shaders left to compile 9
[2020.01.22-23.16.01:330][390]LogShaderCompilers: Display: Worker (11/13): shaders left to compile 8
[2020.01.22-23.16.01:391][394]LogShaderCompilers: Display: Worker (8/13): shaders left to compile 7
[2020.01.22-23.16.01:461][397]LogShaderCompilers: Display: Worker (1/13): shaders left to compile 6
[2020.01.22-23.16.01:486][398]LogShaderCompilers: Display: Worker (4/13): shaders left to compile 5
[2020.01.22-23.16.01:486][398]LogShaderCompilers: Display: Worker (3/13): shaders left to compile 4
[2020.01.22-23.16.01:506][399]LogShaderCompilers: Display: Worker (9/13): shaders left to compile 3
[2020.01.22-23.16.01:538][400]LogShaderCompilers: Display: Worker (6/13): shaders left to compile 2
[2020.01.22-23.16.01:605][403]LogShaderCompilers: Display: Worker (12/13): shaders left to compile 1
[2020.01.22-23.16.03:400][566]LogMaterial: Display: Missing cached shader map for material m_Fence, compiling. 
[2020.01.22-23.16.03:422][566]LogShaderCompilers: Display: Worker (1/13): shaders left to compile 30
[2020.01.22-23.16.03:422][566]LogShaderCompilers: Display: Worker (2/13): shaders left to compile 29
[2020.01.22-23.16.03:422][566]LogShaderCompilers: Display: Worker (3/13): shaders left to compile 28
[2020.01.22-23.16.03:422][566]LogShaderCompilers: Display: Worker (4/13): shaders left to compile 27
[2020.01.22-23.16.03:423][566]LogShaderCompilers: Display: Worker (5/13): shaders left to compile 26
[2020.01.22-23.16.03:423][566]LogShaderCompilers: Display: Worker (6/13): shaders left to compile 25
[2020.01.22-23.16.03:423][566]LogShaderCompilers: Display: Worker (7/13): shaders left to compile 24
[2020.01.22-23.16.03:423][566]LogShaderCompilers: Display: Worker (8/13): shaders left to compile 23
[2020.01.22-23.16.03:423][566]LogShaderCompilers: Display: Worker (9/13): shaders left to compile 22
[2020.01.22-23.16.03:423][566]LogShaderCompilers: Display: Worker (10/13): shaders left to compile 21
[2020.01.22-23.16.03:423][566]LogShaderCompilers: Display: Worker (11/13): shaders left to compile 20
[2020.01.22-23.16.03:423][566]LogShaderCompilers: Display: Worker (12/13): shaders left to compile 19
[2020.01.22-23.16.03:426][566]LogMaterial: Display: Missing cached shader map for material FMatExpressionPreview MaterialExpressionTextureSample_5, compiling. 
[2020.01.22-23.16.03:614][574]LogShaderCompilers: Display: Worker (8/13): shaders left to compile 22
[2020.01.22-23.16.03:698][578]LogShaderCompilers: Display: Worker (1/13): shaders left to compile 21
[2020.01.22-23.16.03:718][579]LogShaderCompilers: Display: Worker (3/13): shaders left to compile 20
[2020.01.22-23.16.03:737][580]LogShaderCompilers: Display: Worker (2/13): shaders left to compile 19
[2020.01.22-23.16.03:737][580]LogShaderCompilers: Display: Worker (4/13): shaders left to compile 18
[2020.01.22-23.16.03:756][581]LogShaderCompilers: Display: Worker (5/13): shaders left to compile 17
[2020.01.22-23.16.03:773][582]LogShaderCompilers: Display: Worker (6/13): shaders left to compile 16
[2020.01.22-23.16.03:773][582]LogShaderCompilers: Display: Worker (9/13): shaders left to compile 15
[2020.01.22-23.16.03:791][583]LogShaderCompilers: Display: Worker (7/13): shaders left to compile 14
[2020.01.22-23.16.03:917][589]LogShaderCompilers: Display: Worker (12/13): shaders left to compile 13
[2020.01.22-23.16.04:151][600]LogShaderCompilers: Display: Worker (10/13): shaders left to compile 12
[2020.01.22-23.16.04:171][601]LogShaderCompilers: Display: Worker (3/13): shaders left to compile 11
[2020.01.22-23.16.04:171][601]LogShaderCompilers: Display: Worker (7/13): shaders left to compile 10
[2020.01.22-23.16.04:190][602]LogShaderCompilers: Display: Worker (5/13): shaders left to compile 9
[2020.01.22-23.16.04:190][602]LogShaderCompilers: Display: Worker (11/13): shaders left to compile 8
[2020.01.22-23.16.04:260][606]LogShaderCompilers: Display: Worker (8/13): shaders left to compile 7
[2020.01.22-23.16.04:341][610]LogShaderCompilers: Display: Worker (2/13): shaders left to compile 6
[2020.01.22-23.16.04:341][610]LogShaderCompilers: Display: Worker (4/13): shaders left to compile 5
[2020.01.22-23.16.04:363][611]LogShaderCompilers: Display: Worker (1/13): shaders left to compile 4
[2020.01.22-23.16.04:384][612]LogShaderCompilers: Display: Worker (6/13): shaders left to compile 3
[2020.01.22-23.16.04:404][613]LogShaderCompilers: Display: Worker (9/13): shaders left to compile 2
[2020.01.22-23.16.04:467][616]LogShaderCompilers: Display: Worker (12/13): shaders left to compile 1
[2020.01.22-23.16.04:851][636]MaterialEditorStats: Base pass shader: 128 instructions
[2020.01.22-23.16.04:851][636]MaterialEditorStats: Base pass shader with Surface Lightmap: 157 instructions
[2020.01.22-23.16.04:851][636]MaterialEditorStats: Base pass shader with Volumetric Lightmap: 204 instructions
[2020.01.22-23.16.04:851][636]MaterialEditorStats: Base pass vertex shader: 44 instructions
[2020.01.22-23.16.04:851][636]MaterialEditorStats: Texture samplers: 6/16
[2020.01.22-23.16.04:851][636]MaterialEditorStats: Texture Lookups (Est.): VS(0), PS(3)
[2020.01.22-23.16.04:851][636]MaterialEditorStats: User interpolators: 2/4 Scalars (1/4 Vectors) (TexCoords: 2, Custom: 0)
[2020.01.22-23.16.06:494][790]LogMaterial: Display: Missing cached shader map for material m_Fence, compiling. 
[2020.01.22-23.16.06:515][790]LogShaderCompilers: Display: Worker (1/13): shaders left to compile 30
[2020.01.22-23.16.06:515][790]LogShaderCompilers: Display: Worker (2/13): shaders left to compile 29
[2020.01.22-23.16.06:515][790]LogShaderCompilers: Display: Worker (3/13): shaders left to compile 28
[2020.01.22-23.16.06:515][790]LogShaderCompilers: Display: Worker (4/13): shaders left to compile 27
[2020.01.22-23.16.06:515][790]LogShaderCompilers: Display: Worker (5/13): shaders left to compile 26
[2020.01.22-23.16.06:515][790]LogShaderCompilers: Display: Worker (6/13): shaders left to compile 25
[2020.01.22-23.16.06:515][790]LogShaderCompilers: Display: Worker (7/13): shaders left to compile 24
[2020.01.22-23.16.06:515][790]LogShaderCompilers: Display: Worker (8/13): shaders left to compile 23
[2020.01.22-23.16.06:515][790]LogShaderCompilers: Display: Worker (9/13): shaders left to compile 22
[2020.01.22-23.16.06:515][790]LogShaderCompilers: Display: Worker (10/13): shaders left to compile 21
[2020.01.22-23.16.06:515][790]LogShaderCompilers: Display: Worker (11/13): shaders left to compile 20
[2020.01.22-23.16.06:516][790]LogShaderCompilers: Display: Worker (12/13): shaders left to compile 19
[2020.01.22-23.16.06:519][790]LogMaterial: Display: Missing cached shader map for material FMatExpressionPreview MaterialExpressionTextureSample_5, compiling. 
[2020.01.22-23.16.06:716][801]LogShaderCompilers: Display: Worker (8/13): shaders left to compile 22
[2020.01.22-23.16.06:782][804]LogShaderCompilers: Display: Worker (1/13): shaders left to compile 21
[2020.01.22-23.16.06:805][805]LogShaderCompilers: Display: Worker (2/13): shaders left to compile 20
[2020.01.22-23.16.06:805][805]LogShaderCompilers: Display: Worker (3/13): shaders left to compile 19
[2020.01.22-23.16.06:831][806]LogShaderCompilers: Display: Worker (4/13): shaders left to compile 18
[2020.01.22-23.16.06:831][806]LogShaderCompilers: Display: Worker (6/13): shaders left to compile 17
[2020.01.22-23.16.06:849][807]LogShaderCompilers: Display: Worker (5/13): shaders left to compile 16
[2020.01.22-23.16.06:849][807]LogShaderCompilers: Display: Worker (9/13): shaders left to compile 15
[2020.01.22-23.16.06:867][808]LogShaderCompilers: Display: Worker (7/13): shaders left to compile 14
[2020.01.22-23.16.07:002][814]LogShaderCompilers: Display: Worker (12/13): shaders left to compile 13
[2020.01.22-23.16.07:192][822]LogShaderCompilers: Display: Worker (10/13): shaders left to compile 12
[2020.01.22-23.16.07:224][823]LogShaderCompilers: Display: Worker (2/13): shaders left to compile 11
[2020.01.22-23.16.07:274][824]LogShaderCompilers: Display: Worker (7/13): shaders left to compile 10
[2020.01.22-23.16.07:274][824]LogShaderCompilers: Display: Worker (6/13): shaders left to compile 9
[2020.01.22-23.16.07:274][824]LogShaderCompilers: Display: Worker (11/13): shaders left to compile 8
[2020.01.22-23.16.07:357][829]LogShaderCompilers: Display: Worker (8/13): shaders left to compile 7
[2020.01.22-23.16.07:404][830]LogShaderCompilers: Display: Worker (3/13): shaders left to compile 6
[2020.01.22-23.16.07:436][832]LogShaderCompilers: Display: Worker (4/13): shaders left to compile 5
[2020.01.22-23.16.07:458][833]LogShaderCompilers: Display: Worker (5/13): shaders left to compile 4
[2020.01.22-23.16.07:478][834]LogShaderCompilers: Display: Worker (1/13): shaders left to compile 3
[2020.01.22-23.16.07:478][834]LogShaderCompilers: Display: Worker (9/13): shaders left to compile 2
[2020.01.22-23.16.07:546][837]LogShaderCompilers: Display: Worker (12/13): shaders left to compile 1
[2020.01.22-23.16.07:904][855]MaterialEditorStats: Base pass shader: 128 instructions
[2020.01.22-23.16.07:904][855]MaterialEditorStats: Base pass shader with Surface Lightmap: 159 instructions
[2020.01.22-23.16.07:904][855]MaterialEditorStats: Base pass shader with Volumetric Lightmap: 206 instructions
[2020.01.22-23.16.07:904][855]MaterialEditorStats: Base pass vertex shader: 44 instructions
[2020.01.22-23.16.07:904][855]MaterialEditorStats: Texture samplers: 6/16
[2020.01.22-23.16.07:904][855]MaterialEditorStats: Texture Lookups (Est.): VS(0), PS(3)
[2020.01.22-23.16.07:904][855]MaterialEditorStats: User interpolators: 2/4 Scalars (1/4 Vectors) (TexCoords: 2, Custom: 0)
[2020.01.22-23.16.08:075][872]LogMaterialEditor: Applying material m_Fence
[2020.01.22-23.16.08:449][872]LogMaterial: Display: Missing cached shader map for material m_Fence, compiling. 
[2020.01.22-23.16.08:521][872]LogShaderCompilers: Display: Worker (1/13): shaders left to compile 30
[2020.01.22-23.16.08:521][872]LogShaderCompilers: Display: Worker (2/13): shaders left to compile 29
[2020.01.22-23.16.08:521][872]LogShaderCompilers: Display: Worker (3/13): shaders left to compile 28
[2020.01.22-23.16.08:521][872]LogShaderCompilers: Display: Worker (4/13): shaders left to compile 27
[2020.01.22-23.16.08:521][872]LogShaderCompilers: Display: Worker (5/13): shaders left to compile 26
[2020.01.22-23.16.08:521][872]LogShaderCompilers: Display: Worker (6/13): shaders left to compile 25
[2020.01.22-23.16.08:521][872]LogShaderCompilers: Display: Worker (7/13): shaders left to compile 24
[2020.01.22-23.16.08:521][872]LogShaderCompilers: Display: Worker (8/13): shaders left to compile 23
[2020.01.22-23.16.08:521][872]LogShaderCompilers: Display: Worker (9/13): shaders left to compile 22
[2020.01.22-23.16.08:521][872]LogShaderCompilers: Display: Worker (10/13): shaders left to compile 21
[2020.01.22-23.16.08:521][872]LogShaderCompilers: Display: Worker (11/13): shaders left to compile 20
[2020.01.22-23.16.08:521][872]LogShaderCompilers: Display: Worker (12/13): shaders left to compile 19
[2020.01.22-23.16.08:528][872]LogMaterial: Display: Missing cached shader map for material m_Fence, compiling. 
[2020.01.22-23.16.08:549][872]LogMaterial: Display: Missing cached shader map for material m_Fence, compiling. 
[2020.01.22-23.16.08:608][872]LogUObjectHash: Compacting FUObjectHashTables data took   2.05ms
[2020.01.22-23.16.08:622][872]LogMaterial: Display: Missing cached shader map for material DebugViewMode MaterialTexCoordScale, compiling. 
[2020.01.22-23.16.09:663][872]LogShaderCompilers: Display: Worker (8/13): shaders left to compile 51
[2020.01.22-23.16.09:663][872]LogShaderCompilers: Display: Worker (3/13): shaders left to compile 50
[2020.01.22-23.16.09:663][872]LogShaderCompilers: Display: Worker (2/13): shaders left to compile 49
[2020.01.22-23.16.09:663][872]LogShaderCompilers: Display: Worker (1/13): shaders left to compile 48
[2020.01.22-23.16.09:663][872]LogShaderCompilers: Display: Worker (4/13): shaders left to compile 47
[2020.01.22-23.16.09:663][872]LogShaderCompilers: Display: Worker (5/13): shaders left to compile 46
[2020.01.22-23.16.09:663][872]LogShaderCompilers: Display: Worker (9/13): shaders left to compile 45
[2020.01.22-23.16.09:663][872]LogShaderCompilers: Display: Worker (6/13): shaders left to compile 44
[2020.01.22-23.16.09:663][872]LogShaderCompilers: Display: Worker (7/13): shaders left to compile 43
[2020.01.22-23.16.09:663][872]LogShaderCompilers: Display: Worker (12/13): shaders left to compile 42
[2020.01.22-23.16.09:663][872]LogShaderCompilers: Display: Worker (10/13): shaders left to compile 41
[2020.01.22-23.16.09:663][872]LogShaderCompilers: Display: Worker (2/13): shaders left to compile 40
[2020.01.22-23.16.09:663][872]LogShaderCompilers: Display: Worker (11/13): shaders left to compile 39
[2020.01.22-23.16.09:663][872]LogShaderCompilers: Display: Worker (7/13): shaders left to compile 38
[2020.01.22-23.16.09:663][872]LogShaderCompilers: Display: Worker (5/13): shaders left to compile 37
[2020.01.22-23.16.09:663][872]LogShaderCompilers: Display: Worker (8/13): shaders left to compile 36
[2020.01.22-23.16.09:663][872]LogShaderCompilers: Display: Worker (1/13): shaders left to compile 35
[2020.01.22-23.16.09:663][872]LogShaderCompilers: Display: Worker (4/13): shaders left to compile 34
[2020.01.22-23.16.09:663][872]LogShaderCompilers: Display: Worker (9/13): shaders left to compile 33
[2020.01.22-23.16.09:663][872]LogShaderCompilers: Display: Worker (3/13): shaders left to compile 32
[2020.01.22-23.16.09:663][872]LogShaderCompilers: Display: Worker (6/13): shaders left to compile 31
[2020.01.22-23.16.09:663][872]LogShaderCompilers: Display: Worker (12/13): shaders left to compile 28
[2020.01.22-23.16.09:663][872]LogShaderCompilers: Display: Worker (2/13): shaders left to compile 25
[2020.01.22-23.16.09:663][872]LogShaderCompilers: Display: Worker (5/13): shaders left to compile 22
[2020.01.22-23.16.09:663][872]LogShaderCompilers: Display: Worker (9/13): shaders left to compile 20
[2020.01.22-23.16.09:668][872]LogShaderCompilers: Display: Worker (3/13): shaders left to compile 18
[2020.01.22-23.16.09:669][872]TextureStreamingBuild: Display: Compiling optional shaders took 1.061 seconds.
[2020.01.22-23.16.09:723][872]LogShaderCompilers: Display: Worker (4/13): shaders left to compile 16
[2020.01.22-23.16.09:723][872]LogUObjectHash: Compacting FUObjectHashTables data took   0.87ms
[2020.01.22-23.16.09:742][873]LogShaderCompilers: Display: Worker (10/13): shaders left to compile 14
[2020.01.22-23.16.09:760][873]LogShaderCompilers: Display: Worker (8/13): shaders left to compile 12
[2020.01.22-23.16.09:771][873]LogShaderCompilers: Display: Worker (11/13): shaders left to compile 10
[2020.01.22-23.16.09:844][877]LogShaderCompilers: Display: Worker (7/13): shaders left to compile 9
[2020.01.22-23.16.09:880][878]LogShaderCompilers: Display: Worker (1/13): shaders left to compile 8
[2020.01.22-23.16.10:207][894]LogShaderCompilers: Display: Worker (2/13): shaders left to compile 7
[2020.01.22-23.16.10:244][896]LogShaderCompilers: Display: Worker (1/13): shaders left to compile 6
[2020.01.22-23.16.10:317][900]LogShaderCompilers: Display: Worker (12/13): shaders left to compile 5
[2020.01.22-23.16.10:317][900]LogShaderCompilers: Display: Worker (6/13): shaders left to compile 4
[2020.01.22-23.16.10:667][901]LogShaderCompilers: Display: Worker (11/13): shaders left to compile 3
[2020.01.22-23.16.10:668][901]LogShaderCompilers: Display: Worker (7/13): shaders left to compile 2
[2020.01.22-23.16.10:668][901]LogShaderCompilers: Display: Worker (9/13): shaders left to compile 1
[2020.01.22-23.16.10:869][912]MaterialEditorStats: Base pass shader: 128 instructions
[2020.01.22-23.16.10:869][912]MaterialEditorStats: Base pass shader with Surface Lightmap: 159 instructions
[2020.01.22-23.16.10:869][912]MaterialEditorStats: Base pass shader with Volumetric Lightmap: 206 instructions
[2020.01.22-23.16.10:869][912]MaterialEditorStats: Base pass vertex shader: 44 instructions
[2020.01.22-23.16.10:869][912]MaterialEditorStats: Texture samplers: 6/16
[2020.01.22-23.16.10:869][912]MaterialEditorStats: Texture Lookups (Est.): VS(0), PS(3)
[2020.01.22-23.16.10:869][912]MaterialEditorStats: User interpolators: 2/4 Scalars (1/4 Vectors) (TexCoords: 2, Custom: 0)
[2020.01.22-23.16.11:287][950]LogMaterialEditor: Saving and Compiling material m_Fence
[2020.01.22-23.16.11:311][950]Cmd: OBJ SAVEPACKAGE PACKAGE="/Game/Materials/m_Fence" FILE="../../../../Art/Park_SFAS/Park/Content/Materials/m_Fence.uasset" SILENT=true
[2020.01.22-23.16.11:331][950]LogSavePackage: Moving '../../../../Art/Park_SFAS/Park/Saved/m_Fence4097917A4614A1BE7A5EDBB40FF36FFF.tmp' to '../../../../Art/Park_SFAS/Park/Content/Materials/m_Fence.uasset'
[2020.01.22-23.16.17:244][460]LogAssetEditorManager: Opening Asset editor for StaticMesh /Game/Meshes/SM_Wall_end.SM_Wall_end
[2020.01.22-23.16.17:493][460]LogRenderer: Reallocating scene render targets to support 1304x704 Format 10 NumSamples 1 (Frame:1).
[2020.01.22-23.16.17:493][460]LogSlate: Took 0.006561 seconds to synchronously load lazily loaded font '../../../Engine/Content/Slate/Fonts/Roboto-Italic.ttf' (157K)
[2020.01.22-23.19.19:458][691]LogEditorFactories: Performing atomic reimport of [D:/Art/Park_SFAS/Models/SM_Wall_joining.fbx]
[2020.01.22-23.19.19:498][691]LogFbx: Loading FBX Scene from D:/Art/Park_SFAS/Models/SM_Wall_joining.fbx
[2020.01.22-23.19.19:512][691]LogFbx: FBX Scene Loaded Succesfully
[2020.01.22-23.19.19:582][691]LogFbx: Display: Triangulating static mesh pCube43
[2020.01.22-23.19.19:635][691]LogStaticMesh: Building static mesh SM_Wall_joining...
[2020.01.22-23.19.19:648][691]LogStaticMesh: Built static mesh [0.01s] /Game/Meshes/SM_Wall_joining.SM_Wall_joining
[2020.01.22-23.19.20:959][691]LogSlate: Window 'Reimport Material Conflicts Resolution' being destroyed
[2020.01.22-23.19.20:964][691]LogEditorFactories: -- imported successfully
[2020.01.22-23.19.24:599][ 22]LogEditorFactories: Performing atomic reimport of [D:/Art/Park_SFAS/Models/SM_Wall_end.fbx]
[2020.01.22-23.19.24:620][ 22]LogFbx: Loading FBX Scene from D:/Art/Park_SFAS/Models/SM_Wall_end.fbx
[2020.01.22-23.19.24:626][ 22]LogFbx: FBX Scene Loaded Succesfully
[2020.01.22-23.19.24:634][ 22]LogFbx: Display: Triangulating static mesh SM_Fence_end:pCube42
[2020.01.22-23.19.24:717][ 22]LogStaticMesh: Building static mesh SM_Wall_end...
[2020.01.22-23.19.24:736][ 22]LogStaticMesh: Built static mesh [0.02s] /Game/Meshes/SM_Wall_end.SM_Wall_end
[2020.01.22-23.19.25:743][ 22]LogSlate: Window 'Reimport Material Conflicts Resolution' being destroyed
[2020.01.22-23.19.25:748][ 22]LogEditorFactories: -- imported successfully
[2020.01.22-23.19.49:932][670]LogUObjectHash: Compacting FUObjectHashTables data took   1.51ms
[2020.01.22-23.19.49:979][670]Cmd: OBJ SAVEPACKAGE PACKAGE="/Game/Diorama" FILE="../../../../Art/Park_SFAS/Park/Saved/Autosaves/Game/Diorama_Auto1.umap" SILENT=true AUTOSAVING=true KEEPDIRTY=false
[2020.01.22-23.19.50:179][670]LogSavePackage: Moving '../../../../Art/Park_SFAS/Park/Saved/Diorama_Auto1F93AB84947669EC71156729800A8159C.tmp' to '../../../../Art/Park_SFAS/Park/Saved/Autosaves/Game/Diorama_Auto1.umap'
[2020.01.22-23.19.50:181][670]LogFileHelpers: Editor autosave (incl. sublevels) for '/Game/Diorama' took 0.284
[2020.01.22-23.19.50:181][670]LogFileHelpers: Editor autosave (incl. sublevels) for all levels took 0.284
[2020.01.22-23.19.50:183][670]OBJ SavePackage: Generating thumbnails for [1] asset(s) in package [/Game/Meshes/SM_Wall_joining] ([1] browsable assets)...
[2020.01.22-23.19.50:191][670]OBJ SavePackage:     Rendered thumbnail for [StaticMesh /Game/Meshes/SM_Wall_joining.SM_Wall_joining]
[2020.01.22-23.19.50:191][670]OBJ SavePackage: Finished generating thumbnails for package [/Game/Meshes/SM_Wall_joining]
[2020.01.22-23.19.50:191][670]Cmd: OBJ SAVEPACKAGE PACKAGE="/Game/Meshes/SM_Wall_joining" FILE="../../../../Art/Park_SFAS/Park/Saved/Autosaves/Game/Meshes/SM_Wall_joining_Auto1.uasset" SILENT=false AUTOSAVING=true
[2020.01.22-23.19.50:217][670]LogSavePackage: Moving '../../../../Art/Park_SFAS/Park/Saved/SM_Wall_joining_Auto19B2D480E4015A563A12C52A8A292DBE9.tmp' to '../../../../Art/Park_SFAS/Park/Saved/Autosaves/Game/Meshes/SM_Wall_joining_Auto1.uasset'
[2020.01.22-23.19.50:238][670]OBJ SavePackage: Generating thumbnails for [1] asset(s) in package [/Game/Meshes/SM_Wall_end] ([1] browsable assets)...
[2020.01.22-23.19.50:249][670]OBJ SavePackage:     Rendered thumbnail for [StaticMesh /Game/Meshes/SM_Wall_end.SM_Wall_end]
[2020.01.22-23.19.50:249][670]OBJ SavePackage: Finished generating thumbnails for package [/Game/Meshes/SM_Wall_end]
[2020.01.22-23.19.50:249][670]Cmd: OBJ SAVEPACKAGE PACKAGE="/Game/Meshes/SM_Wall_end" FILE="../../../../Art/Park_SFAS/Park/Saved/Autosaves/Game/Meshes/SM_Wall_end_Auto1.uasset" SILENT=false AUTOSAVING=true
[2020.01.22-23.19.50:276][670]LogSavePackage: Moving '../../../../Art/Park_SFAS/Park/Saved/SM_Wall_end_Auto1EF4E7F7C43D14CBA0A80CEAB4DAE434A.tmp' to '../../../../Art/Park_SFAS/Park/Saved/Autosaves/Game/Meshes/SM_Wall_end_Auto1.uasset'
[2020.01.22-23.19.50:279][670]LogFileHelpers: Auto-saving content packages took 0.097
[2020.01.22-23.22.31:683][442]Cmd: OBJ SAVEPACKAGE PACKAGE="/Game/Meshes/SM_Wall_end" FILE="../../../../Art/Park_SFAS/Park/Content/Meshes/SM_Wall_end.uasset" SILENT=true
[2020.01.22-23.22.31:706][442]LogSavePackage: Moving '../../../../Art/Park_SFAS/Park/Saved/SM_Wall_end7F3D5DCE484A36160B82C78B389DC5E3.tmp' to '../../../../Art/Park_SFAS/Park/Content/Meshes/SM_Wall_end.uasset'
[2020.01.22-23.22.34:892][731]LogAssetEditorManager: Opening Asset editor for StaticMesh /Game/Meshes/SM_Wall_joining.SM_Wall_joining
[2020.01.22-23.22.40:191][205]Cmd: OBJ SAVEPACKAGE PACKAGE="/Game/Meshes/SM_Wall_joining" FILE="../../../../Art/Park_SFAS/Park/Content/Meshes/SM_Wall_joining.uasset" SILENT=true
[2020.01.22-23.22.40:211][205]LogSavePackage: Moving '../../../../Art/Park_SFAS/Park/Saved/SM_Wall_joining69602A114C97979DE7DBC8A7FB3E8F2C.tmp' to '../../../../Art/Park_SFAS/Park/Content/Meshes/SM_Wall_joining.uasset'
[2020.01.22-23.22.41:862][360]LogAssetEditorManager: Opening Asset editor for StaticMesh /Game/Meshes/SM_Wall_mid.SM_Wall_mid
[2020.01.22-23.22.44:685][602]LogStaticMesh: Building static mesh SM_Wall_mid...
[2020.01.22-23.22.44:729][602]LogStaticMesh: Built static mesh [0.04s] /Game/Meshes/SM_Wall_mid.SM_Wall_mid
[2020.01.22-23.22.45:757][690]Cmd: OBJ SAVEPACKAGE PACKAGE="/Game/Meshes/SM_Wall_mid" FILE="../../../../Art/Park_SFAS/Park/Content/Meshes/SM_Wall_mid.uasset" SILENT=true
[2020.01.22-23.22.45:791][690]LogSavePackage: Moving '../../../../Art/Park_SFAS/Park/Saved/SM_Wall_midDB6BD55045B07F37D52F76B1D9EB6500.tmp' to '../../../../Art/Park_SFAS/Park/Content/Meshes/SM_Wall_mid.uasset'
[2020.01.22-23.22.48:930][987]Cmd: OBJ SAVEPACKAGE PACKAGE="/Game/Meshes/SM_Wall_mid" FILE="../../../../Art/Park_SFAS/Park/Content/Meshes/SM_Wall_mid.uasset" SILENT=true
[2020.01.22-23.22.48:947][987]LogSavePackage: Moving '../../../../Art/Park_SFAS/Park/Saved/SM_Wall_midF0F77E61401E0F2E2A70B78B51BB2FBF.tmp' to '../../../../Art/Park_SFAS/Park/Content/Meshes/SM_Wall_mid.uasset'
[2020.01.22-23.22.51:128][150]Cmd: SELECT NONE
[2020.01.22-23.22.52:770][280]Cmd: SELECT NONE
[2020.01.22-23.23.08:601][595]LogEditorViewport: Clicking on Actor (LMB): StaticMeshActor (SM_Pavilion)
[2020.01.22-23.23.11:322][779]Cmd: SELECT NONE
[2020.01.22-23.23.39:355][226]LogEditorViewport: Clicking on Actor (LMB): StaticMeshActor (SM_Rock1_low2)
[2020.01.22-23.23.39:958][254]Cmd: SELECT NONE
[2020.01.22-23.23.42:845][446]LogEditorViewport: Clicking on Actor (LMB): StaticMeshActor (SM_Rock5_low4)
[2020.01.22-23.23.43:581][484]Cmd: SELECT NONE
[2020.01.22-23.23.48:494][ 10]Cmd: SELECT NONE
[2020.01.22-23.23.51:347][223]LogEditorViewport: Clicking on Actor (LMB): StaticMeshActor (SM_Bridge)
[2020.01.22-23.23.52:027][256]Cmd: SELECT NONE
[2020.01.22-23.23.59:950][821]LogEditorViewport: Clicking on Actor (LMB): StaticMeshActor (SM_tree)
[2020.01.22-23.24.01:799][944]LogSlate: FSceneViewport::OnFocusLost() reason 0
[2020.01.22-23.24.01:923][956]LogAssetEditorManager: Opening Asset editor for StaticMesh /Game/Meshes/SM_tree.SM_tree
[2020.01.22-23.24.07:378][358]LogSlate: Window 'SM_tree' being destroyed
[2020.01.22-23.24.07:383][358]LogSlate: Window 'SM_tree' being destroyed
[2020.01.22-23.24.07:437][358]LogWorld: UWorld::CleanupWorld for World_2, bSessionEnded=true, bCleanupResources=true
[2020.01.22-23.24.07:459][358]LogWorld: UWorld::CleanupWorld for World_3, bSessionEnded=true, bCleanupResources=true
[2020.01.22-23.24.07:565][358]LogWorld: UWorld::CleanupWorld for World_4, bSessionEnded=true, bCleanupResources=true
[2020.01.22-23.24.07:648][358]LogWorld: UWorld::CleanupWorld for World_5, bSessionEnded=true, bCleanupResources=true
[2020.01.22-23.24.07:724][358]LogWorld: UWorld::CleanupWorld for World_6, bSessionEnded=true, bCleanupResources=true
[2020.01.22-23.24.08:847][478]Cmd: SELECT NONE
[2020.01.22-23.24.21:492][829]LogEditorViewport: Clicking on Actor (LMB): StaticMeshActor (SM_Rock4_low)
[2020.01.22-23.24.22:550][949]LogEditorViewport: Clicking on Actor (LMB): StaticMeshActor (SM_Rock5_low4)
[2020.01.22-23.24.50:080][639]Cmd: SELECT NONE
[2020.01.22-23.24.53:843][ 29]LogEditorViewport: Clicking on Actor (LMB): StaticMeshActor (SM_Rock5_low4)
[2020.01.22-23.24.56:561][276]Cmd: SELECT NONE
[2020.01.22-23.24.58:038][419]Cmd: SELECT NONE
[2020.01.22-23.25.03:783][994]Cmd: SELECT NONE
[2020.01.22-23.25.13:703][ 48]LogSlate: FSceneViewport::OnFocusLost() reason 0
[2020.01.22-23.25.13:808][ 59]Cmd: OBJ SAVEPACKAGE PACKAGE="/Game/Diorama" FILE="../../../../Art/Park_SFAS/Park/Content/Diorama.umap" SILENT=true AUTOSAVING=false KEEPDIRTY=false
[2020.01.22-23.25.13:849][ 59]LogUObjectHash: Compacting FUObjectHashTables data took   1.97ms
[2020.01.22-23.25.14:042][ 59]LogSavePackage: Moving '../../../../Art/Park_SFAS/Park/Saved/DioramaCA4C7F994D6C4485D0F48AA7E09020E1.tmp' to '../../../../Art/Park_SFAS/Park/Content/Diorama.umap'
[2020.01.22-23.25.14:071][ 59]Cmd: OBJ SAVEPACKAGE PACKAGE="/Game/Diorama_BuiltData" FILE="../../../../Art/Park_SFAS/Park/Content/Diorama_BuiltData.uasset" SILENT=true
[2020.01.22-23.25.14:295][ 59]LogSavePackage: Moving '../../../../Art/Park_SFAS/Park/Saved/Diorama_BuiltData8EA4458F47451745C0B1D6B4C570A8C0.tmp' to '../../../../Art/Park_SFAS/Park/Content/Diorama_BuiltData.uasset'
[2020.01.22-23.25.16:500][295]LogEditorViewport: Clicking on Actor (LMB): StaticMeshActor (SM_Wall_joining)
[2020.01.22-23.25.19:439][543]LogEditorViewport: Clicking on Actor (LMB): StaticMeshActor (SM_Wall_mid)
[2020.01.22-23.25.22:193][764]LogEditorViewport: Clicking on Actor (LMB): StaticMeshActor (SM_Wall_joining)
[2020.01.22-23.25.23:442][852]LogSlate: FSceneViewport::OnFocusLost() reason 2
[2020.01.22-23.25.32:345][784]LogSlate: FSceneViewport::OnFocusLost() reason 0
[2020.01.22-23.25.41:574][758]LogEditorViewport: Clicking on Actor (LMB): StaticMeshActor (SM_Wall_mid)
[2020.01.22-23.25.43:145][891]LogEditorViewport: Clicking on Actor (LMB): StaticMeshActor (SM_Wall_joining)
[2020.01.22-23.25.49:950][539]LogEditorViewport: Clicking on Actor (LMB): StaticMeshActor (SM_level_top)
[2020.01.22-23.25.50:372][584]LogEditorViewport: Clicking on Actor (LMB): StaticMeshActor (SM_Wall_mid)
[2020.01.22-23.25.57:161][220]LogEditorViewport: Clicking on Actor (LMB): StaticMeshActor (SM_Wall_joining2)
[2020.01.22-23.26.03:331][898]LogEditorViewport: Clicking on Actor (LMB): StaticMeshActor (SM_Wall_mid)
[2020.01.22-23.26.11:875][786]Cmd: CAMERA ALIGN ACTIVEVIEWPORTONLY
[2020.01.22-23.26.14:894][ 33]LogEditorViewport: Clicking on Actor (LMB): StaticMeshActor (SM_Wall_joining2)
[2020.01.22-23.26.22:146][792]LogEditorViewport: Clicking on Actor (LMB): BP_Sky_Sphere_C (Sky Sphere)
[2020.01.22-23.26.22:699][854]LogEditorViewport: Clicking on Actor (LMB): StaticMeshActor (SM_Wall_mid2)
[2020.01.22-23.26.32:136][793]LogEditorViewport: Clicking on Actor (LMB): StaticMeshActor (SM_Wall_joining3)
[2020.01.22-23.26.33:336][889]LogEditorViewport: Clicking on Actor (LMB): StaticMeshActor (SM_Wall_mid3)
[2020.01.22-23.26.34:013][939]LogEditorViewport: Clicking on Actor (LMB): StaticMeshActor (SM_Wall_joining3)
[2020.01.22-23.26.44:585][ 24]Cmd: SELECT NONE
[2020.01.22-23.26.46:083][188]LogEditorViewport: Clicking on Actor (LMB): StaticMeshActor (SM_Wall_mid3)
[2020.01.22-23.26.56:547][284]LogEditorViewport: Clicking on Actor (LMB): StaticMeshActor (SM_Wall_joining4)
[2020.01.22-23.27.03:979][ 34]Cmd: SELECT NONE
[2020.01.22-23.27.06:441][291]LogEditorViewport: Clicking on Actor (LMB): StaticMeshActor (SM_Wall_mid4)
[2020.01.22-23.27.07:842][398]LogEditorViewport: Clicking on Actor (LMB): StaticMeshActor (SM_Wall_joining5)
[2020.01.22-23.27.09:405][570]LogEditorViewport: Clicking on Actor (LMB): StaticMeshActor (SM_Wall_mid4)
[2020.01.22-23.27.17:065][355]Cmd: SELECT NONE
[2020.01.22-23.27.21:277][804]LogEditorViewport: Clicking on Actor (LMB): StaticMeshActor (SM_Wall_joining5)
[2020.01.22-23.27.28:201][516]Cmd: SELECT NONE
[2020.01.22-23.27.35:268][236]LogEditorViewport: Clicking on Actor (LMB): StaticMeshActor (SM_Wall_mid5)
[2020.01.22-23.27.48:897][640]LogEditorViewport: Clicking on Actor (LMB): StaticMeshActor (SM_Wall_joining6)
[2020.01.22-23.27.58:553][576]LogSlate: FSceneViewport::OnFocusLost() reason 0
[2020.01.22-23.28.10:066][660]Cmd: SELECT NONE
[2020.01.22-23.28.20:086][705]Cmd: SELECT NONE
[2020.01.22-23.28.24:834][133]LogEditorViewport: Clicking on Actor (LMB): StaticMeshActor (SM_Wall_end2)
[2020.01.22-23.28.25:239][155]LogEditorViewport: Clicking on Actor (LMB): StaticMeshActor (SM_Bridge)
[2020.01.22-23.28.27:739][357]Cmd: SELECT NONE
[2020.01.22-23.28.31:783][730]LogEditorViewport: Clicking on Actor (LMB): StaticMeshActor (SM_River)
[2020.01.22-23.28.32:477][772]Cmd: SELECT NONE
[2020.01.22-23.28.39:396][497]LogEditorViewport: Clicking on Actor (LMB): StaticMeshActor (SM_Bridge)
[2020.01.22-23.28.39:714][528]Cmd: SELECT NONE
[2020.01.22-23.28.49:352][542]Cmd: SELECT NONE
[2020.01.22-23.28.50:072][595]LogEditorViewport: Clicking on Actor (LMB): BP_Sky_Sphere_C (Sky Sphere)
[2020.01.22-23.28.50:796][676]LogEditorViewport: Clicking on Actor (LMB): BP_Sky_Sphere_C (Sky Sphere)
[2020.01.22-23.28.52:871][887]Cmd: SELECT NONE
[2020.01.22-23.29.09:129][741]LogEditorViewport: Clicking on Actor (LMB): BP_Sky_Sphere_C (Sky Sphere)
[2020.01.22-23.29.09:705][799]Cmd: SELECT NONE
[2020.01.22-23.29.17:240][567]LogEditorViewport: Clicking on Actor (LMB): StaticMeshActor (SM_Wall_mid)
[2020.01.22-23.29.19:993][825]LogEditorViewport: Clicking on Actor (LMB): StaticMeshActor (SM_Wall_joining)
[2020.01.22-23.29.21:631][  3]Cmd: SELECT NONE
[2020.01.22-23.29.32:396][ 40]LogEditorViewport: Clicking on Actor (LMB): StaticMeshActor (Pavilion_base)
[2020.01.22-23.29.34:446][187]Cmd: SELECT NONE
[2020.01.22-23.29.35:290][247]LogEditorViewport: Clicking on Actor (LMB): StaticMeshActor (Pavilion_base)
[2020.01.22-23.29.41:673][842]LogEditorViewport: Clicking on Actor (LMB): StaticMeshActor (SM_Wall_mid3)
[2020.01.22-23.29.42:344][916]LogEditorViewport: Clicking on Actor (LMB): StaticMeshActor (SM_Pavilion_fountain)
[2020.01.22-23.29.46:987][337]LogEditorViewport: Clicking on Actor (LMB): StaticMeshActor (SM_Pavilion)
[2020.01.22-23.29.49:816][575]Cmd: SELECT NONE
[2020.01.22-23.29.54:552][ 34]Cmd: SELECT NONE
[2020.01.22-23.29.56:960][249]Cmd: SELECT NONE
[2020.01.22-23.30.00:526][563]LogEditorViewport: Clicking on Actor (LMB): StaticMeshActor (SM_Wall_mid6)
[2020.01.22-23.30.01:472][649]Cmd: DELETE
[2020.01.22-23.30.01:472][649]Cmd: ACTOR DELETE
[2020.01.22-23.30.01:477][649]LogEditorActor: Deleted Actor: StaticMeshActor
[2020.01.22-23.30.01:514][649]LogUObjectHash: Compacting FUObjectHashTables data took   1.92ms
[2020.01.22-23.30.01:514][649]LogEditorActor: Deleted 1 Actors (0.042 secs)
[2020.01.22-23.30.01:828][686]LogEditorViewport: Clicking on Actor (LMB): StaticMeshActor (SM_Wall_joining7)
[2020.01.22-23.30.01:958][696]Cmd: DELETE
[2020.01.22-23.30.01:958][696]Cmd: ACTOR DELETE
[2020.01.22-23.30.01:962][696]LogEditorActor: Deleted Actor: StaticMeshActor
[2020.01.22-23.30.01:998][696]LogUObjectHash: Compacting FUObjectHashTables data took   0.72ms
[2020.01.22-23.30.01:999][696]LogEditorActor: Deleted 1 Actors (0.041 secs)
[2020.01.22-23.30.02:648][773]LogEditorViewport: Clicking on Actor (LMB): StaticMeshActor (SM_Wall_joining6)
[2020.01.22-23.30.03:775][898]LogSlate: FSceneViewport::OnFocusLost() reason 2
[2020.01.22-23.30.05:194][ 55]LogEditorViewport: Clicking on Actor (LMB): BP_Sky_Sphere_C (Sky Sphere)
[2020.01.22-23.30.05:877][131]LogEditorViewport: Clicking on Actor (LMB): StaticMeshActor (SM_Wall_joining6)
[2020.01.22-23.30.12:317][684]Cmd: SELECT NONE
[2020.01.22-23.30.20:834][552]Cmd: SELECT NONE
[2020.01.22-23.30.21:465][599]LogEditorViewport: Clicking on Actor (LMB): BP_Sky_Sphere_C (Sky Sphere)
[2020.01.22-23.30.23:692][757]Cmd: SELECT NONE
[2020.01.22-23.31.06:639][898]Cmd: SELECT NONE
[2020.01.22-23.31.26:044][142]LogEditorViewport: Clicking on Actor (LMB): StaticMeshActor (SM_Rock1_low4)
[2020.01.22-23.31.28:425][407]LogEditorViewport: Clicking on Actor (LMB): StaticMeshActor (SM_River)
[2020.01.22-23.31.31:013][655]LogEditorViewport: Clicking on Actor (LMB): StaticMeshActor (SM_River)
[2020.01.22-23.31.32:201][754]LogEditorViewport: Clicking on Actor (LMB): StaticMeshActor (SM_River)
[2020.01.22-23.31.32:803][823]LogEditorViewport: Clicking on Actor (LMB): BP_Sky_Sphere_C (Sky Sphere)
[2020.01.22-23.31.33:243][871]LogEditorViewport: Clicking on Actor (LMB): StaticMeshActor (SM_Rock6_low8)
[2020.01.22-23.31.35:046][ 66]LogEditorViewport: Clicking on Actor (LMB): StaticMeshActor (SM_Rock2_low8)
[2020.01.22-23.31.37:195][294]LogEditorViewport: Clicking on Actor (LMB): StaticMeshActor (SM_Rock3_low5)
[2020.01.22-23.31.38:964][482]LogEditorViewport: Clicking on Actor (LMB): BP_Sky_Sphere_C (Sky Sphere)
[2020.01.22-23.31.39:462][537]Cmd: SELECT NONE
[2020.01.22-23.31.41:059][728]Cmd: SELECT NONE
[2020.01.22-23.31.48:433][611]LogEditorViewport: Clicking on Actor (LMB): StaticMeshActor (SM_Rock1_low4)
[2020.01.22-23.31.52:296][ 46]LogEditorViewport: Clicking on Actor (LMB): BP_Sky_Sphere_C (Sky Sphere)
[2020.01.22-23.31.52:745][ 95]Cmd: SELECT NONE
[2020.01.22-23.31.55:435][417]LogEditorViewport: Clicking on Actor (LMB): StaticMeshActor (SM_River)
[2020.01.22-23.31.58:065][674]LogEditorViewport: Clicking on Actor (LMB): StaticMeshActor (SM_River)
[2020.01.22-23.31.58:500][723]LogEditorViewport: Clicking on Actor (LMB): BP_Sky_Sphere_C (Sky Sphere)
[2020.01.22-23.31.59:074][787]LogEditorViewport: Clicking on Actor (LMB): StaticMeshActor (SM_Rock6_low8)
[2020.01.22-23.32.00:993][995]Cmd: SELECT NONE
[2020.01.22-23.32.02:910][220]Cmd: SELECT NONE
[2020.01.22-23.32.10:408][957]LogEditorViewport: Clicking on Actor (LMB): StaticMeshActor (SM_Pavilion_fountain)
[2020.01.22-23.32.10:946][990]Cmd: SELECT NONE
[2020.01.22-23.32.14:580][343]LogEditorViewport: Clicking on Actor (LMB): StaticMeshActor (SM_Wall_mid3)
[2020.01.22-23.32.15:188][410]LogEditorViewport: Clicking on Actor (LMB): BP_Sky_Sphere_C (Sky Sphere)
[2020.01.22-23.32.19:159][706]LogEditorViewport: Clicking on Actor (LMB): StaticMeshActor (SM_River)
[2020.01.22-23.32.20:116][792]LogSlate: FSceneViewport::OnFocusLost() reason 0
[2020.01.22-23.32.20:265][809]LogAssetEditorManager: Opening Asset editor for Material /Game/Materials/Base_Colour.Base_Colour
[2020.01.22-23.32.20:291][809]LogMaterial: Display: Missing cached shader map for material Base_Colour, compiling. 
[2020.01.22-23.32.20:416][809]LogMaterial: Display: Missing cached shader map for material Base_Colour, compiling. 
[2020.01.22-23.32.20:444][809]LogMaterial: Display: Missing cached shader map for material Base_Colour, compiling. 
[2020.01.22-23.32.20:471][809]LogShaderCompilers: Display: Worker (1/13): shaders left to compile 53
[2020.01.22-23.32.20:471][809]LogShaderCompilers: Display: Worker (2/13): shaders left to compile 52
[2020.01.22-23.32.20:471][809]LogShaderCompilers: Display: Worker (3/13): shaders left to compile 51
[2020.01.22-23.32.20:471][809]LogShaderCompilers: Display: Worker (4/13): shaders left to compile 50
[2020.01.22-23.32.20:471][809]LogShaderCompilers: Display: Worker (5/13): shaders left to compile 49
[2020.01.22-23.32.20:471][809]LogShaderCompilers: Display: Worker (6/13): shaders left to compile 48
[2020.01.22-23.32.20:471][809]LogShaderCompilers: Display: Worker (7/13): shaders left to compile 47
[2020.01.22-23.32.20:472][809]LogShaderCompilers: Display: Worker (8/13): shaders left to compile 46
[2020.01.22-23.32.20:472][809]LogShaderCompilers: Display: Worker (9/13): shaders left to compile 45
[2020.01.22-23.32.20:472][809]LogShaderCompilers: Display: Worker (10/13): shaders left to compile 44
[2020.01.22-23.32.20:472][809]LogShaderCompilers: Display: Worker (11/13): shaders left to compile 43
[2020.01.22-23.32.20:472][809]LogShaderCompilers: Display: Worker (12/13): shaders left to compile 42
[2020.01.22-23.32.20:477][809]LogMaterial: Display: Missing cached shader map for material FMatExpressionPreview MaterialExpressionConstant4Vector_0, compiling. 
[2020.01.22-23.32.20:792][823]LogShaderCompilers: Display: Worker (1/13): shaders left to compile 45
[2020.01.22-23.32.20:834][825]LogShaderCompilers: Display: Worker (4/13): shaders left to compile 44
[2020.01.22-23.32.20:854][826]LogShaderCompilers: Display: Worker (3/13): shaders left to compile 43
[2020.01.22-23.32.20:854][826]LogShaderCompilers: Display: Worker (7/13): shaders left to compile 42
[2020.01.22-23.32.20:876][827]LogShaderCompilers: Display: Worker (11/13): shaders left to compile 41
[2020.01.22-23.32.20:932][830]LogShaderCompilers: Display: Worker (1/13): shaders left to compile 40
[2020.01.22-23.32.20:955][831]LogShaderCompilers: Display: Worker (5/13): shaders left to compile 39
[2020.01.22-23.32.20:955][831]LogShaderCompilers: Display: Worker (9/13): shaders left to compile 38
[2020.01.22-23.32.20:972][832]LogShaderCompilers: Display: Worker (8/13): shaders left to compile 37
[2020.01.22-23.32.20:973][832]LogShaderCompilers: Display: Worker (6/13): shaders left to compile 36
[2020.01.22-23.32.20:973][832]LogShaderCompilers: Display: Worker (12/13): shaders left to compile 35
[2020.01.22-23.32.21:003][834]LogShaderCompilers: Display: Worker (2/13): shaders left to compile 34
[2020.01.22-23.32.21:003][834]LogShaderCompilers: Display: Worker (10/13): shaders left to compile 33
[2020.01.22-23.32.21:108][840]LogShaderCompilers: Display: Worker (4/13): shaders left to compile 32
[2020.01.22-23.32.21:465][856]LogShaderCompilers: Display: Worker (1/13): shaders left to compile 31
[2020.01.22-23.32.21:504][858]LogShaderCompilers: Display: Worker (6/13): shaders left to compile 30
[2020.01.22-23.32.21:624][864]LogShaderCompilers: Display: Worker (4/13): shaders left to compile 29
[2020.01.22-23.32.21:923][879]LogShaderCompilers: Display: Worker (8/13): shaders left to compile 28
[2020.01.22-23.32.21:923][879]LogShaderCompilers: Display: Worker (11/13): shaders left to compile 27
[2020.01.22-23.32.21:985][882]LogShaderCompilers: Display: Worker (10/13): shaders left to compile 26
[2020.01.22-23.32.22:376][900]LogShaderCompilers: Display: Worker (8/13): shaders left to compile 25
[2020.01.22-23.32.22:505][906]LogShaderCompilers: Display: Worker (4/13): shaders left to compile 24
[2020.01.22-23.32.22:960][926]LogShaderCompilers: Display: Worker (4/13): shaders left to compile 23
[2020.01.22-23.32.23:297][941]LogShaderCompilers: Display: Worker (8/13): shaders left to compile 22
[2020.01.22-23.32.25:226][ 20]LogShaderCompilers: Display: Worker (3/13): shaders left to compile 21
[2020.01.22-23.32.25:301][ 23]LogShaderCompilers: Display: Worker (5/13): shaders left to compile 20
[2020.01.22-23.32.25:331][ 24]LogShaderCompilers: Display: Worker (12/13): shaders left to compile 19
[2020.01.22-23.32.25:446][ 29]LogShaderCompilers: Display: Worker (2/13): shaders left to compile 18
[2020.01.22-23.32.25:641][ 37]LogShaderCompilers: Display: Worker (9/13): shaders left to compile 17
[2020.01.22-23.32.25:686][ 39]LogShaderCompilers: Display: Worker (7/13): shaders left to compile 16
[2020.01.22-23.32.25:779][ 41]LogShaderCompilers: Display: Worker (5/13): shaders left to compile 15
[2020.01.22-23.32.25:803][ 42]LogShaderCompilers: Display: Worker (1/13): shaders left to compile 14
[2020.01.22-23.32.26:007][ 47]LogShaderCompilers: Display: Worker (6/13): shaders left to compile 13
[2020.01.22-23.32.26:094][ 51]LogShaderCompilers: Display: Worker (3/13): shaders left to compile 12
[2020.01.22-23.32.26:118][ 52]LogShaderCompilers: Display: Worker (7/13): shaders left to compile 11
[2020.01.22-23.32.26:354][ 62]LogShaderCompilers: Display: Worker (11/13): shaders left to compile 10
[2020.01.22-23.32.26:504][ 66]LogShaderCompilers: Display: Worker (9/13): shaders left to compile 9
[2020.01.22-23.32.26:525][ 67]LogShaderCompilers: Display: Worker (10/13): shaders left to compile 8
[2020.01.22-23.32.26:546][ 68]LogShaderCompilers: Display: Worker (3/13): shaders left to compile 7
[2020.01.22-23.32.26:883][ 80]LogShaderCompilers: Display: Worker (6/13): shaders left to compile 6
[2020.01.22-23.32.26:958][ 82]LogShaderCompilers: Display: Worker (10/13): shaders left to compile 5
[2020.01.22-23.32.27:046][ 83]LogShaderCompilers: Display: Worker (4/13): shaders left to compile 4
[2020.01.22-23.32.27:158][ 87]LogShaderCompilers: Display: Worker (3/13): shaders left to compile 3
[2020.01.22-23.32.27:242][ 91]LogShaderCompilers: Display: Worker (10/13): shaders left to compile 2
[2020.01.22-23.32.27:347][ 95]LogShaderCompilers: Display: Worker (8/13): shaders left to compile 1
[2020.01.22-23.32.29:044][180]LogMaterial: Display: Missing cached shader map for material FMatExpressionPreview MaterialExpressionConstant4Vector_0, compiling. 
[2020.01.22-23.32.29:050][180]LogShaderCompilers: Display: Worker (2/13): shaders left to compile 4
[2020.01.22-23.32.29:050][180]LogShaderCompilers: Display: Worker (3/13): shaders left to compile 3
[2020.01.22-23.32.29:050][180]LogShaderCompilers: Display: Worker (4/13): shaders left to compile 2
[2020.01.22-23.32.29:050][180]LogShaderCompilers: Display: Worker (5/13): shaders left to compile 1
[2020.01.22-23.32.29:055][180]LogMaterial: Display: Missing cached shader map for material Base_Colour, compiling. 
[2020.01.22-23.32.29:084][180]LogShaderCompilers: Display: Worker (1/13): shaders left to compile 53
[2020.01.22-23.32.29:084][180]LogShaderCompilers: Display: Worker (6/13): shaders left to compile 52
[2020.01.22-23.32.29:084][180]LogShaderCompilers: Display: Worker (7/13): shaders left to compile 51
[2020.01.22-23.32.29:084][180]LogShaderCompilers: Display: Worker (8/13): shaders left to compile 50
[2020.01.22-23.32.29:084][180]LogShaderCompilers: Display: Worker (9/13): shaders left to compile 49
[2020.01.22-23.32.29:084][180]LogShaderCompilers: Display: Worker (10/13): shaders left to compile 48
[2020.01.22-23.32.29:084][180]LogShaderCompilers: Display: Worker (12/13): shaders left to compile 47
[2020.01.22-23.32.29:085][180]LogSlate: FSceneViewport::OnFocusLost() reason 0
[2020.01.22-23.32.29:124][181]LogMaterial: Display: Missing cached shader map for material FMatExpressionPreview MaterialExpressionConstant4Vector_0, compiling. 
[2020.01.22-23.32.29:138][181]LogShaderCompilers: Display: Worker (11/13): shaders left to compile 4
[2020.01.22-23.32.29:138][181]LogMaterial: Display: Missing cached shader map for material Base_Colour, compiling. 
[2020.01.22-23.32.29:187][181]LogMaterial: Display: Missing cached shader map for material FMatExpressionPreview MaterialExpressionConstant4Vector_0, compiling. 
[2020.01.22-23.32.29:203][181]LogMaterial: Display: Missing cached shader map for material Base_Colour, compiling. 
[2020.01.22-23.32.29:237][181]LogShaderCompilers: Display: Worker (7/13): shaders left to compile 4
[2020.01.22-23.32.29:247][181]LogShaderCompilers: Display: Worker (1/13): shaders left to compile 56
[2020.01.22-23.32.29:252][181]LogMaterial: Display: Missing cached shader map for material FMatExpressionPreview MaterialExpressionConstant4Vector_0, compiling. 
[2020.01.22-23.32.29:261][181]LogShaderCompilers: Display: Worker (8/13): shaders left to compile 57
[2020.01.22-23.32.29:266][181]LogMaterial: Display: Missing cached shader map for material Base_Colour, compiling. 
[2020.01.22-23.32.29:300][181]LogShaderCompilers: Display: Worker (12/13): shaders left to compile 4
[2020.01.22-23.32.29:316][181]LogMaterial: Display: Missing cached shader map for material FMatExpressionPreview MaterialExpressionConstant4Vector_0, compiling. 
[2020.01.22-23.32.29:332][181]LogMaterial: Display: Missing cached shader map for material Base_Colour, compiling. 
[2020.01.22-23.32.29:394][182]LogShaderCompilers: Display: Worker (10/13): shaders left to compile 57
[2020.01.22-23.32.29:394][182]LogShaderCompilers: Display: Worker (9/13): shaders left to compile 56
[2020.01.22-23.32.29:394][182]LogShaderCompilers: Display: Worker (4/13): shaders left to compile 55
[2020.01.22-23.32.29:394][182]LogShaderCompilers: Display: Worker (5/13): shaders left to compile 54
[2020.01.22-23.32.29:427][183]LogShaderCompilers: Display: Worker (6/13): shaders left to compile 53
[2020.01.22-23.32.29:427][183]LogShaderCompilers: Display: Worker (8/13): shaders left to compile 52
[2020.01.22-23.32.29:444][184]LogShaderCompilers: Display: Worker (2/13): shaders left to compile 51
[2020.01.22-23.32.29:444][184]LogShaderCompilers: Display: Worker (3/13): shaders left to compile 50
[2020.01.22-23.32.29:531][189]LogShaderCompilers: Display: Worker (11/13): shaders left to compile 49
[2020.01.22-23.32.29:550][189]LogMaterial: Display: Missing cached shader map for material FMatExpressionPreview MaterialExpressionConstant4Vector_0, compiling. 
[2020.01.22-23.32.29:566][189]LogMaterial: Display: Missing cached shader map for material Base_Colour, compiling. 
[2020.01.22-23.32.29:601][189]LogShaderCompilers: Display: Worker (2/13): shaders left to compile 4
[2020.01.22-23.32.29:601][189]LogShaderCompilers: Display: Worker (6/13): shaders left to compile 3
[2020.01.22-23.32.29:601][189]LogShaderCompilers: Display: Worker (3/13): shaders left to compile 2
[2020.01.22-23.32.29:610][189]LogShaderCompilers: Display: Worker (7/13): shaders left to compile 54
[2020.01.22-23.32.29:615][189]LogMaterial: Display: Missing cached shader map for material FMatExpressionPreview MaterialExpressionConstant4Vector_0, compiling. 
[2020.01.22-23.32.29:630][189]LogMaterial: Display: Missing cached shader map for material Base_Colour, compiling. 
[2020.01.22-23.32.29:663][189]LogShaderCompilers: Display: Worker (1/13): shaders left to compile 4
[2020.01.22-23.32.29:699][190]LogShaderCompilers: Display: Worker (12/13): shaders left to compile 56
[2020.01.22-23.32.29:717][191]LogShaderCompilers: Display: Worker (4/13): shaders left to compile 55
[2020.01.22-23.32.29:734][192]LogShaderCompilers: Display: Worker (8/13): shaders left to compile 54
[2020.01.22-23.32.29:751][193]LogShaderCompilers: Display: Worker (5/13): shaders left to compile 53
[2020.01.22-23.32.29:768][194]LogShaderCompilers: Display: Worker (11/13): shaders left to compile 52
[2020.01.22-23.32.29:768][194]LogShaderCompilers: Display: Worker (10/13): shaders left to compile 51
[2020.01.22-23.32.29:785][195]LogShaderCompilers: Display: Worker (9/13): shaders left to compile 50
[2020.01.22-23.32.29:897][201]LogShaderCompilers: Display: Worker (7/13): shaders left to compile 49
[2020.01.22-23.32.29:910][201]LogMaterial: Display: Missing cached shader map for material FMatExpressionPreview MaterialExpressionConstant4Vector_0, compiling. 
[2020.01.22-23.32.29:919][201]LogShaderCompilers: Display: Worker (5/13): shaders left to compile 48
[2020.01.22-23.32.29:927][201]LogShaderCompilers: Display: Worker (3/13): shaders left to compile 4
[2020.01.22-23.32.29:927][201]LogMaterial: Display: Missing cached shader map for material Base_Colour, compiling. 
[2020.01.22-23.32.29:959][201]LogShaderCompilers: Display: Worker (10/13): shaders left to compile 3
[2020.01.22-23.32.29:959][201]LogShaderCompilers: Display: Worker (9/13): shaders left to compile 2
[2020.01.22-23.32.29:965][201]LogShaderCompilers: Display: Worker (2/13): shaders left to compile 1
[2020.01.22-23.32.29:965][201]LogMaterial: Display: Missing cached shader map for material Base_Colour, compiling. 
[2020.01.22-23.32.29:998][201]LogShaderCompilers: Display: Worker (6/13): shaders left to compile 53
[2020.01.22-23.32.30:009][201]LogMaterial: Display: Missing cached shader map for material FMatExpressionPreview MaterialExpressionConstant4Vector_0, compiling. 
[2020.01.22-23.32.30:030][201]LogShaderCompilers: Display: Worker (4/13): shaders left to compile 56
[2020.01.22-23.32.30:030][201]LogMaterial: Display: Missing cached shader map for material FMatExpressionPreview MaterialExpressionConstant4Vector_0, compiling. 
[2020.01.22-23.32.30:039][201]LogShaderCompilers: Display: Worker (11/13): shaders left to compile 51
[2020.01.22-23.32.30:045][201]LogMaterial: Display: Missing cached shader map for material Base_Colour, compiling. 
[2020.01.22-23.32.30:078][201]LogShaderCompilers: Display: Worker (8/13): shaders left to compile 4
[2020.01.22-23.32.30:117][202]LogShaderCompilers: Display: Worker (1/13): shaders left to compile 56
[2020.01.22-23.32.30:159][204]LogShaderCompilers: Display: Worker (7/13): shaders left to compile 55
[2020.01.22-23.32.30:159][204]LogShaderCompilers: Display: Worker (12/13): shaders left to compile 54
[2020.01.22-23.32.30:181][205]LogShaderCompilers: Display: Worker (5/13): shaders left to compile 53
[2020.01.22-23.32.30:181][205]LogShaderCompilers: Display: Worker (6/13): shaders left to compile 52
[2020.01.22-23.32.30:241][208]LogShaderCompilers: Display: Worker (11/13): shaders left to compile 51
[2020.01.22-23.32.30:284][210]LogShaderCompilers: Display: Worker (9/13): shaders left to compile 50
[2020.01.22-23.32.30:306][211]LogShaderCompilers: Display: Worker (2/13): shaders left to compile 49
[2020.01.22-23.32.30:352][213]LogShaderCompilers: Display: Worker (4/13): shaders left to compile 48
[2020.01.22-23.32.30:352][213]LogShaderCompilers: Display: Worker (3/13): shaders left to compile 47
[2020.01.22-23.32.30:352][213]LogShaderCompilers: Display: Worker (5/13): shaders left to compile 46
[2020.01.22-23.32.30:372][214]LogShaderCompilers: Display: Worker (10/13): shaders left to compile 45
[2020.01.22-23.32.30:436][217]LogShaderCompilers: Display: Worker (9/13): shaders left to compile 44
[2020.01.22-23.32.30:457][218]LogShaderCompilers: Display: Worker (11/13): shaders left to compile 43
[2020.01.22-23.32.30:495][220]LogShaderCompilers: Display: Worker (7/13): shaders left to compile 42
[2020.01.22-23.32.30:495][220]LogShaderCompilers: Display: Worker (8/13): shaders left to compile 41
[2020.01.22-23.32.30:514][221]LogShaderCompilers: Display: Worker (3/13): shaders left to compile 40
[2020.01.22-23.32.30:514][221]LogShaderCompilers: Display: Worker (6/13): shaders left to compile 39
[2020.01.22-23.32.30:534][222]LogShaderCompilers: Display: Worker (1/13): shaders left to compile 38
[2020.01.22-23.32.30:571][224]LogShaderCompilers: Display: Worker (10/13): shaders left to compile 37
[2020.01.22-23.32.30:589][225]LogShaderCompilers: Display: Worker (2/13): shaders left to compile 36
[2020.01.22-23.32.30:607][226]LogShaderCompilers: Display: Worker (4/13): shaders left to compile 35
[2020.01.22-23.32.30:607][226]LogShaderCompilers: Display: Worker (11/13): shaders left to compile 34
[2020.01.22-23.32.30:623][227]LogShaderCompilers: Display: Worker (8/13): shaders left to compile 33
[2020.01.22-23.32.30:640][228]LogShaderCompilers: Display: Worker (5/13): shaders left to compile 32
[2020.01.22-23.32.30:656][229]LogShaderCompilers: Display: Worker (12/13): shaders left to compile 31
[2020.01.22-23.32.30:689][230]LogShaderCompilers: Display: Worker (9/13): shaders left to compile 30
[2020.01.22-23.32.30:733][232]LogShaderCompilers: Display: Worker (7/13): shaders left to compile 29
[2020.01.22-23.32.30:755][233]LogShaderCompilers: Display: Worker (3/13): shaders left to compile 28
[2020.01.22-23.32.31:041][244]LogMaterial: Display: Missing cached shader map for material FMatExpressionPreview MaterialExpressionConstant4Vector_0, compiling. 
[2020.01.22-23.32.31:055][244]LogMaterial: Display: Missing cached shader map for material Base_Colour, compiling. 
[2020.01.22-23.32.31:084][244]LogShaderCompilers: Display: Worker (2/13): shaders left to compile 4
[2020.01.22-23.32.31:141][245]LogShaderCompilers: Display: Worker (5/13): shaders left to compile 53
[2020.01.22-23.32.31:141][245]LogMaterial: Display: Missing cached shader map for material FMatExpressionPreview MaterialExpressionConstant4Vector_0, compiling. 
[2020.01.22-23.32.31:154][245]LogMaterial: Display: Missing cached shader map for material Base_Colour, compiling. 
[2020.01.22-23.32.31:198][245]LogMaterial: Display: Missing cached shader map for material FMatExpressionPreview MaterialExpressionConstant4Vector_0, compiling. 
[2020.01.22-23.32.31:211][245]LogShaderCompilers: Display: Worker (3/13): shaders left to compile 4
[2020.01.22-23.32.31:211][245]LogMaterial: Display: Missing cached shader map for material Base_Colour, compiling. 
[2020.01.22-23.32.31:255][245]LogMaterial: Display: Missing cached shader map for material FMatExpressionPreview MaterialExpressionConstant4Vector_0, compiling. 
[2020.01.22-23.32.31:269][245]LogMaterial: Display: Missing cached shader map for material Base_Colour, compiling. 
[2020.01.22-23.32.31:301][245]LogShaderCompilers: Display: Worker (5/13): shaders left to compile 4
[2020.01.22-23.32.31:447][252]LogShaderCompilers: Display: Worker (10/13): shaders left to compile 56
[2020.01.22-23.32.31:487][254]LogShaderCompilers: Display: Worker (2/13): shaders left to compile 55
[2020.01.22-23.32.31:487][254]LogShaderCompilers: Display: Worker (8/13): shaders left to compile 54
[2020.01.22-23.32.31:576][258]LogMaterial: Display: Missing cached shader map for material FMatExpressionPreview MaterialExpressionConstant4Vector_0, compiling. 
[2020.01.22-23.32.31:591][258]LogMaterial: Display: Missing cached shader map for material Base_Colour, compiling. 
[2020.01.22-23.32.31:638][258]LogShaderCompilers: Display: Worker (3/13): shaders left to compile 57
[2020.01.22-23.32.31:638][258]LogMaterial: Display: Missing cached shader map for material FMatExpressionPreview MaterialExpressionConstant4Vector_0, compiling. 
[2020.01.22-23.32.31:655][258]LogShaderCompilers: Display: Worker (7/13): shaders left to compile 4
[2020.01.22-23.32.31:655][258]LogMaterial: Display: Missing cached shader map for material Base_Colour, compiling. 
[2020.01.22-23.32.31:704][258]LogMaterial: Display: Missing cached shader map for material FMatExpressionPreview MaterialExpressionConstant4Vector_0, compiling. 
[2020.01.22-23.32.31:718][258]LogMaterial: Display: Missing cached shader map for material Base_Colour, compiling. 
[2020.01.22-23.32.31:753][258]LogShaderCompilers: Display: Worker (5/13): shaders left to compile 4
[2020.01.22-23.32.31:771][258]LogMaterial: Display: Missing cached shader map for material FMatExpressionPreview MaterialExpressionConstant4Vector_0, compiling. 
[2020.01.22-23.32.31:785][258]LogMaterial: Display: Missing cached shader map for material Base_Colour, compiling. 
[2020.01.22-23.32.31:838][259]LogShaderCompilers: Display: Worker (8/13): shaders left to compile 57
[2020.01.22-23.32.31:842][259]LogShaderCompilers: Display: Worker (2/13): shaders left to compile 56
[2020.01.22-23.32.31:879][260]LogShaderCompilers: Display: Worker (10/13): shaders left to compile 55
[2020.01.22-23.32.32:070][269]LogShaderCompilers: Display: Worker (3/13): shaders left to compile 54
[2020.01.22-23.32.32:124][272]LogShaderCompilers: Display: Worker (7/13): shaders left to compile 53
[2020.01.22-23.32.32:163][274]LogShaderCompilers: Display: Worker (5/13): shaders left to compile 52
[2020.01.22-23.32.32:229][278]LogShaderCompilers: Display: Worker (10/13): shaders left to compile 51
[2020.01.22-23.32.32:268][280]LogShaderCompilers: Display: Worker (2/13): shaders left to compile 50
[2020.01.22-23.32.32:275][280]LogMaterial: Display: Missing cached shader map for material FMatExpressionPreview MaterialExpressionConstant4Vector_0, compiling. 
[2020.01.22-23.32.32:283][280]LogShaderCompilers: Display: Worker (8/13): shaders left to compile 49
[2020.01.22-23.32.32:289][280]LogMaterial: Display: Missing cached shader map for material Base_Colour, compiling. 
[2020.01.22-23.32.32:320][280]LogShaderCompilers: Display: Worker (7/13): shaders left to compile 4
[2020.01.22-23.32.32:324][280]LogMaterial: Display: Missing cached shader map for material Base_Colour, compiling. 
[2020.01.22-23.32.32:373][280]LogShaderCompilers: Display: Worker (10/13): shaders left to compile 53
[2020.01.22-23.32.32:373][280]LogMaterial: Display: Missing cached shader map for material FMatExpressionPreview MaterialExpressionConstant4Vector_0, compiling. 
[2020.01.22-23.32.32:392][280]LogShaderCompilers: Display: Worker (3/13): shaders left to compile 56
[2020.01.22-23.32.32:397][280]LogMaterial: Display: Missing cached shader map for material FMatExpressionPreview MaterialExpressionConstant4Vector_0, compiling. 
[2020.01.22-23.32.32:409][280]LogMaterial: Display: Missing cached shader map for material Base_Colour, compiling. 
[2020.01.22-23.32.32:441][280]LogShaderCompilers: Display: Worker (2/13): shaders left to compile 4
[2020.01.22-23.32.32:460][280]LogShaderCompilers: Display: Worker (5/13): shaders left to compile 56
[2020.01.22-23.32.32:530][283]LogShaderCompilers: Display: Worker (10/13): shaders left to compile 55
[2020.01.22-23.32.32:551][284]LogShaderCompilers: Display: Worker (8/13): shaders left to compile 54
[2020.01.22-23.32.32:712][291]LogShaderCompilers: Display: Worker (3/13): shaders left to compile 53
[2020.01.22-23.32.32:733][292]LogShaderCompilers: Display: Worker (7/13): shaders left to compile 52
[2020.01.22-23.32.32:876][299]LogShaderCompilers: Display: Worker (3/13): shaders left to compile 51
[2020.01.22-23.32.32:877][299]LogShaderCompilers: Display: Worker (2/13): shaders left to compile 50
[2020.01.22-23.32.32:897][300]LogShaderCompilers: Display: Worker (10/13): shaders left to compile 49
[2020.01.22-23.32.32:917][301]LogShaderCompilers: Display: Worker (8/13): shaders left to compile 48
[2020.01.22-23.32.32:917][301]LogShaderCompilers: Display: Worker (5/13): shaders left to compile 47
[2020.01.22-23.32.33:035][306]LogShaderCompilers: Display: Worker (3/13): shaders left to compile 46
[2020.01.22-23.32.33:035][306]LogShaderCompilers: Display: Worker (7/13): shaders left to compile 45
[2020.01.22-23.32.33:058][307]LogShaderCompilers: Display: Worker (2/13): shaders left to compile 44
[2020.01.22-23.32.33:078][308]LogShaderCompilers: Display: Worker (5/13): shaders left to compile 43
[2020.01.22-23.32.33:172][313]LogShaderCompilers: Display: Worker (10/13): shaders left to compile 42
[2020.01.22-23.32.33:192][314]LogShaderCompilers: Display: Worker (8/13): shaders left to compile 41
[2020.01.22-23.32.33:212][315]LogShaderCompilers: Display: Worker (5/13): shaders left to compile 40
[2020.01.22-23.32.33:230][316]LogShaderCompilers: Display: Worker (7/13): shaders left to compile 39
[2020.01.22-23.32.33:311][320]LogShaderCompilers: Display: Worker (2/13): shaders left to compile 38
[2020.01.22-23.32.33:330][321]LogShaderCompilers: Display: Worker (8/13): shaders left to compile 37
[2020.01.22-23.32.33:368][323]LogShaderCompilers: Display: Worker (3/13): shaders left to compile 36
[2020.01.22-23.32.33:461][328]LogShaderCompilers: Display: Worker (5/13): shaders left to compile 35
[2020.01.22-23.32.33:461][328]LogShaderCompilers: Display: Worker (10/13): shaders left to compile 34
[2020.01.22-23.32.33:744][341]LogMaterial: Display: Missing cached shader map for material FMatExpressionPreview MaterialExpressionConstant4Vector_0, compiling. 
[2020.01.22-23.32.33:761][341]LogMaterial: Display: Missing cached shader map for material Base_Colour, compiling. 
[2020.01.22-23.32.33:803][341]LogMaterial: Display: Missing cached shader map for material FMatExpressionPreview MaterialExpressionConstant4Vector_0, compiling. 
[2020.01.22-23.32.33:816][341]LogMaterial: Display: Missing cached shader map for material Base_Colour, compiling. 
[2020.01.22-23.32.33:848][341]LogSlate: Window 'Color Picker' being destroyed
[2020.01.22-23.32.34:056][350]LogShaderCompilers: Display: Worker (3/13): shaders left to compile 57
[2020.01.22-23.32.34:435][369]LogShaderCompilers: Display: Worker (6/13): shaders left to compile 56
[2020.01.22-23.32.34:484][371]LogShaderCompilers: Display: Worker (12/13): shaders left to compile 55
[2020.01.22-23.32.34:568][374]LogShaderCompilers: Display: Worker (8/13): shaders left to compile 54
[2020.01.22-23.32.34:675][379]LogShaderCompilers: Display: Worker (4/13): shaders left to compile 53
[2020.01.22-23.32.34:675][379]LogShaderCompilers: Display: Worker (3/13): shaders left to compile 52
[2020.01.22-23.32.34:807][385]LogShaderCompilers: Display: Worker (9/13): shaders left to compile 51
[2020.01.22-23.32.34:826][386]LogShaderCompilers: Display: Worker (12/13): shaders left to compile 50
[2020.01.22-23.32.34:884][389]LogShaderCompilers: Display: Worker (4/13): shaders left to compile 49
[2020.01.22-23.32.34:903][390]LogShaderCompilers: Display: Worker (6/13): shaders left to compile 48
[2020.01.22-23.32.34:922][391]LogShaderCompilers: Display: Worker (11/13): shaders left to compile 47
[2020.01.22-23.32.34:960][393]LogShaderCompilers: Display: Worker (9/13): shaders left to compile 46
[2020.01.22-23.32.34:995][395]LogShaderCompilers: Display: Worker (12/13): shaders left to compile 45
[2020.01.22-23.32.35:014][396]LogShaderCompilers: Display: Worker (8/13): shaders left to compile 44
[2020.01.22-23.32.35:048][397]LogShaderCompilers: Display: Worker (3/13): shaders left to compile 43
[2020.01.22-23.32.35:077][398]LogShaderCompilers: Display: Worker (11/13): shaders left to compile 42
[2020.01.22-23.32.35:184][403]LogShaderCompilers: Display: Worker (6/13): shaders left to compile 41
[2020.01.22-23.32.35:205][404]LogShaderCompilers: Display: Worker (12/13): shaders left to compile 40
[2020.01.22-23.32.35:205][404]LogShaderCompilers: Display: Worker (4/13): shaders left to compile 39
[2020.01.22-23.32.35:232][405]LogShaderCompilers: Display: Worker (9/13): shaders left to compile 38
[2020.01.22-23.32.35:252][406]LogShaderCompilers: Display: Worker (3/13): shaders left to compile 37
[2020.01.22-23.32.35:317][409]LogShaderCompilers: Display: Worker (8/13): shaders left to compile 36
[2020.01.22-23.32.35:336][410]LogShaderCompilers: Display: Worker (6/13): shaders left to compile 35
[2020.01.22-23.32.35:337][410]LogShaderCompilers: Display: Worker (11/13): shaders left to compile 34
[2020.01.22-23.32.35:405][414]LogShaderCompilers: Display: Worker (1/13): shaders left to compile 33
[2020.01.22-23.32.35:450][416]LogShaderCompilers: Display: Worker (12/13): shaders left to compile 32
[2020.01.22-23.32.35:940][435]LogShaderCompilers: Display: Worker (12/13): shaders left to compile 31
[2020.01.22-23.32.36:048][441]LogShaderCompilers: Display: Worker (8/13): shaders left to compile 30
[2020.01.22-23.32.36:327][452]LogShaderCompilers: Display: Worker (1/13): shaders left to compile 29
[2020.01.22-23.32.36:358][454]LogShaderCompilers: Display: Worker (3/13): shaders left to compile 28
[2020.01.22-23.32.36:721][469]LogMaterialEditor: Applying material Base_Colour
[2020.01.22-23.32.37:232][469]LogShaderCompilers: Display: Worker (3/13): shaders left to compile 27
[2020.01.22-23.32.37:232][469]LogShaderCompilers: Display: Worker (7/13): shaders left to compile 26
[2020.01.22-23.32.37:232][469]LogShaderCompilers: Display: Worker (1/13): shaders left to compile 25
[2020.01.22-23.32.37:268][469]LogMaterial: Display: Missing cached shader map for material Base_Colour, compiling. 
[2020.01.22-23.32.37:418][469]LogShaderCompilers: Display: Worker (5/13): shaders left to compile 53
[2020.01.22-23.32.37:427][469]LogMaterial: Display: Missing cached shader map for material Base_Colour, compiling. 
[2020.01.22-23.32.37:469][469]LogMaterial: Display: Missing cached shader map for material Base_Colour, compiling. 
[2020.01.22-23.32.37:540][469]LogUObjectHash: Compacting FUObjectHashTables data took   2.82ms
[2020.01.22-23.32.37:549][469]LogMaterial: Display: Missing cached shader map for material DebugViewMode MaterialTexCoordScale, compiling. 
[2020.01.22-23.32.45:494][469]LogShaderCompilers: Display: Worker (5/13): shaders left to compile 108
[2020.01.22-23.32.45:494][469]LogShaderCompilers: Display: Worker (2/13): shaders left to compile 107
[2020.01.22-23.32.45:494][469]LogShaderCompilers: Display: Worker (2/13): shaders left to compile 106
[2020.01.22-23.32.45:494][469]LogShaderCompilers: Display: Worker (5/13): shaders left to compile 105
[2020.01.22-23.32.45:494][469]LogShaderCompilers: Display: Worker (2/13): shaders left to compile 104
[2020.01.22-23.32.45:494][469]LogShaderCompilers: Display: Worker (10/13): shaders left to compile 103
[2020.01.22-23.32.45:494][469]LogShaderCompilers: Display: Worker (10/13): shaders left to compile 102
[2020.01.22-23.32.45:494][469]LogShaderCompilers: Display: Worker (1/13): shaders left to compile 101
[2020.01.22-23.32.45:494][469]LogShaderCompilers: Display: Worker (2/13): shaders left to compile 100
[2020.01.22-23.32.45:494][469]LogShaderCompilers: Display: Worker (5/13): shaders left to compile 99
[2020.01.22-23.32.45:494][469]LogShaderCompilers: Display: Worker (5/13): shaders left to compile 98
[2020.01.22-23.32.45:494][469]LogShaderCompilers: Display: Worker (10/13): shaders left to compile 97
[2020.01.22-23.32.45:494][469]LogShaderCompilers: Display: Worker (2/13): shaders left to compile 96
[2020.01.22-23.32.45:494][469]LogShaderCompilers: Display: Worker (1/13): shaders left to compile 95
[2020.01.22-23.32.45:494][469]LogShaderCompilers: Display: Worker (10/13): shaders left to compile 94
[2020.01.22-23.32.45:494][469]LogShaderCompilers: Display: Worker (5/13): shaders left to compile 93
[2020.01.22-23.32.45:494][469]LogShaderCompilers: Display: Worker (2/13): shaders left to compile 92
[2020.01.22-23.32.45:494][469]LogShaderCompilers: Display: Worker (2/13): shaders left to compile 91
[2020.01.22-23.32.45:494][469]LogShaderCompilers: Display: Worker (6/13): shaders left to compile 90
[2020.01.22-23.32.45:494][469]LogShaderCompilers: Display: Worker (4/13): shaders left to compile 89
[2020.01.22-23.32.45:494][469]LogShaderCompilers: Display: Worker (5/13): shaders left to compile 88
[2020.01.22-23.32.45:494][469]LogShaderCompilers: Display: Worker (11/13): shaders left to compile 87
[2020.01.22-23.32.45:494][469]LogShaderCompilers: Display: Worker (9/13): shaders left to compile 86
[2020.01.22-23.32.45:494][469]LogShaderCompilers: Display: Worker (5/13): shaders left to compile 85
[2020.01.22-23.32.45:494][469]LogShaderCompilers: Display: Worker (12/13): shaders left to compile 84
[2020.01.22-23.32.45:494][469]LogShaderCompilers: Display: Worker (4/13): shaders left to compile 83
[2020.01.22-23.32.45:494][469]LogShaderCompilers: Display: Worker (8/13): shaders left to compile 82
[2020.01.22-23.32.45:494][469]LogShaderCompilers: Display: Worker (12/13): shaders left to compile 81
[2020.01.22-23.32.45:494][469]LogShaderCompilers: Display: Worker (3/13): shaders left to compile 80
[2020.01.22-23.32.45:494][469]LogShaderCompilers: Display: Worker (5/13): shaders left to compile 79
[2020.01.22-23.32.45:494][469]LogShaderCompilers: Display: Worker (3/13): shaders left to compile 78
[2020.01.22-23.32.45:494][469]LogShaderCompilers: Display: Worker (12/13): shaders left to compile 77
[2020.01.22-23.32.45:494][469]LogShaderCompilers: Display: Worker (7/13): shaders left to compile 76
[2020.01.22-23.32.45:494][469]LogShaderCompilers: Display: Worker (7/13): shaders left to compile 75
[2020.01.22-23.32.45:494][469]LogShaderCompilers: Display: Worker (12/13): shaders left to compile 74
[2020.01.22-23.32.45:494][469]LogShaderCompilers: Display: Worker (10/13): shaders left to compile 73
[2020.01.22-23.32.45:494][469]LogShaderCompilers: Display: Worker (2/13): shaders left to compile 72
[2020.01.22-23.32.45:494][469]LogShaderCompilers: Display: Worker (1/13): shaders left to compile 71
[2020.01.22-23.32.45:494][469]LogShaderCompilers: Display: Worker (11/13): shaders left to compile 70
[2020.01.22-23.32.45:494][469]LogShaderCompilers: Display: Worker (2/13): shaders left to compile 69
[2020.01.22-23.32.45:494][469]LogShaderCompilers: Display: Worker (6/13): shaders left to compile 68
[2020.01.22-23.32.45:494][469]LogShaderCompilers: Display: Worker (10/13): shaders left to compile 67
[2020.01.22-23.32.45:494][469]LogShaderCompilers: Display: Worker (9/13): shaders left to compile 66
[2020.01.22-23.32.45:494][469]LogShaderCompilers: Display: Worker (6/13): shaders left to compile 65
[2020.01.22-23.32.45:494][469]LogShaderCompilers: Display: Worker (2/13): shaders left to compile 64
[2020.01.22-23.32.45:494][469]LogShaderCompilers: Display: Worker (4/13): shaders left to compile 63
[2020.01.22-23.32.45:494][469]LogShaderCompilers: Display: Worker (8/13): shaders left to compile 62
[2020.01.22-23.32.45:494][469]LogShaderCompilers: Display: Worker (2/13): shaders left to compile 61
[2020.01.22-23.32.45:495][469]LogShaderCompilers: Display: Worker (5/13): shaders left to compile 60
[2020.01.22-23.32.45:495][469]LogShaderCompilers: Display: Worker (6/13): shaders left to compile 59
[2020.01.22-23.32.45:495][469]LogShaderCompilers: Display: Worker (5/13): shaders left to compile 58
[2020.01.22-23.32.45:495][469]LogShaderCompilers: Display: Worker (3/13): shaders left to compile 57
[2020.01.22-23.32.45:495][469]LogShaderCompilers: Display: Worker (2/13): shaders left to compile 56
[2020.01.22-23.32.45:495][469]LogShaderCompilers: Display: Worker (6/13): shaders left to compile 55
[2020.01.22-23.32.45:495][469]LogShaderCompilers: Display: Worker (2/13): shaders left to compile 54
[2020.01.22-23.32.45:495][469]LogShaderCompilers: Display: Worker (3/13): shaders left to compile 49
[2020.01.22-23.32.45:495][469]LogShaderCompilers: Display: Worker (6/13): shaders left to compile 44
[2020.01.22-23.32.45:495][469]LogShaderCompilers: Display: Worker (5/13): shaders left to compile 40
[2020.01.22-23.32.45:497][469]TextureStreamingBuild: Display: Compiling optional shaders took 7.956 seconds.
[2020.01.22-23.32.45:534][469]LogUObjectHash: Compacting FUObjectHashTables data took   1.04ms
[2020.01.22-23.32.45:987][488]LogShaderCompilers: Display: Worker (7/13): shaders left to compile 36
[2020.01.22-23.32.46:094][494]LogShaderCompilers: Display: Worker (12/13): shaders left to compile 32
[2020.01.22-23.32.46:237][502]LogShaderCompilers: Display: Worker (6/13): shaders left to compile 29
[2020.01.22-23.32.46:255][503]LogShaderCompilers: Display: Worker (2/13): shaders left to compile 26
[2020.01.22-23.32.46:374][509]LogShaderCompilers: Display: Worker (3/13): shaders left to compile 23
[2020.01.22-23.32.47:344][558]LogShaderCompilers: Display: Worker (11/13): shaders left to compile 21
[2020.01.22-23.32.47:447][563]LogShaderCompilers: Display: Worker (10/13): shaders left to compile 19
[2020.01.22-23.32.47:681][575]LogShaderCompilers: Display: Worker (9/13): shaders left to compile 17
[2020.01.22-23.32.47:795][581]LogShaderCompilers: Display: Worker (4/13): shaders left to compile 15
[2020.01.22-23.32.47:929][588]LogShaderCompilers: Display: Worker (1/13): shaders left to compile 13
[2020.01.22-23.32.48:063][595]LogShaderCompilers: Display: Worker (8/13): shaders left to compile 11
[2020.01.22-23.32.51:513][769]LogShaderCompilers: Display: Worker (3/13): shaders left to compile 10
[2020.01.22-23.32.51:667][777]LogShaderCompilers: Display: Worker (11/13): shaders left to compile 9
[2020.01.22-23.32.52:041][792]LogShaderCompilers: Display: Worker (2/13): shaders left to compile 8
[2020.01.22-23.32.52:086][793]LogShaderCompilers: Display: Worker (11/13): shaders left to compile 7
[2020.01.22-23.32.52:225][797]LogShaderCompilers: Display: Worker (10/13): shaders left to compile 6
[2020.01.22-23.32.52:373][802]LogShaderCompilers: Display: Worker (3/13): shaders left to compile 5
[2020.01.22-23.32.52:394][803]LogShaderCompilers: Display: Worker (9/13): shaders left to compile 4
[2020.01.22-23.32.52:486][808]LogShaderCompilers: Display: Worker (8/13): shaders left to compile 3
[2020.01.22-23.32.52:796][818]LogShaderCompilers: Display: Worker (3/13): shaders left to compile 2
[2020.01.22-23.32.52:981][828]LogShaderCompilers: Display: Worker (9/13): shaders left to compile 1
[2020.01.22-23.32.55:395][978]Cmd: SELECT NONE
[2020.01.22-23.32.55:395][978]MaterialEditorStats: Base pass shader: 311 instructions
[2020.01.22-23.32.55:395][978]MaterialEditorStats: Base pass shader with Surface Lightmap: 346 instructions
[2020.01.22-23.32.55:395][978]MaterialEditorStats: Base pass shader with Volumetric Lightmap: 391 instructions
[2020.01.22-23.32.55:396][978]MaterialEditorStats: Base pass vertex shader: 137 instructions
[2020.01.22-23.32.55:396][978]MaterialEditorStats: Texture samplers: 4/16
[2020.01.22-23.32.58:890][207]LogSlate: FSceneViewport::OnFocusLost() reason 0
[2020.01.22-23.33.01:166][453]LogMaterial: Display: Missing cached shader map for material FMatExpressionPreview MaterialExpressionConstant4Vector_0, compiling. 
[2020.01.22-23.33.01:175][453]LogShaderCompilers: Display: Worker (1/13): shaders left to compile 4
[2020.01.22-23.33.01:175][453]LogShaderCompilers: Display: Worker (2/13): shaders left to compile 3
[2020.01.22-23.33.01:175][453]LogShaderCompilers: Display: Worker (3/13): shaders left to compile 2
[2020.01.22-23.33.01:175][453]LogShaderCompilers: Display: Worker (4/13): shaders left to compile 1
[2020.01.22-23.33.01:175][453]LogMaterial: Display: Missing cached shader map for material Base_Colour, compiling. 
[2020.01.22-23.33.01:199][453]LogShaderCompilers: Display: Worker (5/13): shaders left to compile 53
[2020.01.22-23.33.01:200][453]LogShaderCompilers: Display: Worker (6/13): shaders left to compile 52
[2020.01.22-23.33.01:200][453]LogShaderCompilers: Display: Worker (7/13): shaders left to compile 51
[2020.01.22-23.33.01:200][453]LogShaderCompilers: Display: Worker (8/13): shaders left to compile 50
[2020.01.22-23.33.01:200][453]LogShaderCompilers: Display: Worker (9/13): shaders left to compile 49
[2020.01.22-23.33.01:200][453]LogShaderCompilers: Display: Worker (10/13): shaders left to compile 48
[2020.01.22-23.33.01:201][453]LogShaderCompilers: Display: Worker (11/13): shaders left to compile 47
[2020.01.22-23.33.01:201][453]LogShaderCompilers: Display: Worker (12/13): shaders left to compile 46
[2020.01.22-23.33.01:282][458]LogMaterial: Display: Missing cached shader map for material FMatExpressionPreview MaterialExpressionConstant4Vector_0, compiling. 
[2020.01.22-23.33.01:297][458]LogMaterial: Display: Missing cached shader map for material Base_Colour, compiling. 
[2020.01.22-23.33.01:336][458]LogShaderCompilers: Display: Worker (5/13): shaders left to compile 57
[2020.01.22-23.33.01:346][458]LogMaterial: Display: Missing cached shader map for material FMatExpressionPreview MaterialExpressionConstant4Vector_0, compiling. 
[2020.01.22-23.33.01:362][458]LogShaderCompilers: Display: Worker (7/13): shaders left to compile 4
[2020.01.22-23.33.01:362][458]LogMaterial: Display: Missing cached shader map for material Base_Colour, compiling. 
[2020.01.22-23.33.01:395][458]LogShaderCompilers: Display: Worker (8/13): shaders left to compile 3
[2020.01.22-23.33.01:401][458]LogShaderCompilers: Display: Worker (11/13): shaders left to compile 55
[2020.01.22-23.33.01:405][458]LogMaterial: Display: Missing cached shader map for material FMatExpressionPreview MaterialExpressionConstant4Vector_0, compiling. 
[2020.01.22-23.33.01:419][458]LogMaterial: Display: Missing cached shader map for material Base_Colour, compiling. 
[2020.01.22-23.33.01:458][458]LogMaterial: Display: Missing cached shader map for material Base_Colour, compiling. 
[2020.01.22-23.33.01:495][458]LogShaderCompilers: Display: Worker (9/13): shaders left to compile 4
[2020.01.22-23.33.01:500][458]LogShaderCompilers: Display: Worker (3/13): shaders left to compile 56
[2020.01.22-23.33.01:504][458]LogMaterial: Display: Missing cached shader map for material FMatExpressionPreview MaterialExpressionConstant4Vector_0, compiling. 
[2020.01.22-23.33.01:513][458]LogShaderCompilers: Display: Worker (6/13): shaders left to compile 53
[2020.01.22-23.33.01:513][458]LogShaderCompilers: Display: Worker (10/13): shaders left to compile 52
[2020.01.22-23.33.01:513][458]LogShaderCompilers: Display: Worker (12/13): shaders left to compile 51
[2020.01.22-23.33.01:527][458]LogMaterial: Display: Missing cached shader map for material FMatExpressionPreview MaterialExpressionConstant4Vector_0, compiling. 
[2020.01.22-23.33.01:536][458]LogShaderCompilers: Display: Worker (4/13): shaders left to compile 54
[2020.01.22-23.33.01:540][458]LogMaterial: Display: Missing cached shader map for material Base_Colour, compiling. 
[2020.01.22-23.33.01:577][458]LogShaderCompilers: Display: Worker (2/13): shaders left to compile 4
[2020.01.22-23.33.01:577][458]LogShaderCompilers: Display: Worker (1/13): shaders left to compile 3
[2020.01.22-23.33.01:590][458]LogMaterial: Display: Missing cached shader map for material FMatExpressionPreview MaterialExpressionConstant4Vector_0, compiling. 
[2020.01.22-23.33.01:604][458]LogMaterial: Display: Missing cached shader map for material Base_Colour, compiling. 
[2020.01.22-23.33.01:647][458]LogMaterial: Display: Missing cached shader map for material FMatExpressionPreview MaterialExpressionConstant4Vector_0, compiling. 
[2020.01.22-23.33.01:657][458]LogShaderCompilers: Display: Worker (6/13): shaders left to compile 53
[2020.01.22-23.33.01:663][458]LogMaterial: Display: Missing cached shader map for material Base_Colour, compiling. 
[2020.01.22-23.33.01:698][458]LogShaderCompilers: Display: Worker (12/13): shaders left to compile 4
[2020.01.22-23.33.01:698][458]LogShaderCompilers: Display: Worker (4/13): shaders left to compile 3
[2020.01.22-23.33.01:704][458]LogMaterial: Display: Missing cached shader map for material Base_Colour, compiling. 
[2020.01.22-23.33.01:740][458]LogShaderCompilers: Display: Worker (11/13): shaders left to compile 2
[2020.01.22-23.33.01:744][458]LogShaderCompilers: Display: Worker (5/13): shaders left to compile 54
[2020.01.22-23.33.01:749][458]LogMaterial: Display: Missing cached shader map for material FMatExpressionPreview MaterialExpressionConstant4Vector_0, compiling. 
[2020.01.22-23.33.01:757][458]LogShaderCompilers: Display: Worker (7/13): shaders left to compile 53
[2020.01.22-23.33.01:772][458]LogMaterial: Display: Missing cached shader map for material FMatExpressionPreview MaterialExpressionConstant4Vector_0, compiling. 
[2020.01.22-23.33.01:786][458]LogMaterial: Display: Missing cached shader map for material Base_Colour, compiling. 
[2020.01.22-23.33.01:820][458]LogShaderCompilers: Display: Worker (8/13): shaders left to compile 4
[2020.01.22-23.33.01:820][458]LogShaderCompilers: Display: Worker (10/13): shaders left to compile 3
[2020.01.22-23.33.01:820][458]LogShaderCompilers: Display: Worker (6/13): shaders left to compile 2
[2020.01.22-23.33.01:887][461]LogShaderCompilers: Display: Worker (9/13): shaders left to compile 54
[2020.01.22-23.33.01:903][462]LogShaderCompilers: Display: Worker (3/13): shaders left to compile 53
[2020.01.22-23.33.01:920][463]LogShaderCompilers: Display: Worker (7/13): shaders left to compile 52
[2020.01.22-23.33.01:965][466]LogShaderCompilers: Display: Worker (2/13): shaders left to compile 51
[2020.01.22-23.33.01:982][467]LogShaderCompilers: Display: Worker (1/13): shaders left to compile 50
[2020.01.22-23.33.02:068][472]LogShaderCompilers: Display: Worker (11/13): shaders left to compile 49
[2020.01.22-23.33.02:085][473]LogShaderCompilers: Display: Worker (5/13): shaders left to compile 48
[2020.01.22-23.33.02:085][473]LogShaderCompilers: Display: Worker (3/13): shaders left to compile 47
[2020.01.22-23.33.02:132][476]LogShaderCompilers: Display: Worker (2/13): shaders left to compile 46
[2020.01.22-23.33.02:147][477]LogShaderCompilers: Display: Worker (4/13): shaders left to compile 45
[2020.01.22-23.33.02:147][477]LogShaderCompilers: Display: Worker (12/13): shaders left to compile 44
[2020.01.22-23.33.02:162][478]LogShaderCompilers: Display: Worker (1/13): shaders left to compile 43
[2020.01.22-23.33.02:192][480]LogShaderCompilers: Display: Worker (6/13): shaders left to compile 42
[2020.01.22-23.33.02:222][482]LogShaderCompilers: Display: Worker (8/13): shaders left to compile 41
[2020.01.22-23.33.02:236][483]LogShaderCompilers: Display: Worker (3/13): shaders left to compile 40
[2020.01.22-23.33.02:236][483]LogShaderCompilers: Display: Worker (7/13): shaders left to compile 39
[2020.01.22-23.33.02:252][484]LogShaderCompilers: Display: Worker (9/13): shaders left to compile 38
[2020.01.22-23.33.02:267][485]LogShaderCompilers: Display: Worker (10/13): shaders left to compile 37
[2020.01.22-23.33.02:319][487]LogShaderCompilers: Display: Worker (1/13): shaders left to compile 36
[2020.01.22-23.33.02:335][488]LogShaderCompilers: Display: Worker (11/13): shaders left to compile 35
[2020.01.22-23.33.02:349][489]LogShaderCompilers: Display: Worker (4/13): shaders left to compile 34
[2020.01.22-23.33.02:349][489]LogShaderCompilers: Display: Worker (5/13): shaders left to compile 33
[2020.01.22-23.33.02:350][489]LogShaderCompilers: Display: Worker (8/13): shaders left to compile 32
[2020.01.22-23.33.02:361][489]LogMaterial: Display: Missing cached shader map for material FMatExpressionPreview MaterialExpressionConstant4Vector_0, compiling. 
[2020.01.22-23.33.02:374][489]LogShaderCompilers: Display: Worker (2/13): shaders left to compile 4
[2020.01.22-23.33.02:374][489]LogMaterial: Display: Missing cached shader map for material Base_Colour, compiling. 
[2020.01.22-23.33.02:408][489]LogShaderCompilers: Display: Worker (12/13): shaders left to compile 3
[2020.01.22-23.33.02:431][490]LogShaderCompilers: Display: Worker (6/13): shaders left to compile 55
[2020.01.22-23.33.02:440][490]LogMaterial: Display: Missing cached shader map for material FMatExpressionPreview MaterialExpressionConstant4Vector_0, compiling. 
[2020.01.22-23.33.02:455][490]LogShaderCompilers: Display: Worker (3/13): shaders left to compile 4
[2020.01.22-23.33.02:455][490]LogMaterial: Display: Missing cached shader map for material Base_Colour, compiling. 
[2020.01.22-23.33.02:497][490]LogMaterial: Display: Missing cached shader map for material Base_Colour, compiling. 
[2020.01.22-23.33.02:546][490]LogMaterial: Display: Missing cached shader map for material FMatExpressionPreview MaterialExpressionConstant4Vector_0, compiling. 
[2020.01.22-23.33.02:573][490]LogMaterial: Display: Missing cached shader map for material FMatExpressionPreview MaterialExpressionConstant4Vector_0, compiling. 
[2020.01.22-23.33.02:588][490]LogMaterial: Display: Missing cached shader map for material Base_Colour, compiling. 
[2020.01.22-23.33.02:827][500]LogShaderCompilers: Display: Worker (6/13): shaders left to compile 57
[2020.01.22-23.33.02:843][501]LogShaderCompilers: Display: Worker (2/13): shaders left to compile 56
[2020.01.22-23.33.02:861][502]LogShaderCompilers: Display: Worker (1/13): shaders left to compile 55
[2020.01.22-23.33.02:861][502]LogShaderCompilers: Display: Worker (8/13): shaders left to compile 54
[2020.01.22-23.33.02:876][503]LogShaderCompilers: Display: Worker (12/13): shaders left to compile 53
[2020.01.22-23.33.02:937][507]LogShaderCompilers: Display: Worker (3/13): shaders left to compile 52
[2020.01.22-23.33.03:038][513]LogShaderCompilers: Display: Worker (12/13): shaders left to compile 51
[2020.01.22-23.33.03:221][524]LogShaderCompilers: Display: Worker (12/13): shaders left to compile 50
[2020.01.22-23.33.03:229][524]LogShaderCompilers: Display: Worker (8/13): shaders left to compile 49
[2020.01.22-23.33.03:229][524]LogMaterial: Display: Missing cached shader map for material FMatExpressionPreview MaterialExpressionConstant4Vector_0, compiling. 
[2020.01.22-23.33.03:239][524]LogShaderCompilers: Display: Worker (1/13): shaders left to compile 52
[2020.01.22-23.33.03:244][524]LogMaterial: Display: Missing cached shader map for material Base_Colour, compiling. 
[2020.01.22-23.33.03:278][524]LogShaderCompilers: Display: Worker (3/13): shaders left to compile 4
[2020.01.22-23.33.03:278][524]LogShaderCompilers: Display: Worker (10/13): shaders left to compile 3
[2020.01.22-23.33.03:279][524]LogShaderCompilers: Display: Worker (5/13): shaders left to compile 2
[2020.01.22-23.33.03:283][524]LogShaderCompilers: Display: Worker (6/13): shaders left to compile 54
[2020.01.22-23.33.03:287][524]LogMaterial: Display: Missing cached shader map for material FMatExpressionPreview MaterialExpressionConstant4Vector_0, compiling. 
[2020.01.22-23.33.03:296][524]LogShaderCompilers: Display: Worker (2/13): shaders left to compile 53
[2020.01.22-23.33.03:301][524]LogMaterial: Display: Missing cached shader map for material Base_Colour, compiling. 
[2020.01.22-23.33.03:338][524]LogSlate: Window 'Color Picker' being destroyed
[2020.01.22-23.33.03:390][526]LogShaderCompilers: Display: Worker (12/13): shaders left to compile 57
[2020.01.22-23.33.03:501][533]LogShaderCompilers: Display: Worker (2/13): shaders left to compile 56
[2020.01.22-23.33.03:534][535]LogShaderCompilers: Display: Worker (8/13): shaders left to compile 55
[2020.01.22-23.33.03:534][535]LogShaderCompilers: Display: Worker (1/13): shaders left to compile 54
[2020.01.22-23.33.03:669][543]LogShaderCompilers: Display: Worker (5/13): shaders left to compile 53
[2020.01.22-23.33.03:736][547]LogShaderCompilers: Display: Worker (6/13): shaders left to compile 52
[2020.01.22-23.33.03:774][549]LogShaderCompilers: Display: Worker (3/13): shaders left to compile 51
[2020.01.22-23.33.03:793][550]LogShaderCompilers: Display: Worker (10/13): shaders left to compile 50
[2020.01.22-23.33.03:870][554]LogShaderCompilers: Display: Worker (5/13): shaders left to compile 49
[2020.01.22-23.33.03:902][556]LogShaderCompilers: Display: Worker (12/13): shaders left to compile 48
[2020.01.22-23.33.03:919][557]LogShaderCompilers: Display: Worker (1/13): shaders left to compile 47
[2020.01.22-23.33.03:952][559]LogShaderCompilers: Display: Worker (3/13): shaders left to compile 46
[2020.01.22-23.33.03:952][559]LogShaderCompilers: Display: Worker (8/13): shaders left to compile 45
[2020.01.22-23.33.03:967][560]LogShaderCompilers: Display: Worker (2/13): shaders left to compile 44
[2020.01.22-23.33.03:967][560]LogShaderCompilers: Display: Worker (10/13): shaders left to compile 43
[2020.01.22-23.33.04:076][565]LogShaderCompilers: Display: Worker (6/13): shaders left to compile 42
[2020.01.22-23.33.04:076][565]LogShaderCompilers: Display: Worker (1/13): shaders left to compile 41
[2020.01.22-23.33.04:126][568]LogShaderCompilers: Display: Worker (10/13): shaders left to compile 40
[2020.01.22-23.33.04:141][569]LogShaderCompilers: Display: Worker (5/13): shaders left to compile 39
[2020.01.22-23.33.04:156][570]LogShaderCompilers: Display: Worker (8/13): shaders left to compile 38
[2020.01.22-23.33.04:200][573]LogShaderCompilers: Display: Worker (12/13): shaders left to compile 37
[2020.01.22-23.33.04:213][574]LogShaderCompilers: Display: Worker (1/13): shaders left to compile 36
[2020.01.22-23.33.04:228][575]LogShaderCompilers: Display: Worker (3/13): shaders left to compile 35
[2020.01.22-23.33.04:228][575]LogShaderCompilers: Display: Worker (2/13): shaders left to compile 34
[2020.01.22-23.33.04:283][579]LogMaterialEditor: Applying material Base_Colour
[2020.01.22-23.33.04:869][579]LogShaderCompilers: Display: Worker (6/13): shaders left to compile 33
[2020.01.22-23.33.04:869][579]LogShaderCompilers: Display: Worker (10/13): shaders left to compile 32
[2020.01.22-23.33.04:869][579]LogShaderCompilers: Display: Worker (1/13): shaders left to compile 31
[2020.01.22-23.33.04:869][579]LogShaderCompilers: Display: Worker (10/13): shaders left to compile 30
[2020.01.22-23.33.04:926][579]LogMaterial: Display: Missing cached shader map for material Base_Colour, compiling. 
[2020.01.22-23.33.05:139][579]LogMaterial: Display: Missing cached shader map for material Base_Colour, compiling. 
[2020.01.22-23.33.05:177][579]LogShaderCompilers: Display: Worker (12/13): shaders left to compile 53
[2020.01.22-23.33.05:184][579]LogMaterial: Display: Missing cached shader map for material Base_Colour, compiling. 
[2020.01.22-23.33.05:263][579]LogUObjectHash: Compacting FUObjectHashTables data took   1.54ms
[2020.01.22-23.33.05:274][579]LogShaderCompilers: Display: Worker (6/13): shaders left to compile 106
[2020.01.22-23.33.05:274][579]LogMaterial: Display: Missing cached shader map for material DebugViewMode MaterialTexCoordScale, compiling. 
[2020.01.22-23.33.13:722][579]LogShaderCompilers: Display: Worker (12/13): shaders left to compile 107
[2020.01.22-23.33.13:722][579]LogShaderCompilers: Display: Worker (12/13): shaders left to compile 106
[2020.01.22-23.33.13:722][579]LogShaderCompilers: Display: Worker (6/13): shaders left to compile 105
[2020.01.22-23.33.13:722][579]LogShaderCompilers: Display: Worker (12/13): shaders left to compile 104
[2020.01.22-23.33.13:722][579]LogShaderCompilers: Display: Worker (6/13): shaders left to compile 103
[2020.01.22-23.33.13:722][579]LogShaderCompilers: Display: Worker (12/13): shaders left to compile 102
[2020.01.22-23.33.13:722][579]LogShaderCompilers: Display: Worker (6/13): shaders left to compile 101
[2020.01.22-23.33.13:722][579]LogShaderCompilers: Display: Worker (7/13): shaders left to compile 100
[2020.01.22-23.33.13:722][579]LogShaderCompilers: Display: Worker (6/13): shaders left to compile 99
[2020.01.22-23.33.13:722][579]LogShaderCompilers: Display: Worker (12/13): shaders left to compile 98
[2020.01.22-23.33.13:722][579]LogShaderCompilers: Display: Worker (11/13): shaders left to compile 97
[2020.01.22-23.33.13:722][579]LogShaderCompilers: Display: Worker (6/13): shaders left to compile 96
[2020.01.22-23.33.13:723][579]LogShaderCompilers: Display: Worker (7/13): shaders left to compile 95
[2020.01.22-23.33.13:723][579]LogShaderCompilers: Display: Worker (11/13): shaders left to compile 94
[2020.01.22-23.33.13:723][579]LogShaderCompilers: Display: Worker (12/13): shaders left to compile 93
[2020.01.22-23.33.13:723][579]LogShaderCompilers: Display: Worker (9/13): shaders left to compile 92
[2020.01.22-23.33.13:723][579]LogShaderCompilers: Display: Worker (4/13): shaders left to compile 91
[2020.01.22-23.33.13:723][579]LogShaderCompilers: Display: Worker (6/13): shaders left to compile 90
[2020.01.22-23.33.13:723][579]LogShaderCompilers: Display: Worker (9/13): shaders left to compile 89
[2020.01.22-23.33.13:723][579]LogShaderCompilers: Display: Worker (12/13): shaders left to compile 88
[2020.01.22-23.33.13:723][579]LogShaderCompilers: Display: Worker (12/13): shaders left to compile 87
[2020.01.22-23.33.13:723][579]LogShaderCompilers: Display: Worker (9/13): shaders left to compile 86
[2020.01.22-23.33.13:723][579]LogShaderCompilers: Display: Worker (5/13): shaders left to compile 85
[2020.01.22-23.33.13:723][579]LogShaderCompilers: Display: Worker (3/13): shaders left to compile 84
[2020.01.22-23.33.13:723][579]LogShaderCompilers: Display: Worker (8/13): shaders left to compile 83
[2020.01.22-23.33.13:723][579]LogShaderCompilers: Display: Worker (2/13): shaders left to compile 82
[2020.01.22-23.33.13:723][579]LogShaderCompilers: Display: Worker (1/13): shaders left to compile 81
[2020.01.22-23.33.13:723][579]LogShaderCompilers: Display: Worker (3/13): shaders left to compile 80
[2020.01.22-23.33.13:723][579]LogShaderCompilers: Display: Worker (10/13): shaders left to compile 79
[2020.01.22-23.33.13:723][579]LogShaderCompilers: Display: Worker (5/13): shaders left to compile 78
[2020.01.22-23.33.13:723][579]LogShaderCompilers: Display: Worker (3/13): shaders left to compile 77
[2020.01.22-23.33.13:723][579]LogShaderCompilers: Display: Worker (1/13): shaders left to compile 76
[2020.01.22-23.33.13:723][579]LogShaderCompilers: Display: Worker (1/13): shaders left to compile 75
[2020.01.22-23.33.13:723][579]LogShaderCompilers: Display: Worker (3/13): shaders left to compile 74
[2020.01.22-23.33.13:723][579]LogShaderCompilers: Display: Worker (7/13): shaders left to compile 73
[2020.01.22-23.33.13:723][579]LogShaderCompilers: Display: Worker (4/13): shaders left to compile 72
[2020.01.22-23.33.13:723][579]LogShaderCompilers: Display: Worker (11/13): shaders left to compile 71
[2020.01.22-23.33.13:723][579]LogShaderCompilers: Display: Worker (6/13): shaders left to compile 70
[2020.01.22-23.33.13:723][579]LogShaderCompilers: Display: Worker (4/13): shaders left to compile 69
[2020.01.22-23.33.13:723][579]LogShaderCompilers: Display: Worker (7/13): shaders left to compile 68
[2020.01.22-23.33.13:723][579]LogShaderCompilers: Display: Worker (7/13): shaders left to compile 67
[2020.01.22-23.33.13:723][579]LogShaderCompilers: Display: Worker (12/13): shaders left to compile 66
[2020.01.22-23.33.13:723][579]LogShaderCompilers: Display: Worker (4/13): shaders left to compile 65
[2020.01.22-23.33.13:723][579]LogShaderCompilers: Display: Worker (9/13): shaders left to compile 64
[2020.01.22-23.33.13:723][579]LogShaderCompilers: Display: Worker (9/13): shaders left to compile 63
[2020.01.22-23.33.13:723][579]LogShaderCompilers: Display: Worker (8/13): shaders left to compile 62
[2020.01.22-23.33.13:723][579]LogShaderCompilers: Display: Worker (2/13): shaders left to compile 61
[2020.01.22-23.33.13:723][579]LogShaderCompilers: Display: Worker (4/13): shaders left to compile 60
[2020.01.22-23.33.13:723][579]LogShaderCompilers: Display: Worker (10/13): shaders left to compile 59
[2020.01.22-23.33.13:723][579]LogShaderCompilers: Display: Worker (4/13): shaders left to compile 58
[2020.01.22-23.33.13:723][579]LogShaderCompilers: Display: Worker (5/13): shaders left to compile 57
[2020.01.22-23.33.13:723][579]LogShaderCompilers: Display: Worker (10/13): shaders left to compile 56
[2020.01.22-23.33.13:723][579]LogShaderCompilers: Display: Worker (5/13): shaders left to compile 55
[2020.01.22-23.33.13:723][579]LogShaderCompilers: Display: Worker (2/13): shaders left to compile 54
[2020.01.22-23.33.13:723][579]LogShaderCompilers: Display: Worker (1/13): shaders left to compile 49
[2020.01.22-23.33.13:723][579]LogShaderCompilers: Display: Worker (4/13): shaders left to compile 44
[2020.01.22-23.33.13:723][579]LogShaderCompilers: Display: Worker (10/13): shaders left to compile 40
[2020.01.22-23.33.13:723][579]LogShaderCompilers: Display: Worker (3/13): shaders left to compile 36
[2020.01.22-23.33.13:723][579]LogShaderCompilers: Display: Worker (5/13): shaders left to compile 32
[2020.01.22-23.33.13:726][579]TextureStreamingBuild: Display: Compiling optional shaders took 8.462 seconds.
[2020.01.22-23.33.13:767][579]LogUObjectHash: Compacting FUObjectHashTables data took   1.21ms
[2020.01.22-23.33.14:423][615]LogShaderCompilers: Display: Worker (4/13): shaders left to compile 29
[2020.01.22-23.33.14:534][622]LogShaderCompilers: Display: Worker (2/13): shaders left to compile 26
[2020.01.22-23.33.14:739][634]LogShaderCompilers: Display: Worker (1/13): shaders left to compile 23
[2020.01.22-23.33.14:949][646]LogShaderCompilers: Display: Worker (11/13): shaders left to compile 21
[2020.01.22-23.33.15:311][667]LogShaderCompilers: Display: Worker (6/13): shaders left to compile 19
[2020.01.22-23.33.15:948][704]LogShaderCompilers: Display: Worker (7/13): shaders left to compile 17
[2020.01.22-23.33.16:221][716]LogShaderCompilers: Display: Worker (12/13): shaders left to compile 15
[2020.01.22-23.33.16:476][731]LogShaderCompilers: Display: Worker (9/13): shaders left to compile 13
[2020.01.22-23.33.16:576][737]LogShaderCompilers: Display: Worker (8/13): shaders left to compile 11
[2020.01.22-23.33.19:656][908]LogShaderCompilers: Display: Worker (11/13): shaders left to compile 10
[2020.01.22-23.33.20:292][946]LogShaderCompilers: Display: Worker (1/13): shaders left to compile 9
[2020.01.22-23.33.20:325][948]LogShaderCompilers: Display: Worker (2/13): shaders left to compile 8
[2020.01.22-23.33.20:509][959]LogShaderCompilers: Display: Worker (6/13): shaders left to compile 7
[2020.01.22-23.33.20:609][965]LogShaderCompilers: Display: Worker (11/13): shaders left to compile 6
[2020.01.22-23.33.20:742][973]LogShaderCompilers: Display: Worker (1/13): shaders left to compile 5
[2020.01.22-23.33.20:985][987]LogShaderCompilers: Display: Worker (7/13): shaders left to compile 4
[2020.01.22-23.33.21:249][  3]LogShaderCompilers: Display: Worker (1/13): shaders left to compile 3
[2020.01.22-23.33.21:282][  5]LogShaderCompilers: Display: Worker (8/13): shaders left to compile 2
[2020.01.22-23.33.21:474][ 17]LogShaderCompilers: Display: Worker (9/13): shaders left to compile 1
[2020.01.22-23.33.23:252][151]MaterialEditorStats: Base pass shader: 311 instructions
[2020.01.22-23.33.23:252][151]MaterialEditorStats: Base pass shader with Surface Lightmap: 345 instructions
[2020.01.22-23.33.23:252][151]MaterialEditorStats: Base pass shader with Volumetric Lightmap: 390 instructions
[2020.01.22-23.33.23:252][151]MaterialEditorStats: Base pass vertex shader: 137 instructions
[2020.01.22-23.33.23:252][151]MaterialEditorStats: Texture samplers: 4/16
[2020.01.22-23.33.27:170][598]LogSlate: FSceneViewport::OnFocusLost() reason 0
[2020.01.22-23.33.28:312][719]LogMaterial: Display: Missing cached shader map for material Base_Colour, compiling. 
[2020.01.22-23.33.28:345][719]LogMaterial: Display: Missing cached shader map for material FMatExpressionPreview MaterialExpressionConstant4Vector_0, compiling. 
[2020.01.22-23.33.28:350][719]LogShaderCompilers: Display: Worker (1/13): shaders left to compile 53
[2020.01.22-23.33.28:351][719]LogShaderCompilers: Display: Worker (2/13): shaders left to compile 52
[2020.01.22-23.33.28:351][719]LogShaderCompilers: Display: Worker (3/13): shaders left to compile 51
[2020.01.22-23.33.28:351][719]LogShaderCompilers: Display: Worker (4/13): shaders left to compile 50
[2020.01.22-23.33.28:351][719]LogShaderCompilers: Display: Worker (5/13): shaders left to compile 49
[2020.01.22-23.33.28:351][719]LogShaderCompilers: Display: Worker (6/13): shaders left to compile 48
[2020.01.22-23.33.28:351][719]LogShaderCompilers: Display: Worker (7/13): shaders left to compile 47
[2020.01.22-23.33.28:351][719]LogShaderCompilers: Display: Worker (8/13): shaders left to compile 46
[2020.01.22-23.33.28:351][719]LogShaderCompilers: Display: Worker (9/13): shaders left to compile 45
[2020.01.22-23.33.28:351][719]LogShaderCompilers: Display: Worker (10/13): shaders left to compile 44
[2020.01.22-23.33.28:351][719]LogShaderCompilers: Display: Worker (11/13): shaders left to compile 43
[2020.01.22-23.33.28:351][719]LogShaderCompilers: Display: Worker (12/13): shaders left to compile 42
[2020.01.22-23.33.28:496][730]LogShaderCompilers: Display: Worker (1/13): shaders left to compile 45
[2020.01.22-23.33.28:513][731]LogShaderCompilers: Display: Worker (3/13): shaders left to compile 44
[2020.01.22-23.33.28:514][731]LogShaderCompilers: Display: Worker (4/13): shaders left to compile 43
[2020.01.22-23.33.28:530][732]LogShaderCompilers: Display: Worker (7/13): shaders left to compile 42
[2020.01.22-23.33.28:580][735]LogShaderCompilers: Display: Worker (11/13): shaders left to compile 41
[2020.01.22-23.33.28:613][737]LogShaderCompilers: Display: Worker (9/13): shaders left to compile 40
[2020.01.22-23.33.28:629][738]LogShaderCompilers: Display: Worker (1/13): shaders left to compile 39
[2020.01.22-23.33.28:645][739]LogShaderCompilers: Display: Worker (5/13): shaders left to compile 38
[2020.01.22-23.33.28:661][740]LogShaderCompilers: Display: Worker (6/13): shaders left to compile 37
[2020.01.22-23.33.28:676][741]LogShaderCompilers: Display: Worker (2/13): shaders left to compile 36
[2020.01.22-23.33.28:676][741]LogShaderCompilers: Display: Worker (8/13): shaders left to compile 35
[2020.01.22-23.33.28:676][741]LogShaderCompilers: Display: Worker (10/13): shaders left to compile 34
[2020.01.22-23.33.28:700][742]LogShaderCompilers: Display: Worker (12/13): shaders left to compile 33
[2020.01.22-23.33.28:754][745]LogShaderCompilers: Display: Worker (3/13): shaders left to compile 32
[2020.01.22-23.33.29:130][765]LogShaderCompilers: Display: Worker (9/13): shaders left to compile 31
[2020.01.22-23.33.29:155][766]LogMaterial: Display: Missing cached shader map for material Base_Colour, compiling. 
[2020.01.22-23.33.29:201][766]LogShaderCompilers: Display: Worker (2/13): shaders left to compile 53
[2020.01.22-23.33.29:201][766]LogMaterial: Display: Missing cached shader map for material FMatExpressionPreview MaterialExpressionConstant4Vector_0, compiling. 
[2020.01.22-23.33.29:211][766]LogSlate: Window 'Color Picker' being destroyed
[2020.01.22-23.33.29:301][770]LogShaderCompilers: Display: Worker (3/13): shaders left to compile 56
[2020.01.22-23.33.29:376][775]LogShaderCompilers: Display: Worker (2/13): shaders left to compile 55
[2020.01.22-23.33.29:558][785]LogShaderCompilers: Display: Worker (2/13): shaders left to compile 54
[2020.01.22-23.33.29:574][786]LogShaderCompilers: Display: Worker (11/13): shaders left to compile 53
[2020.01.22-23.33.29:608][788]LogShaderCompilers: Display: Worker (3/13): shaders left to compile 52
[2020.01.22-23.33.29:655][791]LogShaderCompilers: Display: Worker (6/13): shaders left to compile 51
[2020.01.22-23.33.29:689][793]LogShaderCompilers: Display: Worker (12/13): shaders left to compile 50
[2020.01.22-23.33.29:746][796]LogShaderCompilers: Display: Worker (2/13): shaders left to compile 49
[2020.01.22-23.33.29:834][800]LogShaderCompilers: Display: Worker (6/13): shaders left to compile 48
[2020.01.22-23.33.29:890][803]LogShaderCompilers: Display: Worker (11/13): shaders left to compile 47
[2020.01.22-23.33.29:908][804]LogShaderCompilers: Display: Worker (3/13): shaders left to compile 46
[2020.01.22-23.33.29:957][807]LogShaderCompilers: Display: Worker (2/13): shaders left to compile 45
[2020.01.22-23.33.29:973][808]LogShaderCompilers: Display: Worker (12/13): shaders left to compile 44
[2020.01.22-23.33.30:059][813]LogShaderCompilers: Display: Worker (11/13): shaders left to compile 43
[2020.01.22-23.33.30:098][815]LogShaderCompilers: Display: Worker (2/13): shaders left to compile 42
[2020.01.22-23.33.30:116][816]LogShaderCompilers: Display: Worker (6/13): shaders left to compile 41
[2020.01.22-23.33.30:202][821]LogShaderCompilers: Display: Worker (3/13): shaders left to compile 40
[2020.01.22-23.33.30:254][824]LogShaderCompilers: Display: Worker (12/13): shaders left to compile 39
[2020.01.22-23.33.30:555][838]LogMaterialEditor: Applying material Base_Colour
[2020.01.22-23.33.31:106][838]LogShaderCompilers: Display: Worker (3/13): shaders left to compile 38
[2020.01.22-23.33.31:106][838]LogShaderCompilers: Display: Worker (6/13): shaders left to compile 37
[2020.01.22-23.33.31:155][838]LogMaterial: Display: Missing cached shader map for material Base_Colour, compiling. 
[2020.01.22-23.33.31:329][838]LogMaterial: Display: Missing cached shader map for material Base_Colour, compiling. 
[2020.01.22-23.33.31:376][838]LogMaterial: Display: Missing cached shader map for material Base_Colour, compiling. 
[2020.01.22-23.33.31:455][838]LogUObjectHash: Compacting FUObjectHashTables data took   1.38ms
[2020.01.22-23.33.31:466][838]LogMaterial: Display: Missing cached shader map for material DebugViewMode MaterialTexCoordScale, compiling. 
[2020.01.22-23.33.39:545][838]LogShaderCompilers: Display: Worker (6/13): shaders left to compile 113
[2020.01.22-23.33.39:545][838]LogShaderCompilers: Display: Worker (6/13): shaders left to compile 112
[2020.01.22-23.33.39:545][838]LogShaderCompilers: Display: Worker (4/13): shaders left to compile 111
[2020.01.22-23.33.39:545][838]LogShaderCompilers: Display: Worker (1/13): shaders left to compile 110
[2020.01.22-23.33.39:545][838]LogShaderCompilers: Display: Worker (8/13): shaders left to compile 109
[2020.01.22-23.33.39:545][838]LogShaderCompilers: Display: Worker (6/13): shaders left to compile 108
[2020.01.22-23.33.39:545][838]LogShaderCompilers: Display: Worker (10/13): shaders left to compile 107
[2020.01.22-23.33.39:545][838]LogShaderCompilers: Display: Worker (8/13): shaders left to compile 106
[2020.01.22-23.33.39:545][838]LogShaderCompilers: Display: Worker (7/13): shaders left to compile 105
[2020.01.22-23.33.39:545][838]LogShaderCompilers: Display: Worker (4/13): shaders left to compile 104
[2020.01.22-23.33.39:545][838]LogShaderCompilers: Display: Worker (5/13): shaders left to compile 103
[2020.01.22-23.33.39:545][838]LogShaderCompilers: Display: Worker (10/13): shaders left to compile 102
[2020.01.22-23.33.39:545][838]LogShaderCompilers: Display: Worker (6/13): shaders left to compile 101
[2020.01.22-23.33.39:545][838]LogShaderCompilers: Display: Worker (1/13): shaders left to compile 100
[2020.01.22-23.33.39:545][838]LogShaderCompilers: Display: Worker (8/13): shaders left to compile 99
[2020.01.22-23.33.39:545][838]LogShaderCompilers: Display: Worker (9/13): shaders left to compile 98
[2020.01.22-23.33.39:545][838]LogShaderCompilers: Display: Worker (5/13): shaders left to compile 97
[2020.01.22-23.33.39:545][838]LogShaderCompilers: Display: Worker (7/13): shaders left to compile 96
[2020.01.22-23.33.39:545][838]LogShaderCompilers: Display: Worker (8/13): shaders left to compile 95
[2020.01.22-23.33.39:545][838]LogShaderCompilers: Display: Worker (6/13): shaders left to compile 94
[2020.01.22-23.33.39:545][838]LogShaderCompilers: Display: Worker (4/13): shaders left to compile 93
[2020.01.22-23.33.39:545][838]LogShaderCompilers: Display: Worker (10/13): shaders left to compile 92
[2020.01.22-23.33.39:545][838]LogShaderCompilers: Display: Worker (5/13): shaders left to compile 91
[2020.01.22-23.33.39:545][838]LogShaderCompilers: Display: Worker (1/13): shaders left to compile 90
[2020.01.22-23.33.39:545][838]LogShaderCompilers: Display: Worker (9/13): shaders left to compile 89
[2020.01.22-23.33.39:545][838]LogShaderCompilers: Display: Worker (7/13): shaders left to compile 88
[2020.01.22-23.33.39:545][838]LogShaderCompilers: Display: Worker (10/13): shaders left to compile 87
[2020.01.22-23.33.39:545][838]LogShaderCompilers: Display: Worker (7/13): shaders left to compile 86
[2020.01.22-23.33.39:545][838]LogShaderCompilers: Display: Worker (11/13): shaders left to compile 85
[2020.01.22-23.33.39:545][838]LogShaderCompilers: Display: Worker (12/13): shaders left to compile 84
[2020.01.22-23.33.39:545][838]LogShaderCompilers: Display: Worker (4/13): shaders left to compile 83
[2020.01.22-23.33.39:545][838]LogShaderCompilers: Display: Worker (9/13): shaders left to compile 82
[2020.01.22-23.33.39:545][838]LogShaderCompilers: Display: Worker (2/13): shaders left to compile 81
[2020.01.22-23.33.39:545][838]LogShaderCompilers: Display: Worker (12/13): shaders left to compile 80
[2020.01.22-23.33.39:545][838]LogShaderCompilers: Display: Worker (11/13): shaders left to compile 79
[2020.01.22-23.33.39:545][838]LogShaderCompilers: Display: Worker (3/13): shaders left to compile 78
[2020.01.22-23.33.39:545][838]LogShaderCompilers: Display: Worker (12/13): shaders left to compile 77
[2020.01.22-23.33.39:546][838]LogShaderCompilers: Display: Worker (2/13): shaders left to compile 76
[2020.01.22-23.33.39:546][838]LogShaderCompilers: Display: Worker (2/13): shaders left to compile 75
[2020.01.22-23.33.39:546][838]LogShaderCompilers: Display: Worker (12/13): shaders left to compile 74
[2020.01.22-23.33.39:546][838]LogShaderCompilers: Display: Worker (8/13): shaders left to compile 73
[2020.01.22-23.33.39:546][838]LogShaderCompilers: Display: Worker (5/13): shaders left to compile 72
[2020.01.22-23.33.39:546][838]LogShaderCompilers: Display: Worker (6/13): shaders left to compile 71
[2020.01.22-23.33.39:546][838]LogShaderCompilers: Display: Worker (1/13): shaders left to compile 70
[2020.01.22-23.33.39:546][838]LogShaderCompilers: Display: Worker (10/13): shaders left to compile 69
[2020.01.22-23.33.39:546][838]LogShaderCompilers: Display: Worker (5/13): shaders left to compile 68
[2020.01.22-23.33.39:546][838]LogShaderCompilers: Display: Worker (7/13): shaders left to compile 67
[2020.01.22-23.33.39:546][838]LogShaderCompilers: Display: Worker (8/13): shaders left to compile 66
[2020.01.22-23.33.39:546][838]LogShaderCompilers: Display: Worker (4/13): shaders left to compile 65
[2020.01.22-23.33.39:546][838]LogShaderCompilers: Display: Worker (5/13): shaders left to compile 64
[2020.01.22-23.33.39:546][838]LogShaderCompilers: Display: Worker (9/13): shaders left to compile 63
[2020.01.22-23.33.39:546][838]LogShaderCompilers: Display: Worker (10/13): shaders left to compile 62
[2020.01.22-23.33.39:546][838]LogShaderCompilers: Display: Worker (5/13): shaders left to compile 61
[2020.01.22-23.33.39:546][838]LogShaderCompilers: Display: Worker (11/13): shaders left to compile 60
[2020.01.22-23.33.39:546][838]LogShaderCompilers: Display: Worker (4/13): shaders left to compile 59
[2020.01.22-23.33.39:546][838]LogShaderCompilers: Display: Worker (3/13): shaders left to compile 58
[2020.01.22-23.33.39:546][838]LogShaderCompilers: Display: Worker (11/13): shaders left to compile 57
[2020.01.22-23.33.39:546][838]LogShaderCompilers: Display: Worker (2/13): shaders left to compile 56
[2020.01.22-23.33.39:546][838]LogShaderCompilers: Display: Worker (5/13): shaders left to compile 55
[2020.01.22-23.33.39:546][838]LogShaderCompilers: Display: Worker (3/13): shaders left to compile 54
[2020.01.22-23.33.39:546][838]LogShaderCompilers: Display: Worker (11/13): shaders left to compile 49
[2020.01.22-23.33.39:546][838]LogShaderCompilers: Display: Worker (4/13): shaders left to compile 44
[2020.01.22-23.33.39:546][838]LogShaderCompilers: Display: Worker (2/13): shaders left to compile 40
[2020.01.22-23.33.39:546][838]LogShaderCompilers: Display: Worker (12/13): shaders left to compile 36
[2020.01.22-23.33.39:546][838]LogShaderCompilers: Display: Worker (5/13): shaders left to compile 32
[2020.01.22-23.33.39:549][838]TextureStreamingBuild: Display: Compiling optional shaders took 8.092 seconds.
[2020.01.22-23.33.39:587][838]LogUObjectHash: Compacting FUObjectHashTables data took   1.31ms
[2020.01.22-23.33.40:127][864]LogShaderCompilers: Display: Worker (4/13): shaders left to compile 29
[2020.01.22-23.33.40:363][877]LogShaderCompilers: Display: Worker (3/13): shaders left to compile 26
[2020.01.22-23.33.40:497][884]LogShaderCompilers: Display: Worker (11/13): shaders left to compile 23
[2020.01.22-23.33.41:702][948]LogShaderCompilers: Display: Worker (6/13): shaders left to compile 21
[2020.01.22-23.33.41:957][961]LogShaderCompilers: Display: Worker (1/13): shaders left to compile 19
[2020.01.22-23.33.42:129][970]LogShaderCompilers: Display: Worker (7/13): shaders left to compile 17
[2020.01.22-23.33.42:243][976]LogShaderCompilers: Display: Worker (9/13): shaders left to compile 15
[2020.01.22-23.33.42:421][986]LogShaderCompilers: Display: Worker (8/13): shaders left to compile 13
[2020.01.22-23.33.42:544][993]LogShaderCompilers: Display: Worker (10/13): shaders left to compile 11
[2020.01.22-23.33.45:938][169]LogShaderCompilers: Display: Worker (11/13): shaders left to compile 10
[2020.01.22-23.33.46:049][173]LogShaderCompilers: Display: Worker (3/13): shaders left to compile 9
[2020.01.22-23.33.46:164][179]LogShaderCompilers: Display: Worker (6/13): shaders left to compile 8
[2020.01.22-23.33.46:488][197]LogShaderCompilers: Display: Worker (3/13): shaders left to compile 7
[2020.01.22-23.33.46:822][216]LogShaderCompilers: Display: Worker (11/13): shaders left to compile 6
[2020.01.22-23.33.46:979][225]LogShaderCompilers: Display: Worker (1/13): shaders left to compile 5
[2020.01.22-23.33.47:034][228]LogShaderCompilers: Display: Worker (7/13): shaders left to compile 4
[2020.01.22-23.33.47:164][235]LogShaderCompilers: Display: Worker (10/13): shaders left to compile 3
[2020.01.22-23.33.47:272][241]LogShaderCompilers: Display: Worker (8/13): shaders left to compile 2
[2020.01.22-23.33.47:412][247]LogShaderCompilers: Display: Worker (1/13): shaders left to compile 1
[2020.01.22-23.33.49:084][379]MaterialEditorStats: Base pass shader: 311 instructions
[2020.01.22-23.33.49:084][379]MaterialEditorStats: Base pass shader with Surface Lightmap: 345 instructions
[2020.01.22-23.33.49:084][379]MaterialEditorStats: Base pass shader with Volumetric Lightmap: 390 instructions
[2020.01.22-23.33.49:084][379]MaterialEditorStats: Base pass vertex shader: 137 instructions
[2020.01.22-23.33.49:084][379]MaterialEditorStats: Texture samplers: 4/16
[2020.01.22-23.33.54:692][945]LogSlate: FSceneViewport::OnFocusLost() reason 0
[2020.01.22-23.33.55:866][ 60]LogMaterial: Display: Missing cached shader map for material Base_Colour, compiling. 
[2020.01.22-23.33.55:893][ 60]LogShaderCompilers: Display: Worker (1/13): shaders left to compile 53
[2020.01.22-23.33.55:893][ 60]LogShaderCompilers: Display: Worker (2/13): shaders left to compile 52
[2020.01.22-23.33.55:893][ 60]LogShaderCompilers: Display: Worker (3/13): shaders left to compile 51
[2020.01.22-23.33.55:893][ 60]LogShaderCompilers: Display: Worker (4/13): shaders left to compile 50
[2020.01.22-23.33.55:893][ 60]LogShaderCompilers: Display: Worker (5/13): shaders left to compile 49
[2020.01.22-23.33.55:893][ 60]LogShaderCompilers: Display: Worker (6/13): shaders left to compile 48
[2020.01.22-23.33.55:893][ 60]LogShaderCompilers: Display: Worker (7/13): shaders left to compile 47
[2020.01.22-23.33.55:893][ 60]LogShaderCompilers: Display: Worker (8/13): shaders left to compile 46
[2020.01.22-23.33.55:893][ 60]LogShaderCompilers: Display: Worker (9/13): shaders left to compile 45
[2020.01.22-23.33.55:894][ 60]LogShaderCompilers: Display: Worker (10/13): shaders left to compile 44
[2020.01.22-23.33.55:894][ 60]LogShaderCompilers: Display: Worker (11/13): shaders left to compile 43
[2020.01.22-23.33.55:894][ 60]LogShaderCompilers: Display: Worker (12/13): shaders left to compile 42
[2020.01.22-23.33.55:897][ 60]LogMaterial: Display: Missing cached shader map for material FMatExpressionPreview MaterialExpressionConstant4Vector_0, compiling. 
[2020.01.22-23.33.56:020][ 68]LogShaderCompilers: Display: Worker (1/13): shaders left to compile 45
[2020.01.22-23.33.56:037][ 69]LogShaderCompilers: Display: Worker (3/13): shaders left to compile 44
[2020.01.22-23.33.56:076][ 71]LogShaderCompilers: Display: Worker (4/13): shaders left to compile 43
[2020.01.22-23.33.56:076][ 71]LogShaderCompilers: Display: Worker (7/13): shaders left to compile 42
[2020.01.22-23.33.56:109][ 73]LogShaderCompilers: Display: Worker (11/13): shaders left to compile 41
[2020.01.22-23.33.56:139][ 75]LogShaderCompilers: Display: Worker (9/13): shaders left to compile 40
[2020.01.22-23.33.56:152][ 76]LogShaderCompilers: Display: Worker (1/13): shaders left to compile 39
[2020.01.22-23.33.56:165][ 77]LogShaderCompilers: Display: Worker (5/13): shaders left to compile 38
[2020.01.22-23.33.56:176][ 78]LogShaderCompilers: Display: Worker (6/13): shaders left to compile 37
[2020.01.22-23.33.56:189][ 79]LogShaderCompilers: Display: Worker (2/13): shaders left to compile 36
[2020.01.22-23.33.56:189][ 79]LogShaderCompilers: Display: Worker (8/13): shaders left to compile 35
[2020.01.22-23.33.56:202][ 80]LogShaderCompilers: Display: Worker (10/13): shaders left to compile 34
[2020.01.22-23.33.56:210][ 80]LogShaderCompilers: Display: Worker (12/13): shaders left to compile 4
[2020.01.22-23.33.56:210][ 80]LogMaterial: Display: Missing cached shader map for material Base_Colour, compiling. 
[2020.01.22-23.33.56:251][ 80]LogMaterial: Display: Missing cached shader map for material FMatExpressionPreview MaterialExpressionConstant4Vector_0, compiling. 
[2020.01.22-23.33.56:261][ 80]LogShaderCompilers: Display: Worker (3/13): shaders left to compile 57
[2020.01.22-23.33.56:445][ 89]LogShaderCompilers: Display: Worker (3/13): shaders left to compile 56
[2020.01.22-23.33.56:661][ 99]LogShaderCompilers: Display: Worker (9/13): shaders left to compile 55
[2020.01.22-23.33.56:678][100]LogShaderCompilers: Display: Worker (12/13): shaders left to compile 54
[2020.01.22-23.33.56:695][101]LogShaderCompilers: Display: Worker (2/13): shaders left to compile 53
[2020.01.22-23.33.56:777][106]LogShaderCompilers: Display: Worker (3/13): shaders left to compile 52
[2020.01.22-23.33.56:813][108]LogShaderCompilers: Display: Worker (9/13): shaders left to compile 51
[2020.01.22-23.33.56:847][110]LogShaderCompilers: Display: Worker (12/13): shaders left to compile 50
[2020.01.22-23.33.56:982][118]LogShaderCompilers: Display: Worker (9/13): shaders left to compile 49
[2020.01.22-23.33.57:000][119]LogShaderCompilers: Display: Worker (2/13): shaders left to compile 48
[2020.01.22-23.33.57:084][124]LogShaderCompilers: Display: Worker (11/13): shaders left to compile 47
[2020.01.22-23.33.57:084][124]LogShaderCompilers: Display: Worker (3/13): shaders left to compile 46
[2020.01.22-23.33.57:117][126]LogShaderCompilers: Display: Worker (6/13): shaders left to compile 45
[2020.01.22-23.33.57:150][128]LogShaderCompilers: Display: Worker (12/13): shaders left to compile 44
[2020.01.22-23.33.57:184][130]LogShaderCompilers: Display: Worker (9/13): shaders left to compile 43
[2020.01.22-23.33.57:268][135]LogMaterial: Display: Missing cached shader map for material Base_Colour, compiling. 
[2020.01.22-23.33.57:315][135]LogMaterial: Display: Missing cached shader map for material FMatExpressionPreview MaterialExpressionConstant4Vector_0, compiling. 
[2020.01.22-23.33.57:326][135]LogSlate: Window 'Color Picker' being destroyed
[2020.01.22-23.33.57:363][136]LogShaderCompilers: Display: Worker (6/13): shaders left to compile 57
[2020.01.22-23.33.57:411][139]LogShaderCompilers: Display: Worker (12/13): shaders left to compile 56
[2020.01.22-23.33.57:411][139]LogShaderCompilers: Display: Worker (11/13): shaders left to compile 55
[2020.01.22-23.33.57:441][141]LogShaderCompilers: Display: Worker (3/13): shaders left to compile 54
[2020.01.22-23.33.57:470][143]LogShaderCompilers: Display: Worker (2/13): shaders left to compile 53
[2020.01.22-23.33.57:532][147]LogShaderCompilers: Display: Worker (6/13): shaders left to compile 52
[2020.01.22-23.33.57:582][150]LogShaderCompilers: Display: Worker (11/13): shaders left to compile 51
[2020.01.22-23.33.57:600][151]LogShaderCompilers: Display: Worker (3/13): shaders left to compile 50
[2020.01.22-23.33.57:753][160]LogShaderCompilers: Display: Worker (2/13): shaders left to compile 49
[2020.01.22-23.33.57:770][161]LogShaderCompilers: Display: Worker (11/13): shaders left to compile 48
[2020.01.22-23.33.57:770][161]LogShaderCompilers: Display: Worker (12/13): shaders left to compile 47
[2020.01.22-23.33.57:830][164]LogShaderCompilers: Display: Worker (6/13): shaders left to compile 46
[2020.01.22-23.33.57:879][167]LogShaderCompilers: Display: Worker (3/13): shaders left to compile 45
[2020.01.22-23.33.57:945][171]LogShaderCompilers: Display: Worker (12/13): shaders left to compile 44
[2020.01.22-23.33.57:963][172]LogShaderCompilers: Display: Worker (2/13): shaders left to compile 43
[2020.01.22-23.33.58:032][176]LogShaderCompilers: Display: Worker (3/13): shaders left to compile 42
[2020.01.22-23.33.58:049][177]LogShaderCompilers: Display: Worker (11/13): shaders left to compile 41
[2020.01.22-23.33.58:081][179]LogShaderCompilers: Display: Worker (6/13): shaders left to compile 40
[2020.01.22-23.33.58:193][186]LogShaderCompilers: Display: Worker (12/13): shaders left to compile 39
[2020.01.22-23.33.58:608][208]LogShaderCompilers: Display: Worker (6/13): shaders left to compile 38
[2020.01.22-23.33.59:049][230]LogShaderCompilers: Display: Worker (11/13): shaders left to compile 37
[2020.01.22-23.33.59:554][258]LogMaterialEditor: Applying material Base_Colour
[2020.01.22-23.34.00:134][258]LogShaderCompilers: Display: Worker (11/13): shaders left to compile 36
[2020.01.22-23.34.00:185][258]LogMaterial: Display: Missing cached shader map for material Base_Colour, compiling. 
[2020.01.22-23.34.00:378][258]LogShaderCompilers: Display: Worker (4/13): shaders left to compile 57
[2020.01.22-23.34.00:388][258]LogShaderCompilers: Display: Worker (8/13): shaders left to compile 56
[2020.01.22-23.34.00:395][258]LogMaterial: Display: Missing cached shader map for material Base_Colour, compiling. 
[2020.01.22-23.34.00:440][258]LogMaterial: Display: Missing cached shader map for material Base_Colour, compiling. 
[2020.01.22-23.34.00:475][258]LogShaderCompilers: Display: Worker (1/13): shaders left to compile 55
[2020.01.22-23.34.00:475][258]LogShaderCompilers: Display: Worker (11/13): shaders left to compile 54
[2020.01.22-23.34.00:515][258]LogUObjectHash: Compacting FUObjectHashTables data took   1.07ms
[2020.01.22-23.34.00:526][258]LogMaterial: Display: Missing cached shader map for material DebugViewMode MaterialTexCoordScale, compiling. 
[2020.01.22-23.34.07:712][258]LogShaderCompilers: Display: Worker (10/13): shaders left to compile 109
[2020.01.22-23.34.07:712][258]LogShaderCompilers: Display: Worker (7/13): shaders left to compile 108
[2020.01.22-23.34.07:713][258]LogShaderCompilers: Display: Worker (5/13): shaders left to compile 107
[2020.01.22-23.34.07:713][258]LogShaderCompilers: Display: Worker (10/13): shaders left to compile 106
[2020.01.22-23.34.07:713][258]LogShaderCompilers: Display: Worker (11/13): shaders left to compile 105
[2020.01.22-23.34.07:713][258]LogShaderCompilers: Display: Worker (4/13): shaders left to compile 104
[2020.01.22-23.34.07:713][258]LogShaderCompilers: Display: Worker (1/13): shaders left to compile 103
[2020.01.22-23.34.07:713][258]LogShaderCompilers: Display: Worker (8/13): shaders left to compile 102
[2020.01.22-23.34.07:713][258]LogShaderCompilers: Display: Worker (7/13): shaders left to compile 101
[2020.01.22-23.34.07:713][258]LogShaderCompilers: Display: Worker (5/13): shaders left to compile 100
[2020.01.22-23.34.07:713][258]LogShaderCompilers: Display: Worker (10/13): shaders left to compile 99
[2020.01.22-23.34.07:713][258]LogShaderCompilers: Display: Worker (1/13): shaders left to compile 98
[2020.01.22-23.34.07:713][258]LogShaderCompilers: Display: Worker (10/13): shaders left to compile 97
[2020.01.22-23.34.07:713][258]LogShaderCompilers: Display: Worker (7/13): shaders left to compile 96
[2020.01.22-23.34.07:713][258]LogShaderCompilers: Display: Worker (11/13): shaders left to compile 95
[2020.01.22-23.34.07:713][258]LogShaderCompilers: Display: Worker (4/13): shaders left to compile 94
[2020.01.22-23.34.07:713][258]LogShaderCompilers: Display: Worker (8/13): shaders left to compile 93
[2020.01.22-23.34.07:713][258]LogShaderCompilers: Display: Worker (5/13): shaders left to compile 92
[2020.01.22-23.34.07:713][258]LogShaderCompilers: Display: Worker (10/13): shaders left to compile 91
[2020.01.22-23.34.07:713][258]LogShaderCompilers: Display: Worker (1/13): shaders left to compile 90
[2020.01.22-23.34.07:713][258]LogShaderCompilers: Display: Worker (7/13): shaders left to compile 89
[2020.01.22-23.34.07:713][258]LogShaderCompilers: Display: Worker (9/13): shaders left to compile 88
[2020.01.22-23.34.07:713][258]LogShaderCompilers: Display: Worker (5/13): shaders left to compile 87
[2020.01.22-23.34.07:713][258]LogShaderCompilers: Display: Worker (9/13): shaders left to compile 86
[2020.01.22-23.34.07:713][258]LogShaderCompilers: Display: Worker (2/13): shaders left to compile 85
[2020.01.22-23.34.07:713][258]LogShaderCompilers: Display: Worker (8/13): shaders left to compile 84
[2020.01.22-23.34.07:713][258]LogShaderCompilers: Display: Worker (12/13): shaders left to compile 83
[2020.01.22-23.34.07:713][258]LogShaderCompilers: Display: Worker (7/13): shaders left to compile 82
[2020.01.22-23.34.07:713][258]LogShaderCompilers: Display: Worker (3/13): shaders left to compile 81
[2020.01.22-23.34.07:713][258]LogShaderCompilers: Display: Worker (8/13): shaders left to compile 80
[2020.01.22-23.34.07:713][258]LogShaderCompilers: Display: Worker (6/13): shaders left to compile 79
[2020.01.22-23.34.07:713][258]LogShaderCompilers: Display: Worker (2/13): shaders left to compile 78
[2020.01.22-23.34.07:713][258]LogShaderCompilers: Display: Worker (8/13): shaders left to compile 77
[2020.01.22-23.34.07:713][258]LogShaderCompilers: Display: Worker (3/13): shaders left to compile 76
[2020.01.22-23.34.07:713][258]LogShaderCompilers: Display: Worker (3/13): shaders left to compile 75
[2020.01.22-23.34.07:713][258]LogShaderCompilers: Display: Worker (8/13): shaders left to compile 74
[2020.01.22-23.34.07:713][258]LogShaderCompilers: Display: Worker (11/13): shaders left to compile 73
[2020.01.22-23.34.07:713][258]LogShaderCompilers: Display: Worker (10/13): shaders left to compile 72
[2020.01.22-23.34.07:713][258]LogShaderCompilers: Display: Worker (4/13): shaders left to compile 71
[2020.01.22-23.34.07:713][258]LogShaderCompilers: Display: Worker (5/13): shaders left to compile 70
[2020.01.22-23.34.07:713][258]LogShaderCompilers: Display: Worker (10/13): shaders left to compile 69
[2020.01.22-23.34.07:713][258]LogShaderCompilers: Display: Worker (9/13): shaders left to compile 68
[2020.01.22-23.34.07:713][258]LogShaderCompilers: Display: Worker (11/13): shaders left to compile 67
[2020.01.22-23.34.07:713][258]LogShaderCompilers: Display: Worker (1/13): shaders left to compile 66
[2020.01.22-23.34.07:713][258]LogShaderCompilers: Display: Worker (12/13): shaders left to compile 65
[2020.01.22-23.34.07:713][258]LogShaderCompilers: Display: Worker (7/13): shaders left to compile 64
[2020.01.22-23.34.07:713][258]LogShaderCompilers: Display: Worker (9/13): shaders left to compile 63
[2020.01.22-23.34.07:713][258]LogShaderCompilers: Display: Worker (10/13): shaders left to compile 62
[2020.01.22-23.34.07:713][258]LogShaderCompilers: Display: Worker (7/13): shaders left to compile 61
[2020.01.22-23.34.07:713][258]LogShaderCompilers: Display: Worker (6/13): shaders left to compile 60
[2020.01.22-23.34.07:713][258]LogShaderCompilers: Display: Worker (12/13): shaders left to compile 59
[2020.01.22-23.34.07:713][258]LogShaderCompilers: Display: Worker (2/13): shaders left to compile 58
[2020.01.22-23.34.07:713][258]LogShaderCompilers: Display: Worker (6/13): shaders left to compile 57
[2020.01.22-23.34.07:713][258]LogShaderCompilers: Display: Worker (3/13): shaders left to compile 56
[2020.01.22-23.34.07:713][258]LogShaderCompilers: Display: Worker (12/13): shaders left to compile 55
[2020.01.22-23.34.07:713][258]LogShaderCompilers: Display: Worker (7/13): shaders left to compile 54
[2020.01.22-23.34.07:713][258]LogShaderCompilers: Display: Worker (3/13): shaders left to compile 49
[2020.01.22-23.34.07:713][258]LogShaderCompilers: Display: Worker (6/13): shaders left to compile 44
[2020.01.22-23.34.07:713][258]LogShaderCompilers: Display: Worker (2/13): shaders left to compile 40
[2020.01.22-23.34.07:713][258]LogShaderCompilers: Display: Worker (12/13): shaders left to compile 36
[2020.01.22-23.34.07:716][258]TextureStreamingBuild: Display: Compiling optional shaders took 7.200 seconds.
[2020.01.22-23.34.07:757][258]LogUObjectHash: Compacting FUObjectHashTables data took   1.58ms
[2020.01.22-23.34.07:797][259]LogShaderCompilers: Display: Worker (8/13): shaders left to compile 32
[2020.01.22-23.34.08:320][288]LogShaderCompilers: Display: Worker (6/13): shaders left to compile 29
[2020.01.22-23.34.08:481][298]LogShaderCompilers: Display: Worker (7/13): shaders left to compile 26
[2020.01.22-23.34.08:614][306]LogShaderCompilers: Display: Worker (3/13): shaders left to compile 23
[2020.01.22-23.34.09:442][354]LogShaderCompilers: Display: Worker (4/13): shaders left to compile 21
[2020.01.22-23.34.09:843][377]LogShaderCompilers: Display: Worker (5/13): shaders left to compile 19
[2020.01.22-23.34.10:018][387]LogShaderCompilers: Display: Worker (11/13): shaders left to compile 17
[2020.01.22-23.34.10:332][404]LogShaderCompilers: Display: Worker (9/13): shaders left to compile 15
[2020.01.22-23.34.10:547][417]LogShaderCompilers: Display: Worker (10/13): shaders left to compile 13
[2020.01.22-23.34.10:644][423]LogShaderCompilers: Display: Worker (1/13): shaders left to compile 11
[2020.01.22-23.34.10:836][429]LogEditorViewport: Clicking on Actor (LMB): StaticMeshActor (SM_Rock3_low5)
[2020.01.22-23.34.13:959][555]LogShaderCompilers: Display: Worker (4/13): shaders left to compile 10
[2020.01.22-23.34.13:960][555]LogEditorViewport: Clicking on Actor (LMB): BP_Sky_Sphere_C (Sky Sphere)
[2020.01.22-23.34.14:188][562]LogShaderCompilers: Display: Worker (3/13): shaders left to compile 9
[2020.01.22-23.34.14:620][583]LogShaderCompilers: Display: Worker (3/13): shaders left to compile 8
[2020.01.22-23.34.14:809][594]Cmd: SELECT NONE
[2020.01.22-23.34.14:819][594]LogShaderCompilers: Display: Worker (7/13): shaders left to compile 7
[2020.01.22-23.34.14:976][603]LogShaderCompilers: Display: Worker (5/13): shaders left to compile 6
[2020.01.22-23.34.15:025][606]LogShaderCompilers: Display: Worker (4/13): shaders left to compile 5
[2020.01.22-23.34.15:130][612]LogShaderCompilers: Display: Worker (11/13): shaders left to compile 4
[2020.01.22-23.34.15:233][618]LogShaderCompilers: Display: Worker (1/13): shaders left to compile 3
[2020.01.22-23.34.15:590][637]LogShaderCompilers: Display: Worker (10/13): shaders left to compile 2
[2020.01.22-23.34.15:603][638]LogShaderCompilers: Display: Worker (4/13): shaders left to compile 1
[2020.01.22-23.34.17:693][738]MaterialEditorStats: Base pass shader: 311 instructions
[2020.01.22-23.34.17:693][738]MaterialEditorStats: Base pass shader with Surface Lightmap: 345 instructions
[2020.01.22-23.34.17:693][738]MaterialEditorStats: Base pass shader with Volumetric Lightmap: 390 instructions
[2020.01.22-23.34.17:693][738]MaterialEditorStats: Base pass vertex shader: 137 instructions
[2020.01.22-23.34.17:693][738]MaterialEditorStats: Texture samplers: 4/16
[2020.01.22-23.34.19:768][963]LogEditorViewport: Clicking on Actor (LMB): StaticMeshActor (SM_River)
[2020.01.22-23.34.20:492][ 28]LogSlate: FSceneViewport::OnFocusLost() reason 0
[2020.01.22-23.34.21:718][137]LogMaterial: Display: Missing cached shader map for material Base_Colour, compiling. 
[2020.01.22-23.34.21:751][137]LogShaderCompilers: Display: Worker (1/13): shaders left to compile 53
[2020.01.22-23.34.21:751][137]LogShaderCompilers: Display: Worker (2/13): shaders left to compile 52
[2020.01.22-23.34.21:751][137]LogShaderCompilers: Display: Worker (3/13): shaders left to compile 51
[2020.01.22-23.34.21:751][137]LogShaderCompilers: Display: Worker (4/13): shaders left to compile 50
[2020.01.22-23.34.21:751][137]LogShaderCompilers: Display: Worker (5/13): shaders left to compile 49
[2020.01.22-23.34.21:751][137]LogShaderCompilers: Display: Worker (6/13): shaders left to compile 48
[2020.01.22-23.34.21:751][137]LogShaderCompilers: Display: Worker (7/13): shaders left to compile 47
[2020.01.22-23.34.21:751][137]LogShaderCompilers: Display: Worker (8/13): shaders left to compile 46
[2020.01.22-23.34.21:751][137]LogShaderCompilers: Display: Worker (9/13): shaders left to compile 45
[2020.01.22-23.34.21:751][137]LogShaderCompilers: Display: Worker (10/13): shaders left to compile 44
[2020.01.22-23.34.21:751][137]LogShaderCompilers: Display: Worker (11/13): shaders left to compile 43
[2020.01.22-23.34.21:751][137]LogShaderCompilers: Display: Worker (12/13): shaders left to compile 42
[2020.01.22-23.34.21:751][137]LogMaterial: Display: Missing cached shader map for material FMatExpressionPreview MaterialExpressionConstant4Vector_0, compiling. 
[2020.01.22-23.34.21:888][144]LogShaderCompilers: Display: Worker (1/13): shaders left to compile 45
[2020.01.22-23.34.21:909][145]LogShaderCompilers: Display: Worker (3/13): shaders left to compile 44
[2020.01.22-23.34.21:909][145]LogShaderCompilers: Display: Worker (4/13): shaders left to compile 43
[2020.01.22-23.34.21:947][147]LogShaderCompilers: Display: Worker (7/13): shaders left to compile 42
[2020.01.22-23.34.21:967][148]LogShaderCompilers: Display: Worker (11/13): shaders left to compile 41
[2020.01.22-23.34.21:976][148]LogMaterial: Display: Missing cached shader map for material Base_Colour, compiling. 
[2020.01.22-23.34.22:013][148]LogShaderCompilers: Display: Worker (9/13): shaders left to compile 4
[2020.01.22-23.34.22:022][148]LogShaderCompilers: Display: Worker (5/13): shaders left to compile 56
[2020.01.22-23.34.22:029][148]LogShaderCompilers: Display: Worker (1/13): shaders left to compile 55
[2020.01.22-23.34.22:029][148]LogMaterial: Display: Missing cached shader map for material FMatExpressionPreview MaterialExpressionConstant4Vector_0, compiling. 
[2020.01.22-23.34.22:038][148]LogShaderCompilers: Display: Worker (6/13): shaders left to compile 53
[2020.01.22-23.34.22:038][148]LogShaderCompilers: Display: Worker (8/13): shaders left to compile 52
[2020.01.22-23.34.22:051][148]LogShaderCompilers: Display: Worker (2/13): shaders left to compile 55
[2020.01.22-23.34.22:071][149]LogShaderCompilers: Display: Worker (10/13): shaders left to compile 54
[2020.01.22-23.34.22:071][149]LogShaderCompilers: Display: Worker (12/13): shaders left to compile 53
[2020.01.22-23.34.22:123][152]LogShaderCompilers: Display: Worker (3/13): shaders left to compile 52
[2020.01.22-23.34.22:214][156]LogShaderCompilers: Display: Worker (6/13): shaders left to compile 51
[2020.01.22-23.34.22:236][157]LogShaderCompilers: Display: Worker (2/13): shaders left to compile 50
[2020.01.22-23.34.22:256][158]LogShaderCompilers: Display: Worker (10/13): shaders left to compile 49
[2020.01.22-23.34.22:302][160]LogMaterial: Display: Missing cached shader map for material Base_Colour, compiling. 
[2020.01.22-23.34.22:353][160]LogMaterial: Display: Missing cached shader map for material FMatExpressionPreview MaterialExpressionConstant4Vector_0, compiling. 
[2020.01.22-23.34.22:364][160]LogShaderCompilers: Display: Worker (6/13): shaders left to compile 53
[2020.01.22-23.34.22:372][160]LogShaderCompilers: Display: Worker (8/13): shaders left to compile 56
[2020.01.22-23.34.22:372][160]LogShaderCompilers: Display: Worker (12/13): shaders left to compile 55
[2020.01.22-23.34.22:397][161]LogShaderCompilers: Display: Worker (3/13): shaders left to compile 54
[2020.01.22-23.34.22:401][161]LogShaderCompilers: Display: Worker (1/13): shaders left to compile 53
[2020.01.22-23.34.22:435][163]LogShaderCompilers: Display: Worker (10/13): shaders left to compile 52
[2020.01.22-23.34.22:452][164]LogShaderCompilers: Display: Worker (9/13): shaders left to compile 51
[2020.01.22-23.34.22:452][164]LogShaderCompilers: Display: Worker (5/13): shaders left to compile 50
[2020.01.22-23.34.22:471][165]LogShaderCompilers: Display: Worker (2/13): shaders left to compile 49
[2020.01.22-23.34.22:533][168]LogShaderCompilers: Display: Worker (6/13): shaders left to compile 48
[2020.01.22-23.34.22:553][169]LogShaderCompilers: Display: Worker (12/13): shaders left to compile 47
[2020.01.22-23.34.22:553][169]LogShaderCompilers: Display: Worker (3/13): shaders left to compile 46
[2020.01.22-23.34.22:598][171]LogShaderCompilers: Display: Worker (9/13): shaders left to compile 45
[2020.01.22-23.34.22:668][174]LogShaderCompilers: Display: Worker (2/13): shaders left to compile 44
[2020.01.22-23.34.22:690][175]LogShaderCompilers: Display: Worker (1/13): shaders left to compile 43
[2020.01.22-23.34.22:690][175]LogShaderCompilers: Display: Worker (8/13): shaders left to compile 42
[2020.01.22-23.34.22:690][175]LogShaderCompilers: Display: Worker (12/13): shaders left to compile 41
[2020.01.22-23.34.22:716][176]LogShaderCompilers: Display: Worker (5/13): shaders left to compile 40
[2020.01.22-23.34.22:716][176]LogShaderCompilers: Display: Worker (10/13): shaders left to compile 39
[2020.01.22-23.34.22:740][177]LogShaderCompilers: Display: Worker (9/13): shaders left to compile 38
[2020.01.22-23.34.22:797][180]LogShaderCompilers: Display: Worker (6/13): shaders left to compile 37
[2020.01.22-23.34.22:833][182]LogShaderCompilers: Display: Worker (3/13): shaders left to compile 36
[2020.01.22-23.34.22:833][182]LogShaderCompilers: Display: Worker (11/13): shaders left to compile 35
[2020.01.22-23.34.22:902][185]LogShaderCompilers: Display: Worker (2/13): shaders left to compile 34
[2020.01.22-23.34.23:260][199]LogShaderCompilers: Display: Worker (5/13): shaders left to compile 33
[2020.01.22-23.34.23:372][204]LogShaderCompilers: Display: Worker (3/13): shaders left to compile 32
[2020.01.22-23.34.23:540][212]LogMaterial: Display: Missing cached shader map for material Base_Colour, compiling. 
[2020.01.22-23.34.23:587][212]LogMaterial: Display: Missing cached shader map for material FMatExpressionPreview MaterialExpressionConstant4Vector_0, compiling. 
[2020.01.22-23.34.23:726][217]LogShaderCompilers: Display: Worker (12/13): shaders left to compile 57
[2020.01.22-23.34.23:810][219]LogShaderCompilers: Display: Worker (6/13): shaders left to compile 56
[2020.01.22-23.34.23:892][222]LogShaderCompilers: Display: Worker (3/13): shaders left to compile 55
[2020.01.22-23.34.23:917][223]LogShaderCompilers: Display: Worker (12/13): shaders left to compile 54
[2020.01.22-23.34.24:080][230]LogShaderCompilers: Display: Worker (12/13): shaders left to compile 53
[2020.01.22-23.34.24:101][231]LogShaderCompilers: Display: Worker (3/13): shaders left to compile 52
[2020.01.22-23.34.24:125][232]LogShaderCompilers: Display: Worker (6/13): shaders left to compile 51
[2020.01.22-23.34.24:191][235]LogShaderCompilers: Display: Worker (5/13): shaders left to compile 50
[2020.01.22-23.34.24:279][239]LogShaderCompilers: Display: Worker (6/13): shaders left to compile 49
[2020.01.22-23.34.24:388][244]LogShaderCompilers: Display: Worker (12/13): shaders left to compile 48
[2020.01.22-23.34.24:407][245]LogShaderCompilers: Display: Worker (3/13): shaders left to compile 47
[2020.01.22-23.34.24:435][246]LogMaterial: Display: Missing cached shader map for material Base_Colour, compiling. 
[2020.01.22-23.34.24:471][246]LogShaderCompilers: Display: Worker (5/13): shaders left to compile 4
[2020.01.22-23.34.24:484][246]LogMaterial: Display: Missing cached shader map for material FMatExpressionPreview MaterialExpressionConstant4Vector_0, compiling. 
[2020.01.22-23.34.24:494][246]LogShaderCompilers: Display: Worker (6/13): shaders left to compile 53
[2020.01.22-23.34.24:496][246]LogSlate: Window 'Color Picker' being destroyed
[2020.01.22-23.34.24:565][248]LogShaderCompilers: Display: Worker (3/13): shaders left to compile 56
[2020.01.22-23.34.24:665][252]LogShaderCompilers: Display: Worker (12/13): shaders left to compile 55
[2020.01.22-23.34.24:665][252]LogShaderCompilers: Display: Worker (6/13): shaders left to compile 54
[2020.01.22-23.34.24:839][259]LogShaderCompilers: Display: Worker (12/13): shaders left to compile 53
[2020.01.22-23.34.24:864][260]LogShaderCompilers: Display: Worker (6/13): shaders left to compile 52
[2020.01.22-23.34.24:911][262]LogShaderCompilers: Display: Worker (3/13): shaders left to compile 51
[2020.01.22-23.34.24:911][262]LogShaderCompilers: Display: Worker (5/13): shaders left to compile 50
[2020.01.22-23.34.25:057][268]LogShaderCompilers: Display: Worker (3/13): shaders left to compile 49
[2020.01.22-23.34.25:161][271]LogShaderCompilers: Display: Worker (12/13): shaders left to compile 48
[2020.01.22-23.34.25:161][271]LogShaderCompilers: Display: Worker (6/13): shaders left to compile 47
[2020.01.22-23.34.25:187][272]LogShaderCompilers: Display: Worker (5/13): shaders left to compile 46
[2020.01.22-23.34.25:263][275]LogShaderCompilers: Display: Worker (3/13): shaders left to compile 45
[2020.01.22-23.34.25:314][277]LogShaderCompilers: Display: Worker (6/13): shaders left to compile 44
[2020.01.22-23.34.25:402][281]LogShaderCompilers: Display: Worker (3/13): shaders left to compile 43
[2020.01.22-23.34.25:428][282]LogShaderCompilers: Display: Worker (12/13): shaders left to compile 42
[2020.01.22-23.34.25:471][284]LogShaderCompilers: Display: Worker (5/13): shaders left to compile 41
[2020.01.22-23.34.25:646][289]LogShaderCompilers: Display: Worker (6/13): shaders left to compile 40
[2020.01.22-23.34.26:006][300]LogShaderCompilers: Display: Worker (4/13): shaders left to compile 39
[2020.01.22-23.34.26:107][303]LogShaderCompilers: Display: Worker (6/13): shaders left to compile 38
[2020.01.22-23.34.26:422][315]LogShaderCompilers: Display: Worker (5/13): shaders left to compile 37
[2020.01.22-23.34.26:606][322]LogShaderCompilers: Display: Worker (7/13): shaders left to compile 36
[2020.01.22-23.34.26:607][322]LogMaterialEditor: Applying material Base_Colour
[2020.01.22-23.34.27:248][322]LogShaderCompilers: Display: Worker (10/13): shaders left to compile 35
[2020.01.22-23.34.27:248][322]LogShaderCompilers: Display: Worker (7/13): shaders left to compile 34
[2020.01.22-23.34.27:248][322]LogShaderCompilers: Display: Worker (2/13): shaders left to compile 33
[2020.01.22-23.34.27:248][322]LogShaderCompilers: Display: Worker (11/13): shaders left to compile 32
[2020.01.22-23.34.27:293][322]LogShaderCompilers: Display: Worker (9/13): shaders left to compile 4
[2020.01.22-23.34.27:294][322]LogMaterial: Display: Missing cached shader map for material Base_Colour, compiling. 
[2020.01.22-23.34.27:444][322]LogShaderCompilers: Display: Worker (1/13): shaders left to compile 3
[2020.01.22-23.34.27:444][322]LogShaderCompilers: Display: Worker (5/13): shaders left to compile 2
[2020.01.22-23.34.27:444][322]LogShaderCompilers: Display: Worker (8/13): shaders left to compile 1
[2020.01.22-23.34.27:476][322]LogMaterial: Display: Missing cached shader map for material Base_Colour, compiling. 
[2020.01.22-23.34.27:522][322]LogMaterial: Display: Missing cached shader map for material Base_Colour, compiling. 
[2020.01.22-23.34.27:596][322]LogShaderCompilers: Display: Worker (11/13): shaders left to compile 107
[2020.01.22-23.34.27:596][322]LogUObjectHash: Compacting FUObjectHashTables data took   1.23ms
[2020.01.22-23.34.27:608][322]LogMaterial: Display: Missing cached shader map for material DebugViewMode MaterialTexCoordScale, compiling. 
[2020.01.22-23.34.35:465][322]LogShaderCompilers: Display: Worker (8/13): shaders left to compile 108
[2020.01.22-23.34.35:465][322]LogShaderCompilers: Display: Worker (5/13): shaders left to compile 107
[2020.01.22-23.34.35:465][322]LogShaderCompilers: Display: Worker (9/13): shaders left to compile 106
[2020.01.22-23.34.35:465][322]LogShaderCompilers: Display: Worker (1/13): shaders left to compile 105
[2020.01.22-23.34.35:465][322]LogShaderCompilers: Display: Worker (11/13): shaders left to compile 104
[2020.01.22-23.34.35:465][322]LogShaderCompilers: Display: Worker (9/13): shaders left to compile 103
[2020.01.22-23.34.35:465][322]LogShaderCompilers: Display: Worker (5/13): shaders left to compile 102
[2020.01.22-23.34.35:465][322]LogShaderCompilers: Display: Worker (8/13): shaders left to compile 101
[2020.01.22-23.34.35:465][322]LogShaderCompilers: Display: Worker (1/13): shaders left to compile 100
[2020.01.22-23.34.35:465][322]LogShaderCompilers: Display: Worker (11/13): shaders left to compile 99
[2020.01.22-23.34.35:465][322]LogShaderCompilers: Display: Worker (9/13): shaders left to compile 98
[2020.01.22-23.34.35:465][322]LogShaderCompilers: Display: Worker (2/13): shaders left to compile 97
[2020.01.22-23.34.35:465][322]LogShaderCompilers: Display: Worker (5/13): shaders left to compile 96
[2020.01.22-23.34.35:465][322]LogShaderCompilers: Display: Worker (11/13): shaders left to compile 95
[2020.01.22-23.34.35:465][322]LogShaderCompilers: Display: Worker (8/13): shaders left to compile 94
[2020.01.22-23.34.35:465][322]LogShaderCompilers: Display: Worker (1/13): shaders left to compile 93
[2020.01.22-23.34.35:465][322]LogShaderCompilers: Display: Worker (2/13): shaders left to compile 92
[2020.01.22-23.34.35:465][322]LogShaderCompilers: Display: Worker (9/13): shaders left to compile 91
[2020.01.22-23.34.35:465][322]LogShaderCompilers: Display: Worker (5/13): shaders left to compile 90
[2020.01.22-23.34.35:465][322]LogShaderCompilers: Display: Worker (2/13): shaders left to compile 89
[2020.01.22-23.34.35:465][322]LogShaderCompilers: Display: Worker (1/13): shaders left to compile 88
[2020.01.22-23.34.35:465][322]LogShaderCompilers: Display: Worker (3/13): shaders left to compile 87
[2020.01.22-23.34.35:465][322]LogShaderCompilers: Display: Worker (1/13): shaders left to compile 86
[2020.01.22-23.34.35:465][322]LogShaderCompilers: Display: Worker (12/13): shaders left to compile 85
[2020.01.22-23.34.35:465][322]LogShaderCompilers: Display: Worker (2/13): shaders left to compile 84
[2020.01.22-23.34.35:465][322]LogShaderCompilers: Display: Worker (2/13): shaders left to compile 83
[2020.01.22-23.34.35:466][322]LogShaderCompilers: Display: Worker (6/13): shaders left to compile 82
[2020.01.22-23.34.35:466][322]LogShaderCompilers: Display: Worker (4/13): shaders left to compile 81
[2020.01.22-23.34.35:466][322]LogShaderCompilers: Display: Worker (12/13): shaders left to compile 80
[2020.01.22-23.34.35:466][322]LogShaderCompilers: Display: Worker (10/13): shaders left to compile 79
[2020.01.22-23.34.35:466][322]LogShaderCompilers: Display: Worker (12/13): shaders left to compile 78
[2020.01.22-23.34.35:466][322]LogShaderCompilers: Display: Worker (7/13): shaders left to compile 77
[2020.01.22-23.34.35:466][322]LogShaderCompilers: Display: Worker (4/13): shaders left to compile 76
[2020.01.22-23.34.35:466][322]LogShaderCompilers: Display: Worker (4/13): shaders left to compile 75
[2020.01.22-23.34.35:466][322]LogShaderCompilers: Display: Worker (7/13): shaders left to compile 74
[2020.01.22-23.34.35:466][322]LogShaderCompilers: Display: Worker (11/13): shaders left to compile 73
[2020.01.22-23.34.35:466][322]LogShaderCompilers: Display: Worker (9/13): shaders left to compile 72
[2020.01.22-23.34.35:466][322]LogShaderCompilers: Display: Worker (5/13): shaders left to compile 71
[2020.01.22-23.34.35:466][322]LogShaderCompilers: Display: Worker (9/13): shaders left to compile 70
[2020.01.22-23.34.35:466][322]LogShaderCompilers: Display: Worker (8/13): shaders left to compile 69
[2020.01.22-23.34.35:466][322]LogShaderCompilers: Display: Worker (11/13): shaders left to compile 68
[2020.01.22-23.34.35:466][322]LogShaderCompilers: Display: Worker (3/13): shaders left to compile 67
[2020.01.22-23.34.35:466][322]LogShaderCompilers: Display: Worker (11/13): shaders left to compile 66
[2020.01.22-23.34.35:466][322]LogShaderCompilers: Display: Worker (8/13): shaders left to compile 65
[2020.01.22-23.34.35:466][322]LogShaderCompilers: Display: Worker (1/13): shaders left to compile 64
[2020.01.22-23.34.35:466][322]LogShaderCompilers: Display: Worker (1/13): shaders left to compile 63
[2020.01.22-23.34.35:466][322]LogShaderCompilers: Display: Worker (2/13): shaders left to compile 62
[2020.01.22-23.34.35:466][322]LogShaderCompilers: Display: Worker (8/13): shaders left to compile 61
[2020.01.22-23.34.35:466][322]LogShaderCompilers: Display: Worker (6/13): shaders left to compile 60
[2020.01.22-23.34.35:466][322]LogShaderCompilers: Display: Worker (10/13): shaders left to compile 59
[2020.01.22-23.34.35:466][322]LogShaderCompilers: Display: Worker (6/13): shaders left to compile 58
[2020.01.22-23.34.35:466][322]LogShaderCompilers: Display: Worker (12/13): shaders left to compile 57
[2020.01.22-23.34.35:466][322]LogShaderCompilers: Display: Worker (8/13): shaders left to compile 56
[2020.01.22-23.34.35:466][322]LogShaderCompilers: Display: Worker (12/13): shaders left to compile 55
[2020.01.22-23.34.35:466][322]LogShaderCompilers: Display: Worker (4/13): shaders left to compile 54
[2020.01.22-23.34.35:466][322]LogShaderCompilers: Display: Worker (10/13): shaders left to compile 49
[2020.01.22-23.34.35:466][322]LogShaderCompilers: Display: Worker (8/13): shaders left to compile 44
[2020.01.22-23.34.35:466][322]LogShaderCompilers: Display: Worker (7/13): shaders left to compile 40
[2020.01.22-23.34.35:466][322]LogShaderCompilers: Display: Worker (6/13): shaders left to compile 36
[2020.01.22-23.34.35:466][322]LogShaderCompilers: Display: Worker (12/13): shaders left to compile 32
[2020.01.22-23.34.35:469][322]TextureStreamingBuild: Display: Compiling optional shaders took 7.873 seconds.
[2020.01.22-23.34.35:508][322]LogUObjectHash: Compacting FUObjectHashTables data took   1.01ms
[2020.01.22-23.34.36:122][348]LogShaderCompilers: Display: Worker (8/13): shaders left to compile 29
[2020.01.22-23.34.36:200][352]LogShaderCompilers: Display: Worker (4/13): shaders left to compile 26
[2020.01.22-23.34.36:380][361]LogShaderCompilers: Display: Worker (10/13): shaders left to compile 23
[2020.01.22-23.34.36:587][371]LogShaderCompilers: Display: Worker (5/13): shaders left to compile 21
[2020.01.22-23.34.36:822][382]LogShaderCompilers: Display: Worker (9/13): shaders left to compile 19
[2020.01.22-23.34.37:212][394]LogShaderCompilers: Display: Worker (3/13): shaders left to compile 17
[2020.01.22-23.34.37:517][405]LogShaderCompilers: Display: Worker (11/13): shaders left to compile 15
[2020.01.22-23.34.37:799][419]LogShaderCompilers: Display: Worker (1/13): shaders left to compile 13
[2020.01.22-23.34.39:253][487]LogShaderCompilers: Display: Worker (2/13): shaders left to compile 11
[2020.01.22-23.34.39:443][494]Cmd: SELECT NONE
[2020.01.22-23.34.40:947][579]LogShaderCompilers: Display: Worker (5/13): shaders left to compile 10
[2020.01.22-23.34.41:532][613]LogShaderCompilers: Display: Worker (10/13): shaders left to compile 9
[2020.01.22-23.34.41:595][617]LogShaderCompilers: Display: Worker (4/13): shaders left to compile 8
[2020.01.22-23.34.41:657][621]LogShaderCompilers: Display: Worker (9/13): shaders left to compile 7
[2020.01.22-23.34.41:810][630]LogShaderCompilers: Display: Worker (5/13): shaders left to compile 6
[2020.01.22-23.34.41:982][640]LogShaderCompilers: Display: Worker (10/13): shaders left to compile 5
[2020.01.22-23.34.42:190][652]LogShaderCompilers: Display: Worker (3/13): shaders left to compile 4
[2020.01.22-23.34.42:390][664]LogShaderCompilers: Display: Worker (10/13): shaders left to compile 3
[2020.01.22-23.34.42:438][667]LogShaderCompilers: Display: Worker (1/13): shaders left to compile 2
[2020.01.22-23.34.42:662][681]LogShaderCompilers: Display: Worker (5/13): shaders left to compile 1
[2020.01.22-23.34.44:896][864]MaterialEditorStats: Base pass shader: 311 instructions
[2020.01.22-23.34.44:896][864]MaterialEditorStats: Base pass shader with Surface Lightmap: 345 instructions
[2020.01.22-23.34.44:896][864]MaterialEditorStats: Base pass shader with Volumetric Lightmap: 390 instructions
[2020.01.22-23.34.44:896][864]MaterialEditorStats: Base pass vertex shader: 137 instructions
[2020.01.22-23.34.44:896][864]MaterialEditorStats: Texture samplers: 4/16
[2020.01.22-23.34.49:816][442]LogSlate: FSceneViewport::OnFocusLost() reason 0
[2020.01.22-23.34.51:227][598]LogMaterial: Display: Missing cached shader map for material Base_Colour, compiling. 
[2020.01.22-23.34.51:255][598]LogShaderCompilers: Display: Worker (1/13): shaders left to compile 53
[2020.01.22-23.34.51:255][598]LogShaderCompilers: Display: Worker (2/13): shaders left to compile 52
[2020.01.22-23.34.51:255][598]LogShaderCompilers: Display: Worker (3/13): shaders left to compile 51
[2020.01.22-23.34.51:255][598]LogShaderCompilers: Display: Worker (4/13): shaders left to compile 50
[2020.01.22-23.34.51:255][598]LogShaderCompilers: Display: Worker (5/13): shaders left to compile 49
[2020.01.22-23.34.51:255][598]LogShaderCompilers: Display: Worker (6/13): shaders left to compile 48
[2020.01.22-23.34.51:255][598]LogShaderCompilers: Display: Worker (7/13): shaders left to compile 47
[2020.01.22-23.34.51:255][598]LogShaderCompilers: Display: Worker (8/13): shaders left to compile 46
[2020.01.22-23.34.51:255][598]LogShaderCompilers: Display: Worker (9/13): shaders left to compile 45
[2020.01.22-23.34.51:256][598]LogShaderCompilers: Display: Worker (10/13): shaders left to compile 44
[2020.01.22-23.34.51:256][598]LogShaderCompilers: Display: Worker (11/13): shaders left to compile 43
[2020.01.22-23.34.51:256][598]LogShaderCompilers: Display: Worker (12/13): shaders left to compile 42
[2020.01.22-23.34.51:258][598]LogMaterial: Display: Missing cached shader map for material FMatExpressionPreview MaterialExpressionConstant4Vector_0, compiling. 
[2020.01.22-23.34.51:397][606]LogShaderCompilers: Display: Worker (3/13): shaders left to compile 45
[2020.01.22-23.34.51:419][607]LogShaderCompilers: Display: Worker (1/13): shaders left to compile 44
[2020.01.22-23.34.51:419][607]LogShaderCompilers: Display: Worker (4/13): shaders left to compile 43
[2020.01.22-23.34.51:438][608]LogShaderCompilers: Display: Worker (7/13): shaders left to compile 42
[2020.01.22-23.34.51:485][611]LogShaderCompilers: Display: Worker (11/13): shaders left to compile 41
[2020.01.22-23.34.51:501][612]LogShaderCompilers: Display: Worker (9/13): shaders left to compile 40
[2020.01.22-23.34.51:541][614]LogShaderCompilers: Display: Worker (5/13): shaders left to compile 39
[2020.01.22-23.34.51:541][614]LogShaderCompilers: Display: Worker (3/13): shaders left to compile 38
[2020.01.22-23.34.51:555][615]LogShaderCompilers: Display: Worker (2/13): shaders left to compile 37
[2020.01.22-23.34.51:555][615]LogShaderCompilers: Display: Worker (6/13): shaders left to compile 36
[2020.01.22-23.34.51:574][616]LogShaderCompilers: Display: Worker (8/13): shaders left to compile 35
[2020.01.22-23.34.51:575][616]LogShaderCompilers: Display: Worker (10/13): shaders left to compile 34
[2020.01.22-23.34.51:575][616]LogShaderCompilers: Display: Worker (12/13): shaders left to compile 33
[2020.01.22-23.34.51:627][619]LogShaderCompilers: Display: Worker (1/13): shaders left to compile 32
[2020.01.22-23.34.52:015][638]LogShaderCompilers: Display: Worker (9/13): shaders left to compile 31
[2020.01.22-23.34.52:048][640]LogShaderCompilers: Display: Worker (6/13): shaders left to compile 30
[2020.01.22-23.34.52:133][645]LogShaderCompilers: Display: Worker (1/13): shaders left to compile 29
[2020.01.22-23.34.52:358][658]LogMaterial: Display: Missing cached shader map for material Base_Colour, compiling. 
[2020.01.22-23.34.52:408][658]LogMaterial: Display: Missing cached shader map for material FMatExpressionPreview MaterialExpressionConstant4Vector_0, compiling. 
[2020.01.22-23.34.52:420][658]LogSlate: Window 'Color Picker' being destroyed
[2020.01.22-23.34.52:429][658]LogShaderCompilers: Display: Worker (11/13): shaders left to compile 57
[2020.01.22-23.34.52:492][661]LogShaderCompilers: Display: Worker (2/13): shaders left to compile 56
[2020.01.22-23.34.52:525][663]LogShaderCompilers: Display: Worker (12/13): shaders left to compile 55
[2020.01.22-23.34.52:612][668]LogShaderCompilers: Display: Worker (11/13): shaders left to compile 54
[2020.01.22-23.34.52:701][673]LogShaderCompilers: Display: Worker (12/13): shaders left to compile 53
[2020.01.22-23.34.52:799][679]LogShaderCompilers: Display: Worker (11/13): shaders left to compile 52
[2020.01.22-23.34.52:833][681]LogShaderCompilers: Display: Worker (2/13): shaders left to compile 51
[2020.01.22-23.34.52:981][690]LogShaderCompilers: Display: Worker (12/13): shaders left to compile 50
[2020.01.22-23.34.52:981][690]LogShaderCompilers: Display: Worker (2/13): shaders left to compile 49
[2020.01.22-23.34.52:999][691]LogShaderCompilers: Display: Worker (1/13): shaders left to compile 48
[2020.01.22-23.34.53:095][697]LogShaderCompilers: Display: Worker (11/13): shaders left to compile 47
[2020.01.22-23.34.53:184][702]LogShaderCompilers: Display: Worker (2/13): shaders left to compile 46
[2020.01.22-23.34.53:247][706]LogShaderCompilers: Display: Worker (12/13): shaders left to compile 45
[2020.01.22-23.34.53:264][707]LogShaderCompilers: Display: Worker (11/13): shaders left to compile 44
[2020.01.22-23.34.53:279][708]LogShaderCompilers: Display: Worker (1/13): shaders left to compile 43
[2020.01.22-23.34.53:392][715]LogShaderCompilers: Display: Worker (12/13): shaders left to compile 42
[2020.01.22-23.34.53:443][718]LogShaderCompilers: Display: Worker (2/13): shaders left to compile 41
[2020.01.22-23.34.53:526][723]LogShaderCompilers: Display: Worker (11/13): shaders left to compile 40
[2020.01.22-23.34.54:010][750]LogShaderCompilers: Display: Worker (11/13): shaders left to compile 39
[2020.01.22-23.34.54:501][779]LogShaderCompilers: Display: Worker (2/13): shaders left to compile 38
[2020.01.22-23.34.55:753][850]LogShaderCompilers: Display: Worker (4/13): shaders left to compile 37
[2020.01.22-23.34.55:825][854]LogShaderCompilers: Display: Worker (5/13): shaders left to compile 36
[2020.01.22-23.34.55:842][855]LogShaderCompilers: Display: Worker (8/13): shaders left to compile 35
[2020.01.22-23.34.55:939][859]LogShaderCompilers: Display: Worker (10/13): shaders left to compile 34
[2020.01.22-23.34.56:118][869]LogShaderCompilers: Display: Worker (7/13): shaders left to compile 33
[2020.01.22-23.34.56:190][873]LogShaderCompilers: Display: Worker (3/13): shaders left to compile 32
[2020.01.22-23.34.56:293][874]LogShaderCompilers: Display: Worker (5/13): shaders left to compile 31
[2020.01.22-23.34.56:344][877]LogShaderCompilers: Display: Worker (9/13): shaders left to compile 30
[2020.01.22-23.34.56:473][885]LogShaderCompilers: Display: Worker (6/13): shaders left to compile 29
[2020.01.22-23.34.56:670][896]LogShaderCompilers: Display: Worker (3/13): shaders left to compile 28
[2020.01.22-23.34.56:671][896]LogShaderCompilers: Display: Worker (4/13): shaders left to compile 27
[2020.01.22-23.34.57:071][920]LogShaderCompilers: Display: Worker (7/13): shaders left to compile 26
[2020.01.22-23.34.57:088][921]LogShaderCompilers: Display: Worker (3/13): shaders left to compile 25
[2020.01.22-23.34.57:373][938]LogShaderCompilers: Display: Worker (6/13): shaders left to compile 24
[2020.01.22-23.34.57:656][954]LogShaderCompilers: Display: Worker (1/13): shaders left to compile 23
[2020.01.22-23.34.57:823][964]LogShaderCompilers: Display: Worker (6/13): shaders left to compile 22
[2020.01.22-23.34.58:017][975]LogShaderCompilers: Display: Worker (3/13): shaders left to compile 21
[2020.01.22-23.34.58:086][979]LogShaderCompilers: Display: Worker (12/13): shaders left to compile 20
[2020.01.22-23.34.58:399][997]LogShaderCompilers: Display: Worker (11/13): shaders left to compile 19
[2020.01.22-23.34.58:530][  5]LogShaderCompilers: Display: Worker (12/13): shaders left to compile 18
[2020.01.22-23.34.58:920][ 27]LogShaderCompilers: Display: Worker (3/13): shaders left to compile 17
[2020.01.22-23.34.59:223][ 44]LogShaderCompilers: Display: Worker (2/13): shaders left to compile 16
[2020.01.22-23.34.59:668][ 70]LogShaderCompilers: Display: Worker (2/13): shaders left to compile 15
[2020.01.22-23.34.59:824][ 79]LogShaderCompilers: Display: Worker (3/13): shaders left to compile 14
[2020.01.22-23.35.00:016][ 90]LogShaderCompilers: Display: Worker (8/13): shaders left to compile 13
[2020.01.22-23.35.00:290][105]LogShaderCompilers: Display: Worker (10/13): shaders left to compile 12
[2020.01.22-23.35.00:596][122]LogShaderCompilers: Display: Worker (5/13): shaders left to compile 11
[2020.01.22-23.35.00:739][131]LogShaderCompilers: Display: Worker (10/13): shaders left to compile 10
[2020.01.22-23.35.00:756][132]LogShaderCompilers: Display: Worker (9/13): shaders left to compile 9
[2020.01.22-23.35.00:972][145]LogShaderCompilers: Display: Worker (8/13): shaders left to compile 8
[2020.01.22-23.35.01:025][148]LogShaderCompilers: Display: Worker (4/13): shaders left to compile 7
[2020.01.22-23.35.01:423][172]LogShaderCompilers: Display: Worker (8/13): shaders left to compile 6
[2020.01.22-23.35.01:668][187]LogShaderCompilers: Display: Worker (4/13): shaders left to compile 5
[2020.01.22-23.35.01:686][188]LogShaderCompilers: Display: Worker (7/13): shaders left to compile 4
[2020.01.22-23.35.01:686][188]LogShaderCompilers: Display: Worker (9/13): shaders left to compile 3
[2020.01.22-23.35.01:735][191]LogShaderCompilers: Display: Worker (1/13): shaders left to compile 2
[2020.01.22-23.35.01:948][204]LogShaderCompilers: Display: Worker (6/13): shaders left to compile 1
[2020.01.22-23.35.03:532][328]MaterialEditorStats: Base pass shader: 311 instructions
[2020.01.22-23.35.03:532][328]MaterialEditorStats: Base pass shader with Surface Lightmap: 345 instructions
[2020.01.22-23.35.03:532][328]MaterialEditorStats: Base pass shader with Volumetric Lightmap: 390 instructions
[2020.01.22-23.35.03:532][328]MaterialEditorStats: Base pass vertex shader: 137 instructions
[2020.01.22-23.35.03:532][328]MaterialEditorStats: Texture samplers: 4/16
[2020.01.22-23.35.06:107][632]LogMaterialEditor: Saving and Compiling material Base_Colour
[2020.01.22-23.35.06:484][632]LogMaterial: Display: Missing cached shader map for material Base_Colour, compiling. 
[2020.01.22-23.35.06:588][632]LogShaderCompilers: Display: Worker (1/13): shaders left to compile 53
[2020.01.22-23.35.06:588][632]LogShaderCompilers: Display: Worker (2/13): shaders left to compile 52
[2020.01.22-23.35.06:588][632]LogShaderCompilers: Display: Worker (3/13): shaders left to compile 51
[2020.01.22-23.35.06:588][632]LogShaderCompilers: Display: Worker (4/13): shaders left to compile 50
[2020.01.22-23.35.06:588][632]LogShaderCompilers: Display: Worker (5/13): shaders left to compile 49
[2020.01.22-23.35.06:588][632]LogShaderCompilers: Display: Worker (6/13): shaders left to compile 48
[2020.01.22-23.35.06:588][632]LogShaderCompilers: Display: Worker (7/13): shaders left to compile 47
[2020.01.22-23.35.06:588][632]LogShaderCompilers: Display: Worker (8/13): shaders left to compile 46
[2020.01.22-23.35.06:588][632]LogShaderCompilers: Display: Worker (9/13): shaders left to compile 45
[2020.01.22-23.35.06:588][632]LogShaderCompilers: Display: Worker (10/13): shaders left to compile 44
[2020.01.22-23.35.06:588][632]LogShaderCompilers: Display: Worker (11/13): shaders left to compile 43
[2020.01.22-23.35.06:588][632]LogShaderCompilers: Display: Worker (12/13): shaders left to compile 42
[2020.01.22-23.35.06:597][632]LogMaterial: Display: Missing cached shader map for material Base_Colour, compiling. 
[2020.01.22-23.35.06:627][632]LogMaterial: Display: Missing cached shader map for material Base_Colour, compiling. 
[2020.01.22-23.35.06:699][632]LogUObjectHash: Compacting FUObjectHashTables data took   1.15ms
[2020.01.22-23.35.06:712][632]LogMaterial: Display: Missing cached shader map for material DebugViewMode MaterialTexCoordScale, compiling. 
[2020.01.22-23.35.12:659][632]LogShaderCompilers: Display: Worker (1/13): shaders left to compile 95
[2020.01.22-23.35.12:659][632]LogShaderCompilers: Display: Worker (4/13): shaders left to compile 96
[2020.01.22-23.35.12:659][632]LogShaderCompilers: Display: Worker (3/13): shaders left to compile 95
[2020.01.22-23.35.12:659][632]LogShaderCompilers: Display: Worker (7/13): shaders left to compile 94
[2020.01.22-23.35.12:659][632]LogShaderCompilers: Display: Worker (11/13): shaders left to compile 93
[2020.01.22-23.35.12:659][632]LogShaderCompilers: Display: Worker (1/13): shaders left to compile 92
[2020.01.22-23.35.12:659][632]LogShaderCompilers: Display: Worker (9/13): shaders left to compile 91
[2020.01.22-23.35.12:659][632]LogShaderCompilers: Display: Worker (6/13): shaders left to compile 90
[2020.01.22-23.35.12:659][632]LogShaderCompilers: Display: Worker (5/13): shaders left to compile 89
[2020.01.22-23.35.12:659][632]LogShaderCompilers: Display: Worker (2/13): shaders left to compile 88
[2020.01.22-23.35.12:659][632]LogShaderCompilers: Display: Worker (8/13): shaders left to compile 87
[2020.01.22-23.35.12:659][632]LogShaderCompilers: Display: Worker (10/13): shaders left to compile 86
[2020.01.22-23.35.12:659][632]LogShaderCompilers: Display: Worker (12/13): shaders left to compile 85
[2020.01.22-23.35.12:659][632]LogShaderCompilers: Display: Worker (4/13): shaders left to compile 84
[2020.01.22-23.35.12:659][632]LogShaderCompilers: Display: Worker (1/13): shaders left to compile 83
[2020.01.22-23.35.12:659][632]LogShaderCompilers: Display: Worker (2/13): shaders left to compile 82
[2020.01.22-23.35.12:659][632]LogShaderCompilers: Display: Worker (4/13): shaders left to compile 81
[2020.01.22-23.35.12:659][632]LogShaderCompilers: Display: Worker (11/13): shaders left to compile 80
[2020.01.22-23.35.12:659][632]LogShaderCompilers: Display: Worker (5/13): shaders left to compile 79
[2020.01.22-23.35.12:659][632]LogShaderCompilers: Display: Worker (12/13): shaders left to compile 78
[2020.01.22-23.35.12:659][632]LogShaderCompilers: Display: Worker (11/13): shaders left to compile 77
[2020.01.22-23.35.12:659][632]LogShaderCompilers: Display: Worker (4/13): shaders left to compile 76
[2020.01.22-23.35.12:659][632]LogShaderCompilers: Display: Worker (4/13): shaders left to compile 75
[2020.01.22-23.35.12:659][632]LogShaderCompilers: Display: Worker (11/13): shaders left to compile 74
[2020.01.22-23.35.12:659][632]LogShaderCompilers: Display: Worker (3/13): shaders left to compile 73
[2020.01.22-23.35.12:659][632]LogShaderCompilers: Display: Worker (8/13): shaders left to compile 72
[2020.01.22-23.35.12:659][632]LogShaderCompilers: Display: Worker (9/13): shaders left to compile 71
[2020.01.22-23.35.12:659][632]LogShaderCompilers: Display: Worker (10/13): shaders left to compile 70
[2020.01.22-23.35.12:659][632]LogShaderCompilers: Display: Worker (7/13): shaders left to compile 69
[2020.01.22-23.35.12:659][632]LogShaderCompilers: Display: Worker (6/13): shaders left to compile 68
[2020.01.22-23.35.12:659][632]LogShaderCompilers: Display: Worker (8/13): shaders left to compile 67
[2020.01.22-23.35.12:659][632]LogShaderCompilers: Display: Worker (1/13): shaders left to compile 66
[2020.01.22-23.35.12:659][632]LogShaderCompilers: Display: Worker (2/13): shaders left to compile 65
[2020.01.22-23.35.12:659][632]LogShaderCompilers: Display: Worker (3/13): shaders left to compile 64
[2020.01.22-23.35.12:659][632]LogShaderCompilers: Display: Worker (6/13): shaders left to compile 63
[2020.01.22-23.35.12:659][632]LogShaderCompilers: Display: Worker (5/13): shaders left to compile 62
[2020.01.22-23.35.12:659][632]LogShaderCompilers: Display: Worker (3/13): shaders left to compile 61
[2020.01.22-23.35.12:659][632]LogShaderCompilers: Display: Worker (7/13): shaders left to compile 60
[2020.01.22-23.35.12:659][632]LogShaderCompilers: Display: Worker (12/13): shaders left to compile 59
[2020.01.22-23.35.12:660][632]LogShaderCompilers: Display: Worker (2/13): shaders left to compile 58
[2020.01.22-23.35.12:660][632]LogShaderCompilers: Display: Worker (7/13): shaders left to compile 57
[2020.01.22-23.35.12:660][632]LogShaderCompilers: Display: Worker (4/13): shaders left to compile 56
[2020.01.22-23.35.12:660][632]LogShaderCompilers: Display: Worker (4/13): shaders left to compile 55
[2020.01.22-23.35.12:660][632]LogShaderCompilers: Display: Worker (12/13): shaders left to compile 54
[2020.01.22-23.35.12:660][632]LogShaderCompilers: Display: Worker (7/13): shaders left to compile 49
[2020.01.22-23.35.12:660][632]LogShaderCompilers: Display: Worker (3/13): shaders left to compile 44
[2020.01.22-23.35.12:660][632]LogShaderCompilers: Display: Worker (11/13): shaders left to compile 40
[2020.01.22-23.35.12:660][632]LogShaderCompilers: Display: Worker (4/13): shaders left to compile 36
[2020.01.22-23.35.12:665][632]TextureStreamingBuild: Display: Compiling optional shaders took 5.966 seconds.
[2020.01.22-23.35.12:707][632]LogUObjectHash: Compacting FUObjectHashTables data took   1.49ms
[2020.01.22-23.35.12:714][632]LogShaderCompilers: Display: Worker (2/13): shaders left to compile 32
[2020.01.22-23.35.21:314][632]LogShaderCompilers: Display: Worker (3/13): shaders left to compile 29
[2020.01.22-23.35.21:314][632]LogShaderCompilers: Display: Worker (12/13): shaders left to compile 26
[2020.01.22-23.35.21:314][632]LogShaderCompilers: Display: Worker (7/13): shaders left to compile 23
[2020.01.22-23.35.21:314][632]LogShaderCompilers: Display: Worker (9/13): shaders left to compile 21
[2020.01.22-23.35.21:314][632]LogShaderCompilers: Display: Worker (10/13): shaders left to compile 19
[2020.01.22-23.35.21:314][632]LogShaderCompilers: Display: Worker (8/13): shaders left to compile 17
[2020.01.22-23.35.21:314][632]LogShaderCompilers: Display: Worker (6/13): shaders left to compile 15
[2020.01.22-23.35.21:314][632]LogShaderCompilers: Display: Worker (1/13): shaders left to compile 13
[2020.01.22-23.35.21:314][632]LogShaderCompilers: Display: Worker (5/13): shaders left to compile 11
[2020.01.22-23.35.21:314][632]LogShaderCompilers: Display: Worker (7/13): shaders left to compile 10
[2020.01.22-23.35.21:314][632]LogShaderCompilers: Display: Worker (12/13): shaders left to compile 9
[2020.01.22-23.35.21:314][632]LogShaderCompilers: Display: Worker (9/13): shaders left to compile 8
[2020.01.22-23.35.21:314][632]LogShaderCompilers: Display: Worker (12/13): shaders left to compile 7
[2020.01.22-23.35.21:314][632]LogShaderCompilers: Display: Worker (7/13): shaders left to compile 6
[2020.01.22-23.35.21:314][632]LogShaderCompilers: Display: Worker (8/13): shaders left to compile 5
[2020.01.22-23.35.21:314][632]LogShaderCompilers: Display: Worker (10/13): shaders left to compile 4
[2020.01.22-23.35.21:314][632]LogShaderCompilers: Display: Worker (5/13): shaders left to compile 3
[2020.01.22-23.35.21:314][632]LogShaderCompilers: Display: Worker (1/13): shaders left to compile 2
[2020.01.22-23.35.21:314][632]LogShaderCompilers: Display: Worker (8/13): shaders left to compile 1
[2020.01.22-23.35.21:338][632]Cmd: OBJ SAVEPACKAGE PACKAGE="/Game/Materials/Base_Colour" FILE="../../../../Art/Park_SFAS/Park/Content/Materials/Base_Colour.uasset" SILENT=true
[2020.01.22-23.35.21:358][632]LogSavePackage: Moving '../../../../Art/Park_SFAS/Park/Saved/Base_Colour16441DF0426990C8EC7DAA93CA454095.tmp' to '../../../../Art/Park_SFAS/Park/Content/Materials/Base_Colour.uasset'
[2020.01.22-23.35.24:389][990]LogSlate: FSceneViewport::OnFocusLost() reason 5
[2020.01.22-23.35.24:434][990]LogUObjectHash: Compacting FUObjectHashTables data took   0.75ms
[2020.01.22-23.35.24:434][990]Cmd: OBJ SAVEPACKAGE PACKAGE="/Game/Diorama" FILE="../../../../Art/Park_SFAS/Park/Saved/Autosaves/Game/Diorama_Auto2.umap" SILENT=true AUTOSAVING=true KEEPDIRTY=false
[2020.01.22-23.35.24:632][990]LogSavePackage: Moving '../../../../Art/Park_SFAS/Park/Saved/Diorama_Auto24E7D13C0442068F976745F8CD9EE73C8.tmp' to '../../../../Art/Park_SFAS/Park/Saved/Autosaves/Game/Diorama_Auto2.umap'
[2020.01.22-23.35.24:634][990]LogFileHelpers: Editor autosave (incl. sublevels) for '/Game/Diorama' took 0.236
[2020.01.22-23.35.24:634][990]LogFileHelpers: Editor autosave (incl. sublevels) for all levels took 0.236
[2020.01.22-23.35.30:552][695]LogEditorViewport: Clicking on Actor (LMB): SphereReflectionCapture (SphereReflectionCapture)
[2020.01.22-23.35.38:614][398]LogSlate: FSceneViewport::OnFocusLost() reason 0
[2020.01.22-23.35.53:691][853]Cmd: SELECT NONE
[2020.01.22-23.36.06:660][756]Cmd: SELECT NONE
[2020.01.22-23.36.11:288][123]Cmd: SELECT NONE
[2020.01.22-23.36.24:145][983]LogEditorViewport: Clicking on Actor (LMB): StaticMeshActor (SM_Pavilion)
[2020.01.22-23.36.25:022][ 28]Cmd: SELECT NONE
[2020.01.22-23.36.47:480][289]LogSlate: FSceneViewport::OnFocusLost() reason 0
[2020.01.22-23.36.47:564][299]LogSlate: Window 'Base_Colour' being destroyed
[2020.01.22-23.36.47:568][299]LogSlate: Window 'Base_Colour' being destroyed
[2020.01.22-23.36.47:596][299]LogWorld: UWorld::CleanupWorld for World_7, bSessionEnded=true, bCleanupResources=true
[2020.01.22-23.36.48:738][435]Cmd: SELECT NONE
[2020.01.22-23.45.24:877][133]LogUObjectHash: Compacting FUObjectHashTables data took   2.25ms
[2020.01.22-23.45.24:878][133]Cmd: OBJ SAVEPACKAGE PACKAGE="/Game/Diorama" FILE="../../../../Art/Park_SFAS/Park/Saved/Autosaves/Game/Diorama_Auto3.umap" SILENT=true AUTOSAVING=true KEEPDIRTY=false
[2020.01.22-23.45.25:089][133]LogSavePackage: Moving '../../../../Art/Park_SFAS/Park/Saved/Diorama_Auto3D98685234B0C2C2F06793696D0CFBAFB.tmp' to '../../../../Art/Park_SFAS/Park/Saved/Autosaves/Game/Diorama_Auto3.umap'
[2020.01.22-23.45.25:091][133]LogFileHelpers: Editor autosave (incl. sublevels) for '/Game/Diorama' took 0.246
[2020.01.22-23.45.25:091][133]LogFileHelpers: Editor autosave (incl. sublevels) for all levels took 0.246
[2020.01.23-00.08.04:438][197]LogD3D11RHI: Timed out while waiting for GPU to catch up. (0.5 s) (ErrorCode 00000001)
[2020.01.23-00.08.05:664][197]LogD3D11RHI: Timed out while waiting for GPU to catch up. (0.5 s) (ErrorCode 00000001)
[2020.01.23-00.08.06:734][198]LogD3D11RHI: Timed out while waiting for GPU to catch up. (0.5 s) (ErrorCode 00000001)
[2020.01.23-00.08.07:482][200]LogD3D11RHI: Timed out while waiting for GPU to catch up. (0.5 s) (ErrorCode 00000001)
[2020.01.23-00.08.08:982][200]LogD3D11RHI: Timed out while waiting for GPU to catch up. (0.5 s) (ErrorCode 00000001)
[2020.01.23-00.08.12:485][201]LogD3D11RHI: Timed out while waiting for GPU to catch up. (0.5 s) (ErrorCode 00000001)
[2020.01.23-00.08.13:985][201]LogD3D11RHI: Timed out while waiting for GPU to catch up. (0.5 s) (ErrorCode 00000001)
[2020.01.23-00.08.18:987][202]LogD3D11RHI: GetQueryData is taking a very long time (5.0 s)
[2020.01.23-00.08.23:986][202]LogD3D11RHI: GetQueryData is taking a very long time (10.0 s)
[2020.01.23-00.08.28:780][214]LogD3D11RHI: Timed out while waiting for GPU to catch up. (0.5 s) (ErrorCode 00000001)
[2020.01.23-00.08.30:282][215]LogD3D11RHI: Timed out while waiting for GPU to catch up. (0.5 s) (ErrorCode 00000001)
[2020.01.23-00.08.31:783][215]LogD3D11RHI: Timed out while waiting for GPU to catch up. (0.5 s) (ErrorCode 00000001)
[2020.01.23-00.08.35:285][216]LogD3D11RHI: Timed out while waiting for GPU to catch up. (0.5 s) (ErrorCode 00000001)
[2020.01.23-00.08.38:785][216]LogD3D11RHI: Timed out while waiting for GPU to catch up. (0.5 s) (ErrorCode 00000001)
[2020.01.23-00.08.42:289][217]LogD3D11RHI: Timed out while waiting for GPU to catch up. (0.5 s) (ErrorCode 00000001)
[2020.01.23-00.08.45:789][217]LogD3D11RHI: Timed out while waiting for GPU to catch up. (0.5 s) (ErrorCode 00000001)
[2020.01.23-00.08.46:292][218]LogD3D11RHI: Timed out while waiting for GPU to catch up. (500 ms)
[2020.01.23-00.08.49:792][218]LogD3D11RHI: Timed out while waiting for GPU to catch up. (0.5 s) (ErrorCode 00000001)
[2020.01.23-00.08.53:293][218]LogD3D11RHI: Timed out while waiting for GPU to catch up. (0.5 s) (ErrorCode 00000001)
[2020.01.23-00.08.53:795][219]LogD3D11RHI: Timed out while waiting for GPU to catch up. (500 ms)
[2020.01.23-00.08.57:297][219]LogD3D11RHI: Timed out while waiting for GPU to catch up. (0.5 s) (ErrorCode 00000001)
[2020.01.23-00.08.58:798][219]LogD3D11RHI: Timed out while waiting for GPU to catch up. (0.5 s) (ErrorCode 00000001)
[2020.01.23-00.08.59:298][220]LogD3D11RHI: Timed out while waiting for GPU to catch up. (500 ms)
[2020.01.23-00.09.04:299][220]LogD3D11RHI: GetQueryData is taking a very long time (5.0 s)
[2020.01.23-00.38.47:731][642]LogEditorViewport: Clicking on Actor (LMB): StaticMeshActor (SM_River)
[2020.01.23-00.38.48:382][713]LogEditorViewport: Clicking on Actor (LMB): StaticMeshActor (SM_Bridge)
[2020.01.23-00.38.49:263][812]LogSlate: FSceneViewport::OnFocusLost() reason 0
[2020.01.23-00.38.52:725][213]LogEditorFactories: Performing atomic reimport of [D:/Art/Park_SFAS/Models/SM_Bridge.fbx]
[2020.01.23-00.38.52:748][213]LogFbx: Loading FBX Scene from D:/Art/Park_SFAS/Models/SM_Bridge.fbx
[2020.01.23-00.38.52:754][213]LogFbx: FBX Scene Loaded Succesfully
[2020.01.23-00.38.52:770][213]LogFbx: Display: Triangulating static mesh polySurface8
[2020.01.23-00.38.52:911][213]LogStaticMesh: Building static mesh SM_Bridge...
[2020.01.23-00.38.52:950][213]LogStaticMesh: Built static mesh [0.04s] /Game/Meshes/SM_Bridge.SM_Bridge
[2020.01.23-00.38.54:319][213]LogSlate: Window 'Reimport Material Conflicts Resolution' being destroyed
[2020.01.23-00.38.54:324][213]LogEditorFactories: -- imported successfully
[2020.01.23-00.39.03:791][716]LogFactory: FactoryCreateFile: Texture with ReimportTextureFactory (0 0 ../../../../Art/Park_SFAS/Textures/Bridge/Bridge_polySurface8SG_BaseColor.tga)
[2020.01.23-00.39.03:841][716]LogTexture: Display: Building textures: Bridge_polySurface8SG_BaseColor (AutoDXT, 2048X2048)
[2020.01.23-00.39.04:215][716]LogFactory: FactoryCreateFile: Texture with ReimportTextureFactory (0 0 ../../../../Art/Park_SFAS/Textures/Bridge/Bridge_polySurface8SG_Normal.tga)
[2020.01.23-00.39.04:268][716]LogTexture: Display: Building textures: Bridge_polySurface8SG_Normal (BC5, 2048X2048)
[2020.01.23-00.39.04:416][716]LogFactory: FactoryCreateFile: Texture with ReimportTextureFactory (0 0 ../../../../Art/Park_SFAS/Textures/Bridge/Bridge_polySurface8SG_OcclusionRoughnessMetallic.tga)
[2020.01.23-00.39.04:460][716]LogTexture: Display: Building textures: Bridge_polySurface8SG_OcclusionRoughnessMetallic (AutoDXT, 2048X2048)
[2020.01.23-00.39.09:569][291]Cmd: OBJ SAVEPACKAGE PACKAGE="/Game/Textures/T_Bridge_polySurface8SG_BaseColor" FILE="../../../../Art/Park_SFAS/Park/Content/Textures/T_Bridge_polySurface8SG_BaseColor.uasset" SILENT=true
[2020.01.23-00.39.09:967][291]LogSavePackage: Moving '../../../../Art/Park_SFAS/Park/Saved/T_Bridge_polySurface8SG_BaseColo6F3398C0437EDF9CD81201989ECBD797.tmp' to '../../../../Art/Park_SFAS/Park/Content/Textures/T_Bridge_polySurface8SG_BaseColor.uasset'
[2020.01.23-00.39.10:094][291]LogUObjectHash: Compacting FUObjectHashTables data took   1.95ms
[2020.01.23-00.39.10:134][291]LogUObjectHash: Compacting FUObjectHashTables data took   1.54ms
[2020.01.23-00.39.10:170][291]LogUObjectHash: Compacting FUObjectHashTables data took   0.74ms
[2020.01.23-00.39.13:266][646]Cmd: OBJ SAVEPACKAGE PACKAGE="/Game/Textures/T_Bridge_polySurface8SG_Normal" FILE="../../../../Art/Park_SFAS/Park/Content/Textures/T_Bridge_polySurface8SG_Normal.uasset" SILENT=true
[2020.01.23-00.39.13:723][646]LogSavePackage: Moving '../../../../Art/Park_SFAS/Park/Saved/T_Bridge_polySurface8SG_NormalE80768944562B57CBC9E5BB7A6631CA2.tmp' to '../../../../Art/Park_SFAS/Park/Content/Textures/T_Bridge_polySurface8SG_Normal.uasset'
[2020.01.23-00.39.13:845][646]LogUObjectHash: Compacting FUObjectHashTables data took   0.98ms
[2020.01.23-00.39.13:885][646]LogUObjectHash: Compacting FUObjectHashTables data took   1.00ms
[2020.01.23-00.39.13:921][646]LogUObjectHash: Compacting FUObjectHashTables data took   0.73ms
[2020.01.23-00.39.16:862][962]LogSavePackage: Moving '../../../../Art/Park_SFAS/Park/Saved/T_Bridge_polySurface8SG_OcclusioECFE8DC6422D28D678A52B87AE593F73.tmp' to '../../../../Art/Park_SFAS/Park/Content/Textures/T_Bridge_polySurface8SG_OcclusionRoughnessMetallic.uasset'
[2020.01.23-00.39.16:978][962]LogUObjectHash: Compacting FUObjectHashTables data took   1.00ms
[2020.01.23-00.39.17:018][962]LogUObjectHash: Compacting FUObjectHashTables data took   0.99ms
[2020.01.23-00.39.17:053][962]LogUObjectHash: Compacting FUObjectHashTables data took   0.72ms
[2020.01.23-00.39.28:160][258]LogMaterial: Display: Missing cached shader map for material m_Bridge, compiling. 
[2020.01.23-00.39.28:203][259]LogShaderCompilers: Display: Worker (1/13): shaders left to compile 31
[2020.01.23-00.39.28:203][259]LogShaderCompilers: Display: Worker (2/13): shaders left to compile 28
[2020.01.23-00.39.28:203][259]LogShaderCompilers: Display: Worker (3/13): shaders left to compile 25
[2020.01.23-00.39.28:203][259]LogShaderCompilers: Display: Worker (4/13): shaders left to compile 22
[2020.01.23-00.39.28:203][259]LogShaderCompilers: Display: Worker (5/13): shaders left to compile 19
[2020.01.23-00.39.28:203][259]LogShaderCompilers: Display: Worker (6/13): shaders left to compile 16
[2020.01.23-00.39.28:203][259]LogShaderCompilers: Display: Worker (7/13): shaders left to compile 13
[2020.01.23-00.39.28:203][259]LogShaderCompilers: Display: Worker (8/13): shaders left to compile 10
[2020.01.23-00.39.28:203][259]LogShaderCompilers: Display: Worker (9/13): shaders left to compile 7
[2020.01.23-00.39.28:203][259]LogShaderCompilers: Display: Worker (10/13): shaders left to compile 4
[2020.01.23-00.39.28:203][259]LogShaderCompilers: Display: Worker (11/13): shaders left to compile 1
[2020.01.23-00.39.29:801][391]LogAssetEditorManager: Opening Asset editor for Material /Game/Materials/m_Bridge.m_Bridge
[2020.01.23-00.39.29:803][391]LogMaterial: Display: Missing cached shader map for material m_Bridge, compiling. 
[2020.01.23-00.39.29:858][391]LogMaterial: Display: Missing cached shader map for material m_Bridge, compiling. 
[2020.01.23-00.39.29:875][391]LogMaterial: Display: Missing cached shader map for material m_Bridge, compiling. 
[2020.01.23-00.39.29:899][391]LogShaderCompilers: Display: Worker (1/13): shaders left to compile 30
[2020.01.23-00.39.29:899][391]LogShaderCompilers: Display: Worker (2/13): shaders left to compile 29
[2020.01.23-00.39.29:899][391]LogShaderCompilers: Display: Worker (3/13): shaders left to compile 28
[2020.01.23-00.39.29:899][391]LogShaderCompilers: Display: Worker (4/13): shaders left to compile 27
[2020.01.23-00.39.29:899][391]LogShaderCompilers: Display: Worker (5/13): shaders left to compile 26
[2020.01.23-00.39.29:899][391]LogShaderCompilers: Display: Worker (6/13): shaders left to compile 25
[2020.01.23-00.39.29:899][391]LogShaderCompilers: Display: Worker (7/13): shaders left to compile 24
[2020.01.23-00.39.29:899][391]LogShaderCompilers: Display: Worker (8/13): shaders left to compile 23
[2020.01.23-00.39.29:899][391]LogShaderCompilers: Display: Worker (9/13): shaders left to compile 22
[2020.01.23-00.39.29:899][391]LogShaderCompilers: Display: Worker (10/13): shaders left to compile 21
[2020.01.23-00.39.29:899][391]LogShaderCompilers: Display: Worker (11/13): shaders left to compile 20
[2020.01.23-00.39.29:899][391]LogShaderCompilers: Display: Worker (12/13): shaders left to compile 19
[2020.01.23-00.39.29:902][391]LogMaterial: Display: Missing cached shader map for material FMatExpressionPreview MaterialExpressionTextureSample_0, compiling. 
[2020.01.23-00.39.29:908][391]LogMaterial: Display: Missing cached shader map for material FMatExpressionPreview MaterialExpressionTextureSample_2, compiling. 
[2020.01.23-00.39.29:914][391]LogMaterial: Display: Missing cached shader map for material FMatExpressionPreview MaterialExpressionTextureSample_1, compiling. 
[2020.01.23-00.39.30:100][396]LogShaderCompilers: Display: Worker (8/13): shaders left to compile 30
[2020.01.23-00.39.30:157][399]LogShaderCompilers: Display: Worker (1/13): shaders left to compile 29
[2020.01.23-00.39.30:176][400]LogShaderCompilers: Display: Worker (2/13): shaders left to compile 28
[2020.01.23-00.39.30:193][401]LogShaderCompilers: Display: Worker (3/13): shaders left to compile 27
[2020.01.23-00.39.30:212][402]LogShaderCompilers: Display: Worker (5/13): shaders left to compile 26
[2020.01.23-00.39.30:212][402]LogShaderCompilers: Display: Worker (4/13): shaders left to compile 25
[2020.01.23-00.39.30:230][403]LogShaderCompilers: Display: Worker (7/13): shaders left to compile 24
[2020.01.23-00.39.30:249][404]LogShaderCompilers: Display: Worker (6/13): shaders left to compile 23
[2020.01.23-00.39.30:249][404]LogShaderCompilers: Display: Worker (9/13): shaders left to compile 22
[2020.01.23-00.39.30:510][415]LogShaderCompilers: Display: Worker (12/13): shaders left to compile 21
[2020.01.23-00.39.30:616][420]LogShaderCompilers: Display: Worker (10/13): shaders left to compile 20
[2020.01.23-00.39.30:616][420]LogShaderCompilers: Display: Worker (2/13): shaders left to compile 19
[2020.01.23-00.39.30:639][421]LogShaderCompilers: Display: Worker (9/13): shaders left to compile 18
[2020.01.23-00.39.30:639][421]LogShaderCompilers: Display: Worker (4/13): shaders left to compile 17
[2020.01.23-00.39.30:661][422]LogShaderCompilers: Display: Worker (11/13): shaders left to compile 16
[2020.01.23-00.39.30:728][425]LogShaderCompilers: Display: Worker (8/13): shaders left to compile 15
[2020.01.23-00.39.30:798][428]LogShaderCompilers: Display: Worker (3/13): shaders left to compile 14
[2020.01.23-00.39.30:830][429]LogShaderCompilers: Display: Worker (5/13): shaders left to compile 13
[2020.01.23-00.39.30:852][430]LogShaderCompilers: Display: Worker (1/13): shaders left to compile 12
[2020.01.23-00.39.30:873][431]LogShaderCompilers: Display: Worker (7/13): shaders left to compile 11
[2020.01.23-00.39.30:895][432]LogShaderCompilers: Display: Worker (6/13): shaders left to compile 10
[2020.01.23-00.39.30:985][436]LogShaderCompilers: Display: Worker (2/13): shaders left to compile 9
[2020.01.23-00.39.31:026][438]LogShaderCompilers: Display: Worker (11/13): shaders left to compile 8
[2020.01.23-00.39.31:103][442]LogShaderCompilers: Display: Worker (12/13): shaders left to compile 7
[2020.01.23-00.39.31:196][447]LogShaderCompilers: Display: Worker (5/13): shaders left to compile 6
[2020.01.23-00.39.31:213][448]LogShaderCompilers: Display: Worker (10/13): shaders left to compile 5
[2020.01.23-00.39.31:231][449]LogShaderCompilers: Display: Worker (9/13): shaders left to compile 4
[2020.01.23-00.39.31:248][450]LogShaderCompilers: Display: Worker (6/13): shaders left to compile 3
[2020.01.23-00.39.31:265][451]LogShaderCompilers: Display: Worker (8/13): shaders left to compile 2
[2020.01.23-00.39.31:282][452]LogShaderCompilers: Display: Worker (4/13): shaders left to compile 1
[2020.01.23-00.39.31:370][456]MaterialEditorStats: Base pass shader: 128 instructions
[2020.01.23-00.39.31:370][456]MaterialEditorStats: Base pass shader with Surface Lightmap: 159 instructions
[2020.01.23-00.39.31:370][456]MaterialEditorStats: Base pass shader with Volumetric Lightmap: 206 instructions
[2020.01.23-00.39.31:370][456]MaterialEditorStats: Base pass vertex shader: 44 instructions
[2020.01.23-00.39.31:370][456]MaterialEditorStats: Texture samplers: 6/16
[2020.01.23-00.39.31:370][456]MaterialEditorStats: Texture Lookups (Est.): VS(0), PS(3)
[2020.01.23-00.39.31:370][456]MaterialEditorStats: User interpolators: 2/4 Scalars (1/4 Vectors) (TexCoords: 2, Custom: 0)
[2020.01.23-00.39.47:954][740]LogEditorViewport: Clicking on Actor (LMB): StaticMeshActor (SM_grasspath)
[2020.01.23-00.39.50:072][940]LogSlate: FSceneViewport::OnFocusLost() reason 0
[2020.01.23-00.39.53:845][302]LogMaterial: Display: Missing cached shader map for material m_Bridge, compiling. 
[2020.01.23-00.39.53:885][303]LogShaderCompilers: Display: Worker (1/13): shaders left to compile 30
[2020.01.23-00.39.53:885][303]LogShaderCompilers: Display: Worker (2/13): shaders left to compile 29
[2020.01.23-00.39.53:885][303]LogShaderCompilers: Display: Worker (3/13): shaders left to compile 28
[2020.01.23-00.39.53:885][303]LogShaderCompilers: Display: Worker (4/13): shaders left to compile 27
[2020.01.23-00.39.53:885][303]LogShaderCompilers: Display: Worker (5/13): shaders left to compile 26
[2020.01.23-00.39.53:885][303]LogShaderCompilers: Display: Worker (6/13): shaders left to compile 25
[2020.01.23-00.39.53:885][303]LogShaderCompilers: Display: Worker (7/13): shaders left to compile 24
[2020.01.23-00.39.53:885][303]LogShaderCompilers: Display: Worker (8/13): shaders left to compile 23
[2020.01.23-00.39.53:885][303]LogShaderCompilers: Display: Worker (9/13): shaders left to compile 22
[2020.01.23-00.39.53:885][303]LogShaderCompilers: Display: Worker (10/13): shaders left to compile 21
[2020.01.23-00.39.53:885][303]LogShaderCompilers: Display: Worker (11/13): shaders left to compile 20
[2020.01.23-00.39.53:885][303]LogShaderCompilers: Display: Worker (12/13): shaders left to compile 19
[2020.01.23-00.39.54:225][325]LogShaderCompilers: Display: Worker (8/13): shaders left to compile 18
[2020.01.23-00.39.54:321][330]LogShaderCompilers: Display: Worker (2/13): shaders left to compile 17
[2020.01.23-00.39.54:337][331]LogShaderCompilers: Display: Worker (1/13): shaders left to compile 16
[2020.01.23-00.39.54:337][331]LogShaderCompilers: Display: Worker (3/13): shaders left to compile 15
[2020.01.23-00.39.54:337][331]LogShaderCompilers: Display: Worker (4/13): shaders left to compile 14
[2020.01.23-00.39.54:337][331]LogShaderCompilers: Display: Worker (5/13): shaders left to compile 13
[2020.01.23-00.39.54:337][331]LogShaderCompilers: Display: Worker (9/13): shaders left to compile 12
[2020.01.23-00.39.54:371][333]LogShaderCompilers: Display: Worker (6/13): shaders left to compile 11
[2020.01.23-00.39.54:371][333]LogShaderCompilers: Display: Worker (7/13): shaders left to compile 10
[2020.01.23-00.39.54:490][340]LogShaderCompilers: Display: Worker (12/13): shaders left to compile 9
[2020.01.23-00.39.54:692][350]LogShaderCompilers: Display: Worker (10/13): shaders left to compile 8
[2020.01.23-00.39.54:757][353]LogShaderCompilers: Display: Worker (11/13): shaders left to compile 7
[2020.01.23-00.39.54:777][354]LogShaderCompilers: Display: Worker (1/13): shaders left to compile 6
[2020.01.23-00.39.54:777][354]LogShaderCompilers: Display: Worker (7/13): shaders left to compile 5
[2020.01.23-00.39.54:798][355]LogShaderCompilers: Display: Worker (5/13): shaders left to compile 4
[2020.01.23-00.39.54:849][358]LogShaderCompilers: Display: Worker (8/13): shaders left to compile 3
[2020.01.23-00.39.54:940][363]LogShaderCompilers: Display: Worker (3/13): shaders left to compile 2
[2020.01.23-00.39.54:959][364]LogShaderCompilers: Display: Worker (4/13): shaders left to compile 1
[2020.01.23-00.39.55:364][388]MaterialEditorStats: Base pass shader: 117 instructions
[2020.01.23-00.39.55:364][388]MaterialEditorStats: Base pass shader with Surface Lightmap: 144 instructions
[2020.01.23-00.39.55:364][388]MaterialEditorStats: Base pass shader with Volumetric Lightmap: 191 instructions
[2020.01.23-00.39.55:364][388]MaterialEditorStats: Base pass vertex shader: 40 instructions
[2020.01.23-00.39.55:364][388]MaterialEditorStats: Texture samplers: 3/16
[2020.01.23-00.39.57:148][562]LogMaterial: Display: Missing cached shader map for material m_Bridge, compiling. 
[2020.01.23-00.39.57:165][562]LogShaderCompilers: Display: Worker (1/13): shaders left to compile 30
[2020.01.23-00.39.57:165][562]LogShaderCompilers: Display: Worker (2/13): shaders left to compile 29
[2020.01.23-00.39.57:165][562]LogShaderCompilers: Display: Worker (3/13): shaders left to compile 28
[2020.01.23-00.39.57:165][562]LogShaderCompilers: Display: Worker (4/13): shaders left to compile 27
[2020.01.23-00.39.57:165][562]LogShaderCompilers: Display: Worker (5/13): shaders left to compile 26
[2020.01.23-00.39.57:165][562]LogShaderCompilers: Display: Worker (6/13): shaders left to compile 25
[2020.01.23-00.39.57:166][562]LogShaderCompilers: Display: Worker (7/13): shaders left to compile 24
[2020.01.23-00.39.57:166][562]LogShaderCompilers: Display: Worker (8/13): shaders left to compile 23
[2020.01.23-00.39.57:166][562]LogShaderCompilers: Display: Worker (9/13): shaders left to compile 22
[2020.01.23-00.39.57:166][562]LogShaderCompilers: Display: Worker (10/13): shaders left to compile 21
[2020.01.23-00.39.57:166][562]LogShaderCompilers: Display: Worker (11/13): shaders left to compile 20
[2020.01.23-00.39.57:166][562]LogShaderCompilers: Display: Worker (12/13): shaders left to compile 19
[2020.01.23-00.39.57:166][562]LogMaterial: Display: Missing cached shader map for material FMatExpressionPreview MaterialExpressionTextureSample_3, compiling. 
[2020.01.23-00.39.57:177][562]LogMaterial: Display: Missing cached shader map for material FMatExpressionPreview MaterialExpressionTextureSample_3, compiling. 
[2020.01.23-00.39.57:193][562]LogMaterial: Display: Missing cached shader map for material m_Bridge, compiling. 
[2020.01.23-00.39.57:212][562]LogMaterial: Display: Missing cached shader map for material FMatExpressionPreview MaterialExpressionTextureSample_4, compiling. 
[2020.01.23-00.39.57:230][562]LogMaterial: Display: Missing cached shader map for material FMatExpressionPreview MaterialExpressionTextureSample_3, compiling. 
[2020.01.23-00.39.57:239][562]LogMaterial: Display: Missing cached shader map for material FMatExpressionPreview MaterialExpressionTextureSample_4, compiling. 
[2020.01.23-00.39.57:259][562]LogMaterial: Display: Missing cached shader map for material m_Bridge, compiling. 
[2020.01.23-00.39.57:285][562]LogMaterial: Display: Missing cached shader map for material FMatExpressionPreview MaterialExpressionTextureSample_5, compiling. 
[2020.01.23-00.39.57:333][562]LogShaderCompilers: Display: Worker (8/13): shaders left to compile 30
[2020.01.23-00.39.57:333][562]LogMaterial: Display: Missing cached shader map for material FMatExpressionPreview MaterialExpressionTextureSample_3, compiling. 
[2020.01.23-00.39.57:342][562]LogMaterial: Display: Missing cached shader map for material FMatExpressionPreview MaterialExpressionTextureSample_4, compiling. 
[2020.01.23-00.39.57:352][562]LogMaterial: Display: Missing cached shader map for material FMatExpressionPreview MaterialExpressionTextureSample_5, compiling. 
[2020.01.23-00.39.57:411][563]LogShaderCompilers: Display: Worker (2/13): shaders left to compile 41
[2020.01.23-00.39.57:411][563]LogShaderCompilers: Display: Worker (1/13): shaders left to compile 40
[2020.01.23-00.39.57:441][564]LogShaderCompilers: Display: Worker (3/13): shaders left to compile 39
[2020.01.23-00.39.57:441][564]LogShaderCompilers: Display: Worker (5/13): shaders left to compile 38
[2020.01.23-00.39.57:460][565]LogShaderCompilers: Display: Worker (4/13): shaders left to compile 37
[2020.01.23-00.39.57:460][565]LogShaderCompilers: Display: Worker (6/13): shaders left to compile 36
[2020.01.23-00.39.57:460][565]LogShaderCompilers: Display: Worker (7/13): shaders left to compile 35
[2020.01.23-00.39.57:460][565]LogShaderCompilers: Display: Worker (9/13): shaders left to compile 34
[2020.01.23-00.39.57:613][573]LogShaderCompilers: Display: Worker (8/13): shaders left to compile 33
[2020.01.23-00.39.57:613][573]LogShaderCompilers: Display: Worker (7/13): shaders left to compile 32
[2020.01.23-00.39.57:613][573]LogShaderCompilers: Display: Worker (12/13): shaders left to compile 31
[2020.01.23-00.39.57:669][576]LogShaderCompilers: Display: Worker (2/13): shaders left to compile 30
[2020.01.23-00.39.57:684][577]LogShaderCompilers: Display: Worker (1/13): shaders left to compile 29
[2020.01.23-00.39.57:701][578]LogShaderCompilers: Display: Worker (3/13): shaders left to compile 28
[2020.01.23-00.39.57:718][579]LogShaderCompilers: Display: Worker (5/13): shaders left to compile 27
[2020.01.23-00.39.57:734][580]LogShaderCompilers: Display: Worker (4/13): shaders left to compile 26
[2020.01.23-00.39.57:734][580]LogShaderCompilers: Display: Worker (6/13): shaders left to compile 25
[2020.01.23-00.39.57:734][580]LogShaderCompilers: Display: Worker (9/13): shaders left to compile 24
[2020.01.23-00.39.57:804][584]LogShaderCompilers: Display: Worker (10/13): shaders left to compile 23
[2020.01.23-00.39.57:850][586]LogShaderCompilers: Display: Worker (11/13): shaders left to compile 22
[2020.01.23-00.39.58:060][594]LogShaderCompilers: Display: Worker (12/13): shaders left to compile 21
[2020.01.23-00.39.58:103][596]LogShaderCompilers: Display: Worker (3/13): shaders left to compile 20
[2020.01.23-00.39.58:145][598]LogShaderCompilers: Display: Worker (6/13): shaders left to compile 19
[2020.01.23-00.39.58:201][601]LogShaderCompilers: Display: Worker (11/13): shaders left to compile 18
[2020.01.23-00.39.58:236][603]LogShaderCompilers: Display: Worker (8/13): shaders left to compile 17
[2020.01.23-00.39.58:272][605]LogShaderCompilers: Display: Worker (2/13): shaders left to compile 16
[2020.01.23-00.39.58:290][606]LogShaderCompilers: Display: Worker (5/13): shaders left to compile 15
[2020.01.23-00.39.58:290][606]LogShaderCompilers: Display: Worker (7/13): shaders left to compile 14
[2020.01.23-00.39.58:308][607]LogShaderCompilers: Display: Worker (1/13): shaders left to compile 13
[2020.01.23-00.39.58:325][608]LogShaderCompilers: Display: Worker (4/13): shaders left to compile 12
[2020.01.23-00.39.58:344][609]LogShaderCompilers: Display: Worker (9/13): shaders left to compile 11
[2020.01.23-00.39.58:387][611]LogShaderCompilers: Display: Worker (10/13): shaders left to compile 10
[2020.01.23-00.39.58:493][616]LogShaderCompilers: Display: Worker (6/13): shaders left to compile 9
[2020.01.23-00.39.58:568][619]LogShaderCompilers: Display: Worker (12/13): shaders left to compile 8
[2020.01.23-00.39.58:628][622]LogShaderCompilers: Display: Worker (2/13): shaders left to compile 7
[2020.01.23-00.39.58:668][624]LogShaderCompilers: Display: Worker (1/13): shaders left to compile 6
[2020.01.23-00.39.58:690][625]LogShaderCompilers: Display: Worker (3/13): shaders left to compile 5
[2020.01.23-00.39.58:746][628]LogShaderCompilers: Display: Worker (4/13): shaders left to compile 4
[2020.01.23-00.39.58:764][629]LogShaderCompilers: Display: Worker (10/13): shaders left to compile 3
[2020.01.23-00.39.58:764][629]LogShaderCompilers: Display: Worker (11/13): shaders left to compile 2
[2020.01.23-00.39.58:784][630]LogShaderCompilers: Display: Worker (9/13): shaders left to compile 1
[2020.01.23-00.39.58:863][633]MaterialEditorStats: Base pass shader: 117 instructions
[2020.01.23-00.39.58:863][633]MaterialEditorStats: Base pass shader with Surface Lightmap: 144 instructions
[2020.01.23-00.39.58:863][633]MaterialEditorStats: Base pass shader with Volumetric Lightmap: 191 instructions
[2020.01.23-00.39.58:863][633]MaterialEditorStats: Base pass vertex shader: 40 instructions
[2020.01.23-00.39.58:863][633]MaterialEditorStats: Texture samplers: 3/16
[2020.01.23-00.40.01:973][908]LogMaterial: Display: Missing cached shader map for material m_Bridge, compiling. 
[2020.01.23-00.40.01:993][908]LogMaterial: Display: Missing cached shader map for material FMatExpressionPreview MaterialExpressionTextureSample_3, compiling. 
[2020.01.23-00.40.01:998][908]LogShaderCompilers: Display: Worker (1/13): shaders left to compile 30
[2020.01.23-00.40.01:998][908]LogShaderCompilers: Display: Worker (2/13): shaders left to compile 29
[2020.01.23-00.40.01:998][908]LogShaderCompilers: Display: Worker (3/13): shaders left to compile 28
[2020.01.23-00.40.01:998][908]LogShaderCompilers: Display: Worker (4/13): shaders left to compile 27
[2020.01.23-00.40.01:998][908]LogShaderCompilers: Display: Worker (5/13): shaders left to compile 26
[2020.01.23-00.40.01:998][908]LogShaderCompilers: Display: Worker (6/13): shaders left to compile 25
[2020.01.23-00.40.01:998][908]LogShaderCompilers: Display: Worker (7/13): shaders left to compile 24
[2020.01.23-00.40.01:999][908]LogShaderCompilers: Display: Worker (8/13): shaders left to compile 23
[2020.01.23-00.40.01:999][908]LogShaderCompilers: Display: Worker (9/13): shaders left to compile 22
[2020.01.23-00.40.01:999][908]LogShaderCompilers: Display: Worker (10/13): shaders left to compile 21
[2020.01.23-00.40.01:999][908]LogShaderCompilers: Display: Worker (11/13): shaders left to compile 20
[2020.01.23-00.40.01:999][908]LogShaderCompilers: Display: Worker (12/13): shaders left to compile 19
[2020.01.23-00.40.02:198][918]LogShaderCompilers: Display: Worker (8/13): shaders left to compile 22
[2020.01.23-00.40.02:242][920]LogShaderCompilers: Display: Worker (1/13): shaders left to compile 21
[2020.01.23-00.40.02:266][921]LogShaderCompilers: Display: Worker (2/13): shaders left to compile 20
[2020.01.23-00.40.02:313][923]LogShaderCompilers: Display: Worker (4/13): shaders left to compile 19
[2020.01.23-00.40.02:313][923]LogShaderCompilers: Display: Worker (3/13): shaders left to compile 18
[2020.01.23-00.40.02:330][924]LogShaderCompilers: Display: Worker (5/13): shaders left to compile 17
[2020.01.23-00.40.02:330][924]LogShaderCompilers: Display: Worker (9/13): shaders left to compile 16
[2020.01.23-00.40.02:346][925]LogShaderCompilers: Display: Worker (7/13): shaders left to compile 15
[2020.01.23-00.40.02:346][925]LogShaderCompilers: Display: Worker (6/13): shaders left to compile 14
[2020.01.23-00.40.02:465][930]LogShaderCompilers: Display: Worker (12/13): shaders left to compile 13
[2020.01.23-00.40.02:687][937]LogShaderCompilers: Display: Worker (10/13): shaders left to compile 12
[2020.01.23-00.40.02:713][939]LogShaderCompilers: Display: Worker (2/13): shaders left to compile 11
[2020.01.23-00.40.02:734][940]LogShaderCompilers: Display: Worker (6/13): shaders left to compile 10
[2020.01.23-00.40.02:734][940]LogShaderCompilers: Display: Worker (5/13): shaders left to compile 9
[2020.01.23-00.40.02:755][941]LogShaderCompilers: Display: Worker (11/13): shaders left to compile 8
[2020.01.23-00.40.02:816][944]LogShaderCompilers: Display: Worker (8/13): shaders left to compile 7
[2020.01.23-00.40.02:882][947]LogShaderCompilers: Display: Worker (4/13): shaders left to compile 6
[2020.01.23-00.40.02:905][948]LogShaderCompilers: Display: Worker (3/13): shaders left to compile 5
[2020.01.23-00.40.02:905][948]LogShaderCompilers: Display: Worker (1/13): shaders left to compile 4
[2020.01.23-00.40.02:950][949]LogShaderCompilers: Display: Worker (9/13): shaders left to compile 3
[2020.01.23-00.40.02:953][950]LogShaderCompilers: Display: Worker (7/13): shaders left to compile 2
[2020.01.23-00.40.03:032][954]LogShaderCompilers: Display: Worker (12/13): shaders left to compile 1
[2020.01.23-00.40.03:392][973]LogMaterial: Display: Missing cached shader map for material m_Bridge, compiling. 
[2020.01.23-00.40.03:417][973]LogMaterial: Display: Missing cached shader map for material FMatExpressionPreview MaterialExpressionTextureSample_4, compiling. 
[2020.01.23-00.40.03:425][973]LogShaderCompilers: Display: Worker (1/13): shaders left to compile 30
[2020.01.23-00.40.03:425][973]LogShaderCompilers: Display: Worker (2/13): shaders left to compile 29
[2020.01.23-00.40.03:425][973]LogShaderCompilers: Display: Worker (3/13): shaders left to compile 28
[2020.01.23-00.40.03:425][973]LogShaderCompilers: Display: Worker (4/13): shaders left to compile 27
[2020.01.23-00.40.03:425][973]LogShaderCompilers: Display: Worker (5/13): shaders left to compile 26
[2020.01.23-00.40.03:425][973]LogShaderCompilers: Display: Worker (6/13): shaders left to compile 25
[2020.01.23-00.40.03:425][973]LogShaderCompilers: Display: Worker (7/13): shaders left to compile 24
[2020.01.23-00.40.03:425][973]LogShaderCompilers: Display: Worker (8/13): shaders left to compile 23
[2020.01.23-00.40.03:425][973]LogShaderCompilers: Display: Worker (9/13): shaders left to compile 22
[2020.01.23-00.40.03:425][973]LogShaderCompilers: Display: Worker (10/13): shaders left to compile 21
[2020.01.23-00.40.03:425][973]LogShaderCompilers: Display: Worker (11/13): shaders left to compile 20
[2020.01.23-00.40.03:425][973]LogShaderCompilers: Display: Worker (12/13): shaders left to compile 19
[2020.01.23-00.40.03:643][984]LogShaderCompilers: Display: Worker (8/13): shaders left to compile 22
[2020.01.23-00.40.03:706][987]LogShaderCompilers: Display: Worker (3/13): shaders left to compile 21
[2020.01.23-00.40.03:727][988]LogShaderCompilers: Display: Worker (2/13): shaders left to compile 20
[2020.01.23-00.40.03:727][988]LogShaderCompilers: Display: Worker (1/13): shaders left to compile 19
[2020.01.23-00.40.03:727][988]LogShaderCompilers: Display: Worker (5/13): shaders left to compile 18
[2020.01.23-00.40.03:749][989]LogShaderCompilers: Display: Worker (4/13): shaders left to compile 17
[2020.01.23-00.40.03:749][989]LogShaderCompilers: Display: Worker (7/13): shaders left to compile 16
[2020.01.23-00.40.03:773][990]LogShaderCompilers: Display: Worker (6/13): shaders left to compile 15
[2020.01.23-00.40.03:773][990]LogShaderCompilers: Display: Worker (9/13): shaders left to compile 14
[2020.01.23-00.40.03:898][996]LogShaderCompilers: Display: Worker (12/13): shaders left to compile 13
[2020.01.23-00.40.04:102][  5]LogShaderCompilers: Display: Worker (10/13): shaders left to compile 12
[2020.01.23-00.40.04:141][  7]LogShaderCompilers: Display: Worker (2/13): shaders left to compile 11
[2020.01.23-00.40.04:179][  9]LogShaderCompilers: Display: Worker (4/13): shaders left to compile 10
[2020.01.23-00.40.04:179][  9]LogShaderCompilers: Display: Worker (9/13): shaders left to compile 9
[2020.01.23-00.40.04:208][  9]LogShaderCompilers: Display: Worker (11/13): shaders left to compile 8
[2020.01.23-00.40.04:279][ 14]LogShaderCompilers: Display: Worker (8/13): shaders left to compile 7
[2020.01.23-00.40.04:317][ 16]LogShaderCompilers: Display: Worker (1/13): shaders left to compile 6
[2020.01.23-00.40.04:336][ 17]LogShaderCompilers: Display: Worker (5/13): shaders left to compile 5
[2020.01.23-00.40.04:372][ 19]LogShaderCompilers: Display: Worker (7/13): shaders left to compile 4
[2020.01.23-00.40.04:372][ 19]LogShaderCompilers: Display: Worker (3/13): shaders left to compile 3
[2020.01.23-00.40.04:412][ 21]LogShaderCompilers: Display: Worker (6/13): shaders left to compile 2
[2020.01.23-00.40.04:472][ 24]LogShaderCompilers: Display: Worker (12/13): shaders left to compile 1
[2020.01.23-00.40.06:355][184]LogMaterial: Display: Missing cached shader map for material m_Bridge, compiling. 
[2020.01.23-00.40.06:382][184]LogShaderCompilers: Display: Worker (1/13): shaders left to compile 30
[2020.01.23-00.40.06:382][184]LogShaderCompilers: Display: Worker (2/13): shaders left to compile 29
[2020.01.23-00.40.06:382][184]LogShaderCompilers: Display: Worker (3/13): shaders left to compile 28
[2020.01.23-00.40.06:382][184]LogShaderCompilers: Display: Worker (4/13): shaders left to compile 27
[2020.01.23-00.40.06:382][184]LogShaderCompilers: Display: Worker (5/13): shaders left to compile 26
[2020.01.23-00.40.06:382][184]LogShaderCompilers: Display: Worker (6/13): shaders left to compile 25
[2020.01.23-00.40.06:382][184]LogShaderCompilers: Display: Worker (7/13): shaders left to compile 24
[2020.01.23-00.40.06:382][184]LogShaderCompilers: Display: Worker (8/13): shaders left to compile 23
[2020.01.23-00.40.06:382][184]LogShaderCompilers: Display: Worker (9/13): shaders left to compile 22
[2020.01.23-00.40.06:382][184]LogShaderCompilers: Display: Worker (10/13): shaders left to compile 21
[2020.01.23-00.40.06:382][184]LogShaderCompilers: Display: Worker (11/13): shaders left to compile 20
[2020.01.23-00.40.06:382][184]LogShaderCompilers: Display: Worker (12/13): shaders left to compile 19
[2020.01.23-00.40.06:382][184]LogMaterial: Display: Missing cached shader map for material FMatExpressionPreview MaterialExpressionTextureSample_5, compiling. 
[2020.01.23-00.40.06:574][194]LogShaderCompilers: Display: Worker (8/13): shaders left to compile 22
[2020.01.23-00.40.06:668][198]LogShaderCompilers: Display: Worker (1/13): shaders left to compile 21
[2020.01.23-00.40.06:668][198]LogShaderCompilers: Display: Worker (3/13): shaders left to compile 20
[2020.01.23-00.40.06:688][199]LogShaderCompilers: Display: Worker (2/13): shaders left to compile 19
[2020.01.23-00.40.06:688][199]LogShaderCompilers: Display: Worker (4/13): shaders left to compile 18
[2020.01.23-00.40.06:708][200]LogShaderCompilers: Display: Worker (5/13): shaders left to compile 17
[2020.01.23-00.40.06:708][200]LogShaderCompilers: Display: Worker (7/13): shaders left to compile 16
[2020.01.23-00.40.06:725][201]LogShaderCompilers: Display: Worker (9/13): shaders left to compile 15
[2020.01.23-00.40.06:743][202]LogShaderCompilers: Display: Worker (6/13): shaders left to compile 14
[2020.01.23-00.40.06:899][209]LogShaderCompilers: Display: Worker (12/13): shaders left to compile 13
[2020.01.23-00.40.07:082][217]LogShaderCompilers: Display: Worker (10/13): shaders left to compile 12
[2020.01.23-00.40.07:103][218]LogShaderCompilers: Display: Worker (3/13): shaders left to compile 11
[2020.01.23-00.40.07:121][219]LogShaderCompilers: Display: Worker (6/13): shaders left to compile 10
[2020.01.23-00.40.07:139][220]LogShaderCompilers: Display: Worker (5/13): shaders left to compile 9
[2020.01.23-00.40.07:158][221]LogShaderCompilers: Display: Worker (11/13): shaders left to compile 8
[2020.01.23-00.40.07:225][225]LogShaderCompilers: Display: Worker (8/13): shaders left to compile 7
[2020.01.23-00.40.07:291][227]LogShaderCompilers: Display: Worker (2/13): shaders left to compile 6
[2020.01.23-00.40.07:316][229]LogShaderCompilers: Display: Worker (4/13): shaders left to compile 5
[2020.01.23-00.40.07:316][229]LogShaderCompilers: Display: Worker (1/13): shaders left to compile 4
[2020.01.23-00.40.07:336][230]LogShaderCompilers: Display: Worker (7/13): shaders left to compile 3
[2020.01.23-00.40.07:377][232]LogShaderCompilers: Display: Worker (9/13): shaders left to compile 2
[2020.01.23-00.40.07:461][236]LogShaderCompilers: Display: Worker (12/13): shaders left to compile 1
[2020.01.23-00.40.08:020][274]LogMaterial: Display: Missing cached shader map for material m_Bridge, compiling. 
[2020.01.23-00.40.08:041][274]LogMaterial: Display: Missing cached shader map for material FMatExpressionPreview MaterialExpressionTextureSample_5, compiling. 
[2020.01.23-00.40.08:046][274]LogShaderCompilers: Display: Worker (1/13): shaders left to compile 34
[2020.01.23-00.40.08:046][274]LogShaderCompilers: Display: Worker (2/13): shaders left to compile 33
[2020.01.23-00.40.08:046][274]LogShaderCompilers: Display: Worker (3/13): shaders left to compile 32
[2020.01.23-00.40.08:046][274]LogShaderCompilers: Display: Worker (4/13): shaders left to compile 31
[2020.01.23-00.40.08:046][274]LogShaderCompilers: Display: Worker (5/13): shaders left to compile 30
[2020.01.23-00.40.08:046][274]LogShaderCompilers: Display: Worker (6/13): shaders left to compile 29
[2020.01.23-00.40.08:046][274]LogShaderCompilers: Display: Worker (7/13): shaders left to compile 28
[2020.01.23-00.40.08:046][274]LogShaderCompilers: Display: Worker (8/13): shaders left to compile 27
[2020.01.23-00.40.08:047][274]LogShaderCompilers: Display: Worker (9/13): shaders left to compile 26
[2020.01.23-00.40.08:047][274]LogShaderCompilers: Display: Worker (10/13): shaders left to compile 25
[2020.01.23-00.40.08:047][274]LogShaderCompilers: Display: Worker (11/13): shaders left to compile 24
[2020.01.23-00.40.08:047][274]LogShaderCompilers: Display: Worker (12/13): shaders left to compile 23
[2020.01.23-00.40.08:256][285]LogShaderCompilers: Display: Worker (8/13): shaders left to compile 22
[2020.01.23-00.40.08:342][289]LogShaderCompilers: Display: Worker (3/13): shaders left to compile 21
[2020.01.23-00.40.08:362][290]LogShaderCompilers: Display: Worker (1/13): shaders left to compile 20
[2020.01.23-00.40.08:362][290]LogShaderCompilers: Display: Worker (2/13): shaders left to compile 19
[2020.01.23-00.40.08:379][291]LogShaderCompilers: Display: Worker (4/13): shaders left to compile 18
[2020.01.23-00.40.08:379][291]LogShaderCompilers: Display: Worker (9/13): shaders left to compile 17
[2020.01.23-00.40.08:403][291]LogShaderCompilers: Display: Worker (5/13): shaders left to compile 16
[2020.01.23-00.40.08:403][291]LogShaderCompilers: Display: Worker (6/13): shaders left to compile 15
[2020.01.23-00.40.08:403][291]LogShaderCompilers: Display: Worker (7/13): shaders left to compile 14
[2020.01.23-00.40.08:526][298]LogShaderCompilers: Display: Worker (12/13): shaders left to compile 13
[2020.01.23-00.40.08:731][307]LogShaderCompilers: Display: Worker (10/13): shaders left to compile 12
[2020.01.23-00.40.08:791][310]LogShaderCompilers: Display: Worker (9/13): shaders left to compile 11
[2020.01.23-00.40.08:791][310]LogShaderCompilers: Display: Worker (11/13): shaders left to compile 10
[2020.01.23-00.40.08:811][311]LogShaderCompilers: Display: Worker (1/13): shaders left to compile 9
[2020.01.23-00.40.08:811][311]LogShaderCompilers: Display: Worker (7/13): shaders left to compile 8
[2020.01.23-00.40.08:876][315]LogShaderCompilers: Display: Worker (8/13): shaders left to compile 7
[2020.01.23-00.40.08:964][320]LogShaderCompilers: Display: Worker (4/13): shaders left to compile 6
[2020.01.23-00.40.08:995][320]LogShaderCompilers: Display: Worker (2/13): shaders left to compile 5
[2020.01.23-00.40.08:995][320]LogShaderCompilers: Display: Worker (3/13): shaders left to compile 4
[2020.01.23-00.40.09:019][322]LogShaderCompilers: Display: Worker (5/13): shaders left to compile 3
[2020.01.23-00.40.09:055][324]LogShaderCompilers: Display: Worker (6/13): shaders left to compile 2
[2020.01.23-00.40.09:111][327]LogShaderCompilers: Display: Worker (12/13): shaders left to compile 1
[2020.01.23-00.40.09:565][354]LogMaterial: Display: Missing cached shader map for material m_Bridge, compiling. 
[2020.01.23-00.40.09:591][354]LogMaterial: Display: Missing cached shader map for material FMatExpressionPreview MaterialExpressionTextureSample_5, compiling. 
[2020.01.23-00.40.09:599][354]LogShaderCompilers: Display: Worker (1/13): shaders left to compile 30
[2020.01.23-00.40.09:599][354]LogShaderCompilers: Display: Worker (2/13): shaders left to compile 29
[2020.01.23-00.40.09:599][354]LogShaderCompilers: Display: Worker (3/13): shaders left to compile 28
[2020.01.23-00.40.09:599][354]LogShaderCompilers: Display: Worker (4/13): shaders left to compile 27
[2020.01.23-00.40.09:599][354]LogShaderCompilers: Display: Worker (5/13): shaders left to compile 26
[2020.01.23-00.40.09:599][354]LogShaderCompilers: Display: Worker (6/13): shaders left to compile 25
[2020.01.23-00.40.09:599][354]LogShaderCompilers: Display: Worker (7/13): shaders left to compile 24
[2020.01.23-00.40.09:599][354]LogShaderCompilers: Display: Worker (8/13): shaders left to compile 23
[2020.01.23-00.40.09:599][354]LogShaderCompilers: Display: Worker (9/13): shaders left to compile 22
[2020.01.23-00.40.09:599][354]LogShaderCompilers: Display: Worker (10/13): shaders left to compile 21
[2020.01.23-00.40.09:599][354]LogShaderCompilers: Display: Worker (11/13): shaders left to compile 20
[2020.01.23-00.40.09:599][354]LogShaderCompilers: Display: Worker (12/13): shaders left to compile 19
[2020.01.23-00.40.09:792][364]LogShaderCompilers: Display: Worker (8/13): shaders left to compile 22
[2020.01.23-00.40.09:836][366]LogShaderCompilers: Display: Worker (1/13): shaders left to compile 21
[2020.01.23-00.40.09:860][367]LogShaderCompilers: Display: Worker (2/13): shaders left to compile 20
[2020.01.23-00.40.09:881][368]LogShaderCompilers: Display: Worker (3/13): shaders left to compile 19
[2020.01.23-00.40.09:905][369]LogShaderCompilers: Display: Worker (4/13): shaders left to compile 18
[2020.01.23-00.40.09:924][370]LogShaderCompilers: Display: Worker (5/13): shaders left to compile 17
[2020.01.23-00.40.09:946][371]LogShaderCompilers: Display: Worker (7/13): shaders left to compile 16
[2020.01.23-00.40.09:946][371]LogShaderCompilers: Display: Worker (9/13): shaders left to compile 15
[2020.01.23-00.40.09:946][371]LogShaderCompilers: Display: Worker (6/13): shaders left to compile 14
[2020.01.23-00.40.10:076][376]LogShaderCompilers: Display: Worker (12/13): shaders left to compile 13
[2020.01.23-00.40.10:275][384]LogShaderCompilers: Display: Worker (10/13): shaders left to compile 12
[2020.01.23-00.40.10:317][386]LogShaderCompilers: Display: Worker (2/13): shaders left to compile 11
[2020.01.23-00.40.10:344][386]LogShaderCompilers: Display: Worker (6/13): shaders left to compile 10
[2020.01.23-00.40.10:368][388]LogShaderCompilers: Display: Worker (5/13): shaders left to compile 9
[2020.01.23-00.40.10:368][388]LogShaderCompilers: Display: Worker (11/13): shaders left to compile 8
[2020.01.23-00.40.10:403][390]LogShaderCompilers: Display: Worker (8/13): shaders left to compile 7
[2020.01.23-00.40.10:479][394]LogShaderCompilers: Display: Worker (3/13): shaders left to compile 6
[2020.01.23-00.40.10:499][395]LogShaderCompilers: Display: Worker (4/13): shaders left to compile 5
[2020.01.23-00.40.10:519][396]LogShaderCompilers: Display: Worker (1/13): shaders left to compile 4
[2020.01.23-00.40.10:540][397]LogShaderCompilers: Display: Worker (7/13): shaders left to compile 3
[2020.01.23-00.40.10:582][399]LogShaderCompilers: Display: Worker (9/13): shaders left to compile 2
[2020.01.23-00.40.10:620][401]LogMaterialEditor: Saving and Compiling material m_Bridge
[2020.01.23-00.40.11:089][401]LogShaderCompilers: Display: Worker (12/13): shaders left to compile 1
[2020.01.23-00.40.11:103][401]LogMaterial: Display: Missing cached shader map for material m_Bridge, compiling. 
[2020.01.23-00.40.11:173][401]LogShaderCompilers: Display: Worker (1/13): shaders left to compile 30
[2020.01.23-00.40.11:173][401]LogShaderCompilers: Display: Worker (2/13): shaders left to compile 29
[2020.01.23-00.40.11:173][401]LogShaderCompilers: Display: Worker (3/13): shaders left to compile 28
[2020.01.23-00.40.11:173][401]LogShaderCompilers: Display: Worker (4/13): shaders left to compile 27
[2020.01.23-00.40.11:173][401]LogShaderCompilers: Display: Worker (5/13): shaders left to compile 26
[2020.01.23-00.40.11:173][401]LogShaderCompilers: Display: Worker (6/13): shaders left to compile 25
[2020.01.23-00.40.11:173][401]LogShaderCompilers: Display: Worker (7/13): shaders left to compile 24
[2020.01.23-00.40.11:173][401]LogShaderCompilers: Display: Worker (8/13): shaders left to compile 23
[2020.01.23-00.40.11:173][401]LogShaderCompilers: Display: Worker (9/13): shaders left to compile 22
[2020.01.23-00.40.11:173][401]LogShaderCompilers: Display: Worker (10/13): shaders left to compile 21
[2020.01.23-00.40.11:173][401]LogShaderCompilers: Display: Worker (11/13): shaders left to compile 20
[2020.01.23-00.40.11:173][401]LogShaderCompilers: Display: Worker (12/13): shaders left to compile 19
[2020.01.23-00.40.11:179][401]LogMaterial: Display: Missing cached shader map for material m_Bridge, compiling. 
[2020.01.23-00.40.11:199][401]LogMaterial: Display: Missing cached shader map for material m_Bridge, compiling. 
[2020.01.23-00.40.11:256][401]LogUObjectHash: Compacting FUObjectHashTables data took   2.03ms
[2020.01.23-00.40.11:267][401]LogMaterial: Display: Missing cached shader map for material DebugViewMode MaterialTexCoordScale, compiling. 
[2020.01.23-00.40.12:298][401]LogShaderCompilers: Display: Worker (8/13): shaders left to compile 51
[2020.01.23-00.40.12:298][401]LogShaderCompilers: Display: Worker (1/13): shaders left to compile 50
[2020.01.23-00.40.12:298][401]LogShaderCompilers: Display: Worker (2/13): shaders left to compile 49
[2020.01.23-00.40.12:298][401]LogShaderCompilers: Display: Worker (4/13): shaders left to compile 48
[2020.01.23-00.40.12:298][401]LogShaderCompilers: Display: Worker (3/13): shaders left to compile 47
[2020.01.23-00.40.12:298][401]LogShaderCompilers: Display: Worker (9/13): shaders left to compile 46
[2020.01.23-00.40.12:298][401]LogShaderCompilers: Display: Worker (5/13): shaders left to compile 45
[2020.01.23-00.40.12:298][401]LogShaderCompilers: Display: Worker (6/13): shaders left to compile 44
[2020.01.23-00.40.12:298][401]LogShaderCompilers: Display: Worker (7/13): shaders left to compile 43
[2020.01.23-00.40.12:298][401]LogShaderCompilers: Display: Worker (12/13): shaders left to compile 42
[2020.01.23-00.40.12:298][401]LogShaderCompilers: Display: Worker (10/13): shaders left to compile 41
[2020.01.23-00.40.12:298][401]LogShaderCompilers: Display: Worker (11/13): shaders left to compile 40
[2020.01.23-00.40.12:298][401]LogShaderCompilers: Display: Worker (2/13): shaders left to compile 39
[2020.01.23-00.40.12:298][401]LogShaderCompilers: Display: Worker (7/13): shaders left to compile 38
[2020.01.23-00.40.12:298][401]LogShaderCompilers: Display: Worker (9/13): shaders left to compile 37
[2020.01.23-00.40.12:298][401]LogShaderCompilers: Display: Worker (8/13): shaders left to compile 36
[2020.01.23-00.40.12:298][401]LogShaderCompilers: Display: Worker (4/13): shaders left to compile 35
[2020.01.23-00.40.12:298][401]LogShaderCompilers: Display: Worker (3/13): shaders left to compile 34
[2020.01.23-00.40.12:298][401]LogShaderCompilers: Display: Worker (1/13): shaders left to compile 33
[2020.01.23-00.40.12:298][401]LogShaderCompilers: Display: Worker (5/13): shaders left to compile 32
[2020.01.23-00.40.12:298][401]LogShaderCompilers: Display: Worker (6/13): shaders left to compile 31
[2020.01.23-00.40.12:298][401]LogShaderCompilers: Display: Worker (12/13): shaders left to compile 28
[2020.01.23-00.40.12:298][401]LogShaderCompilers: Display: Worker (11/13): shaders left to compile 25
[2020.01.23-00.40.12:298][401]LogShaderCompilers: Display: Worker (9/13): shaders left to compile 22
[2020.01.23-00.40.12:298][401]LogShaderCompilers: Display: Worker (1/13): shaders left to compile 20
[2020.01.23-00.40.12:298][401]LogShaderCompilers: Display: Worker (5/13): shaders left to compile 18
[2020.01.23-00.40.12:301][401]TextureStreamingBuild: Display: Compiling optional shaders took 1.044 seconds.
[2020.01.23-00.40.12:342][401]LogUObjectHash: Compacting FUObjectHashTables data took   1.29ms
[2020.01.23-00.40.12:363][401]LogShaderCompilers: Display: Worker (3/13): shaders left to compile 16
[2020.01.23-00.40.13:409][401]LogShaderCompilers: Display: Worker (10/13): shaders left to compile 14
[2020.01.23-00.40.13:409][401]LogShaderCompilers: Display: Worker (2/13): shaders left to compile 12
[2020.01.23-00.40.13:409][401]LogShaderCompilers: Display: Worker (8/13): shaders left to compile 10
[2020.01.23-00.40.13:409][401]LogShaderCompilers: Display: Worker (7/13): shaders left to compile 9
[2020.01.23-00.40.13:409][401]LogShaderCompilers: Display: Worker (4/13): shaders left to compile 8
[2020.01.23-00.40.13:409][401]LogShaderCompilers: Display: Worker (11/13): shaders left to compile 7
[2020.01.23-00.40.13:409][401]LogShaderCompilers: Display: Worker (4/13): shaders left to compile 6
[2020.01.23-00.40.13:409][401]LogShaderCompilers: Display: Worker (6/13): shaders left to compile 5
[2020.01.23-00.40.13:409][401]LogShaderCompilers: Display: Worker (12/13): shaders left to compile 4
[2020.01.23-00.40.13:409][401]LogShaderCompilers: Display: Worker (8/13): shaders left to compile 3
[2020.01.23-00.40.13:409][401]LogShaderCompilers: Display: Worker (7/13): shaders left to compile 2
[2020.01.23-00.40.13:409][401]LogShaderCompilers: Display: Worker (1/13): shaders left to compile 1
[2020.01.23-00.40.13:438][401]Cmd: OBJ SAVEPACKAGE PACKAGE="/Game/Materials/m_Bridge" FILE="../../../../Art/Park_SFAS/Park/Content/Materials/m_Bridge.uasset" SILENT=true
[2020.01.23-00.40.13:453][401]LogSavePackage: Moving '../../../../Art/Park_SFAS/Park/Saved/m_Bridge842F93DC48567E5BF2D275B83F484DFC.tmp' to '../../../../Art/Park_SFAS/Park/Content/Materials/m_Bridge.uasset'
[2020.01.23-00.40.13:472][401]MaterialEditorStats: Base pass shader: 128 instructions
[2020.01.23-00.40.13:472][401]MaterialEditorStats: Base pass shader with Surface Lightmap: 159 instructions
[2020.01.23-00.40.13:472][401]MaterialEditorStats: Base pass shader with Volumetric Lightmap: 206 instructions
[2020.01.23-00.40.13:472][401]MaterialEditorStats: Base pass vertex shader: 44 instructions
[2020.01.23-00.40.13:472][401]MaterialEditorStats: Texture samplers: 6/16
[2020.01.23-00.40.13:472][401]MaterialEditorStats: Texture Lookups (Est.): VS(0), PS(3)
[2020.01.23-00.40.13:472][401]MaterialEditorStats: User interpolators: 2/4 Scalars (1/4 Vectors) (TexCoords: 2, Custom: 0)
[2020.01.23-00.40.16:205][638]LogAssetEditorManager: Opening Asset editor for StaticMesh /Game/Meshes/SM_Bridge.SM_Bridge
[2020.01.23-00.40.20:586][ 28]Cmd: OBJ SAVEPACKAGE PACKAGE="/Game/Meshes/SM_Bridge" FILE="../../../../Art/Park_SFAS/Park/Content/Meshes/SM_Bridge.uasset" SILENT=true
[2020.01.23-00.40.20:614][ 28]LogSavePackage: Moving '../../../../Art/Park_SFAS/Park/Saved/SM_BridgeD63F87DD4109000BEB131D8DF5B2D43D.tmp' to '../../../../Art/Park_SFAS/Park/Content/Meshes/SM_Bridge.uasset'
[2020.01.23-00.40.27:397][736]LogSlate: FSceneViewport::OnFocusLost() reason 0
[2020.01.23-00.40.54:012][964]LogUObjectHash: Compacting FUObjectHashTables data took   1.43ms
[2020.01.23-00.40.54:012][964]Cmd: OBJ SAVEPACKAGE PACKAGE="/Game/Diorama" FILE="../../../../Art/Park_SFAS/Park/Saved/Autosaves/Game/Diorama_Auto4.umap" SILENT=true AUTOSAVING=true KEEPDIRTY=false
[2020.01.23-00.40.54:215][964]LogSavePackage: Moving '../../../../Art/Park_SFAS/Park/Saved/Diorama_Auto4E37BF12A462517B244C03D8413B0E02C.tmp' to '../../../../Art/Park_SFAS/Park/Saved/Autosaves/Game/Diorama_Auto4.umap'
[2020.01.23-00.40.54:218][964]LogFileHelpers: Editor autosave (incl. sublevels) for '/Game/Diorama' took 0.242
[2020.01.23-00.40.54:218][964]LogFileHelpers: Editor autosave (incl. sublevels) for all levels took 0.242
[2020.01.23-00.41.11:770][ 99]LogSlate: FSceneViewport::OnFocusLost() reason 0
[2020.01.23-00.41.15:502][453]LogEditorFactories: Performing atomic reimport of [D:/Art/Park_SFAS/Textures/Bridge/Bridge_polySurface8SG_OcclusionRoughnessMetallic.tga]
[2020.01.23-00.41.15:529][453]LogFactory: FactoryCreateFile: Texture2D with ReimportTextureFactory (0 0 D:/Art/Park_SFAS/Textures/Bridge/Bridge_polySurface8SG_OcclusionRoughnessMetallic.tga)
[2020.01.23-00.41.15:579][453]LogTexture: Display: Building textures: T_Bridge_polySurface8SG_OcclusionRoughnessMetallic (AutoDXT, 2048X2048)
[2020.01.23-00.41.15:884][453]LogEditorFactories: -- imported successfully
[2020.01.23-00.41.17:990][643]Cmd: SELECT NONE
[2020.01.23-00.41.19:404][748]Cmd: SELECT NONE
[2020.01.23-00.41.22:271][984]LogEditorViewport: Clicking on Actor (LMB): StaticMeshActor (SM_Bridge)
[2020.01.23-00.41.24:739][240]Cmd: SELECT NONE
[2020.01.23-00.41.30:840][723]LogEditorViewport: Clicking on Actor (LMB): StaticMeshActor (SM_Bridge)
[2020.01.23-00.41.35:750][999]LogEditorViewport: Clicking on Actor (LMB): StaticMeshActor (SM_grasspath)
[2020.01.23-00.41.40:329][292]Cmd: TRANSACTION UNDO
[2020.01.23-00.41.40:329][292]LogEditorTransaction: Undo Move Actors
[2020.01.23-00.41.40:412][292]LogMaterial: Display: Missing cached shader map for material m_Bridge, compiling. 
[2020.01.23-00.41.40:431][292]LogShaderCompilers: Display: Worker (1/13): shaders left to compile 30
[2020.01.23-00.41.40:431][292]LogShaderCompilers: Display: Worker (2/13): shaders left to compile 29
[2020.01.23-00.41.40:431][292]LogShaderCompilers: Display: Worker (3/13): shaders left to compile 28
[2020.01.23-00.41.40:431][292]LogShaderCompilers: Display: Worker (4/13): shaders left to compile 27
[2020.01.23-00.41.40:431][292]LogShaderCompilers: Display: Worker (5/13): shaders left to compile 26
[2020.01.23-00.41.40:431][292]LogShaderCompilers: Display: Worker (6/13): shaders left to compile 25
[2020.01.23-00.41.40:431][292]LogShaderCompilers: Display: Worker (7/13): shaders left to compile 24
[2020.01.23-00.41.40:431][292]LogShaderCompilers: Display: Worker (8/13): shaders left to compile 23
[2020.01.23-00.41.40:431][292]LogShaderCompilers: Display: Worker (9/13): shaders left to compile 22
[2020.01.23-00.41.40:431][292]LogShaderCompilers: Display: Worker (10/13): shaders left to compile 21
[2020.01.23-00.41.40:431][292]LogShaderCompilers: Display: Worker (11/13): shaders left to compile 20
[2020.01.23-00.41.40:431][292]LogShaderCompilers: Display: Worker (12/13): shaders left to compile 19
[2020.01.23-00.41.40:795][308]LogShaderCompilers: Display: Worker (8/13): shaders left to compile 18
[2020.01.23-00.41.40:887][313]LogShaderCompilers: Display: Worker (1/13): shaders left to compile 17
[2020.01.23-00.41.40:903][314]LogShaderCompilers: Display: Worker (2/13): shaders left to compile 16
[2020.01.23-00.41.40:919][315]LogShaderCompilers: Display: Worker (3/13): shaders left to compile 15
[2020.01.23-00.41.40:919][315]LogShaderCompilers: Display: Worker (4/13): shaders left to compile 14
[2020.01.23-00.41.40:919][315]LogShaderCompilers: Display: Worker (9/13): shaders left to compile 13
[2020.01.23-00.41.40:920][315]LogEditorViewport: Clicking on Actor (LMB): StaticMeshActor (SM_Bridge)
[2020.01.23-00.41.40:938][315]LogShaderCompilers: Display: Worker (5/13): shaders left to compile 12
[2020.01.23-00.41.40:938][315]LogShaderCompilers: Display: Worker (6/13): shaders left to compile 11
[2020.01.23-00.41.40:938][315]LogShaderCompilers: Display: Worker (7/13): shaders left to compile 10
[2020.01.23-00.41.41:031][317]LogShaderCompilers: Display: Worker (12/13): shaders left to compile 9
[2020.01.23-00.41.41:239][323]LogShaderCompilers: Display: Worker (10/13): shaders left to compile 8
[2020.01.23-00.41.41:272][324]LogShaderCompilers: Display: Worker (11/13): shaders left to compile 7
[2020.01.23-00.41.41:303][325]LogShaderCompilers: Display: Worker (2/13): shaders left to compile 6
[2020.01.23-00.41.41:315][325]LogShaderCompilers: Display: Worker (7/13): shaders left to compile 5
[2020.01.23-00.41.41:338][326]LogShaderCompilers: Display: Worker (9/13): shaders left to compile 4
[2020.01.23-00.41.41:367][327]LogShaderCompilers: Display: Worker (8/13): shaders left to compile 3
[2020.01.23-00.41.41:461][330]LogShaderCompilers: Display: Worker (3/13): shaders left to compile 2
[2020.01.23-00.41.41:469][330]LogShaderCompilers: Display: Worker (4/13): shaders left to compile 1
[2020.01.23-00.41.41:877][343]MaterialEditorStats: Base pass shader: 128 instructions
[2020.01.23-00.41.41:877][343]MaterialEditorStats: Base pass shader with Surface Lightmap: 159 instructions
[2020.01.23-00.41.41:877][343]MaterialEditorStats: Base pass shader with Volumetric Lightmap: 206 instructions
[2020.01.23-00.41.41:877][343]MaterialEditorStats: Base pass vertex shader: 44 instructions
[2020.01.23-00.41.41:877][343]MaterialEditorStats: Texture samplers: 6/16
[2020.01.23-00.41.41:877][343]MaterialEditorStats: Texture Lookups (Est.): VS(0), PS(3)
[2020.01.23-00.41.41:877][343]MaterialEditorStats: User interpolators: 2/4 Scalars (1/4 Vectors) (TexCoords: 2, Custom: 0)
[2020.01.23-00.41.45:879][660]Cmd: SELECT NONE
[2020.01.23-00.41.53:423][191]LogEditorViewport: Clicking on Actor (LMB): StaticMeshActor (SM_Bridge)
[2020.01.23-00.42.10:254][417]Cmd: CAMERA ALIGN ACTIVEVIEWPORTONLY
[2020.01.23-00.42.16:057][785]Cmd: SELECT NONE
[2020.01.23-00.42.19:960][ 70]LogEditorViewport: Clicking on Actor (LMB): StaticMeshActor (SM_Bridge)
[2020.01.23-00.42.25:504][501]LogEditorViewport: Clicking on Actor (LMB): StaticMeshActor (SM_grasspath)
[2020.01.23-00.42.29:355][800]Cmd: SELECT NONE
[2020.01.23-00.42.29:768][848]LogEditorViewport: Clicking on Actor (LMB): StaticMeshActor (SM_Rock3_low5)
[2020.01.23-00.42.31:575][ 20]Cmd: SELECT NONE
[2020.01.23-00.42.35:945][339]LogEditorViewport: Clicking on Actor (LMB): StaticMeshActor (SM_Wall_end)
[2020.01.23-00.42.41:334][782]Cmd: SELECT NONE
[2020.01.23-00.42.43:146][926]LogEditorViewport: Clicking on Actor (LMB): StaticMeshActor (SM_Wall_end)
[2020.01.23-00.42.44:081][979]LogEditorViewport: Clicking on Actor (LMB): StaticMeshActor (SM_Wall_end)
[2020.01.23-00.42.50:392][429]LogEditorViewport: Clicking on Actor (LMB): StaticMeshActor (SM_Wall_end2)
[2020.01.23-00.43.05:968][770]Cmd: SELECT NONE
[2020.01.23-00.43.06:959][885]LogEditorViewport: Clicking on Actor (LMB): StaticMeshActor (SM_Wall_end2)
[2020.01.23-00.43.08:829][ 65]Cmd: SELECT NONE
[2020.01.23-00.43.09:770][162]LogEditorViewport: Clicking on Actor (LMB): StaticMeshActor (SM_Wall_end2)
[2020.01.23-00.43.10:931][275]LogEditorViewport: Clicking on Actor (LMB): StaticMeshActor (SM_Wall_end)
[2020.01.23-00.43.16:031][670]Cmd: SELECT NONE
[2020.01.23-00.43.19:758][932]LogEditorViewport: Clicking on Actor (LMB): StaticMeshActor (SM_Wall_end)
[2020.01.23-00.43.20:072][948]Cmd: DELETE
[2020.01.23-00.43.20:072][948]Cmd: ACTOR DELETE
[2020.01.23-00.43.20:076][948]LogEditorActor: Deleted Actor: StaticMeshActor
[2020.01.23-00.43.20:114][948]LogUObjectHash: Compacting FUObjectHashTables data took   1.95ms
[2020.01.23-00.43.20:114][948]LogEditorActor: Deleted 1 Actors (0.042 secs)
[2020.01.23-00.43.22:970][162]Cmd: TRANSACTION UNDO
[2020.01.23-00.43.22:971][162]LogEditorTransaction: Undo Delete Actors
[2020.01.23-00.43.23:050][162]LogMaterial: Display: Missing cached shader map for material m_Bridge, compiling. 
[2020.01.23-00.43.23:067][162]LogShaderCompilers: Display: Worker (1/13): shaders left to compile 30
[2020.01.23-00.43.23:067][162]LogShaderCompilers: Display: Worker (2/13): shaders left to compile 29
[2020.01.23-00.43.23:067][162]LogShaderCompilers: Display: Worker (3/13): shaders left to compile 28
[2020.01.23-00.43.23:067][162]LogShaderCompilers: Display: Worker (4/13): shaders left to compile 27
[2020.01.23-00.43.23:067][162]LogShaderCompilers: Display: Worker (5/13): shaders left to compile 26
[2020.01.23-00.43.23:067][162]LogShaderCompilers: Display: Worker (6/13): shaders left to compile 25
[2020.01.23-00.43.23:067][162]LogShaderCompilers: Display: Worker (7/13): shaders left to compile 24
[2020.01.23-00.43.23:067][162]LogShaderCompilers: Display: Worker (8/13): shaders left to compile 23
[2020.01.23-00.43.23:067][162]LogShaderCompilers: Display: Worker (9/13): shaders left to compile 22
[2020.01.23-00.43.23:067][162]LogShaderCompilers: Display: Worker (10/13): shaders left to compile 21
[2020.01.23-00.43.23:067][162]LogShaderCompilers: Display: Worker (11/13): shaders left to compile 20
[2020.01.23-00.43.23:067][162]LogShaderCompilers: Display: Worker (12/13): shaders left to compile 19
[2020.01.23-00.43.23:397][170]LogShaderCompilers: Display: Worker (8/13): shaders left to compile 18
[2020.01.23-00.43.23:513][172]LogShaderCompilers: Display: Worker (3/13): shaders left to compile 17
[2020.01.23-00.43.23:533][173]LogShaderCompilers: Display: Worker (1/13): shaders left to compile 16
[2020.01.23-00.43.23:533][173]LogShaderCompilers: Display: Worker (2/13): shaders left to compile 15
[2020.01.23-00.43.23:543][173]LogShaderCompilers: Display: Worker (4/13): shaders left to compile 14
[2020.01.23-00.43.23:543][173]LogShaderCompilers: Display: Worker (5/13): shaders left to compile 13
[2020.01.23-00.43.23:543][173]LogShaderCompilers: Display: Worker (6/13): shaders left to compile 12
[2020.01.23-00.43.23:543][173]LogShaderCompilers: Display: Worker (9/13): shaders left to compile 11
[2020.01.23-00.43.23:579][174]LogShaderCompilers: Display: Worker (7/13): shaders left to compile 10
[2020.01.23-00.43.23:659][176]LogShaderCompilers: Display: Worker (12/13): shaders left to compile 9
[2020.01.23-00.43.23:815][180]Cmd: SELECT NONE
[2020.01.23-00.43.23:849][181]LogShaderCompilers: Display: Worker (10/13): shaders left to compile 8
[2020.01.23-00.43.23:909][185]LogShaderCompilers: Display: Worker (11/13): shaders left to compile 7
[2020.01.23-00.43.23:925][186]LogShaderCompilers: Display: Worker (1/13): shaders left to compile 6
[2020.01.23-00.43.23:955][188]LogShaderCompilers: Display: Worker (7/13): shaders left to compile 5
[2020.01.23-00.43.23:969][189]LogShaderCompilers: Display: Worker (5/13): shaders left to compile 4
[2020.01.23-00.43.23:997][191]LogShaderCompilers: Display: Worker (8/13): shaders left to compile 3
[2020.01.23-00.43.24:088][197]LogShaderCompilers: Display: Worker (2/13): shaders left to compile 2
[2020.01.23-00.43.24:105][198]LogShaderCompilers: Display: Worker (4/13): shaders left to compile 1
[2020.01.23-00.43.24:503][220]MaterialEditorStats: Base pass shader: 128 instructions
[2020.01.23-00.43.24:503][220]MaterialEditorStats: Base pass shader with Surface Lightmap: 159 instructions
[2020.01.23-00.43.24:503][220]MaterialEditorStats: Base pass shader with Volumetric Lightmap: 206 instructions
[2020.01.23-00.43.24:503][220]MaterialEditorStats: Base pass vertex shader: 44 instructions
[2020.01.23-00.43.24:503][220]MaterialEditorStats: Texture samplers: 6/16
[2020.01.23-00.43.24:503][220]MaterialEditorStats: Texture Lookups (Est.): VS(0), PS(3)
[2020.01.23-00.43.24:503][220]MaterialEditorStats: User interpolators: 2/4 Scalars (1/4 Vectors) (TexCoords: 2, Custom: 0)
[2020.01.23-00.43.26:706][361]LogEditorViewport: Clicking on Actor (LMB): StaticMeshActor (SM_Bridge)
[2020.01.23-00.43.28:434][472]Cmd: SELECT NONE
[2020.01.23-00.43.35:646][966]LogSlate: FSceneViewport::OnFocusLost() reason 0
[2020.01.23-00.43.35:732][975]Cmd: OBJ SAVEPACKAGE PACKAGE="/Game/Diorama" FILE="../../../../Art/Park_SFAS/Park/Content/Diorama.umap" SILENT=true AUTOSAVING=false KEEPDIRTY=false
[2020.01.23-00.43.35:768][975]LogUObjectHash: Compacting FUObjectHashTables data took   1.35ms
[2020.01.23-00.43.35:959][975]LogSavePackage: Moving '../../../../Art/Park_SFAS/Park/Saved/Diorama1B1EFC574C2D596EFBD78684AC6858EE.tmp' to '../../../../Art/Park_SFAS/Park/Content/Diorama.umap'
[2020.01.23-00.43.35:986][975]Cmd: OBJ SAVEPACKAGE PACKAGE="/Game/Diorama_BuiltData" FILE="../../../../Art/Park_SFAS/Park/Content/Diorama_BuiltData.uasset" SILENT=true
[2020.01.23-00.43.36:094][975]LogSavePackage: Moving '../../../../Art/Park_SFAS/Park/Saved/Diorama_BuiltData8AC73D974CEF8B2E0B3F91911B00C0B1.tmp' to '../../../../Art/Park_SFAS/Park/Content/Diorama_BuiltData.uasset'
[2020.01.23-00.43.42:568][203]LogSlate: FSceneViewport::OnFocusLost() reason 5
[2020.01.23-00.43.50:613][898]LogRenderer: Reallocating scene render targets to support 1304x716 Format 10 NumSamples 1 (Frame:39559).
[2020.01.23-00.43.50:652][899]LogRenderer: Reallocating scene render targets to support 1304x748 Format 10 NumSamples 1 (Frame:39561).
[2020.01.23-00.43.50:690][900]LogRenderer: Reallocating scene render targets to support 1304x776 Format 10 NumSamples 1 (Frame:39563).
[2020.01.23-00.43.50:735][901]LogRenderer: Reallocating scene render targets to support 1304x804 Format 10 NumSamples 1 (Frame:39565).
[2020.01.23-00.43.50:773][902]LogRenderer: Reallocating scene render targets to support 1304x828 Format 10 NumSamples 1 (Frame:39567).
[2020.01.23-00.43.50:819][903]LogRenderer: Reallocating scene render targets to support 1304x836 Format 10 NumSamples 1 (Frame:39569).
[2020.01.23-00.43.50:856][904]LogRenderer: Reallocating scene render targets to support 1304x840 Format 10 NumSamples 1 (Frame:39571).
[2020.01.23-00.43.50:901][905]LogRenderer: Reallocating scene render targets to support 1304x844 Format 10 NumSamples 1 (Frame:39573).
[2020.01.23-00.43.51:026][914]LogRenderer: Reallocating scene render targets to support 1304x848 Format 10 NumSamples 1 (Frame:39577).
[2020.01.23-00.43.51:085][918]LogRenderer: Reallocating scene render targets to support 1304x852 Format 10 NumSamples 1 (Frame:39579).
[2020.01.23-00.43.51:123][919]LogRenderer: Reallocating scene render targets to support 1304x856 Format 10 NumSamples 1 (Frame:39581).
[2020.01.23-00.43.51:160][920]LogRenderer: Reallocating scene render targets to support 1304x868 Format 10 NumSamples 1 (Frame:39583).
[2020.01.23-00.43.53:846][  4]LogEditorViewport: Clicking on Actor (LMB): BP_Sky_Sphere_C (Sky Sphere)
[2020.01.23-00.43.58:901][140]LogSlate: FSceneViewport::OnFocusLost() reason 5
[2020.01.23-00.44.33:861][215]LogSlate: FSceneViewport::OnFocusLost() reason 0
[2020.01.23-00.44.33:957][225]LogEditorViewport: Clicking on Actor (LMB): StaticMeshActor (SM_Bridge)
[2020.01.23-00.44.35:852][407]Cmd: SELECT NONE
[2020.01.23-00.44.37:915][580]LogEditorViewport: Clicking on Actor (LMB): StaticMeshActor (SM_Bridge)
[2020.01.23-00.44.40:845][834]Cmd: SELECT NONE
[2020.01.23-00.45.19:070][185]LogSlate: FSceneViewport::OnFocusLost() reason 0
[2020.01.23-00.45.19:181][197]Cmd: OBJ SAVEPACKAGE PACKAGE="/Game/Diorama" FILE="../../../../Art/Park_SFAS/Park/Content/Diorama.umap" SILENT=true AUTOSAVING=false KEEPDIRTY=false
[2020.01.23-00.45.19:221][197]LogUObjectHash: Compacting FUObjectHashTables data took   2.56ms
[2020.01.23-00.45.19:415][197]LogSavePackage: Moving '../../../../Art/Park_SFAS/Park/Saved/DioramaD5A66FC94F1C971BABBC3FB8CD9299E1.tmp' to '../../../../Art/Park_SFAS/Park/Content/Diorama.umap'
[2020.01.23-00.45.19:439][197]Cmd: OBJ SAVEPACKAGE PACKAGE="/Game/Diorama_BuiltData" FILE="../../../../Art/Park_SFAS/Park/Content/Diorama_BuiltData.uasset" SILENT=true
[2020.01.23-00.45.19:545][197]LogSavePackage: Moving '../../../../Art/Park_SFAS/Park/Saved/Diorama_BuiltData9DB72A0E4F288F62AC1705ADC1B3B013.tmp' to '../../../../Art/Park_SFAS/Park/Content/Diorama_BuiltData.uasset'
[2020.01.23-00.47.21:196][ 86]LogSlate: FSceneViewport::OnFocusLost() reason 5
