Log file open, 01/26/20 12:41:31
LogWindows: Failed to load 'aqProf.dll' (GetLastError=126)
LogWindows: File 'aqProf.dll' does not exist
LogWindows: Failed to load 'VtuneApi.dll' (GetLastError=126)
LogWindows: File 'VtuneApi.dll' does not exist
LogWindows: Failed to load 'VtuneApi32e.dll' (GetLastError=126)
LogWindows: File 'VtuneApi32e.dll' does not exist
LogConsoleResponse: Display: Failed to find resolution value strings in scalability ini. Falling back to default.
LogInit: Display: Running engine for game: Park
LogPlatformFile: Not using cached read wrapper
LogTaskGraph: Started task graph with 5 named threads and 47 total threads with 3 sets of task threads.
LogStats: Stats thread started at 0.064284
LogD3D11RHI: Loaded GFSDK_Aftermath_Lib.x64.dll
LogICUInternationalization: ICU TimeZone Detection - Raw Offset: +0:00, Platform Override: ''
LogPluginManager: Mounting plugin Paper2D
LogPluginManager: Mounting plugin AISupport
LogPluginManager: Mounting plugin LightPropagationVolume
LogPluginManager: Mounting plugin ActorLayerUtilities
LogPluginManager: Mounting plugin AnimationSharing
LogPluginManager: Mounting plugin CLionSourceCodeAccess
LogPluginManager: Mounting plugin CodeLiteSourceCodeAccess
LogPluginManager: Mounting plugin GitSourceControl
LogPluginManager: Mounting plugin KDevelopSourceCodeAccess
LogPluginManager: Mounting plugin NullSourceCodeAccess
LogPluginManager: Mounting plugin PerforceSourceControl
LogPluginManager: Mounting plugin SubversionSourceControl
LogPluginManager: Mounting plugin UObjectPlugin
LogPluginManager: Mounting plugin VisualStudioCodeSourceCodeAccess
LogPluginManager: Mounting plugin VisualStudioSourceCodeAccess
LogPluginManager: Mounting plugin XCodeSourceCodeAccess
LogPluginManager: Mounting plugin AssetManagerEditor
LogPluginManager: Mounting plugin CryptoKeys
LogPluginManager: Mounting plugin CurveEditorTools
LogPluginManager: Mounting plugin DataValidation
LogPluginManager: Mounting plugin FacialAnimation
LogPluginManager: Mounting plugin GameplayTagsEditor
LogPluginManager: Mounting plugin MacGraphicsSwitching
LogPluginManager: Mounting plugin MaterialAnalyzer
LogPluginManager: Mounting plugin MobileLauncherProfileWizard
LogPluginManager: Mounting plugin PluginBrowser
LogPluginManager: Mounting plugin SpeedTreeImporter
LogPluginManager: Mounting plugin DatasmithContent
LogPluginManager: Mounting plugin VariantManagerContent
LogPluginManager: Mounting plugin AlembicImporter
LogPluginManager: Mounting plugin AutomationUtils
LogPluginManager: Mounting plugin BackChannel
LogPluginManager: Mounting plugin CharacterAI
LogPluginManager: Mounting plugin GeometryCache
LogPluginManager: Mounting plugin HTML5Networking
LogPluginManager: Mounting plugin PlatformCrypto
LogPluginManager: Mounting plugin ProxyLODPlugin
LogPluginManager: Mounting plugin SkeletalReduction
LogPluginManager: Mounting plugin MagicLeap
LogPluginManager: Mounting plugin MagicLeapMedia
LogPluginManager: Mounting plugin AndroidMedia
LogPluginManager: Mounting plugin AvfMedia
LogPluginManager: Mounting plugin ImgMedia
LogPluginManager: Mounting plugin MediaCompositing
LogPluginManager: Mounting plugin MediaPlayerEditor
LogPluginManager: Mounting plugin WebMMedia
LogPluginManager: Mounting plugin WmfMedia
LogPluginManager: Mounting plugin TcpMessaging
LogPluginManager: Mounting plugin UdpMessaging
LogPluginManager: Mounting plugin ActorSequence
LogPluginManager: Mounting plugin LevelSequenceEditor
LogPluginManager: Mounting plugin MatineeToLevelSequence
LogPluginManager: Mounting plugin NetcodeUnitTest
LogPluginManager: Mounting plugin NUTUnrealEngine4
LogPluginManager: Mounting plugin OnlineSubsystemGooglePlay
LogPluginManager: Mounting plugin OnlineSubsystemIOS
LogPluginManager: Mounting plugin OnlineSubsystem
LogPluginManager: Mounting plugin OnlineSubsystemNull
LogPluginManager: Mounting plugin OnlineSubsystemUtils
LogPluginManager: Mounting plugin LauncherChunkInstaller
LogPluginManager: Mounting plugin AndroidDeviceProfileSelector
LogPluginManager: Mounting plugin AndroidMoviePlayer
LogPluginManager: Mounting plugin AndroidPermission
LogPluginManager: Mounting plugin AppleImageUtils
LogPluginManager: Mounting plugin AppleMoviePlayer
LogPluginManager: Mounting plugin ArchVisCharacter
LogPluginManager: Mounting plugin AudioCapture
LogPluginManager: Mounting plugin CableComponent
LogPluginManager: Mounting plugin CustomMeshComponent
LogPluginManager: Mounting plugin EditableMesh
LogPluginManager: Mounting plugin ExampleDeviceProfileSelector
LogPluginManager: Mounting plugin GoogleCloudMessaging
LogPluginManager: Mounting plugin IOSDeviceProfileSelector
LogPluginManager: Mounting plugin LinuxDeviceProfileSelector
LogPluginManager: Mounting plugin LocationServicesBPLibrary
LogPluginManager: Mounting plugin MobilePatchingUtils
LogPluginManager: Mounting plugin OculusVR
LogPluginManager: Mounting plugin PhysXVehicles
LogPluginManager: Mounting plugin ProceduralMeshComponent
LogPluginManager: Mounting plugin RuntimePhysXCooking
LogPluginManager: Mounting plugin SignificanceManager
LogPluginManager: Mounting plugin SteamVR
LogPluginManager: Mounting plugin WebMMoviePlayer
LogPluginManager: Mounting plugin WindowsMoviePlayer
LogPluginManager: Mounting plugin ScreenshotTools
LogInit: Using libcurl 7.55.1-DEV
LogInit:  - built for x86_64-pc-win32
LogInit:  - supports SSL with OpenSSL/1.1.1
LogInit:  - supports HTTP deflate (compression) using libz 1.2.8
LogInit:  - other features:
LogInit:      CURL_VERSION_SSL
LogInit:      CURL_VERSION_LIBZ
LogInit:      CURL_VERSION_IPV6
LogInit:      CURL_VERSION_ASYNCHDNS
LogInit:      CURL_VERSION_LARGEFILE
LogInit:      CURL_VERSION_IDN
LogInit:  CurlRequestOptions (configurable via config and command line):
LogInit:  - bVerifyPeer = true  - Libcurl will verify peer certificate
LogInit:  - bUseHttpProxy = false  - Libcurl will NOT use HTTP proxy
LogInit:  - bDontReuseConnections = false  - Libcurl will reuse connections
LogInit:  - MaxHostConnections = 16  - Libcurl will limit the number of connections to a host
LogInit:  - LocalHostAddr = Default
LogInit:  - BufferSize = 65536
LogOnline: OSS: Creating online subsystem instance for: NULL
LogInit: WinSock: version 1.1 (2.2), MaxSocks=32767, MaxUdp=65467
LogInit: Build: ++UE4+Release-4.23-CL-9631420
LogInit: Engine Version: 4.23.1-9631420+++UE4+Release-4.23
LogInit: Compatible Engine Version: 4.23.0-8386587+++UE4+Release-4.23
LogInit: Net CL: 8386587
LogInit: OS: Windows 10 (Release 1909) (), CPU: Intel(R) Core(TM) i7-7820X CPU @ 3.60GHz, GPU: NVIDIA GeForce GTX 1080 Ti
LogInit: Compiled (64-bit): Oct 18 2019 02:07:44
LogInit: Compiled with Visual C++: 19.16.27030.01
LogInit: Build Configuration: Development
LogInit: Branch Name: ++UE4+Release-4.23
LogInit: Command Line: 
LogInit: Base Directory: D:/UE_4.23/Engine/Binaries/Win64/
LogInit: Installed Engine Build: 1
LogDevObjectVersion: Number of dev versions registered: 23
LogDevObjectVersion:   Dev-Blueprints (B0D832E4-1F89-4F0D-ACCF-7EB736FD4AA2): 10
LogDevObjectVersion:   Dev-Build (E1C64328-A22C-4D53-A36C-8E866417BD8C): 0
LogDevObjectVersion:   Dev-Core (375EC13C-06E4-48FB-B500-84F0262A717E): 3
LogDevObjectVersion:   Dev-Editor (E4B068ED-F494-42E9-A231-DA0B2E46BB41): 34
LogDevObjectVersion:   Dev-Framework (CFFC743F-43B0-4480-9391-14DF171D2073): 35
LogDevObjectVersion:   Dev-Mobile (B02B49B5-BB20-44E9-A304-32B752E40360): 2
LogDevObjectVersion:   Dev-Networking (A4E4105C-59A1-49B5-A7C5-40C4547EDFEE): 0
LogDevObjectVersion:   Dev-Online (39C831C9-5AE6-47DC-9A44-9C173E1C8E7C): 0
LogDevObjectVersion:   Dev-Physics (78F01B33-EBEA-4F98-B9B4-84EACCB95AA2): 0
LogDevObjectVersion:   Dev-Platform (6631380F-2D4D-43E0-8009-CF276956A95A): 0
LogDevObjectVersion:   Dev-Rendering (12F88B9F-8875-4AFC-A67C-D90C383ABD29): 31
LogDevObjectVersion:   Dev-Sequencer (7B5AE74C-D270-4C10-A958-57980B212A5A): 11
LogDevObjectVersion:   Dev-VR (D7296918-1DD6-4BDD-9DE2-64A83CC13884): 2
LogDevObjectVersion:   Dev-LoadTimes (C2A15278-BFE7-4AFE-6C17-90FF531DF755): 1
LogDevObjectVersion:   Private-Geometry (6EACA3D4-40EC-4CC1-B786-8BED09428FC5): 3
LogDevObjectVersion:   Dev-AnimPhys (29E575DD-E0A3-4627-9D10-D276232CDCEA): 17
LogDevObjectVersion:   Dev-Anim (AF43A65D-7FD3-4947-9873-3E8ED9C1BB05): 2
LogDevObjectVersion:   Dev-ReflectionCapture (6B266CEC-1EC7-4B8F-A30B-E4D90942FC07): 1
LogDevObjectVersion:   Dev-Automation (0DF73D61-A23F-47EA-B727-89E90C41499A): 1
LogDevObjectVersion:   FortniteMain (601D1886-AC64-4F84-AA16-D3DE0DEAC7D6): 27
LogDevObjectVersion:   Dev-Enterprise (9DFFBCD6-494F-0158-E221-12823C92A888): 6
LogDevObjectVersion:   Dev-Niagara (F2AED0AC-9AFE-416F-8664-AA7FFA26D6FC): 1
LogDevObjectVersion:   Dev-Destruction (174F1F0B-B4C6-45A5-B13F-2EE8D0FB917D): 9
LogInit: Presizing for max 16777216 objects, including 0 objects not considered by GC, pre-allocating 0 bytes for permanent pool.
LogInit: Object subsystem initialized
LogConfig: Setting CVar [[con.DebugEarlyDefault:1]]
LogConfig: Setting CVar [[r.setres:1280x720]]
[2020.01.26-12.41.31:441][  0]LogConfig: Setting CVar [[r.VSync:0]]
[2020.01.26-12.41.31:441][  0]LogConfig: Setting CVar [[r.RHICmdBypass:0]]
[2020.01.26-12.41.31:441][  0]LogConfig: Applying CVar settings from Section [/Script/Engine.RendererSettings] File [D:/Art/Park_SFAS/Park/Saved/Config/Windows/Engine.ini]
[2020.01.26-12.41.31:441][  0]LogConfig: Setting CVar [[r.GPUCrashDebugging:0]]
[2020.01.26-12.41.31:441][  0]LogConfig: Setting CVar [[r.DefaultFeature.AutoExposure.ExtendDefaultLuminanceRange:1]]
[2020.01.26-12.41.31:441][  0]LogConfig: Applying CVar settings from Section [/Script/Engine.RendererOverrideSettings] File [D:/Art/Park_SFAS/Park/Saved/Config/Windows/Engine.ini]
[2020.01.26-12.41.31:441][  0]LogConfig: Applying CVar settings from Section [/Script/Engine.StreamingSettings] File [D:/Art/Park_SFAS/Park/Saved/Config/Windows/Engine.ini]
[2020.01.26-12.41.31:441][  0]LogConfig: Setting CVar [[s.MinBulkDataSizeForAsyncLoading:131072]]
[2020.01.26-12.41.31:441][  0]LogConfig: Setting CVar [[s.AsyncLoadingThreadEnabled:0]]
[2020.01.26-12.41.31:441][  0]LogConfig: Setting CVar [[s.EventDrivenLoaderEnabled:1]]
[2020.01.26-12.41.31:441][  0]LogConfig: Setting CVar [[s.WarnIfTimeLimitExceeded:0]]
[2020.01.26-12.41.31:441][  0]LogConfig: Setting CVar [[s.TimeLimitExceededMultiplier:1.5]]
[2020.01.26-12.41.31:441][  0]LogConfig: Setting CVar [[s.TimeLimitExceededMinTime:0.005]]
[2020.01.26-12.41.31:441][  0]LogConfig: Setting CVar [[s.UseBackgroundLevelStreaming:1]]
[2020.01.26-12.41.31:441][  0]LogConfig: Setting CVar [[s.PriorityAsyncLoadingExtraTime:15.0]]
[2020.01.26-12.41.31:441][  0]LogConfig: Setting CVar [[s.LevelStreamingActorsUpdateTimeLimit:5.0]]
[2020.01.26-12.41.31:441][  0]LogConfig: Setting CVar [[s.PriorityLevelStreamingActorsUpdateExtraTime:5.0]]
[2020.01.26-12.41.31:441][  0]LogConfig: Setting CVar [[s.LevelStreamingComponentsRegistrationGranularity:10]]
[2020.01.26-12.41.31:441][  0]LogConfig: Setting CVar [[s.UnregisterComponentsTimeLimit:1.0]]
[2020.01.26-12.41.31:441][  0]LogConfig: Setting CVar [[s.LevelStreamingComponentsUnregistrationGranularity:5]]
[2020.01.26-12.41.31:441][  0]LogConfig: Applying CVar settings from Section [/Script/Engine.GarbageCollectionSettings] File [D:/Art/Park_SFAS/Park/Saved/Config/Windows/Engine.ini]
[2020.01.26-12.41.31:441][  0]LogConfig: Setting CVar [[gc.MaxObjectsNotConsideredByGC:1]]
[2020.01.26-12.41.31:441][  0]LogConfig: Setting CVar [[gc.SizeOfPermanentObjectPool:0]]
[2020.01.26-12.41.31:441][  0]LogConfig: Setting CVar [[gc.FlushStreamingOnGC:0]]
[2020.01.26-12.41.31:441][  0]LogConfig: Setting CVar [[gc.NumRetriesBeforeForcingGC:10]]
[2020.01.26-12.41.31:441][  0]LogConfig: Setting CVar [[gc.AllowParallelGC:1]]
[2020.01.26-12.41.31:441][  0]LogConfig: Setting CVar [[gc.TimeBetweenPurgingPendingKillObjects:61.1]]
[2020.01.26-12.41.31:441][  0]LogConfig: Setting CVar [[gc.MaxObjectsInEditor:16777216]]
[2020.01.26-12.41.31:441][  0]LogConfig: Setting CVar [[gc.IncrementalBeginDestroyEnabled:1]]
[2020.01.26-12.41.31:441][  0]LogConfig: Setting CVar [[gc.CreateGCClusters:1]]
[2020.01.26-12.41.31:441][  0]LogConfig: Setting CVar [[gc.MinGCClusterSize:5]]
[2020.01.26-12.41.31:441][  0]LogConfig: Setting CVar [[gc.ActorClusteringEnabled:0]]
[2020.01.26-12.41.31:441][  0]LogConfig: Setting CVar [[gc.BlueprintClusteringEnabled:0]]
[2020.01.26-12.41.31:441][  0]LogConfig: Setting CVar [[gc.UseDisregardForGCOnDedicatedServers:0]]
[2020.01.26-12.41.31:441][  0]LogConfig: Applying CVar settings from Section [/Script/Engine.NetworkSettings] File [D:/Art/Park_SFAS/Park/Saved/Config/Windows/Engine.ini]
[2020.01.26-12.41.31:441][  0]LogConfig: Applying CVar settings from Section [/Script/UnrealEd.CookerSettings] File [D:/Art/Park_SFAS/Park/Saved/Config/Windows/Engine.ini]
[2020.01.26-12.41.31:446][  0]LogConfig: Applying CVar settings from Section [ViewDistanceQuality@3] File [D:/Art/Park_SFAS/Park/Saved/Config/Windows/Scalability.ini]
[2020.01.26-12.41.31:446][  0]LogConfig: Setting CVar [[r.SkeletalMeshLODBias:0]]
[2020.01.26-12.41.31:446][  0]LogConfig: Setting CVar [[r.ViewDistanceScale:1.0]]
[2020.01.26-12.41.31:446][  0]LogConfig: Applying CVar settings from Section [AntiAliasingQuality@3] File [D:/Art/Park_SFAS/Park/Saved/Config/Windows/Scalability.ini]
[2020.01.26-12.41.31:446][  0]LogConfig: Setting CVar [[r.PostProcessAAQuality:4]]
[2020.01.26-12.41.31:446][  0]LogConfig: Applying CVar settings from Section [ShadowQuality@3] File [D:/Art/Park_SFAS/Park/Saved/Config/Windows/Scalability.ini]
[2020.01.26-12.41.31:446][  0]LogConfig: Setting CVar [[r.LightFunctionQuality:1]]
[2020.01.26-12.41.31:446][  0]LogConfig: Setting CVar [[r.ShadowQuality:5]]
[2020.01.26-12.41.31:446][  0]LogConfig: Setting CVar [[r.Shadow.CSM.MaxCascades:10]]
[2020.01.26-12.41.31:446][  0]LogConfig: Setting CVar [[r.Shadow.MaxResolution:2048]]
[2020.01.26-12.41.31:446][  0]LogConfig: Setting CVar [[r.Shadow.MaxCSMResolution:2048]]
[2020.01.26-12.41.31:446][  0]LogConfig: Setting CVar [[r.Shadow.RadiusThreshold:0.01]]
[2020.01.26-12.41.31:446][  0]LogConfig: Setting CVar [[r.Shadow.DistanceScale:1.0]]
[2020.01.26-12.41.31:446][  0]LogConfig: Setting CVar [[r.Shadow.CSM.TransitionScale:1.0]]
[2020.01.26-12.41.31:446][  0]LogConfig: Setting CVar [[r.Shadow.PreShadowResolutionFactor:1.0]]
[2020.01.26-12.41.31:446][  0]LogConfig: Setting CVar [[r.DistanceFieldShadowing:1]]
[2020.01.26-12.41.31:446][  0]LogConfig: Setting CVar [[r.DistanceFieldAO:1]]
[2020.01.26-12.41.31:446][  0]LogConfig: Setting CVar [[r.AOQuality:2]]
[2020.01.26-12.41.31:446][  0]LogConfig: Setting CVar [[r.VolumetricFog:1]]
[2020.01.26-12.41.31:446][  0]LogConfig: Setting CVar [[r.VolumetricFog.GridPixelSize:8]]
[2020.01.26-12.41.31:446][  0]LogConfig: Setting CVar [[r.VolumetricFog.GridSizeZ:128]]
[2020.01.26-12.41.31:446][  0]LogConfig: Setting CVar [[r.VolumetricFog.HistoryMissSupersampleCount:4]]
[2020.01.26-12.41.31:446][  0]LogConfig: Setting CVar [[r.LightMaxDrawDistanceScale:1]]
[2020.01.26-12.41.31:446][  0]LogConfig: Setting CVar [[r.CapsuleShadows:1]]
[2020.01.26-12.41.31:446][  0]LogConfig: Applying CVar settings from Section [PostProcessQuality@3] File [D:/Art/Park_SFAS/Park/Saved/Config/Windows/Scalability.ini]
[2020.01.26-12.41.31:446][  0]LogConfig: Setting CVar [[r.MotionBlurQuality:4]]
[2020.01.26-12.41.31:446][  0]LogConfig: Setting CVar [[r.AmbientOcclusionMipLevelFactor:0.4]]
[2020.01.26-12.41.31:446][  0]LogConfig: Setting CVar [[r.AmbientOcclusionMaxQuality:100]]
[2020.01.26-12.41.31:446][  0]LogConfig: Setting CVar [[r.AmbientOcclusionLevels:-1]]
[2020.01.26-12.41.31:446][  0]LogConfig: Setting CVar [[r.AmbientOcclusionRadiusScale:1.0]]
[2020.01.26-12.41.31:446][  0]LogConfig: Setting CVar [[r.DepthOfFieldQuality:2]]
[2020.01.26-12.41.31:446][  0]LogConfig: Setting CVar [[r.RenderTargetPoolMin:400]]
[2020.01.26-12.41.31:446][  0]LogConfig: Setting CVar [[r.LensFlareQuality:2]]
[2020.01.26-12.41.31:446][  0]LogConfig: Setting CVar [[r.SceneColorFringeQuality:1]]
[2020.01.26-12.41.31:446][  0]LogConfig: Setting CVar [[r.EyeAdaptationQuality:2]]
[2020.01.26-12.41.31:446][  0]LogConfig: Setting CVar [[r.BloomQuality:5]]
[2020.01.26-12.41.31:446][  0]LogConfig: Setting CVar [[r.FastBlurThreshold:100]]
[2020.01.26-12.41.31:446][  0]LogConfig: Setting CVar [[r.Upscale.Quality:3]]
[2020.01.26-12.41.31:446][  0]LogConfig: Setting CVar [[r.Tonemapper.GrainQuantization:1]]
[2020.01.26-12.41.31:446][  0]LogConfig: Setting CVar [[r.LightShaftQuality:1]]
[2020.01.26-12.41.31:446][  0]LogConfig: Setting CVar [[r.Filter.SizeScale:1]]
[2020.01.26-12.41.31:446][  0]LogConfig: Setting CVar [[r.Tonemapper.Quality:5]]
[2020.01.26-12.41.31:446][  0]LogConfig: Setting CVar [[r.DOF.Gather.AccumulatorQuality:1        ; higher gathering accumulator quality]]
[2020.01.26-12.41.31:446][  0]LogConfig: Setting CVar [[r.DOF.Gather.PostfilterMethod:1          ; Median3x3 postfilering method]]
[2020.01.26-12.41.31:446][  0]LogConfig: Setting CVar [[r.DOF.Gather.EnableBokehSettings:0       ; no bokeh simulation when gathering]]
[2020.01.26-12.41.31:446][  0]LogConfig: Setting CVar [[r.DOF.Gather.RingCount:4                 ; medium number of samples when gathering]]
[2020.01.26-12.41.31:446][  0]LogConfig: Setting CVar [[r.DOF.Scatter.ForegroundCompositing:1    ; additive foreground scattering]]
[2020.01.26-12.41.31:446][  0]LogConfig: Setting CVar [[r.DOF.Scatter.BackgroundCompositing:2    ; additive background scattering]]
[2020.01.26-12.41.31:446][  0]LogConfig: Setting CVar [[r.DOF.Scatter.EnableBokehSettings:1      ; bokeh simulation when scattering]]
[2020.01.26-12.41.31:446][  0]LogConfig: Setting CVar [[r.DOF.Scatter.MaxSpriteRatio:0.1         ; only a maximum of 10% of scattered bokeh]]
[2020.01.26-12.41.31:446][  0]LogConfig: Setting CVar [[r.DOF.Recombine.Quality:1                ; cheap slight out of focus]]
[2020.01.26-12.41.31:446][  0]LogConfig: Setting CVar [[r.DOF.Recombine.EnableBokehSettings:0    ; no bokeh simulation on slight out of focus]]
[2020.01.26-12.41.31:446][  0]LogConfig: Setting CVar [[r.DOF.TemporalAAQuality:1                ; more stable temporal accumulation]]
[2020.01.26-12.41.31:446][  0]LogConfig: Setting CVar [[r.DOF.Kernel.MaxForegroundRadius:0.025]]
[2020.01.26-12.41.31:446][  0]LogConfig: Setting CVar [[r.DOF.Kernel.MaxBackgroundRadius:0.025]]
[2020.01.26-12.41.31:446][  0]LogConfig: Applying CVar settings from Section [TextureQuality@3] File [D:/Art/Park_SFAS/Park/Saved/Config/Windows/Scalability.ini]
[2020.01.26-12.41.31:446][  0]LogConfig: Setting CVar [[r.Streaming.MipBias:0]]
[2020.01.26-12.41.31:446][  0]LogConfig: Setting CVar [[r.Streaming.AmortizeCPUToGPUCopy:0]]
[2020.01.26-12.41.31:446][  0]LogConfig: Setting CVar [[r.Streaming.MaxNumTexturesToStreamPerFrame:0]]
[2020.01.26-12.41.31:446][  0]LogConfig: Setting CVar [[r.Streaming.Boost:1]]
[2020.01.26-12.41.31:446][  0]LogConfig: Setting CVar [[r.MaxAnisotropy:8]]
[2020.01.26-12.41.31:446][  0]LogConfig: Setting CVar [[r.Streaming.LimitPoolSizeToVRAM:0]]
[2020.01.26-12.41.31:446][  0]LogConfig: Setting CVar [[r.Streaming.PoolSize:1000]]
[2020.01.26-12.41.31:446][  0]LogConfig: Setting CVar [[r.Streaming.MaxEffectiveScreenSize:0]]
[2020.01.26-12.41.31:446][  0]LogConfig: Applying CVar settings from Section [EffectsQuality@3] File [D:/Art/Park_SFAS/Park/Saved/Config/Windows/Scalability.ini]
[2020.01.26-12.41.31:446][  0]LogConfig: Setting CVar [[r.TranslucencyLightingVolumeDim:64]]
[2020.01.26-12.41.31:447][  0]LogConfig: Setting CVar [[r.RefractionQuality:2]]
[2020.01.26-12.41.31:447][  0]LogConfig: Setting CVar [[r.SSR.Quality:3]]
[2020.01.26-12.41.31:447][  0]LogConfig: Setting CVar [[r.SceneColorFormat:4]]
[2020.01.26-12.41.31:447][  0]LogConfig: Setting CVar [[r.DetailMode:2]]
[2020.01.26-12.41.31:447][  0]LogConfig: Setting CVar [[r.TranslucencyVolumeBlur:1]]
[2020.01.26-12.41.31:447][  0]LogConfig: Setting CVar [[r.MaterialQualityLevel:1 ; High quality]]
[2020.01.26-12.41.31:447][  0]LogConfig: Setting CVar [[r.SSS.Scale:1]]
[2020.01.26-12.41.31:447][  0]LogConfig: Setting CVar [[r.SSS.SampleSet:2]]
[2020.01.26-12.41.31:447][  0]LogConfig: Setting CVar [[r.SSS.Quality:1]]
[2020.01.26-12.41.31:447][  0]LogConfig: Setting CVar [[r.SSS.HalfRes:1]]
[2020.01.26-12.41.31:447][  0]LogConfig: Setting CVar [[r.EmitterSpawnRateScale:1.0]]
[2020.01.26-12.41.31:447][  0]LogConfig: Setting CVar [[r.ParticleLightQuality:2]]
[2020.01.26-12.41.31:447][  0]LogConfig: Applying CVar settings from Section [FoliageQuality@3] File [D:/Art/Park_SFAS/Park/Saved/Config/Windows/Scalability.ini]
[2020.01.26-12.41.31:447][  0]LogConfig: Setting CVar [[foliage.DensityScale:1.0]]
[2020.01.26-12.41.31:447][  0]LogConfig: Setting CVar [[grass.DensityScale:1.0]]
[2020.01.26-12.41.31:447][  0]LogInit: Selected Device Profile: [Windows]
[2020.01.26-12.41.31:447][  0]LogInit: Applying CVar settings loaded from the selected device profile: [Windows]
[2020.01.26-12.41.31:449][  0]LogHAL: Display: Platform has ~ 32 GB [34014822400 / 34359738368 / 32], which maps to Largest [LargestMinGB=32, LargerMinGB=12, DefaultMinGB=8, SmallerMinGB=6, SmallestMinGB=0)
[2020.01.26-12.41.31:449][  0]LogInit: Going up to parent DeviceProfile []
[2020.01.26-12.41.31:449][  0]LogConfig: Applying CVar settings from Section [ViewDistanceQuality@3] File [D:/Art/Park_SFAS/Park/Saved/Config/Windows/Scalability.ini]
[2020.01.26-12.41.31:449][  0]LogConfig: Setting CVar [[r.SkeletalMeshLODBias:0]]
[2020.01.26-12.41.31:449][  0]LogConfig: Setting CVar [[r.ViewDistanceScale:1.0]]
[2020.01.26-12.41.31:449][  0]LogConfig: Applying CVar settings from Section [AntiAliasingQuality@3] File [D:/Art/Park_SFAS/Park/Saved/Config/Windows/Scalability.ini]
[2020.01.26-12.41.31:449][  0]LogConfig: Setting CVar [[r.PostProcessAAQuality:4]]
[2020.01.26-12.41.31:449][  0]LogConfig: Applying CVar settings from Section [ShadowQuality@3] File [D:/Art/Park_SFAS/Park/Saved/Config/Windows/Scalability.ini]
[2020.01.26-12.41.31:449][  0]LogConfig: Setting CVar [[r.LightFunctionQuality:1]]
[2020.01.26-12.41.31:449][  0]LogConfig: Setting CVar [[r.ShadowQuality:5]]
[2020.01.26-12.41.31:449][  0]LogConfig: Setting CVar [[r.Shadow.CSM.MaxCascades:10]]
[2020.01.26-12.41.31:449][  0]LogConfig: Setting CVar [[r.Shadow.MaxResolution:2048]]
[2020.01.26-12.41.31:449][  0]LogConfig: Setting CVar [[r.Shadow.MaxCSMResolution:2048]]
[2020.01.26-12.41.31:449][  0]LogConfig: Setting CVar [[r.Shadow.RadiusThreshold:0.01]]
[2020.01.26-12.41.31:449][  0]LogConfig: Setting CVar [[r.Shadow.DistanceScale:1.0]]
[2020.01.26-12.41.31:449][  0]LogConfig: Setting CVar [[r.Shadow.CSM.TransitionScale:1.0]]
[2020.01.26-12.41.31:449][  0]LogConfig: Setting CVar [[r.Shadow.PreShadowResolutionFactor:1.0]]
[2020.01.26-12.41.31:449][  0]LogConfig: Setting CVar [[r.DistanceFieldShadowing:1]]
[2020.01.26-12.41.31:449][  0]LogConfig: Setting CVar [[r.DistanceFieldAO:1]]
[2020.01.26-12.41.31:449][  0]LogConfig: Setting CVar [[r.AOQuality:2]]
[2020.01.26-12.41.31:449][  0]LogConfig: Setting CVar [[r.VolumetricFog:1]]
[2020.01.26-12.41.31:449][  0]LogConfig: Setting CVar [[r.VolumetricFog.GridPixelSize:8]]
[2020.01.26-12.41.31:449][  0]LogConfig: Setting CVar [[r.VolumetricFog.GridSizeZ:128]]
[2020.01.26-12.41.31:449][  0]LogConfig: Setting CVar [[r.VolumetricFog.HistoryMissSupersampleCount:4]]
[2020.01.26-12.41.31:449][  0]LogConfig: Setting CVar [[r.LightMaxDrawDistanceScale:1]]
[2020.01.26-12.41.31:449][  0]LogConfig: Setting CVar [[r.CapsuleShadows:1]]
[2020.01.26-12.41.31:449][  0]LogConfig: Applying CVar settings from Section [PostProcessQuality@3] File [D:/Art/Park_SFAS/Park/Saved/Config/Windows/Scalability.ini]
[2020.01.26-12.41.31:449][  0]LogConfig: Setting CVar [[r.MotionBlurQuality:4]]
[2020.01.26-12.41.31:449][  0]LogConfig: Setting CVar [[r.AmbientOcclusionMipLevelFactor:0.4]]
[2020.01.26-12.41.31:449][  0]LogConfig: Setting CVar [[r.AmbientOcclusionMaxQuality:100]]
[2020.01.26-12.41.31:449][  0]LogConfig: Setting CVar [[r.AmbientOcclusionLevels:-1]]
[2020.01.26-12.41.31:449][  0]LogConfig: Setting CVar [[r.AmbientOcclusionRadiusScale:1.0]]
[2020.01.26-12.41.31:449][  0]LogConfig: Setting CVar [[r.DepthOfFieldQuality:2]]
[2020.01.26-12.41.31:449][  0]LogConfig: Setting CVar [[r.RenderTargetPoolMin:400]]
[2020.01.26-12.41.31:449][  0]LogConfig: Setting CVar [[r.LensFlareQuality:2]]
[2020.01.26-12.41.31:449][  0]LogConfig: Setting CVar [[r.SceneColorFringeQuality:1]]
[2020.01.26-12.41.31:449][  0]LogConfig: Setting CVar [[r.EyeAdaptationQuality:2]]
[2020.01.26-12.41.31:450][  0]LogConfig: Setting CVar [[r.BloomQuality:5]]
[2020.01.26-12.41.31:450][  0]LogConfig: Setting CVar [[r.FastBlurThreshold:100]]
[2020.01.26-12.41.31:450][  0]LogConfig: Setting CVar [[r.Upscale.Quality:3]]
[2020.01.26-12.41.31:450][  0]LogConfig: Setting CVar [[r.Tonemapper.GrainQuantization:1]]
[2020.01.26-12.41.31:450][  0]LogConfig: Setting CVar [[r.LightShaftQuality:1]]
[2020.01.26-12.41.31:450][  0]LogConfig: Setting CVar [[r.Filter.SizeScale:1]]
[2020.01.26-12.41.31:450][  0]LogConfig: Setting CVar [[r.Tonemapper.Quality:5]]
[2020.01.26-12.41.31:450][  0]LogConfig: Setting CVar [[r.DOF.Gather.AccumulatorQuality:1        ; higher gathering accumulator quality]]
[2020.01.26-12.41.31:450][  0]LogConfig: Setting CVar [[r.DOF.Gather.PostfilterMethod:1          ; Median3x3 postfilering method]]
[2020.01.26-12.41.31:450][  0]LogConfig: Setting CVar [[r.DOF.Gather.EnableBokehSettings:0       ; no bokeh simulation when gathering]]
[2020.01.26-12.41.31:450][  0]LogConfig: Setting CVar [[r.DOF.Gather.RingCount:4                 ; medium number of samples when gathering]]
[2020.01.26-12.41.31:450][  0]LogConfig: Setting CVar [[r.DOF.Scatter.ForegroundCompositing:1    ; additive foreground scattering]]
[2020.01.26-12.41.31:450][  0]LogConfig: Setting CVar [[r.DOF.Scatter.BackgroundCompositing:2    ; additive background scattering]]
[2020.01.26-12.41.31:450][  0]LogConfig: Setting CVar [[r.DOF.Scatter.EnableBokehSettings:1      ; bokeh simulation when scattering]]
[2020.01.26-12.41.31:450][  0]LogConfig: Setting CVar [[r.DOF.Scatter.MaxSpriteRatio:0.1         ; only a maximum of 10% of scattered bokeh]]
[2020.01.26-12.41.31:450][  0]LogConfig: Setting CVar [[r.DOF.Recombine.Quality:1                ; cheap slight out of focus]]
[2020.01.26-12.41.31:450][  0]LogConfig: Setting CVar [[r.DOF.Recombine.EnableBokehSettings:0    ; no bokeh simulation on slight out of focus]]
[2020.01.26-12.41.31:450][  0]LogConfig: Setting CVar [[r.DOF.TemporalAAQuality:1                ; more stable temporal accumulation]]
[2020.01.26-12.41.31:450][  0]LogConfig: Setting CVar [[r.DOF.Kernel.MaxForegroundRadius:0.025]]
[2020.01.26-12.41.31:450][  0]LogConfig: Setting CVar [[r.DOF.Kernel.MaxBackgroundRadius:0.025]]
[2020.01.26-12.41.31:450][  0]LogConfig: Applying CVar settings from Section [TextureQuality@3] File [D:/Art/Park_SFAS/Park/Saved/Config/Windows/Scalability.ini]
[2020.01.26-12.41.31:450][  0]LogConfig: Setting CVar [[r.Streaming.MipBias:0]]
[2020.01.26-12.41.31:450][  0]LogConfig: Setting CVar [[r.Streaming.AmortizeCPUToGPUCopy:0]]
[2020.01.26-12.41.31:450][  0]LogConfig: Setting CVar [[r.Streaming.MaxNumTexturesToStreamPerFrame:0]]
[2020.01.26-12.41.31:450][  0]LogConfig: Setting CVar [[r.Streaming.Boost:1]]
[2020.01.26-12.41.31:450][  0]LogConfig: Setting CVar [[r.MaxAnisotropy:8]]
[2020.01.26-12.41.31:450][  0]LogConfig: Setting CVar [[r.Streaming.LimitPoolSizeToVRAM:0]]
[2020.01.26-12.41.31:450][  0]LogConfig: Setting CVar [[r.Streaming.PoolSize:1000]]
[2020.01.26-12.41.31:450][  0]LogConfig: Setting CVar [[r.Streaming.MaxEffectiveScreenSize:0]]
[2020.01.26-12.41.31:450][  0]LogConfig: Applying CVar settings from Section [EffectsQuality@3] File [D:/Art/Park_SFAS/Park/Saved/Config/Windows/Scalability.ini]
[2020.01.26-12.41.31:450][  0]LogConfig: Setting CVar [[r.TranslucencyLightingVolumeDim:64]]
[2020.01.26-12.41.31:450][  0]LogConfig: Setting CVar [[r.RefractionQuality:2]]
[2020.01.26-12.41.31:450][  0]LogConfig: Setting CVar [[r.SSR.Quality:3]]
[2020.01.26-12.41.31:450][  0]LogConfig: Setting CVar [[r.SceneColorFormat:4]]
[2020.01.26-12.41.31:450][  0]LogConfig: Setting CVar [[r.DetailMode:2]]
[2020.01.26-12.41.31:450][  0]LogConfig: Setting CVar [[r.TranslucencyVolumeBlur:1]]
[2020.01.26-12.41.31:450][  0]LogConfig: Setting CVar [[r.MaterialQualityLevel:1 ; High quality]]
[2020.01.26-12.41.31:450][  0]LogConfig: Setting CVar [[r.SSS.Scale:1]]
[2020.01.26-12.41.31:450][  0]LogConfig: Setting CVar [[r.SSS.SampleSet:2]]
[2020.01.26-12.41.31:450][  0]LogConfig: Setting CVar [[r.SSS.Quality:1]]
[2020.01.26-12.41.31:450][  0]LogConfig: Setting CVar [[r.SSS.HalfRes:1]]
[2020.01.26-12.41.31:450][  0]LogConfig: Setting CVar [[r.EmitterSpawnRateScale:1.0]]
[2020.01.26-12.41.31:450][  0]LogConfig: Setting CVar [[r.ParticleLightQuality:2]]
[2020.01.26-12.41.31:450][  0]LogConfig: Applying CVar settings from Section [FoliageQuality@3] File [D:/Art/Park_SFAS/Park/Saved/Config/Windows/Scalability.ini]
[2020.01.26-12.41.31:450][  0]LogConfig: Setting CVar [[foliage.DensityScale:1.0]]
[2020.01.26-12.41.31:450][  0]LogConfig: Setting CVar [[grass.DensityScale:1.0]]
[2020.01.26-12.41.31:450][  0]LogConfig: Applying CVar settings from Section [Startup] File [../../../Engine/Config/ConsoleVariables.ini]
[2020.01.26-12.41.31:450][  0]LogConfig: Setting CVar [[net.UseAdaptiveNetUpdateFrequency:0]]
[2020.01.26-12.41.31:450][  0]LogConfig: Setting CVar [[p.chaos.AllowCreatePhysxBodies:1]]
[2020.01.26-12.41.31:450][  0]LogConfig: Applying CVar settings from Section [ConsoleVariables] File [D:/Art/Park_SFAS/Park/Saved/Config/Windows/Engine.ini]
[2020.01.26-12.41.31:450][  0]LogInit: Computer: JONATHAN-PC
[2020.01.26-12.41.31:450][  0]LogInit: User: Jonathan
[2020.01.26-12.41.31:450][  0]LogInit: CPU Page size=4096, Cores=8
[2020.01.26-12.41.31:450][  0]LogInit: High frequency timer resolution =10.000000 MHz
[2020.01.26-12.41.31:451][  0]LogMemory: Memory total: Physical=31.7GB (32GB approx)
[2020.01.26-12.41.31:451][  0]LogMemory: Platform Memory Stats for Windows
[2020.01.26-12.41.31:451][  0]LogMemory: Process Physical Memory: 101.74 MB used, 101.74 MB peak
[2020.01.26-12.41.31:451][  0]LogMemory: Process Virtual Memory: 102.39 MB used, 102.39 MB peak
[2020.01.26-12.41.31:451][  0]LogMemory: Physical Memory: 8190.89 MB used,  24248.17 MB free, 32439.06 MB total
[2020.01.26-12.41.31:451][  0]LogMemory: Virtual Memory: 4703.18 MB used,  134213024.00 MB free, 134217728.00 MB total
[2020.01.26-12.41.31:453][  0]LogWindows: WindowsPlatformFeatures enabled
[2020.01.26-12.41.31:472][  0]LogInit: Using OS detected language (en-GB).
[2020.01.26-12.41.31:472][  0]LogInit: Using OS detected locale (en-GB).
[2020.01.26-12.41.31:473][  0]LogTextLocalizationManager: No specific localization for 'en-GB' exists, so the 'en' localization will be used.
[2020.01.26-12.41.31:633][  0]LogInit: Setting process to per monitor DPI aware
[2020.01.26-12.41.31:658][  0]LogSlate: New Slate User Created.  User Index 0, Is Virtual User: 0
[2020.01.26-12.41.31:658][  0]LogSlate: Slate User Registered.  User Index 0, Is Virtual User: 0
[2020.01.26-12.41.31:830][  0]LogHMD: Failed to initialize OpenVR with code 110
[2020.01.26-12.41.31:830][  0]LogD3D11RHI: D3D11 adapters:
[2020.01.26-12.41.31:891][  0]LogD3D11RHI:    0. 'NVIDIA GeForce GTX 1080 Ti' (Feature Level 11_0)
[2020.01.26-12.41.31:891][  0]LogD3D11RHI:       11127/0/16219 MB DedicatedVideo/DedicatedSystem/SharedSystem, Outputs:2, VendorId:0x10de
[2020.01.26-12.41.31:894][  0]LogD3D11RHI:    1. 'Microsoft Basic Render Driver' (Feature Level 11_0)
[2020.01.26-12.41.31:894][  0]LogD3D11RHI:       0/0/16219 MB DedicatedVideo/DedicatedSystem/SharedSystem, Outputs:0, VendorId:0x1414
[2020.01.26-12.41.31:894][  0]LogD3D11RHI: Chosen D3D11 Adapter: 0
[2020.01.26-12.41.31:901][  0]LogD3D11RHI: Creating new Direct3DDevice
[2020.01.26-12.41.31:901][  0]LogD3D11RHI:     GPU DeviceId: 0x1b06 (for the marketing name, search the web for "GPU Device Id")
[2020.01.26-12.41.31:901][  0]LogWindows: EnumDisplayDevices:
[2020.01.26-12.41.31:901][  0]LogWindows:    0. 'NVIDIA GeForce GTX 1080 Ti' (P:1 D:1)
[2020.01.26-12.41.31:901][  0]LogWindows:    1. 'NVIDIA GeForce GTX 1080 Ti' (P:0 D:1)
[2020.01.26-12.41.31:901][  0]LogWindows:    2. 'NVIDIA GeForce GTX 1080 Ti' (P:0 D:0)
[2020.01.26-12.41.31:902][  0]LogWindows:    3. 'NVIDIA GeForce GTX 1080 Ti' (P:0 D:0)
[2020.01.26-12.41.31:902][  0]LogWindows: DebugString: FoundDriverCount:4 
[2020.01.26-12.41.31:902][  0]LogD3D11RHI:     Adapter Name: NVIDIA GeForce GTX 1080 Ti
[2020.01.26-12.41.31:902][  0]LogD3D11RHI:   Driver Version: 432.00 (internal:26.21.14.3200, unified:432.00)
[2020.01.26-12.41.31:902][  0]LogD3D11RHI:      Driver Date: 7-24-2019
[2020.01.26-12.41.31:902][  0]LogRHI: Texture pool is 7788 MB (70% of 11127 MB)
[2020.01.26-12.41.31:941][  0]LogD3D11RHI: Async texture creation enabled
[2020.01.26-12.41.31:993][  0]LogD3D11RHI: GPU Timing Frequency: 1000.000000 (Debug: 2 1)
[2020.01.26-12.41.32:309][  0]LogTemp: Display: Module 'AllDesktopTargetPlatform' loaded TargetPlatform 'AllDesktop'
[2020.01.26-12.41.32:316][  0]LogTemp: Display: Module 'MacClientTargetPlatform' loaded TargetPlatform 'MacClient'
[2020.01.26-12.41.32:322][  0]LogTemp: Display: Module 'MacNoEditorTargetPlatform' loaded TargetPlatform 'MacNoEditor'
[2020.01.26-12.41.32:329][  0]LogTemp: Display: Module 'MacServerTargetPlatform' loaded TargetPlatform 'MacServer'
[2020.01.26-12.41.32:336][  0]LogTemp: Display: Module 'MacTargetPlatform' loaded TargetPlatform 'Mac'
[2020.01.26-12.41.32:342][  0]LogTemp: Display: Module 'WindowsClientTargetPlatform' loaded TargetPlatform 'WindowsClient'
[2020.01.26-12.41.32:349][  0]LogTemp: Display: Module 'WindowsNoEditorTargetPlatform' loaded TargetPlatform 'WindowsNoEditor'
[2020.01.26-12.41.32:356][  0]LogTemp: Display: Module 'WindowsServerTargetPlatform' loaded TargetPlatform 'WindowsServer'
[2020.01.26-12.41.32:359][  0]LogTemp: Display: Module 'WindowsTargetPlatform' loaded TargetPlatform 'Windows'
[2020.01.26-12.41.32:386][  0]LogTemp: Display: Module 'AndroidTargetPlatform' loaded TargetPlatform 'Android'
[2020.01.26-12.41.32:386][  0]LogTemp: Display: Module 'AndroidTargetPlatform' loaded TargetPlatform 'Android_ASTC'
[2020.01.26-12.41.32:386][  0]LogTemp: Display: Module 'AndroidTargetPlatform' loaded TargetPlatform 'Android_ATC'
[2020.01.26-12.41.32:386][  0]LogTemp: Display: Module 'AndroidTargetPlatform' loaded TargetPlatform 'Android_DXT'
[2020.01.26-12.41.32:386][  0]LogTemp: Display: Module 'AndroidTargetPlatform' loaded TargetPlatform 'Android_ETC1'
[2020.01.26-12.41.32:386][  0]LogTemp: Display: Module 'AndroidTargetPlatform' loaded TargetPlatform 'Android_ETC1a'
[2020.01.26-12.41.32:386][  0]LogTemp: Display: Module 'AndroidTargetPlatform' loaded TargetPlatform 'Android_ETC2'
[2020.01.26-12.41.32:386][  0]LogTemp: Display: Module 'AndroidTargetPlatform' loaded TargetPlatform 'Android_PVRTC'
[2020.01.26-12.41.32:386][  0]LogTemp: Display: Module 'AndroidTargetPlatform' loaded TargetPlatform 'AndroidClient'
[2020.01.26-12.41.32:386][  0]LogTemp: Display: Module 'AndroidTargetPlatform' loaded TargetPlatform 'Android_ASTCClient'
[2020.01.26-12.41.32:386][  0]LogTemp: Display: Module 'AndroidTargetPlatform' loaded TargetPlatform 'Android_ATCClient'
[2020.01.26-12.41.32:386][  0]LogTemp: Display: Module 'AndroidTargetPlatform' loaded TargetPlatform 'Android_DXTClient'
[2020.01.26-12.41.32:386][  0]LogTemp: Display: Module 'AndroidTargetPlatform' loaded TargetPlatform 'Android_ETC1Client'
[2020.01.26-12.41.32:386][  0]LogTemp: Display: Module 'AndroidTargetPlatform' loaded TargetPlatform 'Android_ETC1aClient'
[2020.01.26-12.41.32:386][  0]LogTemp: Display: Module 'AndroidTargetPlatform' loaded TargetPlatform 'Android_ETC2Client'
[2020.01.26-12.41.32:386][  0]LogTemp: Display: Module 'AndroidTargetPlatform' loaded TargetPlatform 'Android_PVRTCClient'
[2020.01.26-12.41.32:386][  0]LogTemp: Display: Module 'AndroidTargetPlatform' loaded TargetPlatform 'Android_Multi'
[2020.01.26-12.41.32:386][  0]LogTemp: Display: Module 'AndroidTargetPlatform' loaded TargetPlatform 'Android_MultiClient'
[2020.01.26-12.41.32:388][  0]LogTemp: Display: Module 'HTML5TargetPlatform' loaded TargetPlatform 'HTML5'
[2020.01.26-12.41.32:401][  0]LogTemp: Display: Module 'IOSTargetPlatform' loaded TargetPlatform 'IOSClient'
[2020.01.26-12.41.32:401][  0]LogTemp: Display: Module 'IOSTargetPlatform' loaded TargetPlatform 'IOS'
[2020.01.26-12.41.32:412][  0]LogTemp: Display: Module 'TVOSTargetPlatform' loaded TargetPlatform 'TVOSClient'
[2020.01.26-12.41.32:412][  0]LogTemp: Display: Module 'TVOSTargetPlatform' loaded TargetPlatform 'TVOS'
[2020.01.26-12.41.32:418][  0]LogTemp: Display: Module 'LinuxClientTargetPlatform' loaded TargetPlatform 'LinuxClient'
[2020.01.26-12.41.32:424][  0]LogTemp: Display: Module 'LinuxNoEditorTargetPlatform' loaded TargetPlatform 'LinuxNoEditor'
[2020.01.26-12.41.32:430][  0]LogTemp: Display: Module 'LinuxServerTargetPlatform' loaded TargetPlatform 'LinuxServer'
[2020.01.26-12.41.32:436][  0]LogTemp: Display: Module 'LinuxTargetPlatform' loaded TargetPlatform 'Linux'
[2020.01.26-12.41.32:456][  0]LogTemp: Display: Module 'LuminTargetPlatform' loaded TargetPlatform 'Lumin'
[2020.01.26-12.41.32:456][  0]LogTemp: Display: Module 'LuminTargetPlatform' loaded TargetPlatform 'LuminClient'
[2020.01.26-12.41.32:456][  0]LogTargetPlatformManager: Display: Building Assets For Windows
[2020.01.26-12.41.32:463][  0]LogAudioDebug: Display: Lib vorbis DLL was dynamically loaded.
[2020.01.26-12.41.32:498][  0]LogShaderCompilers: Guid format shader working directory is 15 characters bigger than the processId version (../../../../Art/Park_SFAS/Park/Intermediate/Shaders/WorkingDirectory/10960/).
[2020.01.26-12.41.32:498][  0]LogShaderCompilers: Cleaned the shader compiler working directory 'C:/Users/jonat/AppData/Local/Temp/UnrealShaderWorkingDir/9E2ECD8145DC393916ACB78DE37ACB66/'.
[2020.01.26-12.41.32:500][  0]LogXGEController: Cannot use XGE Controller as Incredibuild is not installed on this machine.
[2020.01.26-12.41.32:500][  0]LogShaderCompilers: Cannot use XGE Shader Compiler as Incredibuild is not installed on this machine.
[2020.01.26-12.41.32:500][  0]LogShaderCompilers: Display: Using Local Shader Compiler.
[2020.01.26-12.41.33:032][  0]LogDerivedDataCache: Display: Max Cache Size: 512 MB
[2020.01.26-12.41.33:077][  0]LogDerivedDataCache: Loaded boot cache 0.05s 73MB C:/Users/jonat/AppData/Local/UnrealEngine/4.23/DerivedDataCache/Boot.ddc.
[2020.01.26-12.41.33:077][  0]LogDerivedDataCache: Display: Loaded Boot cache: C:/Users/jonat/AppData/Local/UnrealEngine/4.23/DerivedDataCache/Boot.ddc
[2020.01.26-12.41.33:077][  0]LogDerivedDataCache: FDerivedDataBackendGraph:  Pak pak cache file ../../../../Art/Park_SFAS/Park/DerivedDataCache/DDC.ddp not found, will not use a pak cache.
[2020.01.26-12.41.33:077][  0]LogDerivedDataCache: Unable to find inner node Pak for hierarchical cache Hierarchy.
[2020.01.26-12.41.33:077][  0]LogDerivedDataCache: FDerivedDataBackendGraph:  CompressedPak pak cache file ../../../../Art/Park_SFAS/Park/DerivedDataCache/Compressed.ddp not found, will not use a pak cache.
[2020.01.26-12.41.33:077][  0]LogDerivedDataCache: Unable to find inner node CompressedPak for hierarchical cache Hierarchy.
[2020.01.26-12.41.33:086][  0]LogDerivedDataCache: Display: Pak cache opened for reading ../../../Engine/DerivedDataCache/Compressed.ddp.
[2020.01.26-12.41.33:087][  0]LogDerivedDataCache: FDerivedDataBackendGraph:  EnterprisePak pak cache file ../../../Enterprise/DerivedDataCache/Compressed.ddp not found, will not use a pak cache.
[2020.01.26-12.41.33:087][  0]LogDerivedDataCache: Unable to find inner node EnterprisePak for hierarchical cache Hierarchy.
[2020.01.26-12.41.33:088][  0]LogDerivedDataCache: Using Local data cache path C:/Users/jonat/AppData/Local/UnrealEngine/Common/DerivedDataCache: Writable
[2020.01.26-12.41.33:088][  0]LogDerivedDataCache: Shared data cache path not found in *engine.ini, will not use an Shared cache.
[2020.01.26-12.41.33:088][  0]LogDerivedDataCache: Unable to find inner node Shared for hierarchical cache Hierarchy.
[2020.01.26-12.41.33:106][  0]LogMaterial: Verifying Global Shaders for PCD3D_SM5
[2020.01.26-12.41.33:108][  0]LogSlate: Using FreeType 2.6.0
[2020.01.26-12.41.33:109][  0]LogSlate: SlateFontServices - WITH_FREETYPE: 1, WITH_HARFBUZZ: 1
[2020.01.26-12.41.33:160][  0]LogAssetRegistry: FAssetRegistry took 0.0023 seconds to start up
[2020.01.26-12.41.33:390][  0]LogInit: Selected Device Profile: [Windows]
[2020.01.26-12.41.33:508][  0]LogMeshReduction: Using QuadricMeshReduction for automatic static mesh reduction
[2020.01.26-12.41.33:508][  0]LogMeshReduction: Using SimplygonMeshReduction for automatic skeletal mesh reduction
[2020.01.26-12.41.33:508][  0]LogMeshReduction: Using ProxyLODMeshReduction for automatic mesh merging
[2020.01.26-12.41.33:508][  0]LogMeshReduction: No distributed automatic mesh merging module available
[2020.01.26-12.41.33:509][  0]LogMeshMerging: No distributed automatic mesh merging module available
[2020.01.26-12.41.33:517][  0]LogNetVersion: Park 1.0.0, NetCL: 8386587, EngineNetVer: 11, GameNetVer: 0 (Checksum: 2217119901)
[2020.01.26-12.41.33:921][  0]LogPackageLocalizationCache: Processed 12 localized package path(s) for 1 prioritized culture(s) in 0.112431 seconds
[2020.01.26-12.41.33:929][  0]LogUObjectArray: 43444 objects as part of root set at end of initial load.
[2020.01.26-12.41.33:929][  0]LogUObjectAllocator: 7548648 out of 0 bytes used by permanent object pool.
[2020.01.26-12.41.33:929][  0]LogUObjectArray: CloseDisregardForGC: 0/0 objects in disregard for GC pool
[2020.01.26-12.41.34:686][  0]LogTcpMessaging: Initializing TcpMessaging bridge
[2020.01.26-12.41.34:689][  0]LogUdpMessaging: Initializing bridge on interface 0.0.0.0:0 to multicast group 230.0.0.1:6666.
[2020.01.26-12.41.34:733][  0]SourceControl: Source control is disabled
[2020.01.26-12.41.34:733][  0]SourceControl: Source control is disabled
[2020.01.26-12.41.34:734][  0]SourceControl: Source control is disabled
[2020.01.26-12.41.34:735][  0]SourceControl: Source control is disabled
[2020.01.26-12.41.34:811][  0]LogAndroidPermission: UAndroidPermissionCallbackProxy::GetInstance
[2020.01.26-12.41.34:955][  0]LogOcInput: OculusInput pre-init called
[2020.01.26-12.41.34:961][  0]LogWindows: Failed to load 'OVRPlugin.dll' (GetLastError=126)
[2020.01.26-12.41.34:961][  0]LogWindows: File 'OVRPlugin.dll' does not exist
[2020.01.26-12.41.35:016][  0]LogEngine: Initializing Engine...
[2020.01.26-12.41.35:016][  0]LogHMD: Failed to initialize OpenVR with code 110
[2020.01.26-12.41.35:017][  0]LogStats: UGameplayTagsManager::InitializeManager -  0.000 s
[2020.01.26-12.41.35:192][  0]LogInit: Initializing FReadOnlyCVARCache
[2020.01.26-12.41.35:203][  0]LogAIModule: Creating AISystem for world Untitled
[2020.01.26-12.41.35:227][  0]LogInit: XAudio2 using 'Speakers (Realtek High Definition Audio)' : 2 channels at 48 kHz using 32 bits per sample (channel mask 0x3)
[2020.01.26-12.41.35:240][  0]LogInit: FAudioDevice initialized.
[2020.01.26-12.41.35:240][  0]LogNetVersion: Set ProjectVersion to 1.0.0.0. Version Checksum will be recalculated on next use.
[2020.01.26-12.41.35:314][  0]LogDerivedDataCache: Saved boot cache 0.07s 73MB C:/Users/jonat/AppData/Local/UnrealEngine/4.23/DerivedDataCache/Boot.ddc.
[2020.01.26-12.41.35:324][  0]LogInit: Texture streaming: Enabled
[2020.01.26-12.41.35:338][  0]LogEngineSessionManager: EngineSessionManager initialized
[2020.01.26-12.41.35:338][  0]LogEditorSessionSummary: Verbose: Initializing EditorSessionSummaryWriter for editor session tracking
[2020.01.26-12.41.35:339][  0]LogEditorSessionSummary: EditorSessionSummaryWriter initialized
[2020.01.26-12.41.35:383][  0]LogInit: Transaction tracking system initialized
[2020.01.26-12.41.35:402][  0]BlueprintLog: New page: Editor Load
[2020.01.26-12.41.35:451][  0]LocalizationService: Localization service is disabled
[2020.01.26-12.41.35:648][  0]LogFileCache: Scanning file cache for directory 'D:/Art/Park_SFAS/Park/Content/' took 0.01s
[2020.01.26-12.41.35:648][  0]LogCook: Display: Max memory allowance for cook 16384mb min free memory 0mb
[2020.01.26-12.41.35:648][  0]LogCook: Display: Mobile HDR setting 1
[2020.01.26-12.41.35:796][  0]SourceControl: Source control is disabled
[2020.01.26-12.41.35:796][  0]Cmd: MAP LOAD FILE="../../../Engine/Content/Maps/Templates/Template_Default.umap" TEMPLATE=1 SHOWPROGRESS=1 FEATURELEVEL=3
[2020.01.26-12.41.35:797][  0]LightingResults: New page: Lighting Build
[2020.01.26-12.41.35:798][  0]LogWorld: UWorld::CleanupWorld for Untitled, bSessionEnded=true, bCleanupResources=true
[2020.01.26-12.41.35:798][  0]MapCheck: New page: Map Check
[2020.01.26-12.41.35:798][  0]LightingResults: New page: Lighting Build
[2020.01.26-12.41.35:842][  0]LogUObjectHash: Compacting FUObjectHashTables data took   1.61ms
[2020.01.26-12.41.35:900][  0]LogAIModule: Creating AISystem for world Untitled_1
[2020.01.26-12.41.35:904][  0]LogEditorServer: Finished looking for orphan Actors (0.000 secs)
[2020.01.26-12.41.35:939][  0]LogUObjectHash: Compacting FUObjectHashTables data took   1.87ms
[2020.01.26-12.41.35:940][  0]Cmd: MAP CHECKDEP NOCLEARLOG
[2020.01.26-12.41.35:940][  0]MapCheck: Map check complete: 0 Error(s), 0 Warning(s), took 0.113ms to complete.
[2020.01.26-12.41.35:940][  0]LogFileHelpers: Loading map 'Template_Default' took 0.144
[2020.01.26-12.41.36:086][  0]LogSlate: Updating window title bar state: overlay mode, drag disabled, window buttons hidden, title bar hidden
[2020.01.26-12.41.36:104][  0]LogSlate: Updating window title bar state: overlay mode, drag disabled, window buttons hidden, title bar hidden
[2020.01.26-12.41.36:109][  0]LogSlate: Updating window title bar state: overlay mode, drag disabled, window buttons hidden, title bar hidden
[2020.01.26-12.41.36:114][  0]LogSlate: Updating window title bar state: overlay mode, drag disabled, window buttons hidden, title bar hidden
[2020.01.26-12.41.36:124][  0]LogCollectionManager: Loaded 0 collections in 0.000964 seconds
[2020.01.26-12.41.36:139][  0]LogFileCache: Scanning file cache for directory 'D:/Art/Park_SFAS/Park/Saved/Collections/' took 0.00s
[2020.01.26-12.41.36:139][  0]LogFileCache: Scanning file cache for directory 'D:/Art/Park_SFAS/Park/Content/Developers/Jonathan/Collections/' took 0.00s
[2020.01.26-12.41.36:139][  0]LogFileCache: Scanning file cache for directory 'D:/Art/Park_SFAS/Park/Content/Collections/' took 0.00s
[2020.01.26-12.41.36:139][  0]LogCollectionManager: Rebuilt the GUID cache for 0 collections in 0.000001 seconds
[2020.01.26-12.41.36:147][  0]LogContentBrowser: Native class hierarchy populated in 0.0076 seconds. Added 2863 classes and 680 folders.
[2020.01.26-12.41.36:153][  0]LogContentBrowser: Native class hierarchy updated for 'WidgetCarousel' in 0.0002 seconds. Added 0 classes and 0 folders.
[2020.01.26-12.41.36:501][  0]LogContentBrowser: Native class hierarchy updated for 'AddContentDialog' in 0.0003 seconds. Added 0 classes and 0 folders.
[2020.01.26-12.41.36:539][  0]LogContentBrowser: Native class hierarchy updated for 'SceneOutliner' in 0.0003 seconds. Added 1 classes and 2 folders.
[2020.01.26-12.41.36:727][  0]LogSlate: Took 0.000229 seconds to synchronously load lazily loaded font '../../../Engine/Content/Slate/Fonts/Roboto-Regular.ttf' (155K)
[2020.01.26-12.41.36:729][  0]LogSlate: Took 0.000202 seconds to synchronously load lazily loaded font '../../../Engine/Content/Slate/Fonts/Roboto-Bold.ttf' (160K)
[2020.01.26-12.41.36:740][  0]LogSlate: Took 0.005861 seconds to synchronously load lazily loaded font '../../../Engine/Content/Editor/Slate/Fonts/FontAwesome.ttf' (139K)
[2020.01.26-12.41.36:857][  0]LogRenderer: Reallocating scene render targets to support 1268x796 Format 10 NumSamples 1 (Frame:1).
[2020.01.26-12.41.36:930][  0]LogContentBrowser: Native class hierarchy updated for 'HierarchicalLODOutliner' in 0.0003 seconds. Added 0 classes and 0 folders.
[2020.01.26-12.41.36:930][  0]LogLoad: (Engine Initialization) Total time: 6.63 seconds
[2020.01.26-12.41.36:930][  0]LogLoad: (Engine Initialization) Total Blueprint compile time: 0.00 seconds
[2020.01.26-12.41.36:974][  0]LogAssetRegistry: Asset discovery search completed in 3.8144 seconds
[2020.01.26-12.41.36:977][  0]LogCollectionManager: Rebuilt the object cache for 0 collections in 0.000004 seconds (found 0 objects)
[2020.01.26-12.41.36:977][  0]LogCollectionManager: Fixed up redirectors for 0 collections in 0.000052 seconds (updated 0 objects)
[2020.01.26-12.41.36:983][  0]LogContentStreaming: Texture pool size now 1000 MB
[2020.01.26-12.41.37:018][  0]LogSlate: Took 0.006414 seconds to synchronously load lazily loaded font '../../../Engine/Content/Slate/Fonts/Roboto-Light.ttf' (167K)
[2020.01.26-12.41.38:279][  4]LogSlate: Took 0.000250 seconds to synchronously load lazily loaded font '../../../Engine/Content/Slate/Fonts/Roboto-Light.ttf' (167K)
[2020.01.26-12.41.47:305][ 31]LogSlate: FSceneViewport::OnFocusLost() reason 0
[2020.01.26-12.41.54:150][647]LogAIModule: Creating AISystem for world Diorama
[2020.01.26-12.41.54:174][647]LogAssetEditorManager: Opening Asset editor for World /Game/Diorama.Diorama
[2020.01.26-12.41.54:214][647]LogUObjectHash: Compacting FUObjectHashTables data took   1.38ms
[2020.01.26-12.41.54:215][647]Cmd: MAP LOAD FILE="../../../../Art/Park_SFAS/Park/Content/Diorama.umap" TEMPLATE=0 SHOWPROGRESS=1 FEATURELEVEL=3
[2020.01.26-12.41.54:215][647]LightingResults: New page: Lighting Build
[2020.01.26-12.41.54:215][647]LoadErrors: New page: Loading map: Diorama.umap
[2020.01.26-12.41.54:216][647]LogWorld: UWorld::CleanupWorld for Untitled_1, bSessionEnded=true, bCleanupResources=true
[2020.01.26-12.41.54:216][647]MapCheck: New page: Map Check
[2020.01.26-12.41.54:216][647]LightingResults: New page: Lighting Build
[2020.01.26-12.41.54:251][647]LogUObjectHash: Compacting FUObjectHashTables data took   1.76ms
[2020.01.26-12.41.54:368][647]LogEditorServer: Finished looking for orphan Actors (0.000 secs)
[2020.01.26-12.41.54:407][647]LogUObjectHash: Compacting FUObjectHashTables data took   1.59ms
[2020.01.26-12.41.54:429][647]Cmd: MAP CHECKDEP NOCLEARLOG
[2020.01.26-12.41.54:429][647]MapCheck: Map check complete: 0 Error(s), 0 Warning(s), took 0.149ms to complete.
[2020.01.26-12.41.54:429][647]LogFileHelpers: Loading map 'Diorama' took 0.214
[2020.01.26-12.42.36:933][735]LogEditorSessionSummary: EditorSessionSummary sent report. Type=Shutdown, SessionId={17DFE360-420E-4FFD-5316-3FBF9D318C15}
[2020.01.26-12.44.19:963][580]LogEditorViewport: Clicking on Actor (LMB): StaticMeshActor (sm_grass120)
[2020.01.26-12.44.22:883][861]LogEditorViewport: Clicking on Actor (LMB): StaticMeshActor (SM_Pebble24)
[2020.01.26-12.44.40:495][875]Cmd: CAMERA ALIGN ACTIVEVIEWPORTONLY
[2020.01.26-12.44.41:887][ 17]Cmd: SELECT NONE
[2020.01.26-12.44.46:426][538]LogEditorViewport: Clicking on Actor (LMB): StaticMeshActor (sm_flower13)
[2020.01.26-12.44.52:033][129]Cmd: CAMERA ALIGN ACTIVEVIEWPORTONLY
[2020.01.26-12.45.03:605][445]Cmd: SELECT NONE
[2020.01.26-12.45.05:231][632]LogEditorViewport: Clicking on Actor (LMB): StaticMeshActor (sm_flower38)
[2020.01.26-12.45.07:444][869]Cmd: CAMERA ALIGN ACTIVEVIEWPORTONLY
[2020.01.26-12.45.26:913][ 40]LogEditorViewport: Clicking on Actor (LMB): StaticMeshActor (sm_grass66)
[2020.01.26-12.46.17:274][827]LogEditorViewport: Clicking on Actor (LMB): StaticMeshActor (sm_grass124)
[2020.01.26-12.46.43:085][768]LogEditorViewport: Clicking on Actor (LMB): StaticMeshActor (SM_Pebble26)
[2020.01.26-12.46.58:910][548]LogEditorViewport: Clicking on Actor (LMB): StaticMeshActor (SM_Pebble24)
[2020.01.26-12.46.59:531][618]LogEditorViewport: Clicking on Actor (LMB): StaticMeshActor (SM_Pebble19)
[2020.01.26-12.47.27:287][679]LogEditorViewport: Clicking on Actor (LMB): StaticMeshActor (SM_Pebble27)
[2020.01.26-12.47.35:908][626]Cmd: CAMERA ALIGN ACTIVEVIEWPORTONLY
[2020.01.26-12.47.47:012][811]Cmd: SELECT NONE
[2020.01.26-12.47.51:013][272]LogEditorViewport: Clicking on Actor (LMB): StaticMeshActor (SM_Rock1_low4)
[2020.01.26-12.47.51:558][333]LogEditorViewport: Clicking on Actor (LMB): StaticMeshActor (sm_flower40)
[2020.01.26-12.47.53:142][508]Cmd: CAMERA ALIGN ACTIVEVIEWPORTONLY
[2020.01.26-12.48.09:100][279]Cmd: SELECT NONE
[2020.01.26-12.48.10:042][387]LogEditorViewport: Clicking on Actor (LMB): StaticMeshActor (sm_flower42)
[2020.01.26-12.48.18:442][335]Cmd: SELECT NONE
[2020.01.26-12.48.19:036][406]LogEditorViewport: Clicking on Actor (LMB): StaticMeshActor (sm_flower43)
[2020.01.26-12.48.29:647][572]LogEditorViewport: Clicking on Actor (context menu): StaticMeshActor (SM_Rock1_low4)
[2020.01.26-12.48.29:687][572]LogSlate: FSceneViewport::OnFocusLost() reason 5
[2020.01.26-12.48.30:498][663]LogEditorViewport: Clicking on Actor (LMB): StaticMeshActor (sm_flower44)
[2020.01.26-12.48.39:142][650]Cmd: CAMERA ALIGN ACTIVEVIEWPORTONLY
[2020.01.26-12.48.59:747][266]LogEditorViewport: Clicking on Actor (LMB): StaticMeshActor (sm_flower45)
[2020.01.26-12.49.00:535][356]LogEditorViewport: Clicking on Actor (LMB): StaticMeshActor (sm_flower47)
[2020.01.26-12.49.04:677][817]LogEditorViewport: Clicking on Actor (LMB): StaticMeshActor (SM_Path)
[2020.01.26-12.49.04:808][827]LogEditorViewport: Clicking on Component (LMB): StaticMeshComponent (StaticMeshComponent0)
[2020.01.26-12.49.05:744][936]LogEditorViewport: Clicking on Actor (LMB): StaticMeshActor (sm_flower48)
[2020.01.26-12.49.12:566][668]Cmd: SELECT NONE
[2020.01.26-12.49.16:762][137]LogEditorViewport: Clicking on Actor (LMB): StaticMeshActor (sm_flower48)
[2020.01.26-12.49.25:066][ 57]Cmd: CAMERA ALIGN ACTIVEVIEWPORTONLY
[2020.01.26-12.49.53:288][184]Cmd: CAMERA ALIGN ACTIVEVIEWPORTONLY
[2020.01.26-12.50.18:466][897]LogEditorViewport: Clicking on Actor (LMB): StaticMeshActor (sm_grass128)
[2020.01.26-12.50.39:741][303]Cmd: SELECT NONE
[2020.01.26-12.50.41:280][487]LogEditorViewport: Clicking on Actor (LMB): StaticMeshActor (SM_Pebble27)
[2020.01.26-12.50.46:106][953]LogEditorViewport: Clicking on Actor (LMB): StaticMeshActor (SM_Pebble21)
[2020.01.26-12.50.52:136][610]LogEditorViewport: Clicking on Actor (LMB): StaticMeshActor (SM_Pebble1)
[2020.01.26-12.51.06:116][116]Cmd: CAMERA ALIGN ACTIVEVIEWPORTONLY
[2020.01.26-12.51.08:579][356]LogEditorViewport: Clicking on Actor (LMB): StaticMeshActor (SM_Path)
[2020.01.26-12.51.09:174][422]LogEditorViewport: Clicking on Actor (LMB): StaticMeshActor (sm_grass126)
[2020.01.26-12.51.10:341][556]LogEditorViewport: Clicking on Actor (LMB): StaticMeshActor (sm_grass129)
[2020.01.26-12.51.12:602][817]LogEditorViewport: Clicking on Actor (LMB): StaticMeshActor (SM_Pebble32)
[2020.01.26-12.51.28:130][558]LogEditorViewport: Clicking on Actor (LMB): StaticMeshActor (sm_grass125)
[2020.01.26-12.51.28:932][637]Cmd: SELECT NONE
[2020.01.26-12.51.37:141][597]LogEditorSessionSummary: EditorSessionSummary sent report. Type=Shutdown, SessionId={80F0B6AB-40F8-FC54-BA11-F483AD6FAA3F}
[2020.01.26-12.51.47:483][838]LogEditorViewport: Clicking on Actor (LMB): StaticMeshActor (sm_flower13)
[2020.01.26-12.51.47:871][880]Cmd: CAMERA ALIGN ACTIVEVIEWPORTONLY
[2020.01.26-12.52.05:608][903]Cmd: SELECT NONE
[2020.01.26-12.52.14:285][932]LogEditorViewport: Clicking on Actor (LMB): StaticMeshActor (SM_Pebble24)
[2020.01.26-12.52.18:006][308]LogEditorViewport: Clicking on Actor (LMB): StaticMeshActor (SM_Pebble24)
[2020.01.26-12.52.31:342][841]LogEditorViewport: Clicking on Actor (LMB): StaticMeshActor (SM_Pebble10)
[2020.01.26-12.53.02:919][417]LogEditorViewport: Clicking on Actor (LMB): StaticMeshActor (SM_Pebble3)
[2020.01.26-12.53.09:277][132]Cmd: SELECT NONE
[2020.01.26-12.53.10:211][244]LogEditorViewport: Clicking on Actor (LMB): StaticMeshActor (SM_Pebble38)
[2020.01.26-12.53.32:531][690]LogEditorViewport: Clicking on Actor (LMB): StaticMeshActor (SM_Pebble4)
[2020.01.26-12.53.33:076][751]LogEditorViewport: Clicking on Actor (LMB): StaticMeshActor (sm_grass81)
[2020.01.26-12.53.35:404][ 18]Cmd: SELECT NONE
[2020.01.26-12.53.37:444][250]LogEditorViewport: Clicking on Actor (LMB): StaticMeshActor (SM_Pebble40)
[2020.01.26-12.53.38:199][336]LogEditorViewport: Clicking on Actor (LMB): StaticMeshActor (SM_Rock3_low13)
[2020.01.26-12.53.39:330][467]LogEditorViewport: Clicking on Actor (LMB): StaticMeshActor (SM_Pebble21)
[2020.01.26-12.53.52:552][965]Cmd: SELECT NONE
[2020.01.26-12.54.00:171][864]LogEditorViewport: Clicking on Actor (LMB): StaticMeshActor (SM_Pebble21)
[2020.01.26-12.54.08:149][720]LogEditorViewport: Clicking on Actor (LMB): StaticMeshActor (SM_Pebble24)
[2020.01.26-12.54.08:852][791]LogEditorViewport: Clicking on Actor (LMB): StaticMeshActor (SM_Pebble12)
[2020.01.26-12.54.27:040][784]Cmd: TRANSACTION UNDO
[2020.01.26-12.54.27:040][784]LogEditorTransaction: Undo Move Actors
[2020.01.26-12.54.34:801][610]Cmd: CAMERA ALIGN ACTIVEVIEWPORTONLY
[2020.01.26-12.54.59:395][409]LogEditorViewport: Clicking on Actor (LMB): StaticMeshActor (SM_River)
[2020.01.26-12.55.00:254][508]Cmd: TRANSACTION UNDO
[2020.01.26-12.55.00:254][508]LogEditorTransaction: Undo Clicking on Actors
[2020.01.26-12.55.15:654][223]LogEditorViewport: Clicking on Actor (LMB): StaticMeshActor (SM_Pebble14)
[2020.01.26-12.55.18:095][469]LogEditorViewport: Clicking on Actor (LMB): StaticMeshActor (SM_Pebble7)
[2020.01.26-12.55.20:382][705]LogEditorViewport: Clicking on Actor (LMB): StaticMeshActor (SM_Pebble12)
[2020.01.26-12.55.22:135][910]LogEditorViewport: Clicking on Actor (LMB): StaticMeshActor (SM_Pebble11)
[2020.01.26-12.55.26:535][380]Cmd: TRANSACTION UNDO
[2020.01.26-12.55.26:536][380]LogEditorTransaction: Undo Scale Actors
[2020.01.26-12.55.41:830][ 93]LogEditorViewport: Clicking on Actor (LMB): StaticMeshActor (SM_Pebble20)
[2020.01.26-12.55.42:825][201]LogEditorViewport: Clicking on Actor (LMB): StaticMeshActor (SM_Pebble17)
[2020.01.26-12.55.43:783][312]LogEditorViewport: Clicking on Actor (LMB): StaticMeshActor (SM_Pebble16)
[2020.01.26-12.55.44:309][371]LogEditorViewport: Clicking on Actor (LMB): StaticMeshActor (SM_Pebble17)
[2020.01.26-12.56.03:159][457]LogEditorViewport: Clicking on Actor (LMB): StaticMeshActor (sm_grass117)
[2020.01.26-12.56.08:925][ 75]LogEditorViewport: Clicking on Actor (LMB): StaticMeshActor (SM_Pebble46)
[2020.01.26-12.56.24:268][815]LogEditorViewport: Clicking on Actor (LMB): StaticMeshActor (SM_Rock6_low2)
[2020.01.26-12.56.24:787][871]LogEditorViewport: Clicking on Actor (LMB): StaticMeshActor (sm_grass117)
[2020.01.26-12.56.26:725][ 94]LogEditorViewport: Clicking on Actor (LMB): StaticMeshActor (SM_Rock3_low14)
[2020.01.26-12.56.27:211][148]LogEditorViewport: Clicking on Actor (LMB): StaticMeshActor (SM_Pebble47)
[2020.01.26-12.56.42:629][890]Cmd: SELECT NONE
[2020.01.26-12.56.45:359][206]LogEditorViewport: Clicking on Actor (LMB): StaticMeshActor (SM_Pebble35)
[2020.01.26-12.56.49:449][683]Cmd: SELECT NONE
[2020.01.26-12.56.53:229][136]LogSlate: FSceneViewport::OnFocusLost() reason 0
[2020.01.26-12.56.53:441][153]LogRenderer: Reallocating scene render targets to support 1268x820 Format 10 NumSamples 1 (Frame:40539).
[2020.01.26-12.56.53:465][154]LogRenderer: Reallocating scene render targets to support 1268x848 Format 10 NumSamples 1 (Frame:40541).
[2020.01.26-12.56.53:489][155]LogRenderer: Reallocating scene render targets to support 1268x884 Format 10 NumSamples 1 (Frame:40543).
[2020.01.26-12.56.53:520][156]LogRenderer: Reallocating scene render targets to support 1268x896 Format 10 NumSamples 1 (Frame:40545).
[2020.01.26-12.57.09:446][ 55]LogEditorViewport: Clicking on Actor (LMB): StaticMeshActor (sm_flower24)
[2020.01.26-12.57.16:110][829]Cmd: SELECT NONE
[2020.01.26-12.57.54:064][362]LogEditorViewport: Clicking on Actor (LMB): StaticMeshActor (SM_Bridge)
[2020.01.26-12.57.59:075][936]Cmd: SELECT NONE
[2020.01.26-12.58.54:934][549]LogEditorViewport: Clicking on Actor (LMB): StaticMeshActor (SM_Bridge)
[2020.01.26-12.58.59:754][109]Cmd: TRANSACTION UNDO
[2020.01.26-12.58.59:754][109]LogEditorTransaction: Undo Move Actors
[2020.01.26-12.59.00:699][220]Cmd: SELECT NONE
[2020.01.26-12.59.41:590][ 97]LogSlate: FSceneViewport::OnFocusLost() reason 5
[2020.01.26-12.59.41:636][ 97]LogUObjectHash: Compacting FUObjectHashTables data took   1.61ms
[2020.01.26-12.59.41:637][ 97]Cmd: OBJ SAVEPACKAGE PACKAGE="/Game/Diorama" FILE="../../../../Art/Park_SFAS/Park/Saved/Autosaves/Game/Diorama_Auto1.umap" SILENT=true AUTOSAVING=true KEEPDIRTY=false
[2020.01.26-12.59.42:018][ 97]LogSavePackage: Moving '../../../../Art/Park_SFAS/Park/Saved/Diorama_Auto151E85E8340CED853252300A89947C114.tmp' to '../../../../Art/Park_SFAS/Park/Saved/Autosaves/Game/Diorama_Auto1.umap'
[2020.01.26-12.59.42:047][ 97]LogFileHelpers: Editor autosave (incl. sublevels) for '/Game/Diorama' took 0.447
[2020.01.26-12.59.42:047][ 97]LogFileHelpers: Editor autosave (incl. sublevels) for all levels took 0.447
[2020.01.26-13.00.15:953][145]LogEditorViewport: Clicking on Actor (LMB): StaticMeshActor (SM_tree)
[2020.01.26-13.00.18:671][432]Cmd: CAMERA ALIGN ACTIVEVIEWPORTONLY
[2020.01.26-13.00.19:692][540]Cmd: SELECT NONE
[2020.01.26-13.00.25:036][163]LogEditorViewport: Clicking on Actor (LMB): StaticMeshActor (SM_grasspath)
[2020.01.26-13.00.26:985][356]Cmd: SELECT NONE
[2020.01.26-13.01.51:574][529]LogSlate: FSceneViewport::OnFocusLost() reason 0
[2020.01.26-13.03.40:382][808]LogEditorViewport: Clicking on Actor (LMB): StaticMeshActor (SM_tree)
[2020.01.26-13.03.40:883][863]LogEditorViewport: Clicking on Actor (LMB): BP_Sky_Sphere_C (BP_Sky_Sphere)
[2020.01.26-13.03.41:766][954]Cmd: SELECT NONE
[2020.01.26-13.03.50:075][945]LogSlate: FSceneViewport::OnFocusLost() reason 0
[2020.01.26-13.03.50:550][998]LogSlate: Took 0.006368 seconds to synchronously load lazily loaded font '../../../Engine/Content/Slate/Fonts/Roboto-Italic.ttf' (157K)
[2020.01.26-13.03.57:261][754]Cmd: SELECT NONE
[2020.01.26-13.04.12:582][589]LogSlate: FSceneViewport::OnFocusLost() reason 0
[2020.01.26-13.04.21:480][634]Cmd: TRANSACTION UNDO
[2020.01.26-13.04.21:480][634]LogEditorTransaction: Undo Edit Intensity
[2020.01.26-13.04.27:849][390]LogEditorViewport: Clicking on Actor (LMB): StaticMeshActor (sm_grass119)
[2020.01.26-13.04.35:654][315]LogSlate: FSceneViewport::OnFocusLost() reason 0
[2020.01.26-13.04.53:335][354]Cmd: TRANSACTION UNDO
[2020.01.26-13.04.53:336][354]LogEditorTransaction: Undo Rotate Actors
[2020.01.26-13.04.53:745][399]Cmd: TRANSACTION UNDO
[2020.01.26-13.04.53:745][399]LogEditorTransaction: Undo Rotate Actors
[2020.01.26-13.04.55:438][600]Cmd: TRANSACTION UNDO
[2020.01.26-13.04.55:438][600]LogEditorTransaction: Undo Rotate Actors
[2020.01.26-13.04.55:787][641]LogSlate: FSceneViewport::OnFocusLost() reason 0
[2020.01.26-13.05.07:315][984]Cmd: TRANSACTION UNDO
[2020.01.26-13.05.07:315][984]LogEditorTransaction: Undo Rotate Actors
[2020.01.26-13.05.08:156][ 80]Cmd: TRANSACTION UNDO
[2020.01.26-13.05.08:156][ 80]LogEditorTransaction: Undo Create Actors
[2020.01.26-13.05.08:667][136]LogSlate: FSceneViewport::OnFocusLost() reason 0
[2020.01.26-13.05.19:071][308]LogSlate: FSceneViewport::OnFocusLost() reason 0
[2020.01.26-13.05.56:398][510]LogSlate: FSceneViewport::OnFocusLost() reason 0
[2020.01.26-13.06.07:243][726]LogSlate: FSceneViewport::OnFocusLost() reason 0
[2020.01.26-13.06.07:646][772]Cmd: DELETE
[2020.01.26-13.06.07:646][772]Cmd: ACTOR DELETE
[2020.01.26-13.06.07:657][772]LogEditorActor: Deleted Actor: DirectionalLight
[2020.01.26-13.06.07:696][772]LogUObjectHash: Compacting FUObjectHashTables data took   2.01ms
[2020.01.26-13.06.07:696][772]LogEditorActor: Deleted 1 Actors (0.049 secs)
[2020.01.26-13.06.49:672][649]Cmd: SELECT NONE
[2020.01.26-13.06.54:894][275]LogEditorViewport: Clicking on Actor (LMB): BP_Sky_Sphere_C (BP_Sky_Sphere)
[2020.01.26-13.06.59:450][808]LogSlate: FSceneViewport::OnFocusLost() reason 0
[2020.01.26-13.07.05:266][479]LogEditorViewport: Clicking on Actor (LMB): BP_Sky_Sphere_C (BP_Sky_Sphere)
[2020.01.26-13.07.06:375][610]Cmd: SELECT NONE
[2020.01.26-13.07.17:650][961]LogSlate: FSceneViewport::OnFocusLost() reason 0
[2020.01.26-13.07.20:894][335]Cmd: DELETE
[2020.01.26-13.07.20:894][335]Cmd: ACTOR DELETE
[2020.01.26-13.07.20:908][335]LogEditorActor: Deleted Actor: DirectionalLight
[2020.01.26-13.07.20:955][335]LogUObjectHash: Compacting FUObjectHashTables data took   1.73ms
[2020.01.26-13.07.20:955][335]LogEditorActor: Deleted 1 Actors (0.061 secs)
[2020.01.26-13.07.21:827][439]LogSlate: FSceneViewport::OnFocusLost() reason 0
[2020.01.26-13.07.44:415][ 20]LogSlate: FSceneViewport::OnFocusLost() reason 0
[2020.01.26-13.07.55:556][275]LogSlate: FSceneViewport::OnFocusLost() reason 0
[2020.01.26-13.07.59:647][763]Cmd: DELETE
[2020.01.26-13.07.59:647][763]Cmd: ACTOR DELETE
[2020.01.26-13.07.59:656][763]LogEditorActor: Deleted Actor: DirectionalLight
[2020.01.26-13.07.59:695][763]LogUObjectHash: Compacting FUObjectHashTables data took   1.62ms
[2020.01.26-13.07.59:696][763]LogEditorActor: Deleted 1 Actors (0.048 secs)
[2020.01.26-13.08.16:020][698]LogSlate: FSceneViewport::OnFocusLost() reason 0
[2020.01.26-13.08.22:656][455]LogSlate: Window 'Color Picker' being destroyed
[2020.01.26-13.08.24:966][731]LogSlate: FSceneViewport::OnFocusLost() reason 0
[2020.01.26-13.08.45:854][197]LogSlate: Window 'Color Picker' being destroyed
[2020.01.26-13.08.47:826][433]LogSlate: FSceneViewport::OnFocusLost() reason 0
[2020.01.26-13.09.54:563][ 58]LogSlate: FSceneViewport::OnFocusLost() reason 0
[2020.01.26-13.09.54:636][ 67]LogSlate: Window 'Color Picker' being destroyed
[2020.01.26-13.10.00:258][740]LogSlate: FSceneViewport::OnFocusLost() reason 0
[2020.01.26-13.10.06:232][430]LogSlate: FSceneViewport::OnFocusLost() reason 0
[2020.01.26-13.10.14:429][378]LogSlate: FSceneViewport::OnFocusLost() reason 0
[2020.01.26-13.10.38:259][161]Cmd: DELETE
[2020.01.26-13.10.38:259][161]Cmd: ACTOR DELETE
[2020.01.26-13.10.38:268][161]LogEditorActor: Deleted Actor: SpotLight
[2020.01.26-13.10.38:303][161]LogUObjectHash: Compacting FUObjectHashTables data took   0.82ms
[2020.01.26-13.10.38:303][161]LogEditorActor: Deleted 1 Actors (0.044 secs)
[2020.01.26-13.10.40:898][470]LogSlate: FSceneViewport::OnFocusLost() reason 0
[2020.01.26-13.11.02:888][ 64]LogSlate: FSceneViewport::OnFocusLost() reason 5
[2020.01.26-13.11.08:766][758]LogSlate: Window 'Color Picker' being destroyed
[2020.01.26-13.11.10:808][  0]LogSlate: FSceneViewport::OnFocusLost() reason 0
[2020.01.26-13.11.39:283][303]LogEditorViewport: Clicking on Actor (LMB): StaticMeshActor (SM_tree)
[2020.01.26-13.12.46:963][898]LogSlate: FSceneViewport::OnFocusLost() reason 0
[2020.01.26-13.13.12:350][916]LogSlate: FSceneViewport::OnFocusLost() reason 0
[2020.01.26-13.13.58:574][700]LogUObjectHash: Compacting FUObjectHashTables data took   1.74ms
[2020.01.26-13.13.58:574][700]Cmd: OBJ SAVEPACKAGE PACKAGE="/Game/Diorama" FILE="../../../../Art/Park_SFAS/Park/Saved/Autosaves/Game/Diorama_Auto2.umap" SILENT=true AUTOSAVING=true KEEPDIRTY=false
[2020.01.26-13.13.58:889][700]LogSavePackage: Moving '../../../../Art/Park_SFAS/Park/Saved/Diorama_Auto282A619744A36C14F23F4BCB4B3464ED3.tmp' to '../../../../Art/Park_SFAS/Park/Saved/Autosaves/Game/Diorama_Auto2.umap'
[2020.01.26-13.13.58:892][700]LogFileHelpers: Editor autosave (incl. sublevels) for '/Game/Diorama' took 0.353
[2020.01.26-13.13.58:892][700]LogFileHelpers: Editor autosave (incl. sublevels) for all levels took 0.353
[2020.01.26-13.14.22:059][826]LogEditorViewport: Clicking on Actor (LMB): StaticMeshActor (SM_tree2)
[2020.01.26-13.14.22:268][849]Cmd: DELETE
[2020.01.26-13.14.22:268][849]Cmd: ACTOR DELETE
[2020.01.26-13.14.22:276][849]LogEditorActor: Deleted Actor: StaticMeshActor
[2020.01.26-13.14.22:311][849]LogUObjectHash: Compacting FUObjectHashTables data took   1.92ms
[2020.01.26-13.14.22:312][849]LogEditorActor: Deleted 1 Actors (0.044 secs)
[2020.01.26-13.14.25:525][234]LogEditorViewport: Clicking on Actor (LMB): DirectionalLight (DirectionalLight)
[2020.01.26-13.14.29:113][659]LogSlate: FSceneViewport::OnFocusLost() reason 0
[2020.01.26-13.14.51:453][190]Cmd: SELECT NONE
[2020.01.26-13.15.06:196][959]LogSlate: FSceneViewport::OnFocusLost() reason 0
[2020.01.26-13.15.10:427][464]Cmd: DELETE
[2020.01.26-13.15.10:427][464]Cmd: ACTOR DELETE
[2020.01.26-13.15.10:435][464]LogEditorActor: Deleted Actor: SkyLight
[2020.01.26-13.15.10:471][464]LogUObjectHash: Compacting FUObjectHashTables data took   0.74ms
[2020.01.26-13.15.10:471][464]LogEditorActor: Deleted 1 Actors (0.044 secs)
[2020.01.26-13.15.14:430][919]LogSlate: FSceneViewport::OnFocusLost() reason 0
[2020.01.26-13.15.16:190][121]LogSlate: FSceneViewport::OnFocusLost() reason 0
[2020.01.26-13.15.21:617][719]LogSlate: Window 'Color Picker' being destroyed
[2020.01.26-13.15.49:063][800]LogEditorViewport: Clicking on Actor (LMB): BP_Sky_Sphere_C (BP_Sky_Sphere)
[2020.01.26-13.15.50:603][979]LogSlate: FSceneViewport::OnFocusLost() reason 0
[2020.01.26-13.15.51:119][ 41]LogSlate: Window 'Color Picker' being destroyed
[2020.01.26-13.16.04:177][537]LogEditorViewport: Clicking on Actor (LMB): BP_Sky_Sphere_C (BP_Sky_Sphere)
[2020.01.26-13.16.13:194][612]LogSlate: FSceneViewport::OnFocusLost() reason 0
[2020.01.26-13.16.58:398][736]LogEditorViewport: Clicking on Actor (LMB): BP_Sky_Sphere_C (BP_Sky_Sphere)
[2020.01.26-13.17.00:489][983]LogSlate: FSceneViewport::OnFocusLost() reason 0
[2020.01.26-13.17.00:588][995]LogSlate: Window 'Color Picker' being destroyed
[2020.01.26-13.17.15:159][632]Cmd: SELECT NONE
[2020.01.26-13.17.25:755][903]LogSlate: FSceneViewport::OnFocusLost() reason 0
[2020.01.26-13.18.15:512][723]LogSlate: FSceneViewport::OnFocusLost() reason 0
[2020.01.26-13.18.20:279][285]LogSlate: FSceneViewport::OnFocusLost() reason 0
[2020.01.26-13.19.13:327][492]LogEditorViewport: Clicking on Actor (LMB): BP_Sky_Sphere_C (BP_Sky_Sphere)
[2020.01.26-13.19.13:547][512]Cmd: SELECT NONE
[2020.01.26-13.19.27:129][140]LogSlate: FSceneViewport::OnFocusLost() reason 5
[2020.01.26-13.19.29:599][433]LogSlate: FSceneViewport::OnFocusLost() reason 5
[2020.01.26-13.19.32:458][775]LogSlate: FSceneViewport::OnFocusLost() reason 5
[2020.01.26-13.19.35:297][112]LogSlate: FSceneViewport::OnFocusLost() reason 5
[2020.01.26-13.19.38:880][541]LogSlate: FSceneViewport::OnFocusLost() reason 5
[2020.01.26-13.19.42:658][990]LogEditorViewport: Clicking on Actor (LMB): BP_Sky_Sphere_C (BP_Sky_Sphere)
[2020.01.26-13.19.42:961][ 20]LogSlate: FSceneViewport::OnFocusLost() reason 5
[2020.01.26-13.19.46:116][396]LogSlate: FSceneViewport::OnFocusLost() reason 5
[2020.01.26-13.19.49:989][859]Cmd: SELECT NONE
[2020.01.26-13.19.59:389][986]LogSlate: FSceneViewport::OnFocusLost() reason 0
[2020.01.26-13.20.05:535][682]LogEditorViewport: Clicking on Actor (LMB): StaticMeshActor (sm_clover8)
[2020.01.26-13.20.12:462][417]Cmd: CAMERA ALIGN ACTIVEVIEWPORTONLY
[2020.01.26-13.21.09:009][642]LogEditorViewport: Clicking on Actor (LMB): StaticMeshActor (sm_clover20)
[2020.01.26-13.21.09:612][697]LogEditorViewport: Clicking on Actor (LMB): StaticMeshActor (sm_clover21)
[2020.01.26-13.21.37:641][882]Cmd: SELECT NONE
[2020.01.26-13.21.40:593][214]LogEditorViewport: Clicking on Actor (LMB): StaticMeshActor (sm_clover17)
[2020.01.26-13.21.46:357][864]LogEditorViewport: Clicking on Actor (LMB): StaticMeshActor (sm_clover16)
[2020.01.26-13.21.47:067][932]LogEditorViewport: Clicking on Actor (context menu): StaticMeshActor (SM_Rock1_low4)
[2020.01.26-13.21.47:102][932]LogSlate: FSceneViewport::OnFocusLost() reason 5
[2020.01.26-13.21.49:899][221]LogEditorViewport: Clicking on Actor (LMB): StaticMeshActor (SM_Pebble27)
[2020.01.26-13.21.59:818][331]LogSlate: FSceneViewport::OnFocusLost() reason 2
[2020.01.26-13.22.13:163][802]LogSlate: FSceneViewport::OnFocusLost() reason 2
[2020.01.26-13.22.18:444][393]Cmd: SELECT NONE
[2020.01.26-13.22.21:285][728]LogEditorViewport: Clicking on Actor (LMB): StaticMeshActor (SM_Pebble50)
[2020.01.26-13.22.25:415][158]LogEditorViewport: Clicking on Actor (LMB): StaticMeshActor (SM_Pebble27)
[2020.01.26-13.22.40:085][797]Cmd: SELECT NONE
[2020.01.26-13.22.46:388][550]LogSlate: FSceneViewport::OnFocusLost() reason 0
[2020.01.26-13.23.01:978][290]Cmd: CAMERA ALIGN ACTIVEVIEWPORTONLY
[2020.01.26-13.23.16:470][858]Cmd: SELECT NONE
[2020.01.26-13.23.18:921][152]LogEditorViewport: Clicking on Actor (LMB): PostProcessVolume (PostProcessVolume)
[2020.01.26-13.23.21:246][423]LogSlate: FSceneViewport::OnFocusLost() reason 0
[2020.01.26-13.23.52:901][156]LogSlate: FSceneViewport::OnFocusLost() reason 0
[2020.01.26-13.24.14:811][757]LogSlate: FSceneViewport::OnFocusLost() reason 0
[2020.01.26-13.25.30:050][699]LogSlate: FSceneViewport::OnFocusLost() reason 0
[2020.01.26-13.26.15:331][ 77]LogSlate: Window 'Color Picker' being destroyed
[2020.01.26-13.26.35:260][441]Cmd: TRANSACTION UNDO
[2020.01.26-13.26.35:260][441]LogEditorTransaction: Undo Edit Radius
[2020.01.26-13.27.07:040][218]LogSlate: FSceneViewport::OnFocusLost() reason 0
[2020.01.26-13.27.08:339][374]Cmd: DELETE
[2020.01.26-13.27.08:339][374]Cmd: ACTOR DELETE
[2020.01.26-13.27.08:348][374]LogEditorActor: Deleted Actor: PostProcessVolume
[2020.01.26-13.27.08:387][374]LogUObjectHash: Compacting FUObjectHashTables data took   2.40ms
[2020.01.26-13.27.08:388][374]LogEditorActor: Deleted 1 Actors (0.049 secs)
[2020.01.26-13.27.09:445][497]Cmd: TRANSACTION UNDO
[2020.01.26-13.27.09:445][497]LogEditorTransaction: Undo Delete Actors
[2020.01.26-13.27.12:173][808]LogEditorViewport: Clicking on Actor (LMB): BP_Sky_Sphere_C (BP_Sky_Sphere)
[2020.01.26-13.27.13:527][965]Cmd: SELECT NONE
[2020.01.26-13.27.20:611][811]LogEditorViewport: Clicking on Actor (LMB): StaticMeshActor (SM_Pebble51)
[2020.01.26-13.27.21:104][865]Cmd: CAMERA ALIGN ACTIVEVIEWPORTONLY
[2020.01.26-13.27.30:319][891]LogSlate: FSceneViewport::OnFocusLost() reason 2
[2020.01.26-13.27.40:929][ 64]LogEditorViewport: Clicking on Actor (LMB): StaticMeshActor (SM_Pebble51)
[2020.01.26-13.27.53:527][503]Cmd: SELECT NONE
[2020.01.26-13.27.54:106][572]LogEditorViewport: Clicking on Actor (LMB): StaticMeshActor (SM_Pebble52)
[2020.01.26-13.28.07:952][141]Cmd: SELECT NONE
[2020.01.26-13.28.10:793][464]LogEditorViewport: Clicking on Actor (LMB): StaticMeshActor (SM_Pebble26)
[2020.01.26-13.28.14:544][844]LogSlate: FSceneViewport::OnFocusLost() reason 2
[2020.01.26-13.28.29:333][540]LogSlate: FSceneViewport::OnFocusLost() reason 2
[2020.01.26-13.28.34:347][122]Cmd: SELECT NONE
[2020.01.26-13.28.38:879][645]LogEditorViewport: Clicking on Actor (LMB): StaticMeshActor (SM_Pebble53)
[2020.01.26-13.28.40:162][760]LogEditorViewport: Clicking on Actor (LMB): StaticMeshActor (SM_Pebble26)
[2020.01.26-13.28.46:718][497]Cmd: SELECT NONE
[2020.01.26-13.28.47:336][569]LogEditorViewport: Clicking on Actor (LMB): StaticMeshActor (SM_Pebble53)
[2020.01.26-13.28.49:344][798]LogEditorViewport: Clicking on Actor (LMB): StaticMeshActor (SM_Pebble26)
[2020.01.26-13.28.50:282][897]Cmd: SELECT NONE
[2020.01.26-13.28.54:639][404]LogEditorViewport: Clicking on Actor (LMB): StaticMeshActor (SM_Pebble52)
[2020.01.26-13.28.55:513][498]Cmd: DELETE
[2020.01.26-13.28.55:513][498]Cmd: ACTOR DELETE
[2020.01.26-13.28.55:521][498]LogEditorActor: Deleted Actor: StaticMeshActor
[2020.01.26-13.28.55:558][498]LogUObjectHash: Compacting FUObjectHashTables data took   1.46ms
[2020.01.26-13.28.55:559][498]LogEditorActor: Deleted 1 Actors (0.046 secs)
[2020.01.26-13.28.56:653][629]Cmd: TRANSACTION UNDO
[2020.01.26-13.28.56:653][629]LogEditorTransaction: Undo Delete Actors
[2020.01.26-13.28.57:404][710]LogEditorViewport: Clicking on Actor (LMB): StaticMeshActor (SM_Pebble26)
[2020.01.26-13.28.57:953][771]Cmd: DELETE
[2020.01.26-13.28.57:953][771]Cmd: ACTOR DELETE
[2020.01.26-13.28.57:961][771]LogEditorActor: Deleted Actor: StaticMeshActor
[2020.01.26-13.28.57:997][771]LogUObjectHash: Compacting FUObjectHashTables data took   0.73ms
[2020.01.26-13.28.57:997][771]LogEditorActor: Deleted 1 Actors (0.044 secs)
[2020.01.26-13.28.59:023][894]Cmd: TRANSACTION UNDO
[2020.01.26-13.28.59:023][894]LogEditorTransaction: Undo Delete Actors
[2020.01.26-13.29.06:982][809]Cmd: SELECT NONE
[2020.01.26-13.29.07:418][860]LogEditorViewport: Clicking on Actor (LMB): StaticMeshActor (SM_Pebble53)
[2020.01.26-13.29.08:212][947]Cmd: DELETE
[2020.01.26-13.29.08:212][947]Cmd: ACTOR DELETE
[2020.01.26-13.29.08:221][947]LogEditorActor: Deleted Actor: StaticMeshActor
[2020.01.26-13.29.08:258][947]LogUObjectHash: Compacting FUObjectHashTables data took   0.74ms
[2020.01.26-13.29.08:258][947]LogEditorActor: Deleted 1 Actors (0.046 secs)
[2020.01.26-13.29.08:964][ 29]LogEditorViewport: Clicking on Actor (LMB): StaticMeshActor (SM_Pebble51)
[2020.01.26-13.29.13:354][532]Cmd: DELETE
[2020.01.26-13.29.13:354][532]Cmd: ACTOR DELETE
[2020.01.26-13.29.13:363][532]LogEditorActor: Deleted Actor: StaticMeshActor
[2020.01.26-13.29.13:400][532]LogUObjectHash: Compacting FUObjectHashTables data took   0.76ms
[2020.01.26-13.29.13:401][532]LogEditorActor: Deleted 1 Actors (0.046 secs)
[2020.01.26-13.29.19:176][199]LogEditorViewport: Clicking on Actor (LMB): StaticMeshActor (SM_Pebble27)
[2020.01.26-13.29.38:518][285]Cmd: SELECT NONE
[2020.01.26-13.29.39:245][372]LogEditorViewport: Clicking on Actor (LMB): StaticMeshActor (SM_Pebble51)
[2020.01.26-13.29.40:580][524]Cmd: SELECT NONE
[2020.01.26-13.29.42:473][742]LogEditorViewport: Clicking on Actor (LMB): StaticMeshActor (SM_Pebble30)
[2020.01.26-13.29.46:202][143]LogSlate: FSceneViewport::OnFocusLost() reason 2
[2020.01.26-13.30.00:674][749]LogSlate: FSceneViewport::OnFocusLost() reason 2
[2020.01.26-13.30.12:833][ 76]LogSlate: FSceneViewport::OnFocusLost() reason 0
[2020.01.26-13.30.19:722][865]Cmd: SELECT NONE
[2020.01.26-13.30.22:395][171]LogEditorViewport: Clicking on Actor (LMB): StaticMeshActor (sm_bush_flowers)
[2020.01.26-13.30.24:097][357]Cmd: SELECT NONE
[2020.01.26-13.30.25:808][555]LogEditorViewport: Clicking on Actor (LMB): StaticMeshActor (sm_bush_flowers)
[2020.01.26-13.30.26:485][615]LogEditorViewport: Clicking on Actor (LMB): StaticMeshActor (sm_flower11)
[2020.01.26-13.30.31:613][153]LogEditorViewport: Clicking on Actor (LMB): StaticMeshActor (sm_clover21)
[2020.01.26-13.30.38:805][935]Cmd: CAMERA ALIGN ACTIVEVIEWPORTONLY
[2020.01.26-13.31.28:927][583]Cmd: SELECT NONE
[2020.01.26-13.31.30:267][737]LogEditorViewport: Clicking on Actor (LMB): StaticMeshActor (sm_clover31)
[2020.01.26-13.31.30:744][774]Cmd: SELECT NONE
[2020.01.26-13.31.33:899][137]LogEditorViewport: Clicking on Actor (LMB): StaticMeshActor (sm_clover28)
[2020.01.26-13.31.35:267][292]Cmd: SELECT NONE
[2020.01.26-13.31.36:643][445]LogEditorViewport: Clicking on Actor (LMB): StaticMeshActor (sm_grass129)
[2020.01.26-13.31.42:263][ 66]Cmd: SELECT NONE
[2020.01.26-13.31.43:678][228]LogEditorViewport: Clicking on Actor (LMB): StaticMeshActor (sm_grass133)
[2020.01.26-13.31.51:061][ 54]Cmd: SELECT NONE
[2020.01.26-13.31.53:151][293]LogEditorViewport: Clicking on Actor (LMB): StaticMeshActor (SM_Path)
[2020.01.26-13.31.54:340][403]LogEditorViewport: Clicking on Actor (LMB): StaticMeshActor (SM_Pebble27)
[2020.01.26-13.31.55:205][488]LogEditorViewport: Clicking on Actor (LMB): StaticMeshActor (SM_Pebble26)
[2020.01.26-13.32.00:095][ 47]Cmd: SELECT NONE
[2020.01.26-13.32.02:762][360]LogEditorViewport: Clicking on Actor (LMB): StaticMeshActor (SM_Pebble56)
[2020.01.26-13.32.04:658][562]LogEditorViewport: Clicking on Actor (LMB): StaticMeshActor (SM_Pebble56)
[2020.01.26-13.32.05:078][610]LogEditorViewport: Clicking on Actor (LMB): StaticMeshActor (sm_grass133)
[2020.01.26-13.32.08:162][962]LogEditorViewport: Clicking on Actor (LMB): StaticMeshActor (sm_grass134)
[2020.01.26-13.32.10:628][244]LogEditorViewport: Clicking on Actor (LMB): StaticMeshActor (SM_Pebble56)
[2020.01.26-13.32.11:150][302]LogEditorViewport: Clicking on Actor (LMB): StaticMeshActor (sm_flower55)
[2020.01.26-13.32.13:069][519]LogEditorViewport: Clicking on Actor (LMB): StaticMeshActor (sm_clover28)
[2020.01.26-13.32.23:331][650]LogEditorViewport: Clicking on Actor (LMB): StaticMeshActor (sm_clover27)
[2020.01.26-13.32.34:751][900]LogEditorViewport: Clicking on Actor (LMB): StaticMeshActor (sm_flower53)
[2020.01.26-13.32.37:997][237]Cmd: SELECT NONE
[2020.01.26-13.32.39:964][456]LogEditorViewport: Clicking on Actor (LMB): StaticMeshActor (sm_grass134)
[2020.01.26-13.32.50:833][665]Cmd: SELECT NONE
[2020.01.26-13.32.55:374][201]LogEditorViewport: Clicking on Actor (LMB): StaticMeshActor (sm_flower54)
[2020.01.26-13.32.59:974][704]LogEditorViewport: Clicking on Actor (LMB): StaticMeshActor (sm_clover29)
[2020.01.26-13.33.01:271][852]Cmd: SELECT NONE
[2020.01.26-13.33.01:888][926]LogEditorViewport: Clicking on Actor (LMB): StaticMeshActor (sm_clover29)
[2020.01.26-13.33.03:186][ 74]Cmd: SELECT NONE
[2020.01.26-13.33.04:353][209]LogEditorViewport: Clicking on Actor (LMB): StaticMeshActor (SM_Rock2_low)
[2020.01.26-13.33.04:791][248]LogEditorViewport: Clicking on Actor (LMB): StaticMeshActor (sm_flower54)
[2020.01.26-13.33.08:888][650]LogEditorViewport: Clicking on Actor (context menu): StaticMeshActor (SM_Path)
[2020.01.26-13.33.08:924][650]LogSlate: FSceneViewport::OnFocusLost() reason 5
[2020.01.26-13.33.12:756][ 47]LogEditorViewport: Clicking on Actor (LMB): StaticMeshActor (sm_grass134)
[2020.01.26-13.33.38:636][884]LogEditorViewport: Clicking on Actor (LMB): StaticMeshActor (sm_grass87)
[2020.01.26-13.33.42:768][331]LogEditorViewport: Clicking on Actor (LMB): StaticMeshActor (SM_Path)
[2020.01.26-13.33.43:204][378]LogEditorViewport: Clicking on Actor (LMB): StaticMeshActor (SM_Path)
[2020.01.26-13.33.43:733][439]LogEditorViewport: Clicking on Actor (LMB): StaticMeshActor (SM_Path)
[2020.01.26-13.33.44:228][496]LogEditorViewport: Clicking on Actor (LMB): StaticMeshActor (sm_grass136)
[2020.01.26-13.34.27:620][193]LogEditorViewport: Clicking on Actor (LMB): StaticMeshActor (sm_grass137)
[2020.01.26-13.34.40:253][644]Cmd: SELECT NONE
[2020.01.26-13.34.41:724][810]LogEditorViewport: Clicking on Actor (LMB): StaticMeshActor (sm_grass139)
[2020.01.26-13.34.51:758][857]Cmd: SELECT NONE
[2020.01.26-13.34.53:734][ 83]LogEditorViewport: Clicking on Actor (LMB): StaticMeshActor (SM_Path)
[2020.01.26-13.34.54:206][135]LogEditorViewport: Clicking on Actor (LMB): StaticMeshActor (SM_Path)
[2020.01.26-13.34.54:621][183]LogEditorViewport: Clicking on Actor (LMB): StaticMeshActor (SM_Path)
[2020.01.26-13.34.55:211][252]LogEditorViewport: Clicking on Actor (LMB): StaticMeshActor (sm_grass137)
[2020.01.26-13.35.04:497][288]Cmd: SELECT NONE
[2020.01.26-13.35.06:013][461]LogEditorViewport: Clicking on Actor (LMB): StaticMeshActor (sm_grass141)
[2020.01.26-13.35.07:709][636]Cmd: SELECT NONE
[2020.01.26-13.35.09:402][826]LogEditorViewport: Clicking on Actor (LMB): StaticMeshActor (sm_grass141)
[2020.01.26-13.35.19:041][812]LogEditorViewport: Clicking on Actor (LMB): StaticMeshActor (sm_clover17)
[2020.01.26-13.35.21:306][ 76]LogEditorViewport: Clicking on Actor (LMB): StaticMeshActor (sm_clover31)
[2020.01.26-13.35.31:444][195]LogEditorViewport: Clicking on Actor (LMB): StaticMeshActor (sm_grass78)
[2020.01.26-13.35.48:955][139]Cmd: SELECT NONE
[2020.01.26-13.35.51:232][404]LogEditorViewport: Clicking on Actor (LMB): StaticMeshActor (sm_grass143)
[2020.01.26-13.35.53:055][600]Cmd: SELECT NONE
[2020.01.26-13.35.58:975][278]LogEditorViewport: Clicking on Actor (LMB): StaticMeshActor (sm_clover33)
[2020.01.26-13.36.26:839][287]Cmd: SELECT NONE
[2020.01.26-13.36.30:070][663]LogEditorViewport: Clicking on Actor (LMB): StaticMeshActor (sm_grass142)
[2020.01.26-13.36.54:240][360]Cmd: SELECT NONE
[2020.01.26-13.36.57:430][725]LogEditorViewport: Clicking on Actor (LMB): StaticMeshActor (sm_grass145)
[2020.01.26-13.37.02:635][307]Cmd: SELECT NONE
[2020.01.26-13.37.06:340][737]LogEditorViewport: Clicking on Actor (LMB): StaticMeshActor (sm_grass143)
[2020.01.26-13.37.22:669][583]LogEditorViewport: Clicking on Actor (LMB): StaticMeshActor (sm_clover34)
[2020.01.26-13.37.27:878][170]Cmd: SELECT NONE
[2020.01.26-13.37.32:276][688]LogEditorViewport: Clicking on Actor (LMB): StaticMeshActor (SM_Path)
[2020.01.26-13.37.32:758][738]LogEditorViewport: Clicking on Actor (LMB): StaticMeshActor (sm_grass143)
[2020.01.26-13.37.34:989][994]Cmd: SELECT NONE
[2020.01.26-13.37.35:989][114]LogEditorViewport: Clicking on Actor (LMB): StaticMeshActor (sm_grass143)
[2020.01.26-13.37.44:810][121]Cmd: SELECT NONE
[2020.01.26-13.37.52:573][ 38]LogEditorViewport: Clicking on Actor (LMB): StaticMeshActor (SM_Pebble31)
[2020.01.26-13.37.55:492][360]LogSlate: FSceneViewport::OnFocusLost() reason 2
[2020.01.26-13.38.05:000][444]LogSlate: FSceneViewport::OnFocusLost() reason 2
[2020.01.26-13.38.08:083][783]Cmd: SELECT NONE
[2020.01.26-13.38.08:649][849]LogEditorViewport: Clicking on Actor (LMB): StaticMeshActor (SM_Pebble58)
[2020.01.26-13.38.11:068][120]LogEditorViewport: Clicking on Actor (LMB): StaticMeshActor (SM_Path)
[2020.01.26-13.38.11:280][141]Cmd: SELECT NONE
[2020.01.26-13.38.12:874][326]LogEditorViewport: Clicking on Actor (LMB): StaticMeshActor (SM_Pebble58)
[2020.01.26-13.38.13:274][365]Cmd: DELETE
[2020.01.26-13.38.13:274][365]Cmd: ACTOR DELETE
[2020.01.26-13.38.13:283][365]LogEditorActor: Deleted Actor: StaticMeshActor
[2020.01.26-13.38.13:323][365]LogUObjectHash: Compacting FUObjectHashTables data took   1.59ms
[2020.01.26-13.38.13:323][365]LogEditorActor: Deleted 1 Actors (0.049 secs)
[2020.01.26-13.38.14:819][538]LogEditorViewport: Clicking on Actor (LMB): StaticMeshActor (SM_Pebble51)
[2020.01.26-13.38.18:742][959]LogSlate: FSceneViewport::OnFocusLost() reason 2
[2020.01.26-13.38.20:934][208]LogSlate: FSceneViewport::OnFocusLost() reason 2
[2020.01.26-13.38.24:931][654]Cmd: SELECT NONE
[2020.01.26-13.38.25:449][716]LogEditorViewport: Clicking on Actor (LMB): StaticMeshActor (SM_Pebble58)
[2020.01.26-13.38.26:937][885]Cmd: SELECT NONE
[2020.01.26-13.38.29:753][210]LogEditorViewport: Clicking on Actor (LMB): StaticMeshActor (SM_Pebble57)
[2020.01.26-13.38.30:473][279]Cmd: DELETE
[2020.01.26-13.38.30:473][279]Cmd: ACTOR DELETE
[2020.01.26-13.38.30:482][279]LogEditorActor: Deleted Actor: StaticMeshActor
[2020.01.26-13.38.30:521][279]LogUObjectHash: Compacting FUObjectHashTables data took   1.45ms
[2020.01.26-13.38.30:522][279]LogEditorActor: Deleted 1 Actors (0.049 secs)
[2020.01.26-13.38.35:436][851]LogEditorViewport: Clicking on Actor (LMB): StaticMeshActor (sm_grass133)
[2020.01.26-13.38.37:354][ 66]Cmd: SELECT NONE
[2020.01.26-13.38.46:528][150]LogEditorViewport: Clicking on Actor (LMB): StaticMeshActor (sm_grass138)
[2020.01.26-13.39.03:681][ 55]Cmd: SELECT NONE
[2020.01.26-13.39.05:160][225]LogEditorViewport: Clicking on Actor (LMB): StaticMeshActor (sm_grass150)
[2020.01.26-13.39.07:909][522]Cmd: SELECT NONE
[2020.01.26-13.39.08:570][601]LogEditorViewport: Clicking on Actor (LMB): StaticMeshActor (sm_grass150)
[2020.01.26-13.39.33:378][209]Cmd: SELECT NONE
[2020.01.26-13.39.45:552][653]LogEditorViewport: Clicking on Actor (LMB): StaticMeshActor (SM_Pebble37)
[2020.01.26-13.40.07:650][988]LogSlate: FSceneViewport::OnFocusLost() reason 2
[2020.01.26-13.40.17:635][ 69]Cmd: SELECT NONE
[2020.01.26-13.40.21:055][464]LogEditorViewport: Clicking on Actor (LMB): StaticMeshActor (SM_Pebble59)
[2020.01.26-13.40.28:057][205]LogSlate: FSceneViewport::OnFocusLost() reason 2
[2020.01.26-13.40.31:720][628]Cmd: SELECT NONE
[2020.01.26-13.40.32:856][759]LogEditorViewport: Clicking on Actor (LMB): StaticMeshActor (sm_grass42)
[2020.01.26-13.40.35:255][ 11]LogEditorViewport: Clicking on Actor (LMB): StaticMeshActor (sm_grass51)
[2020.01.26-13.40.38:478][386]LogEditorViewport: Clicking on Actor (LMB): StaticMeshActor (SM_Rock3_low14)
[2020.01.26-13.40.38:944][437]LogEditorViewport: Clicking on Actor (LMB): StaticMeshActor (sm_grass105)
[2020.01.26-13.40.42:639][837]Cmd: SELECT NONE
[2020.01.26-13.40.44:088][  2]LogEditorViewport: Clicking on Actor (LMB): StaticMeshActor (sm_grass105)
[2020.01.26-13.40.51:583][853]LogEditorViewport: Clicking on Actor (LMB): StaticMeshActor (SM_Pebble60)
[2020.01.26-13.40.52:505][959]LogEditorViewport: Clicking on Actor (LMB): StaticMeshActor (SM_Pebble60)
[2020.01.26-13.40.53:203][ 41]LogEditorViewport: Clicking on Actor (LMB): StaticMeshActor (sm_grass51)
[2020.01.26-13.40.53:851][114]LogEditorViewport: Clicking on Actor (LMB): StaticMeshActor (sm_grass105)
[2020.01.26-13.40.57:020][479]Cmd: SELECT NONE
[2020.01.26-13.40.58:348][634]LogEditorViewport: Clicking on Actor (LMB): StaticMeshActor (SM_Pebble46)
[2020.01.26-13.41.00:358][854]Cmd: SELECT NONE
[2020.01.26-13.41.04:060][287]LogEditorViewport: Clicking on Actor (LMB): StaticMeshActor (SM_Rock3_low14)
[2020.01.26-13.41.04:512][326]LogEditorViewport: Clicking on Actor (LMB): StaticMeshActor (sm_grass109)
[2020.01.26-13.41.08:558][791]Cmd: SELECT NONE
[2020.01.26-13.41.10:510][ 15]LogEditorViewport: Clicking on Actor (LMB): StaticMeshActor (sm_flower21)
[2020.01.26-13.41.18:539][865]Cmd: SELECT NONE
[2020.01.26-13.41.28:305][  2]LogEditorViewport: Clicking on Actor (LMB): StaticMeshActor (SM_Pebble19)
[2020.01.26-13.41.48:796][283]LogSlate: FSceneViewport::OnFocusLost() reason 2
[2020.01.26-13.41.57:949][344]Cmd: SELECT NONE
[2020.01.26-13.41.59:261][493]LogEditorViewport: Clicking on Actor (LMB): StaticMeshActor (SM_Pebble62)
[2020.01.26-13.42.02:646][846]LogEditorViewport: Clicking on Actor (LMB): StaticMeshActor (SM_level_top)
[2020.01.26-13.42.03:311][921]LogEditorViewport: Clicking on Actor (LMB): StaticMeshActor (SM_Pebble63)
[2020.01.26-13.42.05:285][138]Cmd: SELECT NONE
[2020.01.26-13.42.09:377][603]LogEditorViewport: Clicking on Actor (LMB): StaticMeshActor (sm_clover30)
[2020.01.26-13.42.17:323][464]Cmd: CAMERA ALIGN ACTIVEVIEWPORTONLY
[2020.01.26-13.42.24:949][295]Cmd: CAMERA ALIGN ACTIVEVIEWPORTONLY
[2020.01.26-13.42.41:354][159]Cmd: SELECT NONE
[2020.01.26-13.42.45:476][647]LogEditorViewport: Clicking on Actor (LMB): StaticMeshActor (sm_clover37)
[2020.01.26-13.42.54:989][710]Cmd: SELECT NONE
[2020.01.26-13.43.01:406][465]LogEditorViewport: Clicking on Actor (LMB): StaticMeshActor (sm_clover38)
[2020.01.26-13.43.02:453][565]LogEditorViewport: Clicking on Actor (LMB): StaticMeshActor (sm_clover37)
[2020.01.26-13.43.15:974][107]Cmd: SELECT NONE
[2020.01.26-13.43.17:305][256]LogEditorViewport: Clicking on Actor (LMB): StaticMeshActor (sm_clover37)
[2020.01.26-13.43.18:680][384]Cmd: SELECT NONE
[2020.01.26-13.43.19:739][507]LogEditorViewport: Clicking on Actor (LMB): StaticMeshActor (sm_clover38)
[2020.01.26-13.43.22:965][858]Cmd: SELECT NONE
[2020.01.26-13.43.24:322][ 13]LogEditorViewport: Clicking on Actor (LMB): StaticMeshActor (sm_clover37)
[2020.01.26-13.43.25:232][107]Cmd: SELECT NONE
[2020.01.26-13.43.26:716][272]LogEditorViewport: Clicking on Actor (LMB): StaticMeshActor (sm_clover37)
[2020.01.26-13.43.27:186][316]Cmd: SELECT NONE
[2020.01.26-13.43.27:771][385]LogEditorViewport: Clicking on Actor (LMB): StaticMeshActor (sm_clover36)
[2020.01.26-13.43.30:378][687]Cmd: SELECT NONE
[2020.01.26-13.43.33:611][ 71]LogEditorViewport: Clicking on Actor (LMB): StaticMeshActor (sm_clover37)
[2020.01.26-13.43.35:809][303]LogEditorViewport: Clicking on Actor (LMB): StaticMeshActor (sm_clover38)
[2020.01.26-13.43.37:320][463]LogEditorViewport: Clicking on Actor (LMB): StaticMeshActor (sm_clover36)
[2020.01.26-13.43.39:105][660]LogEditorViewport: Clicking on Actor (LMB): StaticMeshActor (sm_clover38)
[2020.01.26-13.43.47:038][588]Cmd: SELECT NONE
[2020.01.26-13.43.49:872][921]LogEditorViewport: Clicking on Actor (LMB): StaticMeshActor (sm_clover38)
[2020.01.26-13.43.51:888][135]Cmd: SELECT NONE
[2020.01.26-13.43.52:449][202]LogEditorViewport: Clicking on Actor (LMB): StaticMeshActor (sm_clover38)
[2020.01.26-13.43.58:102][838]Cmd: SELECT NONE
[2020.01.26-13.44.02:136][314]LogEditorViewport: Clicking on Actor (LMB): StaticMeshActor (SM_Pebble62)
[2020.01.26-13.44.09:228][134]LogEditorViewport: Clicking on Actor (LMB): StaticMeshActor (sm_flower18)
[2020.01.26-13.44.10:341][262]LogEditorViewport: Clicking on Actor (LMB): StaticMeshActor (SM_Pebble63)
[2020.01.26-13.44.14:410][692]LogSlate: FSceneViewport::OnFocusLost() reason 2
[2020.01.26-13.44.19:481][272]Cmd: SELECT NONE
[2020.01.26-13.44.20:668][406]LogEditorViewport: Clicking on Actor (LMB): StaticMeshActor (SM_Pebble65)
[2020.01.26-13.44.22:250][562]Cmd: SELECT NONE
[2020.01.26-13.44.22:936][644]LogEditorViewport: Clicking on Actor (LMB): StaticMeshActor (sm_clover39)
[2020.01.26-13.44.27:063][113]Cmd: SELECT NONE
[2020.01.26-13.44.28:284][256]LogEditorViewport: Clicking on Actor (LMB): StaticMeshActor (SM_Pebble65)
[2020.01.26-13.44.33:604][825]Cmd: CAMERA ALIGN ACTIVEVIEWPORTONLY
[2020.01.26-13.44.44:811][ 87]LogEditorViewport: Clicking on Actor (LMB): StaticMeshActor (SM_soil3)
[2020.01.26-13.44.45:928][186]LogEditorViewport: Clicking on Actor (LMB): StaticMeshActor (SM_Rock1_low5)
[2020.01.26-13.44.46:315][215]LogEditorViewport: Clicking on Actor (LMB): StaticMeshActor (SM_soil4)
[2020.01.26-13.44.47:076][286]Cmd: SELECT NONE
[2020.01.26-13.44.48:339][424]LogEditorViewport: Clicking on Actor (LMB): StaticMeshActor (SM_Pebble66)
[2020.01.26-13.45.01:626][934]Cmd: SELECT NONE
[2020.01.26-13.45.05:902][437]LogEditorViewport: Clicking on Actor (LMB): StaticMeshActor (SM_Pebble66)
[2020.01.26-13.45.24:159][492]Cmd: SELECT NONE
[2020.01.26-13.45.25:396][636]LogEditorViewport: Clicking on Actor (LMB): StaticMeshActor (SM_Pebble68)
[2020.01.26-13.45.26:261][716]LogSlate: FSceneViewport::OnFocusLost() reason 2
[2020.01.26-13.45.28:388][960]LogEditorViewport: Clicking on Actor (LMB): StaticMeshActor (SM_Pebble68)
[2020.01.26-13.45.30:046][154]Cmd: SELECT NONE
[2020.01.26-13.45.31:563][331]LogEditorViewport: Clicking on Actor (LMB): StaticMeshActor (SM_Pebble68)
[2020.01.26-13.45.47:079][ 74]LogSlate: FSceneViewport::OnFocusLost() reason 2
[2020.01.26-13.45.56:986][218]Cmd: SELECT NONE
[2020.01.26-13.45.58:346][373]LogEditorViewport: Clicking on Actor (LMB): StaticMeshActor (SM_Pebble70)
[2020.01.26-13.46.01:828][749]LogSlate: FSceneViewport::OnFocusLost() reason 2
[2020.01.26-13.46.04:243][ 24]LogSlate: FSceneViewport::OnFocusLost() reason 2
[2020.01.26-13.46.07:122][323]LogEditorViewport: Clicking on Actor (LMB): StaticMeshActor (SM_Pebble71)
[2020.01.26-13.46.13:930][ 63]LogSlate: FSceneViewport::OnFocusLost() reason 2
[2020.01.26-13.46.17:427][462]LogSlate: FSceneViewport::OnFocusLost() reason 2
[2020.01.26-13.46.36:838][676]Cmd: SELECT NONE
[2020.01.26-13.46.39:426][978]LogEditorViewport: Clicking on Actor (LMB): StaticMeshActor (SM_Pebble72)
[2020.01.26-13.46.49:084][ 34]LogSlate: FSceneViewport::OnFocusLost() reason 2
[2020.01.26-13.46.59:046][157]Cmd: SELECT NONE
[2020.01.26-13.47.00:445][315]LogEditorViewport: Clicking on Actor (LMB): StaticMeshActor (SM_Pebble73)
[2020.01.26-13.47.05:569][837]LogEditorViewport: Clicking on Actor (LMB): StaticMeshActor (SM_Pebble19)
[2020.01.26-13.47.06:428][922]LogEditorViewport: Clicking on Actor (LMB): StaticMeshActor (SM_Rock3_low20)
[2020.01.26-13.47.07:808][ 76]Cmd: SELECT NONE
[2020.01.26-13.47.10:360][373]LogEditorViewport: Clicking on Actor (LMB): StaticMeshActor (sm_clover8)
[2020.01.26-13.47.14:332][807]Cmd: CAMERA ALIGN ACTIVEVIEWPORTONLY
[2020.01.26-13.47.20:229][463]Cmd: SELECT NONE
[2020.01.26-13.47.21:773][638]LogEditorViewport: Clicking on Actor (LMB): StaticMeshActor (sm_clover41)
[2020.01.26-13.47.28:945][460]Cmd: TRANSACTION UNDO
[2020.01.26-13.47.28:946][460]LogEditorTransaction: Undo Scale Actors
[2020.01.26-13.48.09:125][125]LogEditorViewport: Clicking on Actor (LMB): StaticMeshActor (SM_grasspath)
[2020.01.26-13.48.09:576][174]LogEditorViewport: Clicking on Actor (LMB): StaticMeshActor (sm_clover46)
[2020.01.26-13.48.12:063][461]LogEditorViewport: Clicking on Actor (LMB): StaticMeshActor (sm_clover45)
[2020.01.26-13.48.15:359][838]LogEditorViewport: Clicking on Actor (LMB): StaticMeshActor (sm_clover44)
[2020.01.26-13.48.30:356][567]Cmd: SELECT NONE
[2020.01.26-13.48.35:915][224]LogEditorViewport: Clicking on Actor (LMB): StaticMeshActor (sm_grass31)
[2020.01.26-13.48.42:741][999]Cmd: CAMERA ALIGN ACTIVEVIEWPORTONLY
[2020.01.26-13.48.46:961][469]Cmd: SELECT NONE
[2020.01.26-13.48.48:340][627]LogEditorViewport: Clicking on Actor (LMB): StaticMeshActor (sm_grass153)
[2020.01.26-13.48.53:038][124]Cmd: CAMERA ALIGN ACTIVEVIEWPORTONLY
[2020.01.26-13.48.56:275][482]LogEditorViewport: Clicking on Actor (LMB): StaticMeshActor (SM_Pebble45)
[2020.01.26-13.49.10:100][ 40]Cmd: SELECT NONE
[2020.01.26-13.49.11:628][215]LogEditorViewport: Clicking on Actor (LMB): StaticMeshActor (SM_Pebble74)
[2020.01.26-13.49.14:574][553]Cmd: SELECT NONE
[2020.01.26-13.49.21:756][400]LogEditorViewport: Clicking on Actor (LMB): StaticMeshActor (sm_clover13)
[2020.01.26-13.49.34:955][878]Cmd: CAMERA ALIGN ACTIVEVIEWPORTONLY
[2020.01.26-13.49.45:652][ 84]LogEditorViewport: Clicking on Actor (LMB): StaticMeshActor (sm_grass60)
[2020.01.26-13.50.16:994][626]LogEditorViewport: Clicking on Actor (LMB): StaticMeshActor (sm_grass157)
[2020.01.26-13.50.18:581][810]Cmd: SELECT NONE
[2020.01.26-13.50.21:568][160]LogEditorViewport: Clicking on Actor (LMB): StaticMeshActor (SM_Rock2_low6)
[2020.01.26-13.50.22:558][273]LogEditorViewport: Clicking on Actor (LMB): StaticMeshActor (SM_Rock2_low6)
[2020.01.26-13.50.23:154][343]LogEditorViewport: Clicking on Actor (LMB): StaticMeshActor (sm_grass158)
[2020.01.26-13.50.27:443][842]LogEditorViewport: Clicking on Actor (LMB): StaticMeshActor (sm_grass157)
[2020.01.26-13.50.39:537][250]Cmd: SELECT NONE
[2020.01.26-13.50.43:658][737]LogEditorViewport: Clicking on Actor (LMB): StaticMeshActor (sm_grass158)
[2020.01.26-13.50.45:963][  4]Cmd: SELECT NONE
[2020.01.26-13.50.48:457][293]LogEditorViewport: Clicking on Actor (LMB): StaticMeshActor (sm_grass158)
[2020.01.26-13.51.11:608][920]LogSlate: FSceneViewport::OnFocusLost() reason 0
[2020.01.26-13.52.35:825][767]LogSlate: Window 'Color Picker' being destroyed
[2020.01.26-13.52.38:177][ 48]LogSlate: FSceneViewport::OnFocusLost() reason 0
[2020.01.26-13.52.49:406][388]Cmd: SELECT NONE
[2020.01.26-13.53.24:822][604]LogUObjectHash: Compacting FUObjectHashTables data took   1.59ms
[2020.01.26-13.53.24:823][604]Cmd: OBJ SAVEPACKAGE PACKAGE="/Game/Diorama" FILE="../../../../Art/Park_SFAS/Park/Saved/Autosaves/Game/Diorama_Auto3.umap" SILENT=true AUTOSAVING=true KEEPDIRTY=false
[2020.01.26-13.53.25:159][604]LogSavePackage: Moving '../../../../Art/Park_SFAS/Park/Saved/Diorama_Auto332A1EF764AD66A3B3559C694CF85A7C8.tmp' to '../../../../Art/Park_SFAS/Park/Saved/Autosaves/Game/Diorama_Auto3.umap'
[2020.01.26-13.53.25:162][604]LogFileHelpers: Editor autosave (incl. sublevels) for '/Game/Diorama' took 0.380
[2020.01.26-13.53.25:162][604]LogFileHelpers: Editor autosave (incl. sublevels) for all levels took 0.380
[2020.01.26-13.58.29:034][965]LogEditorViewport: Clicking on Actor (LMB): BP_Sky_Sphere_C (BP_Sky_Sphere)
[2020.01.26-13.59.19:203][956]LogEditorViewport: Clicking on Actor (LMB): StaticMeshActor (SM_Pavilion)
[2020.01.26-13.59.24:046][494]Cmd: TRANSACTION UNDO
[2020.01.26-13.59.24:046][494]LogEditorTransaction: Undo Rotate Actors
[2020.01.26-13.59.38:928][245]Cmd: SELECT NONE
[2020.01.26-14.00.09:848][948]LogEditorViewport: Clicking on Actor (LMB): StaticMeshActor (bush_low3)
[2020.01.26-14.00.15:406][557]Cmd: SELECT NONE
[2020.01.26-14.00.19:639][ 59]LogEditorViewport: Clicking on Actor (LMB): StaticMeshActor (bush_low3)
[2020.01.26-14.00.21:303][252]Cmd: SELECT NONE
[2020.01.26-14.01.39:654][648]LogEditorViewport: Clicking on Actor (LMB): BP_Sky_Sphere_C (BP_Sky_Sphere)
[2020.01.26-14.01.40:055][692]LogSlate: FSceneViewport::OnFocusLost() reason 5
[2020.01.26-14.01.44:492][221]Cmd: SELECT NONE
[2020.01.26-14.02.05:226][697]LogSlate: FSceneViewport::OnFocusLost() reason 5
[2020.01.26-14.02.34:019][148]LogSlate: FSceneViewport::OnFocusLost() reason 5
[2020.01.26-14.03.01:179][396]LogEditorViewport: Clicking on Actor (LMB): BP_Sky_Sphere_C (BP_Sky_Sphere)
[2020.01.26-14.03.25:345][248]LogSlate: FSceneViewport::OnFocusLost() reason 0
[2020.01.26-14.03.44:660][520]LogSlate: FSceneViewport::OnFocusLost() reason 0
[2020.01.26-14.03.59:816][254]LogSlate: FSceneViewport::OnFocusLost() reason 0
[2020.01.26-14.04.07:129][ 89]LogSlate: FSceneViewport::OnFocusLost() reason 0
[2020.01.26-14.04.10:100][435]LogSlate: FSceneViewport::OnFocusLost() reason 0
[2020.01.26-14.04.14:825][987]LogSlate: FSceneViewport::OnFocusLost() reason 0
[2020.01.26-14.05.50:378][918]LogSlate: FSceneViewport::OnFocusLost() reason 5
[2020.01.26-14.05.50:428][918]LogUObjectHash: Compacting FUObjectHashTables data took   2.04ms
[2020.01.26-14.05.50:429][918]Cmd: OBJ SAVEPACKAGE PACKAGE="/Game/Diorama" FILE="../../../../Art/Park_SFAS/Park/Saved/Autosaves/Game/Diorama_Auto4.umap" SILENT=true AUTOSAVING=true KEEPDIRTY=false
[2020.01.26-14.05.50:761][918]LogSavePackage: Moving '../../../../Art/Park_SFAS/Park/Saved/Diorama_Auto4B6B2F1114C72049FD9AAECB5BA6F7DCF.tmp' to '../../../../Art/Park_SFAS/Park/Saved/Autosaves/Game/Diorama_Auto4.umap'
[2020.01.26-14.05.50:764][918]LogFileHelpers: Editor autosave (incl. sublevels) for '/Game/Diorama' took 0.377
[2020.01.26-14.05.50:764][918]LogFileHelpers: Editor autosave (incl. sublevels) for all levels took 0.377
[2020.01.26-14.06.24:077][747]LogSlate: FSceneViewport::OnFocusLost() reason 5
[2020.01.26-14.06.52:454][ 15]LogEditorBookmarks: Warning: FBookmarkTypeToolsImpl::JumpToBookmark - Null Bookmark at index 4
[2020.01.26-14.07.05:762][602]LogEditorBookmarks: Warning: FBookmarkTypeToolsImpl::JumpToBookmark - Null Bookmark at index 4
[2020.01.26-14.07.30:841][408]LogEditorBookmarks: Warning: FBookmarkTypeToolsImpl::JumpToBookmark - Null Bookmark at index 4
[2020.01.26-14.07.53:727][ 20]Cmd: SELECT NONE
[2020.01.26-14.08.06:513][553]LogEditorBookmarks: Warning: FBookmarkTypeToolsImpl::JumpToBookmark - Null Bookmark at index 4
[2020.01.26-14.09.29:769][874]LogSlate: FSceneViewport::OnFocusLost() reason 0
[2020.01.26-14.09.37:569][738]LogAssetEditorManager: Opening Asset editor for Texture2D /Game/Textures/T_gravel_basecolor.T_gravel_basecolor
[2020.01.26-14.09.37:598][738]LogContentBrowser: Native class hierarchy updated for 'TextureEditor' in 0.0003 seconds. Added 1 classes and 2 folders.
[2020.01.26-14.09.46:684][660]LogTexture: Display: Building textures: T_gravel_basecolor (AutoDXT, 2048X2048)
[2020.01.26-14.11.54:604][680]LogEditorFactories: Performing atomic reimport of [D:/Art/Park_SFAS/Textures/Gravel/New_Graph_basecolor.tga]
[2020.01.26-14.11.54:630][680]LogFactory: FactoryCreateFile: Texture2D with ReimportTextureFactory (0 0 D:/Art/Park_SFAS/Textures/Gravel/New_Graph_basecolor.tga)
[2020.01.26-14.11.54:760][680]LogTexture: Display: Building textures: T_gravel_basecolor (BGRA8, 2048X2048)
[2020.01.26-14.11.54:921][680]LogTexture: Display: Building textures: T_gravel_basecolor (BGRA8, 2048X2048)
[2020.01.26-14.11.55:047][680]LogEditorFactories: -- imported successfully
[2020.01.26-14.12.12:308][393]LogSlate: FSceneViewport::OnFocusLost() reason 0
[2020.01.26-14.13.23:647][ 36]LogEditorFactories: Performing atomic reimport of [D:/Art/Park_SFAS/Textures/Gravel/New_Graph_metallic.tga]
[2020.01.26-14.13.23:674][ 36]LogFactory: FactoryCreateFile: Texture2D with ReimportTextureFactory (0 0 D:/Art/Park_SFAS/Textures/Gravel/New_Graph_metallic.tga)
[2020.01.26-14.13.23:722][ 36]LogTexture: Display: Building textures: T_Gravel_metallic (AutoDXT, 2048X2048)
[2020.01.26-14.13.24:268][ 36]LogEditorFactories: -- imported successfully
[2020.01.26-14.13.26:989][348]Cmd: SELECT NONE
[2020.01.26-14.13.29:739][665]Cmd: SELECT NONE
[2020.01.26-14.13.57:042][554]LogSlate: FSceneViewport::OnFocusLost() reason 0
[2020.01.26-14.13.57:341][554]LogAssetEditorManager: Opening Asset editor for Texture2D /Game/Textures/T_Gravel_normal.T_Gravel_normal
[2020.01.26-14.14.03:094][ 31]LogTexture: Display: Building textures: T_Gravel_normal (BC5, 2048X2048)
[2020.01.26-14.14.04:778][211]Cmd: TRANSACTION UNDO
[2020.01.26-14.14.04:778][211]LogEditorTransaction: Undo Edit RGBCurve
[2020.01.26-14.14.14:045][219]LogTexture: Display: Building textures: T_Gravel_normal (BC5, 2048X2048)
[2020.01.26-14.14.23:378][203]LogTexture: Display: Building textures: T_Gravel_normal (BC5, 2048X2048)
[2020.01.26-14.14.26:164][507]Cmd: TRANSACTION UNDO
[2020.01.26-14.14.26:164][507]LogEditorTransaction: Undo Edit Vibrance
[2020.01.26-14.14.33:109][305]LogSlate: Window 'T_gravel_basecolor' being destroyed
[2020.01.26-14.14.34:768][491]LogAssetEditorManager: Opening Asset editor for Texture2D /Game/Textures/T_Gravel_normal.T_Gravel_normal
[2020.01.26-14.14.38:739][948]LogMaterial: Display: Missing cached shader map for material m_Gravel, compiling. 
[2020.01.26-14.14.38:781][948]LogShaderCompilers: Display: Worker (1/13): shaders left to compile 22
[2020.01.26-14.14.38:781][948]LogShaderCompilers: Display: Worker (2/13): shaders left to compile 20
[2020.01.26-14.14.38:781][948]LogShaderCompilers: Display: Worker (3/13): shaders left to compile 18
[2020.01.26-14.14.38:781][948]LogShaderCompilers: Display: Worker (4/13): shaders left to compile 16
[2020.01.26-14.14.38:781][948]LogShaderCompilers: Display: Worker (5/13): shaders left to compile 14
[2020.01.26-14.14.38:781][948]LogShaderCompilers: Display: Worker (6/13): shaders left to compile 12
[2020.01.26-14.14.38:781][948]LogShaderCompilers: Display: Worker (7/13): shaders left to compile 10
[2020.01.26-14.14.38:781][948]LogShaderCompilers: Display: Worker (8/13): shaders left to compile 8
[2020.01.26-14.14.38:781][948]LogShaderCompilers: Display: Worker (9/13): shaders left to compile 6
[2020.01.26-14.14.38:781][948]LogShaderCompilers: Display: Worker (10/13): shaders left to compile 4
[2020.01.26-14.14.38:781][948]LogShaderCompilers: Display: Worker (11/13): shaders left to compile 2
[2020.01.26-14.14.42:311][320]Cmd: TRANSACTION UNDO
[2020.01.26-14.14.42:311][320]LogEditorTransaction: Undo Reset to Default
[2020.01.26-14.15.02:900][246]LogEditorViewport: Clicking on Actor (LMB): StaticMeshActor (SM_Pebble64)
[2020.01.26-14.15.05:501][427]LogEditorViewport: Clicking on Actor (LMB): StaticMeshActor (sm_clover38)
[2020.01.26-14.15.17:920][513]LogEditorViewport: Clicking on Actor (LMB): StaticMeshActor (sm_clover54)
[2020.01.26-14.15.30:329][756]LogEditorViewport: Clicking on Actor (LMB): StaticMeshActor (sm_clover53)
[2020.01.26-14.15.34:836][120]LogEditorViewport: Clicking on Actor (LMB): StaticMeshActor (sm_clover55)
[2020.01.26-14.15.42:439][883]LogEditorViewport: Clicking on Actor (LMB): StaticMeshActor (sm_clover54)
[2020.01.26-14.15.42:916][930]LogEditorViewport: Clicking on Actor (LMB): StaticMeshActor (sm_clover55)
[2020.01.26-14.15.47:295][294]Cmd: SELECT NONE
[2020.01.26-14.15.50:812][619]LogEditorViewport: Clicking on Actor (LMB): StaticMeshActor (sm_clover55)
[2020.01.26-14.15.51:660][709]Cmd: DELETE
[2020.01.26-14.15.51:660][709]Cmd: ACTOR DELETE
[2020.01.26-14.15.51:670][709]LogEditorActor: Deleted Actor: StaticMeshActor
[2020.01.26-14.15.51:713][709]LogUObjectHash: Compacting FUObjectHashTables data took   2.05ms
[2020.01.26-14.15.51:714][709]LogEditorActor: Deleted 1 Actors (0.053 secs)
[2020.01.26-14.15.52:094][754]LogEditorViewport: Clicking on Actor (LMB): StaticMeshActor (sm_clover54)
[2020.01.26-14.15.52:218][764]Cmd: DELETE
[2020.01.26-14.15.52:218][764]Cmd: ACTOR DELETE
[2020.01.26-14.15.52:228][764]LogEditorActor: Deleted Actor: StaticMeshActor
[2020.01.26-14.15.52:268][764]LogUObjectHash: Compacting FUObjectHashTables data took   0.76ms
[2020.01.26-14.15.52:269][764]LogEditorActor: Deleted 1 Actors (0.050 secs)
[2020.01.26-14.15.52:528][794]LogEditorViewport: Clicking on Actor (LMB): StaticMeshActor (sm_clover53)
[2020.01.26-14.15.52:653][804]Cmd: DELETE
[2020.01.26-14.15.52:653][804]Cmd: ACTOR DELETE
[2020.01.26-14.15.52:668][804]LogEditorActor: Deleted Actor: StaticMeshActor
[2020.01.26-14.15.52:707][804]LogUObjectHash: Compacting FUObjectHashTables data took   0.74ms
[2020.01.26-14.15.52:707][804]LogEditorActor: Deleted 1 Actors (0.054 secs)
[2020.01.26-14.15.56:832][190]LogEditorViewport: Clicking on Actor (LMB): StaticMeshActor (sm_grass115)
[2020.01.26-14.16.02:060][543]LogEditorViewport: Clicking on Actor (LMB): StaticMeshActor (SM_Pebble64)
[2020.01.26-14.16.02:838][591]LogEditorViewport: Clicking on Actor (LMB): StaticMeshActor (SM_Pebble66)
[2020.01.26-14.16.11:667][374]LogEditorViewport: Clicking on Actor (LMB): StaticMeshActor (SM_Pebble75)
[2020.01.26-14.16.14:711][669]LogSlate: FSceneViewport::OnFocusLost() reason 2
[2020.01.26-14.16.19:995][176]LogEditorViewport: Clicking on Actor (LMB): StaticMeshActor (SM_Pebble76)
[2020.01.26-14.16.24:197][576]LogSlate: FSceneViewport::OnFocusLost() reason 2
[2020.01.26-14.16.27:351][885]LogEditorViewport: Clicking on Actor (LMB): StaticMeshActor (SM_Pebble75)
[2020.01.26-14.16.30:651][234]LogEditorViewport: Clicking on Actor (LMB): StaticMeshActor (SM_Pebble76)
[2020.01.26-14.16.32:390][408]LogSlate: FSceneViewport::OnFocusLost() reason 2
[2020.01.26-14.16.39:113][ 22]Cmd: SELECT NONE
[2020.01.26-14.16.40:520][142]LogEditorViewport: Clicking on Actor (LMB): StaticMeshActor (SM_Pebble76)
[2020.01.26-14.16.43:926][423]Cmd: SELECT NONE
[2020.01.26-14.16.44:476][488]LogEditorViewport: Clicking on Actor (LMB): StaticMeshActor (SM_Pebble77)
[2020.01.26-14.16.48:005][796]Cmd: DELETE
[2020.01.26-14.16.48:005][796]Cmd: ACTOR DELETE
[2020.01.26-14.16.48:014][796]LogEditorActor: Deleted Actor: StaticMeshActor
[2020.01.26-14.16.48:056][796]LogUObjectHash: Compacting FUObjectHashTables data took   1.48ms
[2020.01.26-14.16.48:056][796]LogEditorActor: Deleted 1 Actors (0.051 secs)
[2020.01.26-14.16.48:428][826]LogEditorViewport: Clicking on Actor (LMB): StaticMeshActor (SM_Pebble64)
[2020.01.26-14.16.56:173][600]Cmd: SELECT NONE
[2020.01.26-14.17.01:414][ 77]LogEditorViewport: Clicking on Actor (LMB): StaticMeshActor (sm_grass115)
[2020.01.26-14.17.50:548][134]LogUObjectHash: Compacting FUObjectHashTables data took   1.40ms
[2020.01.26-14.17.50:549][134]Cmd: OBJ SAVEPACKAGE PACKAGE="/Game/Diorama" FILE="../../../../Art/Park_SFAS/Park/Saved/Autosaves/Game/Diorama_Auto5.umap" SILENT=true AUTOSAVING=true KEEPDIRTY=false
[2020.01.26-14.17.50:951][134]LogSavePackage: Moving '../../../../Art/Park_SFAS/Park/Saved/Diorama_Auto563A97DA2404FF76182696E82DB324DCE.tmp' to '../../../../Art/Park_SFAS/Park/Saved/Autosaves/Game/Diorama_Auto5.umap'
[2020.01.26-14.17.51:012][134]LogFileHelpers: Editor autosave (incl. sublevels) for '/Game/Diorama' took 0.508
[2020.01.26-14.17.51:012][134]LogFileHelpers: Editor autosave (incl. sublevels) for all levels took 0.508
[2020.01.26-14.17.51:014][134]OBJ SavePackage: Generating thumbnails for [1] asset(s) in package [/Game/Textures/T_gravel_basecolor] ([1] browsable assets)...
[2020.01.26-14.17.51:019][134]OBJ SavePackage:     Rendered thumbnail for [Texture2D /Game/Textures/T_gravel_basecolor.T_gravel_basecolor]
[2020.01.26-14.17.51:019][134]OBJ SavePackage: Finished generating thumbnails for package [/Game/Textures/T_gravel_basecolor]
[2020.01.26-14.17.51:019][134]Cmd: OBJ SAVEPACKAGE PACKAGE="/Game/Textures/T_gravel_basecolor" FILE="../../../../Art/Park_SFAS/Park/Saved/Autosaves/Game/Textures/T_gravel_basecolor_Auto5.uasset" SILENT=false AUTOSAVING=true
[2020.01.26-14.17.51:040][134]LogTexture: Display: Building textures: T_gravel_basecolor (AutoDXT, 2048X2048)
[2020.01.26-14.17.51:368][134]LogSavePackage: Moving '../../../../Art/Park_SFAS/Park/Saved/T_gravel_basecolor_Auto5B66E11754F1CCC712C61FBA7591AD0F1.tmp' to '../../../../Art/Park_SFAS/Park/Saved/Autosaves/Game/Textures/T_gravel_basecolor_Auto5.uasset'
[2020.01.26-14.17.51:369][134]OBJ SavePackage: Generating thumbnails for [1] asset(s) in package [/Game/Textures/T_Gravel_metallic] ([1] browsable assets)...
[2020.01.26-14.17.51:375][134]OBJ SavePackage:     Rendered thumbnail for [Texture2D /Game/Textures/T_Gravel_metallic.T_Gravel_metallic]
[2020.01.26-14.17.51:375][134]OBJ SavePackage: Finished generating thumbnails for package [/Game/Textures/T_Gravel_metallic]
[2020.01.26-14.17.51:375][134]Cmd: OBJ SAVEPACKAGE PACKAGE="/Game/Textures/T_Gravel_metallic" FILE="../../../../Art/Park_SFAS/Park/Saved/Autosaves/Game/Textures/T_Gravel_metallic_Auto5.uasset" SILENT=false AUTOSAVING=true
[2020.01.26-14.17.51:455][134]LogSavePackage: Moving '../../../../Art/Park_SFAS/Park/Saved/T_Gravel_metallic_Auto5DB36B9DA4AAE925CF14204B072EA5454.tmp' to '../../../../Art/Park_SFAS/Park/Saved/Autosaves/Game/Textures/T_Gravel_metallic_Auto5.uasset'
[2020.01.26-14.17.51:456][134]OBJ SavePackage: Generating thumbnails for [1] asset(s) in package [/Game/Textures/T_Gravel_normal] ([1] browsable assets)...
[2020.01.26-14.17.51:461][134]OBJ SavePackage:     Rendered thumbnail for [Texture2D /Game/Textures/T_Gravel_normal.T_Gravel_normal]
[2020.01.26-14.17.51:461][134]OBJ SavePackage: Finished generating thumbnails for package [/Game/Textures/T_Gravel_normal]
[2020.01.26-14.17.51:461][134]Cmd: OBJ SAVEPACKAGE PACKAGE="/Game/Textures/T_Gravel_normal" FILE="../../../../Art/Park_SFAS/Park/Saved/Autosaves/Game/Textures/T_Gravel_normal_Auto5.uasset" SILENT=false AUTOSAVING=true
[2020.01.26-14.17.51:493][134]LogSavePackage: Moving '../../../../Art/Park_SFAS/Park/Saved/T_Gravel_normal_Auto57C62FB5E442767EBC0E0D79CFF76D3DD.tmp' to '../../../../Art/Park_SFAS/Park/Saved/Autosaves/Game/Textures/T_Gravel_normal_Auto5.uasset'
[2020.01.26-14.17.51:493][134]LogFileHelpers: Auto-saving content packages took 0.480
[2020.01.26-14.17.53:925][216]Cmd: SELECT NONE
[2020.01.26-14.17.54:470][279]LogEditorViewport: Clicking on Actor (LMB): StaticMeshActor (sm_grass161)
[2020.01.26-14.18.02:754][ 64]Cmd: SELECT NONE
[2020.01.26-14.18.03:456][140]LogEditorViewport: Clicking on Actor (LMB): StaticMeshActor (sm_grass161)
[2020.01.26-14.18.06:518][424]Cmd: SELECT NONE
[2020.01.26-14.18.07:163][500]LogEditorViewport: Clicking on Actor (LMB): StaticMeshActor (sm_grass161)
[2020.01.26-14.18.21:196][669]LogEditorViewport: Clicking on Actor (LMB): StaticMeshActor (sm_grass161)
[2020.01.26-14.18.22:920][826]Cmd: SELECT NONE
[2020.01.26-14.18.23:663][907]LogEditorViewport: Clicking on Actor (LMB): StaticMeshActor (sm_grass161)
[2020.01.26-14.18.29:154][407]Cmd: SELECT NONE
[2020.01.26-14.18.31:470][630]LogEditorViewport: Clicking on Actor (LMB): StaticMeshActor (sm_grass164)
[2020.01.26-14.18.41:474][481]Cmd: SELECT NONE
[2020.01.26-14.18.43:069][635]LogEditorViewport: Clicking on Actor (LMB): BP_Sky_Sphere_C (BP_Sky_Sphere)
[2020.01.26-14.18.43:628][681]LogEditorViewport: Clicking on Actor (LMB): BP_Sky_Sphere_C (BP_Sky_Sphere)
[2020.01.26-14.18.44:067][729]LogEditorViewport: Clicking on Actor (LMB): StaticMeshActor (sm_grass163)
[2020.01.26-14.18.48:597][111]Cmd: SELECT NONE
[2020.01.26-14.18.51:253][360]LogEditorViewport: Clicking on Actor (LMB): StaticMeshActor (SM_Rock4_low3)
[2020.01.26-14.18.52:010][410]LogEditorViewport: Clicking on Actor (LMB): StaticMeshActor (SM_Pebble64)
[2020.01.26-14.18.56:091][767]LogSlate: FSceneViewport::OnFocusLost() reason 2
[2020.01.26-14.19.06:840][741]Cmd: SELECT NONE
[2020.01.26-14.19.07:391][806]LogEditorViewport: Clicking on Actor (LMB): StaticMeshActor (SM_Pebble77)
[2020.01.26-14.19.15:835][615]Cmd: SELECT NONE
[2020.01.26-14.19.20:311][ 51]LogEditorViewport: Clicking on Actor (LMB): StaticMeshActor (sm_grass164)
[2020.01.26-14.19.24:051][331]Cmd: SELECT NONE
[2020.01.26-14.19.24:631][395]LogEditorViewport: Clicking on Actor (LMB): StaticMeshActor (SM_level_top)
[2020.01.26-14.19.25:184][450]LogEditorViewport: Clicking on Actor (LMB): StaticMeshActor (sm_grass161)
[2020.01.26-14.19.25:742][508]LogEditorViewport: Clicking on Actor (LMB): StaticMeshActor (sm_grass164)
[2020.01.26-14.19.27:247][656]Cmd: SELECT NONE
[2020.01.26-14.19.28:026][749]LogEditorViewport: Clicking on Actor (LMB): StaticMeshActor (sm_grass161)
[2020.01.26-14.19.35:454][496]Cmd: SELECT NONE
[2020.01.26-14.19.36:011][562]LogEditorViewport: Clicking on Actor (LMB): StaticMeshActor (sm_grass165)
[2020.01.26-14.19.38:663][833]Cmd: SELECT NONE
[2020.01.26-14.19.43:144][249]LogEditorViewport: Clicking on Actor (LMB): StaticMeshActor (sm_grass165)
[2020.01.26-14.19.54:212][255]Cmd: SELECT NONE
[2020.01.26-14.19.54:899][335]LogEditorViewport: Clicking on Actor (LMB): StaticMeshActor (sm_grass166)
[2020.01.26-14.20.04:433][130]Cmd: SELECT NONE
[2020.01.26-14.20.05:769][255]LogEditorViewport: Clicking on Actor (LMB): StaticMeshActor (sm_grass167)
[2020.01.26-14.20.15:033][ 61]Cmd: SELECT NONE
[2020.01.26-14.20.18:788][385]LogEditorViewport: Clicking on Actor (LMB): StaticMeshActor (sm_clover39)
[2020.01.26-14.20.22:625][668]Cmd: CAMERA ALIGN ACTIVEVIEWPORTONLY
[2020.01.26-14.20.26:754][  6]Cmd: SELECT NONE
[2020.01.26-14.20.27:369][ 79]LogEditorViewport: Clicking on Actor (LMB): StaticMeshActor (sm_clover53)
[2020.01.26-14.21.00:315][ 87]Cmd: SELECT NONE
[2020.01.26-14.21.02:089][253]LogEditorViewport: Clicking on Actor (LMB): StaticMeshActor (SM_level_top)
[2020.01.26-14.21.02:655][300]LogEditorViewport: Clicking on Actor (LMB): StaticMeshActor (sm_clover53)
[2020.01.26-14.21.08:758][891]Cmd: SELECT NONE
[2020.01.26-14.21.09:287][952]LogEditorViewport: Clicking on Actor (LMB): StaticMeshActor (sm_clover53)
[2020.01.26-14.21.16:391][616]Cmd: SELECT NONE
[2020.01.26-14.21.17:218][711]LogEditorViewport: Clicking on Actor (LMB): StaticMeshActor (sm_clover57)
[2020.01.26-14.21.19:613][946]Cmd: SELECT NONE
[2020.01.26-14.21.20:302][ 24]LogEditorViewport: Clicking on Actor (LMB): StaticMeshActor (sm_clover57)
[2020.01.26-14.21.21:022][ 99]LogEditorViewport: Clicking on Actor (LMB): StaticMeshActor (SM_Pebble78)
[2020.01.26-14.21.33:879][279]LogEditorViewport: Clicking on Actor (LMB): StaticMeshActor (SM_Pebble79)
[2020.01.26-14.21.37:401][637]LogSlate: FSceneViewport::OnFocusLost() reason 2
[2020.01.26-14.21.51:504][ 14]Cmd: SELECT NONE
[2020.01.26-14.21.51:934][ 65]LogEditorViewport: Clicking on Actor (LMB): StaticMeshActor (SM_Pebble80)
[2020.01.26-14.21.57:128][555]Cmd: SELECT NONE
[2020.01.26-14.22.01:002][920]LogEditorViewport: Clicking on Actor (LMB): StaticMeshActor (SM_Pebble80)
[2020.01.26-14.22.03:500][145]Cmd: SELECT NONE
[2020.01.26-14.22.06:617][443]LogEditorViewport: Clicking on Actor (LMB): StaticMeshActor (SM_Pebble76)
[2020.01.26-14.22.08:959][598]LogEditorViewport: Clicking on Actor (LMB): StaticMeshActor (SM_Pebble79)
[2020.01.26-14.22.09:924][690]LogEditorViewport: Clicking on Actor (LMB): StaticMeshActor (SM_Pebble79)
[2020.01.26-14.22.10:511][748]LogEditorViewport: Clicking on Actor (LMB): StaticMeshActor (SM_Pebble79)
[2020.01.26-14.22.11:025][800]LogEditorViewport: Clicking on Actor (LMB): StaticMeshActor (sm_grass162)
[2020.01.26-14.22.15:732][263]Cmd: SELECT NONE
[2020.01.26-14.22.17:650][438]LogEditorViewport: Clicking on Actor (LMB): StaticMeshActor (sm_grass162)
[2020.01.26-14.22.22:057][800]Cmd: SELECT NONE
[2020.01.26-14.22.28:397][393]LogEditorViewport: Clicking on Actor (LMB): StaticMeshActor (sm_clover36)
[2020.01.26-14.22.40:498][383]LogEditorViewport: Clicking on Actor (LMB): StaticMeshActor (sm_clover38)
[2020.01.26-14.22.43:273][642]LogEditorViewport: Clicking on Actor (LMB): StaticMeshActor (sm_clover36)
[2020.01.26-14.22.46:924][  6]LogEditorViewport: Clicking on Actor (LMB): StaticMeshActor (sm_clover37)
[2020.01.26-14.22.48:581][151]Cmd: SELECT NONE
[2020.01.26-14.22.50:908][376]LogEditorViewport: Clicking on Actor (LMB): StaticMeshActor (sm_clover38)
[2020.01.26-14.22.57:062][867]Cmd: SELECT NONE
[2020.01.26-14.22.58:750][ 16]LogEditorViewport: Clicking on Actor (LMB): StaticMeshActor (sm_clover36)
[2020.01.26-14.22.59:534][ 88]LogEditorViewport: Clicking on Actor (LMB): StaticMeshActor (sm_clover40)
[2020.01.26-14.23.01:740][297]LogEditorViewport: Clicking on Actor (LMB): StaticMeshActor (sm_clover39)
[2020.01.26-14.23.11:989][173]LogSlate: FSceneViewport::OnFocusLost() reason 0
[2020.01.26-14.23.13:205][282]Cmd: SELECT NONE
[2020.01.26-14.23.15:455][473]LogEditorViewport: Clicking on Actor (LMB): StaticMeshActor (SM_Pebble63)
[2020.01.26-14.23.22:339][ 55]LogSlate: FSceneViewport::OnFocusLost() reason 0
[2020.01.26-14.23.38:277][487]LogSlate: FSceneViewport::OnFocusLost() reason 2
[2020.01.26-14.23.42:609][831]Cmd: SELECT NONE
[2020.01.26-14.23.54:318][996]LogEditorViewport: Clicking on Actor (context menu): BP_Sky_Sphere_C (BP_Sky_Sphere)
[2020.01.26-14.23.54:347][996]LogSlate: FSceneViewport::OnFocusLost() reason 5
[2020.01.26-14.23.55:343][ 99]LogEditorViewport: Clicking on Actor (LMB): StaticMeshActor (bush_low3)
[2020.01.26-14.23.55:974][167]Cmd: SELECT NONE
[2020.01.26-14.24.00:222][550]LogEditorViewport: Clicking on Actor (LMB): StaticMeshActor (SM_Pebble63)
[2020.01.26-14.24.03:814][849]LogEditorViewport: Clicking on Actor (LMB): StaticMeshActor (sm_clover59)
[2020.01.26-14.24.09:032][309]Cmd: SELECT NONE
[2020.01.26-14.24.10:506][446]LogEditorViewport: Clicking on Actor (LMB): StaticMeshActor (sm_clover58)
[2020.01.26-14.24.12:269][582]Cmd: SELECT NONE
[2020.01.26-14.24.19:048][177]LogEditorViewport: Clicking on Actor (LMB): StaticMeshActor (SM_Pebble76)
[2020.01.26-14.24.21:469][388]LogEditorViewport: Clicking on Actor (LMB): StaticMeshActor (SM_Pebble75)
[2020.01.26-14.24.27:780][923]LogEditorViewport: Clicking on Actor (LMB): StaticMeshActor (SM_Pebble76)
[2020.01.26-14.24.30:125][142]Cmd: SELECT NONE
[2020.01.26-14.24.30:575][194]LogEditorViewport: Clicking on Actor (LMB): StaticMeshActor (SM_Pebble76)
[2020.01.26-14.24.32:583][399]Cmd: SELECT NONE
[2020.01.26-14.24.36:507][772]LogEditorViewport: Clicking on Actor (LMB): StaticMeshActor (SM_Pebble76)
[2020.01.26-14.24.42:542][296]LogEditorViewport: Clicking on Actor (LMB): StaticMeshActor (SM_Pebble75)
[2020.01.26-14.24.46:395][678]Cmd: SELECT NONE
[2020.01.26-14.24.51:288][139]LogEditorViewport: Clicking on Actor (LMB): StaticMeshActor (SM_Pebble64)
[2020.01.26-14.24.56:492][500]Cmd: SELECT NONE
[2020.01.26-14.25.00:922][951]LogEditorViewport: Clicking on Actor (LMB): StaticMeshActor (sm_flower18)
[2020.01.26-14.25.01:247][981]Cmd: CAMERA ALIGN ACTIVEVIEWPORTONLY
[2020.01.26-14.27.06:588][319]Cmd: SELECT NONE
[2020.01.26-14.27.07:294][372]LogEditorViewport: Clicking on Actor (LMB): StaticMeshActor (SM_Rock5_low4)
[2020.01.26-14.27.07:750][401]LogEditorViewport: Clicking on Actor (LMB): StaticMeshActor (sm_flower58)
[2020.01.26-14.27.19:215][424]Cmd: SELECT NONE
[2020.01.26-14.27.21:586][639]LogEditorViewport: Clicking on Actor (LMB): StaticMeshActor (sm_flower59)
[2020.01.26-14.27.29:008][275]Cmd: CAMERA ALIGN ACTIVEVIEWPORTONLY
[2020.01.26-14.27.48:440][950]Cmd: CAMERA ALIGN ACTIVEVIEWPORTONLY
[2020.01.26-14.27.54:635][489]Cmd: SELECT NONE
[2020.01.26-14.27.56:379][651]LogEditorViewport: Clicking on Actor (LMB): StaticMeshActor (sm_flower23)
[2020.01.26-14.28.09:279][759]LogEditorViewport: Clicking on Actor (LMB): StaticMeshActor (sm_clover2)
[2020.01.26-14.28.36:912][213]Cmd: SELECT NONE
[2020.01.26-14.28.37:697][305]LogEditorViewport: Clicking on Actor (LMB): StaticMeshActor (sm_clover62)
[2020.01.26-14.28.45:781][ 23]Cmd: CAMERA ALIGN ACTIVEVIEWPORTONLY
[2020.01.26-14.29.41:757][189]Cmd: CAMERA ALIGN ACTIVEVIEWPORTONLY
[2020.01.26-14.29.55:256][633]Cmd: SELECT NONE
[2020.01.26-14.29.57:904][881]LogEditorViewport: Clicking on Actor (LMB): StaticMeshActor (sm_grass97)
[2020.01.26-14.30.00:672][155]LogEditorViewport: Clicking on Actor (LMB): StaticMeshActor (sm_grass99)
[2020.01.26-14.30.03:647][386]LogEditorViewport: Clicking on Actor (LMB): StaticMeshActor (sm_grass100)
[2020.01.26-14.30.05:312][527]Cmd: SELECT NONE
[2020.01.26-14.30.17:711][609]LogEditorViewport: Clicking on Actor (LMB): StaticMeshActor (sm_clover66)
[2020.01.26-14.30.25:114][268]LogEditorViewport: Clicking on Actor (LMB): StaticMeshActor (sm_clover69)
[2020.01.26-14.30.28:785][593]LogEditorViewport: Clicking on Actor (LMB): StaticMeshActor (sm_clover66)
[2020.01.26-14.30.35:733][108]LogEditorViewport: Clicking on Actor (LMB): StaticMeshActor (sm_clover70)
[2020.01.26-14.30.56:088][941]Cmd: SELECT NONE
[2020.01.26-14.31.09:843][257]LogEditorViewport: Clicking on Actor (LMB): StaticMeshActor (SM_Pebble47)
[2020.01.26-14.31.15:761][829]LogSlate: FSceneViewport::OnFocusLost() reason 2
[2020.01.26-14.31.29:707][ 40]LogEditorViewport: Clicking on Actor (LMB): StaticMeshActor (SM_Pebble42)
[2020.01.26-14.31.36:027][585]LogSlate: FSceneViewport::OnFocusLost() reason 2
[2020.01.26-14.31.42:138][174]Cmd: SELECT NONE
[2020.01.26-14.32.00:598][859]LogEditorViewport: Clicking on Actor (LMB): StaticMeshActor (sm_clover)
[2020.01.26-14.32.24:925][899]LogEditorViewport: Clicking on Actor (LMB): StaticMeshActor (sm_clover50)
[2020.01.26-14.32.37:315][ 74]Cmd: CAMERA ALIGN ACTIVEVIEWPORTONLY
[2020.01.26-14.32.57:997][ 83]LogEditorViewport: Clicking on Actor (LMB): StaticMeshActor (sm_clover52)
[2020.01.26-14.32.58:959][183]LogEditorViewport: Clicking on Actor (LMB): StaticMeshActor (SM_Rock3_low2)
[2020.01.26-14.32.59:361][224]LogEditorViewport: Clicking on Actor (LMB): StaticMeshActor (SM_Rock3_low2)
[2020.01.26-14.32.59:772][269]LogEditorViewport: Clicking on Actor (LMB): StaticMeshActor (sm_clover52)
[2020.01.26-14.33.01:718][480]LogEditorViewport: Clicking on Actor (LMB): StaticMeshActor (sm_clover78)
[2020.01.26-14.33.03:517][627]LogEditorViewport: Clicking on Actor (LMB): StaticMeshActor (sm_clover74)
[2020.01.26-14.33.13:516][491]LogEditorViewport: Clicking on Actor (LMB): StaticMeshActor (sm_clover74)
[2020.01.26-14.33.25:410][578]Cmd: SELECT NONE
[2020.01.26-14.33.26:514][684]LogEditorViewport: Clicking on Actor (LMB): StaticMeshActor (sm_clover80)
[2020.01.26-14.33.27:025][716]Cmd: SELECT NONE
[2020.01.26-14.33.28:311][834]LogEditorViewport: Clicking on Actor (LMB): StaticMeshActor (sm_clover80)
[2020.01.26-14.33.30:576][ 41]Cmd: SELECT NONE
[2020.01.26-14.33.36:242][553]LogEditorViewport: Clicking on Actor (LMB): StaticMeshActor (sm_clover73)
[2020.01.26-14.34.00:087][695]Cmd: CAMERA ALIGN ACTIVEVIEWPORTONLY
[2020.01.26-14.34.29:517][287]LogEditorViewport: Clicking on Actor (LMB): StaticMeshActor (SM_Pebble35)
[2020.01.26-14.34.40:926][264]LogSlate: FSceneViewport::OnFocusLost() reason 2
[2020.01.26-14.34.48:286][968]LogEditorViewport: Clicking on Actor (LMB): StaticMeshActor (SM_Rock3_low7)
[2020.01.26-14.34.48:744][ 15]LogEditorViewport: Clicking on Actor (LMB): StaticMeshActor (sm_clover87)
[2020.01.26-14.35.03:865][427]Cmd: SELECT NONE
[2020.01.26-14.35.04:408][491]LogEditorViewport: Clicking on Actor (LMB): StaticMeshActor (sm_clover89)
[2020.01.26-14.35.05:530][606]Cmd: SELECT NONE
[2020.01.26-14.35.08:624][906]LogEditorViewport: Clicking on Actor (LMB): StaticMeshActor (sm_clover89)
[2020.01.26-14.35.40:188][835]Cmd: SELECT NONE
[2020.01.26-14.35.46:761][450]LogEditorViewport: Clicking on Actor (LMB): StaticMeshActor (sm_clover80)
[2020.01.26-14.35.48:641][605]Cmd: SELECT NONE
[2020.01.26-14.35.51:894][898]LogEditorViewport: Clicking on Actor (LMB): StaticMeshActor (SM_grasspath)
[2020.01.26-14.35.53:175][986]Cmd: SELECT NONE
[2020.01.26-14.36.00:848][721]LogEditorViewport: Clicking on Actor (LMB): StaticMeshActor (sm_clover15)
[2020.01.26-14.36.27:044][ 74]Cmd: SELECT NONE
[2020.01.26-14.36.27:982][157]LogEditorViewport: Clicking on Actor (LMB): StaticMeshActor (sm_clover96)
[2020.01.26-14.36.29:842][359]Cmd: SELECT NONE
[2020.01.26-14.36.30:782][471]LogEditorViewport: Clicking on Actor (LMB): StaticMeshActor (sm_grass159)
[2020.01.26-14.36.37:704][ 90]Cmd: SELECT NONE
[2020.01.26-14.36.40:881][398]LogEditorViewport: Clicking on Actor (LMB): StaticMeshActor (sm_grass168)
[2020.01.26-14.37.05:004][463]LogEditorViewport: Clicking on Actor (LMB): StaticMeshActor (Pavilion_base)
[2020.01.26-14.37.05:793][515]Cmd: TRANSACTION UNDO
[2020.01.26-14.37.05:793][515]LogEditorTransaction: Undo Clicking on Actors
[2020.01.26-14.37.07:593][657]Cmd: CAMERA ALIGN ACTIVEVIEWPORTONLY
[2020.01.26-14.37.21:204][845]Cmd: SELECT NONE
[2020.01.26-14.37.22:184][956]LogEditorViewport: Clicking on Actor (LMB): StaticMeshActor (SM_level_top)
[2020.01.26-14.37.22:708][  4]LogEditorViewport: Clicking on Actor (LMB): StaticMeshActor (SM_level_top)
[2020.01.26-14.37.23:203][ 56]LogEditorViewport: Clicking on Actor (LMB): StaticMeshActor (SM_level_top)
[2020.01.26-14.37.23:613][ 98]LogEditorViewport: Clicking on Actor (LMB): StaticMeshActor (SM_level_top)
[2020.01.26-14.37.24:119][154]LogEditorViewport: Clicking on Actor (LMB): StaticMeshActor (sm_grass171)
[2020.01.26-14.37.27:317][478]Cmd: SELECT NONE
[2020.01.26-14.37.28:607][632]LogEditorViewport: Clicking on Actor (LMB): StaticMeshActor (sm_grass171)
[2020.01.26-14.37.32:251][930]Cmd: CAMERA ALIGN ACTIVEVIEWPORTONLY
[2020.01.26-14.37.42:577][896]Cmd: SELECT NONE
[2020.01.26-14.37.43:869][ 47]LogEditorViewport: Clicking on Actor (LMB): StaticMeshActor (SM_level_top)
[2020.01.26-14.37.44:624][126]LogEditorViewport: Clicking on Actor (LMB): StaticMeshActor (sm_grass172)
[2020.01.26-14.37.51:976][858]Cmd: SELECT NONE
[2020.01.26-14.37.53:647][ 17]LogEditorViewport: Clicking on Actor (LMB): StaticMeshActor (sm_grass172)
[2020.01.26-14.38.08:404][283]Cmd: SELECT NONE
[2020.01.26-14.38.12:163][615]LogEditorViewport: Clicking on Actor (LMB): StaticMeshActor (SM_level_top)
[2020.01.26-14.38.12:935][664]LogEditorViewport: Clicking on Actor (LMB): StaticMeshActor (sm_grass171)
[2020.01.26-14.38.17:230][ 41]Cmd: SELECT NONE
[2020.01.26-14.38.18:987][197]LogEditorViewport: Clicking on Actor (LMB): StaticMeshActor (SM_Pebble63)
[2020.01.26-14.38.26:249][762]LogEditorViewport: Clicking on Actor (LMB): StaticMeshActor (SM_Pebble63)
[2020.01.26-14.38.27:314][833]LogEditorViewport: Clicking on Actor (LMB): StaticMeshActor (SM_Pebble63)
[2020.01.26-14.38.34:296][492]Cmd: SELECT NONE
[2020.01.26-14.38.36:744][720]LogEditorViewport: Clicking on Actor (LMB): StaticMeshActor (sm_grass170)
[2020.01.26-14.38.37:437][772]LogEditorViewport: Clicking on Actor (LMB): StaticMeshActor (sm_grass171)
[2020.01.26-14.38.40:788][ 94]LogEditorViewport: Clicking on Actor (LMB): StaticMeshActor (sm_grass170)
[2020.01.26-14.38.41:483][164]LogEditorViewport: Clicking on Actor (LMB): StaticMeshActor (sm_grass170)
[2020.01.26-14.38.41:988][217]LogEditorViewport: Clicking on Actor (LMB): StaticMeshActor (Pavilion_base)
[2020.01.26-14.38.42:613][279]LogEditorViewport: Clicking on Actor (LMB): StaticMeshActor (sm_grass171)
[2020.01.26-14.38.45:597][578]LogEditorViewport: Clicking on Actor (LMB): StaticMeshActor (SM_Pebble86)
[2020.01.26-14.38.48:279][853]LogEditorViewport: Clicking on Actor (LMB): StaticMeshActor (sm_grass170)
[2020.01.26-14.38.49:995][ 19]Cmd: SELECT NONE
[2020.01.26-14.38.52:926][303]LogEditorViewport: Clicking on Actor (LMB): StaticMeshActor (SM_Pebble86)
[2020.01.26-14.38.56:844][654]Cmd: SELECT NONE
[2020.01.26-14.39.06:130][509]LogEditorViewport: Clicking on Actor (LMB): StaticMeshActor (SM_Pebble61)
[2020.01.26-14.39.09:380][774]Cmd: SELECT NONE
[2020.01.26-14.39.12:077][ 31]LogEditorViewport: Clicking on Actor (LMB): StaticMeshActor (SM_Pebble87)
[2020.01.26-14.39.13:022][114]Cmd: DELETE
[2020.01.26-14.39.13:022][114]Cmd: ACTOR DELETE
[2020.01.26-14.39.13:034][114]LogEditorActor: Deleted Actor: StaticMeshActor
[2020.01.26-14.39.13:083][114]LogUObjectHash: Compacting FUObjectHashTables data took   2.04ms
[2020.01.26-14.39.13:084][114]LogEditorActor: Deleted 1 Actors (0.062 secs)
[2020.01.26-14.39.20:020][737]LogEditorViewport: Clicking on Actor (LMB): StaticMeshActor (SM_level_top)
[2020.01.26-14.39.20:481][766]LogEditorViewport: Clicking on Actor (LMB): StaticMeshActor (sm_grass170)
[2020.01.26-14.39.23:907][ 31]Cmd: SELECT NONE
[2020.01.26-14.39.24:595][ 88]LogEditorViewport: Clicking on Actor (LMB): StaticMeshActor (sm_grass176)
[2020.01.26-14.39.29:438][524]Cmd: SELECT NONE
[2020.01.26-14.39.30:214][615]LogEditorViewport: Clicking on Actor (LMB): StaticMeshActor (sm_grass176)
[2020.01.26-14.39.34:280][946]Cmd: SELECT NONE
[2020.01.26-14.40.02:045][816]LogSlate: FSceneViewport::OnFocusLost() reason 0
[2020.01.26-14.40.11:397][873]LogEditorBookmarks: Warning: FBookmarkTypeToolsImpl::JumpToBookmark - Null Bookmark at index 4
[2020.01.26-14.40.11:928][936]LogEditorBookmarks: Warning: FBookmarkTypeToolsImpl::JumpToBookmark - Null Bookmark at index 4
[2020.01.26-14.40.19:883][871]LogSlate: FSceneViewport::OnFocusLost() reason 0
[2020.01.26-14.40.19:973][880]Cmd: OBJ SAVEPACKAGE PACKAGE="/Game/Diorama" FILE="../../../../Art/Park_SFAS/Park/Content/Diorama.umap" SILENT=true AUTOSAVING=false KEEPDIRTY=false
[2020.01.26-14.40.20:021][880]LogUObjectHash: Compacting FUObjectHashTables data took   1.42ms
[2020.01.26-14.40.20:401][880]LogSavePackage: Moving '../../../../Art/Park_SFAS/Park/Saved/DioramaDB1E3F2C4C1B6244B3ED81BC9C26DE61.tmp' to '../../../../Art/Park_SFAS/Park/Content/Diorama.umap'
[2020.01.26-14.40.20:513][880]Cmd: OBJ SAVEPACKAGE PACKAGE="/Game/Diorama_BuiltData" FILE="../../../../Art/Park_SFAS/Park/Content/Diorama_BuiltData.uasset" SILENT=true
[2020.01.26-14.40.20:705][880]LogSavePackage: Moving '../../../../Art/Park_SFAS/Park/Saved/Diorama_BuiltDataDA5A07F746B1DC34EE9641A7E84F908D.tmp' to '../../../../Art/Park_SFAS/Park/Content/Diorama_BuiltData.uasset'
[2020.01.26-14.40.27:775][573]LogSlate: FSceneViewport::OnFocusLost() reason 5
[2020.01.26-14.40.27:945][592]LogSlate: FSceneViewport::OnFocusLost() reason 5
[2020.01.26-14.40.30:062][834]LogSlate: Took 0.004366 seconds to synchronously load lazily loaded font '../../../Engine/Content/Slate/Fonts/Roboto-Regular.ttf' (155K)
[2020.01.26-14.40.30:070][834]LogMaterial: Display: Missing cached shader map for material DebugViewMode ComplexityAccumulate, compiling. Is special engine material.
[2020.01.26-14.40.30:108][835]LogShaderCompilers: Display: Worker (1/13): shaders left to compile 57
[2020.01.26-14.40.30:108][835]LogShaderCompilers: Display: Worker (2/13): shaders left to compile 56
[2020.01.26-14.40.30:108][835]LogShaderCompilers: Display: Worker (3/13): shaders left to compile 55
[2020.01.26-14.40.30:108][835]LogShaderCompilers: Display: Worker (4/13): shaders left to compile 54
[2020.01.26-14.40.30:108][835]LogShaderCompilers: Display: Worker (5/13): shaders left to compile 53
[2020.01.26-14.40.30:108][835]LogShaderCompilers: Display: Worker (6/13): shaders left to compile 52
[2020.01.26-14.40.30:108][835]LogShaderCompilers: Display: Worker (7/13): shaders left to compile 51
[2020.01.26-14.40.30:108][835]LogShaderCompilers: Display: Worker (8/13): shaders left to compile 50
[2020.01.26-14.40.30:108][835]LogShaderCompilers: Display: Worker (9/13): shaders left to compile 49
[2020.01.26-14.40.30:108][835]LogShaderCompilers: Display: Worker (10/13): shaders left to compile 48
[2020.01.26-14.40.30:108][835]LogShaderCompilers: Display: Worker (11/13): shaders left to compile 47
[2020.01.26-14.40.30:108][835]LogShaderCompilers: Display: Worker (12/13): shaders left to compile 46
[2020.01.26-14.40.30:415][856]LogShaderCompilers: Display: Worker (2/13): shaders left to compile 45
[2020.01.26-14.40.30:433][857]LogShaderCompilers: Display: Worker (5/13): shaders left to compile 44
[2020.01.26-14.40.30:438][857]LogShaderCompilers: Display: Worker (3/13): shaders left to compile 43
[2020.01.26-14.40.30:451][858]LogShaderCompilers: Display: Worker (8/13): shaders left to compile 42
[2020.01.26-14.40.30:465][859]LogShaderCompilers: Display: Worker (11/13): shaders left to compile 41
[2020.01.26-14.40.30:511][862]LogShaderCompilers: Display: Worker (12/13): shaders left to compile 40
[2020.01.26-14.40.30:562][865]LogShaderCompilers: Display: Worker (6/13): shaders left to compile 39
[2020.01.26-14.40.30:576][866]LogShaderCompilers: Display: Worker (5/13): shaders left to compile 38
[2020.01.26-14.40.30:591][867]LogShaderCompilers: Display: Worker (9/13): shaders left to compile 37
[2020.01.26-14.40.30:597][867]LogShaderCompilers: Display: Worker (11/13): shaders left to compile 36
[2020.01.26-14.40.30:625][869]LogShaderCompilers: Display: Worker (3/13): shaders left to compile 35
[2020.01.26-14.40.30:722][875]LogShaderCompilers: Display: Worker (5/13): shaders left to compile 34
[2020.01.26-14.40.30:727][875]LogShaderCompilers: Display: Worker (4/13): shaders left to compile 33
[2020.01.26-14.40.30:739][876]LogShaderCompilers: Display: Worker (1/13): shaders left to compile 32
[2020.01.26-14.40.30:756][877]LogShaderCompilers: Display: Worker (7/13): shaders left to compile 31
[2020.01.26-14.40.30:759][877]LogShaderCompilers: Display: Worker (10/13): shaders left to compile 30
[2020.01.26-14.40.30:772][878]LogShaderCompilers: Display: Worker (3/13): shaders left to compile 29
[2020.01.26-14.40.30:787][879]LogShaderCompilers: Display: Worker (12/13): shaders left to compile 28
[2020.01.26-14.40.30:833][882]LogShaderCompilers: Display: Worker (9/13): shaders left to compile 27
[2020.01.26-14.40.30:887][885]LogShaderCompilers: Display: Worker (8/13): shaders left to compile 26
[2020.01.26-14.40.30:888][885]LogShaderCompilers: Display: Worker (1/13): shaders left to compile 25
[2020.01.26-14.40.30:906][886]LogShaderCompilers: Display: Worker (2/13): shaders left to compile 24
[2020.01.26-14.40.30:912][886]LogShaderCompilers: Display: Worker (3/13): shaders left to compile 23
[2020.01.26-14.40.31:013][892]LogShaderCompilers: Display: Worker (12/13): shaders left to compile 22
[2020.01.26-14.40.31:018][892]LogShaderCompilers: Display: Worker (8/13): shaders left to compile 21
[2020.01.26-14.40.31:030][893]LogShaderCompilers: Display: Worker (6/13): shaders left to compile 20
[2020.01.26-14.40.31:046][894]LogShaderCompilers: Display: Worker (11/13): shaders left to compile 19
[2020.01.26-14.40.31:062][895]LogShaderCompilers: Display: Worker (3/13): shaders left to compile 18
[2020.01.26-14.40.31:062][895]LogShaderCompilers: Display: Worker (5/13): shaders left to compile 17
[2020.01.26-14.40.31:098][896]LogShaderCompilers: Display: Worker (1/13): shaders left to compile 16
[2020.01.26-14.40.31:107][896]LogShaderCompilers: Display: Worker (7/13): shaders left to compile 15
[2020.01.26-14.40.31:171][899]LogShaderCompilers: Display: Worker (4/13): shaders left to compile 14
[2020.01.26-14.40.31:178][899]LogShaderCompilers: Display: Worker (6/13): shaders left to compile 13
[2020.01.26-14.40.31:198][900]LogShaderCompilers: Display: Worker (5/13): shaders left to compile 12
[2020.01.26-14.40.31:223][901]LogShaderCompilers: Display: Worker (10/13): shaders left to compile 11
[2020.01.26-14.40.31:223][901]LogShaderCompilers: Display: Worker (12/13): shaders left to compile 10
[2020.01.26-14.40.31:246][902]LogShaderCompilers: Display: Worker (11/13): shaders left to compile 9
[2020.01.26-14.40.31:253][902]LogShaderCompilers: Display: Worker (9/13): shaders left to compile 8
[2020.01.26-14.40.31:305][904]LogShaderCompilers: Display: Worker (1/13): shaders left to compile 7
[2020.01.26-14.40.31:320][905]LogShaderCompilers: Display: Worker (4/13): shaders left to compile 6
[2020.01.26-14.40.31:350][906]LogShaderCompilers: Display: Worker (10/13): shaders left to compile 5
[2020.01.26-14.40.31:367][907]LogShaderCompilers: Display: Worker (2/13): shaders left to compile 4
[2020.01.26-14.40.31:371][907]LogShaderCompilers: Display: Worker (6/13): shaders left to compile 3
[2020.01.26-14.40.31:389][908]LogShaderCompilers: Display: Worker (9/13): shaders left to compile 2
[2020.01.26-14.40.31:462][911]LogShaderCompilers: Display: Worker (8/13): shaders left to compile 1
[2020.01.26-14.40.37:910][468]LogSlate: FSceneViewport::OnFocusLost() reason 5
[2020.01.26-14.41.46:509][601]LogEditorViewport: Clicking on Actor (LMB): StaticMeshActor (sm_clover31)
[2020.01.26-14.41.46:712][620]Cmd: CAMERA ALIGN ACTIVEVIEWPORTONLY
[2020.01.26-14.42.13:175][159]Cmd: SELECT NONE
[2020.01.26-14.50.07:978][413]LogSlate: FSceneViewport::OnFocusLost() reason 0
[2020.01.26-14.50.08:255][413]LogSlate: Window 'T_Gravel_normal' being destroyed
[2020.01.26-14.50.08:260][413]LogSlate: Window 'T_Gravel_normal' being destroyed
[2020.01.26-14.50.32:422][997]LogUObjectHash: Compacting FUObjectHashTables data took   2.19ms
[2020.01.26-14.50.32:423][997]Cmd: OBJ SAVEPACKAGE PACKAGE="/Game/Diorama" FILE="../../../../Art/Park_SFAS/Park/Saved/Autosaves/Game/Diorama_Auto6.umap" SILENT=true AUTOSAVING=true KEEPDIRTY=false
[2020.01.26-14.50.32:780][997]LogSavePackage: Moving '../../../../Art/Park_SFAS/Park/Saved/Diorama_Auto685E241F9451559753C0A55847945061E.tmp' to '../../../../Art/Park_SFAS/Park/Saved/Autosaves/Game/Diorama_Auto6.umap'
[2020.01.26-14.50.32:783][997]LogFileHelpers: Editor autosave (incl. sublevels) for '/Game/Diorama' took 0.398
[2020.01.26-14.50.32:783][997]LogFileHelpers: Editor autosave (incl. sublevels) for all levels took 0.398
[2020.01.26-15.02.44:817][318]LogEditorViewport: Clicking on Actor (LMB): StaticMeshActor (SM_tree)
[2020.01.26-15.02.46:270][485]LogSlate: FSceneViewport::OnFocusLost() reason 0
[2020.01.26-15.02.59:535][983]LogSlate: FSceneViewport::OnFocusLost() reason 0
[2020.01.26-15.03.02:207][256]LogEditorFactories: Performing atomic reimport of [D:/Art/Park_SFAS/Models/tree_low.OBJ]
[2020.01.26-15.03.02:241][256]LogFbx: Loading FBX Scene from D:/Art/Park_SFAS/Models/tree_low.OBJ
[2020.01.26-15.03.02:729][256]LogFbx: FBX Scene Loaded Succesfully
[2020.01.26-15.03.02:960][256]LogFbx: Display: Triangulating static mesh polySurface1723
[2020.01.26-15.03.03:252][256]LogStaticMesh: Building static mesh SM_tree...
[2020.01.26-15.03.03:710][256]LogStaticMesh: Built static mesh [0.46s] /Game/Meshes/SM_tree.SM_tree
[2020.01.26-15.03.03:899][256]LogEditorFactories: -- imported successfully
[2020.01.26-15.03.03:914][256]FBXImport: Warning: No smoothing group information was found in this FBX scene.  Please make sure to enable the 'Export Smoothing Groups' option in the FBX Exporter plug-in before exporting the file.  Even for tools that don't support smoothing groups, the FBX Exporter will generate appropriate smoothing data at export-time so that correct vertex normals can be inferred while importing. 
[2020.01.26-15.03.05:330][385]Cmd: CAMERA ALIGN ACTIVEVIEWPORTONLY
[2020.01.26-15.03.06:378][482]Cmd: SELECT NONE
[2020.01.26-15.04.01:271][968]LogUObjectHash: Compacting FUObjectHashTables data took   2.02ms
[2020.01.26-15.04.01:272][968]Cmd: OBJ SAVEPACKAGE PACKAGE="/Game/Diorama" FILE="../../../../Art/Park_SFAS/Park/Saved/Autosaves/Game/Diorama_Auto7.umap" SILENT=true AUTOSAVING=true KEEPDIRTY=false
[2020.01.26-15.04.01:695][968]LogSavePackage: Moving '../../../../Art/Park_SFAS/Park/Saved/Diorama_Auto77AB5DABF43801275AC3D11B823918379.tmp' to '../../../../Art/Park_SFAS/Park/Saved/Autosaves/Game/Diorama_Auto7.umap'
[2020.01.26-15.04.01:699][968]LogFileHelpers: Editor autosave (incl. sublevels) for '/Game/Diorama' took 0.466
[2020.01.26-15.04.01:699][968]LogFileHelpers: Editor autosave (incl. sublevels) for all levels took 0.466
[2020.01.26-15.04.01:701][968]OBJ SavePackage: Generating thumbnails for [1] asset(s) in package [/Game/Meshes/SM_tree] ([1] browsable assets)...
[2020.01.26-15.04.01:709][968]OBJ SavePackage:     Rendered thumbnail for [StaticMesh /Game/Meshes/SM_tree.SM_tree]
[2020.01.26-15.04.01:709][968]OBJ SavePackage: Finished generating thumbnails for package [/Game/Meshes/SM_tree]
[2020.01.26-15.04.01:709][968]Cmd: OBJ SAVEPACKAGE PACKAGE="/Game/Meshes/SM_tree" FILE="../../../../Art/Park_SFAS/Park/Saved/Autosaves/Game/Meshes/SM_tree_Auto7.uasset" SILENT=false AUTOSAVING=true
[2020.01.26-15.04.01:768][968]LogSavePackage: Moving '../../../../Art/Park_SFAS/Park/Saved/SM_tree_Auto7D89E7E3C4800CE8817E5F5A6FFB2879E.tmp' to '../../../../Art/Park_SFAS/Park/Saved/Autosaves/Game/Meshes/SM_tree_Auto7.uasset'
[2020.01.26-15.04.01:769][968]LogFileHelpers: Auto-saving content packages took 0.069
[2020.01.26-15.04.45:290][100]LogSlate: FSceneViewport::OnFocusLost() reason 5
[2020.01.26-15.09.07:323][733]LogSlate: FSceneViewport::OnFocusLost() reason 5
[2020.01.26-15.34.36:512][853]LogSlate: FSceneViewport::OnFocusLost() reason 5
[2020.01.26-15.34.38:806][102]LogEditorFactories: Performing atomic reimport of [D:/Art/Park_SFAS/Models/tree_low.OBJ]
[2020.01.26-15.34.38:840][102]LogFbx: Loading FBX Scene from D:/Art/Park_SFAS/Models/tree_low.OBJ
[2020.01.26-15.34.39:472][102]LogFbx: FBX Scene Loaded Succesfully
[2020.01.26-15.34.39:592][102]LogFbx: Display: Triangulating static mesh polySurface1670
[2020.01.26-15.34.40:347][102]LogStaticMesh: Building static mesh SM_tree...
[2020.01.26-15.34.41:025][102]LogStaticMesh: Built static mesh [0.68s] /Game/Meshes/SM_tree.SM_tree
[2020.01.26-15.34.41:253][102]LogEditorFactories: -- imported successfully
[2020.01.26-15.34.41:271][102]FBXImport: Warning: No smoothing group information was found in this FBX scene.  Please make sure to enable the 'Export Smoothing Groups' option in the FBX Exporter plug-in before exporting the file.  Even for tools that don't support smoothing groups, the FBX Exporter will generate appropriate smoothing data at export-time so that correct vertex normals can be inferred while importing. 
[2020.01.26-15.34.44:078][422]Cmd: SELECT NONE
[2020.01.26-15.34.49:561][ 76]LogSlate: FSceneViewport::OnFocusLost() reason 0
[2020.01.26-15.34.56:197][856]LogEditorViewport: Clicking on Actor (LMB): StaticMeshActor (SM_tree)
[2020.01.26-15.34.56:363][871]Cmd: CAMERA ALIGN ACTIVEVIEWPORTONLY
[2020.01.26-15.34.57:311][967]Cmd: SELECT NONE
[2020.01.26-15.35.33:930][733]LogUObjectHash: Compacting FUObjectHashTables data took   2.06ms
[2020.01.26-15.35.33:931][733]Cmd: OBJ SAVEPACKAGE PACKAGE="/Game/Diorama" FILE="../../../../Art/Park_SFAS/Park/Saved/Autosaves/Game/Diorama_Auto8.umap" SILENT=true AUTOSAVING=true KEEPDIRTY=false
[2020.01.26-15.35.34:302][733]LogSavePackage: Moving '../../../../Art/Park_SFAS/Park/Saved/Diorama_Auto88177E3B64478F86187C97DBF48D7388D.tmp' to '../../../../Art/Park_SFAS/Park/Saved/Autosaves/Game/Diorama_Auto8.umap'
[2020.01.26-15.35.34:364][733]LogFileHelpers: Editor autosave (incl. sublevels) for '/Game/Diorama' took 0.472
[2020.01.26-15.35.34:364][733]LogFileHelpers: Editor autosave (incl. sublevels) for all levels took 0.472
[2020.01.26-15.35.34:365][733]OBJ SavePackage: Generating thumbnails for [1] asset(s) in package [/Game/Meshes/SM_tree] ([1] browsable assets)...
[2020.01.26-15.35.34:374][733]OBJ SavePackage:     Rendered thumbnail for [StaticMesh /Game/Meshes/SM_tree.SM_tree]
[2020.01.26-15.35.34:374][733]OBJ SavePackage: Finished generating thumbnails for package [/Game/Meshes/SM_tree]
[2020.01.26-15.35.34:374][733]Cmd: OBJ SAVEPACKAGE PACKAGE="/Game/Meshes/SM_tree" FILE="../../../../Art/Park_SFAS/Park/Saved/Autosaves/Game/Meshes/SM_tree_Auto8.uasset" SILENT=false AUTOSAVING=true
[2020.01.26-15.35.34:434][733]LogSavePackage: Moving '../../../../Art/Park_SFAS/Park/Saved/SM_tree_Auto89C4721CE4B695219F8315A9018DFA9E2.tmp' to '../../../../Art/Park_SFAS/Park/Saved/Autosaves/Game/Meshes/SM_tree_Auto8.uasset'
[2020.01.26-15.35.34:435][733]LogFileHelpers: Auto-saving content packages took 0.070
[2020.01.26-15.36.11:117][844]LogSlate: FSceneViewport::OnFocusLost() reason 5
[2020.01.26-15.36.13:208][ 83]LogEditorFactories: Performing atomic reimport of [D:/Art/Park_SFAS/Models/tree_low.OBJ]
[2020.01.26-15.36.13:242][ 83]LogFbx: Loading FBX Scene from D:/Art/Park_SFAS/Models/tree_low.OBJ
[2020.01.26-15.36.13:928][ 83]LogFbx: FBX Scene Loaded Succesfully
[2020.01.26-15.36.14:065][ 83]LogFbx: Display: Triangulating static mesh polySurface1675
[2020.01.26-15.36.14:792][ 83]LogStaticMesh: Building static mesh SM_tree...
[2020.01.26-15.36.15:427][ 83]LogStaticMesh: Built static mesh [0.64s] /Game/Meshes/SM_tree.SM_tree
[2020.01.26-15.36.15:657][ 83]LogEditorFactories: -- imported successfully
[2020.01.26-15.36.15:675][ 83]FBXImport: Warning: No smoothing group information was found in this FBX scene.  Please make sure to enable the 'Export Smoothing Groups' option in the FBX Exporter plug-in before exporting the file.  Even for tools that don't support smoothing groups, the FBX Exporter will generate appropriate smoothing data at export-time so that correct vertex normals can be inferred while importing. 
[2020.01.26-15.39.39:409][422]LogEditorViewport: Clicking on Actor (LMB): StaticMeshActor (sm_clover31)
[2020.01.26-15.39.40:931][598]Cmd: CAMERA ALIGN ACTIVEVIEWPORTONLY
[2020.01.26-15.39.43:481][898]LogEditorViewport: Clicking on Actor (LMB): BP_Sky_Sphere_C (BP_Sky_Sphere)
[2020.01.26-15.40.36:091][625]LogEditorViewport: Clicking on Actor (LMB): StaticMeshActor (SM_Pebble69)
[2020.01.26-15.40.36:150][627]LogEditorViewport: Clicking on Component (LMB): StaticMeshComponent (StaticMeshComponent0)
[2020.01.26-15.40.48:322][924]LogEditorViewport: Clicking on Actor (LMB): StaticMeshActor (SM_tree)
[2020.01.26-15.41.22:785][780]LogEditorViewport: Clicking on Actor (LMB): BP_Sky_Sphere_C (BP_Sky_Sphere)
[2020.01.26-15.41.25:175][ 55]LogEditorViewport: Clicking on Actor (context menu): StaticMeshActor (SM_tree)
[2020.01.26-15.41.25:210][ 55]LogSlate: FSceneViewport::OnFocusLost() reason 5
[2020.01.26-15.41.27:908][366]LogEditorViewport: Clicking on Actor (LMB): BP_Sky_Sphere_C (BP_Sky_Sphere)
[2020.01.26-15.41.31:753][812]LogSlate: FSceneViewport::OnFocusLost() reason 0
[2020.01.26-15.41.39:149][602]LogAssetEditorManager: Opening Asset editor for Texture2D /Game/Textures/T_foliage_Plane_low_defaultMat_BaseColor.T_foliage_Plane_low_defaultMat_BaseColor
[2020.01.26-15.42.10:685][343]LogSlate: FSceneViewport::OnFocusLost() reason 0
[2020.01.26-15.42.13:834][587]Cmd: SELECT NONE
[2020.01.26-15.43.07:087][954]LogSlate: FSceneViewport::OnFocusLost() reason 0
[2020.01.26-15.43.09:894][280]LogSlate: FSceneViewport::OnFocusLost() reason 0
[2020.01.26-15.46.41:080][330]LogEditorViewport: Clicking on Actor (context menu): BP_Sky_Sphere_C (BP_Sky_Sphere)
[2020.01.26-15.46.41:112][330]LogSlate: FSceneViewport::OnFocusLost() reason 5
[2020.01.26-15.46.42:999][547]LogEditorViewport: Clicking on Actor (context menu): BP_Sky_Sphere_C (BP_Sky_Sphere)
[2020.01.26-15.46.43:019][547]LogSlate: FSceneViewport::OnFocusLost() reason 5
[2020.01.26-15.46.49:506][146]Cmd: SELECT NONE
[2020.01.26-15.47.19:741][944]LogUObjectHash: Compacting FUObjectHashTables data took   2.05ms
[2020.01.26-15.47.19:742][944]Cmd: OBJ SAVEPACKAGE PACKAGE="/Game/Diorama" FILE="../../../../Art/Park_SFAS/Park/Saved/Autosaves/Game/Diorama_Auto9.umap" SILENT=true AUTOSAVING=true KEEPDIRTY=false
[2020.01.26-15.47.20:131][944]LogSavePackage: Moving '../../../../Art/Park_SFAS/Park/Saved/Diorama_Auto99014D789409C759879DA8992206EDDDD.tmp' to '../../../../Art/Park_SFAS/Park/Saved/Autosaves/Game/Diorama_Auto9.umap'
[2020.01.26-15.47.20:349][944]LogFileHelpers: Editor autosave (incl. sublevels) for '/Game/Diorama' took 0.647
[2020.01.26-15.47.20:349][944]LogFileHelpers: Editor autosave (incl. sublevels) for all levels took 0.647
[2020.01.26-15.47.20:350][944]OBJ SavePackage: Generating thumbnails for [1] asset(s) in package [/Game/Meshes/SM_tree] ([1] browsable assets)...
[2020.01.26-15.47.20:358][944]OBJ SavePackage:     Rendered thumbnail for [StaticMesh /Game/Meshes/SM_tree.SM_tree]
[2020.01.26-15.47.20:358][944]OBJ SavePackage: Finished generating thumbnails for package [/Game/Meshes/SM_tree]
[2020.01.26-15.47.20:358][944]Cmd: OBJ SAVEPACKAGE PACKAGE="/Game/Meshes/SM_tree" FILE="../../../../Art/Park_SFAS/Park/Saved/Autosaves/Game/Meshes/SM_tree_Auto9.uasset" SILENT=false AUTOSAVING=true
[2020.01.26-15.47.20:420][944]LogSavePackage: Moving '../../../../Art/Park_SFAS/Park/Saved/SM_tree_Auto9BC9843F74329688E79FCE4AD1CA70F10.tmp' to '../../../../Art/Park_SFAS/Park/Saved/Autosaves/Game/Meshes/SM_tree_Auto9.uasset'
[2020.01.26-15.47.20:421][944]LogFileHelpers: Auto-saving content packages took 0.071
[2020.01.26-15.47.21:782][949]LogEditorViewport: Clicking on Actor (LMB): StaticMeshActor (SM_Path)
[2020.01.26-15.47.22:433][ 19]Cmd: CAMERA ALIGN ACTIVEVIEWPORTONLY
[2020.01.26-15.47.26:296][342]LogEditorViewport: Clicking on Actor (LMB): StaticMeshActor (Pavilion_base)
[2020.01.26-15.47.28:143][476]LogEditorViewport: Clicking on Actor (LMB): StaticMeshActor (SM_Path)
[2020.01.26-15.47.28:916][533]Cmd: SELECT NONE
[2020.01.26-15.48.29:664][555]LogSlate: FSceneViewport::OnFocusLost() reason 0
[2020.01.26-15.49.30:088][509]LogEditorViewport: Clicking on Actor (LMB): StaticMeshActor (sm_grass173)
[2020.01.26-15.49.30:719][566]Cmd: SELECT NONE
[2020.01.26-15.49.32:207][724]LogSlate: FSceneViewport::OnFocusLost() reason 0
[2020.01.26-15.54.04:020][535]LogSlate: FSceneViewport::OnFocusLost() reason 0
[2020.01.26-15.54.17:507][942]LogSlate: FSceneViewport::OnFocusLost() reason 0
[2020.01.26-15.54.29:881][290]LogSlate: FSceneViewport::OnFocusLost() reason 0
[2020.01.26-15.54.29:973][301]LogSlate: Window 'Color Picker' being destroyed
[2020.01.26-15.54.49:538][137]LogSlate: FSceneViewport::OnFocusLost() reason 0
[2020.01.26-15.55.00:546][191]LogSlate: FSceneViewport::OnFocusLost() reason 0
[2020.01.26-15.55.25:375][650]LogSlate: FSceneViewport::OnFocusLost() reason 0
[2020.01.26-15.55.34:812][759]Cmd: DELETE
[2020.01.26-15.55.34:812][759]Cmd: ACTOR DELETE
[2020.01.26-15.55.34:823][759]LogEditorActor: Deleted Actor: SpotLight
[2020.01.26-15.55.34:860][759]LogUObjectHash: Compacting FUObjectHashTables data took   1.96ms
[2020.01.26-15.55.34:861][759]LogEditorActor: Deleted 1 Actors (0.048 secs)
[2020.01.26-15.56.04:410][384]LogSlate: FSceneViewport::OnFocusLost() reason 0
[2020.01.26-15.56.15:727][369]LogSlate: FSceneViewport::OnFocusLost() reason 5
[2020.01.26-15.56.28:442][583]LogSlate: FSceneViewport::OnFocusLost() reason 0
[2020.01.26-15.56.35:528][345]LogSlate: Window 'Color Picker' being destroyed
[2020.01.26-15.56.47:308][438]Cmd: SELECT NONE
[2020.01.26-15.56.49:190][604]LogEditorViewport: Clicking on Actor (LMB): RectLight (RectLight)
[2020.01.26-15.56.51:542][864]LogSlate: FSceneViewport::OnFocusLost() reason 0
[2020.01.26-15.57.19:555][647]Cmd: SELECT NONE
[2020.01.26-15.57.21:168][838]LogEditorViewport: Clicking on Actor (context menu): BP_Sky_Sphere_C (BP_Sky_Sphere)
[2020.01.26-15.57.21:199][838]LogSlate: FSceneViewport::OnFocusLost() reason 5
[2020.01.26-15.57.25:833][219]Cmd: SELECT NONE
[2020.01.26-15.57.51:891][514]LogUObjectHash: Compacting FUObjectHashTables data took   1.65ms
[2020.01.26-15.57.51:891][514]Cmd: OBJ SAVEPACKAGE PACKAGE="/Game/Diorama" FILE="../../../../Art/Park_SFAS/Park/Saved/Autosaves/Game/Diorama_Auto0.umap" SILENT=true AUTOSAVING=true KEEPDIRTY=false
[2020.01.26-15.57.52:257][514]LogSavePackage: Moving '../../../../Art/Park_SFAS/Park/Saved/Diorama_Auto09F59DD0048FD1BDAD0C720A3A4D5DA1D.tmp' to '../../../../Art/Park_SFAS/Park/Saved/Autosaves/Game/Diorama_Auto0.umap'
[2020.01.26-15.57.52:261][514]LogFileHelpers: Editor autosave (incl. sublevels) for '/Game/Diorama' took 0.406
[2020.01.26-15.57.52:261][514]LogFileHelpers: Editor autosave (incl. sublevels) for all levels took 0.406
[2020.01.26-16.03.06:638][890]LogEditorViewport: Clicking on Actor (LMB): StaticMeshActor (sm_grass173)
[2020.01.26-16.03.14:214][679]Cmd: CAMERA ALIGN ACTIVEVIEWPORTONLY
[2020.01.26-16.03.51:056][364]LogEditorViewport: Clicking on Actor (LMB): StaticMeshActor (SM_Pebble68)
[2020.01.26-16.03.53:037][531]LogEditorViewport: Clicking on Actor (LMB): StaticMeshActor (sm_grass160)
[2020.01.26-16.04.17:949][950]LogEditorViewport: Clicking on Actor (LMB): StaticMeshActor (SM_level_lower)
[2020.01.26-16.04.18:596][ 21]LogEditorViewport: Clicking on Actor (LMB): StaticMeshActor (sm_grass183)
[2020.01.26-16.04.27:546][857]Cmd: SELECT NONE
[2020.01.26-16.04.29:295][ 11]LogEditorViewport: Clicking on Actor (LMB): StaticMeshActor (sm_grass184)
[2020.01.26-16.04.52:841][345]Cmd: SELECT NONE
[2020.01.26-16.04.56:945][787]LogEditorViewport: Clicking on Actor (LMB): StaticMeshActor (SM_Pebble68)
[2020.01.26-16.05.06:319][670]LogSlate: FSceneViewport::OnFocusLost() reason 2
[2020.01.26-16.05.09:165][962]Cmd: SELECT NONE
[2020.01.26-16.05.11:315][194]LogEditorViewport: Clicking on Actor (LMB): StaticMeshActor (sm_grass179)
[2020.01.26-16.05.34:318][373]LogEditorViewport: Clicking on Actor (LMB): StaticMeshActor (SM_Pebble68)
[2020.01.26-16.05.34:590][391]Cmd: SELECT NONE
[2020.01.26-16.05.35:229][460]LogEditorViewport: Clicking on Actor (LMB): StaticMeshActor (SM_Pebble68)
[2020.01.26-16.05.41:704][ 88]Cmd: CAMERA ALIGN ACTIVEVIEWPORTONLY
[2020.01.26-16.05.49:969][911]LogSlate: FSceneViewport::OnFocusLost() reason 2
[2020.01.26-16.05.55:651][490]LogSlate: FSceneViewport::OnFocusLost() reason 2
[2020.01.26-16.06.05:006][400]LogEditorViewport: Clicking on Actor (LMB): StaticMeshActor (SM_Wall_mid)
[2020.01.26-16.06.06:041][505]LogEditorViewport: Clicking on Actor (LMB): StaticMeshActor (SM_Pebble91)
[2020.01.26-16.06.09:057][813]LogSlate: FSceneViewport::OnFocusLost() reason 0
[2020.01.26-16.06.15:366][458]LogSlate: FSceneViewport::OnFocusLost() reason 0
[2020.01.26-16.06.22:150][143]Cmd: CAMERA ALIGN ACTIVEVIEWPORTONLY
[2020.01.26-16.06.28:276][748]LogSlate: FSceneViewport::OnFocusLost() reason 2
[2020.01.26-16.06.34:542][405]Cmd: SELECT NONE
[2020.01.26-16.06.39:317][913]LogEditorViewport: Clicking on Actor (LMB): StaticMeshActor (SM_Pebble94)
[2020.01.26-16.06.41:923][166]LogEditorViewport: Clicking on Actor (LMB): StaticMeshActor (SM_Pebble91)
[2020.01.26-16.06.43:154][281]Cmd: TRANSACTION UNDO
[2020.01.26-16.06.43:154][281]LogEditorTransaction: Undo Clicking on Actors
[2020.01.26-16.06.45:844][556]Cmd: TRANSACTION UNDO
[2020.01.26-16.06.45:845][556]LogEditorTransaction: Undo Move Actors
[2020.01.26-16.06.49:162][915]LogEditorViewport: Clicking on Actor (LMB): StaticMeshActor (SM_Pebble95)
[2020.01.26-16.06.50:092][ 10]LogSlate: FSceneViewport::OnFocusLost() reason 2
[2020.01.26-16.06.58:541][838]LogEditorViewport: Clicking on Actor (LMB): StaticMeshActor (SM_Pebble96)
[2020.01.26-16.07.09:578][914]LogEditorViewport: Clicking on Actor (LMB): StaticMeshActor (SM_Pebble86)
[2020.01.26-16.07.23:740][224]Cmd: SELECT NONE
[2020.01.26-16.07.24:563][322]LogEditorViewport: Clicking on Actor (LMB): StaticMeshActor (SM_Pebble97)
[2020.01.26-16.07.29:964][869]LogSlate: FSceneViewport::OnFocusLost() reason 2
[2020.01.26-16.07.42:367][ 35]LogSlate: FSceneViewport::OnFocusLost() reason 2
[2020.01.26-16.07.51:912][940]LogEditorViewport: Clicking on Actor (LMB): StaticMeshActor (SM_level_top)
[2020.01.26-16.07.52:332][966]LogEditorViewport: Clicking on Actor (LMB): StaticMeshActor (SM_Pebble99)
[2020.01.26-16.08.11:716][822]LogSlate: FSceneViewport::OnFocusLost() reason 2
[2020.01.26-16.08.27:459][400]Cmd: SELECT NONE
[2020.01.26-16.08.30:992][768]LogEditorViewport: Clicking on Actor (LMB): StaticMeshActor (SM_Pebble86)
[2020.01.26-16.08.32:350][889]Cmd: SELECT NONE
[2020.01.26-16.08.33:045][972]LogEditorViewport: Clicking on Actor (LMB): StaticMeshActor (SM_Pebble97)
[2020.01.26-16.08.37:743][460]Cmd: SELECT NONE
[2020.01.26-16.08.41:036][810]LogEditorViewport: Clicking on Actor (LMB): StaticMeshActor (SM_Pebble86)
[2020.01.26-16.08.49:286][603]Cmd: SELECT NONE
[2020.01.26-16.08.52:257][928]LogEditorViewport: Clicking on Actor (LMB): StaticMeshActor (SM_Pebble97)
[2020.01.26-16.08.59:432][618]LogEditorViewport: Clicking on Actor (LMB): StaticMeshActor (SM_Pebble86)
[2020.01.26-16.09.00:320][718]LogEditorViewport: Clicking on Actor (LMB): StaticMeshActor (SM_Pebble97)
[2020.01.26-16.09.01:373][828]LogSlate: FSceneViewport::OnFocusLost() reason 2
[2020.01.26-16.09.06:898][403]Cmd: SELECT NONE
[2020.01.26-16.09.11:636][911]LogEditorViewport: Clicking on Actor (LMB): StaticMeshActor (SM_Pebble97)
[2020.01.26-16.09.13:096][ 50]Cmd: SELECT NONE
[2020.01.26-16.09.17:247][481]LogEditorViewport: Clicking on Actor (LMB): StaticMeshActor (SM_Pebble104)
[2020.01.26-16.09.20:274][726]Cmd: SELECT NONE
[2020.01.26-16.09.22:503][936]LogEditorViewport: Clicking on Actor (LMB): StaticMeshActor (SM_Pebble101)
[2020.01.26-16.09.22:810][955]LogEditorViewport: Clicking on Actor (LMB): StaticMeshActor (SM_Pebble99)
[2020.01.26-16.09.27:143][415]Cmd: SELECT NONE
[2020.01.26-16.09.27:559][464]LogEditorViewport: Clicking on Actor (LMB): StaticMeshActor (SM_Pebble101)
[2020.01.26-16.09.28:697][592]LogEditorViewport: Clicking on Actor (LMB): StaticMeshActor (SM_level_top)
[2020.01.26-16.09.29:130][639]LogEditorViewport: Clicking on Actor (LMB): StaticMeshActor (SM_Pebble98)
[2020.01.26-16.09.37:389][527]LogSlate: FSceneViewport::OnFocusLost() reason 2
[2020.01.26-16.09.41:570][931]LogEditorViewport: Clicking on Actor (LMB): StaticMeshActor (SM_Pebble68)
[2020.01.26-16.09.44:390][164]LogEditorViewport: Clicking on Actor (LMB): StaticMeshActor (SM_Pebble81)
[2020.01.26-16.09.50:128][733]Cmd: SELECT NONE
[2020.01.26-16.09.50:926][828]LogEditorViewport: Clicking on Actor (LMB): StaticMeshActor (SM_Pebble106)
[2020.01.26-16.09.52:911][ 47]LogSlate: FSceneViewport::OnFocusLost() reason 2
[2020.01.26-16.10.10:502][887]LogSlate: FSceneViewport::OnFocusLost() reason 0
[2020.01.26-16.10.18:941][669]Cmd: SELECT NONE
[2020.01.26-16.10.25:773][382]LogEditorViewport: Clicking on Actor (context menu): StaticMeshActor (bush_low2)
[2020.01.26-16.10.25:809][382]LogSlate: FSceneViewport::OnFocusLost() reason 5
[2020.01.26-16.10.26:580][467]LogEditorViewport: Clicking on Actor (LMB): StaticMeshActor (bush_low2)
[2020.01.26-16.10.31:949][883]Cmd: SELECT NONE
[2020.01.26-16.10.33:902][ 91]LogEditorViewport: Clicking on Actor (LMB): StaticMeshActor (bush_low2)
[2020.01.26-16.10.35:991][314]Cmd: SELECT NONE
[2020.01.26-16.10.36:687][397]LogEditorViewport: Clicking on Actor (LMB): StaticMeshActor (bush_low2)
[2020.01.26-16.10.40:425][783]Cmd: SELECT NONE
[2020.01.26-16.10.41:791][934]LogEditorViewport: Clicking on Actor (LMB): StaticMeshActor (bush_low2)
[2020.01.26-16.10.42:379][975]Cmd: SELECT NONE
[2020.01.26-16.10.48:982][654]LogEditorViewport: Clicking on Actor (LMB): StaticMeshActor (sm_clover41)
[2020.01.26-16.10.49:588][700]LogEditorViewport: Clicking on Actor (LMB): StaticMeshActor (sm_clover46)
[2020.01.26-16.11.13:337][994]Cmd: SELECT NONE
[2020.01.26-16.11.14:806][138]LogEditorViewport: Clicking on Actor (LMB): StaticMeshActor (sm_clover103)
[2020.01.26-16.11.15:350][179]LogEditorViewport: Clicking on Actor (LMB): StaticMeshActor (sm_clover101)
[2020.01.26-16.11.24:049][ 22]Cmd: SELECT NONE
[2020.01.26-16.11.27:158][339]LogEditorViewport: Clicking on Actor (LMB): StaticMeshActor (sm_grass180)
[2020.01.26-16.11.35:836][217]Cmd: SELECT NONE
[2020.01.26-16.11.37:166][352]LogEditorViewport: Clicking on Actor (LMB): StaticMeshActor (sm_grass192)
[2020.01.26-16.11.38:738][486]Cmd: SELECT NONE
[2020.01.26-16.11.41:817][810]LogEditorViewport: Clicking on Actor (LMB): StaticMeshActor (sm_clover101)
[2020.01.26-16.11.50:082][618]Cmd: SELECT NONE
[2020.01.26-16.11.50:593][678]LogEditorViewport: Clicking on Actor (LMB): StaticMeshActor (SM_level_lower)
[2020.01.26-16.11.50:986][719]LogEditorViewport: Clicking on Actor (LMB): StaticMeshActor (sm_clover105)
[2020.01.26-16.11.52:058][834]Cmd: SELECT NONE
[2020.01.26-16.11.52:538][891]LogEditorViewport: Clicking on Actor (LMB): StaticMeshActor (sm_clover105)
[2020.01.26-16.11.55:517][195]Cmd: SELECT NONE
[2020.01.26-16.11.56:036][256]LogEditorViewport: Clicking on Actor (LMB): StaticMeshActor (sm_clover105)
[2020.01.26-16.12.03:784][ 29]Cmd: SELECT NONE
[2020.01.26-16.12.06:573][307]LogEditorViewport: Clicking on Actor (LMB): StaticMeshActor (sm_clover104)
[2020.01.26-16.12.11:294][779]Cmd: SELECT NONE
[2020.01.26-16.12.11:763][833]LogEditorViewport: Clicking on Actor (LMB): StaticMeshActor (sm_clover107)
[2020.01.26-16.12.17:000][343]Cmd: SELECT NONE
[2020.01.26-16.12.19:939][648]LogEditorViewport: Clicking on Actor (LMB): StaticMeshActor (SM_level_lower)
[2020.01.26-16.12.20:605][718]LogEditorViewport: Clicking on Actor (LMB): StaticMeshActor (sm_grass168)
[2020.01.26-16.12.27:366][358]Cmd: SELECT NONE
[2020.01.26-16.12.29:225][553]LogEditorViewport: Clicking on Actor (LMB): StaticMeshActor (SM_level_lower)
[2020.01.26-16.12.29:681][589]LogEditorViewport: Clicking on Actor (LMB): StaticMeshActor (sm_grass193)
[2020.01.26-16.12.47:086][260]Cmd: SELECT NONE
[2020.01.26-16.12.49:301][496]LogEditorViewport: Clicking on Actor (LMB): StaticMeshActor (SM_level_lower)
[2020.01.26-16.12.50:007][544]LogEditorViewport: Clicking on Actor (LMB): StaticMeshActor (sm_grass194)
[2020.01.26-16.12.53:977][942]Cmd: CAMERA ALIGN ACTIVEVIEWPORTONLY
[2020.01.26-16.13.00:970][583]Cmd: SELECT NONE
[2020.01.26-16.13.01:700][670]LogEditorViewport: Clicking on Actor (LMB): StaticMeshActor (SM_level_lower)
[2020.01.26-16.13.02:159][720]LogEditorViewport: Clicking on Actor (LMB): StaticMeshActor (sm_grass195)
[2020.01.26-16.13.42:244][829]LogEditorViewport: Clicking on Actor (LMB): StaticMeshActor (SM_Wall_joining)
[2020.01.26-16.13.42:711][859]LogEditorViewport: Clicking on Actor (LMB): StaticMeshActor (SM_Pebble66)
[2020.01.26-16.13.51:276][766]LogSlate: FSceneViewport::OnFocusLost() reason 2
[2020.01.26-16.14.04:040][ 12]Cmd: SELECT NONE
[2020.01.26-16.14.04:606][ 79]LogEditorViewport: Clicking on Actor (LMB): StaticMeshActor (SM_Pebble109)
[2020.01.26-16.14.08:236][391]LogEditorViewport: Clicking on Actor (LMB): StaticMeshActor (sm_flower57)
[2020.01.26-16.14.15:884][100]Cmd: CAMERA ALIGN ACTIVEVIEWPORTONLY
[2020.01.26-16.14.37:364][188]LogEditorViewport: Clicking on Actor (LMB): StaticMeshActor (sm_grass37)
[2020.01.26-16.14.44:501][934]Cmd: SELECT NONE
[2020.01.26-16.14.45:841][ 74]LogEditorViewport: Clicking on Actor (LMB): StaticMeshActor (SM_Rock1_low2)
[2020.01.26-16.14.46:280][102]LogEditorViewport: Clicking on Actor (LMB): StaticMeshActor (sm_grass202)
[2020.01.26-16.14.48:469][328]Cmd: SELECT NONE
[2020.01.26-16.14.49:087][401]LogEditorViewport: Clicking on Actor (LMB): StaticMeshActor (SM_Rock1_low2)
[2020.01.26-16.14.50:627][518]LogEditorViewport: Clicking on Actor (LMB): StaticMeshActor (SM_level_lower)
[2020.01.26-16.14.52:308][645]LogEditorViewport: Clicking on Actor (LMB): StaticMeshActor (sm_grass122)
[2020.01.26-16.14.59:717][378]LogEditorViewport: Clicking on Actor (LMB): StaticMeshActor (sm_grass95)
[2020.01.26-16.15.00:086][417]Cmd: SELECT NONE
[2020.01.26-16.15.01:457][578]LogEditorViewport: Clicking on Actor (LMB): StaticMeshActor (sm_grass99)
[2020.01.26-16.15.07:765][219]Cmd: SELECT NONE
[2020.01.26-16.15.09:072][360]Cmd: TRANSACTION UNDO
[2020.01.26-16.15.09:072][360]LogEditorTransaction: Undo Select None
[2020.01.26-16.15.11:187][507]Cmd: SELECT NONE
[2020.01.26-16.15.14:223][803]LogEditorViewport: Clicking on Actor (LMB): StaticMeshActor (sm_grass18)
[2020.01.26-16.15.14:975][880]LogEditorViewport: Clicking on Actor (LMB): StaticMeshActor (SM_Rock3_low5)
[2020.01.26-16.15.15:491][935]LogEditorViewport: Clicking on Actor (LMB): StaticMeshActor (sm_grass17)
[2020.01.26-16.15.20:034][390]Cmd: SELECT NONE
[2020.01.26-16.15.30:151][397]LogEditorViewport: Clicking on Actor (LMB): StaticMeshActor (SM_Rock2_low)
[2020.01.26-16.15.30:593][425]LogEditorViewport: Clicking on Actor (LMB): StaticMeshActor (sm_clover28)
[2020.01.26-16.15.32:550][619]Cmd: CAMERA ALIGN ACTIVEVIEWPORTONLY
[2020.01.26-16.15.55:804][898]Cmd: CAMERA ALIGN ACTIVEVIEWPORTONLY
[2020.01.26-16.16.25:539][772]Cmd: SELECT NONE
[2020.01.26-16.16.25:948][820]LogEditorViewport: Clicking on Actor (LMB): StaticMeshActor (SM_soil)
[2020.01.26-16.16.26:500][879]LogEditorViewport: Clicking on Actor (LMB): StaticMeshActor (sm_clover113)
[2020.01.26-16.16.30:904][282]Cmd: CAMERA ALIGN ACTIVEVIEWPORTONLY
[2020.01.26-16.16.54:378][570]Cmd: SELECT NONE
[2020.01.26-16.16.55:000][621]LogEditorViewport: Clicking on Actor (LMB): StaticMeshActor (sm_clover116)
[2020.01.26-16.16.57:906][891]Cmd: SELECT NONE
[2020.01.26-16.17.02:596][371]LogEditorViewport: Clicking on Actor (LMB): StaticMeshActor (sm_flower9)
[2020.01.26-16.17.03:197][434]Cmd: SELECT NONE
[2020.01.26-16.17.04:170][550]LogEditorViewport: Clicking on Actor (LMB): StaticMeshActor (sm_grass140)
[2020.01.26-16.17.14:384][551]Cmd: CAMERA ALIGN ACTIVEVIEWPORTONLY
[2020.01.26-16.17.23:837][471]Cmd: SELECT NONE
[2020.01.26-16.17.25:767][666]LogEditorViewport: Clicking on Actor (LMB): StaticMeshActor (SM_soil)
[2020.01.26-16.17.26:498][720]LogEditorViewport: Clicking on Actor (LMB): StaticMeshActor (sm_grass206)
[2020.01.26-16.17.32:441][328]Cmd: SELECT NONE
[2020.01.26-16.17.37:353][826]LogEditorViewport: Clicking on Actor (LMB): StaticMeshActor (sm_grass171)
[2020.01.26-16.18.19:302][846]Cmd: TRANSACTION UNDO
[2020.01.26-16.18.19:303][846]LogEditorTransaction: Undo Scale Actors
[2020.01.26-16.18.34:162][356]Cmd: SELECT NONE
[2020.01.26-16.18.36:306][582]LogEditorViewport: Clicking on Actor (LMB): StaticMeshActor (SM_level_top)
[2020.01.26-16.18.36:726][627]LogEditorViewport: Clicking on Actor (LMB): StaticMeshActor (SM_level_top)
[2020.01.26-16.18.37:252][688]LogEditorViewport: Clicking on Actor (LMB): StaticMeshActor (sm_grass214)
[2020.01.26-16.18.40:384][ 23]LogEditorViewport: Clicking on Actor (LMB): StaticMeshActor (SM_Pebble64)
[2020.01.26-16.19.02:611][120]Cmd: SELECT NONE
[2020.01.26-16.19.03:197][188]LogEditorViewport: Clicking on Actor (LMB): StaticMeshActor (SM_Pebble111)
[2020.01.26-16.19.03:846][260]LogEditorViewport: Clicking on Actor (LMB): StaticMeshActor (SM_Pebble110)
[2020.01.26-16.19.05:647][433]LogSlate: FSceneViewport::OnFocusLost() reason 2
[2020.01.26-16.19.14:694][304]Cmd: SELECT NONE
[2020.01.26-16.19.15:349][375]LogEditorViewport: Clicking on Actor (context menu): StaticMeshActor (SM_Rock3_low8)
[2020.01.26-16.19.15:385][375]LogSlate: FSceneViewport::OnFocusLost() reason 5
[2020.01.26-16.19.17:453][547]LogEditorViewport: Clicking on Actor (LMB): StaticMeshActor (SM_level_top)
[2020.01.26-16.19.17:884][579]LogEditorViewport: Clicking on Actor (LMB): StaticMeshActor (SM_Pebble112)
[2020.01.26-16.19.26:128][264]LogEditorViewport: Clicking on Actor (LMB): StaticMeshActor (SM_Pebble93)
[2020.01.26-16.19.29:344][545]Cmd: SELECT NONE
[2020.01.26-16.19.31:614][786]LogEditorViewport: Clicking on Actor (LMB): StaticMeshActor (SM_Pebble75)
[2020.01.26-16.19.42:845][862]LogEditorViewport: Clicking on Actor (LMB): StaticMeshActor (SM_Pebble114)
[2020.01.26-16.19.44:520][ 43]LogSlate: FSceneViewport::OnFocusLost() reason 2
[2020.01.26-16.19.47:477][363]LogEditorViewport: Clicking on Actor (LMB): StaticMeshActor (SM_Pebble115)
[2020.01.26-16.19.56:798][370]LogSlate: FSceneViewport::OnFocusLost() reason 2
[2020.01.26-16.20.01:637][878]Cmd: SELECT NONE
[2020.01.26-16.20.04:941][240]LogEditorViewport: Clicking on Actor (LMB): StaticMeshActor (SM_level_top)
[2020.01.26-16.20.05:367][267]LogEditorViewport: Clicking on Actor (LMB): StaticMeshActor (SM_Pebble115)
[2020.01.26-16.20.13:506][ 42]LogEditorViewport: Clicking on Actor (LMB): StaticMeshActor (SM_Pebble114)
[2020.01.26-16.20.21:375][811]Cmd: SELECT NONE
[2020.01.26-16.20.22:576][954]LogEditorViewport: Clicking on Actor (LMB): StaticMeshActor (SM_Pebble118)
[2020.01.26-16.20.28:345][556]Cmd: SELECT NONE
[2020.01.26-16.20.30:228][761]LogEditorViewport: Clicking on Actor (LMB): StaticMeshActor (SM_Pebble117)
[2020.01.26-16.20.35:400][216]LogEditorViewport: Clicking on Actor (LMB): StaticMeshActor (SM_level_top)
[2020.01.26-16.20.35:912][272]LogEditorViewport: Clicking on Actor (LMB): StaticMeshActor (SM_Pebble114)
[2020.01.26-16.20.36:243][306]Cmd: SELECT NONE
[2020.01.26-16.20.39:370][645]LogEditorViewport: Clicking on Actor (LMB): StaticMeshActor (SM_Pebble118)
[2020.01.26-16.20.48:101][452]LogEditorViewport: Clicking on Actor (LMB): StaticMeshActor (SM_Pebble114)
[2020.01.26-16.20.49:960][630]LogEditorViewport: Clicking on Actor (LMB): StaticMeshActor (SM_Pebble115)
[2020.01.26-16.20.51:209][766]LogEditorViewport: Clicking on Actor (LMB): StaticMeshActor (SM_Pebble118)
[2020.01.26-16.20.52:631][923]Cmd: SELECT NONE
[2020.01.26-16.20.53:427][ 18]LogEditorViewport: Clicking on Actor (LMB): StaticMeshActor (SM_Pebble118)
[2020.01.26-16.21.02:345][922]Cmd: SELECT NONE
[2020.01.26-16.21.04:082][100]LogEditorViewport: Clicking on Actor (LMB): StaticMeshActor (SM_Pebble120)
[2020.01.26-16.21.05:601][237]Cmd: SELECT NONE
[2020.01.26-16.21.17:723][538]LogEditorViewport: Clicking on Actor (LMB): StaticMeshActor (SM_Pebble116)
[2020.01.26-16.21.38:572][386]Cmd: CAMERA ALIGN ACTIVEVIEWPORTONLY
[2020.01.26-16.21.48:122][320]Cmd: CAMERA ALIGN ACTIVEVIEWPORTONLY
[2020.01.26-16.21.58:210][268]LogEditorViewport: Clicking on Actor (LMB): StaticMeshActor (SM_level_top)
[2020.01.26-16.22.05:236][899]LogEditorViewport: Clicking on Actor (LMB): StaticMeshActor (SM_Pebble95)
[2020.01.26-16.22.11:188][563]Cmd: TRANSACTION UNDO
[2020.01.26-16.22.11:188][563]LogEditorTransaction: Undo Clicking on Actors
[2020.01.26-16.23.02:091][ 33]LogEditorViewport: Clicking on Actor (LMB): StaticMeshActor (SM_Pebble127)
[2020.01.26-16.23.05:663][327]Cmd: SELECT NONE
[2020.01.26-16.23.14:359][269]LogEditorViewport: Clicking on Actor (LMB): StaticMeshActor (SM_Pebble91)
[2020.01.26-16.23.14:958][324]LogEditorViewport: Clicking on Actor (LMB): StaticMeshActor (SM_Pebble92)
[2020.01.26-16.23.15:994][415]Cmd: SELECT NONE
[2020.01.26-16.23.48:069][ 68]LogEditorViewport: Clicking on Actor (LMB): StaticMeshActor (SM_Pebble143)
[2020.01.26-16.24.14:424][640]LogEditorViewport: Clicking on Actor (LMB): StaticMeshActor (SM_Pebble149)
[2020.01.26-16.24.25:338][570]LogEditorViewport: Clicking on Actor (LMB): StaticMeshActor (sm_grass194)
[2020.01.26-16.24.27:867][797]LogEditorViewport: Clicking on Actor (LMB): StaticMeshActor (sm_grass183)
[2020.01.26-16.24.31:622][155]Cmd: TRANSACTION UNDO
[2020.01.26-16.24.31:622][155]LogEditorTransaction: Undo Move Actors
[2020.01.26-16.24.43:731][331]LogSlate: FSceneViewport::OnFocusLost() reason 0
[2020.01.26-16.24.45:957][585]LogRenderer: Reallocating scene render targets to support 1272x896 Format 10 NumSamples 1 (Frame:403771).
[2020.01.26-16.24.45:994][586]LogRenderer: Reallocating scene render targets to support 1284x896 Format 10 NumSamples 1 (Frame:403773).
[2020.01.26-16.24.46:034][587]LogRenderer: Reallocating scene render targets to support 1352x896 Format 10 NumSamples 1 (Frame:403775).
[2020.01.26-16.24.46:079][588]LogRenderer: Reallocating scene render targets to support 1496x896 Format 10 NumSamples 1 (Frame:403777).
[2020.01.26-16.24.46:117][589]LogRenderer: Reallocating scene render targets to support 1548x896 Format 10 NumSamples 1 (Frame:403779).
[2020.01.26-16.24.48:301][845]LogRenderer: Reallocating scene render targets to support 1552x896 Format 10 NumSamples 1 (Frame:403782).
[2020.01.26-16.24.48:339][846]LogRenderer: Reallocating scene render targets to support 1636x896 Format 10 NumSamples 1 (Frame:403784).
[2020.01.26-16.24.48:371][847]LogRenderer: Reallocating scene render targets to support 1868x896 Format 10 NumSamples 1 (Frame:403786).
[2020.01.26-16.25.13:689][861]LogUObjectHash: Compacting FUObjectHashTables data took   2.00ms
[2020.01.26-16.25.13:690][861]Cmd: OBJ SAVEPACKAGE PACKAGE="/Game/Diorama" FILE="../../../../Art/Park_SFAS/Park/Saved/Autosaves/Game/Diorama_Auto1.umap" SILENT=true AUTOSAVING=true KEEPDIRTY=false
[2020.01.26-16.25.14:138][861]LogSavePackage: Moving '../../../../Art/Park_SFAS/Park/Saved/Diorama_Auto1C6A10122493D42A4748A5191BD83F488.tmp' to '../../../../Art/Park_SFAS/Park/Saved/Autosaves/Game/Diorama_Auto1.umap'
[2020.01.26-16.25.14:141][861]LogFileHelpers: Editor autosave (incl. sublevels) for '/Game/Diorama' took 0.494
[2020.01.26-16.25.14:141][861]LogFileHelpers: Editor autosave (incl. sublevels) for all levels took 0.494
[2020.01.26-16.27.19:213][810]LogEditorViewport: Clicking on Actor (LMB): StaticMeshActor (SM_tree)
[2020.01.26-16.27.19:677][840]LogEditorViewport: Clicking on Actor (LMB): StaticMeshActor (SM_tree)
[2020.01.26-16.27.20:313][884]LogEditorViewport: Clicking on Actor (LMB): BP_Sky_Sphere_C (BP_Sky_Sphere)
[2020.01.26-16.27.38:499][638]Cmd: SELECT NONE
[2020.01.26-16.27.40:343][859]LogEditorViewport: Clicking on Actor (context menu): BP_Sky_Sphere_C (BP_Sky_Sphere)
[2020.01.26-16.27.40:373][859]LogSlate: FSceneViewport::OnFocusLost() reason 5
[2020.01.26-16.29.06:326][955]LogEditorViewport: Clicking on Actor (context menu): BP_Sky_Sphere_C (BP_Sky_Sphere)
[2020.01.26-16.29.06:349][955]LogSlate: FSceneViewport::OnFocusLost() reason 5
[2020.01.26-16.29.12:938][573]LogEditorViewport: Clicking on Actor (context menu): BP_Sky_Sphere_C (BP_Sky_Sphere)
[2020.01.26-16.29.12:960][573]LogSlate: FSceneViewport::OnFocusLost() reason 5
[2020.01.26-16.29.15:240][842]LogEditorViewport: Clicking on Actor (context menu): BP_Sky_Sphere_C (BP_Sky_Sphere)
[2020.01.26-16.29.15:262][842]LogSlate: FSceneViewport::OnFocusLost() reason 5
[2020.01.26-16.29.35:538][726]LogEditorViewport: Clicking on Actor (context menu): StaticMeshActor (SM_Rock6_low9)
[2020.01.26-16.29.35:580][726]LogSlate: FSceneViewport::OnFocusLost() reason 5
[2020.01.26-16.29.36:513][829]LogEditorViewport: Clicking on Actor (context menu): StaticMeshActor (SM_Rock6_low9)
[2020.01.26-16.29.36:538][829]LogSlate: FSceneViewport::OnFocusLost() reason 5
[2020.01.26-16.29.37:926][958]LogEditorViewport: Clicking on Actor (context menu): StaticMeshActor (SM_River)
[2020.01.26-16.29.37:963][958]LogSlate: FSceneViewport::OnFocusLost() reason 5
[2020.01.26-16.29.49:658][ 93]LogSlate: FSceneViewport::OnFocusLost() reason 0
[2020.01.26-16.30.30:504][  5]LogEditorViewport: Clicking on Actor (context menu): StaticMeshActor (SM_Rock2_low6)
[2020.01.26-16.30.30:543][  5]LogSlate: FSceneViewport::OnFocusLost() reason 5
[2020.01.26-16.30.45:287][425]LogEditorViewport: Clicking on Actor (context menu): StaticMeshActor (SM_Rock5_low5)
[2020.01.26-16.30.45:326][425]LogSlate: FSceneViewport::OnFocusLost() reason 5
[2020.01.26-16.31.17:228][617]LogEditorViewport: Clicking on Actor (context menu): StaticMeshActor (SM_tree)
[2020.01.26-16.31.17:267][617]LogSlate: FSceneViewport::OnFocusLost() reason 5
[2020.01.26-16.31.18:578][765]LogEditorViewport: Clicking on Actor (LMB): BP_Sky_Sphere_C (BP_Sky_Sphere)
[2020.01.26-16.31.20:918][990]LogEditorViewport: Clicking on Actor (context menu): BP_Sky_Sphere_C (BP_Sky_Sphere)
[2020.01.26-16.31.20:941][990]LogSlate: FSceneViewport::OnFocusLost() reason 5
[2020.01.26-16.31.45:896][545]LogEditorViewport: Clicking on Actor (context menu): BP_Sky_Sphere_C (BP_Sky_Sphere)
[2020.01.26-16.31.45:920][545]LogSlate: FSceneViewport::OnFocusLost() reason 5
[2020.01.26-16.32.27:474][262]LogSlate: FSceneViewport::OnFocusLost() reason 0
[2020.01.26-16.32.43:103][848]LogEditorViewport: Clicking on Actor (context menu): StaticMeshActor (SM_Wall_joining5)
[2020.01.26-16.32.43:145][848]LogSlate: FSceneViewport::OnFocusLost() reason 5
[2020.01.26-16.36.33:992][719]LogEditorBookmarks: Warning: FBookmarkTypeToolsImpl::JumpToBookmark - Null Bookmark at index 4
[2020.01.26-16.37.05:442][405]LogEditorViewport: Clicking on Actor (LMB): StaticMeshActor (SM_tree)
[2020.01.26-16.37.07:699][640]Cmd: SELECT NONE
[2020.01.26-16.37.22:312][365]LogEditorViewport: Clicking on Actor (LMB): BP_Sky_Sphere_C (BP_Sky_Sphere)
[2020.01.26-16.37.22:723][407]LogSlate: FSceneViewport::OnFocusLost() reason 5
[2020.01.26-16.37.23:119][453]LogSlate: FSceneViewport::OnFocusLost() reason 5
[2020.01.26-16.37.24:220][580]LogEditorViewport: Clicking on Actor (LMB): BP_Sky_Sphere_C (BP_Sky_Sphere)
[2020.01.26-16.37.25:046][676]Cmd: SELECT NONE
[2020.01.26-16.37.26:368][833]LogSlate: FSceneViewport::OnFocusLost() reason 5
[2020.01.26-16.37.27:797][  0]LogSlate: FSceneViewport::OnFocusLost() reason 5
[2020.01.26-16.37.31:732][471]LogRenderer: Reallocating scene render targets to support 5600x2688 Format 10 NumSamples 1 (Frame:429617).
[2020.01.26-16.37.33:519][471]LogClient: High resolution screenshot saved as D:/Art/Park_SFAS/Park/Saved/Screenshots/Windows/HighresScreenshot00001.png
[2020.01.26-16.37.50:343][724]LogEditorViewport: Clicking on Actor (context menu): StaticMeshActor (SM_Rock3_low2)
[2020.01.26-16.37.50:385][724]LogSlate: FSceneViewport::OnFocusLost() reason 5
[2020.01.26-16.37.51:326][831]LogSlate: Window 'High Resolution Screenshot' being destroyed
[2020.01.26-16.37.57:700][500]LogSlate: FSceneViewport::OnFocusLost() reason 5
[2020.01.26-16.37.58:734][615]LogSlate: FSceneViewport::OnFocusLost() reason 5
[2020.01.26-16.38.00:968][879]LogRenderer: Reallocating scene render targets to support 5600x2688 Format 10 NumSamples 1 (Frame:429903).
[2020.01.26-16.38.02:887][879]LogClient: High resolution screenshot saved as D:/Art/Park_SFAS/Park/Saved/Screenshots/Windows/HighresScreenshot00002.png
[2020.01.26-16.38.07:015][360]LogEditorViewport: Clicking on Actor (context menu): BP_Sky_Sphere_C (BP_Sky_Sphere)
[2020.01.26-16.38.07:047][360]LogSlate: FSceneViewport::OnFocusLost() reason 5
[2020.01.26-16.38.14:669][151]Cmd: SELECT NONE
[2020.01.26-16.38.21:523][967]LogSlate: FSceneViewport::OnFocusLost() reason 0
[2020.01.26-16.38.21:625][979]LogRenderer: Reallocating scene render targets to support 5600x2688 Format 10 NumSamples 1 (Frame:430206).
[2020.01.26-16.38.23:448][979]LogClient: High resolution screenshot saved as D:/Art/Park_SFAS/Park/Saved/Screenshots/Windows/HighresScreenshot00003.png
[2020.01.26-16.38.25:985][274]LogEditorBookmarks: Warning: FBookmarkTypeToolsImpl::JumpToBookmark - Null Bookmark at index 4
[2020.01.26-16.38.31:530][903]LogSlate: FSceneViewport::OnFocusLost() reason 0
[2020.01.26-16.38.31:638][916]LogRenderer: Reallocating scene render targets to support 5600x2688 Format 10 NumSamples 1 (Frame:430487).
[2020.01.26-16.38.33:559][916]LogClient: High resolution screenshot saved as D:/Art/Park_SFAS/Park/Saved/Screenshots/Windows/HighresScreenshot00004.png
[2020.01.26-16.38.37:283][354]LogSlate: FSceneViewport::OnFocusLost() reason 0
[2020.01.26-16.38.37:365][364]LogRenderer: Reallocating scene render targets to support 5600x2688 Format 10 NumSamples 1 (Frame:430519).
[2020.01.26-16.38.39:310][364]LogClient: High resolution screenshot saved as D:/Art/Park_SFAS/Park/Saved/Screenshots/Windows/HighresScreenshot00005.png
[2020.01.26-16.38.43:829][903]LogSlate: Window 'High Resolution Screenshot' being destroyed
[2020.01.26-16.39.15:777][403]LogUObjectHash: Compacting FUObjectHashTables data took   2.08ms
[2020.01.26-16.39.15:778][403]Cmd: OBJ SAVEPACKAGE PACKAGE="/Game/Diorama" FILE="../../../../Art/Park_SFAS/Park/Saved/Autosaves/Game/Diorama_Auto2.umap" SILENT=true AUTOSAVING=true KEEPDIRTY=false
[2020.01.26-16.39.16:214][403]LogSavePackage: Moving '../../../../Art/Park_SFAS/Park/Saved/Diorama_Auto28C8A04A14202FEBC656AF8A26F85FA1A.tmp' to '../../../../Art/Park_SFAS/Park/Saved/Autosaves/Game/Diorama_Auto2.umap'
[2020.01.26-16.39.16:217][403]LogFileHelpers: Editor autosave (incl. sublevels) for '/Game/Diorama' took 0.483
[2020.01.26-16.39.16:217][403]LogFileHelpers: Editor autosave (incl. sublevels) for all levels took 0.483
[2020.01.26-18.39.18:549][311]LogSlate: FSceneViewport::OnFocusLost() reason 0
[2020.01.26-18.57.13:873][ 86]LogSlate: FSceneViewport::OnFocusLost() reason 0
[2020.01.26-18.57.13:986][ 96]Cmd: OBJ SAVEPACKAGE PACKAGE="/Game/Diorama" FILE="../../../../Art/Park_SFAS/Park/Content/Diorama.umap" SILENT=true AUTOSAVING=false KEEPDIRTY=false
[2020.01.26-18.57.14:079][ 96]LogUObjectHash: Compacting FUObjectHashTables data took   5.16ms
[2020.01.26-18.57.14:544][ 96]LogSavePackage: Moving '../../../../Art/Park_SFAS/Park/Saved/Diorama0B277369473A4581627563B5D9E4007C.tmp' to '../../../../Art/Park_SFAS/Park/Content/Diorama.umap'
[2020.01.26-18.57.14:893][ 96]Cmd: OBJ SAVEPACKAGE PACKAGE="/Game/Diorama_BuiltData" FILE="../../../../Art/Park_SFAS/Park/Content/Diorama_BuiltData.uasset" SILENT=true
[2020.01.26-18.57.15:012][ 96]LogSavePackage: Moving '../../../../Art/Park_SFAS/Park/Saved/Diorama_BuiltData7D0EC2F242D1D7AF9DFA5A93974A0674.tmp' to '../../../../Art/Park_SFAS/Park/Content/Diorama_BuiltData.uasset'
[2020.01.26-18.57.17:827][429]LogSlate: FSceneViewport::OnFocusLost() reason 0
[2020.01.26-18.57.17:989][444]LogUObjectHash: Compacting FUObjectHashTables data took   1.91ms
[2020.01.26-18.57.19:468][444]LogSlate: Window 'Save Content' being destroyed
[2020.01.26-18.57.19:478][444]LogSlate: FSceneViewport::OnFocusLost() reason 5
[2020.01.26-18.57.19:485][444]Cmd: OBJ SAVEPACKAGE PACKAGE="/Game/Meshes/SM_tree" FILE="../../../../Art/Park_SFAS/Park/Content/Meshes/SM_tree.uasset" SILENT=true
[2020.01.26-18.57.19:542][444]LogSavePackage: Moving '../../../../Art/Park_SFAS/Park/Saved/SM_treeF6AD2CFB43640D8731CEC38BEAD95855.tmp' to '../../../../Art/Park_SFAS/Park/Content/Meshes/SM_tree.uasset'
[2020.01.26-18.57.19:559][444]Cmd: OBJ SAVEPACKAGE PACKAGE="/Game/Textures/T_gravel_basecolor" FILE="../../../../Art/Park_SFAS/Park/Content/Textures/T_gravel_basecolor.uasset" SILENT=true
[2020.01.26-18.57.20:163][444]LogSavePackage: Moving '../../../../Art/Park_SFAS/Park/Saved/T_gravel_basecolorF490F8834E7799CB7FC6BCB6A9E533B1.tmp' to '../../../../Art/Park_SFAS/Park/Content/Textures/T_gravel_basecolor.uasset'
[2020.01.26-18.57.20:171][444]Cmd: OBJ SAVEPACKAGE PACKAGE="/Game/Textures/T_Gravel_metallic" FILE="../../../../Art/Park_SFAS/Park/Content/Textures/T_Gravel_metallic.uasset" SILENT=true
[2020.01.26-18.57.20:696][444]LogSavePackage: Moving '../../../../Art/Park_SFAS/Park/Saved/T_Gravel_metallicDF4F64F345BC392C1BDE9BA81371B94F.tmp' to '../../../../Art/Park_SFAS/Park/Content/Textures/T_Gravel_metallic.uasset'
[2020.01.26-18.57.20:704][444]Cmd: OBJ SAVEPACKAGE PACKAGE="/Game/Textures/T_Gravel_normal" FILE="../../../../Art/Park_SFAS/Park/Content/Textures/T_Gravel_normal.uasset" SILENT=true
[2020.01.26-18.57.20:763][444]LogSavePackage: Moving '../../../../Art/Park_SFAS/Park/Saved/T_Gravel_normal2E733CDF499EBAEA96E290A817DC2906.tmp' to '../../../../Art/Park_SFAS/Park/Content/Textures/T_Gravel_normal.uasset'
[2020.01.26-18.57.20:834][444]LogSlate: Window 'T_foliage_Plane_low_defaultMat_BaseColor' being destroyed
[2020.01.26-18.57.20:856][444]LogSlate: Window 'Park - Unreal Editor' being destroyed
[2020.01.26-18.57.20:857][444]LogWindowsTextInputMethodSystem: Display: IME system now deactivated.
[2020.01.26-18.57.20:959][444]LogSlate: Window 'High Resolution Screenshot' being destroyed
[2020.01.26-18.57.21:109][445]Cmd: QUIT_EDITOR
[2020.01.26-18.57.21:179][445]LogExit: Preparing to exit.
[2020.01.26-18.57.21:842][445]LogActorComponent: UnregisterComponent: (None.None) Not registered. Aborting.
[2020.01.26-18.57.21:842][445]LogActorComponent: UnregisterComponent: (None.None) Not registered. Aborting.
[2020.01.26-18.57.21:842][445]LogActorComponent: UnregisterComponent: (None.None) Not registered. Aborting.
[2020.01.26-18.57.21:842][445]LogActorComponent: UnregisterComponent: (None.None) Not registered. Aborting.
[2020.01.26-18.57.21:842][445]LogActorComponent: UnregisterComponent: (None.None) Not registered. Aborting.
[2020.01.26-18.57.21:842][445]LogActorComponent: UnregisterComponent: (None.None) Not registered. Aborting.
[2020.01.26-18.57.21:842][445]LogActorComponent: UnregisterComponent: (None.None) Not registered. Aborting.
[2020.01.26-18.57.21:842][445]LogWorld: UWorld::CleanupWorld for None, bSessionEnded=true, bCleanupResources=true
[2020.01.26-18.57.21:842][445]LogActorComponent: UnregisterComponent: (None.None) Not registered. Aborting.
[2020.01.26-18.57.21:842][445]LogActorComponent: UnregisterComponent: (None.None) Not registered. Aborting.
[2020.01.26-18.57.21:842][445]LogActorComponent: UnregisterComponent: (None.None) Not registered. Aborting.
[2020.01.26-18.57.21:842][445]LogActorComponent: UnregisterComponent: (None.None) Not registered. Aborting.
[2020.01.26-18.57.21:842][445]LogActorComponent: UnregisterComponent: (None.None) Not registered. Aborting.
[2020.01.26-18.57.21:842][445]LogActorComponent: UnregisterComponent: (None.None) Not registered. Aborting.
[2020.01.26-18.57.21:842][445]LogActorComponent: UnregisterComponent: (None.None) Not registered. Aborting.
[2020.01.26-18.57.21:842][445]LogWorld: UWorld::CleanupWorld for None, bSessionEnded=true, bCleanupResources=true
[2020.01.26-18.57.21:842][445]LogActorComponent: UnregisterComponent: (None.None) Not registered. Aborting.
[2020.01.26-18.57.21:842][445]LogActorComponent: UnregisterComponent: (None.None) Not registered. Aborting.
[2020.01.26-18.57.21:842][445]LogActorComponent: UnregisterComponent: (None.None) Not registered. Aborting.
[2020.01.26-18.57.21:842][445]LogActorComponent: UnregisterComponent: (None.None) Not registered. Aborting.
[2020.01.26-18.57.21:842][445]LogActorComponent: UnregisterComponent: (None.None) Not registered. Aborting.
[2020.01.26-18.57.21:842][445]LogActorComponent: UnregisterComponent: (None.None) Not registered. Aborting.
[2020.01.26-18.57.21:842][445]LogActorComponent: UnregisterComponent: (None.None) Not registered. Aborting.
[2020.01.26-18.57.21:842][445]LogWorld: UWorld::CleanupWorld for None, bSessionEnded=true, bCleanupResources=true
[2020.01.26-18.57.21:842][445]LogActorComponent: UnregisterComponent: (None.None) Not registered. Aborting.
[2020.01.26-18.57.21:842][445]LogActorComponent: UnregisterComponent: (None.None) Not registered. Aborting.
[2020.01.26-18.57.21:842][445]LogActorComponent: UnregisterComponent: (None.None) Not registered. Aborting.
[2020.01.26-18.57.21:842][445]LogActorComponent: UnregisterComponent: (None.None) Not registered. Aborting.
[2020.01.26-18.57.21:842][445]LogActorComponent: UnregisterComponent: (None.None) Not registered. Aborting.
[2020.01.26-18.57.21:842][445]LogActorComponent: UnregisterComponent: (None.None) Not registered. Aborting.
[2020.01.26-18.57.21:842][445]LogActorComponent: UnregisterComponent: (None.None) Not registered. Aborting.
[2020.01.26-18.57.21:842][445]LogWorld: UWorld::CleanupWorld for None, bSessionEnded=true, bCleanupResources=true
[2020.01.26-18.57.21:842][445]LogActorComponent: UnregisterComponent: (None.None) Not registered. Aborting.
[2020.01.26-18.57.21:842][445]LogActorComponent: UnregisterComponent: (None.None) Not registered. Aborting.
[2020.01.26-18.57.21:842][445]LogActorComponent: UnregisterComponent: (None.None) Not registered. Aborting.
[2020.01.26-18.57.21:842][445]LogActorComponent: UnregisterComponent: (None.None) Not registered. Aborting.
[2020.01.26-18.57.21:842][445]LogActorComponent: UnregisterComponent: (None.None) Not registered. Aborting.
[2020.01.26-18.57.21:842][445]LogActorComponent: UnregisterComponent: (None.None) Not registered. Aborting.
[2020.01.26-18.57.21:843][445]LogActorComponent: UnregisterComponent: (None.None) Not registered. Aborting.
[2020.01.26-18.57.21:843][445]LogWorld: UWorld::CleanupWorld for None, bSessionEnded=true, bCleanupResources=true
[2020.01.26-18.57.21:845][445]LogDemo: Cleaned up 0 splitscreen connections with owner deletion
[2020.01.26-18.57.21:850][445]LogWorld: UWorld::CleanupWorld for None, bSessionEnded=true, bCleanupResources=true
[2020.01.26-18.57.21:850][445]LogExit: Editor shut down
[2020.01.26-18.57.21:851][445]LogExit: Transaction tracking system shut down
[2020.01.26-18.57.22:204][445]LogExit: Object subsystem successfully closed.
[2020.01.26-18.57.22:234][445]LogShaderCompilers: Display: Shaders left to compile 0
[2020.01.26-18.57.22:247][445]LogModuleManager: Shutting down and abandoning module MeshBuilder (674)
[2020.01.26-18.57.22:248][445]LogModuleManager: Shutting down and abandoning module TextureEditor (672)
[2020.01.26-18.57.22:248][445]LogModuleManager: Shutting down and abandoning module HierarchicalLODOutliner (670)
[2020.01.26-18.57.22:248][445]LogModuleManager: Shutting down and abandoning module SceneOutliner (668)
[2020.01.26-18.57.22:248][445]LogModuleManager: Shutting down and abandoning module AddContentDialog (666)
[2020.01.26-18.57.22:250][445]LogModuleManager: Shutting down and abandoning module WidgetCarousel (665)
[2020.01.26-18.57.22:250][445]LogModuleManager: Shutting down and abandoning module EditorWidgets (662)
[2020.01.26-18.57.22:250][445]LogModuleManager: Shutting down and abandoning module CollectionManager (660)
[2020.01.26-18.57.22:251][445]LogModuleManager: Shutting down and abandoning module HierarchicalLODUtilities (658)
[2020.01.26-18.57.22:251][445]LogModuleManager: Shutting down and abandoning module StatsViewer (656)
[2020.01.26-18.57.22:251][445]LogModuleManager: Shutting down and abandoning module VirtualTexturingEditor (654)
[2020.01.26-18.57.22:251][445]LogModuleManager: Shutting down and abandoning module FoliageEdit (652)
[2020.01.26-18.57.22:251][445]LogModuleManager: Shutting down and abandoning module LandscapeEditor (650)
[2020.01.26-18.57.22:251][445]LogModuleManager: Shutting down and abandoning module MeshPaintMode (648)
[2020.01.26-18.57.22:251][445]LogModuleManager: Shutting down and abandoning module SceneDepthPickerMode (646)
[2020.01.26-18.57.22:251][445]LogModuleManager: Shutting down and abandoning module ActorPickerMode (644)
[2020.01.26-18.57.22:251][445]LogModuleManager: Shutting down and abandoning module GeometryMode (642)
[2020.01.26-18.57.22:251][445]LogModuleManager: Shutting down and abandoning module TextureAlignMode (640)
[2020.01.26-18.57.22:251][445]LogModuleManager: Shutting down and abandoning module BspMode (638)
[2020.01.26-18.57.22:251][445]LogModuleManager: Shutting down and abandoning module PIEPreviewDeviceProfileSelector (636)
[2020.01.26-18.57.22:251][445]LogModuleManager: Shutting down and abandoning module SequenceRecorderSections (634)
[2020.01.26-18.57.22:251][445]LogModuleManager: Shutting down and abandoning module AutomationWorker (632)
[2020.01.26-18.57.22:251][445]LogModuleManager: Shutting down and abandoning module OculusMR (630)
[2020.01.26-18.57.22:251][445]LogModuleManager: Shutting down and abandoning module AudioCaptureEditor (628)
[2020.01.26-18.57.22:251][445]LogModuleManager: Shutting down and abandoning module MatineeToLevelSequence (626)
[2020.01.26-18.57.22:251][445]LogModuleManager: Shutting down and abandoning module LevelSequenceEditor (624)
[2020.01.26-18.57.22:251][445]LogModuleManager: Shutting down and abandoning module PlacementMode (623)
[2020.01.26-18.57.22:252][445]LogModuleManager: Shutting down and abandoning module MaterialEditor (622)
[2020.01.26-18.57.22:252][445]LogModuleManager: Shutting down and abandoning module ActorSequenceEditor (618)
[2020.01.26-18.57.22:252][445]LogModuleManager: Shutting down and abandoning module WmfMediaFactory (616)
[2020.01.26-18.57.22:252][445]LogModuleManager: Shutting down and abandoning module WmfMediaEditor (614)
[2020.01.26-18.57.22:252][445]LogModuleManager: Shutting down and abandoning module WebMMediaFactory (612)
[2020.01.26-18.57.22:252][445]LogModuleManager: Shutting down and abandoning module WebMMediaEditor (610)
[2020.01.26-18.57.22:252][445]LogModuleManager: Shutting down and abandoning module WebMMedia (608)
[2020.01.26-18.57.22:252][445]LogModuleManager: Shutting down and abandoning module MediaPlayerEditor (606)
[2020.01.26-18.57.22:252][445]LogModuleManager: Shutting down and abandoning module MediaCompositingEditor (604)
[2020.01.26-18.57.22:252][445]LogModuleManager: Shutting down and abandoning module SequenceRecorder (603)
[2020.01.26-18.57.22:252][445]LogModuleManager: Shutting down and abandoning module OpenExrWrapper (600)
[2020.01.26-18.57.22:252][445]LogModuleManager: Shutting down and abandoning module ImgMediaFactory (598)
[2020.01.26-18.57.22:252][445]LogModuleManager: Shutting down and abandoning module ImgMediaEditor (596)
[2020.01.26-18.57.22:252][445]LogModuleManager: Shutting down and abandoning module AvfMediaFactory (594)
[2020.01.26-18.57.22:252][445]LogModuleManager: Shutting down and abandoning module AvfMediaEditor (592)
[2020.01.26-18.57.22:252][445]LogModuleManager: Shutting down and abandoning module AndroidMediaFactory (590)
[2020.01.26-18.57.22:252][445]LogModuleManager: Shutting down and abandoning module AndroidMediaEditor (588)
[2020.01.26-18.57.22:252][445]LogModuleManager: Shutting down and abandoning module MagicLeapCameraPreviewFactory (586)
[2020.01.26-18.57.22:252][445]LogModuleManager: Shutting down and abandoning module MagicLeapMediaCodecFactory (584)
[2020.01.26-18.57.22:252][445]LogModuleManager: Shutting down and abandoning module MagicLeapMediaFactory (582)
[2020.01.26-18.57.22:252][445]LogModuleManager: Shutting down and abandoning module MagicLeapMediaEditor (580)
[2020.01.26-18.57.22:252][445]LogModuleManager: Shutting down and abandoning module CharacterAI (578)
[2020.01.26-18.57.22:252][445]LogModuleManager: Shutting down and abandoning module SmartSnapping (576)
[2020.01.26-18.57.22:252][445]LogModuleManager: Shutting down and abandoning module SessionServices (574)
[2020.01.26-18.57.22:252][445]LogModuleManager: Shutting down and abandoning module MeshPaint (572)
[2020.01.26-18.57.22:252][445]LogModuleManager: Shutting down and abandoning module ViewportSnapping (570)
[2020.01.26-18.57.22:252][445]LogModuleManager: Shutting down and abandoning module ViewportInteraction (568)
[2020.01.26-18.57.22:252][445]LogModuleManager: Shutting down and abandoning module ClothPainter (566)
[2020.01.26-18.57.22:252][445]LogModuleManager: Shutting down and abandoning module SkeletalMeshEditor (565)
[2020.01.26-18.57.22:253][445]LogModuleManager: Shutting down and abandoning module LogVisualizer (562)
[2020.01.26-18.57.22:253][445]LogModuleManager: Shutting down and abandoning module IntroTutorials (560)
[2020.01.26-18.57.22:253][445]LogModuleManager: Shutting down and abandoning module GameProjectGeneration (559)
[2020.01.26-18.57.22:253][445]LogModuleManager: Shutting down and abandoning module LuminPlatformEditor (556)
[2020.01.26-18.57.22:253][445]LogModuleManager: Shutting down and abandoning module IOSPlatformEditor (554)
[2020.01.26-18.57.22:253][445]LogModuleManager: Shutting down and abandoning module HTML5PlatformEditor (552)
[2020.01.26-18.57.22:253][445]LogModuleManager: Shutting down and abandoning module AndroidPlatformEditor (550)
[2020.01.26-18.57.22:253][445]LogModuleManager: Shutting down and abandoning module AndroidDeviceDetection (549)
[2020.01.26-18.57.22:939][445]LogModuleManager: Shutting down and abandoning module WindowsPlatformEditor (546)
[2020.01.26-18.57.22:939][445]LogModuleManager: Shutting down and abandoning module LuminRuntimeSettings (544)
[2020.01.26-18.57.22:939][445]LogModuleManager: Shutting down and abandoning module IOSRuntimeSettings (542)
[2020.01.26-18.57.22:939][445]LogModuleManager: Shutting down and abandoning module AndroidRuntimeSettings (540)
[2020.01.26-18.57.22:939][445]LogModuleManager: Shutting down and abandoning module TimeManagementEditor (538)
[2020.01.26-18.57.22:940][445]LogModuleManager: Shutting down and abandoning module InputBindingEditor (536)
[2020.01.26-18.57.22:940][445]LogModuleManager: Shutting down and abandoning module MergeActors (534)
[2020.01.26-18.57.22:940][445]LogModuleManager: Shutting down and abandoning module LocalizationDashboard (532)
[2020.01.26-18.57.22:940][445]LogModuleManager: Shutting down and abandoning module LocalizationService (531)
[2020.01.26-18.57.22:940][445]LogModuleManager: Shutting down and abandoning module HardwareTargeting (528)
[2020.01.26-18.57.22:940][445]LogModuleManager: Shutting down and abandoning module DeviceProfileEditor (526)
[2020.01.26-18.57.22:940][445]LogModuleManager: Shutting down and abandoning module UndoHistory (524)
[2020.01.26-18.57.22:940][445]LogModuleManager: Shutting down and abandoning module XmlParser (522)
[2020.01.26-18.57.22:940][445]LogModuleManager: Shutting down and abandoning module Blutility (520)
[2020.01.26-18.57.22:940][445]LogModuleManager: Shutting down and abandoning module ProjectSettingsViewer (518)
[2020.01.26-18.57.22:940][445]LogModuleManager: Shutting down and abandoning module ProjectTargetPlatformEditor (517)
[2020.01.26-18.57.22:940][445]LogModuleManager: Shutting down and abandoning module EditorSettingsViewer (514)
[2020.01.26-18.57.22:941][445]LogModuleManager: Shutting down and abandoning module SettingsEditor (512)
[2020.01.26-18.57.22:941][445]LogModuleManager: Shutting down and abandoning module ProjectLauncher (510)
[2020.01.26-18.57.22:941][445]LogModuleManager: Shutting down and abandoning module SessionFrontend (508)
[2020.01.26-18.57.22:941][445]LogModuleManager: Shutting down and abandoning module ProfilerClient (506)
[2020.01.26-18.57.22:941][445]LogModuleManager: Shutting down and abandoning module DeviceManager (504)
[2020.01.26-18.57.22:941][445]LogModuleManager: Shutting down and abandoning module TargetDeviceServices (503)
[2020.01.26-18.57.22:985][445]LogModuleManager: Shutting down and abandoning module AutomationController (500)
[2020.01.26-18.57.22:985][445]LogModuleManager: Shutting down and abandoning module AutomationWindow (498)
[2020.01.26-18.57.22:985][445]LogModuleManager: Shutting down and abandoning module Layers (496)
[2020.01.26-18.57.22:985][445]LogModuleManager: Shutting down and abandoning module ComponentVisualizers (494)
[2020.01.26-18.57.22:985][445]LogModuleManager: Shutting down and abandoning module DetailCustomizations (492)
[2020.01.26-18.57.22:985][445]LogModuleManager: Shutting down and abandoning module PackagesDialog (490)
[2020.01.26-18.57.22:985][445]LogModuleManager: Shutting down and abandoning module AnimationBlueprintEditor (488)
[2020.01.26-18.57.22:985][445]LogModuleManager: Shutting down and abandoning module Persona (486)
[2020.01.26-18.57.22:985][445]LogModuleManager: Shutting down and abandoning module AdvancedPreviewScene (485)
[2020.01.26-18.57.22:985][445]LogModuleManager: Shutting down and abandoning module AnimGraph (483)
[2020.01.26-18.57.22:985][445]LogModuleManager: Shutting down and abandoning module Kismet (480)
[2020.01.26-18.57.22:986][445]LogModuleManager: Shutting down and abandoning module KismetWidgets (479)
[2020.01.26-18.57.22:986][445]LogModuleManager: Shutting down and abandoning module GraphEditor (476)
[2020.01.26-18.57.22:986][445]LogModuleManager: Shutting down and abandoning module StructViewer (474)
[2020.01.26-18.57.22:986][445]LogModuleManager: Shutting down and abandoning module ClassViewer (472)
[2020.01.26-18.57.22:986][445]LogModuleManager: Shutting down and abandoning module Toolbox (470)
[2020.01.26-18.57.22:986][445]LogModuleManager: Shutting down and abandoning module ModuleUI (468)
[2020.01.26-18.57.22:986][445]LogModuleManager: Shutting down and abandoning module MovieSceneTools (466)
[2020.01.26-18.57.22:986][445]LogModuleManager: Shutting down and abandoning module OutputLog (464)
[2020.01.26-18.57.22:990][445]LogModuleManager: Shutting down and abandoning module GammaUI (462)
[2020.01.26-18.57.22:990][445]LogModuleManager: Shutting down and abandoning module Documentation (460)
[2020.01.26-18.57.22:991][445]LogModuleManager: Shutting down and abandoning module LiveCoding (458)
[2020.01.26-18.57.22:991][445]LogModuleManager: Shutting down and abandoning module LevelSequence (456)
[2020.01.26-18.57.22:991][445]LogModuleManager: Shutting down and abandoning module MovieSceneTracks (454)
[2020.01.26-18.57.22:991][445]LogModuleManager: Shutting down and abandoning module MovieScene (452)
[2020.01.26-18.57.22:991][445]LogModuleManager: Shutting down and abandoning module StreamingPauseRendering (450)
[2020.01.26-18.57.22:991][445]LogModuleManager: Shutting down and abandoning module LauncherPlatform (448)
[2020.01.26-18.57.22:991][445]LogModuleManager: Shutting down and abandoning module AnalyticsET (446)
[2020.01.26-18.57.22:991][445]LogModuleManager: Shutting down and abandoning module PortalServices (444)
[2020.01.26-18.57.22:991][445]LogModuleManager: Shutting down and abandoning module PortalRpc (442)
[2020.01.26-18.57.22:991][445]LogModuleManager: Shutting down and abandoning module MessagingRpc (440)
[2020.01.26-18.57.22:991][445]LogModuleManager: Shutting down and abandoning module AIModule (438)
[2020.01.26-18.57.22:991][445]LogModuleManager: Shutting down and abandoning module GameplayDebugger (437)
[2020.01.26-18.57.22:991][445]LogModuleManager: Shutting down and abandoning module AITestSuite (435)
[2020.01.26-18.57.22:991][445]LogModuleManager: Shutting down and abandoning module NavigationSystem (433)
[2020.01.26-18.57.22:991][445]LogModuleManager: Shutting down and abandoning module DesktopPlatform (430)
[2020.01.26-18.57.22:991][445]LogModuleManager: Shutting down and abandoning module ImageWriteQueue (428)
[2020.01.26-18.57.22:994][445]LogModuleManager: Shutting down and abandoning module ProfilerService (426)
[2020.01.26-18.57.23:001][445]LogModuleManager: Shutting down and abandoning module TaskGraph (424)
[2020.01.26-18.57.23:001][445]LogModuleManager: Shutting down and abandoning module ScreenshotTools (422)
[2020.01.26-18.57.23:001][445]LogModuleManager: Shutting down and abandoning module SteamVRController (420)
[2020.01.26-18.57.23:001][445]LogModuleManager: Shutting down and abandoning module ProceduralMeshComponentEditor (418)
[2020.01.26-18.57.23:001][445]LogModuleManager: Shutting down and abandoning module ProceduralMeshComponent (416)
[2020.01.26-18.57.23:001][445]LogModuleManager: Shutting down and abandoning module OculusEditor (414)
[2020.01.26-18.57.23:001][445]LogModuleManager: Shutting down and abandoning module OculusInput (412)
[2020.01.26-18.57.23:001][445]LogModuleManager: Shutting down and abandoning module MobilePatchingUtils (410)
[2020.01.26-18.57.23:001][445]LogModuleManager: Shutting down and abandoning module EditableMesh (408)
[2020.01.26-18.57.23:001][445]LogModuleManager: Shutting down and abandoning module CustomMeshComponent (406)
[2020.01.26-18.57.23:001][445]LogModuleManager: Shutting down and abandoning module CableComponent (404)
[2020.01.26-18.57.23:001][445]LogModuleManager: Shutting down and abandoning module AudioCapture (402)
[2020.01.26-18.57.23:001][445]LogModuleManager: Shutting down and abandoning module ArchVisCharacter (400)
[2020.01.26-18.57.23:001][445]LogModuleManager: Shutting down and abandoning module AppleImageUtilsBlueprintSupport (398)
[2020.01.26-18.57.23:001][445]LogModuleManager: Shutting down and abandoning module AppleImageUtils (396)
[2020.01.26-18.57.23:001][445]LogModuleManager: Shutting down and abandoning module AndroidPermission (394)
[2020.01.26-18.57.23:001][445]LogModuleManager: Shutting down and abandoning module NUTUnrealEngine4 (392)
[2020.01.26-18.57.23:001][445]LogModuleManager: Shutting down and abandoning module NetcodeUnitTest (390)
[2020.01.26-18.57.23:001][445]LogModuleManager: Shutting down and abandoning module MediaCompositing (388)
[2020.01.26-18.57.23:001][445]LogModuleManager: Shutting down and abandoning module ImgMedia (386)
[2020.01.26-18.57.23:001][445]LogModuleManager: Shutting down and abandoning module MagicLeapHelperVulkan (384)
[2020.01.26-18.57.23:001][445]LogModuleManager: Shutting down and abandoning module MagicLeapHelperOpenGL (382)
[2020.01.26-18.57.23:001][445]LogModuleManager: Shutting down and abandoning module MagicLeapAudio (380)
[2020.01.26-18.57.23:001][445]LogModuleManager: Shutting down and abandoning module HTML5Networking (378)
[2020.01.26-18.57.23:001][445]LogModuleManager: Shutting down and abandoning module GeometryCacheTracks (376)
[2020.01.26-18.57.23:001][445]LogModuleManager: Shutting down and abandoning module GeometryCacheSequencer (374)
[2020.01.26-18.57.23:001][445]LogModuleManager: Shutting down and abandoning module BackChannel (372)
[2020.01.26-18.57.23:001][445]LogModuleManager: Shutting down and abandoning module AutomationUtilsEditor (370)
[2020.01.26-18.57.23:001][445]LogModuleManager: Shutting down and abandoning module AutomationUtils (368)
[2020.01.26-18.57.23:001][445]LogModuleManager: Shutting down and abandoning module AlembicImporter (366)
[2020.01.26-18.57.23:001][445]LogModuleManager: Shutting down and abandoning module AlembicLibrary (365)
[2020.01.26-18.57.23:001][445]LogModuleManager: Shutting down and abandoning module GeometryCache (364)
[2020.01.26-18.57.23:001][445]LogModuleManager: Shutting down and abandoning module GeometryCacheEd (363)
[2020.01.26-18.57.23:001][445]LogModuleManager: Shutting down and abandoning module VariantManagerContent (358)
[2020.01.26-18.57.23:001][445]LogModuleManager: Shutting down and abandoning module DatasmithContentEditor (356)
[2020.01.26-18.57.23:001][445]LogModuleManager: Shutting down and abandoning module SpeedTreeImporter (354)
[2020.01.26-18.57.23:001][445]LogModuleManager: Shutting down and abandoning module PluginBrowser (352)
[2020.01.26-18.57.23:001][445]LogModuleManager: Shutting down and abandoning module MobileLauncherProfileWizard (350)
[2020.01.26-18.57.23:001][445]LogModuleManager: Shutting down and abandoning module MaterialAnalyzer (348)
[2020.01.26-18.57.23:001][445]LogModuleManager: Shutting down and abandoning module CurveEditorTools (346)
[2020.01.26-18.57.23:001][445]LogModuleManager: Shutting down and abandoning module CurveEditor (345)
[2020.01.26-18.57.23:001][445]LogModuleManager: Shutting down and abandoning module CryptoKeysOpenSSL (342)
[2020.01.26-18.57.23:001][445]LogModuleManager: Shutting down and abandoning module CryptoKeys (340)
[2020.01.26-18.57.23:001][445]LogModuleManager: Shutting down and abandoning module VisualStudioSourceCodeAccess (338)
[2020.01.26-18.57.23:001][445]LogModuleManager: Shutting down and abandoning module VisualStudioCodeSourceCodeAccess (336)
[2020.01.26-18.57.23:001][445]LogModuleManager: Shutting down and abandoning module UObjectPlugin (334)
[2020.01.26-18.57.23:002][445]LogModuleManager: Shutting down and abandoning module SubversionSourceControl (332)
[2020.01.26-18.57.23:002][445]LogModuleManager: Shutting down and abandoning module PerforceSourceControl (330)
[2020.01.26-18.57.23:002][445]LogModuleManager: Shutting down and abandoning module GitSourceControl (328)
[2020.01.26-18.57.23:002][445]LogModuleManager: Shutting down and abandoning module SourceControl (327)
[2020.01.26-18.57.23:002][445]LogModuleManager: Shutting down and abandoning module CLionSourceCodeAccess (324)
[2020.01.26-18.57.23:002][445]LogModuleManager: Shutting down and abandoning module AnimationSharingEd (322)
[2020.01.26-18.57.23:002][445]LogModuleManager: Shutting down and abandoning module ActorLayerUtilitiesEditor (320)
[2020.01.26-18.57.23:002][445]LogModuleManager: Shutting down and abandoning module ActorLayerUtilities (318)
[2020.01.26-18.57.23:002][445]LogModuleManager: Shutting down and abandoning module LightPropagationVolumeEditor (316)
[2020.01.26-18.57.23:002][445]LogModuleManager: Shutting down and abandoning module PaperTiledImporter (314)
[2020.01.26-18.57.23:002][445]LogModuleManager: Shutting down and abandoning module PaperSpriteSheetImporter (312)
[2020.01.26-18.57.23:002][445]LogModuleManager: Shutting down and abandoning module Paper2DEditor (310)
[2020.01.26-18.57.23:002][445]LogModuleManager: Shutting down and abandoning module SignificanceManager (308)
[2020.01.26-18.57.23:002][445]LogModuleManager: Shutting down and abandoning module RuntimePhysXCooking (306)
[2020.01.26-18.57.23:002][445]LogModuleManager: Shutting down and abandoning module PhysXVehiclesEditor (304)
[2020.01.26-18.57.23:002][445]LogModuleManager: Shutting down and abandoning module LocationServicesBPLibrary (300)
[2020.01.26-18.57.23:002][445]LogModuleManager: Shutting down and abandoning module ActorSequence (298)
[2020.01.26-18.57.23:002][445]LogModuleManager: Shutting down and abandoning module UdpMessaging (296)
[2020.01.26-18.57.23:102][445]LogModuleManager: Shutting down and abandoning module TcpMessaging (294)
[2020.01.26-18.57.23:203][445]LogModuleManager: Shutting down and abandoning module MagicLeapIdentity (292)
[2020.01.26-18.57.23:203][445]LogModuleManager: Shutting down and abandoning module MagicLeapSecureStorage (290)
[2020.01.26-18.57.23:203][445]LogModuleManager: Shutting down and abandoning module MagicLeapHandTracking (288)
[2020.01.26-18.57.23:203][445]LogModuleManager: Shutting down and abandoning module MagicLeapEyeTracker (286)
[2020.01.26-18.57.23:203][445]LogModuleManager: Shutting down and abandoning module MagicLeapController (284)
[2020.01.26-18.57.23:203][445]LogSlate: Slate User Destroyed.  User Index 0, Is Virtual User: 0
[2020.01.26-18.57.23:204][445]LogModuleManager: Shutting down and abandoning module MagicLeapAR (282)
[2020.01.26-18.57.23:204][445]LogModuleManager: Shutting down and abandoning module AugmentedReality (281)
[2020.01.26-18.57.23:204][445]LogModuleManager: Shutting down and abandoning module GameplayTagsEditor (278)
[2020.01.26-18.57.23:204][445]LogModuleManager: Shutting down and abandoning module FacialAnimationEditor (276)
[2020.01.26-18.57.23:204][445]LogModuleManager: Shutting down and abandoning module FacialAnimation (274)
[2020.01.26-18.57.23:204][445]LogModuleManager: Shutting down and abandoning module DataValidation (272)
[2020.01.26-18.57.23:204][445]LogModuleManager: Shutting down and abandoning module AssetManagerEditor (270)
[2020.01.26-18.57.23:204][445]LogModuleManager: Shutting down and abandoning module LevelEditor (269)
[2020.01.26-18.57.23:205][445]LogModuleManager: Shutting down and abandoning module PixelInspectorModule (268)
[2020.01.26-18.57.23:205][445]LogModuleManager: Shutting down and abandoning module CommonMenuExtensions (266)
[2020.01.26-18.57.23:205][445]LogModuleManager: Shutting down and abandoning module MainFrame (264)
[2020.01.26-18.57.23:205][445]LogModuleManager: Shutting down and abandoning module HotReload (263)
[2020.01.26-18.57.23:206][445]LogModuleManager: Shutting down and abandoning module ContentBrowser (259)
[2020.01.26-18.57.23:208][445]LogModuleManager: Shutting down and abandoning module TreeMap (257)
[2020.01.26-18.57.23:208][445]LogModuleManager: Shutting down and abandoning module AnimationSharing (254)
[2020.01.26-18.57.23:208][445]LogModuleManager: Shutting down and abandoning module LightPropagationVolumeRuntime (252)
[2020.01.26-18.57.23:208][445]LogModuleManager: Shutting down and abandoning module Paper2D (250)
[2020.01.26-18.57.23:208][445]LogModuleManager: Shutting down and abandoning module WindowsMoviePlayer (248)
[2020.01.26-18.57.23:208][445]LogModuleManager: Shutting down and abandoning module WebMMoviePlayer (246)
[2020.01.26-18.57.23:208][445]LogModuleManager: Shutting down and abandoning module NetworkReplayStreaming (244)
[2020.01.26-18.57.23:208][445]LogModuleManager: Shutting down and abandoning module PacketHandler (242)
[2020.01.26-18.57.23:209][445]LogModuleManager: Shutting down and abandoning module ClothingSystemEditor (240)
[2020.01.26-18.57.23:209][445]LogModuleManager: Shutting down and abandoning module ClothingSystemRuntime (238)
[2020.01.26-18.57.23:209][445]LogModuleManager: Shutting down and abandoning module MediaAssets (236)
[2020.01.26-18.57.23:209][445]LogModuleManager: Shutting down and abandoning module Overlay (234)
[2020.01.26-18.57.23:209][445]LogModuleManager: Shutting down and abandoning module OverlayEditor (233)
[2020.01.26-18.57.23:209][445]LogModuleManager: Shutting down and abandoning module VREditor (230)
[2020.01.26-18.57.23:209][445]LogModuleManager: Shutting down and abandoning module StringTableEditor (228)
[2020.01.26-18.57.23:209][445]LogModuleManager: Shutting down and abandoning module GameplayTasksEditor (226)
[2020.01.26-18.57.23:209][445]LogModuleManager: Shutting down and abandoning module BehaviorTreeEditor (224)
[2020.01.26-18.57.23:209][445]LogModuleManager: Shutting down and abandoning module FunctionalTesting (222)
[2020.01.26-18.57.23:209][445]LogModuleManager: Shutting down and abandoning module CollisionAnalyzer (220)
[2020.01.26-18.57.23:209][445]LogModuleManager: Shutting down and abandoning module WorkspaceMenuStructure (219)
[2020.01.26-18.57.23:209][445]LogModuleManager: Shutting down and abandoning module UMG (216)
[2020.01.26-18.57.23:209][445]LogModuleManager: Shutting down and abandoning module UMGEditor (215)
[2020.01.26-18.57.23:209][445]LogModuleManager: Shutting down and abandoning module Sequencer (214)
[2020.01.26-18.57.23:209][445]LogModuleManager: Shutting down and abandoning module MessageLog (211)
[2020.01.26-18.57.23:209][445]LogModuleManager: Shutting down and abandoning module SlateReflector (206)
[2020.01.26-18.57.23:209][445]LogModuleManager: Shutting down and abandoning module Slate (204)
[2020.01.26-18.57.23:209][445]LogModuleManager: Shutting down and abandoning module LandscapeEditorUtilities (202)
[2020.01.26-18.57.23:209][445]LogModuleManager: Shutting down and abandoning module EditorStyle (200)
[2020.01.26-18.57.23:211][445]LogModuleManager: Shutting down and abandoning module UnrealEd (198)
[2020.01.26-18.57.23:211][445]LogModuleManager: Shutting down and abandoning module MRMesh (196)
[2020.01.26-18.57.23:211][445]LogModuleManager: Shutting down and abandoning module SourceCodeAccess (194)
[2020.01.26-18.57.23:211][445]LogModuleManager: Shutting down and abandoning module HeadMountedDisplay (192)
[2020.01.26-18.57.23:211][445]LogModuleManager: Shutting down and abandoning module XAudio2 (190)
[2020.01.26-18.57.23:211][445]LogModuleManager: Shutting down and abandoning module Networking (188)
[2020.01.26-18.57.23:211][445]LogModuleManager: Shutting down and abandoning module Core (186)
[2020.01.26-18.57.23:211][445]LogModuleManager: Shutting down and abandoning module KismetCompiler (184)
[2020.01.26-18.57.23:211][445]LogModuleManager: Shutting down and abandoning module MeshUtilities (182)
[2020.01.26-18.57.23:211][445]LogModuleManager: Shutting down and abandoning module MeshMergeUtilities (181)
[2020.01.26-18.57.23:211][445]LogModuleManager: Shutting down and abandoning module MeshReductionInterface (180)
[2020.01.26-18.57.23:211][445]LogModuleManager: Shutting down and abandoning module SkeletalMeshReduction (179)
[2020.01.26-18.57.23:211][445]LogModuleManager: Shutting down and abandoning module ProxyLODMeshReduction (177)
[2020.01.26-18.57.23:211][445]LogModuleManager: Shutting down and abandoning module QuadricMeshReduction (175)
[2020.01.26-18.57.23:211][445]LogModuleManager: Shutting down and abandoning module MaterialBaking (171)
[2020.01.26-18.57.23:211][445]LogModuleManager: Shutting down and abandoning module NullInstallBundleManager (166)
[2020.01.26-18.57.23:211][445]LogModuleManager: Shutting down and abandoning module DerivedDataCache (164)
[2020.01.26-18.57.23:211][445]LogDerivedDataCache: Shutdown
[2020.01.26-18.57.23:211][445]LogModuleManager: Shutting down and abandoning module XGEController (162)
[2020.01.26-18.57.23:212][445]LogModuleManager: Shutting down and abandoning module TargetPlatform (160)
[2020.01.26-18.57.23:212][445]LogModuleManager: Shutting down and abandoning module VulkanShaderFormat (159)
[2020.01.26-18.57.23:212][445]LogModuleManager: Shutting down and abandoning module ShaderFormatVectorVM (157)
[2020.01.26-18.57.23:212][445]LogModuleManager: Shutting down and abandoning module ShaderFormatOpenGL (155)
[2020.01.26-18.57.23:212][445]LogModuleManager: Shutting down and abandoning module ShaderFormatD3D (153)
[2020.01.26-18.57.23:212][445]LogModuleManager: Shutting down and abandoning module MetalShaderFormat (151)
[2020.01.26-18.57.23:212][445]LogModuleManager: Shutting down and abandoning module TextureFormatUncompressed (149)
[2020.01.26-18.57.23:212][445]LogModuleManager: Shutting down and abandoning module TextureFormatPVR (147)
[2020.01.26-18.57.23:212][445]LogModuleManager: Shutting down and abandoning module TextureFormatDXT (145)
[2020.01.26-18.57.23:212][445]LogModuleManager: Shutting down and abandoning module TextureFormatIntelISPCTexComp (143)
[2020.01.26-18.57.23:212][445]LogModuleManager: Shutting down and abandoning module TextureFormatASTC (141)
[2020.01.26-18.57.23:212][445]LogModuleManager: Shutting down and abandoning module ImageWrapper (140)
[2020.01.26-18.57.23:212][445]LogModuleManager: Shutting down and abandoning module TextureFormatAndroid (137)
[2020.01.26-18.57.23:212][445]LogModuleManager: Shutting down and abandoning module AudioFormatOpus (135)
[2020.01.26-18.57.23:212][445]LogModuleManager: Shutting down and abandoning module AudioFormatOgg (133)
[2020.01.26-18.57.23:212][445]LogModuleManager: Shutting down and abandoning module AudioFormatADPCM (131)
[2020.01.26-18.57.23:212][445]LogModuleManager: Shutting down and abandoning module LuminTargetPlatform (129)
[2020.01.26-18.57.23:222][445]LogModuleManager: Shutting down and abandoning module LinuxTargetPlatform (127)
[2020.01.26-18.57.23:222][445]LogModuleManager: Shutting down and abandoning module LinuxServerTargetPlatform (125)
[2020.01.26-18.57.23:222][445]LogModuleManager: Shutting down and abandoning module LinuxNoEditorTargetPlatform (123)
[2020.01.26-18.57.23:222][445]LogModuleManager: Shutting down and abandoning module LinuxClientTargetPlatform (121)
[2020.01.26-18.57.23:222][445]LogModuleManager: Shutting down and abandoning module TVOSTargetPlatform (119)
[2020.01.26-18.57.23:226][445]LogModuleManager: Shutting down and abandoning module Messaging (117)
[2020.01.26-18.57.23:226][445]LogModuleManager: Shutting down and abandoning module IOSTargetPlatform (115)
[2020.01.26-18.57.23:229][445]LogModuleManager: Shutting down and abandoning module HTML5TargetPlatform (113)
[2020.01.26-18.57.23:229][445]LogModuleManager: Shutting down and abandoning module AndroidTargetPlatform (111)
[2020.01.26-18.57.23:255][445]LogModuleManager: Shutting down and abandoning module WindowsTargetPlatform (109)
[2020.01.26-18.57.23:255][445]LogModuleManager: Shutting down and abandoning module WindowsServerTargetPlatform (107)
[2020.01.26-18.57.23:255][445]LogModuleManager: Shutting down and abandoning module WindowsNoEditorTargetPlatform (105)
[2020.01.26-18.57.23:256][445]LogModuleManager: Shutting down and abandoning module WindowsClientTargetPlatform (103)
[2020.01.26-18.57.23:256][445]LogModuleManager: Shutting down and abandoning module MacTargetPlatform (101)
[2020.01.26-18.57.23:256][445]LogModuleManager: Shutting down and abandoning module MacServerTargetPlatform (99)
[2020.01.26-18.57.23:256][445]LogModuleManager: Shutting down and abandoning module MacNoEditorTargetPlatform (97)
[2020.01.26-18.57.23:256][445]LogModuleManager: Shutting down and abandoning module MacClientTargetPlatform (95)
[2020.01.26-18.57.23:256][445]LogModuleManager: Shutting down and abandoning module AllDesktopTargetPlatform (93)
[2020.01.26-18.57.23:256][445]LogModuleManager: Shutting down and abandoning module InputCore (90)
[2020.01.26-18.57.23:256][445]LogModuleManager: Shutting down and abandoning module Settings (88)
[2020.01.26-18.57.23:256][445]LogModuleManager: Shutting down and abandoning module DirectoryWatcher (86)
[2020.01.26-18.57.23:256][445]LogModuleManager: Shutting down and abandoning module PhysXCooking (84)
[2020.01.26-18.57.23:256][445]LogModuleManager: Shutting down and abandoning module WindowsPlatformFeatures (82)
[2020.01.26-18.57.23:256][445]LogModuleManager: Shutting down and abandoning module GameplayMediaEncoder (81)
[2020.01.26-18.57.23:256][445]LogModuleManager: Shutting down and abandoning module SteamVR (78)
[2020.01.26-18.57.23:256][445]LogHMD: Freeing OpenVRDLLHandle.
[2020.01.26-18.57.23:256][445]LogModuleManager: Shutting down and abandoning module OculusHMD (76)
[2020.01.26-18.57.23:256][445]LogModuleManager: Shutting down and abandoning module ExampleDeviceProfileSelector (74)
[2020.01.26-18.57.23:256][445]LogModuleManager: Shutting down and abandoning module LauncherChunkInstaller (72)
[2020.01.26-18.57.23:256][445]LogModuleManager: Shutting down and abandoning module OnlineBlueprintSupport (70)
[2020.01.26-18.57.23:257][445]LogModuleManager: Shutting down and abandoning module OnlineSubsystem (66)
[2020.01.26-18.57.23:258][445]LogModuleManager: Shutting down and abandoning module XMPP (61)
[2020.01.26-18.57.23:258][445]LogModuleManager: Shutting down and abandoning module WebSockets (60)
[2020.01.26-18.57.23:265][445]LogModuleManager: Shutting down and abandoning module HTTP (57)
[2020.01.26-18.57.23:265][445]LogHttp: Display: Http module shutting down, but needs to wait on 1 outstanding Http requests:
[2020.01.26-18.57.23:265][445]LogHttp: Display: 	verb=[POST] url=[https://datarouter.ol.epicgames.com/datarouter/api/v1/public/data?SessionID=%7B77236B01-44BD-AACB-398F-B0B4805939A2%7D&AppID=UEEditor.Rocket.Release&AppVersion=4.23.1-9631420%2B%2B%2BUE4%2BRelease-4.23&UserID=b7367f514bcf47f3782f499948337182%7C0382994034dc4f6bbe5c05cbae825090%7C26c0a086-b539-454f-83c2-978d8d02ce36&AppEnvironment=datacollector-binary&UploadType=eteventstream] status=Processing
[2020.01.26-18.57.23:278][445]LogModuleManager: Shutting down and abandoning module SSL (56)
[2020.01.26-18.57.23:280][445]LogModuleManager: Shutting down and abandoning module WmfMedia (52)
[2020.01.26-18.57.23:281][445]LogModuleManager: Shutting down and abandoning module Media (51)
[2020.01.26-18.57.23:282][445]LogModuleManager: Shutting down and abandoning module MagicLeap (48)
[2020.01.26-18.57.23:282][445]LogModuleManager: Shutting down and abandoning module DatasmithContent (46)
[2020.01.26-18.57.23:282][445]LogModuleManager: Shutting down and abandoning module AISupportModule (44)
[2020.01.26-18.57.23:282][445]LogModuleManager: Shutting down and abandoning module PlatformCryptoOpenSSL (42)
[2020.01.26-18.57.23:282][445]LogModuleManager: Shutting down and abandoning module PlatformCrypto (40)
[2020.01.26-18.57.23:282][445]LogModuleManager: Shutting down and abandoning module AnimationModifiers (38)
[2020.01.26-18.57.23:282][445]LogModuleManager: Shutting down and abandoning module PropertyEditor (37)
[2020.01.26-18.57.23:282][445]LogModuleManager: Shutting down and abandoning module AudioEditor (34)
[2020.01.26-18.57.23:283][445]LogModuleManager: Shutting down and abandoning module TextureCompressor (32)
[2020.01.26-18.57.23:283][445]LogModuleManager: Shutting down and abandoning module RenderCore (30)
[2020.01.26-18.57.23:283][445]LogModuleManager: Shutting down and abandoning module Landscape (28)
[2020.01.26-18.57.23:283][445]LogModuleManager: Shutting down and abandoning module SlateRHIRenderer (26)
[2020.01.26-18.57.23:285][445]LogModuleManager: Shutting down and abandoning module OpenGLDrv (24)
[2020.01.26-18.57.23:285][445]LogModuleManager: Shutting down and abandoning module D3D11RHI (22)
[2020.01.26-18.57.23:285][445]LogModuleManager: Shutting down and abandoning module AnimGraphRuntime (20)
[2020.01.26-18.57.23:285][445]LogModuleManager: Shutting down and abandoning module Renderer (18)
[2020.01.26-18.57.23:285][445]LogModuleManager: Shutting down and abandoning module Engine (16)
[2020.01.26-18.57.23:285][445]LogModuleManager: Shutting down and abandoning module CoreUObject (14)
[2020.01.26-18.57.23:285][445]LogModuleManager: Shutting down and abandoning module NetworkFile (12)
[2020.01.26-18.57.23:285][445]LogModuleManager: Shutting down and abandoning module CookedIterativeFile (10)
[2020.01.26-18.57.23:285][445]LogModuleManager: Shutting down and abandoning module StreamingFile (8)
[2020.01.26-18.57.23:285][445]LogModuleManager: Shutting down and abandoning module SandboxFile (6)
[2020.01.26-18.57.23:285][445]LogModuleManager: Shutting down and abandoning module PakFile (4)
[2020.01.26-18.57.23:285][445]LogModuleManager: Shutting down and abandoning module RSA (3)
[2020.01.26-18.57.23:287][445]LogD3D11RHI: Shutdown
[2020.01.26-18.57.23:287][445]LogD3D11RHI: CleanupD3DDevice
[2020.01.26-18.57.23:289][445]LogRendererCore: FGlobalDynamicReadBuffer::Cleanup()
[2020.01.26-18.57.23:289][445]LogRendererCore: FGlobalDynamicReadBuffer::Cleanup()
[2020.01.26-18.57.23:289][445]LogRendererCore: FGlobalDynamicReadBuffer::Cleanup()
[2020.01.26-18.57.23:551][445]LogD3D11RHI: ~FD3D11DynamicRHI
[2020.01.26-18.57.23:567][445]LogExit: Exiting.
[2020.01.26-18.57.23:590][445]Log file closed, 01/26/20 18:57:23
