Log file open, 01/25/20 21:36:26
LogWindows: Failed to load 'aqProf.dll' (GetLastError=126)
LogWindows: File 'aqProf.dll' does not exist
LogWindows: Failed to load 'VtuneApi.dll' (GetLastError=126)
LogWindows: File 'VtuneApi.dll' does not exist
LogWindows: Failed to load 'VtuneApi32e.dll' (GetLastError=126)
LogWindows: File 'VtuneApi32e.dll' does not exist
LogConsoleResponse: Display: Failed to find resolution value strings in scalability ini. Falling back to default.
LogInit: Display: Running engine for game: Park
LogPlatformFile: Not using cached read wrapper
LogTaskGraph: Started task graph with 5 named threads and 47 total threads with 3 sets of task threads.
LogStats: Stats thread started at 0.068455
LogD3D11RHI: Loaded GFSDK_Aftermath_Lib.x64.dll
LogICUInternationalization: ICU TimeZone Detection - Raw Offset: +0:00, Platform Override: ''
LogPluginManager: Mounting plugin Paper2D
LogPluginManager: Mounting plugin AISupport
LogPluginManager: Mounting plugin LightPropagationVolume
LogPluginManager: Mounting plugin ActorLayerUtilities
LogPluginManager: Mounting plugin AnimationSharing
LogPluginManager: Mounting plugin CLionSourceCodeAccess
LogPluginManager: Mounting plugin CodeLiteSourceCodeAccess
LogPluginManager: Mounting plugin GitSourceControl
LogPluginManager: Mounting plugin KDevelopSourceCodeAccess
LogPluginManager: Mounting plugin NullSourceCodeAccess
LogPluginManager: Mounting plugin PerforceSourceControl
LogPluginManager: Mounting plugin SubversionSourceControl
LogPluginManager: Mounting plugin UObjectPlugin
LogPluginManager: Mounting plugin VisualStudioCodeSourceCodeAccess
LogPluginManager: Mounting plugin VisualStudioSourceCodeAccess
LogPluginManager: Mounting plugin XCodeSourceCodeAccess
LogPluginManager: Mounting plugin AssetManagerEditor
LogPluginManager: Mounting plugin CryptoKeys
LogPluginManager: Mounting plugin CurveEditorTools
LogPluginManager: Mounting plugin DataValidation
LogPluginManager: Mounting plugin FacialAnimation
LogPluginManager: Mounting plugin GameplayTagsEditor
LogPluginManager: Mounting plugin MacGraphicsSwitching
LogPluginManager: Mounting plugin MaterialAnalyzer
LogPluginManager: Mounting plugin MobileLauncherProfileWizard
LogPluginManager: Mounting plugin PluginBrowser
LogPluginManager: Mounting plugin SpeedTreeImporter
LogPluginManager: Mounting plugin DatasmithContent
LogPluginManager: Mounting plugin VariantManagerContent
LogPluginManager: Mounting plugin AlembicImporter
LogPluginManager: Mounting plugin AutomationUtils
LogPluginManager: Mounting plugin BackChannel
LogPluginManager: Mounting plugin CharacterAI
LogPluginManager: Mounting plugin GeometryCache
LogPluginManager: Mounting plugin HTML5Networking
LogPluginManager: Mounting plugin PlatformCrypto
LogPluginManager: Mounting plugin ProxyLODPlugin
LogPluginManager: Mounting plugin SkeletalReduction
LogPluginManager: Mounting plugin MagicLeap
LogPluginManager: Mounting plugin MagicLeapMedia
LogPluginManager: Mounting plugin AndroidMedia
LogPluginManager: Mounting plugin AvfMedia
LogPluginManager: Mounting plugin ImgMedia
LogPluginManager: Mounting plugin MediaCompositing
LogPluginManager: Mounting plugin MediaPlayerEditor
LogPluginManager: Mounting plugin WebMMedia
LogPluginManager: Mounting plugin WmfMedia
LogPluginManager: Mounting plugin TcpMessaging
LogPluginManager: Mounting plugin UdpMessaging
LogPluginManager: Mounting plugin ActorSequence
LogPluginManager: Mounting plugin LevelSequenceEditor
LogPluginManager: Mounting plugin MatineeToLevelSequence
LogPluginManager: Mounting plugin NetcodeUnitTest
LogPluginManager: Mounting plugin NUTUnrealEngine4
LogPluginManager: Mounting plugin OnlineSubsystemGooglePlay
LogPluginManager: Mounting plugin OnlineSubsystemIOS
LogPluginManager: Mounting plugin OnlineSubsystem
LogPluginManager: Mounting plugin OnlineSubsystemNull
LogPluginManager: Mounting plugin OnlineSubsystemUtils
LogPluginManager: Mounting plugin LauncherChunkInstaller
LogPluginManager: Mounting plugin AndroidDeviceProfileSelector
LogPluginManager: Mounting plugin AndroidMoviePlayer
LogPluginManager: Mounting plugin AndroidPermission
LogPluginManager: Mounting plugin AppleImageUtils
LogPluginManager: Mounting plugin AppleMoviePlayer
LogPluginManager: Mounting plugin ArchVisCharacter
LogPluginManager: Mounting plugin AudioCapture
LogPluginManager: Mounting plugin CableComponent
LogPluginManager: Mounting plugin CustomMeshComponent
LogPluginManager: Mounting plugin EditableMesh
LogPluginManager: Mounting plugin ExampleDeviceProfileSelector
LogPluginManager: Mounting plugin GoogleCloudMessaging
LogPluginManager: Mounting plugin IOSDeviceProfileSelector
LogPluginManager: Mounting plugin LinuxDeviceProfileSelector
LogPluginManager: Mounting plugin LocationServicesBPLibrary
LogPluginManager: Mounting plugin MobilePatchingUtils
LogPluginManager: Mounting plugin OculusVR
LogPluginManager: Mounting plugin PhysXVehicles
LogPluginManager: Mounting plugin ProceduralMeshComponent
LogPluginManager: Mounting plugin RuntimePhysXCooking
LogPluginManager: Mounting plugin SignificanceManager
LogPluginManager: Mounting plugin SteamVR
LogPluginManager: Mounting plugin WebMMoviePlayer
LogPluginManager: Mounting plugin WindowsMoviePlayer
LogPluginManager: Mounting plugin ScreenshotTools
LogInit: Using libcurl 7.55.1-DEV
LogInit:  - built for x86_64-pc-win32
LogInit:  - supports SSL with OpenSSL/1.1.1
LogInit:  - supports HTTP deflate (compression) using libz 1.2.8
LogInit:  - other features:
LogInit:      CURL_VERSION_SSL
LogInit:      CURL_VERSION_LIBZ
LogInit:      CURL_VERSION_IPV6
LogInit:      CURL_VERSION_ASYNCHDNS
LogInit:      CURL_VERSION_LARGEFILE
LogInit:      CURL_VERSION_IDN
LogInit:  CurlRequestOptions (configurable via config and command line):
LogInit:  - bVerifyPeer = true  - Libcurl will verify peer certificate
LogInit:  - bUseHttpProxy = false  - Libcurl will NOT use HTTP proxy
LogInit:  - bDontReuseConnections = false  - Libcurl will reuse connections
LogInit:  - MaxHostConnections = 16  - Libcurl will limit the number of connections to a host
LogInit:  - LocalHostAddr = Default
LogInit:  - BufferSize = 65536
LogOnline: OSS: Creating online subsystem instance for: NULL
LogInit: WinSock: version 1.1 (2.2), MaxSocks=32767, MaxUdp=65467
LogInit: Build: ++UE4+Release-4.23-CL-9631420
LogInit: Engine Version: 4.23.1-9631420+++UE4+Release-4.23
LogInit: Compatible Engine Version: 4.23.0-8386587+++UE4+Release-4.23
LogInit: Net CL: 8386587
LogInit: OS: Windows 10 (Release 1909) (), CPU: Intel(R) Core(TM) i7-7820X CPU @ 3.60GHz, GPU: NVIDIA GeForce GTX 1080 Ti
LogInit: Compiled (64-bit): Oct 18 2019 02:07:44
LogInit: Compiled with Visual C++: 19.16.27030.01
LogInit: Build Configuration: Development
LogInit: Branch Name: ++UE4+Release-4.23
LogInit: Command Line: 
LogInit: Base Directory: D:/UE_4.23/Engine/Binaries/Win64/
LogInit: Installed Engine Build: 1
LogDevObjectVersion: Number of dev versions registered: 23
LogDevObjectVersion:   Dev-Blueprints (B0D832E4-1F89-4F0D-ACCF-7EB736FD4AA2): 10
LogDevObjectVersion:   Dev-Build (E1C64328-A22C-4D53-A36C-8E866417BD8C): 0
LogDevObjectVersion:   Dev-Core (375EC13C-06E4-48FB-B500-84F0262A717E): 3
LogDevObjectVersion:   Dev-Editor (E4B068ED-F494-42E9-A231-DA0B2E46BB41): 34
LogDevObjectVersion:   Dev-Framework (CFFC743F-43B0-4480-9391-14DF171D2073): 35
LogDevObjectVersion:   Dev-Mobile (B02B49B5-BB20-44E9-A304-32B752E40360): 2
LogDevObjectVersion:   Dev-Networking (A4E4105C-59A1-49B5-A7C5-40C4547EDFEE): 0
LogDevObjectVersion:   Dev-Online (39C831C9-5AE6-47DC-9A44-9C173E1C8E7C): 0
LogDevObjectVersion:   Dev-Physics (78F01B33-EBEA-4F98-B9B4-84EACCB95AA2): 0
LogDevObjectVersion:   Dev-Platform (6631380F-2D4D-43E0-8009-CF276956A95A): 0
LogDevObjectVersion:   Dev-Rendering (12F88B9F-8875-4AFC-A67C-D90C383ABD29): 31
LogDevObjectVersion:   Dev-Sequencer (7B5AE74C-D270-4C10-A958-57980B212A5A): 11
LogDevObjectVersion:   Dev-VR (D7296918-1DD6-4BDD-9DE2-64A83CC13884): 2
LogDevObjectVersion:   Dev-LoadTimes (C2A15278-BFE7-4AFE-6C17-90FF531DF755): 1
LogDevObjectVersion:   Private-Geometry (6EACA3D4-40EC-4CC1-B786-8BED09428FC5): 3
LogDevObjectVersion:   Dev-AnimPhys (29E575DD-E0A3-4627-9D10-D276232CDCEA): 17
LogDevObjectVersion:   Dev-Anim (AF43A65D-7FD3-4947-9873-3E8ED9C1BB05): 2
LogDevObjectVersion:   Dev-ReflectionCapture (6B266CEC-1EC7-4B8F-A30B-E4D90942FC07): 1
LogDevObjectVersion:   Dev-Automation (0DF73D61-A23F-47EA-B727-89E90C41499A): 1
LogDevObjectVersion:   FortniteMain (601D1886-AC64-4F84-AA16-D3DE0DEAC7D6): 27
LogDevObjectVersion:   Dev-Enterprise (9DFFBCD6-494F-0158-E221-12823C92A888): 6
LogDevObjectVersion:   Dev-Niagara (F2AED0AC-9AFE-416F-8664-AA7FFA26D6FC): 1
LogDevObjectVersion:   Dev-Destruction (174F1F0B-B4C6-45A5-B13F-2EE8D0FB917D): 9
LogInit: Presizing for max 16777216 objects, including 0 objects not considered by GC, pre-allocating 0 bytes for permanent pool.
LogInit: Object subsystem initialized
LogConfig: Setting CVar [[con.DebugEarlyDefault:1]]
LogConfig: Setting CVar [[r.setres:1280x720]]
[2020.01.25-21.36.26:616][  0]LogConfig: Setting CVar [[r.VSync:0]]
[2020.01.25-21.36.26:616][  0]LogConfig: Setting CVar [[r.RHICmdBypass:0]]
[2020.01.25-21.36.26:616][  0]LogConfig: Applying CVar settings from Section [/Script/Engine.RendererSettings] File [D:/Art/Park_SFAS/Park/Saved/Config/Windows/Engine.ini]
[2020.01.25-21.36.26:616][  0]LogConfig: Setting CVar [[r.GPUCrashDebugging:0]]
[2020.01.25-21.36.26:616][  0]LogConfig: Setting CVar [[r.DefaultFeature.AutoExposure.ExtendDefaultLuminanceRange:1]]
[2020.01.25-21.36.26:616][  0]LogConfig: Applying CVar settings from Section [/Script/Engine.RendererOverrideSettings] File [D:/Art/Park_SFAS/Park/Saved/Config/Windows/Engine.ini]
[2020.01.25-21.36.26:616][  0]LogConfig: Applying CVar settings from Section [/Script/Engine.StreamingSettings] File [D:/Art/Park_SFAS/Park/Saved/Config/Windows/Engine.ini]
[2020.01.25-21.36.26:616][  0]LogConfig: Setting CVar [[s.MinBulkDataSizeForAsyncLoading:131072]]
[2020.01.25-21.36.26:616][  0]LogConfig: Setting CVar [[s.AsyncLoadingThreadEnabled:0]]
[2020.01.25-21.36.26:616][  0]LogConfig: Setting CVar [[s.EventDrivenLoaderEnabled:1]]
[2020.01.25-21.36.26:616][  0]LogConfig: Setting CVar [[s.WarnIfTimeLimitExceeded:0]]
[2020.01.25-21.36.26:616][  0]LogConfig: Setting CVar [[s.TimeLimitExceededMultiplier:1.5]]
[2020.01.25-21.36.26:616][  0]LogConfig: Setting CVar [[s.TimeLimitExceededMinTime:0.005]]
[2020.01.25-21.36.26:616][  0]LogConfig: Setting CVar [[s.UseBackgroundLevelStreaming:1]]
[2020.01.25-21.36.26:616][  0]LogConfig: Setting CVar [[s.PriorityAsyncLoadingExtraTime:15.0]]
[2020.01.25-21.36.26:616][  0]LogConfig: Setting CVar [[s.LevelStreamingActorsUpdateTimeLimit:5.0]]
[2020.01.25-21.36.26:616][  0]LogConfig: Setting CVar [[s.PriorityLevelStreamingActorsUpdateExtraTime:5.0]]
[2020.01.25-21.36.26:616][  0]LogConfig: Setting CVar [[s.LevelStreamingComponentsRegistrationGranularity:10]]
[2020.01.25-21.36.26:616][  0]LogConfig: Setting CVar [[s.UnregisterComponentsTimeLimit:1.0]]
[2020.01.25-21.36.26:616][  0]LogConfig: Setting CVar [[s.LevelStreamingComponentsUnregistrationGranularity:5]]
[2020.01.25-21.36.26:616][  0]LogConfig: Applying CVar settings from Section [/Script/Engine.GarbageCollectionSettings] File [D:/Art/Park_SFAS/Park/Saved/Config/Windows/Engine.ini]
[2020.01.25-21.36.26:616][  0]LogConfig: Setting CVar [[gc.MaxObjectsNotConsideredByGC:1]]
[2020.01.25-21.36.26:616][  0]LogConfig: Setting CVar [[gc.SizeOfPermanentObjectPool:0]]
[2020.01.25-21.36.26:616][  0]LogConfig: Setting CVar [[gc.FlushStreamingOnGC:0]]
[2020.01.25-21.36.26:616][  0]LogConfig: Setting CVar [[gc.NumRetriesBeforeForcingGC:10]]
[2020.01.25-21.36.26:616][  0]LogConfig: Setting CVar [[gc.AllowParallelGC:1]]
[2020.01.25-21.36.26:616][  0]LogConfig: Setting CVar [[gc.TimeBetweenPurgingPendingKillObjects:61.1]]
[2020.01.25-21.36.26:616][  0]LogConfig: Setting CVar [[gc.MaxObjectsInEditor:16777216]]
[2020.01.25-21.36.26:616][  0]LogConfig: Setting CVar [[gc.IncrementalBeginDestroyEnabled:1]]
[2020.01.25-21.36.26:616][  0]LogConfig: Setting CVar [[gc.CreateGCClusters:1]]
[2020.01.25-21.36.26:616][  0]LogConfig: Setting CVar [[gc.MinGCClusterSize:5]]
[2020.01.25-21.36.26:616][  0]LogConfig: Setting CVar [[gc.ActorClusteringEnabled:0]]
[2020.01.25-21.36.26:616][  0]LogConfig: Setting CVar [[gc.BlueprintClusteringEnabled:0]]
[2020.01.25-21.36.26:616][  0]LogConfig: Setting CVar [[gc.UseDisregardForGCOnDedicatedServers:0]]
[2020.01.25-21.36.26:616][  0]LogConfig: Applying CVar settings from Section [/Script/Engine.NetworkSettings] File [D:/Art/Park_SFAS/Park/Saved/Config/Windows/Engine.ini]
[2020.01.25-21.36.26:616][  0]LogConfig: Applying CVar settings from Section [/Script/UnrealEd.CookerSettings] File [D:/Art/Park_SFAS/Park/Saved/Config/Windows/Engine.ini]
[2020.01.25-21.36.26:621][  0]LogConfig: Applying CVar settings from Section [ViewDistanceQuality@3] File [D:/Art/Park_SFAS/Park/Saved/Config/Windows/Scalability.ini]
[2020.01.25-21.36.26:621][  0]LogConfig: Setting CVar [[r.SkeletalMeshLODBias:0]]
[2020.01.25-21.36.26:621][  0]LogConfig: Setting CVar [[r.ViewDistanceScale:1.0]]
[2020.01.25-21.36.26:621][  0]LogConfig: Applying CVar settings from Section [AntiAliasingQuality@3] File [D:/Art/Park_SFAS/Park/Saved/Config/Windows/Scalability.ini]
[2020.01.25-21.36.26:621][  0]LogConfig: Setting CVar [[r.PostProcessAAQuality:4]]
[2020.01.25-21.36.26:621][  0]LogConfig: Applying CVar settings from Section [ShadowQuality@3] File [D:/Art/Park_SFAS/Park/Saved/Config/Windows/Scalability.ini]
[2020.01.25-21.36.26:621][  0]LogConfig: Setting CVar [[r.LightFunctionQuality:1]]
[2020.01.25-21.36.26:621][  0]LogConfig: Setting CVar [[r.ShadowQuality:5]]
[2020.01.25-21.36.26:621][  0]LogConfig: Setting CVar [[r.Shadow.CSM.MaxCascades:10]]
[2020.01.25-21.36.26:621][  0]LogConfig: Setting CVar [[r.Shadow.MaxResolution:2048]]
[2020.01.25-21.36.26:621][  0]LogConfig: Setting CVar [[r.Shadow.MaxCSMResolution:2048]]
[2020.01.25-21.36.26:621][  0]LogConfig: Setting CVar [[r.Shadow.RadiusThreshold:0.01]]
[2020.01.25-21.36.26:621][  0]LogConfig: Setting CVar [[r.Shadow.DistanceScale:1.0]]
[2020.01.25-21.36.26:621][  0]LogConfig: Setting CVar [[r.Shadow.CSM.TransitionScale:1.0]]
[2020.01.25-21.36.26:621][  0]LogConfig: Setting CVar [[r.Shadow.PreShadowResolutionFactor:1.0]]
[2020.01.25-21.36.26:621][  0]LogConfig: Setting CVar [[r.DistanceFieldShadowing:1]]
[2020.01.25-21.36.26:621][  0]LogConfig: Setting CVar [[r.DistanceFieldAO:1]]
[2020.01.25-21.36.26:621][  0]LogConfig: Setting CVar [[r.AOQuality:2]]
[2020.01.25-21.36.26:621][  0]LogConfig: Setting CVar [[r.VolumetricFog:1]]
[2020.01.25-21.36.26:621][  0]LogConfig: Setting CVar [[r.VolumetricFog.GridPixelSize:8]]
[2020.01.25-21.36.26:621][  0]LogConfig: Setting CVar [[r.VolumetricFog.GridSizeZ:128]]
[2020.01.25-21.36.26:621][  0]LogConfig: Setting CVar [[r.VolumetricFog.HistoryMissSupersampleCount:4]]
[2020.01.25-21.36.26:621][  0]LogConfig: Setting CVar [[r.LightMaxDrawDistanceScale:1]]
[2020.01.25-21.36.26:621][  0]LogConfig: Setting CVar [[r.CapsuleShadows:1]]
[2020.01.25-21.36.26:621][  0]LogConfig: Applying CVar settings from Section [PostProcessQuality@3] File [D:/Art/Park_SFAS/Park/Saved/Config/Windows/Scalability.ini]
[2020.01.25-21.36.26:621][  0]LogConfig: Setting CVar [[r.MotionBlurQuality:4]]
[2020.01.25-21.36.26:621][  0]LogConfig: Setting CVar [[r.AmbientOcclusionMipLevelFactor:0.4]]
[2020.01.25-21.36.26:621][  0]LogConfig: Setting CVar [[r.AmbientOcclusionMaxQuality:100]]
[2020.01.25-21.36.26:621][  0]LogConfig: Setting CVar [[r.AmbientOcclusionLevels:-1]]
[2020.01.25-21.36.26:621][  0]LogConfig: Setting CVar [[r.AmbientOcclusionRadiusScale:1.0]]
[2020.01.25-21.36.26:621][  0]LogConfig: Setting CVar [[r.DepthOfFieldQuality:2]]
[2020.01.25-21.36.26:621][  0]LogConfig: Setting CVar [[r.RenderTargetPoolMin:400]]
[2020.01.25-21.36.26:622][  0]LogConfig: Setting CVar [[r.LensFlareQuality:2]]
[2020.01.25-21.36.26:622][  0]LogConfig: Setting CVar [[r.SceneColorFringeQuality:1]]
[2020.01.25-21.36.26:622][  0]LogConfig: Setting CVar [[r.EyeAdaptationQuality:2]]
[2020.01.25-21.36.26:622][  0]LogConfig: Setting CVar [[r.BloomQuality:5]]
[2020.01.25-21.36.26:622][  0]LogConfig: Setting CVar [[r.FastBlurThreshold:100]]
[2020.01.25-21.36.26:622][  0]LogConfig: Setting CVar [[r.Upscale.Quality:3]]
[2020.01.25-21.36.26:622][  0]LogConfig: Setting CVar [[r.Tonemapper.GrainQuantization:1]]
[2020.01.25-21.36.26:622][  0]LogConfig: Setting CVar [[r.LightShaftQuality:1]]
[2020.01.25-21.36.26:622][  0]LogConfig: Setting CVar [[r.Filter.SizeScale:1]]
[2020.01.25-21.36.26:622][  0]LogConfig: Setting CVar [[r.Tonemapper.Quality:5]]
[2020.01.25-21.36.26:622][  0]LogConfig: Setting CVar [[r.DOF.Gather.AccumulatorQuality:1        ; higher gathering accumulator quality]]
[2020.01.25-21.36.26:622][  0]LogConfig: Setting CVar [[r.DOF.Gather.PostfilterMethod:1          ; Median3x3 postfilering method]]
[2020.01.25-21.36.26:622][  0]LogConfig: Setting CVar [[r.DOF.Gather.EnableBokehSettings:0       ; no bokeh simulation when gathering]]
[2020.01.25-21.36.26:622][  0]LogConfig: Setting CVar [[r.DOF.Gather.RingCount:4                 ; medium number of samples when gathering]]
[2020.01.25-21.36.26:622][  0]LogConfig: Setting CVar [[r.DOF.Scatter.ForegroundCompositing:1    ; additive foreground scattering]]
[2020.01.25-21.36.26:622][  0]LogConfig: Setting CVar [[r.DOF.Scatter.BackgroundCompositing:2    ; additive background scattering]]
[2020.01.25-21.36.26:622][  0]LogConfig: Setting CVar [[r.DOF.Scatter.EnableBokehSettings:1      ; bokeh simulation when scattering]]
[2020.01.25-21.36.26:622][  0]LogConfig: Setting CVar [[r.DOF.Scatter.MaxSpriteRatio:0.1         ; only a maximum of 10% of scattered bokeh]]
[2020.01.25-21.36.26:622][  0]LogConfig: Setting CVar [[r.DOF.Recombine.Quality:1                ; cheap slight out of focus]]
[2020.01.25-21.36.26:622][  0]LogConfig: Setting CVar [[r.DOF.Recombine.EnableBokehSettings:0    ; no bokeh simulation on slight out of focus]]
[2020.01.25-21.36.26:622][  0]LogConfig: Setting CVar [[r.DOF.TemporalAAQuality:1                ; more stable temporal accumulation]]
[2020.01.25-21.36.26:622][  0]LogConfig: Setting CVar [[r.DOF.Kernel.MaxForegroundRadius:0.025]]
[2020.01.25-21.36.26:622][  0]LogConfig: Setting CVar [[r.DOF.Kernel.MaxBackgroundRadius:0.025]]
[2020.01.25-21.36.26:622][  0]LogConfig: Applying CVar settings from Section [TextureQuality@3] File [D:/Art/Park_SFAS/Park/Saved/Config/Windows/Scalability.ini]
[2020.01.25-21.36.26:622][  0]LogConfig: Setting CVar [[r.Streaming.MipBias:0]]
[2020.01.25-21.36.26:622][  0]LogConfig: Setting CVar [[r.Streaming.AmortizeCPUToGPUCopy:0]]
[2020.01.25-21.36.26:622][  0]LogConfig: Setting CVar [[r.Streaming.MaxNumTexturesToStreamPerFrame:0]]
[2020.01.25-21.36.26:622][  0]LogConfig: Setting CVar [[r.Streaming.Boost:1]]
[2020.01.25-21.36.26:622][  0]LogConfig: Setting CVar [[r.MaxAnisotropy:8]]
[2020.01.25-21.36.26:622][  0]LogConfig: Setting CVar [[r.Streaming.LimitPoolSizeToVRAM:0]]
[2020.01.25-21.36.26:622][  0]LogConfig: Setting CVar [[r.Streaming.PoolSize:1000]]
[2020.01.25-21.36.26:622][  0]LogConfig: Setting CVar [[r.Streaming.MaxEffectiveScreenSize:0]]
[2020.01.25-21.36.26:622][  0]LogConfig: Applying CVar settings from Section [EffectsQuality@3] File [D:/Art/Park_SFAS/Park/Saved/Config/Windows/Scalability.ini]
[2020.01.25-21.36.26:622][  0]LogConfig: Setting CVar [[r.TranslucencyLightingVolumeDim:64]]
[2020.01.25-21.36.26:622][  0]LogConfig: Setting CVar [[r.RefractionQuality:2]]
[2020.01.25-21.36.26:622][  0]LogConfig: Setting CVar [[r.SSR.Quality:3]]
[2020.01.25-21.36.26:622][  0]LogConfig: Setting CVar [[r.SceneColorFormat:4]]
[2020.01.25-21.36.26:622][  0]LogConfig: Setting CVar [[r.DetailMode:2]]
[2020.01.25-21.36.26:622][  0]LogConfig: Setting CVar [[r.TranslucencyVolumeBlur:1]]
[2020.01.25-21.36.26:622][  0]LogConfig: Setting CVar [[r.MaterialQualityLevel:1 ; High quality]]
[2020.01.25-21.36.26:622][  0]LogConfig: Setting CVar [[r.SSS.Scale:1]]
[2020.01.25-21.36.26:622][  0]LogConfig: Setting CVar [[r.SSS.SampleSet:2]]
[2020.01.25-21.36.26:622][  0]LogConfig: Setting CVar [[r.SSS.Quality:1]]
[2020.01.25-21.36.26:622][  0]LogConfig: Setting CVar [[r.SSS.HalfRes:1]]
[2020.01.25-21.36.26:622][  0]LogConfig: Setting CVar [[r.EmitterSpawnRateScale:1.0]]
[2020.01.25-21.36.26:622][  0]LogConfig: Setting CVar [[r.ParticleLightQuality:2]]
[2020.01.25-21.36.26:622][  0]LogConfig: Applying CVar settings from Section [FoliageQuality@3] File [D:/Art/Park_SFAS/Park/Saved/Config/Windows/Scalability.ini]
[2020.01.25-21.36.26:622][  0]LogConfig: Setting CVar [[foliage.DensityScale:1.0]]
[2020.01.25-21.36.26:622][  0]LogConfig: Setting CVar [[grass.DensityScale:1.0]]
[2020.01.25-21.36.26:622][  0]LogInit: Selected Device Profile: [Windows]
[2020.01.25-21.36.26:622][  0]LogInit: Applying CVar settings loaded from the selected device profile: [Windows]
[2020.01.25-21.36.26:624][  0]LogHAL: Display: Platform has ~ 32 GB [34014822400 / 34359738368 / 32], which maps to Largest [LargestMinGB=32, LargerMinGB=12, DefaultMinGB=8, SmallerMinGB=6, SmallestMinGB=0)
[2020.01.25-21.36.26:624][  0]LogInit: Going up to parent DeviceProfile []
[2020.01.25-21.36.26:624][  0]LogConfig: Applying CVar settings from Section [ViewDistanceQuality@3] File [D:/Art/Park_SFAS/Park/Saved/Config/Windows/Scalability.ini]
[2020.01.25-21.36.26:624][  0]LogConfig: Setting CVar [[r.SkeletalMeshLODBias:0]]
[2020.01.25-21.36.26:624][  0]LogConfig: Setting CVar [[r.ViewDistanceScale:1.0]]
[2020.01.25-21.36.26:624][  0]LogConfig: Applying CVar settings from Section [AntiAliasingQuality@3] File [D:/Art/Park_SFAS/Park/Saved/Config/Windows/Scalability.ini]
[2020.01.25-21.36.26:624][  0]LogConfig: Setting CVar [[r.PostProcessAAQuality:4]]
[2020.01.25-21.36.26:624][  0]LogConfig: Applying CVar settings from Section [ShadowQuality@3] File [D:/Art/Park_SFAS/Park/Saved/Config/Windows/Scalability.ini]
[2020.01.25-21.36.26:624][  0]LogConfig: Setting CVar [[r.LightFunctionQuality:1]]
[2020.01.25-21.36.26:625][  0]LogConfig: Setting CVar [[r.ShadowQuality:5]]
[2020.01.25-21.36.26:625][  0]LogConfig: Setting CVar [[r.Shadow.CSM.MaxCascades:10]]
[2020.01.25-21.36.26:625][  0]LogConfig: Setting CVar [[r.Shadow.MaxResolution:2048]]
[2020.01.25-21.36.26:625][  0]LogConfig: Setting CVar [[r.Shadow.MaxCSMResolution:2048]]
[2020.01.25-21.36.26:625][  0]LogConfig: Setting CVar [[r.Shadow.RadiusThreshold:0.01]]
[2020.01.25-21.36.26:625][  0]LogConfig: Setting CVar [[r.Shadow.DistanceScale:1.0]]
[2020.01.25-21.36.26:625][  0]LogConfig: Setting CVar [[r.Shadow.CSM.TransitionScale:1.0]]
[2020.01.25-21.36.26:625][  0]LogConfig: Setting CVar [[r.Shadow.PreShadowResolutionFactor:1.0]]
[2020.01.25-21.36.26:625][  0]LogConfig: Setting CVar [[r.DistanceFieldShadowing:1]]
[2020.01.25-21.36.26:625][  0]LogConfig: Setting CVar [[r.DistanceFieldAO:1]]
[2020.01.25-21.36.26:625][  0]LogConfig: Setting CVar [[r.AOQuality:2]]
[2020.01.25-21.36.26:625][  0]LogConfig: Setting CVar [[r.VolumetricFog:1]]
[2020.01.25-21.36.26:625][  0]LogConfig: Setting CVar [[r.VolumetricFog.GridPixelSize:8]]
[2020.01.25-21.36.26:625][  0]LogConfig: Setting CVar [[r.VolumetricFog.GridSizeZ:128]]
[2020.01.25-21.36.26:625][  0]LogConfig: Setting CVar [[r.VolumetricFog.HistoryMissSupersampleCount:4]]
[2020.01.25-21.36.26:625][  0]LogConfig: Setting CVar [[r.LightMaxDrawDistanceScale:1]]
[2020.01.25-21.36.26:625][  0]LogConfig: Setting CVar [[r.CapsuleShadows:1]]
[2020.01.25-21.36.26:625][  0]LogConfig: Applying CVar settings from Section [PostProcessQuality@3] File [D:/Art/Park_SFAS/Park/Saved/Config/Windows/Scalability.ini]
[2020.01.25-21.36.26:625][  0]LogConfig: Setting CVar [[r.MotionBlurQuality:4]]
[2020.01.25-21.36.26:625][  0]LogConfig: Setting CVar [[r.AmbientOcclusionMipLevelFactor:0.4]]
[2020.01.25-21.36.26:625][  0]LogConfig: Setting CVar [[r.AmbientOcclusionMaxQuality:100]]
[2020.01.25-21.36.26:625][  0]LogConfig: Setting CVar [[r.AmbientOcclusionLevels:-1]]
[2020.01.25-21.36.26:625][  0]LogConfig: Setting CVar [[r.AmbientOcclusionRadiusScale:1.0]]
[2020.01.25-21.36.26:625][  0]LogConfig: Setting CVar [[r.DepthOfFieldQuality:2]]
[2020.01.25-21.36.26:625][  0]LogConfig: Setting CVar [[r.RenderTargetPoolMin:400]]
[2020.01.25-21.36.26:625][  0]LogConfig: Setting CVar [[r.LensFlareQuality:2]]
[2020.01.25-21.36.26:625][  0]LogConfig: Setting CVar [[r.SceneColorFringeQuality:1]]
[2020.01.25-21.36.26:625][  0]LogConfig: Setting CVar [[r.EyeAdaptationQuality:2]]
[2020.01.25-21.36.26:625][  0]LogConfig: Setting CVar [[r.BloomQuality:5]]
[2020.01.25-21.36.26:625][  0]LogConfig: Setting CVar [[r.FastBlurThreshold:100]]
[2020.01.25-21.36.26:625][  0]LogConfig: Setting CVar [[r.Upscale.Quality:3]]
[2020.01.25-21.36.26:625][  0]LogConfig: Setting CVar [[r.Tonemapper.GrainQuantization:1]]
[2020.01.25-21.36.26:625][  0]LogConfig: Setting CVar [[r.LightShaftQuality:1]]
[2020.01.25-21.36.26:625][  0]LogConfig: Setting CVar [[r.Filter.SizeScale:1]]
[2020.01.25-21.36.26:625][  0]LogConfig: Setting CVar [[r.Tonemapper.Quality:5]]
[2020.01.25-21.36.26:625][  0]LogConfig: Setting CVar [[r.DOF.Gather.AccumulatorQuality:1        ; higher gathering accumulator quality]]
[2020.01.25-21.36.26:625][  0]LogConfig: Setting CVar [[r.DOF.Gather.PostfilterMethod:1          ; Median3x3 postfilering method]]
[2020.01.25-21.36.26:625][  0]LogConfig: Setting CVar [[r.DOF.Gather.EnableBokehSettings:0       ; no bokeh simulation when gathering]]
[2020.01.25-21.36.26:625][  0]LogConfig: Setting CVar [[r.DOF.Gather.RingCount:4                 ; medium number of samples when gathering]]
[2020.01.25-21.36.26:625][  0]LogConfig: Setting CVar [[r.DOF.Scatter.ForegroundCompositing:1    ; additive foreground scattering]]
[2020.01.25-21.36.26:625][  0]LogConfig: Setting CVar [[r.DOF.Scatter.BackgroundCompositing:2    ; additive background scattering]]
[2020.01.25-21.36.26:625][  0]LogConfig: Setting CVar [[r.DOF.Scatter.EnableBokehSettings:1      ; bokeh simulation when scattering]]
[2020.01.25-21.36.26:625][  0]LogConfig: Setting CVar [[r.DOF.Scatter.MaxSpriteRatio:0.1         ; only a maximum of 10% of scattered bokeh]]
[2020.01.25-21.36.26:625][  0]LogConfig: Setting CVar [[r.DOF.Recombine.Quality:1                ; cheap slight out of focus]]
[2020.01.25-21.36.26:625][  0]LogConfig: Setting CVar [[r.DOF.Recombine.EnableBokehSettings:0    ; no bokeh simulation on slight out of focus]]
[2020.01.25-21.36.26:625][  0]LogConfig: Setting CVar [[r.DOF.TemporalAAQuality:1                ; more stable temporal accumulation]]
[2020.01.25-21.36.26:625][  0]LogConfig: Setting CVar [[r.DOF.Kernel.MaxForegroundRadius:0.025]]
[2020.01.25-21.36.26:625][  0]LogConfig: Setting CVar [[r.DOF.Kernel.MaxBackgroundRadius:0.025]]
[2020.01.25-21.36.26:625][  0]LogConfig: Applying CVar settings from Section [TextureQuality@3] File [D:/Art/Park_SFAS/Park/Saved/Config/Windows/Scalability.ini]
[2020.01.25-21.36.26:625][  0]LogConfig: Setting CVar [[r.Streaming.MipBias:0]]
[2020.01.25-21.36.26:625][  0]LogConfig: Setting CVar [[r.Streaming.AmortizeCPUToGPUCopy:0]]
[2020.01.25-21.36.26:625][  0]LogConfig: Setting CVar [[r.Streaming.MaxNumTexturesToStreamPerFrame:0]]
[2020.01.25-21.36.26:625][  0]LogConfig: Setting CVar [[r.Streaming.Boost:1]]
[2020.01.25-21.36.26:625][  0]LogConfig: Setting CVar [[r.MaxAnisotropy:8]]
[2020.01.25-21.36.26:625][  0]LogConfig: Setting CVar [[r.Streaming.LimitPoolSizeToVRAM:0]]
[2020.01.25-21.36.26:625][  0]LogConfig: Setting CVar [[r.Streaming.PoolSize:1000]]
[2020.01.25-21.36.26:625][  0]LogConfig: Setting CVar [[r.Streaming.MaxEffectiveScreenSize:0]]
[2020.01.25-21.36.26:625][  0]LogConfig: Applying CVar settings from Section [EffectsQuality@3] File [D:/Art/Park_SFAS/Park/Saved/Config/Windows/Scalability.ini]
[2020.01.25-21.36.26:625][  0]LogConfig: Setting CVar [[r.TranslucencyLightingVolumeDim:64]]
[2020.01.25-21.36.26:625][  0]LogConfig: Setting CVar [[r.RefractionQuality:2]]
[2020.01.25-21.36.26:625][  0]LogConfig: Setting CVar [[r.SSR.Quality:3]]
[2020.01.25-21.36.26:625][  0]LogConfig: Setting CVar [[r.SceneColorFormat:4]]
[2020.01.25-21.36.26:625][  0]LogConfig: Setting CVar [[r.DetailMode:2]]
[2020.01.25-21.36.26:625][  0]LogConfig: Setting CVar [[r.TranslucencyVolumeBlur:1]]
[2020.01.25-21.36.26:625][  0]LogConfig: Setting CVar [[r.MaterialQualityLevel:1 ; High quality]]
[2020.01.25-21.36.26:625][  0]LogConfig: Setting CVar [[r.SSS.Scale:1]]
[2020.01.25-21.36.26:625][  0]LogConfig: Setting CVar [[r.SSS.SampleSet:2]]
[2020.01.25-21.36.26:625][  0]LogConfig: Setting CVar [[r.SSS.Quality:1]]
[2020.01.25-21.36.26:625][  0]LogConfig: Setting CVar [[r.SSS.HalfRes:1]]
[2020.01.25-21.36.26:625][  0]LogConfig: Setting CVar [[r.EmitterSpawnRateScale:1.0]]
[2020.01.25-21.36.26:625][  0]LogConfig: Setting CVar [[r.ParticleLightQuality:2]]
[2020.01.25-21.36.26:625][  0]LogConfig: Applying CVar settings from Section [FoliageQuality@3] File [D:/Art/Park_SFAS/Park/Saved/Config/Windows/Scalability.ini]
[2020.01.25-21.36.26:625][  0]LogConfig: Setting CVar [[foliage.DensityScale:1.0]]
[2020.01.25-21.36.26:625][  0]LogConfig: Setting CVar [[grass.DensityScale:1.0]]
[2020.01.25-21.36.26:625][  0]LogConfig: Applying CVar settings from Section [Startup] File [../../../Engine/Config/ConsoleVariables.ini]
[2020.01.25-21.36.26:626][  0]LogConfig: Setting CVar [[net.UseAdaptiveNetUpdateFrequency:0]]
[2020.01.25-21.36.26:626][  0]LogConfig: Setting CVar [[p.chaos.AllowCreatePhysxBodies:1]]
[2020.01.25-21.36.26:626][  0]LogConfig: Applying CVar settings from Section [ConsoleVariables] File [D:/Art/Park_SFAS/Park/Saved/Config/Windows/Engine.ini]
[2020.01.25-21.36.26:626][  0]LogInit: Computer: JONATHAN-PC
[2020.01.25-21.36.26:626][  0]LogInit: User: Jonathan
[2020.01.25-21.36.26:626][  0]LogInit: CPU Page size=4096, Cores=8
[2020.01.25-21.36.26:626][  0]LogInit: High frequency timer resolution =10.000000 MHz
[2020.01.25-21.36.26:626][  0]LogMemory: Memory total: Physical=31.7GB (32GB approx)
[2020.01.25-21.36.26:626][  0]LogMemory: Platform Memory Stats for Windows
[2020.01.25-21.36.26:626][  0]LogMemory: Process Physical Memory: 102.11 MB used, 102.11 MB peak
[2020.01.25-21.36.26:626][  0]LogMemory: Process Virtual Memory: 102.30 MB used, 102.30 MB peak
[2020.01.25-21.36.26:626][  0]LogMemory: Physical Memory: 15302.07 MB used,  17136.99 MB free, 32439.06 MB total
[2020.01.25-21.36.26:626][  0]LogMemory: Virtual Memory: 4703.18 MB used,  134213024.00 MB free, 134217728.00 MB total
[2020.01.25-21.36.26:628][  0]LogWindows: WindowsPlatformFeatures enabled
[2020.01.25-21.36.26:648][  0]LogInit: Using OS detected language (en-GB).
[2020.01.25-21.36.26:648][  0]LogInit: Using OS detected locale (en-GB).
[2020.01.25-21.36.26:649][  0]LogTextLocalizationManager: No specific localization for 'en-GB' exists, so the 'en' localization will be used.
[2020.01.25-21.36.26:825][  0]LogInit: Setting process to per monitor DPI aware
[2020.01.25-21.36.26:859][  0]LogSlate: New Slate User Created.  User Index 0, Is Virtual User: 0
[2020.01.25-21.36.26:859][  0]LogSlate: Slate User Registered.  User Index 0, Is Virtual User: 0
[2020.01.25-21.36.27:032][  0]LogHMD: Failed to initialize OpenVR with code 110
[2020.01.25-21.36.27:032][  0]LogD3D11RHI: D3D11 adapters:
[2020.01.25-21.36.27:096][  0]LogD3D11RHI:    0. 'NVIDIA GeForce GTX 1080 Ti' (Feature Level 11_0)
[2020.01.25-21.36.27:096][  0]LogD3D11RHI:       11127/0/16219 MB DedicatedVideo/DedicatedSystem/SharedSystem, Outputs:2, VendorId:0x10de
[2020.01.25-21.36.27:098][  0]LogD3D11RHI:    1. 'Microsoft Basic Render Driver' (Feature Level 11_0)
[2020.01.25-21.36.27:099][  0]LogD3D11RHI:       0/0/16219 MB DedicatedVideo/DedicatedSystem/SharedSystem, Outputs:0, VendorId:0x1414
[2020.01.25-21.36.27:099][  0]LogD3D11RHI: Chosen D3D11 Adapter: 0
[2020.01.25-21.36.27:109][  0]LogD3D11RHI: Creating new Direct3DDevice
[2020.01.25-21.36.27:109][  0]LogD3D11RHI:     GPU DeviceId: 0x1b06 (for the marketing name, search the web for "GPU Device Id")
[2020.01.25-21.36.27:109][  0]LogWindows: EnumDisplayDevices:
[2020.01.25-21.36.27:109][  0]LogWindows:    0. 'NVIDIA GeForce GTX 1080 Ti' (P:1 D:1)
[2020.01.25-21.36.27:110][  0]LogWindows:    1. 'NVIDIA GeForce GTX 1080 Ti' (P:0 D:1)
[2020.01.25-21.36.27:110][  0]LogWindows:    2. 'NVIDIA GeForce GTX 1080 Ti' (P:0 D:0)
[2020.01.25-21.36.27:110][  0]LogWindows:    3. 'NVIDIA GeForce GTX 1080 Ti' (P:0 D:0)
[2020.01.25-21.36.27:110][  0]LogWindows: DebugString: FoundDriverCount:4 
[2020.01.25-21.36.27:110][  0]LogD3D11RHI:     Adapter Name: NVIDIA GeForce GTX 1080 Ti
[2020.01.25-21.36.27:110][  0]LogD3D11RHI:   Driver Version: 432.00 (internal:26.21.14.3200, unified:432.00)
[2020.01.25-21.36.27:110][  0]LogD3D11RHI:      Driver Date: 7-24-2019
[2020.01.25-21.36.27:110][  0]LogRHI: Texture pool is 7788 MB (70% of 11127 MB)
[2020.01.25-21.36.27:153][  0]LogD3D11RHI: Async texture creation enabled
[2020.01.25-21.36.27:168][  0]LogD3D11RHI: GPU Timing Frequency: 1000.000000 (Debug: 2 1)
[2020.01.25-21.36.27:492][  0]LogTemp: Display: Module 'AllDesktopTargetPlatform' loaded TargetPlatform 'AllDesktop'
[2020.01.25-21.36.27:498][  0]LogTemp: Display: Module 'MacClientTargetPlatform' loaded TargetPlatform 'MacClient'
[2020.01.25-21.36.27:505][  0]LogTemp: Display: Module 'MacNoEditorTargetPlatform' loaded TargetPlatform 'MacNoEditor'
[2020.01.25-21.36.27:511][  0]LogTemp: Display: Module 'MacServerTargetPlatform' loaded TargetPlatform 'MacServer'
[2020.01.25-21.36.27:518][  0]LogTemp: Display: Module 'MacTargetPlatform' loaded TargetPlatform 'Mac'
[2020.01.25-21.36.27:525][  0]LogTemp: Display: Module 'WindowsClientTargetPlatform' loaded TargetPlatform 'WindowsClient'
[2020.01.25-21.36.27:531][  0]LogTemp: Display: Module 'WindowsNoEditorTargetPlatform' loaded TargetPlatform 'WindowsNoEditor'
[2020.01.25-21.36.27:538][  0]LogTemp: Display: Module 'WindowsServerTargetPlatform' loaded TargetPlatform 'WindowsServer'
[2020.01.25-21.36.27:541][  0]LogTemp: Display: Module 'WindowsTargetPlatform' loaded TargetPlatform 'Windows'
[2020.01.25-21.36.27:567][  0]LogTemp: Display: Module 'AndroidTargetPlatform' loaded TargetPlatform 'Android'
[2020.01.25-21.36.27:567][  0]LogTemp: Display: Module 'AndroidTargetPlatform' loaded TargetPlatform 'Android_ASTC'
[2020.01.25-21.36.27:567][  0]LogTemp: Display: Module 'AndroidTargetPlatform' loaded TargetPlatform 'Android_ATC'
[2020.01.25-21.36.27:567][  0]LogTemp: Display: Module 'AndroidTargetPlatform' loaded TargetPlatform 'Android_DXT'
[2020.01.25-21.36.27:567][  0]LogTemp: Display: Module 'AndroidTargetPlatform' loaded TargetPlatform 'Android_ETC1'
[2020.01.25-21.36.27:567][  0]LogTemp: Display: Module 'AndroidTargetPlatform' loaded TargetPlatform 'Android_ETC1a'
[2020.01.25-21.36.27:567][  0]LogTemp: Display: Module 'AndroidTargetPlatform' loaded TargetPlatform 'Android_ETC2'
[2020.01.25-21.36.27:568][  0]LogTemp: Display: Module 'AndroidTargetPlatform' loaded TargetPlatform 'Android_PVRTC'
[2020.01.25-21.36.27:568][  0]LogTemp: Display: Module 'AndroidTargetPlatform' loaded TargetPlatform 'AndroidClient'
[2020.01.25-21.36.27:568][  0]LogTemp: Display: Module 'AndroidTargetPlatform' loaded TargetPlatform 'Android_ASTCClient'
[2020.01.25-21.36.27:568][  0]LogTemp: Display: Module 'AndroidTargetPlatform' loaded TargetPlatform 'Android_ATCClient'
[2020.01.25-21.36.27:568][  0]LogTemp: Display: Module 'AndroidTargetPlatform' loaded TargetPlatform 'Android_DXTClient'
[2020.01.25-21.36.27:568][  0]LogTemp: Display: Module 'AndroidTargetPlatform' loaded TargetPlatform 'Android_ETC1Client'
[2020.01.25-21.36.27:568][  0]LogTemp: Display: Module 'AndroidTargetPlatform' loaded TargetPlatform 'Android_ETC1aClient'
[2020.01.25-21.36.27:568][  0]LogTemp: Display: Module 'AndroidTargetPlatform' loaded TargetPlatform 'Android_ETC2Client'
[2020.01.25-21.36.27:568][  0]LogTemp: Display: Module 'AndroidTargetPlatform' loaded TargetPlatform 'Android_PVRTCClient'
[2020.01.25-21.36.27:568][  0]LogTemp: Display: Module 'AndroidTargetPlatform' loaded TargetPlatform 'Android_Multi'
[2020.01.25-21.36.27:568][  0]LogTemp: Display: Module 'AndroidTargetPlatform' loaded TargetPlatform 'Android_MultiClient'
[2020.01.25-21.36.27:569][  0]LogTemp: Display: Module 'HTML5TargetPlatform' loaded TargetPlatform 'HTML5'
[2020.01.25-21.36.27:583][  0]LogTemp: Display: Module 'IOSTargetPlatform' loaded TargetPlatform 'IOSClient'
[2020.01.25-21.36.27:583][  0]LogTemp: Display: Module 'IOSTargetPlatform' loaded TargetPlatform 'IOS'
[2020.01.25-21.36.27:592][  0]LogTemp: Display: Module 'TVOSTargetPlatform' loaded TargetPlatform 'TVOSClient'
[2020.01.25-21.36.27:592][  0]LogTemp: Display: Module 'TVOSTargetPlatform' loaded TargetPlatform 'TVOS'
[2020.01.25-21.36.27:598][  0]LogTemp: Display: Module 'LinuxClientTargetPlatform' loaded TargetPlatform 'LinuxClient'
[2020.01.25-21.36.27:604][  0]LogTemp: Display: Module 'LinuxNoEditorTargetPlatform' loaded TargetPlatform 'LinuxNoEditor'
[2020.01.25-21.36.27:610][  0]LogTemp: Display: Module 'LinuxServerTargetPlatform' loaded TargetPlatform 'LinuxServer'
[2020.01.25-21.36.27:616][  0]LogTemp: Display: Module 'LinuxTargetPlatform' loaded TargetPlatform 'Linux'
[2020.01.25-21.36.27:635][  0]LogTemp: Display: Module 'LuminTargetPlatform' loaded TargetPlatform 'Lumin'
[2020.01.25-21.36.27:635][  0]LogTemp: Display: Module 'LuminTargetPlatform' loaded TargetPlatform 'LuminClient'
[2020.01.25-21.36.27:635][  0]LogTargetPlatformManager: Display: Building Assets For Windows
[2020.01.25-21.36.27:644][  0]LogAudioDebug: Display: Lib vorbis DLL was dynamically loaded.
[2020.01.25-21.36.27:678][  0]LogShaderCompilers: Guid format shader working directory is 16 characters bigger than the processId version (../../../../Art/Park_SFAS/Park/Intermediate/Shaders/WorkingDirectory/2220/).
[2020.01.25-21.36.27:678][  0]LogShaderCompilers: Cleaned the shader compiler working directory 'C:/Users/jonat/AppData/Local/Temp/UnrealShaderWorkingDir/C4045829477AB17443A0F9A26C250EA4/'.
[2020.01.25-21.36.27:679][  0]LogXGEController: Cannot use XGE Controller as Incredibuild is not installed on this machine.
[2020.01.25-21.36.27:679][  0]LogShaderCompilers: Cannot use XGE Shader Compiler as Incredibuild is not installed on this machine.
[2020.01.25-21.36.27:679][  0]LogShaderCompilers: Display: Using Local Shader Compiler.
[2020.01.25-21.36.28:209][  0]LogDerivedDataCache: Display: Max Cache Size: 512 MB
[2020.01.25-21.36.28:258][  0]LogDerivedDataCache: Loaded boot cache 0.05s 73MB C:/Users/jonat/AppData/Local/UnrealEngine/4.23/DerivedDataCache/Boot.ddc.
[2020.01.25-21.36.28:258][  0]LogDerivedDataCache: Display: Loaded Boot cache: C:/Users/jonat/AppData/Local/UnrealEngine/4.23/DerivedDataCache/Boot.ddc
[2020.01.25-21.36.28:258][  0]LogDerivedDataCache: FDerivedDataBackendGraph:  Pak pak cache file ../../../../Art/Park_SFAS/Park/DerivedDataCache/DDC.ddp not found, will not use a pak cache.
[2020.01.25-21.36.28:258][  0]LogDerivedDataCache: Unable to find inner node Pak for hierarchical cache Hierarchy.
[2020.01.25-21.36.28:258][  0]LogDerivedDataCache: FDerivedDataBackendGraph:  CompressedPak pak cache file ../../../../Art/Park_SFAS/Park/DerivedDataCache/Compressed.ddp not found, will not use a pak cache.
[2020.01.25-21.36.28:258][  0]LogDerivedDataCache: Unable to find inner node CompressedPak for hierarchical cache Hierarchy.
[2020.01.25-21.36.28:268][  0]LogDerivedDataCache: Display: Pak cache opened for reading ../../../Engine/DerivedDataCache/Compressed.ddp.
[2020.01.25-21.36.28:268][  0]LogDerivedDataCache: FDerivedDataBackendGraph:  EnterprisePak pak cache file ../../../Enterprise/DerivedDataCache/Compressed.ddp not found, will not use a pak cache.
[2020.01.25-21.36.28:268][  0]LogDerivedDataCache: Unable to find inner node EnterprisePak for hierarchical cache Hierarchy.
[2020.01.25-21.36.28:269][  0]LogDerivedDataCache: Using Local data cache path C:/Users/jonat/AppData/Local/UnrealEngine/Common/DerivedDataCache: Writable
[2020.01.25-21.36.28:269][  0]LogDerivedDataCache: Shared data cache path not found in *engine.ini, will not use an Shared cache.
[2020.01.25-21.36.28:269][  0]LogDerivedDataCache: Unable to find inner node Shared for hierarchical cache Hierarchy.
[2020.01.25-21.36.28:286][  0]LogMaterial: Verifying Global Shaders for PCD3D_SM5
[2020.01.25-21.36.28:289][  0]LogSlate: Using FreeType 2.6.0
[2020.01.25-21.36.28:289][  0]LogSlate: SlateFontServices - WITH_FREETYPE: 1, WITH_HARFBUZZ: 1
[2020.01.25-21.36.28:340][  0]LogAssetRegistry: FAssetRegistry took 0.0023 seconds to start up
[2020.01.25-21.36.28:560][  0]LogInit: Selected Device Profile: [Windows]
[2020.01.25-21.36.28:679][  0]LogMeshReduction: Using QuadricMeshReduction for automatic static mesh reduction
[2020.01.25-21.36.28:679][  0]LogMeshReduction: Using SimplygonMeshReduction for automatic skeletal mesh reduction
[2020.01.25-21.36.28:679][  0]LogMeshReduction: Using ProxyLODMeshReduction for automatic mesh merging
[2020.01.25-21.36.28:679][  0]LogMeshReduction: No distributed automatic mesh merging module available
[2020.01.25-21.36.28:679][  0]LogMeshMerging: No distributed automatic mesh merging module available
[2020.01.25-21.36.28:687][  0]LogNetVersion: Park 1.0.0, NetCL: 8386587, EngineNetVer: 11, GameNetVer: 0 (Checksum: 2217119901)
[2020.01.25-21.36.29:024][  0]LogPackageLocalizationCache: Processed 12 localized package path(s) for 1 prioritized culture(s) in 0.051762 seconds
[2020.01.25-21.36.29:033][  0]LogUObjectArray: 43444 objects as part of root set at end of initial load.
[2020.01.25-21.36.29:033][  0]LogUObjectAllocator: 7548648 out of 0 bytes used by permanent object pool.
[2020.01.25-21.36.29:033][  0]LogUObjectArray: CloseDisregardForGC: 0/0 objects in disregard for GC pool
[2020.01.25-21.36.29:765][  0]LogTcpMessaging: Initializing TcpMessaging bridge
[2020.01.25-21.36.29:768][  0]LogUdpMessaging: Initializing bridge on interface 0.0.0.0:0 to multicast group 230.0.0.1:6666.
[2020.01.25-21.36.29:813][  0]SourceControl: Source control is disabled
[2020.01.25-21.36.29:813][  0]SourceControl: Source control is disabled
[2020.01.25-21.36.29:814][  0]SourceControl: Source control is disabled
[2020.01.25-21.36.29:815][  0]SourceControl: Source control is disabled
[2020.01.25-21.36.29:887][  0]LogAndroidPermission: UAndroidPermissionCallbackProxy::GetInstance
[2020.01.25-21.36.30:038][  0]LogOcInput: OculusInput pre-init called
[2020.01.25-21.36.30:043][  0]LogWindows: Failed to load 'OVRPlugin.dll' (GetLastError=126)
[2020.01.25-21.36.30:043][  0]LogWindows: File 'OVRPlugin.dll' does not exist
[2020.01.25-21.36.30:098][  0]LogEngine: Initializing Engine...
[2020.01.25-21.36.30:098][  0]LogHMD: Failed to initialize OpenVR with code 110
[2020.01.25-21.36.30:099][  0]LogStats: UGameplayTagsManager::InitializeManager -  0.000 s
[2020.01.25-21.36.30:272][  0]LogInit: Initializing FReadOnlyCVARCache
[2020.01.25-21.36.30:282][  0]LogAIModule: Creating AISystem for world Untitled
[2020.01.25-21.36.30:313][  0]LogInit: XAudio2 using 'Speakers (Realtek High Definition Audio)' : 2 channels at 48 kHz using 32 bits per sample (channel mask 0x3)
[2020.01.25-21.36.30:327][  0]LogInit: FAudioDevice initialized.
[2020.01.25-21.36.30:327][  0]LogNetVersion: Set ProjectVersion to 1.0.0.0. Version Checksum will be recalculated on next use.
[2020.01.25-21.36.30:403][  0]LogDerivedDataCache: Saved boot cache 0.08s 73MB C:/Users/jonat/AppData/Local/UnrealEngine/4.23/DerivedDataCache/Boot.ddc.
[2020.01.25-21.36.30:411][  0]LogInit: Texture streaming: Enabled
[2020.01.25-21.36.30:424][  0]LogEngineSessionManager: EngineSessionManager initialized
[2020.01.25-21.36.30:425][  0]LogEditorSessionSummary: Verbose: Initializing EditorSessionSummaryWriter for editor session tracking
[2020.01.25-21.36.30:425][  0]LogEditorSessionSummary: EditorSessionSummaryWriter initialized
[2020.01.25-21.36.30:472][  0]LogInit: Transaction tracking system initialized
[2020.01.25-21.36.30:491][  0]BlueprintLog: New page: Editor Load
[2020.01.25-21.36.30:539][  0]LocalizationService: Localization service is disabled
[2020.01.25-21.36.30:711][  0]LogFileCache: Scanning file cache for directory 'D:/Art/Park_SFAS/Park/Content/' took 0.01s
[2020.01.25-21.36.30:711][  0]LogCook: Display: Max memory allowance for cook 16384mb min free memory 0mb
[2020.01.25-21.36.30:711][  0]LogCook: Display: Mobile HDR setting 1
[2020.01.25-21.36.30:884][  0]SourceControl: Source control is disabled
[2020.01.25-21.36.30:885][  0]Cmd: MAP LOAD FILE="../../../Engine/Content/Maps/Templates/Template_Default.umap" TEMPLATE=1 SHOWPROGRESS=1 FEATURELEVEL=3
[2020.01.25-21.36.30:885][  0]LightingResults: New page: Lighting Build
[2020.01.25-21.36.30:886][  0]LogWorld: UWorld::CleanupWorld for Untitled, bSessionEnded=true, bCleanupResources=true
[2020.01.25-21.36.30:887][  0]MapCheck: New page: Map Check
[2020.01.25-21.36.30:887][  0]LightingResults: New page: Lighting Build
[2020.01.25-21.36.30:926][  0]LogUObjectHash: Compacting FUObjectHashTables data took   1.64ms
[2020.01.25-21.36.30:986][  0]LogAIModule: Creating AISystem for world Untitled_1
[2020.01.25-21.36.30:989][  0]LogEditorServer: Finished looking for orphan Actors (0.000 secs)
[2020.01.25-21.36.31:028][  0]LogUObjectHash: Compacting FUObjectHashTables data took   1.88ms
[2020.01.25-21.36.31:028][  0]Cmd: MAP CHECKDEP NOCLEARLOG
[2020.01.25-21.36.31:028][  0]MapCheck: Map check complete: 0 Error(s), 0 Warning(s), took 0.103ms to complete.
[2020.01.25-21.36.31:028][  0]LogFileHelpers: Loading map 'Template_Default' took 0.144
[2020.01.25-21.36.31:128][  0]LogSlate: Updating window title bar state: overlay mode, drag disabled, window buttons hidden, title bar hidden
[2020.01.25-21.36.31:134][  0]LogSlate: Updating window title bar state: overlay mode, drag disabled, window buttons hidden, title bar hidden
[2020.01.25-21.36.31:140][  0]LogSlate: Updating window title bar state: overlay mode, drag disabled, window buttons hidden, title bar hidden
[2020.01.25-21.36.31:145][  0]LogSlate: Updating window title bar state: overlay mode, drag disabled, window buttons hidden, title bar hidden
[2020.01.25-21.36.31:149][  0]LogCollectionManager: Loaded 0 collections in 0.000948 seconds
[2020.01.25-21.36.31:155][  0]LogFileCache: Scanning file cache for directory 'D:/Art/Park_SFAS/Park/Saved/Collections/' took 0.00s
[2020.01.25-21.36.31:155][  0]LogFileCache: Scanning file cache for directory 'D:/Art/Park_SFAS/Park/Content/Developers/Jonathan/Collections/' took 0.00s
[2020.01.25-21.36.31:155][  0]LogFileCache: Scanning file cache for directory 'D:/Art/Park_SFAS/Park/Content/Collections/' took 0.00s
[2020.01.25-21.36.31:155][  0]LogCollectionManager: Rebuilt the GUID cache for 0 collections in 0.000001 seconds
[2020.01.25-21.36.31:163][  0]LogContentBrowser: Native class hierarchy populated in 0.0077 seconds. Added 2863 classes and 680 folders.
[2020.01.25-21.36.31:167][  0]LogContentBrowser: Native class hierarchy updated for 'WidgetCarousel' in 0.0003 seconds. Added 0 classes and 0 folders.
[2020.01.25-21.36.31:218][  0]LogContentBrowser: Native class hierarchy updated for 'AddContentDialog' in 0.0004 seconds. Added 0 classes and 0 folders.
[2020.01.25-21.36.31:225][  0]LogContentBrowser: Native class hierarchy updated for 'SceneOutliner' in 0.0004 seconds. Added 1 classes and 2 folders.
[2020.01.25-21.36.31:283][  0]LogSlate: Took 0.000223 seconds to synchronously load lazily loaded font '../../../Engine/Content/Slate/Fonts/Roboto-Regular.ttf' (155K)
[2020.01.25-21.36.31:284][  0]LogSlate: Took 0.000179 seconds to synchronously load lazily loaded font '../../../Engine/Content/Slate/Fonts/Roboto-Bold.ttf' (160K)
[2020.01.25-21.36.31:288][  0]LogSlate: Took 0.000170 seconds to synchronously load lazily loaded font '../../../Engine/Content/Editor/Slate/Fonts/FontAwesome.ttf' (139K)
[2020.01.25-21.36.31:339][  0]LogRenderer: Reallocating scene render targets to support 1268x884 Format 10 NumSamples 1 (Frame:1).
[2020.01.25-21.36.31:406][  0]LogContentBrowser: Native class hierarchy updated for 'HierarchicalLODOutliner' in 0.0003 seconds. Added 0 classes and 0 folders.
[2020.01.25-21.36.31:406][  0]LogLoad: (Engine Initialization) Total time: 5.83 seconds
[2020.01.25-21.36.31:406][  0]LogLoad: (Engine Initialization) Total Blueprint compile time: 0.00 seconds
[2020.01.25-21.36.31:452][  0]LogAssetRegistry: Asset discovery search completed in 3.1134 seconds
[2020.01.25-21.36.31:458][  0]LogCollectionManager: Rebuilt the object cache for 0 collections in 0.000009 seconds (found 0 objects)
[2020.01.25-21.36.31:458][  0]LogCollectionManager: Fixed up redirectors for 0 collections in 0.000075 seconds (updated 0 objects)
[2020.01.25-21.36.31:462][  0]LogContentStreaming: Texture pool size now 1000 MB
[2020.01.25-21.36.32:428][112]LogSlate: Took 0.000248 seconds to synchronously load lazily loaded font '../../../Engine/Content/Slate/Fonts/Roboto-Light.ttf' (167K)
[2020.01.25-21.36.33:945][294]LogSlate: FSceneViewport::OnFocusLost() reason 0
[2020.01.25-21.36.34:108][306]LogSlate: Took 0.000239 seconds to synchronously load lazily loaded font '../../../Engine/Content/Slate/Fonts/Roboto-Light.ttf' (167K)
[2020.01.25-21.36.40:918][991]LogMaterial: Display: Missing cached shader map for material m_Foliage, compiling. 
[2020.01.25-21.36.41:011][991]LogAIModule: Creating AISystem for world Diorama
[2020.01.25-21.36.41:021][991]LogShaderCompilers: Display: Worker (1/13): shaders left to compile 58
[2020.01.25-21.36.41:021][991]LogShaderCompilers: Display: Worker (2/13): shaders left to compile 53
[2020.01.25-21.36.41:021][991]LogShaderCompilers: Display: Worker (3/13): shaders left to compile 48
[2020.01.25-21.36.41:021][991]LogShaderCompilers: Display: Worker (4/13): shaders left to compile 43
[2020.01.25-21.36.41:021][991]LogShaderCompilers: Display: Worker (5/13): shaders left to compile 38
[2020.01.25-21.36.41:022][991]LogShaderCompilers: Display: Worker (6/13): shaders left to compile 33
[2020.01.25-21.36.41:022][991]LogShaderCompilers: Display: Worker (7/13): shaders left to compile 28
[2020.01.25-21.36.41:022][991]LogShaderCompilers: Display: Worker (8/13): shaders left to compile 23
[2020.01.25-21.36.41:022][991]LogShaderCompilers: Display: Worker (9/13): shaders left to compile 18
[2020.01.25-21.36.41:022][991]LogShaderCompilers: Display: Worker (10/13): shaders left to compile 13
[2020.01.25-21.36.41:022][991]LogShaderCompilers: Display: Worker (11/13): shaders left to compile 8
[2020.01.25-21.36.41:022][991]LogShaderCompilers: Display: Worker (12/13): shaders left to compile 3
[2020.01.25-21.36.41:030][991]LogAssetEditorManager: Opening Asset editor for World /Game/Diorama.Diorama
[2020.01.25-21.36.41:078][991]LogUObjectHash: Compacting FUObjectHashTables data took   1.36ms
[2020.01.25-21.36.41:079][991]Cmd: MAP LOAD FILE="../../../../Art/Park_SFAS/Park/Content/Diorama.umap" TEMPLATE=0 SHOWPROGRESS=1 FEATURELEVEL=3
[2020.01.25-21.36.41:079][991]LightingResults: New page: Lighting Build
[2020.01.25-21.36.41:079][991]LoadErrors: New page: Loading map: Diorama.umap
[2020.01.25-21.36.41:079][991]LogWorld: UWorld::CleanupWorld for Untitled_1, bSessionEnded=true, bCleanupResources=true
[2020.01.25-21.36.41:080][991]MapCheck: New page: Map Check
[2020.01.25-21.36.41:080][991]LightingResults: New page: Lighting Build
[2020.01.25-21.36.41:119][991]LogUObjectHash: Compacting FUObjectHashTables data took   1.75ms
[2020.01.25-21.36.41:271][991]LogEditorServer: Finished looking for orphan Actors (0.000 secs)
[2020.01.25-21.36.41:313][991]LogUObjectHash: Compacting FUObjectHashTables data took   1.94ms
[2020.01.25-21.36.41:350][991]Cmd: MAP CHECKDEP NOCLEARLOG
[2020.01.25-21.36.41:350][991]MapCheck: Map check complete: 0 Error(s), 0 Warning(s), took 0.205ms to complete.
[2020.01.25-21.36.41:350][991]LogFileHelpers: Loading map 'Diorama' took 0.272
[2020.01.25-21.36.45:554][463]LogSlate: FSceneViewport::OnFocusLost() reason 0
[2020.01.25-21.36.47:986][743]LogTexture: Display: Building textures: HQ_Lightmap0_3 (AutoDXT, 64X64)
[2020.01.25-21.36.47:986][743]LogTexture: Display: Building textures: LQ_Lightmap_0_3 (DXT1, 64X64)
[2020.01.25-21.36.47:986][743]LogTexture: Display: Building textures: LQ_Lightmap_0_2 (DXT1, 512X512)
[2020.01.25-21.36.48:218][743]LogTexture: Display: Building textures: HQ_Lightmap0_2 (AutoDXT, 512X512)
[2020.01.25-21.36.48:218][743]LogTexture: Display: Building textures: LQ_Lightmap_0_1 (DXT1, 1024X1024)
[2020.01.25-21.36.48:218][743]LogTexture: Display: Building textures: HQ_Lightmap0_1 (AutoDXT, 1024X1024)
[2020.01.25-21.36.48:218][743]LogAIModule: Creating AISystem for world Blockout
[2020.01.25-21.36.48:225][743]LogObjectTools: Deleting 1 worlds: /Game/Blockout.Blockout
[2020.01.25-21.36.48:225][743]LogObjectTools: Currently 1 active worlds: /Game/Diorama.Diorama
[2020.01.25-21.36.48:264][743]LogUObjectHash: Compacting FUObjectHashTables data took   1.40ms
[2020.01.25-21.36.49:396][743]LogSlate: Window 'Delete Assets' being destroyed
[2020.01.25-21.36.49:498][743]LogUObjectHash: Compacting FUObjectHashTables data took   1.41ms
[2020.01.25-21.36.49:532][743]LogUObjectHash: Compacting FUObjectHashTables data took   0.74ms
[2020.01.25-21.36.49:571][743]LogUObjectHash: Compacting FUObjectHashTables data took   0.74ms
[2020.01.25-21.36.49:606][743]LogUObjectHash: Compacting FUObjectHashTables data took   0.74ms
[2020.01.25-21.42.31:427][730]LogEditorSessionSummary: EditorSessionSummary sent report. Type=Shutdown, SessionId={8479C69A-4205-6B18-AB71-65882382BA5A}
[2020.01.25-21.44.31:434][130]LogEditorSessionSummary: EditorSessionSummary sent report. Type=Shutdown, SessionId={21AA3E40-4DED-216C-4003-178349F421AB}
[2020.01.25-21.46.31:657][440]LogEditorSessionSummary: EditorSessionSummary sent report. Type=Shutdown, SessionId={363EF090-4D68-04F7-3EE4-7E8FC10F2616}
[2020.01.25-21.46.31:657][440]LogEditorSessionSummary: EditorSessionSummary sent report. Type=Shutdown, SessionId={76D86204-4F4E-059D-F38E-EBB10B4ADECC}
[2020.01.25-21.51.51:716][942]LogSlate: FSceneViewport::OnFocusLost() reason 0
[2020.01.25-21.54.14:530][296]LogEditorViewport: Clicking on Actor (LMB): StaticMeshActor (SM_Pavilion_fountain)
[2020.01.25-21.54.15:969][458]LogSlate: FSceneViewport::OnFocusLost() reason 0
[2020.01.25-21.54.21:564][ 71]LogEditorFactories: Performing atomic reimport of [D:/Art/Park_SFAS/Models/SM_Pavilion_fountain.fbx]
[2020.01.25-21.54.21:808][ 71]LogFbx: Loading FBX Scene from D:/Art/Park_SFAS/Models/SM_Pavilion_fountain.fbx
[2020.01.25-21.54.21:817][ 71]LogFbx: FBX Scene Loaded Succesfully
[2020.01.25-21.54.21:840][ 71]LogFbx: Display: Triangulating static mesh pCylinder27
[2020.01.25-21.54.22:117][ 71]LogStaticMesh: Building static mesh SM_Pavilion_fountain...
[2020.01.25-21.54.22:179][ 71]LogStaticMesh: Built static mesh [0.06s] /Game/Meshes/SM_Pavilion_fountain.SM_Pavilion_fountain
[2020.01.25-21.54.22:216][ 71]LogEditorFactories: -- imported successfully
[2020.01.25-21.54.28:840][282]LogEditorFactories: Performing atomic reimport of [D:/Art/Park_SFAS/Models/SM_Pavilion_fountain.obj]
[2020.01.25-21.54.28:863][282]LogFbx: Loading FBX Scene from D:/Art/Park_SFAS/Models/SM_Pavilion_fountain.obj
[2020.01.25-21.54.28:944][282]LogFbx: FBX Scene Loaded Succesfully
[2020.01.25-21.54.28:951][282]LogFbx: Display: Triangulating static mesh pCylinder79
[2020.01.25-21.54.29:246][282]LogStaticMesh: Building static mesh SM_Pavilion_fountain...
[2020.01.25-21.54.29:328][282]LogStaticMesh: Built static mesh [0.08s] /Game/Meshes/SM_Pavilion_fountain.SM_Pavilion_fountain
[2020.01.25-21.54.30:755][282]LogSlate: Window 'Reimport Material Conflicts Resolution' being destroyed
[2020.01.25-21.54.30:762][282]LogEditorFactories: -- imported successfully
[2020.01.25-21.54.33:306][544]Cmd: CAMERA ALIGN ACTIVEVIEWPORTONLY
[2020.01.25-21.54.36:191][851]Cmd: TRANSACTION UNDO
[2020.01.25-21.54.36:191][851]LogEditorTransaction: Undo Rotate Actors
[2020.01.25-21.54.41:103][370]LogSlate: FSceneViewport::OnFocusLost() reason 0
[2020.01.25-21.54.52:055][564]LogSlate: FSceneViewport::OnFocusLost() reason 2
[2020.01.25-21.54.55:488][906]LogSlate: FSceneViewport::OnFocusLost() reason 0
[2020.01.25-21.54.56:758][ 27]LogAssetEditorManager: Opening Asset editor for Material /Game/Materials/Base_Colour.Base_Colour
[2020.01.25-21.54.56:761][ 27]LogMaterial: Display: Missing cached shader map for material Base_Colour, compiling. 
[2020.01.25-21.54.57:056][ 27]LogMaterial: Display: Missing cached shader map for material Base_Colour, compiling. 
[2020.01.25-21.54.57:084][ 27]LogMaterial: Display: Missing cached shader map for material Base_Colour, compiling. 
[2020.01.25-21.54.57:120][ 27]LogShaderCompilers: Display: Worker (1/13): shaders left to compile 53
[2020.01.25-21.54.57:120][ 27]LogShaderCompilers: Display: Worker (2/13): shaders left to compile 52
[2020.01.25-21.54.57:120][ 27]LogShaderCompilers: Display: Worker (3/13): shaders left to compile 51
[2020.01.25-21.54.57:120][ 27]LogShaderCompilers: Display: Worker (4/13): shaders left to compile 50
[2020.01.25-21.54.57:120][ 27]LogShaderCompilers: Display: Worker (5/13): shaders left to compile 49
[2020.01.25-21.54.57:120][ 27]LogShaderCompilers: Display: Worker (6/13): shaders left to compile 48
[2020.01.25-21.54.57:120][ 27]LogShaderCompilers: Display: Worker (7/13): shaders left to compile 47
[2020.01.25-21.54.57:120][ 27]LogShaderCompilers: Display: Worker (8/13): shaders left to compile 46
[2020.01.25-21.54.57:120][ 27]LogShaderCompilers: Display: Worker (9/13): shaders left to compile 45
[2020.01.25-21.54.57:120][ 27]LogShaderCompilers: Display: Worker (10/13): shaders left to compile 44
[2020.01.25-21.54.57:120][ 27]LogShaderCompilers: Display: Worker (11/13): shaders left to compile 43
[2020.01.25-21.54.57:120][ 27]LogShaderCompilers: Display: Worker (12/13): shaders left to compile 42
[2020.01.25-21.54.57:123][ 27]LogMaterial: Display: Missing cached shader map for material FMatExpressionPreview MaterialExpressionConstant4Vector_0, compiling. 
[2020.01.25-21.54.57:159][ 27]LogSlate: Took 0.000245 seconds to synchronously load lazily loaded font '../../../Engine/Content/Slate/Fonts/Roboto-BoldCondensed.ttf' (158K)
[2020.01.25-21.54.57:485][ 42]LogShaderCompilers: Display: Worker (3/13): shaders left to compile 45
[2020.01.25-21.54.57:503][ 43]LogShaderCompilers: Display: Worker (4/13): shaders left to compile 44
[2020.01.25-21.54.57:503][ 43]LogShaderCompilers: Display: Worker (7/13): shaders left to compile 43
[2020.01.25-21.54.57:521][ 44]LogShaderCompilers: Display: Worker (1/13): shaders left to compile 42
[2020.01.25-21.54.57:521][ 44]LogShaderCompilers: Display: Worker (11/13): shaders left to compile 41
[2020.01.25-21.54.57:540][ 45]LogShaderCompilers: Display: Worker (9/13): shaders left to compile 40
[2020.01.25-21.54.57:593][ 48]LogShaderCompilers: Display: Worker (8/13): shaders left to compile 39
[2020.01.25-21.54.57:593][ 48]LogShaderCompilers: Display: Worker (10/13): shaders left to compile 38
[2020.01.25-21.54.57:618][ 49]LogShaderCompilers: Display: Worker (6/13): shaders left to compile 37
[2020.01.25-21.54.57:618][ 49]LogShaderCompilers: Display: Worker (12/13): shaders left to compile 36
[2020.01.25-21.54.57:637][ 50]LogShaderCompilers: Display: Worker (5/13): shaders left to compile 35
[2020.01.25-21.54.57:637][ 50]LogShaderCompilers: Display: Worker (2/13): shaders left to compile 34
[2020.01.25-21.54.57:637][ 50]LogShaderCompilers: Display: Worker (3/13): shaders left to compile 33
[2020.01.25-21.54.57:747][ 56]LogShaderCompilers: Display: Worker (4/13): shaders left to compile 32
[2020.01.25-21.54.58:075][ 69]LogShaderCompilers: Display: Worker (9/13): shaders left to compile 31
[2020.01.25-21.54.58:209][ 74]LogShaderCompilers: Display: Worker (12/13): shaders left to compile 30
[2020.01.25-21.54.58:254][ 76]LogShaderCompilers: Display: Worker (4/13): shaders left to compile 29
[2020.01.25-21.54.58:580][ 92]LogShaderCompilers: Display: Worker (11/13): shaders left to compile 28
[2020.01.25-21.54.58:664][ 96]LogShaderCompilers: Display: Worker (3/13): shaders left to compile 27
[2020.01.25-21.54.58:685][ 97]LogShaderCompilers: Display: Worker (6/13): shaders left to compile 26
[2020.01.25-21.54.59:054][114]LogShaderCompilers: Display: Worker (11/13): shaders left to compile 25
[2020.01.25-21.54.59:230][122]LogShaderCompilers: Display: Worker (4/13): shaders left to compile 24
[2020.01.25-21.54.59:723][142]LogShaderCompilers: Display: Worker (4/13): shaders left to compile 23
[2020.01.25-21.55.00:044][155]LogShaderCompilers: Display: Worker (11/13): shaders left to compile 22
[2020.01.25-21.55.01:988][221]LogShaderCompilers: Display: Worker (5/13): shaders left to compile 21
[2020.01.25-21.55.02:098][225]LogShaderCompilers: Display: Worker (8/13): shaders left to compile 20
[2020.01.25-21.55.02:125][226]LogShaderCompilers: Display: Worker (7/13): shaders left to compile 19
[2020.01.25-21.55.02:318][235]LogShaderCompilers: Display: Worker (2/13): shaders left to compile 18
[2020.01.25-21.55.02:415][240]LogShaderCompilers: Display: Worker (1/13): shaders left to compile 17
[2020.01.25-21.55.02:608][249]LogShaderCompilers: Display: Worker (8/13): shaders left to compile 16
[2020.01.25-21.55.02:608][249]LogShaderCompilers: Display: Worker (9/13): shaders left to compile 15
[2020.01.25-21.55.02:926][264]LogShaderCompilers: Display: Worker (5/13): shaders left to compile 14
[2020.01.25-21.55.03:006][268]LogShaderCompilers: Display: Worker (10/13): shaders left to compile 13
[2020.01.25-21.55.03:086][272]LogShaderCompilers: Display: Worker (8/13): shaders left to compile 12
[2020.01.25-21.55.03:383][285]LogShaderCompilers: Display: Worker (12/13): shaders left to compile 11
[2020.01.25-21.55.03:404][286]LogShaderCompilers: Display: Worker (1/13): shaders left to compile 10
[2020.01.25-21.55.03:443][288]LogShaderCompilers: Display: Worker (3/13): shaders left to compile 9
[2020.01.25-21.55.03:500][291]LogShaderCompilers: Display: Worker (6/13): shaders left to compile 8
[2020.01.25-21.55.03:620][297]LogShaderCompilers: Display: Worker (8/13): shaders left to compile 7
[2020.01.25-21.55.03:931][312]LogShaderCompilers: Display: Worker (10/13): shaders left to compile 6
[2020.01.25-21.55.03:969][314]LogShaderCompilers: Display: Worker (6/13): shaders left to compile 5
[2020.01.25-21.55.04:024][317]LogShaderCompilers: Display: Worker (4/13): shaders left to compile 4
[2020.01.25-21.55.04:226][327]LogShaderCompilers: Display: Worker (8/13): shaders left to compile 3
[2020.01.25-21.55.04:270][329]LogShaderCompilers: Display: Worker (6/13): shaders left to compile 2
[2020.01.25-21.55.04:329][332]LogShaderCompilers: Display: Worker (3/13): shaders left to compile 1
[2020.01.25-21.55.05:085][369]LogSlate: FSceneViewport::OnFocusLost() reason 5
[2020.01.25-21.55.05:126][369]LogSlate: FSceneViewport::OnFocusLost() reason 5
[2020.01.25-21.55.05:151][369]Cmd: OBJ SAVEPACKAGE PACKAGE="/Game/Materials/m_Water" FILE="../../../../Art/Park_SFAS/Park/Content/Materials/m_Water.uasset" SILENT=true
[2020.01.25-21.55.05:173][369]LogSavePackage: Moving '../../../../Art/Park_SFAS/Park/Saved/m_Water9B9C436B41A9C758E05A5B8B91BA01DE.tmp' to '../../../../Art/Park_SFAS/Park/Content/Materials/m_Water.uasset'
[2020.01.25-21.55.05:182][369]Cmd: OBJ SAVEPACKAGE PACKAGE="/Game/Materials/Base_Colour" FILE="../../../../Art/Park_SFAS/Park/Content/Materials/Base_Colour.uasset" SILENT=true
[2020.01.25-21.55.05:203][369]LogSavePackage: Moving '../../../../Art/Park_SFAS/Park/Saved/Base_Colour74A0A2C546CCC99D97F628902070550B.tmp' to '../../../../Art/Park_SFAS/Park/Content/Materials/Base_Colour.uasset'
[2020.01.25-21.55.05:288][369]LogSlate: FSceneViewport::OnFocusLost() reason 2
[2020.01.25-21.55.06:525][436]MaterialEditorStats: Base pass shader: 311 instructions
[2020.01.25-21.55.06:525][436]MaterialEditorStats: Base pass shader with Surface Lightmap: 345 instructions
[2020.01.25-21.55.06:526][436]MaterialEditorStats: Base pass shader with Volumetric Lightmap: 390 instructions
[2020.01.25-21.55.06:526][436]MaterialEditorStats: Base pass vertex shader: 137 instructions
[2020.01.25-21.55.06:526][436]MaterialEditorStats: Texture samplers: 4/16
[2020.01.25-21.55.10:934][757]Cmd: SELECT NONE
[2020.01.25-21.55.12:979][911]LogSlate: FSceneViewport::OnFocusLost() reason 0
[2020.01.25-21.55.15:774][190]LogUObjectHash: Compacting FUObjectHashTables data took   1.61ms
[2020.01.25-21.55.16:804][190]LogSlate: Window 'Delete Assets' being destroyed
[2020.01.25-21.55.16:820][190]LogSlate: FSceneViewport::OnFocusLost() reason 5
[2020.01.25-21.55.16:844][190]LogSlate: FSceneViewport::OnFocusLost() reason 5
[2020.01.25-21.55.16:864][190]LogSlate: FSceneViewport::OnFocusLost() reason 5
[2020.01.25-21.55.16:905][190]LogUObjectHash: Compacting FUObjectHashTables data took   1.60ms
[2020.01.25-21.55.16:947][190]LogUObjectHash: Compacting FUObjectHashTables data took   1.59ms
[2020.01.25-21.55.16:982][190]LogUObjectHash: Compacting FUObjectHashTables data took   0.99ms
[2020.01.25-21.55.17:473][239]LogSlate: FSceneViewport::OnFocusLost() reason 0
[2020.01.25-21.55.17:767][266]LogUObjectHash: Compacting FUObjectHashTables data took   0.71ms
[2020.01.25-21.55.28:106][266]LogSlate: Window 'Replace References?' being destroyed
[2020.01.25-21.55.28:110][266]LogSlate: Window 'Delete Assets' being destroyed
[2020.01.25-21.55.28:116][266]LogSlate: Window 'm_Water' being destroyed
[2020.01.25-21.55.28:143][266]LogWorld: UWorld::CleanupWorld for World_2, bSessionEnded=true, bCleanupResources=true
[2020.01.25-21.55.28:167][266]LogSlate: FSceneViewport::OnFocusLost() reason 5
[2020.01.25-21.55.28:887][266]LogUObjectHash: Compacting FUObjectHashTables data took   1.61ms
[2020.01.25-21.55.28:896][266]LogSlate: FSceneViewport::OnFocusLost() reason 5
[2020.01.25-21.55.30:123][266]LogSlate: Window 'Save Content' being destroyed
[2020.01.25-21.55.30:135][266]LogSlate: FSceneViewport::OnFocusLost() reason 5
[2020.01.25-21.55.30:143][266]Cmd: OBJ SAVEPACKAGE PACKAGE="/Game/Materials/m_Yellow" FILE="../../../../Art/Park_SFAS/Park/Content/Materials/m_Yellow.uasset" SILENT=true
[2020.01.25-21.55.30:158][266]LogSavePackage: Moving '../../../../Art/Park_SFAS/Park/Saved/m_Yellow1B0E531347142B7CAE05EEB1A73A7037.tmp' to '../../../../Art/Park_SFAS/Park/Content/Materials/m_Yellow.uasset'
[2020.01.25-21.55.30:177][266]Cmd: OBJ SAVEPACKAGE PACKAGE="/Game/Meshes/SM_Pavilion_fountain" FILE="../../../../Art/Park_SFAS/Park/Content/Meshes/SM_Pavilion_fountain.uasset" SILENT=true
[2020.01.25-21.55.30:212][266]LogSavePackage: Moving '../../../../Art/Park_SFAS/Park/Saved/SM_Pavilion_fountain648923D14D73A4D3C17FF9A040A9D28D.tmp' to '../../../../Art/Park_SFAS/Park/Content/Meshes/SM_Pavilion_fountain.uasset'
[2020.01.25-21.55.31:921][460]LogSlate: FSceneViewport::OnFocusLost() reason 0
[2020.01.25-21.55.32:414][513]LogUObjectHash: Compacting FUObjectHashTables data took   0.76ms
[2020.01.25-21.55.39:510][513]LogSlate: Window 'Delete Assets' being destroyed
[2020.01.25-21.55.40:531][513]LogUObjectGlobals: Force Deleting 1 Package(s):
	Asset Name: /Game/Materials/m_Terracotta.m_Terracotta
[2020.01.25-21.55.40:537][513]LogSlate: FSceneViewport::OnFocusLost() reason 5
[2020.01.25-21.55.40:655][513]LogStaticMesh: Building static mesh SM_Pavilion_base...
[2020.01.25-21.55.41:134][513]LogStaticMesh: Built static mesh [0.48s] /Game/Meshes/SM_Pavilion_base.SM_Pavilion_base
[2020.01.25-21.55.41:307][513]LogUObjectHash: Compacting FUObjectHashTables data took   1.58ms
[2020.01.25-21.55.41:344][513]LogUObjectHash: Compacting FUObjectHashTables data took   1.55ms
[2020.01.25-21.55.41:378][513]LogUObjectHash: Compacting FUObjectHashTables data took   0.74ms
[2020.01.25-21.55.41:431][514]LogSlate: FSceneViewport::OnFocusLost() reason 5
[2020.01.25-21.55.41:478][514]LogUObjectHash: Compacting FUObjectHashTables data took   0.72ms
[2020.01.25-21.55.41:479][514]Cmd: OBJ SAVEPACKAGE PACKAGE="/Game/Diorama" FILE="../../../../Art/Park_SFAS/Park/Saved/Autosaves/Game/Diorama_Auto1.umap" SILENT=true AUTOSAVING=true KEEPDIRTY=false
[2020.01.25-21.55.41:757][514]LogSavePackage: Moving '../../../../Art/Park_SFAS/Park/Saved/Diorama_Auto135A563CB4E91A56482265390516E6D96.tmp' to '../../../../Art/Park_SFAS/Park/Saved/Autosaves/Game/Diorama_Auto1.umap'
[2020.01.25-21.55.41:763][514]LogFileHelpers: Editor autosave (incl. sublevels) for '/Game/Diorama' took 0.320
[2020.01.25-21.55.41:763][514]LogFileHelpers: Editor autosave (incl. sublevels) for all levels took 0.320
[2020.01.25-21.55.41:765][514]OBJ SavePackage: Generating thumbnails for [1] asset(s) in package [/Game/Materials/m_fountain] ([1] browsable assets)...
[2020.01.25-21.55.41:772][514]OBJ SavePackage:     Rendered thumbnail for [Material /Game/Materials/m_fountain.m_fountain]
[2020.01.25-21.55.41:772][514]OBJ SavePackage: Finished generating thumbnails for package [/Game/Materials/m_fountain]
[2020.01.25-21.55.41:772][514]Cmd: OBJ SAVEPACKAGE PACKAGE="/Game/Materials/m_fountain" FILE="../../../../Art/Park_SFAS/Park/Saved/Autosaves/Game/Materials/m_fountain_Auto1.uasset" SILENT=false AUTOSAVING=true
[2020.01.25-21.55.41:794][514]LogSavePackage: Moving '../../../../Art/Park_SFAS/Park/Saved/m_fountain_Auto1D12ABFFE43E7F361E0782A902E9B2B1E.tmp' to '../../../../Art/Park_SFAS/Park/Saved/Autosaves/Game/Materials/m_fountain_Auto1.uasset'
[2020.01.25-21.55.41:795][514]OBJ SavePackage: Generating thumbnails for [1] asset(s) in package [/Game/Meshes/SM_Path] ([1] browsable assets)...
[2020.01.25-21.55.41:802][514]OBJ SavePackage:     Rendered thumbnail for [StaticMesh /Game/Meshes/SM_Path.SM_Path]
[2020.01.25-21.55.41:802][514]OBJ SavePackage: Finished generating thumbnails for package [/Game/Meshes/SM_Path]
[2020.01.25-21.55.41:802][514]Cmd: OBJ SAVEPACKAGE PACKAGE="/Game/Meshes/SM_Path" FILE="../../../../Art/Park_SFAS/Park/Saved/Autosaves/Game/Meshes/SM_Path_Auto1.uasset" SILENT=false AUTOSAVING=true
[2020.01.25-21.55.41:847][514]LogSavePackage: Moving '../../../../Art/Park_SFAS/Park/Saved/SM_Path_Auto1C3ABE72D44D3B42D2CB3C7AC31F38D00.tmp' to '../../../../Art/Park_SFAS/Park/Saved/Autosaves/Game/Meshes/SM_Path_Auto1.uasset'
[2020.01.25-21.55.41:852][514]OBJ SavePackage: Generating thumbnails for [1] asset(s) in package [/Game/Meshes/SM_Pavilion_base] ([1] browsable assets)...
[2020.01.25-21.55.41:860][514]OBJ SavePackage:     Rendered thumbnail for [StaticMesh /Game/Meshes/SM_Pavilion_base.SM_Pavilion_base]
[2020.01.25-21.55.41:860][514]OBJ SavePackage: Finished generating thumbnails for package [/Game/Meshes/SM_Pavilion_base]
[2020.01.25-21.55.41:860][514]Cmd: OBJ SAVEPACKAGE PACKAGE="/Game/Meshes/SM_Pavilion_base" FILE="../../../../Art/Park_SFAS/Park/Saved/Autosaves/Game/Meshes/SM_Pavilion_base_Auto1.uasset" SILENT=false AUTOSAVING=true
[2020.01.25-21.55.41:908][514]LogSavePackage: Moving '../../../../Art/Park_SFAS/Park/Saved/SM_Pavilion_base_Auto1C2A839264E1F4DE7C33D75863B741D08.tmp' to '../../../../Art/Park_SFAS/Park/Saved/Autosaves/Game/Meshes/SM_Pavilion_base_Auto1.uasset'
[2020.01.25-21.55.41:908][514]LogFileHelpers: Auto-saving content packages took 0.144
[2020.01.25-21.55.46:095][  1]LogSlate: FSceneViewport::OnFocusLost() reason 0
[2020.01.25-21.55.49:674][426]Cmd: SELECT NONE
[2020.01.25-22.00.38:975][684]LogSlate: FSceneViewport::OnFocusLost() reason 0
[2020.01.25-22.00.46:022][ 60]LogSlate: FSceneViewport::OnFocusLost() reason 5
[2020.01.25-22.00.46:030][ 60]LogFactory: FactoryCreateFile: StaticMesh with FbxFactory (0 0 ../../../../Art/Park_SFAS/Models/sm_waterplane.obj)
[2020.01.25-22.00.46:039][ 60]LogFbx: Loading FBX Scene from ../../../../Art/Park_SFAS/Models/sm_waterplane.obj
[2020.01.25-22.00.46:039][ 60]LogFbx: FBX Scene Loaded Succesfully
[2020.01.25-22.00.47:017][ 60]LogSlate: Window 'FBX Import Options' being destroyed
[2020.01.25-22.00.47:048][ 60]LogFbx: Display: Triangulating static mesh pCube414
[2020.01.25-22.00.47:051][ 60]LogStaticMesh: Building static mesh sm_waterplane...
[2020.01.25-22.00.47:052][ 60]LogStaticMesh: Built static mesh [0.00s] /Game/Meshes/sm_waterplane.sm_waterplane
[2020.01.25-22.00.48:013][165]LogAssetEditorManager: Opening Asset editor for StaticMesh /Game/Meshes/sm_waterplane.sm_waterplane
[2020.01.25-22.00.48:205][165]LogSlate: Took 0.000257 seconds to synchronously load lazily loaded font '../../../Engine/Content/Slate/Fonts/Roboto-Italic.ttf' (157K)
[2020.01.25-22.00.53:038][678]Cmd: OBJ SAVEPACKAGE PACKAGE="/Game/Meshes/sm_waterplane" FILE="../../../../Art/Park_SFAS/Park/Content/Meshes/sm_waterplane.uasset" SILENT=true
[2020.01.25-22.00.53:054][678]LogSavePackage: Moving '../../../../Art/Park_SFAS/Park/Saved/sm_waterplane56265EE9422300C224AC7489F41A2C1F.tmp' to '../../../../Art/Park_SFAS/Park/Content/Meshes/sm_waterplane.uasset'
[2020.01.25-22.00.53:786][750]LogSlate: FSceneViewport::OnFocusLost() reason 0
[2020.01.25-22.00.53:903][761]LogActorFactory: Actor Factory created sm_waterplane
[2020.01.25-22.00.54:820][840]LogActorFactory: Actor Factory created sm_waterplane
[2020.01.25-22.01.02:158][454]LogSlate: FSceneViewport::OnFocusLost() reason 0
[2020.01.25-22.01.07:573][ 18]Cmd: MODE GRID=1
[2020.01.25-22.01.08:154][ 74]Cmd: MODE ROTGRID=1
[2020.01.25-22.01.18:868][157]LogSlate: FSceneViewport::OnFocusLost() reason 0
[2020.01.25-22.01.18:948][165]Cmd: MODE GRID=0
[2020.01.25-22.01.23:929][590]LogSlate: FSceneViewport::OnFocusLost() reason 0
[2020.01.25-22.01.24:004][599]Cmd: MODE ROTGRID=0
[2020.01.25-22.01.58:954][691]Cmd: SELECT NONE
[2020.01.25-22.02.15:048][405]LogEditorViewport: Clicking on Actor (context menu): StaticMeshActor (SM_Rock5_low2)
[2020.01.25-22.02.15:088][405]LogSlate: FSceneViewport::OnFocusLost() reason 5
[2020.01.25-22.02.15:684][467]LogEditorViewport: Clicking on Actor (LMB): StaticMeshActor (SM_level_top)
[2020.01.25-22.02.16:176][517]LogEditorViewport: Clicking on Actor (LMB): StaticMeshActor (SM_Rock5_low2)
[2020.01.25-22.02.19:578][855]Cmd: SELECT NONE
[2020.01.25-22.02.20:227][930]LogEditorViewport: Clicking on Actor (LMB): StaticMeshActor (SM_Rock5_low2)
[2020.01.25-22.02.23:929][306]Cmd: SELECT NONE
[2020.01.25-22.02.25:174][453]LogEditorViewport: Clicking on Actor (LMB): StaticMeshActor (SM_Rock5_low2)
[2020.01.25-22.02.28:615][816]Cmd: SELECT NONE
[2020.01.25-22.02.29:116][875]LogEditorViewport: Clicking on Actor (LMB): StaticMeshActor (SM_Rock6_low3)
[2020.01.25-22.02.32:478][224]Cmd: DELETE
[2020.01.25-22.02.32:478][224]Cmd: ACTOR DELETE
[2020.01.25-22.02.32:484][224]LogEditorActor: Deleted Actor: StaticMeshActor
[2020.01.25-22.02.32:520][224]LogUObjectHash: Compacting FUObjectHashTables data took   1.97ms
[2020.01.25-22.02.32:520][224]LogEditorActor: Deleted 1 Actors (0.043 secs)
[2020.01.25-22.02.32:831][260]LogEditorViewport: Clicking on Actor (LMB): StaticMeshActor (SM_Rock4_low)
[2020.01.25-22.03.17:892][505]Cmd: SELECT NONE
[2020.01.25-22.03.19:987][696]LogEditorViewport: Clicking on Actor (LMB): StaticMeshActor (SM_Rock4_low3)
[2020.01.25-22.03.29:412][627]Cmd: SELECT NONE
[2020.01.25-22.05.42:296][982]LogUObjectHash: Compacting FUObjectHashTables data took   1.38ms
[2020.01.25-22.05.42:297][982]Cmd: OBJ SAVEPACKAGE PACKAGE="/Game/Diorama" FILE="../../../../Art/Park_SFAS/Park/Saved/Autosaves/Game/Diorama_Auto2.umap" SILENT=true AUTOSAVING=true KEEPDIRTY=false
[2020.01.25-22.05.42:530][982]LogSavePackage: Moving '../../../../Art/Park_SFAS/Park/Saved/Diorama_Auto2457E89624747E9642D3ECCAF63B6F75A.tmp' to '../../../../Art/Park_SFAS/Park/Saved/Autosaves/Game/Diorama_Auto2.umap'
[2020.01.25-22.05.42:533][982]LogFileHelpers: Editor autosave (incl. sublevels) for '/Game/Diorama' took 0.274
[2020.01.25-22.05.42:533][982]LogFileHelpers: Editor autosave (incl. sublevels) for all levels took 0.274
[2020.01.25-22.12.33:594][180]LogSlate: FSceneViewport::OnFocusLost() reason 0
[2020.01.25-22.12.34:650][295]LogEditorFactories: Performing atomic reimport of [D:/Art/Park_SFAS/Models/sm_waterplane.obj]
[2020.01.25-22.12.34:674][295]LogFbx: Loading FBX Scene from D:/Art/Park_SFAS/Models/sm_waterplane.obj
[2020.01.25-22.12.34:676][295]LogFbx: FBX Scene Loaded Succesfully
[2020.01.25-22.12.34:676][295]LogFbx: Display: Triangulating static mesh pCube414
[2020.01.25-22.12.34:689][295]LogStaticMesh: Building static mesh sm_waterplane...
[2020.01.25-22.12.34:690][295]LogStaticMesh: Built static mesh [0.00s] /Game/Meshes/sm_waterplane.sm_waterplane
[2020.01.25-22.12.34:702][295]LogEditorFactories: -- imported successfully
[2020.01.25-22.12.36:925][502]LogEditorViewport: Clicking on Actor (LMB): StaticMeshActor (sm_waterplane)
[2020.01.25-22.12.40:926][811]Cmd: TRANSACTION UNDO
[2020.01.25-22.12.40:926][811]LogEditorTransaction: Undo Scale Actors
[2020.01.25-22.12.49:680][673]Cmd: SELECT NONE
[2020.01.25-22.12.52:796][973]LogEditorViewport: Clicking on Actor (LMB): StaticMeshActor (SM_Pavilion_fountain)
[2020.01.25-22.12.54:722][138]Cmd: TRANSACTION UNDO
[2020.01.25-22.12.54:722][138]LogEditorTransaction: Undo Move Actors
[2020.01.25-22.12.55:132][161]LogEditorViewport: Clicking on Actor (LMB): StaticMeshActor (sm_waterplane)
[2020.01.25-22.13.01:894][748]Cmd: SELECT NONE
[2020.01.25-22.13.08:886][419]LogEditorViewport: Clicking on Actor (LMB): StaticMeshActor (SM_Rock3_low8)
[2020.01.25-22.13.12:101][672]Cmd: TRANSACTION UNDO
[2020.01.25-22.13.12:101][672]LogEditorTransaction: Undo Move Actors
[2020.01.25-22.13.13:271][772]Cmd: SELECT NONE
[2020.01.25-22.15.43:024][ 46]LogUObjectHash: Compacting FUObjectHashTables data took   2.02ms
[2020.01.25-22.15.43:025][ 46]Cmd: OBJ SAVEPACKAGE PACKAGE="/Game/Diorama" FILE="../../../../Art/Park_SFAS/Park/Saved/Autosaves/Game/Diorama_Auto3.umap" SILENT=true AUTOSAVING=true KEEPDIRTY=false
[2020.01.25-22.15.43:264][ 46]LogSavePackage: Moving '../../../../Art/Park_SFAS/Park/Saved/Diorama_Auto3E186C70E494297F14FEBCABAD6737AC7.tmp' to '../../../../Art/Park_SFAS/Park/Saved/Autosaves/Game/Diorama_Auto3.umap'
[2020.01.25-22.15.43:267][ 46]LogFileHelpers: Editor autosave (incl. sublevels) for '/Game/Diorama' took 0.281
[2020.01.25-22.15.43:267][ 46]LogFileHelpers: Editor autosave (incl. sublevels) for all levels took 0.281
[2020.01.25-22.15.43:269][ 46]OBJ SavePackage: Generating thumbnails for [1] asset(s) in package [/Game/Meshes/sm_waterplane] ([1] browsable assets)...
[2020.01.25-22.15.43:276][ 46]OBJ SavePackage:     Rendered thumbnail for [StaticMesh /Game/Meshes/sm_waterplane.sm_waterplane]
[2020.01.25-22.15.43:276][ 46]OBJ SavePackage: Finished generating thumbnails for package [/Game/Meshes/sm_waterplane]
[2020.01.25-22.15.43:276][ 46]Cmd: OBJ SAVEPACKAGE PACKAGE="/Game/Meshes/sm_waterplane" FILE="../../../../Art/Park_SFAS/Park/Saved/Autosaves/Game/Meshes/sm_waterplane_Auto3.uasset" SILENT=false AUTOSAVING=true
[2020.01.25-22.15.43:298][ 46]LogSavePackage: Moving '../../../../Art/Park_SFAS/Park/Saved/sm_waterplane_Auto33AC04F5F4A159C9227E5C1A6DC5286D8.tmp' to '../../../../Art/Park_SFAS/Park/Saved/Autosaves/Game/Meshes/sm_waterplane_Auto3.uasset'
[2020.01.25-22.15.43:369][ 46]LogFileHelpers: Auto-saving content packages took 0.101
[2020.01.25-22.15.57:293][ 89]LogSlate: FSceneViewport::OnFocusLost() reason 5
[2020.01.25-22.16.03:408][227]LogFactory: FactoryCreateFile: StaticMesh with FbxFactory (0 0 ../../../../Art/Park_SFAS/Models/sm_waterfall.obj)
[2020.01.25-22.16.03:416][227]LogFbx: Loading FBX Scene from ../../../../Art/Park_SFAS/Models/sm_waterfall.obj
[2020.01.25-22.16.03:418][227]LogFbx: FBX Scene Loaded Succesfully
[2020.01.25-22.16.04:538][227]LogSlate: Window 'FBX Import Options' being destroyed
[2020.01.25-22.16.04:560][227]LogFbx: Display: Triangulating static mesh pCube415
[2020.01.25-22.16.04:568][227]LogStaticMesh: Building static mesh sm_waterfall...
[2020.01.25-22.16.04:570][227]LogStaticMesh: Built static mesh [0.00s] /Game/Meshes/sm_waterfall.sm_waterfall
[2020.01.25-22.16.05:455][309]LogAssetEditorManager: Opening Asset editor for StaticMesh /Game/Meshes/sm_waterfall.sm_waterfall
[2020.01.25-22.16.09:665][700]LogActorFactory: Actor Factory created sm_waterfall
[2020.01.25-22.16.10:152][737]LogActorFactory: Actor Factory created sm_waterfall
[2020.01.25-22.16.28:380][309]Cmd: TRANSACTION UNDO
[2020.01.25-22.16.28:380][309]LogEditorTransaction: Undo Move Actors
[2020.01.25-22.16.28:631][315]Cmd: TRANSACTION UNDO
[2020.01.25-22.16.28:631][315]LogEditorTransaction: Undo Rotate Actors
[2020.01.25-22.16.29:346][367]Cmd: TRANSACTION UNDO
[2020.01.25-22.16.29:346][367]LogEditorTransaction: Undo Move Actors
[2020.01.25-22.16.30:321][447]Cmd: TRANSACTION UNDO
[2020.01.25-22.16.30:321][447]LogEditorTransaction: Undo Move Actors
[2020.01.25-22.16.30:744][474]Cmd: TRANSACTION UNDO
[2020.01.25-22.16.30:744][474]LogEditorTransaction: Undo Move Actors
[2020.01.25-22.16.31:177][501]Cmd: TRANSACTION UNDO
[2020.01.25-22.16.31:177][501]LogEditorTransaction: Undo Move Actors
[2020.01.25-22.16.31:586][526]Cmd: TRANSACTION UNDO
[2020.01.25-22.16.31:586][526]LogEditorTransaction: Undo Rotate Actors
[2020.01.25-22.16.31:951][546]Cmd: TRANSACTION UNDO
[2020.01.25-22.16.31:951][546]LogEditorTransaction: Undo Move Actors
[2020.01.25-22.16.44:926][627]LogEditorViewport: Clicking on Actor (LMB): StaticMeshActor (sm_waterfall)
[2020.01.25-22.17.14:808][244]Cmd: SELECT NONE
[2020.01.25-22.17.15:891][335]LogEditorViewport: Clicking on Actor (LMB): StaticMeshActor (sm_waterfall)
[2020.01.25-22.17.34:718][973]Cmd: SELECT NONE
[2020.01.25-22.17.36:719][148]LogEditorViewport: Clicking on Actor (LMB): StaticMeshActor (sm_waterfall)
[2020.01.25-22.17.44:924][862]Cmd: SELECT NONE
[2020.01.25-22.17.50:016][305]LogEditorViewport: Clicking on Actor (LMB): StaticMeshActor (sm_waterfall)
[2020.01.25-22.18.02:360][246]Cmd: SELECT NONE
[2020.01.25-22.18.05:638][524]LogEditorViewport: Clicking on Actor (LMB): StaticMeshActor (sm_waterfall)
[2020.01.25-22.18.07:399][624]LogEditorViewport: Clicking on Actor (LMB): StaticMeshActor (sm_waterplane)
[2020.01.25-22.18.13:479][ 95]Cmd: SELECT NONE
[2020.01.25-22.18.15:124][221]LogEditorViewport: Clicking on Actor (LMB): StaticMeshActor (sm_waterfall)
[2020.01.25-22.19.37:468][980]LogSlate: FSceneViewport::OnFocusLost() reason 0
[2020.01.25-22.19.38:281][ 51]LogEditorFactories: Performing atomic reimport of [D:/Art/Park_SFAS/Models/sm_waterfall.obj]
[2020.01.25-22.19.38:304][ 51]LogFbx: Loading FBX Scene from D:/Art/Park_SFAS/Models/sm_waterfall.obj
[2020.01.25-22.19.38:304][ 51]LogFbx: FBX Scene Loaded Succesfully
[2020.01.25-22.19.38:305][ 51]LogEditorFactories: Warning: -- import failed
[2020.01.25-22.19.38:308][ 51]FBXImport: Error: No FBX mesh found when reimport Unreal mesh 'sm_waterfall'. The FBX file is crashed. 
[2020.01.25-22.19.41:286][302]LogSlate: Window 'Message Log' being destroyed
[2020.01.25-22.19.41:294][302]LogSlate: Window 'Message Log' being destroyed
[2020.01.25-22.19.43:767][511]LogEditorFactories: Performing atomic reimport of [D:/Art/Park_SFAS/Models/sm_waterfall.obj]
[2020.01.25-22.19.43:790][511]LogFbx: Loading FBX Scene from D:/Art/Park_SFAS/Models/sm_waterfall.obj
[2020.01.25-22.19.43:790][511]LogFbx: FBX Scene Loaded Succesfully
[2020.01.25-22.19.43:791][511]LogEditorFactories: Warning: -- import failed
[2020.01.25-22.19.43:792][511]FBXImport: Error: No FBX mesh found when reimport Unreal mesh 'sm_waterfall'. The FBX file is crashed. 
[2020.01.25-22.19.45:563][664]LogSlate: Window 'Message Log' being destroyed
[2020.01.25-22.19.45:569][664]LogSlate: Window 'Message Log' being destroyed
[2020.01.25-22.20.01:462][295]LogEditorFactories: Performing atomic reimport of [D:/Art/Park_SFAS/Models/sm_waterfall.obj]
[2020.01.25-22.20.01:485][295]LogFbx: Loading FBX Scene from D:/Art/Park_SFAS/Models/sm_waterfall.obj
[2020.01.25-22.20.01:485][295]LogFbx: FBX Scene Loaded Succesfully
[2020.01.25-22.20.01:485][295]LogEditorFactories: Warning: -- import failed
[2020.01.25-22.20.01:487][295]FBXImport: Error: No FBX mesh found when reimport Unreal mesh 'sm_waterfall'. The FBX file is crashed. 
[2020.01.25-22.20.03:328][446]LogSlate: Window 'Message Log' being destroyed
[2020.01.25-22.20.03:335][446]LogSlate: Window 'Message Log' being destroyed
[2020.01.25-22.20.07:574][618]LogEditorFactories: Performing atomic reimport of [D:/Art/Park_SFAS/Models/sm_waterfall.obj]
[2020.01.25-22.20.07:602][618]LogFbx: Loading FBX Scene from D:/Art/Park_SFAS/Models/sm_waterfall.obj
[2020.01.25-22.20.07:602][618]LogFbx: FBX Scene Loaded Succesfully
[2020.01.25-22.20.07:603][618]LogEditorFactories: Warning: -- import failed
[2020.01.25-22.20.07:605][618]FBXImport: Error: No FBX mesh found when reimport Unreal mesh 'sm_waterfall'. The FBX file is crashed. 
[2020.01.25-22.20.10:047][829]LogSlate: Window 'Message Log' being destroyed
[2020.01.25-22.20.10:054][829]LogSlate: Window 'Message Log' being destroyed
[2020.01.25-22.21.33:501][394]LogEditorFactories: Performing atomic reimport of [D:/Art/Park_SFAS/Models/sm_waterfall.obj]
[2020.01.25-22.21.33:528][394]LogFbx: Loading FBX Scene from D:/Art/Park_SFAS/Models/sm_waterfall.obj
[2020.01.25-22.21.33:528][394]LogFbx: FBX Scene Loaded Succesfully
[2020.01.25-22.21.33:528][394]LogEditorFactories: Warning: -- import failed
[2020.01.25-22.21.33:531][394]FBXImport: Error: No FBX mesh found when reimport Unreal mesh 'sm_waterfall'. The FBX file is crashed. 
[2020.01.25-22.21.36:067][603]LogSlate: Window 'Message Log' being destroyed
[2020.01.25-22.21.36:074][603]LogSlate: Window 'Message Log' being destroyed
[2020.01.25-22.21.37:449][718]LogUObjectHash: Compacting FUObjectHashTables data took   2.01ms
[2020.01.25-22.21.38:692][718]LogSlate: Window 'Delete Assets' being destroyed
[2020.01.25-22.21.39:378][718]LogWorld: UWorld::CleanupWorld for World_4, bSessionEnded=true, bCleanupResources=true
[2020.01.25-22.21.39:398][718]LogUObjectGlobals: Force Deleting 1 Package(s):
	Asset Name: /Game/Meshes/sm_waterfall.sm_waterfall
[2020.01.25-22.21.39:642][718]LogUObjectHash: Compacting FUObjectHashTables data took   1.70ms
[2020.01.25-22.21.43:562][781]LogFactory: FactoryCreateFile: StaticMesh with FbxFactory (0 0 ../../../../Art/Park_SFAS/Models/sm_waterfall.obj)
[2020.01.25-22.21.43:570][781]LogFbx: Loading FBX Scene from ../../../../Art/Park_SFAS/Models/sm_waterfall.obj
[2020.01.25-22.21.43:576][781]LogFbx: FBX Scene Loaded Succesfully
[2020.01.25-22.21.44:802][781]LogSlate: Window 'FBX Import Options' being destroyed
[2020.01.25-22.21.44:822][781]LogFbx: Display: Triangulating static mesh pCube415
[2020.01.25-22.21.44:854][781]LogStaticMesh: Building static mesh sm_waterfall...
[2020.01.25-22.21.44:862][781]LogStaticMesh: Built static mesh [0.01s] /Game/Meshes/sm_waterfall.sm_waterfall
[2020.01.25-22.21.45:835][864]LogAssetEditorManager: Opening Asset editor for StaticMesh /Game/Meshes/sm_waterfall.sm_waterfall
[2020.01.25-22.21.50:419][254]Cmd: OBJ SAVEPACKAGE PACKAGE="/Game/Meshes/sm_waterfall" FILE="../../../../Art/Park_SFAS/Park/Content/Meshes/sm_waterfall.uasset" SILENT=true
[2020.01.25-22.21.50:442][254]LogSavePackage: Moving '../../../../Art/Park_SFAS/Park/Saved/sm_waterfallB2ECC0B84A8626A05B83CFAEE629616C.tmp' to '../../../../Art/Park_SFAS/Park/Content/Meshes/sm_waterfall.uasset'
[2020.01.25-22.21.51:822][364]LogActorFactory: Actor Factory created sm_waterfall
[2020.01.25-22.21.53:005][443]LogActorFactory: Actor Factory created sm_waterfall
[2020.01.25-22.22.22:588][941]Cmd: SELECT NONE
[2020.01.25-22.22.23:426][996]LogEditorViewport: Clicking on Actor (LMB): StaticMeshActor (sm_waterfall2)
[2020.01.25-22.22.28:115][380]Cmd: SELECT NONE
[2020.01.25-22.22.32:020][728]LogEditorViewport: Clicking on Actor (LMB): StaticMeshActor (SM_Rock3_low8)
[2020.01.25-22.22.42:101][630]LogEditorViewport: Clicking on Actor (LMB): StaticMeshActor (sm_waterfall2)
[2020.01.25-22.22.49:170][289]LogEditorViewport: Clicking on Actor (LMB): StaticMeshActor (SM_Rock3_low11)
[2020.01.25-22.23.05:449][659]LogEditorViewport: Clicking on Actor (LMB): StaticMeshActor (SM_Rock3_low12)
[2020.01.25-22.23.11:387][ 97]LogEditorViewport: Clicking on Actor (LMB): StaticMeshActor (SM_Rock3_low8)
[2020.01.25-22.23.35:111][ 83]LogEditorViewport: Clicking on Actor (LMB): StaticMeshActor (SM_Rock3_low15)
[2020.01.25-22.23.45:924][ 40]Cmd: SELECT NONE
[2020.01.25-22.23.48:011][207]LogEditorViewport: Clicking on Actor (LMB): StaticMeshActor (sm_waterfall2)
[2020.01.25-22.23.56:355][874]Cmd: SELECT NONE
[2020.01.25-22.23.58:676][ 76]LogEditorViewport: Clicking on Actor (LMB): StaticMeshActor (SM_Rock3_low8)
[2020.01.25-22.24.00:620][260]LogEditorViewport: Clicking on Actor (LMB): StaticMeshActor (SM_Rock2_low3)
[2020.01.25-22.24.01:519][341]LogEditorViewport: Clicking on Actor (LMB): StaticMeshActor (SM_Rock3_low7)
[2020.01.25-22.24.02:430][426]LogEditorViewport: Clicking on Actor (LMB): StaticMeshActor (SM_Rock3_low7)
[2020.01.25-22.24.02:963][477]LogEditorViewport: Clicking on Actor (LMB): StaticMeshActor (SM_Rock3_low15)
[2020.01.25-22.24.03:846][559]LogEditorViewport: Clicking on Actor (LMB): StaticMeshActor (SM_Rock3_low15)
[2020.01.25-22.24.04:574][627]LogEditorViewport: Clicking on Actor (LMB): StaticMeshActor (SM_Rock3_low8)
[2020.01.25-22.24.21:618][ 94]Cmd: SELECT NONE
[2020.01.25-22.24.22:187][159]LogEditorViewport: Clicking on Actor (LMB): StaticMeshActor (SM_Rock6_low3)
[2020.01.25-22.24.37:668][464]Cmd: SELECT NONE
[2020.01.25-22.24.38:189][500]LogEditorViewport: Clicking on Actor (LMB): StaticMeshActor (SM_Rock6_low3)
[2020.01.25-22.24.38:564][522]LogEditorViewport: Clicking on Actor (LMB): StaticMeshActor (SM_Rock3_low8)
[2020.01.25-22.24.53:844][872]LogEditorViewport: Clicking on Actor (LMB): StaticMeshActor (SM_Rock6_low3)
[2020.01.25-22.25.00:832][489]Cmd: SELECT NONE
[2020.01.25-22.25.01:509][565]LogEditorViewport: Clicking on Actor (LMB): StaticMeshActor (SM_Rock3_low15)
[2020.01.25-22.25.02:551][658]LogEditorViewport: Clicking on Actor (LMB): StaticMeshActor (sm_waterfall2)
[2020.01.25-22.25.04:029][758]LogEditorViewport: Clicking on Actor (LMB): StaticMeshActor (SM_Rock3_low15)
[2020.01.25-22.25.06:407][914]LogEditorViewport: Clicking on Actor (LMB): StaticMeshActor (SM_Rock3_low8)
[2020.01.25-22.25.08:067][ 23]LogEditorViewport: Clicking on Actor (LMB): StaticMeshActor (SM_Rock3_low16)
[2020.01.25-22.25.13:858][484]Cmd: SELECT NONE
[2020.01.25-22.25.14:341][538]LogEditorViewport: Clicking on Actor (LMB): StaticMeshActor (SM_Rock3_low7)
[2020.01.25-22.25.19:344][984]Cmd: DELETE
[2020.01.25-22.25.19:344][984]Cmd: ACTOR DELETE
[2020.01.25-22.25.19:350][984]LogEditorActor: Deleted Actor: StaticMeshActor
[2020.01.25-22.25.19:387][984]LogUObjectHash: Compacting FUObjectHashTables data took   1.73ms
[2020.01.25-22.25.19:388][984]LogEditorActor: Deleted 1 Actors (0.043 secs)
[2020.01.25-22.25.19:682][ 16]LogEditorViewport: Clicking on Actor (LMB): StaticMeshActor (SM_Rock3_low16)
[2020.01.25-22.25.30:468][931]Cmd: SELECT NONE
[2020.01.25-22.25.31:653][ 37]LogEditorViewport: Clicking on Actor (LMB): StaticMeshActor (SM_Rock3_low16)
[2020.01.25-22.25.34:278][256]Cmd: SELECT NONE
[2020.01.25-22.25.35:947][413]LogEditorViewport: Clicking on Actor (LMB): StaticMeshActor (SM_Rock3_low16)
[2020.01.25-22.25.36:663][458]Cmd: SELECT NONE
[2020.01.25-22.25.38:831][631]LogEditorViewport: Clicking on Actor (LMB): StaticMeshActor (SM_Rock1_low2)
[2020.01.25-22.25.40:431][748]LogEditorViewport: Clicking on Actor (LMB): StaticMeshActor (SM_Rock2_low3)
[2020.01.25-22.25.46:538][259]Cmd: SELECT NONE
[2020.01.25-22.25.47:950][388]LogEditorViewport: Clicking on Actor (LMB): StaticMeshActor (SM_Rock3_low10)
[2020.01.25-22.25.48:656][431]Cmd: SELECT NONE
[2020.01.25-22.26.01:902][617]LogEditorViewport: Clicking on Actor (LMB): StaticMeshActor (sm_waterfall2)
[2020.01.25-22.26.07:188][  0]Cmd: TRANSACTION UNDO
[2020.01.25-22.26.07:188][  0]LogEditorTransaction: Undo Rotate Actors
[2020.01.25-22.26.13:437][484]Cmd: SELECT NONE
[2020.01.25-22.26.16:507][753]LogEditorViewport: Clicking on Actor (LMB): StaticMeshActor (sm_waterfall2)
[2020.01.25-22.26.42:240][897]LogEditorViewport: Clicking on Actor (LMB): StaticMeshActor (Pavilion_base)
[2020.01.25-22.26.44:157][ 22]LogEditorViewport: Clicking on Actor (LMB): StaticMeshActor (sm_waterfall2)
[2020.01.25-22.27.02:611][594]Cmd: SELECT NONE
[2020.01.25-22.27.05:051][806]LogEditorViewport: Clicking on Actor (LMB): StaticMeshActor (sm_waterfall2)
[2020.01.25-22.27.10:203][208]Cmd: SELECT NONE
[2020.01.25-22.27.15:703][668]LogEditorViewport: Clicking on Actor (LMB): StaticMeshActor (SM_Rock3_low16)
[2020.01.25-22.27.16:677][727]LogEditorViewport: Clicking on Actor (LMB): StaticMeshActor (SM_Rock3_low15)
[2020.01.25-22.27.20:247][ 28]Cmd: SELECT NONE
[2020.01.25-22.27.20:781][ 88]LogEditorViewport: Clicking on Actor (LMB): StaticMeshActor (SM_Rock3_low16)
[2020.01.25-22.27.22:772][226]Cmd: SELECT NONE
[2020.01.25-22.27.23:803][315]LogEditorViewport: Clicking on Actor (LMB): StaticMeshActor (SM_Rock3_low8)
[2020.01.25-22.27.50:004][583]Cmd: SELECT NONE
[2020.01.25-22.27.57:690][325]LogEditorViewport: Clicking on Actor (LMB): StaticMeshActor (SM_River)
[2020.01.25-22.28.00:567][539]LogEditorViewport: Clicking on Actor (LMB): StaticMeshActor (SM_Rock3_low10)
[2020.01.25-22.28.22:700][399]Cmd: SELECT NONE
[2020.01.25-22.28.26:215][708]LogEditorViewport: Clicking on Actor (LMB): StaticMeshActor (SM_Rock3_low17)
[2020.01.25-22.28.33:820][350]Cmd: SELECT NONE
[2020.01.25-22.28.43:156][151]LogEditorViewport: Clicking on Actor (LMB): StaticMeshActor (SM_Rock6_low9)
[2020.01.25-22.28.56:205][183]Cmd: SELECT NONE
[2020.01.25-22.28.59:912][513]LogEditorViewport: Clicking on Actor (LMB): StaticMeshActor (SM_Rock2_low3)
[2020.01.25-22.29.00:346][536]LogEditorViewport: Clicking on Actor (LMB): StaticMeshActor (SM_Rock6_low15)
[2020.01.25-22.29.13:776][556]Cmd: SELECT NONE
[2020.01.25-22.29.14:282][589]LogEditorViewport: Clicking on Actor (LMB): StaticMeshActor (sm_waterfall2)
[2020.01.25-22.29.16:568][784]Cmd: TRANSACTION UNDO
[2020.01.25-22.29.16:568][784]LogEditorTransaction: Undo Move Actors
[2020.01.25-22.29.17:177][817]LogEditorViewport: Clicking on Actor (LMB): StaticMeshActor (SM_Rock6_low15)
[2020.01.25-22.29.19:635][ 36]Cmd: SELECT NONE
[2020.01.25-22.29.22:499][292]LogEditorViewport: Clicking on Actor (LMB): StaticMeshActor (SM_Rock3_low17)
[2020.01.25-22.29.48:907][571]Cmd: SELECT NONE
[2020.01.25-22.29.50:224][717]LogEditorViewport: Clicking on Actor (LMB): StaticMeshActor (SM_Rock3_low17)
[2020.01.25-22.29.56:818][340]Cmd: SELECT NONE
[2020.01.25-22.29.58:196][454]LogEditorViewport: Clicking on Actor (LMB): StaticMeshActor (SM_River)
[2020.01.25-22.29.58:652][481]LogEditorViewport: Clicking on Actor (LMB): StaticMeshActor (SM_Rock3_low17)
[2020.01.25-22.30.00:429][612]LogEditorViewport: Clicking on Actor (LMB): StaticMeshActor (SM_Rock2_low2)
[2020.01.25-22.30.01:801][691]LogEditorViewport: Clicking on Actor (LMB): StaticMeshActor (SM_Rock3_low8)
[2020.01.25-22.30.14:751][785]Cmd: SELECT NONE
[2020.01.25-22.30.18:473][117]LogEditorViewport: Clicking on Actor (LMB): StaticMeshActor (SM_Rock3_low18)
[2020.01.25-22.30.25:325][639]Cmd: SELECT NONE
[2020.01.25-22.30.25:974][711]LogEditorViewport: Clicking on Actor (LMB): StaticMeshActor (SM_Rock3_low19)
[2020.01.25-22.30.33:091][321]Cmd: SELECT NONE
[2020.01.25-22.30.34:752][460]LogEditorViewport: Clicking on Actor (LMB): StaticMeshActor (SM_Rock3_low19)
[2020.01.25-22.30.39:376][845]Cmd: SELECT NONE
[2020.01.25-22.30.45:647][439]LogEditorViewport: Clicking on Actor (LMB): StaticMeshActor (SM_Rock3_low19)
[2020.01.25-22.30.50:724][863]Cmd: CAMERA ALIGN ACTIVEVIEWPORTONLY
[2020.01.25-22.30.56:876][336]Cmd: SELECT NONE
[2020.01.25-22.30.57:573][415]LogEditorViewport: Clicking on Actor (LMB): StaticMeshActor (SM_Rock3_low19)
[2020.01.25-22.30.59:859][628]Cmd: SELECT NONE
[2020.01.25-22.31.03:879][964]LogEditorViewport: Clicking on Actor (LMB): StaticMeshActor (SM_Rock3_low19)
[2020.01.25-22.31.09:538][396]Cmd: SELECT NONE
[2020.01.25-22.31.12:528][648]LogEditorViewport: Clicking on Actor (LMB): StaticMeshActor (SM_Rock3_low2)
[2020.01.25-22.31.13:348][696]LogEditorViewport: Clicking on Actor (LMB): StaticMeshActor (SM_Rock3_low3)
[2020.01.25-22.31.16:700][986]LogEditorViewport: Clicking on Actor (LMB): StaticMeshActor (SM_Rock3_low2)
[2020.01.25-22.31.30:681][133]Cmd: SELECT NONE
[2020.01.25-22.31.33:136][337]LogEditorViewport: Clicking on Actor (LMB): StaticMeshActor (SM_Rock3_low2)
[2020.01.25-22.31.36:215][592]LogEditorViewport: Clicking on Actor (LMB): StaticMeshActor (SM_Rock3_low5)
[2020.01.25-22.31.37:753][706]LogEditorViewport: Clicking on Actor (LMB): StaticMeshActor (SM_Rock3_low2)
[2020.01.25-22.31.39:973][880]LogEditorViewport: Clicking on Actor (LMB): StaticMeshActor (SM_Rock3_low7)
[2020.01.25-22.31.51:627][757]Cmd: SELECT NONE
[2020.01.25-22.31.55:491][ 98]LogEditorViewport: Clicking on Actor (LMB): StaticMeshActor (SM_Rock1_low)
[2020.01.25-22.31.58:547][325]Cmd: TRANSACTION UNDO
[2020.01.25-22.31.58:547][325]LogEditorTransaction: Undo Move Actors
[2020.01.25-22.32.06:723][ 15]Cmd: SELECT NONE
[2020.01.25-22.32.18:053][189]LogEditorViewport: Clicking on Actor (LMB): StaticMeshActor (SM_Rock3_low14)
[2020.01.25-22.32.22:790][498]LogEditorViewport: Clicking on Actor (LMB): StaticMeshActor (SM_Rock1_low)
[2020.01.25-22.32.23:044][510]Cmd: CAMERA ALIGN ACTIVEVIEWPORTONLY
[2020.01.25-22.32.31:569][192]Cmd: SELECT NONE
[2020.01.25-22.32.38:090][769]LogEditorViewport: Clicking on Actor (LMB): StaticMeshActor (SM_grasspath)
[2020.01.25-22.32.39:743][879]LogEditorViewport: Clicking on Actor (LMB): StaticMeshActor (SM_Rock1_low2)
[2020.01.25-22.32.43:399][101]LogEditorViewport: Clicking on Actor (LMB): StaticMeshActor (SM_Rock3_low7)
[2020.01.25-22.33.32:768][113]Cmd: SELECT NONE
[2020.01.25-22.33.35:121][315]LogEditorViewport: Clicking on Actor (LMB): StaticMeshActor (SM_Rock3_low21)
[2020.01.25-22.33.41:300][853]Cmd: SELECT NONE
[2020.01.25-22.33.42:748][976]LogEditorViewport: Clicking on Actor (LMB): StaticMeshActor (SM_Rock3_low21)
[2020.01.25-22.33.43:068][995]Cmd: DELETE
[2020.01.25-22.33.43:068][995]Cmd: ACTOR DELETE
[2020.01.25-22.33.43:074][995]LogEditorActor: Deleted Actor: StaticMeshActor
[2020.01.25-22.33.43:111][995]LogUObjectHash: Compacting FUObjectHashTables data took   1.62ms
[2020.01.25-22.33.43:111][995]LogEditorActor: Deleted 1 Actors (0.043 secs)
[2020.01.25-22.33.44:760][138]LogEditorViewport: Clicking on Actor (LMB): StaticMeshActor (SM_level_top)
[2020.01.25-22.33.50:003][586]Cmd: SELECT NONE
[2020.01.25-22.33.52:747][825]LogEditorViewport: Clicking on Actor (LMB): StaticMeshActor (SM_level_lower)
[2020.01.25-22.33.59:375][349]LogEditorViewport: Clicking on Actor (LMB): StaticMeshActor (SM_Rock1_low2)
[2020.01.25-22.34.00:339][432]Cmd: SELECT NONE
[2020.01.25-22.34.08:565][205]LogEditorViewport: Clicking on Actor (LMB): StaticMeshActor (SM_level_lower)
[2020.01.25-22.34.11:227][446]Cmd: CAMERA ALIGN ACTIVEVIEWPORTONLY
[2020.01.25-22.34.12:902][558]Cmd: TRANSACTION UNDO
[2020.01.25-22.34.12:902][558]LogEditorTransaction: Undo Move Actors
[2020.01.25-22.34.13:755][595]Cmd: TRANSACTION UNDO
[2020.01.25-22.34.13:755][595]LogEditorTransaction: Undo Move Actors
[2020.01.25-22.34.18:506][957]LogEditorViewport: Clicking on Actor (LMB): StaticMeshActor (SM_Rock1_low2)
[2020.01.25-22.34.21:211][203]LogEditorViewport: Clicking on Actor (LMB): StaticMeshActor (SM_level_lower)
[2020.01.25-22.34.33:283][261]Cmd: SELECT NONE
[2020.01.25-22.34.34:439][359]LogEditorViewport: Clicking on Actor (LMB): StaticMeshActor (SM_Rock1_low2)
[2020.01.25-22.34.37:420][557]Cmd: TRANSACTION UNDO
[2020.01.25-22.34.37:420][557]LogEditorTransaction: Undo Move Actors
[2020.01.25-22.34.37:918][579]LogEditorViewport: Clicking on Actor (LMB): StaticMeshActor (SM_Rock3_low20)
[2020.01.25-22.34.43:022][992]Cmd: TRANSACTION UNDO
[2020.01.25-22.34.43:022][992]LogEditorTransaction: Undo Move Actors
[2020.01.25-22.34.43:263][996]Cmd: TRANSACTION UNDO
[2020.01.25-22.34.43:263][996]LogEditorTransaction: Undo Clicking on Actors
[2020.01.25-22.34.43:496][998]Cmd: TRANSACTION UNDO
[2020.01.25-22.34.43:496][998]LogEditorTransaction: Undo Clicking on Actors
[2020.01.25-22.34.43:847][ 12]Cmd: TRANSACTION UNDO
[2020.01.25-22.34.43:847][ 12]LogEditorTransaction: Undo Select None
[2020.01.25-22.34.44:107][ 16]Cmd: TRANSACTION UNDO
[2020.01.25-22.34.44:107][ 16]LogEditorTransaction: Undo Move Actors
[2020.01.25-22.34.44:598][ 46]Cmd: TRANSACTION UNDO
[2020.01.25-22.34.44:598][ 46]LogEditorTransaction: Undo Move Actors
[2020.01.25-22.34.45:231][ 89]LogEditorViewport: Clicking on Actor (LMB): BP_Sky_Sphere_C (BP_Sky_Sphere)
[2020.01.25-22.34.45:765][132]Cmd: SELECT NONE
[2020.01.25-22.35.34:461][339]LogSlate: FSceneViewport::OnFocusLost() reason 5
[2020.01.25-22.35.34:524][339]LogUObjectHash: Compacting FUObjectHashTables data took   0.83ms
[2020.01.25-22.35.34:525][339]Cmd: OBJ SAVEPACKAGE PACKAGE="/Game/Diorama" FILE="../../../../Art/Park_SFAS/Park/Saved/Autosaves/Game/Diorama_Auto4.umap" SILENT=true AUTOSAVING=true KEEPDIRTY=false
[2020.01.25-22.35.34:751][339]LogSavePackage: Moving '../../../../Art/Park_SFAS/Park/Saved/Diorama_Auto4E5114B6547350CF1253992AE7D619B3A.tmp' to '../../../../Art/Park_SFAS/Park/Saved/Autosaves/Game/Diorama_Auto4.umap'
[2020.01.25-22.35.34:755][339]LogFileHelpers: Editor autosave (incl. sublevels) for '/Game/Diorama' took 0.268
[2020.01.25-22.35.34:755][339]LogFileHelpers: Editor autosave (incl. sublevels) for all levels took 0.268
[2020.01.25-22.39.24:102][748]LogSlate: FSceneViewport::OnFocusLost() reason 5
[2020.01.25-22.39.33:014][731]LogSlate: FSceneViewport::OnFocusLost() reason 5
[2020.01.25-22.39.33:990][843]LogSlate: FSceneViewport::OnFocusLost() reason 5
[2020.01.25-22.39.37:627][242]LogSlate: Took 0.000243 seconds to synchronously load lazily loaded font '../../../Engine/Content/Slate/Fonts/Roboto-Regular.ttf' (155K)
[2020.01.25-22.39.37:636][242]LogMaterial: Display: Missing cached shader map for material DebugViewMode ComplexityAccumulate, compiling. Is special engine material.
[2020.01.25-22.39.37:672][243]LogShaderCompilers: Display: Worker (1/13): shaders left to compile 57
[2020.01.25-22.39.37:672][243]LogShaderCompilers: Display: Worker (2/13): shaders left to compile 56
[2020.01.25-22.39.37:672][243]LogShaderCompilers: Display: Worker (3/13): shaders left to compile 55
[2020.01.25-22.39.37:672][243]LogShaderCompilers: Display: Worker (4/13): shaders left to compile 54
[2020.01.25-22.39.37:672][243]LogShaderCompilers: Display: Worker (5/13): shaders left to compile 53
[2020.01.25-22.39.37:672][243]LogShaderCompilers: Display: Worker (6/13): shaders left to compile 52
[2020.01.25-22.39.37:672][243]LogShaderCompilers: Display: Worker (7/13): shaders left to compile 51
[2020.01.25-22.39.37:672][243]LogShaderCompilers: Display: Worker (8/13): shaders left to compile 50
[2020.01.25-22.39.37:672][243]LogShaderCompilers: Display: Worker (9/13): shaders left to compile 49
[2020.01.25-22.39.37:672][243]LogShaderCompilers: Display: Worker (10/13): shaders left to compile 48
[2020.01.25-22.39.37:672][243]LogShaderCompilers: Display: Worker (11/13): shaders left to compile 47
[2020.01.25-22.39.37:672][243]LogShaderCompilers: Display: Worker (12/13): shaders left to compile 46
[2020.01.25-22.39.37:992][267]LogShaderCompilers: Display: Worker (5/13): shaders left to compile 45
[2020.01.25-22.39.38:010][268]LogShaderCompilers: Display: Worker (2/13): shaders left to compile 44
[2020.01.25-22.39.38:027][269]LogShaderCompilers: Display: Worker (8/13): shaders left to compile 43
[2020.01.25-22.39.38:042][270]LogShaderCompilers: Display: Worker (11/13): shaders left to compile 42
[2020.01.25-22.39.38:056][271]LogShaderCompilers: Display: Worker (3/13): shaders left to compile 41
[2020.01.25-22.39.38:099][274]LogShaderCompilers: Display: Worker (12/13): shaders left to compile 40
[2020.01.25-22.39.38:157][278]LogShaderCompilers: Display: Worker (6/13): shaders left to compile 39
[2020.01.25-22.39.38:173][279]LogShaderCompilers: Display: Worker (2/13): shaders left to compile 38
[2020.01.25-22.39.38:187][280]LogShaderCompilers: Display: Worker (9/13): shaders left to compile 37
[2020.01.25-22.39.38:201][281]LogShaderCompilers: Display: Worker (3/13): shaders left to compile 36
[2020.01.25-22.39.38:217][282]LogShaderCompilers: Display: Worker (8/13): shaders left to compile 35
[2020.01.25-22.39.38:281][286]LogShaderCompilers: Display: Worker (1/13): shaders left to compile 34
[2020.01.25-22.39.38:315][288]LogShaderCompilers: Display: Worker (2/13): shaders left to compile 33
[2020.01.25-22.39.38:330][289]LogShaderCompilers: Display: Worker (4/13): shaders left to compile 32
[2020.01.25-22.39.38:330][289]LogShaderCompilers: Display: Worker (7/13): shaders left to compile 31
[2020.01.25-22.39.38:345][290]LogShaderCompilers: Display: Worker (10/13): shaders left to compile 30
[2020.01.25-22.39.38:374][292]LogShaderCompilers: Display: Worker (8/13): shaders left to compile 29
[2020.01.25-22.39.38:389][293]LogShaderCompilers: Display: Worker (12/13): shaders left to compile 28
[2020.01.25-22.39.38:421][295]LogShaderCompilers: Display: Worker (9/13): shaders left to compile 27
[2020.01.25-22.39.38:470][298]LogShaderCompilers: Display: Worker (5/13): shaders left to compile 26
[2020.01.25-22.39.38:470][298]LogShaderCompilers: Display: Worker (4/13): shaders left to compile 25
[2020.01.25-22.39.38:470][298]LogShaderCompilers: Display: Worker (11/13): shaders left to compile 24
[2020.01.25-22.39.38:501][300]LogShaderCompilers: Display: Worker (8/13): shaders left to compile 23
[2020.01.25-22.39.38:582][305]LogShaderCompilers: Display: Worker (5/13): shaders left to compile 22
[2020.01.25-22.39.38:604][306]LogShaderCompilers: Display: Worker (12/13): shaders left to compile 21
[2020.01.25-22.39.38:620][307]LogShaderCompilers: Display: Worker (6/13): shaders left to compile 20
[2020.01.25-22.39.38:638][308]LogShaderCompilers: Display: Worker (1/13): shaders left to compile 19
[2020.01.25-22.39.38:638][308]LogShaderCompilers: Display: Worker (3/13): shaders left to compile 18
[2020.01.25-22.39.38:656][309]LogShaderCompilers: Display: Worker (8/13): shaders left to compile 17
[2020.01.25-22.39.38:674][310]LogShaderCompilers: Display: Worker (4/13): shaders left to compile 16
[2020.01.25-22.39.38:711][312]LogShaderCompilers: Display: Worker (7/13): shaders left to compile 15
[2020.01.25-22.39.38:751][314]LogShaderCompilers: Display: Worker (6/13): shaders left to compile 14
[2020.01.25-22.39.38:771][315]LogShaderCompilers: Display: Worker (2/13): shaders left to compile 13
[2020.01.25-22.39.38:791][316]LogShaderCompilers: Display: Worker (8/13): shaders left to compile 12
[2020.01.25-22.39.38:807][317]LogShaderCompilers: Display: Worker (10/13): shaders left to compile 11
[2020.01.25-22.39.38:826][318]LogShaderCompilers: Display: Worker (5/13): shaders left to compile 10
[2020.01.25-22.39.38:826][318]LogShaderCompilers: Display: Worker (1/13): shaders left to compile 9
[2020.01.25-22.39.38:880][321]LogShaderCompilers: Display: Worker (4/13): shaders left to compile 8
[2020.01.25-22.39.38:899][322]LogShaderCompilers: Display: Worker (9/13): shaders left to compile 7
[2020.01.25-22.39.38:918][323]LogShaderCompilers: Display: Worker (6/13): shaders left to compile 6
[2020.01.25-22.39.38:918][323]LogShaderCompilers: Display: Worker (11/13): shaders left to compile 5
[2020.01.25-22.39.38:954][325]LogShaderCompilers: Display: Worker (2/13): shaders left to compile 4
[2020.01.25-22.39.38:954][325]LogShaderCompilers: Display: Worker (10/13): shaders left to compile 3
[2020.01.25-22.39.39:047][331]LogShaderCompilers: Display: Worker (4/13): shaders left to compile 2
[2020.01.25-22.39.39:047][331]LogShaderCompilers: Display: Worker (12/13): shaders left to compile 1
[2020.01.25-22.40.12:966][518]LogSlate: FSceneViewport::OnFocusLost() reason 5
[2020.01.25-22.40.15:080][738]LogSlate: FSceneViewport::OnFocusLost() reason 5
[2020.01.25-22.40.17:157][955]LogSlate: FSceneViewport::OnFocusLost() reason 5
[2020.01.25-22.40.17:583][  3]LogSlate: FSceneViewport::OnFocusLost() reason 5
[2020.01.25-22.40.17:979][ 44]LogSlate: FSceneViewport::OnFocusLost() reason 5
[2020.01.25-22.40.21:605][451]LogSlate: FSceneViewport::OnFocusLost() reason 5
[2020.01.25-22.40.23:835][693]LogSlate: FSceneViewport::OnFocusLost() reason 5
[2020.01.25-22.40.27:144][ 63]LogSlate: FSceneViewport::OnFocusLost() reason 5
[2020.01.25-22.40.40:507][127]LogSlate: FSceneViewport::OnFocusLost() reason 5
[2020.01.25-22.41.21:181][392]LogEditorViewport: Clicking on Actor (LMB): StaticMeshActor (SM_Wall_joining6)
[2020.01.25-22.41.21:431][403]Cmd: CAMERA ALIGN ACTIVEVIEWPORTONLY
[2020.01.25-22.41.24:141][589]Cmd: SELECT NONE
[2020.01.25-22.41.49:484][133]LogSlate: FSceneViewport::OnFocusLost() reason 0
[2020.01.25-22.42.17:245][665]LogEditorViewport: Clicking on Actor (LMB): StaticMeshActor (SM_soil3)
[2020.01.25-22.42.20:436][892]Cmd: TRANSACTION UNDO
[2020.01.25-22.42.20:436][892]LogEditorTransaction: Undo Move Actors
[2020.01.25-22.42.20:733][900]Cmd: TRANSACTION UNDO
[2020.01.25-22.42.20:733][900]LogEditorTransaction: Undo Clicking on Actors
[2020.01.25-22.42.21:547][965]LogEditorViewport: Clicking on Actor (LMB): StaticMeshActor (SM_soil3)
[2020.01.25-22.42.27:430][445]Cmd: SELECT NONE
[2020.01.25-22.42.30:710][708]LogEditorViewport: Clicking on Actor (LMB): StaticMeshActor (SM_soil2)
[2020.01.25-22.42.35:105][  9]LogEditorViewport: Clicking on Actor (LMB): StaticMeshActor (SM_Rock6_low6)
[2020.01.25-22.42.37:862][214]Cmd: SELECT NONE
[2020.01.25-22.45.35:169][878]LogUObjectHash: Compacting FUObjectHashTables data took   2.01ms
[2020.01.25-22.45.35:170][878]Cmd: OBJ SAVEPACKAGE PACKAGE="/Game/Diorama" FILE="../../../../Art/Park_SFAS/Park/Saved/Autosaves/Game/Diorama_Auto5.umap" SILENT=true AUTOSAVING=true KEEPDIRTY=false
[2020.01.25-22.45.35:421][878]LogSavePackage: Moving '../../../../Art/Park_SFAS/Park/Saved/Diorama_Auto508BFC57C4E4FCBD45623ADBE18120C49.tmp' to '../../../../Art/Park_SFAS/Park/Saved/Autosaves/Game/Diorama_Auto5.umap'
[2020.01.25-22.45.35:425][878]LogFileHelpers: Editor autosave (incl. sublevels) for '/Game/Diorama' took 0.293
[2020.01.25-22.45.35:425][878]LogFileHelpers: Editor autosave (incl. sublevels) for all levels took 0.293
[2020.01.25-22.46.02:865][ 91]LogSlate: FSceneViewport::OnFocusLost() reason 0
[2020.01.25-22.46.06:479][170]LogSlate: FSceneViewport::OnFocusLost() reason 5
[2020.01.25-22.46.06:488][170]LogFactory: FactoryCreateFile: StaticMesh with FbxFactory (0 0 ../../../../Art/Park_SFAS/Models/sm_clover.obj)
[2020.01.25-22.46.06:499][170]LogFbx: Loading FBX Scene from ../../../../Art/Park_SFAS/Models/sm_clover.obj
[2020.01.25-22.46.06:500][170]LogFbx: FBX Scene Loaded Succesfully
[2020.01.25-22.46.07:738][170]LogSlate: Window 'FBX Import Options' being destroyed
[2020.01.25-22.46.07:764][170]LogLinker: Failed to load '/Game/Meshes/Plane_low_Plane_low_defaultMat_opacity': Can't find file.
[2020.01.25-22.46.07:764][170]LogLinker: Failed to load '/Game/Meshes/Plane_low_Plane_low_defaultMat_opacity': Can't find file.
[2020.01.25-22.46.07:798][170]LogTexture: Display: Building textures: Plane_low_Plane_low_defaultMat_opacity (AutoDXT, 2048X2048)
[2020.01.25-22.46.07:939][170]LogFbx: Display: Triangulating static mesh polySurface146_polySurface144_polySurface142_pPlane2
[2020.01.25-22.46.07:940][170]LogStaticMesh: Building static mesh sm_clover...
[2020.01.25-22.46.07:941][170]LogStaticMesh: Built static mesh [0.00s] /Game/Meshes/sm_clover.sm_clover
[2020.01.25-22.46.09:117][263]LogAssetEditorManager: Opening Asset editor for StaticMesh /Game/Meshes/sm_clover.sm_clover
[2020.01.25-22.46.18:359][103]LogUObjectHash: Compacting FUObjectHashTables data took   2.74ms
[2020.01.25-22.46.19:366][103]LogSlate: Window 'Delete Assets' being destroyed
[2020.01.25-22.46.19:381][103]LogSlate: FSceneViewport::OnFocusLost() reason 5
[2020.01.25-22.46.19:402][103]LogSlate: FSceneViewport::OnFocusLost() reason 5
[2020.01.25-22.46.19:455][103]LogUObjectHash: Compacting FUObjectHashTables data took   1.56ms
[2020.01.25-22.46.21:366][248]LogSlate: FSceneViewport::OnFocusLost() reason 0
[2020.01.25-22.46.24:126][456]LogSlate: FSceneViewport::OnFocusLost() reason 0
[2020.01.25-22.46.32:784][464]LogSlate: FSceneViewport::OnFocusLost() reason 5
[2020.01.25-22.46.32:792][464]LogFactory: FactoryCreateFile: StaticMesh with FbxFactory (0 0 ../../../../Art/Park_SFAS/Models/sm_flower.obj)
[2020.01.25-22.46.32:805][464]LogFbx: Loading FBX Scene from ../../../../Art/Park_SFAS/Models/sm_flower.obj
[2020.01.25-22.46.32:806][464]LogFbx: FBX Scene Loaded Succesfully
[2020.01.25-22.46.37:434][464]LogSlate: Window 'FBX Import Options' being destroyed
[2020.01.25-22.46.37:469][464]LogFbx: Display: Triangulating static mesh polySurface146
[2020.01.25-22.46.37:474][464]LogStaticMesh: Building static mesh sm_flower...
[2020.01.25-22.46.37:476][464]LogStaticMesh: Built static mesh [0.00s] /Game/Meshes/sm_flower.sm_flower
[2020.01.25-22.46.39:035][575]LogActorFactory: Actor Factory created sm_flower
[2020.01.25-22.46.41:072][747]LogSlate: FSceneViewport::OnFocusLost() reason 5
[2020.01.25-22.46.41:950][838]LogAssetEditorManager: Opening Asset editor for StaticMesh /Game/Meshes/sm_flower.sm_flower
[2020.01.25-22.46.46:799][248]Cmd: OBJ SAVEPACKAGE PACKAGE="/Game/Meshes/sm_flower" FILE="../../../../Art/Park_SFAS/Park/Content/Meshes/sm_flower.uasset" SILENT=true
[2020.01.25-22.46.46:816][248]LogSavePackage: Moving '../../../../Art/Park_SFAS/Park/Saved/sm_flowerCD33061347BDF42AE92A89ADE629D627.tmp' to '../../../../Art/Park_SFAS/Park/Content/Meshes/sm_flower.uasset'
[2020.01.25-22.46.48:171][353]LogSlate: FSceneViewport::OnFocusLost() reason 0
[2020.01.25-22.46.48:295][363]LogActorFactory: Actor Factory created sm_flower
[2020.01.25-22.46.49:392][443]LogActorFactory: Actor Factory created sm_flower
[2020.01.25-22.46.49:797][470]Cmd: CAMERA ALIGN ACTIVEVIEWPORTONLY
[2020.01.25-22.46.54:243][753]Cmd: SELECT NONE
[2020.01.25-22.46.55:579][848]LogEditorViewport: Clicking on Actor (LMB): StaticMeshActor (sm_flower)
[2020.01.25-22.47.02:031][244]LogSlate: FSceneViewport::OnFocusLost() reason 0
[2020.01.25-22.47.02:165][253]LogActorFactory: Actor Factory created sm_clover
[2020.01.25-22.47.02:788][292]LogActorFactory: Actor Factory created sm_clover
[2020.01.25-22.47.13:143][ 61]Cmd: SELECT NONE
[2020.01.25-22.47.15:016][197]LogEditorViewport: Clicking on Actor (LMB): StaticMeshActor (sm_clover)
[2020.01.25-22.47.21:390][606]LogEditorViewport: Clicking on Actor (LMB): StaticMeshActor (sm_flower)
[2020.01.25-22.47.33:526][415]LogEditorViewport: Clicking on Actor (LMB): StaticMeshActor (sm_flower)
[2020.01.25-22.47.37:550][709]LogEditorViewport: Clicking on Actor (LMB): StaticMeshActor (sm_flower2)
[2020.01.25-22.47.56:422][974]Cmd: CAMERA ALIGN ACTIVEVIEWPORTONLY
[2020.01.25-22.48.06:719][676]LogEditorViewport: Clicking on Actor (LMB): BP_Sky_Sphere_C (BP_Sky_Sphere)
[2020.01.25-22.48.07:850][759]LogEditorViewport: Clicking on Actor (LMB): StaticMeshActor (sm_flower4)
[2020.01.25-22.48.10:993][998]Cmd: SELECT NONE
[2020.01.25-22.48.14:574][251]LogEditorViewport: Clicking on Actor (LMB): StaticMeshActor (sm_clover)
[2020.01.25-22.48.22:491][822]Cmd: CAMERA ALIGN ACTIVEVIEWPORTONLY
[2020.01.25-22.48.22:942][847]LogEditorViewport: Clicking on Actor (context menu): StaticMeshActor (sm_flower2)
[2020.01.25-22.48.22:976][847]LogSlate: FSceneViewport::OnFocusLost() reason 5
[2020.01.25-22.48.23:152][858]LogEditorViewport: Clicking on Actor (context menu): StaticMeshActor (sm_flower2)
[2020.01.25-22.48.23:174][858]LogSlate: FSceneViewport::OnFocusLost() reason 5
[2020.01.25-22.48.23:726][907]LogEditorViewport: Clicking on Actor (LMB): StaticMeshActor (sm_clover3)
[2020.01.25-22.48.45:491][502]Cmd: SELECT NONE
[2020.01.25-22.48.49:616][808]LogEditorViewport: Clicking on Actor (LMB): StaticMeshActor (sm_flower4)
[2020.01.25-22.49.00:193][617]Cmd: SELECT NONE
[2020.01.25-22.49.02:570][789]LogEditorViewport: Clicking on Actor (LMB): StaticMeshActor (SM_Rock3_low5)
[2020.01.25-22.49.03:262][826]LogEditorViewport: Clicking on Actor (LMB): StaticMeshActor (sm_flower5)
[2020.01.25-22.49.07:984][177]Cmd: SELECT NONE
[2020.01.25-22.49.10:032][319]LogEditorViewport: Clicking on Actor (LMB): StaticMeshActor (sm_flower5)
[2020.01.25-22.49.12:300][474]LogEditorViewport: Clicking on Actor (LMB): StaticMeshActor (sm_flower4)
[2020.01.25-22.49.13:785][581]LogEditorViewport: Clicking on Actor (LMB): StaticMeshActor (sm_flower2)
[2020.01.25-22.49.15:856][730]LogEditorViewport: Clicking on Actor (LMB): StaticMeshActor (sm_flower5)
[2020.01.25-22.49.17:686][875]LogEditorViewport: Clicking on Actor (LMB): StaticMeshActor (sm_clover4)
[2020.01.25-22.49.20:059][ 53]LogEditorViewport: Clicking on Actor (LMB): StaticMeshActor (sm_clover3)
[2020.01.25-22.49.24:536][383]Cmd: SELECT NONE
[2020.01.25-22.49.25:220][448]LogEditorViewport: Clicking on Actor (LMB): StaticMeshActor (sm_clover6)
[2020.01.25-22.49.25:928][500]LogEditorViewport: Clicking on Actor (LMB): StaticMeshActor (SM_Wall_end2)
[2020.01.25-22.49.26:131][512]Cmd: SELECT NONE
[2020.01.25-22.49.28:781][703]LogEditorViewport: Clicking on Actor (LMB): StaticMeshActor (sm_flower4)
[2020.01.25-22.49.46:478][  2]Cmd: SELECT NONE
[2020.01.25-22.49.48:617][163]LogEditorViewport: Clicking on Actor (LMB): StaticMeshActor (sm_flower7)
[2020.01.25-22.49.55:142][656]Cmd: SELECT NONE
[2020.01.25-22.49.57:090][796]LogEditorViewport: Clicking on Actor (LMB): StaticMeshActor (sm_flower7)
[2020.01.25-22.50.00:256][991]LogEditorViewport: Clicking on Actor (LMB): StaticMeshActor (sm_flower6)
[2020.01.25-22.50.05:433][346]LogEditorViewport: Clicking on Actor (double click): StaticMeshActor (SM_Rock6_low13)
[2020.01.25-22.50.06:270][411]LogEditorViewport: Clicking on Actor (LMB): StaticMeshActor (sm_flower8)
[2020.01.25-22.50.14:153][990]Cmd: CAMERA ALIGN ACTIVEVIEWPORTONLY
[2020.01.25-22.50.55:431][ 70]Cmd: SELECT NONE
[2020.01.25-22.50.58:155][280]LogEditorViewport: Clicking on Actor (LMB): StaticMeshActor (sm_flower10)
[2020.01.25-22.51.05:438][802]Cmd: CAMERA ALIGN ACTIVEVIEWPORTONLY
[2020.01.25-22.51.13:416][327]Cmd: SELECT NONE
[2020.01.25-22.51.14:724][402]LogEditorViewport: Clicking on Actor (LMB): StaticMeshActor (sm_flower13)
[2020.01.25-22.51.16:384][525]LogEditorViewport: Clicking on Actor (LMB): StaticMeshActor (sm_flower9)
[2020.01.25-22.51.22:578][977]LogEditorViewport: Clicking on Actor (LMB): StaticMeshActor (sm_flower11)
[2020.01.25-22.51.25:664][193]Cmd: SELECT NONE
[2020.01.25-22.51.26:625][247]LogEditorViewport: Clicking on Actor (LMB): StaticMeshActor (sm_flower12)
[2020.01.25-22.51.28:352][368]Cmd: SELECT NONE
[2020.01.25-22.51.30:529][526]LogEditorViewport: Clicking on Actor (LMB): StaticMeshActor (sm_flower10)
[2020.01.25-22.51.35:047][808]Cmd: SELECT NONE
[2020.01.25-22.51.36:130][910]LogEditorViewport: Clicking on Actor (LMB): StaticMeshActor (sm_flower14)
[2020.01.25-22.51.38:713][105]LogEditorViewport: Clicking on Actor (LMB): StaticMeshActor (sm_flower11)
[2020.01.25-22.51.40:760][260]LogEditorViewport: Clicking on Actor (LMB): StaticMeshActor (sm_flower8)
[2020.01.25-22.51.41:332][302]LogEditorViewport: Clicking on Actor (LMB): StaticMeshActor (sm_flower13)
[2020.01.25-22.51.42:315][379]LogEditorViewport: Clicking on Actor (LMB): StaticMeshActor (sm_flower10)
[2020.01.25-22.51.43:886][495]Cmd: SELECT NONE
[2020.01.25-22.51.47:693][797]Cmd: TRANSACTION UNDO
[2020.01.25-22.51.47:693][797]LogEditorTransaction: Undo Select None
[2020.01.25-22.51.48:026][797]Cmd: TRANSACTION UNDO
[2020.01.25-22.51.48:026][797]LogEditorTransaction: Undo Scale Actors
[2020.01.25-22.51.54:172][193]LogEditorViewport: Clicking on Actor (LMB): StaticMeshActor (SM_Rock2_low3)
[2020.01.25-22.51.54:522][217]Cmd: CAMERA ALIGN ACTIVEVIEWPORTONLY
[2020.01.25-22.51.55:799][293]LogEditorViewport: Clicking on Actor (LMB): StaticMeshActor (sm_flower6)
[2020.01.25-22.52.18:346][880]LogEditorViewport: Clicking on Actor (LMB): StaticMeshActor (sm_flower6)
[2020.01.25-22.52.20:168][ 15]Cmd: SELECT NONE
[2020.01.25-22.52.24:514][369]LogEditorViewport: Clicking on Actor (LMB): StaticMeshActor (sm_flower6)
[2020.01.25-22.52.28:898][686]Cmd: CAMERA ALIGN ACTIVEVIEWPORTONLY
[2020.01.25-22.52.34:780][113]Cmd: SELECT NONE
[2020.01.25-22.52.36:719][251]LogEditorViewport: Clicking on Actor (LMB): StaticMeshActor (SM_Rock5_low4)
[2020.01.25-22.52.37:239][279]LogEditorViewport: Clicking on Actor (LMB): StaticMeshActor (sm_flower18)
[2020.01.25-22.52.44:769][835]Cmd: CAMERA ALIGN ACTIVEVIEWPORTONLY
[2020.01.25-22.53.00:261][949]Cmd: SELECT NONE
[2020.01.25-22.53.04:496][243]LogEditorViewport: Clicking on Actor (LMB): StaticMeshActor (sm_flower6)
[2020.01.25-22.53.05:611][308]LogEditorViewport: Clicking on Actor (context menu): StaticMeshActor (SM_Rock5_low4)
[2020.01.25-22.53.05:645][308]LogSlate: FSceneViewport::OnFocusLost() reason 5
[2020.01.25-22.53.06:423][373]LogEditorViewport: Clicking on Actor (LMB): StaticMeshActor (sm_flower6)
[2020.01.25-22.53.14:825][906]Cmd: SELECT NONE
[2020.01.25-22.53.16:206][  4]LogEditorViewport: Clicking on Actor (LMB): StaticMeshActor (SM_Rock5_low4)
[2020.01.25-22.53.16:815][ 31]LogEditorViewport: Clicking on Actor (LMB): StaticMeshActor (sm_flower22)
[2020.01.25-22.53.18:420][143]Cmd: SELECT NONE
[2020.01.25-22.53.19:200][212]LogEditorViewport: Clicking on Actor (LMB): StaticMeshActor (sm_flower22)
[2020.01.25-22.53.30:647][ 18]Cmd: SELECT NONE
[2020.01.25-22.53.41:115][886]LogEditorViewport: Clicking on Actor (LMB): StaticMeshActor (SM_Rock1_low)
[2020.01.25-22.53.41:764][935]LogEditorViewport: Clicking on Actor (LMB): StaticMeshActor (sm_flower)
[2020.01.25-22.53.42:186][965]Cmd: CAMERA ALIGN ACTIVEVIEWPORTONLY
[2020.01.25-22.54.08:513][854]LogEditorViewport: Clicking on Actor (LMB): StaticMeshActor (sm_flower25)
[2020.01.25-22.54.16:713][446]Cmd: SELECT NONE
[2020.01.25-22.54.18:094][539]LogEditorViewport: Clicking on Actor (LMB): StaticMeshActor (sm_flower24)
[2020.01.25-22.54.22:091][816]LogEditorViewport: Clicking on Actor (LMB): StaticMeshActor (SM_grasspath)
[2020.01.25-22.54.22:606][852]LogEditorViewport: Clicking on Actor (LMB): StaticMeshActor (SM_grasspath)
[2020.01.25-22.54.23:175][898]LogEditorViewport: Clicking on Actor (LMB): StaticMeshActor (sm_clover)
[2020.01.25-22.54.25:964][105]Cmd: CAMERA ALIGN ACTIVEVIEWPORTONLY
[2020.01.25-22.54.30:031][398]Cmd: SELECT NONE
[2020.01.25-22.54.32:612][586]LogEditorViewport: Clicking on Actor (LMB): StaticMeshActor (sm_clover)
[2020.01.25-22.54.38:398][991]Cmd: SELECT NONE
[2020.01.25-22.54.38:917][ 39]LogEditorViewport: Clicking on Actor (LMB): StaticMeshActor (sm_clover8)
[2020.01.25-22.54.41:161][197]Cmd: SELECT NONE
[2020.01.25-22.54.41:836][254]LogEditorViewport: Clicking on Actor (context menu): StaticMeshActor (sm_clover)
[2020.01.25-22.54.41:871][254]LogSlate: FSceneViewport::OnFocusLost() reason 5
[2020.01.25-22.54.42:485][304]LogEditorViewport: Clicking on Actor (LMB): StaticMeshActor (SM_grasspath)
[2020.01.25-22.54.42:993][328]LogEditorViewport: Clicking on Actor (LMB): StaticMeshActor (sm_clover8)
[2020.01.25-22.54.44:312][410]Cmd: SELECT NONE
[2020.01.25-22.54.45:621][534]LogEditorViewport: Clicking on Actor (LMB): StaticMeshActor (sm_clover8)
[2020.01.25-22.54.56:205][332]Cmd: SELECT NONE
[2020.01.25-22.54.57:961][448]LogEditorViewport: Clicking on Actor (LMB): StaticMeshActor (sm_clover7)
[2020.01.25-22.55.02:500][788]Cmd: CAMERA ALIGN ACTIVEVIEWPORTONLY
[2020.01.25-22.55.16:821][799]LogEditorViewport: Clicking on Actor (LMB): StaticMeshActor (sm_clover)
[2020.01.25-22.55.18:057][883]Cmd: SELECT NONE
[2020.01.25-22.55.21:281][ 96]LogEditorViewport: Clicking on Actor (LMB): StaticMeshActor (sm_clover9)
[2020.01.25-22.55.33:408][ 13]LogEditorViewport: Clicking on Actor (LMB): StaticMeshActor (sm_clover12)
[2020.01.25-22.55.36:015][195]LogEditorViewport: Clicking on Actor (LMB): StaticMeshActor (SM_grasspath)
[2020.01.25-22.55.36:220][206]Cmd: SELECT NONE
[2020.01.25-22.55.39:618][451]LogEditorViewport: Clicking on Actor (LMB): StaticMeshActor (sm_flower)
[2020.01.25-22.55.47:124][974]Cmd: SELECT NONE
[2020.01.25-22.55.50:735][234]LogEditorViewport: Clicking on Actor (LMB): StaticMeshActor (sm_flower18)
[2020.01.25-22.55.51:180][264]Cmd: SELECT NONE
[2020.01.25-22.55.58:716][952]LogEditorViewport: Clicking on Actor (LMB): StaticMeshActor (sm_flower6)
[2020.01.25-22.55.58:985][969]Cmd: CAMERA ALIGN ACTIVEVIEWPORTONLY
[2020.01.25-22.56.01:221][128]LogEditorViewport: Clicking on Actor (LMB): StaticMeshActor (sm_flower31)
[2020.01.25-22.56.18:451][359]Cmd: SELECT NONE
[2020.01.25-22.56.22:733][655]LogEditorViewport: Clicking on Actor (LMB): StaticMeshActor (sm_flower17)
[2020.01.25-22.56.26:991][948]Cmd: SELECT NONE
[2020.01.25-22.56.28:531][ 58]LogEditorViewport: Clicking on Actor (LMB): StaticMeshActor (sm_flower34)
[2020.01.25-22.56.31:176][225]Cmd: SELECT NONE
[2020.01.25-22.56.36:518][603]LogEditorViewport: Clicking on Actor (LMB): StaticMeshActor (sm_flower4)
[2020.01.25-22.56.36:627][606]Cmd: CAMERA ALIGN ACTIVEVIEWPORTONLY
[2020.01.25-22.56.42:012][990]LogEditorViewport: Clicking on Actor (LMB): StaticMeshActor (sm_clover5)
[2020.01.25-22.56.46:741][349]Cmd: SELECT NONE
[2020.01.25-22.56.50:902][648]LogEditorViewport: Clicking on Actor (LMB): StaticMeshActor (sm_flower35)
[2020.01.25-22.56.59:065][208]Cmd: SELECT NONE
[2020.01.25-22.57.02:647][464]LogEditorViewport: Clicking on Actor (LMB): StaticMeshActor (sm_flower2)
[2020.01.25-22.57.02:945][483]Cmd: CAMERA ALIGN ACTIVEVIEWPORTONLY
[2020.01.25-22.57.11:865][ 86]Cmd: SELECT NONE
[2020.01.25-22.57.49:581][576]LogSlate: FSceneViewport::OnFocusLost() reason 0
[2020.01.25-22.57.49:677][584]Cmd: OBJ SAVEPACKAGE PACKAGE="/Game/Diorama" FILE="../../../../Art/Park_SFAS/Park/Content/Diorama.umap" SILENT=true AUTOSAVING=false KEEPDIRTY=false
[2020.01.25-22.57.49:716][584]LogUObjectHash: Compacting FUObjectHashTables data took   1.76ms
[2020.01.25-22.57.49:963][584]LogSavePackage: Moving '../../../../Art/Park_SFAS/Park/Saved/DioramaAD817B784E2D7A7F8560BF8C4D8D8F87.tmp' to '../../../../Art/Park_SFAS/Park/Content/Diorama.umap'
[2020.01.25-22.57.50:008][584]Cmd: OBJ SAVEPACKAGE PACKAGE="/Game/Diorama_BuiltData" FILE="../../../../Art/Park_SFAS/Park/Content/Diorama_BuiltData.uasset" SILENT=true
[2020.01.25-22.57.50:126][584]LogSavePackage: Moving '../../../../Art/Park_SFAS/Park/Saved/Diorama_BuiltData34A1B3574EDAF7A0E2C2198B5A76F4F4.tmp' to '../../../../Art/Park_SFAS/Park/Content/Diorama_BuiltData.uasset'
[2020.01.25-23.07.49:953][725]LogUObjectHash: Compacting FUObjectHashTables data took   2.06ms
[2020.01.25-23.07.49:953][725]LogFileHelpers: Editor autosave (incl. sublevels) for '/Game/Diorama' took 0.038
[2020.01.25-23.07.49:956][725]OBJ SavePackage: Generating thumbnails for [1] asset(s) in package [/Game/Meshes/sm_clover] ([1] browsable assets)...
[2020.01.25-23.07.49:964][725]OBJ SavePackage:     Rendered thumbnail for [StaticMesh /Game/Meshes/sm_clover.sm_clover]
[2020.01.25-23.07.49:964][725]OBJ SavePackage: Finished generating thumbnails for package [/Game/Meshes/sm_clover]
[2020.01.25-23.07.49:964][725]Cmd: OBJ SAVEPACKAGE PACKAGE="/Game/Meshes/sm_clover" FILE="../../../../Art/Park_SFAS/Park/Saved/Autosaves/Game/Meshes/sm_clover_Auto6.uasset" SILENT=false AUTOSAVING=true
[2020.01.25-23.07.49:981][725]LogSavePackage: Moving '../../../../Art/Park_SFAS/Park/Saved/sm_clover_Auto65357C97B46C198DB400B08BC9C0FAC7F.tmp' to '../../../../Art/Park_SFAS/Park/Saved/Autosaves/Game/Meshes/sm_clover_Auto6.uasset'
[2020.01.25-23.07.49:982][725]LogFileHelpers: Auto-saving content packages took 0.026
[2020.01.25-23.10.40:994][286]LogSlate: FSceneViewport::OnFocusLost() reason 0
[2020.01.25-23.10.42:215][394]LogEditorFactories: Performing atomic reimport of [D:/Art/Park_SFAS/Models/SM_Lilypad.obj]
[2020.01.25-23.10.42:243][394]LogFbx: Loading FBX Scene from D:/Art/Park_SFAS/Models/SM_Lilypad.obj
[2020.01.25-23.10.42:244][394]LogFbx: FBX Scene Loaded Succesfully
[2020.01.25-23.10.42:244][394]LogEditorFactories: Warning: -- import failed
[2020.01.25-23.10.42:247][394]FBXImport: Error: No FBX mesh found when reimport Unreal mesh 'SM_Lilypad'. The FBX file is crashed. 
[2020.01.25-23.10.44:074][541]LogSlate: Window 'Message Log' being destroyed
[2020.01.25-23.10.44:081][541]LogSlate: Window 'Message Log' being destroyed
[2020.01.25-23.10.55:424][439]LogSlate: FSceneViewport::OnFocusLost() reason 0
[2020.01.25-23.11.06:004][445]LogSlate: Window 'Message' being destroyed
[2020.01.25-23.11.28:607][ 56]LogFactory: FactoryCreateFile: StaticMesh with FbxFactory (0 0 ../../../../Art/Park_SFAS/Models/SM_Lilypad_low.obj)
[2020.01.25-23.11.28:619][ 56]LogFbx: Loading FBX Scene from ../../../../Art/Park_SFAS/Models/SM_Lilypad_low.obj
[2020.01.25-23.11.28:619][ 56]LogFbx: FBX Scene Loaded Succesfully
[2020.01.25-23.11.28:623][ 56]FBXImport: Warning: Can't detect import type. No mesh is found or animation track. 
[2020.01.25-23.11.31:769][ 56]LogSlate: Window 'Message' being destroyed
[2020.01.25-23.11.31:773][ 56]LogAssetTools: Warning: Failed to import '../../../../Art/Park_SFAS/Models/SM_Lilypad_low.obj'. Failed to create asset '/Game/Meshes/SM_Lilypad_low'.
Please see Output Log for details.
[2020.01.25-23.11.34:169][271]LogSlate: Window 'Message Log' being destroyed
[2020.01.25-23.11.34:175][271]LogSlate: Window 'Message Log' being destroyed
[2020.01.25-23.12.33:842][ 59]LogEditorFactories: Performing atomic reimport of [D:/Art/Park_SFAS/Models/SM_Lilypad.obj]
[2020.01.25-23.12.33:867][ 59]LogFbx: Loading FBX Scene from D:/Art/Park_SFAS/Models/SM_Lilypad.obj
[2020.01.25-23.12.33:872][ 59]LogFbx: FBX Scene Loaded Succesfully
[2020.01.25-23.12.33:873][ 59]LogFbx: Display: Triangulating static mesh default
[2020.01.25-23.12.33:906][ 59]LogStaticMesh: Building static mesh SM_Lilypad...
[2020.01.25-23.12.33:913][ 59]LogStaticMesh: Built static mesh [0.01s] /Game/Meshes/SM_Lilypad.SM_Lilypad
[2020.01.25-23.12.35:520][ 59]LogSlate: Window 'Reimport Material Conflicts Resolution' being destroyed
[2020.01.25-23.12.35:526][ 59]LogEditorFactories: -- imported successfully
[2020.01.25-23.12.46:340][898]LogEditorViewport: Clicking on Actor (LMB): StaticMeshActor (SM_Lilypad13)
[2020.01.25-23.12.48:642][ 35]LogSlate: FSceneViewport::OnFocusLost() reason 2
[2020.01.25-23.12.53:864][444]Cmd: TRANSACTION UNDO
[2020.01.25-23.12.53:864][444]LogEditorTransaction: Undo Replace component used material
[2020.01.25-23.12.54:464][460]LogSlate: FSceneViewport::OnFocusLost() reason 0
[2020.01.25-23.12.54:651][475]LogAssetEditorManager: Opening Asset editor for StaticMesh /Game/Meshes/SM_Lilypad.SM_Lilypad
[2020.01.25-23.13.03:435][106]LogSlate: FSceneViewport::OnFocusLost() reason 0
[2020.01.25-23.13.03:557][115]Cmd: OBJ SAVEPACKAGE PACKAGE="/Game/Meshes/SM_Lilypad" FILE="../../../../Art/Park_SFAS/Park/Content/Meshes/SM_Lilypad.uasset" SILENT=true
[2020.01.25-23.13.03:582][115]LogSavePackage: Moving '../../../../Art/Park_SFAS/Park/Saved/SM_LilypadF50989C64C109F25B4A239B577F86D0D.tmp' to '../../../../Art/Park_SFAS/Park/Content/Meshes/SM_Lilypad.uasset'
[2020.01.25-23.13.04:960][219]LogSlate: FSceneViewport::OnFocusLost() reason 0
[2020.01.25-23.13.05:049][226]Cmd: OBJ SAVEPACKAGE PACKAGE="/Game/Meshes/SM_Lilypad" FILE="../../../../Art/Park_SFAS/Park/Content/Meshes/SM_Lilypad.uasset" SILENT=true
[2020.01.25-23.13.05:062][226]LogSavePackage: Moving '../../../../Art/Park_SFAS/Park/Saved/SM_Lilypad0ADE638B410AECA09212D9BDA11C6B83.tmp' to '../../../../Art/Park_SFAS/Park/Content/Meshes/SM_Lilypad.uasset'
[2020.01.25-23.13.09:156][500]LogSlate: FSceneViewport::OnFocusLost() reason 0
[2020.01.25-23.13.20:472][260]Cmd: SELECT NONE
[2020.01.25-23.15.06:237][743]LogSlate: FSceneViewport::OnFocusLost() reason 0
[2020.01.25-23.15.12:980][751]LogSlate: FSceneViewport::OnFocusLost() reason 5
[2020.01.25-23.15.12:990][751]LogFactory: FactoryCreateFile: StaticMesh with FbxFactory (0 0 ../../../../Art/Park_SFAS/Models/sm_grass.obj)
[2020.01.25-23.15.13:002][751]LogFbx: Loading FBX Scene from ../../../../Art/Park_SFAS/Models/sm_grass.obj
[2020.01.25-23.15.13:002][751]LogFbx: FBX Scene Loaded Succesfully
[2020.01.25-23.15.13:006][751]FBXImport: Warning: Can't detect import type. No mesh is found or animation track. 
[2020.01.25-23.15.15:431][751]LogSlate: Window 'Message' being destroyed
[2020.01.25-23.15.15:435][751]LogAssetTools: Warning: Failed to import '../../../../Art/Park_SFAS/Models/sm_grass.obj'. Failed to create asset '/Game/Meshes/sm_grass'.
Please see Output Log for details.
[2020.01.25-23.15.18:048][968]LogSlate: FSceneViewport::OnFocusLost() reason 0
[2020.01.25-23.15.18:178][983]LogSlate: Window 'Message Log' being destroyed
[2020.01.25-23.15.18:185][983]LogSlate: Window 'Message Log' being destroyed
[2020.01.25-23.15.37:089][412]LogSlate: FSceneViewport::OnFocusLost() reason 0
[2020.01.25-23.15.40:119][419]LogSlate: FSceneViewport::OnFocusLost() reason 5
[2020.01.25-23.15.40:129][419]LogFactory: FactoryCreateFile: StaticMesh with FbxFactory (0 0 ../../../../Art/Park_SFAS/Models/sm_grass.obj)
[2020.01.25-23.15.40:140][419]LogFbx: Loading FBX Scene from ../../../../Art/Park_SFAS/Models/sm_grass.obj
[2020.01.25-23.15.40:140][419]LogFbx: FBX Scene Loaded Succesfully
[2020.01.25-23.15.40:144][419]FBXImport: Warning: Can't detect import type. No mesh is found or animation track. 
[2020.01.25-23.15.41:245][419]LogSlate: Window 'Message' being destroyed
[2020.01.25-23.15.41:249][419]LogAssetTools: Warning: Failed to import '../../../../Art/Park_SFAS/Models/sm_grass.obj'. Failed to create asset '/Game/Meshes/sm_grass'.
Please see Output Log for details.
[2020.01.25-23.15.43:101][559]LogSlate: FSceneViewport::OnFocusLost() reason 0
[2020.01.25-23.15.43:178][567]LogSlate: Window 'Message Log' being destroyed
[2020.01.25-23.15.43:184][567]LogSlate: Window 'Message Log' being destroyed
[2020.01.25-23.15.47:317][856]LogSlate: FSceneViewport::OnFocusLost() reason 0
[2020.01.25-23.15.50:518][863]LogSlate: FSceneViewport::OnFocusLost() reason 5
[2020.01.25-23.15.50:527][863]LogFactory: FactoryCreateFile: StaticMesh with FbxFactory (0 0 ../../../../Art/Park_SFAS/Models/sm_grass.obj)
[2020.01.25-23.15.50:537][863]LogFbx: Loading FBX Scene from ../../../../Art/Park_SFAS/Models/sm_grass.obj
[2020.01.25-23.15.50:538][863]LogFbx: FBX Scene Loaded Succesfully
[2020.01.25-23.15.51:991][863]LogSlate: Window 'FBX Import Options' being destroyed
[2020.01.25-23.15.52:016][863]LogFbx: Display: Triangulating static mesh polySurface722
[2020.01.25-23.15.52:021][863]LogStaticMesh: Building static mesh sm_grass...
[2020.01.25-23.15.52:024][863]LogStaticMesh: Built static mesh [0.00s] /Game/Meshes/sm_grass.sm_grass
[2020.01.25-23.15.54:130][ 11]LogAssetEditorManager: Opening Asset editor for StaticMesh /Game/Meshes/sm_grass.sm_grass
[2020.01.25-23.15.59:761][407]LogActorFactory: Actor Factory created sm_grass
[2020.01.25-23.16.00:799][473]LogActorFactory: Actor Factory created sm_grass
[2020.01.25-23.16.02:833][592]Cmd: CAMERA ALIGN ACTIVEVIEWPORTONLY
[2020.01.25-23.16.04:326][668]Cmd: SELECT NONE
[2020.01.25-23.16.04:821][691]LogEditorViewport: Clicking on Actor (LMB): StaticMeshActor (sm_grass)
[2020.01.25-23.16.12:701][209]Cmd: SELECT NONE
[2020.01.25-23.16.13:558][277]LogEditorViewport: Clicking on Actor (LMB): StaticMeshActor (sm_grass)
[2020.01.25-23.16.15:264][393]Cmd: SELECT NONE
[2020.01.25-23.16.16:724][480]LogEditorViewport: Clicking on Actor (LMB): StaticMeshActor (sm_grass)
[2020.01.25-23.16.18:440][576]Cmd: SELECT NONE
[2020.01.25-23.16.19:090][628]LogEditorViewport: Clicking on Actor (LMB): StaticMeshActor (sm_grass)
[2020.01.25-23.16.21:777][809]Cmd: TRANSACTION UNDO
[2020.01.25-23.16.21:777][809]LogEditorTransaction: Undo Move Actors
[2020.01.25-23.16.25:803][ 52]Cmd: SELECT NONE
[2020.01.25-23.16.26:497][108]LogEditorViewport: Clicking on Actor (LMB): StaticMeshActor (sm_grass)
[2020.01.25-23.16.29:345][296]Cmd: SELECT NONE
[2020.01.25-23.16.31:081][416]LogEditorViewport: Clicking on Actor (LMB): StaticMeshActor (sm_grass)
[2020.01.25-23.17.07:493][835]Cmd: SELECT NONE
[2020.01.25-23.17.12:885][195]LogEditorViewport: Clicking on Actor (LMB): StaticMeshActor (sm_grass3)
[2020.01.25-23.17.15:048][316]Cmd: TRANSACTION UNDO
[2020.01.25-23.17.15:048][316]LogEditorTransaction: Undo Clicking on Actors
[2020.01.25-23.17.17:032][411]Cmd: SELECT NONE
[2020.01.25-23.17.21:178][678]LogEditorViewport: Clicking on Actor (LMB): StaticMeshActor (sm_grass4)
[2020.01.25-23.17.33:773][439]Cmd: SELECT NONE
[2020.01.25-23.17.38:624][776]LogSlate: FSceneViewport::OnFocusLost() reason 0
[2020.01.25-23.17.44:826][187]Cmd: CAMERA ALIGN ACTIVEVIEWPORTONLY
[2020.01.25-23.18.14:963][112]Cmd: SELECT NONE
[2020.01.25-23.18.16:022][196]Cmd: TRANSACTION UNDO
[2020.01.25-23.18.16:022][196]LogEditorTransaction: Undo Select None
[2020.01.25-23.18.29:745][ 23]Cmd: SELECT NONE
[2020.01.25-23.18.31:321][106]LogEditorViewport: Clicking on Actor (LMB): StaticMeshActor (SM_Rock3_low19)
[2020.01.25-23.18.31:894][129]LogEditorViewport: Clicking on Actor (LMB): StaticMeshActor (sm_grass)
[2020.01.25-23.18.32:591][174]Cmd: SELECT NONE
[2020.01.25-23.18.34:298][280]Cmd: TRANSACTION UNDO
[2020.01.25-23.18.34:298][280]LogEditorTransaction: Undo Select None
[2020.01.25-23.18.35:665][312]LogEditorViewport: Clicking on Actor (LMB): StaticMeshActor (sm_grass14)
[2020.01.25-23.18.36:045][332]Cmd: TRANSACTION UNDO
[2020.01.25-23.18.36:045][332]LogEditorTransaction: Undo Clicking on Actors
[2020.01.25-23.18.36:570][332]Cmd: TRANSACTION UNDO
[2020.01.25-23.18.36:570][332]LogEditorTransaction: Undo Clicking on Actors
[2020.01.25-23.18.37:816][367]Cmd: TRANSACTION UNDO
[2020.01.25-23.18.37:816][367]LogEditorTransaction: Undo Clicking on Actors
[2020.01.25-23.18.40:580][531]Cmd: TRANSACTION UNDO
[2020.01.25-23.18.40:580][531]LogEditorTransaction: Undo Select None
[2020.01.25-23.18.48:750][994]Cmd: SELECT NONE
[2020.01.25-23.18.59:405][782]LogSlate: FSceneViewport::OnFocusLost() reason 0
[2020.01.25-23.19.06:308][196]Cmd: CAMERA ALIGN ACTIVEVIEWPORTONLY
[2020.01.25-23.19.14:724][658]LogEditorViewport: Clicking on Actor (LMB): StaticMeshActor (sm_grass27)
[2020.01.25-23.19.19:940][929]LogEditorViewport: Clicking on Actor (LMB): StaticMeshActor (SM_grasspath)
[2020.01.25-23.19.20:570][965]LogEditorViewport: Clicking on Actor (LMB): StaticMeshActor (sm_grass21)
[2020.01.25-23.19.21:271][  5]LogEditorViewport: Clicking on Actor (LMB): StaticMeshActor (sm_grass27)
[2020.01.25-23.19.26:500][325]LogSlate: FSceneViewport::OnFocusLost() reason 0
[2020.01.25-23.19.36:304][899]Cmd: SELECT NONE
[2020.01.25-23.19.45:245][449]LogEditorViewport: Clicking on Actor (LMB): StaticMeshActor (sm_grass21)
[2020.01.25-23.19.55:738][111]Cmd: SELECT NONE
[2020.01.25-23.20.12:153][134]LogEditorViewport: Clicking on Actor (LMB): StaticMeshActor (sm_grass23)
[2020.01.25-23.20.12:593][150]LogEditorViewport: Clicking on Actor (LMB): StaticMeshActor (SM_grasspath)
[2020.01.25-23.20.13:733][213]Cmd: SELECT NONE
[2020.01.25-23.20.16:775][396]LogEditorViewport: Clicking on Actor (LMB): StaticMeshActor (SM_Rock1_low)
[2020.01.25-23.20.17:551][429]LogEditorViewport: Clicking on Actor (LMB): StaticMeshActor (sm_grass30)
[2020.01.25-23.20.21:916][668]LogSlate: FSceneViewport::OnFocusLost() reason 0
[2020.01.25-23.21.11:822][447]LogEditorViewport: Clicking on Actor (LMB): StaticMeshActor (SM_Rock3_low5)
[2020.01.25-23.21.12:469][481]LogEditorViewport: Clicking on Actor (LMB): StaticMeshActor (sm_grass61)
[2020.01.25-23.21.15:318][654]LogEditorViewport: Clicking on Actor (LMB): StaticMeshActor (sm_grass63)
[2020.01.25-23.21.18:930][878]LogEditorViewport: Clicking on Actor (LMB): StaticMeshActor (sm_grass53)
[2020.01.25-23.21.22:027][ 66]LogEditorViewport: Clicking on Actor (LMB): StaticMeshActor (sm_grass61)
[2020.01.25-23.21.25:891][283]LogEditorViewport: Clicking on Actor (LMB): StaticMeshActor (sm_grass58)
[2020.01.25-23.21.27:337][366]LogEditorViewport: Clicking on Actor (LMB): StaticMeshActor (SM_Rock3_low5)
[2020.01.25-23.21.27:805][392]LogEditorViewport: Clicking on Actor (LMB): StaticMeshActor (SM_Rock3_low5)
[2020.01.25-23.21.28:235][420]LogEditorViewport: Clicking on Actor (LMB): StaticMeshActor (SM_Rock3_low5)
[2020.01.25-23.21.28:712][450]LogEditorViewport: Clicking on Actor (LMB): StaticMeshActor (sm_grass64)
[2020.01.25-23.21.31:058][599]LogEditorViewport: Clicking on Actor (LMB): StaticMeshActor (SM_Rock3_low2)
[2020.01.25-23.21.31:528][626]LogEditorViewport: Clicking on Actor (LMB): StaticMeshActor (SM_Rock3_low2)
[2020.01.25-23.21.32:036][660]LogEditorViewport: Clicking on Actor (LMB): StaticMeshActor (sm_grass58)
[2020.01.25-23.21.35:942][895]Cmd: SELECT NONE
[2020.01.25-23.21.39:379][ 98]LogEditorViewport: Clicking on Actor (LMB): StaticMeshActor (sm_grass63)
[2020.01.25-23.21.49:374][687]Cmd: SELECT NONE
[2020.01.25-23.21.52:585][882]LogEditorViewport: Clicking on Actor (LMB): StaticMeshActor (sm_grass9)
[2020.01.25-23.21.56:610][ 83]LogEditorViewport: Clicking on Actor (LMB): StaticMeshActor (sm_grass17)
[2020.01.25-23.22.03:925][507]Cmd: SELECT NONE
[2020.01.25-23.22.08:350][755]LogEditorViewport: Clicking on Actor (LMB): StaticMeshActor (sm_grass2)
[2020.01.25-23.22.09:928][824]LogEditorViewport: Clicking on Actor (LMB): StaticMeshActor (SM_River)
[2020.01.25-23.22.10:518][848]LogEditorViewport: Clicking on Actor (LMB): StaticMeshActor (SM_River)
[2020.01.25-23.22.11:211][893]LogEditorViewport: Clicking on Actor (LMB): StaticMeshActor (sm_grass18)
[2020.01.25-23.22.11:487][905]LogEditorViewport: Clicking on Actor (LMB): StaticMeshActor (SM_River)
[2020.01.25-23.22.12:209][946]LogEditorViewport: Clicking on Actor (LMB): StaticMeshActor (SM_River)
[2020.01.25-23.22.12:823][985]LogEditorViewport: Clicking on Actor (LMB): StaticMeshActor (sm_grass18)
[2020.01.25-23.22.14:333][ 77]LogSlate: FSceneViewport::OnFocusLost() reason 0
[2020.01.25-23.22.42:146][566]LogEditorViewport: Clicking on Actor (LMB): BP_Sky_Sphere_C (BP_Sky_Sphere)
[2020.01.25-23.22.42:927][615]Cmd: SELECT NONE
[2020.01.25-23.22.47:533][916]Cmd: TRANSACTION UNDO
[2020.01.25-23.22.47:533][916]LogEditorTransaction: Undo Select None
[2020.01.25-23.22.48:485][945]Cmd: TRANSACTION UNDO
[2020.01.25-23.22.48:486][945]LogEditorTransaction: Undo Clicking on Actors
[2020.01.25-23.23.53:905][489]Cmd: SELECT NONE
[2020.01.25-23.23.55:857][600]LogEditorViewport: Clicking on Actor (LMB): StaticMeshActor (SM_River)
[2020.01.25-23.23.58:301][716]LogEditorViewport: Clicking on Actor (LMB): StaticMeshActor (sm_grass100)
[2020.01.25-23.24.03:247][962]LogEditorViewport: Clicking on Actor (LMB): StaticMeshActor (sm_grass103)
[2020.01.25-23.24.05:793][ 85]LogEditorViewport: Clicking on Actor (LMB): StaticMeshActor (SM_Rock3_low13)
[2020.01.25-23.24.06:660][137]LogEditorViewport: Clicking on Actor (LMB): StaticMeshActor (sm_grass104)
[2020.01.25-23.24.10:791][359]LogEditorViewport: Clicking on Actor (LMB): StaticMeshActor (sm_grass47)
[2020.01.25-23.24.13:112][467]LogEditorViewport: Clicking on Actor (LMB): StaticMeshActor (SM_Wall_end)
[2020.01.25-23.24.13:833][507]LogEditorViewport: Clicking on Actor (LMB): StaticMeshActor (SM_Wall_end)
[2020.01.25-23.24.14:301][537]LogEditorViewport: Clicking on Actor (LMB): StaticMeshActor (sm_grass48)
[2020.01.25-23.24.21:052][870]LogEditorViewport: Clicking on Actor (LMB): StaticMeshActor (sm_grass95)
[2020.01.25-23.24.24:818][ 96]LogEditorViewport: Clicking on Actor (LMB): StaticMeshActor (SM_Path)
[2020.01.25-23.24.26:138][176]LogEditorViewport: Clicking on Actor (LMB): StaticMeshActor (SM_Path)
[2020.01.25-23.24.27:309][253]LogEditorViewport: Clicking on Actor (LMB): StaticMeshActor (sm_grass95)
[2020.01.25-23.24.27:882][285]LogEditorViewport: Clicking on Actor (LMB): StaticMeshActor (SM_River)
[2020.01.25-23.24.28:587][326]LogEditorViewport: Clicking on Actor (LMB): StaticMeshActor (sm_grass96)
[2020.01.25-23.24.32:529][534]LogEditorViewport: Clicking on Actor (LMB): StaticMeshActor (sm_grass88)
[2020.01.25-23.24.38:483][848]LogEditorViewport: Clicking on Actor (LMB): StaticMeshActor (SM_Path)
[2020.01.25-23.24.38:991][874]LogEditorViewport: Clicking on Actor (LMB): StaticMeshActor (sm_grass79)
[2020.01.25-23.24.41:840][ 25]LogEditorViewport: Clicking on Actor (LMB): StaticMeshActor (sm_grass70)
[2020.01.25-23.24.44:428][157]LogEditorViewport: Clicking on Actor (LMB): StaticMeshActor (sm_grass69)
[2020.01.25-23.24.50:370][475]LogEditorViewport: Clicking on Actor (LMB): StaticMeshActor (SM_Path)
[2020.01.25-23.24.51:253][521]LogEditorViewport: Clicking on Actor (LMB): StaticMeshActor (sm_grass66)
[2020.01.25-23.24.59:976][989]Cmd: SELECT NONE
[2020.01.25-23.25.07:137][405]LogEditorViewport: Clicking on Actor (LMB): StaticMeshActor (sm_grass78)
[2020.01.25-23.25.09:445][542]LogEditorViewport: Clicking on Actor (LMB): StaticMeshActor (sm_grass77)
[2020.01.25-23.25.12:357][719]LogEditorViewport: Clicking on Actor (LMB): StaticMeshActor (SM_River)
[2020.01.25-23.25.12:916][750]LogEditorViewport: Clicking on Actor (LMB): StaticMeshActor (sm_grass72)
[2020.01.25-23.25.13:725][798]Cmd: DELETE
[2020.01.25-23.25.13:725][798]Cmd: ACTOR DELETE
[2020.01.25-23.25.13:733][798]LogEditorActor: Deleted Actor: StaticMeshActor
[2020.01.25-23.25.13:769][798]LogUObjectHash: Compacting FUObjectHashTables data took   1.74ms
[2020.01.25-23.25.13:770][798]LogEditorActor: Deleted 1 Actors (0.045 secs)
[2020.01.25-23.25.14:452][849]LogEditorViewport: Clicking on Actor (LMB): StaticMeshActor (SM_River)
[2020.01.25-23.25.14:915][873]LogEditorViewport: Clicking on Actor (LMB): StaticMeshActor (sm_grass70)
[2020.01.25-23.25.15:305][893]Cmd: DELETE
[2020.01.25-23.25.15:305][893]Cmd: ACTOR DELETE
[2020.01.25-23.25.15:313][893]LogEditorActor: Deleted Actor: StaticMeshActor
[2020.01.25-23.25.15:350][893]LogUObjectHash: Compacting FUObjectHashTables data took   0.75ms
[2020.01.25-23.25.15:352][893]LogEditorActor: Deleted 1 Actors (0.047 secs)
[2020.01.25-23.25.18:585][ 79]LogEditorViewport: Clicking on Actor (LMB): StaticMeshActor (sm_grass83)
[2020.01.25-23.25.18:852][ 87]Cmd: DELETE
[2020.01.25-23.25.18:852][ 87]Cmd: ACTOR DELETE
[2020.01.25-23.25.18:860][ 87]LogEditorActor: Deleted Actor: StaticMeshActor
[2020.01.25-23.25.18:897][ 87]LogUObjectHash: Compacting FUObjectHashTables data took   0.73ms
[2020.01.25-23.25.18:899][ 87]LogEditorActor: Deleted 1 Actors (0.046 secs)
[2020.01.25-23.25.19:371][120]LogEditorViewport: Clicking on Actor (LMB): StaticMeshActor (sm_grass81)
[2020.01.25-23.25.19:733][138]Cmd: DELETE
[2020.01.25-23.25.19:733][138]Cmd: ACTOR DELETE
[2020.01.25-23.25.19:740][138]LogEditorActor: Deleted Actor: StaticMeshActor
[2020.01.25-23.25.19:777][138]LogUObjectHash: Compacting FUObjectHashTables data took   0.74ms
[2020.01.25-23.25.19:779][138]LogEditorActor: Deleted 1 Actors (0.046 secs)
[2020.01.25-23.25.20:700][202]LogEditorViewport: Clicking on Actor (LMB): StaticMeshActor (sm_grass95)
[2020.01.25-23.25.21:063][217]Cmd: DELETE
[2020.01.25-23.25.21:063][217]Cmd: ACTOR DELETE
[2020.01.25-23.25.21:071][217]LogEditorActor: Deleted Actor: StaticMeshActor
[2020.01.25-23.25.21:107][217]LogUObjectHash: Compacting FUObjectHashTables data took   0.75ms
[2020.01.25-23.25.21:109][217]LogEditorActor: Deleted 1 Actors (0.047 secs)
[2020.01.25-23.25.21:421][239]LogEditorViewport: Clicking on Actor (LMB): StaticMeshActor (sm_grass90)
[2020.01.25-23.25.21:619][246]Cmd: DELETE
[2020.01.25-23.25.21:619][246]Cmd: ACTOR DELETE
[2020.01.25-23.25.21:626][246]LogEditorActor: Deleted Actor: StaticMeshActor
[2020.01.25-23.25.21:662][246]LogUObjectHash: Compacting FUObjectHashTables data took   0.73ms
[2020.01.25-23.25.21:664][246]LogEditorActor: Deleted 1 Actors (0.046 secs)
[2020.01.25-23.25.22:413][301]LogEditorViewport: Clicking on Actor (LMB): StaticMeshActor (sm_grass89)
[2020.01.25-23.25.22:895][327]Cmd: DELETE
[2020.01.25-23.25.22:895][327]Cmd: ACTOR DELETE
[2020.01.25-23.25.22:901][327]LogEditorActor: Deleted Actor: StaticMeshActor
[2020.01.25-23.25.22:938][327]LogUObjectHash: Compacting FUObjectHashTables data took   0.97ms
[2020.01.25-23.25.22:941][327]LogEditorActor: Deleted 1 Actors (0.047 secs)
[2020.01.25-23.25.23:787][389]LogEditorViewport: Clicking on Actor (LMB): StaticMeshActor (sm_grass93)
[2020.01.25-23.25.24:127][406]Cmd: DELETE
[2020.01.25-23.25.24:127][406]Cmd: ACTOR DELETE
[2020.01.25-23.25.24:135][406]LogEditorActor: Deleted Actor: StaticMeshActor
[2020.01.25-23.25.24:170][406]LogUObjectHash: Compacting FUObjectHashTables data took   0.73ms
[2020.01.25-23.25.24:172][406]LogEditorActor: Deleted 1 Actors (0.044 secs)
[2020.01.25-23.25.27:281][599]LogEditorViewport: Clicking on Actor (LMB): StaticMeshActor (sm_grass73)
[2020.01.25-23.25.28:019][640]Cmd: SELECT NONE
[2020.01.25-23.25.28:751][693]LogEditorViewport: Clicking on Actor (LMB): StaticMeshActor (SM_Rock3_low19)
[2020.01.25-23.25.30:679][785]LogEditorViewport: Clicking on Actor (LMB): StaticMeshActor (sm_grass71)
[2020.01.25-23.25.32:571][890]LogSlate: FSceneViewport::OnFocusLost() reason 0
[2020.01.25-23.25.44:764][569]LogEditorViewport: Clicking on Actor (LMB): StaticMeshActor (sm_grass72)
[2020.01.25-23.25.46:268][636]LogEditorViewport: Clicking on Actor (LMB): StaticMeshActor (sm_clover4)
[2020.01.25-23.25.50:526][872]LogEditorViewport: Clicking on Actor (LMB): StaticMeshActor (sm_flower4)
[2020.01.25-23.25.53:348][ 44]LogEditorViewport: Clicking on Actor (LMB): StaticMeshActor (sm_grass54)
[2020.01.25-23.25.59:349][410]LogEditorViewport: Clicking on Actor (LMB): StaticMeshActor (SM_Rock3_low5)
[2020.01.25-23.25.59:779][430]LogEditorViewport: Clicking on Actor (LMB): StaticMeshActor (SM_Rock3_low5)
[2020.01.25-23.26.00:280][460]LogEditorViewport: Clicking on Actor (LMB): StaticMeshActor (SM_Rock3_low5)
[2020.01.25-23.26.00:621][481]LogEditorViewport: Clicking on Actor (LMB): StaticMeshActor (sm_grass72)
[2020.01.25-23.26.13:449][213]Cmd: SELECT NONE
[2020.01.25-23.26.35:663][695]LogEditorViewport: Clicking on Actor (LMB): StaticMeshActor (sm_grass27)
[2020.01.25-23.26.36:431][732]Cmd: DELETE
[2020.01.25-23.26.36:431][732]Cmd: ACTOR DELETE
[2020.01.25-23.26.36:439][732]LogEditorActor: Deleted Actor: StaticMeshActor
[2020.01.25-23.26.36:476][732]LogUObjectHash: Compacting FUObjectHashTables data took   1.45ms
[2020.01.25-23.26.36:477][732]LogEditorActor: Deleted 1 Actors (0.045 secs)
[2020.01.25-23.26.37:156][782]LogEditorViewport: Clicking on Actor (LMB): BP_Sky_Sphere_C (BP_Sky_Sphere)
[2020.01.25-23.26.37:591][806]LogEditorViewport: Clicking on Actor (LMB): StaticMeshActor (sm_flower26)
[2020.01.25-23.26.44:103][160]LogEditorViewport: Clicking on Actor (LMB): StaticMeshActor (SM_Rock2_low6)
[2020.01.25-23.26.45:971][240]LogEditorViewport: Clicking on Actor (LMB): StaticMeshActor (sm_grass22)
[2020.01.25-23.26.46:342][258]Cmd: DELETE
[2020.01.25-23.26.46:342][258]Cmd: ACTOR DELETE
[2020.01.25-23.26.46:350][258]LogEditorActor: Deleted Actor: StaticMeshActor
[2020.01.25-23.26.46:386][258]LogUObjectHash: Compacting FUObjectHashTables data took   0.74ms
[2020.01.25-23.26.46:388][258]LogEditorActor: Deleted 1 Actors (0.046 secs)
[2020.01.25-23.26.46:917][297]LogEditorViewport: Clicking on Actor (LMB): StaticMeshActor (sm_grass21)
[2020.01.25-23.26.47:258][313]Cmd: DELETE
[2020.01.25-23.26.47:258][313]Cmd: ACTOR DELETE
[2020.01.25-23.26.47:266][313]LogEditorActor: Deleted Actor: StaticMeshActor
[2020.01.25-23.26.47:302][313]LogUObjectHash: Compacting FUObjectHashTables data took   0.73ms
[2020.01.25-23.26.47:304][313]LogEditorActor: Deleted 1 Actors (0.046 secs)
[2020.01.25-23.26.47:757][346]LogEditorViewport: Clicking on Actor (LMB): StaticMeshActor (sm_grass23)
[2020.01.25-23.26.48:192][368]Cmd: DELETE
[2020.01.25-23.26.48:192][368]Cmd: ACTOR DELETE
[2020.01.25-23.26.48:200][368]LogEditorActor: Deleted Actor: StaticMeshActor
[2020.01.25-23.26.48:236][368]LogUObjectHash: Compacting FUObjectHashTables data took   0.72ms
[2020.01.25-23.26.48:239][368]LogEditorActor: Deleted 1 Actors (0.046 secs)
[2020.01.25-23.26.48:810][410]LogEditorViewport: Clicking on Actor (LMB): StaticMeshActor (sm_grass28)
[2020.01.25-23.26.49:863][471]Cmd: SELECT NONE
[2020.01.25-23.26.54:378][740]LogEditorViewport: Clicking on Actor (LMB): StaticMeshActor (sm_clover8)
[2020.01.25-23.27.00:390][ 95]Cmd: SELECT NONE
[2020.01.25-23.27.01:372][165]LogEditorViewport: Clicking on Actor (LMB): StaticMeshActor (sm_clover15)
[2020.01.25-23.27.03:329][274]LogEditorViewport: Clicking on Actor (LMB): BP_Sky_Sphere_C (BP_Sky_Sphere)
[2020.01.25-23.27.08:683][530]LogEditorViewport: Clicking on Actor (LMB): StaticMeshActor (sm_grass109)
[2020.01.25-23.27.10:610][626]LogEditorViewport: Clicking on Actor (LMB): StaticMeshActor (sm_grass96)
[2020.01.25-23.27.12:100][699]Cmd: TRANSACTION UNDO
[2020.01.25-23.27.12:100][699]LogEditorTransaction: Undo Move Actors
[2020.01.25-23.27.38:224][206]Cmd: SELECT NONE
[2020.01.25-23.27.40:318][331]LogEditorViewport: Clicking on Actor (LMB): StaticMeshActor (SM_Rock2_low2)
[2020.01.25-23.27.41:802][391]LogEditorViewport: Clicking on Actor (LMB): StaticMeshActor (sm_grass115)
[2020.01.25-23.27.44:362][537]Cmd: SELECT NONE
[2020.01.25-23.27.45:319][605]LogEditorViewport: Clicking on Actor (LMB): StaticMeshActor (sm_grass113)
[2020.01.25-23.27.46:076][648]LogEditorViewport: Clicking on Actor (LMB): StaticMeshActor (sm_grass115)
[2020.01.25-23.27.52:981][ 60]Cmd: SELECT NONE
[2020.01.25-23.27.57:572][313]LogEditorViewport: Clicking on Actor (LMB): StaticMeshActor (sm_grass115)
[2020.01.25-23.28.01:093][495]Cmd: SELECT NONE
[2020.01.25-23.28.04:183][664]LogEditorViewport: Clicking on Actor (LMB): StaticMeshActor (sm_grass117)
[2020.01.25-23.28.08:748][862]Cmd: SELECT NONE
[2020.01.25-23.28.14:282][160]LogEditorViewport: Clicking on Actor (LMB): StaticMeshActor (sm_grass118)
[2020.01.25-23.28.14:879][192]LogEditorViewport: Clicking on Actor (LMB): StaticMeshActor (sm_flower37)
[2020.01.25-23.28.15:344][214]LogEditorViewport: Clicking on Actor (context menu): StaticMeshActor (sm_grass13)
[2020.01.25-23.28.15:381][214]LogSlate: FSceneViewport::OnFocusLost() reason 5
[2020.01.25-23.28.16:577][292]LogEditorViewport: Clicking on Actor (LMB): StaticMeshActor (sm_flower37)
[2020.01.25-23.28.20:078][469]LogEditorViewport: Clicking on Actor (LMB): StaticMeshActor (sm_flower3)
[2020.01.25-23.28.23:477][637]LogEditorViewport: Clicking on Actor (LMB): StaticMeshActor (sm_grass81)
[2020.01.25-23.28.28:488][895]Cmd: SELECT NONE
[2020.01.25-23.28.35:435][323]LogEditorViewport: Clicking on Actor (LMB): StaticMeshActor (sm_grass81)
[2020.01.25-23.28.35:670][330]Cmd: CAMERA ALIGN ACTIVEVIEWPORTONLY
[2020.01.25-23.28.37:834][428]LogEditorViewport: Clicking on Actor (LMB): StaticMeshActor (sm_grass119)
[2020.01.25-23.28.39:734][520]LogEditorViewport: Clicking on Actor (LMB): StaticMeshActor (SM_River)
[2020.01.25-23.28.40:131][532]LogEditorViewport: Clicking on Actor (LMB): StaticMeshActor (sm_grass118)
[2020.01.25-23.28.41:843][631]Cmd: SELECT NONE
[2020.01.25-23.28.44:919][790]LogEditorViewport: Clicking on Actor (LMB): StaticMeshActor (sm_grass79)
[2020.01.25-23.28.47:951][937]LogEditorViewport: Clicking on Actor (LMB): StaticMeshActor (SM_River)
[2020.01.25-23.28.48:490][959]LogEditorViewport: Clicking on Actor (LMB): StaticMeshActor (sm_grass65)
[2020.01.25-23.28.49:871][ 41]LogEditorViewport: Clicking on Actor (LMB): StaticMeshActor (sm_grass78)
[2020.01.25-23.29.06:037][907]Cmd: SELECT NONE
[2020.01.25-23.29.09:007][122]LogEditorViewport: Clicking on Actor (LMB): StaticMeshActor (sm_grass120)
[2020.01.25-23.29.13:553][383]Cmd: SELECT NONE
[2020.01.25-23.29.18:143][645]LogEditorViewport: Clicking on Actor (LMB): StaticMeshActor (SM_River)
[2020.01.25-23.29.18:852][682]LogEditorViewport: Clicking on Actor (LMB): StaticMeshActor (sm_grass120)
[2020.01.25-23.29.27:333][175]Cmd: SELECT NONE
[2020.01.25-23.29.27:938][219]LogEditorViewport: Clicking on Actor (context menu): StaticMeshActor (SM_River)
[2020.01.25-23.29.27:973][219]LogSlate: FSceneViewport::OnFocusLost() reason 5
[2020.01.25-23.29.28:483][251]LogEditorViewport: Clicking on Actor (LMB): StaticMeshActor (sm_grass120)
[2020.01.25-23.29.30:340][362]Cmd: SELECT NONE
[2020.01.25-23.29.45:408][439]LogEditorViewport: Clicking on Actor (LMB): StaticMeshActor (sm_grass115)
[2020.01.25-23.29.45:553][443]Cmd: CAMERA ALIGN ACTIVEVIEWPORTONLY
[2020.01.25-23.29.47:664][552]LogSlate: FSceneViewport::OnFocusLost() reason 0
[2020.01.25-23.30.01:715][400]Cmd: SELECT NONE
[2020.01.25-23.30.13:961][131]LogEditorViewport: Clicking on Actor (LMB): StaticMeshActor (sm_grass118)
[2020.01.25-23.30.18:415][385]Cmd: SELECT NONE
[2020.01.25-23.30.19:336][449]LogEditorViewport: Clicking on Actor (LMB): StaticMeshActor (sm_grass118)
[2020.01.25-23.30.34:702][340]Cmd: SELECT NONE
[2020.01.25-23.30.50:728][480]LogSlate: FSceneViewport::OnFocusLost() reason 0
[2020.01.25-23.31.16:228][449]LogUObjectHash: Compacting FUObjectHashTables data took   1.54ms
[2020.01.25-23.31.16:229][449]Cmd: OBJ SAVEPACKAGE PACKAGE="/Game/Diorama" FILE="../../../../Art/Park_SFAS/Park/Saved/Autosaves/Game/Diorama_Auto7.umap" SILENT=true AUTOSAVING=true KEEPDIRTY=false
[2020.01.25-23.31.16:587][449]LogSavePackage: Moving '../../../../Art/Park_SFAS/Park/Saved/Diorama_Auto7E2E645974AED71DDC5EF06B57930A36C.tmp' to '../../../../Art/Park_SFAS/Park/Saved/Autosaves/Game/Diorama_Auto7.umap'
[2020.01.25-23.31.16:598][449]LogFileHelpers: Editor autosave (incl. sublevels) for '/Game/Diorama' took 0.410
[2020.01.25-23.31.16:599][449]LogFileHelpers: Editor autosave (incl. sublevels) for all levels took 0.410
[2020.01.25-23.31.16:604][449]OBJ SavePackage: Generating thumbnails for [1] asset(s) in package [/Game/Meshes/sm_grass] ([1] browsable assets)...
[2020.01.25-23.31.16:611][449]OBJ SavePackage:     Rendered thumbnail for [StaticMesh /Game/Meshes/sm_grass.sm_grass]
[2020.01.25-23.31.16:611][449]OBJ SavePackage: Finished generating thumbnails for package [/Game/Meshes/sm_grass]
[2020.01.25-23.31.16:611][449]Cmd: OBJ SAVEPACKAGE PACKAGE="/Game/Meshes/sm_grass" FILE="../../../../Art/Park_SFAS/Park/Saved/Autosaves/Game/Meshes/sm_grass_Auto7.uasset" SILENT=false AUTOSAVING=true
[2020.01.25-23.31.16:630][449]LogSavePackage: Moving '../../../../Art/Park_SFAS/Park/Saved/sm_grass_Auto7F552379E42421BA12D71F49C4AFF32C9.tmp' to '../../../../Art/Park_SFAS/Park/Saved/Autosaves/Game/Meshes/sm_grass_Auto7.uasset'
[2020.01.25-23.31.16:631][449]LogFileHelpers: Auto-saving content packages took 0.028
[2020.01.25-23.41.18:724][237]LogEditorViewport: Clicking on Actor (LMB): StaticMeshActor (SM_Rock6_low12)
[2020.01.25-23.41.19:051][252]Cmd: DELETE
[2020.01.25-23.41.19:051][252]Cmd: ACTOR DELETE
[2020.01.25-23.41.19:059][252]LogEditorActor: Deleted Actor: StaticMeshActor
[2020.01.25-23.41.19:097][252]LogUObjectHash: Compacting FUObjectHashTables data took   2.00ms
[2020.01.25-23.41.19:100][252]LogEditorActor: Deleted 1 Actors (0.049 secs)
[2020.01.25-23.41.22:482][508]LogEditorViewport: Clicking on Actor (LMB): StaticMeshActor (SM_Rock2_low9)
[2020.01.25-23.41.23:936][593]Cmd: SELECT NONE
[2020.01.25-23.41.49:004][561]LogSlate: FSceneViewport::OnFocusLost() reason 5
[2020.01.25-23.41.49:065][561]LogUObjectHash: Compacting FUObjectHashTables data took   0.77ms
[2020.01.25-23.41.49:066][561]Cmd: OBJ SAVEPACKAGE PACKAGE="/Game/Diorama" FILE="../../../../Art/Park_SFAS/Park/Saved/Autosaves/Game/Diorama_Auto8.umap" SILENT=true AUTOSAVING=true KEEPDIRTY=false
[2020.01.25-23.41.49:347][561]LogSavePackage: Moving '../../../../Art/Park_SFAS/Park/Saved/Diorama_Auto881EC5FF74197A9701B0AC4916F6E58DD.tmp' to '../../../../Art/Park_SFAS/Park/Saved/Autosaves/Game/Diorama_Auto8.umap'
[2020.01.25-23.41.49:354][561]LogFileHelpers: Editor autosave (incl. sublevels) for '/Game/Diorama' took 0.326
[2020.01.25-23.41.49:354][561]LogFileHelpers: Editor autosave (incl. sublevels) for all levels took 0.326
[2020.01.25-23.47.30:505][238]LogSlate: FSceneViewport::OnFocusLost() reason 0
[2020.01.25-23.47.30:583][245]LogSlate: Window 'sm_grass' being destroyed
[2020.01.25-23.47.30:589][245]LogSlate: Window 'sm_grass' being destroyed
[2020.01.25-23.47.30:603][245]LogWorld: UWorld::CleanupWorld for World_3, bSessionEnded=true, bCleanupResources=true
[2020.01.25-23.47.34:323][245]LogWorld: UWorld::CleanupWorld for World_5, bSessionEnded=true, bCleanupResources=true
[2020.01.25-23.47.36:428][245]LogWorld: UWorld::CleanupWorld for World_6, bSessionEnded=true, bCleanupResources=true
[2020.01.25-23.47.37:627][245]LogWorld: UWorld::CleanupWorld for World_7, bSessionEnded=true, bCleanupResources=true
[2020.01.25-23.47.38:329][245]LogWorld: UWorld::CleanupWorld for World_8, bSessionEnded=true, bCleanupResources=true
[2020.01.25-23.47.38:763][245]LogWorld: UWorld::CleanupWorld for World_9, bSessionEnded=true, bCleanupResources=true
[2020.01.25-23.47.40:592][429]LogEditorViewport: Clicking on Actor (LMB): StaticMeshActor (SM_Pavilion_fountain)
[2020.01.26-00.03.52:973][618]LogSlate: FSceneViewport::OnFocusLost() reason 0
[2020.01.26-00.03.59:410][311]LogEditorFactories: Performing atomic reimport of [D:/Art/Park_SFAS/Models/SM_Pavilion_fountain.obj]
[2020.01.26-00.03.59:436][311]LogFbx: Loading FBX Scene from D:/Art/Park_SFAS/Models/SM_Pavilion_fountain.obj
[2020.01.26-00.03.59:534][311]LogFbx: FBX Scene Loaded Succesfully
[2020.01.26-00.03.59:544][311]LogFbx: Display: Triangulating static mesh polySurface732
[2020.01.26-00.03.59:977][311]LogStaticMesh: Building static mesh SM_Pavilion_fountain...
[2020.01.26-00.04.00:107][311]LogStaticMesh: Built static mesh [0.13s] /Game/Meshes/SM_Pavilion_fountain.SM_Pavilion_fountain
[2020.01.26-00.04.00:158][311]LogEditorFactories: -- imported successfully
[2020.01.26-00.04.04:777][806]Cmd: CAMERA ALIGN ACTIVEVIEWPORTONLY
[2020.01.26-00.04.05:533][871]Cmd: SELECT NONE
[2020.01.26-00.04.21:742][791]LogEditorViewport: Clicking on Actor (LMB): StaticMeshActor (SM_Pavilion_fountain)
[2020.01.26-00.04.21:933][809]Cmd: CAMERA ALIGN ACTIVEVIEWPORTONLY
[2020.01.26-00.04.25:085][139]Cmd: SELECT NONE
[2020.01.26-00.04.25:839][229]LogEditorViewport: Clicking on Actor (LMB): StaticMeshActor (SM_Pavilion_fountain)
[2020.01.26-00.04.28:898][552]Cmd: SELECT NONE
[2020.01.26-00.05.02:237][535]LogSlate: FSceneViewport::OnFocusLost() reason 5
[2020.01.26-00.05.02:290][535]LogUObjectHash: Compacting FUObjectHashTables data took   2.02ms
[2020.01.26-00.05.02:291][535]Cmd: OBJ SAVEPACKAGE PACKAGE="/Game/Diorama" FILE="../../../../Art/Park_SFAS/Park/Saved/Autosaves/Game/Diorama_Auto9.umap" SILENT=true AUTOSAVING=true KEEPDIRTY=false
[2020.01.26-00.05.02:600][535]LogSavePackage: Moving '../../../../Art/Park_SFAS/Park/Saved/Diorama_Auto9F1EA84604F69CF5805AF9D9AF46CE2E1.tmp' to '../../../../Art/Park_SFAS/Park/Saved/Autosaves/Game/Diorama_Auto9.umap'
[2020.01.26-00.05.02:611][535]LogFileHelpers: Editor autosave (incl. sublevels) for '/Game/Diorama' took 0.364
[2020.01.26-00.05.02:611][535]LogFileHelpers: Editor autosave (incl. sublevels) for all levels took 0.364
[2020.01.26-00.05.02:612][535]OBJ SavePackage: Generating thumbnails for [1] asset(s) in package [/Game/Meshes/SM_Pavilion_fountain] ([1] browsable assets)...
[2020.01.26-00.05.02:621][535]OBJ SavePackage:     Rendered thumbnail for [StaticMesh /Game/Meshes/SM_Pavilion_fountain.SM_Pavilion_fountain]
[2020.01.26-00.05.02:621][535]OBJ SavePackage: Finished generating thumbnails for package [/Game/Meshes/SM_Pavilion_fountain]
[2020.01.26-00.05.02:621][535]Cmd: OBJ SAVEPACKAGE PACKAGE="/Game/Meshes/SM_Pavilion_fountain" FILE="../../../../Art/Park_SFAS/Park/Saved/Autosaves/Game/Meshes/SM_Pavilion_fountain_Auto9.uasset" SILENT=false AUTOSAVING=true
[2020.01.26-00.05.02:660][535]LogSavePackage: Moving '../../../../Art/Park_SFAS/Park/Saved/SM_Pavilion_fountain_Auto9848FD9834716C9F255106680C9598DFA.tmp' to '../../../../Art/Park_SFAS/Park/Saved/Autosaves/Game/Meshes/SM_Pavilion_fountain_Auto9.uasset'
[2020.01.26-00.05.02:661][535]LogFileHelpers: Auto-saving content packages took 0.049
[2020.01.26-00.09.42:264][888]Cmd: OBJ SAVEPACKAGE PACKAGE="/Game/Diorama" FILE="../../../../Art/Park_SFAS/Park/Content/Diorama.umap" SILENT=true AUTOSAVING=false KEEPDIRTY=false
[2020.01.26-00.09.42:305][888]LogUObjectHash: Compacting FUObjectHashTables data took   2.02ms
[2020.01.26-00.09.42:575][888]LogSavePackage: Moving '../../../../Art/Park_SFAS/Park/Saved/Diorama052976E94E028228B7EF78AE5F0AB4DD.tmp' to '../../../../Art/Park_SFAS/Park/Content/Diorama.umap'
[2020.01.26-00.09.42:645][888]Cmd: OBJ SAVEPACKAGE PACKAGE="/Game/Diorama_BuiltData" FILE="../../../../Art/Park_SFAS/Park/Content/Diorama_BuiltData.uasset" SILENT=true
[2020.01.26-00.09.42:763][888]LogSavePackage: Moving '../../../../Art/Park_SFAS/Park/Saved/Diorama_BuiltDataD33BDD55459066A3E7EC42B204C9636E.tmp' to '../../../../Art/Park_SFAS/Park/Content/Diorama_BuiltData.uasset'
[2020.01.26-00.09.44:025][ 35]Cmd: OBJ SAVEPACKAGE PACKAGE="/Game/Diorama" FILE="../../../../Art/Park_SFAS/Park/Content/Diorama.umap" SILENT=true AUTOSAVING=false KEEPDIRTY=false
[2020.01.26-00.09.44:065][ 35]LogUObjectHash: Compacting FUObjectHashTables data took   1.86ms
[2020.01.26-00.09.44:325][ 35]LogSavePackage: Moving '../../../../Art/Park_SFAS/Park/Saved/Diorama13D7154246E008B37AD4249D1E657378.tmp' to '../../../../Art/Park_SFAS/Park/Content/Diorama.umap'
[2020.01.26-00.09.44:350][ 35]Cmd: OBJ SAVEPACKAGE PACKAGE="/Game/Diorama_BuiltData" FILE="../../../../Art/Park_SFAS/Park/Content/Diorama_BuiltData.uasset" SILENT=true
[2020.01.26-00.09.44:454][ 35]LogSavePackage: Moving '../../../../Art/Park_SFAS/Park/Saved/Diorama_BuiltData9DDADE764EACB51791CF81B61AF0F058.tmp' to '../../../../Art/Park_SFAS/Park/Content/Diorama_BuiltData.uasset'
[2020.01.26-00.09.45:378][139]LogUObjectHash: Compacting FUObjectHashTables data took   1.84ms
[2020.01.26-00.09.46:515][139]LogSlate: Window 'Save Content' being destroyed
[2020.01.26-00.09.46:534][139]Cmd: OBJ SAVEPACKAGE PACKAGE="/Game/Materials/m_fountain" FILE="../../../../Art/Park_SFAS/Park/Content/Materials/m_fountain.uasset" SILENT=true
[2020.01.26-00.09.46:549][139]LogSavePackage: Moving '../../../../Art/Park_SFAS/Park/Saved/m_fountain95E9FCFF4BD110377A0E639B33EA2F9D.tmp' to '../../../../Art/Park_SFAS/Park/Content/Materials/m_fountain.uasset'
[2020.01.26-00.09.46:559][139]Cmd: OBJ SAVEPACKAGE PACKAGE="/Game/Meshes/sm_clover" FILE="../../../../Art/Park_SFAS/Park/Content/Meshes/sm_clover.uasset" SILENT=true
[2020.01.26-00.09.46:567][139]LogSavePackage: Moving '../../../../Art/Park_SFAS/Park/Saved/sm_clover90E37E8245C9E32EA5DB66B1ACECE50A.tmp' to '../../../../Art/Park_SFAS/Park/Content/Meshes/sm_clover.uasset'
[2020.01.26-00.09.46:577][139]Cmd: OBJ SAVEPACKAGE PACKAGE="/Game/Meshes/sm_grass" FILE="../../../../Art/Park_SFAS/Park/Content/Meshes/sm_grass.uasset" SILENT=true
[2020.01.26-00.09.46:585][139]LogSavePackage: Moving '../../../../Art/Park_SFAS/Park/Saved/sm_grassD427C6F84CEE6575AA9689A6E52A7BA7.tmp' to '../../../../Art/Park_SFAS/Park/Content/Meshes/sm_grass.uasset'
[2020.01.26-00.09.46:595][139]Cmd: OBJ SAVEPACKAGE PACKAGE="/Game/Meshes/SM_Path" FILE="../../../../Art/Park_SFAS/Park/Content/Meshes/SM_Path.uasset" SILENT=true
[2020.01.26-00.09.46:625][139]LogSavePackage: Moving '../../../../Art/Park_SFAS/Park/Saved/SM_Path61211FD84D4F85D084A9CA8EEB85FCFB.tmp' to '../../../../Art/Park_SFAS/Park/Content/Meshes/SM_Path.uasset'
[2020.01.26-00.09.46:634][139]Cmd: OBJ SAVEPACKAGE PACKAGE="/Game/Meshes/SM_Pavilion_base" FILE="../../../../Art/Park_SFAS/Park/Content/Meshes/SM_Pavilion_base.uasset" SILENT=true
[2020.01.26-00.09.46:663][139]LogSavePackage: Moving '../../../../Art/Park_SFAS/Park/Saved/SM_Pavilion_base8312630D4F73E4FB6FFEF28DCC219FB0.tmp' to '../../../../Art/Park_SFAS/Park/Content/Meshes/SM_Pavilion_base.uasset'
[2020.01.26-00.09.46:671][139]Cmd: OBJ SAVEPACKAGE PACKAGE="/Game/Meshes/SM_Pavilion_fountain" FILE="../../../../Art/Park_SFAS/Park/Content/Meshes/SM_Pavilion_fountain.uasset" SILENT=true
[2020.01.26-00.09.46:693][139]LogSavePackage: Moving '../../../../Art/Park_SFAS/Park/Saved/SM_Pavilion_fountain2E9770B04B8709641A742FBAB2AB4539.tmp' to '../../../../Art/Park_SFAS/Park/Content/Meshes/SM_Pavilion_fountain.uasset'
[2020.01.26-00.09.46:704][139]Cmd: OBJ SAVEPACKAGE PACKAGE="/Game/Meshes/sm_waterplane" FILE="../../../../Art/Park_SFAS/Park/Content/Meshes/sm_waterplane.uasset" SILENT=true
[2020.01.26-00.09.46:720][139]LogSavePackage: Moving '../../../../Art/Park_SFAS/Park/Saved/sm_waterplane4A137835425E0E7FD77C03B408342673.tmp' to '../../../../Art/Park_SFAS/Park/Content/Meshes/sm_waterplane.uasset'
[2020.01.26-00.09.46:793][139]LogSlate: Window 'Park - Unreal Editor' being destroyed
[2020.01.26-00.09.47:004][140]Cmd: QUIT_EDITOR
[2020.01.26-00.09.47:026][140]LogWindowsTextInputMethodSystem: Display: IME system now deactivated.
[2020.01.26-00.09.47:042][140]LogExit: Preparing to exit.
[2020.01.26-00.09.47:362][140]LogWorld: UWorld::CleanupWorld for World_1, bSessionEnded=true, bCleanupResources=true
[2020.01.26-00.09.47:362][140]LogWorld: UWorld::CleanupWorld for World_0, bSessionEnded=true, bCleanupResources=true
[2020.01.26-00.09.47:375][140]LogDemo: Cleaned up 0 splitscreen connections with owner deletion
[2020.01.26-00.09.47:394][140]LogWorld: UWorld::CleanupWorld for None, bSessionEnded=true, bCleanupResources=true
[2020.01.26-00.09.47:395][140]LogExit: Editor shut down
[2020.01.26-00.09.47:396][140]LogExit: Transaction tracking system shut down
[2020.01.26-00.09.47:761][140]LogExit: Object subsystem successfully closed.
[2020.01.26-00.09.47:797][140]LogShaderCompilers: Display: Shaders left to compile 0
[2020.01.26-00.09.47:815][140]LogModuleManager: Shutting down and abandoning module StaticMeshEditor (674)
[2020.01.26-00.09.47:815][140]LogModuleManager: Shutting down and abandoning module MeshBuilder (672)
[2020.01.26-00.09.47:815][140]LogModuleManager: Shutting down and abandoning module HierarchicalLODOutliner (670)
[2020.01.26-00.09.47:815][140]LogModuleManager: Shutting down and abandoning module SceneOutliner (668)
[2020.01.26-00.09.47:815][140]LogModuleManager: Shutting down and abandoning module AddContentDialog (666)
[2020.01.26-00.09.47:818][140]LogModuleManager: Shutting down and abandoning module WidgetCarousel (665)
[2020.01.26-00.09.47:818][140]LogModuleManager: Shutting down and abandoning module EditorWidgets (662)
[2020.01.26-00.09.47:818][140]LogModuleManager: Shutting down and abandoning module CollectionManager (660)
[2020.01.26-00.09.47:818][140]LogModuleManager: Shutting down and abandoning module HierarchicalLODUtilities (658)
[2020.01.26-00.09.47:818][140]LogModuleManager: Shutting down and abandoning module StatsViewer (656)
[2020.01.26-00.09.47:818][140]LogModuleManager: Shutting down and abandoning module VirtualTexturingEditor (654)
[2020.01.26-00.09.47:818][140]LogModuleManager: Shutting down and abandoning module FoliageEdit (652)
[2020.01.26-00.09.47:818][140]LogModuleManager: Shutting down and abandoning module LandscapeEditor (650)
[2020.01.26-00.09.47:818][140]LogModuleManager: Shutting down and abandoning module MeshPaintMode (648)
[2020.01.26-00.09.47:818][140]LogModuleManager: Shutting down and abandoning module SceneDepthPickerMode (646)
[2020.01.26-00.09.47:818][140]LogModuleManager: Shutting down and abandoning module ActorPickerMode (644)
[2020.01.26-00.09.47:818][140]LogModuleManager: Shutting down and abandoning module GeometryMode (642)
[2020.01.26-00.09.47:818][140]LogModuleManager: Shutting down and abandoning module TextureAlignMode (640)
[2020.01.26-00.09.47:818][140]LogModuleManager: Shutting down and abandoning module BspMode (638)
[2020.01.26-00.09.47:818][140]LogModuleManager: Shutting down and abandoning module PIEPreviewDeviceProfileSelector (636)
[2020.01.26-00.09.47:818][140]LogModuleManager: Shutting down and abandoning module SequenceRecorderSections (634)
[2020.01.26-00.09.47:818][140]LogModuleManager: Shutting down and abandoning module AutomationWorker (632)
[2020.01.26-00.09.47:818][140]LogModuleManager: Shutting down and abandoning module OculusMR (630)
[2020.01.26-00.09.47:819][140]LogModuleManager: Shutting down and abandoning module AudioCaptureEditor (628)
[2020.01.26-00.09.47:819][140]LogModuleManager: Shutting down and abandoning module MatineeToLevelSequence (626)
[2020.01.26-00.09.47:819][140]LogModuleManager: Shutting down and abandoning module LevelSequenceEditor (624)
[2020.01.26-00.09.47:819][140]LogModuleManager: Shutting down and abandoning module PlacementMode (623)
[2020.01.26-00.09.47:819][140]LogModuleManager: Shutting down and abandoning module MaterialEditor (622)
[2020.01.26-00.09.47:819][140]LogModuleManager: Shutting down and abandoning module ActorSequenceEditor (618)
[2020.01.26-00.09.47:819][140]LogModuleManager: Shutting down and abandoning module WmfMediaFactory (616)
[2020.01.26-00.09.47:819][140]LogModuleManager: Shutting down and abandoning module WmfMediaEditor (614)
[2020.01.26-00.09.47:819][140]LogModuleManager: Shutting down and abandoning module WebMMediaFactory (612)
[2020.01.26-00.09.47:819][140]LogModuleManager: Shutting down and abandoning module WebMMediaEditor (610)
[2020.01.26-00.09.47:819][140]LogModuleManager: Shutting down and abandoning module WebMMedia (608)
[2020.01.26-00.09.47:819][140]LogModuleManager: Shutting down and abandoning module MediaPlayerEditor (606)
[2020.01.26-00.09.47:819][140]LogModuleManager: Shutting down and abandoning module MediaCompositingEditor (604)
[2020.01.26-00.09.47:819][140]LogModuleManager: Shutting down and abandoning module SequenceRecorder (603)
[2020.01.26-00.09.47:819][140]LogModuleManager: Shutting down and abandoning module OpenExrWrapper (600)
[2020.01.26-00.09.47:819][140]LogModuleManager: Shutting down and abandoning module ImgMediaFactory (598)
[2020.01.26-00.09.47:819][140]LogModuleManager: Shutting down and abandoning module ImgMediaEditor (596)
[2020.01.26-00.09.47:819][140]LogModuleManager: Shutting down and abandoning module AvfMediaFactory (594)
[2020.01.26-00.09.47:819][140]LogModuleManager: Shutting down and abandoning module AvfMediaEditor (592)
[2020.01.26-00.09.47:819][140]LogModuleManager: Shutting down and abandoning module AndroidMediaFactory (590)
[2020.01.26-00.09.47:819][140]LogModuleManager: Shutting down and abandoning module AndroidMediaEditor (588)
[2020.01.26-00.09.47:819][140]LogModuleManager: Shutting down and abandoning module MagicLeapCameraPreviewFactory (586)
[2020.01.26-00.09.47:819][140]LogModuleManager: Shutting down and abandoning module MagicLeapMediaCodecFactory (584)
[2020.01.26-00.09.47:819][140]LogModuleManager: Shutting down and abandoning module MagicLeapMediaFactory (582)
[2020.01.26-00.09.47:819][140]LogModuleManager: Shutting down and abandoning module MagicLeapMediaEditor (580)
[2020.01.26-00.09.47:819][140]LogModuleManager: Shutting down and abandoning module CharacterAI (578)
[2020.01.26-00.09.47:819][140]LogModuleManager: Shutting down and abandoning module SmartSnapping (576)
[2020.01.26-00.09.47:819][140]LogModuleManager: Shutting down and abandoning module SessionServices (574)
[2020.01.26-00.09.47:819][140]LogModuleManager: Shutting down and abandoning module MeshPaint (572)
[2020.01.26-00.09.47:819][140]LogModuleManager: Shutting down and abandoning module ViewportSnapping (570)
[2020.01.26-00.09.47:819][140]LogModuleManager: Shutting down and abandoning module ViewportInteraction (568)
[2020.01.26-00.09.47:819][140]LogModuleManager: Shutting down and abandoning module ClothPainter (566)
[2020.01.26-00.09.47:819][140]LogModuleManager: Shutting down and abandoning module SkeletalMeshEditor (565)
[2020.01.26-00.09.47:819][140]LogModuleManager: Shutting down and abandoning module LogVisualizer (562)
[2020.01.26-00.09.47:819][140]LogModuleManager: Shutting down and abandoning module IntroTutorials (560)
[2020.01.26-00.09.47:820][140]LogModuleManager: Shutting down and abandoning module GameProjectGeneration (559)
[2020.01.26-00.09.47:820][140]LogModuleManager: Shutting down and abandoning module LuminPlatformEditor (556)
[2020.01.26-00.09.47:820][140]LogModuleManager: Shutting down and abandoning module IOSPlatformEditor (554)
[2020.01.26-00.09.47:820][140]LogModuleManager: Shutting down and abandoning module HTML5PlatformEditor (552)
[2020.01.26-00.09.47:820][140]LogModuleManager: Shutting down and abandoning module AndroidPlatformEditor (550)
[2020.01.26-00.09.47:820][140]LogModuleManager: Shutting down and abandoning module AndroidDeviceDetection (549)
[2020.01.26-00.09.48:330][140]LogModuleManager: Shutting down and abandoning module WindowsPlatformEditor (546)
[2020.01.26-00.09.48:331][140]LogModuleManager: Shutting down and abandoning module LuminRuntimeSettings (544)
[2020.01.26-00.09.48:331][140]LogModuleManager: Shutting down and abandoning module IOSRuntimeSettings (542)
[2020.01.26-00.09.48:331][140]LogModuleManager: Shutting down and abandoning module AndroidRuntimeSettings (540)
[2020.01.26-00.09.48:331][140]LogModuleManager: Shutting down and abandoning module TimeManagementEditor (538)
[2020.01.26-00.09.48:331][140]LogModuleManager: Shutting down and abandoning module InputBindingEditor (536)
[2020.01.26-00.09.48:331][140]LogModuleManager: Shutting down and abandoning module MergeActors (534)
[2020.01.26-00.09.48:331][140]LogModuleManager: Shutting down and abandoning module LocalizationDashboard (532)
[2020.01.26-00.09.48:331][140]LogModuleManager: Shutting down and abandoning module LocalizationService (531)
[2020.01.26-00.09.48:331][140]LogModuleManager: Shutting down and abandoning module HardwareTargeting (528)
[2020.01.26-00.09.48:331][140]LogModuleManager: Shutting down and abandoning module DeviceProfileEditor (526)
[2020.01.26-00.09.48:331][140]LogModuleManager: Shutting down and abandoning module UndoHistory (524)
[2020.01.26-00.09.48:331][140]LogModuleManager: Shutting down and abandoning module XmlParser (522)
[2020.01.26-00.09.48:331][140]LogModuleManager: Shutting down and abandoning module Blutility (520)
[2020.01.26-00.09.48:331][140]LogModuleManager: Shutting down and abandoning module ProjectSettingsViewer (518)
[2020.01.26-00.09.48:331][140]LogModuleManager: Shutting down and abandoning module ProjectTargetPlatformEditor (517)
[2020.01.26-00.09.48:331][140]LogModuleManager: Shutting down and abandoning module EditorSettingsViewer (514)
[2020.01.26-00.09.48:331][140]LogModuleManager: Shutting down and abandoning module SettingsEditor (512)
[2020.01.26-00.09.48:331][140]LogModuleManager: Shutting down and abandoning module ProjectLauncher (510)
[2020.01.26-00.09.48:331][140]LogModuleManager: Shutting down and abandoning module SessionFrontend (508)
[2020.01.26-00.09.48:331][140]LogModuleManager: Shutting down and abandoning module ProfilerClient (506)
[2020.01.26-00.09.48:331][140]LogModuleManager: Shutting down and abandoning module DeviceManager (504)
[2020.01.26-00.09.48:331][140]LogModuleManager: Shutting down and abandoning module TargetDeviceServices (503)
[2020.01.26-00.09.48:375][140]LogModuleManager: Shutting down and abandoning module AutomationController (500)
[2020.01.26-00.09.48:375][140]LogModuleManager: Shutting down and abandoning module AutomationWindow (498)
[2020.01.26-00.09.48:375][140]LogModuleManager: Shutting down and abandoning module Layers (496)
[2020.01.26-00.09.48:375][140]LogModuleManager: Shutting down and abandoning module ComponentVisualizers (494)
[2020.01.26-00.09.48:375][140]LogModuleManager: Shutting down and abandoning module DetailCustomizations (492)
[2020.01.26-00.09.48:375][140]LogModuleManager: Shutting down and abandoning module PackagesDialog (490)
[2020.01.26-00.09.48:375][140]LogModuleManager: Shutting down and abandoning module AnimationBlueprintEditor (488)
[2020.01.26-00.09.48:375][140]LogModuleManager: Shutting down and abandoning module Persona (486)
[2020.01.26-00.09.48:375][140]LogModuleManager: Shutting down and abandoning module AdvancedPreviewScene (485)
[2020.01.26-00.09.48:375][140]LogModuleManager: Shutting down and abandoning module AnimGraph (483)
[2020.01.26-00.09.48:375][140]LogModuleManager: Shutting down and abandoning module Kismet (480)
[2020.01.26-00.09.48:375][140]LogModuleManager: Shutting down and abandoning module KismetWidgets (479)
[2020.01.26-00.09.48:375][140]LogModuleManager: Shutting down and abandoning module GraphEditor (476)
[2020.01.26-00.09.48:376][140]LogModuleManager: Shutting down and abandoning module StructViewer (474)
[2020.01.26-00.09.48:376][140]LogModuleManager: Shutting down and abandoning module ClassViewer (472)
[2020.01.26-00.09.48:376][140]LogModuleManager: Shutting down and abandoning module Toolbox (470)
[2020.01.26-00.09.48:376][140]LogModuleManager: Shutting down and abandoning module ModuleUI (468)
[2020.01.26-00.09.48:376][140]LogModuleManager: Shutting down and abandoning module MovieSceneTools (466)
[2020.01.26-00.09.48:376][140]LogModuleManager: Shutting down and abandoning module OutputLog (464)
[2020.01.26-00.09.48:378][140]LogModuleManager: Shutting down and abandoning module GammaUI (462)
[2020.01.26-00.09.48:378][140]LogModuleManager: Shutting down and abandoning module Documentation (460)
[2020.01.26-00.09.48:378][140]LogModuleManager: Shutting down and abandoning module LiveCoding (458)
[2020.01.26-00.09.48:378][140]LogModuleManager: Shutting down and abandoning module LevelSequence (456)
[2020.01.26-00.09.48:378][140]LogModuleManager: Shutting down and abandoning module MovieSceneTracks (454)
[2020.01.26-00.09.48:378][140]LogModuleManager: Shutting down and abandoning module MovieScene (452)
[2020.01.26-00.09.48:378][140]LogModuleManager: Shutting down and abandoning module StreamingPauseRendering (450)
[2020.01.26-00.09.48:378][140]LogModuleManager: Shutting down and abandoning module LauncherPlatform (448)
[2020.01.26-00.09.48:378][140]LogModuleManager: Shutting down and abandoning module AnalyticsET (446)
[2020.01.26-00.09.48:378][140]LogModuleManager: Shutting down and abandoning module PortalServices (444)
[2020.01.26-00.09.48:378][140]LogModuleManager: Shutting down and abandoning module PortalRpc (442)
[2020.01.26-00.09.48:378][140]LogModuleManager: Shutting down and abandoning module MessagingRpc (440)
[2020.01.26-00.09.48:378][140]LogModuleManager: Shutting down and abandoning module AIModule (438)
[2020.01.26-00.09.48:378][140]LogModuleManager: Shutting down and abandoning module GameplayDebugger (437)
[2020.01.26-00.09.48:378][140]LogModuleManager: Shutting down and abandoning module AITestSuite (435)
[2020.01.26-00.09.48:378][140]LogModuleManager: Shutting down and abandoning module NavigationSystem (433)
[2020.01.26-00.09.48:378][140]LogModuleManager: Shutting down and abandoning module DesktopPlatform (430)
[2020.01.26-00.09.48:378][140]LogModuleManager: Shutting down and abandoning module ImageWriteQueue (428)
[2020.01.26-00.09.48:382][140]LogModuleManager: Shutting down and abandoning module ProfilerService (426)
[2020.01.26-00.09.48:567][140]LogModuleManager: Shutting down and abandoning module TaskGraph (424)
[2020.01.26-00.09.48:568][140]LogModuleManager: Shutting down and abandoning module ScreenshotTools (422)
[2020.01.26-00.09.48:568][140]LogModuleManager: Shutting down and abandoning module SteamVRController (420)
[2020.01.26-00.09.48:568][140]LogModuleManager: Shutting down and abandoning module ProceduralMeshComponentEditor (418)
[2020.01.26-00.09.48:568][140]LogModuleManager: Shutting down and abandoning module ProceduralMeshComponent (416)
[2020.01.26-00.09.48:568][140]LogModuleManager: Shutting down and abandoning module OculusEditor (414)
[2020.01.26-00.09.48:568][140]LogModuleManager: Shutting down and abandoning module OculusInput (412)
[2020.01.26-00.09.48:568][140]LogModuleManager: Shutting down and abandoning module MobilePatchingUtils (410)
[2020.01.26-00.09.48:568][140]LogModuleManager: Shutting down and abandoning module EditableMesh (408)
[2020.01.26-00.09.48:568][140]LogModuleManager: Shutting down and abandoning module CustomMeshComponent (406)
[2020.01.26-00.09.48:568][140]LogModuleManager: Shutting down and abandoning module CableComponent (404)
[2020.01.26-00.09.48:568][140]LogModuleManager: Shutting down and abandoning module AudioCapture (402)
[2020.01.26-00.09.48:568][140]LogModuleManager: Shutting down and abandoning module ArchVisCharacter (400)
[2020.01.26-00.09.48:568][140]LogModuleManager: Shutting down and abandoning module AppleImageUtilsBlueprintSupport (398)
[2020.01.26-00.09.48:568][140]LogModuleManager: Shutting down and abandoning module AppleImageUtils (396)
[2020.01.26-00.09.48:568][140]LogModuleManager: Shutting down and abandoning module AndroidPermission (394)
[2020.01.26-00.09.48:568][140]LogModuleManager: Shutting down and abandoning module NUTUnrealEngine4 (392)
[2020.01.26-00.09.48:568][140]LogModuleManager: Shutting down and abandoning module NetcodeUnitTest (390)
[2020.01.26-00.09.48:568][140]LogModuleManager: Shutting down and abandoning module MediaCompositing (388)
[2020.01.26-00.09.48:568][140]LogModuleManager: Shutting down and abandoning module ImgMedia (386)
[2020.01.26-00.09.48:568][140]LogModuleManager: Shutting down and abandoning module MagicLeapHelperVulkan (384)
[2020.01.26-00.09.48:568][140]LogModuleManager: Shutting down and abandoning module MagicLeapHelperOpenGL (382)
[2020.01.26-00.09.48:568][140]LogModuleManager: Shutting down and abandoning module MagicLeapAudio (380)
[2020.01.26-00.09.48:568][140]LogModuleManager: Shutting down and abandoning module HTML5Networking (378)
[2020.01.26-00.09.48:568][140]LogModuleManager: Shutting down and abandoning module GeometryCacheTracks (376)
[2020.01.26-00.09.48:568][140]LogModuleManager: Shutting down and abandoning module GeometryCacheSequencer (374)
[2020.01.26-00.09.48:568][140]LogModuleManager: Shutting down and abandoning module BackChannel (372)
[2020.01.26-00.09.48:568][140]LogModuleManager: Shutting down and abandoning module AutomationUtilsEditor (370)
[2020.01.26-00.09.48:568][140]LogModuleManager: Shutting down and abandoning module AutomationUtils (368)
[2020.01.26-00.09.48:568][140]LogModuleManager: Shutting down and abandoning module AlembicImporter (366)
[2020.01.26-00.09.48:568][140]LogModuleManager: Shutting down and abandoning module AlembicLibrary (365)
[2020.01.26-00.09.48:568][140]LogModuleManager: Shutting down and abandoning module GeometryCache (364)
[2020.01.26-00.09.48:568][140]LogModuleManager: Shutting down and abandoning module GeometryCacheEd (363)
[2020.01.26-00.09.48:568][140]LogModuleManager: Shutting down and abandoning module VariantManagerContent (358)
[2020.01.26-00.09.48:568][140]LogModuleManager: Shutting down and abandoning module DatasmithContentEditor (356)
[2020.01.26-00.09.48:568][140]LogModuleManager: Shutting down and abandoning module SpeedTreeImporter (354)
[2020.01.26-00.09.48:568][140]LogModuleManager: Shutting down and abandoning module PluginBrowser (352)
[2020.01.26-00.09.48:568][140]LogModuleManager: Shutting down and abandoning module MobileLauncherProfileWizard (350)
[2020.01.26-00.09.48:568][140]LogModuleManager: Shutting down and abandoning module MaterialAnalyzer (348)
[2020.01.26-00.09.48:568][140]LogModuleManager: Shutting down and abandoning module CurveEditorTools (346)
[2020.01.26-00.09.48:568][140]LogModuleManager: Shutting down and abandoning module CurveEditor (345)
[2020.01.26-00.09.48:568][140]LogModuleManager: Shutting down and abandoning module CryptoKeysOpenSSL (342)
[2020.01.26-00.09.48:568][140]LogModuleManager: Shutting down and abandoning module CryptoKeys (340)
[2020.01.26-00.09.48:568][140]LogModuleManager: Shutting down and abandoning module VisualStudioSourceCodeAccess (338)
[2020.01.26-00.09.48:568][140]LogModuleManager: Shutting down and abandoning module VisualStudioCodeSourceCodeAccess (336)
[2020.01.26-00.09.48:568][140]LogModuleManager: Shutting down and abandoning module UObjectPlugin (334)
[2020.01.26-00.09.48:568][140]LogModuleManager: Shutting down and abandoning module SubversionSourceControl (332)
[2020.01.26-00.09.48:568][140]LogModuleManager: Shutting down and abandoning module PerforceSourceControl (330)
[2020.01.26-00.09.48:568][140]LogModuleManager: Shutting down and abandoning module GitSourceControl (328)
[2020.01.26-00.09.48:568][140]LogModuleManager: Shutting down and abandoning module SourceControl (327)
[2020.01.26-00.09.48:569][140]LogModuleManager: Shutting down and abandoning module CLionSourceCodeAccess (324)
[2020.01.26-00.09.48:569][140]LogModuleManager: Shutting down and abandoning module AnimationSharingEd (322)
[2020.01.26-00.09.48:569][140]LogModuleManager: Shutting down and abandoning module ActorLayerUtilitiesEditor (320)
[2020.01.26-00.09.48:569][140]LogModuleManager: Shutting down and abandoning module ActorLayerUtilities (318)
[2020.01.26-00.09.48:569][140]LogModuleManager: Shutting down and abandoning module LightPropagationVolumeEditor (316)
[2020.01.26-00.09.48:569][140]LogModuleManager: Shutting down and abandoning module PaperTiledImporter (314)
[2020.01.26-00.09.48:569][140]LogModuleManager: Shutting down and abandoning module PaperSpriteSheetImporter (312)
[2020.01.26-00.09.48:569][140]LogModuleManager: Shutting down and abandoning module Paper2DEditor (310)
[2020.01.26-00.09.48:569][140]LogModuleManager: Shutting down and abandoning module SignificanceManager (308)
[2020.01.26-00.09.48:569][140]LogModuleManager: Shutting down and abandoning module RuntimePhysXCooking (306)
[2020.01.26-00.09.48:569][140]LogModuleManager: Shutting down and abandoning module PhysXVehiclesEditor (304)
[2020.01.26-00.09.48:569][140]LogModuleManager: Shutting down and abandoning module LocationServicesBPLibrary (300)
[2020.01.26-00.09.48:569][140]LogModuleManager: Shutting down and abandoning module ActorSequence (298)
[2020.01.26-00.09.48:569][140]LogModuleManager: Shutting down and abandoning module UdpMessaging (296)
[2020.01.26-00.09.48:671][140]LogModuleManager: Shutting down and abandoning module TcpMessaging (294)
[2020.01.26-00.09.48:772][140]LogModuleManager: Shutting down and abandoning module MagicLeapIdentity (292)
[2020.01.26-00.09.48:772][140]LogModuleManager: Shutting down and abandoning module MagicLeapSecureStorage (290)
[2020.01.26-00.09.48:772][140]LogModuleManager: Shutting down and abandoning module MagicLeapHandTracking (288)
[2020.01.26-00.09.48:772][140]LogModuleManager: Shutting down and abandoning module MagicLeapEyeTracker (286)
[2020.01.26-00.09.48:772][140]LogModuleManager: Shutting down and abandoning module MagicLeapController (284)
[2020.01.26-00.09.48:772][140]LogSlate: Slate User Destroyed.  User Index 0, Is Virtual User: 0
[2020.01.26-00.09.48:772][140]LogModuleManager: Shutting down and abandoning module MagicLeapAR (282)
[2020.01.26-00.09.48:772][140]LogModuleManager: Shutting down and abandoning module AugmentedReality (281)
[2020.01.26-00.09.48:772][140]LogModuleManager: Shutting down and abandoning module GameplayTagsEditor (278)
[2020.01.26-00.09.48:772][140]LogModuleManager: Shutting down and abandoning module FacialAnimationEditor (276)
[2020.01.26-00.09.48:772][140]LogModuleManager: Shutting down and abandoning module FacialAnimation (274)
[2020.01.26-00.09.48:772][140]LogModuleManager: Shutting down and abandoning module DataValidation (272)
[2020.01.26-00.09.48:772][140]LogModuleManager: Shutting down and abandoning module AssetManagerEditor (270)
[2020.01.26-00.09.48:772][140]LogModuleManager: Shutting down and abandoning module LevelEditor (269)
[2020.01.26-00.09.48:773][140]LogModuleManager: Shutting down and abandoning module PixelInspectorModule (268)
[2020.01.26-00.09.48:773][140]LogModuleManager: Shutting down and abandoning module CommonMenuExtensions (266)
[2020.01.26-00.09.48:774][140]LogModuleManager: Shutting down and abandoning module MainFrame (264)
[2020.01.26-00.09.48:774][140]LogModuleManager: Shutting down and abandoning module HotReload (263)
[2020.01.26-00.09.48:774][140]LogModuleManager: Shutting down and abandoning module ContentBrowser (259)
[2020.01.26-00.09.48:776][140]LogModuleManager: Shutting down and abandoning module TreeMap (257)
[2020.01.26-00.09.48:776][140]LogModuleManager: Shutting down and abandoning module AnimationSharing (254)
[2020.01.26-00.09.48:776][140]LogModuleManager: Shutting down and abandoning module LightPropagationVolumeRuntime (252)
[2020.01.26-00.09.48:776][140]LogModuleManager: Shutting down and abandoning module Paper2D (250)
[2020.01.26-00.09.48:776][140]LogModuleManager: Shutting down and abandoning module WindowsMoviePlayer (248)
[2020.01.26-00.09.48:780][140]LogModuleManager: Shutting down and abandoning module WebMMoviePlayer (246)
[2020.01.26-00.09.48:780][140]LogModuleManager: Shutting down and abandoning module NetworkReplayStreaming (244)
[2020.01.26-00.09.48:780][140]LogModuleManager: Shutting down and abandoning module PacketHandler (242)
[2020.01.26-00.09.48:780][140]LogModuleManager: Shutting down and abandoning module ClothingSystemEditor (240)
[2020.01.26-00.09.48:780][140]LogModuleManager: Shutting down and abandoning module ClothingSystemRuntime (238)
[2020.01.26-00.09.48:780][140]LogModuleManager: Shutting down and abandoning module MediaAssets (236)
[2020.01.26-00.09.48:780][140]LogModuleManager: Shutting down and abandoning module Overlay (234)
[2020.01.26-00.09.48:780][140]LogModuleManager: Shutting down and abandoning module OverlayEditor (233)
[2020.01.26-00.09.48:780][140]LogModuleManager: Shutting down and abandoning module VREditor (230)
[2020.01.26-00.09.48:780][140]LogModuleManager: Shutting down and abandoning module StringTableEditor (228)
[2020.01.26-00.09.48:780][140]LogModuleManager: Shutting down and abandoning module GameplayTasksEditor (226)
[2020.01.26-00.09.48:780][140]LogModuleManager: Shutting down and abandoning module BehaviorTreeEditor (224)
[2020.01.26-00.09.48:780][140]LogModuleManager: Shutting down and abandoning module FunctionalTesting (222)
[2020.01.26-00.09.48:780][140]LogModuleManager: Shutting down and abandoning module CollisionAnalyzer (220)
[2020.01.26-00.09.48:780][140]LogModuleManager: Shutting down and abandoning module WorkspaceMenuStructure (219)
[2020.01.26-00.09.48:780][140]LogModuleManager: Shutting down and abandoning module UMG (216)
[2020.01.26-00.09.48:780][140]LogModuleManager: Shutting down and abandoning module UMGEditor (215)
[2020.01.26-00.09.48:780][140]LogModuleManager: Shutting down and abandoning module Sequencer (214)
[2020.01.26-00.09.48:781][140]LogModuleManager: Shutting down and abandoning module MessageLog (211)
[2020.01.26-00.09.48:781][140]LogModuleManager: Shutting down and abandoning module SlateReflector (206)
[2020.01.26-00.09.48:781][140]LogModuleManager: Shutting down and abandoning module Slate (204)
[2020.01.26-00.09.48:781][140]LogModuleManager: Shutting down and abandoning module LandscapeEditorUtilities (202)
[2020.01.26-00.09.48:781][140]LogModuleManager: Shutting down and abandoning module EditorStyle (200)
[2020.01.26-00.09.48:783][140]LogModuleManager: Shutting down and abandoning module UnrealEd (198)
[2020.01.26-00.09.48:783][140]LogModuleManager: Shutting down and abandoning module MRMesh (196)
[2020.01.26-00.09.48:783][140]LogModuleManager: Shutting down and abandoning module SourceCodeAccess (194)
[2020.01.26-00.09.48:783][140]LogModuleManager: Shutting down and abandoning module HeadMountedDisplay (192)
[2020.01.26-00.09.48:783][140]LogModuleManager: Shutting down and abandoning module XAudio2 (190)
[2020.01.26-00.09.48:783][140]LogModuleManager: Shutting down and abandoning module Networking (188)
[2020.01.26-00.09.48:783][140]LogModuleManager: Shutting down and abandoning module Core (186)
[2020.01.26-00.09.48:783][140]LogModuleManager: Shutting down and abandoning module KismetCompiler (184)
[2020.01.26-00.09.48:783][140]LogModuleManager: Shutting down and abandoning module MeshUtilities (182)
[2020.01.26-00.09.48:783][140]LogModuleManager: Shutting down and abandoning module MeshMergeUtilities (181)
[2020.01.26-00.09.48:783][140]LogModuleManager: Shutting down and abandoning module MeshReductionInterface (180)
[2020.01.26-00.09.48:783][140]LogModuleManager: Shutting down and abandoning module SkeletalMeshReduction (179)
[2020.01.26-00.09.48:783][140]LogModuleManager: Shutting down and abandoning module ProxyLODMeshReduction (177)
[2020.01.26-00.09.48:783][140]LogModuleManager: Shutting down and abandoning module QuadricMeshReduction (175)
[2020.01.26-00.09.48:783][140]LogModuleManager: Shutting down and abandoning module MaterialBaking (171)
[2020.01.26-00.09.48:783][140]LogModuleManager: Shutting down and abandoning module NullInstallBundleManager (166)
[2020.01.26-00.09.48:783][140]LogModuleManager: Shutting down and abandoning module DerivedDataCache (164)
[2020.01.26-00.09.48:783][140]LogDerivedDataCache: Shutdown
[2020.01.26-00.09.48:783][140]LogModuleManager: Shutting down and abandoning module XGEController (162)
[2020.01.26-00.09.48:783][140]LogModuleManager: Shutting down and abandoning module TargetPlatform (160)
[2020.01.26-00.09.48:783][140]LogModuleManager: Shutting down and abandoning module VulkanShaderFormat (159)
[2020.01.26-00.09.48:783][140]LogModuleManager: Shutting down and abandoning module ShaderFormatVectorVM (157)
[2020.01.26-00.09.48:783][140]LogModuleManager: Shutting down and abandoning module ShaderFormatOpenGL (155)
[2020.01.26-00.09.48:783][140]LogModuleManager: Shutting down and abandoning module ShaderFormatD3D (153)
[2020.01.26-00.09.48:783][140]LogModuleManager: Shutting down and abandoning module MetalShaderFormat (151)
[2020.01.26-00.09.48:783][140]LogModuleManager: Shutting down and abandoning module TextureFormatUncompressed (149)
[2020.01.26-00.09.48:783][140]LogModuleManager: Shutting down and abandoning module TextureFormatPVR (147)
[2020.01.26-00.09.48:783][140]LogModuleManager: Shutting down and abandoning module TextureFormatDXT (145)
[2020.01.26-00.09.48:783][140]LogModuleManager: Shutting down and abandoning module TextureFormatIntelISPCTexComp (143)
[2020.01.26-00.09.48:784][140]LogModuleManager: Shutting down and abandoning module TextureFormatASTC (141)
[2020.01.26-00.09.48:784][140]LogModuleManager: Shutting down and abandoning module ImageWrapper (140)
[2020.01.26-00.09.48:784][140]LogModuleManager: Shutting down and abandoning module TextureFormatAndroid (137)
[2020.01.26-00.09.48:784][140]LogModuleManager: Shutting down and abandoning module AudioFormatOpus (135)
[2020.01.26-00.09.48:784][140]LogModuleManager: Shutting down and abandoning module AudioFormatOgg (133)
[2020.01.26-00.09.48:784][140]LogModuleManager: Shutting down and abandoning module AudioFormatADPCM (131)
[2020.01.26-00.09.48:784][140]LogModuleManager: Shutting down and abandoning module LuminTargetPlatform (129)
[2020.01.26-00.09.48:794][140]LogModuleManager: Shutting down and abandoning module LinuxTargetPlatform (127)
[2020.01.26-00.09.48:794][140]LogModuleManager: Shutting down and abandoning module LinuxServerTargetPlatform (125)
[2020.01.26-00.09.48:794][140]LogModuleManager: Shutting down and abandoning module LinuxNoEditorTargetPlatform (123)
[2020.01.26-00.09.48:794][140]LogModuleManager: Shutting down and abandoning module LinuxClientTargetPlatform (121)
[2020.01.26-00.09.48:794][140]LogModuleManager: Shutting down and abandoning module TVOSTargetPlatform (119)
[2020.01.26-00.09.48:797][140]LogModuleManager: Shutting down and abandoning module Messaging (117)
[2020.01.26-00.09.48:798][140]LogModuleManager: Shutting down and abandoning module IOSTargetPlatform (115)
[2020.01.26-00.09.48:800][140]LogModuleManager: Shutting down and abandoning module HTML5TargetPlatform (113)
[2020.01.26-00.09.48:800][140]LogModuleManager: Shutting down and abandoning module AndroidTargetPlatform (111)
[2020.01.26-00.09.48:826][140]LogModuleManager: Shutting down and abandoning module WindowsTargetPlatform (109)
[2020.01.26-00.09.48:826][140]LogModuleManager: Shutting down and abandoning module WindowsServerTargetPlatform (107)
[2020.01.26-00.09.48:826][140]LogModuleManager: Shutting down and abandoning module WindowsNoEditorTargetPlatform (105)
[2020.01.26-00.09.48:826][140]LogModuleManager: Shutting down and abandoning module WindowsClientTargetPlatform (103)
[2020.01.26-00.09.48:826][140]LogModuleManager: Shutting down and abandoning module MacTargetPlatform (101)
[2020.01.26-00.09.48:826][140]LogModuleManager: Shutting down and abandoning module MacServerTargetPlatform (99)
[2020.01.26-00.09.48:826][140]LogModuleManager: Shutting down and abandoning module MacNoEditorTargetPlatform (97)
[2020.01.26-00.09.48:826][140]LogModuleManager: Shutting down and abandoning module MacClientTargetPlatform (95)
[2020.01.26-00.09.48:826][140]LogModuleManager: Shutting down and abandoning module AllDesktopTargetPlatform (93)
[2020.01.26-00.09.48:826][140]LogModuleManager: Shutting down and abandoning module InputCore (90)
[2020.01.26-00.09.48:826][140]LogModuleManager: Shutting down and abandoning module Settings (88)
[2020.01.26-00.09.48:826][140]LogModuleManager: Shutting down and abandoning module DirectoryWatcher (86)
[2020.01.26-00.09.48:827][140]LogModuleManager: Shutting down and abandoning module PhysXCooking (84)
[2020.01.26-00.09.48:827][140]LogModuleManager: Shutting down and abandoning module WindowsPlatformFeatures (82)
[2020.01.26-00.09.48:827][140]LogModuleManager: Shutting down and abandoning module GameplayMediaEncoder (81)
[2020.01.26-00.09.48:827][140]LogModuleManager: Shutting down and abandoning module SteamVR (78)
[2020.01.26-00.09.48:827][140]LogHMD: Freeing OpenVRDLLHandle.
[2020.01.26-00.09.48:827][140]LogModuleManager: Shutting down and abandoning module OculusHMD (76)
[2020.01.26-00.09.48:827][140]LogModuleManager: Shutting down and abandoning module ExampleDeviceProfileSelector (74)
[2020.01.26-00.09.48:827][140]LogModuleManager: Shutting down and abandoning module LauncherChunkInstaller (72)
[2020.01.26-00.09.48:827][140]LogModuleManager: Shutting down and abandoning module OnlineBlueprintSupport (70)
[2020.01.26-00.09.48:827][140]LogModuleManager: Shutting down and abandoning module OnlineSubsystem (66)
[2020.01.26-00.09.48:828][140]LogModuleManager: Shutting down and abandoning module XMPP (61)
[2020.01.26-00.09.48:828][140]LogModuleManager: Shutting down and abandoning module WebSockets (60)
[2020.01.26-00.09.48:833][140]LogModuleManager: Shutting down and abandoning module HTTP (57)
[2020.01.26-00.09.48:833][140]LogHttp: Display: Http module shutting down, but needs to wait on 1 outstanding Http requests:
[2020.01.26-00.09.48:833][140]LogHttp: Display: 	verb=[POST] url=[https://datarouter.ol.epicgames.com/datarouter/api/v1/public/data?SessionID=%7BDE89EDB5-42E5-9940-9B6B-E8922533B58F%7D&AppID=UEEditor.Rocket.Release&AppVersion=4.23.1-9631420%2B%2B%2BUE4%2BRelease-4.23&UserID=b7367f514bcf47f3782f499948337182%7C0382994034dc4f6bbe5c05cbae825090%7C26c0a086-b539-454f-83c2-978d8d02ce36&AppEnvironment=datacollector-binary&UploadType=eteventstream] status=Processing
[2020.01.26-00.09.48:863][140]LogModuleManager: Shutting down and abandoning module SSL (56)
[2020.01.26-00.09.48:865][140]LogModuleManager: Shutting down and abandoning module WmfMedia (52)
[2020.01.26-00.09.48:866][140]LogModuleManager: Shutting down and abandoning module Media (51)
[2020.01.26-00.09.48:867][140]LogModuleManager: Shutting down and abandoning module MagicLeap (48)
[2020.01.26-00.09.48:867][140]LogModuleManager: Shutting down and abandoning module DatasmithContent (46)
[2020.01.26-00.09.48:867][140]LogModuleManager: Shutting down and abandoning module AISupportModule (44)
[2020.01.26-00.09.48:867][140]LogModuleManager: Shutting down and abandoning module PlatformCryptoOpenSSL (42)
[2020.01.26-00.09.48:867][140]LogModuleManager: Shutting down and abandoning module PlatformCrypto (40)
[2020.01.26-00.09.48:867][140]LogModuleManager: Shutting down and abandoning module AnimationModifiers (38)
[2020.01.26-00.09.48:867][140]LogModuleManager: Shutting down and abandoning module PropertyEditor (37)
[2020.01.26-00.09.48:870][140]LogModuleManager: Shutting down and abandoning module AudioEditor (34)
[2020.01.26-00.09.48:871][140]LogModuleManager: Shutting down and abandoning module TextureCompressor (32)
[2020.01.26-00.09.48:871][140]LogModuleManager: Shutting down and abandoning module RenderCore (30)
[2020.01.26-00.09.48:871][140]LogModuleManager: Shutting down and abandoning module Landscape (28)
[2020.01.26-00.09.48:871][140]LogModuleManager: Shutting down and abandoning module SlateRHIRenderer (26)
[2020.01.26-00.09.48:872][140]LogModuleManager: Shutting down and abandoning module OpenGLDrv (24)
[2020.01.26-00.09.48:872][140]LogModuleManager: Shutting down and abandoning module D3D11RHI (22)
[2020.01.26-00.09.48:872][140]LogModuleManager: Shutting down and abandoning module AnimGraphRuntime (20)
[2020.01.26-00.09.48:872][140]LogModuleManager: Shutting down and abandoning module Renderer (18)
[2020.01.26-00.09.48:872][140]LogModuleManager: Shutting down and abandoning module Engine (16)
[2020.01.26-00.09.48:872][140]LogModuleManager: Shutting down and abandoning module CoreUObject (14)
[2020.01.26-00.09.48:872][140]LogModuleManager: Shutting down and abandoning module NetworkFile (12)
[2020.01.26-00.09.48:873][140]LogModuleManager: Shutting down and abandoning module CookedIterativeFile (10)
[2020.01.26-00.09.48:873][140]LogModuleManager: Shutting down and abandoning module StreamingFile (8)
[2020.01.26-00.09.48:873][140]LogModuleManager: Shutting down and abandoning module SandboxFile (6)
[2020.01.26-00.09.48:873][140]LogModuleManager: Shutting down and abandoning module PakFile (4)
[2020.01.26-00.09.48:873][140]LogModuleManager: Shutting down and abandoning module RSA (3)
[2020.01.26-00.09.48:895][140]LogD3D11RHI: Shutdown
[2020.01.26-00.09.48:895][140]LogD3D11RHI: CleanupD3DDevice
[2020.01.26-00.09.48:897][140]LogRendererCore: FGlobalDynamicReadBuffer::Cleanup()
[2020.01.26-00.09.48:897][140]LogRendererCore: FGlobalDynamicReadBuffer::Cleanup()
[2020.01.26-00.09.48:897][140]LogRendererCore: FGlobalDynamicReadBuffer::Cleanup()
[2020.01.26-00.09.49:083][140]LogD3D11RHI: ~FD3D11DynamicRHI
[2020.01.26-00.09.49:100][140]LogExit: Exiting.
[2020.01.26-00.09.49:127][140]Log file closed, 01/26/20 00:09:49
