Log file open, 01/23/20 12:41:52
LogWindows: Failed to load 'aqProf.dll' (GetLastError=126)
LogWindows: File 'aqProf.dll' does not exist
LogWindows: Failed to load 'VtuneApi.dll' (GetLastError=126)
LogWindows: File 'VtuneApi.dll' does not exist
LogWindows: Failed to load 'VtuneApi32e.dll' (GetLastError=126)
LogWindows: File 'VtuneApi32e.dll' does not exist
LogConsoleResponse: Display: Failed to find resolution value strings in scalability ini. Falling back to default.
LogInit: Display: Running engine for game: Park
LogPlatformFile: Not using cached read wrapper
LogTaskGraph: Started task graph with 5 named threads and 47 total threads with 3 sets of task threads.
LogStats: Stats thread started at 0.061703
LogD3D11RHI: Loaded GFSDK_Aftermath_Lib.x64.dll
LogICUInternationalization: ICU TimeZone Detection - Raw Offset: +0:00, Platform Override: ''
LogPluginManager: Mounting plugin Paper2D
LogPluginManager: Mounting plugin AISupport
LogPluginManager: Mounting plugin LightPropagationVolume
LogPluginManager: Mounting plugin ActorLayerUtilities
LogPluginManager: Mounting plugin AnimationSharing
LogPluginManager: Mounting plugin CLionSourceCodeAccess
LogPluginManager: Mounting plugin CodeLiteSourceCodeAccess
LogPluginManager: Mounting plugin GitSourceControl
LogPluginManager: Mounting plugin KDevelopSourceCodeAccess
LogPluginManager: Mounting plugin NullSourceCodeAccess
LogPluginManager: Mounting plugin PerforceSourceControl
LogPluginManager: Mounting plugin SubversionSourceControl
LogPluginManager: Mounting plugin UObjectPlugin
LogPluginManager: Mounting plugin VisualStudioCodeSourceCodeAccess
LogPluginManager: Mounting plugin VisualStudioSourceCodeAccess
LogPluginManager: Mounting plugin XCodeSourceCodeAccess
LogPluginManager: Mounting plugin AssetManagerEditor
LogPluginManager: Mounting plugin CryptoKeys
LogPluginManager: Mounting plugin CurveEditorTools
LogPluginManager: Mounting plugin DataValidation
LogPluginManager: Mounting plugin FacialAnimation
LogPluginManager: Mounting plugin GameplayTagsEditor
LogPluginManager: Mounting plugin MacGraphicsSwitching
LogPluginManager: Mounting plugin MaterialAnalyzer
LogPluginManager: Mounting plugin MobileLauncherProfileWizard
LogPluginManager: Mounting plugin PluginBrowser
LogPluginManager: Mounting plugin SpeedTreeImporter
LogPluginManager: Mounting plugin DatasmithContent
LogPluginManager: Mounting plugin VariantManagerContent
LogPluginManager: Mounting plugin AlembicImporter
LogPluginManager: Mounting plugin AutomationUtils
LogPluginManager: Mounting plugin BackChannel
LogPluginManager: Mounting plugin CharacterAI
LogPluginManager: Mounting plugin GeometryCache
LogPluginManager: Mounting plugin HTML5Networking
LogPluginManager: Mounting plugin PlatformCrypto
LogPluginManager: Mounting plugin ProxyLODPlugin
LogPluginManager: Mounting plugin SkeletalReduction
LogPluginManager: Mounting plugin MagicLeap
LogPluginManager: Mounting plugin MagicLeapMedia
LogPluginManager: Mounting plugin AndroidMedia
LogPluginManager: Mounting plugin AvfMedia
LogPluginManager: Mounting plugin ImgMedia
LogPluginManager: Mounting plugin MediaCompositing
LogPluginManager: Mounting plugin MediaPlayerEditor
LogPluginManager: Mounting plugin WebMMedia
LogPluginManager: Mounting plugin WmfMedia
LogPluginManager: Mounting plugin TcpMessaging
LogPluginManager: Mounting plugin UdpMessaging
LogPluginManager: Mounting plugin ActorSequence
LogPluginManager: Mounting plugin LevelSequenceEditor
LogPluginManager: Mounting plugin MatineeToLevelSequence
LogPluginManager: Mounting plugin NetcodeUnitTest
LogPluginManager: Mounting plugin NUTUnrealEngine4
LogPluginManager: Mounting plugin OnlineSubsystemGooglePlay
LogPluginManager: Mounting plugin OnlineSubsystemIOS
LogPluginManager: Mounting plugin OnlineSubsystem
LogPluginManager: Mounting plugin OnlineSubsystemNull
LogPluginManager: Mounting plugin OnlineSubsystemUtils
LogPluginManager: Mounting plugin LauncherChunkInstaller
LogPluginManager: Mounting plugin AndroidDeviceProfileSelector
LogPluginManager: Mounting plugin AndroidMoviePlayer
LogPluginManager: Mounting plugin AndroidPermission
LogPluginManager: Mounting plugin AppleImageUtils
LogPluginManager: Mounting plugin AppleMoviePlayer
LogPluginManager: Mounting plugin ArchVisCharacter
LogPluginManager: Mounting plugin AudioCapture
LogPluginManager: Mounting plugin CableComponent
LogPluginManager: Mounting plugin CustomMeshComponent
LogPluginManager: Mounting plugin EditableMesh
LogPluginManager: Mounting plugin ExampleDeviceProfileSelector
LogPluginManager: Mounting plugin GoogleCloudMessaging
LogPluginManager: Mounting plugin IOSDeviceProfileSelector
LogPluginManager: Mounting plugin LinuxDeviceProfileSelector
LogPluginManager: Mounting plugin LocationServicesBPLibrary
LogPluginManager: Mounting plugin MobilePatchingUtils
LogPluginManager: Mounting plugin OculusVR
LogPluginManager: Mounting plugin PhysXVehicles
LogPluginManager: Mounting plugin ProceduralMeshComponent
LogPluginManager: Mounting plugin RuntimePhysXCooking
LogPluginManager: Mounting plugin SignificanceManager
LogPluginManager: Mounting plugin SteamVR
LogPluginManager: Mounting plugin WebMMoviePlayer
LogPluginManager: Mounting plugin WindowsMoviePlayer
LogPluginManager: Mounting plugin ScreenshotTools
LogInit: Using libcurl 7.55.1-DEV
LogInit:  - built for x86_64-pc-win32
LogInit:  - supports SSL with OpenSSL/1.1.1
LogInit:  - supports HTTP deflate (compression) using libz 1.2.8
LogInit:  - other features:
LogInit:      CURL_VERSION_SSL
LogInit:      CURL_VERSION_LIBZ
LogInit:      CURL_VERSION_IPV6
LogInit:      CURL_VERSION_ASYNCHDNS
LogInit:      CURL_VERSION_LARGEFILE
LogInit:      CURL_VERSION_IDN
LogInit:  CurlRequestOptions (configurable via config and command line):
LogInit:  - bVerifyPeer = true  - Libcurl will verify peer certificate
LogInit:  - bUseHttpProxy = false  - Libcurl will NOT use HTTP proxy
LogInit:  - bDontReuseConnections = false  - Libcurl will reuse connections
LogInit:  - MaxHostConnections = 16  - Libcurl will limit the number of connections to a host
LogInit:  - LocalHostAddr = Default
LogInit:  - BufferSize = 65536
LogOnline: OSS: Creating online subsystem instance for: NULL
LogInit: WinSock: version 1.1 (2.2), MaxSocks=32767, MaxUdp=65467
LogInit: Build: ++UE4+Release-4.23-CL-9631420
LogInit: Engine Version: 4.23.1-9631420+++UE4+Release-4.23
LogInit: Compatible Engine Version: 4.23.0-8386587+++UE4+Release-4.23
LogInit: Net CL: 8386587
LogInit: OS: Windows 10 (Release 1909) (), CPU: Intel(R) Core(TM) i7-7820X CPU @ 3.60GHz, GPU: NVIDIA GeForce GTX 1080 Ti
LogInit: Compiled (64-bit): Oct 18 2019 02:07:44
LogInit: Compiled with Visual C++: 19.16.27030.01
LogInit: Build Configuration: Development
LogInit: Branch Name: ++UE4+Release-4.23
LogInit: Command Line:  -EpicPortal -epicusername=JonathanHarg -epicuserid=0382994034dc4f6bbe5c05cbae825090 -epiclocale=en-GB
LogInit: Base Directory: D:/UE_4.23/Engine/Binaries/Win64/
LogInit: Installed Engine Build: 1
LogDevObjectVersion: Number of dev versions registered: 23
LogDevObjectVersion:   Dev-Blueprints (B0D832E4-1F89-4F0D-ACCF-7EB736FD4AA2): 10
LogDevObjectVersion:   Dev-Build (E1C64328-A22C-4D53-A36C-8E866417BD8C): 0
LogDevObjectVersion:   Dev-Core (375EC13C-06E4-48FB-B500-84F0262A717E): 3
LogDevObjectVersion:   Dev-Editor (E4B068ED-F494-42E9-A231-DA0B2E46BB41): 34
LogDevObjectVersion:   Dev-Framework (CFFC743F-43B0-4480-9391-14DF171D2073): 35
LogDevObjectVersion:   Dev-Mobile (B02B49B5-BB20-44E9-A304-32B752E40360): 2
LogDevObjectVersion:   Dev-Networking (A4E4105C-59A1-49B5-A7C5-40C4547EDFEE): 0
LogDevObjectVersion:   Dev-Online (39C831C9-5AE6-47DC-9A44-9C173E1C8E7C): 0
LogDevObjectVersion:   Dev-Physics (78F01B33-EBEA-4F98-B9B4-84EACCB95AA2): 0
LogDevObjectVersion:   Dev-Platform (6631380F-2D4D-43E0-8009-CF276956A95A): 0
LogDevObjectVersion:   Dev-Rendering (12F88B9F-8875-4AFC-A67C-D90C383ABD29): 31
LogDevObjectVersion:   Dev-Sequencer (7B5AE74C-D270-4C10-A958-57980B212A5A): 11
LogDevObjectVersion:   Dev-VR (D7296918-1DD6-4BDD-9DE2-64A83CC13884): 2
LogDevObjectVersion:   Dev-LoadTimes (C2A15278-BFE7-4AFE-6C17-90FF531DF755): 1
LogDevObjectVersion:   Private-Geometry (6EACA3D4-40EC-4CC1-B786-8BED09428FC5): 3
LogDevObjectVersion:   Dev-AnimPhys (29E575DD-E0A3-4627-9D10-D276232CDCEA): 17
LogDevObjectVersion:   Dev-Anim (AF43A65D-7FD3-4947-9873-3E8ED9C1BB05): 2
LogDevObjectVersion:   Dev-ReflectionCapture (6B266CEC-1EC7-4B8F-A30B-E4D90942FC07): 1
LogDevObjectVersion:   Dev-Automation (0DF73D61-A23F-47EA-B727-89E90C41499A): 1
LogDevObjectVersion:   FortniteMain (601D1886-AC64-4F84-AA16-D3DE0DEAC7D6): 27
LogDevObjectVersion:   Dev-Enterprise (9DFFBCD6-494F-0158-E221-12823C92A888): 6
LogDevObjectVersion:   Dev-Niagara (F2AED0AC-9AFE-416F-8664-AA7FFA26D6FC): 1
LogDevObjectVersion:   Dev-Destruction (174F1F0B-B4C6-45A5-B13F-2EE8D0FB917D): 9
LogInit: Presizing for max 16777216 objects, including 0 objects not considered by GC, pre-allocating 0 bytes for permanent pool.
LogInit: Object subsystem initialized
LogConfig: Setting CVar [[con.DebugEarlyDefault:1]]
LogConfig: Setting CVar [[r.setres:1280x720]]
[2020.01.23-12.41.52:873][  0]LogConfig: Setting CVar [[r.VSync:0]]
[2020.01.23-12.41.52:873][  0]LogConfig: Setting CVar [[r.RHICmdBypass:0]]
[2020.01.23-12.41.52:873][  0]LogConfig: Applying CVar settings from Section [/Script/Engine.RendererSettings] File [D:/Art/Park_SFAS/Park/Saved/Config/Windows/Engine.ini]
[2020.01.23-12.41.52:873][  0]LogConfig: Setting CVar [[r.GPUCrashDebugging:0]]
[2020.01.23-12.41.52:873][  0]LogConfig: Setting CVar [[r.DefaultFeature.AutoExposure.ExtendDefaultLuminanceRange:1]]
[2020.01.23-12.41.52:873][  0]LogConfig: Applying CVar settings from Section [/Script/Engine.RendererOverrideSettings] File [D:/Art/Park_SFAS/Park/Saved/Config/Windows/Engine.ini]
[2020.01.23-12.41.52:873][  0]LogConfig: Applying CVar settings from Section [/Script/Engine.StreamingSettings] File [D:/Art/Park_SFAS/Park/Saved/Config/Windows/Engine.ini]
[2020.01.23-12.41.52:873][  0]LogConfig: Setting CVar [[s.MinBulkDataSizeForAsyncLoading:131072]]
[2020.01.23-12.41.52:873][  0]LogConfig: Setting CVar [[s.AsyncLoadingThreadEnabled:0]]
[2020.01.23-12.41.52:873][  0]LogConfig: Setting CVar [[s.EventDrivenLoaderEnabled:1]]
[2020.01.23-12.41.52:873][  0]LogConfig: Setting CVar [[s.WarnIfTimeLimitExceeded:0]]
[2020.01.23-12.41.52:873][  0]LogConfig: Setting CVar [[s.TimeLimitExceededMultiplier:1.5]]
[2020.01.23-12.41.52:873][  0]LogConfig: Setting CVar [[s.TimeLimitExceededMinTime:0.005]]
[2020.01.23-12.41.52:873][  0]LogConfig: Setting CVar [[s.UseBackgroundLevelStreaming:1]]
[2020.01.23-12.41.52:873][  0]LogConfig: Setting CVar [[s.PriorityAsyncLoadingExtraTime:15.0]]
[2020.01.23-12.41.52:873][  0]LogConfig: Setting CVar [[s.LevelStreamingActorsUpdateTimeLimit:5.0]]
[2020.01.23-12.41.52:873][  0]LogConfig: Setting CVar [[s.PriorityLevelStreamingActorsUpdateExtraTime:5.0]]
[2020.01.23-12.41.52:873][  0]LogConfig: Setting CVar [[s.LevelStreamingComponentsRegistrationGranularity:10]]
[2020.01.23-12.41.52:873][  0]LogConfig: Setting CVar [[s.UnregisterComponentsTimeLimit:1.0]]
[2020.01.23-12.41.52:873][  0]LogConfig: Setting CVar [[s.LevelStreamingComponentsUnregistrationGranularity:5]]
[2020.01.23-12.41.52:873][  0]LogConfig: Applying CVar settings from Section [/Script/Engine.GarbageCollectionSettings] File [D:/Art/Park_SFAS/Park/Saved/Config/Windows/Engine.ini]
[2020.01.23-12.41.52:873][  0]LogConfig: Setting CVar [[gc.MaxObjectsNotConsideredByGC:1]]
[2020.01.23-12.41.52:873][  0]LogConfig: Setting CVar [[gc.SizeOfPermanentObjectPool:0]]
[2020.01.23-12.41.52:873][  0]LogConfig: Setting CVar [[gc.FlushStreamingOnGC:0]]
[2020.01.23-12.41.52:873][  0]LogConfig: Setting CVar [[gc.NumRetriesBeforeForcingGC:10]]
[2020.01.23-12.41.52:873][  0]LogConfig: Setting CVar [[gc.AllowParallelGC:1]]
[2020.01.23-12.41.52:873][  0]LogConfig: Setting CVar [[gc.TimeBetweenPurgingPendingKillObjects:61.1]]
[2020.01.23-12.41.52:873][  0]LogConfig: Setting CVar [[gc.MaxObjectsInEditor:16777216]]
[2020.01.23-12.41.52:873][  0]LogConfig: Setting CVar [[gc.IncrementalBeginDestroyEnabled:1]]
[2020.01.23-12.41.52:873][  0]LogConfig: Setting CVar [[gc.CreateGCClusters:1]]
[2020.01.23-12.41.52:873][  0]LogConfig: Setting CVar [[gc.MinGCClusterSize:5]]
[2020.01.23-12.41.52:873][  0]LogConfig: Setting CVar [[gc.ActorClusteringEnabled:0]]
[2020.01.23-12.41.52:873][  0]LogConfig: Setting CVar [[gc.BlueprintClusteringEnabled:0]]
[2020.01.23-12.41.52:873][  0]LogConfig: Setting CVar [[gc.UseDisregardForGCOnDedicatedServers:0]]
[2020.01.23-12.41.52:873][  0]LogConfig: Applying CVar settings from Section [/Script/Engine.NetworkSettings] File [D:/Art/Park_SFAS/Park/Saved/Config/Windows/Engine.ini]
[2020.01.23-12.41.52:873][  0]LogConfig: Applying CVar settings from Section [/Script/UnrealEd.CookerSettings] File [D:/Art/Park_SFAS/Park/Saved/Config/Windows/Engine.ini]
[2020.01.23-12.41.52:877][  0]LogConfig: Applying CVar settings from Section [ViewDistanceQuality@3] File [D:/Art/Park_SFAS/Park/Saved/Config/Windows/Scalability.ini]
[2020.01.23-12.41.52:877][  0]LogConfig: Setting CVar [[r.SkeletalMeshLODBias:0]]
[2020.01.23-12.41.52:877][  0]LogConfig: Setting CVar [[r.ViewDistanceScale:1.0]]
[2020.01.23-12.41.52:877][  0]LogConfig: Applying CVar settings from Section [AntiAliasingQuality@3] File [D:/Art/Park_SFAS/Park/Saved/Config/Windows/Scalability.ini]
[2020.01.23-12.41.52:877][  0]LogConfig: Setting CVar [[r.PostProcessAAQuality:4]]
[2020.01.23-12.41.52:877][  0]LogConfig: Applying CVar settings from Section [ShadowQuality@3] File [D:/Art/Park_SFAS/Park/Saved/Config/Windows/Scalability.ini]
[2020.01.23-12.41.52:877][  0]LogConfig: Setting CVar [[r.LightFunctionQuality:1]]
[2020.01.23-12.41.52:877][  0]LogConfig: Setting CVar [[r.ShadowQuality:5]]
[2020.01.23-12.41.52:877][  0]LogConfig: Setting CVar [[r.Shadow.CSM.MaxCascades:10]]
[2020.01.23-12.41.52:877][  0]LogConfig: Setting CVar [[r.Shadow.MaxResolution:2048]]
[2020.01.23-12.41.52:877][  0]LogConfig: Setting CVar [[r.Shadow.MaxCSMResolution:2048]]
[2020.01.23-12.41.52:877][  0]LogConfig: Setting CVar [[r.Shadow.RadiusThreshold:0.01]]
[2020.01.23-12.41.52:877][  0]LogConfig: Setting CVar [[r.Shadow.DistanceScale:1.0]]
[2020.01.23-12.41.52:878][  0]LogConfig: Setting CVar [[r.Shadow.CSM.TransitionScale:1.0]]
[2020.01.23-12.41.52:878][  0]LogConfig: Setting CVar [[r.Shadow.PreShadowResolutionFactor:1.0]]
[2020.01.23-12.41.52:878][  0]LogConfig: Setting CVar [[r.DistanceFieldShadowing:1]]
[2020.01.23-12.41.52:878][  0]LogConfig: Setting CVar [[r.DistanceFieldAO:1]]
[2020.01.23-12.41.52:878][  0]LogConfig: Setting CVar [[r.AOQuality:2]]
[2020.01.23-12.41.52:878][  0]LogConfig: Setting CVar [[r.VolumetricFog:1]]
[2020.01.23-12.41.52:878][  0]LogConfig: Setting CVar [[r.VolumetricFog.GridPixelSize:8]]
[2020.01.23-12.41.52:878][  0]LogConfig: Setting CVar [[r.VolumetricFog.GridSizeZ:128]]
[2020.01.23-12.41.52:878][  0]LogConfig: Setting CVar [[r.VolumetricFog.HistoryMissSupersampleCount:4]]
[2020.01.23-12.41.52:878][  0]LogConfig: Setting CVar [[r.LightMaxDrawDistanceScale:1]]
[2020.01.23-12.41.52:878][  0]LogConfig: Setting CVar [[r.CapsuleShadows:1]]
[2020.01.23-12.41.52:878][  0]LogConfig: Applying CVar settings from Section [PostProcessQuality@3] File [D:/Art/Park_SFAS/Park/Saved/Config/Windows/Scalability.ini]
[2020.01.23-12.41.52:878][  0]LogConfig: Setting CVar [[r.MotionBlurQuality:4]]
[2020.01.23-12.41.52:878][  0]LogConfig: Setting CVar [[r.AmbientOcclusionMipLevelFactor:0.4]]
[2020.01.23-12.41.52:878][  0]LogConfig: Setting CVar [[r.AmbientOcclusionMaxQuality:100]]
[2020.01.23-12.41.52:878][  0]LogConfig: Setting CVar [[r.AmbientOcclusionLevels:-1]]
[2020.01.23-12.41.52:878][  0]LogConfig: Setting CVar [[r.AmbientOcclusionRadiusScale:1.0]]
[2020.01.23-12.41.52:878][  0]LogConfig: Setting CVar [[r.DepthOfFieldQuality:2]]
[2020.01.23-12.41.52:878][  0]LogConfig: Setting CVar [[r.RenderTargetPoolMin:400]]
[2020.01.23-12.41.52:878][  0]LogConfig: Setting CVar [[r.LensFlareQuality:2]]
[2020.01.23-12.41.52:878][  0]LogConfig: Setting CVar [[r.SceneColorFringeQuality:1]]
[2020.01.23-12.41.52:878][  0]LogConfig: Setting CVar [[r.EyeAdaptationQuality:2]]
[2020.01.23-12.41.52:878][  0]LogConfig: Setting CVar [[r.BloomQuality:5]]
[2020.01.23-12.41.52:878][  0]LogConfig: Setting CVar [[r.FastBlurThreshold:100]]
[2020.01.23-12.41.52:878][  0]LogConfig: Setting CVar [[r.Upscale.Quality:3]]
[2020.01.23-12.41.52:878][  0]LogConfig: Setting CVar [[r.Tonemapper.GrainQuantization:1]]
[2020.01.23-12.41.52:878][  0]LogConfig: Setting CVar [[r.LightShaftQuality:1]]
[2020.01.23-12.41.52:878][  0]LogConfig: Setting CVar [[r.Filter.SizeScale:1]]
[2020.01.23-12.41.52:878][  0]LogConfig: Setting CVar [[r.Tonemapper.Quality:5]]
[2020.01.23-12.41.52:878][  0]LogConfig: Setting CVar [[r.DOF.Gather.AccumulatorQuality:1        ; higher gathering accumulator quality]]
[2020.01.23-12.41.52:878][  0]LogConfig: Setting CVar [[r.DOF.Gather.PostfilterMethod:1          ; Median3x3 postfilering method]]
[2020.01.23-12.41.52:878][  0]LogConfig: Setting CVar [[r.DOF.Gather.EnableBokehSettings:0       ; no bokeh simulation when gathering]]
[2020.01.23-12.41.52:878][  0]LogConfig: Setting CVar [[r.DOF.Gather.RingCount:4                 ; medium number of samples when gathering]]
[2020.01.23-12.41.52:878][  0]LogConfig: Setting CVar [[r.DOF.Scatter.ForegroundCompositing:1    ; additive foreground scattering]]
[2020.01.23-12.41.52:878][  0]LogConfig: Setting CVar [[r.DOF.Scatter.BackgroundCompositing:2    ; additive background scattering]]
[2020.01.23-12.41.52:878][  0]LogConfig: Setting CVar [[r.DOF.Scatter.EnableBokehSettings:1      ; bokeh simulation when scattering]]
[2020.01.23-12.41.52:878][  0]LogConfig: Setting CVar [[r.DOF.Scatter.MaxSpriteRatio:0.1         ; only a maximum of 10% of scattered bokeh]]
[2020.01.23-12.41.52:878][  0]LogConfig: Setting CVar [[r.DOF.Recombine.Quality:1                ; cheap slight out of focus]]
[2020.01.23-12.41.52:878][  0]LogConfig: Setting CVar [[r.DOF.Recombine.EnableBokehSettings:0    ; no bokeh simulation on slight out of focus]]
[2020.01.23-12.41.52:878][  0]LogConfig: Setting CVar [[r.DOF.TemporalAAQuality:1                ; more stable temporal accumulation]]
[2020.01.23-12.41.52:878][  0]LogConfig: Setting CVar [[r.DOF.Kernel.MaxForegroundRadius:0.025]]
[2020.01.23-12.41.52:878][  0]LogConfig: Setting CVar [[r.DOF.Kernel.MaxBackgroundRadius:0.025]]
[2020.01.23-12.41.52:878][  0]LogConfig: Applying CVar settings from Section [TextureQuality@3] File [D:/Art/Park_SFAS/Park/Saved/Config/Windows/Scalability.ini]
[2020.01.23-12.41.52:878][  0]LogConfig: Setting CVar [[r.Streaming.MipBias:0]]
[2020.01.23-12.41.52:878][  0]LogConfig: Setting CVar [[r.Streaming.AmortizeCPUToGPUCopy:0]]
[2020.01.23-12.41.52:878][  0]LogConfig: Setting CVar [[r.Streaming.MaxNumTexturesToStreamPerFrame:0]]
[2020.01.23-12.41.52:878][  0]LogConfig: Setting CVar [[r.Streaming.Boost:1]]
[2020.01.23-12.41.52:878][  0]LogConfig: Setting CVar [[r.MaxAnisotropy:8]]
[2020.01.23-12.41.52:878][  0]LogConfig: Setting CVar [[r.Streaming.LimitPoolSizeToVRAM:0]]
[2020.01.23-12.41.52:878][  0]LogConfig: Setting CVar [[r.Streaming.PoolSize:1000]]
[2020.01.23-12.41.52:878][  0]LogConfig: Setting CVar [[r.Streaming.MaxEffectiveScreenSize:0]]
[2020.01.23-12.41.52:878][  0]LogConfig: Applying CVar settings from Section [EffectsQuality@3] File [D:/Art/Park_SFAS/Park/Saved/Config/Windows/Scalability.ini]
[2020.01.23-12.41.52:878][  0]LogConfig: Setting CVar [[r.TranslucencyLightingVolumeDim:64]]
[2020.01.23-12.41.52:878][  0]LogConfig: Setting CVar [[r.RefractionQuality:2]]
[2020.01.23-12.41.52:878][  0]LogConfig: Setting CVar [[r.SSR.Quality:3]]
[2020.01.23-12.41.52:878][  0]LogConfig: Setting CVar [[r.SceneColorFormat:4]]
[2020.01.23-12.41.52:878][  0]LogConfig: Setting CVar [[r.DetailMode:2]]
[2020.01.23-12.41.52:878][  0]LogConfig: Setting CVar [[r.TranslucencyVolumeBlur:1]]
[2020.01.23-12.41.52:878][  0]LogConfig: Setting CVar [[r.MaterialQualityLevel:1 ; High quality]]
[2020.01.23-12.41.52:878][  0]LogConfig: Setting CVar [[r.SSS.Scale:1]]
[2020.01.23-12.41.52:878][  0]LogConfig: Setting CVar [[r.SSS.SampleSet:2]]
[2020.01.23-12.41.52:878][  0]LogConfig: Setting CVar [[r.SSS.Quality:1]]
[2020.01.23-12.41.52:878][  0]LogConfig: Setting CVar [[r.SSS.HalfRes:1]]
[2020.01.23-12.41.52:878][  0]LogConfig: Setting CVar [[r.EmitterSpawnRateScale:1.0]]
[2020.01.23-12.41.52:878][  0]LogConfig: Setting CVar [[r.ParticleLightQuality:2]]
[2020.01.23-12.41.52:878][  0]LogConfig: Applying CVar settings from Section [FoliageQuality@3] File [D:/Art/Park_SFAS/Park/Saved/Config/Windows/Scalability.ini]
[2020.01.23-12.41.52:878][  0]LogConfig: Setting CVar [[foliage.DensityScale:1.0]]
[2020.01.23-12.41.52:878][  0]LogConfig: Setting CVar [[grass.DensityScale:1.0]]
[2020.01.23-12.41.52:878][  0]LogInit: Selected Device Profile: [Windows]
[2020.01.23-12.41.52:878][  0]LogInit: Applying CVar settings loaded from the selected device profile: [Windows]
[2020.01.23-12.41.52:881][  0]LogHAL: Display: Platform has ~ 32 GB [34014822400 / 34359738368 / 32], which maps to Largest [LargestMinGB=32, LargerMinGB=12, DefaultMinGB=8, SmallerMinGB=6, SmallestMinGB=0)
[2020.01.23-12.41.52:881][  0]LogInit: Going up to parent DeviceProfile []
[2020.01.23-12.41.52:881][  0]LogConfig: Applying CVar settings from Section [ViewDistanceQuality@3] File [D:/Art/Park_SFAS/Park/Saved/Config/Windows/Scalability.ini]
[2020.01.23-12.41.52:881][  0]LogConfig: Setting CVar [[r.SkeletalMeshLODBias:0]]
[2020.01.23-12.41.52:881][  0]LogConfig: Setting CVar [[r.ViewDistanceScale:1.0]]
[2020.01.23-12.41.52:881][  0]LogConfig: Applying CVar settings from Section [AntiAliasingQuality@3] File [D:/Art/Park_SFAS/Park/Saved/Config/Windows/Scalability.ini]
[2020.01.23-12.41.52:881][  0]LogConfig: Setting CVar [[r.PostProcessAAQuality:4]]
[2020.01.23-12.41.52:881][  0]LogConfig: Applying CVar settings from Section [ShadowQuality@3] File [D:/Art/Park_SFAS/Park/Saved/Config/Windows/Scalability.ini]
[2020.01.23-12.41.52:881][  0]LogConfig: Setting CVar [[r.LightFunctionQuality:1]]
[2020.01.23-12.41.52:881][  0]LogConfig: Setting CVar [[r.ShadowQuality:5]]
[2020.01.23-12.41.52:881][  0]LogConfig: Setting CVar [[r.Shadow.CSM.MaxCascades:10]]
[2020.01.23-12.41.52:881][  0]LogConfig: Setting CVar [[r.Shadow.MaxResolution:2048]]
[2020.01.23-12.41.52:881][  0]LogConfig: Setting CVar [[r.Shadow.MaxCSMResolution:2048]]
[2020.01.23-12.41.52:881][  0]LogConfig: Setting CVar [[r.Shadow.RadiusThreshold:0.01]]
[2020.01.23-12.41.52:881][  0]LogConfig: Setting CVar [[r.Shadow.DistanceScale:1.0]]
[2020.01.23-12.41.52:881][  0]LogConfig: Setting CVar [[r.Shadow.CSM.TransitionScale:1.0]]
[2020.01.23-12.41.52:881][  0]LogConfig: Setting CVar [[r.Shadow.PreShadowResolutionFactor:1.0]]
[2020.01.23-12.41.52:881][  0]LogConfig: Setting CVar [[r.DistanceFieldShadowing:1]]
[2020.01.23-12.41.52:881][  0]LogConfig: Setting CVar [[r.DistanceFieldAO:1]]
[2020.01.23-12.41.52:881][  0]LogConfig: Setting CVar [[r.AOQuality:2]]
[2020.01.23-12.41.52:881][  0]LogConfig: Setting CVar [[r.VolumetricFog:1]]
[2020.01.23-12.41.52:881][  0]LogConfig: Setting CVar [[r.VolumetricFog.GridPixelSize:8]]
[2020.01.23-12.41.52:881][  0]LogConfig: Setting CVar [[r.VolumetricFog.GridSizeZ:128]]
[2020.01.23-12.41.52:881][  0]LogConfig: Setting CVar [[r.VolumetricFog.HistoryMissSupersampleCount:4]]
[2020.01.23-12.41.52:881][  0]LogConfig: Setting CVar [[r.LightMaxDrawDistanceScale:1]]
[2020.01.23-12.41.52:881][  0]LogConfig: Setting CVar [[r.CapsuleShadows:1]]
[2020.01.23-12.41.52:881][  0]LogConfig: Applying CVar settings from Section [PostProcessQuality@3] File [D:/Art/Park_SFAS/Park/Saved/Config/Windows/Scalability.ini]
[2020.01.23-12.41.52:881][  0]LogConfig: Setting CVar [[r.MotionBlurQuality:4]]
[2020.01.23-12.41.52:881][  0]LogConfig: Setting CVar [[r.AmbientOcclusionMipLevelFactor:0.4]]
[2020.01.23-12.41.52:881][  0]LogConfig: Setting CVar [[r.AmbientOcclusionMaxQuality:100]]
[2020.01.23-12.41.52:881][  0]LogConfig: Setting CVar [[r.AmbientOcclusionLevels:-1]]
[2020.01.23-12.41.52:881][  0]LogConfig: Setting CVar [[r.AmbientOcclusionRadiusScale:1.0]]
[2020.01.23-12.41.52:881][  0]LogConfig: Setting CVar [[r.DepthOfFieldQuality:2]]
[2020.01.23-12.41.52:881][  0]LogConfig: Setting CVar [[r.RenderTargetPoolMin:400]]
[2020.01.23-12.41.52:881][  0]LogConfig: Setting CVar [[r.LensFlareQuality:2]]
[2020.01.23-12.41.52:881][  0]LogConfig: Setting CVar [[r.SceneColorFringeQuality:1]]
[2020.01.23-12.41.52:881][  0]LogConfig: Setting CVar [[r.EyeAdaptationQuality:2]]
[2020.01.23-12.41.52:881][  0]LogConfig: Setting CVar [[r.BloomQuality:5]]
[2020.01.23-12.41.52:881][  0]LogConfig: Setting CVar [[r.FastBlurThreshold:100]]
[2020.01.23-12.41.52:881][  0]LogConfig: Setting CVar [[r.Upscale.Quality:3]]
[2020.01.23-12.41.52:881][  0]LogConfig: Setting CVar [[r.Tonemapper.GrainQuantization:1]]
[2020.01.23-12.41.52:881][  0]LogConfig: Setting CVar [[r.LightShaftQuality:1]]
[2020.01.23-12.41.52:881][  0]LogConfig: Setting CVar [[r.Filter.SizeScale:1]]
[2020.01.23-12.41.52:881][  0]LogConfig: Setting CVar [[r.Tonemapper.Quality:5]]
[2020.01.23-12.41.52:881][  0]LogConfig: Setting CVar [[r.DOF.Gather.AccumulatorQuality:1        ; higher gathering accumulator quality]]
[2020.01.23-12.41.52:881][  0]LogConfig: Setting CVar [[r.DOF.Gather.PostfilterMethod:1          ; Median3x3 postfilering method]]
[2020.01.23-12.41.52:881][  0]LogConfig: Setting CVar [[r.DOF.Gather.EnableBokehSettings:0       ; no bokeh simulation when gathering]]
[2020.01.23-12.41.52:881][  0]LogConfig: Setting CVar [[r.DOF.Gather.RingCount:4                 ; medium number of samples when gathering]]
[2020.01.23-12.41.52:881][  0]LogConfig: Setting CVar [[r.DOF.Scatter.ForegroundCompositing:1    ; additive foreground scattering]]
[2020.01.23-12.41.52:881][  0]LogConfig: Setting CVar [[r.DOF.Scatter.BackgroundCompositing:2    ; additive background scattering]]
[2020.01.23-12.41.52:881][  0]LogConfig: Setting CVar [[r.DOF.Scatter.EnableBokehSettings:1      ; bokeh simulation when scattering]]
[2020.01.23-12.41.52:881][  0]LogConfig: Setting CVar [[r.DOF.Scatter.MaxSpriteRatio:0.1         ; only a maximum of 10% of scattered bokeh]]
[2020.01.23-12.41.52:881][  0]LogConfig: Setting CVar [[r.DOF.Recombine.Quality:1                ; cheap slight out of focus]]
[2020.01.23-12.41.52:881][  0]LogConfig: Setting CVar [[r.DOF.Recombine.EnableBokehSettings:0    ; no bokeh simulation on slight out of focus]]
[2020.01.23-12.41.52:881][  0]LogConfig: Setting CVar [[r.DOF.TemporalAAQuality:1                ; more stable temporal accumulation]]
[2020.01.23-12.41.52:881][  0]LogConfig: Setting CVar [[r.DOF.Kernel.MaxForegroundRadius:0.025]]
[2020.01.23-12.41.52:881][  0]LogConfig: Setting CVar [[r.DOF.Kernel.MaxBackgroundRadius:0.025]]
[2020.01.23-12.41.52:881][  0]LogConfig: Applying CVar settings from Section [TextureQuality@3] File [D:/Art/Park_SFAS/Park/Saved/Config/Windows/Scalability.ini]
[2020.01.23-12.41.52:881][  0]LogConfig: Setting CVar [[r.Streaming.MipBias:0]]
[2020.01.23-12.41.52:881][  0]LogConfig: Setting CVar [[r.Streaming.AmortizeCPUToGPUCopy:0]]
[2020.01.23-12.41.52:881][  0]LogConfig: Setting CVar [[r.Streaming.MaxNumTexturesToStreamPerFrame:0]]
[2020.01.23-12.41.52:881][  0]LogConfig: Setting CVar [[r.Streaming.Boost:1]]
[2020.01.23-12.41.52:881][  0]LogConfig: Setting CVar [[r.MaxAnisotropy:8]]
[2020.01.23-12.41.52:881][  0]LogConfig: Setting CVar [[r.Streaming.LimitPoolSizeToVRAM:0]]
[2020.01.23-12.41.52:881][  0]LogConfig: Setting CVar [[r.Streaming.PoolSize:1000]]
[2020.01.23-12.41.52:881][  0]LogConfig: Setting CVar [[r.Streaming.MaxEffectiveScreenSize:0]]
[2020.01.23-12.41.52:881][  0]LogConfig: Applying CVar settings from Section [EffectsQuality@3] File [D:/Art/Park_SFAS/Park/Saved/Config/Windows/Scalability.ini]
[2020.01.23-12.41.52:881][  0]LogConfig: Setting CVar [[r.TranslucencyLightingVolumeDim:64]]
[2020.01.23-12.41.52:881][  0]LogConfig: Setting CVar [[r.RefractionQuality:2]]
[2020.01.23-12.41.52:881][  0]LogConfig: Setting CVar [[r.SSR.Quality:3]]
[2020.01.23-12.41.52:881][  0]LogConfig: Setting CVar [[r.SceneColorFormat:4]]
[2020.01.23-12.41.52:881][  0]LogConfig: Setting CVar [[r.DetailMode:2]]
[2020.01.23-12.41.52:881][  0]LogConfig: Setting CVar [[r.TranslucencyVolumeBlur:1]]
[2020.01.23-12.41.52:881][  0]LogConfig: Setting CVar [[r.MaterialQualityLevel:1 ; High quality]]
[2020.01.23-12.41.52:882][  0]LogConfig: Setting CVar [[r.SSS.Scale:1]]
[2020.01.23-12.41.52:882][  0]LogConfig: Setting CVar [[r.SSS.SampleSet:2]]
[2020.01.23-12.41.52:882][  0]LogConfig: Setting CVar [[r.SSS.Quality:1]]
[2020.01.23-12.41.52:882][  0]LogConfig: Setting CVar [[r.SSS.HalfRes:1]]
[2020.01.23-12.41.52:882][  0]LogConfig: Setting CVar [[r.EmitterSpawnRateScale:1.0]]
[2020.01.23-12.41.52:882][  0]LogConfig: Setting CVar [[r.ParticleLightQuality:2]]
[2020.01.23-12.41.52:882][  0]LogConfig: Applying CVar settings from Section [FoliageQuality@3] File [D:/Art/Park_SFAS/Park/Saved/Config/Windows/Scalability.ini]
[2020.01.23-12.41.52:882][  0]LogConfig: Setting CVar [[foliage.DensityScale:1.0]]
[2020.01.23-12.41.52:882][  0]LogConfig: Setting CVar [[grass.DensityScale:1.0]]
[2020.01.23-12.41.52:882][  0]LogConfig: Applying CVar settings from Section [Startup] File [../../../Engine/Config/ConsoleVariables.ini]
[2020.01.23-12.41.52:882][  0]LogConfig: Setting CVar [[net.UseAdaptiveNetUpdateFrequency:0]]
[2020.01.23-12.41.52:882][  0]LogConfig: Setting CVar [[p.chaos.AllowCreatePhysxBodies:1]]
[2020.01.23-12.41.52:882][  0]LogConfig: Applying CVar settings from Section [ConsoleVariables] File [D:/Art/Park_SFAS/Park/Saved/Config/Windows/Engine.ini]
[2020.01.23-12.41.52:882][  0]LogInit: Computer: JONATHAN-PC
[2020.01.23-12.41.52:882][  0]LogInit: User: Jonathan
[2020.01.23-12.41.52:882][  0]LogInit: CPU Page size=4096, Cores=8
[2020.01.23-12.41.52:882][  0]LogInit: High frequency timer resolution =10.000000 MHz
[2020.01.23-12.41.52:882][  0]LogMemory: Memory total: Physical=31.7GB (32GB approx)
[2020.01.23-12.41.52:882][  0]LogMemory: Platform Memory Stats for Windows
[2020.01.23-12.41.52:882][  0]LogMemory: Process Physical Memory: 102.21 MB used, 102.21 MB peak
[2020.01.23-12.41.52:882][  0]LogMemory: Process Virtual Memory: 102.39 MB used, 102.39 MB peak
[2020.01.23-12.41.52:882][  0]LogMemory: Physical Memory: 7553.83 MB used,  24885.23 MB free, 32439.06 MB total
[2020.01.23-12.41.52:882][  0]LogMemory: Virtual Memory: 4703.18 MB used,  134213024.00 MB free, 134217728.00 MB total
[2020.01.23-12.41.52:884][  0]LogWindows: WindowsPlatformFeatures enabled
[2020.01.23-12.41.52:903][  0]LogInit: Using OS detected language (en-GB).
[2020.01.23-12.41.52:903][  0]LogInit: Using OS detected locale (en-GB).
[2020.01.23-12.41.52:904][  0]LogTextLocalizationManager: No specific localization for 'en-GB' exists, so the 'en' localization will be used.
[2020.01.23-12.41.53:056][  0]LogInit: Setting process to per monitor DPI aware
[2020.01.23-12.41.53:078][  0]LogSlate: New Slate User Created.  User Index 0, Is Virtual User: 0
[2020.01.23-12.41.53:078][  0]LogSlate: Slate User Registered.  User Index 0, Is Virtual User: 0
[2020.01.23-12.41.53:247][  0]LogHMD: Failed to initialize OpenVR with code 110
[2020.01.23-12.41.53:247][  0]LogD3D11RHI: D3D11 adapters:
[2020.01.23-12.41.53:307][  0]LogD3D11RHI:    0. 'NVIDIA GeForce GTX 1080 Ti' (Feature Level 11_0)
[2020.01.23-12.41.53:307][  0]LogD3D11RHI:       11127/0/16219 MB DedicatedVideo/DedicatedSystem/SharedSystem, Outputs:2, VendorId:0x10de
[2020.01.23-12.41.53:309][  0]LogD3D11RHI:    1. 'Microsoft Basic Render Driver' (Feature Level 11_0)
[2020.01.23-12.41.53:309][  0]LogD3D11RHI:       0/0/16219 MB DedicatedVideo/DedicatedSystem/SharedSystem, Outputs:0, VendorId:0x1414
[2020.01.23-12.41.53:309][  0]LogD3D11RHI: Chosen D3D11 Adapter: 0
[2020.01.23-12.41.53:316][  0]LogD3D11RHI: Creating new Direct3DDevice
[2020.01.23-12.41.53:316][  0]LogD3D11RHI:     GPU DeviceId: 0x1b06 (for the marketing name, search the web for "GPU Device Id")
[2020.01.23-12.41.53:316][  0]LogWindows: EnumDisplayDevices:
[2020.01.23-12.41.53:317][  0]LogWindows:    0. 'NVIDIA GeForce GTX 1080 Ti' (P:1 D:1)
[2020.01.23-12.41.53:317][  0]LogWindows:    1. 'NVIDIA GeForce GTX 1080 Ti' (P:0 D:1)
[2020.01.23-12.41.53:317][  0]LogWindows:    2. 'NVIDIA GeForce GTX 1080 Ti' (P:0 D:0)
[2020.01.23-12.41.53:317][  0]LogWindows:    3. 'NVIDIA GeForce GTX 1080 Ti' (P:0 D:0)
[2020.01.23-12.41.53:317][  0]LogWindows: DebugString: FoundDriverCount:4 
[2020.01.23-12.41.53:317][  0]LogD3D11RHI:     Adapter Name: NVIDIA GeForce GTX 1080 Ti
[2020.01.23-12.41.53:317][  0]LogD3D11RHI:   Driver Version: 432.00 (internal:26.21.14.3200, unified:432.00)
[2020.01.23-12.41.53:317][  0]LogD3D11RHI:      Driver Date: 7-24-2019
[2020.01.23-12.41.53:317][  0]LogRHI: Texture pool is 7788 MB (70% of 11127 MB)
[2020.01.23-12.41.53:354][  0]LogD3D11RHI: Async texture creation enabled
[2020.01.23-12.41.53:424][  0]LogD3D11RHI: GPU Timing Frequency: 1000.000000 (Debug: 2 1)
[2020.01.23-12.41.53:717][  0]LogTemp: Display: Module 'AllDesktopTargetPlatform' loaded TargetPlatform 'AllDesktop'
[2020.01.23-12.41.53:723][  0]LogTemp: Display: Module 'MacClientTargetPlatform' loaded TargetPlatform 'MacClient'
[2020.01.23-12.41.53:729][  0]LogTemp: Display: Module 'MacNoEditorTargetPlatform' loaded TargetPlatform 'MacNoEditor'
[2020.01.23-12.41.53:736][  0]LogTemp: Display: Module 'MacServerTargetPlatform' loaded TargetPlatform 'MacServer'
[2020.01.23-12.41.53:742][  0]LogTemp: Display: Module 'MacTargetPlatform' loaded TargetPlatform 'Mac'
[2020.01.23-12.41.53:749][  0]LogTemp: Display: Module 'WindowsClientTargetPlatform' loaded TargetPlatform 'WindowsClient'
[2020.01.23-12.41.53:756][  0]LogTemp: Display: Module 'WindowsNoEditorTargetPlatform' loaded TargetPlatform 'WindowsNoEditor'
[2020.01.23-12.41.53:762][  0]LogTemp: Display: Module 'WindowsServerTargetPlatform' loaded TargetPlatform 'WindowsServer'
[2020.01.23-12.41.53:765][  0]LogTemp: Display: Module 'WindowsTargetPlatform' loaded TargetPlatform 'Windows'
[2020.01.23-12.41.53:792][  0]LogTemp: Display: Module 'AndroidTargetPlatform' loaded TargetPlatform 'Android'
[2020.01.23-12.41.53:792][  0]LogTemp: Display: Module 'AndroidTargetPlatform' loaded TargetPlatform 'Android_ASTC'
[2020.01.23-12.41.53:792][  0]LogTemp: Display: Module 'AndroidTargetPlatform' loaded TargetPlatform 'Android_ATC'
[2020.01.23-12.41.53:792][  0]LogTemp: Display: Module 'AndroidTargetPlatform' loaded TargetPlatform 'Android_DXT'
[2020.01.23-12.41.53:792][  0]LogTemp: Display: Module 'AndroidTargetPlatform' loaded TargetPlatform 'Android_ETC1'
[2020.01.23-12.41.53:792][  0]LogTemp: Display: Module 'AndroidTargetPlatform' loaded TargetPlatform 'Android_ETC1a'
[2020.01.23-12.41.53:792][  0]LogTemp: Display: Module 'AndroidTargetPlatform' loaded TargetPlatform 'Android_ETC2'
[2020.01.23-12.41.53:792][  0]LogTemp: Display: Module 'AndroidTargetPlatform' loaded TargetPlatform 'Android_PVRTC'
[2020.01.23-12.41.53:792][  0]LogTemp: Display: Module 'AndroidTargetPlatform' loaded TargetPlatform 'AndroidClient'
[2020.01.23-12.41.53:792][  0]LogTemp: Display: Module 'AndroidTargetPlatform' loaded TargetPlatform 'Android_ASTCClient'
[2020.01.23-12.41.53:792][  0]LogTemp: Display: Module 'AndroidTargetPlatform' loaded TargetPlatform 'Android_ATCClient'
[2020.01.23-12.41.53:792][  0]LogTemp: Display: Module 'AndroidTargetPlatform' loaded TargetPlatform 'Android_DXTClient'
[2020.01.23-12.41.53:792][  0]LogTemp: Display: Module 'AndroidTargetPlatform' loaded TargetPlatform 'Android_ETC1Client'
[2020.01.23-12.41.53:792][  0]LogTemp: Display: Module 'AndroidTargetPlatform' loaded TargetPlatform 'Android_ETC1aClient'
[2020.01.23-12.41.53:792][  0]LogTemp: Display: Module 'AndroidTargetPlatform' loaded TargetPlatform 'Android_ETC2Client'
[2020.01.23-12.41.53:792][  0]LogTemp: Display: Module 'AndroidTargetPlatform' loaded TargetPlatform 'Android_PVRTCClient'
[2020.01.23-12.41.53:792][  0]LogTemp: Display: Module 'AndroidTargetPlatform' loaded TargetPlatform 'Android_Multi'
[2020.01.23-12.41.53:792][  0]LogTemp: Display: Module 'AndroidTargetPlatform' loaded TargetPlatform 'Android_MultiClient'
[2020.01.23-12.41.53:794][  0]LogTemp: Display: Module 'HTML5TargetPlatform' loaded TargetPlatform 'HTML5'
[2020.01.23-12.41.53:807][  0]LogTemp: Display: Module 'IOSTargetPlatform' loaded TargetPlatform 'IOSClient'
[2020.01.23-12.41.53:807][  0]LogTemp: Display: Module 'IOSTargetPlatform' loaded TargetPlatform 'IOS'
[2020.01.23-12.41.53:818][  0]LogTemp: Display: Module 'TVOSTargetPlatform' loaded TargetPlatform 'TVOSClient'
[2020.01.23-12.41.53:818][  0]LogTemp: Display: Module 'TVOSTargetPlatform' loaded TargetPlatform 'TVOS'
[2020.01.23-12.41.53:824][  0]LogTemp: Display: Module 'LinuxClientTargetPlatform' loaded TargetPlatform 'LinuxClient'
[2020.01.23-12.41.53:829][  0]LogTemp: Display: Module 'LinuxNoEditorTargetPlatform' loaded TargetPlatform 'LinuxNoEditor'
[2020.01.23-12.41.53:835][  0]LogTemp: Display: Module 'LinuxServerTargetPlatform' loaded TargetPlatform 'LinuxServer'
[2020.01.23-12.41.53:841][  0]LogTemp: Display: Module 'LinuxTargetPlatform' loaded TargetPlatform 'Linux'
[2020.01.23-12.41.53:860][  0]LogTemp: Display: Module 'LuminTargetPlatform' loaded TargetPlatform 'Lumin'
[2020.01.23-12.41.53:860][  0]LogTemp: Display: Module 'LuminTargetPlatform' loaded TargetPlatform 'LuminClient'
[2020.01.23-12.41.53:860][  0]LogTargetPlatformManager: Display: Building Assets For Windows
[2020.01.23-12.41.53:867][  0]LogAudioDebug: Display: Lib vorbis DLL was dynamically loaded.
[2020.01.23-12.41.53:899][  0]LogShaderCompilers: Guid format shader working directory is 15 characters bigger than the processId version (../../../../Art/Park_SFAS/Park/Intermediate/Shaders/WorkingDirectory/17236/).
[2020.01.23-12.41.53:899][  0]LogShaderCompilers: Cleaned the shader compiler working directory 'C:/Users/jonat/AppData/Local/Temp/UnrealShaderWorkingDir/F36A66C74814FADE17397D85A403F220/'.
[2020.01.23-12.41.53:901][  0]LogXGEController: Cannot use XGE Controller as Incredibuild is not installed on this machine.
[2020.01.23-12.41.53:901][  0]LogShaderCompilers: Cannot use XGE Shader Compiler as Incredibuild is not installed on this machine.
[2020.01.23-12.41.53:901][  0]LogShaderCompilers: Display: Using Local Shader Compiler.
[2020.01.23-12.41.54:428][  0]LogDerivedDataCache: Display: Max Cache Size: 512 MB
[2020.01.23-12.41.54:475][  0]LogDerivedDataCache: Loaded boot cache 0.05s 73MB C:/Users/jonat/AppData/Local/UnrealEngine/4.23/DerivedDataCache/Boot.ddc.
[2020.01.23-12.41.54:475][  0]LogDerivedDataCache: Display: Loaded Boot cache: C:/Users/jonat/AppData/Local/UnrealEngine/4.23/DerivedDataCache/Boot.ddc
[2020.01.23-12.41.54:475][  0]LogDerivedDataCache: FDerivedDataBackendGraph:  Pak pak cache file ../../../../Art/Park_SFAS/Park/DerivedDataCache/DDC.ddp not found, will not use a pak cache.
[2020.01.23-12.41.54:475][  0]LogDerivedDataCache: Unable to find inner node Pak for hierarchical cache Hierarchy.
[2020.01.23-12.41.54:475][  0]LogDerivedDataCache: FDerivedDataBackendGraph:  CompressedPak pak cache file ../../../../Art/Park_SFAS/Park/DerivedDataCache/Compressed.ddp not found, will not use a pak cache.
[2020.01.23-12.41.54:475][  0]LogDerivedDataCache: Unable to find inner node CompressedPak for hierarchical cache Hierarchy.
[2020.01.23-12.41.54:485][  0]LogDerivedDataCache: Display: Pak cache opened for reading ../../../Engine/DerivedDataCache/Compressed.ddp.
[2020.01.23-12.41.54:485][  0]LogDerivedDataCache: FDerivedDataBackendGraph:  EnterprisePak pak cache file ../../../Enterprise/DerivedDataCache/Compressed.ddp not found, will not use a pak cache.
[2020.01.23-12.41.54:485][  0]LogDerivedDataCache: Unable to find inner node EnterprisePak for hierarchical cache Hierarchy.
[2020.01.23-12.41.54:487][  0]LogDerivedDataCache: Using Local data cache path C:/Users/jonat/AppData/Local/UnrealEngine/Common/DerivedDataCache: Writable
[2020.01.23-12.41.54:487][  0]LogDerivedDataCache: Shared data cache path not found in *engine.ini, will not use an Shared cache.
[2020.01.23-12.41.54:487][  0]LogDerivedDataCache: Unable to find inner node Shared for hierarchical cache Hierarchy.
[2020.01.23-12.41.54:504][  0]LogMaterial: Verifying Global Shaders for PCD3D_SM5
[2020.01.23-12.41.54:506][  0]LogSlate: Using FreeType 2.6.0
[2020.01.23-12.41.54:507][  0]LogSlate: SlateFontServices - WITH_FREETYPE: 1, WITH_HARFBUZZ: 1
[2020.01.23-12.41.54:558][  0]LogAssetRegistry: FAssetRegistry took 0.0023 seconds to start up
[2020.01.23-12.41.54:781][  0]LogInit: Selected Device Profile: [Windows]
[2020.01.23-12.41.54:899][  0]LogMeshReduction: Using QuadricMeshReduction for automatic static mesh reduction
[2020.01.23-12.41.54:899][  0]LogMeshReduction: Using SimplygonMeshReduction for automatic skeletal mesh reduction
[2020.01.23-12.41.54:899][  0]LogMeshReduction: Using ProxyLODMeshReduction for automatic mesh merging
[2020.01.23-12.41.54:899][  0]LogMeshReduction: No distributed automatic mesh merging module available
[2020.01.23-12.41.54:899][  0]LogMeshMerging: No distributed automatic mesh merging module available
[2020.01.23-12.41.54:907][  0]LogNetVersion: Park 1.0.0, NetCL: 8386587, EngineNetVer: 11, GameNetVer: 0 (Checksum: 2217119901)
[2020.01.23-12.41.55:321][  0]LogPackageLocalizationCache: Processed 12 localized package path(s) for 1 prioritized culture(s) in 0.117352 seconds
[2020.01.23-12.41.55:330][  0]LogUObjectArray: 43444 objects as part of root set at end of initial load.
[2020.01.23-12.41.55:330][  0]LogUObjectAllocator: 7548648 out of 0 bytes used by permanent object pool.
[2020.01.23-12.41.55:330][  0]LogUObjectArray: CloseDisregardForGC: 0/0 objects in disregard for GC pool
[2020.01.23-12.41.56:059][  0]LogTcpMessaging: Initializing TcpMessaging bridge
[2020.01.23-12.41.56:061][  0]LogUdpMessaging: Initializing bridge on interface 0.0.0.0:0 to multicast group 230.0.0.1:6666.
[2020.01.23-12.41.56:106][  0]SourceControl: Source control is disabled
[2020.01.23-12.41.56:106][  0]SourceControl: Source control is disabled
[2020.01.23-12.41.56:107][  0]SourceControl: Source control is disabled
[2020.01.23-12.41.56:108][  0]SourceControl: Source control is disabled
[2020.01.23-12.41.56:180][  0]LogAndroidPermission: UAndroidPermissionCallbackProxy::GetInstance
[2020.01.23-12.41.56:321][  0]LogOcInput: OculusInput pre-init called
[2020.01.23-12.41.56:326][  0]LogWindows: Failed to load 'OVRPlugin.dll' (GetLastError=126)
[2020.01.23-12.41.56:326][  0]LogWindows: File 'OVRPlugin.dll' does not exist
[2020.01.23-12.41.56:381][  0]LogEngine: Initializing Engine...
[2020.01.23-12.41.56:382][  0]LogHMD: Failed to initialize OpenVR with code 110
[2020.01.23-12.41.56:382][  0]LogStats: UGameplayTagsManager::InitializeManager -  0.000 s
[2020.01.23-12.41.56:554][  0]LogInit: Initializing FReadOnlyCVARCache
[2020.01.23-12.41.56:564][  0]LogAIModule: Creating AISystem for world Untitled
[2020.01.23-12.41.56:590][  0]LogInit: XAudio2 using 'Speakers (Realtek High Definition Audio)' : 2 channels at 48 kHz using 32 bits per sample (channel mask 0x3)
[2020.01.23-12.41.56:603][  0]LogInit: FAudioDevice initialized.
[2020.01.23-12.41.56:603][  0]LogNetVersion: Set ProjectVersion to 1.0.0.0. Version Checksum will be recalculated on next use.
[2020.01.23-12.41.56:722][  0]LogDerivedDataCache: Saved boot cache 0.12s 73MB C:/Users/jonat/AppData/Local/UnrealEngine/4.23/DerivedDataCache/Boot.ddc.
[2020.01.23-12.41.56:729][  0]LogInit: Texture streaming: Enabled
[2020.01.23-12.41.56:743][  0]LogEngineSessionManager: EngineSessionManager initialized
[2020.01.23-12.41.56:743][  0]LogEditorSessionSummary: Verbose: Initializing EditorSessionSummaryWriter for editor session tracking
[2020.01.23-12.41.56:743][  0]LogEditorSessionSummary: EditorSessionSummaryWriter initialized
[2020.01.23-12.41.56:788][  0]LogInit: Transaction tracking system initialized
[2020.01.23-12.41.56:807][  0]BlueprintLog: New page: Editor Load
[2020.01.23-12.41.56:856][  0]LocalizationService: Localization service is disabled
[2020.01.23-12.41.57:101][  0]LogFileCache: Scanning file cache for directory 'D:/Art/Park_SFAS/Park/Content/' took 0.01s
[2020.01.23-12.41.57:101][  0]LogCook: Display: Max memory allowance for cook 16384mb min free memory 0mb
[2020.01.23-12.41.57:101][  0]LogCook: Display: Mobile HDR setting 1
[2020.01.23-12.41.57:246][  0]SourceControl: Source control is disabled
[2020.01.23-12.41.57:246][  0]Cmd: MAP LOAD FILE="../../../Engine/Content/Maps/Templates/Template_Default.umap" TEMPLATE=1 SHOWPROGRESS=1 FEATURELEVEL=3
[2020.01.23-12.41.57:246][  0]LightingResults: New page: Lighting Build
[2020.01.23-12.41.57:248][  0]LogWorld: UWorld::CleanupWorld for Untitled, bSessionEnded=true, bCleanupResources=true
[2020.01.23-12.41.57:248][  0]MapCheck: New page: Map Check
[2020.01.23-12.41.57:248][  0]LightingResults: New page: Lighting Build
[2020.01.23-12.41.57:285][  0]LogUObjectHash: Compacting FUObjectHashTables data took   1.63ms
[2020.01.23-12.41.57:343][  0]LogAIModule: Creating AISystem for world Untitled_1
[2020.01.23-12.41.57:346][  0]LogEditorServer: Finished looking for orphan Actors (0.000 secs)
[2020.01.23-12.41.57:382][  0]LogUObjectHash: Compacting FUObjectHashTables data took   1.89ms
[2020.01.23-12.41.57:382][  0]Cmd: MAP CHECKDEP NOCLEARLOG
[2020.01.23-12.41.57:382][  0]MapCheck: Map check complete: 0 Error(s), 0 Warning(s), took 0.111ms to complete.
[2020.01.23-12.41.57:382][  0]LogFileHelpers: Loading map 'Template_Default' took 0.137
[2020.01.23-12.41.57:530][  0]LogSlate: Updating window title bar state: overlay mode, drag disabled, window buttons hidden, title bar hidden
[2020.01.23-12.41.57:538][  0]LogSlate: Updating window title bar state: overlay mode, drag disabled, window buttons hidden, title bar hidden
[2020.01.23-12.41.57:544][  0]LogSlate: Updating window title bar state: overlay mode, drag disabled, window buttons hidden, title bar hidden
[2020.01.23-12.41.57:550][  0]LogSlate: Updating window title bar state: overlay mode, drag disabled, window buttons hidden, title bar hidden
[2020.01.23-12.41.57:558][  0]LogCollectionManager: Loaded 0 collections in 0.000971 seconds
[2020.01.23-12.41.57:635][  0]LogFileCache: Scanning file cache for directory 'D:/Art/Park_SFAS/Park/Saved/Collections/' took 0.00s
[2020.01.23-12.41.57:635][  0]LogFileCache: Scanning file cache for directory 'D:/Art/Park_SFAS/Park/Content/Developers/Jonathan/Collections/' took 0.00s
[2020.01.23-12.41.57:635][  0]LogFileCache: Scanning file cache for directory 'D:/Art/Park_SFAS/Park/Content/Collections/' took 0.00s
[2020.01.23-12.41.57:635][  0]LogCollectionManager: Rebuilt the GUID cache for 0 collections in 0.000002 seconds
[2020.01.23-12.41.57:643][  0]LogContentBrowser: Native class hierarchy populated in 0.0078 seconds. Added 2863 classes and 680 folders.
[2020.01.23-12.41.57:650][  0]LogContentBrowser: Native class hierarchy updated for 'WidgetCarousel' in 0.0003 seconds. Added 0 classes and 0 folders.
[2020.01.23-12.41.57:954][  0]LogContentBrowser: Native class hierarchy updated for 'AddContentDialog' in 0.0003 seconds. Added 0 classes and 0 folders.
[2020.01.23-12.41.58:032][  0]LogContentBrowser: Native class hierarchy updated for 'SceneOutliner' in 0.0003 seconds. Added 1 classes and 2 folders.
[2020.01.23-12.41.58:311][  0]LogSlate: Took 0.000180 seconds to synchronously load lazily loaded font '../../../Engine/Content/Slate/Fonts/Roboto-Regular.ttf' (155K)
[2020.01.23-12.41.58:312][  0]LogSlate: Took 0.000167 seconds to synchronously load lazily loaded font '../../../Engine/Content/Slate/Fonts/Roboto-Bold.ttf' (160K)
[2020.01.23-12.41.58:322][  0]LogSlate: Took 0.005366 seconds to synchronously load lazily loaded font '../../../Engine/Content/Editor/Slate/Fonts/FontAwesome.ttf' (139K)
[2020.01.23-12.41.58:426][  0]LogRenderer: Reallocating scene render targets to support 1304x600 Format 10 NumSamples 1 (Frame:1).
[2020.01.23-12.41.58:507][  0]LogContentBrowser: Native class hierarchy updated for 'HierarchicalLODOutliner' in 0.0003 seconds. Added 0 classes and 0 folders.
[2020.01.23-12.41.58:507][  0]LogLoad: (Engine Initialization) Total time: 6.78 seconds
[2020.01.23-12.41.58:507][  0]LogLoad: (Engine Initialization) Total Blueprint compile time: 0.00 seconds
[2020.01.23-12.41.58:560][  0]LogAssetRegistry: Asset discovery search completed in 4.0027 seconds
[2020.01.23-12.41.58:564][  0]LogCollectionManager: Rebuilt the object cache for 0 collections in 0.000005 seconds (found 0 objects)
[2020.01.23-12.41.58:564][  0]LogCollectionManager: Fixed up redirectors for 0 collections in 0.000062 seconds (updated 0 objects)
[2020.01.23-12.41.58:569][  0]LogContentStreaming: Texture pool size now 1000 MB
[2020.01.23-12.41.58:604][  0]LogSlate: Took 0.005875 seconds to synchronously load lazily loaded font '../../../Engine/Content/Slate/Fonts/Roboto-Light.ttf' (167K)
[2020.01.23-12.41.59:870][  4]LogSlate: Took 0.000213 seconds to synchronously load lazily loaded font '../../../Engine/Content/Slate/Fonts/Roboto-Light.ttf' (167K)
[2020.01.23-12.42.58:580][180]LogEditorSessionSummary: EditorSessionSummary sent report. Type=AbnormalShutdown, SessionId={8406CEC4-49EE-39ED-0956-77BFDD17AACC}
[2020.01.23-12.51.58:740][800]LogEditorSessionSummary: EditorSessionSummary sent report. Type=Shutdown, SessionId={F63AC80C-4CC1-15C5-6FBE-F3BE721F2581}
[2020.01.23-13.26.26:437][937]LogD3D11RHI: Timed out while waiting for GPU to catch up. (0.5 s) (ErrorCode 00000001)
[2020.01.23-13.26.30:070][941]LogD3D11RHI: Timed out while waiting for GPU to catch up. (0.5 s) (ErrorCode 00000001)
[2020.01.23-13.26.31:574][942]LogD3D11RHI: Timed out while waiting for GPU to catch up. (0.5 s) (ErrorCode 00000001)
[2020.01.23-13.26.33:173][942]LogD3D11RHI: Timed out while waiting for GPU to catch up. (0.5 s) (ErrorCode 00000001)
[2020.01.23-13.26.36:674][943]LogD3D11RHI: Timed out while waiting for GPU to catch up. (0.5 s) (ErrorCode 00000001)
[2020.01.23-13.26.40:176][943]LogD3D11RHI: Timed out while waiting for GPU to catch up. (0.5 s) (ErrorCode 00000001)
[2020.01.23-13.26.42:904][948]LogD3D11RHI: Timed out while waiting for GPU to catch up. (0.5 s) (ErrorCode 00000001)
[2020.01.23-13.26.44:404][948]LogD3D11RHI: Timed out while waiting for GPU to catch up. (0.5 s) (ErrorCode 00000001)
[2020.01.23-13.26.45:908][949]LogD3D11RHI: Timed out while waiting for GPU to catch up. (0.5 s) (ErrorCode 00000001)
[2020.01.23-13.26.49:410][949]LogD3D11RHI: Timed out while waiting for GPU to catch up. (0.5 s) (ErrorCode 00000001)
[2020.01.23-13.26.52:911][949]LogD3D11RHI: Timed out while waiting for GPU to catch up. (0.5 s) (ErrorCode 00000001)
[2020.01.23-13.26.57:599][957]LogD3D11RHI: Timed out while waiting for GPU to catch up. (0.5 s) (ErrorCode 00000001)
[2020.01.23-13.26.59:102][958]LogD3D11RHI: Timed out while waiting for GPU to catch up. (0.5 s) (ErrorCode 00000001)
[2020.01.23-13.27.00:604][958]LogD3D11RHI: Timed out while waiting for GPU to catch up. (0.5 s) (ErrorCode 00000001)
[2020.01.23-13.27.02:105][958]LogD3D11RHI: Timed out while waiting for GPU to catch up. (0.5 s) (ErrorCode 00000001)
[2020.01.23-13.27.03:610][959]LogD3D11RHI: Timed out while waiting for GPU to catch up. (0.5 s) (ErrorCode 00000001)
[2020.01.23-13.27.13:390][972]LogD3D11RHI: Timed out while waiting for GPU to catch up. (0.5 s) (ErrorCode 00000001)
[2020.01.23-13.32.00:220][824]LogD3D11RHI: Timed out while waiting for GPU to catch up. (0.5 s) (ErrorCode 00000001)
[2020.01.23-13.32.01:721][824]LogD3D11RHI: Timed out while waiting for GPU to catch up. (0.5 s) (ErrorCode 00000001)
[2020.01.23-13.32.52:412][970]LogD3D11RHI: Timed out while waiting for GPU to catch up. (0.5 s) (ErrorCode 00000001)
[2020.01.23-13.34.19:483][227]LogD3D11RHI: Timed out while waiting for GPU to catch up. (0.5 s) (ErrorCode 00000001)
[2020.01.23-13.34.20:985][227]LogD3D11RHI: Timed out while waiting for GPU to catch up. (0.5 s) (ErrorCode 00000001)
[2020.01.23-13.42.23:190][764]LogSlate: FSceneViewport::OnFocusLost() reason 0
[2020.01.23-13.42.26:933][190]LogEditorFactories: Performing atomic reimport of [D:/Art/Park_SFAS/Models/tree_low.OBJ]
[2020.01.23-13.42.26:967][190]LogFbx: Loading FBX Scene from D:/Art/Park_SFAS/Models/tree_low.OBJ
[2020.01.23-13.42.27:377][190]LogFbx: FBX Scene Loaded Succesfully
[2020.01.23-13.42.27:593][190]LogStaticMesh: Building static mesh SM_tree...
[2020.01.23-13.42.27:835][190]LogStaticMesh: Built static mesh [0.24s] /Game/Meshes/SM_tree.SM_tree
[2020.01.23-13.42.27:977][190]LogEditorFactories: -- imported successfully
[2020.01.23-13.42.27:991][190]FBXImport: Warning: No smoothing group information was found in this FBX scene.  Please make sure to enable the 'Export Smoothing Groups' option in the FBX Exporter plug-in before exporting the file.  Even for tools that don't support smoothing groups, the FBX Exporter will generate appropriate smoothing data at export-time so that correct vertex normals can be inferred while importing. 
[2020.01.23-13.42.34:658][589]LogEditorFactories: Performing atomic reimport of [D:/Art/Park_SFAS/Models/tree_low.OBJ]
[2020.01.23-13.42.34:690][589]LogFbx: Loading FBX Scene from D:/Art/Park_SFAS/Models/tree_low.OBJ
[2020.01.23-13.42.35:103][589]LogFbx: FBX Scene Loaded Succesfully
[2020.01.23-13.42.35:262][589]LogStaticMesh: Building static mesh SM_tree...
[2020.01.23-13.42.35:503][589]LogStaticMesh: Built static mesh [0.24s] /Game/Meshes/SM_tree.SM_tree
[2020.01.23-13.42.35:636][589]LogEditorFactories: -- imported successfully
[2020.01.23-13.42.35:650][589]FBXImport: Warning: No smoothing group information was found in this FBX scene.  Please make sure to enable the 'Export Smoothing Groups' option in the FBX Exporter plug-in before exporting the file.  Even for tools that don't support smoothing groups, the FBX Exporter will generate appropriate smoothing data at export-time so that correct vertex normals can be inferred while importing. 
[2020.01.23-13.42.41:045][  2]LogFactory: FactoryCreateFile: StaticMesh with FbxFactory (0 0 ../../../../Art/Park_SFAS/Models/bush_low.OBJ)
[2020.01.23-13.42.41:058][  2]LogFbx: Loading FBX Scene from ../../../../Art/Park_SFAS/Models/bush_low.OBJ
[2020.01.23-13.42.41:161][  2]LogFbx: FBX Scene Loaded Succesfully
[2020.01.23-13.42.43:237][  2]LogSlate: Window 'FBX Import Options' being destroyed
[2020.01.23-13.42.43:301][  2]LogStaticMesh: Building static mesh bush_low...
[2020.01.23-13.42.43:371][  2]LogStaticMesh: Built static mesh [0.07s] /Game/Meshes/bush_low.bush_low
[2020.01.23-13.42.43:403][  2]FBXImport: Warning: No smoothing group information was found in this FBX scene.  Please make sure to enable the 'Export Smoothing Groups' option in the FBX Exporter plug-in before exporting the file.  Even for tools that don't support smoothing groups, the FBX Exporter will generate appropriate smoothing data at export-time so that correct vertex normals can be inferred while importing. 
[2020.01.23-13.42.48:389][576]LogAssetEditorManager: Opening Asset editor for Material /Game/Materials/m_Tree.m_Tree
[2020.01.23-13.42.48:392][576]LogMaterial: Display: Missing cached shader map for material m_Tree, compiling. 
[2020.01.23-13.42.48:785][576]LogMaterial: Display: Missing cached shader map for material m_Tree, compiling. 
[2020.01.23-13.42.48:802][576]LogMaterial: Display: Missing cached shader map for material m_Tree, compiling. 
[2020.01.23-13.42.48:825][576]LogShaderCompilers: Display: Worker (1/13): shaders left to compile 30
[2020.01.23-13.42.48:825][576]LogShaderCompilers: Display: Worker (2/13): shaders left to compile 29
[2020.01.23-13.42.48:825][576]LogShaderCompilers: Display: Worker (3/13): shaders left to compile 28
[2020.01.23-13.42.48:825][576]LogShaderCompilers: Display: Worker (4/13): shaders left to compile 27
[2020.01.23-13.42.48:825][576]LogShaderCompilers: Display: Worker (5/13): shaders left to compile 26
[2020.01.23-13.42.48:825][576]LogShaderCompilers: Display: Worker (6/13): shaders left to compile 25
[2020.01.23-13.42.48:825][576]LogShaderCompilers: Display: Worker (7/13): shaders left to compile 24
[2020.01.23-13.42.48:825][576]LogShaderCompilers: Display: Worker (8/13): shaders left to compile 23
[2020.01.23-13.42.48:825][576]LogShaderCompilers: Display: Worker (9/13): shaders left to compile 22
[2020.01.23-13.42.48:825][576]LogShaderCompilers: Display: Worker (10/13): shaders left to compile 21
[2020.01.23-13.42.48:825][576]LogShaderCompilers: Display: Worker (11/13): shaders left to compile 20
[2020.01.23-13.42.48:825][576]LogShaderCompilers: Display: Worker (12/13): shaders left to compile 19
[2020.01.23-13.42.48:829][576]LogMaterial: Display: Missing cached shader map for material FMatExpressionPreview MaterialExpressionTextureSample_1, compiling. 
[2020.01.23-13.42.48:837][576]LogMaterial: Display: Missing cached shader map for material FMatExpressionPreview MaterialExpressionTextureSample_0, compiling. 
[2020.01.23-13.42.48:843][576]LogMaterial: Display: Missing cached shader map for material FMatExpressionPreview MaterialExpressionTextureSample_2, compiling. 
[2020.01.23-13.42.48:878][576]LogSlate: Took 0.005837 seconds to synchronously load lazily loaded font '../../../Engine/Content/Slate/Fonts/Roboto-BoldCondensed.ttf' (158K)
[2020.01.23-13.42.49:626][637]LogShaderCompilers: Display: Worker (8/13): shaders left to compile 30
[2020.01.23-13.42.49:779][646]LogShaderCompilers: Display: Worker (9/13): shaders left to compile 29
[2020.01.23-13.42.49:795][647]LogShaderCompilers: Display: Worker (1/13): shaders left to compile 28
[2020.01.23-13.42.49:811][648]LogShaderCompilers: Display: Worker (2/13): shaders left to compile 27
[2020.01.23-13.42.49:811][648]LogShaderCompilers: Display: Worker (3/13): shaders left to compile 26
[2020.01.23-13.42.49:811][648]LogShaderCompilers: Display: Worker (5/13): shaders left to compile 25
[2020.01.23-13.42.49:838][650]LogShaderCompilers: Display: Worker (4/13): shaders left to compile 24
[2020.01.23-13.42.49:838][650]LogShaderCompilers: Display: Worker (6/13): shaders left to compile 23
[2020.01.23-13.42.49:838][650]LogShaderCompilers: Display: Worker (7/13): shaders left to compile 22
[2020.01.23-13.42.49:893][654]LogShaderCompilers: Display: Worker (12/13): shaders left to compile 21
[2020.01.23-13.42.50:119][665]LogShaderCompilers: Display: Worker (10/13): shaders left to compile 20
[2020.01.23-13.42.50:119][665]LogShaderCompilers: Display: Worker (11/13): shaders left to compile 19
[2020.01.23-13.42.50:240][672]LogShaderCompilers: Display: Worker (1/13): shaders left to compile 18
[2020.01.23-13.42.50:240][672]LogShaderCompilers: Display: Worker (8/13): shaders left to compile 17
[2020.01.23-13.42.50:258][673]LogShaderCompilers: Display: Worker (5/13): shaders left to compile 16
[2020.01.23-13.42.50:258][673]LogShaderCompilers: Display: Worker (7/13): shaders left to compile 15
[2020.01.23-13.42.50:377][680]LogShaderCompilers: Display: Worker (2/13): shaders left to compile 14
[2020.01.23-13.42.50:427][683]LogShaderCompilers: Display: Worker (3/13): shaders left to compile 13
[2020.01.23-13.42.50:444][684]LogShaderCompilers: Display: Worker (4/13): shaders left to compile 12
[2020.01.23-13.42.50:460][685]LogShaderCompilers: Display: Worker (9/13): shaders left to compile 11
[2020.01.23-13.42.50:480][686]LogShaderCompilers: Display: Worker (11/13): shaders left to compile 10
[2020.01.23-13.42.50:498][687]LogShaderCompilers: Display: Worker (6/13): shaders left to compile 9
[2020.01.23-13.42.50:498][687]LogShaderCompilers: Display: Worker (12/13): shaders left to compile 8
[2020.01.23-13.42.50:628][695]LogShaderCompilers: Display: Worker (5/13): shaders left to compile 7
[2020.01.23-13.42.50:691][698]LogShaderCompilers: Display: Worker (10/13): shaders left to compile 6
[2020.01.23-13.42.50:809][705]LogShaderCompilers: Display: Worker (7/13): shaders left to compile 5
[2020.01.23-13.42.50:810][705]LogShaderCompilers: Display: Worker (3/13): shaders left to compile 4
[2020.01.23-13.42.50:837][706]LogShaderCompilers: Display: Worker (1/13): shaders left to compile 3
[2020.01.23-13.42.50:837][706]LogShaderCompilers: Display: Worker (11/13): shaders left to compile 2
[2020.01.23-13.42.50:859][707]LogShaderCompilers: Display: Worker (8/13): shaders left to compile 1
[2020.01.23-13.42.50:971][712]MaterialEditorStats: Base pass shader: 128 instructions
[2020.01.23-13.42.50:971][712]MaterialEditorStats: Base pass shader with Surface Lightmap: 159 instructions
[2020.01.23-13.42.50:971][712]MaterialEditorStats: Base pass shader with Volumetric Lightmap: 206 instructions
[2020.01.23-13.42.50:971][712]MaterialEditorStats: Base pass vertex shader: 44 instructions
[2020.01.23-13.42.50:971][712]MaterialEditorStats: Texture samplers: 6/16
[2020.01.23-13.42.50:971][712]MaterialEditorStats: Texture Lookups (Est.): VS(0), PS(3)
[2020.01.23-13.42.50:971][712]MaterialEditorStats: User interpolators: 2/4 Scalars (1/4 Vectors) (TexCoords: 2, Custom: 0)
[2020.01.23-13.42.56:229][276]LogMaterial: Display: Missing cached shader map for material m_Rocks, compiling. 
[2020.01.23-13.42.56:329][276]LogShaderCompilers: Display: Worker (1/13): shaders left to compile 31
[2020.01.23-13.42.56:329][276]LogShaderCompilers: Display: Worker (2/13): shaders left to compile 28
[2020.01.23-13.42.56:329][276]LogShaderCompilers: Display: Worker (3/13): shaders left to compile 25
[2020.01.23-13.42.56:329][276]LogShaderCompilers: Display: Worker (4/13): shaders left to compile 22
[2020.01.23-13.42.56:329][276]LogShaderCompilers: Display: Worker (5/13): shaders left to compile 19
[2020.01.23-13.42.56:329][276]LogShaderCompilers: Display: Worker (6/13): shaders left to compile 16
[2020.01.23-13.42.56:329][276]LogShaderCompilers: Display: Worker (7/13): shaders left to compile 13
[2020.01.23-13.42.56:329][276]LogShaderCompilers: Display: Worker (8/13): shaders left to compile 10
[2020.01.23-13.42.56:329][276]LogShaderCompilers: Display: Worker (9/13): shaders left to compile 7
[2020.01.23-13.42.56:329][276]LogShaderCompilers: Display: Worker (10/13): shaders left to compile 4
[2020.01.23-13.42.56:329][276]LogShaderCompilers: Display: Worker (11/13): shaders left to compile 1
[2020.01.23-13.42.56:329][276]LogStaticMesh: Building static mesh SM_Wall_mid...
[2020.01.23-13.42.56:402][276]LogStaticMesh: Built static mesh [0.07s] /Game/Meshes/SM_Wall_mid.SM_Wall_mid
[2020.01.23-13.42.56:478][276]LogMaterial: Display: Missing cached shader map for material m_Pavilion, compiling. 
[2020.01.23-13.42.56:544][276]LogShaderCompilers: Display: Worker (11/13): shaders left to compile 31
[2020.01.23-13.42.56:544][276]LogShaderCompilers: Display: Worker (12/13): shaders left to compile 28
[2020.01.23-13.42.56:544][276]LogAIModule: Creating AISystem for world Diorama
[2020.01.23-13.42.56:564][276]LogAssetEditorManager: Opening Asset editor for World /Game/Diorama.Diorama
[2020.01.23-13.42.56:609][276]LogUObjectHash: Compacting FUObjectHashTables data took   4.35ms
[2020.01.23-13.42.56:893][276]LogShaderCompilers: Display: Worker (3/13): shaders left to compile 25
[2020.01.23-13.42.57:011][276]LogShaderCompilers: Display: Worker (1/13): shaders left to compile 22
[2020.01.23-13.42.57:045][276]LogShaderCompilers: Display: Worker (2/13): shaders left to compile 20
[2020.01.23-13.42.57:317][276]LogShaderCompilers: Display: Worker (11/13): shaders left to compile 18
[2020.01.23-13.42.57:336][276]LogShaderCompilers: Display: Worker (12/13): shaders left to compile 16
[2020.01.23-13.42.57:500][276]LogShaderCompilers: Display: Worker (3/13): shaders left to compile 14
[2020.01.23-13.42.57:601][276]LogShaderCompilers: Display: Worker (10/13): shaders left to compile 12
[2020.01.23-13.42.57:757][276]LogShaderCompilers: Display: Worker (6/13): shaders left to compile 10
[2020.01.23-13.42.57:777][276]LogShaderCompilers: Display: Worker (8/13): shaders left to compile 9
[2020.01.23-13.42.57:797][276]LogShaderCompilers: Display: Worker (9/13): shaders left to compile 8
[2020.01.23-13.42.57:816][276]LogShaderCompilers: Display: Worker (7/13): shaders left to compile 7
[2020.01.23-13.42.57:835][276]LogShaderCompilers: Display: Worker (5/13): shaders left to compile 6
[2020.01.23-13.42.57:892][276]LogShaderCompilers: Display: Worker (4/13): shaders left to compile 5
[2020.01.23-13.42.57:971][276]LogShaderCompilers: Display: Worker (2/13): shaders left to compile 4
[2020.01.23-13.42.58:113][276]LogShaderCompilers: Display: Worker (1/13): shaders left to compile 3
[2020.01.23-13.42.58:147][276]LogShaderCompilers: Display: Worker (9/13): shaders left to compile 2
[2020.01.23-13.42.58:255][276]LogShaderCompilers: Display: Worker (4/13): shaders left to compile 1
[2020.01.23-13.42.59:552][276]LogSlate: Window 'Save Content' being destroyed
[2020.01.23-13.42.59:578][276]Cmd: OBJ SAVEPACKAGE PACKAGE="/Game/Meshes/bush_low" FILE="../../../../Art/Park_SFAS/Park/Content/Meshes/bush_low.uasset" SILENT=true
[2020.01.23-13.42.59:601][276]LogSavePackage: Moving '../../../../Art/Park_SFAS/Park/Saved/bush_low90D551B842E12D5398E6989B5C85749F.tmp' to '../../../../Art/Park_SFAS/Park/Content/Meshes/bush_low.uasset'
[2020.01.23-13.42.59:613][276]Cmd: OBJ SAVEPACKAGE PACKAGE="/Game/Meshes/SM_tree" FILE="../../../../Art/Park_SFAS/Park/Content/Meshes/SM_tree.uasset" SILENT=true
[2020.01.23-13.42.59:672][276]LogSavePackage: Moving '../../../../Art/Park_SFAS/Park/Saved/SM_tree7B387F4B4819FF02564EA1B2E2D6DE31.tmp' to '../../../../Art/Park_SFAS/Park/Content/Meshes/SM_tree.uasset'
[2020.01.23-13.42.59:675][276]Cmd: MAP LOAD FILE="../../../../Art/Park_SFAS/Park/Content/Diorama.umap" TEMPLATE=0 SHOWPROGRESS=1 FEATURELEVEL=3
[2020.01.23-13.42.59:675][276]LightingResults: New page: Lighting Build
[2020.01.23-13.42.59:676][276]LoadErrors: New page: Loading map: Diorama.umap
[2020.01.23-13.42.59:676][276]LogWorld: UWorld::CleanupWorld for Untitled_1, bSessionEnded=true, bCleanupResources=true
[2020.01.23-13.42.59:676][276]MapCheck: New page: Map Check
[2020.01.23-13.42.59:676][276]LightingResults: New page: Lighting Build
[2020.01.23-13.42.59:713][276]LogUObjectHash: Compacting FUObjectHashTables data took   1.86ms
[2020.01.23-13.42.59:795][276]LogEditorServer: Finished looking for orphan Actors (0.000 secs)
[2020.01.23-13.42.59:834][276]LogUObjectHash: Compacting FUObjectHashTables data took   1.56ms
[2020.01.23-13.42.59:853][276]Cmd: MAP CHECKDEP NOCLEARLOG
[2020.01.23-13.42.59:853][276]MapCheck: Map check complete: 0 Error(s), 0 Warning(s), took 0.123ms to complete.
[2020.01.23-13.42.59:853][276]LogFileHelpers: Loading map 'Diorama' took 0.180
[2020.01.23-13.43.49:894][159]LogFactory: FactoryCreateFile: Texture with ReimportTextureFactory (0 0 ../../../../Art/Park_SFAS/Textures/Tree/bushtree_low_blinn1SG_BaseColor.tga)
[2020.01.23-13.43.49:942][159]LogTexture: Display: Building textures: bushtree_low_blinn1SG_BaseColor (AutoDXT, 2048X2048)
[2020.01.23-13.43.50:155][159]LogFactory: FactoryCreateFile: Texture with ReimportTextureFactory (0 0 ../../../../Art/Park_SFAS/Textures/Tree/bushtree_low_blinn1SG_Normal.tga)
[2020.01.23-13.43.50:206][159]LogTexture: Display: Building textures: bushtree_low_blinn1SG_Normal (BC5, 2048X2048)
[2020.01.23-13.43.50:344][159]LogFactory: FactoryCreateFile: Texture with ReimportTextureFactory (0 0 ../../../../Art/Park_SFAS/Textures/Tree/bushtree_low_blinn1SG_OcclusionRoughnessMetallic.tga)
[2020.01.23-13.43.50:393][159]LogTexture: Display: Building textures: bushtree_low_blinn1SG_OcclusionRoughnessMetallic (AutoDXT, 2048X2048)
[2020.01.23-13.43.58:174][ 46]LogUObjectHash: Compacting FUObjectHashTables data took   1.35ms
[2020.01.23-13.44.14:845][ 46]LogSlate: Window 'Replace References?' being destroyed
[2020.01.23-13.44.14:849][ 46]LogSlate: Window 'Delete Assets' being destroyed
[2020.01.23-13.44.14:854][ 46]LogSlate: Window 'm_Tree' being destroyed
[2020.01.23-13.44.14:878][ 46]LogWorld: UWorld::CleanupWorld for World_2, bSessionEnded=true, bCleanupResources=true
[2020.01.23-13.44.16:230][ 46]LogMaterial: Display: Missing cached shader map for material m_Tree, compiling. 
[2020.01.23-13.44.16:245][ 46]LogMaterial: Warning: Requesting an invalid TextureIndex! (2 / 1)
[2020.01.23-13.44.16:245][ 46]LogMaterial: Warning: GetIndexedTexture returning NULL (2)
[2020.01.23-13.44.16:252][ 46]LogMaterial: Display: Missing cached shader map for material m_Tree, compiling. 
[2020.01.23-13.44.16:252][ 46]LogMaterial: Warning: D:\Art\Park_SFAS\Park\Content\Materials\m_Tree.uasset: Failed to compile Material for platform PCD3D_SM5, Default Material will be used in game.
[2020.01.23-13.44.16:252][ 46]LogMaterial: Display: 	(Node TextureSample) TextureSample> Sampler type is Normal, should be Color for /Game/Textures/bushtree_low_blinn1SG_BaseColor.bushtree_low_blinn1SG_BaseColor
[2020.01.23-13.44.16:255][ 46]LogMaterial: Display: Missing cached shader map for material m_Tree, compiling. 
[2020.01.23-13.44.16:255][ 46]LogMaterial: Warning: D:\Art\Park_SFAS\Park\Content\Materials\m_Tree.uasset: Failed to compile Material for platform PCD3D_SM5, Default Material will be used in game.
[2020.01.23-13.44.16:255][ 46]LogMaterial: Display: 	(Node TextureSample) TextureSample> Sampler type is Normal, should be Color for /Game/Textures/bushtree_low_blinn1SG_BaseColor.bushtree_low_blinn1SG_BaseColor
[2020.01.23-13.44.16:258][ 46]LogMaterial: Display: Missing cached shader map for material m_Tree, compiling. 
[2020.01.23-13.44.16:273][ 46]LogShaderCompilers: Display: Worker (1/13): shaders left to compile 31
[2020.01.23-13.44.16:273][ 46]LogShaderCompilers: Display: Worker (2/13): shaders left to compile 28
[2020.01.23-13.44.16:273][ 46]LogShaderCompilers: Display: Worker (3/13): shaders left to compile 25
[2020.01.23-13.44.16:273][ 46]LogShaderCompilers: Display: Worker (4/13): shaders left to compile 22
[2020.01.23-13.44.16:273][ 46]LogShaderCompilers: Display: Worker (5/13): shaders left to compile 19
[2020.01.23-13.44.16:273][ 46]LogShaderCompilers: Display: Worker (6/13): shaders left to compile 16
[2020.01.23-13.44.16:273][ 46]LogShaderCompilers: Display: Worker (7/13): shaders left to compile 13
[2020.01.23-13.44.16:273][ 46]LogShaderCompilers: Display: Worker (8/13): shaders left to compile 10
[2020.01.23-13.44.16:273][ 46]LogShaderCompilers: Display: Worker (9/13): shaders left to compile 7
[2020.01.23-13.44.16:273][ 46]LogShaderCompilers: Display: Worker (10/13): shaders left to compile 4
[2020.01.23-13.44.16:273][ 46]LogShaderCompilers: Display: Worker (11/13): shaders left to compile 1
[2020.01.23-13.44.17:089][ 46]LogUObjectHash: Compacting FUObjectHashTables data took   1.73ms
[2020.01.23-13.44.20:498][ 46]LogSlate: Window 'Save Content' being destroyed
[2020.01.23-13.44.20:546][ 46]Cmd: OBJ SAVEPACKAGE PACKAGE="/Game/Materials/m_Tree" FILE="../../../../Art/Park_SFAS/Park/Content/Materials/m_Tree.uasset" SILENT=true
[2020.01.23-13.44.20:568][ 46]LogSavePackage: Moving '../../../../Art/Park_SFAS/Park/Saved/m_Tree05D29AFE4547743583E11EAC53803BE9.tmp' to '../../../../Art/Park_SFAS/Park/Content/Materials/m_Tree.uasset'
[2020.01.23-13.44.20:574][ 46]Cmd: OBJ SAVEPACKAGE PACKAGE="/Game/Textures/T_tree_low_DefaultMaterial_BaseColor" FILE="../../../../Art/Park_SFAS/Park/Content/Textures/T_tree_low_DefaultMaterial_BaseColor.uasset" SILENT=true
[2020.01.23-13.44.20:587][ 46]LogSavePackage: Moving '../../../../Art/Park_SFAS/Park/Saved/T_tree_low_DefaultMaterial_BaseCF466C8AF46531DE2CD826B8AD3807B4E.tmp' to '../../../../Art/Park_SFAS/Park/Content/Textures/T_tree_low_DefaultMaterial_BaseColor.uasset'
[2020.01.23-13.44.20:614][ 46]Cmd: OBJ SAVEPACKAGE PACKAGE="/Game/Textures/T_tree_low_DefaultMaterial_Normal" FILE="../../../../Art/Park_SFAS/Park/Content/Textures/T_tree_low_DefaultMaterial_Normal.uasset" SILENT=true
[2020.01.23-13.44.20:629][ 46]LogSavePackage: Moving '../../../../Art/Park_SFAS/Park/Saved/T_tree_low_DefaultMaterial_NormaBDEB3D2B478E6E8E5E5057A810259E93.tmp' to '../../../../Art/Park_SFAS/Park/Content/Textures/T_tree_low_DefaultMaterial_Normal.uasset'
[2020.01.23-13.44.20:654][ 46]LogSavePackage: Moving '../../../../Art/Park_SFAS/Park/Saved/T_tree_low_DefaultMaterial_Occlu3B2035E44DCB476E9D93D980498F649A.tmp' to '../../../../Art/Park_SFAS/Park/Content/Textures/T_tree_low_DefaultMaterial_OcclusionRoughnessMetallic.uasset'
[2020.01.23-13.44.27:828][892]Cmd: OBJ SAVEPACKAGE PACKAGE="/Game/Textures/T_bushtree_low_blinn1SG_BaseColor" FILE="../../../../Art/Park_SFAS/Park/Content/Textures/T_bushtree_low_blinn1SG_BaseColor.uasset" SILENT=true
[2020.01.23-13.44.28:061][892]LogSavePackage: Moving '../../../../Art/Park_SFAS/Park/Saved/T_bushtree_low_blinn1SG_BaseColoBE75D6C54A6E82AFFD99F4B286067B23.tmp' to '../../../../Art/Park_SFAS/Park/Content/Textures/T_bushtree_low_blinn1SG_BaseColor.uasset'
[2020.01.23-13.44.28:172][892]LogUObjectHash: Compacting FUObjectHashTables data took   1.52ms
[2020.01.23-13.44.28:210][892]LogUObjectHash: Compacting FUObjectHashTables data took   1.35ms
[2020.01.23-13.44.28:242][892]LogUObjectHash: Compacting FUObjectHashTables data took   0.71ms
[2020.01.23-13.44.28:253][892]Cmd: OBJ SAVEPACKAGE PACKAGE="/Game/Materials/m_Tree" FILE="../../../../Art/Park_SFAS/Park/Content/Materials/m_Tree.uasset" SILENT=true
[2020.01.23-13.44.28:262][892]LogSavePackage: Moving '../../../../Art/Park_SFAS/Park/Saved/m_TreeE76C8E4B431C9B02B7BD3690EEB158F9.tmp' to '../../../../Art/Park_SFAS/Park/Content/Materials/m_Tree.uasset'
[2020.01.23-13.44.28:265][892]Cmd: OBJ SAVEPACKAGE PACKAGE="/Game/Textures/T_tree_low_DefaultMaterial_BaseColor" FILE="../../../../Art/Park_SFAS/Park/Content/Textures/T_tree_low_DefaultMaterial_BaseColor.uasset" SILENT=true
[2020.01.23-13.44.28:272][892]LogSavePackage: Moving '../../../../Art/Park_SFAS/Park/Saved/T_tree_low_DefaultMaterial_BaseC22C4E0084374F32BDFA4D3A826100821.tmp' to '../../../../Art/Park_SFAS/Park/Content/Textures/T_tree_low_DefaultMaterial_BaseColor.uasset'
[2020.01.23-13.44.28:276][892]Cmd: OBJ SAVEPACKAGE PACKAGE="/Game/Textures/T_tree_low_DefaultMaterial_Normal" FILE="../../../../Art/Park_SFAS/Park/Content/Textures/T_tree_low_DefaultMaterial_Normal.uasset" SILENT=true
[2020.01.23-13.44.28:282][892]LogSavePackage: Moving '../../../../Art/Park_SFAS/Park/Saved/T_tree_low_DefaultMaterial_Norma503C3DC94B8C27A188D0ECA84B9F4C27.tmp' to '../../../../Art/Park_SFAS/Park/Content/Textures/T_tree_low_DefaultMaterial_Normal.uasset'
[2020.01.23-13.44.28:292][892]LogSavePackage: Moving '../../../../Art/Park_SFAS/Park/Saved/T_tree_low_DefaultMaterial_Occlu7CE40C89416B5228F4FBAAB7AFA62FB8.tmp' to '../../../../Art/Park_SFAS/Park/Content/Textures/T_tree_low_DefaultMaterial_OcclusionRoughnessMetallic.uasset'
[2020.01.23-13.44.31:156][223]Cmd: OBJ SAVEPACKAGE PACKAGE="/Game/Textures/T_bushtree_low_blinn1SG_Normal" FILE="../../../../Art/Park_SFAS/Park/Content/Textures/T_bushtree_low_blinn1SG_Normal.uasset" SILENT=true
[2020.01.23-13.44.31:615][223]LogSavePackage: Moving '../../../../Art/Park_SFAS/Park/Saved/T_bushtree_low_blinn1SG_Normal585B4BAE4934C47DA2319BA90EE3F6AC.tmp' to '../../../../Art/Park_SFAS/Park/Content/Textures/T_bushtree_low_blinn1SG_Normal.uasset'
[2020.01.23-13.44.31:729][223]LogUObjectHash: Compacting FUObjectHashTables data took   0.73ms
[2020.01.23-13.44.31:768][223]LogUObjectHash: Compacting FUObjectHashTables data took   1.34ms
[2020.01.23-13.44.31:801][223]LogUObjectHash: Compacting FUObjectHashTables data took   0.73ms
[2020.01.23-13.44.32:452][296]LogAssetEditorManager: Opening Asset editor for Texture2D /Game/Textures/bushtree_low_blinn1SG_OcclusionRoughnessMetallic.bushtree_low_blinn1SG_OcclusionRoughnessMetallic
[2020.01.23-13.44.32:501][296]LogContentBrowser: Native class hierarchy updated for 'TextureEditor' in 0.0007 seconds. Added 1 classes and 2 folders.
[2020.01.23-13.44.34:506][525]LogSlate: Window 'bushtree_low_blinn1SG_OcclusionRoughnessMetallic' being destroyed
[2020.01.23-13.44.34:511][525]LogSlate: Window 'bushtree_low_blinn1SG_OcclusionRoughnessMetallic' being destroyed
[2020.01.23-13.44.38:666][991]LogSavePackage: Moving '../../../../Art/Park_SFAS/Park/Saved/T_bushtree_low_blinn1SG_Occlusio404287744B2A3604B49726BE3A26F593.tmp' to '../../../../Art/Park_SFAS/Park/Content/Textures/T_bushtree_low_blinn1SG_OcclusionRoughnessMetallic.uasset'
[2020.01.23-13.44.38:780][991]LogUObjectHash: Compacting FUObjectHashTables data took   1.54ms
[2020.01.23-13.44.38:820][991]LogUObjectHash: Compacting FUObjectHashTables data took   1.84ms
[2020.01.23-13.44.38:854][991]LogUObjectHash: Compacting FUObjectHashTables data took   0.72ms
[2020.01.23-13.44.43:436][527]LogAssetEditorManager: Opening Asset editor for Material /Game/Materials/m_Tree.m_Tree
[2020.01.23-13.44.43:439][527]LogMaterial: Display: Missing cached shader map for material m_Tree, compiling. 
[2020.01.23-13.44.43:511][527]LogMaterial: Display: Missing cached shader map for material m_Tree, compiling. 
[2020.01.23-13.44.43:527][527]LogShaderCompilers: Display: Worker (1/13): shaders left to compile 30
[2020.01.23-13.44.43:527][527]LogShaderCompilers: Display: Worker (2/13): shaders left to compile 29
[2020.01.23-13.44.43:527][527]LogShaderCompilers: Display: Worker (3/13): shaders left to compile 28
[2020.01.23-13.44.43:527][527]LogShaderCompilers: Display: Worker (4/13): shaders left to compile 27
[2020.01.23-13.44.43:527][527]LogShaderCompilers: Display: Worker (5/13): shaders left to compile 26
[2020.01.23-13.44.43:527][527]LogShaderCompilers: Display: Worker (6/13): shaders left to compile 25
[2020.01.23-13.44.43:527][527]LogShaderCompilers: Display: Worker (7/13): shaders left to compile 24
[2020.01.23-13.44.43:527][527]LogShaderCompilers: Display: Worker (8/13): shaders left to compile 23
[2020.01.23-13.44.43:527][527]LogShaderCompilers: Display: Worker (9/13): shaders left to compile 22
[2020.01.23-13.44.43:527][527]LogShaderCompilers: Display: Worker (10/13): shaders left to compile 21
[2020.01.23-13.44.43:527][527]LogShaderCompilers: Display: Worker (11/13): shaders left to compile 20
[2020.01.23-13.44.43:527][527]LogShaderCompilers: Display: Worker (12/13): shaders left to compile 19
[2020.01.23-13.44.43:529][527]LogMaterial: Display: Missing cached shader map for material m_Tree, compiling. 
[2020.01.23-13.44.43:555][527]LogMaterial: Display: Missing cached shader map for material FMatExpressionPreview MaterialExpressionTextureSample_1, compiling. 
[2020.01.23-13.44.43:561][527]LogMaterial: Display: Missing cached shader map for material FMatExpressionPreview MaterialExpressionTextureSample_0, compiling. 
[2020.01.23-13.44.43:567][527]LogMaterial: Display: Missing cached shader map for material FMatExpressionPreview MaterialExpressionTextureSample_2, compiling. 
[2020.01.23-13.44.43:915][540]LogShaderCompilers: Display: Worker (8/13): shaders left to compile 42
[2020.01.23-13.44.44:007][544]LogShaderCompilers: Display: Worker (2/13): shaders left to compile 41
[2020.01.23-13.44.44:007][544]LogShaderCompilers: Display: Worker (1/13): shaders left to compile 40
[2020.01.23-13.44.44:007][544]LogShaderCompilers: Display: Worker (3/13): shaders left to compile 39
[2020.01.23-13.44.44:008][544]LogShaderCompilers: Display: Worker (9/13): shaders left to compile 38
[2020.01.23-13.44.44:041][546]LogShaderCompilers: Display: Worker (4/13): shaders left to compile 37
[2020.01.23-13.44.44:041][546]LogShaderCompilers: Display: Worker (5/13): shaders left to compile 36
[2020.01.23-13.44.44:041][546]LogShaderCompilers: Display: Worker (6/13): shaders left to compile 35
[2020.01.23-13.44.44:041][546]LogShaderCompilers: Display: Worker (7/13): shaders left to compile 34
[2020.01.23-13.44.44:162][553]LogShaderCompilers: Display: Worker (12/13): shaders left to compile 33
[2020.01.23-13.44.44:190][554]LogShaderCompilers: Display: Worker (8/13): shaders left to compile 32
[2020.01.23-13.44.44:245][555]LogShaderCompilers: Display: Worker (6/13): shaders left to compile 31
[2020.01.23-13.44.44:287][557]LogShaderCompilers: Display: Worker (1/13): shaders left to compile 30
[2020.01.23-13.44.44:305][558]LogShaderCompilers: Display: Worker (2/13): shaders left to compile 29
[2020.01.23-13.44.44:322][559]LogShaderCompilers: Display: Worker (3/13): shaders left to compile 28
[2020.01.23-13.44.44:322][559]LogShaderCompilers: Display: Worker (9/13): shaders left to compile 27
[2020.01.23-13.44.44:342][560]LogShaderCompilers: Display: Worker (7/13): shaders left to compile 26
[2020.01.23-13.44.44:342][560]LogShaderCompilers: Display: Worker (4/13): shaders left to compile 25
[2020.01.23-13.44.44:342][560]LogShaderCompilers: Display: Worker (5/13): shaders left to compile 24
[2020.01.23-13.44.44:374][562]LogShaderCompilers: Display: Worker (10/13): shaders left to compile 23
[2020.01.23-13.44.44:393][563]LogShaderCompilers: Display: Worker (11/13): shaders left to compile 22
[2020.01.23-13.44.44:663][574]LogShaderCompilers: Display: Worker (6/13): shaders left to compile 21
[2020.01.23-13.44.44:775][579]LogShaderCompilers: Display: Worker (3/13): shaders left to compile 20
[2020.01.23-13.44.44:802][580]LogShaderCompilers: Display: Worker (4/13): shaders left to compile 19
[2020.01.23-13.44.44:802][580]LogShaderCompilers: Display: Worker (11/13): shaders left to compile 18
[2020.01.23-13.44.44:836][581]LogShaderCompilers: Display: Worker (12/13): shaders left to compile 17
[2020.01.23-13.44.44:908][585]LogShaderCompilers: Display: Worker (8/13): shaders left to compile 16
[2020.01.23-13.44.44:954][587]LogShaderCompilers: Display: Worker (1/13): shaders left to compile 15
[2020.01.23-13.44.44:954][587]LogShaderCompilers: Display: Worker (9/13): shaders left to compile 14
[2020.01.23-13.44.44:976][588]LogShaderCompilers: Display: Worker (7/13): shaders left to compile 13
[2020.01.23-13.44.44:994][589]LogShaderCompilers: Display: Worker (5/13): shaders left to compile 12
[2020.01.23-13.44.44:994][589]LogShaderCompilers: Display: Worker (2/13): shaders left to compile 11
[2020.01.23-13.44.45:016][590]LogShaderCompilers: Display: Worker (10/13): shaders left to compile 10
[2020.01.23-13.44.45:186][597]LogShaderCompilers: Display: Worker (4/13): shaders left to compile 9
[2020.01.23-13.44.45:239][598]LogShaderCompilers: Display: Worker (6/13): shaders left to compile 8
[2020.01.23-13.44.45:278][600]LogShaderCompilers: Display: Worker (8/13): shaders left to compile 7
[2020.01.23-13.44.45:356][604]LogShaderCompilers: Display: Worker (7/13): shaders left to compile 6
[2020.01.23-13.44.45:391][604]LogShaderCompilers: Display: Worker (3/13): shaders left to compile 5
[2020.01.23-13.44.45:421][605]LogShaderCompilers: Display: Worker (10/13): shaders left to compile 4
[2020.01.23-13.44.45:421][605]LogShaderCompilers: Display: Worker (11/13): shaders left to compile 3
[2020.01.23-13.44.45:454][606]LogShaderCompilers: Display: Worker (5/13): shaders left to compile 2
[2020.01.23-13.44.45:454][606]LogShaderCompilers: Display: Worker (2/13): shaders left to compile 1
[2020.01.23-13.44.45:508][608]MaterialEditorStats: Base pass shader: 122 instructions
[2020.01.23-13.44.45:508][608]MaterialEditorStats: Base pass shader with Surface Lightmap: 151 instructions
[2020.01.23-13.44.45:508][608]MaterialEditorStats: Base pass shader with Volumetric Lightmap: 198 instructions
[2020.01.23-13.44.45:508][608]MaterialEditorStats: Base pass vertex shader: 44 instructions
[2020.01.23-13.44.45:508][608]MaterialEditorStats: Texture samplers: 4/16
[2020.01.23-13.44.45:508][608]MaterialEditorStats: Texture Lookups (Est.): VS(0), PS(3)
[2020.01.23-13.44.45:508][608]MaterialEditorStats: User interpolators: 2/4 Scalars (1/4 Vectors) (TexCoords: 2, Custom: 0)
[2020.01.23-13.44.49:905][ 55]LogMaterial: Display: Missing cached shader map for material m_Tree, compiling. 
[2020.01.23-13.44.49:941][ 56]LogShaderCompilers: Display: Worker (1/13): shaders left to compile 30
[2020.01.23-13.44.49:941][ 56]LogShaderCompilers: Display: Worker (2/13): shaders left to compile 29
[2020.01.23-13.44.49:941][ 56]LogShaderCompilers: Display: Worker (3/13): shaders left to compile 28
[2020.01.23-13.44.49:941][ 56]LogShaderCompilers: Display: Worker (4/13): shaders left to compile 27
[2020.01.23-13.44.49:941][ 56]LogShaderCompilers: Display: Worker (5/13): shaders left to compile 26
[2020.01.23-13.44.49:941][ 56]LogShaderCompilers: Display: Worker (6/13): shaders left to compile 25
[2020.01.23-13.44.49:941][ 56]LogShaderCompilers: Display: Worker (7/13): shaders left to compile 24
[2020.01.23-13.44.49:941][ 56]LogShaderCompilers: Display: Worker (8/13): shaders left to compile 23
[2020.01.23-13.44.49:941][ 56]LogShaderCompilers: Display: Worker (9/13): shaders left to compile 22
[2020.01.23-13.44.49:941][ 56]LogShaderCompilers: Display: Worker (10/13): shaders left to compile 21
[2020.01.23-13.44.49:941][ 56]LogShaderCompilers: Display: Worker (11/13): shaders left to compile 20
[2020.01.23-13.44.49:941][ 56]LogShaderCompilers: Display: Worker (12/13): shaders left to compile 19
[2020.01.23-13.44.50:130][ 69]LogShaderCompilers: Display: Worker (8/13): shaders left to compile 18
[2020.01.23-13.44.50:198][ 72]LogShaderCompilers: Display: Worker (1/13): shaders left to compile 17
[2020.01.23-13.44.50:220][ 73]LogShaderCompilers: Display: Worker (3/13): shaders left to compile 16
[2020.01.23-13.44.50:220][ 73]LogShaderCompilers: Display: Worker (2/13): shaders left to compile 15
[2020.01.23-13.44.50:238][ 74]LogShaderCompilers: Display: Worker (4/13): shaders left to compile 14
[2020.01.23-13.44.50:238][ 74]LogShaderCompilers: Display: Worker (5/13): shaders left to compile 13
[2020.01.23-13.44.50:252][ 75]LogShaderCompilers: Display: Worker (9/13): shaders left to compile 12
[2020.01.23-13.44.50:266][ 76]LogShaderCompilers: Display: Worker (6/13): shaders left to compile 11
[2020.01.23-13.44.50:266][ 76]LogShaderCompilers: Display: Worker (7/13): shaders left to compile 10
[2020.01.23-13.44.50:400][ 83]LogShaderCompilers: Display: Worker (12/13): shaders left to compile 9
[2020.01.23-13.44.50:595][ 91]LogShaderCompilers: Display: Worker (10/13): shaders left to compile 8
[2020.01.23-13.44.50:637][ 93]LogShaderCompilers: Display: Worker (3/13): shaders left to compile 7
[2020.01.23-13.44.50:659][ 94]LogShaderCompilers: Display: Worker (7/13): shaders left to compile 6
[2020.01.23-13.44.50:659][ 94]LogShaderCompilers: Display: Worker (11/13): shaders left to compile 5
[2020.01.23-13.44.50:676][ 95]LogShaderCompilers: Display: Worker (5/13): shaders left to compile 4
[2020.01.23-13.44.50:733][ 98]LogShaderCompilers: Display: Worker (8/13): shaders left to compile 3
[2020.01.23-13.44.50:803][102]LogShaderCompilers: Display: Worker (2/13): shaders left to compile 2
[2020.01.23-13.44.50:823][103]LogShaderCompilers: Display: Worker (4/13): shaders left to compile 1
[2020.01.23-13.44.51:213][131]MaterialEditorStats: Base pass shader: 119 instructions
[2020.01.23-13.44.51:213][131]MaterialEditorStats: Base pass shader with Surface Lightmap: 150 instructions
[2020.01.23-13.44.51:213][131]MaterialEditorStats: Base pass shader with Volumetric Lightmap: 197 instructions
[2020.01.23-13.44.51:213][131]MaterialEditorStats: Base pass vertex shader: 44 instructions
[2020.01.23-13.44.51:213][131]MaterialEditorStats: Texture samplers: 4/16
[2020.01.23-13.44.51:213][131]MaterialEditorStats: Texture Lookups (Est.): VS(0), PS(1)
[2020.01.23-13.44.51:213][131]MaterialEditorStats: User interpolators: 2/4 Scalars (1/4 Vectors) (TexCoords: 2, Custom: 0)
[2020.01.23-13.44.52:962][317]LogMaterial: Display: Missing cached shader map for material m_Tree, compiling. 
[2020.01.23-13.44.52:979][317]LogMaterial: Display: Missing cached shader map for material FMatExpressionPreview MaterialExpressionTextureSample_3, compiling. 
[2020.01.23-13.44.52:989][317]LogShaderCompilers: Display: Worker (1/13): shaders left to compile 34
[2020.01.23-13.44.52:989][317]LogShaderCompilers: Display: Worker (2/13): shaders left to compile 33
[2020.01.23-13.44.52:990][317]LogShaderCompilers: Display: Worker (3/13): shaders left to compile 32
[2020.01.23-13.44.52:990][317]LogShaderCompilers: Display: Worker (4/13): shaders left to compile 31
[2020.01.23-13.44.52:990][317]LogShaderCompilers: Display: Worker (5/13): shaders left to compile 30
[2020.01.23-13.44.52:990][317]LogShaderCompilers: Display: Worker (6/13): shaders left to compile 29
[2020.01.23-13.44.52:990][317]LogShaderCompilers: Display: Worker (7/13): shaders left to compile 28
[2020.01.23-13.44.52:990][317]LogShaderCompilers: Display: Worker (8/13): shaders left to compile 27
[2020.01.23-13.44.52:990][317]LogShaderCompilers: Display: Worker (9/13): shaders left to compile 26
[2020.01.23-13.44.52:990][317]LogShaderCompilers: Display: Worker (10/13): shaders left to compile 25
[2020.01.23-13.44.52:990][317]LogShaderCompilers: Display: Worker (11/13): shaders left to compile 24
[2020.01.23-13.44.52:990][317]LogShaderCompilers: Display: Worker (12/13): shaders left to compile 23
[2020.01.23-13.44.52:995][317]LogMaterial: Display: Missing cached shader map for material FMatExpressionPreview MaterialExpressionTextureSample_0, compiling. 
[2020.01.23-13.44.53:002][317]LogMaterial: Display: Missing cached shader map for material FMatExpressionPreview MaterialExpressionTextureSample_3, compiling. 
[2020.01.23-13.44.53:015][317]LogMaterial: Display: Missing cached shader map for material m_Tree, compiling. 
[2020.01.23-13.44.53:037][317]LogMaterial: Display: Missing cached shader map for material FMatExpressionPreview MaterialExpressionTextureSample_4, compiling. 
[2020.01.23-13.44.53:056][317]LogMaterial: Display: Missing cached shader map for material FMatExpressionPreview MaterialExpressionTextureSample_0, compiling. 
[2020.01.23-13.44.53:065][317]LogMaterial: Display: Missing cached shader map for material FMatExpressionPreview MaterialExpressionTextureSample_3, compiling. 
[2020.01.23-13.44.53:074][317]LogMaterial: Display: Missing cached shader map for material FMatExpressionPreview MaterialExpressionTextureSample_4, compiling. 
[2020.01.23-13.44.53:178][320]LogShaderCompilers: Display: Worker (8/13): shaders left to compile 42
[2020.01.23-13.44.53:253][323]LogShaderCompilers: Display: Worker (3/13): shaders left to compile 41
[2020.01.23-13.44.53:279][324]LogShaderCompilers: Display: Worker (1/13): shaders left to compile 40
[2020.01.23-13.44.53:279][324]LogShaderCompilers: Display: Worker (2/13): shaders left to compile 39
[2020.01.23-13.44.53:297][325]LogShaderCompilers: Display: Worker (5/13): shaders left to compile 38
[2020.01.23-13.44.53:297][325]LogShaderCompilers: Display: Worker (6/13): shaders left to compile 37
[2020.01.23-13.44.53:297][325]LogShaderCompilers: Display: Worker (9/13): shaders left to compile 36
[2020.01.23-13.44.53:327][327]LogShaderCompilers: Display: Worker (4/13): shaders left to compile 35
[2020.01.23-13.44.53:327][327]LogShaderCompilers: Display: Worker (7/13): shaders left to compile 34
[2020.01.23-13.44.53:454][334]LogShaderCompilers: Display: Worker (12/13): shaders left to compile 33
[2020.01.23-13.44.53:479][335]LogShaderCompilers: Display: Worker (4/13): shaders left to compile 32
[2020.01.23-13.44.53:479][335]LogShaderCompilers: Display: Worker (8/13): shaders left to compile 31
[2020.01.23-13.44.53:533][338]LogShaderCompilers: Display: Worker (3/13): shaders left to compile 30
[2020.01.23-13.44.53:547][339]LogShaderCompilers: Display: Worker (1/13): shaders left to compile 29
[2020.01.23-13.44.53:561][340]LogShaderCompilers: Display: Worker (2/13): shaders left to compile 28
[2020.01.23-13.44.53:576][341]LogShaderCompilers: Display: Worker (5/13): shaders left to compile 27
[2020.01.23-13.44.53:595][342]LogShaderCompilers: Display: Worker (6/13): shaders left to compile 26
[2020.01.23-13.44.53:595][342]LogShaderCompilers: Display: Worker (7/13): shaders left to compile 25
[2020.01.23-13.44.53:609][343]LogShaderCompilers: Display: Worker (9/13): shaders left to compile 24
[2020.01.23-13.44.53:643][345]LogShaderCompilers: Display: Worker (10/13): shaders left to compile 23
[2020.01.23-13.44.53:682][347]LogShaderCompilers: Display: Worker (11/13): shaders left to compile 22
[2020.01.23-13.44.53:910][357]LogShaderCompilers: Display: Worker (8/13): shaders left to compile 21
[2020.01.23-13.44.54:019][362]LogShaderCompilers: Display: Worker (2/13): shaders left to compile 20
[2020.01.23-13.44.54:041][363]LogShaderCompilers: Display: Worker (7/13): shaders left to compile 19
[2020.01.23-13.44.54:076][365]LogShaderCompilers: Display: Worker (11/13): shaders left to compile 18
[2020.01.23-13.44.54:092][366]LogShaderCompilers: Display: Worker (12/13): shaders left to compile 17
[2020.01.23-13.44.54:161][370]LogShaderCompilers: Display: Worker (3/13): shaders left to compile 16
[2020.01.23-13.44.54:161][370]LogShaderCompilers: Display: Worker (4/13): shaders left to compile 15
[2020.01.23-13.44.54:180][371]LogShaderCompilers: Display: Worker (5/13): shaders left to compile 14
[2020.01.23-13.44.54:181][371]LogShaderCompilers: Display: Worker (6/13): shaders left to compile 13
[2020.01.23-13.44.54:200][372]LogShaderCompilers: Display: Worker (1/13): shaders left to compile 12
[2020.01.23-13.44.54:216][373]LogShaderCompilers: Display: Worker (9/13): shaders left to compile 11
[2020.01.23-13.44.54:251][375]LogShaderCompilers: Display: Worker (10/13): shaders left to compile 10
[2020.01.23-13.44.54:393][382]LogShaderCompilers: Display: Worker (7/13): shaders left to compile 9
[2020.01.23-13.44.54:460][385]LogShaderCompilers: Display: Worker (8/13): shaders left to compile 8
[2020.01.23-13.44.54:531][388]LogShaderCompilers: Display: Worker (3/13): shaders left to compile 7
[2020.01.23-13.44.54:552][389]LogShaderCompilers: Display: Worker (6/13): shaders left to compile 6
[2020.01.23-13.44.54:616][393]LogShaderCompilers: Display: Worker (2/13): shaders left to compile 5
[2020.01.23-13.44.54:631][394]LogShaderCompilers: Display: Worker (10/13): shaders left to compile 4
[2020.01.23-13.44.54:648][395]LogShaderCompilers: Display: Worker (1/13): shaders left to compile 3
[2020.01.23-13.44.54:664][396]LogShaderCompilers: Display: Worker (11/13): shaders left to compile 2
[2020.01.23-13.44.54:685][397]LogShaderCompilers: Display: Worker (4/13): shaders left to compile 1
[2020.01.23-13.44.54:786][401]MaterialEditorStats: Base pass shader: 119 instructions
[2020.01.23-13.44.54:786][401]MaterialEditorStats: Base pass shader with Surface Lightmap: 150 instructions
[2020.01.23-13.44.54:786][401]MaterialEditorStats: Base pass shader with Volumetric Lightmap: 197 instructions
[2020.01.23-13.44.54:786][401]MaterialEditorStats: Base pass vertex shader: 44 instructions
[2020.01.23-13.44.54:786][401]MaterialEditorStats: Texture samplers: 4/16
[2020.01.23-13.44.54:786][401]MaterialEditorStats: Texture Lookups (Est.): VS(0), PS(1)
[2020.01.23-13.44.54:786][401]MaterialEditorStats: User interpolators: 2/4 Scalars (1/4 Vectors) (TexCoords: 2, Custom: 0)
[2020.01.23-13.44.56:306][558]LogMaterial: Display: Missing cached shader map for material m_Tree, compiling. 
[2020.01.23-13.44.56:329][558]LogShaderCompilers: Display: Worker (1/13): shaders left to compile 30
[2020.01.23-13.44.56:329][558]LogShaderCompilers: Display: Worker (2/13): shaders left to compile 29
[2020.01.23-13.44.56:329][558]LogShaderCompilers: Display: Worker (3/13): shaders left to compile 28
[2020.01.23-13.44.56:329][558]LogShaderCompilers: Display: Worker (4/13): shaders left to compile 27
[2020.01.23-13.44.56:329][558]LogShaderCompilers: Display: Worker (5/13): shaders left to compile 26
[2020.01.23-13.44.56:329][558]LogShaderCompilers: Display: Worker (6/13): shaders left to compile 25
[2020.01.23-13.44.56:329][558]LogShaderCompilers: Display: Worker (7/13): shaders left to compile 24
[2020.01.23-13.44.56:329][558]LogShaderCompilers: Display: Worker (8/13): shaders left to compile 23
[2020.01.23-13.44.56:329][558]LogShaderCompilers: Display: Worker (9/13): shaders left to compile 22
[2020.01.23-13.44.56:329][558]LogShaderCompilers: Display: Worker (10/13): shaders left to compile 21
[2020.01.23-13.44.56:329][558]LogShaderCompilers: Display: Worker (11/13): shaders left to compile 20
[2020.01.23-13.44.56:329][558]LogShaderCompilers: Display: Worker (12/13): shaders left to compile 19
[2020.01.23-13.44.56:329][558]LogMaterial: Display: Missing cached shader map for material FMatExpressionPreview MaterialExpressionTextureSample_3, compiling. 
[2020.01.23-13.44.56:516][569]LogShaderCompilers: Display: Worker (8/13): shaders left to compile 22
[2020.01.23-13.44.56:582][572]LogShaderCompilers: Display: Worker (1/13): shaders left to compile 21
[2020.01.23-13.44.56:605][573]LogShaderCompilers: Display: Worker (2/13): shaders left to compile 20
[2020.01.23-13.44.56:623][574]LogShaderCompilers: Display: Worker (3/13): shaders left to compile 19
[2020.01.23-13.44.56:641][575]LogShaderCompilers: Display: Worker (4/13): shaders left to compile 18
[2020.01.23-13.44.56:657][576]LogShaderCompilers: Display: Worker (7/13): shaders left to compile 17
[2020.01.23-13.44.56:658][576]LogShaderCompilers: Display: Worker (5/13): shaders left to compile 16
[2020.01.23-13.44.56:674][577]LogShaderCompilers: Display: Worker (6/13): shaders left to compile 15
[2020.01.23-13.44.56:674][577]LogShaderCompilers: Display: Worker (9/13): shaders left to compile 14
[2020.01.23-13.44.56:796][582]LogShaderCompilers: Display: Worker (12/13): shaders left to compile 13
[2020.01.23-13.44.57:001][592]LogShaderCompilers: Display: Worker (10/13): shaders left to compile 12
[2020.01.23-13.44.57:022][593]LogShaderCompilers: Display: Worker (2/13): shaders left to compile 11
[2020.01.23-13.44.57:042][594]LogShaderCompilers: Display: Worker (11/13): shaders left to compile 10
[2020.01.23-13.44.57:069][594]LogShaderCompilers: Display: Worker (7/13): shaders left to compile 9
[2020.01.23-13.44.57:069][594]LogShaderCompilers: Display: Worker (9/13): shaders left to compile 8
[2020.01.23-13.44.57:139][598]LogShaderCompilers: Display: Worker (8/13): shaders left to compile 7
[2020.01.23-13.44.57:195][601]LogShaderCompilers: Display: Worker (3/13): shaders left to compile 6
[2020.01.23-13.44.57:217][602]LogShaderCompilers: Display: Worker (4/13): shaders left to compile 5
[2020.01.23-13.44.57:238][603]LogShaderCompilers: Display: Worker (5/13): shaders left to compile 4
[2020.01.23-13.44.57:255][604]LogShaderCompilers: Display: Worker (1/13): shaders left to compile 3
[2020.01.23-13.44.57:274][605]LogShaderCompilers: Display: Worker (6/13): shaders left to compile 2
[2020.01.23-13.44.57:345][609]LogShaderCompilers: Display: Worker (12/13): shaders left to compile 1
[2020.01.23-13.44.57:778][637]LogMaterial: Display: Missing cached shader map for material m_Tree, compiling. 
[2020.01.23-13.44.57:799][637]LogShaderCompilers: Display: Worker (1/13): shaders left to compile 30
[2020.01.23-13.44.57:799][637]LogShaderCompilers: Display: Worker (2/13): shaders left to compile 29
[2020.01.23-13.44.57:799][637]LogShaderCompilers: Display: Worker (3/13): shaders left to compile 28
[2020.01.23-13.44.57:799][637]LogShaderCompilers: Display: Worker (4/13): shaders left to compile 27
[2020.01.23-13.44.57:799][637]LogShaderCompilers: Display: Worker (5/13): shaders left to compile 26
[2020.01.23-13.44.57:799][637]LogShaderCompilers: Display: Worker (6/13): shaders left to compile 25
[2020.01.23-13.44.57:799][637]LogShaderCompilers: Display: Worker (7/13): shaders left to compile 24
[2020.01.23-13.44.57:799][637]LogShaderCompilers: Display: Worker (8/13): shaders left to compile 23
[2020.01.23-13.44.57:799][637]LogShaderCompilers: Display: Worker (9/13): shaders left to compile 22
[2020.01.23-13.44.57:799][637]LogShaderCompilers: Display: Worker (10/13): shaders left to compile 21
[2020.01.23-13.44.57:799][637]LogShaderCompilers: Display: Worker (11/13): shaders left to compile 20
[2020.01.23-13.44.57:799][637]LogShaderCompilers: Display: Worker (12/13): shaders left to compile 19
[2020.01.23-13.44.57:799][637]LogMaterial: Display: Missing cached shader map for material FMatExpressionPreview MaterialExpressionTextureSample_4, compiling. 
[2020.01.23-13.44.57:992][648]LogShaderCompilers: Display: Worker (8/13): shaders left to compile 22
[2020.01.23-13.44.58:063][651]LogShaderCompilers: Display: Worker (2/13): shaders left to compile 21
[2020.01.23-13.44.58:083][652]LogShaderCompilers: Display: Worker (1/13): shaders left to compile 20
[2020.01.23-13.44.58:083][652]LogShaderCompilers: Display: Worker (3/13): shaders left to compile 19
[2020.01.23-13.44.58:106][653]LogShaderCompilers: Display: Worker (4/13): shaders left to compile 18
[2020.01.23-13.44.58:124][654]LogShaderCompilers: Display: Worker (6/13): shaders left to compile 17
[2020.01.23-13.44.58:124][654]LogShaderCompilers: Display: Worker (5/13): shaders left to compile 16
[2020.01.23-13.44.58:124][654]LogShaderCompilers: Display: Worker (9/13): shaders left to compile 15
[2020.01.23-13.44.58:141][655]LogShaderCompilers: Display: Worker (7/13): shaders left to compile 14
[2020.01.23-13.44.58:263][661]LogShaderCompilers: Display: Worker (12/13): shaders left to compile 13
[2020.01.23-13.44.58:496][671]LogShaderCompilers: Display: Worker (1/13): shaders left to compile 12
[2020.01.23-13.44.58:515][672]LogShaderCompilers: Display: Worker (10/13): shaders left to compile 11
[2020.01.23-13.44.58:539][673]LogShaderCompilers: Display: Worker (6/13): shaders left to compile 10
[2020.01.23-13.44.58:540][673]LogShaderCompilers: Display: Worker (7/13): shaders left to compile 9
[2020.01.23-13.44.58:540][673]LogShaderCompilers: Display: Worker (11/13): shaders left to compile 8
[2020.01.23-13.44.58:613][677]LogShaderCompilers: Display: Worker (8/13): shaders left to compile 7
[2020.01.23-13.44.58:668][680]LogShaderCompilers: Display: Worker (3/13): shaders left to compile 6
[2020.01.23-13.44.58:699][681]LogShaderCompilers: Display: Worker (4/13): shaders left to compile 5
[2020.01.23-13.44.58:720][682]LogShaderCompilers: Display: Worker (2/13): shaders left to compile 4
[2020.01.23-13.44.58:720][682]LogShaderCompilers: Display: Worker (5/13): shaders left to compile 3
[2020.01.23-13.44.58:741][683]LogShaderCompilers: Display: Worker (9/13): shaders left to compile 2
[2020.01.23-13.44.58:810][686]LogShaderCompilers: Display: Worker (12/13): shaders left to compile 1
[2020.01.23-13.44.59:732][758]LogMaterial: Display: Missing cached shader map for material m_Tree, compiling. 
[2020.01.23-13.44.59:753][758]LogMaterial: Display: Missing cached shader map for material FMatExpressionPreview MaterialExpressionTextureSample_4, compiling. 
[2020.01.23-13.44.59:758][758]LogShaderCompilers: Display: Worker (1/13): shaders left to compile 30
[2020.01.23-13.44.59:759][758]LogShaderCompilers: Display: Worker (2/13): shaders left to compile 29
[2020.01.23-13.44.59:759][758]LogShaderCompilers: Display: Worker (3/13): shaders left to compile 28
[2020.01.23-13.44.59:759][758]LogShaderCompilers: Display: Worker (4/13): shaders left to compile 27
[2020.01.23-13.44.59:759][758]LogShaderCompilers: Display: Worker (5/13): shaders left to compile 26
[2020.01.23-13.44.59:759][758]LogShaderCompilers: Display: Worker (6/13): shaders left to compile 25
[2020.01.23-13.44.59:759][758]LogShaderCompilers: Display: Worker (7/13): shaders left to compile 24
[2020.01.23-13.44.59:759][758]LogShaderCompilers: Display: Worker (8/13): shaders left to compile 23
[2020.01.23-13.44.59:759][758]LogShaderCompilers: Display: Worker (9/13): shaders left to compile 22
[2020.01.23-13.44.59:759][758]LogShaderCompilers: Display: Worker (10/13): shaders left to compile 21
[2020.01.23-13.44.59:759][758]LogShaderCompilers: Display: Worker (11/13): shaders left to compile 20
[2020.01.23-13.44.59:759][758]LogShaderCompilers: Display: Worker (12/13): shaders left to compile 19
[2020.01.23-13.44.59:964][769]LogShaderCompilers: Display: Worker (8/13): shaders left to compile 22
[2020.01.23-13.45.00:028][772]LogShaderCompilers: Display: Worker (1/13): shaders left to compile 21
[2020.01.23-13.45.00:045][773]LogShaderCompilers: Display: Worker (2/13): shaders left to compile 20
[2020.01.23-13.45.00:045][773]LogShaderCompilers: Display: Worker (3/13): shaders left to compile 19
[2020.01.23-13.45.00:079][775]LogShaderCompilers: Display: Worker (4/13): shaders left to compile 18
[2020.01.23-13.45.00:079][775]LogShaderCompilers: Display: Worker (9/13): shaders left to compile 17
[2020.01.23-13.45.00:094][776]LogShaderCompilers: Display: Worker (5/13): shaders left to compile 16
[2020.01.23-13.45.00:094][776]LogShaderCompilers: Display: Worker (6/13): shaders left to compile 15
[2020.01.23-13.45.00:094][776]LogShaderCompilers: Display: Worker (7/13): shaders left to compile 14
[2020.01.23-13.45.00:220][783]LogShaderCompilers: Display: Worker (12/13): shaders left to compile 13
[2020.01.23-13.45.00:428][793]LogShaderCompilers: Display: Worker (10/13): shaders left to compile 12
[2020.01.23-13.45.00:465][795]LogShaderCompilers: Display: Worker (2/13): shaders left to compile 11
[2020.01.23-13.45.00:481][796]LogShaderCompilers: Display: Worker (11/13): shaders left to compile 10
[2020.01.23-13.45.00:501][797]LogShaderCompilers: Display: Worker (7/13): shaders left to compile 9
[2020.01.23-13.45.00:516][798]LogShaderCompilers: Display: Worker (9/13): shaders left to compile 8
[2020.01.23-13.45.00:561][801]LogShaderCompilers: Display: Worker (8/13): shaders left to compile 7
[2020.01.23-13.45.00:629][805]LogShaderCompilers: Display: Worker (3/13): shaders left to compile 6
[2020.01.23-13.45.00:651][806]LogShaderCompilers: Display: Worker (4/13): shaders left to compile 5
[2020.01.23-13.45.00:706][809]LogShaderCompilers: Display: Worker (5/13): shaders left to compile 4
[2020.01.23-13.45.00:706][809]LogShaderCompilers: Display: Worker (1/13): shaders left to compile 3
[2020.01.23-13.45.00:724][810]LogShaderCompilers: Display: Worker (6/13): shaders left to compile 2
[2020.01.23-13.45.00:791][814]LogShaderCompilers: Display: Worker (12/13): shaders left to compile 1
[2020.01.23-13.45.01:705][886]LogMaterial: Display: Missing cached shader map for material m_Tree, compiling. 
[2020.01.23-13.45.01:723][886]LogShaderCompilers: Display: Worker (1/13): shaders left to compile 30
[2020.01.23-13.45.01:723][886]LogShaderCompilers: Display: Worker (2/13): shaders left to compile 29
[2020.01.23-13.45.01:723][886]LogShaderCompilers: Display: Worker (3/13): shaders left to compile 28
[2020.01.23-13.45.01:723][886]LogShaderCompilers: Display: Worker (4/13): shaders left to compile 27
[2020.01.23-13.45.01:723][886]LogShaderCompilers: Display: Worker (5/13): shaders left to compile 26
[2020.01.23-13.45.01:723][886]LogShaderCompilers: Display: Worker (6/13): shaders left to compile 25
[2020.01.23-13.45.01:724][886]LogShaderCompilers: Display: Worker (7/13): shaders left to compile 24
[2020.01.23-13.45.01:724][886]LogShaderCompilers: Display: Worker (8/13): shaders left to compile 23
[2020.01.23-13.45.01:724][886]LogShaderCompilers: Display: Worker (9/13): shaders left to compile 22
[2020.01.23-13.45.01:724][886]LogShaderCompilers: Display: Worker (10/13): shaders left to compile 21
[2020.01.23-13.45.01:724][886]LogShaderCompilers: Display: Worker (11/13): shaders left to compile 20
[2020.01.23-13.45.01:724][886]LogShaderCompilers: Display: Worker (12/13): shaders left to compile 19
[2020.01.23-13.45.01:726][886]LogMaterial: Display: Missing cached shader map for material FMatExpressionPreview MaterialExpressionTextureSample_4, compiling. 
[2020.01.23-13.45.01:963][899]LogShaderCompilers: Display: Worker (8/13): shaders left to compile 22
[2020.01.23-13.45.02:000][901]LogShaderCompilers: Display: Worker (2/13): shaders left to compile 21
[2020.01.23-13.45.02:020][902]LogShaderCompilers: Display: Worker (1/13): shaders left to compile 20
[2020.01.23-13.45.02:040][903]LogShaderCompilers: Display: Worker (3/13): shaders left to compile 19
[2020.01.23-13.45.02:060][904]LogShaderCompilers: Display: Worker (4/13): shaders left to compile 18
[2020.01.23-13.45.02:079][905]LogShaderCompilers: Display: Worker (5/13): shaders left to compile 17
[2020.01.23-13.45.02:079][905]LogShaderCompilers: Display: Worker (9/13): shaders left to compile 16
[2020.01.23-13.45.02:102][906]LogShaderCompilers: Display: Worker (6/13): shaders left to compile 15
[2020.01.23-13.45.02:102][906]LogShaderCompilers: Display: Worker (7/13): shaders left to compile 14
[2020.01.23-13.45.02:255][914]LogShaderCompilers: Display: Worker (12/13): shaders left to compile 13
[2020.01.23-13.45.02:476][925]LogShaderCompilers: Display: Worker (1/13): shaders left to compile 12
[2020.01.23-13.45.02:512][927]LogShaderCompilers: Display: Worker (10/13): shaders left to compile 11
[2020.01.23-13.45.02:548][929]LogShaderCompilers: Display: Worker (5/13): shaders left to compile 10
[2020.01.23-13.45.02:565][930]LogShaderCompilers: Display: Worker (7/13): shaders left to compile 9
[2020.01.23-13.45.02:565][930]LogShaderCompilers: Display: Worker (11/13): shaders left to compile 8
[2020.01.23-13.45.02:680][937]LogShaderCompilers: Display: Worker (8/13): shaders left to compile 7
[2020.01.23-13.45.02:697][938]LogShaderCompilers: Display: Worker (3/13): shaders left to compile 6
[2020.01.23-13.45.02:730][940]LogShaderCompilers: Display: Worker (2/13): shaders left to compile 5
[2020.01.23-13.45.02:747][941]LogShaderCompilers: Display: Worker (4/13): shaders left to compile 4
[2020.01.23-13.45.02:774][941]LogShaderCompilers: Display: Worker (6/13): shaders left to compile 3
[2020.01.23-13.45.02:774][941]LogShaderCompilers: Display: Worker (9/13): shaders left to compile 2
[2020.01.23-13.45.02:875][948]LogShaderCompilers: Display: Worker (10/13): shaders left to compile 1
[2020.01.23-13.45.03:510][999]LogMaterial: Display: Missing cached shader map for material m_Tree, compiling. 
[2020.01.23-13.45.03:535][999]LogShaderCompilers: Display: Worker (1/13): shaders left to compile 30
[2020.01.23-13.45.03:535][999]LogShaderCompilers: Display: Worker (2/13): shaders left to compile 29
[2020.01.23-13.45.03:535][999]LogShaderCompilers: Display: Worker (3/13): shaders left to compile 28
[2020.01.23-13.45.03:535][999]LogShaderCompilers: Display: Worker (4/13): shaders left to compile 27
[2020.01.23-13.45.03:535][999]LogShaderCompilers: Display: Worker (5/13): shaders left to compile 26
[2020.01.23-13.45.03:535][999]LogShaderCompilers: Display: Worker (6/13): shaders left to compile 25
[2020.01.23-13.45.03:535][999]LogShaderCompilers: Display: Worker (7/13): shaders left to compile 24
[2020.01.23-13.45.03:535][999]LogShaderCompilers: Display: Worker (8/13): shaders left to compile 23
[2020.01.23-13.45.03:535][999]LogShaderCompilers: Display: Worker (9/13): shaders left to compile 22
[2020.01.23-13.45.03:535][999]LogShaderCompilers: Display: Worker (10/13): shaders left to compile 21
[2020.01.23-13.45.03:535][999]LogShaderCompilers: Display: Worker (11/13): shaders left to compile 20
[2020.01.23-13.45.03:535][999]LogShaderCompilers: Display: Worker (12/13): shaders left to compile 19
[2020.01.23-13.45.03:535][999]LogMaterial: Display: Missing cached shader map for material FMatExpressionPreview MaterialExpressionTextureSample_0, compiling. 
[2020.01.23-13.45.03:735][ 10]LogShaderCompilers: Display: Worker (8/13): shaders left to compile 22
[2020.01.23-13.45.03:810][ 13]LogShaderCompilers: Display: Worker (1/13): shaders left to compile 21
[2020.01.23-13.45.03:830][ 14]LogShaderCompilers: Display: Worker (3/13): shaders left to compile 20
[2020.01.23-13.45.03:855][ 15]LogShaderCompilers: Display: Worker (2/13): shaders left to compile 19
[2020.01.23-13.45.03:855][ 15]LogShaderCompilers: Display: Worker (4/13): shaders left to compile 18
[2020.01.23-13.45.03:855][ 15]LogShaderCompilers: Display: Worker (5/13): shaders left to compile 17
[2020.01.23-13.45.03:874][ 16]LogShaderCompilers: Display: Worker (6/13): shaders left to compile 16
[2020.01.23-13.45.03:874][ 16]LogShaderCompilers: Display: Worker (9/13): shaders left to compile 15
[2020.01.23-13.45.03:892][ 17]LogShaderCompilers: Display: Worker (7/13): shaders left to compile 14
[2020.01.23-13.45.04:023][ 22]LogShaderCompilers: Display: Worker (12/13): shaders left to compile 13
[2020.01.23-13.45.04:257][ 32]LogShaderCompilers: Display: Worker (10/13): shaders left to compile 12
[2020.01.23-13.45.04:284][ 33]LogShaderCompilers: Display: Worker (3/13): shaders left to compile 11
[2020.01.23-13.45.04:303][ 34]LogShaderCompilers: Display: Worker (5/13): shaders left to compile 10
[2020.01.23-13.45.04:303][ 34]LogShaderCompilers: Display: Worker (7/13): shaders left to compile 9
[2020.01.23-13.45.04:303][ 34]LogShaderCompilers: Display: Worker (11/13): shaders left to compile 8
[2020.01.23-13.45.04:367][ 36]LogShaderCompilers: Display: Worker (8/13): shaders left to compile 7
[2020.01.23-13.45.04:412][ 38]LogShaderCompilers: Display: Worker (2/13): shaders left to compile 6
[2020.01.23-13.45.04:458][ 40]LogShaderCompilers: Display: Worker (4/13): shaders left to compile 5
[2020.01.23-13.45.04:478][ 41]LogShaderCompilers: Display: Worker (1/13): shaders left to compile 4
[2020.01.23-13.45.04:478][ 41]LogShaderCompilers: Display: Worker (6/13): shaders left to compile 3
[2020.01.23-13.45.04:525][ 43]LogShaderCompilers: Display: Worker (9/13): shaders left to compile 2
[2020.01.23-13.45.04:597][ 46]LogShaderCompilers: Display: Worker (12/13): shaders left to compile 1
[2020.01.23-13.45.05:112][ 82]MaterialEditorStats: Base pass shader: 128 instructions
[2020.01.23-13.45.05:112][ 82]MaterialEditorStats: Base pass shader with Surface Lightmap: 159 instructions
[2020.01.23-13.45.05:112][ 82]MaterialEditorStats: Base pass shader with Volumetric Lightmap: 206 instructions
[2020.01.23-13.45.05:112][ 82]MaterialEditorStats: Base pass vertex shader: 44 instructions
[2020.01.23-13.45.05:112][ 82]MaterialEditorStats: Texture samplers: 6/16
[2020.01.23-13.45.05:112][ 82]MaterialEditorStats: Texture Lookups (Est.): VS(0), PS(3)
[2020.01.23-13.45.05:112][ 82]MaterialEditorStats: User interpolators: 2/4 Scalars (1/4 Vectors) (TexCoords: 2, Custom: 0)
[2020.01.23-13.45.06:836][256]LogMaterialEditor: Saving and Compiling material m_Tree
[2020.01.23-13.45.07:234][256]LogMaterial: Display: Missing cached shader map for material m_Tree, compiling. 
[2020.01.23-13.45.07:305][256]LogShaderCompilers: Display: Worker (1/13): shaders left to compile 30
[2020.01.23-13.45.07:305][256]LogShaderCompilers: Display: Worker (2/13): shaders left to compile 29
[2020.01.23-13.45.07:305][256]LogShaderCompilers: Display: Worker (3/13): shaders left to compile 28
[2020.01.23-13.45.07:305][256]LogShaderCompilers: Display: Worker (4/13): shaders left to compile 27
[2020.01.23-13.45.07:305][256]LogShaderCompilers: Display: Worker (5/13): shaders left to compile 26
[2020.01.23-13.45.07:305][256]LogShaderCompilers: Display: Worker (6/13): shaders left to compile 25
[2020.01.23-13.45.07:305][256]LogShaderCompilers: Display: Worker (7/13): shaders left to compile 24
[2020.01.23-13.45.07:305][256]LogShaderCompilers: Display: Worker (8/13): shaders left to compile 23
[2020.01.23-13.45.07:305][256]LogShaderCompilers: Display: Worker (9/13): shaders left to compile 22
[2020.01.23-13.45.07:305][256]LogShaderCompilers: Display: Worker (10/13): shaders left to compile 21
[2020.01.23-13.45.07:305][256]LogShaderCompilers: Display: Worker (11/13): shaders left to compile 20
[2020.01.23-13.45.07:305][256]LogShaderCompilers: Display: Worker (12/13): shaders left to compile 19
[2020.01.23-13.45.07:311][256]LogMaterial: Display: Missing cached shader map for material m_Tree, compiling. 
[2020.01.23-13.45.07:333][256]LogMaterial: Display: Missing cached shader map for material m_Tree, compiling. 
[2020.01.23-13.45.07:389][256]LogUObjectHash: Compacting FUObjectHashTables data took   2.03ms
[2020.01.23-13.45.07:399][256]LogMaterial: Display: Missing cached shader map for material DebugViewMode MaterialTexCoordScale, compiling. 
[2020.01.23-13.45.08:484][256]LogShaderCompilers: Display: Worker (8/13): shaders left to compile 51
[2020.01.23-13.45.08:485][256]LogShaderCompilers: Display: Worker (2/13): shaders left to compile 50
[2020.01.23-13.45.08:485][256]LogShaderCompilers: Display: Worker (3/13): shaders left to compile 49
[2020.01.23-13.45.08:485][256]LogShaderCompilers: Display: Worker (1/13): shaders left to compile 48
[2020.01.23-13.45.08:485][256]LogShaderCompilers: Display: Worker (4/13): shaders left to compile 47
[2020.01.23-13.45.08:485][256]LogShaderCompilers: Display: Worker (5/13): shaders left to compile 46
[2020.01.23-13.45.08:485][256]LogShaderCompilers: Display: Worker (9/13): shaders left to compile 45
[2020.01.23-13.45.08:485][256]LogShaderCompilers: Display: Worker (6/13): shaders left to compile 44
[2020.01.23-13.45.08:485][256]LogShaderCompilers: Display: Worker (7/13): shaders left to compile 43
[2020.01.23-13.45.08:485][256]LogShaderCompilers: Display: Worker (12/13): shaders left to compile 42
[2020.01.23-13.45.08:485][256]LogShaderCompilers: Display: Worker (10/13): shaders left to compile 41
[2020.01.23-13.45.08:485][256]LogShaderCompilers: Display: Worker (3/13): shaders left to compile 40
[2020.01.23-13.45.08:485][256]LogShaderCompilers: Display: Worker (11/13): shaders left to compile 39
[2020.01.23-13.45.08:485][256]LogShaderCompilers: Display: Worker (5/13): shaders left to compile 38
[2020.01.23-13.45.08:485][256]LogShaderCompilers: Display: Worker (7/13): shaders left to compile 37
[2020.01.23-13.45.08:485][256]LogShaderCompilers: Display: Worker (8/13): shaders left to compile 36
[2020.01.23-13.45.08:485][256]LogShaderCompilers: Display: Worker (1/13): shaders left to compile 35
[2020.01.23-13.45.08:485][256]LogShaderCompilers: Display: Worker (4/13): shaders left to compile 34
[2020.01.23-13.45.08:485][256]LogShaderCompilers: Display: Worker (9/13): shaders left to compile 33
[2020.01.23-13.45.08:485][256]LogShaderCompilers: Display: Worker (2/13): shaders left to compile 32
[2020.01.23-13.45.08:485][256]LogShaderCompilers: Display: Worker (6/13): shaders left to compile 31
[2020.01.23-13.45.08:485][256]LogShaderCompilers: Display: Worker (12/13): shaders left to compile 28
[2020.01.23-13.45.08:485][256]LogShaderCompilers: Display: Worker (3/13): shaders left to compile 25
[2020.01.23-13.45.08:485][256]LogShaderCompilers: Display: Worker (7/13): shaders left to compile 22
[2020.01.23-13.45.08:485][256]LogShaderCompilers: Display: Worker (9/13): shaders left to compile 20
[2020.01.23-13.45.08:485][256]LogShaderCompilers: Display: Worker (2/13): shaders left to compile 18
[2020.01.23-13.45.08:488][256]TextureStreamingBuild: Display: Compiling optional shaders took 1.099 seconds.
[2020.01.23-13.45.08:529][256]LogShaderCompilers: Display: Worker (10/13): shaders left to compile 16
[2020.01.23-13.45.08:529][256]LogShaderCompilers: Display: Worker (4/13): shaders left to compile 14
[2020.01.23-13.45.08:529][256]LogUObjectHash: Compacting FUObjectHashTables data took   1.17ms
[2020.01.23-13.45.09:639][256]LogShaderCompilers: Display: Worker (11/13): shaders left to compile 12
[2020.01.23-13.45.09:639][256]LogShaderCompilers: Display: Worker (8/13): shaders left to compile 10
[2020.01.23-13.45.09:639][256]LogShaderCompilers: Display: Worker (5/13): shaders left to compile 9
[2020.01.23-13.45.09:639][256]LogShaderCompilers: Display: Worker (1/13): shaders left to compile 8
[2020.01.23-13.45.09:639][256]LogShaderCompilers: Display: Worker (3/13): shaders left to compile 7
[2020.01.23-13.45.09:639][256]LogShaderCompilers: Display: Worker (1/13): shaders left to compile 6
[2020.01.23-13.45.09:639][256]LogShaderCompilers: Display: Worker (6/13): shaders left to compile 5
[2020.01.23-13.45.09:639][256]LogShaderCompilers: Display: Worker (12/13): shaders left to compile 4
[2020.01.23-13.45.09:639][256]LogShaderCompilers: Display: Worker (8/13): shaders left to compile 3
[2020.01.23-13.45.09:639][256]LogShaderCompilers: Display: Worker (5/13): shaders left to compile 2
[2020.01.23-13.45.09:639][256]LogShaderCompilers: Display: Worker (9/13): shaders left to compile 1
[2020.01.23-13.45.09:665][256]Cmd: OBJ SAVEPACKAGE PACKAGE="/Game/Materials/m_Tree" FILE="../../../../Art/Park_SFAS/Park/Content/Materials/m_Tree.uasset" SILENT=true
[2020.01.23-13.45.09:684][256]LogSavePackage: Moving '../../../../Art/Park_SFAS/Park/Saved/m_Tree190A48E943212437FF4FD5B55B923933.tmp' to '../../../../Art/Park_SFAS/Park/Content/Materials/m_Tree.uasset'
[2020.01.23-14.20.04:678][626]LogSlate: Window 'm_Tree' being destroyed
[2020.01.23-14.20.04:683][626]LogSlate: Window 'm_Tree' being destroyed
[2020.01.23-14.20.04:714][626]LogWorld: UWorld::CleanupWorld for World_3, bSessionEnded=true, bCleanupResources=true
[2020.01.23-14.20.13:664][512]LogSlate: FSceneViewport::OnFocusLost() reason 0
[2020.01.23-14.20.22:830][709]LogSlate: Window 'Message' being destroyed
[2020.01.23-14.20.24:395][891]LogAssetEditorManager: Opening Asset editor for StaticMesh /Game/Meshes/bush_low.bush_low
[2020.01.23-14.20.24:653][891]LogRenderer: Reallocating scene render targets to support 1304x704 Format 10 NumSamples 1 (Frame:1).
[2020.01.23-14.20.24:653][891]LogSlate: Took 0.006571 seconds to synchronously load lazily loaded font '../../../Engine/Content/Slate/Fonts/Roboto-Italic.ttf' (157K)
[2020.01.23-14.20.30:265][508]Cmd: OBJ SAVEPACKAGE PACKAGE="/Game/Meshes/bush_low" FILE="../../../../Art/Park_SFAS/Park/Content/Meshes/bush_low.uasset" SILENT=true
[2020.01.23-14.20.30:296][508]LogSavePackage: Moving '../../../../Art/Park_SFAS/Park/Saved/bush_low7920E4CD49A04C4CA467AFAECFE46245.tmp' to '../../../../Art/Park_SFAS/Park/Content/Meshes/bush_low.uasset'
[2020.01.23-14.20.31:679][668]LogSlate: Window 'bush_low' being destroyed
[2020.01.23-14.20.31:683][668]LogSlate: Window 'bush_low' being destroyed
[2020.01.23-14.20.31:695][668]LogWorld: UWorld::CleanupWorld for World_4, bSessionEnded=true, bCleanupResources=true
[2020.01.23-14.20.34:132][873]LogSlate: FSceneViewport::OnFocusLost() reason 0
[2020.01.23-14.20.34:244][885]LogActorFactory: Actor Factory created bush_low
[2020.01.23-14.20.35:010][950]LogActorFactory: Actor Factory created bush_low
[2020.01.23-14.20.43:030][646]Cmd: SELECT NONE
[2020.01.23-14.20.46:134][915]LogEditorViewport: Clicking on Actor (LMB): StaticMeshActor (bush_low)
[2020.01.23-14.20.47:369][ 22]Cmd: SELECT NONE
[2020.01.23-14.20.49:267][247]LogEditorViewport: Clicking on Actor (LMB): StaticMeshActor (bush_low)
[2020.01.23-14.20.52:819][603]Cmd: SELECT NONE
[2020.01.23-14.20.53:677][705]LogEditorViewport: Clicking on Actor (LMB): StaticMeshActor (bush_low)
[2020.01.23-14.20.54:805][826]Cmd: SELECT NONE
[2020.01.23-14.21.24:117][110]LogEditorViewport: Clicking on Actor (LMB): StaticMeshActor (bush_low)
[2020.01.23-14.21.26:058][316]Cmd: SELECT NONE
[2020.01.23-14.21.28:889][587]LogEditorViewport: Clicking on Actor (LMB): StaticMeshActor (bush_low)
[2020.01.23-14.21.30:553][757]LogSlate: FSceneViewport::OnFocusLost() reason 5
[2020.01.23-14.21.30:615][757]LogUObjectHash: Compacting FUObjectHashTables data took   1.70ms
[2020.01.23-14.21.30:616][757]Cmd: OBJ SAVEPACKAGE PACKAGE="/Game/Diorama" FILE="../../../../Art/Park_SFAS/Park/Saved/Autosaves/Game/Diorama_Auto1.umap" SILENT=true AUTOSAVING=true KEEPDIRTY=false
[2020.01.23-14.21.30:819][757]LogSavePackage: Moving '../../../../Art/Park_SFAS/Park/Saved/Diorama_Auto1A16DFB1645BEFBC43C31ADBD3786602C.tmp' to '../../../../Art/Park_SFAS/Park/Saved/Autosaves/Game/Diorama_Auto1.umap'
[2020.01.23-14.21.30:823][757]LogFileHelpers: Editor autosave (incl. sublevels) for '/Game/Diorama' took 0.244
[2020.01.23-14.21.30:823][757]LogFileHelpers: Editor autosave (incl. sublevels) for all levels took 0.244
[2020.01.23-14.21.31:901][850]Cmd: SELECT NONE
[2020.01.23-14.21.33:233][948]LogEditorViewport: Clicking on Actor (LMB): StaticMeshActor (bush_low)
[2020.01.23-14.21.35:134][132]Cmd: SELECT NONE
[2020.01.23-14.21.53:516][967]LogEditorViewport: Clicking on Actor (LMB): StaticMeshActor (bush_low)
[2020.01.23-14.21.58:428][437]Cmd: CAMERA ALIGN ACTIVEVIEWPORTONLY
[2020.01.23-14.22.04:001][883]Cmd: SELECT NONE
[2020.01.23-14.22.06:350][ 63]LogEditorViewport: Clicking on Actor (LMB): BP_Sky_Sphere_C (Sky Sphere)
[2020.01.23-14.22.06:911][107]LogEditorViewport: Clicking on Actor (LMB): StaticMeshActor (bush_low2)
[2020.01.23-14.22.08:758][283]Cmd: SELECT NONE
[2020.01.23-14.22.09:749][400]LogEditorViewport: Clicking on Actor (LMB): BP_Sky_Sphere_C (Sky Sphere)
[2020.01.23-14.22.10:464][480]LogEditorViewport: Clicking on Actor (LMB): BP_Sky_Sphere_C (Sky Sphere)
[2020.01.23-14.22.10:940][533]LogEditorViewport: Clicking on Actor (LMB): BP_Sky_Sphere_C (Sky Sphere)
[2020.01.23-14.22.11:449][590]LogEditorViewport: Clicking on Actor (LMB): StaticMeshActor (bush_low2)
[2020.01.23-14.22.12:687][729]Cmd: CAMERA ALIGN ACTIVEVIEWPORTONLY
[2020.01.23-14.22.16:181][ 36]Cmd: SELECT NONE
[2020.01.23-14.22.20:037][397]LogEditorViewport: Clicking on Actor (LMB): StaticMeshActor (bush_low2)
[2020.01.23-14.22.21:476][523]Cmd: SELECT NONE
[2020.01.23-14.22.36:855][209]Cmd: SELECT NONE
[2020.01.23-14.22.38:390][335]Cmd: SELECT NONE
[2020.01.23-14.27.29:825][200]LogEditorViewport: Clicking on Actor (LMB): StaticMeshActor (SM_Rock2_low)
[2020.01.23-14.27.35:148][606]LogEditorViewport: Clicking on Actor (LMB): StaticMeshActor (SM_Rock1_low3)
[2020.01.23-14.27.35:634][659]LogEditorViewport: Clicking on Actor (LMB): StaticMeshActor (SM_Rock6_low7)
[2020.01.23-14.27.48:348][970]LogEditorViewport: Clicking on Actor (LMB): StaticMeshActor (SM_Rock2_low9)
[2020.01.23-14.27.52:684][424]LogEditorViewport: Clicking on Actor (LMB): BP_Sky_Sphere_C (Sky Sphere)
[2020.01.23-14.27.53:288][492]Cmd: SELECT NONE
[2020.01.23-14.27.55:313][665]LogEditorViewport: Clicking on Actor (LMB): StaticMeshActor (SM_Rock2_low9)
[2020.01.23-14.27.55:737][702]LogEditorViewport: Clicking on Actor (LMB): StaticMeshActor (SM_Rock6_low11)
[2020.01.23-14.27.56:406][777]LogEditorViewport: Clicking on Actor (LMB): StaticMeshActor (SM_Rock2_low9)
[2020.01.23-14.27.59:242][ 50]Cmd: SELECT NONE
[2020.01.23-14.27.59:987][137]LogEditorViewport: Clicking on Actor (LMB): StaticMeshActor (SM_Rock2_low9)
[2020.01.23-14.28.07:262][864]LogEditorViewport: Clicking on Actor (LMB): BP_Sky_Sphere_C (Sky Sphere)
[2020.01.23-14.28.12:732][432]LogSlate: FSceneViewport::OnFocusLost() reason 0
[2020.01.23-14.28.12:899][442]LogRenderer: Reallocating scene render targets to support 1304x772 Format 10 NumSamples 1 (Frame:8217).
[2020.01.23-14.28.12:943][443]LogRenderer: Reallocating scene render targets to support 1304x792 Format 10 NumSamples 1 (Frame:8219).
[2020.01.23-14.28.13:684][519]LogEditorViewport: Clicking on Actor (LMB): StaticMeshActor (SM_Rock2_low9)
[2020.01.23-14.28.15:671][747]LogEditorViewport: Clicking on Actor (LMB): StaticMeshActor (SM_Rock1_low4)
[2020.01.23-14.28.16:280][814]LogEditorViewport: Clicking on Actor (LMB): StaticMeshActor (SM_Rock6_low8)
[2020.01.23-14.28.32:507][421]LogEditorViewport: Clicking on Actor (LMB): BP_Sky_Sphere_C (Sky Sphere)
[2020.01.23-14.28.33:316][513]Cmd: SELECT NONE
[2020.01.23-14.28.37:833][954]LogEditorViewport: Clicking on Actor (LMB): StaticMeshActor (SM_Rock6_low12)
[2020.01.23-14.28.40:781][198]Cmd: SELECT NONE
[2020.01.23-14.28.43:619][461]LogEditorViewport: Clicking on Actor (LMB): StaticMeshActor (SM_Rock6_low12)
[2020.01.23-14.28.46:170][718]Cmd: SELECT NONE
[2020.01.23-14.28.46:983][814]LogEditorViewport: Clicking on Actor (LMB): StaticMeshActor (SM_Rock6_low12)
[2020.01.23-14.28.48:916][ 18]LogEditorViewport: Clicking on Actor (LMB): BP_Sky_Sphere_C (Sky Sphere)
[2020.01.23-14.28.51:256][218]LogEditorViewport: Clicking on Actor (LMB): StaticMeshActor (SM_Rock6_low12)
[2020.01.23-14.28.54:941][593]Cmd: SELECT NONE
[2020.01.23-14.28.55:725][686]LogEditorViewport: Clicking on Actor (LMB): StaticMeshActor (SM_Rock6_low12)
[2020.01.23-14.28.56:932][815]Cmd: SELECT NONE
[2020.01.23-14.29.12:270][647]LogEditorViewport: Clicking on Actor (LMB): BP_Sky_Sphere_C (Sky Sphere)
[2020.01.23-14.29.12:740][698]Cmd: SELECT NONE
[2020.01.23-14.29.20:398][614]LogEditorViewport: Clicking on Actor (LMB): StaticMeshActor (SM_grasspath)
[2020.01.23-14.29.20:884][666]LogEditorViewport: Clicking on Actor (LMB): BP_Sky_Sphere_C (Sky Sphere)
[2020.01.23-14.29.33:383][723]LogEditorViewport: Clicking on Actor (context menu): BP_Sky_Sphere_C (Sky Sphere)
[2020.01.23-14.29.33:409][723]LogSlate: FSceneViewport::OnFocusLost() reason 5
[2020.01.23-14.29.34:502][849]LogEditorViewport: Clicking on Actor (LMB): BP_Sky_Sphere_C (Sky Sphere)
[2020.01.23-14.29.35:071][914]LogEditorViewport: Clicking on Actor (LMB): StaticMeshActor (SM_Pavilion)
[2020.01.23-14.29.35:445][953]LogEditorViewport: Clicking on Actor (LMB): BP_Sky_Sphere_C (Sky Sphere)
[2020.01.23-14.30.34:305][423]LogEditorViewport: Clicking on Actor (LMB): StaticMeshActor (SM_Pavilion)
[2020.01.23-14.30.35:672][578]LogSlate: FSceneViewport::OnFocusLost() reason 0
[2020.01.23-14.30.39:356][984]LogEditorFactories: Performing atomic reimport of [D:/Art/Park_SFAS/Textures/Pavilion/SM_Pavilion_blinn1SG_OcclusionRoughnessMetallic.tga]
[2020.01.23-14.30.39:382][984]LogFactory: FactoryCreateFile: Texture2D with ReimportTextureFactory (0 0 D:/Art/Park_SFAS/Textures/Pavilion/SM_Pavilion_blinn1SG_OcclusionRoughnessMetallic.tga)
[2020.01.23-14.30.39:432][984]LogTexture: Display: Building textures: T_Pavilion_blinn1SG_OcclusionRoughnessMetallic (AutoDXT, 2048X2048)
[2020.01.23-14.30.39:804][984]LogEditorFactories: -- imported successfully
[2020.01.23-14.30.40:952][115]LogEditorViewport: Clicking on Actor (LMB): BP_Sky_Sphere_C (Sky Sphere)
[2020.01.23-14.30.42:001][236]Cmd: SELECT NONE
[2020.01.23-14.30.54:652][580]Cmd: SELECT NONE
[2020.01.23-14.31.30:727][817]LogSlate: FSceneViewport::OnFocusLost() reason 5
[2020.01.23-14.31.30:772][817]LogUObjectHash: Compacting FUObjectHashTables data took   2.26ms
[2020.01.23-14.31.30:772][817]Cmd: OBJ SAVEPACKAGE PACKAGE="/Game/Diorama" FILE="../../../../Art/Park_SFAS/Park/Saved/Autosaves/Game/Diorama_Auto2.umap" SILENT=true AUTOSAVING=true KEEPDIRTY=false
[2020.01.23-14.31.30:971][817]LogSavePackage: Moving '../../../../Art/Park_SFAS/Park/Saved/Diorama_Auto20EDE0F144C8F2B6CBBC98196A30A806A.tmp' to '../../../../Art/Park_SFAS/Park/Saved/Autosaves/Game/Diorama_Auto2.umap'
[2020.01.23-14.31.30:976][817]LogFileHelpers: Editor autosave (incl. sublevels) for '/Game/Diorama' took 0.240
[2020.01.23-14.31.30:976][817]LogFileHelpers: Editor autosave (incl. sublevels) for all levels took 0.240
[2020.01.23-14.31.30:978][817]OBJ SavePackage: Generating thumbnails for [1] asset(s) in package [/Game/Textures/T_Pavilion_blinn1SG_OcclusionRoughnessMetallic] ([1] browsable assets)...
[2020.01.23-14.31.30:982][817]OBJ SavePackage:     Rendered thumbnail for [Texture2D /Game/Textures/T_Pavilion_blinn1SG_OcclusionRoughnessMetallic.T_Pavilion_blinn1SG_OcclusionRoughnessMetallic]
[2020.01.23-14.31.30:982][817]OBJ SavePackage: Finished generating thumbnails for package [/Game/Textures/T_Pavilion_blinn1SG_OcclusionRoughnessMetallic]
[2020.01.23-14.31.31:198][817]LogSavePackage: Moving '../../../../Art/Park_SFAS/Park/Saved/T_Pavilion_blinn1SG_OcclusionRou68C261B141CD1B5FCEB303A650D0894D.tmp' to '../../../../Art/Park_SFAS/Park/Saved/Autosaves/Game/Textures/T_Pavilion_blinn1SG_OcclusionRoughnessMetallic_Auto2.uasset'
[2020.01.23-14.31.31:199][817]LogFileHelpers: Auto-saving content packages took 0.221
[2020.01.23-14.31.33:143][ 47]LogEditorViewport: Clicking on Actor (LMB): BP_Sky_Sphere_C (Sky Sphere)
[2020.01.23-15.46.41:610][130]LogSlate: FSceneViewport::OnFocusLost() reason 5
[2020.01.23-15.47.15:570][239]LogUObjectHash: Compacting FUObjectHashTables data took   5.80ms
[2020.01.23-15.47.15:571][239]Cmd: OBJ SAVEPACKAGE PACKAGE="/Game/Diorama" FILE="../../../../Art/Park_SFAS/Park/Saved/Autosaves/Game/Diorama_Auto3.umap" SILENT=true AUTOSAVING=true KEEPDIRTY=false
[2020.01.23-15.47.15:821][239]LogSavePackage: Moving '../../../../Art/Park_SFAS/Park/Saved/Diorama_Auto3E751AAD946A43A623696F09AD33A93FC.tmp' to '../../../../Art/Park_SFAS/Park/Saved/Autosaves/Game/Diorama_Auto3.umap'
[2020.01.23-15.47.15:824][239]LogFileHelpers: Editor autosave (incl. sublevels) for '/Game/Diorama' took 0.303
[2020.01.23-15.47.15:824][239]LogFileHelpers: Editor autosave (incl. sublevels) for all levels took 0.303
[2020.01.23-15.47.58:670][368]LogSlate: FSceneViewport::OnFocusLost() reason 5
[2020.01.23-15.48.07:504][834]LogFactory: FactoryCreateFile: StaticMesh with FbxFactory (0 0 ../../../../Art/Park_SFAS/Models/soil.obj)
[2020.01.23-15.48.07:512][834]LogFbx: Loading FBX Scene from ../../../../Art/Park_SFAS/Models/soil.obj
[2020.01.23-15.48.07:516][834]LogFbx: FBX Scene Loaded Succesfully
[2020.01.23-15.48.09:493][834]LogSlate: Window 'FBX Import Options' being destroyed
[2020.01.23-15.48.15:939][381]Cmd: OBJ SAVEPACKAGE PACKAGE="/Game/Meshes/SM_bush_low" FILE="../../../../Art/Park_SFAS/Park/Content/Meshes/SM_bush_low.uasset" SILENT=true
[2020.01.23-15.48.15:964][381]LogSavePackage: Moving '../../../../Art/Park_SFAS/Park/Saved/SM_bush_low494D160A4B4875BC5A7D15A5A1E4B214.tmp' to '../../../../Art/Park_SFAS/Park/Content/Meshes/SM_bush_low.uasset'
[2020.01.23-15.48.16:156][381]LogUObjectHash: Compacting FUObjectHashTables data took   1.87ms
[2020.01.23-15.48.16:197][381]LogUObjectHash: Compacting FUObjectHashTables data took   1.62ms
[2020.01.23-15.48.16:233][381]LogUObjectHash: Compacting FUObjectHashTables data took   0.72ms
[2020.01.23-15.48.20:990][683]LogFactory: FactoryCreateFile: StaticMesh with FbxFactory (0 0 ../../../../Art/Park_SFAS/Models/soil.obj)
[2020.01.23-15.48.20:998][683]LogFbx: Loading FBX Scene from ../../../../Art/Park_SFAS/Models/soil.obj
[2020.01.23-15.48.21:002][683]LogFbx: FBX Scene Loaded Succesfully
[2020.01.23-15.48.22:580][683]LogSlate: Window 'FBX Import Options' being destroyed
[2020.01.23-15.48.22:602][683]LogFbx: Display: Triangulating static mesh polySurface123_pCylinder73
[2020.01.23-15.48.22:610][683]LogStaticMesh: Building static mesh soil...
[2020.01.23-15.48.22:613][683]LogStaticMesh: Built static mesh [0.00s] /Game/Meshes/soil.soil
[2020.01.23-15.48.25:457][  1]Cmd: OBJ SAVEPACKAGE PACKAGE="/Game/Meshes/SM_soil" FILE="../../../../Art/Park_SFAS/Park/Content/Meshes/SM_soil.uasset" SILENT=true
[2020.01.23-15.48.25:473][  1]LogSavePackage: Moving '../../../../Art/Park_SFAS/Park/Saved/SM_soil43998D404C8A615E2425FAB90DC4C9CE.tmp' to '../../../../Art/Park_SFAS/Park/Content/Meshes/SM_soil.uasset'
[2020.01.23-15.48.25:588][  1]LogUObjectHash: Compacting FUObjectHashTables data took   1.65ms
[2020.01.23-15.48.25:627][  1]LogUObjectHash: Compacting FUObjectHashTables data took   1.32ms
[2020.01.23-15.48.25:662][  1]LogUObjectHash: Compacting FUObjectHashTables data took   0.71ms
[2020.01.23-15.48.26:643][105]LogAssetEditorManager: Opening Asset editor for StaticMesh /Game/Meshes/SM_soil.SM_soil
[2020.01.23-15.48.28:540][259]LogSlate: Window 'SM_soil' being destroyed
[2020.01.23-15.48.28:546][259]LogSlate: Window 'SM_soil' being destroyed
[2020.01.23-15.48.28:558][259]LogWorld: UWorld::CleanupWorld for World_5, bSessionEnded=true, bCleanupResources=true
[2020.01.23-15.48.37:567][578]LogFactory: FactoryCreateFile: Texture with ReimportTextureFactory (0 0 ../../../../Art/Park_SFAS/Textures/Dirt/Dirt_basecolor.tga)
[2020.01.23-15.48.37:620][578]LogTexture: Display: Building textures: Dirt_basecolor (AutoDXT, 2048X2048)
[2020.01.23-15.48.38:207][578]LogFactory: FactoryCreateFile: Texture with ReimportTextureFactory (0 0 ../../../../Art/Park_SFAS/Textures/Dirt/Dirt_metallic.tga)
[2020.01.23-15.48.38:255][578]LogTexture: Display: Building textures: Dirt_metallic (AutoDXT, 2048X2048)
[2020.01.23-15.48.38:814][578]LogFactory: FactoryCreateFile: Texture with ReimportTextureFactory (0 0 ../../../../Art/Park_SFAS/Textures/Dirt/Dirt_normal.tga)
[2020.01.23-15.48.38:864][578]LogTexture: Display: Building textures: Dirt_normal (BC5, 2048X2048)
[2020.01.23-15.48.45:181][296]Cmd: OBJ SAVEPACKAGE PACKAGE="/Game/Textures/TDirt_basecolor" FILE="../../../../Art/Park_SFAS/Park/Content/Textures/TDirt_basecolor.uasset" SILENT=true
[2020.01.23-15.48.45:676][296]LogSavePackage: Moving '../../../../Art/Park_SFAS/Park/Saved/TDirt_basecolor562CC1414EFDD9A7BB58ED9FC94C9644.tmp' to '../../../../Art/Park_SFAS/Park/Content/Textures/TDirt_basecolor.uasset'
[2020.01.23-15.48.45:796][296]LogUObjectHash: Compacting FUObjectHashTables data took   1.55ms
[2020.01.23-15.48.45:838][296]LogUObjectHash: Compacting FUObjectHashTables data took   1.56ms
[2020.01.23-15.48.45:873][296]LogUObjectHash: Compacting FUObjectHashTables data took   0.71ms
[2020.01.23-15.48.48:345][583]Cmd: OBJ SAVEPACKAGE PACKAGE="/Game/Textures/T_Dirt_basecolor" FILE="../../../../Art/Park_SFAS/Park/Content/Textures/T_Dirt_basecolor.uasset" SILENT=true
[2020.01.23-15.48.48:389][583]LogSavePackage: Moving '../../../../Art/Park_SFAS/Park/Saved/T_Dirt_basecolor3915EF954109CC46A2D42AA1A9071F13.tmp' to '../../../../Art/Park_SFAS/Park/Content/Textures/T_Dirt_basecolor.uasset'
[2020.01.23-15.48.48:504][583]LogUObjectHash: Compacting FUObjectHashTables data took   0.72ms
[2020.01.23-15.48.48:544][583]LogUObjectHash: Compacting FUObjectHashTables data took   1.54ms
[2020.01.23-15.48.48:579][583]LogUObjectHash: Compacting FUObjectHashTables data took   0.71ms
[2020.01.23-15.48.51:199][884]Cmd: OBJ SAVEPACKAGE PACKAGE="/Game/Textures/T_Dirt_metallic" FILE="../../../../Art/Park_SFAS/Park/Content/Textures/T_Dirt_metallic.uasset" SILENT=true
[2020.01.23-15.48.51:582][884]LogSavePackage: Moving '../../../../Art/Park_SFAS/Park/Saved/T_Dirt_metallic96B3E8C44398FB9F3AB4A3A69060863F.tmp' to '../../../../Art/Park_SFAS/Park/Content/Textures/T_Dirt_metallic.uasset'
[2020.01.23-15.48.51:700][884]LogUObjectHash: Compacting FUObjectHashTables data took   0.73ms
[2020.01.23-15.48.51:741][884]LogUObjectHash: Compacting FUObjectHashTables data took   0.97ms
[2020.01.23-15.48.51:775][884]LogUObjectHash: Compacting FUObjectHashTables data took   0.71ms
[2020.01.23-15.48.56:039][382]Cmd: OBJ SAVEPACKAGE PACKAGE="/Game/Textures/T_Dirt_normal" FILE="../../../../Art/Park_SFAS/Park/Content/Textures/T_Dirt_normal.uasset" SILENT=true
[2020.01.23-15.48.56:569][382]LogSavePackage: Moving '../../../../Art/Park_SFAS/Park/Saved/T_Dirt_normal9469C51D4D5474441864A19FBC4D28F8.tmp' to '../../../../Art/Park_SFAS/Park/Content/Textures/T_Dirt_normal.uasset'
[2020.01.23-15.48.56:684][382]LogUObjectHash: Compacting FUObjectHashTables data took   0.73ms
[2020.01.23-15.48.56:724][382]LogUObjectHash: Compacting FUObjectHashTables data took   0.96ms
[2020.01.23-15.48.56:759][382]LogUObjectHash: Compacting FUObjectHashTables data took   0.72ms
[2020.01.23-15.49.05:367][355]LogAssetEditorManager: Opening Asset editor for Material /Game/Materials/m_Soil.m_Soil
[2020.01.23-15.49.05:371][355]LogMaterial: Display: Missing cached shader map for material m_Soil, compiling. 
[2020.01.23-15.49.05:448][355]LogMaterial: Display: Missing cached shader map for material m_Soil, compiling. 
[2020.01.23-15.49.05:466][355]LogMaterial: Display: Missing cached shader map for material m_Soil, compiling. 
[2020.01.23-15.49.05:488][355]LogShaderCompilers: Display: Worker (1/13): shaders left to compile 30
[2020.01.23-15.49.05:488][355]LogShaderCompilers: Display: Worker (2/13): shaders left to compile 29
[2020.01.23-15.49.05:488][355]LogShaderCompilers: Display: Worker (3/13): shaders left to compile 28
[2020.01.23-15.49.05:488][355]LogShaderCompilers: Display: Worker (4/13): shaders left to compile 27
[2020.01.23-15.49.05:488][355]LogShaderCompilers: Display: Worker (5/13): shaders left to compile 26
[2020.01.23-15.49.05:488][355]LogShaderCompilers: Display: Worker (6/13): shaders left to compile 25
[2020.01.23-15.49.05:488][355]LogShaderCompilers: Display: Worker (7/13): shaders left to compile 24
[2020.01.23-15.49.05:489][355]LogShaderCompilers: Display: Worker (8/13): shaders left to compile 23
[2020.01.23-15.49.05:489][355]LogShaderCompilers: Display: Worker (9/13): shaders left to compile 22
[2020.01.23-15.49.05:489][355]LogShaderCompilers: Display: Worker (10/13): shaders left to compile 21
[2020.01.23-15.49.05:489][355]LogShaderCompilers: Display: Worker (11/13): shaders left to compile 20
[2020.01.23-15.49.05:489][355]LogShaderCompilers: Display: Worker (12/13): shaders left to compile 19
[2020.01.23-15.49.05:493][355]LogMaterial: Display: Missing cached shader map for material FMatExpressionPreview MaterialExpressionVectorParameter_0, compiling. 
[2020.01.23-15.49.06:389][413]LogShaderCompilers: Display: Worker (8/13): shaders left to compile 22
[2020.01.23-15.49.06:574][420]LogShaderCompilers: Display: Worker (9/13): shaders left to compile 21
[2020.01.23-15.49.06:574][420]LogShaderCompilers: Display: Worker (5/13): shaders left to compile 20
[2020.01.23-15.49.06:574][420]LogShaderCompilers: Display: Worker (1/13): shaders left to compile 19
[2020.01.23-15.49.06:574][420]LogShaderCompilers: Display: Worker (2/13): shaders left to compile 18
[2020.01.23-15.49.06:574][420]LogShaderCompilers: Display: Worker (3/13): shaders left to compile 17
[2020.01.23-15.49.06:574][420]LogShaderCompilers: Display: Worker (4/13): shaders left to compile 16
[2020.01.23-15.49.06:574][420]LogShaderCompilers: Display: Worker (6/13): shaders left to compile 15
[2020.01.23-15.49.06:633][423]LogShaderCompilers: Display: Worker (7/13): shaders left to compile 14
[2020.01.23-15.49.06:672][425]LogShaderCompilers: Display: Worker (12/13): shaders left to compile 13
[2020.01.23-15.49.06:877][433]LogShaderCompilers: Display: Worker (10/13): shaders left to compile 12
[2020.01.23-15.49.06:907][434]LogShaderCompilers: Display: Worker (11/13): shaders left to compile 11
[2020.01.23-15.49.07:005][438]LogShaderCompilers: Display: Worker (7/13): shaders left to compile 10
[2020.01.23-15.49.07:005][438]LogShaderCompilers: Display: Worker (8/13): shaders left to compile 9
[2020.01.23-15.49.07:023][439]LogShaderCompilers: Display: Worker (5/13): shaders left to compile 8
[2020.01.23-15.49.07:049][440]LogShaderCompilers: Display: Worker (3/13): shaders left to compile 7
[2020.01.23-15.49.07:177][445]LogShaderCompilers: Display: Worker (2/13): shaders left to compile 6
[2020.01.23-15.49.07:201][446]LogShaderCompilers: Display: Worker (1/13): shaders left to compile 5
[2020.01.23-15.49.07:221][447]LogShaderCompilers: Display: Worker (9/13): shaders left to compile 4
[2020.01.23-15.49.07:246][448]LogShaderCompilers: Display: Worker (11/13): shaders left to compile 3
[2020.01.23-15.49.07:267][449]LogShaderCompilers: Display: Worker (4/13): shaders left to compile 2
[2020.01.23-15.49.07:267][449]LogShaderCompilers: Display: Worker (12/13): shaders left to compile 1
[2020.01.23-15.49.07:687][470]MaterialEditorStats: Base pass shader: 119 instructions
[2020.01.23-15.49.07:687][470]MaterialEditorStats: Base pass shader with Surface Lightmap: 146 instructions
[2020.01.23-15.49.07:687][470]MaterialEditorStats: Base pass shader with Volumetric Lightmap: 193 instructions
[2020.01.23-15.49.07:687][470]MaterialEditorStats: Base pass vertex shader: 40 instructions
[2020.01.23-15.49.07:687][470]MaterialEditorStats: Texture samplers: 3/16
[2020.01.23-15.49.09:529][635]LogMaterial: Display: Missing cached shader map for material m_Soil, compiling. 
[2020.01.23-15.49.09:567][636]LogShaderCompilers: Display: Worker (1/13): shaders left to compile 30
[2020.01.23-15.49.09:567][636]LogShaderCompilers: Display: Worker (2/13): shaders left to compile 29
[2020.01.23-15.49.09:567][636]LogShaderCompilers: Display: Worker (3/13): shaders left to compile 28
[2020.01.23-15.49.09:567][636]LogShaderCompilers: Display: Worker (4/13): shaders left to compile 27
[2020.01.23-15.49.09:567][636]LogShaderCompilers: Display: Worker (5/13): shaders left to compile 26
[2020.01.23-15.49.09:567][636]LogShaderCompilers: Display: Worker (6/13): shaders left to compile 25
[2020.01.23-15.49.09:567][636]LogShaderCompilers: Display: Worker (7/13): shaders left to compile 24
[2020.01.23-15.49.09:567][636]LogShaderCompilers: Display: Worker (8/13): shaders left to compile 23
[2020.01.23-15.49.09:567][636]LogShaderCompilers: Display: Worker (9/13): shaders left to compile 22
[2020.01.23-15.49.09:567][636]LogShaderCompilers: Display: Worker (10/13): shaders left to compile 21
[2020.01.23-15.49.09:567][636]LogShaderCompilers: Display: Worker (11/13): shaders left to compile 20
[2020.01.23-15.49.09:567][636]LogShaderCompilers: Display: Worker (12/13): shaders left to compile 19
[2020.01.23-15.49.09:732][646]LogShaderCompilers: Display: Worker (8/13): shaders left to compile 18
[2020.01.23-15.49.09:810][650]LogShaderCompilers: Display: Worker (1/13): shaders left to compile 17
[2020.01.23-15.49.09:847][652]LogShaderCompilers: Display: Worker (3/13): shaders left to compile 16
[2020.01.23-15.49.09:847][652]LogShaderCompilers: Display: Worker (4/13): shaders left to compile 15
[2020.01.23-15.49.09:865][653]LogShaderCompilers: Display: Worker (2/13): shaders left to compile 14
[2020.01.23-15.49.09:881][654]LogShaderCompilers: Display: Worker (5/13): shaders left to compile 13
[2020.01.23-15.49.09:881][654]LogShaderCompilers: Display: Worker (6/13): shaders left to compile 12
[2020.01.23-15.49.09:882][654]LogShaderCompilers: Display: Worker (9/13): shaders left to compile 11
[2020.01.23-15.49.09:900][655]LogShaderCompilers: Display: Worker (7/13): shaders left to compile 10
[2020.01.23-15.49.10:025][662]LogShaderCompilers: Display: Worker (12/13): shaders left to compile 9
[2020.01.23-15.49.10:232][672]LogShaderCompilers: Display: Worker (10/13): shaders left to compile 8
[2020.01.23-15.49.10:268][674]LogShaderCompilers: Display: Worker (3/13): shaders left to compile 7
[2020.01.23-15.49.10:287][675]LogShaderCompilers: Display: Worker (11/13): shaders left to compile 6
[2020.01.23-15.49.10:304][676]LogShaderCompilers: Display: Worker (5/13): shaders left to compile 5
[2020.01.23-15.49.10:305][676]LogShaderCompilers: Display: Worker (7/13): shaders left to compile 4
[2020.01.23-15.49.10:369][680]LogShaderCompilers: Display: Worker (8/13): shaders left to compile 3
[2020.01.23-15.49.10:473][686]LogShaderCompilers: Display: Worker (4/13): shaders left to compile 2
[2020.01.23-15.49.10:473][686]LogShaderCompilers: Display: Worker (1/13): shaders left to compile 1
[2020.01.23-15.49.10:887][707]MaterialEditorStats: Base pass shader: 117 instructions
[2020.01.23-15.49.10:887][707]MaterialEditorStats: Base pass shader with Surface Lightmap: 144 instructions
[2020.01.23-15.49.10:887][707]MaterialEditorStats: Base pass shader with Volumetric Lightmap: 191 instructions
[2020.01.23-15.49.10:887][707]MaterialEditorStats: Base pass vertex shader: 40 instructions
[2020.01.23-15.49.10:887][707]MaterialEditorStats: Texture samplers: 3/16
[2020.01.23-15.49.14:195][944]LogMaterial: Display: Missing cached shader map for material m_Soil, compiling. 
[2020.01.23-15.49.14:213][944]LogMaterial: Display: Missing cached shader map for material FMatExpressionPreview MaterialExpressionTextureSample_0, compiling. 
[2020.01.23-15.49.14:221][944]LogShaderCompilers: Display: Worker (1/13): shaders left to compile 30
[2020.01.23-15.49.14:221][944]LogShaderCompilers: Display: Worker (2/13): shaders left to compile 29
[2020.01.23-15.49.14:221][944]LogShaderCompilers: Display: Worker (3/13): shaders left to compile 28
[2020.01.23-15.49.14:221][944]LogShaderCompilers: Display: Worker (4/13): shaders left to compile 27
[2020.01.23-15.49.14:221][944]LogShaderCompilers: Display: Worker (5/13): shaders left to compile 26
[2020.01.23-15.49.14:221][944]LogShaderCompilers: Display: Worker (6/13): shaders left to compile 25
[2020.01.23-15.49.14:221][944]LogShaderCompilers: Display: Worker (7/13): shaders left to compile 24
[2020.01.23-15.49.14:221][944]LogShaderCompilers: Display: Worker (8/13): shaders left to compile 23
[2020.01.23-15.49.14:222][944]LogShaderCompilers: Display: Worker (9/13): shaders left to compile 22
[2020.01.23-15.49.14:222][944]LogShaderCompilers: Display: Worker (10/13): shaders left to compile 21
[2020.01.23-15.49.14:222][944]LogShaderCompilers: Display: Worker (11/13): shaders left to compile 20
[2020.01.23-15.49.14:222][944]LogShaderCompilers: Display: Worker (12/13): shaders left to compile 19
[2020.01.23-15.49.14:226][944]LogMaterial: Display: Missing cached shader map for material FMatExpressionPreview MaterialExpressionTextureSample_0, compiling. 
[2020.01.23-15.49.14:239][944]LogMaterial: Display: Missing cached shader map for material m_Soil, compiling. 
[2020.01.23-15.49.14:259][944]LogMaterial: Display: Missing cached shader map for material FMatExpressionPreview MaterialExpressionTextureSample_1, compiling. 
[2020.01.23-15.49.14:273][944]LogMaterial: Display: Missing cached shader map for material FMatExpressionPreview MaterialExpressionTextureSample_0, compiling. 
[2020.01.23-15.49.14:284][944]LogMaterial: Display: Missing cached shader map for material FMatExpressionPreview MaterialExpressionTextureSample_1, compiling. 
[2020.01.23-15.49.14:307][944]LogMaterial: Display: Missing cached shader map for material m_Soil, compiling. 
[2020.01.23-15.49.14:334][944]LogMaterial: Display: Missing cached shader map for material FMatExpressionPreview MaterialExpressionTextureSample_2, compiling. 
[2020.01.23-15.49.14:354][944]LogMaterial: Display: Missing cached shader map for material FMatExpressionPreview MaterialExpressionTextureSample_0, compiling. 
[2020.01.23-15.49.14:364][944]LogMaterial: Display: Missing cached shader map for material FMatExpressionPreview MaterialExpressionTextureSample_1, compiling. 
[2020.01.23-15.49.14:374][944]LogMaterial: Display: Missing cached shader map for material FMatExpressionPreview MaterialExpressionTextureSample_2, compiling. 
[2020.01.23-15.49.14:434][945]LogShaderCompilers: Display: Worker (8/13): shaders left to compile 42
[2020.01.23-15.49.14:466][946]LogShaderCompilers: Display: Worker (1/13): shaders left to compile 41
[2020.01.23-15.49.14:485][947]LogShaderCompilers: Display: Worker (3/13): shaders left to compile 40
[2020.01.23-15.49.14:506][948]LogShaderCompilers: Display: Worker (2/13): shaders left to compile 39
[2020.01.23-15.49.14:525][949]LogShaderCompilers: Display: Worker (5/13): shaders left to compile 38
[2020.01.23-15.49.14:525][949]LogShaderCompilers: Display: Worker (6/13): shaders left to compile 37
[2020.01.23-15.49.14:543][950]LogShaderCompilers: Display: Worker (4/13): shaders left to compile 36
[2020.01.23-15.49.14:543][950]LogShaderCompilers: Display: Worker (7/13): shaders left to compile 35
[2020.01.23-15.49.14:543][950]LogShaderCompilers: Display: Worker (9/13): shaders left to compile 34
[2020.01.23-15.49.14:674][955]LogShaderCompilers: Display: Worker (8/13): shaders left to compile 33
[2020.01.23-15.49.14:705][956]LogShaderCompilers: Display: Worker (12/13): shaders left to compile 32
[2020.01.23-15.49.14:705][956]LogShaderCompilers: Display: Worker (7/13): shaders left to compile 31
[2020.01.23-15.49.14:776][959]LogShaderCompilers: Display: Worker (1/13): shaders left to compile 30
[2020.01.23-15.49.14:776][959]LogShaderCompilers: Display: Worker (3/13): shaders left to compile 29
[2020.01.23-15.49.14:800][960]LogShaderCompilers: Display: Worker (9/13): shaders left to compile 28
[2020.01.23-15.49.14:819][961]LogShaderCompilers: Display: Worker (2/13): shaders left to compile 27
[2020.01.23-15.49.14:838][962]LogShaderCompilers: Display: Worker (5/13): shaders left to compile 26
[2020.01.23-15.49.14:838][962]LogShaderCompilers: Display: Worker (4/13): shaders left to compile 25
[2020.01.23-15.49.14:856][963]LogShaderCompilers: Display: Worker (6/13): shaders left to compile 24
[2020.01.23-15.49.14:876][964]LogShaderCompilers: Display: Worker (10/13): shaders left to compile 23
[2020.01.23-15.49.14:937][967]LogShaderCompilers: Display: Worker (11/13): shaders left to compile 22
[2020.01.23-15.49.15:116][974]LogShaderCompilers: Display: Worker (7/13): shaders left to compile 21
[2020.01.23-15.49.15:270][981]LogShaderCompilers: Display: Worker (9/13): shaders left to compile 20
[2020.01.23-15.49.15:290][982]LogShaderCompilers: Display: Worker (4/13): shaders left to compile 19
[2020.01.23-15.49.15:351][985]LogShaderCompilers: Display: Worker (11/13): shaders left to compile 18
[2020.01.23-15.49.15:372][986]LogShaderCompilers: Display: Worker (8/13): shaders left to compile 17
[2020.01.23-15.49.15:372][986]LogShaderCompilers: Display: Worker (12/13): shaders left to compile 16
[2020.01.23-15.49.15:422][988]LogShaderCompilers: Display: Worker (2/13): shaders left to compile 15
[2020.01.23-15.49.15:441][989]LogShaderCompilers: Display: Worker (5/13): shaders left to compile 14
[2020.01.23-15.49.15:462][990]LogShaderCompilers: Display: Worker (1/13): shaders left to compile 13
[2020.01.23-15.49.15:462][990]LogShaderCompilers: Display: Worker (3/13): shaders left to compile 12
[2020.01.23-15.49.15:480][991]LogShaderCompilers: Display: Worker (6/13): shaders left to compile 11
[2020.01.23-15.49.15:532][994]LogShaderCompilers: Display: Worker (10/13): shaders left to compile 10
[2020.01.23-15.49.15:623][998]LogShaderCompilers: Display: Worker (7/13): shaders left to compile 9
[2020.01.23-15.49.15:676][  0]LogShaderCompilers: Display: Worker (4/13): shaders left to compile 8
[2020.01.23-15.49.15:701][  1]LogShaderCompilers: Display: Worker (12/13): shaders left to compile 7
[2020.01.23-15.49.15:873][  8]LogShaderCompilers: Display: Worker (1/13): shaders left to compile 6
[2020.01.23-15.49.15:896][  9]LogShaderCompilers: Display: Worker (9/13): shaders left to compile 5
[2020.01.23-15.49.15:941][ 11]LogShaderCompilers: Display: Worker (10/13): shaders left to compile 4
[2020.01.23-15.49.15:961][ 12]LogShaderCompilers: Display: Worker (3/13): shaders left to compile 3
[2020.01.23-15.49.15:979][ 13]LogShaderCompilers: Display: Worker (6/13): shaders left to compile 2
[2020.01.23-15.49.15:979][ 13]LogShaderCompilers: Display: Worker (2/13): shaders left to compile 1
[2020.01.23-15.49.16:794][ 73]MaterialEditorStats: Base pass shader: 117 instructions
[2020.01.23-15.49.16:794][ 73]MaterialEditorStats: Base pass shader with Surface Lightmap: 144 instructions
[2020.01.23-15.49.16:794][ 73]MaterialEditorStats: Base pass shader with Volumetric Lightmap: 191 instructions
[2020.01.23-15.49.16:794][ 73]MaterialEditorStats: Base pass vertex shader: 40 instructions
[2020.01.23-15.49.16:794][ 73]MaterialEditorStats: Texture samplers: 3/16
[2020.01.23-15.49.19:147][275]LogMaterial: Display: Missing cached shader map for material m_Soil, compiling. 
[2020.01.23-15.49.19:170][275]LogShaderCompilers: Display: Worker (1/13): shaders left to compile 30
[2020.01.23-15.49.19:170][275]LogShaderCompilers: Display: Worker (2/13): shaders left to compile 29
[2020.01.23-15.49.19:170][275]LogShaderCompilers: Display: Worker (3/13): shaders left to compile 28
[2020.01.23-15.49.19:170][275]LogShaderCompilers: Display: Worker (4/13): shaders left to compile 27
[2020.01.23-15.49.19:170][275]LogShaderCompilers: Display: Worker (5/13): shaders left to compile 26
[2020.01.23-15.49.19:170][275]LogShaderCompilers: Display: Worker (6/13): shaders left to compile 25
[2020.01.23-15.49.19:170][275]LogShaderCompilers: Display: Worker (7/13): shaders left to compile 24
[2020.01.23-15.49.19:170][275]LogShaderCompilers: Display: Worker (8/13): shaders left to compile 23
[2020.01.23-15.49.19:170][275]LogShaderCompilers: Display: Worker (9/13): shaders left to compile 22
[2020.01.23-15.49.19:171][275]LogShaderCompilers: Display: Worker (10/13): shaders left to compile 21
[2020.01.23-15.49.19:171][275]LogShaderCompilers: Display: Worker (11/13): shaders left to compile 20
[2020.01.23-15.49.19:171][275]LogShaderCompilers: Display: Worker (12/13): shaders left to compile 19
[2020.01.23-15.49.19:171][275]LogMaterial: Display: Missing cached shader map for material FMatExpressionPreview MaterialExpressionTextureSample_2, compiling. 
[2020.01.23-15.49.19:373][284]LogShaderCompilers: Display: Worker (8/13): shaders left to compile 22
[2020.01.23-15.49.19:419][286]LogShaderCompilers: Display: Worker (2/13): shaders left to compile 21
[2020.01.23-15.49.19:469][288]LogShaderCompilers: Display: Worker (1/13): shaders left to compile 20
[2020.01.23-15.49.19:469][288]LogShaderCompilers: Display: Worker (3/13): shaders left to compile 19
[2020.01.23-15.49.19:511][289]LogShaderCompilers: Display: Worker (4/13): shaders left to compile 18
[2020.01.23-15.49.19:511][289]LogShaderCompilers: Display: Worker (5/13): shaders left to compile 17
[2020.01.23-15.49.19:533][290]LogShaderCompilers: Display: Worker (7/13): shaders left to compile 16
[2020.01.23-15.49.19:533][290]LogShaderCompilers: Display: Worker (9/13): shaders left to compile 15
[2020.01.23-15.49.19:553][291]LogShaderCompilers: Display: Worker (6/13): shaders left to compile 14
[2020.01.23-15.49.19:655][296]LogShaderCompilers: Display: Worker (12/13): shaders left to compile 13
[2020.01.23-15.49.19:887][304]LogShaderCompilers: Display: Worker (10/13): shaders left to compile 12
[2020.01.23-15.49.19:887][304]LogShaderCompilers: Display: Worker (1/13): shaders left to compile 11
[2020.01.23-15.49.19:957][308]LogShaderCompilers: Display: Worker (11/13): shaders left to compile 10
[2020.01.23-15.49.19:957][308]LogShaderCompilers: Display: Worker (5/13): shaders left to compile 9
[2020.01.23-15.49.19:981][309]LogShaderCompilers: Display: Worker (6/13): shaders left to compile 8
[2020.01.23-15.49.20:043][312]LogShaderCompilers: Display: Worker (8/13): shaders left to compile 7
[2020.01.23-15.49.20:090][314]LogShaderCompilers: Display: Worker (2/13): shaders left to compile 6
[2020.01.23-15.49.20:112][315]LogShaderCompilers: Display: Worker (4/13): shaders left to compile 5
[2020.01.23-15.49.20:132][316]LogShaderCompilers: Display: Worker (3/13): shaders left to compile 4
[2020.01.23-15.49.20:151][317]LogShaderCompilers: Display: Worker (7/13): shaders left to compile 3
[2020.01.23-15.49.20:182][318]LogShaderCompilers: Display: Worker (9/13): shaders left to compile 2
[2020.01.23-15.49.20:265][322]LogShaderCompilers: Display: Worker (12/13): shaders left to compile 1
[2020.01.23-15.49.20:728][347]LogMaterial: Display: Missing cached shader map for material m_Soil, compiling. 
[2020.01.23-15.49.20:754][347]LogMaterial: Display: Missing cached shader map for material FMatExpressionPreview MaterialExpressionTextureSample_0, compiling. 
[2020.01.23-15.49.20:759][347]LogShaderCompilers: Display: Worker (1/13): shaders left to compile 30
[2020.01.23-15.49.20:760][347]LogShaderCompilers: Display: Worker (2/13): shaders left to compile 29
[2020.01.23-15.49.20:760][347]LogShaderCompilers: Display: Worker (3/13): shaders left to compile 28
[2020.01.23-15.49.20:760][347]LogShaderCompilers: Display: Worker (4/13): shaders left to compile 27
[2020.01.23-15.49.20:760][347]LogShaderCompilers: Display: Worker (5/13): shaders left to compile 26
[2020.01.23-15.49.20:760][347]LogShaderCompilers: Display: Worker (6/13): shaders left to compile 25
[2020.01.23-15.49.20:760][347]LogShaderCompilers: Display: Worker (7/13): shaders left to compile 24
[2020.01.23-15.49.20:760][347]LogShaderCompilers: Display: Worker (8/13): shaders left to compile 23
[2020.01.23-15.49.20:760][347]LogShaderCompilers: Display: Worker (9/13): shaders left to compile 22
[2020.01.23-15.49.20:760][347]LogShaderCompilers: Display: Worker (10/13): shaders left to compile 21
[2020.01.23-15.49.20:760][347]LogShaderCompilers: Display: Worker (11/13): shaders left to compile 20
[2020.01.23-15.49.20:760][347]LogShaderCompilers: Display: Worker (12/13): shaders left to compile 19
[2020.01.23-15.49.20:973][357]LogShaderCompilers: Display: Worker (8/13): shaders left to compile 22
[2020.01.23-15.49.21:051][360]LogShaderCompilers: Display: Worker (1/13): shaders left to compile 21
[2020.01.23-15.49.21:051][360]LogShaderCompilers: Display: Worker (3/13): shaders left to compile 20
[2020.01.23-15.49.21:072][361]LogShaderCompilers: Display: Worker (4/13): shaders left to compile 19
[2020.01.23-15.49.21:072][361]LogShaderCompilers: Display: Worker (2/13): shaders left to compile 18
[2020.01.23-15.49.21:095][362]LogShaderCompilers: Display: Worker (6/13): shaders left to compile 17
[2020.01.23-15.49.21:096][362]LogShaderCompilers: Display: Worker (7/13): shaders left to compile 16
[2020.01.23-15.49.21:115][363]LogShaderCompilers: Display: Worker (5/13): shaders left to compile 15
[2020.01.23-15.49.21:133][364]LogShaderCompilers: Display: Worker (9/13): shaders left to compile 14
[2020.01.23-15.49.21:264][370]LogShaderCompilers: Display: Worker (12/13): shaders left to compile 13
[2020.01.23-15.49.21:503][379]LogShaderCompilers: Display: Worker (10/13): shaders left to compile 12
[2020.01.23-15.49.21:524][380]LogShaderCompilers: Display: Worker (11/13): shaders left to compile 11
[2020.01.23-15.49.21:548][380]LogShaderCompilers: Display: Worker (3/13): shaders left to compile 10
[2020.01.23-15.49.21:548][380]LogShaderCompilers: Display: Worker (6/13): shaders left to compile 9
[2020.01.23-15.49.21:548][380]LogShaderCompilers: Display: Worker (9/13): shaders left to compile 8
[2020.01.23-15.49.21:664][387]LogShaderCompilers: Display: Worker (8/13): shaders left to compile 7
[2020.01.23-15.49.21:664][387]LogShaderCompilers: Display: Worker (4/13): shaders left to compile 6
[2020.01.23-15.49.21:686][388]LogShaderCompilers: Display: Worker (2/13): shaders left to compile 5
[2020.01.23-15.49.21:735][389]LogShaderCompilers: Display: Worker (7/13): shaders left to compile 4
[2020.01.23-15.49.21:758][389]LogShaderCompilers: Display: Worker (1/13): shaders left to compile 3
[2020.01.23-15.49.21:785][391]LogShaderCompilers: Display: Worker (5/13): shaders left to compile 2
[2020.01.23-15.49.21:850][394]LogShaderCompilers: Display: Worker (12/13): shaders left to compile 1
[2020.01.23-15.49.22:295][415]LogMaterial: Display: Missing cached shader map for material m_Soil, compiling. 
[2020.01.23-15.49.22:317][415]LogShaderCompilers: Display: Worker (1/13): shaders left to compile 30
[2020.01.23-15.49.22:317][415]LogShaderCompilers: Display: Worker (2/13): shaders left to compile 29
[2020.01.23-15.49.22:317][415]LogShaderCompilers: Display: Worker (3/13): shaders left to compile 28
[2020.01.23-15.49.22:317][415]LogShaderCompilers: Display: Worker (4/13): shaders left to compile 27
[2020.01.23-15.49.22:317][415]LogShaderCompilers: Display: Worker (5/13): shaders left to compile 26
[2020.01.23-15.49.22:317][415]LogShaderCompilers: Display: Worker (6/13): shaders left to compile 25
[2020.01.23-15.49.22:317][415]LogShaderCompilers: Display: Worker (7/13): shaders left to compile 24
[2020.01.23-15.49.22:317][415]LogShaderCompilers: Display: Worker (8/13): shaders left to compile 23
[2020.01.23-15.49.22:317][415]LogShaderCompilers: Display: Worker (9/13): shaders left to compile 22
[2020.01.23-15.49.22:317][415]LogShaderCompilers: Display: Worker (10/13): shaders left to compile 21
[2020.01.23-15.49.22:317][415]LogShaderCompilers: Display: Worker (11/13): shaders left to compile 20
[2020.01.23-15.49.22:317][415]LogShaderCompilers: Display: Worker (12/13): shaders left to compile 19
[2020.01.23-15.49.22:320][415]LogMaterial: Display: Missing cached shader map for material FMatExpressionPreview MaterialExpressionTextureSample_1, compiling. 
[2020.01.23-15.49.22:533][425]LogShaderCompilers: Display: Worker (8/13): shaders left to compile 22
[2020.01.23-15.49.22:597][428]LogShaderCompilers: Display: Worker (2/13): shaders left to compile 21
[2020.01.23-15.49.22:618][429]LogShaderCompilers: Display: Worker (1/13): shaders left to compile 20
[2020.01.23-15.49.22:618][429]LogShaderCompilers: Display: Worker (3/13): shaders left to compile 19
[2020.01.23-15.49.22:642][430]LogShaderCompilers: Display: Worker (4/13): shaders left to compile 18
[2020.01.23-15.49.22:671][431]LogShaderCompilers: Display: Worker (5/13): shaders left to compile 17
[2020.01.23-15.49.22:671][431]LogShaderCompilers: Display: Worker (6/13): shaders left to compile 16
[2020.01.23-15.49.22:671][431]LogShaderCompilers: Display: Worker (7/13): shaders left to compile 15
[2020.01.23-15.49.22:671][431]LogShaderCompilers: Display: Worker (9/13): shaders left to compile 14
[2020.01.23-15.49.22:854][439]LogShaderCompilers: Display: Worker (12/13): shaders left to compile 13
[2020.01.23-15.49.23:040][446]LogShaderCompilers: Display: Worker (10/13): shaders left to compile 12
[2020.01.23-15.49.23:040][446]LogShaderCompilers: Display: Worker (1/13): shaders left to compile 11
[2020.01.23-15.49.23:087][447]LogShaderCompilers: Display: Worker (5/13): shaders left to compile 10
[2020.01.23-15.49.23:087][447]LogShaderCompilers: Display: Worker (9/13): shaders left to compile 9
[2020.01.23-15.49.23:113][449]LogShaderCompilers: Display: Worker (11/13): shaders left to compile 8
[2020.01.23-15.49.23:187][453]LogShaderCompilers: Display: Worker (8/13): shaders left to compile 7
[2020.01.23-15.49.23:225][455]LogShaderCompilers: Display: Worker (3/13): shaders left to compile 6
[2020.01.23-15.49.23:245][456]LogShaderCompilers: Display: Worker (4/13): shaders left to compile 5
[2020.01.23-15.49.23:287][458]LogShaderCompilers: Display: Worker (2/13): shaders left to compile 4
[2020.01.23-15.49.23:306][459]LogShaderCompilers: Display: Worker (6/13): shaders left to compile 3
[2020.01.23-15.49.23:327][460]LogShaderCompilers: Display: Worker (7/13): shaders left to compile 2
[2020.01.23-15.49.23:437][462]LogShaderCompilers: Display: Worker (1/13): shaders left to compile 1
[2020.01.23-15.49.26:199][687]LogMaterial: Display: Missing cached shader map for material m_Soil, compiling. 
[2020.01.23-15.49.26:221][687]LogShaderCompilers: Display: Worker (1/13): shaders left to compile 30
[2020.01.23-15.49.26:221][687]LogShaderCompilers: Display: Worker (2/13): shaders left to compile 29
[2020.01.23-15.49.26:221][687]LogShaderCompilers: Display: Worker (3/13): shaders left to compile 28
[2020.01.23-15.49.26:221][687]LogShaderCompilers: Display: Worker (4/13): shaders left to compile 27
[2020.01.23-15.49.26:221][687]LogShaderCompilers: Display: Worker (5/13): shaders left to compile 26
[2020.01.23-15.49.26:221][687]LogShaderCompilers: Display: Worker (6/13): shaders left to compile 25
[2020.01.23-15.49.26:221][687]LogShaderCompilers: Display: Worker (7/13): shaders left to compile 24
[2020.01.23-15.49.26:221][687]LogShaderCompilers: Display: Worker (8/13): shaders left to compile 23
[2020.01.23-15.49.26:221][687]LogShaderCompilers: Display: Worker (9/13): shaders left to compile 22
[2020.01.23-15.49.26:222][687]LogShaderCompilers: Display: Worker (10/13): shaders left to compile 21
[2020.01.23-15.49.26:222][687]LogShaderCompilers: Display: Worker (11/13): shaders left to compile 20
[2020.01.23-15.49.26:222][687]LogShaderCompilers: Display: Worker (12/13): shaders left to compile 19
[2020.01.23-15.49.26:224][687]LogMaterial: Display: Missing cached shader map for material FMatExpressionPreview MaterialExpressionTextureSample_1, compiling. 
[2020.01.23-15.49.26:415][695]LogShaderCompilers: Display: Worker (8/13): shaders left to compile 22
[2020.01.23-15.49.26:486][698]LogShaderCompilers: Display: Worker (3/13): shaders left to compile 21
[2020.01.23-15.49.26:518][699]LogShaderCompilers: Display: Worker (2/13): shaders left to compile 20
[2020.01.23-15.49.26:518][699]LogShaderCompilers: Display: Worker (1/13): shaders left to compile 19
[2020.01.23-15.49.26:518][699]LogShaderCompilers: Display: Worker (4/13): shaders left to compile 18
[2020.01.23-15.49.26:548][700]LogShaderCompilers: Display: Worker (9/13): shaders left to compile 17
[2020.01.23-15.49.26:548][700]LogShaderCompilers: Display: Worker (5/13): shaders left to compile 16
[2020.01.23-15.49.26:574][701]LogShaderCompilers: Display: Worker (7/13): shaders left to compile 15
[2020.01.23-15.49.26:617][703]LogShaderCompilers: Display: Worker (6/13): shaders left to compile 14
[2020.01.23-15.49.26:740][707]LogShaderCompilers: Display: Worker (12/13): shaders left to compile 13
[2020.01.23-15.49.26:911][713]LogShaderCompilers: Display: Worker (10/13): shaders left to compile 12
[2020.01.23-15.49.26:937][714]LogShaderCompilers: Display: Worker (2/13): shaders left to compile 11
[2020.01.23-15.49.26:965][715]LogShaderCompilers: Display: Worker (9/13): shaders left to compile 10
[2020.01.23-15.49.26:965][715]LogShaderCompilers: Display: Worker (11/13): shaders left to compile 9
[2020.01.23-15.49.27:020][716]LogShaderCompilers: Display: Worker (6/13): shaders left to compile 8
[2020.01.23-15.49.27:044][718]LogShaderCompilers: Display: Worker (8/13): shaders left to compile 7
[2020.01.23-15.49.27:096][720]LogShaderCompilers: Display: Worker (1/13): shaders left to compile 6
[2020.01.23-15.49.27:122][721]LogShaderCompilers: Display: Worker (4/13): shaders left to compile 5
[2020.01.23-15.49.27:145][722]LogShaderCompilers: Display: Worker (5/13): shaders left to compile 4
[2020.01.23-15.49.27:176][723]LogShaderCompilers: Display: Worker (3/13): shaders left to compile 3
[2020.01.23-15.49.27:179][723]LogShaderCompilers: Display: Worker (7/13): shaders left to compile 2
[2020.01.23-15.49.27:248][724]LogShaderCompilers: Display: Worker (12/13): shaders left to compile 1
[2020.01.23-15.49.28:098][783]LogMaterial: Display: Missing cached shader map for material m_Soil, compiling. 
[2020.01.23-15.49.28:117][783]LogShaderCompilers: Display: Worker (1/13): shaders left to compile 30
[2020.01.23-15.49.28:117][783]LogShaderCompilers: Display: Worker (2/13): shaders left to compile 29
[2020.01.23-15.49.28:117][783]LogShaderCompilers: Display: Worker (3/13): shaders left to compile 28
[2020.01.23-15.49.28:117][783]LogShaderCompilers: Display: Worker (4/13): shaders left to compile 27
[2020.01.23-15.49.28:117][783]LogShaderCompilers: Display: Worker (5/13): shaders left to compile 26
[2020.01.23-15.49.28:117][783]LogShaderCompilers: Display: Worker (6/13): shaders left to compile 25
[2020.01.23-15.49.28:117][783]LogShaderCompilers: Display: Worker (7/13): shaders left to compile 24
[2020.01.23-15.49.28:117][783]LogShaderCompilers: Display: Worker (8/13): shaders left to compile 23
[2020.01.23-15.49.28:118][783]LogShaderCompilers: Display: Worker (9/13): shaders left to compile 22
[2020.01.23-15.49.28:118][783]LogShaderCompilers: Display: Worker (10/13): shaders left to compile 21
[2020.01.23-15.49.28:118][783]LogShaderCompilers: Display: Worker (11/13): shaders left to compile 20
[2020.01.23-15.49.28:118][783]LogShaderCompilers: Display: Worker (12/13): shaders left to compile 19
[2020.01.23-15.49.28:120][783]LogMaterial: Display: Missing cached shader map for material FMatExpressionPreview MaterialExpressionTextureSample_1, compiling. 
[2020.01.23-15.49.28:305][792]LogShaderCompilers: Display: Worker (8/13): shaders left to compile 22
[2020.01.23-15.49.28:394][795]LogShaderCompilers: Display: Worker (1/13): shaders left to compile 21
[2020.01.23-15.49.28:394][795]LogShaderCompilers: Display: Worker (2/13): shaders left to compile 20
[2020.01.23-15.49.28:416][796]LogShaderCompilers: Display: Worker (3/13): shaders left to compile 19
[2020.01.23-15.49.28:416][796]LogShaderCompilers: Display: Worker (4/13): shaders left to compile 18
[2020.01.23-15.49.28:436][797]LogShaderCompilers: Display: Worker (5/13): shaders left to compile 17
[2020.01.23-15.49.28:465][797]LogShaderCompilers: Display: Worker (9/13): shaders left to compile 16
[2020.01.23-15.49.28:466][797]LogShaderCompilers: Display: Worker (6/13): shaders left to compile 15
[2020.01.23-15.49.28:466][797]LogShaderCompilers: Display: Worker (7/13): shaders left to compile 14
[2020.01.23-15.49.28:590][803]LogShaderCompilers: Display: Worker (12/13): shaders left to compile 13
[2020.01.23-15.49.28:800][811]LogShaderCompilers: Display: Worker (10/13): shaders left to compile 12
[2020.01.23-15.49.28:821][812]LogShaderCompilers: Display: Worker (2/13): shaders left to compile 11
[2020.01.23-15.49.28:862][814]LogShaderCompilers: Display: Worker (7/13): shaders left to compile 10
[2020.01.23-15.49.28:862][814]LogShaderCompilers: Display: Worker (11/13): shaders left to compile 9
[2020.01.23-15.49.28:882][815]LogShaderCompilers: Display: Worker (5/13): shaders left to compile 8
[2020.01.23-15.49.28:940][818]LogShaderCompilers: Display: Worker (8/13): shaders left to compile 7
[2020.01.23-15.49.29:000][821]LogShaderCompilers: Display: Worker (3/13): shaders left to compile 6
[2020.01.23-15.49.29:021][822]LogShaderCompilers: Display: Worker (4/13): shaders left to compile 5
[2020.01.23-15.49.29:043][823]LogShaderCompilers: Display: Worker (9/13): shaders left to compile 4
[2020.01.23-15.49.29:063][824]LogShaderCompilers: Display: Worker (1/13): shaders left to compile 3
[2020.01.23-15.49.29:084][825]LogShaderCompilers: Display: Worker (6/13): shaders left to compile 2
[2020.01.23-15.49.29:153][828]LogShaderCompilers: Display: Worker (12/13): shaders left to compile 1
[2020.01.23-15.49.29:515][847]MaterialEditorStats: Base pass shader: 128 instructions
[2020.01.23-15.49.29:515][847]MaterialEditorStats: Base pass shader with Surface Lightmap: 159 instructions
[2020.01.23-15.49.29:515][847]MaterialEditorStats: Base pass shader with Volumetric Lightmap: 206 instructions
[2020.01.23-15.49.29:515][847]MaterialEditorStats: Base pass vertex shader: 44 instructions
[2020.01.23-15.49.29:515][847]MaterialEditorStats: Texture samplers: 6/16
[2020.01.23-15.49.29:515][847]MaterialEditorStats: Texture Lookups (Est.): VS(0), PS(3)
[2020.01.23-15.49.29:515][847]MaterialEditorStats: User interpolators: 2/4 Scalars (1/4 Vectors) (TexCoords: 2, Custom: 0)
[2020.01.23-15.49.30:695][950]LogMaterialEditor: Saving and Compiling material m_Soil
[2020.01.23-15.49.32:170][950]LogMaterial: Display: Missing cached shader map for material m_Soil, compiling. 
[2020.01.23-15.49.32:242][950]LogShaderCompilers: Display: Worker (1/13): shaders left to compile 30
[2020.01.23-15.49.32:242][950]LogShaderCompilers: Display: Worker (2/13): shaders left to compile 29
[2020.01.23-15.49.32:242][950]LogShaderCompilers: Display: Worker (3/13): shaders left to compile 28
[2020.01.23-15.49.32:242][950]LogShaderCompilers: Display: Worker (4/13): shaders left to compile 27
[2020.01.23-15.49.32:242][950]LogShaderCompilers: Display: Worker (5/13): shaders left to compile 26
[2020.01.23-15.49.32:242][950]LogShaderCompilers: Display: Worker (6/13): shaders left to compile 25
[2020.01.23-15.49.32:242][950]LogShaderCompilers: Display: Worker (7/13): shaders left to compile 24
[2020.01.23-15.49.32:242][950]LogShaderCompilers: Display: Worker (8/13): shaders left to compile 23
[2020.01.23-15.49.32:242][950]LogShaderCompilers: Display: Worker (9/13): shaders left to compile 22
[2020.01.23-15.49.32:242][950]LogShaderCompilers: Display: Worker (10/13): shaders left to compile 21
[2020.01.23-15.49.32:242][950]LogShaderCompilers: Display: Worker (11/13): shaders left to compile 20
[2020.01.23-15.49.32:242][950]LogShaderCompilers: Display: Worker (12/13): shaders left to compile 19
[2020.01.23-15.49.32:254][950]LogMaterial: Display: Missing cached shader map for material m_Soil, compiling. 
[2020.01.23-15.49.32:283][950]LogMaterial: Display: Missing cached shader map for material m_Soil, compiling. 
[2020.01.23-15.49.32:343][950]LogUObjectHash: Compacting FUObjectHashTables data took   1.92ms
[2020.01.23-15.49.32:357][950]LogMaterial: Display: Missing cached shader map for material DebugViewMode MaterialTexCoordScale, compiling. 
[2020.01.23-15.49.33:398][950]LogShaderCompilers: Display: Worker (8/13): shaders left to compile 51
[2020.01.23-15.49.33:398][950]LogShaderCompilers: Display: Worker (2/13): shaders left to compile 50
[2020.01.23-15.49.33:398][950]LogShaderCompilers: Display: Worker (1/13): shaders left to compile 49
[2020.01.23-15.49.33:398][950]LogShaderCompilers: Display: Worker (3/13): shaders left to compile 48
[2020.01.23-15.49.33:398][950]LogShaderCompilers: Display: Worker (4/13): shaders left to compile 47
[2020.01.23-15.49.33:398][950]LogShaderCompilers: Display: Worker (6/13): shaders left to compile 46
[2020.01.23-15.49.33:398][950]LogShaderCompilers: Display: Worker (5/13): shaders left to compile 45
[2020.01.23-15.49.33:398][950]LogShaderCompilers: Display: Worker (7/13): shaders left to compile 44
[2020.01.23-15.49.33:398][950]LogShaderCompilers: Display: Worker (9/13): shaders left to compile 43
[2020.01.23-15.49.33:398][950]LogShaderCompilers: Display: Worker (12/13): shaders left to compile 42
[2020.01.23-15.49.33:398][950]LogShaderCompilers: Display: Worker (10/13): shaders left to compile 41
[2020.01.23-15.49.33:398][950]LogShaderCompilers: Display: Worker (11/13): shaders left to compile 40
[2020.01.23-15.49.33:398][950]LogShaderCompilers: Display: Worker (1/13): shaders left to compile 39
[2020.01.23-15.49.33:398][950]LogShaderCompilers: Display: Worker (6/13): shaders left to compile 38
[2020.01.23-15.49.33:398][950]LogShaderCompilers: Display: Worker (9/13): shaders left to compile 37
[2020.01.23-15.49.33:398][950]LogShaderCompilers: Display: Worker (8/13): shaders left to compile 36
[2020.01.23-15.49.33:398][950]LogShaderCompilers: Display: Worker (3/13): shaders left to compile 35
[2020.01.23-15.49.33:398][950]LogShaderCompilers: Display: Worker (4/13): shaders left to compile 34
[2020.01.23-15.49.33:398][950]LogShaderCompilers: Display: Worker (5/13): shaders left to compile 33
[2020.01.23-15.49.33:398][950]LogShaderCompilers: Display: Worker (2/13): shaders left to compile 32
[2020.01.23-15.49.33:398][950]LogShaderCompilers: Display: Worker (7/13): shaders left to compile 31
[2020.01.23-15.49.33:398][950]LogShaderCompilers: Display: Worker (12/13): shaders left to compile 28
[2020.01.23-15.49.33:398][950]LogShaderCompilers: Display: Worker (11/13): shaders left to compile 25
[2020.01.23-15.49.33:398][950]LogShaderCompilers: Display: Worker (9/13): shaders left to compile 22
[2020.01.23-15.49.33:398][950]LogShaderCompilers: Display: Worker (5/13): shaders left to compile 20
[2020.01.23-15.49.33:398][950]LogShaderCompilers: Display: Worker (2/13): shaders left to compile 18
[2020.01.23-15.49.33:402][950]TextureStreamingBuild: Display: Compiling optional shaders took 1.059 seconds.
[2020.01.23-15.49.33:450][950]LogShaderCompilers: Display: Worker (10/13): shaders left to compile 16
[2020.01.23-15.49.33:450][950]LogShaderCompilers: Display: Worker (4/13): shaders left to compile 14
[2020.01.23-15.49.33:450][950]LogUObjectHash: Compacting FUObjectHashTables data took   1.43ms
[2020.01.23-15.49.34:496][950]LogShaderCompilers: Display: Worker (1/13): shaders left to compile 12
[2020.01.23-15.49.34:497][950]LogShaderCompilers: Display: Worker (8/13): shaders left to compile 10
[2020.01.23-15.49.34:497][950]LogShaderCompilers: Display: Worker (6/13): shaders left to compile 9
[2020.01.23-15.49.34:497][950]LogShaderCompilers: Display: Worker (3/13): shaders left to compile 8
[2020.01.23-15.49.34:497][950]LogShaderCompilers: Display: Worker (11/13): shaders left to compile 7
[2020.01.23-15.49.34:497][950]LogShaderCompilers: Display: Worker (3/13): shaders left to compile 6
[2020.01.23-15.49.34:497][950]LogShaderCompilers: Display: Worker (7/13): shaders left to compile 5
[2020.01.23-15.49.34:497][950]LogShaderCompilers: Display: Worker (12/13): shaders left to compile 4
[2020.01.23-15.49.34:497][950]LogShaderCompilers: Display: Worker (8/13): shaders left to compile 3
[2020.01.23-15.49.34:497][950]LogShaderCompilers: Display: Worker (6/13): shaders left to compile 2
[2020.01.23-15.49.34:497][950]LogShaderCompilers: Display: Worker (5/13): shaders left to compile 1
[2020.01.23-15.49.34:524][950]Cmd: OBJ SAVEPACKAGE PACKAGE="/Game/Materials/m_Soil" FILE="../../../../Art/Park_SFAS/Park/Content/Materials/m_Soil.uasset" SILENT=true
[2020.01.23-15.49.34:545][950]LogSavePackage: Moving '../../../../Art/Park_SFAS/Park/Saved/m_Soil1134208D4EAFE50D53395180E42ECE1B.tmp' to '../../../../Art/Park_SFAS/Park/Content/Materials/m_Soil.uasset'
[2020.01.23-15.49.39:881][374]LogAssetEditorManager: Opening Asset editor for StaticMesh /Game/Meshes/SM_soil.SM_soil
[2020.01.23-15.49.51:149][450]LogSlate: FSceneViewport::OnFocusLost() reason 0
[2020.01.23-15.49.51:320][464]LogActorFactory: Actor Factory created SM_soil
[2020.01.23-15.49.51:829][489]LogActorFactory: Actor Factory created SM_soil
[2020.01.23-15.49.57:697][976]Cmd: SELECT NONE
[2020.01.23-15.50.00:039][141]LogEditorViewport: Clicking on Actor (LMB): StaticMeshActor (SM_soil)
[2020.01.23-15.50.21:666][746]Cmd: SELECT NONE
[2020.01.23-15.50.22:204][807]LogEditorViewport: Clicking on Actor (LMB): StaticMeshActor (bush_low)
[2020.01.23-15.50.27:111][245]LogEditorViewport: Clicking on Actor (LMB): StaticMeshActor (SM_soil)
[2020.01.23-15.50.27:272][256]Cmd: SELECT NONE
[2020.01.23-15.50.32:950][680]LogEditorViewport: Clicking on Actor (LMB): StaticMeshActor (SM_soil)
[2020.01.23-15.50.44:119][552]Cmd: SELECT NONE
[2020.01.23-15.50.47:101][775]LogSlate: FSceneViewport::OnFocusLost() reason 5
[2020.01.23-15.50.47:957][853]LogSlate: FSceneViewport::OnFocusLost() reason 0
[2020.01.23-15.50.48:061][864]LogEditorViewport: Clicking on Actor (LMB): StaticMeshActor (SM_Rock3_low6)
[2020.01.23-15.50.50:255][ 83]LogEditorViewport: Clicking on Actor (LMB): StaticMeshActor (SM_Rock1_low4)
[2020.01.23-15.50.50:658][119]LogEditorViewport: Clicking on Actor (LMB): StaticMeshActor (SM_Rock6_low11)
[2020.01.23-15.50.59:207][872]Cmd: SELECT NONE
[2020.01.23-15.51.00:987][  4]LogEditorViewport: Clicking on Actor (LMB): StaticMeshActor (SM_Rock6_low13)
[2020.01.23-15.51.03:363][154]Cmd: SELECT NONE
[2020.01.23-15.51.04:143][241]LogEditorViewport: Clicking on Actor (LMB): StaticMeshActor (SM_Rock3_low6)
[2020.01.23-15.51.05:544][311]LogEditorViewport: Clicking on Actor (LMB): StaticMeshActor (SM_Rock6_low13)
[2020.01.23-15.51.10:442][741]Cmd: SELECT NONE
[2020.01.23-15.51.12:693][897]LogEditorViewport: Clicking on Actor (LMB): StaticMeshActor (SM_Rock6_low13)
[2020.01.23-15.51.32:482][519]Cmd: SELECT NONE
[2020.01.23-15.51.34:330][669]LogEditorViewport: Clicking on Actor (LMB): StaticMeshActor (SM_Rock6_low13)
[2020.01.23-15.51.35:043][702]Cmd: SELECT NONE
[2020.01.23-15.51.37:868][877]LogEditorViewport: Clicking on Actor (LMB): StaticMeshActor (SM_Rock6_low14)
[2020.01.23-15.51.39:836][ 11]Cmd: SELECT NONE
[2020.01.23-15.52.17:524][564]LogSlate: FSceneViewport::OnFocusLost() reason 5
[2020.01.23-15.52.22:022][  2]LogEditorFactories: Performing atomic reimport of [D:/Art/Park_SFAS/Textures/Dirt/Dirt_metallic.tga]
[2020.01.23-15.52.22:049][  2]LogFactory: FactoryCreateFile: Texture2D with ReimportTextureFactory (0 0 D:/Art/Park_SFAS/Textures/Dirt/Dirt_metallic.tga)
[2020.01.23-15.52.22:100][  2]LogTexture: Display: Building textures: T_Dirt_metallic (AutoDXT, 2048X2048)
[2020.01.23-15.52.22:587][  2]LogEditorFactories: -- imported successfully
[2020.01.23-15.52.45:746][464]LogSlate: FSceneViewport::OnFocusLost() reason 5
[2020.01.23-15.52.50:532][945]LogEditorFactories: Performing atomic reimport of [D:/Art/Park_SFAS/Models/soil.obj]
[2020.01.23-15.52.50:554][945]LogFbx: Loading FBX Scene from D:/Art/Park_SFAS/Models/soil.obj
[2020.01.23-15.52.50:554][945]LogFbx: FBX Scene Loaded Succesfully
[2020.01.23-15.52.50:555][945]LogEditorFactories: Warning: -- import failed
[2020.01.23-15.52.50:557][945]FBXImport: Error: No FBX mesh found when reimport Unreal mesh 'SM_soil'. The FBX file is crashed. 
[2020.01.23-15.52.58:495][818]LogSlate: Window 'Message Log' being destroyed
[2020.01.23-15.52.58:499][818]LogSlate: Window 'Message Log' being destroyed
[2020.01.23-15.53.02:926][ 61]LogEditorFactories: Performing atomic reimport of [D:/Art/Park_SFAS/Models/soil.obj]
[2020.01.23-15.53.02:948][ 61]LogFbx: Loading FBX Scene from D:/Art/Park_SFAS/Models/soil.obj
[2020.01.23-15.53.02:951][ 61]LogFbx: FBX Scene Loaded Succesfully
[2020.01.23-15.53.02:952][ 61]LogFbx: Display: Triangulating static mesh polySurface123_pCylinder73
[2020.01.23-15.53.02:973][ 61]LogStaticMesh: Building static mesh SM_soil...
[2020.01.23-15.53.02:978][ 61]LogStaticMesh: Built static mesh [0.01s] /Game/Meshes/SM_soil.SM_soil
[2020.01.23-15.53.02:992][ 61]LogEditorFactories: -- imported successfully
[2020.01.23-15.53.04:731][245]Cmd: SELECT NONE
[2020.01.23-15.53.14:954][ 44]Cmd: SELECT NONE
[2020.01.23-15.53.17:730][224]LogEditorViewport: Clicking on Actor (LMB): StaticMeshActor (SM_soil)
[2020.01.23-15.53.18:096][240]Cmd: SELECT NONE
[2020.01.23-15.53.19:624][347]LogEditorViewport: Clicking on Actor (LMB): StaticMeshActor (SM_soil)
[2020.01.23-15.53.21:676][505]Cmd: SELECT NONE
[2020.01.23-15.53.22:687][621]LogEditorViewport: Clicking on Actor (LMB): StaticMeshActor (SM_soil)
[2020.01.23-15.53.26:415][966]Cmd: SELECT NONE
[2020.01.23-15.53.30:601][267]LogEditorViewport: Clicking on Actor (LMB): StaticMeshActor (SM_soil)
[2020.01.23-15.53.35:391][715]Cmd: SELECT NONE
[2020.01.23-15.53.36:016][788]LogEditorViewport: Clicking on Actor (LMB): StaticMeshActor (SM_Rock6_low14)
[2020.01.23-15.53.38:069][997]Cmd: SELECT NONE
[2020.01.23-15.53.38:529][ 51]LogEditorViewport: Clicking on Actor (LMB): StaticMeshActor (SM_Rock6_low13)
[2020.01.23-15.53.40:870][288]Cmd: SELECT NONE
[2020.01.23-15.53.45:998][670]LogEditorViewport: Clicking on Actor (LMB): StaticMeshActor (SM_soil)
[2020.01.23-15.53.49:605][  4]LogEditorViewport: Clicking on Actor (LMB): StaticMeshActor (SM_Rock6_low14)
[2020.01.23-15.53.51:536][192]Cmd: SELECT NONE
[2020.01.23-15.53.55:124][444]LogEditorViewport: Clicking on Actor (LMB): StaticMeshActor (SM_soil)
[2020.01.23-15.53.56:069][525]Cmd: SELECT NONE
[2020.01.23-15.54.16:784][ 96]Cmd: SELECT NONE
[2020.01.23-15.54.27:128][ 46]Cmd: SELECT NONE
[2020.01.23-15.54.40:383][ 49]LogEditorViewport: Clicking on Actor (context menu): StaticMeshActor (SM_soil)
[2020.01.23-15.54.40:427][ 49]LogSlate: FSceneViewport::OnFocusLost() reason 5
[2020.01.23-15.54.41:023][113]LogEditorViewport: Clicking on Actor (LMB): StaticMeshActor (SM_soil)
[2020.01.23-15.54.44:457][500]LogEditorViewport: Clicking on Actor (LMB): BP_Sky_Sphere_C (Sky Sphere)
[2020.01.23-15.54.45:789][646]Cmd: SELECT NONE
[2020.01.23-15.54.54:754][406]LogEditorViewport: Clicking on Actor (LMB): StaticMeshActor (SM_Path)
[2020.01.23-15.55.55:596][421]Cmd: SELECT NONE
[2020.01.23-15.55.58:189][607]LogEditorViewport: Clicking on Actor (LMB): StaticMeshActor (SM_soil)
[2020.01.23-15.55.58:653][632]Cmd: SELECT NONE
[2020.01.23-15.56.04:401][ 34]LogEditorViewport: Clicking on Actor (LMB): StaticMeshActor (SM_soil)
[2020.01.23-15.56.08:671][283]Cmd: CAMERA ALIGN ACTIVEVIEWPORTONLY
[2020.01.23-15.56.18:208][923]Cmd: SELECT NONE
[2020.01.23-15.56.20:155][ 67]LogEditorViewport: Clicking on Actor (LMB): StaticMeshActor (SM_soil2)
[2020.01.23-15.56.21:655][184]Cmd: SELECT NONE
[2020.01.23-15.56.25:605][468]Cmd: SELECT NONE
[2020.01.23-15.56.28:812][744]LogEditorViewport: Clicking on Actor (LMB): StaticMeshActor (SM_soil2)
[2020.01.23-15.56.31:757][982]Cmd: CAMERA ALIGN ACTIVEVIEWPORTONLY
[2020.01.23-15.56.41:062][703]Cmd: SELECT NONE
[2020.01.23-15.56.44:876][994]LogEditorViewport: Clicking on Actor (LMB): StaticMeshActor (SM_soil3)
[2020.01.23-15.56.52:311][428]LogEditorViewport: Clicking on Actor (LMB): StaticMeshActor (SM_soil)
[2020.01.23-15.56.55:254][682]Cmd: SELECT NONE
[2020.01.23-15.57.00:271][127]LogEditorViewport: Clicking on Actor (LMB): StaticMeshActor (SM_soil)
[2020.01.23-15.57.02:836][359]LogEditorViewport: Clicking on Actor (LMB): StaticMeshActor (SM_Rock6_low14)
[2020.01.23-15.57.05:299][594]Cmd: SELECT NONE
[2020.01.23-15.57.09:567][898]LogEditorViewport: Clicking on Actor (LMB): StaticMeshActor (SM_Rock6_low14)
[2020.01.23-15.57.17:495][607]Cmd: SELECT NONE
[2020.01.23-15.57.20:688][865]LogEditorViewport: Clicking on Actor (LMB): StaticMeshActor (SM_Rock3_low6)
[2020.01.23-15.57.22:320][ 23]Cmd: SELECT NONE
[2020.01.23-15.57.23:495][161]Cmd: TRANSACTION UNDO
[2020.01.23-15.57.23:495][161]LogEditorTransaction: Undo Select None
[2020.01.23-15.57.23:515][161]LogMaterial: Display: Missing cached shader map for material m_Soil, compiling. 
[2020.01.23-15.57.23:555][161]LogShaderCompilers: Display: Worker (1/13): shaders left to compile 30
[2020.01.23-15.57.23:555][161]LogShaderCompilers: Display: Worker (2/13): shaders left to compile 29
[2020.01.23-15.57.23:555][161]LogShaderCompilers: Display: Worker (3/13): shaders left to compile 28
[2020.01.23-15.57.23:555][161]LogShaderCompilers: Display: Worker (4/13): shaders left to compile 27
[2020.01.23-15.57.23:555][161]LogShaderCompilers: Display: Worker (5/13): shaders left to compile 26
[2020.01.23-15.57.23:555][161]LogShaderCompilers: Display: Worker (6/13): shaders left to compile 25
[2020.01.23-15.57.23:555][161]LogShaderCompilers: Display: Worker (7/13): shaders left to compile 24
[2020.01.23-15.57.23:555][161]LogShaderCompilers: Display: Worker (8/13): shaders left to compile 23
[2020.01.23-15.57.23:555][161]LogShaderCompilers: Display: Worker (9/13): shaders left to compile 22
[2020.01.23-15.57.23:555][161]LogShaderCompilers: Display: Worker (10/13): shaders left to compile 21
[2020.01.23-15.57.23:555][161]LogShaderCompilers: Display: Worker (11/13): shaders left to compile 20
[2020.01.23-15.57.23:555][161]LogShaderCompilers: Display: Worker (12/13): shaders left to compile 19
[2020.01.23-15.57.23:791][166]Cmd: TRANSACTION UNDO
[2020.01.23-15.57.23:791][166]LogEditorTransaction: Undo Move Actors
[2020.01.23-15.57.23:797][166]LogMaterial: Display: Missing cached shader map for material m_Soil, compiling. 
[2020.01.23-15.57.23:938][166]LogShaderCompilers: Display: Worker (8/13): shaders left to compile 30
[2020.01.23-15.57.23:963][166]LogShaderCompilers: Display: Worker (2/13): shaders left to compile 29
[2020.01.23-15.57.24:012][166]LogShaderCompilers: Display: Worker (1/13): shaders left to compile 28
[2020.01.23-15.57.24:012][166]LogShaderCompilers: Display: Worker (3/13): shaders left to compile 27
[2020.01.23-15.57.24:012][166]LogShaderCompilers: Display: Worker (4/13): shaders left to compile 26
[2020.01.23-15.57.24:057][167]LogShaderCompilers: Display: Worker (9/13): shaders left to compile 25
[2020.01.23-15.57.24:057][167]LogShaderCompilers: Display: Worker (6/13): shaders left to compile 24
[2020.01.23-15.57.24:057][167]LogShaderCompilers: Display: Worker (7/13): shaders left to compile 23
[2020.01.23-15.57.24:075][168]LogShaderCompilers: Display: Worker (5/13): shaders left to compile 22
[2020.01.23-15.57.24:226][176]LogShaderCompilers: Display: Worker (7/13): shaders left to compile 21
[2020.01.23-15.57.24:226][176]LogShaderCompilers: Display: Worker (12/13): shaders left to compile 20
[2020.01.23-15.57.24:244][177]LogShaderCompilers: Display: Worker (8/13): shaders left to compile 19
[2020.01.23-15.57.24:261][178]LogShaderCompilers: Display: Worker (2/13): shaders left to compile 18
[2020.01.23-15.57.24:292][180]LogShaderCompilers: Display: Worker (1/13): shaders left to compile 17
[2020.01.23-15.57.24:308][181]LogShaderCompilers: Display: Worker (3/13): shaders left to compile 16
[2020.01.23-15.57.24:321][181]LogShaderCompilers: Display: Worker (4/13): shaders left to compile 15
[2020.01.23-15.57.24:337][182]LogShaderCompilers: Display: Worker (5/13): shaders left to compile 14
[2020.01.23-15.57.24:337][182]LogShaderCompilers: Display: Worker (6/13): shaders left to compile 13
[2020.01.23-15.57.24:337][182]LogShaderCompilers: Display: Worker (9/13): shaders left to compile 12
[2020.01.23-15.57.24:394][185]LogShaderCompilers: Display: Worker (10/13): shaders left to compile 11
[2020.01.23-15.57.24:447][187]LogShaderCompilers: Display: Worker (11/13): shaders left to compile 10
[2020.01.23-15.57.24:706][198]LogShaderCompilers: Display: Worker (8/13): shaders left to compile 9
[2020.01.23-15.57.24:760][201]LogShaderCompilers: Display: Worker (3/13): shaders left to compile 8
[2020.01.23-15.57.24:777][202]LogShaderCompilers: Display: Worker (6/13): shaders left to compile 7
[2020.01.23-15.57.24:855][206]LogShaderCompilers: Display: Worker (7/13): shaders left to compile 6
[2020.01.23-15.57.24:871][207]LogShaderCompilers: Display: Worker (11/13): shaders left to compile 5
[2020.01.23-15.57.24:902][209]LogShaderCompilers: Display: Worker (2/13): shaders left to compile 4
[2020.01.23-15.57.24:935][211]LogShaderCompilers: Display: Worker (4/13): shaders left to compile 3
[2020.01.23-15.57.24:968][213]LogShaderCompilers: Display: Worker (9/13): shaders left to compile 2
[2020.01.23-15.57.24:968][213]LogShaderCompilers: Display: Worker (5/13): shaders left to compile 1
[2020.01.23-15.57.25:404][237]MaterialEditorStats: Base pass shader: 128 instructions
[2020.01.23-15.57.25:404][237]MaterialEditorStats: Base pass shader with Surface Lightmap: 159 instructions
[2020.01.23-15.57.25:404][237]MaterialEditorStats: Base pass shader with Volumetric Lightmap: 206 instructions
[2020.01.23-15.57.25:404][237]MaterialEditorStats: Base pass vertex shader: 44 instructions
[2020.01.23-15.57.25:404][237]MaterialEditorStats: Texture samplers: 6/16
[2020.01.23-15.57.25:404][237]MaterialEditorStats: Texture Lookups (Est.): VS(0), PS(3)
[2020.01.23-15.57.25:404][237]MaterialEditorStats: User interpolators: 2/4 Scalars (1/4 Vectors) (TexCoords: 2, Custom: 0)
[2020.01.23-15.57.45:336][990]Cmd: SELECT NONE
[2020.01.23-15.57.47:446][146]LogEditorViewport: Clicking on Actor (LMB): StaticMeshActor (SM_Rock3_low)
[2020.01.23-15.57.56:178][843]LogEditorViewport: Clicking on Actor (LMB): StaticMeshActor (SM_Rock3_low6)
[2020.01.23-15.58.01:148][276]Cmd: TRANSACTION UNDO
[2020.01.23-15.58.01:149][276]LogEditorTransaction: Undo Move Actors
[2020.01.23-15.58.01:153][276]LogMaterial: Display: Missing cached shader map for material m_Soil, compiling. 
[2020.01.23-15.58.01:195][276]LogShaderCompilers: Display: Worker (1/13): shaders left to compile 30
[2020.01.23-15.58.01:195][276]LogShaderCompilers: Display: Worker (2/13): shaders left to compile 29
[2020.01.23-15.58.01:195][276]LogShaderCompilers: Display: Worker (3/13): shaders left to compile 28
[2020.01.23-15.58.01:195][276]LogShaderCompilers: Display: Worker (4/13): shaders left to compile 27
[2020.01.23-15.58.01:195][276]LogShaderCompilers: Display: Worker (5/13): shaders left to compile 26
[2020.01.23-15.58.01:195][276]LogShaderCompilers: Display: Worker (6/13): shaders left to compile 25
[2020.01.23-15.58.01:195][276]LogShaderCompilers: Display: Worker (7/13): shaders left to compile 24
[2020.01.23-15.58.01:195][276]LogShaderCompilers: Display: Worker (8/13): shaders left to compile 23
[2020.01.23-15.58.01:195][276]LogShaderCompilers: Display: Worker (9/13): shaders left to compile 22
[2020.01.23-15.58.01:195][276]LogShaderCompilers: Display: Worker (10/13): shaders left to compile 21
[2020.01.23-15.58.01:195][276]LogShaderCompilers: Display: Worker (11/13): shaders left to compile 20
[2020.01.23-15.58.01:195][276]LogShaderCompilers: Display: Worker (12/13): shaders left to compile 19
[2020.01.23-15.58.01:535][285]LogShaderCompilers: Display: Worker (8/13): shaders left to compile 18
[2020.01.23-15.58.01:648][289]LogShaderCompilers: Display: Worker (3/13): shaders left to compile 17
[2020.01.23-15.58.01:657][289]LogShaderCompilers: Display: Worker (1/13): shaders left to compile 16
[2020.01.23-15.58.01:680][290]LogShaderCompilers: Display: Worker (2/13): shaders left to compile 15
[2020.01.23-15.58.01:680][290]LogShaderCompilers: Display: Worker (4/13): shaders left to compile 14
[2020.01.23-15.58.01:680][290]LogShaderCompilers: Display: Worker (5/13): shaders left to compile 13
[2020.01.23-15.58.01:680][290]LogShaderCompilers: Display: Worker (9/13): shaders left to compile 12
[2020.01.23-15.58.01:712][291]LogShaderCompilers: Display: Worker (6/13): shaders left to compile 11
[2020.01.23-15.58.01:712][291]LogShaderCompilers: Display: Worker (7/13): shaders left to compile 10
[2020.01.23-15.58.01:840][295]LogShaderCompilers: Display: Worker (12/13): shaders left to compile 9
[2020.01.23-15.58.02:037][298]LogShaderCompilers: Display: Worker (10/13): shaders left to compile 8
[2020.01.23-15.58.02:095][300]LogShaderCompilers: Display: Worker (1/13): shaders left to compile 7
[2020.01.23-15.58.02:121][300]LogShaderCompilers: Display: Worker (11/13): shaders left to compile 6
[2020.01.23-15.58.02:138][301]LogShaderCompilers: Display: Worker (7/13): shaders left to compile 5
[2020.01.23-15.58.02:148][301]LogShaderCompilers: Display: Worker (8/13): shaders left to compile 4
[2020.01.23-15.58.02:163][301]LogShaderCompilers: Display: Worker (5/13): shaders left to compile 3
[2020.01.23-15.58.02:269][304]LogShaderCompilers: Display: Worker (2/13): shaders left to compile 2
[2020.01.23-15.58.02:313][305]LogShaderCompilers: Display: Worker (4/13): shaders left to compile 1
[2020.01.23-15.58.02:726][319]MaterialEditorStats: Base pass shader: 128 instructions
[2020.01.23-15.58.02:726][319]MaterialEditorStats: Base pass shader with Surface Lightmap: 159 instructions
[2020.01.23-15.58.02:726][319]MaterialEditorStats: Base pass shader with Volumetric Lightmap: 206 instructions
[2020.01.23-15.58.02:726][319]MaterialEditorStats: Base pass vertex shader: 44 instructions
[2020.01.23-15.58.02:726][319]MaterialEditorStats: Texture samplers: 6/16
[2020.01.23-15.58.02:726][319]MaterialEditorStats: Texture Lookups (Est.): VS(0), PS(3)
[2020.01.23-15.58.02:726][319]MaterialEditorStats: User interpolators: 2/4 Scalars (1/4 Vectors) (TexCoords: 2, Custom: 0)
[2020.01.23-15.58.03:983][424]Cmd: SELECT NONE
[2020.01.23-15.58.06:791][620]Cmd: SELECT NONE
[2020.01.23-15.58.10:857][985]LogEditorViewport: Clicking on Actor (LMB): StaticMeshActor (SM_Rock3_low6)
[2020.01.23-15.58.12:572][155]Cmd: TRANSACTION UNDO
[2020.01.23-15.58.12:572][155]LogEditorTransaction: Undo Move Actors
[2020.01.23-15.58.12:576][155]LogMaterial: Display: Missing cached shader map for material m_Soil, compiling. 
[2020.01.23-15.58.12:639][155]LogShaderCompilers: Display: Worker (1/13): shaders left to compile 30
[2020.01.23-15.58.12:639][155]LogShaderCompilers: Display: Worker (2/13): shaders left to compile 29
[2020.01.23-15.58.12:639][155]LogShaderCompilers: Display: Worker (3/13): shaders left to compile 28
[2020.01.23-15.58.12:639][155]LogShaderCompilers: Display: Worker (4/13): shaders left to compile 27
[2020.01.23-15.58.12:639][155]LogShaderCompilers: Display: Worker (5/13): shaders left to compile 26
[2020.01.23-15.58.12:639][155]LogShaderCompilers: Display: Worker (6/13): shaders left to compile 25
[2020.01.23-15.58.12:639][155]LogShaderCompilers: Display: Worker (7/13): shaders left to compile 24
[2020.01.23-15.58.12:639][155]LogShaderCompilers: Display: Worker (8/13): shaders left to compile 23
[2020.01.23-15.58.12:639][155]LogShaderCompilers: Display: Worker (9/13): shaders left to compile 22
[2020.01.23-15.58.12:639][155]LogShaderCompilers: Display: Worker (10/13): shaders left to compile 21
[2020.01.23-15.58.12:639][155]LogShaderCompilers: Display: Worker (11/13): shaders left to compile 20
[2020.01.23-15.58.12:639][155]LogShaderCompilers: Display: Worker (12/13): shaders left to compile 19
[2020.01.23-15.58.12:812][156]LogShaderCompilers: Display: Worker (8/13): shaders left to compile 18
[2020.01.23-15.58.12:857][157]LogShaderCompilers: Display: Worker (1/13): shaders left to compile 17
[2020.01.23-15.58.12:883][158]LogShaderCompilers: Display: Worker (2/13): shaders left to compile 16
[2020.01.23-15.58.12:883][158]LogShaderCompilers: Display: Worker (4/13): shaders left to compile 15
[2020.01.23-15.58.12:908][159]LogShaderCompilers: Display: Worker (9/13): shaders left to compile 14
[2020.01.23-15.58.12:931][160]LogShaderCompilers: Display: Worker (3/13): shaders left to compile 13
[2020.01.23-15.58.12:934][161]LogShaderCompilers: Display: Worker (7/13): shaders left to compile 12
[2020.01.23-15.58.12:954][161]LogShaderCompilers: Display: Worker (6/13): shaders left to compile 11
[2020.01.23-15.58.12:954][161]LogShaderCompilers: Display: Worker (5/13): shaders left to compile 10
[2020.01.23-15.58.13:092][166]LogShaderCompilers: Display: Worker (12/13): shaders left to compile 9
[2020.01.23-15.58.13:255][173]LogShaderCompilers: Display: Worker (10/13): shaders left to compile 8
[2020.01.23-15.58.13:310][176]LogShaderCompilers: Display: Worker (2/13): shaders left to compile 7
[2020.01.23-15.58.13:343][178]LogShaderCompilers: Display: Worker (3/13): shaders left to compile 6
[2020.01.23-15.58.13:360][179]LogShaderCompilers: Display: Worker (5/13): shaders left to compile 5
[2020.01.23-15.58.13:375][180]LogShaderCompilers: Display: Worker (11/13): shaders left to compile 4
[2020.01.23-15.58.13:408][182]LogShaderCompilers: Display: Worker (8/13): shaders left to compile 3
[2020.01.23-15.58.13:454][185]LogEditorViewport: Clicking on Actor (LMB): BP_Sky_Sphere_C (Sky Sphere)
[2020.01.23-15.58.13:465][185]LogShaderCompilers: Display: Worker (4/13): shaders left to compile 2
[2020.01.23-15.58.13:553][186]LogShaderCompilers: Display: Worker (9/13): shaders left to compile 1
[2020.01.23-15.58.13:921][210]MaterialEditorStats: Base pass shader: 128 instructions
[2020.01.23-15.58.13:921][210]MaterialEditorStats: Base pass shader with Surface Lightmap: 159 instructions
[2020.01.23-15.58.13:921][210]MaterialEditorStats: Base pass shader with Volumetric Lightmap: 206 instructions
[2020.01.23-15.58.13:921][210]MaterialEditorStats: Base pass vertex shader: 44 instructions
[2020.01.23-15.58.13:921][210]MaterialEditorStats: Texture samplers: 6/16
[2020.01.23-15.58.13:921][210]MaterialEditorStats: Texture Lookups (Est.): VS(0), PS(3)
[2020.01.23-15.58.13:921][210]MaterialEditorStats: User interpolators: 2/4 Scalars (1/4 Vectors) (TexCoords: 2, Custom: 0)
[2020.01.23-15.58.14:067][224]Cmd: SELECT NONE
[2020.01.23-15.58.17:926][576]LogEditorViewport: Clicking on Actor (LMB): StaticMeshActor (SM_Rock5_low6)
[2020.01.23-15.58.21:587][880]Cmd: SELECT NONE
[2020.01.23-15.58.25:607][227]LogEditorViewport: Clicking on Actor (LMB): StaticMeshActor (SM_Rock5_low6)
[2020.01.23-15.58.30:495][690]Cmd: SELECT NONE
[2020.01.23-15.58.31:808][844]LogEditorViewport: Clicking on Actor (LMB): StaticMeshActor (SM_Rock5_low6)
[2020.01.23-15.58.33:323][990]Cmd: SELECT NONE
[2020.01.23-15.58.36:297][342]LogEditorViewport: Clicking on Actor (LMB): BP_Sky_Sphere_C (Sky Sphere)
[2020.01.23-15.58.37:025][419]Cmd: SELECT NONE
[2020.01.23-15.58.37:908][523]LogEditorViewport: Clicking on Actor (LMB): StaticMeshActor (SM_Path)
[2020.01.23-15.58.41:757][888]Cmd: SELECT NONE
[2020.01.23-15.58.53:287][695]LogEditorViewport: Clicking on Actor (LMB): StaticMeshActor (SM_River)
[2020.01.23-15.59.03:701][584]Cmd: SELECT NONE
[2020.01.23-15.59.13:112][244]LogEditorViewport: Clicking on Actor (LMB): StaticMeshActor (SM_Path)
[2020.01.23-15.59.19:506][719]LogEditorViewport: Clicking on Actor (LMB): StaticMeshActor (SM_Bridge)
[2020.01.23-15.59.22:170][955]Cmd: SELECT NONE
[2020.01.23-15.59.25:524][192]LogEditorViewport: Clicking on Actor (LMB): StaticMeshActor (SM_Bridge)
[2020.01.23-15.59.32:891][740]Cmd: SELECT NONE
[2020.01.23-15.59.35:033][892]LogEditorViewport: Clicking on Actor (LMB): StaticMeshActor (SM_Bridge)
[2020.01.23-15.59.48:575][837]Cmd: SELECT NONE
[2020.01.23-15.59.52:414][112]LogSlate: FSceneViewport::OnFocusLost() reason 5
[2020.01.23-15.59.52:423][112]Cmd: OBJ SAVEPACKAGE PACKAGE="/Game/Diorama" FILE="../../../../Art/Park_SFAS/Park/Content/Diorama.umap" SILENT=true AUTOSAVING=false KEEPDIRTY=false
[2020.01.23-15.59.52:461][112]LogUObjectHash: Compacting FUObjectHashTables data took   1.73ms
[2020.01.23-15.59.52:682][112]LogSavePackage: Moving '../../../../Art/Park_SFAS/Park/Saved/DioramaC61BAC00453445452E6991848A01175A.tmp' to '../../../../Art/Park_SFAS/Park/Content/Diorama.umap'
[2020.01.23-15.59.52:715][112]Cmd: OBJ SAVEPACKAGE PACKAGE="/Game/Diorama_BuiltData" FILE="../../../../Art/Park_SFAS/Park/Content/Diorama_BuiltData.uasset" SILENT=true
[2020.01.23-15.59.52:830][112]LogSavePackage: Moving '../../../../Art/Park_SFAS/Park/Saved/Diorama_BuiltData3682580D40E1EC751B5F23995563B9C0.tmp' to '../../../../Art/Park_SFAS/Park/Content/Diorama_BuiltData.uasset'
[2020.01.23-16.09.52:763][279]LogUObjectHash: Compacting FUObjectHashTables data took   2.97ms
[2020.01.23-16.09.52:764][279]LogFileHelpers: Editor autosave (incl. sublevels) for '/Game/Diorama' took 0.042
[2020.01.23-16.09.52:766][279]OBJ SavePackage: Generating thumbnails for [1] asset(s) in package [/Game/Meshes/SM_soil] ([1] browsable assets)...
[2020.01.23-16.09.52:775][279]OBJ SavePackage:     Rendered thumbnail for [StaticMesh /Game/Meshes/SM_soil.SM_soil]
[2020.01.23-16.09.52:775][279]OBJ SavePackage: Finished generating thumbnails for package [/Game/Meshes/SM_soil]
[2020.01.23-16.09.52:775][279]Cmd: OBJ SAVEPACKAGE PACKAGE="/Game/Meshes/SM_soil" FILE="../../../../Art/Park_SFAS/Park/Saved/Autosaves/Game/Meshes/SM_soil_Auto4.uasset" SILENT=false AUTOSAVING=true
[2020.01.23-16.09.52:801][279]LogSavePackage: Moving '../../../../Art/Park_SFAS/Park/Saved/SM_soil_Auto4FABDCEA24A7D749607BB07A712F689D1.tmp' to '../../../../Art/Park_SFAS/Park/Saved/Autosaves/Game/Meshes/SM_soil_Auto4.uasset'
[2020.01.23-16.09.52:801][279]OBJ SavePackage: Generating thumbnails for [1] asset(s) in package [/Game/Textures/T_Dirt_metallic] ([1] browsable assets)...
[2020.01.23-16.09.52:806][279]OBJ SavePackage:     Rendered thumbnail for [Texture2D /Game/Textures/T_Dirt_metallic.T_Dirt_metallic]
[2020.01.23-16.09.52:806][279]OBJ SavePackage: Finished generating thumbnails for package [/Game/Textures/T_Dirt_metallic]
[2020.01.23-16.09.52:806][279]Cmd: OBJ SAVEPACKAGE PACKAGE="/Game/Textures/T_Dirt_metallic" FILE="../../../../Art/Park_SFAS/Park/Saved/Autosaves/Game/Textures/T_Dirt_metallic_Auto4.uasset" SILENT=false AUTOSAVING=true
[2020.01.23-16.09.52:838][279]LogSavePackage: Moving '../../../../Art/Park_SFAS/Park/Saved/T_Dirt_metallic_Auto4423C7A9244668DA47FDEA0B030A85953.tmp' to '../../../../Art/Park_SFAS/Park/Saved/Autosaves/Game/Textures/T_Dirt_metallic_Auto4.uasset'
[2020.01.23-16.09.52:839][279]LogFileHelpers: Auto-saving content packages took 0.073
[2020.01.23-16.14.47:203][287]LogSlate: FSceneViewport::OnFocusLost() reason 0
[2020.01.23-16.14.53:946][529]LogEditorFactories: Performing atomic reimport of [D:/Art/Park_SFAS/Models/SM_water.obj]
[2020.01.23-16.14.53:967][529]LogFbx: Loading FBX Scene from D:/Art/Park_SFAS/Models/SM_water.obj
[2020.01.23-16.14.53:970][529]LogFbx: FBX Scene Loaded Succesfully
[2020.01.23-16.14.53:971][529]LogFbx: Display: Triangulating static mesh polySurface130
[2020.01.23-16.14.53:994][529]LogStaticMesh: Building static mesh SM_River...
[2020.01.23-16.14.53:999][529]LogStaticMesh: Built static mesh [0.01s] /Game/Meshes/SM_River.SM_River
[2020.01.23-16.14.57:067][529]LogSlate: Window 'Reimport Material Conflicts Resolution' being destroyed
[2020.01.23-16.14.57:072][529]LogEditorFactories: -- imported successfully
[2020.01.23-16.14.58:222][633]LogAssetEditorManager: Opening Asset editor for StaticMesh /Game/Meshes/SM_River.SM_River
[2020.01.23-16.15.07:735][693]LogSlate: FSceneViewport::OnFocusLost() reason 0
[2020.01.23-16.15.08:760][756]LogEditorViewport: Clicking on Actor (LMB): StaticMeshActor (SM_River)
[2020.01.23-16.15.09:429][786]LogEditorViewport: Clicking on Actor (LMB): StaticMeshActor (SM_River)
[2020.01.23-16.15.14:265][117]LogSlate: FSceneViewport::OnFocusLost() reason 0
[2020.01.23-16.15.27:789][  2]Cmd: SELECT NONE
[2020.01.23-16.15.29:850][129]LogEditorViewport: Clicking on Actor (LMB): StaticMeshActor (SM_River)
[2020.01.23-16.15.33:348][372]Cmd: SELECT NONE
[2020.01.23-16.15.37:861][710]LogEditorViewport: Clicking on Actor (LMB): StaticMeshActor (SM_River)
[2020.01.23-16.15.39:714][814]LogEditorViewport: Clicking on Actor (LMB): StaticMeshActor (SM_Rock6_low)
[2020.01.23-16.15.43:728][117]LogEditorViewport: Clicking on Actor (LMB): StaticMeshActor (SM_River)
[2020.01.23-16.15.46:109][283]LogEditorViewport: Clicking on Actor (LMB): StaticMeshActor (SM_Rock3_low4)
[2020.01.23-16.16.14:790][495]Cmd: SELECT NONE
[2020.01.23-16.16.20:911][903]LogEditorViewport: Clicking on Actor (LMB): StaticMeshActor (SM_Rock3_low4)
[2020.01.23-16.16.28:593][393]Cmd: SELECT NONE
[2020.01.23-16.16.28:967][415]LogEditorViewport: Clicking on Actor (LMB): StaticMeshActor (SM_River)
[2020.01.23-16.16.29:772][471]LogEditorViewport: Clicking on Actor (LMB): StaticMeshActor (SM_River)
[2020.01.23-16.16.32:166][631]LogEditorViewport: Clicking on Actor (LMB): StaticMeshActor (SM_Rock3_low13)
[2020.01.23-16.16.35:102][822]Cmd: SELECT NONE
[2020.01.23-16.16.41:483][247]Cmd: SELECT NONE
[2020.01.23-16.16.47:440][724]LogEditorViewport: Clicking on Actor (LMB): BP_Sky_Sphere_C (Sky Sphere)
[2020.01.23-16.16.48:542][828]Cmd: SELECT NONE
[2020.01.23-16.16.51:613][ 35]LogEditorViewport: Clicking on Actor (LMB): StaticMeshActor (SM_River)
[2020.01.23-16.16.52:198][ 90]Cmd: SELECT NONE
[2020.01.23-16.16.54:836][297]LogEditorViewport: Clicking on Actor (LMB): StaticMeshActor (SM_River)
[2020.01.23-16.17.02:586][926]Cmd: SELECT NONE
[2020.01.23-16.17.10:846][609]LogEditorViewport: Clicking on Actor (LMB): StaticMeshActor (SM_River)
[2020.01.23-16.17.32:096][111]Cmd: SELECT NONE
[2020.01.23-16.17.48:493][437]Cmd: SELECT NONE
[2020.01.23-16.18.39:885][973]LogEditorViewport: Clicking on Actor (LMB): StaticMeshActor (SM_level_top)
[2020.01.23-16.18.40:328][992]Cmd: SELECT NONE
[2020.01.23-16.19.52:855][264]LogSlate: FSceneViewport::OnFocusLost() reason 5
[2020.01.23-16.19.52:901][264]LogUObjectHash: Compacting FUObjectHashTables data took   1.74ms
[2020.01.23-16.19.52:902][264]Cmd: OBJ SAVEPACKAGE PACKAGE="/Game/Diorama" FILE="../../../../Art/Park_SFAS/Park/Saved/Autosaves/Game/Diorama_Auto5.umap" SILENT=true AUTOSAVING=true KEEPDIRTY=false
[2020.01.23-16.19.53:101][264]LogSavePackage: Moving '../../../../Art/Park_SFAS/Park/Saved/Diorama_Auto566B80A864B77CA87C7F88F8F93D4BBBF.tmp' to '../../../../Art/Park_SFAS/Park/Saved/Autosaves/Game/Diorama_Auto5.umap'
[2020.01.23-16.19.53:104][264]LogFileHelpers: Editor autosave (incl. sublevels) for '/Game/Diorama' took 0.239
[2020.01.23-16.19.53:104][264]LogFileHelpers: Editor autosave (incl. sublevels) for all levels took 0.239
[2020.01.23-16.19.53:106][264]OBJ SavePackage: Generating thumbnails for [1] asset(s) in package [/Game/Meshes/SM_River] ([1] browsable assets)...
[2020.01.23-16.19.53:121][264]OBJ SavePackage:     Rendered thumbnail for [StaticMesh /Game/Meshes/SM_River.SM_River]
[2020.01.23-16.19.53:121][264]OBJ SavePackage: Finished generating thumbnails for package [/Game/Meshes/SM_River]
[2020.01.23-16.19.53:121][264]Cmd: OBJ SAVEPACKAGE PACKAGE="/Game/Meshes/SM_River" FILE="../../../../Art/Park_SFAS/Park/Saved/Autosaves/Game/Meshes/SM_River_Auto5.uasset" SILENT=false AUTOSAVING=true
[2020.01.23-16.19.53:145][264]LogSavePackage: Moving '../../../../Art/Park_SFAS/Park/Saved/SM_River_Auto5681FD3194FDA8725D7E1F182A4166DE2.tmp' to '../../../../Art/Park_SFAS/Park/Saved/Autosaves/Game/Meshes/SM_River_Auto5.uasset'
[2020.01.23-16.19.53:145][264]LogFileHelpers: Auto-saving content packages took 0.040
[2020.01.23-16.37.51:649][449]LogSlate: FSceneViewport::OnFocusLost() reason 0
[2020.01.23-16.40.10:294][119]LogSlate: FSceneViewport::OnFocusLost() reason 5
[2020.01.23-16.40.11:897][235]LogSlate: FSceneViewport::OnFocusLost() reason 0
[2020.01.23-16.40.13:176][360]LogEditorFactories: Performing atomic reimport of [D:/Art/Park_SFAS/Models/SM_water.obj]
[2020.01.23-16.40.13:200][360]LogFbx: Loading FBX Scene from D:/Art/Park_SFAS/Models/SM_water.obj
[2020.01.23-16.40.13:200][360]LogFbx: FBX Scene Loaded Succesfully
[2020.01.23-16.40.13:201][360]LogEditorFactories: Warning: -- import failed
[2020.01.23-16.40.13:204][360]FBXImport: Error: No FBX mesh found when reimport Unreal mesh 'SM_River'. The FBX file is crashed. 
[2020.01.23-16.40.15:992][639]LogSlate: Window 'Message Log' being destroyed
[2020.01.23-16.40.15:998][639]LogSlate: Window 'Message Log' being destroyed
[2020.01.23-16.40.22:873][993]LogEditorFactories: Performing atomic reimport of [D:/Art/Park_SFAS/Models/SM_water.obj]
[2020.01.23-16.40.22:898][993]LogFbx: Loading FBX Scene from D:/Art/Park_SFAS/Models/SM_water.obj
[2020.01.23-16.40.22:904][993]LogFbx: FBX Scene Loaded Succesfully
[2020.01.23-16.40.22:905][993]LogFbx: Display: Triangulating static mesh polySurface130
[2020.01.23-16.40.22:929][993]LogStaticMesh: Building static mesh SM_River...
[2020.01.23-16.40.22:934][993]LogStaticMesh: Built static mesh [0.01s] /Game/Meshes/SM_River.SM_River
[2020.01.23-16.40.22:949][993]LogEditorFactories: -- imported successfully
[2020.01.23-16.40.32:514][655]LogEditorViewport: Clicking on Actor (LMB): StaticMeshActor (SM_River)
[2020.01.23-16.40.37:596][933]LogEditorViewport: Clicking on Actor (LMB): StaticMeshActor (SM_Rock6_low8)
[2020.01.23-16.40.40:379][131]Cmd: SELECT NONE
[2020.01.23-16.40.42:615][281]LogEditorViewport: Clicking on Actor (LMB): StaticMeshActor (SM_Rock6_low8)
[2020.01.23-16.40.45:096][436]Cmd: SELECT NONE
[2020.01.23-16.40.47:176][574]LogEditorViewport: Clicking on Actor (LMB): StaticMeshActor (SM_Rock6_low8)
[2020.01.23-16.40.49:772][821]LogEditorViewport: Clicking on Actor (LMB): StaticMeshActor (SM_Rock2_low8)
[2020.01.23-16.40.57:944][427]Cmd: SELECT NONE
[2020.01.23-16.41.06:705][986]LogEditorViewport: Clicking on Actor (LMB): StaticMeshActor (SM_Rock5_low6)
[2020.01.23-16.41.09:294][177]Cmd: SELECT NONE
[2020.01.23-16.41.13:572][460]LogEditorViewport: Clicking on Actor (LMB): StaticMeshActor (SM_Rock5_low6)
[2020.01.23-16.41.21:816][ 88]Cmd: SELECT NONE
[2020.01.23-16.41.34:679][956]LogSlate: FSceneViewport::OnFocusLost() reason 5
[2020.01.23-16.41.34:689][956]Cmd: OBJ SAVEPACKAGE PACKAGE="/Game/Diorama" FILE="../../../../Art/Park_SFAS/Park/Content/Diorama.umap" SILENT=true AUTOSAVING=false KEEPDIRTY=false
[2020.01.23-16.41.34:728][956]LogUObjectHash: Compacting FUObjectHashTables data took   2.00ms
[2020.01.23-16.41.34:975][956]LogSavePackage: Moving '../../../../Art/Park_SFAS/Park/Saved/Diorama6B9D460148E46794017A64801C6C7A65.tmp' to '../../../../Art/Park_SFAS/Park/Content/Diorama.umap'
[2020.01.23-16.41.35:005][956]Cmd: OBJ SAVEPACKAGE PACKAGE="/Game/Diorama_BuiltData" FILE="../../../../Art/Park_SFAS/Park/Content/Diorama_BuiltData.uasset" SILENT=true
[2020.01.23-16.41.35:115][956]LogSavePackage: Moving '../../../../Art/Park_SFAS/Park/Saved/Diorama_BuiltData98BA8F7C49B19AC67410E1B6C1FD436C.tmp' to '../../../../Art/Park_SFAS/Park/Content/Diorama_BuiltData.uasset'
[2020.01.23-16.41.48:332][252]LogSlate: FSceneViewport::OnFocusLost() reason 0
[2020.01.23-16.41.49:449][263]LogSlate: Window 'Message' being destroyed
[2020.01.23-16.41.49:860][263]LogMaterial: Display: Missing cached shader map for material m_Soil, compiling. 
[2020.01.23-16.41.49:928][263]LogShaderCompilers: Display: Worker (1/13): shaders left to compile 30
[2020.01.23-16.41.49:928][263]LogShaderCompilers: Display: Worker (2/13): shaders left to compile 29
[2020.01.23-16.41.49:929][263]LogShaderCompilers: Display: Worker (3/13): shaders left to compile 28
[2020.01.23-16.41.49:929][263]LogShaderCompilers: Display: Worker (4/13): shaders left to compile 27
[2020.01.23-16.41.49:929][263]LogShaderCompilers: Display: Worker (5/13): shaders left to compile 26
[2020.01.23-16.41.49:929][263]LogShaderCompilers: Display: Worker (6/13): shaders left to compile 25
[2020.01.23-16.41.49:929][263]LogShaderCompilers: Display: Worker (7/13): shaders left to compile 24
[2020.01.23-16.41.49:929][263]LogShaderCompilers: Display: Worker (8/13): shaders left to compile 23
[2020.01.23-16.41.49:929][263]LogShaderCompilers: Display: Worker (9/13): shaders left to compile 22
[2020.01.23-16.41.49:929][263]LogShaderCompilers: Display: Worker (10/13): shaders left to compile 21
[2020.01.23-16.41.49:929][263]LogShaderCompilers: Display: Worker (11/13): shaders left to compile 20
[2020.01.23-16.41.49:929][263]LogShaderCompilers: Display: Worker (12/13): shaders left to compile 19
[2020.01.23-16.41.49:940][263]LogMaterial: Display: Missing cached shader map for material m_Soil, compiling. 
[2020.01.23-16.41.49:963][263]LogMaterial: Display: Missing cached shader map for material m_Soil, compiling. 
[2020.01.23-16.41.50:018][263]LogUObjectHash: Compacting FUObjectHashTables data took   1.88ms
[2020.01.23-16.41.50:026][263]LogMaterial: Display: Missing cached shader map for material DebugViewMode MaterialTexCoordScale, compiling. 
[2020.01.23-16.41.51:272][263]LogShaderCompilers: Display: Worker (8/13): shaders left to compile 51
[2020.01.23-16.41.51:272][263]LogShaderCompilers: Display: Worker (1/13): shaders left to compile 50
[2020.01.23-16.41.51:272][263]LogShaderCompilers: Display: Worker (2/13): shaders left to compile 49
[2020.01.23-16.41.51:272][263]LogShaderCompilers: Display: Worker (3/13): shaders left to compile 48
[2020.01.23-16.41.51:272][263]LogShaderCompilers: Display: Worker (4/13): shaders left to compile 47
[2020.01.23-16.41.51:272][263]LogShaderCompilers: Display: Worker (9/13): shaders left to compile 46
[2020.01.23-16.41.51:272][263]LogShaderCompilers: Display: Worker (5/13): shaders left to compile 45
[2020.01.23-16.41.51:272][263]LogShaderCompilers: Display: Worker (6/13): shaders left to compile 44
[2020.01.23-16.41.51:272][263]LogShaderCompilers: Display: Worker (7/13): shaders left to compile 43
[2020.01.23-16.41.51:272][263]LogShaderCompilers: Display: Worker (12/13): shaders left to compile 42
[2020.01.23-16.41.51:272][263]LogShaderCompilers: Display: Worker (10/13): shaders left to compile 41
[2020.01.23-16.41.51:272][263]LogShaderCompilers: Display: Worker (11/13): shaders left to compile 40
[2020.01.23-16.41.51:272][263]LogShaderCompilers: Display: Worker (2/13): shaders left to compile 39
[2020.01.23-16.41.51:272][263]LogShaderCompilers: Display: Worker (9/13): shaders left to compile 38
[2020.01.23-16.41.51:272][263]LogShaderCompilers: Display: Worker (7/13): shaders left to compile 37
[2020.01.23-16.41.51:273][263]LogShaderCompilers: Display: Worker (8/13): shaders left to compile 36
[2020.01.23-16.41.51:273][263]LogShaderCompilers: Display: Worker (3/13): shaders left to compile 35
[2020.01.23-16.41.51:273][263]LogShaderCompilers: Display: Worker (4/13): shaders left to compile 34
[2020.01.23-16.41.51:273][263]LogShaderCompilers: Display: Worker (1/13): shaders left to compile 33
[2020.01.23-16.41.51:273][263]LogShaderCompilers: Display: Worker (5/13): shaders left to compile 32
[2020.01.23-16.41.51:273][263]LogShaderCompilers: Display: Worker (6/13): shaders left to compile 31
[2020.01.23-16.41.51:273][263]LogShaderCompilers: Display: Worker (12/13): shaders left to compile 28
[2020.01.23-16.41.51:273][263]LogShaderCompilers: Display: Worker (11/13): shaders left to compile 25
[2020.01.23-16.41.51:273][263]LogShaderCompilers: Display: Worker (7/13): shaders left to compile 22
[2020.01.23-16.41.51:273][263]LogShaderCompilers: Display: Worker (1/13): shaders left to compile 20
[2020.01.23-16.41.51:273][263]LogShaderCompilers: Display: Worker (5/13): shaders left to compile 18
[2020.01.23-16.41.51:276][263]TextureStreamingBuild: Display: Compiling optional shaders took 1.258 seconds.
[2020.01.23-16.41.51:278][263]LogShaderCompilers: Display: Worker (10/13): shaders left to compile 16
[2020.01.23-16.41.51:317][263]LogUObjectHash: Compacting FUObjectHashTables data took   1.07ms
[2020.01.23-16.41.51:332][263]LogSlate: Window 'SM_River' being destroyed
[2020.01.23-16.41.51:336][263]LogShaderCompilers: Display: Worker (4/13): shaders left to compile 14
[2020.01.23-16.41.51:336][263]LogSlate: Window 'SM_River' being destroyed
[2020.01.23-16.41.51:357][263]LogShaderCompilers: Display: Worker (2/13): shaders left to compile 12
[2020.01.23-16.41.51:394][263]LogShaderCompilers: Display: Worker (8/13): shaders left to compile 10
[2020.01.23-16.41.51:394][263]LogWorld: UWorld::CleanupWorld for World_6, bSessionEnded=true, bCleanupResources=true
[2020.01.23-16.41.51:419][263]LogShaderCompilers: Display: Worker (9/13): shaders left to compile 9
[2020.01.23-16.41.51:472][263]LogWorld: UWorld::CleanupWorld for World_7, bSessionEnded=true, bCleanupResources=true
[2020.01.23-16.41.51:813][263]LogShaderCompilers: Display: Worker (3/13): shaders left to compile 8
[2020.01.23-16.41.51:813][263]LogShaderCompilers: Display: Worker (11/13): shaders left to compile 7
[2020.01.23-16.41.51:841][263]LogWorld: UWorld::CleanupWorld for World_8, bSessionEnded=true, bCleanupResources=true
[2020.01.23-16.41.51:849][263]LogShaderCompilers: Display: Worker (3/13): shaders left to compile 6
[2020.01.23-16.41.51:945][263]LogShaderCompilers: Display: Worker (6/13): shaders left to compile 5
[2020.01.23-16.41.51:945][263]LogShaderCompilers: Display: Worker (12/13): shaders left to compile 4
[2020.01.23-16.41.51:945][263]LogShaderCompilers: Display: Worker (8/13): shaders left to compile 3
[2020.01.23-16.41.51:993][264]LogShaderCompilers: Display: Worker (9/13): shaders left to compile 2
[2020.01.23-16.41.52:273][287]LogShaderCompilers: Display: Worker (6/13): shaders left to compile 1
[2020.01.23-16.45.55:953][737]LogSlate: FSceneViewport::OnFocusLost() reason 5
[2020.01.23-16.45.58:082][899]Cmd: SELECT NONE
[2020.01.23-16.50.50:751][209]LogSlate: FSceneViewport::OnFocusLost() reason 5
[2020.01.23-16.50.51:875][276]LogEditorViewport: Clicking on Actor (LMB): StaticMeshActor (SM_Path)
[2020.01.23-16.50.52:922][388]LogSlate: FSceneViewport::OnFocusLost() reason 0
[2020.01.23-16.50.53:089][407]LogAssetEditorManager: Opening Asset editor for StaticMesh /Game/Meshes/SM_Path.SM_Path
[2020.01.23-16.50.55:033][593]LogSlate: Window 'SM_Path' being destroyed
[2020.01.23-16.50.55:039][593]LogSlate: Window 'SM_Path' being destroyed
[2020.01.23-16.50.55:051][593]LogWorld: UWorld::CleanupWorld for World_9, bSessionEnded=true, bCleanupResources=true
[2020.01.23-16.51.35:124][250]LogUObjectHash: Compacting FUObjectHashTables data took   2.47ms
[2020.01.23-16.51.35:124][250]LogFileHelpers: Editor autosave (incl. sublevels) for '/Game/Diorama' took 0.044
[2020.01.23-16.51.35:126][250]OBJ SavePackage: Generating thumbnails for [1] asset(s) in package [/Game/Materials/m_Soil] ([1] browsable assets)...
[2020.01.23-16.51.35:137][250]OBJ SavePackage:     Rendered thumbnail for [Material /Game/Materials/m_Soil.m_Soil]
[2020.01.23-16.51.35:137][250]OBJ SavePackage: Finished generating thumbnails for package [/Game/Materials/m_Soil]
[2020.01.23-16.51.35:137][250]Cmd: OBJ SAVEPACKAGE PACKAGE="/Game/Materials/m_Soil" FILE="../../../../Art/Park_SFAS/Park/Saved/Autosaves/Game/Materials/m_Soil_Auto6.uasset" SILENT=false AUTOSAVING=true
[2020.01.23-16.51.35:159][250]LogSavePackage: Moving '../../../../Art/Park_SFAS/Park/Saved/m_Soil_Auto6CD06EB424B34D74B18D279BA83EFBC7C.tmp' to '../../../../Art/Park_SFAS/Park/Saved/Autosaves/Game/Materials/m_Soil_Auto6.uasset'
[2020.01.23-16.51.35:160][250]OBJ SavePackage: Generating thumbnails for [1] asset(s) in package [/Game/Meshes/SM_River] ([1] browsable assets)...
[2020.01.23-16.51.35:170][250]OBJ SavePackage:     Rendered thumbnail for [StaticMesh /Game/Meshes/SM_River.SM_River]
[2020.01.23-16.51.35:170][250]OBJ SavePackage: Finished generating thumbnails for package [/Game/Meshes/SM_River]
[2020.01.23-16.51.35:170][250]Cmd: OBJ SAVEPACKAGE PACKAGE="/Game/Meshes/SM_River" FILE="../../../../Art/Park_SFAS/Park/Saved/Autosaves/Game/Meshes/SM_River_Auto6.uasset" SILENT=false AUTOSAVING=true
[2020.01.23-16.51.35:193][250]LogSavePackage: Moving '../../../../Art/Park_SFAS/Park/Saved/SM_River_Auto6A60B975944D4B2E2A2C8D586912D088E.tmp' to '../../../../Art/Park_SFAS/Park/Saved/Autosaves/Game/Meshes/SM_River_Auto6.uasset'
[2020.01.23-16.51.35:193][250]LogFileHelpers: Auto-saving content packages took 0.068
[2020.01.23-16.52.44:424][457]LogD3D11RHI: Timed out while waiting for GPU to catch up. (0.5 s) (ErrorCode 00000001)
[2020.01.23-16.52.46:249][459]LogD3D11RHI: Timed out while waiting for GPU to catch up. (0.5 s) (ErrorCode 00000001)
[2020.01.23-16.52.47:605][460]LogD3D11RHI: Timed out while waiting for GPU to catch up. (0.5 s) (ErrorCode 00000001)
[2020.01.23-16.52.49:722][463]LogD3D11RHI: Timed out while waiting for GPU to catch up. (0.5 s) (ErrorCode 00000001)
[2020.01.23-16.52.50:861][463]LogD3D11RHI: Timed out while waiting for GPU to catch up. (0.5 s) (ErrorCode 00000001)
[2020.01.23-16.52.56:483][479]LogD3D11RHI: Timed out while waiting for GPU to catch up. (0.5 s) (ErrorCode 00000001)
[2020.01.23-16.52.58:990][485]LogD3D11RHI: Timed out while waiting for GPU to catch up. (0.5 s) (ErrorCode 00000001)
[2020.01.23-16.53.00:492][486]LogD3D11RHI: Timed out while waiting for GPU to catch up. (0.5 s) (ErrorCode 00000001)
[2020.01.23-16.53.01:993][486]LogD3D11RHI: Timed out while waiting for GPU to catch up. (0.5 s) (ErrorCode 00000001)
[2020.01.23-16.53.03:497][487]LogD3D11RHI: Timed out while waiting for GPU to catch up. (0.5 s) (ErrorCode 00000001)
[2020.01.23-16.53.04:996][487]LogD3D11RHI: Timed out while waiting for GPU to catch up. (0.5 s) (ErrorCode 00000001)
[2020.01.23-16.53.06:499][488]LogD3D11RHI: Timed out while waiting for GPU to catch up. (0.5 s) (ErrorCode 00000001)
[2020.01.23-16.53.07:999][488]LogD3D11RHI: Timed out while waiting for GPU to catch up. (0.5 s) (ErrorCode 00000001)
[2020.01.23-16.53.09:501][489]LogD3D11RHI: Timed out while waiting for GPU to catch up. (0.5 s) (ErrorCode 00000001)
[2020.01.23-16.54.45:367][773]LogD3D11RHI: Timed out while waiting for GPU to catch up. (0.5 s) (ErrorCode 00000001)
[2020.01.23-16.54.47:813][776]LogD3D11RHI: Timed out while waiting for GPU to catch up. (0.5 s) (ErrorCode 00000001)
[2020.01.23-16.54.49:207][779]LogD3D11RHI: Timed out while waiting for GPU to catch up. (0.5 s) (ErrorCode 00000001)
[2020.01.23-16.54.51:971][786]LogD3D11RHI: Timed out while waiting for GPU to catch up. (0.5 s) (ErrorCode 00000001)
[2020.01.23-16.54.52:915][787]LogD3D11RHI: Timed out while waiting for GPU to catch up. (0.5 s) (ErrorCode 00000001)
[2020.01.23-16.54.54:416][787]LogD3D11RHI: Timed out while waiting for GPU to catch up. (0.5 s) (ErrorCode 00000001)
[2020.01.23-16.54.55:919][788]LogD3D11RHI: Timed out while waiting for GPU to catch up. (0.5 s) (ErrorCode 00000001)
[2020.01.23-16.54.57:419][788]LogD3D11RHI: Timed out while waiting for GPU to catch up. (0.5 s) (ErrorCode 00000001)
[2020.01.23-16.54.58:177][789]LogD3D11RHI: Timed out while waiting for GPU to catch up. (0.5 s) (ErrorCode 00000001)
[2020.01.23-16.54.59:564][790]LogD3D11RHI: Timed out while waiting for GPU to catch up. (0.5 s) (ErrorCode 00000001)
[2020.01.23-16.55.00:732][792]LogD3D11RHI: Timed out while waiting for GPU to catch up. (0.5 s) (ErrorCode 00000001)
[2020.01.23-16.55.01:606][792]LogD3D11RHI: Timed out while waiting for GPU to catch up. (0.5 s) (ErrorCode 00000001)
[2020.01.23-16.55.02:192][793]LogD3D11RHI: Timed out while waiting for GPU to catch up. (0.5 s) (ErrorCode 00000001)
[2020.01.23-16.55.03:331][794]LogD3D11RHI: Timed out while waiting for GPU to catch up. (0.5 s) (ErrorCode 00000001)
[2020.01.23-16.55.04:618][795]LogD3D11RHI: Timed out while waiting for GPU to catch up. (0.5 s) (ErrorCode 00000001)
[2020.01.23-16.55.05:147][795]LogD3D11RHI: Timed out while waiting for GPU to catch up. (0.5 s) (ErrorCode 00000001)
[2020.01.23-16.55.07:075][797]LogD3D11RHI: Timed out while waiting for GPU to catch up. (0.5 s) (ErrorCode 00000001)
[2020.01.23-16.55.08:792][799]LogD3D11RHI: Timed out while waiting for GPU to catch up. (0.5 s) (ErrorCode 00000001)
[2020.01.23-16.55.09:381][799]LogD3D11RHI: Timed out while waiting for GPU to catch up. (0.5 s) (ErrorCode 00000001)
[2020.01.23-16.55.10:177][800]LogD3D11RHI: Timed out while waiting for GPU to catch up. (0.5 s) (ErrorCode 00000001)
[2020.01.23-16.55.10:691][800]LogD3D11RHI: Timed out while waiting for GPU to catch up. (0.5 s) (ErrorCode 00000001)
[2020.01.23-16.55.11:423][801]LogD3D11RHI: Timed out while waiting for GPU to catch up. (0.5 s) (ErrorCode 00000001)
[2020.01.23-16.55.14:969][805]LogD3D11RHI: Timed out while waiting for GPU to catch up. (0.5 s) (ErrorCode 00000001)
[2020.01.23-16.55.15:951][806]LogD3D11RHI: Timed out while waiting for GPU to catch up. (0.5 s) (ErrorCode 00000001)
[2020.01.23-16.55.18:275][808]LogD3D11RHI: Timed out while waiting for GPU to catch up. (0.5 s) (ErrorCode 00000001)
[2020.01.23-16.55.18:841][809]LogD3D11RHI: Timed out while waiting for GPU to catch up. (0.5 s) (ErrorCode 00000001)
[2020.01.23-16.55.35:256][857]LogD3D11RHI: Timed out while waiting for GPU to catch up. (0.5 s) (ErrorCode 00000001)
[2020.01.23-16.55.36:167][859]LogD3D11RHI: Timed out while waiting for GPU to catch up. (0.5 s) (ErrorCode 00000001)
[2020.01.23-16.55.36:824][859]LogD3D11RHI: Timed out while waiting for GPU to catch up. (0.5 s) (ErrorCode 00000001)
[2020.01.23-16.55.37:676][862]LogD3D11RHI: Timed out while waiting for GPU to catch up. (0.5 s) (ErrorCode 00000001)
[2020.01.23-16.55.38:369][864]LogD3D11RHI: Timed out while waiting for GPU to catch up. (0.5 s) (ErrorCode 00000001)
[2020.01.23-16.55.39:414][867]LogD3D11RHI: Timed out while waiting for GPU to catch up. (0.5 s) (ErrorCode 00000001)
[2020.01.23-16.55.39:968][868]LogD3D11RHI: Timed out while waiting for GPU to catch up. (0.5 s) (ErrorCode 00000001)
[2020.01.23-16.55.42:006][874]LogD3D11RHI: Timed out while waiting for GPU to catch up. (0.5 s) (ErrorCode 00000001)
[2020.01.23-16.55.42:610][875]LogD3D11RHI: Timed out while waiting for GPU to catch up. (0.5 s) (ErrorCode 00000001)
[2020.01.23-16.55.43:383][875]LogD3D11RHI: Timed out while waiting for GPU to catch up. (0.5 s) (ErrorCode 00000001)
[2020.01.23-16.55.44:720][878]LogD3D11RHI: Timed out while waiting for GPU to catch up. (0.5 s) (ErrorCode 00000001)
[2020.01.23-16.55.46:686][882]LogD3D11RHI: Timed out while waiting for GPU to catch up. (0.5 s) (ErrorCode 00000001)
[2020.01.23-16.55.48:045][883]LogD3D11RHI: Timed out while waiting for GPU to catch up. (0.5 s) (ErrorCode 00000001)
[2020.01.23-16.55.48:994][883]LogD3D11RHI: Timed out while waiting for GPU to catch up. (0.5 s) (ErrorCode 00000001)
[2020.01.23-16.55.50:319][884]LogD3D11RHI: Timed out while waiting for GPU to catch up. (0.5 s) (ErrorCode 00000001)
[2020.01.23-16.55.51:519][886]LogD3D11RHI: Timed out while waiting for GPU to catch up. (0.5 s) (ErrorCode 00000001)
[2020.01.23-16.55.53:991][891]LogD3D11RHI: Timed out while waiting for GPU to catch up. (0.5 s) (ErrorCode 00000001)
[2020.01.23-16.55.55:208][892]LogD3D11RHI: Timed out while waiting for GPU to catch up. (0.5 s) (ErrorCode 00000001)
[2020.01.23-16.55.56:707][892]LogD3D11RHI: Timed out while waiting for GPU to catch up. (0.5 s) (ErrorCode 00000001)
[2020.01.23-16.55.57:861][893]LogD3D11RHI: Timed out while waiting for GPU to catch up. (0.5 s) (ErrorCode 00000001)
[2020.01.23-16.55.58:841][893]LogD3D11RHI: Timed out while waiting for GPU to catch up. (0.5 s) (ErrorCode 00000001)
[2020.01.23-16.55.59:554][894]LogD3D11RHI: Timed out while waiting for GPU to catch up. (0.5 s) (ErrorCode 00000001)
[2020.01.23-16.56.02:626][895]LogD3D11RHI: Timed out while waiting for GPU to catch up. (0.5 s) (ErrorCode 00000001)
[2020.01.23-16.56.03:394][896]LogD3D11RHI: Timed out while waiting for GPU to catch up. (0.5 s) (ErrorCode 00000001)
[2020.01.23-16.56.04:264][896]LogD3D11RHI: Timed out while waiting for GPU to catch up. (0.5 s) (ErrorCode 00000001)
[2020.01.23-16.56.05:560][897]LogD3D11RHI: Timed out while waiting for GPU to catch up. (0.5 s) (ErrorCode 00000001)
[2020.01.23-16.56.06:200][898]LogD3D11RHI: Timed out while waiting for GPU to catch up. (0.5 s) (ErrorCode 00000001)
[2020.01.23-16.56.06:840][898]LogD3D11RHI: Timed out while waiting for GPU to catch up. (0.5 s) (ErrorCode 00000001)
[2020.01.23-16.56.08:108][899]LogD3D11RHI: Timed out while waiting for GPU to catch up. (0.5 s) (ErrorCode 00000001)
[2020.01.23-16.56.09:118][900]LogD3D11RHI: Timed out while waiting for GPU to catch up. (0.5 s) (ErrorCode 00000001)
[2020.01.23-16.56.10:618][900]LogD3D11RHI: Timed out while waiting for GPU to catch up. (0.5 s) (ErrorCode 00000001)
[2020.01.23-16.56.20:007][901]LogD3D11RHI: GetQueryData is taking a very long time (5.0 s)
[2020.01.23-16.56.22:502][902]LogD3D11RHI: Timed out while waiting for GPU to catch up. (0.5 s) (ErrorCode 00000001)
[2020.01.23-16.56.23:378][902]LogD3D11RHI: Timed out while waiting for GPU to catch up. (0.5 s) (ErrorCode 00000001)
[2020.01.23-16.56.24:537][903]LogD3D11RHI: Timed out while waiting for GPU to catch up. (0.5 s) (ErrorCode 00000001)
[2020.01.23-16.56.25:158][903]LogD3D11RHI: Timed out while waiting for GPU to catch up. (0.5 s) (ErrorCode 00000001)
[2020.01.23-16.56.26:643][904]LogD3D11RHI: Timed out while waiting for GPU to catch up. (0.5 s) (ErrorCode 00000001)
[2020.01.23-16.56.27:432][904]LogD3D11RHI: Timed out while waiting for GPU to catch up. (0.5 s) (ErrorCode 00000001)
[2020.01.23-16.56.28:820][905]LogD3D11RHI: Timed out while waiting for GPU to catch up. (0.5 s) (ErrorCode 00000001)
[2020.01.23-16.56.29:365][905]LogD3D11RHI: Timed out while waiting for GPU to catch up. (0.5 s) (ErrorCode 00000001)
[2020.01.23-16.56.30:584][906]LogD3D11RHI: Timed out while waiting for GPU to catch up. (0.5 s) (ErrorCode 00000001)
[2020.01.23-16.56.33:250][907]LogD3D11RHI: Timed out while waiting for GPU to catch up. (0.5 s) (ErrorCode 00000001)
[2020.01.23-16.56.33:997][908]LogD3D11RHI: Timed out while waiting for GPU to catch up. (0.5 s) (ErrorCode 00000001)
[2020.01.23-16.56.34:510][908]LogD3D11RHI: Timed out while waiting for GPU to catch up. (0.5 s) (ErrorCode 00000001)
[2020.01.23-17.35.57:656][258]LogEditorViewport: Clicking on Actor (LMB): StaticMeshActor (SM_Path)
[2020.01.23-17.36.01:325][649]LogSlate: FSceneViewport::OnFocusLost() reason 0
[2020.01.23-17.36.15:979][902]LogEditorFactories: Performing atomic reimport of [D:/Art/Park_SFAS/Models/SM_Path_low.fbx]
[2020.01.23-17.36.16:006][902]LogFbx: Loading FBX Scene from D:/Art/Park_SFAS/Models/SM_Path_low.fbx
[2020.01.23-17.36.16:013][902]LogFbx: FBX Scene Loaded Succesfully
[2020.01.23-17.36.16:031][902]LogFbx: Display: Triangulating static mesh pasted__pCube412
[2020.01.23-17.36.16:214][902]LogStaticMesh: Building static mesh SM_Path...
[2020.01.23-17.36.16:274][902]LogStaticMesh: Built static mesh [0.06s] /Game/Meshes/SM_Path.SM_Path
[2020.01.23-17.36.17:498][902]LogSlate: Window 'Reimport Material Conflicts Resolution' being destroyed
[2020.01.23-17.36.17:504][902]LogEditorFactories: -- imported successfully
[2020.01.23-17.36.20:607][232]LogUObjectHash: Compacting FUObjectHashTables data took   3.36ms
[2020.01.23-17.36.20:617][232]Cmd: OBJ SAVEPACKAGE PACKAGE="/Game/Diorama" FILE="../../../../Art/Park_SFAS/Park/Saved/Autosaves/Game/Diorama_Auto7.umap" SILENT=true AUTOSAVING=true KEEPDIRTY=false
[2020.01.23-17.36.20:892][232]LogSavePackage: Moving '../../../../Art/Park_SFAS/Park/Saved/Diorama_Auto72446E88049189E630A051389C0F1E87A.tmp' to '../../../../Art/Park_SFAS/Park/Saved/Autosaves/Game/Diorama_Auto7.umap'
[2020.01.23-17.36.20:895][232]LogFileHelpers: Editor autosave (incl. sublevels) for '/Game/Diorama' took 0.329
[2020.01.23-17.36.20:895][232]LogFileHelpers: Editor autosave (incl. sublevels) for all levels took 0.329
[2020.01.23-17.36.20:897][232]OBJ SavePackage: Generating thumbnails for [1] asset(s) in package [/Game/Meshes/SM_Path] ([1] browsable assets)...
[2020.01.23-17.36.20:907][232]OBJ SavePackage:     Rendered thumbnail for [StaticMesh /Game/Meshes/SM_Path.SM_Path]
[2020.01.23-17.36.20:907][232]OBJ SavePackage: Finished generating thumbnails for package [/Game/Meshes/SM_Path]
[2020.01.23-17.36.20:907][232]Cmd: OBJ SAVEPACKAGE PACKAGE="/Game/Meshes/SM_Path" FILE="../../../../Art/Park_SFAS/Park/Saved/Autosaves/Game/Meshes/SM_Path_Auto7.uasset" SILENT=false AUTOSAVING=true
[2020.01.23-17.36.20:943][232]LogSavePackage: Moving '../../../../Art/Park_SFAS/Park/Saved/SM_Path_Auto73777A2404B0C066C8E30AA897E398B81.tmp' to '../../../../Art/Park_SFAS/Park/Saved/Autosaves/Game/Meshes/SM_Path_Auto7.uasset'
[2020.01.23-17.36.20:944][232]LogFileHelpers: Auto-saving content packages took 0.048
[2020.01.23-17.36.29:398][120]LogSlate: FSceneViewport::OnFocusLost() reason 0
[2020.01.23-17.36.35:216][785]LogAssetEditorManager: Opening Asset editor for Material /Game/Materials/m_Path.m_Path
[2020.01.23-17.36.35:219][785]LogMaterial: Display: Missing cached shader map for material m_Path, compiling. 
[2020.01.23-17.36.35:279][785]LogMaterial: Display: Missing cached shader map for material m_Path, compiling. 
[2020.01.23-17.36.35:294][785]LogMaterial: Display: Missing cached shader map for material m_Path, compiling. 
[2020.01.23-17.36.35:347][785]LogShaderCompilers: Display: Worker (1/13): shaders left to compile 21
[2020.01.23-17.36.35:347][785]LogShaderCompilers: Display: Worker (2/13): shaders left to compile 20
[2020.01.23-17.36.35:347][785]LogShaderCompilers: Display: Worker (3/13): shaders left to compile 19
[2020.01.23-17.36.35:347][785]LogShaderCompilers: Display: Worker (4/13): shaders left to compile 18
[2020.01.23-17.36.35:347][785]LogShaderCompilers: Display: Worker (5/13): shaders left to compile 17
[2020.01.23-17.36.35:347][785]LogShaderCompilers: Display: Worker (6/13): shaders left to compile 16
[2020.01.23-17.36.35:347][785]LogShaderCompilers: Display: Worker (7/13): shaders left to compile 15
[2020.01.23-17.36.35:347][785]LogShaderCompilers: Display: Worker (8/13): shaders left to compile 14
[2020.01.23-17.36.35:347][785]LogShaderCompilers: Display: Worker (9/13): shaders left to compile 13
[2020.01.23-17.36.35:347][785]LogShaderCompilers: Display: Worker (10/13): shaders left to compile 12
[2020.01.23-17.36.35:347][785]LogShaderCompilers: Display: Worker (11/13): shaders left to compile 11
[2020.01.23-17.36.35:348][785]LogShaderCompilers: Display: Worker (12/13): shaders left to compile 10
[2020.01.23-17.36.35:694][803]LogShaderCompilers: Display: Worker (8/13): shaders left to compile 9
[2020.01.23-17.36.35:820][807]LogShaderCompilers: Display: Worker (3/13): shaders left to compile 8
[2020.01.23-17.36.35:820][807]LogShaderCompilers: Display: Worker (4/13): shaders left to compile 7
[2020.01.23-17.36.35:851][809]LogShaderCompilers: Display: Worker (1/13): shaders left to compile 6
[2020.01.23-17.36.35:851][809]LogShaderCompilers: Display: Worker (2/13): shaders left to compile 5
[2020.01.23-17.36.35:851][809]LogShaderCompilers: Display: Worker (5/13): shaders left to compile 4
[2020.01.23-17.36.35:851][809]LogShaderCompilers: Display: Worker (9/13): shaders left to compile 3
[2020.01.23-17.36.35:897][812]LogShaderCompilers: Display: Worker (6/13): shaders left to compile 2
[2020.01.23-17.36.35:897][812]LogShaderCompilers: Display: Worker (7/13): shaders left to compile 1
[2020.01.23-17.36.36:425][843]MaterialEditorStats: Base pass shader: 117 instructions
[2020.01.23-17.36.36:425][843]MaterialEditorStats: Base pass shader with Volumetric Lightmap: 191 instructions
[2020.01.23-17.36.36:425][843]MaterialEditorStats: Base pass vertex shader: 40 instructions
[2020.01.23-17.36.36:425][843]MaterialEditorStats: Texture samplers: 3/16
[2020.01.23-17.36.45:091][ 35]LogFactory: FactoryCreateFile: Texture with ReimportTextureFactory (0 0 ../../../../Art/Park_SFAS/Textures/Path/SM_Path_low_blinn1_BaseColor.tga)
[2020.01.23-17.36.45:143][ 35]LogTexture: Display: Building textures: SM_Path_low_blinn1_BaseColor (AutoDXT, 2048X2048)
[2020.01.23-17.36.45:371][ 35]LogFactory: FactoryCreateFile: Texture with ReimportTextureFactory (0 0 ../../../../Art/Park_SFAS/Textures/Path/SM_Path_low_blinn1_Normal.tga)
[2020.01.23-17.36.45:423][ 35]LogTexture: Display: Building textures: SM_Path_low_blinn1_Normal (BC5, 2048X2048)
[2020.01.23-17.36.45:589][ 35]LogFactory: FactoryCreateFile: Texture with ReimportTextureFactory (0 0 ../../../../Art/Park_SFAS/Textures/Path/SM_Path_low_blinn1_OcclusionRoughnessMetallic.tga)
[2020.01.23-17.36.45:647][ 35]LogTexture: Display: Building textures: SM_Path_low_blinn1_OcclusionRoughnessMetallic (AutoDXT, 2048X2048)
[2020.01.23-17.36.47:986][223]LogMaterial: Display: Missing cached shader map for material m_Path, compiling. 
[2020.01.23-17.36.48:001][223]LogMaterial: Display: Missing cached shader map for material FMatExpressionPreview MaterialExpressionTextureSample_0, compiling. 
[2020.01.23-17.36.48:015][223]LogShaderCompilers: Display: Worker (1/13): shaders left to compile 21
[2020.01.23-17.36.48:015][223]LogShaderCompilers: Display: Worker (2/13): shaders left to compile 20
[2020.01.23-17.36.48:015][223]LogShaderCompilers: Display: Worker (3/13): shaders left to compile 19
[2020.01.23-17.36.48:015][223]LogShaderCompilers: Display: Worker (4/13): shaders left to compile 18
[2020.01.23-17.36.48:015][223]LogShaderCompilers: Display: Worker (5/13): shaders left to compile 17
[2020.01.23-17.36.48:015][223]LogShaderCompilers: Display: Worker (6/13): shaders left to compile 16
[2020.01.23-17.36.48:015][223]LogShaderCompilers: Display: Worker (7/13): shaders left to compile 15
[2020.01.23-17.36.48:015][223]LogShaderCompilers: Display: Worker (8/13): shaders left to compile 14
[2020.01.23-17.36.48:015][223]LogShaderCompilers: Display: Worker (9/13): shaders left to compile 13
[2020.01.23-17.36.48:015][223]LogShaderCompilers: Display: Worker (10/13): shaders left to compile 12
[2020.01.23-17.36.48:015][223]LogShaderCompilers: Display: Worker (11/13): shaders left to compile 11
[2020.01.23-17.36.48:015][223]LogShaderCompilers: Display: Worker (12/13): shaders left to compile 10
[2020.01.23-17.36.48:020][223]LogMaterial: Display: Missing cached shader map for material FMatExpressionPreview MaterialExpressionTextureSample_0, compiling. 
[2020.01.23-17.36.48:035][223]LogMaterial: Display: Missing cached shader map for material m_Path, compiling. 
[2020.01.23-17.36.48:053][223]LogMaterial: Display: Missing cached shader map for material FMatExpressionPreview MaterialExpressionTextureSample_1, compiling. 
[2020.01.23-17.36.48:068][223]LogMaterial: Display: Missing cached shader map for material FMatExpressionPreview MaterialExpressionTextureSample_0, compiling. 
[2020.01.23-17.36.48:080][223]LogMaterial: Display: Missing cached shader map for material FMatExpressionPreview MaterialExpressionTextureSample_1, compiling. 
[2020.01.23-17.36.48:105][223]LogMaterial: Display: Missing cached shader map for material m_Path, compiling. 
[2020.01.23-17.36.48:132][223]LogMaterial: Display: Missing cached shader map for material FMatExpressionPreview MaterialExpressionTextureSample_2, compiling. 
[2020.01.23-17.36.48:158][223]LogMaterial: Display: Missing cached shader map for material FMatExpressionPreview MaterialExpressionTextureSample_0, compiling. 
[2020.01.23-17.36.48:170][223]LogMaterial: Display: Missing cached shader map for material FMatExpressionPreview MaterialExpressionTextureSample_1, compiling. 
[2020.01.23-17.36.48:182][223]LogShaderCompilers: Display: Worker (8/13): shaders left to compile 25
[2020.01.23-17.36.48:182][223]LogMaterial: Display: Missing cached shader map for material FMatExpressionPreview MaterialExpressionTextureSample_2, compiling. 
[2020.01.23-17.36.48:274][225]LogShaderCompilers: Display: Worker (1/13): shaders left to compile 32
[2020.01.23-17.36.48:275][225]LogShaderCompilers: Display: Worker (2/13): shaders left to compile 31
[2020.01.23-17.36.48:275][225]LogShaderCompilers: Display: Worker (3/13): shaders left to compile 30
[2020.01.23-17.36.48:308][225]LogShaderCompilers: Display: Worker (5/13): shaders left to compile 29
[2020.01.23-17.36.48:308][225]LogShaderCompilers: Display: Worker (4/13): shaders left to compile 28
[2020.01.23-17.36.48:308][225]LogShaderCompilers: Display: Worker (6/13): shaders left to compile 27
[2020.01.23-17.36.48:308][225]LogShaderCompilers: Display: Worker (9/13): shaders left to compile 26
[2020.01.23-17.36.48:335][227]LogShaderCompilers: Display: Worker (7/13): shaders left to compile 25
[2020.01.23-17.36.48:411][231]LogShaderCompilers: Display: Worker (12/13): shaders left to compile 24
[2020.01.23-17.36.48:462][233]LogShaderCompilers: Display: Worker (8/13): shaders left to compile 23
[2020.01.23-17.36.48:486][234]LogShaderCompilers: Display: Worker (9/13): shaders left to compile 22
[2020.01.23-17.36.48:529][236]LogShaderCompilers: Display: Worker (1/13): shaders left to compile 21
[2020.01.23-17.36.48:547][237]LogShaderCompilers: Display: Worker (2/13): shaders left to compile 20
[2020.01.23-17.36.48:564][238]LogShaderCompilers: Display: Worker (3/13): shaders left to compile 19
[2020.01.23-17.36.48:564][238]LogShaderCompilers: Display: Worker (5/13): shaders left to compile 18
[2020.01.23-17.36.48:581][239]LogShaderCompilers: Display: Worker (4/13): shaders left to compile 17
[2020.01.23-17.36.48:598][240]LogShaderCompilers: Display: Worker (6/13): shaders left to compile 16
[2020.01.23-17.36.48:598][240]LogShaderCompilers: Display: Worker (7/13): shaders left to compile 15
[2020.01.23-17.36.48:618][241]LogShaderCompilers: Display: Worker (10/13): shaders left to compile 14
[2020.01.23-17.36.48:640][242]LogShaderCompilers: Display: Worker (11/13): shaders left to compile 13
[2020.01.23-17.36.48:822][249]LogShaderCompilers: Display: Worker (9/13): shaders left to compile 12
[2020.01.23-17.36.48:929][252]LogShaderCompilers: Display: Worker (3/13): shaders left to compile 11
[2020.01.23-17.36.48:970][254]LogShaderCompilers: Display: Worker (6/13): shaders left to compile 10
[2020.01.23-17.36.48:990][255]LogShaderCompilers: Display: Worker (11/13): shaders left to compile 9
[2020.01.23-17.36.48:990][255]LogShaderCompilers: Display: Worker (12/13): shaders left to compile 8
[2020.01.23-17.36.49:087][259]LogShaderCompilers: Display: Worker (8/13): shaders left to compile 7
[2020.01.23-17.36.49:150][262]LogShaderCompilers: Display: Worker (7/13): shaders left to compile 6
[2020.01.23-17.36.49:150][262]LogShaderCompilers: Display: Worker (1/13): shaders left to compile 5
[2020.01.23-17.36.49:169][263]LogShaderCompilers: Display: Worker (5/13): shaders left to compile 4
[2020.01.23-17.36.49:189][264]LogShaderCompilers: Display: Worker (2/13): shaders left to compile 3
[2020.01.23-17.36.49:189][264]LogShaderCompilers: Display: Worker (10/13): shaders left to compile 2
[2020.01.23-17.36.49:210][265]LogShaderCompilers: Display: Worker (4/13): shaders left to compile 1
[2020.01.23-17.36.49:252][266]MaterialEditorStats: Base pass shader: 117 instructions
[2020.01.23-17.36.49:253][266]MaterialEditorStats: Base pass shader with Volumetric Lightmap: 191 instructions
[2020.01.23-17.36.49:253][266]MaterialEditorStats: Base pass vertex shader: 40 instructions
[2020.01.23-17.36.49:253][266]MaterialEditorStats: Texture samplers: 3/16
[2020.01.23-17.36.54:193][657]LogMaterial: Display: Missing cached shader map for material m_Path, compiling. 
[2020.01.23-17.36.54:211][657]LogShaderCompilers: Display: Worker (1/13): shaders left to compile 21
[2020.01.23-17.36.54:211][657]LogShaderCompilers: Display: Worker (2/13): shaders left to compile 20
[2020.01.23-17.36.54:211][657]LogShaderCompilers: Display: Worker (3/13): shaders left to compile 19
[2020.01.23-17.36.54:211][657]LogShaderCompilers: Display: Worker (4/13): shaders left to compile 18
[2020.01.23-17.36.54:211][657]LogShaderCompilers: Display: Worker (5/13): shaders left to compile 17
[2020.01.23-17.36.54:211][657]LogShaderCompilers: Display: Worker (6/13): shaders left to compile 16
[2020.01.23-17.36.54:211][657]LogShaderCompilers: Display: Worker (7/13): shaders left to compile 15
[2020.01.23-17.36.54:211][657]LogShaderCompilers: Display: Worker (8/13): shaders left to compile 14
[2020.01.23-17.36.54:211][657]LogShaderCompilers: Display: Worker (9/13): shaders left to compile 13
[2020.01.23-17.36.54:211][657]LogShaderCompilers: Display: Worker (10/13): shaders left to compile 12
[2020.01.23-17.36.54:211][657]LogShaderCompilers: Display: Worker (11/13): shaders left to compile 11
[2020.01.23-17.36.54:211][657]LogShaderCompilers: Display: Worker (12/13): shaders left to compile 10
[2020.01.23-17.36.54:211][657]LogMaterial: Display: Missing cached shader map for material FMatExpressionPreview MaterialExpressionTextureSample_1, compiling. 
[2020.01.23-17.36.54:411][667]LogShaderCompilers: Display: Worker (8/13): shaders left to compile 13
[2020.01.23-17.36.54:476][670]LogShaderCompilers: Display: Worker (2/13): shaders left to compile 12
[2020.01.23-17.36.54:499][671]LogShaderCompilers: Display: Worker (1/13): shaders left to compile 11
[2020.01.23-17.36.54:500][671]LogShaderCompilers: Display: Worker (3/13): shaders left to compile 10
[2020.01.23-17.36.54:538][673]LogShaderCompilers: Display: Worker (4/13): shaders left to compile 9
[2020.01.23-17.36.54:539][673]LogShaderCompilers: Display: Worker (5/13): shaders left to compile 8
[2020.01.23-17.36.54:566][674]LogShaderCompilers: Display: Worker (6/13): shaders left to compile 7
[2020.01.23-17.36.54:566][674]LogShaderCompilers: Display: Worker (7/13): shaders left to compile 6
[2020.01.23-17.36.54:566][674]LogShaderCompilers: Display: Worker (9/13): shaders left to compile 5
[2020.01.23-17.36.54:659][679]LogShaderCompilers: Display: Worker (12/13): shaders left to compile 4
[2020.01.23-17.36.54:849][687]LogShaderCompilers: Display: Worker (10/13): shaders left to compile 3
[2020.01.23-17.36.54:870][688]LogShaderCompilers: Display: Worker (1/13): shaders left to compile 2
[2020.01.23-17.36.54:894][689]LogShaderCompilers: Display: Worker (11/13): shaders left to compile 1
[2020.01.23-17.36.55:167][703]MaterialEditorStats: Base pass shader: 123 instructions
[2020.01.23-17.36.55:167][703]MaterialEditorStats: Base pass shader with Volumetric Lightmap: 197 instructions
[2020.01.23-17.36.55:167][703]MaterialEditorStats: Base pass vertex shader: 44 instructions
[2020.01.23-17.36.55:167][703]MaterialEditorStats: Texture samplers: 4/16
[2020.01.23-17.36.55:167][703]MaterialEditorStats: Texture Lookups (Est.): VS(0), PS(1)
[2020.01.23-17.36.55:167][703]MaterialEditorStats: User interpolators: 2/4 Scalars (1/4 Vectors) (TexCoords: 2, Custom: 0)
[2020.01.23-17.36.57:555][916]LogMaterial: Display: Missing cached shader map for material m_Path, compiling. 
[2020.01.23-17.36.57:571][916]LogShaderCompilers: Display: Worker (1/13): shaders left to compile 21
[2020.01.23-17.36.57:571][916]LogShaderCompilers: Display: Worker (2/13): shaders left to compile 20
[2020.01.23-17.36.57:571][916]LogShaderCompilers: Display: Worker (3/13): shaders left to compile 19
[2020.01.23-17.36.57:571][916]LogShaderCompilers: Display: Worker (4/13): shaders left to compile 18
[2020.01.23-17.36.57:571][916]LogShaderCompilers: Display: Worker (5/13): shaders left to compile 17
[2020.01.23-17.36.57:571][916]LogShaderCompilers: Display: Worker (6/13): shaders left to compile 16
[2020.01.23-17.36.57:571][916]LogShaderCompilers: Display: Worker (7/13): shaders left to compile 15
[2020.01.23-17.36.57:571][916]LogShaderCompilers: Display: Worker (8/13): shaders left to compile 14
[2020.01.23-17.36.57:572][916]LogShaderCompilers: Display: Worker (9/13): shaders left to compile 13
[2020.01.23-17.36.57:572][916]LogShaderCompilers: Display: Worker (10/13): shaders left to compile 12
[2020.01.23-17.36.57:572][916]LogShaderCompilers: Display: Worker (11/13): shaders left to compile 11
[2020.01.23-17.36.57:572][916]LogShaderCompilers: Display: Worker (12/13): shaders left to compile 10
[2020.01.23-17.36.57:574][916]LogMaterial: Display: Missing cached shader map for material FMatExpressionPreview MaterialExpressionTextureSample_0, compiling. 
[2020.01.23-17.36.57:823][927]LogShaderCompilers: Display: Worker (8/13): shaders left to compile 13
[2020.01.23-17.36.57:856][928]LogShaderCompilers: Display: Worker (1/13): shaders left to compile 12
[2020.01.23-17.36.57:856][928]LogShaderCompilers: Display: Worker (2/13): shaders left to compile 11
[2020.01.23-17.36.57:856][928]LogShaderCompilers: Display: Worker (3/13): shaders left to compile 10
[2020.01.23-17.36.57:881][929]LogShaderCompilers: Display: Worker (4/13): shaders left to compile 9
[2020.01.23-17.36.57:904][930]LogShaderCompilers: Display: Worker (9/13): shaders left to compile 8
[2020.01.23-17.36.57:927][931]LogShaderCompilers: Display: Worker (5/13): shaders left to compile 7
[2020.01.23-17.36.57:927][931]LogShaderCompilers: Display: Worker (6/13): shaders left to compile 6
[2020.01.23-17.36.57:927][931]LogShaderCompilers: Display: Worker (7/13): shaders left to compile 5
[2020.01.23-17.36.58:007][935]LogShaderCompilers: Display: Worker (12/13): shaders left to compile 4
[2020.01.23-17.36.58:218][943]LogShaderCompilers: Display: Worker (10/13): shaders left to compile 3
[2020.01.23-17.36.58:240][944]LogShaderCompilers: Display: Worker (11/13): shaders left to compile 2
[2020.01.23-17.36.58:240][944]LogShaderCompilers: Display: Worker (2/13): shaders left to compile 1
[2020.01.23-17.36.59:144][ 13]LogMaterial: Display: Missing cached shader map for material m_Path, compiling. 
[2020.01.23-17.36.59:165][ 13]LogShaderCompilers: Display: Worker (1/13): shaders left to compile 21
[2020.01.23-17.36.59:165][ 13]LogShaderCompilers: Display: Worker (2/13): shaders left to compile 20
[2020.01.23-17.36.59:165][ 13]LogShaderCompilers: Display: Worker (3/13): shaders left to compile 19
[2020.01.23-17.36.59:165][ 13]LogShaderCompilers: Display: Worker (4/13): shaders left to compile 18
[2020.01.23-17.36.59:165][ 13]LogShaderCompilers: Display: Worker (5/13): shaders left to compile 17
[2020.01.23-17.36.59:165][ 13]LogShaderCompilers: Display: Worker (6/13): shaders left to compile 16
[2020.01.23-17.36.59:165][ 13]LogShaderCompilers: Display: Worker (7/13): shaders left to compile 15
[2020.01.23-17.36.59:165][ 13]LogShaderCompilers: Display: Worker (8/13): shaders left to compile 14
[2020.01.23-17.36.59:165][ 13]LogShaderCompilers: Display: Worker (9/13): shaders left to compile 13
[2020.01.23-17.36.59:165][ 13]LogShaderCompilers: Display: Worker (10/13): shaders left to compile 12
[2020.01.23-17.36.59:165][ 13]LogShaderCompilers: Display: Worker (11/13): shaders left to compile 11
[2020.01.23-17.36.59:165][ 13]LogShaderCompilers: Display: Worker (12/13): shaders left to compile 10
[2020.01.23-17.36.59:165][ 13]LogMaterial: Display: Missing cached shader map for material FMatExpressionPreview MaterialExpressionTextureSample_0, compiling. 
[2020.01.23-17.36.59:357][ 21]LogShaderCompilers: Display: Worker (8/13): shaders left to compile 13
[2020.01.23-17.36.59:421][ 24]LogShaderCompilers: Display: Worker (2/13): shaders left to compile 12
[2020.01.23-17.36.59:441][ 25]LogShaderCompilers: Display: Worker (1/13): shaders left to compile 11
[2020.01.23-17.36.59:441][ 25]LogShaderCompilers: Display: Worker (3/13): shaders left to compile 10
[2020.01.23-17.36.59:463][ 26]LogShaderCompilers: Display: Worker (4/13): shaders left to compile 9
[2020.01.23-17.36.59:488][ 27]LogShaderCompilers: Display: Worker (9/13): shaders left to compile 8
[2020.01.23-17.36.59:488][ 27]LogShaderCompilers: Display: Worker (5/13): shaders left to compile 7
[2020.01.23-17.36.59:509][ 28]LogShaderCompilers: Display: Worker (7/13): shaders left to compile 6
[2020.01.23-17.36.59:509][ 28]LogShaderCompilers: Display: Worker (6/13): shaders left to compile 5
[2020.01.23-17.36.59:598][ 32]LogShaderCompilers: Display: Worker (12/13): shaders left to compile 4
[2020.01.23-17.36.59:775][ 38]LogShaderCompilers: Display: Worker (10/13): shaders left to compile 3
[2020.01.23-17.36.59:845][ 42]LogShaderCompilers: Display: Worker (11/13): shaders left to compile 2
[2020.01.23-17.36.59:845][ 42]LogShaderCompilers: Display: Worker (1/13): shaders left to compile 1
[2020.01.23-17.37.00:289][ 69]LogMaterial: Display: Missing cached shader map for material m_Path, compiling. 
[2020.01.23-17.37.00:308][ 69]LogMaterial: Display: Missing cached shader map for material FMatExpressionPreview MaterialExpressionTextureSample_0, compiling. 
[2020.01.23-17.37.00:314][ 69]LogShaderCompilers: Display: Worker (1/13): shaders left to compile 21
[2020.01.23-17.37.00:314][ 69]LogShaderCompilers: Display: Worker (2/13): shaders left to compile 20
[2020.01.23-17.37.00:314][ 69]LogShaderCompilers: Display: Worker (3/13): shaders left to compile 19
[2020.01.23-17.37.00:314][ 69]LogShaderCompilers: Display: Worker (4/13): shaders left to compile 18
[2020.01.23-17.37.00:314][ 69]LogShaderCompilers: Display: Worker (5/13): shaders left to compile 17
[2020.01.23-17.37.00:314][ 69]LogShaderCompilers: Display: Worker (6/13): shaders left to compile 16
[2020.01.23-17.37.00:314][ 69]LogShaderCompilers: Display: Worker (7/13): shaders left to compile 15
[2020.01.23-17.37.00:314][ 69]LogShaderCompilers: Display: Worker (8/13): shaders left to compile 14
[2020.01.23-17.37.00:314][ 69]LogShaderCompilers: Display: Worker (9/13): shaders left to compile 13
[2020.01.23-17.37.00:314][ 69]LogShaderCompilers: Display: Worker (10/13): shaders left to compile 12
[2020.01.23-17.37.00:314][ 69]LogShaderCompilers: Display: Worker (11/13): shaders left to compile 11
[2020.01.23-17.37.00:314][ 69]LogShaderCompilers: Display: Worker (12/13): shaders left to compile 10
[2020.01.23-17.37.00:515][ 80]LogShaderCompilers: Display: Worker (8/13): shaders left to compile 13
[2020.01.23-17.37.00:575][ 82]LogShaderCompilers: Display: Worker (3/13): shaders left to compile 12
[2020.01.23-17.37.00:596][ 83]LogShaderCompilers: Display: Worker (1/13): shaders left to compile 11
[2020.01.23-17.37.00:597][ 83]LogShaderCompilers: Display: Worker (2/13): shaders left to compile 10
[2020.01.23-17.37.00:625][ 84]LogShaderCompilers: Display: Worker (6/13): shaders left to compile 9
[2020.01.23-17.37.00:647][ 85]LogShaderCompilers: Display: Worker (4/13): shaders left to compile 8
[2020.01.23-17.37.00:647][ 85]LogShaderCompilers: Display: Worker (5/13): shaders left to compile 7
[2020.01.23-17.37.00:647][ 85]LogShaderCompilers: Display: Worker (7/13): shaders left to compile 6
[2020.01.23-17.37.00:647][ 85]LogShaderCompilers: Display: Worker (9/13): shaders left to compile 5
[2020.01.23-17.37.00:763][ 89]LogShaderCompilers: Display: Worker (12/13): shaders left to compile 4
[2020.01.23-17.37.00:936][ 95]LogShaderCompilers: Display: Worker (1/13): shaders left to compile 3
[2020.01.23-17.37.00:965][ 96]LogShaderCompilers: Display: Worker (10/13): shaders left to compile 2
[2020.01.23-17.37.00:965][ 96]LogShaderCompilers: Display: Worker (11/13): shaders left to compile 1
[2020.01.23-17.37.01:253][107]MaterialEditorStats: Base pass shader: 125 instructions
[2020.01.23-17.37.01:253][107]MaterialEditorStats: Base pass shader with Volumetric Lightmap: 203 instructions
[2020.01.23-17.37.01:253][107]MaterialEditorStats: Base pass vertex shader: 44 instructions
[2020.01.23-17.37.01:253][107]MaterialEditorStats: Texture samplers: 5/16
[2020.01.23-17.37.01:253][107]MaterialEditorStats: Texture Lookups (Est.): VS(0), PS(2)
[2020.01.23-17.37.01:253][107]MaterialEditorStats: User interpolators: 2/4 Scalars (1/4 Vectors) (TexCoords: 2, Custom: 0)
[2020.01.23-17.37.05:610][493]LogMaterial: Display: Missing cached shader map for material m_Path, compiling. 
[2020.01.23-17.37.05:629][493]LogMaterial: Display: Missing cached shader map for material FMatExpressionPreview MaterialExpressionTextureSample_0, compiling. 
[2020.01.23-17.37.05:635][493]LogShaderCompilers: Display: Worker (1/13): shaders left to compile 21
[2020.01.23-17.37.05:635][493]LogShaderCompilers: Display: Worker (2/13): shaders left to compile 20
[2020.01.23-17.37.05:635][493]LogShaderCompilers: Display: Worker (3/13): shaders left to compile 19
[2020.01.23-17.37.05:635][493]LogShaderCompilers: Display: Worker (4/13): shaders left to compile 18
[2020.01.23-17.37.05:635][493]LogShaderCompilers: Display: Worker (5/13): shaders left to compile 17
[2020.01.23-17.37.05:635][493]LogShaderCompilers: Display: Worker (6/13): shaders left to compile 16
[2020.01.23-17.37.05:635][493]LogShaderCompilers: Display: Worker (7/13): shaders left to compile 15
[2020.01.23-17.37.05:635][493]LogShaderCompilers: Display: Worker (8/13): shaders left to compile 14
[2020.01.23-17.37.05:635][493]LogShaderCompilers: Display: Worker (9/13): shaders left to compile 13
[2020.01.23-17.37.05:635][493]LogShaderCompilers: Display: Worker (10/13): shaders left to compile 12
[2020.01.23-17.37.05:635][493]LogShaderCompilers: Display: Worker (11/13): shaders left to compile 11
[2020.01.23-17.37.05:635][493]LogShaderCompilers: Display: Worker (12/13): shaders left to compile 10
[2020.01.23-17.37.05:882][503]LogShaderCompilers: Display: Worker (8/13): shaders left to compile 13
[2020.01.23-17.37.05:934][506]LogShaderCompilers: Display: Worker (1/13): shaders left to compile 12
[2020.01.23-17.37.05:954][507]LogShaderCompilers: Display: Worker (2/13): shaders left to compile 11
[2020.01.23-17.37.05:954][507]LogShaderCompilers: Display: Worker (4/13): shaders left to compile 10
[2020.01.23-17.37.05:979][508]LogShaderCompilers: Display: Worker (5/13): shaders left to compile 9
[2020.01.23-17.37.05:980][508]LogShaderCompilers: Display: Worker (7/13): shaders left to compile 8
[2020.01.23-17.37.06:000][509]LogShaderCompilers: Display: Worker (6/13): shaders left to compile 7
[2020.01.23-17.37.06:000][509]LogShaderCompilers: Display: Worker (9/13): shaders left to compile 6
[2020.01.23-17.37.06:019][510]LogShaderCompilers: Display: Worker (3/13): shaders left to compile 5
[2020.01.23-17.37.06:078][513]LogShaderCompilers: Display: Worker (12/13): shaders left to compile 4
[2020.01.23-17.37.06:358][524]LogShaderCompilers: Display: Worker (10/13): shaders left to compile 3
[2020.01.23-17.37.06:358][524]LogShaderCompilers: Display: Worker (2/13): shaders left to compile 2
[2020.01.23-17.37.06:358][524]LogShaderCompilers: Display: Worker (11/13): shaders left to compile 1
[2020.01.23-17.37.06:645][538]MaterialEditorStats: Base pass shader: 128 instructions
[2020.01.23-17.37.06:645][538]MaterialEditorStats: Base pass shader with Volumetric Lightmap: 204 instructions
[2020.01.23-17.37.06:645][538]MaterialEditorStats: Base pass vertex shader: 44 instructions
[2020.01.23-17.37.06:645][538]MaterialEditorStats: Texture samplers: 5/16
[2020.01.23-17.37.06:645][538]MaterialEditorStats: Texture Lookups (Est.): VS(0), PS(2)
[2020.01.23-17.37.06:645][538]MaterialEditorStats: User interpolators: 2/4 Scalars (1/4 Vectors) (TexCoords: 2, Custom: 0)
[2020.01.23-17.37.09:534][781]LogMaterial: Display: Missing cached shader map for material m_Path, compiling. 
[2020.01.23-17.37.09:552][781]LogShaderCompilers: Display: Worker (1/13): shaders left to compile 21
[2020.01.23-17.37.09:552][781]LogShaderCompilers: Display: Worker (2/13): shaders left to compile 20
[2020.01.23-17.37.09:552][781]LogShaderCompilers: Display: Worker (3/13): shaders left to compile 19
[2020.01.23-17.37.09:553][781]LogShaderCompilers: Display: Worker (4/13): shaders left to compile 18
[2020.01.23-17.37.09:553][781]LogShaderCompilers: Display: Worker (5/13): shaders left to compile 17
[2020.01.23-17.37.09:553][781]LogShaderCompilers: Display: Worker (6/13): shaders left to compile 16
[2020.01.23-17.37.09:553][781]LogShaderCompilers: Display: Worker (7/13): shaders left to compile 15
[2020.01.23-17.37.09:553][781]LogShaderCompilers: Display: Worker (8/13): shaders left to compile 14
[2020.01.23-17.37.09:553][781]LogShaderCompilers: Display: Worker (9/13): shaders left to compile 13
[2020.01.23-17.37.09:553][781]LogShaderCompilers: Display: Worker (10/13): shaders left to compile 12
[2020.01.23-17.37.09:553][781]LogShaderCompilers: Display: Worker (11/13): shaders left to compile 11
[2020.01.23-17.37.09:553][781]LogShaderCompilers: Display: Worker (12/13): shaders left to compile 10
[2020.01.23-17.37.09:557][781]LogMaterial: Display: Missing cached shader map for material FMatExpressionPreview MaterialExpressionTextureSample_2, compiling. 
[2020.01.23-17.37.09:747][789]LogShaderCompilers: Display: Worker (8/13): shaders left to compile 13
[2020.01.23-17.37.09:821][792]LogShaderCompilers: Display: Worker (1/13): shaders left to compile 12
[2020.01.23-17.37.09:861][794]LogShaderCompilers: Display: Worker (5/13): shaders left to compile 11
[2020.01.23-17.37.09:880][795]LogShaderCompilers: Display: Worker (2/13): shaders left to compile 10
[2020.01.23-17.37.09:880][795]LogShaderCompilers: Display: Worker (4/13): shaders left to compile 9
[2020.01.23-17.37.09:901][796]LogShaderCompilers: Display: Worker (3/13): shaders left to compile 8
[2020.01.23-17.37.09:901][796]LogShaderCompilers: Display: Worker (6/13): shaders left to compile 7
[2020.01.23-17.37.09:919][797]LogShaderCompilers: Display: Worker (7/13): shaders left to compile 6
[2020.01.23-17.37.09:919][797]LogShaderCompilers: Display: Worker (9/13): shaders left to compile 5
[2020.01.23-17.37.09:992][801]LogShaderCompilers: Display: Worker (12/13): shaders left to compile 4
[2020.01.23-17.37.10:196][810]LogShaderCompilers: Display: Worker (10/13): shaders left to compile 3
[2020.01.23-17.37.10:264][813]LogShaderCompilers: Display: Worker (5/13): shaders left to compile 2
[2020.01.23-17.37.10:331][816]LogShaderCompilers: Display: Worker (11/13): shaders left to compile 1
[2020.01.23-17.37.11:516][909]LogMaterial: Display: Missing cached shader map for material m_Path, compiling. 
[2020.01.23-17.37.11:532][909]LogShaderCompilers: Display: Worker (1/13): shaders left to compile 21
[2020.01.23-17.37.11:532][909]LogShaderCompilers: Display: Worker (2/13): shaders left to compile 20
[2020.01.23-17.37.11:532][909]LogShaderCompilers: Display: Worker (3/13): shaders left to compile 19
[2020.01.23-17.37.11:532][909]LogShaderCompilers: Display: Worker (4/13): shaders left to compile 18
[2020.01.23-17.37.11:532][909]LogShaderCompilers: Display: Worker (5/13): shaders left to compile 17
[2020.01.23-17.37.11:532][909]LogShaderCompilers: Display: Worker (6/13): shaders left to compile 16
[2020.01.23-17.37.11:532][909]LogShaderCompilers: Display: Worker (7/13): shaders left to compile 15
[2020.01.23-17.37.11:532][909]LogShaderCompilers: Display: Worker (8/13): shaders left to compile 14
[2020.01.23-17.37.11:532][909]LogShaderCompilers: Display: Worker (9/13): shaders left to compile 13
[2020.01.23-17.37.11:532][909]LogShaderCompilers: Display: Worker (10/13): shaders left to compile 12
[2020.01.23-17.37.11:532][909]LogShaderCompilers: Display: Worker (11/13): shaders left to compile 11
[2020.01.23-17.37.11:532][909]LogShaderCompilers: Display: Worker (12/13): shaders left to compile 10
[2020.01.23-17.37.11:532][909]LogMaterial: Display: Missing cached shader map for material FMatExpressionPreview MaterialExpressionTextureSample_2, compiling. 
[2020.01.23-17.37.11:739][918]LogShaderCompilers: Display: Worker (8/13): shaders left to compile 13
[2020.01.23-17.37.11:814][921]LogShaderCompilers: Display: Worker (1/13): shaders left to compile 12
[2020.01.23-17.37.11:814][921]LogShaderCompilers: Display: Worker (2/13): shaders left to compile 11
[2020.01.23-17.37.11:855][923]LogShaderCompilers: Display: Worker (3/13): shaders left to compile 10
[2020.01.23-17.37.11:855][923]LogShaderCompilers: Display: Worker (4/13): shaders left to compile 9
[2020.01.23-17.37.11:874][924]LogShaderCompilers: Display: Worker (5/13): shaders left to compile 8
[2020.01.23-17.37.11:874][924]LogShaderCompilers: Display: Worker (7/13): shaders left to compile 7
[2020.01.23-17.37.11:891][925]LogShaderCompilers: Display: Worker (9/13): shaders left to compile 6
[2020.01.23-17.37.11:908][926]LogShaderCompilers: Display: Worker (6/13): shaders left to compile 5
[2020.01.23-17.37.12:098][935]LogShaderCompilers: Display: Worker (12/13): shaders left to compile 4
[2020.01.23-17.37.12:247][942]LogShaderCompilers: Display: Worker (11/13): shaders left to compile 3
[2020.01.23-17.37.12:322][946]LogShaderCompilers: Display: Worker (10/13): shaders left to compile 2
[2020.01.23-17.37.12:372][948]LogShaderCompilers: Display: Worker (2/13): shaders left to compile 1
[2020.01.23-17.37.13:356][ 23]LogMaterial: Display: Missing cached shader map for material m_Path, compiling. 
[2020.01.23-17.37.13:372][ 23]LogMaterial: Display: Missing cached shader map for material FMatExpressionPreview MaterialExpressionTextureSample_2, compiling. 
[2020.01.23-17.37.13:378][ 23]LogShaderCompilers: Display: Worker (1/13): shaders left to compile 21
[2020.01.23-17.37.13:378][ 23]LogShaderCompilers: Display: Worker (2/13): shaders left to compile 20
[2020.01.23-17.37.13:378][ 23]LogShaderCompilers: Display: Worker (3/13): shaders left to compile 19
[2020.01.23-17.37.13:378][ 23]LogShaderCompilers: Display: Worker (4/13): shaders left to compile 18
[2020.01.23-17.37.13:378][ 23]LogShaderCompilers: Display: Worker (5/13): shaders left to compile 17
[2020.01.23-17.37.13:378][ 23]LogShaderCompilers: Display: Worker (6/13): shaders left to compile 16
[2020.01.23-17.37.13:378][ 23]LogShaderCompilers: Display: Worker (7/13): shaders left to compile 15
[2020.01.23-17.37.13:378][ 23]LogShaderCompilers: Display: Worker (8/13): shaders left to compile 14
[2020.01.23-17.37.13:378][ 23]LogShaderCompilers: Display: Worker (9/13): shaders left to compile 13
[2020.01.23-17.37.13:378][ 23]LogShaderCompilers: Display: Worker (10/13): shaders left to compile 12
[2020.01.23-17.37.13:378][ 23]LogShaderCompilers: Display: Worker (11/13): shaders left to compile 11
[2020.01.23-17.37.13:378][ 23]LogShaderCompilers: Display: Worker (12/13): shaders left to compile 10
[2020.01.23-17.37.13:606][ 36]LogShaderCompilers: Display: Worker (8/13): shaders left to compile 13
[2020.01.23-17.37.13:664][ 39]LogShaderCompilers: Display: Worker (1/13): shaders left to compile 12
[2020.01.23-17.37.13:684][ 40]LogShaderCompilers: Display: Worker (3/13): shaders left to compile 11
[2020.01.23-17.37.13:703][ 41]LogShaderCompilers: Display: Worker (6/13): shaders left to compile 10
[2020.01.23-17.37.13:729][ 42]LogShaderCompilers: Display: Worker (2/13): shaders left to compile 9
[2020.01.23-17.37.13:729][ 42]LogShaderCompilers: Display: Worker (4/13): shaders left to compile 8
[2020.01.23-17.37.13:729][ 42]LogShaderCompilers: Display: Worker (5/13): shaders left to compile 7
[2020.01.23-17.37.13:755][ 43]LogShaderCompilers: Display: Worker (7/13): shaders left to compile 6
[2020.01.23-17.37.13:755][ 43]LogShaderCompilers: Display: Worker (9/13): shaders left to compile 5
[2020.01.23-17.37.13:834][ 47]LogShaderCompilers: Display: Worker (12/13): shaders left to compile 4
[2020.01.23-17.37.14:064][ 56]LogShaderCompilers: Display: Worker (3/13): shaders left to compile 3
[2020.01.23-17.37.14:117][ 57]LogShaderCompilers: Display: Worker (11/13): shaders left to compile 2
[2020.01.23-17.37.14:117][ 57]LogShaderCompilers: Display: Worker (10/13): shaders left to compile 1
[2020.01.23-17.37.14:377][ 71]MaterialEditorStats: Base pass shader: 128 instructions
[2020.01.23-17.37.14:377][ 71]MaterialEditorStats: Base pass shader with Volumetric Lightmap: 206 instructions
[2020.01.23-17.37.14:377][ 71]MaterialEditorStats: Base pass vertex shader: 44 instructions
[2020.01.23-17.37.14:377][ 71]MaterialEditorStats: Texture samplers: 6/16
[2020.01.23-17.37.14:377][ 71]MaterialEditorStats: Texture Lookups (Est.): VS(0), PS(3)
[2020.01.23-17.37.14:377][ 71]MaterialEditorStats: User interpolators: 2/4 Scalars (1/4 Vectors) (TexCoords: 2, Custom: 0)
[2020.01.23-17.37.14:920][121]LogMaterialEditor: Saving and Compiling material m_Path
[2020.01.23-17.37.15:327][121]LogMaterial: Display: Missing cached shader map for material m_Path, compiling. 
[2020.01.23-17.37.15:379][121]LogShaderCompilers: Display: Worker (1/13): shaders left to compile 21
[2020.01.23-17.37.15:379][121]LogShaderCompilers: Display: Worker (2/13): shaders left to compile 20
[2020.01.23-17.37.15:379][121]LogShaderCompilers: Display: Worker (3/13): shaders left to compile 19
[2020.01.23-17.37.15:379][121]LogShaderCompilers: Display: Worker (4/13): shaders left to compile 18
[2020.01.23-17.37.15:379][121]LogShaderCompilers: Display: Worker (5/13): shaders left to compile 17
[2020.01.23-17.37.15:379][121]LogShaderCompilers: Display: Worker (6/13): shaders left to compile 16
[2020.01.23-17.37.15:379][121]LogShaderCompilers: Display: Worker (7/13): shaders left to compile 15
[2020.01.23-17.37.15:379][121]LogShaderCompilers: Display: Worker (8/13): shaders left to compile 14
[2020.01.23-17.37.15:379][121]LogShaderCompilers: Display: Worker (9/13): shaders left to compile 13
[2020.01.23-17.37.15:379][121]LogShaderCompilers: Display: Worker (10/13): shaders left to compile 12
[2020.01.23-17.37.15:379][121]LogShaderCompilers: Display: Worker (11/13): shaders left to compile 11
[2020.01.23-17.37.15:379][121]LogShaderCompilers: Display: Worker (12/13): shaders left to compile 10
[2020.01.23-17.37.15:390][121]LogMaterial: Display: Missing cached shader map for material m_Path, compiling. 
[2020.01.23-17.37.15:409][121]LogMaterial: Display: Missing cached shader map for material m_Path, compiling. 
[2020.01.23-17.37.15:465][121]LogUObjectHash: Compacting FUObjectHashTables data took   3.43ms
[2020.01.23-17.37.15:476][121]LogMaterial: Display: Missing cached shader map for material DebugViewMode MaterialTexCoordScale, compiling. 
[2020.01.23-17.37.16:250][121]LogShaderCompilers: Display: Worker (8/13): shaders left to compile 33
[2020.01.23-17.37.16:251][121]LogShaderCompilers: Display: Worker (2/13): shaders left to compile 32
[2020.01.23-17.37.16:251][121]LogShaderCompilers: Display: Worker (1/13): shaders left to compile 31
[2020.01.23-17.37.16:251][121]LogShaderCompilers: Display: Worker (3/13): shaders left to compile 30
[2020.01.23-17.37.16:251][121]LogShaderCompilers: Display: Worker (4/13): shaders left to compile 29
[2020.01.23-17.37.16:251][121]LogShaderCompilers: Display: Worker (9/13): shaders left to compile 28
[2020.01.23-17.37.16:251][121]LogShaderCompilers: Display: Worker (5/13): shaders left to compile 27
[2020.01.23-17.37.16:251][121]LogShaderCompilers: Display: Worker (7/13): shaders left to compile 26
[2020.01.23-17.37.16:251][121]LogShaderCompilers: Display: Worker (6/13): shaders left to compile 25
[2020.01.23-17.37.16:251][121]LogShaderCompilers: Display: Worker (12/13): shaders left to compile 24
[2020.01.23-17.37.16:251][121]LogShaderCompilers: Display: Worker (10/13): shaders left to compile 23
[2020.01.23-17.37.16:251][121]LogShaderCompilers: Display: Worker (1/13): shaders left to compile 22
[2020.01.23-17.37.16:251][121]LogShaderCompilers: Display: Worker (11/13): shaders left to compile 20
[2020.01.23-17.37.16:251][121]LogShaderCompilers: Display: Worker (9/13): shaders left to compile 18
[2020.01.23-17.37.16:251][121]LogShaderCompilers: Display: Worker (12/13): shaders left to compile 16
[2020.01.23-17.37.16:251][121]LogShaderCompilers: Display: Worker (6/13): shaders left to compile 14
[2020.01.23-17.37.16:251][121]LogShaderCompilers: Display: Worker (8/13): shaders left to compile 12
[2020.01.23-17.37.16:251][121]LogShaderCompilers: Display: Worker (5/13): shaders left to compile 10
[2020.01.23-17.37.16:251][121]LogShaderCompilers: Display: Worker (2/13): shaders left to compile 9
[2020.01.23-17.37.16:251][121]LogShaderCompilers: Display: Worker (7/13): shaders left to compile 8
[2020.01.23-17.37.16:251][121]LogShaderCompilers: Display: Worker (10/13): shaders left to compile 7
[2020.01.23-17.37.16:253][121]TextureStreamingBuild: Display: Compiling optional shaders took 0.788 seconds.
[2020.01.23-17.37.16:293][121]LogShaderCompilers: Display: Worker (3/13): shaders left to compile 6
[2020.01.23-17.37.16:293][121]LogUObjectHash: Compacting FUObjectHashTables data took   1.12ms
[2020.01.23-17.37.16:294][121]LogShaderCompilers: Display: Worker (4/13): shaders left to compile 5
[2020.01.23-17.37.17:021][121]LogShaderCompilers: Display: Worker (12/13): shaders left to compile 4
[2020.01.23-17.37.17:021][121]LogShaderCompilers: Display: Worker (1/13): shaders left to compile 3
[2020.01.23-17.37.17:021][121]LogShaderCompilers: Display: Worker (7/13): shaders left to compile 2
[2020.01.23-17.37.17:021][121]LogShaderCompilers: Display: Worker (9/13): shaders left to compile 1
[2020.01.23-17.37.17:662][121]Cmd: OBJ SAVEPACKAGE PACKAGE="/Game/Materials/m_Path" FILE="../../../../Art/Park_SFAS/Park/Content/Materials/m_Path.uasset" SILENT=true
[2020.01.23-17.37.17:684][121]LogSavePackage: Moving '../../../../Art/Park_SFAS/Park/Saved/m_PathE46289F742A3C6100D088F992D5A4BB7.tmp' to '../../../../Art/Park_SFAS/Park/Content/Materials/m_Path.uasset'
[2020.01.23-17.37.23:271][555]Cmd: SELECT NONE
[2020.01.23-17.37.29:969][986]Cmd: SELECT NONE
[2020.01.23-17.37.33:654][207]Cmd: SELECT NONE
[2020.01.23-17.37.39:940][578]LogEditorViewport: Clicking on Actor (LMB): StaticMeshActor (SM_Bridge)
[2020.01.23-17.37.40:862][619]Cmd: SELECT NONE
[2020.01.23-17.38.09:004][877]LogSlate: FSceneViewport::OnFocusLost() reason 5
[2020.01.23-17.38.11:163][ 17]Cmd: SELECT NONE
[2020.01.23-17.39.13:482][ 60]LogSlate: FSceneViewport::OnFocusLost() reason 5
[2020.01.23-17.39.20:362][745]Cmd: OBJ SAVEPACKAGE PACKAGE="/Game/Textures/T_Path_low_blinn1_BaseColor" FILE="../../../../Art/Park_SFAS/Park/Content/Textures/T_Path_low_blinn1_BaseColor.uasset" SILENT=true
[2020.01.23-17.39.20:621][745]LogSavePackage: Moving '../../../../Art/Park_SFAS/Park/Saved/T_Path_low_blinn1_BaseColor2C1A75CE4E4F89AC63529CB28FD91435.tmp' to '../../../../Art/Park_SFAS/Park/Content/Textures/T_Path_low_blinn1_BaseColor.uasset'
[2020.01.23-17.39.20:749][745]LogUObjectHash: Compacting FUObjectHashTables data took   1.45ms
[2020.01.23-17.39.20:790][745]LogUObjectHash: Compacting FUObjectHashTables data took   1.45ms
[2020.01.23-17.39.20:826][745]LogUObjectHash: Compacting FUObjectHashTables data took   0.72ms
[2020.01.23-17.39.20:838][745]Cmd: OBJ SAVEPACKAGE PACKAGE="/Game/Materials/m_Path" FILE="../../../../Art/Park_SFAS/Park/Content/Materials/m_Path.uasset" SILENT=true
[2020.01.23-17.39.20:852][745]LogSavePackage: Moving '../../../../Art/Park_SFAS/Park/Saved/m_Path4E72E12B41EE84C76E91638C6CC33693.tmp' to '../../../../Art/Park_SFAS/Park/Content/Materials/m_Path.uasset'
[2020.01.23-17.39.23:303][993]Cmd: OBJ SAVEPACKAGE PACKAGE="/Game/Textures/T_Path_low_blinn1_Normal" FILE="../../../../Art/Park_SFAS/Park/Content/Textures/T_Path_low_blinn1_Normal.uasset" SILENT=true
[2020.01.23-17.39.23:867][993]LogSavePackage: Moving '../../../../Art/Park_SFAS/Park/Saved/T_Path_low_blinn1_NormalF7AC2A9346899808470D2D9BF8D2C561.tmp' to '../../../../Art/Park_SFAS/Park/Content/Textures/T_Path_low_blinn1_Normal.uasset'
[2020.01.23-17.39.23:986][993]LogUObjectHash: Compacting FUObjectHashTables data took   0.73ms
[2020.01.23-17.39.24:028][993]LogUObjectHash: Compacting FUObjectHashTables data took   0.97ms
[2020.01.23-17.39.24:063][993]LogUObjectHash: Compacting FUObjectHashTables data took   0.73ms
[2020.01.23-17.39.24:081][993]Cmd: OBJ SAVEPACKAGE PACKAGE="/Game/Materials/m_Path" FILE="../../../../Art/Park_SFAS/Park/Content/Materials/m_Path.uasset" SILENT=true
[2020.01.23-17.39.24:091][993]LogSavePackage: Moving '../../../../Art/Park_SFAS/Park/Saved/m_PathBC47D280415BB420109CF0AC21E164B6.tmp' to '../../../../Art/Park_SFAS/Park/Content/Materials/m_Path.uasset'
[2020.01.23-17.39.26:508][226]LogSavePackage: Moving '../../../../Art/Park_SFAS/Park/Saved/T_Path_low_blinn1_OcclusionRoughFEF70A6D497FB2DDD5B7F2A99117ADBB.tmp' to '../../../../Art/Park_SFAS/Park/Content/Textures/T_Path_low_blinn1_OcclusionRoughnessMetallic.uasset'
[2020.01.23-17.39.26:627][226]LogUObjectHash: Compacting FUObjectHashTables data took   0.74ms
[2020.01.23-17.39.26:668][226]LogUObjectHash: Compacting FUObjectHashTables data took   0.96ms
[2020.01.23-17.39.26:703][226]LogUObjectHash: Compacting FUObjectHashTables data took   0.73ms
[2020.01.23-17.39.26:717][226]Cmd: OBJ SAVEPACKAGE PACKAGE="/Game/Materials/m_Path" FILE="../../../../Art/Park_SFAS/Park/Content/Materials/m_Path.uasset" SILENT=true
[2020.01.23-17.39.26:727][226]LogSavePackage: Moving '../../../../Art/Park_SFAS/Park/Saved/m_PathA7E421DE49367FE6705A4192F32B01D1.tmp' to '../../../../Art/Park_SFAS/Park/Content/Materials/m_Path.uasset'
[2020.01.23-17.39.28:827][431]LogEditorFactories: Performing atomic reimport of [D:/Art/Park_SFAS/Textures/Path/SM_Path_low_blinn1_OcclusionRoughnessMetallic.tga]
[2020.01.23-17.39.28:854][431]LogFactory: FactoryCreateFile: Texture2D with ReimportTextureFactory (0 0 D:/Art/Park_SFAS/Textures/Path/SM_Path_low_blinn1_OcclusionRoughnessMetallic.tga)
[2020.01.23-17.39.28:903][431]LogTexture: Display: Building textures: T_Path_low_blinn1_OcclusionRoughnessMetallic (AutoDXT, 2048X2048)
[2020.01.23-17.39.29:121][431]LogEditorFactories: -- imported successfully
[2020.01.23-17.39.34:093][773]Cmd: SELECT NONE
[2020.01.23-17.39.38:311][ 26]Cmd: SELECT NONE
[2020.01.23-17.39.46:042][506]LogEditorViewport: Clicking on Actor (LMB): SphereReflectionCapture (SphereReflectionCapture)
[2020.01.23-17.40.03:449][554]LogEditorViewport: Clicking on Actor (LMB): StaticMeshActor (SM_Bridge)
[2020.01.23-17.40.08:873][677]LogSlate: FSceneViewport::OnFocusLost() reason 5
[2020.01.23-17.40.09:979][739]Cmd: SELECT NONE
[2020.01.23-17.40.23:561][584]Cmd: SELECT NONE
[2020.01.23-17.40.27:419][806]Cmd: SELECT NONE
[2020.01.23-17.40.30:191][965]Cmd: SELECT NONE
[2020.01.23-17.40.32:047][ 69]LogEditorViewport: Clicking on Actor (LMB): BP_Sky_Sphere_C (Sky Sphere)
[2020.01.23-17.40.32:859][111]Cmd: DELETE
[2020.01.23-17.40.32:859][111]Cmd: ACTOR DELETE
[2020.01.23-17.40.32:867][111]LogEditorActor: Deleted Actor: BP_Sky_Sphere_C
[2020.01.23-17.40.32:903][111]LogUObjectHash: Compacting FUObjectHashTables data took   1.16ms
[2020.01.23-17.40.32:904][111]LogEditorActor: Deleted 1 Actors (0.043 secs)
[2020.01.23-17.40.33:772][209]LogEditorViewport: Clicking Background
[2020.01.23-17.40.34:779][324]Cmd: TRANSACTION UNDO
[2020.01.23-17.40.34:779][324]LogEditorTransaction: Undo Delete Actors
[2020.01.23-17.40.34:795][324]LogMaterial: Display: Missing cached shader map for material m_Path, compiling. 
[2020.01.23-17.40.34:813][324]LogShaderCompilers: Display: Worker (1/13): shaders left to compile 21
[2020.01.23-17.40.34:813][324]LogShaderCompilers: Display: Worker (2/13): shaders left to compile 20
[2020.01.23-17.40.34:814][324]LogShaderCompilers: Display: Worker (3/13): shaders left to compile 19
[2020.01.23-17.40.34:814][324]LogShaderCompilers: Display: Worker (4/13): shaders left to compile 18
[2020.01.23-17.40.34:814][324]LogShaderCompilers: Display: Worker (5/13): shaders left to compile 17
[2020.01.23-17.40.34:814][324]LogShaderCompilers: Display: Worker (6/13): shaders left to compile 16
[2020.01.23-17.40.34:814][324]LogShaderCompilers: Display: Worker (7/13): shaders left to compile 15
[2020.01.23-17.40.34:814][324]LogShaderCompilers: Display: Worker (8/13): shaders left to compile 14
[2020.01.23-17.40.34:814][324]LogShaderCompilers: Display: Worker (9/13): shaders left to compile 13
[2020.01.23-17.40.34:814][324]LogShaderCompilers: Display: Worker (10/13): shaders left to compile 12
[2020.01.23-17.40.34:814][324]LogShaderCompilers: Display: Worker (11/13): shaders left to compile 11
[2020.01.23-17.40.34:814][324]LogShaderCompilers: Display: Worker (12/13): shaders left to compile 10
[2020.01.23-17.40.35:032][332]Cmd: TRANSACTION UNDO
[2020.01.23-17.40.35:032][332]LogEditorTransaction: Undo Clicking on Actors
[2020.01.23-17.40.35:038][332]LogMaterial: Display: Missing cached shader map for material m_Path, compiling. 
[2020.01.23-17.40.35:156][333]LogShaderCompilers: Display: Worker (8/13): shaders left to compile 21
[2020.01.23-17.40.35:263][337]LogShaderCompilers: Display: Worker (3/13): shaders left to compile 20
[2020.01.23-17.40.35:289][338]LogShaderCompilers: Display: Worker (9/13): shaders left to compile 19
[2020.01.23-17.40.35:289][338]LogShaderCompilers: Display: Worker (2/13): shaders left to compile 18
[2020.01.23-17.40.35:295][339]LogShaderCompilers: Display: Worker (1/13): shaders left to compile 17
[2020.01.23-17.40.35:295][339]LogShaderCompilers: Display: Worker (4/13): shaders left to compile 16
[2020.01.23-17.40.35:326][341]LogShaderCompilers: Display: Worker (5/13): shaders left to compile 15
[2020.01.23-17.40.35:326][341]LogShaderCompilers: Display: Worker (7/13): shaders left to compile 14
[2020.01.23-17.40.35:340][342]LogShaderCompilers: Display: Worker (6/13): shaders left to compile 13
[2020.01.23-17.40.35:370][344]LogShaderCompilers: Display: Worker (12/13): shaders left to compile 12
[2020.01.23-17.40.35:455][349]LogShaderCompilers: Display: Worker (8/13): shaders left to compile 11
[2020.01.23-17.40.35:488][351]LogShaderCompilers: Display: Worker (7/13): shaders left to compile 10
[2020.01.23-17.40.35:520][353]LogEditorViewport: Clicking on Actor (LMB): BP_Sky_Sphere_C (Sky Sphere)
[2020.01.23-17.40.35:555][353]LogShaderCompilers: Display: Worker (9/13): shaders left to compile 9
[2020.01.23-17.40.35:565][353]LogShaderCompilers: Display: Worker (3/13): shaders left to compile 8
[2020.01.23-17.40.35:565][353]LogShaderCompilers: Display: Worker (10/13): shaders left to compile 7
[2020.01.23-17.40.35:608][354]LogShaderCompilers: Display: Worker (2/13): shaders left to compile 6
[2020.01.23-17.40.35:608][354]LogShaderCompilers: Display: Worker (11/13): shaders left to compile 5
[2020.01.23-17.40.35:608][354]LogShaderCompilers: Display: Worker (1/13): shaders left to compile 4
[2020.01.23-17.40.35:608][354]LogShaderCompilers: Display: Worker (4/13): shaders left to compile 3
[2020.01.23-17.40.35:608][354]LogShaderCompilers: Display: Worker (5/13): shaders left to compile 2
[2020.01.23-17.40.35:608][354]LogShaderCompilers: Display: Worker (6/13): shaders left to compile 1
[2020.01.23-17.40.36:211][387]MaterialEditorStats: Base pass shader: 128 instructions
[2020.01.23-17.40.36:211][387]MaterialEditorStats: Base pass shader with Volumetric Lightmap: 206 instructions
[2020.01.23-17.40.36:211][387]MaterialEditorStats: Base pass vertex shader: 44 instructions
[2020.01.23-17.40.36:211][387]MaterialEditorStats: Texture samplers: 6/16
[2020.01.23-17.40.36:211][387]MaterialEditorStats: Texture Lookups (Est.): VS(0), PS(3)
[2020.01.23-17.40.36:211][387]MaterialEditorStats: User interpolators: 2/4 Scalars (1/4 Vectors) (TexCoords: 2, Custom: 0)
[2020.01.23-17.40.40:957][827]LogSlate: FSceneViewport::OnFocusLost() reason 5
[2020.01.23-17.40.45:160][144]LogSlate: Window 'Color Picker' being destroyed
[2020.01.23-17.40.49:358][466]LogSlate: Window 'Color Picker' being destroyed
[2020.01.23-17.40.53:834][830]LogSlate: Window 'Color Picker' being destroyed
[2020.01.23-17.40.57:844][149]LogSlate: Window 'Color Picker' being destroyed
[2020.01.23-17.41.00:304][374]LogEditorViewport: Clicking on Actor (LMB): BP_Sky_Sphere_C (Sky Sphere)
[2020.01.23-17.41.06:302][856]LogSlate: FSceneViewport::OnFocusLost() reason 0
[2020.01.23-17.41.11:089][243]Cmd: SELECT NONE
[2020.01.23-17.41.16:513][587]LogEditorViewport: Clicking on Actor (LMB): BP_Sky_Sphere_C (Sky Sphere)
[2020.01.23-17.41.18:519][705]LogSlate: FSceneViewport::OnFocusLost() reason 0
[2020.01.23-17.41.36:892][322]LogSlate: FSceneViewport::OnFocusLost() reason 0
[2020.01.23-17.41.45:441][936]Cmd: SELECT NONE
[2020.01.23-17.41.47:001][ 20]LogEditorViewport: Clicking on Actor (LMB): SphereReflectionCapture (SphereReflectionCapture)
[2020.01.23-17.41.48:060][ 95]LogSlate: FSceneViewport::OnFocusLost() reason 0
[2020.01.23-17.41.51:085][378]LogEditorViewport: Clicking on Actor (LMB): BP_Sky_Sphere_C (Sky Sphere)
[2020.01.23-17.41.54:380][550]LogSlate: FSceneViewport::OnFocusLost() reason 0
[2020.01.23-17.42.12:953][160]LogSlate: FSceneViewport::OnFocusLost() reason 0
[2020.01.23-17.42.22:438][ 40]Cmd: SELECT NONE
[2020.01.23-17.42.24:288][157]LogEditorViewport: Clicking on Actor (LMB): StaticMeshActor (SM_Pavilion_fountain)
[2020.01.23-17.42.25:046][197]Cmd: SELECT NONE
[2020.01.23-17.42.28:189][369]LogEditorViewport: Clicking on Actor (LMB): DirectionalLight (Light Source)
[2020.01.23-17.42.30:127][474]LogSlate: FSceneViewport::OnFocusLost() reason 0
[2020.01.23-17.42.37:674][ 77]LogSlate: FSceneViewport::OnFocusLost() reason 5
[2020.01.23-17.42.45:188][747]LogSlate: FSceneViewport::OnFocusLost() reason 5
[2020.01.23-17.42.45:340][760]LogSlate: FSceneViewport::OnFocusLost() reason 5
[2020.01.23-17.42.51:488][219]LogSlate: FSceneViewport::OnFocusLost() reason 0
[2020.01.23-17.43.01:253][835]LogEditorViewport: Clicking on Actor (LMB): SkyLight (SkyLight)
[2020.01.23-17.43.05:280][189]LogSlate: FSceneViewport::OnFocusLost() reason 0
[2020.01.23-17.43.11:699][728]LogSlate: FSceneViewport::OnFocusLost() reason 5
[2020.01.23-17.43.17:093][128]LogSlate: Window 'Color Picker' being destroyed
[2020.01.23-17.43.18:292][220]Cmd: SELECT NONE
[2020.01.23-17.43.21:253][383]LogEditorViewport: Clicking on Actor (LMB): SkyLight (SkyLight)
[2020.01.23-17.43.27:641][880]Cmd: SELECT NONE
[2020.01.23-17.43.41:014][729]Cmd: SELECT NONE
[2020.01.23-17.43.50:140][525]LogSlate: FSceneViewport::OnFocusLost() reason 0
[2020.01.23-17.43.53:150][729]Cmd: SELECT NONE
[2020.01.23-17.44.02:762][338]LogEditorViewport: Clicking on Actor (LMB): DirectionalLight (Light Source)
[2020.01.23-17.44.07:620][784]LogSlate: FSceneViewport::OnFocusLost() reason 0
[2020.01.23-17.44.21:530][988]LogSlate: FSceneViewport::OnFocusLost() reason 0
[2020.01.23-17.44.25:031][262]Cmd: TRANSACTION UNDO
[2020.01.23-17.44.25:031][262]LogEditorTransaction: Undo Edit Source Angle
[2020.01.23-17.44.25:036][262]LogMaterial: Display: Missing cached shader map for material m_Path, compiling. 
[2020.01.23-17.44.25:055][262]LogShaderCompilers: Display: Worker (1/13): shaders left to compile 21
[2020.01.23-17.44.25:056][262]LogShaderCompilers: Display: Worker (2/13): shaders left to compile 20
[2020.01.23-17.44.25:056][262]LogShaderCompilers: Display: Worker (3/13): shaders left to compile 19
[2020.01.23-17.44.25:056][262]LogShaderCompilers: Display: Worker (4/13): shaders left to compile 18
[2020.01.23-17.44.25:056][262]LogShaderCompilers: Display: Worker (5/13): shaders left to compile 17
[2020.01.23-17.44.25:056][262]LogShaderCompilers: Display: Worker (6/13): shaders left to compile 16
[2020.01.23-17.44.25:056][262]LogShaderCompilers: Display: Worker (7/13): shaders left to compile 15
[2020.01.23-17.44.25:056][262]LogShaderCompilers: Display: Worker (8/13): shaders left to compile 14
[2020.01.23-17.44.25:056][262]LogShaderCompilers: Display: Worker (9/13): shaders left to compile 13
[2020.01.23-17.44.25:056][262]LogShaderCompilers: Display: Worker (10/13): shaders left to compile 12
[2020.01.23-17.44.25:056][262]LogShaderCompilers: Display: Worker (11/13): shaders left to compile 11
[2020.01.23-17.44.25:056][262]LogShaderCompilers: Display: Worker (12/13): shaders left to compile 10
[2020.01.23-17.44.25:414][276]LogShaderCompilers: Display: Worker (8/13): shaders left to compile 9
[2020.01.23-17.44.25:533][280]LogShaderCompilers: Display: Worker (9/13): shaders left to compile 8
[2020.01.23-17.44.25:534][280]LogShaderCompilers: Display: Worker (3/13): shaders left to compile 7
[2020.01.23-17.44.25:560][282]LogShaderCompilers: Display: Worker (2/13): shaders left to compile 6
[2020.01.23-17.44.25:560][282]LogShaderCompilers: Display: Worker (6/13): shaders left to compile 5
[2020.01.23-17.44.25:576][283]LogShaderCompilers: Display: Worker (1/13): shaders left to compile 4
[2020.01.23-17.44.25:576][283]LogShaderCompilers: Display: Worker (4/13): shaders left to compile 3
[2020.01.23-17.44.25:576][283]LogShaderCompilers: Display: Worker (5/13): shaders left to compile 2
[2020.01.23-17.44.25:576][283]LogShaderCompilers: Display: Worker (7/13): shaders left to compile 1
[2020.01.23-17.44.26:106][313]MaterialEditorStats: Base pass shader: 128 instructions
[2020.01.23-17.44.26:106][313]MaterialEditorStats: Base pass shader with Volumetric Lightmap: 206 instructions
[2020.01.23-17.44.26:106][313]MaterialEditorStats: Base pass vertex shader: 44 instructions
[2020.01.23-17.44.26:106][313]MaterialEditorStats: Texture samplers: 6/16
[2020.01.23-17.44.26:106][313]MaterialEditorStats: Texture Lookups (Est.): VS(0), PS(3)
[2020.01.23-17.44.26:106][313]MaterialEditorStats: User interpolators: 2/4 Scalars (1/4 Vectors) (TexCoords: 2, Custom: 0)
[2020.01.23-17.44.31:991][801]LogSlate: FSceneViewport::OnFocusLost() reason 0
[2020.01.23-17.44.52:446][741]LogEditorViewport: Clicking on Actor (LMB): SkyLight (SkyLight)
[2020.01.23-17.44.54:414][932]Cmd: DELETE
[2020.01.23-17.44.54:414][932]Cmd: ACTOR DELETE
[2020.01.23-17.44.54:432][932]LogEditorActor: Deleted Actor: SkyLight
[2020.01.23-17.44.54:497][932]LogUObjectHash: Compacting FUObjectHashTables data took   1.77ms
[2020.01.23-17.44.54:497][932]LogEditorActor: Deleted 1 Actors (0.084 secs)
[2020.01.23-17.44.55:429][ 38]Cmd: TRANSACTION UNDO
[2020.01.23-17.44.55:429][ 38]LogEditorTransaction: Undo Delete Actors
[2020.01.23-17.44.55:440][ 38]LogMaterial: Display: Missing cached shader map for material m_Path, compiling. 
[2020.01.23-17.44.55:458][ 38]LogShaderCompilers: Display: Worker (1/13): shaders left to compile 21
[2020.01.23-17.44.55:458][ 38]LogShaderCompilers: Display: Worker (2/13): shaders left to compile 20
[2020.01.23-17.44.55:458][ 38]LogShaderCompilers: Display: Worker (3/13): shaders left to compile 19
[2020.01.23-17.44.55:458][ 38]LogShaderCompilers: Display: Worker (4/13): shaders left to compile 18
[2020.01.23-17.44.55:458][ 38]LogShaderCompilers: Display: Worker (5/13): shaders left to compile 17
[2020.01.23-17.44.55:458][ 38]LogShaderCompilers: Display: Worker (6/13): shaders left to compile 16
[2020.01.23-17.44.55:458][ 38]LogShaderCompilers: Display: Worker (7/13): shaders left to compile 15
[2020.01.23-17.44.55:458][ 38]LogShaderCompilers: Display: Worker (8/13): shaders left to compile 14
[2020.01.23-17.44.55:458][ 38]LogShaderCompilers: Display: Worker (9/13): shaders left to compile 13
[2020.01.23-17.44.55:458][ 38]LogShaderCompilers: Display: Worker (10/13): shaders left to compile 12
[2020.01.23-17.44.55:458][ 38]LogShaderCompilers: Display: Worker (11/13): shaders left to compile 11
[2020.01.23-17.44.55:458][ 38]LogShaderCompilers: Display: Worker (12/13): shaders left to compile 10
[2020.01.23-17.44.55:810][ 51]LogShaderCompilers: Display: Worker (8/13): shaders left to compile 9
[2020.01.23-17.44.55:930][ 55]LogShaderCompilers: Display: Worker (9/13): shaders left to compile 8
[2020.01.23-17.44.55:952][ 57]LogShaderCompilers: Display: Worker (2/13): shaders left to compile 7
[2020.01.23-17.44.55:952][ 57]LogShaderCompilers: Display: Worker (3/13): shaders left to compile 6
[2020.01.23-17.44.55:967][ 58]LogShaderCompilers: Display: Worker (1/13): shaders left to compile 5
[2020.01.23-17.44.55:984][ 59]LogShaderCompilers: Display: Worker (4/13): shaders left to compile 4
[2020.01.23-17.44.55:984][ 59]LogShaderCompilers: Display: Worker (5/13): shaders left to compile 3
[2020.01.23-17.44.55:984][ 59]LogShaderCompilers: Display: Worker (6/13): shaders left to compile 2
[2020.01.23-17.44.55:984][ 59]LogShaderCompilers: Display: Worker (7/13): shaders left to compile 1
[2020.01.23-17.44.56:491][ 85]MaterialEditorStats: Base pass shader: 128 instructions
[2020.01.23-17.44.56:491][ 85]MaterialEditorStats: Base pass shader with Volumetric Lightmap: 206 instructions
[2020.01.23-17.44.56:491][ 85]MaterialEditorStats: Base pass vertex shader: 44 instructions
[2020.01.23-17.44.56:491][ 85]MaterialEditorStats: Texture samplers: 6/16
[2020.01.23-17.44.56:491][ 85]MaterialEditorStats: Texture Lookups (Est.): VS(0), PS(3)
[2020.01.23-17.44.56:491][ 85]MaterialEditorStats: User interpolators: 2/4 Scalars (1/4 Vectors) (TexCoords: 2, Custom: 0)
[2020.01.23-17.45.01:120][476]LogSlate: FSceneViewport::OnFocusLost() reason 2
[2020.01.23-17.45.10:682][421]Cmd: TRANSACTION UNDO
[2020.01.23-17.45.10:682][421]LogEditorTransaction: Undo Edit Intensity
[2020.01.23-17.45.10:686][421]LogMaterial: Display: Missing cached shader map for material m_Path, compiling. 
[2020.01.23-17.45.10:701][421]LogShaderCompilers: Display: Worker (1/13): shaders left to compile 21
[2020.01.23-17.45.10:701][421]LogShaderCompilers: Display: Worker (2/13): shaders left to compile 20
[2020.01.23-17.45.10:701][421]LogShaderCompilers: Display: Worker (3/13): shaders left to compile 19
[2020.01.23-17.45.10:701][421]LogShaderCompilers: Display: Worker (4/13): shaders left to compile 18
[2020.01.23-17.45.10:701][421]LogShaderCompilers: Display: Worker (5/13): shaders left to compile 17
[2020.01.23-17.45.10:702][421]LogShaderCompilers: Display: Worker (6/13): shaders left to compile 16
[2020.01.23-17.45.10:702][421]LogShaderCompilers: Display: Worker (7/13): shaders left to compile 15
[2020.01.23-17.45.10:702][421]LogShaderCompilers: Display: Worker (8/13): shaders left to compile 14
[2020.01.23-17.45.10:702][421]LogShaderCompilers: Display: Worker (9/13): shaders left to compile 13
[2020.01.23-17.45.10:702][421]LogShaderCompilers: Display: Worker (10/13): shaders left to compile 12
[2020.01.23-17.45.10:702][421]LogShaderCompilers: Display: Worker (11/13): shaders left to compile 11
[2020.01.23-17.45.10:702][421]LogShaderCompilers: Display: Worker (12/13): shaders left to compile 10
[2020.01.23-17.45.10:907][428]LogShaderCompilers: Display: Worker (8/13): shaders left to compile 9
[2020.01.23-17.45.11:000][431]LogShaderCompilers: Display: Worker (2/13): shaders left to compile 8
[2020.01.23-17.45.11:000][431]LogShaderCompilers: Display: Worker (1/13): shaders left to compile 7
[2020.01.23-17.45.11:005][432]LogShaderCompilers: Display: Worker (3/13): shaders left to compile 6
[2020.01.23-17.45.11:032][432]LogShaderCompilers: Display: Worker (4/13): shaders left to compile 5
[2020.01.23-17.45.11:032][432]LogShaderCompilers: Display: Worker (9/13): shaders left to compile 4
[2020.01.23-17.45.11:066][433]LogShaderCompilers: Display: Worker (5/13): shaders left to compile 3
[2020.01.23-17.45.11:066][433]LogShaderCompilers: Display: Worker (6/13): shaders left to compile 2
[2020.01.23-17.45.11:066][433]LogShaderCompilers: Display: Worker (7/13): shaders left to compile 1
[2020.01.23-17.45.11:613][461]MaterialEditorStats: Base pass shader: 128 instructions
[2020.01.23-17.45.11:613][461]MaterialEditorStats: Base pass shader with Volumetric Lightmap: 206 instructions
[2020.01.23-17.45.11:613][461]MaterialEditorStats: Base pass vertex shader: 44 instructions
[2020.01.23-17.45.11:613][461]MaterialEditorStats: Texture samplers: 6/16
[2020.01.23-17.45.11:613][461]MaterialEditorStats: Texture Lookups (Est.): VS(0), PS(3)
[2020.01.23-17.45.11:613][461]MaterialEditorStats: User interpolators: 2/4 Scalars (1/4 Vectors) (TexCoords: 2, Custom: 0)
[2020.01.23-17.45.14:383][684]Cmd: SELECT NONE
[2020.01.23-17.45.26:291][666]LogEditorViewport: Clicking on Actor (LMB): StaticMeshActor (SM_Bridge)
[2020.01.23-17.46.21:464][908]LogUObjectHash: Compacting FUObjectHashTables data took   0.83ms
[2020.01.23-17.46.21:464][908]Cmd: OBJ SAVEPACKAGE PACKAGE="/Game/Diorama" FILE="../../../../Art/Park_SFAS/Park/Saved/Autosaves/Game/Diorama_Auto8.umap" SILENT=true AUTOSAVING=true KEEPDIRTY=false
[2020.01.23-17.46.21:687][908]LogSavePackage: Moving '../../../../Art/Park_SFAS/Park/Saved/Diorama_Auto815C8EF344E95052D38F3CA96BB879A61.tmp' to '../../../../Art/Park_SFAS/Park/Saved/Autosaves/Game/Diorama_Auto8.umap'
[2020.01.23-17.46.21:690][908]LogFileHelpers: Editor autosave (incl. sublevels) for '/Game/Diorama' took 0.263
[2020.01.23-17.46.21:690][908]LogFileHelpers: Editor autosave (incl. sublevels) for all levels took 0.263
[2020.01.23-17.46.21:692][908]OBJ SavePackage: Generating thumbnails for [1] asset(s) in package [/Game/Textures/T_Path_low_blinn1_OcclusionRoughnessMetallic] ([1] browsable assets)...
[2020.01.23-17.46.21:697][908]OBJ SavePackage:     Rendered thumbnail for [Texture2D /Game/Textures/T_Path_low_blinn1_OcclusionRoughnessMetallic.T_Path_low_blinn1_OcclusionRoughnessMetallic]
[2020.01.23-17.46.21:697][908]OBJ SavePackage: Finished generating thumbnails for package [/Game/Textures/T_Path_low_blinn1_OcclusionRoughnessMetallic]
[2020.01.23-17.46.21:724][908]LogSavePackage: Moving '../../../../Art/Park_SFAS/Park/Saved/T_Path_low_blinn1_OcclusionRough21DC68D24D3469E0CF7217A4FBD0E617.tmp' to '../../../../Art/Park_SFAS/Park/Saved/Autosaves/Game/Textures/T_Path_low_blinn1_OcclusionRoughnessMetallic_Auto8.uasset'
[2020.01.23-17.46.21:725][908]LogFileHelpers: Auto-saving content packages took 0.033
[2020.01.23-17.47.09:728][ 93]LogEditorViewport: Clicking on Actor (LMB): StaticMeshActor (SM_Bridge)
[2020.01.23-17.47.12:002][291]LogSlate: FSceneViewport::OnFocusLost() reason 0
[2020.01.23-17.47.18:657][807]LogEditorFactories: Performing atomic reimport of [D:/Art/Park_SFAS/Textures/Bridge/Bridge_polySurface8SG_OcclusionRoughnessMetallic.tga]
[2020.01.23-17.47.18:684][807]LogFactory: FactoryCreateFile: Texture2D with ReimportTextureFactory (0 0 D:/Art/Park_SFAS/Textures/Bridge/Bridge_polySurface8SG_OcclusionRoughnessMetallic.tga)
[2020.01.23-17.47.18:734][807]LogTexture: Display: Building textures: T_Bridge_polySurface8SG_OcclusionRoughnessMetallic (AutoDXT, 2048X2048)
[2020.01.23-17.47.18:910][807]LogEditorFactories: -- imported successfully
[2020.01.23-17.47.23:023][ 98]Cmd: SELECT NONE
[2020.01.23-17.47.44:614][888]LogSlate: FSceneViewport::OnFocusLost() reason 0
[2020.01.23-17.47.45:040][912]LogRenderer: Reallocating scene render targets to support 1304x800 Format 10 NumSamples 1 (Frame:61544).
[2020.01.23-17.47.46:108][998]Cmd: SELECT NONE
[2020.01.23-17.47.47:339][ 88]LogEditorViewport: Clicking on Actor (LMB): BP_Sky_Sphere_C (Sky Sphere)
[2020.01.23-17.47.50:840][323]LogEditorViewport: Clicking on Actor (LMB): DirectionalLight (Light Source)
[2020.01.23-17.47.51:901][409]LogSlate: FSceneViewport::OnFocusLost() reason 5
[2020.01.23-17.47.56:131][744]LogSlate: FSceneViewport::OnFocusLost() reason 0
[2020.01.23-17.48.06:785][603]LogSlate: Window 'Color Picker' being destroyed
[2020.01.23-17.48.14:400][329]LogEditorViewport: Clicking on Actor (LMB): BP_Sky_Sphere_C (Sky Sphere)
[2020.01.23-17.48.15:352][428]Cmd: SELECT NONE
[2020.01.23-17.48.24:322][202]Cmd: SELECT NONE
[2020.01.23-17.48.38:191][443]Cmd: SELECT NONE
[2020.01.23-17.48.40:145][641]Cmd: SELECT NONE
[2020.01.23-17.48.41:070][749]LogEditorViewport: Clicking on Actor (LMB): BP_Sky_Sphere_C (Sky Sphere)
[2020.01.23-17.48.41:942][838]LogEditorViewport: Clicking on Actor (LMB): StaticMeshActor (SM_tree)
[2020.01.23-17.48.45:131][135]Cmd: SELECT NONE
[2020.01.23-17.48.48:783][507]LogEditorViewport: Clicking on Actor (LMB): StaticMeshActor (SM_tree)
[2020.01.23-17.48.51:763][785]Cmd: SELECT NONE
[2020.01.23-17.48.53:532][992]LogEditorViewport: Clicking on Actor (LMB): StaticMeshActor (SM_tree)
[2020.01.23-17.48.55:578][197]Cmd: SELECT NONE
[2020.01.23-17.49.04:518][ 92]LogEditorViewport: Clicking on Actor (LMB): StaticMeshActor (SM_Pavilion)
[2020.01.23-17.49.07:521][292]Cmd: SELECT NONE
[2020.01.23-17.49.13:965][823]LogEditorViewport: Clicking on Actor (LMB): StaticMeshActor (SM_River)
[2020.01.23-17.49.15:218][891]LogSlate: FSceneViewport::OnFocusLost() reason 0
[2020.01.23-17.49.15:392][905]LogAssetEditorManager: Opening Asset editor for Material /Game/Materials/Base_Colour.Base_Colour
[2020.01.23-17.49.15:414][905]LogMaterial: Display: Missing cached shader map for material Base_Colour, compiling. 
[2020.01.23-17.49.15:553][905]LogMaterial: Display: Missing cached shader map for material Base_Colour, compiling. 
[2020.01.23-17.49.15:582][905]LogMaterial: Display: Missing cached shader map for material Base_Colour, compiling. 
[2020.01.23-17.49.15:618][905]LogShaderCompilers: Display: Worker (1/13): shaders left to compile 53
[2020.01.23-17.49.15:618][905]LogShaderCompilers: Display: Worker (2/13): shaders left to compile 52
[2020.01.23-17.49.15:618][905]LogShaderCompilers: Display: Worker (3/13): shaders left to compile 51
[2020.01.23-17.49.15:618][905]LogShaderCompilers: Display: Worker (4/13): shaders left to compile 50
[2020.01.23-17.49.15:618][905]LogShaderCompilers: Display: Worker (5/13): shaders left to compile 49
[2020.01.23-17.49.15:618][905]LogShaderCompilers: Display: Worker (6/13): shaders left to compile 48
[2020.01.23-17.49.15:618][905]LogShaderCompilers: Display: Worker (7/13): shaders left to compile 47
[2020.01.23-17.49.15:618][905]LogShaderCompilers: Display: Worker (8/13): shaders left to compile 46
[2020.01.23-17.49.15:618][905]LogShaderCompilers: Display: Worker (9/13): shaders left to compile 45
[2020.01.23-17.49.15:618][905]LogShaderCompilers: Display: Worker (10/13): shaders left to compile 44
[2020.01.23-17.49.15:618][905]LogShaderCompilers: Display: Worker (11/13): shaders left to compile 43
[2020.01.23-17.49.15:618][905]LogShaderCompilers: Display: Worker (12/13): shaders left to compile 42
[2020.01.23-17.49.15:618][905]LogMaterial: Display: Missing cached shader map for material FMatExpressionPreview MaterialExpressionConstant4Vector_0, compiling. 
[2020.01.23-17.49.15:981][915]LogShaderCompilers: Display: Worker (7/13): shaders left to compile 45
[2020.01.23-17.49.16:003][916]LogShaderCompilers: Display: Worker (11/13): shaders left to compile 44
[2020.01.23-17.49.16:003][916]LogShaderCompilers: Display: Worker (1/13): shaders left to compile 43
[2020.01.23-17.49.16:037][918]LogShaderCompilers: Display: Worker (9/13): shaders left to compile 42
[2020.01.23-17.49.16:066][920]LogShaderCompilers: Display: Worker (3/13): shaders left to compile 41
[2020.01.23-17.49.16:083][921]LogShaderCompilers: Display: Worker (4/13): shaders left to compile 40
[2020.01.23-17.49.16:099][922]LogShaderCompilers: Display: Worker (8/13): shaders left to compile 39
[2020.01.23-17.49.16:113][923]LogShaderCompilers: Display: Worker (5/13): shaders left to compile 38
[2020.01.23-17.49.16:114][923]LogShaderCompilers: Display: Worker (10/13): shaders left to compile 37
[2020.01.23-17.49.16:114][923]LogShaderCompilers: Display: Worker (12/13): shaders left to compile 36
[2020.01.23-17.49.16:145][925]LogShaderCompilers: Display: Worker (6/13): shaders left to compile 35
[2020.01.23-17.49.16:145][925]LogShaderCompilers: Display: Worker (7/13): shaders left to compile 34
[2020.01.23-17.49.16:160][926]LogShaderCompilers: Display: Worker (2/13): shaders left to compile 33
[2020.01.23-17.49.16:217][929]LogShaderCompilers: Display: Worker (11/13): shaders left to compile 32
[2020.01.23-17.49.16:650][951]LogShaderCompilers: Display: Worker (4/13): shaders left to compile 31
[2020.01.23-17.49.16:667][952]LogShaderCompilers: Display: Worker (12/13): shaders left to compile 30
[2020.01.23-17.49.16:771][958]LogShaderCompilers: Display: Worker (11/13): shaders left to compile 29
[2020.01.23-17.49.17:135][977]LogShaderCompilers: Display: Worker (3/13): shaders left to compile 28
[2020.01.23-17.49.17:177][979]LogShaderCompilers: Display: Worker (2/13): shaders left to compile 27
[2020.01.23-17.49.17:177][979]LogShaderCompilers: Display: Worker (10/13): shaders left to compile 26
[2020.01.23-17.49.17:668][  4]LogShaderCompilers: Display: Worker (3/13): shaders left to compile 25
[2020.01.23-17.49.17:780][ 10]LogShaderCompilers: Display: Worker (11/13): shaders left to compile 24
[2020.01.23-17.49.18:250][ 33]LogShaderCompilers: Display: Worker (11/13): shaders left to compile 23
[2020.01.23-17.49.18:661][ 54]LogShaderCompilers: Display: Worker (3/13): shaders left to compile 22
[2020.01.23-17.49.19:384][ 83]LogMaterial: Display: Missing cached shader map for material FMatExpressionPreview MaterialExpressionConstant4Vector_0, compiling. 
[2020.01.23-17.49.19:400][ 83]LogMaterial: Display: Missing cached shader map for material Base_Colour, compiling. 
[2020.01.23-17.49.19:448][ 83]LogMaterial: Display: Missing cached shader map for material FMatExpressionPreview MaterialExpressionConstant4Vector_0, compiling. 
[2020.01.23-17.49.19:465][ 83]LogMaterial: Display: Missing cached shader map for material Base_Colour, compiling. 
[2020.01.23-17.49.19:507][ 83]LogMaterial: Display: Missing cached shader map for material Base_Colour, compiling. 
[2020.01.23-17.49.19:557][ 83]LogMaterial: Display: Missing cached shader map for material FMatExpressionPreview MaterialExpressionConstant4Vector_0, compiling. 
[2020.01.23-17.49.19:582][ 83]LogMaterial: Display: Missing cached shader map for material FMatExpressionPreview MaterialExpressionConstant4Vector_0, compiling. 
[2020.01.23-17.49.19:598][ 83]LogMaterial: Display: Missing cached shader map for material Base_Colour, compiling. 
[2020.01.23-17.49.19:655][ 83]LogMaterial: Display: Missing cached shader map for material FMatExpressionPreview MaterialExpressionConstant4Vector_0, compiling. 
[2020.01.23-17.49.19:672][ 83]LogMaterial: Display: Missing cached shader map for material Base_Colour, compiling. 
[2020.01.23-17.49.19:721][ 83]LogMaterial: Display: Missing cached shader map for material FMatExpressionPreview MaterialExpressionConstant4Vector_0, compiling. 
[2020.01.23-17.49.19:753][ 83]LogMaterial: Display: Missing cached shader map for material Base_Colour, compiling. 
[2020.01.23-17.49.19:803][ 83]LogMaterial: Display: Missing cached shader map for material FMatExpressionPreview MaterialExpressionConstant4Vector_0, compiling. 
[2020.01.23-17.49.19:819][ 83]LogMaterial: Display: Missing cached shader map for material Base_Colour, compiling. 
[2020.01.23-17.49.19:870][ 83]LogMaterial: Display: Missing cached shader map for material Base_Colour, compiling. 
[2020.01.23-17.49.19:918][ 83]LogMaterial: Display: Missing cached shader map for material FMatExpressionPreview MaterialExpressionConstant4Vector_0, compiling. 
[2020.01.23-17.49.19:945][ 83]LogMaterial: Display: Missing cached shader map for material FMatExpressionPreview MaterialExpressionConstant4Vector_0, compiling. 
[2020.01.23-17.49.19:963][ 83]LogMaterial: Display: Missing cached shader map for material Base_Colour, compiling. 
[2020.01.23-17.49.20:502][102]LogShaderCompilers: Display: Worker (1/13): shaders left to compile 57
[2020.01.23-17.49.20:653][108]LogShaderCompilers: Display: Worker (8/13): shaders left to compile 56
[2020.01.23-17.49.20:755][112]LogShaderCompilers: Display: Worker (6/13): shaders left to compile 55
[2020.01.23-17.49.20:822][114]LogMaterial: Display: Missing cached shader map for material FMatExpressionPreview MaterialExpressionConstant4Vector_0, compiling. 
[2020.01.23-17.49.20:840][114]LogMaterial: Display: Missing cached shader map for material Base_Colour, compiling. 
[2020.01.23-17.49.20:942][116]LogMaterial: Display: Missing cached shader map for material FMatExpressionPreview MaterialExpressionConstant4Vector_0, compiling. 
[2020.01.23-17.49.20:955][116]LogShaderCompilers: Display: Worker (7/13): shaders left to compile 57
[2020.01.23-17.49.20:960][116]LogMaterial: Display: Missing cached shader map for material Base_Colour, compiling. 
[2020.01.23-17.49.21:006][116]LogMaterial: Display: Missing cached shader map for material Base_Colour, compiling. 
[2020.01.23-17.49.21:047][116]LogShaderCompilers: Display: Worker (1/13): shaders left to compile 4
[2020.01.23-17.49.21:047][116]LogShaderCompilers: Display: Worker (12/13): shaders left to compile 3
[2020.01.23-17.49.21:058][116]LogMaterial: Display: Missing cached shader map for material FMatExpressionPreview MaterialExpressionConstant4Vector_0, compiling. 
[2020.01.23-17.49.21:070][116]LogShaderCompilers: Display: Worker (9/13): shaders left to compile 53
[2020.01.23-17.49.21:087][116]LogMaterial: Display: Missing cached shader map for material FMatExpressionPreview MaterialExpressionConstant4Vector_0, compiling. 
[2020.01.23-17.49.21:104][116]LogMaterial: Display: Missing cached shader map for material Base_Colour, compiling. 
[2020.01.23-17.49.21:142][116]LogShaderCompilers: Display: Worker (7/13): shaders left to compile 4
[2020.01.23-17.49.21:172][117]LogShaderCompilers: Display: Worker (8/13): shaders left to compile 56
[2020.01.23-17.49.21:173][117]LogShaderCompilers: Display: Worker (6/13): shaders left to compile 55
[2020.01.23-17.49.21:244][120]LogShaderCompilers: Display: Worker (9/13): shaders left to compile 54
[2020.01.23-17.49.21:321][123]LogShaderCompilers: Display: Worker (4/13): shaders left to compile 53
[2020.01.23-17.49.21:401][126]LogShaderCompilers: Display: Worker (5/13): shaders left to compile 52
[2020.01.23-17.49.21:498][130]LogShaderCompilers: Display: Worker (4/13): shaders left to compile 51
[2020.01.23-17.49.21:549][132]LogShaderCompilers: Display: Worker (1/13): shaders left to compile 50
[2020.01.23-17.49.21:549][132]LogShaderCompilers: Display: Worker (12/13): shaders left to compile 49
[2020.01.23-17.49.21:608][135]LogShaderCompilers: Display: Worker (6/13): shaders left to compile 48
[2020.01.23-17.49.21:657][137]LogShaderCompilers: Display: Worker (7/13): shaders left to compile 47
[2020.01.23-17.49.21:679][138]LogShaderCompilers: Display: Worker (9/13): shaders left to compile 46
[2020.01.23-17.49.21:679][138]LogShaderCompilers: Display: Worker (4/13): shaders left to compile 45
[2020.01.23-17.49.21:679][138]LogShaderCompilers: Display: Worker (8/13): shaders left to compile 44
[2020.01.23-17.49.21:705][139]LogShaderCompilers: Display: Worker (2/13): shaders left to compile 43
[2020.01.23-17.49.21:732][140]LogShaderCompilers: Display: Worker (1/13): shaders left to compile 42
[2020.01.23-17.49.21:751][141]LogShaderCompilers: Display: Worker (5/13): shaders left to compile 41
[2020.01.23-17.49.21:822][144]LogShaderCompilers: Display: Worker (7/13): shaders left to compile 40
[2020.01.23-17.49.21:842][145]LogShaderCompilers: Display: Worker (12/13): shaders left to compile 39
[2020.01.23-17.49.21:899][148]LogShaderCompilers: Display: Worker (2/13): shaders left to compile 38
[2020.01.23-17.49.21:918][149]LogShaderCompilers: Display: Worker (4/13): shaders left to compile 37
[2020.01.23-17.49.21:918][149]LogShaderCompilers: Display: Worker (5/13): shaders left to compile 36
[2020.01.23-17.49.21:943][150]LogShaderCompilers: Display: Worker (6/13): shaders left to compile 35
[2020.01.23-17.49.21:963][151]LogShaderCompilers: Display: Worker (9/13): shaders left to compile 34
[2020.01.23-17.49.21:982][152]LogShaderCompilers: Display: Worker (8/13): shaders left to compile 33
[2020.01.23-17.49.22:050][156]LogShaderCompilers: Display: Worker (1/13): shaders left to compile 32
[2020.01.23-17.49.22:068][157]LogShaderCompilers: Display: Worker (7/13): shaders left to compile 31
[2020.01.23-17.49.22:132][160]LogShaderCompilers: Display: Worker (10/13): shaders left to compile 30
[2020.01.23-17.49.22:323][168]LogShaderCompilers: Display: Worker (11/13): shaders left to compile 29
[2020.01.23-17.49.22:362][169]LogMaterial: Display: Missing cached shader map for material FMatExpressionPreview MaterialExpressionConstant4Vector_0, compiling. 
[2020.01.23-17.49.22:379][169]LogMaterial: Display: Missing cached shader map for material Base_Colour, compiling. 
[2020.01.23-17.49.22:435][169]LogMaterial: Display: Missing cached shader map for material FMatExpressionPreview MaterialExpressionConstant4Vector_0, compiling. 
[2020.01.23-17.49.22:453][169]LogMaterial: Display: Missing cached shader map for material Base_Colour, compiling. 
[2020.01.23-17.49.22:494][169]LogShaderCompilers: Display: Worker (5/13): shaders left to compile 4
[2020.01.23-17.49.22:501][169]LogMaterial: Display: Missing cached shader map for material Base_Colour, compiling. 
[2020.01.23-17.49.22:550][169]LogShaderCompilers: Display: Worker (1/13): shaders left to compile 53
[2020.01.23-17.49.22:550][169]LogMaterial: Display: Missing cached shader map for material FMatExpressionPreview MaterialExpressionConstant4Vector_0, compiling. 
[2020.01.23-17.49.22:574][169]LogMaterial: Display: Missing cached shader map for material FMatExpressionPreview MaterialExpressionConstant4Vector_0, compiling. 
[2020.01.23-17.49.22:591][169]LogMaterial: Display: Missing cached shader map for material Base_Colour, compiling. 
[2020.01.23-17.49.22:648][169]LogMaterial: Display: Missing cached shader map for material FMatExpressionPreview MaterialExpressionConstant4Vector_0, compiling. 
[2020.01.23-17.49.22:667][169]LogMaterial: Display: Missing cached shader map for material Base_Colour, compiling. 
[2020.01.23-17.49.22:743][170]LogMaterial: Display: Missing cached shader map for material FMatExpressionPreview MaterialExpressionConstant4Vector_0, compiling. 
[2020.01.23-17.49.22:753][170]LogShaderCompilers: Display: Worker (1/13): shaders left to compile 53
[2020.01.23-17.49.22:760][170]LogMaterial: Display: Missing cached shader map for material Base_Colour, compiling. 
[2020.01.23-17.49.22:804][170]LogMaterial: Display: Missing cached shader map for material Base_Colour, compiling. 
[2020.01.23-17.49.22:858][170]LogMaterial: Display: Missing cached shader map for material FMatExpressionPreview MaterialExpressionConstant4Vector_0, compiling. 
[2020.01.23-17.49.22:868][170]LogShaderCompilers: Display: Worker (4/13): shaders left to compile 53
[2020.01.23-17.49.22:884][170]LogMaterial: Display: Missing cached shader map for material FMatExpressionPreview MaterialExpressionConstant4Vector_0, compiling. 
[2020.01.23-17.49.22:902][170]LogMaterial: Display: Missing cached shader map for material Base_Colour, compiling. 
[2020.01.23-17.49.22:943][170]LogShaderCompilers: Display: Worker (1/13): shaders left to compile 4
[2020.01.23-17.49.22:954][170]LogShaderCompilers: Display: Worker (5/13): shaders left to compile 56
[2020.01.23-17.49.22:975][171]LogShaderCompilers: Display: Worker (3/13): shaders left to compile 55
[2020.01.23-17.49.23:021][173]LogShaderCompilers: Display: Worker (8/13): shaders left to compile 54
[2020.01.23-17.49.23:098][177]LogShaderCompilers: Display: Worker (4/13): shaders left to compile 53
[2020.01.23-17.49.23:115][177]LogMaterial: Display: Missing cached shader map for material FMatExpressionPreview MaterialExpressionConstant4Vector_0, compiling. 
[2020.01.23-17.49.23:133][177]LogMaterial: Display: Missing cached shader map for material Base_Colour, compiling. 
[2020.01.23-17.49.23:237][179]LogMaterial: Display: Missing cached shader map for material FMatExpressionPreview MaterialExpressionConstant4Vector_0, compiling. 
[2020.01.23-17.49.23:255][179]LogMaterial: Display: Missing cached shader map for material Base_Colour, compiling. 
[2020.01.23-17.49.23:298][179]LogShaderCompilers: Display: Worker (4/13): shaders left to compile 4
[2020.01.23-17.49.23:298][179]LogShaderCompilers: Display: Worker (11/13): shaders left to compile 3
[2020.01.23-17.49.23:305][179]LogMaterial: Display: Missing cached shader map for material Base_Colour, compiling. 
[2020.01.23-17.49.23:348][179]LogShaderCompilers: Display: Worker (3/13): shaders left to compile 2
[2020.01.23-17.49.23:359][179]LogMaterial: Display: Missing cached shader map for material FMatExpressionPreview MaterialExpressionConstant4Vector_0, compiling. 
[2020.01.23-17.49.23:384][179]LogMaterial: Display: Missing cached shader map for material FMatExpressionPreview MaterialExpressionConstant4Vector_0, compiling. 
[2020.01.23-17.49.23:402][179]LogShaderCompilers: Display: Worker (8/13): shaders left to compile 4
[2020.01.23-17.49.23:402][179]LogMaterial: Display: Missing cached shader map for material Base_Colour, compiling. 
[2020.01.23-17.49.23:438][179]LogShaderCompilers: Display: Worker (1/13): shaders left to compile 3
[2020.01.23-17.49.23:438][179]LogShaderCompilers: Display: Worker (5/13): shaders left to compile 2
[2020.01.23-17.49.23:754][191]LogShaderCompilers: Display: Worker (3/13): shaders left to compile 54
[2020.01.23-17.49.23:787][192]LogShaderCompilers: Display: Worker (4/13): shaders left to compile 53
[2020.01.23-17.49.23:810][193]LogShaderCompilers: Display: Worker (11/13): shaders left to compile 52
[2020.01.23-17.49.23:834][194]LogShaderCompilers: Display: Worker (5/13): shaders left to compile 51
[2020.01.23-17.49.23:922][198]LogShaderCompilers: Display: Worker (1/13): shaders left to compile 50
[2020.01.23-17.49.23:990][201]LogShaderCompilers: Display: Worker (8/13): shaders left to compile 49
[2020.01.23-17.49.24:009][202]LogShaderCompilers: Display: Worker (5/13): shaders left to compile 48
[2020.01.23-17.49.24:030][203]LogShaderCompilers: Display: Worker (4/13): shaders left to compile 47
[2020.01.23-17.49.24:114][207]LogShaderCompilers: Display: Worker (1/13): shaders left to compile 46
[2020.01.23-17.49.24:156][209]LogShaderCompilers: Display: Worker (11/13): shaders left to compile 45
[2020.01.23-17.49.24:176][210]LogShaderCompilers: Display: Worker (3/13): shaders left to compile 44
[2020.01.23-17.49.24:200][211]LogShaderCompilers: Display: Worker (4/13): shaders left to compile 43
[2020.01.23-17.49.24:270][214]LogShaderCompilers: Display: Worker (8/13): shaders left to compile 42
[2020.01.23-17.49.24:298][215]LogMaterial: Display: Missing cached shader map for material FMatExpressionPreview MaterialExpressionConstant4Vector_0, compiling. 
[2020.01.23-17.49.24:314][215]LogShaderCompilers: Display: Worker (5/13): shaders left to compile 4
[2020.01.23-17.49.24:314][215]LogMaterial: Display: Missing cached shader map for material Base_Colour, compiling. 
[2020.01.23-17.49.24:359][215]LogShaderCompilers: Display: Worker (4/13): shaders left to compile 56
[2020.01.23-17.49.24:364][215]LogMaterial: Display: Missing cached shader map for material FMatExpressionPreview MaterialExpressionConstant4Vector_0, compiling. 
[2020.01.23-17.49.24:372][215]LogShaderCompilers: Display: Worker (11/13): shaders left to compile 53
[2020.01.23-17.49.24:378][215]LogMaterial: Display: Missing cached shader map for material Base_Colour, compiling. 
[2020.01.23-17.49.24:415][215]LogShaderCompilers: Display: Worker (1/13): shaders left to compile 4
[2020.01.23-17.49.24:416][215]LogSlate: Window 'Color Picker' being destroyed
[2020.01.23-17.49.24:469][217]LogShaderCompilers: Display: Worker (3/13): shaders left to compile 56
[2020.01.23-17.49.24:546][221]LogShaderCompilers: Display: Worker (8/13): shaders left to compile 55
[2020.01.23-17.49.24:565][222]LogShaderCompilers: Display: Worker (11/13): shaders left to compile 54
[2020.01.23-17.49.24:804][234]LogShaderCompilers: Display: Worker (5/13): shaders left to compile 53
[2020.01.23-17.49.24:823][235]LogShaderCompilers: Display: Worker (4/13): shaders left to compile 52
[2020.01.23-17.49.24:844][236]LogShaderCompilers: Display: Worker (1/13): shaders left to compile 51
[2020.01.23-17.49.24:973][242]LogShaderCompilers: Display: Worker (11/13): shaders left to compile 50
[2020.01.23-17.49.25:004][242]LogShaderCompilers: Display: Worker (8/13): shaders left to compile 49
[2020.01.23-17.49.25:004][242]LogShaderCompilers: Display: Worker (5/13): shaders left to compile 48
[2020.01.23-17.49.25:029][244]LogShaderCompilers: Display: Worker (1/13): shaders left to compile 47
[2020.01.23-17.49.25:050][245]LogShaderCompilers: Display: Worker (3/13): shaders left to compile 46
[2020.01.23-17.49.25:144][249]LogShaderCompilers: Display: Worker (11/13): shaders left to compile 45
[2020.01.23-17.49.25:165][250]LogShaderCompilers: Display: Worker (4/13): shaders left to compile 44
[2020.01.23-17.49.25:185][251]LogShaderCompilers: Display: Worker (1/13): shaders left to compile 43
[2020.01.23-17.49.25:333][257]LogShaderCompilers: Display: Worker (8/13): shaders left to compile 42
[2020.01.23-17.49.25:333][257]LogShaderCompilers: Display: Worker (5/13): shaders left to compile 41
[2020.01.23-17.49.25:333][257]LogShaderCompilers: Display: Worker (3/13): shaders left to compile 40
[2020.01.23-17.49.25:357][258]LogShaderCompilers: Display: Worker (11/13): shaders left to compile 39
[2020.01.23-17.49.25:357][258]LogShaderCompilers: Display: Worker (1/13): shaders left to compile 38
[2020.01.23-17.49.25:421][260]LogShaderCompilers: Display: Worker (4/13): shaders left to compile 37
[2020.01.23-17.49.25:439][261]LogShaderCompilers: Display: Worker (5/13): shaders left to compile 36
[2020.01.23-17.49.25:582][269]LogShaderCompilers: Display: Worker (8/13): shaders left to compile 35
[2020.01.23-17.49.25:582][269]LogShaderCompilers: Display: Worker (3/13): shaders left to compile 34
[2020.01.23-17.49.25:889][283]LogMaterialEditor: Saving and Compiling material Base_Colour
[2020.01.23-17.49.26:463][283]LogShaderCompilers: Display: Worker (5/13): shaders left to compile 33
[2020.01.23-17.49.26:463][283]LogShaderCompilers: Display: Worker (6/13): shaders left to compile 32
[2020.01.23-17.49.26:463][283]LogShaderCompilers: Display: Worker (12/13): shaders left to compile 31
[2020.01.23-17.49.26:463][283]LogShaderCompilers: Display: Worker (10/13): shaders left to compile 30
[2020.01.23-17.49.26:463][283]LogShaderCompilers: Display: Worker (7/13): shaders left to compile 29
[2020.01.23-17.49.26:463][283]LogShaderCompilers: Display: Worker (4/13): shaders left to compile 28
[2020.01.23-17.49.26:463][283]LogShaderCompilers: Display: Worker (9/13): shaders left to compile 27
[2020.01.23-17.49.26:463][283]LogShaderCompilers: Display: Worker (6/13): shaders left to compile 26
[2020.01.23-17.49.26:514][283]LogMaterial: Display: Missing cached shader map for material Base_Colour, compiling. 
[2020.01.23-17.49.26:713][283]LogMaterial: Display: Missing cached shader map for material Base_Colour, compiling. 
[2020.01.23-17.49.26:774][283]LogMaterial: Display: Missing cached shader map for material Base_Colour, compiling. 
[2020.01.23-17.49.26:858][283]LogUObjectHash: Compacting FUObjectHashTables data took   3.33ms
[2020.01.23-17.49.26:869][283]LogShaderCompilers: Display: Worker (5/13): shaders left to compile 107
[2020.01.23-17.49.26:869][283]LogMaterial: Display: Missing cached shader map for material DebugViewMode MaterialTexCoordScale, compiling. 
[2020.01.23-17.49.35:706][283]LogShaderCompilers: Display: Worker (4/13): shaders left to compile 108
[2020.01.23-17.49.35:706][283]LogShaderCompilers: Display: Worker (5/13): shaders left to compile 107
[2020.01.23-17.49.35:706][283]LogShaderCompilers: Display: Worker (4/13): shaders left to compile 106
[2020.01.23-17.49.35:706][283]LogShaderCompilers: Display: Worker (5/13): shaders left to compile 105
[2020.01.23-17.49.35:706][283]LogShaderCompilers: Display: Worker (7/13): shaders left to compile 104
[2020.01.23-17.49.35:706][283]LogShaderCompilers: Display: Worker (4/13): shaders left to compile 103
[2020.01.23-17.49.35:706][283]LogShaderCompilers: Display: Worker (5/13): shaders left to compile 102
[2020.01.23-17.49.35:706][283]LogShaderCompilers: Display: Worker (4/13): shaders left to compile 101
[2020.01.23-17.49.35:706][283]LogShaderCompilers: Display: Worker (2/13): shaders left to compile 100
[2020.01.23-17.49.35:706][283]LogShaderCompilers: Display: Worker (7/13): shaders left to compile 99
[2020.01.23-17.49.35:706][283]LogShaderCompilers: Display: Worker (4/13): shaders left to compile 98
[2020.01.23-17.49.35:706][283]LogShaderCompilers: Display: Worker (5/13): shaders left to compile 97
[2020.01.23-17.49.35:707][283]LogShaderCompilers: Display: Worker (7/13): shaders left to compile 96
[2020.01.23-17.49.35:707][283]LogShaderCompilers: Display: Worker (2/13): shaders left to compile 95
[2020.01.23-17.49.35:707][283]LogShaderCompilers: Display: Worker (5/13): shaders left to compile 94
[2020.01.23-17.49.35:707][283]LogShaderCompilers: Display: Worker (4/13): shaders left to compile 93
[2020.01.23-17.49.35:707][283]LogShaderCompilers: Display: Worker (7/13): shaders left to compile 92
[2020.01.23-17.49.35:707][283]LogShaderCompilers: Display: Worker (7/13): shaders left to compile 91
[2020.01.23-17.49.35:707][283]LogShaderCompilers: Display: Worker (4/13): shaders left to compile 90
[2020.01.23-17.49.35:707][283]LogShaderCompilers: Display: Worker (8/13): shaders left to compile 89
[2020.01.23-17.49.35:707][283]LogShaderCompilers: Display: Worker (11/13): shaders left to compile 88
[2020.01.23-17.49.35:707][283]LogShaderCompilers: Display: Worker (1/13): shaders left to compile 87
[2020.01.23-17.49.35:707][283]LogShaderCompilers: Display: Worker (3/13): shaders left to compile 86
[2020.01.23-17.49.35:707][283]LogShaderCompilers: Display: Worker (12/13): shaders left to compile 85
[2020.01.23-17.49.35:707][283]LogShaderCompilers: Display: Worker (11/13): shaders left to compile 84
[2020.01.23-17.49.35:707][283]LogShaderCompilers: Display: Worker (10/13): shaders left to compile 83
[2020.01.23-17.49.35:707][283]LogShaderCompilers: Display: Worker (8/13): shaders left to compile 82
[2020.01.23-17.49.35:707][283]LogShaderCompilers: Display: Worker (9/13): shaders left to compile 81
[2020.01.23-17.49.35:707][283]LogShaderCompilers: Display: Worker (6/13): shaders left to compile 80
[2020.01.23-17.49.35:707][283]LogShaderCompilers: Display: Worker (11/13): shaders left to compile 79
[2020.01.23-17.49.35:707][283]LogShaderCompilers: Display: Worker (12/13): shaders left to compile 78
[2020.01.23-17.49.35:707][283]LogShaderCompilers: Display: Worker (6/13): shaders left to compile 77
[2020.01.23-17.49.35:707][283]LogShaderCompilers: Display: Worker (9/13): shaders left to compile 76
[2020.01.23-17.49.35:707][283]LogShaderCompilers: Display: Worker (9/13): shaders left to compile 75
[2020.01.23-17.49.35:707][283]LogShaderCompilers: Display: Worker (2/13): shaders left to compile 74
[2020.01.23-17.49.35:707][283]LogShaderCompilers: Display: Worker (6/13): shaders left to compile 73
[2020.01.23-17.49.35:707][283]LogShaderCompilers: Display: Worker (5/13): shaders left to compile 72
[2020.01.23-17.49.35:707][283]LogShaderCompilers: Display: Worker (5/13): shaders left to compile 71
[2020.01.23-17.49.35:707][283]LogShaderCompilers: Display: Worker (7/13): shaders left to compile 70
[2020.01.23-17.49.35:707][283]LogShaderCompilers: Display: Worker (6/13): shaders left to compile 69
[2020.01.23-17.49.35:707][283]LogShaderCompilers: Display: Worker (4/13): shaders left to compile 68
[2020.01.23-17.49.35:707][283]LogShaderCompilers: Display: Worker (4/13): shaders left to compile 67
[2020.01.23-17.49.35:707][283]LogShaderCompilers: Display: Worker (6/13): shaders left to compile 66
[2020.01.23-17.49.35:707][283]LogShaderCompilers: Display: Worker (3/13): shaders left to compile 65
[2020.01.23-17.49.35:707][283]LogShaderCompilers: Display: Worker (10/13): shaders left to compile 64
[2020.01.23-17.49.35:707][283]LogShaderCompilers: Display: Worker (1/13): shaders left to compile 63
[2020.01.23-17.49.35:707][283]LogShaderCompilers: Display: Worker (10/13): shaders left to compile 62
[2020.01.23-17.49.35:707][283]LogShaderCompilers: Display: Worker (8/13): shaders left to compile 61
[2020.01.23-17.49.35:707][283]LogShaderCompilers: Display: Worker (3/13): shaders left to compile 60
[2020.01.23-17.49.35:707][283]LogShaderCompilers: Display: Worker (3/13): shaders left to compile 59
[2020.01.23-17.49.35:707][283]LogShaderCompilers: Display: Worker (8/13): shaders left to compile 58
[2020.01.23-17.49.35:707][283]LogShaderCompilers: Display: Worker (11/13): shaders left to compile 57
[2020.01.23-17.49.35:707][283]LogShaderCompilers: Display: Worker (11/13): shaders left to compile 56
[2020.01.23-17.49.35:707][283]LogShaderCompilers: Display: Worker (9/13): shaders left to compile 55
[2020.01.23-17.49.35:708][283]LogShaderCompilers: Display: Worker (11/13): shaders left to compile 54
[2020.01.23-17.49.35:708][283]LogShaderCompilers: Display: Worker (12/13): shaders left to compile 49
[2020.01.23-17.49.35:708][283]LogShaderCompilers: Display: Worker (8/13): shaders left to compile 44
[2020.01.23-17.49.35:708][283]LogShaderCompilers: Display: Worker (3/13): shaders left to compile 40
[2020.01.23-17.49.35:708][283]LogShaderCompilers: Display: Worker (2/13): shaders left to compile 36
[2020.01.23-17.49.35:708][283]LogShaderCompilers: Display: Worker (9/13): shaders left to compile 32
[2020.01.23-17.49.35:712][283]TextureStreamingBuild: Display: Compiling optional shaders took 8.853 seconds.
[2020.01.23-17.49.35:752][283]LogUObjectHash: Compacting FUObjectHashTables data took   1.39ms
[2020.01.23-17.49.44:270][283]LogShaderCompilers: Display: Worker (8/13): shaders left to compile 28
[2020.01.23-17.49.44:270][283]LogShaderCompilers: Display: Worker (5/13): shaders left to compile 25
[2020.01.23-17.49.44:270][283]LogShaderCompilers: Display: Worker (11/13): shaders left to compile 22
[2020.01.23-17.49.44:270][283]LogShaderCompilers: Display: Worker (12/13): shaders left to compile 20
[2020.01.23-17.49.44:270][283]LogShaderCompilers: Display: Worker (7/13): shaders left to compile 18
[2020.01.23-17.49.44:270][283]LogShaderCompilers: Display: Worker (4/13): shaders left to compile 16
[2020.01.23-17.49.44:270][283]LogShaderCompilers: Display: Worker (6/13): shaders left to compile 14
[2020.01.23-17.49.44:270][283]LogShaderCompilers: Display: Worker (10/13): shaders left to compile 12
[2020.01.23-17.49.44:270][283]LogShaderCompilers: Display: Worker (11/13): shaders left to compile 10
[2020.01.23-17.49.44:270][283]LogShaderCompilers: Display: Worker (7/13): shaders left to compile 9
[2020.01.23-17.49.44:270][283]LogShaderCompilers: Display: Worker (1/13): shaders left to compile 8
[2020.01.23-17.49.44:270][283]LogShaderCompilers: Display: Worker (7/13): shaders left to compile 7
[2020.01.23-17.49.44:270][283]LogShaderCompilers: Display: Worker (11/13): shaders left to compile 6
[2020.01.23-17.49.44:270][283]LogShaderCompilers: Display: Worker (6/13): shaders left to compile 5
[2020.01.23-17.49.44:270][283]LogShaderCompilers: Display: Worker (6/13): shaders left to compile 4
[2020.01.23-17.49.44:270][283]LogShaderCompilers: Display: Worker (11/13): shaders left to compile 3
[2020.01.23-17.49.44:270][283]LogShaderCompilers: Display: Worker (6/13): shaders left to compile 2
[2020.01.23-17.49.44:270][283]LogShaderCompilers: Display: Worker (11/13): shaders left to compile 1
[2020.01.23-17.49.44:307][283]Cmd: OBJ SAVEPACKAGE PACKAGE="/Game/Materials/Base_Colour" FILE="../../../../Art/Park_SFAS/Park/Content/Materials/Base_Colour.uasset" SILENT=true
[2020.01.23-17.49.44:331][283]LogSavePackage: Moving '../../../../Art/Park_SFAS/Park/Saved/Base_Colour2EAD5B9846D97EB4B8A2E280261CD4C0.tmp' to '../../../../Art/Park_SFAS/Park/Content/Materials/Base_Colour.uasset'
[2020.01.23-17.49.44:351][283]MaterialEditorStats: Base pass shader: 311 instructions
[2020.01.23-17.49.44:351][283]MaterialEditorStats: Base pass shader with Surface Lightmap: 345 instructions
[2020.01.23-17.49.44:351][283]MaterialEditorStats: Base pass shader with Volumetric Lightmap: 390 instructions
[2020.01.23-17.49.44:351][283]MaterialEditorStats: Base pass vertex shader: 137 instructions
[2020.01.23-17.49.44:351][283]MaterialEditorStats: Texture samplers: 4/16
[2020.01.23-17.49.54:763][366]LogSlate: FSceneViewport::OnFocusLost() reason 0
[2020.01.23-17.49.56:780][559]LogMaterial: Display: Missing cached shader map for material Base_Colour, compiling. 
[2020.01.23-17.49.56:809][559]LogMaterial: Display: Missing cached shader map for material FMatExpressionPreview MaterialExpressionConstant4Vector_0, compiling. 
[2020.01.23-17.49.56:815][559]LogShaderCompilers: Display: Worker (1/13): shaders left to compile 53
[2020.01.23-17.49.56:815][559]LogShaderCompilers: Display: Worker (2/13): shaders left to compile 52
[2020.01.23-17.49.56:815][559]LogShaderCompilers: Display: Worker (3/13): shaders left to compile 51
[2020.01.23-17.49.56:815][559]LogShaderCompilers: Display: Worker (4/13): shaders left to compile 50
[2020.01.23-17.49.56:815][559]LogShaderCompilers: Display: Worker (5/13): shaders left to compile 49
[2020.01.23-17.49.56:815][559]LogShaderCompilers: Display: Worker (6/13): shaders left to compile 48
[2020.01.23-17.49.56:815][559]LogShaderCompilers: Display: Worker (7/13): shaders left to compile 47
[2020.01.23-17.49.56:815][559]LogShaderCompilers: Display: Worker (8/13): shaders left to compile 46
[2020.01.23-17.49.56:815][559]LogShaderCompilers: Display: Worker (9/13): shaders left to compile 45
[2020.01.23-17.49.56:815][559]LogShaderCompilers: Display: Worker (10/13): shaders left to compile 44
[2020.01.23-17.49.56:815][559]LogShaderCompilers: Display: Worker (11/13): shaders left to compile 43
[2020.01.23-17.49.56:815][559]LogShaderCompilers: Display: Worker (12/13): shaders left to compile 42
[2020.01.23-17.49.56:966][569]LogShaderCompilers: Display: Worker (3/13): shaders left to compile 45
[2020.01.23-17.49.56:985][570]LogShaderCompilers: Display: Worker (1/13): shaders left to compile 44
[2020.01.23-17.49.56:985][570]LogShaderCompilers: Display: Worker (4/13): shaders left to compile 43
[2020.01.23-17.49.57:003][571]LogShaderCompilers: Display: Worker (7/13): shaders left to compile 42
[2020.01.23-17.49.57:038][573]LogShaderCompilers: Display: Worker (11/13): shaders left to compile 41
[2020.01.23-17.49.57:070][575]LogShaderCompilers: Display: Worker (9/13): shaders left to compile 40
[2020.01.23-17.49.57:086][576]LogShaderCompilers: Display: Worker (3/13): shaders left to compile 39
[2020.01.23-17.49.57:102][577]LogShaderCompilers: Display: Worker (5/13): shaders left to compile 38
[2020.01.23-17.49.57:119][578]LogShaderCompilers: Display: Worker (6/13): shaders left to compile 37
[2020.01.23-17.49.57:119][578]LogShaderCompilers: Display: Worker (8/13): shaders left to compile 36
[2020.01.23-17.49.57:136][579]LogShaderCompilers: Display: Worker (2/13): shaders left to compile 35
[2020.01.23-17.49.57:136][579]LogShaderCompilers: Display: Worker (10/13): shaders left to compile 34
[2020.01.23-17.49.57:136][579]LogShaderCompilers: Display: Worker (12/13): shaders left to compile 33
[2020.01.23-17.49.57:205][583]LogShaderCompilers: Display: Worker (1/13): shaders left to compile 32
[2020.01.23-17.49.57:581][599]LogShaderCompilers: Display: Worker (9/13): shaders left to compile 31
[2020.01.23-17.49.57:632][602]LogShaderCompilers: Display: Worker (8/13): shaders left to compile 30
[2020.01.23-17.49.57:718][607]LogShaderCompilers: Display: Worker (1/13): shaders left to compile 29
[2020.01.23-17.49.57:728][607]LogMaterial: Display: Missing cached shader map for material Base_Colour, compiling. 
[2020.01.23-17.49.57:774][607]LogMaterial: Display: Missing cached shader map for material FMatExpressionPreview MaterialExpressionConstant4Vector_0, compiling. 
[2020.01.23-17.49.57:785][607]LogSlate: Window 'Color Picker' being destroyed
[2020.01.23-17.49.58:028][618]LogShaderCompilers: Display: Worker (11/13): shaders left to compile 57
[2020.01.23-17.49.58:085][621]LogShaderCompilers: Display: Worker (6/13): shaders left to compile 56
[2020.01.23-17.49.58:139][624]LogShaderCompilers: Display: Worker (12/13): shaders left to compile 55
[2020.01.23-17.49.58:261][629]LogShaderCompilers: Display: Worker (11/13): shaders left to compile 54
[2020.01.23-17.49.58:327][632]LogShaderCompilers: Display: Worker (12/13): shaders left to compile 53
[2020.01.23-17.49.58:429][637]LogShaderCompilers: Display: Worker (11/13): shaders left to compile 52
[2020.01.23-17.49.58:429][637]LogShaderCompilers: Display: Worker (6/13): shaders left to compile 51
[2020.01.23-17.49.58:468][639]LogMaterialEditor: Applying material Base_Colour
[2020.01.23-17.49.59:043][639]LogShaderCompilers: Display: Worker (6/13): shaders left to compile 50
[2020.01.23-17.49.59:043][639]LogShaderCompilers: Display: Worker (1/13): shaders left to compile 49
[2020.01.23-17.49.59:043][639]LogShaderCompilers: Display: Worker (12/13): shaders left to compile 48
[2020.01.23-17.49.59:043][639]LogShaderCompilers: Display: Worker (11/13): shaders left to compile 47
[2020.01.23-17.49.59:043][639]LogShaderCompilers: Display: Worker (1/13): shaders left to compile 46
[2020.01.23-17.49.59:043][639]LogShaderCompilers: Display: Worker (11/13): shaders left to compile 45
[2020.01.23-17.49.59:043][639]LogShaderCompilers: Display: Worker (6/13): shaders left to compile 44
[2020.01.23-17.49.59:043][639]LogShaderCompilers: Display: Worker (12/13): shaders left to compile 43
[2020.01.23-17.49.59:043][639]LogShaderCompilers: Display: Worker (11/13): shaders left to compile 42
[2020.01.23-17.49.59:093][639]LogShaderCompilers: Display: Worker (1/13): shaders left to compile 4
[2020.01.23-17.49.59:093][639]LogMaterial: Display: Missing cached shader map for material Base_Colour, compiling. 
[2020.01.23-17.49.59:283][639]LogShaderCompilers: Display: Worker (6/13): shaders left to compile 3
[2020.01.23-17.49.59:340][639]LogMaterial: Display: Missing cached shader map for material Base_Colour, compiling. 
[2020.01.23-17.49.59:388][639]LogMaterial: Display: Missing cached shader map for material Base_Colour, compiling. 
[2020.01.23-17.49.59:467][639]LogUObjectHash: Compacting FUObjectHashTables data took   1.33ms
[2020.01.23-17.49.59:479][639]LogMaterial: Display: Missing cached shader map for material DebugViewMode MaterialTexCoordScale, compiling. 
[2020.01.23-17.50.07:820][639]LogShaderCompilers: Display: Worker (1/13): shaders left to compile 111
[2020.01.23-17.50.07:820][639]LogShaderCompilers: Display: Worker (6/13): shaders left to compile 110
[2020.01.23-17.50.07:820][639]LogShaderCompilers: Display: Worker (1/13): shaders left to compile 109
[2020.01.23-17.50.07:820][639]LogShaderCompilers: Display: Worker (6/13): shaders left to compile 108
[2020.01.23-17.50.07:820][639]LogShaderCompilers: Display: Worker (1/13): shaders left to compile 107
[2020.01.23-17.50.07:820][639]LogShaderCompilers: Display: Worker (1/13): shaders left to compile 106
[2020.01.23-17.50.07:820][639]LogShaderCompilers: Display: Worker (6/13): shaders left to compile 105
[2020.01.23-17.50.07:820][639]LogShaderCompilers: Display: Worker (1/13): shaders left to compile 104
[2020.01.23-17.50.07:820][639]LogShaderCompilers: Display: Worker (6/13): shaders left to compile 103
[2020.01.23-17.50.07:820][639]LogShaderCompilers: Display: Worker (1/13): shaders left to compile 102
[2020.01.23-17.50.07:820][639]LogShaderCompilers: Display: Worker (6/13): shaders left to compile 101
[2020.01.23-17.50.07:820][639]LogShaderCompilers: Display: Worker (6/13): shaders left to compile 100
[2020.01.23-17.50.07:820][639]LogShaderCompilers: Display: Worker (1/13): shaders left to compile 99
[2020.01.23-17.50.07:820][639]LogShaderCompilers: Display: Worker (4/13): shaders left to compile 98
[2020.01.23-17.50.07:820][639]LogShaderCompilers: Display: Worker (1/13): shaders left to compile 97
[2020.01.23-17.50.07:820][639]LogShaderCompilers: Display: Worker (2/13): shaders left to compile 96
[2020.01.23-17.50.07:820][639]LogShaderCompilers: Display: Worker (3/13): shaders left to compile 95
[2020.01.23-17.50.07:820][639]LogShaderCompilers: Display: Worker (6/13): shaders left to compile 94
[2020.01.23-17.50.07:820][639]LogShaderCompilers: Display: Worker (1/13): shaders left to compile 93
[2020.01.23-17.50.07:820][639]LogShaderCompilers: Display: Worker (10/13): shaders left to compile 92
[2020.01.23-17.50.07:820][639]LogShaderCompilers: Display: Worker (4/13): shaders left to compile 91
[2020.01.23-17.50.07:820][639]LogShaderCompilers: Display: Worker (7/13): shaders left to compile 90
[2020.01.23-17.50.07:820][639]LogShaderCompilers: Display: Worker (5/13): shaders left to compile 89
[2020.01.23-17.50.07:820][639]LogShaderCompilers: Display: Worker (2/13): shaders left to compile 88
[2020.01.23-17.50.07:820][639]LogShaderCompilers: Display: Worker (9/13): shaders left to compile 87
[2020.01.23-17.50.07:820][639]LogShaderCompilers: Display: Worker (8/13): shaders left to compile 86
[2020.01.23-17.50.07:820][639]LogShaderCompilers: Display: Worker (10/13): shaders left to compile 85
[2020.01.23-17.50.07:820][639]LogShaderCompilers: Display: Worker (2/13): shaders left to compile 84
[2020.01.23-17.50.07:820][639]LogShaderCompilers: Display: Worker (1/13): shaders left to compile 83
[2020.01.23-17.50.07:820][639]LogShaderCompilers: Display: Worker (5/13): shaders left to compile 82
[2020.01.23-17.50.07:821][639]LogShaderCompilers: Display: Worker (2/13): shaders left to compile 81
[2020.01.23-17.50.07:821][639]LogShaderCompilers: Display: Worker (10/13): shaders left to compile 80
[2020.01.23-17.50.07:821][639]LogShaderCompilers: Display: Worker (12/13): shaders left to compile 79
[2020.01.23-17.50.07:821][639]LogShaderCompilers: Display: Worker (10/13): shaders left to compile 78
[2020.01.23-17.50.07:821][639]LogShaderCompilers: Display: Worker (2/13): shaders left to compile 77
[2020.01.23-17.50.07:821][639]LogShaderCompilers: Display: Worker (11/13): shaders left to compile 76
[2020.01.23-17.50.07:821][639]LogShaderCompilers: Display: Worker (11/13): shaders left to compile 75
[2020.01.23-17.50.07:821][639]LogShaderCompilers: Display: Worker (2/13): shaders left to compile 74
[2020.01.23-17.50.07:821][639]LogShaderCompilers: Display: Worker (3/13): shaders left to compile 73
[2020.01.23-17.50.07:821][639]LogShaderCompilers: Display: Worker (4/13): shaders left to compile 72
[2020.01.23-17.50.07:821][639]LogShaderCompilers: Display: Worker (9/13): shaders left to compile 71
[2020.01.23-17.50.07:821][639]LogShaderCompilers: Display: Worker (6/13): shaders left to compile 70
[2020.01.23-17.50.07:821][639]LogShaderCompilers: Display: Worker (7/13): shaders left to compile 69
[2020.01.23-17.50.07:821][639]LogShaderCompilers: Display: Worker (8/13): shaders left to compile 68
[2020.01.23-17.50.07:821][639]LogShaderCompilers: Display: Worker (4/13): shaders left to compile 67
[2020.01.23-17.50.07:821][639]LogShaderCompilers: Display: Worker (3/13): shaders left to compile 66
[2020.01.23-17.50.07:821][639]LogShaderCompilers: Display: Worker (1/13): shaders left to compile 65
[2020.01.23-17.50.07:821][639]LogShaderCompilers: Display: Worker (8/13): shaders left to compile 64
[2020.01.23-17.50.07:821][639]LogShaderCompilers: Display: Worker (5/13): shaders left to compile 63
[2020.01.23-17.50.07:821][639]LogShaderCompilers: Display: Worker (7/13): shaders left to compile 62
[2020.01.23-17.50.07:821][639]LogShaderCompilers: Display: Worker (8/13): shaders left to compile 61
[2020.01.23-17.50.07:821][639]LogShaderCompilers: Display: Worker (12/13): shaders left to compile 60
[2020.01.23-17.50.07:821][639]LogShaderCompilers: Display: Worker (1/13): shaders left to compile 59
[2020.01.23-17.50.07:821][639]LogShaderCompilers: Display: Worker (10/13): shaders left to compile 58
[2020.01.23-17.50.07:821][639]LogShaderCompilers: Display: Worker (12/13): shaders left to compile 57
[2020.01.23-17.50.07:821][639]LogShaderCompilers: Display: Worker (8/13): shaders left to compile 56
[2020.01.23-17.50.07:821][639]LogShaderCompilers: Display: Worker (11/13): shaders left to compile 55
[2020.01.23-17.50.07:821][639]LogShaderCompilers: Display: Worker (1/13): shaders left to compile 54
[2020.01.23-17.50.07:821][639]LogShaderCompilers: Display: Worker (8/13): shaders left to compile 49
[2020.01.23-17.50.07:821][639]LogShaderCompilers: Display: Worker (12/13): shaders left to compile 44
[2020.01.23-17.50.07:821][639]LogShaderCompilers: Display: Worker (11/13): shaders left to compile 40
[2020.01.23-17.50.07:823][639]LogShaderCompilers: Display: Worker (10/13): shaders left to compile 36
[2020.01.23-17.50.07:825][639]TextureStreamingBuild: Display: Compiling optional shaders took 8.357 seconds.
[2020.01.23-17.50.07:865][639]LogUObjectHash: Compacting FUObjectHashTables data took   1.49ms
[2020.01.23-17.50.07:961][641]LogShaderCompilers: Display: Worker (2/13): shaders left to compile 32
[2020.01.23-17.50.08:570][673]LogShaderCompilers: Display: Worker (12/13): shaders left to compile 29
[2020.01.23-17.50.08:758][683]LogShaderCompilers: Display: Worker (1/13): shaders left to compile 26
[2020.01.23-17.50.08:932][692]LogShaderCompilers: Display: Worker (8/13): shaders left to compile 23
[2020.01.23-17.50.09:884][740]LogShaderCompilers: Display: Worker (9/13): shaders left to compile 21
[2020.01.23-17.50.10:157][753]LogShaderCompilers: Display: Worker (4/13): shaders left to compile 19
[2020.01.23-17.50.10:253][758]LogShaderCompilers: Display: Worker (6/13): shaders left to compile 17
[2020.01.23-17.50.10:644][777]LogShaderCompilers: Display: Worker (3/13): shaders left to compile 15
[2020.01.23-17.50.10:732][779]LogShaderCompilers: Display: Worker (5/13): shaders left to compile 13
[2020.01.23-17.50.11:022][794]LogShaderCompilers: Display: Worker (7/13): shaders left to compile 11
[2020.01.23-17.50.14:711][989]LogShaderCompilers: Display: Worker (9/13): shaders left to compile 10
[2020.01.23-17.50.14:857][997]LogShaderCompilers: Display: Worker (8/13): shaders left to compile 9
[2020.01.23-17.50.14:948][  2]LogShaderCompilers: Display: Worker (1/13): shaders left to compile 8
[2020.01.23-17.50.15:237][ 18]LogShaderCompilers: Display: Worker (4/13): shaders left to compile 7
[2020.01.23-17.50.15:363][ 25]LogShaderCompilers: Display: Worker (8/13): shaders left to compile 6
[2020.01.23-17.50.15:466][ 31]LogShaderCompilers: Display: Worker (6/13): shaders left to compile 5
[2020.01.23-17.50.15:733][ 46]LogShaderCompilers: Display: Worker (9/13): shaders left to compile 4
[2020.01.23-17.50.15:877][ 54]LogShaderCompilers: Display: Worker (5/13): shaders left to compile 3
[2020.01.23-17.50.15:926][ 57]LogShaderCompilers: Display: Worker (7/13): shaders left to compile 2
[2020.01.23-17.50.16:009][ 62]LogShaderCompilers: Display: Worker (6/13): shaders left to compile 1
[2020.01.23-17.50.18:330][226]MaterialEditorStats: Base pass shader: 311 instructions
[2020.01.23-17.50.18:330][226]MaterialEditorStats: Base pass shader with Surface Lightmap: 345 instructions
[2020.01.23-17.50.18:330][226]MaterialEditorStats: Base pass shader with Volumetric Lightmap: 390 instructions
[2020.01.23-17.50.18:330][226]MaterialEditorStats: Base pass vertex shader: 137 instructions
[2020.01.23-17.50.18:330][226]MaterialEditorStats: Texture samplers: 4/16
[2020.01.23-17.50.20:898][483]LogSlate: FSceneViewport::OnFocusLost() reason 0
[2020.01.23-17.50.22:291][613]LogMaterial: Display: Missing cached shader map for material Base_Colour, compiling. 
[2020.01.23-17.50.22:324][613]LogShaderCompilers: Display: Worker (1/13): shaders left to compile 53
[2020.01.23-17.50.22:325][613]LogShaderCompilers: Display: Worker (2/13): shaders left to compile 52
[2020.01.23-17.50.22:325][613]LogShaderCompilers: Display: Worker (3/13): shaders left to compile 51
[2020.01.23-17.50.22:325][613]LogShaderCompilers: Display: Worker (4/13): shaders left to compile 50
[2020.01.23-17.50.22:325][613]LogShaderCompilers: Display: Worker (5/13): shaders left to compile 49
[2020.01.23-17.50.22:325][613]LogShaderCompilers: Display: Worker (6/13): shaders left to compile 48
[2020.01.23-17.50.22:325][613]LogShaderCompilers: Display: Worker (7/13): shaders left to compile 47
[2020.01.23-17.50.22:325][613]LogShaderCompilers: Display: Worker (8/13): shaders left to compile 46
[2020.01.23-17.50.22:325][613]LogShaderCompilers: Display: Worker (9/13): shaders left to compile 45
[2020.01.23-17.50.22:325][613]LogShaderCompilers: Display: Worker (10/13): shaders left to compile 44
[2020.01.23-17.50.22:325][613]LogShaderCompilers: Display: Worker (11/13): shaders left to compile 43
[2020.01.23-17.50.22:325][613]LogShaderCompilers: Display: Worker (12/13): shaders left to compile 42
[2020.01.23-17.50.22:330][613]LogMaterial: Display: Missing cached shader map for material FMatExpressionPreview MaterialExpressionConstant4Vector_0, compiling. 
[2020.01.23-17.50.22:475][622]LogShaderCompilers: Display: Worker (1/13): shaders left to compile 45
[2020.01.23-17.50.22:475][622]LogShaderCompilers: Display: Worker (4/13): shaders left to compile 44
[2020.01.23-17.50.22:494][623]LogShaderCompilers: Display: Worker (3/13): shaders left to compile 43
[2020.01.23-17.50.22:527][625]LogShaderCompilers: Display: Worker (7/13): shaders left to compile 42
[2020.01.23-17.50.22:576][628]LogShaderCompilers: Display: Worker (11/13): shaders left to compile 41
[2020.01.23-17.50.22:592][629]LogShaderCompilers: Display: Worker (9/13): shaders left to compile 40
[2020.01.23-17.50.22:621][631]LogShaderCompilers: Display: Worker (1/13): shaders left to compile 39
[2020.01.23-17.50.22:635][632]LogShaderCompilers: Display: Worker (5/13): shaders left to compile 38
[2020.01.23-17.50.22:649][633]LogShaderCompilers: Display: Worker (2/13): shaders left to compile 37
[2020.01.23-17.50.22:650][633]LogShaderCompilers: Display: Worker (6/13): shaders left to compile 36
[2020.01.23-17.50.22:663][634]LogShaderCompilers: Display: Worker (8/13): shaders left to compile 35
[2020.01.23-17.50.22:663][634]LogShaderCompilers: Display: Worker (10/13): shaders left to compile 34
[2020.01.23-17.50.22:678][635]LogShaderCompilers: Display: Worker (12/13): shaders left to compile 33
[2020.01.23-17.50.22:724][638]LogShaderCompilers: Display: Worker (4/13): shaders left to compile 32
[2020.01.23-17.50.23:139][658]LogShaderCompilers: Display: Worker (9/13): shaders left to compile 31
[2020.01.23-17.50.23:228][662]LogShaderCompilers: Display: Worker (6/13): shaders left to compile 30
[2020.01.23-17.50.23:285][664]LogShaderCompilers: Display: Worker (4/13): shaders left to compile 29
[2020.01.23-17.50.23:628][681]LogShaderCompilers: Display: Worker (11/13): shaders left to compile 28
[2020.01.23-17.50.23:706][685]LogShaderCompilers: Display: Worker (2/13): shaders left to compile 27
[2020.01.23-17.50.23:726][686]LogShaderCompilers: Display: Worker (12/13): shaders left to compile 26
[2020.01.23-17.50.23:902][695]LogMaterial: Display: Missing cached shader map for material Base_Colour, compiling. 
[2020.01.23-17.50.23:945][695]LogMaterial: Display: Missing cached shader map for material FMatExpressionPreview MaterialExpressionConstant4Vector_0, compiling. 
[2020.01.23-17.50.23:957][695]LogSlate: Window 'Color Picker' being destroyed
[2020.01.23-17.50.24:138][704]LogShaderCompilers: Display: Worker (11/13): shaders left to compile 57
[2020.01.23-17.50.24:269][711]LogShaderCompilers: Display: Worker (4/13): shaders left to compile 56
[2020.01.23-17.50.24:325][714]LogShaderCompilers: Display: Worker (11/13): shaders left to compile 55
[2020.01.23-17.50.24:569][723]LogShaderCompilers: Display: Worker (11/13): shaders left to compile 54
[2020.01.23-17.50.24:624][725]LogShaderCompilers: Display: Worker (4/13): shaders left to compile 53
[2020.01.23-17.50.24:739][731]LogShaderCompilers: Display: Worker (11/13): shaders left to compile 52
[2020.01.23-17.50.24:957][740]LogShaderCompilers: Display: Worker (4/13): shaders left to compile 51
[2020.01.23-17.50.25:056][744]LogShaderCompilers: Display: Worker (11/13): shaders left to compile 50
[2020.01.23-17.50.25:116][747]LogShaderCompilers: Display: Worker (4/13): shaders left to compile 49
[2020.01.23-17.50.25:192][751]LogMaterialEditor: Applying material Base_Colour
[2020.01.23-17.50.25:719][751]LogShaderCompilers: Display: Worker (11/13): shaders left to compile 48
[2020.01.23-17.50.25:719][751]LogShaderCompilers: Display: Worker (4/13): shaders left to compile 47
[2020.01.23-17.50.25:719][751]LogShaderCompilers: Display: Worker (4/13): shaders left to compile 46
[2020.01.23-17.50.25:719][751]LogShaderCompilers: Display: Worker (11/13): shaders left to compile 45
[2020.01.23-17.50.25:768][751]LogShaderCompilers: Display: Worker (11/13): shaders left to compile 4
[2020.01.23-17.50.25:768][751]LogMaterial: Display: Missing cached shader map for material Base_Colour, compiling. 
[2020.01.23-17.50.25:918][751]LogShaderCompilers: Display: Worker (4/13): shaders left to compile 3
[2020.01.23-17.50.25:956][751]LogMaterial: Display: Missing cached shader map for material Base_Colour, compiling. 
[2020.01.23-17.50.26:000][751]LogMaterial: Display: Missing cached shader map for material Base_Colour, compiling. 
[2020.01.23-17.50.26:080][751]LogUObjectHash: Compacting FUObjectHashTables data took   1.36ms
[2020.01.23-17.50.26:092][751]LogMaterial: Display: Missing cached shader map for material DebugViewMode MaterialTexCoordScale, compiling. 
[2020.01.23-17.50.33:544][751]LogShaderCompilers: Display: Worker (11/13): shaders left to compile 111
[2020.01.23-17.50.33:544][751]LogShaderCompilers: Display: Worker (4/13): shaders left to compile 110
[2020.01.23-17.50.33:544][751]LogShaderCompilers: Display: Worker (11/13): shaders left to compile 109
[2020.01.23-17.50.33:544][751]LogShaderCompilers: Display: Worker (4/13): shaders left to compile 108
[2020.01.23-17.50.33:544][751]LogShaderCompilers: Display: Worker (3/13): shaders left to compile 107
[2020.01.23-17.50.33:544][751]LogShaderCompilers: Display: Worker (11/13): shaders left to compile 106
[2020.01.23-17.50.33:544][751]LogShaderCompilers: Display: Worker (3/13): shaders left to compile 105
[2020.01.23-17.50.33:544][751]LogShaderCompilers: Display: Worker (4/13): shaders left to compile 104
[2020.01.23-17.50.33:544][751]LogShaderCompilers: Display: Worker (11/13): shaders left to compile 103
[2020.01.23-17.50.33:544][751]LogShaderCompilers: Display: Worker (1/13): shaders left to compile 102
[2020.01.23-17.50.33:544][751]LogShaderCompilers: Display: Worker (8/13): shaders left to compile 101
[2020.01.23-17.50.33:544][751]LogShaderCompilers: Display: Worker (10/13): shaders left to compile 100
[2020.01.23-17.50.33:544][751]LogShaderCompilers: Display: Worker (11/13): shaders left to compile 99
[2020.01.23-17.50.33:544][751]LogShaderCompilers: Display: Worker (7/13): shaders left to compile 98
[2020.01.23-17.50.33:544][751]LogShaderCompilers: Display: Worker (8/13): shaders left to compile 97
[2020.01.23-17.50.33:544][751]LogShaderCompilers: Display: Worker (3/13): shaders left to compile 96
[2020.01.23-17.50.33:544][751]LogShaderCompilers: Display: Worker (4/13): shaders left to compile 95
[2020.01.23-17.50.33:544][751]LogShaderCompilers: Display: Worker (1/13): shaders left to compile 94
[2020.01.23-17.50.33:544][751]LogShaderCompilers: Display: Worker (5/13): shaders left to compile 93
[2020.01.23-17.50.33:544][751]LogShaderCompilers: Display: Worker (11/13): shaders left to compile 92
[2020.01.23-17.50.33:544][751]LogShaderCompilers: Display: Worker (9/13): shaders left to compile 91
[2020.01.23-17.50.33:544][751]LogShaderCompilers: Display: Worker (10/13): shaders left to compile 90
[2020.01.23-17.50.33:544][751]LogShaderCompilers: Display: Worker (8/13): shaders left to compile 89
[2020.01.23-17.50.33:544][751]LogShaderCompilers: Display: Worker (7/13): shaders left to compile 88
[2020.01.23-17.50.33:544][751]LogShaderCompilers: Display: Worker (3/13): shaders left to compile 87
[2020.01.23-17.50.33:544][751]LogShaderCompilers: Display: Worker (6/13): shaders left to compile 86
[2020.01.23-17.50.33:544][751]LogShaderCompilers: Display: Worker (11/13): shaders left to compile 85
[2020.01.23-17.50.33:545][751]LogShaderCompilers: Display: Worker (7/13): shaders left to compile 84
[2020.01.23-17.50.33:545][751]LogShaderCompilers: Display: Worker (2/13): shaders left to compile 83
[2020.01.23-17.50.33:545][751]LogShaderCompilers: Display: Worker (12/13): shaders left to compile 82
[2020.01.23-17.50.33:545][751]LogShaderCompilers: Display: Worker (5/13): shaders left to compile 81
[2020.01.23-17.50.33:545][751]LogShaderCompilers: Display: Worker (8/13): shaders left to compile 80
[2020.01.23-17.50.33:545][751]LogShaderCompilers: Display: Worker (7/13): shaders left to compile 79
[2020.01.23-17.50.33:545][751]LogShaderCompilers: Display: Worker (11/13): shaders left to compile 78
[2020.01.23-17.50.33:545][751]LogShaderCompilers: Display: Worker (8/13): shaders left to compile 77
[2020.01.23-17.50.33:545][751]LogShaderCompilers: Display: Worker (5/13): shaders left to compile 76
[2020.01.23-17.50.33:545][751]LogShaderCompilers: Display: Worker (5/13): shaders left to compile 75
[2020.01.23-17.50.33:545][751]LogShaderCompilers: Display: Worker (8/13): shaders left to compile 74
[2020.01.23-17.50.33:545][751]LogShaderCompilers: Display: Worker (4/13): shaders left to compile 73
[2020.01.23-17.50.33:545][751]LogShaderCompilers: Display: Worker (9/13): shaders left to compile 72
[2020.01.23-17.50.33:545][751]LogShaderCompilers: Display: Worker (10/13): shaders left to compile 71
[2020.01.23-17.50.33:545][751]LogShaderCompilers: Display: Worker (6/13): shaders left to compile 70
[2020.01.23-17.50.33:545][751]LogShaderCompilers: Display: Worker (9/13): shaders left to compile 69
[2020.01.23-17.50.33:545][751]LogShaderCompilers: Display: Worker (2/13): shaders left to compile 68
[2020.01.23-17.50.33:545][751]LogShaderCompilers: Display: Worker (3/13): shaders left to compile 67
[2020.01.23-17.50.33:545][751]LogShaderCompilers: Display: Worker (4/13): shaders left to compile 66
[2020.01.23-17.50.33:545][751]LogShaderCompilers: Display: Worker (12/13): shaders left to compile 65
[2020.01.23-17.50.33:545][751]LogShaderCompilers: Display: Worker (1/13): shaders left to compile 64
[2020.01.23-17.50.33:545][751]LogShaderCompilers: Display: Worker (7/13): shaders left to compile 63
[2020.01.23-17.50.33:545][751]LogShaderCompilers: Display: Worker (2/13): shaders left to compile 62
[2020.01.23-17.50.33:545][751]LogShaderCompilers: Display: Worker (9/13): shaders left to compile 61
[2020.01.23-17.50.33:545][751]LogShaderCompilers: Display: Worker (1/13): shaders left to compile 60
[2020.01.23-17.50.33:545][751]LogShaderCompilers: Display: Worker (11/13): shaders left to compile 59
[2020.01.23-17.50.33:545][751]LogShaderCompilers: Display: Worker (12/13): shaders left to compile 58
[2020.01.23-17.50.33:545][751]LogShaderCompilers: Display: Worker (1/13): shaders left to compile 57
[2020.01.23-17.50.33:545][751]LogShaderCompilers: Display: Worker (5/13): shaders left to compile 56
[2020.01.23-17.50.33:545][751]LogShaderCompilers: Display: Worker (8/13): shaders left to compile 55
[2020.01.23-17.50.33:545][751]LogShaderCompilers: Display: Worker (9/13): shaders left to compile 54
[2020.01.23-17.50.33:545][751]LogShaderCompilers: Display: Worker (5/13): shaders left to compile 49
[2020.01.23-17.50.33:545][751]LogShaderCompilers: Display: Worker (1/13): shaders left to compile 44
[2020.01.23-17.50.33:545][751]LogShaderCompilers: Display: Worker (11/13): shaders left to compile 40
[2020.01.23-17.50.33:545][751]LogShaderCompilers: Display: Worker (12/13): shaders left to compile 36
[2020.01.23-17.50.33:545][751]LogShaderCompilers: Display: Worker (8/13): shaders left to compile 32
[2020.01.23-17.50.33:549][751]TextureStreamingBuild: Display: Compiling optional shaders took 7.469 seconds.
[2020.01.23-17.50.33:588][751]LogUObjectHash: Compacting FUObjectHashTables data took   1.15ms
[2020.01.23-17.50.34:336][788]LogShaderCompilers: Display: Worker (1/13): shaders left to compile 29
[2020.01.23-17.50.34:355][789]LogShaderCompilers: Display: Worker (9/13): shaders left to compile 26
[2020.01.23-17.50.34:497][797]LogShaderCompilers: Display: Worker (5/13): shaders left to compile 23
[2020.01.23-17.50.35:709][849]LogShaderCompilers: Display: Worker (10/13): shaders left to compile 21
[2020.01.23-17.50.36:113][863]LogShaderCompilers: Display: Worker (6/13): shaders left to compile 19
[2020.01.23-17.50.36:310][870]LogShaderCompilers: Display: Worker (7/13): shaders left to compile 17
[2020.01.23-17.50.36:422][874]LogShaderCompilers: Display: Worker (2/13): shaders left to compile 15
[2020.01.23-17.50.36:432][874]LogShaderCompilers: Display: Worker (4/13): shaders left to compile 13
[2020.01.23-17.50.36:788][886]Cmd: SELECT NONE
[2020.01.23-17.50.36:821][887]LogShaderCompilers: Display: Worker (3/13): shaders left to compile 11
[2020.01.23-17.50.40:002][ 11]LogShaderCompilers: Display: Worker (5/13): shaders left to compile 10
[2020.01.23-17.50.40:047][ 13]LogShaderCompilers: Display: Worker (9/13): shaders left to compile 9
[2020.01.23-17.50.40:233][ 21]LogShaderCompilers: Display: Worker (10/13): shaders left to compile 8
[2020.01.23-17.50.40:518][ 33]LogShaderCompilers: Display: Worker (9/13): shaders left to compile 7
[2020.01.23-17.50.40:930][ 51]LogShaderCompilers: Display: Worker (5/13): shaders left to compile 6
[2020.01.23-17.50.41:196][ 62]LogShaderCompilers: Display: Worker (6/13): shaders left to compile 5
[2020.01.23-17.50.41:220][ 63]LogShaderCompilers: Display: Worker (7/13): shaders left to compile 4
[2020.01.23-17.50.41:288][ 66]LogShaderCompilers: Display: Worker (4/13): shaders left to compile 3
[2020.01.23-17.50.41:655][ 82]LogShaderCompilers: Display: Worker (6/13): shaders left to compile 2
[2020.01.23-17.50.41:835][ 90]LogShaderCompilers: Display: Worker (4/13): shaders left to compile 1
[2020.01.23-17.50.43:549][194]MaterialEditorStats: Base pass shader: 311 instructions
[2020.01.23-17.50.43:549][194]MaterialEditorStats: Base pass shader with Surface Lightmap: 345 instructions
[2020.01.23-17.50.43:549][194]MaterialEditorStats: Base pass shader with Volumetric Lightmap: 390 instructions
[2020.01.23-17.50.43:549][194]MaterialEditorStats: Base pass vertex shader: 137 instructions
[2020.01.23-17.50.43:549][194]MaterialEditorStats: Texture samplers: 4/16
[2020.01.23-17.50.58:000][505]LogSlate: FSceneViewport::OnFocusLost() reason 0
[2020.01.23-17.51.08:742][532]LogEditorViewport: Clicking on Actor (LMB): StaticMeshActor (SM_Rock3_low12)
[2020.01.23-17.51.13:319][912]Cmd: SELECT NONE
[2020.01.23-17.51.13:873][955]LogEditorViewport: Clicking on Actor (LMB): StaticMeshActor (SM_Rock3_low11)
[2020.01.23-17.51.15:513][ 61]Cmd: SELECT NONE
[2020.01.23-17.51.16:743][169]LogEditorViewport: Clicking on Actor (LMB): StaticMeshActor (SM_Rock3_low11)
[2020.01.23-17.51.17:896][258]Cmd: SELECT NONE
[2020.01.23-17.51.21:066][553]Cmd: SELECT NONE
[2020.01.23-17.51.45:483][366]LogEditorViewport: Clicking on Actor (LMB): StaticMeshActor (SM_Bridge)
[2020.01.23-17.51.46:707][501]LogEditorViewport: Clicking on Actor (LMB): BP_Sky_Sphere_C (Sky Sphere)
[2020.01.23-17.51.50:794][967]Cmd: SELECT NONE
[2020.01.23-17.52.14:770][814]Cmd: SELECT NONE
[2020.01.23-17.52.21:443][595]LogEditorViewport: Clicking on Actor (LMB): StaticMeshActor (SM_soil)
[2020.01.23-17.52.21:800][627]Cmd: CAMERA ALIGN ACTIVEVIEWPORTONLY
[2020.01.23-17.52.26:982][ 26]Cmd: SELECT NONE
[2020.01.23-17.52.39:446][183]Cmd: SELECT NONE
[2020.01.23-17.53.36:639][399]LogSlate: FSceneViewport::OnFocusLost() reason 5
[2020.01.23-17.53.49:307][892]LogEditorViewport: Clicking on Actor (LMB): StaticMeshActor (SM_grasspath)
[2020.01.23-17.53.50:112][984]LogEditorViewport: Clicking on Actor (LMB): BP_Sky_Sphere_C (Sky Sphere)
[2020.01.23-17.53.57:065][815]LogEditorViewport: Clicking on Actor (LMB): StaticMeshActor (SM_Path)
[2020.01.23-17.54.12:818][420]Cmd: SELECT NONE
[2020.01.23-17.54.15:107][683]LogEditorViewport: Clicking on Actor (LMB): StaticMeshActor (SM_Bridge)
[2020.01.23-17.54.22:605][528]Cmd: SELECT NONE
[2020.01.23-17.54.24:934][795]LogEditorViewport: Clicking on Actor (LMB): StaticMeshActor (SM_Bridge)
[2020.01.23-17.54.26:640][964]Cmd: SELECT NONE
[2020.01.23-17.54.28:686][204]Cmd: SELECT NONE
[2020.01.23-17.54.36:571][110]Cmd: SELECT NONE
[2020.01.23-17.54.38:154][288]LogEditorViewport: Clicking on Actor (LMB): StaticMeshActor (SM_grasspath)
[2020.01.23-17.54.40:504][549]Cmd: CAMERA ALIGN ACTIVEVIEWPORTONLY
[2020.01.23-17.54.46:815][196]LogEditorViewport: Clicking on Actor (LMB): StaticMeshActor (SM_level_lower)
[2020.01.23-17.54.49:751][497]LogEditorViewport: Clicking on Actor (LMB): StaticMeshActor (SM_level_lower)
[2020.01.23-17.55.00:062][642]Cmd: SELECT NONE
[2020.01.23-17.55.07:506][532]Cmd: TRANSACTION UNDO
[2020.01.23-17.55.07:506][532]LogEditorTransaction: Undo Select None
[2020.01.23-17.55.07:525][532]LogMaterial: Display: Missing cached shader map for material m_Path, compiling. 
[2020.01.23-17.55.07:553][532]LogShaderCompilers: Display: Worker (1/13): shaders left to compile 21
[2020.01.23-17.55.07:553][532]LogShaderCompilers: Display: Worker (2/13): shaders left to compile 20
[2020.01.23-17.55.07:553][532]LogShaderCompilers: Display: Worker (3/13): shaders left to compile 19
[2020.01.23-17.55.07:553][532]LogShaderCompilers: Display: Worker (4/13): shaders left to compile 18
[2020.01.23-17.55.07:553][532]LogShaderCompilers: Display: Worker (5/13): shaders left to compile 17
[2020.01.23-17.55.07:553][532]LogShaderCompilers: Display: Worker (6/13): shaders left to compile 16
[2020.01.23-17.55.07:553][532]LogShaderCompilers: Display: Worker (7/13): shaders left to compile 15
[2020.01.23-17.55.07:553][532]LogShaderCompilers: Display: Worker (8/13): shaders left to compile 14
[2020.01.23-17.55.07:553][532]LogShaderCompilers: Display: Worker (9/13): shaders left to compile 13
[2020.01.23-17.55.07:553][532]LogShaderCompilers: Display: Worker (10/13): shaders left to compile 12
[2020.01.23-17.55.07:553][532]LogShaderCompilers: Display: Worker (11/13): shaders left to compile 11
[2020.01.23-17.55.07:553][532]LogShaderCompilers: Display: Worker (12/13): shaders left to compile 10
[2020.01.23-17.55.07:556][532]LogMaterial: Display: Missing cached shader map for material Base_Colour, compiling. 
[2020.01.23-17.55.07:903][543]LogShaderCompilers: Display: Worker (8/13): shaders left to compile 62
[2020.01.23-17.55.08:038][548]LogShaderCompilers: Display: Worker (9/13): shaders left to compile 61
[2020.01.23-17.55.08:053][549]LogShaderCompilers: Display: Worker (1/13): shaders left to compile 60
[2020.01.23-17.55.08:053][549]LogShaderCompilers: Display: Worker (2/13): shaders left to compile 59
[2020.01.23-17.55.08:075][550]LogShaderCompilers: Display: Worker (3/13): shaders left to compile 58
[2020.01.23-17.55.08:075][550]LogShaderCompilers: Display: Worker (4/13): shaders left to compile 57
[2020.01.23-17.55.08:075][550]LogShaderCompilers: Display: Worker (5/13): shaders left to compile 56
[2020.01.23-17.55.08:075][550]LogShaderCompilers: Display: Worker (6/13): shaders left to compile 55
[2020.01.23-17.55.08:075][550]LogShaderCompilers: Display: Worker (7/13): shaders left to compile 54
[2020.01.23-17.55.08:125][552]LogShaderCompilers: Display: Worker (12/13): shaders left to compile 53
[2020.01.23-17.55.08:315][565]LogShaderCompilers: Display: Worker (12/13): shaders left to compile 52
[2020.01.23-17.55.08:328][566]LogShaderCompilers: Display: Worker (10/13): shaders left to compile 51
[2020.01.23-17.55.08:350][568]LogShaderCompilers: Display: Worker (11/13): shaders left to compile 50
[2020.01.23-17.55.08:438][576]LogShaderCompilers: Display: Worker (1/13): shaders left to compile 49
[2020.01.23-17.55.08:471][579]LogShaderCompilers: Display: Worker (4/13): shaders left to compile 48
[2020.01.23-17.55.08:481][580]LogShaderCompilers: Display: Worker (8/13): shaders left to compile 47
[2020.01.23-17.55.08:493][581]LogShaderCompilers: Display: Worker (7/13): shaders left to compile 46
[2020.01.23-17.55.08:503][582]LogShaderCompilers: Display: Worker (10/13): shaders left to compile 45
[2020.01.23-17.55.08:544][586]LogShaderCompilers: Display: Worker (11/13): shaders left to compile 44
[2020.01.23-17.55.08:649][596]LogShaderCompilers: Display: Worker (8/13): shaders left to compile 43
[2020.01.23-17.55.08:668][597]LogShaderCompilers: Display: Worker (5/13): shaders left to compile 42
[2020.01.23-17.55.08:668][597]LogShaderCompilers: Display: Worker (12/13): shaders left to compile 41
[2020.01.23-17.55.08:678][598]LogShaderCompilers: Display: Worker (9/13): shaders left to compile 40
[2020.01.23-17.55.08:679][598]Cmd: TRANSACTION UNDO
[2020.01.23-17.55.08:679][598]LogEditorTransaction: Undo Move Actors
[2020.01.23-17.55.08:688][598]LogMaterial: Display: Missing cached shader map for material m_Path, compiling. 
[2020.01.23-17.55.08:704][598]LogShaderCompilers: Display: Worker (2/13): shaders left to compile 39
[2020.01.23-17.55.08:705][598]LogShaderCompilers: Display: Worker (3/13): shaders left to compile 59
[2020.01.23-17.55.08:705][598]LogShaderCompilers: Display: Worker (6/13): shaders left to compile 58
[2020.01.23-17.55.08:708][598]LogMaterial: Display: Missing cached shader map for material Base_Colour, compiling. 
[2020.01.23-17.55.08:745][598]LogShaderCompilers: Display: Worker (1/13): shaders left to compile 21
[2020.01.23-17.55.08:745][598]LogShaderCompilers: Display: Worker (10/13): shaders left to compile 20
[2020.01.23-17.55.08:747][598]LogShaderCompilers: Display: Worker (4/13): shaders left to compile 72
[2020.01.23-17.55.08:756][598]LogShaderCompilers: Display: Worker (7/13): shaders left to compile 71
[2020.01.23-17.55.08:783][598]LogShaderCompilers: Display: Worker (11/13): shaders left to compile 70
[2020.01.23-17.55.08:797][600]LogShaderCompilers: Display: Worker (8/13): shaders left to compile 69
[2020.01.23-17.55.08:797][600]LogShaderCompilers: Display: Worker (12/13): shaders left to compile 68
[2020.01.23-17.55.08:912][611]LogShaderCompilers: Display: Worker (5/13): shaders left to compile 67
[2020.01.23-17.55.08:925][612]LogShaderCompilers: Display: Worker (9/13): shaders left to compile 66
[2020.01.23-17.55.09:011][619]LogShaderCompilers: Display: Worker (1/13): shaders left to compile 65
[2020.01.23-17.55.09:044][622]LogShaderCompilers: Display: Worker (10/13): shaders left to compile 64
[2020.01.23-17.55.09:055][623]LogShaderCompilers: Display: Worker (4/13): shaders left to compile 63
[2020.01.23-17.55.09:088][626]LogShaderCompilers: Display: Worker (5/13): shaders left to compile 62
[2020.01.23-17.55.09:098][627]LogShaderCompilers: Display: Worker (7/13): shaders left to compile 61
[2020.01.23-17.55.09:098][627]LogShaderCompilers: Display: Worker (11/13): shaders left to compile 60
[2020.01.23-17.55.09:118][629]LogShaderCompilers: Display: Worker (12/13): shaders left to compile 59
[2020.01.23-17.55.09:156][633]LogShaderCompilers: Display: Worker (8/13): shaders left to compile 58
[2020.01.23-17.55.09:207][638]LogShaderCompilers: Display: Worker (9/13): shaders left to compile 57
[2020.01.23-17.55.09:455][659]LogShaderCompilers: Display: Worker (4/13): shaders left to compile 56
[2020.01.23-17.55.09:478][661]LogShaderCompilers: Display: Worker (11/13): shaders left to compile 55
[2020.01.23-17.55.09:586][671]Cmd: TRANSACTION UNDO
[2020.01.23-17.55.09:586][671]LogEditorTransaction: Undo Rotate Actors
[2020.01.23-17.55.09:595][671]LogMaterial: Display: Missing cached shader map for material m_Path, compiling. 
[2020.01.23-17.55.09:618][671]LogShaderCompilers: Display: Worker (9/13): shaders left to compile 21
[2020.01.23-17.55.09:618][671]LogMaterial: Display: Missing cached shader map for material Base_Colour, compiling. 
[2020.01.23-17.55.09:659][671]LogShaderCompilers: Display: Worker (6/13): shaders left to compile 20
[2020.01.23-17.55.09:691][671]LogShaderCompilers: Display: Worker (1/13): shaders left to compile 72
[2020.01.23-17.55.09:691][671]LogShaderCompilers: Display: Worker (10/13): shaders left to compile 71
[2020.01.23-17.55.09:735][675]LogShaderCompilers: Display: Worker (5/13): shaders left to compile 70
[2020.01.23-17.55.09:758][677]LogShaderCompilers: Display: Worker (12/13): shaders left to compile 69
[2020.01.23-17.55.09:782][679]LogShaderCompilers: Display: Worker (7/13): shaders left to compile 68
[2020.01.23-17.55.09:794][680]LogShaderCompilers: Display: Worker (8/13): shaders left to compile 67
[2020.01.23-17.55.09:934][692]LogShaderCompilers: Display: Worker (9/13): shaders left to compile 66
[2020.01.23-17.55.09:954][694]LogShaderCompilers: Display: Worker (6/13): shaders left to compile 65
[2020.01.23-17.55.09:965][695]LogShaderCompilers: Display: Worker (8/13): shaders left to compile 64
[2020.01.23-17.55.09:986][697]LogShaderCompilers: Display: Worker (4/13): shaders left to compile 63
[2020.01.23-17.55.10:005][699]LogShaderCompilers: Display: Worker (10/13): shaders left to compile 62
[2020.01.23-17.55.10:024][701]LogShaderCompilers: Display: Worker (1/13): shaders left to compile 61
[2020.01.23-17.55.10:053][704]LogShaderCompilers: Display: Worker (12/13): shaders left to compile 60
[2020.01.23-17.55.10:072][706]LogShaderCompilers: Display: Worker (5/13): shaders left to compile 59
[2020.01.23-17.55.10:085][707]LogShaderCompilers: Display: Worker (11/13): shaders left to compile 58
[2020.01.23-17.55.10:095][708]LogShaderCompilers: Display: Worker (7/13): shaders left to compile 57
[2020.01.23-17.55.10:193][717]LogShaderCompilers: Display: Worker (9/13): shaders left to compile 56
[2020.01.23-17.55.10:422][735]LogShaderCompilers: Display: Worker (4/13): shaders left to compile 55
[2020.01.23-17.55.10:480][740]LogShaderCompilers: Display: Worker (12/13): shaders left to compile 54
[2020.01.23-17.55.10:501][742]LogShaderCompilers: Display: Worker (7/13): shaders left to compile 53
[2020.01.23-17.55.10:619][749]LogShaderCompilers: Display: Worker (8/13): shaders left to compile 52
[2020.01.23-17.55.10:628][749]LogShaderCompilers: Display: Worker (6/13): shaders left to compile 51
[2020.01.23-17.55.10:685][752]LogShaderCompilers: Display: Worker (7/13): shaders left to compile 50
[2020.01.23-17.55.10:697][753]LogShaderCompilers: Display: Worker (10/13): shaders left to compile 49
[2020.01.23-17.55.10:732][755]LogShaderCompilers: Display: Worker (5/13): shaders left to compile 48
[2020.01.23-17.55.10:737][755]LogShaderCompilers: Display: Worker (1/13): shaders left to compile 47
[2020.01.23-17.55.10:737][755]LogShaderCompilers: Display: Worker (9/13): shaders left to compile 46
[2020.01.23-17.55.10:767][757]LogShaderCompilers: Display: Worker (11/13): shaders left to compile 45
[2020.01.23-17.55.10:804][759]LogShaderCompilers: Display: Worker (6/13): shaders left to compile 44
[2020.01.23-17.55.10:859][762]LogShaderCompilers: Display: Worker (7/13): shaders left to compile 43
[2020.01.23-17.55.10:863][762]LogShaderCompilers: Display: Worker (12/13): shaders left to compile 42
[2020.01.23-17.55.10:919][765]LogShaderCompilers: Display: Worker (1/13): shaders left to compile 41
[2020.01.23-17.55.10:940][766]LogShaderCompilers: Display: Worker (8/13): shaders left to compile 40
[2020.01.23-17.55.10:955][767]LogShaderCompilers: Display: Worker (4/13): shaders left to compile 39
[2020.01.23-17.55.10:978][768]LogShaderCompilers: Display: Worker (11/13): shaders left to compile 38
[2020.01.23-17.55.10:978][768]MaterialEditorStats: Base pass shader: 128 instructions
[2020.01.23-17.55.10:979][768]MaterialEditorStats: Base pass shader with Volumetric Lightmap: 206 instructions
[2020.01.23-17.55.10:979][768]MaterialEditorStats: Base pass vertex shader: 44 instructions
[2020.01.23-17.55.10:979][768]MaterialEditorStats: Texture samplers: 6/16
[2020.01.23-17.55.10:979][768]MaterialEditorStats: Texture Lookups (Est.): VS(0), PS(3)
[2020.01.23-17.55.10:979][768]MaterialEditorStats: User interpolators: 2/4 Scalars (1/4 Vectors) (TexCoords: 2, Custom: 0)
[2020.01.23-17.55.11:000][769]LogShaderCompilers: Display: Worker (10/13): shaders left to compile 37
[2020.01.23-17.55.11:019][770]LogShaderCompilers: Display: Worker (9/13): shaders left to compile 36
[2020.01.23-17.55.11:025][770]LogShaderCompilers: Display: Worker (5/13): shaders left to compile 35
[2020.01.23-17.55.11:025][770]LogShaderCompilers: Display: Worker (7/13): shaders left to compile 34
[2020.01.23-17.55.11:063][772]LogShaderCompilers: Display: Worker (1/13): shaders left to compile 33
[2020.01.23-17.55.11:088][773]LogShaderCompilers: Display: Worker (6/13): shaders left to compile 32
[2020.01.23-17.55.11:121][775]LogShaderCompilers: Display: Worker (12/13): shaders left to compile 31
[2020.01.23-17.55.11:181][777]LogShaderCompilers: Display: Worker (8/13): shaders left to compile 30
[2020.01.23-17.55.11:278][779]Cmd: CAMERA ALIGN ACTIVEVIEWPORTONLY
[2020.01.23-17.55.11:558][791]LogShaderCompilers: Display: Worker (9/13): shaders left to compile 29
[2020.01.23-17.55.11:589][793]LogShaderCompilers: Display: Worker (6/13): shaders left to compile 28
[2020.01.23-17.55.12:015][814]LogShaderCompilers: Display: Worker (10/13): shaders left to compile 27
[2020.01.23-17.55.12:036][815]LogShaderCompilers: Display: Worker (1/13): shaders left to compile 26
[2020.01.23-17.55.12:106][818]LogShaderCompilers: Display: Worker (6/13): shaders left to compile 25
[2020.01.23-17.55.12:554][839]LogShaderCompilers: Display: Worker (9/13): shaders left to compile 24
[2020.01.23-17.55.12:607][841]LogShaderCompilers: Display: Worker (2/13): shaders left to compile 23
[2020.01.23-17.55.13:000][861]LogShaderCompilers: Display: Worker (9/13): shaders left to compile 22
[2020.01.23-17.55.13:038][863]LogShaderCompilers: Display: Worker (3/13): shaders left to compile 21
[2020.01.23-17.55.13:043][863]LogShaderCompilers: Display: Worker (6/13): shaders left to compile 20
[2020.01.23-17.55.13:525][888]LogShaderCompilers: Display: Worker (6/13): shaders left to compile 19
[2020.01.23-17.55.13:972][907]LogShaderCompilers: Display: Worker (3/13): shaders left to compile 18
[2020.01.23-17.55.15:367][980]LogShaderCompilers: Display: Worker (5/13): shaders left to compile 17
[2020.01.23-17.55.15:407][982]LogShaderCompilers: Display: Worker (4/13): shaders left to compile 16
[2020.01.23-17.55.15:428][983]LogShaderCompilers: Display: Worker (12/13): shaders left to compile 15
[2020.01.23-17.55.15:716][997]LogShaderCompilers: Display: Worker (8/13): shaders left to compile 14
[2020.01.23-17.55.15:792][  1]LogShaderCompilers: Display: Worker (11/13): shaders left to compile 13
[2020.01.23-17.55.15:812][  2]LogShaderCompilers: Display: Worker (7/13): shaders left to compile 12
[2020.01.23-17.55.15:925][  8]LogShaderCompilers: Display: Worker (4/13): shaders left to compile 11
[2020.01.23-17.55.16:279][ 24]LogShaderCompilers: Display: Worker (7/13): shaders left to compile 10
[2020.01.23-17.55.16:362][ 27]LogShaderCompilers: Display: Worker (10/13): shaders left to compile 9
[2020.01.23-17.55.16:389][ 28]LogShaderCompilers: Display: Worker (5/13): shaders left to compile 8
[2020.01.23-17.55.16:570][ 35]LogShaderCompilers: Display: Worker (1/13): shaders left to compile 7
[2020.01.23-17.55.16:738][ 42]LogShaderCompilers: Display: Worker (11/13): shaders left to compile 6
[2020.01.23-17.55.16:834][ 46]LogShaderCompilers: Display: Worker (5/13): shaders left to compile 5
[2020.01.23-17.55.17:316][ 68]LogShaderCompilers: Display: Worker (10/13): shaders left to compile 4
[2020.01.23-17.55.17:730][ 88]LogShaderCompilers: Display: Worker (9/13): shaders left to compile 3
[2020.01.23-17.55.17:749][ 89]LogShaderCompilers: Display: Worker (5/13): shaders left to compile 2
[2020.01.23-17.55.17:749][ 89]LogShaderCompilers: Display: Worker (6/13): shaders left to compile 1
[2020.01.23-17.55.19:714][261]Cmd: SELECT NONE
[2020.01.23-17.55.19:783][268]MaterialEditorStats: Base pass shader: 311 instructions
[2020.01.23-17.55.19:783][268]MaterialEditorStats: Base pass shader with Surface Lightmap: 345 instructions
[2020.01.23-17.55.19:783][268]MaterialEditorStats: Base pass shader with Volumetric Lightmap: 390 instructions
[2020.01.23-17.55.19:783][268]MaterialEditorStats: Base pass vertex shader: 137 instructions
[2020.01.23-17.55.19:783][268]MaterialEditorStats: Texture samplers: 4/16
[2020.01.23-17.55.26:252][ 27]Cmd: TRANSACTION UNDO
[2020.01.23-17.55.26:252][ 27]LogEditorTransaction: Undo Select None
[2020.01.23-17.55.26:268][ 27]LogMaterial: Display: Missing cached shader map for material m_Path, compiling. 
[2020.01.23-17.55.26:282][ 27]LogMaterial: Display: Missing cached shader map for material Base_Colour, compiling. 
[2020.01.23-17.55.26:305][ 27]LogShaderCompilers: Display: Worker (1/13): shaders left to compile 21
[2020.01.23-17.55.26:305][ 27]LogShaderCompilers: Display: Worker (2/13): shaders left to compile 20
[2020.01.23-17.55.26:305][ 27]LogShaderCompilers: Display: Worker (3/13): shaders left to compile 19
[2020.01.23-17.55.26:305][ 27]LogShaderCompilers: Display: Worker (4/13): shaders left to compile 18
[2020.01.23-17.55.26:305][ 27]LogShaderCompilers: Display: Worker (5/13): shaders left to compile 17
[2020.01.23-17.55.26:305][ 27]LogShaderCompilers: Display: Worker (6/13): shaders left to compile 16
[2020.01.23-17.55.26:305][ 27]LogShaderCompilers: Display: Worker (7/13): shaders left to compile 15
[2020.01.23-17.55.26:305][ 27]LogShaderCompilers: Display: Worker (8/13): shaders left to compile 14
[2020.01.23-17.55.26:305][ 27]LogShaderCompilers: Display: Worker (9/13): shaders left to compile 13
[2020.01.23-17.55.26:305][ 27]LogShaderCompilers: Display: Worker (10/13): shaders left to compile 12
[2020.01.23-17.55.26:305][ 27]LogShaderCompilers: Display: Worker (11/13): shaders left to compile 11
[2020.01.23-17.55.26:305][ 27]LogShaderCompilers: Display: Worker (12/13): shaders left to compile 10
[2020.01.23-17.55.26:497][ 34]LogShaderCompilers: Display: Worker (8/13): shaders left to compile 62
[2020.01.23-17.55.26:518][ 36]Cmd: TRANSACTION UNDO
[2020.01.23-17.55.26:518][ 36]LogEditorTransaction: Undo Move Actors
[2020.01.23-17.55.26:524][ 36]LogMaterial: Display: Missing cached shader map for material m_Path, compiling. 
[2020.01.23-17.55.26:548][ 36]LogMaterial: Display: Missing cached shader map for material Base_Colour, compiling. 
[2020.01.23-17.55.26:586][ 36]LogShaderCompilers: Display: Worker (1/13): shaders left to compile 21
[2020.01.23-17.55.26:586][ 36]LogShaderCompilers: Display: Worker (2/13): shaders left to compile 20
[2020.01.23-17.55.26:586][ 36]LogShaderCompilers: Display: Worker (3/13): shaders left to compile 19
[2020.01.23-17.55.26:599][ 36]LogShaderCompilers: Display: Worker (5/13): shaders left to compile 71
[2020.01.23-17.55.26:619][ 36]LogShaderCompilers: Display: Worker (6/13): shaders left to compile 70
[2020.01.23-17.55.26:621][ 36]LogShaderCompilers: Display: Worker (4/13): shaders left to compile 69
[2020.01.23-17.55.26:621][ 36]LogShaderCompilers: Display: Worker (7/13): shaders left to compile 68
[2020.01.23-17.55.26:640][ 38]LogShaderCompilers: Display: Worker (9/13): shaders left to compile 67
[2020.01.23-17.55.26:725][ 42]LogShaderCompilers: Display: Worker (12/13): shaders left to compile 66
[2020.01.23-17.55.26:820][ 50]LogShaderCompilers: Display: Worker (9/13): shaders left to compile 65
[2020.01.23-17.55.26:882][ 56]LogShaderCompilers: Display: Worker (2/13): shaders left to compile 64
[2020.01.23-17.55.26:891][ 57]LogShaderCompilers: Display: Worker (1/13): shaders left to compile 63
[2020.01.23-17.55.26:901][ 58]LogShaderCompilers: Display: Worker (3/13): shaders left to compile 62
[2020.01.23-17.55.26:911][ 59]LogShaderCompilers: Display: Worker (4/13): shaders left to compile 61
[2020.01.23-17.55.26:929][ 61]LogShaderCompilers: Display: Worker (5/13): shaders left to compile 60
[2020.01.23-17.55.26:937][ 62]LogShaderCompilers: Display: Worker (6/13): shaders left to compile 59
[2020.01.23-17.55.26:938][ 62]LogShaderCompilers: Display: Worker (10/13): shaders left to compile 58
[2020.01.23-17.55.26:956][ 64]LogShaderCompilers: Display: Worker (7/13): shaders left to compile 57
[2020.01.23-17.55.26:965][ 65]LogShaderCompilers: Display: Worker (11/13): shaders left to compile 56
[2020.01.23-17.55.26:993][ 68]LogShaderCompilers: Display: Worker (12/13): shaders left to compile 55
[2020.01.23-17.55.27:060][ 75]LogShaderCompilers: Display: Worker (8/13): shaders left to compile 54
[2020.01.23-17.55.27:242][ 90]LogEditorViewport: Clicking on Actor (LMB): BP_Sky_Sphere_C (Sky Sphere)
[2020.01.23-17.55.27:271][ 90]LogShaderCompilers: Display: Worker (1/13): shaders left to compile 53
[2020.01.23-17.55.27:317][ 91]LogShaderCompilers: Display: Worker (5/13): shaders left to compile 52
[2020.01.23-17.55.27:356][ 94]LogShaderCompilers: Display: Worker (7/13): shaders left to compile 51
[2020.01.23-17.55.27:451][103]LogShaderCompilers: Display: Worker (1/13): shaders left to compile 50
[2020.01.23-17.55.27:461][104]LogShaderCompilers: Display: Worker (8/13): shaders left to compile 49
[2020.01.23-17.55.27:525][110]LogShaderCompilers: Display: Worker (7/13): shaders left to compile 48
[2020.01.23-17.55.27:534][111]LogShaderCompilers: Display: Worker (2/13): shaders left to compile 47
[2020.01.23-17.55.27:534][111]LogShaderCompilers: Display: Worker (9/13): shaders left to compile 46
[2020.01.23-17.55.27:555][113]LogShaderCompilers: Display: Worker (12/13): shaders left to compile 45
[2020.01.23-17.55.27:564][114]LogShaderCompilers: Display: Worker (6/13): shaders left to compile 44
[2020.01.23-17.55.27:564][114]LogShaderCompilers: Display: Worker (11/13): shaders left to compile 43
[2020.01.23-17.55.27:583][116]LogShaderCompilers: Display: Worker (3/13): shaders left to compile 42
[2020.01.23-17.55.27:592][117]LogShaderCompilers: Display: Worker (4/13): shaders left to compile 41
[2020.01.23-17.55.27:626][120]LogShaderCompilers: Display: Worker (10/13): shaders left to compile 40
[2020.01.23-17.55.27:626][120]LogShaderCompilers: Display: Worker (5/13): shaders left to compile 39
[2020.01.23-17.55.27:627][120]MaterialEditorStats: Base pass shader: 128 instructions
[2020.01.23-17.55.27:627][120]MaterialEditorStats: Base pass shader with Volumetric Lightmap: 206 instructions
[2020.01.23-17.55.27:627][120]MaterialEditorStats: Base pass vertex shader: 44 instructions
[2020.01.23-17.55.27:627][120]MaterialEditorStats: Texture samplers: 6/16
[2020.01.23-17.55.27:627][120]MaterialEditorStats: Texture Lookups (Est.): VS(0), PS(3)
[2020.01.23-17.55.27:627][120]MaterialEditorStats: User interpolators: 2/4 Scalars (1/4 Vectors) (TexCoords: 2, Custom: 0)
[2020.01.23-17.55.27:636][120]LogShaderCompilers: Display: Worker (1/13): shaders left to compile 38
[2020.01.23-17.55.27:683][124]LogShaderCompilers: Display: Worker (2/13): shaders left to compile 37
[2020.01.23-17.55.27:729][128]LogShaderCompilers: Display: Worker (4/13): shaders left to compile 36
[2020.01.23-17.55.27:750][130]LogShaderCompilers: Display: Worker (11/13): shaders left to compile 35
[2020.01.23-17.55.27:761][131]LogShaderCompilers: Display: Worker (8/13): shaders left to compile 34
[2020.01.23-17.55.27:770][132]LogShaderCompilers: Display: Worker (12/13): shaders left to compile 33
[2020.01.23-17.55.27:808][136]LogShaderCompilers: Display: Worker (9/13): shaders left to compile 32
[2020.01.23-17.55.27:821][137]LogShaderCompilers: Display: Worker (7/13): shaders left to compile 31
[2020.01.23-17.55.27:837][138]LogShaderCompilers: Display: Worker (6/13): shaders left to compile 30
[2020.01.23-17.55.27:855][139]LogShaderCompilers: Display: Worker (3/13): shaders left to compile 29
[2020.01.23-17.55.27:870][140]LogShaderCompilers: Display: Worker (10/13): shaders left to compile 28
[2020.01.23-17.55.28:261][158]LogShaderCompilers: Display: Worker (4/13): shaders left to compile 27
[2020.01.23-17.55.28:358][163]LogShaderCompilers: Display: Worker (9/13): shaders left to compile 26
[2020.01.23-17.55.28:396][165]LogShaderCompilers: Display: Worker (10/13): shaders left to compile 25
[2020.01.23-17.55.28:695][178]LogShaderCompilers: Display: Worker (2/13): shaders left to compile 24
[2020.01.23-17.55.28:718][179]Cmd: TRANSACTION UNDO
[2020.01.23-17.55.28:718][179]LogEditorTransaction: Undo Clicking on Actors
[2020.01.23-17.55.28:752][179]LogMaterial: Display: Missing cached shader map for material m_Path, compiling. 
[2020.01.23-17.55.28:776][179]LogMaterial: Display: Missing cached shader map for material Base_Colour, compiling. 
[2020.01.23-17.55.28:816][179]LogShaderCompilers: Display: Worker (12/13): shaders left to compile 21
[2020.01.23-17.55.28:879][180]LogShaderCompilers: Display: Worker (3/13): shaders left to compile 73
[2020.01.23-17.55.29:000][184]Cmd: TRANSACTION UNDO
[2020.01.23-17.55.29:000][184]LogEditorTransaction: Undo Move Actors
[2020.01.23-17.55.29:009][184]LogMaterial: Display: Missing cached shader map for material m_Path, compiling. 
[2020.01.23-17.55.29:034][184]LogMaterial: Display: Missing cached shader map for material Base_Colour, compiling. 
[2020.01.23-17.55.29:118][185]LogShaderCompilers: Display: Worker (12/13): shaders left to compile 74
[2020.01.23-17.55.29:164][187]LogShaderCompilers: Display: Worker (2/13): shaders left to compile 73
[2020.01.23-17.55.29:201][189]LogShaderCompilers: Display: Worker (3/13): shaders left to compile 72
[2020.01.23-17.55.29:310][194]LogShaderCompilers: Display: Worker (10/13): shaders left to compile 71
[2020.01.23-17.55.29:439][200]LogShaderCompilers: Display: Worker (12/13): shaders left to compile 70
[2020.01.23-17.55.29:486][202]LogShaderCompilers: Display: Worker (2/13): shaders left to compile 69
[2020.01.23-17.55.29:502][203]Cmd: TRANSACTION UNDO
[2020.01.23-17.55.29:502][203]LogEditorTransaction: Undo Move Actors
[2020.01.23-17.55.29:510][203]LogMaterial: Display: Missing cached shader map for material m_Path, compiling. 
[2020.01.23-17.55.29:526][203]LogShaderCompilers: Display: Worker (3/13): shaders left to compile 53
[2020.01.23-17.55.29:532][203]LogMaterial: Display: Missing cached shader map for material Base_Colour, compiling. 
[2020.01.23-17.55.29:628][206]LogShaderCompilers: Display: Worker (10/13): shaders left to compile 74
[2020.01.23-17.55.29:710][213]LogShaderCompilers: Display: Worker (3/13): shaders left to compile 73
[2020.01.23-17.55.29:799][221]LogShaderCompilers: Display: Worker (12/13): shaders left to compile 72
[2020.01.23-17.55.29:812][222]LogShaderCompilers: Display: Worker (2/13): shaders left to compile 71
[2020.01.23-17.55.29:949][233]LogShaderCompilers: Display: Worker (10/13): shaders left to compile 70
[2020.01.23-17.55.30:027][239]LogShaderCompilers: Display: Worker (3/13): shaders left to compile 69
[2020.01.23-17.55.30:143][249]LogShaderCompilers: Display: Worker (12/13): shaders left to compile 68
[2020.01.23-17.55.30:155][250]LogShaderCompilers: Display: Worker (2/13): shaders left to compile 67
[2020.01.23-17.55.30:178][252]LogEditorViewport: Clicking on Actor (LMB): BP_Sky_Sphere_C (Sky Sphere)
[2020.01.23-17.55.30:267][254]LogShaderCompilers: Display: Worker (10/13): shaders left to compile 66
[2020.01.23-17.55.30:304][257]LogShaderCompilers: Display: Worker (2/13): shaders left to compile 65
[2020.01.23-17.55.30:352][261]LogShaderCompilers: Display: Worker (3/13): shaders left to compile 64
[2020.01.23-17.55.30:473][267]LogShaderCompilers: Display: Worker (12/13): shaders left to compile 63
[2020.01.23-17.55.30:561][271]LogShaderCompilers: Display: Worker (10/13): shaders left to compile 62
[2020.01.23-17.55.30:882][286]LogShaderCompilers: Display: Worker (12/13): shaders left to compile 61
[2020.01.23-17.55.30:947][289]LogShaderCompilers: Display: Worker (2/13): shaders left to compile 60
[2020.01.23-17.55.31:004][292]LogShaderCompilers: Display: Worker (3/13): shaders left to compile 59
[2020.01.23-17.55.31:152][299]LogShaderCompilers: Display: Worker (10/13): shaders left to compile 58
[2020.01.23-17.55.31:343][308]LogShaderCompilers: Display: Worker (2/13): shaders left to compile 57
[2020.01.23-17.55.31:517][316]LogShaderCompilers: Display: Worker (12/13): shaders left to compile 56
[2020.01.23-17.55.31:623][321]LogShaderCompilers: Display: Worker (3/13): shaders left to compile 55
[2020.01.23-17.55.31:728][326]LogShaderCompilers: Display: Worker (2/13): shaders left to compile 54
[2020.01.23-17.55.31:819][330]LogShaderCompilers: Display: Worker (10/13): shaders left to compile 53
[2020.01.23-17.55.31:877][333]LogShaderCompilers: Display: Worker (5/13): shaders left to compile 52
[2020.01.23-17.55.32:007][339]LogShaderCompilers: Display: Worker (10/13): shaders left to compile 51
[2020.01.23-17.55.32:013][339]LogShaderCompilers: Display: Worker (11/13): shaders left to compile 50
[2020.01.23-17.55.32:069][342]LogShaderCompilers: Display: Worker (12/13): shaders left to compile 49
[2020.01.23-17.55.32:115][344]LogShaderCompilers: Display: Worker (6/13): shaders left to compile 48
[2020.01.23-17.55.32:129][344]LogShaderCompilers: Display: Worker (2/13): shaders left to compile 47
[2020.01.23-17.55.32:179][346]LogShaderCompilers: Display: Worker (10/13): shaders left to compile 46
[2020.01.23-17.55.32:187][346]LogShaderCompilers: Display: Worker (11/13): shaders left to compile 45
[2020.01.23-17.55.32:203][347]LogShaderCompilers: Display: Worker (3/13): shaders left to compile 44
[2020.01.23-17.55.32:203][347]LogShaderCompilers: Display: Worker (5/13): shaders left to compile 43
[2020.01.23-17.55.32:218][347]LogShaderCompilers: Display: Worker (7/13): shaders left to compile 42
[2020.01.23-17.55.32:234][348]MaterialEditorStats: Base pass shader: 128 instructions
[2020.01.23-17.55.32:234][348]MaterialEditorStats: Base pass shader with Volumetric Lightmap: 206 instructions
[2020.01.23-17.55.32:234][348]MaterialEditorStats: Base pass vertex shader: 44 instructions
[2020.01.23-17.55.32:234][348]MaterialEditorStats: Texture samplers: 6/16
[2020.01.23-17.55.32:234][348]MaterialEditorStats: Texture Lookups (Est.): VS(0), PS(3)
[2020.01.23-17.55.32:234][348]MaterialEditorStats: User interpolators: 2/4 Scalars (1/4 Vectors) (TexCoords: 2, Custom: 0)
[2020.01.23-17.55.32:242][348]LogShaderCompilers: Display: Worker (1/13): shaders left to compile 41
[2020.01.23-17.55.32:287][350]LogShaderCompilers: Display: Worker (2/13): shaders left to compile 40
[2020.01.23-17.55.32:360][353]LogShaderCompilers: Display: Worker (12/13): shaders left to compile 39
[2020.01.23-17.55.32:364][353]LogShaderCompilers: Display: Worker (4/13): shaders left to compile 38
[2020.01.23-17.55.32:375][353]LogShaderCompilers: Display: Worker (5/13): shaders left to compile 37
[2020.01.23-17.55.32:388][354]LogShaderCompilers: Display: Worker (11/13): shaders left to compile 36
[2020.01.23-17.55.32:408][355]LogShaderCompilers: Display: Worker (6/13): shaders left to compile 35
[2020.01.23-17.55.32:411][355]LogShaderCompilers: Display: Worker (1/13): shaders left to compile 34
[2020.01.23-17.55.32:436][356]LogShaderCompilers: Display: Worker (8/13): shaders left to compile 33
[2020.01.23-17.55.32:453][357]LogShaderCompilers: Display: Worker (10/13): shaders left to compile 32
[2020.01.23-17.55.32:478][358]LogShaderCompilers: Display: Worker (3/13): shaders left to compile 31
[2020.01.23-17.55.32:495][359]LogShaderCompilers: Display: Worker (7/13): shaders left to compile 30
[2020.01.23-17.55.32:530][361]LogShaderCompilers: Display: Worker (9/13): shaders left to compile 29
[2020.01.23-17.55.32:675][368]LogEditorViewport: Clicking on Actor (LMB): StaticMeshActor (SM_level_lower)
[2020.01.23-17.55.32:704][368]LogShaderCompilers: Display: Worker (2/13): shaders left to compile 28
[2020.01.23-17.55.32:894][373]LogShaderCompilers: Display: Worker (11/13): shaders left to compile 27
[2020.01.23-17.55.32:922][374]LogShaderCompilers: Display: Worker (10/13): shaders left to compile 26
[2020.01.23-17.55.33:180][384]LogShaderCompilers: Display: Worker (2/13): shaders left to compile 25
[2020.01.23-17.55.33:346][398]LogShaderCompilers: Display: Worker (8/13): shaders left to compile 24
[2020.01.23-17.55.33:568][414]LogShaderCompilers: Display: Worker (5/13): shaders left to compile 23
[2020.01.23-17.55.33:590][415]LogShaderCompilers: Display: Worker (9/13): shaders left to compile 22
[2020.01.23-17.55.33:779][427]LogShaderCompilers: Display: Worker (8/13): shaders left to compile 21
[2020.01.23-17.55.34:065][449]LogShaderCompilers: Display: Worker (2/13): shaders left to compile 20
[2020.01.23-17.55.34:500][480]LogShaderCompilers: Display: Worker (2/13): shaders left to compile 19
[2020.01.23-17.55.34:654][492]LogShaderCompilers: Display: Worker (8/13): shaders left to compile 18
[2020.01.23-17.55.34:812][505]Cmd: SELECT NONE
[2020.01.23-17.55.36:446][614]LogShaderCompilers: Display: Worker (6/13): shaders left to compile 17
[2020.01.23-17.55.36:476][616]LogShaderCompilers: Display: Worker (12/13): shaders left to compile 16
[2020.01.23-17.55.36:697][630]LogShaderCompilers: Display: Worker (7/13): shaders left to compile 15
[2020.01.23-17.55.36:885][642]LogShaderCompilers: Display: Worker (3/13): shaders left to compile 14
[2020.01.23-17.55.36:960][647]LogShaderCompilers: Display: Worker (12/13): shaders left to compile 13
[2020.01.23-17.55.36:975][648]LogShaderCompilers: Display: Worker (4/13): shaders left to compile 12
[2020.01.23-17.55.37:300][669]LogShaderCompilers: Display: Worker (6/13): shaders left to compile 11
[2020.01.23-17.55.37:375][674]LogShaderCompilers: Display: Worker (10/13): shaders left to compile 10
[2020.01.23-17.55.37:417][677]LogShaderCompilers: Display: Worker (11/13): shaders left to compile 9
[2020.01.23-17.55.37:431][678]LogShaderCompilers: Display: Worker (4/13): shaders left to compile 8
[2020.01.23-17.55.37:789][696]LogShaderCompilers: Display: Worker (12/13): shaders left to compile 7
[2020.01.23-17.55.37:820][698]LogEditorViewport: Clicking on Actor (LMB): StaticMeshActor (SM_level_lower)
[2020.01.23-17.55.37:858][698]LogShaderCompilers: Display: Worker (1/13): shaders left to compile 6
[2020.01.23-17.55.37:909][699]LogShaderCompilers: Display: Worker (4/13): shaders left to compile 5
[2020.01.23-17.55.38:166][709]LogShaderCompilers: Display: Worker (5/13): shaders left to compile 4
[2020.01.23-17.55.38:174][709]LogShaderCompilers: Display: Worker (9/13): shaders left to compile 3
[2020.01.23-17.55.38:287][718]LogShaderCompilers: Display: Worker (11/13): shaders left to compile 2
[2020.01.23-17.55.38:445][731]LogShaderCompilers: Display: Worker (2/13): shaders left to compile 1
[2020.01.23-17.55.40:695][933]MaterialEditorStats: Base pass shader: 311 instructions
[2020.01.23-17.55.40:695][933]MaterialEditorStats: Base pass shader with Surface Lightmap: 345 instructions
[2020.01.23-17.55.40:695][933]MaterialEditorStats: Base pass shader with Volumetric Lightmap: 390 instructions
[2020.01.23-17.55.40:695][933]MaterialEditorStats: Base pass vertex shader: 137 instructions
[2020.01.23-17.55.40:695][933]MaterialEditorStats: Texture samplers: 4/16
[2020.01.23-17.55.41:160][987]Cmd: SELECT NONE
[2020.01.23-17.56.01:402][399]Cmd: SELECT NONE
[2020.01.23-17.56.07:720][132]LogSlate: FSceneViewport::OnFocusLost() reason 5
[2020.01.23-17.56.11:591][582]LogSlate: FSceneViewport::OnFocusLost() reason 5
[2020.01.23-17.56.18:696][418]LogSlate: FSceneViewport::OnFocusLost() reason 5
[2020.01.23-17.56.22:645][885]LogSlate: FSceneViewport::OnFocusLost() reason 5
[2020.01.23-17.56.29:551][693]LogSlate: FSceneViewport::OnFocusLost() reason 5
[2020.01.23-17.56.32:177][  0]LogSlate: FSceneViewport::OnFocusLost() reason 5
[2020.01.23-17.56.36:435][497]LogSlate: FSceneViewport::OnFocusLost() reason 5
[2020.01.23-17.56.39:812][893]LogSlate: FSceneViewport::OnFocusLost() reason 5
[2020.01.23-17.56.43:005][269]LogSlate: FSceneViewport::OnFocusLost() reason 5
[2020.01.23-17.56.45:681][585]LogSlate: FSceneViewport::OnFocusLost() reason 5
[2020.01.23-17.56.48:194][883]LogSlate: FSceneViewport::OnFocusLost() reason 5
[2020.01.23-17.56.50:940][208]LogSlate: FSceneViewport::OnFocusLost() reason 5
[2020.01.23-17.56.53:925][563]LogSlate: FSceneViewport::OnFocusLost() reason 5
[2020.01.23-17.56.57:239][954]LogSlate: FSceneViewport::OnFocusLost() reason 5
[2020.01.23-17.57.04:967][871]LogEditorViewport: Clicking on Actor (LMB): BP_Sky_Sphere_C (Sky Sphere)
[2020.01.23-17.57.06:109][  4]Cmd: SELECT NONE
[2020.01.23-17.57.18:689][489]LogEditorViewport: Clicking on Actor (LMB): StaticMeshActor (SM_Wall_end)
[2020.01.23-17.57.22:778][957]LogEditorViewport: Clicking on Actor (LMB): StaticMeshActor (SM_Rock1_low2)
[2020.01.23-17.57.23:493][ 37]LogEditorViewport: Clicking on Actor (LMB): StaticMeshActor (SM_Rock3_low5)
[2020.01.23-17.57.33:416][110]LogEditorViewport: Clicking on Actor (LMB): StaticMeshActor (SM_Wall_end)
[2020.01.23-17.57.35:591][362]Cmd: CAMERA ALIGN ACTIVEVIEWPORTONLY
[2020.01.23-17.57.39:522][812]Cmd: SELECT NONE
[2020.01.23-17.57.45:750][547]LogEditorViewport: Clicking on Actor (LMB): BP_Sky_Sphere_C (Sky Sphere)
[2020.01.23-17.57.46:347][615]LogEditorViewport: Clicking on Actor (LMB): BP_Sky_Sphere_C (Sky Sphere)
[2020.01.23-17.57.47:088][702]Cmd: SELECT NONE
[2020.01.23-17.58.11:867][665]LogSlate: FSceneViewport::OnFocusLost() reason 5
[2020.01.23-17.58.11:912][665]LogUObjectHash: Compacting FUObjectHashTables data took   1.58ms
[2020.01.23-17.58.11:913][665]Cmd: OBJ SAVEPACKAGE PACKAGE="/Game/Diorama" FILE="../../../../Art/Park_SFAS/Park/Saved/Autosaves/Game/Diorama_Auto9.umap" SILENT=true AUTOSAVING=true KEEPDIRTY=false
[2020.01.23-17.58.12:122][665]LogSavePackage: Moving '../../../../Art/Park_SFAS/Park/Saved/Diorama_Auto90F3A758B4C352A4C8912FFA555EE700C.tmp' to '../../../../Art/Park_SFAS/Park/Saved/Autosaves/Game/Diorama_Auto9.umap'
[2020.01.23-17.58.12:125][665]LogFileHelpers: Editor autosave (incl. sublevels) for '/Game/Diorama' took 0.248
[2020.01.23-17.58.12:125][665]LogFileHelpers: Editor autosave (incl. sublevels) for all levels took 0.248
[2020.01.23-17.58.12:126][665]OBJ SavePackage: Generating thumbnails for [1] asset(s) in package [/Game/Materials/Base_Colour] ([1] browsable assets)...
[2020.01.23-17.58.12:134][665]OBJ SavePackage:     Rendered thumbnail for [Material /Game/Materials/Base_Colour.Base_Colour]
[2020.01.23-17.58.12:134][665]OBJ SavePackage: Finished generating thumbnails for package [/Game/Materials/Base_Colour]
[2020.01.23-17.58.12:134][665]Cmd: OBJ SAVEPACKAGE PACKAGE="/Game/Materials/Base_Colour" FILE="../../../../Art/Park_SFAS/Park/Saved/Autosaves/Game/Materials/Base_Colour_Auto9.uasset" SILENT=false AUTOSAVING=true
[2020.01.23-17.58.12:156][665]LogSavePackage: Moving '../../../../Art/Park_SFAS/Park/Saved/Base_Colour_Auto97789A7B6465721C8E0603BA3CFE2A3BC.tmp' to '../../../../Art/Park_SFAS/Park/Saved/Autosaves/Game/Materials/Base_Colour_Auto9.uasset'
[2020.01.23-17.58.12:157][665]OBJ SavePackage: Generating thumbnails for [1] asset(s) in package [/Game/Textures/T_Bridge_polySurface8SG_OcclusionRoughnessMetallic] ([1] browsable assets)...
[2020.01.23-17.58.12:161][665]OBJ SavePackage:     Rendered thumbnail for [Texture2D /Game/Textures/T_Bridge_polySurface8SG_OcclusionRoughnessMetallic.T_Bridge_polySurface8SG_OcclusionRoughnessMetallic]
[2020.01.23-17.58.12:161][665]OBJ SavePackage: Finished generating thumbnails for package [/Game/Textures/T_Bridge_polySurface8SG_OcclusionRoughnessMetallic]
[2020.01.23-17.58.12:203][665]LogSavePackage: Moving '../../../../Art/Park_SFAS/Park/Saved/T_Bridge_polySurface8SG_OcclusioFDF3A9F5451669B6EC7615ACEADBE545.tmp' to '../../../../Art/Park_SFAS/Park/Saved/Autosaves/Game/Textures/T_Bridge_polySurface8SG_OcclusionRoughnessMetallic_Auto9.uasset'
[2020.01.23-17.58.12:204][665]LogFileHelpers: Auto-saving content packages took 0.078
[2020.01.23-18.02.15:595][818]LogEditorViewport: Clicking on Actor (LMB): StaticMeshActor (SM_Rock2_low)
[2020.01.23-18.02.20:588][394]LogEditorViewport: Clicking on Actor (LMB): StaticMeshActor (SM_Rock5_low)
[2020.01.23-18.02.23:680][750]Cmd: SELECT NONE
[2020.01.23-18.02.53:556][334]LogEditorViewport: Clicking on Actor (LMB): StaticMeshActor (SM_tree)
[2020.01.23-18.03.01:532][261]Cmd: SELECT NONE
[2020.01.23-18.03.08:745][123]LogEditorViewport: Clicking on Actor (LMB): StaticMeshActor (Pavilion_base)
[2020.01.23-18.03.09:608][220]LogEditorViewport: Clicking on Actor (LMB): BP_Sky_Sphere_C (Sky Sphere)
[2020.01.23-18.03.14:593][766]LogEditorViewport: Clicking on Actor (LMB): StaticMeshActor (SM_Pavilion_fountain)
[2020.01.23-18.03.47:499][397]LogEditorViewport: Clicking on Actor (LMB): StaticMeshActor (SM_level_top)
[2020.01.23-18.03.52:538][985]Cmd: SELECT NONE
[2020.01.23-18.03.54:840][245]LogEditorViewport: Clicking on Actor (LMB): StaticMeshActor (SM_Rock1_low3)
[2020.01.23-18.03.59:301][762]LogEditorViewport: Clicking on Actor (LMB): StaticMeshActor (SM_Rock2_low4)
[2020.01.23-18.04.01:469][ 12]LogEditorViewport: Clicking on Actor (LMB): StaticMeshActor (SM_Rock6_low7)
[2020.01.23-18.04.03:205][211]LogEditorViewport: Clicking on Actor (LMB): StaticMeshActor (SM_Rock5_low6)
[2020.01.23-18.04.04:775][388]LogEditorViewport: Clicking on Actor (LMB): StaticMeshActor (SM_Rock2_low2)
[2020.01.23-18.04.06:520][586]LogEditorViewport: Clicking on Actor (LMB): StaticMeshActor (SM_Rock3_low7)
[2020.01.23-18.04.06:908][628]LogEditorViewport: Clicking on Actor (LMB): StaticMeshActor (SM_Rock3_low8)
[2020.01.23-18.04.13:159][325]LogEditorViewport: Clicking on Actor (LMB): StaticMeshActor (SM_Rock6_low3)
[2020.01.23-18.04.16:345][694]Cmd: SELECT NONE
[2020.01.23-18.04.16:906][761]LogEditorViewport: Clicking on Actor (LMB): StaticMeshActor (SM_Rock3_low11)
[2020.01.23-18.04.19:015][  2]LogEditorViewport: Clicking on Actor (LMB): StaticMeshActor (SM_Rock3_low12)
[2020.01.23-18.04.21:932][339]Cmd: SELECT NONE
[2020.01.23-18.04.22:409][396]LogEditorViewport: Clicking on Actor (LMB): StaticMeshActor (SM_Rock3_low7)
[2020.01.23-18.04.24:074][586]LogEditorViewport: Clicking on Actor (LMB): StaticMeshActor (SM_Rock3_low10)
[2020.01.23-18.04.26:587][852]LogEditorViewport: Clicking on Actor (LMB): StaticMeshActor (SM_Rock5_low4)
[2020.01.23-18.04.27:383][943]LogEditorViewport: Clicking on Actor (LMB): StaticMeshActor (SM_Rock1_low2)
[2020.01.23-18.04.31:071][371]LogEditorViewport: Clicking on Actor (LMB): StaticMeshActor (SM_Rock5_low4)
[2020.01.23-18.04.31:578][427]LogEditorViewport: Clicking on Actor (LMB): StaticMeshActor (SM_Rock3_low7)
[2020.01.23-18.04.35:696][907]LogEditorViewport: Clicking on Actor (LMB): StaticMeshActor (SM_Rock2_low3)
[2020.01.23-18.04.39:137][284]LogEditorViewport: Clicking on Actor (LMB): StaticMeshActor (SM_Rock3_low10)
[2020.01.23-18.04.39:643][339]LogEditorViewport: Clicking on Actor (LMB): StaticMeshActor (SM_Rock6_low9)
[2020.01.23-18.04.43:164][744]Cmd: SELECT NONE
[2020.01.23-18.04.43:641][801]LogEditorViewport: Clicking on Actor (LMB): StaticMeshActor (SM_River)
[2020.01.23-18.04.44:499][899]LogEditorViewport: Clicking on Actor (LMB): StaticMeshActor (SM_Rock3_low10)
[2020.01.23-18.04.52:457][824]Cmd: SELECT NONE
[2020.01.23-18.04.53:044][894]LogEditorViewport: Clicking on Actor (LMB): StaticMeshActor (SM_River)
[2020.01.23-18.04.54:301][ 23]Cmd: TRANSACTION UNDO
[2020.01.23-18.04.54:301][ 23]LogEditorTransaction: Undo Clicking on Actors
[2020.01.23-18.04.54:304][ 23]LogMaterial: Display: Missing cached shader map for material m_Path, compiling. 
[2020.01.23-18.04.54:318][ 23]LogMaterial: Display: Missing cached shader map for material Base_Colour, compiling. 
[2020.01.23-18.04.54:343][ 23]LogShaderCompilers: Display: Worker (1/13): shaders left to compile 21
[2020.01.23-18.04.54:343][ 23]LogShaderCompilers: Display: Worker (2/13): shaders left to compile 20
[2020.01.23-18.04.54:343][ 23]LogShaderCompilers: Display: Worker (3/13): shaders left to compile 19
[2020.01.23-18.04.54:343][ 23]LogShaderCompilers: Display: Worker (4/13): shaders left to compile 18
[2020.01.23-18.04.54:343][ 23]LogShaderCompilers: Display: Worker (5/13): shaders left to compile 17
[2020.01.23-18.04.54:343][ 23]LogShaderCompilers: Display: Worker (6/13): shaders left to compile 16
[2020.01.23-18.04.54:343][ 23]LogShaderCompilers: Display: Worker (7/13): shaders left to compile 15
[2020.01.23-18.04.54:343][ 23]LogShaderCompilers: Display: Worker (8/13): shaders left to compile 14
[2020.01.23-18.04.54:343][ 23]LogShaderCompilers: Display: Worker (9/13): shaders left to compile 13
[2020.01.23-18.04.54:343][ 23]LogShaderCompilers: Display: Worker (10/13): shaders left to compile 12
[2020.01.23-18.04.54:343][ 23]LogShaderCompilers: Display: Worker (11/13): shaders left to compile 11
[2020.01.23-18.04.54:343][ 23]LogShaderCompilers: Display: Worker (12/13): shaders left to compile 10
[2020.01.23-18.04.54:660][ 38]LogShaderCompilers: Display: Worker (8/13): shaders left to compile 62
[2020.01.23-18.04.54:792][ 42]LogShaderCompilers: Display: Worker (3/13): shaders left to compile 61
[2020.01.23-18.04.54:807][ 42]LogShaderCompilers: Display: Worker (1/13): shaders left to compile 60
[2020.01.23-18.04.54:807][ 42]LogShaderCompilers: Display: Worker (2/13): shaders left to compile 59
[2020.01.23-18.04.54:807][ 42]LogShaderCompilers: Display: Worker (5/13): shaders left to compile 58
[2020.01.23-18.04.54:807][ 42]LogShaderCompilers: Display: Worker (9/13): shaders left to compile 57
[2020.01.23-18.04.54:841][ 45]LogShaderCompilers: Display: Worker (4/13): shaders left to compile 56
[2020.01.23-18.04.54:841][ 45]LogShaderCompilers: Display: Worker (6/13): shaders left to compile 55
[2020.01.23-18.04.54:841][ 45]LogShaderCompilers: Display: Worker (7/13): shaders left to compile 54
[2020.01.23-18.04.54:856][ 46]Cmd: TRANSACTION UNDO
[2020.01.23-18.04.54:856][ 46]LogEditorTransaction: Undo Select None
[2020.01.23-18.04.54:877][ 46]LogShaderCompilers: Display: Worker (12/13): shaders left to compile 53
[2020.01.23-18.04.54:882][ 46]LogMaterial: Display: Missing cached shader map for material m_Path, compiling. 
[2020.01.23-18.04.54:907][ 46]LogMaterial: Display: Missing cached shader map for material Base_Colour, compiling. 
[2020.01.23-18.04.55:046][ 48]LogShaderCompilers: Display: Worker (12/13): shaders left to compile 74
[2020.01.23-18.04.55:061][ 48]LogShaderCompilers: Display: Worker (10/13): shaders left to compile 73
[2020.01.23-18.04.55:100][ 50]LogShaderCompilers: Display: Worker (11/13): shaders left to compile 72
[2020.01.23-18.04.55:167][ 55]LogShaderCompilers: Display: Worker (1/13): shaders left to compile 71
[2020.01.23-18.04.55:204][ 58]LogShaderCompilers: Display: Worker (9/13): shaders left to compile 70
[2020.01.23-18.04.55:215][ 59]LogShaderCompilers: Display: Worker (8/13): shaders left to compile 69
[2020.01.23-18.04.55:239][ 61]LogShaderCompilers: Display: Worker (7/13): shaders left to compile 68
[2020.01.23-18.04.55:342][ 70]LogShaderCompilers: Display: Worker (12/13): shaders left to compile 67
[2020.01.23-18.04.55:358][ 71]LogShaderCompilers: Display: Worker (10/13): shaders left to compile 66
[2020.01.23-18.04.55:369][ 72]LogShaderCompilers: Display: Worker (4/13): shaders left to compile 65
[2020.01.23-18.04.55:392][ 74]LogShaderCompilers: Display: Worker (11/13): shaders left to compile 64
[2020.01.23-18.04.55:402][ 75]LogShaderCompilers: Display: Worker (6/13): shaders left to compile 63
[2020.01.23-18.04.55:420][ 77]LogShaderCompilers: Display: Worker (2/13): shaders left to compile 62
[2020.01.23-18.04.55:420][ 77]LogShaderCompilers: Display: Worker (3/13): shaders left to compile 61
[2020.01.23-18.04.55:450][ 80]LogShaderCompilers: Display: Worker (5/13): shaders left to compile 60
[2020.01.23-18.04.55:463][ 81]LogShaderCompilers: Display: Worker (1/13): shaders left to compile 59
[2020.01.23-18.04.55:492][ 84]LogShaderCompilers: Display: Worker (12/13): shaders left to compile 58
[2020.01.23-18.04.55:501][ 85]LogShaderCompilers: Display: Worker (9/13): shaders left to compile 57
[2020.01.23-18.04.55:511][ 86]LogShaderCompilers: Display: Worker (8/13): shaders left to compile 56
[2020.01.23-18.04.55:529][ 88]LogShaderCompilers: Display: Worker (7/13): shaders left to compile 55
[2020.01.23-18.04.55:530][ 88]Cmd: TRANSACTION UNDO
[2020.01.23-18.04.55:530][ 88]LogEditorTransaction: Undo Move Actors
[2020.01.23-18.04.55:540][ 88]LogMaterial: Display: Missing cached shader map for material m_Path, compiling. 
[2020.01.23-18.04.55:563][ 88]LogMaterial: Display: Missing cached shader map for material Base_Colour, compiling. 
[2020.01.23-18.04.55:608][ 88]LogShaderCompilers: Display: Worker (10/13): shaders left to compile 74
[2020.01.23-18.04.55:772][ 99]LogShaderCompilers: Display: Worker (6/13): shaders left to compile 73
[2020.01.23-18.04.55:842][105]LogShaderCompilers: Display: Worker (5/13): shaders left to compile 72
[2020.01.23-18.04.55:888][109]LogShaderCompilers: Display: Worker (9/13): shaders left to compile 71
[2020.01.23-18.04.55:932][113]LogShaderCompilers: Display: Worker (10/13): shaders left to compile 70
[2020.01.23-18.04.55:983][118]LogShaderCompilers: Display: Worker (4/13): shaders left to compile 69
[2020.01.23-18.04.56:027][122]LogShaderCompilers: Display: Worker (2/13): shaders left to compile 68
[2020.01.23-18.04.56:032][122]LogShaderCompilers: Display: Worker (11/13): shaders left to compile 67
[2020.01.23-18.04.56:045][123]LogShaderCompilers: Display: Worker (8/13): shaders left to compile 66
[2020.01.23-18.04.56:065][125]LogShaderCompilers: Display: Worker (3/13): shaders left to compile 65
[2020.01.23-18.04.56:074][126]LogShaderCompilers: Display: Worker (6/13): shaders left to compile 64
[2020.01.23-18.04.56:084][127]LogShaderCompilers: Display: Worker (7/13): shaders left to compile 63
[2020.01.23-18.04.56:094][128]LogShaderCompilers: Display: Worker (1/13): shaders left to compile 62
[2020.01.23-18.04.56:133][132]LogShaderCompilers: Display: Worker (12/13): shaders left to compile 61
[2020.01.23-18.04.56:145][133]LogShaderCompilers: Display: Worker (5/13): shaders left to compile 60
[2020.01.23-18.04.56:184][137]LogShaderCompilers: Display: Worker (9/13): shaders left to compile 59
[2020.01.23-18.04.56:195][138]LogShaderCompilers: Display: Worker (11/13): shaders left to compile 58
[2020.01.23-18.04.56:215][140]LogShaderCompilers: Display: Worker (10/13): shaders left to compile 57
[2020.01.23-18.04.56:258][144]LogShaderCompilers: Display: Worker (4/13): shaders left to compile 56
[2020.01.23-18.04.56:303][148]LogShaderCompilers: Display: Worker (8/13): shaders left to compile 55
[2020.01.23-18.04.56:327][150]LogShaderCompilers: Display: Worker (2/13): shaders left to compile 54
[2020.01.23-18.04.56:447][160]LogShaderCompilers: Display: Worker (7/13): shaders left to compile 53
[2020.01.23-18.04.56:500][163]LogShaderCompilers: Display: Worker (5/13): shaders left to compile 52
[2020.01.23-18.04.56:595][168]LogShaderCompilers: Display: Worker (10/13): shaders left to compile 51
[2020.01.23-18.04.56:618][169]LogShaderCompilers: Display: Worker (7/13): shaders left to compile 50
[2020.01.23-18.04.56:669][172]LogShaderCompilers: Display: Worker (3/13): shaders left to compile 49
[2020.01.23-18.04.56:687][173]LogShaderCompilers: Display: Worker (1/13): shaders left to compile 48
[2020.01.23-18.04.56:704][174]LogShaderCompilers: Display: Worker (2/13): shaders left to compile 47
[2020.01.23-18.04.56:720][175]LogShaderCompilers: Display: Worker (6/13): shaders left to compile 46
[2020.01.23-18.04.56:759][177]LogShaderCompilers: Display: Worker (10/13): shaders left to compile 45
[2020.01.23-18.04.56:777][178]LogShaderCompilers: Display: Worker (12/13): shaders left to compile 44
[2020.01.23-18.04.56:788][179]LogShaderCompilers: Display: Worker (7/13): shaders left to compile 43
[2020.01.23-18.04.56:803][180]LogShaderCompilers: Display: Worker (4/13): shaders left to compile 42
[2020.01.23-18.04.56:803][180]LogShaderCompilers: Display: Worker (9/13): shaders left to compile 41
[2020.01.23-18.04.56:823][182]LogShaderCompilers: Display: Worker (5/13): shaders left to compile 40
[2020.01.23-18.04.56:834][183]LogShaderCompilers: Display: Worker (11/13): shaders left to compile 39
[2020.01.23-18.04.56:845][184]LogShaderCompilers: Display: Worker (8/13): shaders left to compile 38
[2020.01.23-18.04.56:861][185]LogShaderCompilers: Display: Worker (2/13): shaders left to compile 37
[2020.01.23-18.04.56:862][185]MaterialEditorStats: Base pass shader: 128 instructions
[2020.01.23-18.04.56:862][185]MaterialEditorStats: Base pass shader with Volumetric Lightmap: 206 instructions
[2020.01.23-18.04.56:862][185]MaterialEditorStats: Base pass vertex shader: 44 instructions
[2020.01.23-18.04.56:862][185]MaterialEditorStats: Texture samplers: 6/16
[2020.01.23-18.04.56:862][185]MaterialEditorStats: Texture Lookups (Est.): VS(0), PS(3)
[2020.01.23-18.04.56:862][185]MaterialEditorStats: User interpolators: 2/4 Scalars (1/4 Vectors) (TexCoords: 2, Custom: 0)
[2020.01.23-18.04.56:943][191]LogShaderCompilers: Display: Worker (1/13): shaders left to compile 36
[2020.01.23-18.04.56:949][191]LogShaderCompilers: Display: Worker (7/13): shaders left to compile 35
[2020.01.23-18.04.56:949][191]LogShaderCompilers: Display: Worker (10/13): shaders left to compile 34
[2020.01.23-18.04.56:974][193]LogShaderCompilers: Display: Worker (3/13): shaders left to compile 33
[2020.01.23-18.04.56:974][193]LogShaderCompilers: Display: Worker (9/13): shaders left to compile 32
[2020.01.23-18.04.56:989][194]LogShaderCompilers: Display: Worker (6/13): shaders left to compile 31
[2020.01.23-18.04.57:038][197]LogShaderCompilers: Display: Worker (12/13): shaders left to compile 30
[2020.01.23-18.04.57:045][197]LogShaderCompilers: Display: Worker (4/13): shaders left to compile 29
[2020.01.23-18.04.57:056][198]LogShaderCompilers: Display: Worker (5/13): shaders left to compile 28
[2020.01.23-18.04.57:460][220]LogShaderCompilers: Display: Worker (1/13): shaders left to compile 27
[2020.01.23-18.04.57:490][222]LogShaderCompilers: Display: Worker (9/13): shaders left to compile 26
[2020.01.23-18.04.57:556][228]LogShaderCompilers: Display: Worker (5/13): shaders left to compile 25
[2020.01.23-18.04.57:801][246]LogShaderCompilers: Display: Worker (2/13): shaders left to compile 24
[2020.01.23-18.04.57:945][257]LogShaderCompilers: Display: Worker (3/13): shaders left to compile 23
[2020.01.23-18.04.58:010][262]LogShaderCompilers: Display: Worker (4/13): shaders left to compile 22
[2020.01.23-18.04.58:255][280]LogShaderCompilers: Display: Worker (2/13): shaders left to compile 21
[2020.01.23-18.04.58:486][295]LogShaderCompilers: Display: Worker (5/13): shaders left to compile 20
[2020.01.23-18.04.58:946][322]LogShaderCompilers: Display: Worker (5/13): shaders left to compile 19
[2020.01.23-18.04.59:173][336]LogShaderCompilers: Display: Worker (2/13): shaders left to compile 18
[2020.01.23-18.05.01:090][464]LogShaderCompilers: Display: Worker (11/13): shaders left to compile 17
[2020.01.23-18.05.01:202][473]LogShaderCompilers: Display: Worker (6/13): shaders left to compile 16
[2020.01.23-18.05.01:239][476]LogShaderCompilers: Display: Worker (7/13): shaders left to compile 15
[2020.01.23-18.05.01:367][485]LogShaderCompilers: Display: Worker (12/13): shaders left to compile 14
[2020.01.23-18.05.01:510][492]LogShaderCompilers: Display: Worker (10/13): shaders left to compile 13
[2020.01.23-18.05.01:677][503]LogShaderCompilers: Display: Worker (6/13): shaders left to compile 12
[2020.01.23-18.05.01:734][506]LogShaderCompilers: Display: Worker (1/13): shaders left to compile 11
[2020.01.23-18.05.01:874][514]LogShaderCompilers: Display: Worker (9/13): shaders left to compile 10
[2020.01.23-18.05.02:035][523]LogShaderCompilers: Display: Worker (11/13): shaders left to compile 9
[2020.01.23-18.05.02:132][530]LogShaderCompilers: Display: Worker (6/13): shaders left to compile 8
[2020.01.23-18.05.02:203][535]LogShaderCompilers: Display: Worker (3/13): shaders left to compile 7
[2020.01.23-18.05.02:429][551]LogShaderCompilers: Display: Worker (4/13): shaders left to compile 6
[2020.01.23-18.05.02:473][553]LogShaderCompilers: Display: Worker (10/13): shaders left to compile 5
[2020.01.23-18.05.02:594][561]LogShaderCompilers: Display: Worker (6/13): shaders left to compile 4
[2020.01.23-18.05.02:891][584]LogShaderCompilers: Display: Worker (5/13): shaders left to compile 3
[2020.01.23-18.05.02:949][589]LogShaderCompilers: Display: Worker (11/13): shaders left to compile 2
[2020.01.23-18.05.03:053][598]LogShaderCompilers: Display: Worker (6/13): shaders left to compile 1
[2020.01.23-18.05.05:221][786]MaterialEditorStats: Base pass shader: 311 instructions
[2020.01.23-18.05.05:221][786]MaterialEditorStats: Base pass shader with Surface Lightmap: 345 instructions
[2020.01.23-18.05.05:221][786]MaterialEditorStats: Base pass shader with Volumetric Lightmap: 390 instructions
[2020.01.23-18.05.05:221][786]MaterialEditorStats: Base pass vertex shader: 137 instructions
[2020.01.23-18.05.05:221][786]MaterialEditorStats: Texture samplers: 4/16
[2020.01.23-18.05.05:309][796]Cmd: SELECT NONE
[2020.01.23-18.05.06:535][937]LogEditorViewport: Clicking on Actor (LMB): StaticMeshActor (SM_Rock3_low8)
[2020.01.23-18.05.16:607][ 70]Cmd: SELECT NONE
[2020.01.23-18.05.17:622][184]LogEditorViewport: Clicking on Actor (LMB): StaticMeshActor (SM_Rock3_low11)
[2020.01.23-18.05.35:912][269]Cmd: DELETE
[2020.01.23-18.05.35:912][269]Cmd: ACTOR DELETE
[2020.01.23-18.05.35:917][269]LogEditorActor: Deleted Actor: StaticMeshActor
[2020.01.23-18.05.35:953][269]LogUObjectHash: Compacting FUObjectHashTables data took   1.98ms
[2020.01.23-18.05.35:953][269]LogEditorActor: Deleted 1 Actors (0.042 secs)
[2020.01.23-18.05.37:322][433]LogEditorViewport: Clicking on Actor (LMB): StaticMeshActor (SM_Rock3_low12)
[2020.01.23-18.05.38:163][522]Cmd: CAMERA ALIGN ACTIVEVIEWPORTONLY
[2020.01.23-18.05.45:707][374]Cmd: TRANSACTION UNDO
[2020.01.23-18.05.45:707][374]LogEditorTransaction: Undo Move Actors
[2020.01.23-18.05.45:711][374]LogMaterial: Display: Missing cached shader map for material m_Path, compiling. 
[2020.01.23-18.05.45:726][374]LogShaderCompilers: Display: Worker (1/13): shaders left to compile 21
[2020.01.23-18.05.45:726][374]LogShaderCompilers: Display: Worker (2/13): shaders left to compile 20
[2020.01.23-18.05.45:726][374]LogShaderCompilers: Display: Worker (3/13): shaders left to compile 19
[2020.01.23-18.05.45:726][374]LogShaderCompilers: Display: Worker (4/13): shaders left to compile 18
[2020.01.23-18.05.45:726][374]LogShaderCompilers: Display: Worker (5/13): shaders left to compile 17
[2020.01.23-18.05.45:726][374]LogShaderCompilers: Display: Worker (6/13): shaders left to compile 16
[2020.01.23-18.05.45:726][374]LogShaderCompilers: Display: Worker (7/13): shaders left to compile 15
[2020.01.23-18.05.45:726][374]LogShaderCompilers: Display: Worker (8/13): shaders left to compile 14
[2020.01.23-18.05.45:726][374]LogShaderCompilers: Display: Worker (9/13): shaders left to compile 13
[2020.01.23-18.05.45:726][374]LogShaderCompilers: Display: Worker (10/13): shaders left to compile 12
[2020.01.23-18.05.45:726][374]LogShaderCompilers: Display: Worker (11/13): shaders left to compile 11
[2020.01.23-18.05.45:726][374]LogShaderCompilers: Display: Worker (12/13): shaders left to compile 10
[2020.01.23-18.05.45:726][374]LogMaterial: Display: Missing cached shader map for material Base_Colour, compiling. 
[2020.01.23-18.05.45:899][385]Cmd: TRANSACTION UNDO
[2020.01.23-18.05.45:900][385]LogEditorTransaction: Undo Move Actors
[2020.01.23-18.05.45:906][385]LogMaterial: Display: Missing cached shader map for material m_Path, compiling. 
[2020.01.23-18.05.45:931][385]LogMaterial: Display: Missing cached shader map for material Base_Colour, compiling. 
[2020.01.23-18.05.46:093][388]LogShaderCompilers: Display: Worker (8/13): shaders left to compile 74
[2020.01.23-18.05.46:098][389]Cmd: TRANSACTION UNDO
[2020.01.23-18.05.46:098][389]LogEditorTransaction: Undo Clicking on Actors
[2020.01.23-18.05.46:103][389]LogMaterial: Display: Missing cached shader map for material m_Path, compiling. 
[2020.01.23-18.05.46:124][389]LogMaterial: Display: Missing cached shader map for material Base_Colour, compiling. 
[2020.01.23-18.05.46:189][389]LogShaderCompilers: Display: Worker (1/13): shaders left to compile 74
[2020.01.23-18.05.46:189][389]LogShaderCompilers: Display: Worker (3/13): shaders left to compile 73
[2020.01.23-18.05.46:203][390]LogShaderCompilers: Display: Worker (2/13): shaders left to compile 72
[2020.01.23-18.05.46:203][390]LogShaderCompilers: Display: Worker (4/13): shaders left to compile 71
[2020.01.23-18.05.46:203][390]LogShaderCompilers: Display: Worker (5/13): shaders left to compile 70
[2020.01.23-18.05.46:203][390]LogShaderCompilers: Display: Worker (6/13): shaders left to compile 69
[2020.01.23-18.05.46:203][390]LogShaderCompilers: Display: Worker (9/13): shaders left to compile 68
[2020.01.23-18.05.46:239][395]LogShaderCompilers: Display: Worker (7/13): shaders left to compile 67
[2020.01.23-18.05.46:252][396]LogShaderCompilers: Display: Worker (12/13): shaders left to compile 66
[2020.01.23-18.05.46:292][400]Cmd: TRANSACTION UNDO
[2020.01.23-18.05.46:292][400]LogEditorTransaction: Undo Delete Actors
[2020.01.23-18.05.46:318][400]LogMaterial: Display: Missing cached shader map for material m_Path, compiling. 
[2020.01.23-18.05.46:341][400]LogShaderCompilers: Display: Worker (8/13): shaders left to compile 21
[2020.01.23-18.05.46:342][400]LogMaterial: Display: Missing cached shader map for material Base_Colour, compiling. 
[2020.01.23-18.05.46:389][400]LogShaderCompilers: Display: Worker (7/13): shaders left to compile 20
[2020.01.23-18.05.46:453][401]LogShaderCompilers: Display: Worker (10/13): shaders left to compile 72
[2020.01.23-18.05.46:457][401]LogShaderCompilers: Display: Worker (1/13): shaders left to compile 71
[2020.01.23-18.05.46:472][402]LogShaderCompilers: Display: Worker (3/13): shaders left to compile 70
[2020.01.23-18.05.46:472][402]LogShaderCompilers: Display: Worker (11/13): shaders left to compile 69
[2020.01.23-18.05.46:484][403]Cmd: TRANSACTION UNDO
[2020.01.23-18.05.46:484][403]LogEditorTransaction: Undo Move Actors
[2020.01.23-18.05.46:488][403]LogShaderCompilers: Display: Worker (2/13): shaders left to compile 68
[2020.01.23-18.05.46:492][403]LogMaterial: Display: Missing cached shader map for material m_Path, compiling. 
[2020.01.23-18.05.46:508][403]LogShaderCompilers: Display: Worker (5/13): shaders left to compile 53
[2020.01.23-18.05.46:509][403]LogShaderCompilers: Display: Worker (12/13): shaders left to compile 52
[2020.01.23-18.05.46:516][403]LogShaderCompilers: Display: Worker (4/13): shaders left to compile 21
[2020.01.23-18.05.46:516][403]LogShaderCompilers: Display: Worker (6/13): shaders left to compile 20
[2020.01.23-18.05.46:517][403]LogMaterial: Display: Missing cached shader map for material Base_Colour, compiling. 
[2020.01.23-18.05.46:552][403]LogShaderCompilers: Display: Worker (9/13): shaders left to compile 19
[2020.01.23-18.05.46:619][407]LogShaderCompilers: Display: Worker (8/13): shaders left to compile 71
[2020.01.23-18.05.46:666][411]LogShaderCompilers: Display: Worker (7/13): shaders left to compile 70
[2020.01.23-18.05.46:677][412]LogShaderCompilers: Display: Worker (5/13): shaders left to compile 69
[2020.01.23-18.05.46:728][417]LogShaderCompilers: Display: Worker (10/13): shaders left to compile 68
[2020.01.23-18.05.46:730][417]Cmd: TRANSACTION UNDO
[2020.01.23-18.05.46:730][417]LogEditorTransaction: Undo Rotate Actors
[2020.01.23-18.05.46:737][417]LogMaterial: Display: Missing cached shader map for material m_Path, compiling. 
[2020.01.23-18.05.46:755][417]LogShaderCompilers: Display: Worker (1/13): shaders left to compile 53
[2020.01.23-18.05.46:756][417]LogShaderCompilers: Display: Worker (3/13): shaders left to compile 52
[2020.01.23-18.05.46:761][417]LogMaterial: Display: Missing cached shader map for material Base_Colour, compiling. 
[2020.01.23-18.05.46:799][417]LogShaderCompilers: Display: Worker (11/13): shaders left to compile 21
[2020.01.23-18.05.46:799][417]LogShaderCompilers: Display: Worker (2/13): shaders left to compile 20
[2020.01.23-18.05.46:826][418]LogShaderCompilers: Display: Worker (12/13): shaders left to compile 72
[2020.01.23-18.05.46:827][418]LogShaderCompilers: Display: Worker (4/13): shaders left to compile 71
[2020.01.23-18.05.46:827][418]LogShaderCompilers: Display: Worker (6/13): shaders left to compile 70
[2020.01.23-18.05.46:840][419]LogShaderCompilers: Display: Worker (9/13): shaders left to compile 69
[2020.01.23-18.05.46:900][424]LogShaderCompilers: Display: Worker (8/13): shaders left to compile 68
[2020.01.23-18.05.46:911][425]LogShaderCompilers: Display: Worker (1/13): shaders left to compile 67
[2020.01.23-18.05.46:945][428]LogShaderCompilers: Display: Worker (7/13): shaders left to compile 66
[2020.01.23-18.05.46:957][429]LogShaderCompilers: Display: Worker (5/13): shaders left to compile 65
[2020.01.23-18.05.46:969][430]Cmd: TRANSACTION UNDO
[2020.01.23-18.05.46:969][430]LogEditorTransaction: Undo Rotate Actors
[2020.01.23-18.05.46:977][430]LogMaterial: Display: Missing cached shader map for material m_Path, compiling. 
[2020.01.23-18.05.47:000][430]LogMaterial: Display: Missing cached shader map for material Base_Colour, compiling. 
[2020.01.23-18.05.47:035][430]LogShaderCompilers: Display: Worker (10/13): shaders left to compile 21
[2020.01.23-18.05.47:042][430]LogShaderCompilers: Display: Worker (11/13): shaders left to compile 73
[2020.01.23-18.05.47:059][431]LogShaderCompilers: Display: Worker (1/13): shaders left to compile 72
[2020.01.23-18.05.47:060][431]LogShaderCompilers: Display: Worker (2/13): shaders left to compile 71
[2020.01.23-18.05.47:069][432]LogShaderCompilers: Display: Worker (3/13): shaders left to compile 70
[2020.01.23-18.05.47:082][433]LogShaderCompilers: Display: Worker (12/13): shaders left to compile 69
[2020.01.23-18.05.47:112][436]LogShaderCompilers: Display: Worker (4/13): shaders left to compile 68
[2020.01.23-18.05.47:121][437]LogShaderCompilers: Display: Worker (6/13): shaders left to compile 67
[2020.01.23-18.05.47:131][438]LogShaderCompilers: Display: Worker (9/13): shaders left to compile 66
[2020.01.23-18.05.47:169][441]LogShaderCompilers: Display: Worker (8/13): shaders left to compile 65
[2020.01.23-18.05.47:181][442]LogShaderCompilers: Display: Worker (7/13): shaders left to compile 64
[2020.01.23-18.05.47:252][448]Cmd: TRANSACTION UNDO
[2020.01.23-18.05.47:252][448]LogEditorTransaction: Undo Move Actors
[2020.01.23-18.05.47:260][448]LogMaterial: Display: Missing cached shader map for material m_Path, compiling. 
[2020.01.23-18.05.47:276][448]LogShaderCompilers: Display: Worker (6/13): shaders left to compile 53
[2020.01.23-18.05.47:282][448]LogShaderCompilers: Display: Worker (10/13): shaders left to compile 21
[2020.01.23-18.05.47:282][448]LogMaterial: Display: Missing cached shader map for material Base_Colour, compiling. 
[2020.01.23-18.05.47:328][448]LogShaderCompilers: Display: Worker (11/13): shaders left to compile 73
[2020.01.23-18.05.47:350][449]LogShaderCompilers: Display: Worker (1/13): shaders left to compile 72
[2020.01.23-18.05.47:361][450]LogShaderCompilers: Display: Worker (2/13): shaders left to compile 71
[2020.01.23-18.05.47:371][451]LogShaderCompilers: Display: Worker (3/13): shaders left to compile 70
[2020.01.23-18.05.47:381][452]LogShaderCompilers: Display: Worker (12/13): shaders left to compile 69
[2020.01.23-18.05.47:391][453]LogShaderCompilers: Display: Worker (4/13): shaders left to compile 68
[2020.01.23-18.05.47:392][453]LogShaderCompilers: Display: Worker (9/13): shaders left to compile 67
[2020.01.23-18.05.47:431][457]LogShaderCompilers: Display: Worker (6/13): shaders left to compile 66
[2020.01.23-18.05.47:489][462]Cmd: TRANSACTION UNDO
[2020.01.23-18.05.47:489][462]LogEditorTransaction: Undo Rotate Actors
[2020.01.23-18.05.47:499][462]LogMaterial: Display: Missing cached shader map for material m_Path, compiling. 
[2020.01.23-18.05.47:515][462]LogShaderCompilers: Display: Worker (5/13): shaders left to compile 53
[2020.01.23-18.05.47:520][462]LogMaterial: Display: Missing cached shader map for material Base_Colour, compiling. 
[2020.01.23-18.05.47:557][462]LogShaderCompilers: Display: Worker (9/13): shaders left to compile 21
[2020.01.23-18.05.47:562][462]LogShaderCompilers: Display: Worker (10/13): shaders left to compile 73
[2020.01.23-18.05.47:627][463]LogShaderCompilers: Display: Worker (1/13): shaders left to compile 72
[2020.01.23-18.05.47:627][463]LogShaderCompilers: Display: Worker (11/13): shaders left to compile 71
[2020.01.23-18.05.47:648][465]LogShaderCompilers: Display: Worker (2/13): shaders left to compile 70
[2020.01.23-18.05.47:658][466]LogShaderCompilers: Display: Worker (3/13): shaders left to compile 69
[2020.01.23-18.05.47:670][467]LogShaderCompilers: Display: Worker (5/13): shaders left to compile 68
[2020.01.23-18.05.47:679][468]LogShaderCompilers: Display: Worker (6/13): shaders left to compile 67
[2020.01.23-18.05.47:679][468]LogShaderCompilers: Display: Worker (12/13): shaders left to compile 66
[2020.01.23-18.05.47:698][470]LogShaderCompilers: Display: Worker (4/13): shaders left to compile 65
[2020.01.23-18.05.47:719][472]LogShaderCompilers: Display: Worker (8/13): shaders left to compile 64
[2020.01.23-18.05.47:729][473]Cmd: TRANSACTION UNDO
[2020.01.23-18.05.47:729][473]LogEditorTransaction: Undo Move Actors
[2020.01.23-18.05.47:737][473]LogMaterial: Display: Missing cached shader map for material m_Path, compiling. 
[2020.01.23-18.05.47:755][473]LogShaderCompilers: Display: Worker (7/13): shaders left to compile 53
[2020.01.23-18.05.47:759][473]LogMaterial: Display: Missing cached shader map for material Base_Colour, compiling. 
[2020.01.23-18.05.47:831][474]LogShaderCompilers: Display: Worker (6/13): shaders left to compile 74
[2020.01.23-18.05.47:831][474]LogShaderCompilers: Display: Worker (10/13): shaders left to compile 73
[2020.01.23-18.05.47:843][475]LogShaderCompilers: Display: Worker (9/13): shaders left to compile 72
[2020.01.23-18.05.47:889][479]LogShaderCompilers: Display: Worker (1/13): shaders left to compile 71
[2020.01.23-18.05.47:908][481]LogShaderCompilers: Display: Worker (11/13): shaders left to compile 70
[2020.01.23-18.05.47:918][482]LogShaderCompilers: Display: Worker (7/13): shaders left to compile 69
[2020.01.23-18.05.47:927][483]LogShaderCompilers: Display: Worker (2/13): shaders left to compile 68
[2020.01.23-18.05.47:936][484]LogShaderCompilers: Display: Worker (3/13): shaders left to compile 67
[2020.01.23-18.05.47:947][485]LogShaderCompilers: Display: Worker (12/13): shaders left to compile 66
[2020.01.23-18.05.47:958][486]LogShaderCompilers: Display: Worker (5/13): shaders left to compile 65
[2020.01.23-18.05.47:981][488]Cmd: TRANSACTION UNDO
[2020.01.23-18.05.47:981][488]LogEditorTransaction: Undo Rotate Actors
[2020.01.23-18.05.47:991][488]LogMaterial: Display: Missing cached shader map for material m_Path, compiling. 
[2020.01.23-18.05.48:018][488]LogMaterial: Display: Missing cached shader map for material Base_Colour, compiling. 
[2020.01.23-18.05.48:068][488]LogShaderCompilers: Display: Worker (3/13): shaders left to compile 74
[2020.01.23-18.05.48:096][489]LogShaderCompilers: Display: Worker (6/13): shaders left to compile 73
[2020.01.23-18.05.48:119][491]LogShaderCompilers: Display: Worker (9/13): shaders left to compile 72
[2020.01.23-18.05.48:131][492]LogShaderCompilers: Display: Worker (10/13): shaders left to compile 71
[2020.01.23-18.05.48:182][497]LogShaderCompilers: Display: Worker (1/13): shaders left to compile 70
[2020.01.23-18.05.48:191][498]LogShaderCompilers: Display: Worker (11/13): shaders left to compile 69
[2020.01.23-18.05.48:201][499]LogShaderCompilers: Display: Worker (12/13): shaders left to compile 68
[2020.01.23-18.05.48:211][500]LogShaderCompilers: Display: Worker (7/13): shaders left to compile 67
[2020.01.23-18.05.48:223][501]LogShaderCompilers: Display: Worker (2/13): shaders left to compile 66
[2020.01.23-18.05.48:242][503]Cmd: TRANSACTION UNDO
[2020.01.23-18.05.48:242][503]LogEditorTransaction: Undo Move Actors
[2020.01.23-18.05.48:249][503]LogMaterial: Display: Missing cached shader map for material m_Path, compiling. 
[2020.01.23-18.05.48:266][503]LogShaderCompilers: Display: Worker (4/13): shaders left to compile 53
[2020.01.23-18.05.48:272][503]LogMaterial: Display: Missing cached shader map for material Base_Colour, compiling. 
[2020.01.23-18.05.48:314][503]LogShaderCompilers: Display: Worker (8/13): shaders left to compile 21
[2020.01.23-18.05.48:350][504]LogShaderCompilers: Display: Worker (3/13): shaders left to compile 73
[2020.01.23-18.05.48:365][505]LogShaderCompilers: Display: Worker (6/13): shaders left to compile 72
[2020.01.23-18.05.48:376][506]LogShaderCompilers: Display: Worker (7/13): shaders left to compile 71
[2020.01.23-18.05.48:396][508]LogShaderCompilers: Display: Worker (9/13): shaders left to compile 70
[2020.01.23-18.05.48:416][510]LogShaderCompilers: Display: Worker (4/13): shaders left to compile 69
[2020.01.23-18.05.48:416][510]LogShaderCompilers: Display: Worker (10/13): shaders left to compile 68
[2020.01.23-18.05.48:473][516]LogShaderCompilers: Display: Worker (2/13): shaders left to compile 67
[2020.01.23-18.05.48:482][517]LogShaderCompilers: Display: Worker (1/13): shaders left to compile 66
[2020.01.23-18.05.48:483][517]LogShaderCompilers: Display: Worker (12/13): shaders left to compile 65
[2020.01.23-18.05.48:504][519]LogShaderCompilers: Display: Worker (11/13): shaders left to compile 64
[2020.01.23-18.05.48:515][520]LogShaderCompilers: Display: Worker (5/13): shaders left to compile 63
[2020.01.23-18.05.48:516][520]Cmd: TRANSACTION UNDO
[2020.01.23-18.05.48:516][520]LogEditorTransaction: Undo Move Actors
[2020.01.23-18.05.48:525][520]LogMaterial: Display: Missing cached shader map for material m_Path, compiling. 
[2020.01.23-18.05.48:551][520]LogMaterial: Display: Missing cached shader map for material Base_Colour, compiling. 
[2020.01.23-18.05.48:593][520]LogShaderCompilers: Display: Worker (8/13): shaders left to compile 21
[2020.01.23-18.05.48:597][520]LogShaderCompilers: Display: Worker (2/13): shaders left to compile 73
[2020.01.23-18.05.48:620][521]LogShaderCompilers: Display: Worker (3/13): shaders left to compile 72
[2020.01.23-18.05.48:642][523]LogShaderCompilers: Display: Worker (6/13): shaders left to compile 71
[2020.01.23-18.05.48:652][524]LogShaderCompilers: Display: Worker (7/13): shaders left to compile 70
[2020.01.23-18.05.48:662][525]LogShaderCompilers: Display: Worker (9/13): shaders left to compile 69
[2020.01.23-18.05.48:693][528]LogShaderCompilers: Display: Worker (4/13): shaders left to compile 68
[2020.01.23-18.05.48:726][531]LogShaderCompilers: Display: Worker (10/13): shaders left to compile 67
[2020.01.23-18.05.48:736][532]LogShaderCompilers: Display: Worker (1/13): shaders left to compile 66
[2020.01.23-18.05.48:834][541]Cmd: TRANSACTION UNDO
[2020.01.23-18.05.48:834][541]LogEditorTransaction: Undo Move Actors
[2020.01.23-18.05.48:841][541]LogMaterial: Display: Missing cached shader map for material m_Path, compiling. 
[2020.01.23-18.05.48:858][541]LogShaderCompilers: Display: Worker (5/13): shaders left to compile 53
[2020.01.23-18.05.48:863][541]LogMaterial: Display: Missing cached shader map for material Base_Colour, compiling. 
[2020.01.23-18.05.48:902][541]LogShaderCompilers: Display: Worker (8/13): shaders left to compile 21
[2020.01.23-18.05.48:902][541]LogShaderCompilers: Display: Worker (2/13): shaders left to compile 20
[2020.01.23-18.05.48:902][541]LogShaderCompilers: Display: Worker (10/13): shaders left to compile 19
[2020.01.23-18.05.48:925][542]LogShaderCompilers: Display: Worker (3/13): shaders left to compile 71
[2020.01.23-18.05.48:936][543]LogShaderCompilers: Display: Worker (6/13): shaders left to compile 70
[2020.01.23-18.05.48:945][544]LogShaderCompilers: Display: Worker (7/13): shaders left to compile 69
[2020.01.23-18.05.48:963][546]LogShaderCompilers: Display: Worker (9/13): shaders left to compile 68
[2020.01.23-18.05.48:973][547]LogShaderCompilers: Display: Worker (4/13): shaders left to compile 67
[2020.01.23-18.05.48:991][549]LogShaderCompilers: Display: Worker (1/13): shaders left to compile 66
[2020.01.23-18.05.49:011][551]LogShaderCompilers: Display: Worker (5/13): shaders left to compile 65
[2020.01.23-18.05.49:042][554]LogShaderCompilers: Display: Worker (12/13): shaders left to compile 64
[2020.01.23-18.05.49:086][558]LogShaderCompilers: Display: Worker (11/13): shaders left to compile 63
[2020.01.23-18.05.49:131][562]LogShaderCompilers: Display: Worker (4/13): shaders left to compile 62
[2020.01.23-18.05.49:171][566]LogShaderCompilers: Display: Worker (8/13): shaders left to compile 61
[2020.01.23-18.05.49:191][568]LogShaderCompilers: Display: Worker (10/13): shaders left to compile 60
[2020.01.23-18.05.49:201][569]LogShaderCompilers: Display: Worker (2/13): shaders left to compile 59
[2020.01.23-18.05.49:220][571]LogShaderCompilers: Display: Worker (3/13): shaders left to compile 58
[2020.01.23-18.05.49:230][572]LogShaderCompilers: Display: Worker (6/13): shaders left to compile 57
[2020.01.23-18.05.49:239][573]LogShaderCompilers: Display: Worker (7/13): shaders left to compile 56
[2020.01.23-18.05.49:258][575]LogShaderCompilers: Display: Worker (1/13): shaders left to compile 55
[2020.01.23-18.05.49:259][575]LogShaderCompilers: Display: Worker (9/13): shaders left to compile 54
[2020.01.23-18.05.49:278][577]Cmd: TRANSACTION UNDO
[2020.01.23-18.05.49:278][577]LogEditorTransaction: Undo Clicking on Actors
[2020.01.23-18.05.49:286][577]LogMaterial: Display: Missing cached shader map for material m_Path, compiling. 
[2020.01.23-18.05.49:305][577]LogMaterial: Display: Missing cached shader map for material Base_Colour, compiling. 
[2020.01.23-18.05.49:439][584]LogShaderCompilers: Display: Worker (11/13): shaders left to compile 74
[2020.01.23-18.05.49:559][598]LogShaderCompilers: Display: Worker (5/13): shaders left to compile 73
[2020.01.23-18.05.49:560][598]Cmd: TRANSACTION UNDO
[2020.01.23-18.05.49:560][598]LogEditorTransaction: Undo Select None
[2020.01.23-18.05.49:584][598]LogShaderCompilers: Display: Worker (10/13): shaders left to compile 72
[2020.01.23-18.05.49:588][598]LogMaterial: Display: Missing cached shader map for material m_Path, compiling. 
[2020.01.23-18.05.49:605][598]LogShaderCompilers: Display: Worker (6/13): shaders left to compile 53
[2020.01.23-18.05.49:610][598]LogMaterial: Display: Missing cached shader map for material Base_Colour, compiling. 
[2020.01.23-18.05.49:652][598]LogShaderCompilers: Display: Worker (9/13): shaders left to compile 21
[2020.01.23-18.05.49:654][598]LogShaderCompilers: Display: Worker (12/13): shaders left to compile 73
[2020.01.23-18.05.49:696][599]LogShaderCompilers: Display: Worker (4/13): shaders left to compile 72
[2020.01.23-18.05.49:739][602]LogShaderCompilers: Display: Worker (11/13): shaders left to compile 71
[2020.01.23-18.05.49:772][605]LogShaderCompilers: Display: Worker (6/13): shaders left to compile 70
[2020.01.23-18.05.49:772][605]LogShaderCompilers: Display: Worker (7/13): shaders left to compile 69
[2020.01.23-18.05.49:793][607]LogShaderCompilers: Display: Worker (1/13): shaders left to compile 68
[2020.01.23-18.05.49:793][607]LogShaderCompilers: Display: Worker (8/13): shaders left to compile 67
[2020.01.23-18.05.49:802][608]LogShaderCompilers: Display: Worker (2/13): shaders left to compile 66
[2020.01.23-18.05.49:820][610]LogShaderCompilers: Display: Worker (3/13): shaders left to compile 65
[2020.01.23-18.05.49:850][613]LogShaderCompilers: Display: Worker (5/13): shaders left to compile 64
[2020.01.23-18.05.49:860][614]LogShaderCompilers: Display: Worker (10/13): shaders left to compile 63
[2020.01.23-18.05.49:871][615]Cmd: TRANSACTION UNDO
[2020.01.23-18.05.49:871][615]LogEditorTransaction: Undo Move Actors
[2020.01.23-18.05.49:879][615]LogMaterial: Display: Missing cached shader map for material m_Path, compiling. 
[2020.01.23-18.05.49:901][615]LogMaterial: Display: Missing cached shader map for material Base_Colour, compiling. 
[2020.01.23-18.05.49:936][615]LogShaderCompilers: Display: Worker (9/13): shaders left to compile 21
[2020.01.23-18.05.49:936][615]LogShaderCompilers: Display: Worker (12/13): shaders left to compile 20
[2020.01.23-18.05.49:936][615]LogShaderCompilers: Display: Worker (8/13): shaders left to compile 19
[2020.01.23-18.05.49:977][617]LogShaderCompilers: Display: Worker (4/13): shaders left to compile 71
[2020.01.23-18.05.50:041][623]LogShaderCompilers: Display: Worker (11/13): shaders left to compile 70
[2020.01.23-18.05.50:054][624]LogShaderCompilers: Display: Worker (6/13): shaders left to compile 69
[2020.01.23-18.05.50:065][625]LogShaderCompilers: Display: Worker (1/13): shaders left to compile 68
[2020.01.23-18.05.50:065][625]LogShaderCompilers: Display: Worker (2/13): shaders left to compile 67
[2020.01.23-18.05.50:065][625]LogShaderCompilers: Display: Worker (7/13): shaders left to compile 66
[2020.01.23-18.05.50:142][632]Cmd: TRANSACTION UNDO
[2020.01.23-18.05.50:142][632]LogEditorTransaction: Undo Move Actors
[2020.01.23-18.05.50:150][632]LogMaterial: Display: Missing cached shader map for material m_Path, compiling. 
[2020.01.23-18.05.50:173][632]LogMaterial: Display: Missing cached shader map for material Base_Colour, compiling. 
[2020.01.23-18.05.50:211][632]LogShaderCompilers: Display: Worker (9/13): shaders left to compile 21
[2020.01.23-18.05.50:211][632]LogShaderCompilers: Display: Worker (10/13): shaders left to compile 20
[2020.01.23-18.05.50:236][633]LogShaderCompilers: Display: Worker (2/13): shaders left to compile 72
[2020.01.23-18.05.50:236][633]LogShaderCompilers: Display: Worker (8/13): shaders left to compile 71
[2020.01.23-18.05.50:236][633]LogShaderCompilers: Display: Worker (12/13): shaders left to compile 70
[2020.01.23-18.05.50:265][636]LogShaderCompilers: Display: Worker (4/13): shaders left to compile 69
[2020.01.23-18.05.50:322][642]LogShaderCompilers: Display: Worker (11/13): shaders left to compile 68
[2020.01.23-18.05.50:341][644]LogShaderCompilers: Display: Worker (7/13): shaders left to compile 67
[2020.01.23-18.05.50:352][645]LogShaderCompilers: Display: Worker (6/13): shaders left to compile 66
[2020.01.23-18.05.50:363][646]LogShaderCompilers: Display: Worker (1/13): shaders left to compile 65
[2020.01.23-18.05.50:363][646]LogShaderCompilers: Display: Worker (3/13): shaders left to compile 64
[2020.01.23-18.05.50:418][651]LogShaderCompilers: Display: Worker (5/13): shaders left to compile 63
[2020.01.23-18.05.50:469][656]LogShaderCompilers: Display: Worker (7/13): shaders left to compile 62
[2020.01.23-18.05.50:489][658]LogShaderCompilers: Display: Worker (10/13): shaders left to compile 61
[2020.01.23-18.05.50:499][659]LogShaderCompilers: Display: Worker (9/13): shaders left to compile 60
[2020.01.23-18.05.50:518][661]LogShaderCompilers: Display: Worker (2/13): shaders left to compile 59
[2020.01.23-18.05.50:528][662]LogShaderCompilers: Display: Worker (8/13): shaders left to compile 58
[2020.01.23-18.05.50:537][663]LogShaderCompilers: Display: Worker (12/13): shaders left to compile 57
[2020.01.23-18.05.50:547][664]LogShaderCompilers: Display: Worker (4/13): shaders left to compile 56
[2020.01.23-18.05.50:596][669]LogShaderCompilers: Display: Worker (11/13): shaders left to compile 55
[2020.01.23-18.05.50:606][670]LogShaderCompilers: Display: Worker (6/13): shaders left to compile 54
[2020.01.23-18.05.50:782][685]LogShaderCompilers: Display: Worker (5/13): shaders left to compile 53
[2020.01.23-18.05.50:883][694]LogShaderCompilers: Display: Worker (9/13): shaders left to compile 52
[2020.01.23-18.05.50:927][697]LogShaderCompilers: Display: Worker (12/13): shaders left to compile 51
[2020.01.23-18.05.50:937][698]LogShaderCompilers: Display: Worker (1/13): shaders left to compile 50
[2020.01.23-18.05.50:960][700]LogShaderCompilers: Display: Worker (5/13): shaders left to compile 49
[2020.01.23-18.05.50:991][703]LogShaderCompilers: Display: Worker (3/13): shaders left to compile 48
[2020.01.23-18.05.51:002][704]LogShaderCompilers: Display: Worker (6/13): shaders left to compile 47
[2020.01.23-18.05.51:084][711]LogShaderCompilers: Display: Worker (7/13): shaders left to compile 46
[2020.01.23-18.05.51:094][712]LogShaderCompilers: Display: Worker (12/13): shaders left to compile 45
[2020.01.23-18.05.51:104][713]LogShaderCompilers: Display: Worker (4/13): shaders left to compile 44
[2020.01.23-18.05.51:115][714]LogShaderCompilers: Display: Worker (1/13): shaders left to compile 43
[2020.01.23-18.05.51:115][714]LogShaderCompilers: Display: Worker (2/13): shaders left to compile 42
[2020.01.23-18.05.51:128][715]LogShaderCompilers: Display: Worker (10/13): shaders left to compile 41
[2020.01.23-18.05.51:138][716]LogShaderCompilers: Display: Worker (11/13): shaders left to compile 40
[2020.01.23-18.05.51:148][717]LogShaderCompilers: Display: Worker (8/13): shaders left to compile 39
[2020.01.23-18.05.51:162][718]LogShaderCompilers: Display: Worker (6/13): shaders left to compile 38
[2020.01.23-18.05.51:163][718]MaterialEditorStats: Base pass shader: 128 instructions
[2020.01.23-18.05.51:163][718]MaterialEditorStats: Base pass shader with Volumetric Lightmap: 206 instructions
[2020.01.23-18.05.51:163][718]MaterialEditorStats: Base pass vertex shader: 44 instructions
[2020.01.23-18.05.51:163][718]MaterialEditorStats: Texture samplers: 6/16
[2020.01.23-18.05.51:163][718]MaterialEditorStats: Texture Lookups (Est.): VS(0), PS(3)
[2020.01.23-18.05.51:163][718]MaterialEditorStats: User interpolators: 2/4 Scalars (1/4 Vectors) (TexCoords: 2, Custom: 0)
[2020.01.23-18.05.51:180][718]LogShaderCompilers: Display: Worker (9/13): shaders left to compile 37
[2020.01.23-18.05.51:237][723]LogShaderCompilers: Display: Worker (5/13): shaders left to compile 36
[2020.01.23-18.05.51:248][724]LogShaderCompilers: Display: Worker (3/13): shaders left to compile 35
[2020.01.23-18.05.51:269][726]LogShaderCompilers: Display: Worker (1/13): shaders left to compile 34
[2020.01.23-18.05.51:273][726]LogShaderCompilers: Display: Worker (10/13): shaders left to compile 33
[2020.01.23-18.05.51:282][727]LogShaderCompilers: Display: Worker (12/13): shaders left to compile 32
[2020.01.23-18.05.51:319][731]LogShaderCompilers: Display: Worker (7/13): shaders left to compile 31
[2020.01.23-18.05.51:361][735]LogShaderCompilers: Display: Worker (2/13): shaders left to compile 30
[2020.01.23-18.05.51:372][736]LogShaderCompilers: Display: Worker (4/13): shaders left to compile 29
[2020.01.23-18.05.51:385][737]LogShaderCompilers: Display: Worker (11/13): shaders left to compile 28
[2020.01.23-18.05.51:748][757]LogShaderCompilers: Display: Worker (5/13): shaders left to compile 27
[2020.01.23-18.05.51:795][761]LogShaderCompilers: Display: Worker (12/13): shaders left to compile 26
[2020.01.23-18.05.51:871][765]LogShaderCompilers: Display: Worker (11/13): shaders left to compile 25
[2020.01.23-18.05.52:161][777]LogShaderCompilers: Display: Worker (9/13): shaders left to compile 24
[2020.01.23-18.05.52:242][778]LogShaderCompilers: Display: Worker (10/13): shaders left to compile 23
[2020.01.23-18.05.52:305][780]LogShaderCompilers: Display: Worker (4/13): shaders left to compile 22
[2020.01.23-18.05.52:636][792]LogShaderCompilers: Display: Worker (9/13): shaders left to compile 21
[2020.01.23-18.05.52:689][795]LogEditorViewport: Clicking on Actor (LMB): StaticMeshActor (SM_Rock3_low11)
[2020.01.23-18.05.52:803][797]LogShaderCompilers: Display: Worker (11/13): shaders left to compile 20
[2020.01.23-18.05.53:261][821]LogShaderCompilers: Display: Worker (11/13): shaders left to compile 19
[2020.01.23-18.05.53:565][845]LogShaderCompilers: Display: Worker (9/13): shaders left to compile 18
[2020.01.23-18.05.54:930][942]Cmd: SELECT NONE
[2020.01.23-18.05.55:592][994]LogShaderCompilers: Display: Worker (7/13): shaders left to compile 17
[2020.01.23-18.05.55:702][  1]LogShaderCompilers: Display: Worker (3/13): shaders left to compile 16
[2020.01.23-18.05.55:715][  2]LogShaderCompilers: Display: Worker (8/13): shaders left to compile 15
[2020.01.23-18.05.55:911][ 14]LogShaderCompilers: Display: Worker (2/13): shaders left to compile 14
[2020.01.23-18.05.55:998][ 20]LogShaderCompilers: Display: Worker (1/13): shaders left to compile 13
[2020.01.23-18.05.56:013][ 21]LogShaderCompilers: Display: Worker (6/13): shaders left to compile 12
[2020.01.23-18.05.56:208][ 34]LogShaderCompilers: Display: Worker (3/13): shaders left to compile 11
[2020.01.23-18.05.56:223][ 35]LogShaderCompilers: Display: Worker (5/13): shaders left to compile 10
[2020.01.23-18.05.56:464][ 49]LogShaderCompilers: Display: Worker (12/13): shaders left to compile 9
[2020.01.23-18.05.56:503][ 52]LogShaderCompilers: Display: Worker (6/13): shaders left to compile 8
[2020.01.23-18.05.56:576][ 57]LogShaderCompilers: Display: Worker (7/13): shaders left to compile 7
[2020.01.23-18.05.56:591][ 58]LogShaderCompilers: Display: Worker (10/13): shaders left to compile 6
[2020.01.23-18.05.56:815][ 73]LogShaderCompilers: Display: Worker (4/13): shaders left to compile 5
[2020.01.23-18.05.56:920][ 80]LogShaderCompilers: Display: Worker (1/13): shaders left to compile 4
[2020.01.23-18.05.56:955][ 82]LogShaderCompilers: Display: Worker (6/13): shaders left to compile 3
[2020.01.23-18.05.57:357][104]LogShaderCompilers: Display: Worker (12/13): shaders left to compile 2
[2020.01.23-18.05.57:372][105]LogShaderCompilers: Display: Worker (1/13): shaders left to compile 1
[2020.01.23-18.05.59:514][319]MaterialEditorStats: Base pass shader: 311 instructions
[2020.01.23-18.05.59:514][319]MaterialEditorStats: Base pass shader with Surface Lightmap: 345 instructions
[2020.01.23-18.05.59:514][319]MaterialEditorStats: Base pass shader with Volumetric Lightmap: 390 instructions
[2020.01.23-18.05.59:514][319]MaterialEditorStats: Base pass vertex shader: 137 instructions
[2020.01.23-18.05.59:514][319]MaterialEditorStats: Texture samplers: 4/16
[2020.01.23-18.06.01:748][584]LogEditorViewport: Clicking on Actor (LMB): StaticMeshActor (SM_Rock3_low10)
[2020.01.23-18.06.06:349][ 92]LogEditorViewport: Clicking on Actor (LMB): StaticMeshActor (SM_Rock6_low3)
[2020.01.23-18.06.11:079][634]LogEditorViewport: Clicking on Actor (LMB): StaticMeshActor (SM_Rock3_low8)
[2020.01.23-18.06.12:383][774]LogEditorViewport: Clicking on Actor (LMB): StaticMeshActor (SM_Rock5_low4)
[2020.01.23-18.06.15:538][108]Cmd: SELECT NONE
[2020.01.23-18.06.16:106][176]LogEditorViewport: Clicking on Actor (LMB): StaticMeshActor (SM_Rock1_low2)
[2020.01.23-18.06.19:067][472]LogEditorViewport: Clicking on Actor (LMB): StaticMeshActor (SM_Rock3_low)
[2020.01.23-18.06.27:841][434]LogEditorViewport: Clicking on Actor (LMB): StaticMeshActor (SM_Rock1_low4)
[2020.01.23-18.06.34:151][121]LogEditorViewport: Clicking on Actor (LMB): StaticMeshActor (SM_Rock2_low)
[2020.01.23-18.06.48:299][710]Cmd: SELECT NONE
[2020.01.23-18.06.50:615][981]Cmd: TRANSACTION UNDO
[2020.01.23-18.06.50:615][981]LogEditorTransaction: Undo Select None
[2020.01.23-18.06.50:629][981]LogMaterial: Display: Missing cached shader map for material m_Path, compiling. 
[2020.01.23-18.06.50:643][981]LogShaderCompilers: Display: Worker (1/13): shaders left to compile 21
[2020.01.23-18.06.50:643][981]LogShaderCompilers: Display: Worker (2/13): shaders left to compile 20
[2020.01.23-18.06.50:643][981]LogShaderCompilers: Display: Worker (3/13): shaders left to compile 19
[2020.01.23-18.06.50:643][981]LogShaderCompilers: Display: Worker (4/13): shaders left to compile 18
[2020.01.23-18.06.50:643][981]LogShaderCompilers: Display: Worker (5/13): shaders left to compile 17
[2020.01.23-18.06.50:643][981]LogShaderCompilers: Display: Worker (6/13): shaders left to compile 16
[2020.01.23-18.06.50:643][981]LogShaderCompilers: Display: Worker (7/13): shaders left to compile 15
[2020.01.23-18.06.50:643][981]LogShaderCompilers: Display: Worker (8/13): shaders left to compile 14
[2020.01.23-18.06.50:643][981]LogShaderCompilers: Display: Worker (9/13): shaders left to compile 13
[2020.01.23-18.06.50:643][981]LogShaderCompilers: Display: Worker (10/13): shaders left to compile 12
[2020.01.23-18.06.50:643][981]LogShaderCompilers: Display: Worker (11/13): shaders left to compile 11
[2020.01.23-18.06.50:643][981]LogShaderCompilers: Display: Worker (12/13): shaders left to compile 10
[2020.01.23-18.06.50:643][981]LogMaterial: Display: Missing cached shader map for material Base_Colour, compiling. 
[2020.01.23-18.06.50:849][988]Cmd: TRANSACTION UNDO
[2020.01.23-18.06.50:849][988]LogEditorTransaction: Undo Move Actors
[2020.01.23-18.06.50:854][988]LogMaterial: Display: Missing cached shader map for material m_Path, compiling. 
[2020.01.23-18.06.50:873][988]LogMaterial: Display: Missing cached shader map for material Base_Colour, compiling. 
[2020.01.23-18.06.50:961][989]LogShaderCompilers: Display: Worker (8/13): shaders left to compile 74
[2020.01.23-18.06.51:022][991]Cmd: TRANSACTION UNDO
[2020.01.23-18.06.51:022][991]LogEditorTransaction: Undo Move Actors
[2020.01.23-18.06.51:028][991]LogMaterial: Display: Missing cached shader map for material m_Path, compiling. 
[2020.01.23-18.06.51:051][991]LogMaterial: Display: Missing cached shader map for material Base_Colour, compiling. 
[2020.01.23-18.06.51:087][991]LogShaderCompilers: Display: Worker (3/13): shaders left to compile 21
[2020.01.23-18.06.51:097][991]LogShaderCompilers: Display: Worker (2/13): shaders left to compile 73
[2020.01.23-18.06.51:097][991]LogShaderCompilers: Display: Worker (9/13): shaders left to compile 72
[2020.01.23-18.06.51:123][991]LogShaderCompilers: Display: Worker (1/13): shaders left to compile 71
[2020.01.23-18.06.51:130][992]LogShaderCompilers: Display: Worker (4/13): shaders left to compile 70
[2020.01.23-18.06.51:130][992]LogShaderCompilers: Display: Worker (6/13): shaders left to compile 69
[2020.01.23-18.06.51:130][992]LogShaderCompilers: Display: Worker (7/13): shaders left to compile 68
[2020.01.23-18.06.51:163][994]LogShaderCompilers: Display: Worker (5/13): shaders left to compile 67
[2020.01.23-18.06.51:172][994]LogShaderCompilers: Display: Worker (12/13): shaders left to compile 66
[2020.01.23-18.06.51:250][998]LogShaderCompilers: Display: Worker (8/13): shaders left to compile 65
[2020.01.23-18.06.51:322][  1]LogShaderCompilers: Display: Worker (5/13): shaders left to compile 64
[2020.01.23-18.06.51:371][  3]LogShaderCompilers: Display: Worker (3/13): shaders left to compile 63
[2020.01.23-18.06.51:388][  4]LogShaderCompilers: Display: Worker (10/13): shaders left to compile 62
[2020.01.23-18.06.51:397][  4]LogShaderCompilers: Display: Worker (2/13): shaders left to compile 61
[2020.01.23-18.06.51:407][  5]LogShaderCompilers: Display: Worker (9/13): shaders left to compile 60
[2020.01.23-18.06.51:427][  6]LogShaderCompilers: Display: Worker (11/13): shaders left to compile 59
[2020.01.23-18.06.51:430][  6]LogShaderCompilers: Display: Worker (1/13): shaders left to compile 58
[2020.01.23-18.06.51:430][  6]LogShaderCompilers: Display: Worker (4/13): shaders left to compile 57
[2020.01.23-18.06.51:449][  7]LogShaderCompilers: Display: Worker (6/13): shaders left to compile 56
[2020.01.23-18.06.51:449][  7]LogShaderCompilers: Display: Worker (7/13): shaders left to compile 55
[2020.01.23-18.06.51:449][  7]LogShaderCompilers: Display: Worker (12/13): shaders left to compile 54
[2020.01.23-18.06.51:722][ 30]Cmd: TRANSACTION UNDO
[2020.01.23-18.06.51:722][ 30]LogEditorTransaction: Undo Move Actors
[2020.01.23-18.06.51:731][ 30]LogMaterial: Display: Missing cached shader map for material m_Path, compiling. 
[2020.01.23-18.06.51:749][ 30]LogShaderCompilers: Display: Worker (3/13): shaders left to compile 53
[2020.01.23-18.06.51:753][ 30]LogMaterial: Display: Missing cached shader map for material Base_Colour, compiling. 
[2020.01.23-18.06.51:790][ 30]LogShaderCompilers: Display: Worker (9/13): shaders left to compile 21
[2020.01.23-18.06.51:827][ 31]LogShaderCompilers: Display: Worker (4/13): shaders left to compile 73
[2020.01.23-18.06.51:838][ 32]LogShaderCompilers: Display: Worker (8/13): shaders left to compile 72
[2020.01.23-18.06.51:858][ 34]LogShaderCompilers: Display: Worker (12/13): shaders left to compile 71
[2020.01.23-18.06.51:907][ 39]LogShaderCompilers: Display: Worker (3/13): shaders left to compile 70
[2020.01.23-18.06.51:947][ 43]Cmd: TRANSACTION UNDO
[2020.01.23-18.06.51:947][ 43]LogEditorTransaction: Undo Rotate Actors
[2020.01.23-18.06.51:955][ 43]LogMaterial: Display: Missing cached shader map for material m_Path, compiling. 
[2020.01.23-18.06.51:973][ 43]LogShaderCompilers: Display: Worker (10/13): shaders left to compile 53
[2020.01.23-18.06.51:979][ 43]LogShaderCompilers: Display: Worker (5/13): shaders left to compile 21
[2020.01.23-18.06.51:979][ 43]LogMaterial: Display: Missing cached shader map for material Base_Colour, compiling. 
[2020.01.23-18.06.52:015][ 43]LogShaderCompilers: Display: Worker (6/13): shaders left to compile 20
[2020.01.23-18.06.52:015][ 43]LogShaderCompilers: Display: Worker (7/13): shaders left to compile 19
[2020.01.23-18.06.52:021][ 43]LogShaderCompilers: Display: Worker (2/13): shaders left to compile 71
[2020.01.23-18.06.52:048][ 43]LogShaderCompilers: Display: Worker (11/13): shaders left to compile 70
[2020.01.23-18.06.52:065][ 45]LogShaderCompilers: Display: Worker (1/13): shaders left to compile 69
[2020.01.23-18.06.52:085][ 47]LogShaderCompilers: Display: Worker (9/13): shaders left to compile 68
[2020.01.23-18.06.52:115][ 50]LogShaderCompilers: Display: Worker (4/13): shaders left to compile 67
[2020.01.23-18.06.52:138][ 52]LogShaderCompilers: Display: Worker (10/13): shaders left to compile 66
[2020.01.23-18.06.52:149][ 53]LogShaderCompilers: Display: Worker (8/13): shaders left to compile 65
[2020.01.23-18.06.52:149][ 53]LogShaderCompilers: Display: Worker (12/13): shaders left to compile 64
[2020.01.23-18.06.52:151][ 53]Cmd: TRANSACTION UNDO
[2020.01.23-18.06.52:151][ 53]LogEditorTransaction: Undo Move Actors
[2020.01.23-18.06.52:158][ 53]LogMaterial: Display: Missing cached shader map for material m_Path, compiling. 
[2020.01.23-18.06.52:179][ 53]LogMaterial: Display: Missing cached shader map for material Base_Colour, compiling. 
[2020.01.23-18.06.52:212][ 53]LogShaderCompilers: Display: Worker (3/13): shaders left to compile 21
[2020.01.23-18.06.52:259][ 55]LogShaderCompilers: Display: Worker (4/13): shaders left to compile 73
[2020.01.23-18.06.52:280][ 57]LogShaderCompilers: Display: Worker (5/13): shaders left to compile 72
[2020.01.23-18.06.52:291][ 58]LogShaderCompilers: Display: Worker (6/13): shaders left to compile 71
[2020.01.23-18.06.52:299][ 59]LogShaderCompilers: Display: Worker (7/13): shaders left to compile 70
[2020.01.23-18.06.52:310][ 60]LogShaderCompilers: Display: Worker (11/13): shaders left to compile 69
[2020.01.23-18.06.52:320][ 61]LogShaderCompilers: Display: Worker (2/13): shaders left to compile 68
[2020.01.23-18.06.52:331][ 62]LogShaderCompilers: Display: Worker (1/13): shaders left to compile 67
[2020.01.23-18.06.52:341][ 63]Cmd: TRANSACTION UNDO
[2020.01.23-18.06.52:341][ 63]LogEditorTransaction: Undo Scale Actors
[2020.01.23-18.06.52:348][ 63]LogMaterial: Display: Missing cached shader map for material m_Path, compiling. 
[2020.01.23-18.06.52:364][ 63]LogShaderCompilers: Display: Worker (9/13): shaders left to compile 53
[2020.01.23-18.06.52:369][ 63]LogMaterial: Display: Missing cached shader map for material Base_Colour, compiling. 
[2020.01.23-18.06.52:404][ 63]LogShaderCompilers: Display: Worker (10/13): shaders left to compile 21
[2020.01.23-18.06.52:481][ 67]LogShaderCompilers: Display: Worker (3/13): shaders left to compile 73
[2020.01.23-18.06.52:491][ 68]LogShaderCompilers: Display: Worker (1/13): shaders left to compile 72
[2020.01.23-18.06.52:524][ 71]LogShaderCompilers: Display: Worker (9/13): shaders left to compile 71
[2020.01.23-18.06.52:536][ 72]LogShaderCompilers: Display: Worker (4/13): shaders left to compile 70
[2020.01.23-18.06.52:573][ 76]LogShaderCompilers: Display: Worker (5/13): shaders left to compile 69
[2020.01.23-18.06.52:574][ 76]Cmd: TRANSACTION UNDO
[2020.01.23-18.06.52:574][ 76]LogEditorTransaction: Undo Rotate Actors
[2020.01.23-18.06.52:582][ 76]LogShaderCompilers: Display: Worker (6/13): shaders left to compile 53
[2020.01.23-18.06.52:582][ 76]LogMaterial: Display: Missing cached shader map for material m_Path, compiling. 
[2020.01.23-18.06.52:599][ 76]LogShaderCompilers: Display: Worker (7/13): shaders left to compile 52
[2020.01.23-18.06.52:603][ 76]LogMaterial: Display: Missing cached shader map for material Base_Colour, compiling. 
[2020.01.23-18.06.52:640][ 76]LogShaderCompilers: Display: Worker (2/13): shaders left to compile 21
[2020.01.23-18.06.52:640][ 76]LogShaderCompilers: Display: Worker (11/13): shaders left to compile 20
[2020.01.23-18.06.52:668][ 77]LogShaderCompilers: Display: Worker (10/13): shaders left to compile 72
[2020.01.23-18.06.52:698][ 79]LogShaderCompilers: Display: Worker (8/13): shaders left to compile 71
[2020.01.23-18.06.52:742][ 83]LogShaderCompilers: Display: Worker (6/13): shaders left to compile 70
[2020.01.23-18.06.52:753][ 84]LogShaderCompilers: Display: Worker (12/13): shaders left to compile 69
[2020.01.23-18.06.52:753][ 84]LogShaderCompilers: Display: Worker (3/13): shaders left to compile 68
[2020.01.23-18.06.52:774][ 86]LogShaderCompilers: Display: Worker (1/13): shaders left to compile 67
[2020.01.23-18.06.52:803][ 89]LogShaderCompilers: Display: Worker (9/13): shaders left to compile 66
[2020.01.23-18.06.52:814][ 90]LogShaderCompilers: Display: Worker (4/13): shaders left to compile 65
[2020.01.23-18.06.52:853][ 94]LogShaderCompilers: Display: Worker (5/13): shaders left to compile 64
[2020.01.23-18.06.52:896][ 98]LogShaderCompilers: Display: Worker (2/13): shaders left to compile 63
[2020.01.23-18.06.52:896][ 98]LogShaderCompilers: Display: Worker (7/13): shaders left to compile 62
[2020.01.23-18.06.52:918][100]LogShaderCompilers: Display: Worker (1/13): shaders left to compile 61
[2020.01.23-18.06.52:918][100]LogShaderCompilers: Display: Worker (11/13): shaders left to compile 60
[2020.01.23-18.06.52:936][102]LogShaderCompilers: Display: Worker (10/13): shaders left to compile 59
[2020.01.23-18.06.52:992][108]LogShaderCompilers: Display: Worker (8/13): shaders left to compile 58
[2020.01.23-18.06.53:010][110]LogShaderCompilers: Display: Worker (6/13): shaders left to compile 57
[2020.01.23-18.06.53:030][112]LogShaderCompilers: Display: Worker (3/13): shaders left to compile 56
[2020.01.23-18.06.53:040][113]LogShaderCompilers: Display: Worker (12/13): shaders left to compile 55
[2020.01.23-18.06.53:051][114]LogShaderCompilers: Display: Worker (9/13): shaders left to compile 54
[2020.01.23-18.06.53:052][114]Cmd: TRANSACTION UNDO
[2020.01.23-18.06.53:052][114]LogEditorTransaction: Undo Rotate Actors
[2020.01.23-18.06.53:059][114]LogMaterial: Display: Missing cached shader map for material m_Path, compiling. 
[2020.01.23-18.06.53:079][114]LogMaterial: Display: Missing cached shader map for material Base_Colour, compiling. 
[2020.01.23-18.06.53:252][123]LogShaderCompilers: Display: Worker (2/13): shaders left to compile 74
[2020.01.23-18.06.53:300][127]LogShaderCompilers: Display: Worker (11/13): shaders left to compile 73
[2020.01.23-18.06.53:388][135]LogShaderCompilers: Display: Worker (6/13): shaders left to compile 72
[2020.01.23-18.06.53:398][136]LogShaderCompilers: Display: Worker (4/13): shaders left to compile 71
[2020.01.23-18.06.53:420][138]LogShaderCompilers: Display: Worker (9/13): shaders left to compile 70
[2020.01.23-18.06.53:490][145]LogShaderCompilers: Display: Worker (5/13): shaders left to compile 69
[2020.01.23-18.06.53:490][145]LogShaderCompilers: Display: Worker (7/13): shaders left to compile 68
[2020.01.23-18.06.53:549][151]LogShaderCompilers: Display: Worker (1/13): shaders left to compile 67
[2020.01.23-18.06.53:559][152]LogShaderCompilers: Display: Worker (2/13): shaders left to compile 66
[2020.01.23-18.06.53:560][152]LogShaderCompilers: Display: Worker (10/13): shaders left to compile 65
[2020.01.23-18.06.53:581][154]LogShaderCompilers: Display: Worker (3/13): shaders left to compile 64
[2020.01.23-18.06.53:592][155]LogShaderCompilers: Display: Worker (12/13): shaders left to compile 63
[2020.01.23-18.06.53:602][156]LogShaderCompilers: Display: Worker (8/13): shaders left to compile 62
[2020.01.23-18.06.53:602][156]LogShaderCompilers: Display: Worker (11/13): shaders left to compile 61
[2020.01.23-18.06.53:665][162]LogShaderCompilers: Display: Worker (6/13): shaders left to compile 60
[2020.01.23-18.06.53:697][165]LogShaderCompilers: Display: Worker (1/13): shaders left to compile 59
[2020.01.23-18.06.53:707][166]LogShaderCompilers: Display: Worker (4/13): shaders left to compile 58
[2020.01.23-18.06.53:717][167]LogShaderCompilers: Display: Worker (9/13): shaders left to compile 57
[2020.01.23-18.06.53:768][172]LogShaderCompilers: Display: Worker (5/13): shaders left to compile 56
[2020.01.23-18.06.53:779][173]LogShaderCompilers: Display: Worker (7/13): shaders left to compile 55
[2020.01.23-18.06.53:813][176]LogShaderCompilers: Display: Worker (2/13): shaders left to compile 54
[2020.01.23-18.06.53:949][185]LogShaderCompilers: Display: Worker (12/13): shaders left to compile 53
[2020.01.23-18.06.54:052][190]LogShaderCompilers: Display: Worker (6/13): shaders left to compile 52
[2020.01.23-18.06.54:111][193]LogShaderCompilers: Display: Worker (9/13): shaders left to compile 51
[2020.01.23-18.06.54:132][194]LogShaderCompilers: Display: Worker (12/13): shaders left to compile 50
[2020.01.23-18.06.54:161][195]LogShaderCompilers: Display: Worker (10/13): shaders left to compile 49
[2020.01.23-18.06.54:191][197]LogShaderCompilers: Display: Worker (2/13): shaders left to compile 48
[2020.01.23-18.06.54:201][198]LogShaderCompilers: Display: Worker (8/13): shaders left to compile 47
[2020.01.23-18.06.54:222][200]LogShaderCompilers: Display: Worker (3/13): shaders left to compile 46
[2020.01.23-18.06.54:253][203]LogShaderCompilers: Display: Worker (11/13): shaders left to compile 45
[2020.01.23-18.06.54:263][204]LogShaderCompilers: Display: Worker (9/13): shaders left to compile 44
[2020.01.23-18.06.54:312][209]LogShaderCompilers: Display: Worker (5/13): shaders left to compile 43
[2020.01.23-18.06.54:312][209]LogShaderCompilers: Display: Worker (12/13): shaders left to compile 42
[2020.01.23-18.06.54:332][211]LogShaderCompilers: Display: Worker (1/13): shaders left to compile 41
[2020.01.23-18.06.54:332][211]LogShaderCompilers: Display: Worker (7/13): shaders left to compile 40
[2020.01.23-18.06.54:351][212]LogShaderCompilers: Display: Worker (4/13): shaders left to compile 39
[2020.01.23-18.06.54:351][212]LogShaderCompilers: Display: Worker (8/13): shaders left to compile 38
[2020.01.23-18.06.54:370][213]MaterialEditorStats: Base pass shader: 128 instructions
[2020.01.23-18.06.54:370][213]MaterialEditorStats: Base pass shader with Volumetric Lightmap: 206 instructions
[2020.01.23-18.06.54:370][213]MaterialEditorStats: Base pass vertex shader: 44 instructions
[2020.01.23-18.06.54:370][213]MaterialEditorStats: Texture samplers: 6/16
[2020.01.23-18.06.54:370][213]MaterialEditorStats: Texture Lookups (Est.): VS(0), PS(3)
[2020.01.23-18.06.54:370][213]MaterialEditorStats: User interpolators: 2/4 Scalars (1/4 Vectors) (TexCoords: 2, Custom: 0)
[2020.01.23-18.06.54:373][213]LogShaderCompilers: Display: Worker (6/13): shaders left to compile 37
[2020.01.23-18.06.54:414][216]LogShaderCompilers: Display: Worker (10/13): shaders left to compile 36
[2020.01.23-18.06.54:444][219]LogShaderCompilers: Display: Worker (11/13): shaders left to compile 35
[2020.01.23-18.06.54:450][219]LogShaderCompilers: Display: Worker (2/13): shaders left to compile 34
[2020.01.23-18.06.54:450][219]LogShaderCompilers: Display: Worker (5/13): shaders left to compile 33
[2020.01.23-18.06.54:478][222]LogShaderCompilers: Display: Worker (1/13): shaders left to compile 32
[2020.01.23-18.06.54:478][222]LogShaderCompilers: Display: Worker (3/13): shaders left to compile 31
[2020.01.23-18.06.54:521][226]LogShaderCompilers: Display: Worker (9/13): shaders left to compile 30
[2020.01.23-18.06.54:571][231]LogShaderCompilers: Display: Worker (12/13): shaders left to compile 29
[2020.01.23-18.06.54:582][232]LogShaderCompilers: Display: Worker (7/13): shaders left to compile 28
[2020.01.23-18.06.54:895][253]LogShaderCompilers: Display: Worker (10/13): shaders left to compile 27
[2020.01.23-18.06.54:989][258]LogShaderCompilers: Display: Worker (1/13): shaders left to compile 26
[2020.01.23-18.06.55:078][261]LogShaderCompilers: Display: Worker (7/13): shaders left to compile 25
[2020.01.23-18.06.55:350][272]LogShaderCompilers: Display: Worker (6/13): shaders left to compile 24
[2020.01.23-18.06.55:410][275]LogShaderCompilers: Display: Worker (5/13): shaders left to compile 23
[2020.01.23-18.06.55:532][277]LogShaderCompilers: Display: Worker (12/13): shaders left to compile 22
[2020.01.23-18.06.55:788][291]LogShaderCompilers: Display: Worker (6/13): shaders left to compile 21
[2020.01.23-18.06.55:979][306]LogShaderCompilers: Display: Worker (7/13): shaders left to compile 20
[2020.01.23-18.06.56:453][335]LogShaderCompilers: Display: Worker (7/13): shaders left to compile 19
[2020.01.23-18.06.56:701][349]LogShaderCompilers: Display: Worker (6/13): shaders left to compile 18
[2020.01.23-18.06.58:653][482]LogShaderCompilers: Display: Worker (3/13): shaders left to compile 17
[2020.01.23-18.06.58:872][496]LogShaderCompilers: Display: Worker (4/13): shaders left to compile 16
[2020.01.23-18.06.58:872][496]LogShaderCompilers: Display: Worker (8/13): shaders left to compile 15
[2020.01.23-18.06.58:910][499]LogShaderCompilers: Display: Worker (9/13): shaders left to compile 14
[2020.01.23-18.06.59:204][517]LogShaderCompilers: Display: Worker (11/13): shaders left to compile 13
[2020.01.23-18.06.59:320][523]LogShaderCompilers: Display: Worker (10/13): shaders left to compile 12
[2020.01.23-18.06.59:343][525]LogShaderCompilers: Display: Worker (1/13): shaders left to compile 11
[2020.01.23-18.06.59:353][526]LogShaderCompilers: Display: Worker (4/13): shaders left to compile 10
[2020.01.23-18.06.59:423][531]Cmd: CAMERA ALIGN ACTIVEVIEWPORTONLY
[2020.01.23-18.06.59:487][533]LogShaderCompilers: Display: Worker (3/13): shaders left to compile 9
[2020.01.23-18.06.59:602][538]LogShaderCompilers: Display: Worker (5/13): shaders left to compile 8
[2020.01.23-18.06.59:770][547]LogShaderCompilers: Display: Worker (10/13): shaders left to compile 7
[2020.01.23-18.06.59:869][555]LogShaderCompilers: Display: Worker (12/13): shaders left to compile 6
[2020.01.23-18.07.00:047][570]LogShaderCompilers: Display: Worker (5/13): shaders left to compile 5
[2020.01.23-18.07.00:080][573]LogShaderCompilers: Display: Worker (2/13): shaders left to compile 4
[2020.01.23-18.07.00:280][590]LogShaderCompilers: Display: Worker (7/13): shaders left to compile 3
[2020.01.23-18.07.00:317][593]LogShaderCompilers: Display: Worker (11/13): shaders left to compile 2
[2020.01.23-18.07.00:373][597]LogShaderCompilers: Display: Worker (3/13): shaders left to compile 1
[2020.01.23-18.07.01:429][695]LogEditorViewport: Clicking on Actor (LMB): BP_Sky_Sphere_C (Sky Sphere)
[2020.01.23-18.07.02:186][767]LogEditorViewport: Clicking on Actor (LMB): StaticMeshActor (SM_Rock2_low10)
[2020.01.23-18.07.02:668][814]MaterialEditorStats: Base pass shader: 311 instructions
[2020.01.23-18.07.02:668][814]MaterialEditorStats: Base pass shader with Surface Lightmap: 345 instructions
[2020.01.23-18.07.02:668][814]MaterialEditorStats: Base pass shader with Volumetric Lightmap: 390 instructions
[2020.01.23-18.07.02:668][814]MaterialEditorStats: Base pass vertex shader: 137 instructions
[2020.01.23-18.07.02:668][814]MaterialEditorStats: Texture samplers: 4/16
[2020.01.23-18.07.03:903][958]Cmd: SELECT NONE
[2020.01.23-18.07.07:888][434]LogEditorViewport: Clicking on Actor (LMB): StaticMeshActor (SM_Rock1_low4)
[2020.01.23-18.07.08:547][508]LogEditorViewport: Clicking on Actor (LMB): BP_Sky_Sphere_C (Sky Sphere)
[2020.01.23-18.07.09:649][636]LogEditorViewport: Clicking on Actor (LMB): StaticMeshActor (SM_Rock1_low4)
[2020.01.23-18.07.13:716][106]LogEditorViewport: Clicking on Actor (LMB): BP_Sky_Sphere_C (Sky Sphere)
[2020.01.23-18.07.14:213][162]LogEditorViewport: Clicking on Actor (LMB): StaticMeshActor (SM_Rock2_low)
[2020.01.23-18.07.16:267][399]Cmd: SELECT NONE
[2020.01.23-18.07.18:152][622]LogEditorViewport: Clicking on Actor (LMB): StaticMeshActor (SM_Rock2_low)
[2020.01.23-18.07.27:218][663]Cmd: SELECT NONE
[2020.01.23-18.07.27:703][721]LogEditorViewport: Clicking on Actor (LMB): StaticMeshActor (SM_Rock2_low9)
[2020.01.23-18.07.29:193][892]LogEditorViewport: Clicking on Actor (LMB): StaticMeshActor (SM_Rock6_low11)
[2020.01.23-18.07.29:825][963]LogEditorViewport: Clicking on Actor (LMB): BP_Sky_Sphere_C (Sky Sphere)
[2020.01.23-18.07.30:305][ 17]LogEditorViewport: Clicking on Actor (LMB): StaticMeshActor (SM_Rock6_low12)
[2020.01.23-18.07.33:182][348]LogEditorViewport: Clicking on Actor (LMB): StaticMeshActor (SM_Rock6_low)
[2020.01.23-18.07.33:861][425]LogEditorViewport: Clicking on Actor (LMB): StaticMeshActor (SM_Rock5_low)
[2020.01.23-18.07.34:455][492]LogEditorViewport: Clicking on Actor (LMB): BP_Sky_Sphere_C (Sky Sphere)
[2020.01.23-18.07.35:361][597]LogEditorViewport: Clicking on Actor (LMB): StaticMeshActor (SM_Rock2_low9)
[2020.01.23-18.07.36:857][767]Cmd: SELECT NONE
[2020.01.23-18.07.37:640][861]LogEditorViewport: Clicking on Actor (LMB): StaticMeshActor (SM_Rock2_low9)
[2020.01.23-18.07.40:923][240]Cmd: SELECT NONE
[2020.01.23-18.07.44:431][661]LogEditorViewport: Clicking on Actor (LMB): StaticMeshActor (SM_Rock2_low9)
[2020.01.23-18.07.46:113][852]Cmd: SELECT NONE
[2020.01.23-18.07.46:682][920]LogEditorViewport: Clicking on Actor (LMB): StaticMeshActor (SM_Rock2_low9)
[2020.01.23-18.07.47:733][ 39]Cmd: SELECT NONE
[2020.01.23-18.07.49:902][299]Cmd: TRANSACTION UNDO
[2020.01.23-18.07.49:902][299]LogEditorTransaction: Undo Select None
[2020.01.23-18.07.49:916][299]LogMaterial: Display: Missing cached shader map for material m_Path, compiling. 
[2020.01.23-18.07.49:930][299]LogShaderCompilers: Display: Worker (1/13): shaders left to compile 21
[2020.01.23-18.07.49:930][299]LogShaderCompilers: Display: Worker (2/13): shaders left to compile 20
[2020.01.23-18.07.49:930][299]LogShaderCompilers: Display: Worker (3/13): shaders left to compile 19
[2020.01.23-18.07.49:930][299]LogShaderCompilers: Display: Worker (4/13): shaders left to compile 18
[2020.01.23-18.07.49:930][299]LogShaderCompilers: Display: Worker (5/13): shaders left to compile 17
[2020.01.23-18.07.49:930][299]LogShaderCompilers: Display: Worker (6/13): shaders left to compile 16
[2020.01.23-18.07.49:930][299]LogShaderCompilers: Display: Worker (7/13): shaders left to compile 15
[2020.01.23-18.07.49:930][299]LogShaderCompilers: Display: Worker (8/13): shaders left to compile 14
[2020.01.23-18.07.49:930][299]LogShaderCompilers: Display: Worker (9/13): shaders left to compile 13
[2020.01.23-18.07.49:930][299]LogShaderCompilers: Display: Worker (10/13): shaders left to compile 12
[2020.01.23-18.07.49:930][299]LogShaderCompilers: Display: Worker (11/13): shaders left to compile 11
[2020.01.23-18.07.49:930][299]LogShaderCompilers: Display: Worker (12/13): shaders left to compile 10
[2020.01.23-18.07.49:930][299]LogMaterial: Display: Missing cached shader map for material Base_Colour, compiling. 
[2020.01.23-18.07.50:211][314]Cmd: TRANSACTION UNDO
[2020.01.23-18.07.50:211][314]LogEditorTransaction: Undo Move Actors
[2020.01.23-18.07.50:217][314]LogMaterial: Display: Missing cached shader map for material m_Path, compiling. 
[2020.01.23-18.07.50:244][314]LogMaterial: Display: Missing cached shader map for material Base_Colour, compiling. 
[2020.01.23-18.07.50:279][314]LogShaderCompilers: Display: Worker (8/13): shaders left to compile 21
[2020.01.23-18.07.50:403][318]LogShaderCompilers: Display: Worker (4/13): shaders left to compile 73
[2020.01.23-18.07.50:407][319]LogShaderCompilers: Display: Worker (1/13): shaders left to compile 72
[2020.01.23-18.07.50:419][320]LogShaderCompilers: Display: Worker (2/13): shaders left to compile 71
[2020.01.23-18.07.50:419][320]LogShaderCompilers: Display: Worker (3/13): shaders left to compile 70
[2020.01.23-18.07.50:419][320]LogShaderCompilers: Display: Worker (5/13): shaders left to compile 69
[2020.01.23-18.07.50:419][320]LogShaderCompilers: Display: Worker (7/13): shaders left to compile 68
[2020.01.23-18.07.50:419][320]LogShaderCompilers: Display: Worker (9/13): shaders left to compile 67
[2020.01.23-18.07.50:462][325]LogShaderCompilers: Display: Worker (6/13): shaders left to compile 66
[2020.01.23-18.07.50:472][326]LogShaderCompilers: Display: Worker (12/13): shaders left to compile 65
[2020.01.23-18.07.50:543][333]LogShaderCompilers: Display: Worker (8/13): shaders left to compile 64
[2020.01.23-18.07.50:605][338]LogShaderCompilers: Display: Worker (9/13): shaders left to compile 63
[2020.01.23-18.07.50:662][343]LogShaderCompilers: Display: Worker (10/13): shaders left to compile 62
[2020.01.23-18.07.50:674][344]LogShaderCompilers: Display: Worker (1/13): shaders left to compile 61
[2020.01.23-18.07.50:674][344]LogShaderCompilers: Display: Worker (4/13): shaders left to compile 60
[2020.01.23-18.07.50:693][346]LogShaderCompilers: Display: Worker (11/13): shaders left to compile 59
[2020.01.23-18.07.50:707][347]LogShaderCompilers: Display: Worker (2/13): shaders left to compile 58
[2020.01.23-18.07.50:718][348]LogShaderCompilers: Display: Worker (6/13): shaders left to compile 57
[2020.01.23-18.07.50:736][350]LogShaderCompilers: Display: Worker (3/13): shaders left to compile 56
[2020.01.23-18.07.50:737][350]LogShaderCompilers: Display: Worker (5/13): shaders left to compile 55
[2020.01.23-18.07.50:755][352]LogShaderCompilers: Display: Worker (7/13): shaders left to compile 54
[2020.01.23-18.07.50:858][361]LogEditorViewport: Clicking on Actor (LMB): BP_Sky_Sphere_C (Sky Sphere)
[2020.01.23-18.07.50:994][366]LogShaderCompilers: Display: Worker (9/13): shaders left to compile 53
[2020.01.23-18.07.51:040][370]LogShaderCompilers: Display: Worker (12/13): shaders left to compile 52
[2020.01.23-18.07.51:075][373]LogShaderCompilers: Display: Worker (4/13): shaders left to compile 51
[2020.01.23-18.07.51:098][375]LogShaderCompilers: Display: Worker (6/13): shaders left to compile 50
[2020.01.23-18.07.51:130][378]LogShaderCompilers: Display: Worker (7/13): shaders left to compile 49
[2020.01.23-18.07.51:161][381]LogShaderCompilers: Display: Worker (8/13): shaders left to compile 48
[2020.01.23-18.07.51:171][382]LogShaderCompilers: Display: Worker (9/13): shaders left to compile 47
[2020.01.23-18.07.51:230][388]LogShaderCompilers: Display: Worker (4/13): shaders left to compile 46
[2020.01.23-18.07.51:251][390]LogShaderCompilers: Display: Worker (3/13): shaders left to compile 45
[2020.01.23-18.07.51:261][391]LogShaderCompilers: Display: Worker (10/13): shaders left to compile 44
[2020.01.23-18.07.51:271][392]LogShaderCompilers: Display: Worker (6/13): shaders left to compile 43
[2020.01.23-18.07.51:281][393]LogShaderCompilers: Display: Worker (5/13): shaders left to compile 42
[2020.01.23-18.07.51:302][395]LogShaderCompilers: Display: Worker (1/13): shaders left to compile 41
[2020.01.23-18.07.51:312][396]LogShaderCompilers: Display: Worker (11/13): shaders left to compile 40
[2020.01.23-18.07.51:321][397]LogShaderCompilers: Display: Worker (9/13): shaders left to compile 39
[2020.01.23-18.07.51:329][398]LogShaderCompilers: Display: Worker (2/13): shaders left to compile 38
[2020.01.23-18.07.51:345][399]LogShaderCompilers: Display: Worker (12/13): shaders left to compile 37
[2020.01.23-18.07.51:345][399]MaterialEditorStats: Base pass shader: 128 instructions
[2020.01.23-18.07.51:345][399]MaterialEditorStats: Base pass shader with Volumetric Lightmap: 206 instructions
[2020.01.23-18.07.51:345][399]MaterialEditorStats: Base pass vertex shader: 44 instructions
[2020.01.23-18.07.51:345][399]MaterialEditorStats: Texture samplers: 6/16
[2020.01.23-18.07.51:345][399]MaterialEditorStats: Texture Lookups (Est.): VS(0), PS(3)
[2020.01.23-18.07.51:345][399]MaterialEditorStats: User interpolators: 2/4 Scalars (1/4 Vectors) (TexCoords: 2, Custom: 0)
[2020.01.23-18.07.51:402][403]LogShaderCompilers: Display: Worker (7/13): shaders left to compile 36
[2020.01.23-18.07.51:425][405]LogShaderCompilers: Display: Worker (8/13): shaders left to compile 35
[2020.01.23-18.07.51:434][406]LogShaderCompilers: Display: Worker (1/13): shaders left to compile 34
[2020.01.23-18.07.51:434][406]LogShaderCompilers: Display: Worker (6/13): shaders left to compile 33
[2020.01.23-18.07.51:454][408]LogShaderCompilers: Display: Worker (3/13): shaders left to compile 32
[2020.01.23-18.07.51:473][410]LogShaderCompilers: Display: Worker (4/13): shaders left to compile 31
[2020.01.23-18.07.51:521][415]LogShaderCompilers: Display: Worker (10/13): shaders left to compile 30
[2020.01.23-18.07.51:531][416]LogShaderCompilers: Display: Worker (5/13): shaders left to compile 29
[2020.01.23-18.07.51:554][418]LogShaderCompilers: Display: Worker (11/13): shaders left to compile 28
[2020.01.23-18.07.51:740][432]Cmd: SELECT NONE
[2020.01.23-18.07.51:905][447]LogShaderCompilers: Display: Worker (7/13): shaders left to compile 27
[2020.01.23-18.07.51:961][453]LogShaderCompilers: Display: Worker (3/13): shaders left to compile 26
[2020.01.23-18.07.52:059][464]LogShaderCompilers: Display: Worker (11/13): shaders left to compile 25
[2020.01.23-18.07.52:327][493]LogShaderCompilers: Display: Worker (12/13): shaders left to compile 24
[2020.01.23-18.07.52:429][504]LogShaderCompilers: Display: Worker (6/13): shaders left to compile 23
[2020.01.23-18.07.52:486][510]LogShaderCompilers: Display: Worker (5/13): shaders left to compile 22
[2020.01.23-18.07.52:806][543]LogShaderCompilers: Display: Worker (12/13): shaders left to compile 21
[2020.01.23-18.07.52:995][562]LogShaderCompilers: Display: Worker (11/13): shaders left to compile 20
[2020.01.23-18.07.53:463][610]LogShaderCompilers: Display: Worker (11/13): shaders left to compile 19
[2020.01.23-18.07.53:750][639]LogShaderCompilers: Display: Worker (12/13): shaders left to compile 18
[2020.01.23-18.07.53:893][654]LogEditorViewport: Clicking on Actor (LMB): StaticMeshActor (SM_Rock3_low3)
[2020.01.23-18.07.54:421][687]LogEditorViewport: Clicking on Actor (LMB): BP_Sky_Sphere_C (Sky Sphere)
[2020.01.23-18.07.55:395][756]LogEditorViewport: Clicking on Actor (LMB): StaticMeshActor (SM_Rock6_low13)
[2020.01.23-18.07.55:690][767]LogShaderCompilers: Display: Worker (9/13): shaders left to compile 17
[2020.01.23-18.07.55:757][772]LogShaderCompilers: Display: Worker (4/13): shaders left to compile 16
[2020.01.23-18.07.55:782][774]LogShaderCompilers: Display: Worker (8/13): shaders left to compile 15
[2020.01.23-18.07.55:949][784]LogShaderCompilers: Display: Worker (10/13): shaders left to compile 14
[2020.01.23-18.07.56:046][791]LogShaderCompilers: Display: Worker (2/13): shaders left to compile 13
[2020.01.23-18.07.56:109][795]LogShaderCompilers: Display: Worker (1/13): shaders left to compile 12
[2020.01.23-18.07.56:217][803]LogShaderCompilers: Display: Worker (4/13): shaders left to compile 11
[2020.01.23-18.07.56:260][806]LogShaderCompilers: Display: Worker (7/13): shaders left to compile 10
[2020.01.23-18.07.56:464][823]LogShaderCompilers: Display: Worker (3/13): shaders left to compile 9
[2020.01.23-18.07.56:557][829]LogShaderCompilers: Display: Worker (1/13): shaders left to compile 8
[2020.01.23-18.07.56:585][830]LogShaderCompilers: Display: Worker (9/13): shaders left to compile 7
[2020.01.23-18.07.56:833][844]LogShaderCompilers: Display: Worker (6/13): shaders left to compile 6
[2020.01.23-18.07.56:958][853]LogShaderCompilers: Display: Worker (2/13): shaders left to compile 5
[2020.01.23-18.07.57:020][857]LogShaderCompilers: Display: Worker (1/13): shaders left to compile 4
[2020.01.23-18.07.57:042][859]LogShaderCompilers: Display: Worker (5/13): shaders left to compile 3
[2020.01.23-18.07.57:345][881]LogShaderCompilers: Display: Worker (3/13): shaders left to compile 2
[2020.01.23-18.07.57:383][884]Cmd: SELECT NONE
[2020.01.23-18.07.57:475][892]LogShaderCompilers: Display: Worker (1/13): shaders left to compile 1
[2020.01.23-18.07.58:797][ 38]LogEditorViewport: Clicking on Actor (LMB): StaticMeshActor (SM_Rock5_low8)
[2020.01.23-18.07.59:563][ 95]MaterialEditorStats: Base pass shader: 311 instructions
[2020.01.23-18.07.59:563][ 95]MaterialEditorStats: Base pass shader with Surface Lightmap: 345 instructions
[2020.01.23-18.07.59:563][ 95]MaterialEditorStats: Base pass shader with Volumetric Lightmap: 390 instructions
[2020.01.23-18.07.59:563][ 95]MaterialEditorStats: Base pass vertex shader: 137 instructions
[2020.01.23-18.07.59:563][ 95]MaterialEditorStats: Texture samplers: 4/16
[2020.01.23-18.07.59:717][113]Cmd: CAMERA ALIGN ACTIVEVIEWPORTONLY
[2020.01.23-18.08.00:449][195]LogEditorViewport: Clicking on Actor (LMB): StaticMeshActor (SM_Rock5_low8)
[2020.01.23-18.08.01:890][362]LogEditorViewport: Clicking on Actor (LMB): StaticMeshActor (SM_Rock1_low3)
[2020.01.23-18.08.02:737][456]Cmd: CAMERA ALIGN ACTIVEVIEWPORTONLY
[2020.01.23-18.08.08:546][124]Cmd: SELECT NONE
[2020.01.23-18.08.11:954][522]LogEditorViewport: Clicking on Actor (LMB): StaticMeshActor (SM_Rock2_low4)
[2020.01.23-18.08.17:050][ 84]LogEditorViewport: Clicking on Actor (LMB): StaticMeshActor (SM_Rock5_low6)
[2020.01.23-18.08.20:529][482]Cmd: SELECT NONE
[2020.01.23-18.08.24:489][954]LogEditorViewport: Clicking on Actor (LMB): StaticMeshActor (SM_Rock5_low9)
[2020.01.23-18.08.26:220][153]Cmd: SELECT NONE
[2020.01.23-18.08.26:989][245]Cmd: CAMERA ALIGN ACTIVEVIEWPORTONLY
[2020.01.23-18.08.26:990][245]Can't find target actor or component.
[2020.01.23-18.08.32:428][890]LogEditorViewport: Clicking on Actor (LMB): StaticMeshActor (SM_Rock5_low9)
[2020.01.23-18.08.34:259][ 71]Cmd: SELECT NONE
[2020.01.23-18.08.34:883][146]LogEditorViewport: Clicking on Actor (LMB): StaticMeshActor (SM_Rock6_low4)
[2020.01.23-18.08.41:630][906]LogEditorViewport: Clicking on Actor (LMB): StaticMeshActor (SM_Rock6_low7)
[2020.01.23-18.08.44:381][223]Cmd: SELECT NONE
[2020.01.23-18.08.45:625][372]LogEditorViewport: Clicking on Actor (LMB): StaticMeshActor (SM_Rock5_low6)
[2020.01.23-18.08.47:982][646]LogEditorViewport: Clicking on Actor (LMB): StaticMeshActor (SM_Rock2_low5)
[2020.01.23-18.08.50:833][977]LogEditorViewport: Clicking on Actor (LMB): StaticMeshActor (SM_Rock5_low6)
[2020.01.23-18.08.52:674][190]LogEditorViewport: Clicking on Actor (LMB): StaticMeshActor (SM_Rock2_low5)
[2020.01.23-18.08.56:071][586]Cmd: SELECT NONE
[2020.01.23-18.08.58:060][824]LogEditorViewport: Clicking on Actor (LMB): StaticMeshActor (SM_Rock2_low2)
[2020.01.23-18.08.59:574][999]Cmd: SELECT NONE
[2020.01.23-18.09.00:258][ 81]LogEditorViewport: Clicking on Actor (LMB): StaticMeshActor (SM_Rock2_low2)
[2020.01.23-18.09.02:043][285]Cmd: TRANSACTION UNDO
[2020.01.23-18.09.02:043][285]LogEditorTransaction: Undo Scale Actors
[2020.01.23-18.09.02:047][285]LogMaterial: Display: Missing cached shader map for material m_Path, compiling. 
[2020.01.23-18.09.02:061][285]LogShaderCompilers: Display: Worker (1/13): shaders left to compile 21
[2020.01.23-18.09.02:061][285]LogShaderCompilers: Display: Worker (2/13): shaders left to compile 20
[2020.01.23-18.09.02:061][285]LogShaderCompilers: Display: Worker (3/13): shaders left to compile 19
[2020.01.23-18.09.02:061][285]LogShaderCompilers: Display: Worker (4/13): shaders left to compile 18
[2020.01.23-18.09.02:061][285]LogShaderCompilers: Display: Worker (5/13): shaders left to compile 17
[2020.01.23-18.09.02:061][285]LogShaderCompilers: Display: Worker (6/13): shaders left to compile 16
[2020.01.23-18.09.02:061][285]LogShaderCompilers: Display: Worker (7/13): shaders left to compile 15
[2020.01.23-18.09.02:061][285]LogShaderCompilers: Display: Worker (8/13): shaders left to compile 14
[2020.01.23-18.09.02:061][285]LogShaderCompilers: Display: Worker (9/13): shaders left to compile 13
[2020.01.23-18.09.02:061][285]LogShaderCompilers: Display: Worker (10/13): shaders left to compile 12
[2020.01.23-18.09.02:061][285]LogShaderCompilers: Display: Worker (11/13): shaders left to compile 11
[2020.01.23-18.09.02:061][285]LogShaderCompilers: Display: Worker (12/13): shaders left to compile 10
[2020.01.23-18.09.02:061][285]LogMaterial: Display: Missing cached shader map for material Base_Colour, compiling. 
[2020.01.23-18.09.02:415][305]LogShaderCompilers: Display: Worker (8/13): shaders left to compile 62
[2020.01.23-18.09.02:535][312]LogShaderCompilers: Display: Worker (2/13): shaders left to compile 61
[2020.01.23-18.09.02:547][313]LogShaderCompilers: Display: Worker (5/13): shaders left to compile 60
[2020.01.23-18.09.02:562][314]LogShaderCompilers: Display: Worker (1/13): shaders left to compile 59
[2020.01.23-18.09.02:562][314]LogShaderCompilers: Display: Worker (9/13): shaders left to compile 58
[2020.01.23-18.09.02:579][315]LogShaderCompilers: Display: Worker (4/13): shaders left to compile 57
[2020.01.23-18.09.02:589][316]LogShaderCompilers: Display: Worker (3/13): shaders left to compile 56
[2020.01.23-18.09.02:589][316]LogShaderCompilers: Display: Worker (6/13): shaders left to compile 55
[2020.01.23-18.09.02:608][318]LogShaderCompilers: Display: Worker (7/13): shaders left to compile 54
[2020.01.23-18.09.02:628][320]LogShaderCompilers: Display: Worker (12/13): shaders left to compile 53
[2020.01.23-18.09.02:816][337]LogShaderCompilers: Display: Worker (12/13): shaders left to compile 52
[2020.01.23-18.09.02:842][339]LogShaderCompilers: Display: Worker (11/13): shaders left to compile 51
[2020.01.23-18.09.02:855][340]LogShaderCompilers: Display: Worker (10/13): shaders left to compile 50
[2020.01.23-18.09.02:915][342]LogShaderCompilers: Display: Worker (5/13): shaders left to compile 49
[2020.01.23-18.09.02:964][346]LogShaderCompilers: Display: Worker (4/13): shaders left to compile 48
[2020.01.23-18.09.03:011][350]LogShaderCompilers: Display: Worker (8/13): shaders left to compile 47
[2020.01.23-18.09.03:021][351]LogShaderCompilers: Display: Worker (7/13): shaders left to compile 46
[2020.01.23-18.09.03:039][352]LogShaderCompilers: Display: Worker (10/13): shaders left to compile 45
[2020.01.23-18.09.03:039][352]LogShaderCompilers: Display: Worker (11/13): shaders left to compile 44
[2020.01.23-18.09.03:125][356]LogShaderCompilers: Display: Worker (3/13): shaders left to compile 43
[2020.01.23-18.09.03:138][357]LogShaderCompilers: Display: Worker (12/13): shaders left to compile 42
[2020.01.23-18.09.03:155][358]LogShaderCompilers: Display: Worker (1/13): shaders left to compile 41
[2020.01.23-18.09.03:173][359]LogShaderCompilers: Display: Worker (6/13): shaders left to compile 40
[2020.01.23-18.09.03:179][359]LogShaderCompilers: Display: Worker (2/13): shaders left to compile 39
[2020.01.23-18.09.03:179][359]LogShaderCompilers: Display: Worker (5/13): shaders left to compile 38
[2020.01.23-18.09.03:179][359]LogShaderCompilers: Display: Worker (8/13): shaders left to compile 37
[2020.01.23-18.09.03:221][362]LogShaderCompilers: Display: Worker (9/13): shaders left to compile 36
[2020.01.23-18.09.03:244][363]LogShaderCompilers: Display: Worker (4/13): shaders left to compile 35
[2020.01.23-18.09.03:244][363]LogShaderCompilers: Display: Worker (10/13): shaders left to compile 34
[2020.01.23-18.09.03:245][363]MaterialEditorStats: Base pass shader: 128 instructions
[2020.01.23-18.09.03:245][363]MaterialEditorStats: Base pass shader with Volumetric Lightmap: 206 instructions
[2020.01.23-18.09.03:245][363]MaterialEditorStats: Base pass vertex shader: 44 instructions
[2020.01.23-18.09.03:245][363]MaterialEditorStats: Texture samplers: 6/16
[2020.01.23-18.09.03:245][363]MaterialEditorStats: Texture Lookups (Est.): VS(0), PS(3)
[2020.01.23-18.09.03:245][363]MaterialEditorStats: User interpolators: 2/4 Scalars (1/4 Vectors) (TexCoords: 2, Custom: 0)
[2020.01.23-18.09.03:281][365]LogShaderCompilers: Display: Worker (7/13): shaders left to compile 33
[2020.01.23-18.09.03:294][366]LogShaderCompilers: Display: Worker (3/13): shaders left to compile 32
[2020.01.23-18.09.03:309][367]LogShaderCompilers: Display: Worker (1/13): shaders left to compile 31
[2020.01.23-18.09.03:312][367]LogShaderCompilers: Display: Worker (11/13): shaders left to compile 30
[2020.01.23-18.09.03:370][369]LogShaderCompilers: Display: Worker (12/13): shaders left to compile 29
[2020.01.23-18.09.03:408][371]LogShaderCompilers: Display: Worker (6/13): shaders left to compile 28
[2020.01.23-18.09.03:742][387]LogShaderCompilers: Display: Worker (9/13): shaders left to compile 27
[2020.01.23-18.09.03:879][393]LogShaderCompilers: Display: Worker (3/13): shaders left to compile 26
[2020.01.23-18.09.03:935][396]LogShaderCompilers: Display: Worker (6/13): shaders left to compile 25
[2020.01.23-18.09.04:192][407]LogShaderCompilers: Display: Worker (8/13): shaders left to compile 24
[2020.01.23-18.09.04:300][412]LogShaderCompilers: Display: Worker (7/13): shaders left to compile 23
[2020.01.23-18.09.04:355][415]LogShaderCompilers: Display: Worker (12/13): shaders left to compile 22
[2020.01.23-18.09.04:680][438]LogShaderCompilers: Display: Worker (8/13): shaders left to compile 21
[2020.01.23-18.09.04:729][441]Cmd: SELECT NONE
[2020.01.23-18.09.04:902][458]LogShaderCompilers: Display: Worker (6/13): shaders left to compile 20
[2020.01.23-18.09.05:402][511]LogShaderCompilers: Display: Worker (6/13): shaders left to compile 19
[2020.01.23-18.09.05:686][541]LogShaderCompilers: Display: Worker (8/13): shaders left to compile 18
[2020.01.23-18.09.05:755][548]LogEditorViewport: Clicking on Actor (LMB): StaticMeshActor (SM_Rock2_low2)
[2020.01.23-18.09.05:879][551]Cmd: CAMERA ALIGN ACTIVEVIEWPORTONLY
[2020.01.23-18.09.07:685][641]LogShaderCompilers: Display: Worker (2/13): shaders left to compile 17
[2020.01.23-18.09.07:746][644]LogShaderCompilers: Display: Worker (4/13): shaders left to compile 16
[2020.01.23-18.09.07:791][646]LogShaderCompilers: Display: Worker (1/13): shaders left to compile 15
[2020.01.23-18.09.07:861][650]LogShaderCompilers: Display: Worker (11/13): shaders left to compile 14
[2020.01.23-18.09.07:960][655]LogShaderCompilers: Display: Worker (10/13): shaders left to compile 13
[2020.01.23-18.09.08:037][659]LogShaderCompilers: Display: Worker (5/13): shaders left to compile 12
[2020.01.23-18.09.08:122][663]LogShaderCompilers: Display: Worker (9/13): shaders left to compile 11
[2020.01.23-18.09.08:225][668]LogShaderCompilers: Display: Worker (4/13): shaders left to compile 10
[2020.01.23-18.09.08:392][675]Cmd: SELECT NONE
[2020.01.23-18.09.08:470][680]LogShaderCompilers: Display: Worker (3/13): shaders left to compile 9
[2020.01.23-18.09.08:520][683]LogShaderCompilers: Display: Worker (5/13): shaders left to compile 8
[2020.01.23-18.09.08:628][689]LogShaderCompilers: Display: Worker (2/13): shaders left to compile 7
[2020.01.23-18.09.08:852][704]LogShaderCompilers: Display: Worker (7/13): shaders left to compile 6
[2020.01.23-18.09.08:965][711]LogShaderCompilers: Display: Worker (10/13): shaders left to compile 5
[2020.01.23-18.09.08:988][713]LogShaderCompilers: Display: Worker (5/13): shaders left to compile 4
[2020.01.23-18.09.09:061][718]LogShaderCompilers: Display: Worker (12/13): shaders left to compile 3
[2020.01.23-18.09.09:451][744]LogShaderCompilers: Display: Worker (3/13): shaders left to compile 2
[2020.01.23-18.09.09:466][745]LogShaderCompilers: Display: Worker (5/13): shaders left to compile 1
[2020.01.23-18.09.11:724][937]MaterialEditorStats: Base pass shader: 311 instructions
[2020.01.23-18.09.11:724][937]MaterialEditorStats: Base pass shader with Surface Lightmap: 345 instructions
[2020.01.23-18.09.11:724][937]MaterialEditorStats: Base pass shader with Volumetric Lightmap: 390 instructions
[2020.01.23-18.09.11:724][937]MaterialEditorStats: Base pass vertex shader: 137 instructions
[2020.01.23-18.09.11:724][937]MaterialEditorStats: Texture samplers: 4/16
[2020.01.23-18.09.23:672][353]LogEditorViewport: Clicking on Actor (LMB): StaticMeshActor (SM_Rock2_low2)
[2020.01.23-18.09.27:954][852]Cmd: SELECT NONE
[2020.01.23-18.09.37:576][  6]LogEditorViewport: Clicking on Actor (LMB): StaticMeshActor (SM_Rock1_low3)
[2020.01.23-18.09.39:765][260]Cmd: TRANSACTION UNDO
[2020.01.23-18.09.39:766][260]LogEditorTransaction: Undo Move Actors
[2020.01.23-18.09.39:769][260]LogMaterial: Display: Missing cached shader map for material m_Path, compiling. 
[2020.01.23-18.09.39:783][260]LogMaterial: Display: Missing cached shader map for material Base_Colour, compiling. 
[2020.01.23-18.09.39:806][260]LogShaderCompilers: Display: Worker (1/13): shaders left to compile 21
[2020.01.23-18.09.39:806][260]LogShaderCompilers: Display: Worker (2/13): shaders left to compile 20
[2020.01.23-18.09.39:806][260]LogShaderCompilers: Display: Worker (3/13): shaders left to compile 19
[2020.01.23-18.09.39:806][260]LogShaderCompilers: Display: Worker (4/13): shaders left to compile 18
[2020.01.23-18.09.39:806][260]LogShaderCompilers: Display: Worker (5/13): shaders left to compile 17
[2020.01.23-18.09.39:806][260]LogShaderCompilers: Display: Worker (6/13): shaders left to compile 16
[2020.01.23-18.09.39:806][260]LogShaderCompilers: Display: Worker (7/13): shaders left to compile 15
[2020.01.23-18.09.39:806][260]LogShaderCompilers: Display: Worker (8/13): shaders left to compile 14
[2020.01.23-18.09.39:806][260]LogShaderCompilers: Display: Worker (9/13): shaders left to compile 13
[2020.01.23-18.09.39:806][260]LogShaderCompilers: Display: Worker (10/13): shaders left to compile 12
[2020.01.23-18.09.39:806][260]LogShaderCompilers: Display: Worker (11/13): shaders left to compile 11
[2020.01.23-18.09.39:806][260]LogShaderCompilers: Display: Worker (12/13): shaders left to compile 10
[2020.01.23-18.09.40:144][277]LogShaderCompilers: Display: Worker (8/13): shaders left to compile 62
[2020.01.23-18.09.40:245][282]LogShaderCompilers: Display: Worker (1/13): shaders left to compile 61
[2020.01.23-18.09.40:265][282]LogShaderCompilers: Display: Worker (9/13): shaders left to compile 60
[2020.01.23-18.09.40:269][282]LogShaderCompilers: Display: Worker (2/13): shaders left to compile 59
[2020.01.23-18.09.40:269][282]LogShaderCompilers: Display: Worker (3/13): shaders left to compile 58
[2020.01.23-18.09.40:269][282]LogShaderCompilers: Display: Worker (6/13): shaders left to compile 57
[2020.01.23-18.09.40:297][286]LogShaderCompilers: Display: Worker (4/13): shaders left to compile 56
[2020.01.23-18.09.40:297][286]LogShaderCompilers: Display: Worker (5/13): shaders left to compile 55
[2020.01.23-18.09.40:297][286]LogShaderCompilers: Display: Worker (7/13): shaders left to compile 54
[2020.01.23-18.09.40:336][290]LogShaderCompilers: Display: Worker (12/13): shaders left to compile 53
[2020.01.23-18.09.40:508][304]LogShaderCompilers: Display: Worker (12/13): shaders left to compile 52
[2020.01.23-18.09.40:534][306]LogShaderCompilers: Display: Worker (10/13): shaders left to compile 51
[2020.01.23-18.09.40:547][307]LogShaderCompilers: Display: Worker (11/13): shaders left to compile 50
[2020.01.23-18.09.40:635][314]LogShaderCompilers: Display: Worker (9/13): shaders left to compile 49
[2020.01.23-18.09.40:673][317]LogShaderCompilers: Display: Worker (6/13): shaders left to compile 48
[2020.01.23-18.09.40:706][320]LogShaderCompilers: Display: Worker (7/13): shaders left to compile 47
[2020.01.23-18.09.40:716][321]LogShaderCompilers: Display: Worker (8/13): shaders left to compile 46
[2020.01.23-18.09.40:716][321]LogShaderCompilers: Display: Worker (10/13): shaders left to compile 45
[2020.01.23-18.09.40:716][321]LogShaderCompilers: Display: Worker (11/13): shaders left to compile 44
[2020.01.23-18.09.40:822][330]LogShaderCompilers: Display: Worker (4/13): shaders left to compile 43
[2020.01.23-18.09.40:834][331]LogShaderCompilers: Display: Worker (5/13): shaders left to compile 42
[2020.01.23-18.09.40:855][332]LogShaderCompilers: Display: Worker (12/13): shaders left to compile 41
[2020.01.23-18.09.40:855][332]LogShaderCompilers: Display: Worker (2/13): shaders left to compile 40
[2020.01.23-18.09.40:855][332]LogShaderCompilers: Display: Worker (7/13): shaders left to compile 39
[2020.01.23-18.09.40:881][334]LogShaderCompilers: Display: Worker (1/13): shaders left to compile 38
[2020.01.23-18.09.40:891][335]LogShaderCompilers: Display: Worker (3/13): shaders left to compile 37
[2020.01.23-18.09.40:906][336]LogShaderCompilers: Display: Worker (9/13): shaders left to compile 36
[2020.01.23-18.09.40:907][336]MaterialEditorStats: Base pass shader: 128 instructions
[2020.01.23-18.09.40:907][336]MaterialEditorStats: Base pass shader with Volumetric Lightmap: 206 instructions
[2020.01.23-18.09.40:907][336]MaterialEditorStats: Base pass vertex shader: 44 instructions
[2020.01.23-18.09.40:907][336]MaterialEditorStats: Texture samplers: 6/16
[2020.01.23-18.09.40:907][336]MaterialEditorStats: Texture Lookups (Est.): VS(0), PS(3)
[2020.01.23-18.09.40:907][336]MaterialEditorStats: User interpolators: 2/4 Scalars (1/4 Vectors) (TexCoords: 2, Custom: 0)
[2020.01.23-18.09.40:918][336]LogShaderCompilers: Display: Worker (10/13): shaders left to compile 35
[2020.01.23-18.09.40:948][339]LogShaderCompilers: Display: Worker (6/13): shaders left to compile 34
[2020.01.23-18.09.40:968][341]LogShaderCompilers: Display: Worker (8/13): shaders left to compile 33
[2020.01.23-18.09.40:978][342]LogShaderCompilers: Display: Worker (12/13): shaders left to compile 32
[2020.01.23-18.09.40:988][343]LogShaderCompilers: Display: Worker (4/13): shaders left to compile 31
[2020.01.23-18.09.40:999][344]LogShaderCompilers: Display: Worker (11/13): shaders left to compile 30
[2020.01.23-18.09.41:081][352]LogShaderCompilers: Display: Worker (5/13): shaders left to compile 29
[2020.01.23-18.09.41:106][354]LogShaderCompilers: Display: Worker (2/13): shaders left to compile 28
[2020.01.23-18.09.41:455][375]LogShaderCompilers: Display: Worker (9/13): shaders left to compile 27
[2020.01.23-18.09.41:475][376]LogShaderCompilers: Display: Worker (12/13): shaders left to compile 26
[2020.01.23-18.09.41:593][382]LogShaderCompilers: Display: Worker (2/13): shaders left to compile 25
[2020.01.23-18.09.41:861][395]LogShaderCompilers: Display: Worker (3/13): shaders left to compile 24
[2020.01.23-18.09.41:924][398]LogShaderCompilers: Display: Worker (8/13): shaders left to compile 23
[2020.01.23-18.09.42:012][402]LogShaderCompilers: Display: Worker (5/13): shaders left to compile 22
[2020.01.23-18.09.42:326][424]LogShaderCompilers: Display: Worker (3/13): shaders left to compile 21
[2020.01.23-18.09.42:498][438]LogShaderCompilers: Display: Worker (2/13): shaders left to compile 20
[2020.01.23-18.09.42:958][474]LogShaderCompilers: Display: Worker (2/13): shaders left to compile 19
[2020.01.23-18.09.43:229][496]LogShaderCompilers: Display: Worker (3/13): shaders left to compile 18
[2020.01.23-18.09.43:735][537]LogEditorViewport: Clicking on Actor (LMB): StaticMeshActor (SM_Rock5_low8)
[2020.01.23-18.09.45:064][622]LogShaderCompilers: Display: Worker (4/13): shaders left to compile 17
[2020.01.23-18.09.45:064][622]LogShaderCompilers: Display: Worker (10/13): shaders left to compile 16
[2020.01.23-18.09.45:090][624]LogShaderCompilers: Display: Worker (7/13): shaders left to compile 15
[2020.01.23-18.09.45:431][646]LogShaderCompilers: Display: Worker (6/13): shaders left to compile 14
[2020.01.23-18.09.45:527][652]LogShaderCompilers: Display: Worker (10/13): shaders left to compile 13
[2020.01.23-18.09.45:573][654]LogShaderCompilers: Display: Worker (9/13): shaders left to compile 12
[2020.01.23-18.09.45:681][662]LogShaderCompilers: Display: Worker (11/13): shaders left to compile 11
[2020.01.23-18.09.45:806][671]LogShaderCompilers: Display: Worker (12/13): shaders left to compile 10
[2020.01.23-18.09.45:912][679]LogShaderCompilers: Display: Worker (4/13): shaders left to compile 9
[2020.01.23-18.09.46:007][687]LogShaderCompilers: Display: Worker (9/13): shaders left to compile 8
[2020.01.23-18.09.46:043][690]LogShaderCompilers: Display: Worker (8/13): shaders left to compile 7
[2020.01.23-18.09.46:348][712]LogShaderCompilers: Display: Worker (10/13): shaders left to compile 6
[2020.01.23-18.09.46:394][716]LogShaderCompilers: Display: Worker (5/13): shaders left to compile 5
[2020.01.23-18.09.46:448][720]LogShaderCompilers: Display: Worker (9/13): shaders left to compile 4
[2020.01.23-18.09.46:781][747]LogShaderCompilers: Display: Worker (2/13): shaders left to compile 3
[2020.01.23-18.09.46:793][748]LogShaderCompilers: Display: Worker (4/13): shaders left to compile 2
[2020.01.23-18.09.46:884][756]LogShaderCompilers: Display: Worker (9/13): shaders left to compile 1
[2020.01.23-18.09.47:139][777]LogEditorViewport: Clicking on Actor (LMB): StaticMeshActor (SM_Rock5_low9)
[2020.01.23-18.09.49:049][955]MaterialEditorStats: Base pass shader: 311 instructions
[2020.01.23-18.09.49:049][955]MaterialEditorStats: Base pass shader with Surface Lightmap: 345 instructions
[2020.01.23-18.09.49:049][955]MaterialEditorStats: Base pass shader with Volumetric Lightmap: 390 instructions
[2020.01.23-18.09.49:049][955]MaterialEditorStats: Base pass vertex shader: 137 instructions
[2020.01.23-18.09.49:049][955]MaterialEditorStats: Texture samplers: 4/16
[2020.01.23-18.09.50:680][146]Cmd: CAMERA ALIGN ACTIVEVIEWPORTONLY
[2020.01.23-18.09.53:250][408]LogEditorViewport: Clicking on Actor (LMB): StaticMeshActor (SM_Rock5_low8)
[2020.01.23-18.09.53:592][435]LogEditorViewport: Clicking on Actor (LMB): StaticMeshActor (SM_Rock1_low3)
[2020.01.23-18.09.55:267][581]LogEditorViewport: Clicking on Actor (LMB): StaticMeshActor (SM_Rock1_low3)
[2020.01.23-18.09.55:622][621]LogEditorViewport: Clicking on Actor (LMB): StaticMeshActor (SM_Rock5_low8)
[2020.01.23-18.10.10:513][339]Cmd: SELECT NONE
[2020.01.23-18.10.13:465][677]LogEditorViewport: Clicking on Actor (LMB): StaticMeshActor (SM_Rock5_low9)
[2020.01.23-18.10.15:422][873]Cmd: SELECT NONE
[2020.01.23-18.10.17:708][138]LogEditorViewport: Clicking on Actor (LMB): StaticMeshActor (SM_Rock5_low9)
[2020.01.23-18.10.21:673][534]LogEditorViewport: Clicking on Actor (LMB): StaticMeshActor (SM_Rock5_low8)
[2020.01.23-18.10.23:897][769]LogEditorViewport: Clicking on Actor (LMB): StaticMeshActor (SM_Rock5_low9)
[2020.01.23-18.10.25:581][963]Cmd: SELECT NONE
[2020.01.23-18.10.29:948][478]LogEditorViewport: Clicking on Actor (LMB): BP_Sky_Sphere_C (Sky Sphere)
[2020.01.23-18.10.30:824][579]LogEditorViewport: Clicking on Actor (LMB): StaticMeshActor (SM_Rock3_low3)
[2020.01.23-18.10.31:925][706]LogEditorViewport: Clicking on Actor (LMB): StaticMeshActor (SM_Rock3_low2)
[2020.01.23-18.10.37:041][301]LogEditorViewport: Clicking on Actor (LMB): StaticMeshActor (SM_Rock3_low3)
[2020.01.23-18.10.38:553][474]Cmd: CAMERA ALIGN ACTIVEVIEWPORTONLY
[2020.01.23-18.10.40:030][627]LogEditorViewport: Clicking on Actor (LMB): StaticMeshActor (SM_Rock3_low2)
[2020.01.23-18.10.44:479][109]LogEditorViewport: Clicking on Actor (LMB): StaticMeshActor (SM_Rock3_low5)
[2020.01.23-18.10.51:738][928]Cmd: SELECT NONE
[2020.01.23-18.10.52:359][  2]LogEditorViewport: Clicking on Actor (LMB): StaticMeshActor (SM_Rock1_low)
[2020.01.23-18.10.54:156][188]LogEditorViewport: Clicking on Actor (LMB): BP_Sky_Sphere_C (Sky Sphere)
[2020.01.23-18.10.54:869][270]LogEditorViewport: Clicking on Actor (LMB): StaticMeshActor (SM_Rock2_low8)
[2020.01.23-18.10.56:609][474]LogEditorViewport: Clicking on Actor (LMB): BP_Sky_Sphere_C (Sky Sphere)
[2020.01.23-18.10.57:366][561]LogEditorViewport: Clicking on Actor (LMB): StaticMeshActor (SM_Rock2_low8)
[2020.01.23-18.11.08:728][854]Cmd: SELECT NONE
[2020.01.23-18.11.12:074][249]LogEditorViewport: Clicking on Actor (LMB): StaticMeshActor (SM_Rock2_low11)
[2020.01.23-18.11.17:969][923]Cmd: SELECT NONE
[2020.01.23-18.11.23:357][566]LogEditorViewport: Clicking on Actor (LMB): StaticMeshActor (SM_Rock2_low11)
[2020.01.23-18.11.24:867][736]Cmd: SELECT NONE
[2020.01.23-18.11.26:050][876]LogEditorViewport: Clicking on Actor (LMB): StaticMeshActor (SM_Rock2_low11)
[2020.01.23-18.11.28:677][180]LogEditorViewport: Clicking on Actor (LMB): BP_Sky_Sphere_C (Sky Sphere)
[2020.01.23-18.11.29:550][281]LogEditorViewport: Clicking on Actor (LMB): BP_Sky_Sphere_C (Sky Sphere)
[2020.01.23-18.11.29:923][324]LogEditorViewport: Clicking on Actor (LMB): StaticMeshActor (SM_Rock2_low11)
[2020.01.23-18.11.30:988][442]Cmd: SELECT NONE
[2020.01.23-18.11.32:457][618]LogEditorViewport: Clicking on Actor (LMB): StaticMeshActor (SM_Rock2_low11)
[2020.01.23-18.11.35:315][943]Cmd: SELECT NONE
[2020.01.23-18.11.39:410][434]LogEditorViewport: Clicking on Actor (LMB): StaticMeshActor (SM_Rock2_low11)
[2020.01.23-18.11.40:512][562]Cmd: DELETE
[2020.01.23-18.11.40:512][562]Cmd: ACTOR DELETE
[2020.01.23-18.11.40:517][562]LogEditorActor: Deleted Actor: StaticMeshActor
[2020.01.23-18.11.40:553][562]LogUObjectHash: Compacting FUObjectHashTables data took   1.53ms
[2020.01.23-18.11.40:554][562]LogEditorActor: Deleted 1 Actors (0.043 secs)
[2020.01.23-18.11.46:598][287]LogEditorViewport: Clicking on Actor (LMB): StaticMeshActor (SM_Wall_end2)
[2020.01.23-18.11.47:216][356]LogEditorViewport: Clicking on Actor (LMB): BP_Sky_Sphere_C (Sky Sphere)
[2020.01.23-18.11.48:205][471]Cmd: SELECT NONE
[2020.01.23-18.11.49:664][646]LogEditorViewport: Clicking on Actor (LMB): StaticMeshActor (SM_Wall_joining)
[2020.01.23-18.11.49:873][666]Cmd: CAMERA ALIGN ACTIVEVIEWPORTONLY
[2020.01.23-18.11.54:035][126]LogEditorViewport: Clicking on Actor (LMB): StaticMeshActor (SM_Wall_joining3)
[2020.01.23-18.11.54:198][140]Cmd: CAMERA ALIGN ACTIVEVIEWPORTONLY
[2020.01.23-18.11.57:264][468]Cmd: SELECT NONE
[2020.01.23-18.12.02:275][ 52]LogEditorViewport: Clicking on Actor (LMB): StaticMeshActor (SM_Wall_joining)
[2020.01.23-18.12.03:564][183]LogEditorViewport: Clicking on Actor (LMB): StaticMeshActor (SM_Wall_joining)
[2020.01.23-18.12.13:847][290]Cmd: TRANSACTION UNDO
[2020.01.23-18.12.13:847][290]LogEditorTransaction: Undo Scale Actors
[2020.01.23-18.12.13:856][290]LogMaterial: Display: Missing cached shader map for material m_Path, compiling. 
[2020.01.23-18.12.13:870][290]LogMaterial: Display: Missing cached shader map for material Base_Colour, compiling. 
[2020.01.23-18.12.13:894][290]LogShaderCompilers: Display: Worker (1/13): shaders left to compile 21
[2020.01.23-18.12.13:895][290]LogShaderCompilers: Display: Worker (2/13): shaders left to compile 20
[2020.01.23-18.12.13:895][290]LogShaderCompilers: Display: Worker (3/13): shaders left to compile 19
[2020.01.23-18.12.13:895][290]LogShaderCompilers: Display: Worker (4/13): shaders left to compile 18
[2020.01.23-18.12.13:895][290]LogShaderCompilers: Display: Worker (5/13): shaders left to compile 17
[2020.01.23-18.12.13:895][290]LogShaderCompilers: Display: Worker (6/13): shaders left to compile 16
[2020.01.23-18.12.13:895][290]LogShaderCompilers: Display: Worker (7/13): shaders left to compile 15
[2020.01.23-18.12.13:895][290]LogShaderCompilers: Display: Worker (8/13): shaders left to compile 14
[2020.01.23-18.12.13:895][290]LogShaderCompilers: Display: Worker (9/13): shaders left to compile 13
[2020.01.23-18.12.13:895][290]LogShaderCompilers: Display: Worker (10/13): shaders left to compile 12
[2020.01.23-18.12.13:895][290]LogShaderCompilers: Display: Worker (11/13): shaders left to compile 11
[2020.01.23-18.12.13:895][290]LogShaderCompilers: Display: Worker (12/13): shaders left to compile 10
[2020.01.23-18.12.14:250][303]LogShaderCompilers: Display: Worker (8/13): shaders left to compile 62
[2020.01.23-18.12.14:388][306]LogShaderCompilers: Display: Worker (5/13): shaders left to compile 61
[2020.01.23-18.12.14:406][307]LogShaderCompilers: Display: Worker (2/13): shaders left to compile 60
[2020.01.23-18.12.14:406][307]LogShaderCompilers: Display: Worker (4/13): shaders left to compile 59
[2020.01.23-18.12.14:423][308]LogShaderCompilers: Display: Worker (1/13): shaders left to compile 58
[2020.01.23-18.12.14:423][308]LogShaderCompilers: Display: Worker (3/13): shaders left to compile 57
[2020.01.23-18.12.14:423][308]LogShaderCompilers: Display: Worker (9/13): shaders left to compile 56
[2020.01.23-18.12.14:452][309]LogShaderCompilers: Display: Worker (6/13): shaders left to compile 55
[2020.01.23-18.12.14:452][309]LogShaderCompilers: Display: Worker (7/13): shaders left to compile 54
[2020.01.23-18.12.14:480][311]LogShaderCompilers: Display: Worker (12/13): shaders left to compile 53
[2020.01.23-18.12.14:663][317]LogShaderCompilers: Display: Worker (12/13): shaders left to compile 52
[2020.01.23-18.12.14:676][318]LogShaderCompilers: Display: Worker (10/13): shaders left to compile 51
[2020.01.23-18.12.14:690][319]LogShaderCompilers: Display: Worker (11/13): shaders left to compile 50
[2020.01.23-18.12.14:789][327]LogShaderCompilers: Display: Worker (2/13): shaders left to compile 49
[2020.01.23-18.12.14:814][329]LogShaderCompilers: Display: Worker (3/13): shaders left to compile 48
[2020.01.23-18.12.14:861][333]LogShaderCompilers: Display: Worker (11/13): shaders left to compile 47
[2020.01.23-18.12.14:872][334]LogShaderCompilers: Display: Worker (7/13): shaders left to compile 46
[2020.01.23-18.12.14:872][334]LogShaderCompilers: Display: Worker (10/13): shaders left to compile 45
[2020.01.23-18.12.14:892][336]LogShaderCompilers: Display: Worker (8/13): shaders left to compile 44
[2020.01.23-18.12.14:992][345]LogShaderCompilers: Display: Worker (12/13): shaders left to compile 43
[2020.01.23-18.12.15:004][346]LogShaderCompilers: Display: Worker (11/13): shaders left to compile 42
[2020.01.23-18.12.15:028][348]LogShaderCompilers: Display: Worker (6/13): shaders left to compile 41
[2020.01.23-18.12.15:039][349]LogShaderCompilers: Display: Worker (9/13): shaders left to compile 40
[2020.01.23-18.12.15:050][350]LogShaderCompilers: Display: Worker (4/13): shaders left to compile 39
[2020.01.23-18.12.15:060][351]LogShaderCompilers: Display: Worker (1/13): shaders left to compile 38
[2020.01.23-18.12.15:070][352]LogShaderCompilers: Display: Worker (2/13): shaders left to compile 37
[2020.01.23-18.12.15:070][352]LogShaderCompilers: Display: Worker (5/13): shaders left to compile 36
[2020.01.23-18.12.15:088][353]LogShaderCompilers: Display: Worker (10/13): shaders left to compile 35
[2020.01.23-18.12.15:088][353]MaterialEditorStats: Base pass shader: 128 instructions
[2020.01.23-18.12.15:088][353]MaterialEditorStats: Base pass shader with Volumetric Lightmap: 206 instructions
[2020.01.23-18.12.15:088][353]MaterialEditorStats: Base pass vertex shader: 44 instructions
[2020.01.23-18.12.15:088][353]MaterialEditorStats: Texture samplers: 6/16
[2020.01.23-18.12.15:088][353]MaterialEditorStats: Texture Lookups (Est.): VS(0), PS(3)
[2020.01.23-18.12.15:088][353]MaterialEditorStats: User interpolators: 2/4 Scalars (1/4 Vectors) (TexCoords: 2, Custom: 0)
[2020.01.23-18.12.15:108][354]LogShaderCompilers: Display: Worker (3/13): shaders left to compile 34
[2020.01.23-18.12.15:139][357]LogShaderCompilers: Display: Worker (12/13): shaders left to compile 33
[2020.01.23-18.12.15:149][358]LogShaderCompilers: Display: Worker (7/13): shaders left to compile 32
[2020.01.23-18.12.15:159][359]LogShaderCompilers: Display: Worker (6/13): shaders left to compile 31
[2020.01.23-18.12.15:179][361]LogShaderCompilers: Display: Worker (8/13): shaders left to compile 30
[2020.01.23-18.12.15:256][368]LogShaderCompilers: Display: Worker (11/13): shaders left to compile 29
[2020.01.23-18.12.15:283][370]LogShaderCompilers: Display: Worker (9/13): shaders left to compile 28
[2020.01.23-18.12.15:578][392]LogShaderCompilers: Display: Worker (5/13): shaders left to compile 27
[2020.01.23-18.12.15:683][401]LogShaderCompilers: Display: Worker (7/13): shaders left to compile 26
[2020.01.23-18.12.15:808][412]LogShaderCompilers: Display: Worker (9/13): shaders left to compile 25
[2020.01.23-18.12.16:105][424]LogShaderCompilers: Display: Worker (2/13): shaders left to compile 24
[2020.01.23-18.12.16:129][425]LogShaderCompilers: Display: Worker (12/13): shaders left to compile 23
[2020.01.23-18.12.16:282][432]LogShaderCompilers: Display: Worker (11/13): shaders left to compile 22
[2020.01.23-18.12.16:618][449]LogShaderCompilers: Display: Worker (2/13): shaders left to compile 21
[2020.01.23-18.12.16:758][456]LogShaderCompilers: Display: Worker (9/13): shaders left to compile 20
[2020.01.23-18.12.17:262][482]LogShaderCompilers: Display: Worker (9/13): shaders left to compile 19
[2020.01.23-18.12.17:624][501]LogShaderCompilers: Display: Worker (2/13): shaders left to compile 18
[2020.01.23-18.12.19:525][590]LogShaderCompilers: Display: Worker (4/13): shaders left to compile 17
[2020.01.23-18.12.19:602][596]LogShaderCompilers: Display: Worker (6/13): shaders left to compile 16
[2020.01.23-18.12.19:739][607]LogShaderCompilers: Display: Worker (10/13): shaders left to compile 15
[2020.01.23-18.12.19:752][608]LogShaderCompilers: Display: Worker (8/13): shaders left to compile 14
[2020.01.23-18.12.19:986][625]LogShaderCompilers: Display: Worker (3/13): shaders left to compile 13
[2020.01.23-18.12.20:035][629]LogShaderCompilers: Display: Worker (1/13): shaders left to compile 12
[2020.01.23-18.12.20:072][632]LogShaderCompilers: Display: Worker (6/13): shaders left to compile 11
[2020.01.23-18.12.20:120][636]LogShaderCompilers: Display: Worker (5/13): shaders left to compile 10
[2020.01.23-18.12.20:506][664]LogShaderCompilers: Display: Worker (1/13): shaders left to compile 9
[2020.01.23-18.12.20:518][665]LogShaderCompilers: Display: Worker (4/13): shaders left to compile 8
[2020.01.23-18.12.20:530][666]LogShaderCompilers: Display: Worker (7/13): shaders left to compile 7
[2020.01.23-18.12.20:757][684]LogShaderCompilers: Display: Worker (12/13): shaders left to compile 6
[2020.01.23-18.12.20:951][699]LogShaderCompilers: Display: Worker (3/13): shaders left to compile 5
[2020.01.23-18.12.21:015][704]LogShaderCompilers: Display: Worker (4/13): shaders left to compile 4
[2020.01.23-18.12.21:079][709]LogShaderCompilers: Display: Worker (11/13): shaders left to compile 3
[2020.01.23-18.12.21:429][735]LogShaderCompilers: Display: Worker (1/13): shaders left to compile 2
[2020.01.23-18.12.21:480][739]LogShaderCompilers: Display: Worker (4/13): shaders left to compile 1
[2020.01.23-18.12.22:877][855]Cmd: SELECT NONE
[2020.01.23-18.12.23:647][932]MaterialEditorStats: Base pass shader: 311 instructions
[2020.01.23-18.12.23:647][932]MaterialEditorStats: Base pass shader with Surface Lightmap: 345 instructions
[2020.01.23-18.12.23:647][932]MaterialEditorStats: Base pass shader with Volumetric Lightmap: 390 instructions
[2020.01.23-18.12.23:647][932]MaterialEditorStats: Base pass vertex shader: 137 instructions
[2020.01.23-18.12.23:647][932]MaterialEditorStats: Texture samplers: 4/16
[2020.01.23-18.12.24:675][ 48]LogEditorViewport: Clicking on Actor (LMB): StaticMeshActor (SM_tree)
[2020.01.23-18.12.29:636][562]LogEditorViewport: Clicking on Actor (LMB): StaticMeshActor (SM_Rock1_low2)
[2020.01.23-18.12.31:073][718]LogEditorViewport: Clicking on Actor (LMB): StaticMeshActor (SM_Wall_end)
[2020.01.23-18.12.34:542][117]LogEditorViewport: Clicking on Actor (LMB): StaticMeshActor (SM_Rock3_low14)
[2020.01.23-18.12.35:196][190]LogEditorViewport: Clicking on Actor (LMB): StaticMeshActor (SM_Wall_end)
[2020.01.23-18.12.36:458][332]Cmd: SELECT NONE
[2020.01.23-18.12.36:915][386]Cmd: CAMERA ALIGN ACTIVEVIEWPORTONLY
[2020.01.23-18.12.36:915][386]Can't find target actor or component.
[2020.01.23-18.12.37:558][461]Cmd: CAMERA ALIGN ACTIVEVIEWPORTONLY
[2020.01.23-18.12.37:558][461]Can't find target actor or component.
[2020.01.23-18.12.40:439][804]LogEditorViewport: Clicking on Actor (LMB): StaticMeshActor (SM_Wall_end2)
[2020.01.23-18.12.41:674][943]Cmd: SELECT NONE
[2020.01.23-18.12.43:993][221]LogEditorViewport: Clicking on Actor (LMB): StaticMeshActor (SM_Wall_end)
[2020.01.23-18.12.45:199][360]Cmd: SELECT NONE
[2020.01.23-18.13.18:983][615]LogUObjectHash: Compacting FUObjectHashTables data took   0.82ms
[2020.01.23-18.13.18:983][615]Cmd: OBJ SAVEPACKAGE PACKAGE="/Game/Diorama" FILE="../../../../Art/Park_SFAS/Park/Saved/Autosaves/Game/Diorama_Auto0.umap" SILENT=true AUTOSAVING=true KEEPDIRTY=false
[2020.01.23-18.13.19:240][615]LogSavePackage: Moving '../../../../Art/Park_SFAS/Park/Saved/Diorama_Auto0D74BF2A94A86778815EB9980722442F6.tmp' to '../../../../Art/Park_SFAS/Park/Saved/Autosaves/Game/Diorama_Auto0.umap'
[2020.01.23-18.13.19:242][615]LogFileHelpers: Editor autosave (incl. sublevels) for '/Game/Diorama' took 0.295
[2020.01.23-18.13.19:242][615]LogFileHelpers: Editor autosave (incl. sublevels) for all levels took 0.295
[2020.01.23-18.13.50:533][779]LogEditorViewport: Clicking on Actor (LMB): BP_Sky_Sphere_C (Sky Sphere)
[2020.01.23-18.13.52:287][986]Cmd: SELECT NONE
[2020.01.23-18.13.59:658][870]LogEditorViewport: Clicking on Actor (LMB): StaticMeshActor (SM_Rock5_low)
[2020.01.23-18.14.02:962][253]Cmd: SELECT NONE
[2020.01.23-18.14.03:959][369]LogEditorViewport: Clicking on Actor (LMB): BP_Sky_Sphere_C (Sky Sphere)
[2020.01.23-18.14.04:916][478]LogEditorViewport: Clicking on Actor (LMB): StaticMeshActor (SM_Rock5_low)
[2020.01.23-18.14.06:766][689]Cmd: SELECT NONE
[2020.01.23-18.14.07:779][809]LogEditorViewport: Clicking on Actor (LMB): StaticMeshActor (SM_Rock5_low)
[2020.01.23-18.14.09:381][994]Cmd: SELECT NONE
[2020.01.23-18.14.10:148][ 86]LogEditorViewport: Clicking on Actor (LMB): StaticMeshActor (SM_Rock5_low)
[2020.01.23-18.14.11:495][239]Cmd: SELECT NONE
[2020.01.23-18.14.13:260][444]LogEditorViewport: Clicking on Actor (LMB): StaticMeshActor (SM_Rock2_low10)
[2020.01.23-18.14.14:045][532]Cmd: SELECT NONE
[2020.01.23-18.14.14:989][644]LogEditorViewport: Clicking on Actor (LMB): StaticMeshActor (SM_Rock6_low13)
[2020.01.23-18.14.18:442][ 42]Cmd: TRANSACTION UNDO
[2020.01.23-18.14.18:442][ 42]LogEditorTransaction: Undo Rotate Actors
[2020.01.23-18.14.18:446][ 42]LogMaterial: Display: Missing cached shader map for material m_Path, compiling. 
[2020.01.23-18.14.18:460][ 42]LogMaterial: Display: Missing cached shader map for material Base_Colour, compiling. 
[2020.01.23-18.14.18:484][ 42]LogShaderCompilers: Display: Worker (1/13): shaders left to compile 21
[2020.01.23-18.14.18:484][ 42]LogShaderCompilers: Display: Worker (2/13): shaders left to compile 20
[2020.01.23-18.14.18:484][ 42]LogShaderCompilers: Display: Worker (3/13): shaders left to compile 19
[2020.01.23-18.14.18:484][ 42]LogShaderCompilers: Display: Worker (4/13): shaders left to compile 18
[2020.01.23-18.14.18:484][ 42]LogShaderCompilers: Display: Worker (5/13): shaders left to compile 17
[2020.01.23-18.14.18:484][ 42]LogShaderCompilers: Display: Worker (6/13): shaders left to compile 16
[2020.01.23-18.14.18:484][ 42]LogShaderCompilers: Display: Worker (7/13): shaders left to compile 15
[2020.01.23-18.14.18:484][ 42]LogShaderCompilers: Display: Worker (8/13): shaders left to compile 14
[2020.01.23-18.14.18:484][ 42]LogShaderCompilers: Display: Worker (9/13): shaders left to compile 13
[2020.01.23-18.14.18:484][ 42]LogShaderCompilers: Display: Worker (10/13): shaders left to compile 12
[2020.01.23-18.14.18:484][ 42]LogShaderCompilers: Display: Worker (11/13): shaders left to compile 11
[2020.01.23-18.14.18:484][ 42]LogShaderCompilers: Display: Worker (12/13): shaders left to compile 10
[2020.01.23-18.14.18:822][ 62]LogShaderCompilers: Display: Worker (8/13): shaders left to compile 62
[2020.01.23-18.14.18:942][ 68]LogShaderCompilers: Display: Worker (1/13): shaders left to compile 61
[2020.01.23-18.14.18:946][ 69]Cmd: SELECT NONE
[2020.01.23-18.14.18:952][ 69]LogShaderCompilers: Display: Worker (2/13): shaders left to compile 60
[2020.01.23-18.14.18:966][ 70]LogShaderCompilers: Display: Worker (6/13): shaders left to compile 59
[2020.01.23-18.14.18:987][ 72]LogShaderCompilers: Display: Worker (3/13): shaders left to compile 58
[2020.01.23-18.14.19:002][ 74]LogShaderCompilers: Display: Worker (4/13): shaders left to compile 57
[2020.01.23-18.14.19:003][ 74]LogShaderCompilers: Display: Worker (9/13): shaders left to compile 56
[2020.01.23-18.14.19:019][ 76]LogShaderCompilers: Display: Worker (5/13): shaders left to compile 55
[2020.01.23-18.14.19:019][ 76]LogShaderCompilers: Display: Worker (7/13): shaders left to compile 54
[2020.01.23-18.14.19:053][ 80]LogShaderCompilers: Display: Worker (12/13): shaders left to compile 53
[2020.01.23-18.14.19:248][102]LogShaderCompilers: Display: Worker (12/13): shaders left to compile 52
[2020.01.23-18.14.19:274][105]LogShaderCompilers: Display: Worker (10/13): shaders left to compile 51
[2020.01.23-18.14.19:309][109]LogShaderCompilers: Display: Worker (11/13): shaders left to compile 50
[2020.01.23-18.14.19:389][118]LogShaderCompilers: Display: Worker (2/13): shaders left to compile 49
[2020.01.23-18.14.19:416][121]LogShaderCompilers: Display: Worker (8/13): shaders left to compile 48
[2020.01.23-18.14.19:435][123]LogShaderCompilers: Display: Worker (4/13): shaders left to compile 47
[2020.01.23-18.14.19:443][124]LogShaderCompilers: Display: Worker (7/13): shaders left to compile 46
[2020.01.23-18.14.19:460][126]LogShaderCompilers: Display: Worker (10/13): shaders left to compile 45
[2020.01.23-18.14.19:484][129]LogShaderCompilers: Display: Worker (11/13): shaders left to compile 44
[2020.01.23-18.14.19:578][140]LogShaderCompilers: Display: Worker (1/13): shaders left to compile 43
[2020.01.23-18.14.19:595][142]LogShaderCompilers: Display: Worker (9/13): shaders left to compile 42
[2020.01.23-18.14.19:595][142]LogShaderCompilers: Display: Worker (12/13): shaders left to compile 41
[2020.01.23-18.14.19:621][145]LogShaderCompilers: Display: Worker (4/13): shaders left to compile 40
[2020.01.23-18.14.19:621][145]LogShaderCompilers: Display: Worker (5/13): shaders left to compile 39
[2020.01.23-18.14.19:621][145]LogShaderCompilers: Display: Worker (6/13): shaders left to compile 38
[2020.01.23-18.14.19:645][148]LogShaderCompilers: Display: Worker (3/13): shaders left to compile 37
[2020.01.23-18.14.19:660][149]LogShaderCompilers: Display: Worker (2/13): shaders left to compile 36
[2020.01.23-18.14.19:661][149]MaterialEditorStats: Base pass shader: 128 instructions
[2020.01.23-18.14.19:661][149]MaterialEditorStats: Base pass shader with Volumetric Lightmap: 206 instructions
[2020.01.23-18.14.19:661][149]MaterialEditorStats: Base pass vertex shader: 44 instructions
[2020.01.23-18.14.19:661][149]MaterialEditorStats: Texture samplers: 6/16
[2020.01.23-18.14.19:661][149]MaterialEditorStats: Texture Lookups (Est.): VS(0), PS(3)
[2020.01.23-18.14.19:661][149]MaterialEditorStats: User interpolators: 2/4 Scalars (1/4 Vectors) (TexCoords: 2, Custom: 0)
[2020.01.23-18.14.19:669][149]LogShaderCompilers: Display: Worker (10/13): shaders left to compile 35
[2020.01.23-18.14.19:710][154]LogShaderCompilers: Display: Worker (8/13): shaders left to compile 34
[2020.01.23-18.14.19:727][156]LogShaderCompilers: Display: Worker (7/13): shaders left to compile 33
[2020.01.23-18.14.19:736][157]LogShaderCompilers: Display: Worker (12/13): shaders left to compile 32
[2020.01.23-18.14.19:752][159]LogShaderCompilers: Display: Worker (11/13): shaders left to compile 31
[2020.01.23-18.14.19:761][160]LogShaderCompilers: Display: Worker (1/13): shaders left to compile 30
[2020.01.23-18.14.19:835][168]LogShaderCompilers: Display: Worker (9/13): shaders left to compile 29
[2020.01.23-18.14.19:851][170]LogShaderCompilers: Display: Worker (4/13): shaders left to compile 28
[2020.01.23-18.14.20:278][214]LogShaderCompilers: Display: Worker (2/13): shaders left to compile 27
[2020.01.23-18.14.20:324][219]LogShaderCompilers: Display: Worker (12/13): shaders left to compile 26
[2020.01.23-18.14.20:418][230]LogShaderCompilers: Display: Worker (4/13): shaders left to compile 25
[2020.01.23-18.14.20:537][242]LogEditorViewport: Clicking on Actor (LMB): StaticMeshActor (SM_Rock1_low3)
[2020.01.23-18.14.20:694][248]LogShaderCompilers: Display: Worker (3/13): shaders left to compile 24
[2020.01.23-18.14.20:770][254]LogShaderCompilers: Display: Worker (7/13): shaders left to compile 23
[2020.01.23-18.14.20:850][260]LogShaderCompilers: Display: Worker (9/13): shaders left to compile 22
[2020.01.23-18.14.21:130][280]LogEditorViewport: Clicking on Actor (LMB): StaticMeshActor (SM_Wall_joining6)
[2020.01.23-18.14.21:158][280]LogShaderCompilers: Display: Worker (3/13): shaders left to compile 21
[2020.01.23-18.14.21:409][293]LogShaderCompilers: Display: Worker (4/13): shaders left to compile 20
[2020.01.23-18.14.21:757][321]Cmd: CAMERA ALIGN ACTIVEVIEWPORTONLY
[2020.01.23-18.14.21:876][327]LogShaderCompilers: Display: Worker (4/13): shaders left to compile 19
[2020.01.23-18.14.22:114][334]LogShaderCompilers: Display: Worker (3/13): shaders left to compile 18
[2020.01.23-18.14.24:150][425]LogShaderCompilers: Display: Worker (10/13): shaders left to compile 17
[2020.01.23-18.14.24:168][426]LogShaderCompilers: Display: Worker (5/13): shaders left to compile 16
[2020.01.23-18.14.24:189][427]LogShaderCompilers: Display: Worker (11/13): shaders left to compile 15
[2020.01.23-18.14.24:370][436]LogShaderCompilers: Display: Worker (1/13): shaders left to compile 14
[2020.01.23-18.14.24:478][441]LogShaderCompilers: Display: Worker (8/13): shaders left to compile 13
[2020.01.23-18.14.24:538][444]LogShaderCompilers: Display: Worker (6/13): shaders left to compile 12
[2020.01.23-18.14.24:646][449]LogShaderCompilers: Display: Worker (5/13): shaders left to compile 11
[2020.01.23-18.14.24:801][456]LogShaderCompilers: Display: Worker (2/13): shaders left to compile 10
[2020.01.23-18.14.25:016][467]LogShaderCompilers: Display: Worker (12/13): shaders left to compile 9
[2020.01.23-18.14.25:039][468]LogShaderCompilers: Display: Worker (6/13): shaders left to compile 8
[2020.01.23-18.14.25:106][471]LogShaderCompilers: Display: Worker (10/13): shaders left to compile 7
[2020.01.23-18.14.25:351][481]LogShaderCompilers: Display: Worker (7/13): shaders left to compile 6
[2020.01.23-18.14.25:435][485]LogShaderCompilers: Display: Worker (8/13): shaders left to compile 5
[2020.01.23-18.14.25:513][488]LogShaderCompilers: Display: Worker (6/13): shaders left to compile 4
[2020.01.23-18.14.25:534][489]LogShaderCompilers: Display: Worker (9/13): shaders left to compile 3
[2020.01.23-18.14.25:801][500]LogEditorViewport: Clicking on Actor (LMB): StaticMeshActor (Pavilion_base)
[2020.01.23-18.14.25:957][503]LogShaderCompilers: Display: Worker (12/13): shaders left to compile 2
[2020.01.23-18.14.25:998][505]LogShaderCompilers: Display: Worker (6/13): shaders left to compile 1
[2020.01.23-18.14.28:225][698]MaterialEditorStats: Base pass shader: 311 instructions
[2020.01.23-18.14.28:225][698]MaterialEditorStats: Base pass shader with Surface Lightmap: 345 instructions
[2020.01.23-18.14.28:225][698]MaterialEditorStats: Base pass shader with Volumetric Lightmap: 390 instructions
[2020.01.23-18.14.28:225][698]MaterialEditorStats: Base pass vertex shader: 137 instructions
[2020.01.23-18.14.28:225][698]MaterialEditorStats: Texture samplers: 4/16
[2020.01.23-18.14.33:652][330]LogEditorViewport: Clicking on Actor (LMB): StaticMeshActor (SM_level_top)
[2020.01.23-18.14.36:291][638]Cmd: SELECT NONE
[2020.01.23-18.14.39:562][ 19]LogEditorViewport: Clicking on Actor (LMB): StaticMeshActor (SM_Wall_joining6)
[2020.01.23-18.14.44:082][509]LogEditorViewport: Clicking on Actor (LMB): StaticMeshActor (SM_Wall_mid5)
[2020.01.23-18.14.48:129][951]Cmd: SELECT NONE
[2020.01.23-18.14.49:572][118]LogEditorViewport: Clicking on Actor (LMB): StaticMeshActor (SM_Wall_mid5)
[2020.01.23-18.14.52:881][476]LogEditorViewport: Clicking on Actor (LMB): StaticMeshActor (SM_Wall_joining5)
[2020.01.23-18.14.57:990][ 59]LogEditorViewport: Clicking on Actor (LMB): StaticMeshActor (SM_Wall_mid4)
[2020.01.23-18.15.00:471][350]LogEditorViewport: Clicking on Actor (LMB): StaticMeshActor (SM_Wall_joining4)
[2020.01.23-18.15.01:832][507]LogEditorViewport: Clicking on Actor (LMB): StaticMeshActor (SM_Wall_mid4)
[2020.01.23-18.15.05:243][902]LogEditorViewport: Clicking on Actor (LMB): StaticMeshActor (SM_Wall_joining5)
[2020.01.23-18.15.06:282][  6]LogEditorViewport: Clicking on Actor (LMB): StaticMeshActor (SM_Wall_mid5)
[2020.01.23-18.15.08:623][260]LogEditorViewport: Clicking on Actor (LMB): StaticMeshActor (SM_Wall_joining5)
[2020.01.23-18.15.10:958][531]LogEditorViewport: Clicking on Actor (LMB): StaticMeshActor (SM_Wall_mid4)
[2020.01.23-18.15.15:166][990]LogEditorViewport: Clicking on Actor (LMB): StaticMeshActor (SM_Wall_joining4)
[2020.01.23-18.15.15:534][ 30]Cmd: SELECT NONE
[2020.01.23-18.15.32:789][ 92]LogEditorViewport: Clicking on Actor (LMB): BP_Sky_Sphere_C (Sky Sphere)
[2020.01.23-18.15.33:268][143]LogEditorViewport: Clicking on Actor (LMB): StaticMeshActor (bush_low2)
[2020.01.23-18.15.35:904][447]Cmd: SELECT NONE
[2020.01.23-18.15.36:997][578]LogEditorViewport: Clicking on Actor (LMB): StaticMeshActor (SM_Rock2_low6)
[2020.01.23-18.15.37:568][642]LogEditorViewport: Clicking on Actor (LMB): StaticMeshActor (bush_low2)
[2020.01.23-18.15.40:090][927]LogEditorViewport: Clicking on Actor (LMB): StaticMeshActor (SM_grasspath)
[2020.01.23-18.15.41:091][ 43]LogEditorViewport: Clicking on Actor (LMB): StaticMeshActor (bush_low2)
[2020.01.23-18.15.42:746][234]LogEditorViewport: Clicking on Actor (LMB): BP_Sky_Sphere_C (Sky Sphere)
[2020.01.23-18.15.43:595][331]LogEditorViewport: Clicking on Actor (LMB): StaticMeshActor (bush_low2)
[2020.01.23-18.15.55:154][658]Cmd: SELECT NONE
[2020.01.23-18.15.55:920][750]LogEditorViewport: Clicking on Actor (LMB): StaticMeshActor (bush_low2)
[2020.01.23-18.15.58:726][ 60]Cmd: CAMERA ALIGN ACTIVEVIEWPORTONLY
[2020.01.23-18.16.21:617][565]Cmd: SELECT NONE
[2020.01.23-18.16.22:140][625]Cmd: CAMERA ALIGN ACTIVEVIEWPORTONLY
[2020.01.23-18.16.22:140][625]Can't find target actor or component.
[2020.01.23-18.16.36:838][385]LogSlate: FSceneViewport::OnFocusLost() reason 0
[2020.01.23-18.16.36:942][396]Cmd: OBJ SAVEPACKAGE PACKAGE="/Game/Diorama" FILE="../../../../Art/Park_SFAS/Park/Content/Diorama.umap" SILENT=true AUTOSAVING=false KEEPDIRTY=false
[2020.01.23-18.16.36:980][396]LogUObjectHash: Compacting FUObjectHashTables data took   1.91ms
[2020.01.23-18.16.37:208][396]LogSavePackage: Moving '../../../../Art/Park_SFAS/Park/Saved/Diorama25D1E76E4AAD2CA00FEC3D95E39E1514.tmp' to '../../../../Art/Park_SFAS/Park/Content/Diorama.umap'
[2020.01.23-18.16.37:244][396]Cmd: OBJ SAVEPACKAGE PACKAGE="/Game/Diorama_BuiltData" FILE="../../../../Art/Park_SFAS/Park/Content/Diorama_BuiltData.uasset" SILENT=true
[2020.01.23-18.16.37:414][396]LogSavePackage: Moving '../../../../Art/Park_SFAS/Park/Saved/Diorama_BuiltData412A44F34055758BC7135EB90C7B851F.tmp' to '../../../../Art/Park_SFAS/Park/Content/Diorama_BuiltData.uasset'
[2020.01.23-18.16.42:200][967]LogEditorViewport: Clicking on Actor (LMB): BP_Sky_Sphere_C (Sky Sphere)
[2020.01.23-18.16.42:663][ 19]LogEditorViewport: Clicking on Actor (LMB): StaticMeshActor (SM_tree)
[2020.01.23-18.16.44:983][284]Cmd: SELECT NONE
[2020.01.23-18.16.46:179][427]LogEditorViewport: Clicking on Actor (LMB): StaticMeshActor (SM_tree)
[2020.01.23-18.16.54:849][436]Cmd: CAMERA ALIGN ACTIVEVIEWPORTONLY
[2020.01.23-18.16.57:659][738]LogEditorViewport: Clicking on Actor (LMB): StaticMeshActor (SM_soil3)
[2020.01.23-18.16.58:557][827]LogEditorViewport: Clicking on Actor (LMB): StaticMeshActor (SM_Rock1_low5)
[2020.01.23-18.17.03:189][361]LogEditorViewport: Clicking on Actor (LMB): BP_Sky_Sphere_C (Sky Sphere)
[2020.01.23-18.17.03:698][418]LogEditorViewport: Clicking on Actor (LMB): StaticMeshActor (SM_tree)
[2020.01.23-18.17.05:568][632]LogEditorViewport: Clicking on Actor (LMB): StaticMeshActor (SM_soil3)
[2020.01.23-18.17.05:990][678]LogEditorViewport: Clicking on Actor (LMB): StaticMeshActor (SM_Rock6_low5)
[2020.01.23-18.17.08:719][994]Cmd: SELECT NONE
[2020.01.23-18.17.09:276][ 59]LogEditorViewport: Clicking on Actor (LMB): StaticMeshActor (SM_soil3)
[2020.01.23-18.17.10:231][167]LogEditorViewport: Clicking on Actor (LMB): StaticMeshActor (SM_Rock6_low5)
[2020.01.23-18.17.15:942][825]LogEditorViewport: Clicking on Actor (LMB): StaticMeshActor (SM_tree)
[2020.01.23-18.17.18:384][108]LogEditorViewport: Clicking on Actor (LMB): StaticMeshActor (SM_soil3)
[2020.01.23-18.17.19:610][250]LogEditorViewport: Clicking on Actor (LMB): StaticMeshActor (SM_Rock1_low5)
[2020.01.23-18.17.21:764][498]Cmd: SELECT NONE
[2020.01.23-18.17.28:594][307]LogEditorViewport: Clicking on Actor (LMB): BP_Sky_Sphere_C (Sky Sphere)
[2020.01.23-18.17.29:127][367]LogEditorViewport: Clicking on Actor (LMB): StaticMeshActor (SM_tree)
[2020.01.23-18.17.31:203][605]Cmd: SELECT NONE
[2020.01.23-18.17.35:500][120]LogEditorViewport: Clicking on Actor (LMB): StaticMeshActor (SM_tree)
[2020.01.23-18.17.44:818][201]Cmd: SELECT NONE
[2020.01.23-18.17.45:435][275]LogEditorViewport: Clicking on Actor (LMB): StaticMeshActor (SM_tree)
[2020.01.23-18.17.47:881][559]Cmd: SELECT NONE
[2020.01.23-18.17.49:979][810]LogEditorViewport: Clicking on Actor (LMB): StaticMeshActor (SM_tree)
[2020.01.23-18.17.53:300][190]Cmd: SELECT NONE
[2020.01.23-18.17.54:797][369]LogEditorViewport: Clicking on Actor (LMB): StaticMeshActor (SM_tree)
[2020.01.23-18.17.56:173][524]Cmd: SELECT NONE
[2020.01.23-18.17.59:585][926]LogEditorViewport: Clicking on Actor (LMB): StaticMeshActor (SM_Pavilion)
[2020.01.23-18.18.00:120][985]LogEditorViewport: Clicking on Actor (LMB): BP_Sky_Sphere_C (Sky Sphere)
[2020.01.23-18.18.01:650][165]Cmd: SELECT NONE
[2020.01.23-18.18.05:339][606]LogEditorViewport: Clicking on Actor (LMB): StaticMeshActor (SM_Bridge)
[2020.01.23-18.18.11:239][279]Cmd: CAMERA ALIGN ACTIVEVIEWPORTONLY
[2020.01.23-18.18.15:576][735]Cmd: SELECT NONE
[2020.01.23-18.18.16:370][830]LogEditorViewport: Clicking on Actor (LMB): StaticMeshActor (SM_Bridge)
[2020.01.23-18.18.21:160][376]Cmd: SELECT NONE
[2020.01.23-18.18.22:648][546]LogEditorViewport: Clicking on Actor (LMB): StaticMeshActor (SM_Bridge)
[2020.01.23-18.18.25:732][860]Cmd: SELECT NONE
[2020.01.23-18.18.37:049][192]LogEditorViewport: Clicking on Actor (LMB): StaticMeshActor (SM_Bridge)
[2020.01.23-18.18.37:533][246]Cmd: SELECT NONE
[2020.01.23-18.18.47:759][473]LogSlate: FSceneViewport::OnFocusLost() reason 0
[2020.01.23-18.18.47:865][484]Cmd: OBJ SAVEPACKAGE PACKAGE="/Game/Diorama" FILE="../../../../Art/Park_SFAS/Park/Content/Diorama.umap" SILENT=true AUTOSAVING=false KEEPDIRTY=false
[2020.01.23-18.18.47:903][484]LogUObjectHash: Compacting FUObjectHashTables data took   1.96ms
[2020.01.23-18.18.48:146][484]LogSavePackage: Moving '../../../../Art/Park_SFAS/Park/Saved/DioramaDFF2880B4F9E8345EA54F98F15B30D00.tmp' to '../../../../Art/Park_SFAS/Park/Content/Diorama.umap'
[2020.01.23-18.18.48:171][484]Cmd: OBJ SAVEPACKAGE PACKAGE="/Game/Diorama_BuiltData" FILE="../../../../Art/Park_SFAS/Park/Content/Diorama_BuiltData.uasset" SILENT=true
[2020.01.23-18.18.48:272][484]LogSavePackage: Moving '../../../../Art/Park_SFAS/Park/Saved/Diorama_BuiltData6A99389D4C84E18B7FC4FAA918B7D020.tmp' to '../../../../Art/Park_SFAS/Park/Content/Diorama_BuiltData.uasset'
[2020.01.23-18.19.34:872][962]LogEditorViewport: Clicking on Actor (LMB): BP_Sky_Sphere_C (Sky Sphere)
[2020.01.23-18.19.44:299][ 84]LogEditorViewport: Clicking on Actor (LMB): StaticMeshActor (SM_Wall_end)
[2020.01.23-18.19.45:023][166]Cmd: CAMERA ALIGN ACTIVEVIEWPORTONLY
[2020.01.23-18.19.51:900][935]LogEditorViewport: Clicking on Actor (LMB): StaticMeshActor (SM_Bridge)
[2020.01.23-18.19.53:888][160]Cmd: SELECT NONE
[2020.01.23-18.19.56:655][481]LogEditorViewport: Clicking on Actor (LMB): StaticMeshActor (SM_grasspath)
[2020.01.23-18.20.00:145][864]Cmd: SELECT NONE
[2020.01.23-18.20.05:087][446]LogEditorViewport: Clicking on Actor (LMB): StaticMeshActor (SM_Rock3_low2)
[2020.01.23-18.20.06:189][551]LogEditorViewport: Clicking on Actor (LMB): StaticMeshActor (SM_grasspath)
[2020.01.23-18.20.08:086][746]Cmd: CAMERA ALIGN ACTIVEVIEWPORTONLY
[2020.01.23-18.20.13:172][287]Cmd: SELECT NONE
[2020.01.23-18.20.18:234][882]LogEditorViewport: Clicking on Actor (LMB): StaticMeshActor (SM_Bridge)
[2020.01.23-18.20.18:998][956]Cmd: CAMERA ALIGN ACTIVEVIEWPORTONLY
[2020.01.23-18.20.37:736][162]Cmd: SELECT NONE
[2020.01.23-18.28.48:034][398]LogUObjectHash: Compacting FUObjectHashTables data took   2.07ms
[2020.01.23-18.28.48:034][398]Cmd: OBJ SAVEPACKAGE PACKAGE="/Game/Diorama" FILE="../../../../Art/Park_SFAS/Park/Saved/Autosaves/Game/Diorama_Auto1.umap" SILENT=true AUTOSAVING=true KEEPDIRTY=false
[2020.01.23-18.28.48:243][398]LogSavePackage: Moving '../../../../Art/Park_SFAS/Park/Saved/Diorama_Auto160F307064412E6E3C8CBFAACE49E7DFC.tmp' to '../../../../Art/Park_SFAS/Park/Saved/Autosaves/Game/Diorama_Auto1.umap'
[2020.01.23-18.28.48:246][398]LogFileHelpers: Editor autosave (incl. sublevels) for '/Game/Diorama' took 0.250
[2020.01.23-18.28.48:246][398]LogFileHelpers: Editor autosave (incl. sublevels) for all levels took 0.250
[2020.01.23-19.39.18:525][592]LogEditorViewport: Clicking on Actor (LMB): StaticMeshActor (SM_River)
[2020.01.23-19.39.23:410][114]LogEditorViewport: Clicking on Actor (LMB): StaticMeshActor (SM_Rock3_low5)
[2020.01.23-19.39.27:449][587]LogEditorViewport: Clicking on Actor (LMB): StaticMeshActor (SM_grasspath)
[2020.01.23-19.39.30:519][946]Cmd: SELECT NONE
[2020.01.23-19.39.33:971][351]LogEditorViewport: Clicking on Actor (LMB): StaticMeshActor (SM_Wall_end2)
[2020.01.23-19.39.35:221][474]Cmd: SELECT NONE
[2020.01.23-19.39.54:149][741]LogEditorViewport: Clicking on Actor (LMB): StaticMeshActor (SM_Rock3_low5)
[2020.01.23-19.39.55:260][869]Cmd: SELECT NONE
[2020.01.23-19.39.57:183][ 99]LogEditorViewport: Clicking on Actor (LMB): StaticMeshActor (SM_Rock3_low5)
[2020.01.23-19.39.59:254][332]Cmd: SELECT NONE
[2020.01.23-19.39.59:910][410]LogEditorViewport: Clicking on Actor (LMB): StaticMeshActor (SM_Rock3_low5)
[2020.01.23-19.40.01:569][596]Cmd: SELECT NONE
[2020.01.23-19.40.02:244][677]LogEditorViewport: Clicking on Actor (LMB): StaticMeshActor (SM_Rock3_low5)
[2020.01.23-19.40.03:299][796]Cmd: SELECT NONE
[2020.01.23-19.40.04:291][914]LogEditorViewport: Clicking on Actor (LMB): StaticMeshActor (SM_Wall_end2)
[2020.01.23-19.40.06:312][144]Cmd: SELECT NONE
[2020.01.23-19.40.40:797][333]LogUObjectHash: Compacting FUObjectHashTables data took   2.03ms
[2020.01.23-19.40.40:798][333]Cmd: OBJ SAVEPACKAGE PACKAGE="/Game/Diorama" FILE="../../../../Art/Park_SFAS/Park/Saved/Autosaves/Game/Diorama_Auto2.umap" SILENT=true AUTOSAVING=true KEEPDIRTY=false
[2020.01.23-19.40.41:017][333]LogSavePackage: Moving '../../../../Art/Park_SFAS/Park/Saved/Diorama_Auto2CEEA690142ADC1BFDFF7ECA44A6C9877.tmp' to '../../../../Art/Park_SFAS/Park/Saved/Autosaves/Game/Diorama_Auto2.umap'
[2020.01.23-19.40.41:023][333]LogFileHelpers: Editor autosave (incl. sublevels) for '/Game/Diorama' took 0.265
[2020.01.23-19.40.41:024][333]LogFileHelpers: Editor autosave (incl. sublevels) for all levels took 0.265
[2020.01.23-19.58.08:764][ 53]LogEditorViewport: Clicking on Actor (LMB): StaticMeshActor (SM_tree)
[2020.01.23-19.58.09:544][141]LogEditorViewport: Clicking on Actor (LMB): BP_Sky_Sphere_C (Sky Sphere)
[2020.01.23-19.59.47:807][765]Cmd: SELECT NONE
[2020.01.23-19.59.52:863][358]LogEditorViewport: Clicking on Actor (LMB): StaticMeshActor (SM_Bridge)
[2020.01.23-19.59.55:036][601]Cmd: SELECT NONE
[2020.01.23-19.59.56:705][801]Cmd: TRANSACTION UNDO
[2020.01.23-19.59.56:705][801]LogEditorTransaction: Undo Select None
[2020.01.23-19.59.56:721][801]LogMaterial: Display: Missing cached shader map for material m_Path, compiling. 
[2020.01.23-19.59.56:736][801]LogMaterial: Display: Missing cached shader map for material Base_Colour, compiling. 
[2020.01.23-19.59.56:761][801]LogShaderCompilers: Display: Worker (1/13): shaders left to compile 21
[2020.01.23-19.59.56:761][801]LogShaderCompilers: Display: Worker (2/13): shaders left to compile 20
[2020.01.23-19.59.56:761][801]LogShaderCompilers: Display: Worker (3/13): shaders left to compile 19
[2020.01.23-19.59.56:761][801]LogShaderCompilers: Display: Worker (4/13): shaders left to compile 18
[2020.01.23-19.59.56:761][801]LogShaderCompilers: Display: Worker (5/13): shaders left to compile 17
[2020.01.23-19.59.56:761][801]LogShaderCompilers: Display: Worker (6/13): shaders left to compile 16
[2020.01.23-19.59.56:761][801]LogShaderCompilers: Display: Worker (7/13): shaders left to compile 15
[2020.01.23-19.59.56:761][801]LogShaderCompilers: Display: Worker (8/13): shaders left to compile 14
[2020.01.23-19.59.56:761][801]LogShaderCompilers: Display: Worker (9/13): shaders left to compile 13
[2020.01.23-19.59.56:761][801]LogShaderCompilers: Display: Worker (10/13): shaders left to compile 12
[2020.01.23-19.59.56:761][801]LogShaderCompilers: Display: Worker (11/13): shaders left to compile 11
[2020.01.23-19.59.56:761][801]LogShaderCompilers: Display: Worker (12/13): shaders left to compile 10
[2020.01.23-19.59.57:084][820]LogShaderCompilers: Display: Worker (8/13): shaders left to compile 62
[2020.01.23-19.59.57:218][827]LogShaderCompilers: Display: Worker (3/13): shaders left to compile 61
[2020.01.23-19.59.57:240][829]LogShaderCompilers: Display: Worker (9/13): shaders left to compile 60
[2020.01.23-19.59.57:250][830]LogShaderCompilers: Display: Worker (2/13): shaders left to compile 59
[2020.01.23-19.59.57:261][831]LogShaderCompilers: Display: Worker (4/13): shaders left to compile 58
[2020.01.23-19.59.57:261][831]LogShaderCompilers: Display: Worker (5/13): shaders left to compile 57
[2020.01.23-19.59.57:280][833]LogShaderCompilers: Display: Worker (1/13): shaders left to compile 56
[2020.01.23-19.59.57:280][833]LogShaderCompilers: Display: Worker (6/13): shaders left to compile 55
[2020.01.23-19.59.57:280][833]LogShaderCompilers: Display: Worker (7/13): shaders left to compile 54
[2020.01.23-19.59.57:321][837]LogShaderCompilers: Display: Worker (12/13): shaders left to compile 53
[2020.01.23-19.59.57:513][853]LogShaderCompilers: Display: Worker (10/13): shaders left to compile 52
[2020.01.23-19.59.57:526][854]LogShaderCompilers: Display: Worker (12/13): shaders left to compile 51
[2020.01.23-19.59.57:551][856]LogShaderCompilers: Display: Worker (11/13): shaders left to compile 50
[2020.01.23-19.59.57:618][862]LogShaderCompilers: Display: Worker (9/13): shaders left to compile 49
[2020.01.23-19.59.57:665][866]LogShaderCompilers: Display: Worker (5/13): shaders left to compile 48
[2020.01.23-19.59.57:688][868]LogShaderCompilers: Display: Worker (7/13): shaders left to compile 47
[2020.01.23-19.59.57:699][869]LogShaderCompilers: Display: Worker (8/13): shaders left to compile 46
[2020.01.23-19.59.57:709][870]LogShaderCompilers: Display: Worker (12/13): shaders left to compile 45
[2020.01.23-19.59.57:730][872]LogShaderCompilers: Display: Worker (11/13): shaders left to compile 44
[2020.01.23-19.59.57:825][881]LogShaderCompilers: Display: Worker (1/13): shaders left to compile 43
[2020.01.23-19.59.57:836][882]LogShaderCompilers: Display: Worker (2/13): shaders left to compile 42
[2020.01.23-19.59.57:836][882]LogShaderCompilers: Display: Worker (10/13): shaders left to compile 41
[2020.01.23-19.59.57:857][884]LogShaderCompilers: Display: Worker (3/13): shaders left to compile 40
[2020.01.23-19.59.57:857][884]LogShaderCompilers: Display: Worker (6/13): shaders left to compile 39
[2020.01.23-19.59.57:857][884]LogShaderCompilers: Display: Worker (7/13): shaders left to compile 38
[2020.01.23-19.59.57:885][887]LogShaderCompilers: Display: Worker (4/13): shaders left to compile 37
[2020.01.23-19.59.57:901][888]LogShaderCompilers: Display: Worker (9/13): shaders left to compile 36
[2020.01.23-19.59.57:902][888]MaterialEditorStats: Base pass shader: 128 instructions
[2020.01.23-19.59.57:902][888]MaterialEditorStats: Base pass shader with Volumetric Lightmap: 206 instructions
[2020.01.23-19.59.57:902][888]MaterialEditorStats: Base pass vertex shader: 44 instructions
[2020.01.23-19.59.57:902][888]MaterialEditorStats: Texture samplers: 6/16
[2020.01.23-19.59.57:902][888]MaterialEditorStats: Texture Lookups (Est.): VS(0), PS(3)
[2020.01.23-19.59.57:902][888]MaterialEditorStats: User interpolators: 2/4 Scalars (1/4 Vectors) (TexCoords: 2, Custom: 0)
[2020.01.23-19.59.57:918][889]LogShaderCompilers: Display: Worker (12/13): shaders left to compile 35
[2020.01.23-19.59.57:938][891]LogShaderCompilers: Display: Worker (5/13): shaders left to compile 34
[2020.01.23-19.59.57:958][893]LogShaderCompilers: Display: Worker (8/13): shaders left to compile 33
[2020.01.23-19.59.57:988][896]LogShaderCompilers: Display: Worker (11/13): shaders left to compile 32
[2020.01.23-19.59.57:997][897]LogShaderCompilers: Display: Worker (1/13): shaders left to compile 31
[2020.01.23-19.59.57:997][897]LogShaderCompilers: Display: Worker (10/13): shaders left to compile 30
[2020.01.23-19.59.58:080][905]LogShaderCompilers: Display: Worker (2/13): shaders left to compile 29
[2020.01.23-19.59.58:092][906]LogShaderCompilers: Display: Worker (3/13): shaders left to compile 28
[2020.01.23-19.59.58:093][906]Cmd: TRANSACTION UNDO
[2020.01.23-19.59.58:093][906]LogEditorTransaction: Undo Move Actors
[2020.01.23-19.59.58:101][906]LogMaterial: Display: Missing cached shader map for material m_Path, compiling. 
[2020.01.23-19.59.58:128][906]LogMaterial: Display: Missing cached shader map for material Base_Colour, compiling. 
[2020.01.23-19.59.58:444][925]LogShaderCompilers: Display: Worker (9/13): shaders left to compile 74
[2020.01.23-19.59.58:538][933]LogShaderCompilers: Display: Worker (11/13): shaders left to compile 73
[2020.01.23-19.59.58:618][940]LogShaderCompilers: Display: Worker (3/13): shaders left to compile 72
[2020.01.23-19.59.58:755][952]LogShaderCompilers: Display: Worker (9/13): shaders left to compile 71
[2020.01.23-19.59.58:848][960]LogShaderCompilers: Display: Worker (11/13): shaders left to compile 70
[2020.01.23-19.59.58:882][963]LogShaderCompilers: Display: Worker (4/13): shaders left to compile 69
[2020.01.23-19.59.58:936][968]LogShaderCompilers: Display: Worker (3/13): shaders left to compile 68
[2020.01.23-19.59.59:009][974]LogShaderCompilers: Display: Worker (8/13): shaders left to compile 67
[2020.01.23-19.59.59:023][975]LogEditorViewport: Clicking on Actor (LMB): BP_Sky_Sphere_C (Sky Sphere)
[2020.01.23-19.59.59:128][976]LogShaderCompilers: Display: Worker (9/13): shaders left to compile 66
[2020.01.23-19.59.59:128][976]LogShaderCompilers: Display: Worker (2/13): shaders left to compile 65
[2020.01.23-19.59.59:169][979]LogShaderCompilers: Display: Worker (8/13): shaders left to compile 64
[2020.01.23-19.59.59:185][980]LogShaderCompilers: Display: Worker (11/13): shaders left to compile 63
[2020.01.23-19.59.59:207][982]LogShaderCompilers: Display: Worker (4/13): shaders left to compile 62
[2020.01.23-19.59.59:251][986]LogShaderCompilers: Display: Worker (3/13): shaders left to compile 61
[2020.01.23-19.59.59:375][996]LogShaderCompilers: Display: Worker (9/13): shaders left to compile 60
[2020.01.23-19.59.59:429][  0]Cmd: SELECT NONE
[2020.01.23-19.59.59:595][ 16]LogShaderCompilers: Display: Worker (11/13): shaders left to compile 59
[2020.01.23-19.59.59:729][ 29]LogShaderCompilers: Display: Worker (2/13): shaders left to compile 58
[2020.01.23-19.59.59:795][ 34]LogShaderCompilers: Display: Worker (9/13): shaders left to compile 57
[2020.01.23-19.59.59:821][ 35]LogShaderCompilers: Display: Worker (8/13): shaders left to compile 56
[2020.01.23-19.59.59:848][ 37]LogShaderCompilers: Display: Worker (4/13): shaders left to compile 55
[2020.01.23-19.59.59:928][ 42]LogShaderCompilers: Display: Worker (3/13): shaders left to compile 54
[2020.01.23-20.00.00:203][ 58]LogShaderCompilers: Display: Worker (11/13): shaders left to compile 53
[2020.01.23-20.00.00:218][ 59]LogShaderCompilers: Display: Worker (9/13): shaders left to compile 52
[2020.01.23-20.00.00:330][ 62]LogShaderCompilers: Display: Worker (3/13): shaders left to compile 51
[2020.01.23-20.00.00:368][ 63]LogShaderCompilers: Display: Worker (11/13): shaders left to compile 50
[2020.01.23-20.00.00:403][ 65]LogShaderCompilers: Display: Worker (8/13): shaders left to compile 49
[2020.01.23-20.00.00:416][ 66]LogShaderCompilers: Display: Worker (2/13): shaders left to compile 48
[2020.01.23-20.00.00:473][ 70]LogShaderCompilers: Display: Worker (4/13): shaders left to compile 47
[2020.01.23-20.00.00:505][ 71]MaterialEditorStats: Base pass shader: 128 instructions
[2020.01.23-20.00.00:505][ 71]MaterialEditorStats: Base pass shader with Volumetric Lightmap: 206 instructions
[2020.01.23-20.00.00:505][ 71]MaterialEditorStats: Base pass vertex shader: 44 instructions
[2020.01.23-20.00.00:505][ 71]MaterialEditorStats: Texture samplers: 6/16
[2020.01.23-20.00.00:505][ 71]MaterialEditorStats: Texture Lookups (Est.): VS(0), PS(3)
[2020.01.23-20.00.00:505][ 71]MaterialEditorStats: User interpolators: 2/4 Scalars (1/4 Vectors) (TexCoords: 2, Custom: 0)
[2020.01.23-20.00.00:512][ 71]LogShaderCompilers: Display: Worker (3/13): shaders left to compile 46
[2020.01.23-20.00.00:547][ 74]LogShaderCompilers: Display: Worker (11/13): shaders left to compile 45
[2020.01.23-20.00.00:567][ 75]LogShaderCompilers: Display: Worker (9/13): shaders left to compile 44
[2020.01.23-20.00.00:653][ 78]LogShaderCompilers: Display: Worker (4/13): shaders left to compile 43
[2020.01.23-20.00.00:702][ 79]LogShaderCompilers: Display: Worker (8/13): shaders left to compile 42
[2020.01.23-20.00.00:717][ 80]LogShaderCompilers: Display: Worker (2/13): shaders left to compile 41
[2020.01.23-20.00.00:766][ 83]LogShaderCompilers: Display: Worker (11/13): shaders left to compile 40
[2020.01.23-20.00.00:811][ 86]LogShaderCompilers: Display: Worker (3/13): shaders left to compile 39
[2020.01.23-20.00.00:831][ 87]LogShaderCompilers: Display: Worker (4/13): shaders left to compile 38
[2020.01.23-20.00.00:878][ 90]LogShaderCompilers: Display: Worker (2/13): shaders left to compile 37
[2020.01.23-20.00.00:894][ 91]LogShaderCompilers: Display: Worker (9/13): shaders left to compile 36
[2020.01.23-20.00.00:999][ 98]LogShaderCompilers: Display: Worker (8/13): shaders left to compile 35
[2020.01.23-20.00.01:052][102]LogShaderCompilers: Display: Worker (11/13): shaders left to compile 34
[2020.01.23-20.00.01:518][128]LogShaderCompilers: Display: Worker (9/13): shaders left to compile 33
[2020.01.23-20.00.01:852][156]LogShaderCompilers: Display: Worker (2/13): shaders left to compile 32
[2020.01.23-20.00.01:994][171]Cmd: SELECT NONE
[2020.01.23-20.00.02:191][190]LogShaderCompilers: Display: Worker (6/13): shaders left to compile 31
[2020.01.23-20.00.02:209][192]LogShaderCompilers: Display: Worker (12/13): shaders left to compile 30
[2020.01.23-20.00.02:219][193]LogShaderCompilers: Display: Worker (1/13): shaders left to compile 29
[2020.01.23-20.00.02:354][208]LogShaderCompilers: Display: Worker (10/13): shaders left to compile 28
[2020.01.23-20.00.02:372][210]LogShaderCompilers: Display: Worker (2/13): shaders left to compile 27
[2020.01.23-20.00.02:502][224]LogShaderCompilers: Display: Worker (7/13): shaders left to compile 26
[2020.01.23-20.00.02:595][234]LogShaderCompilers: Display: Worker (9/13): shaders left to compile 25
[2020.01.23-20.00.02:649][240]LogShaderCompilers: Display: Worker (5/13): shaders left to compile 24
[2020.01.23-20.00.02:847][262]LogShaderCompilers: Display: Worker (10/13): shaders left to compile 23
[2020.01.23-20.00.03:133][294]LogShaderCompilers: Display: Worker (5/13): shaders left to compile 22
[2020.01.23-20.00.03:160][297]LogShaderCompilers: Display: Worker (1/13): shaders left to compile 21
[2020.01.23-20.00.03:533][337]LogShaderCompilers: Display: Worker (9/13): shaders left to compile 20
[2020.01.23-20.00.04:049][390]LogShaderCompilers: Display: Worker (9/13): shaders left to compile 19
[2020.01.23-20.00.04:203][406]LogShaderCompilers: Display: Worker (1/13): shaders left to compile 18
[2020.01.23-20.00.05:232][512]LogShaderCompilers: Display: Worker (3/13): shaders left to compile 17
[2020.01.23-20.00.05:525][543]LogShaderCompilers: Display: Worker (8/13): shaders left to compile 16
[2020.01.23-20.00.05:893][578]LogShaderCompilers: Display: Worker (4/13): shaders left to compile 15
[2020.01.23-20.00.05:949][584]LogShaderCompilers: Display: Worker (11/13): shaders left to compile 14
[2020.01.23-20.00.06:006][589]LogShaderCompilers: Display: Worker (8/13): shaders left to compile 13
[2020.01.23-20.00.06:270][617]LogShaderCompilers: Display: Worker (3/13): shaders left to compile 12
[2020.01.23-20.00.06:393][630]LogEditorViewport: Clicking on Actor (LMB): StaticMeshActor (SM_Pavilion)
[2020.01.23-20.00.06:494][631]Cmd: CAMERA ALIGN ACTIVEVIEWPORTONLY
[2020.01.23-20.00.06:706][639]LogShaderCompilers: Display: Worker (12/13): shaders left to compile 11
[2020.01.23-20.00.06:767][642]LogShaderCompilers: Display: Worker (3/13): shaders left to compile 10
[2020.01.23-20.00.06:877][648]LogShaderCompilers: Display: Worker (6/13): shaders left to compile 9
[2020.01.23-20.00.06:970][653]LogShaderCompilers: Display: Worker (2/13): shaders left to compile 8
[2020.01.23-20.00.07:055][657]LogShaderCompilers: Display: Worker (8/13): shaders left to compile 7
[2020.01.23-20.00.07:365][672]LogShaderCompilers: Display: Worker (7/13): shaders left to compile 6
[2020.01.23-20.00.07:468][677]LogShaderCompilers: Display: Worker (2/13): shaders left to compile 5
[2020.01.23-20.00.07:541][681]LogShaderCompilers: Display: Worker (10/13): shaders left to compile 4
[2020.01.23-20.00.07:877][694]LogShaderCompilers: Display: Worker (6/13): shaders left to compile 3
[2020.01.23-20.00.07:959][697]LogShaderCompilers: Display: Worker (5/13): shaders left to compile 2
[2020.01.23-20.00.08:040][700]LogShaderCompilers: Display: Worker (10/13): shaders left to compile 1
[2020.01.23-20.00.08:104][703]Cmd: SELECT NONE
[2020.01.23-20.00.10:293][905]MaterialEditorStats: Base pass shader: 311 instructions
[2020.01.23-20.00.10:293][905]MaterialEditorStats: Base pass shader with Surface Lightmap: 345 instructions
[2020.01.23-20.00.10:293][905]MaterialEditorStats: Base pass shader with Volumetric Lightmap: 390 instructions
[2020.01.23-20.00.10:293][905]MaterialEditorStats: Base pass vertex shader: 137 instructions
[2020.01.23-20.00.10:293][905]MaterialEditorStats: Texture samplers: 4/16
[2020.01.23-20.00.49:674][749]LogUObjectHash: Compacting FUObjectHashTables data took   2.00ms
[2020.01.23-20.00.49:675][749]Cmd: OBJ SAVEPACKAGE PACKAGE="/Game/Diorama" FILE="../../../../Art/Park_SFAS/Park/Saved/Autosaves/Game/Diorama_Auto3.umap" SILENT=true AUTOSAVING=true KEEPDIRTY=false
[2020.01.23-20.00.49:903][749]LogSavePackage: Moving '../../../../Art/Park_SFAS/Park/Saved/Diorama_Auto31633B38A46C72ADAFF2899877B11F4D6.tmp' to '../../../../Art/Park_SFAS/Park/Saved/Autosaves/Game/Diorama_Auto3.umap'
[2020.01.23-20.00.49:906][749]LogFileHelpers: Editor autosave (incl. sublevels) for '/Game/Diorama' took 0.271
[2020.01.23-20.00.49:906][749]LogFileHelpers: Editor autosave (incl. sublevels) for all levels took 0.271
[2020.01.23-20.05.55:139][665]LogD3D11RHI: Timed out while waiting for GPU to catch up. (0.5 s) (ErrorCode 00000001)
[2020.01.23-20.05.56:130][666]LogD3D11RHI: Timed out while waiting for GPU to catch up. (0.5 s) (ErrorCode 00000001)
[2020.01.23-20.05.58:079][670]LogD3D11RHI: Timed out while waiting for GPU to catch up. (0.5 s) (ErrorCode 00000001)
[2020.01.23-20.05.59:582][671]LogD3D11RHI: Timed out while waiting for GPU to catch up. (0.5 s) (ErrorCode 00000001)
[2020.01.23-20.06.01:021][674]LogD3D11RHI: Timed out while waiting for GPU to catch up. (0.5 s) (ErrorCode 00000001)
[2020.01.23-20.06.09:378][699]LogD3D11RHI: Timed out while waiting for GPU to catch up. (0.5 s) (ErrorCode 00000001)
[2020.01.23-20.06.11:401][705]LogD3D11RHI: Timed out while waiting for GPU to catch up. (0.5 s) (ErrorCode 00000001)
[2020.01.23-20.06.12:402][708]LogD3D11RHI: Timed out while waiting for GPU to catch up. (0.5 s) (ErrorCode 00000001)
[2020.01.23-20.06.14:563][712]LogD3D11RHI: Timed out while waiting for GPU to catch up. (0.5 s) (ErrorCode 00000001)
[2020.01.23-20.06.15:232][714]LogD3D11RHI: Timed out while waiting for GPU to catch up. (0.5 s) (ErrorCode 00000001)
[2020.01.23-20.06.17:953][720]LogD3D11RHI: Timed out while waiting for GPU to catch up. (0.5 s) (ErrorCode 00000001)
[2020.01.23-20.06.34:153][766]LogD3D11RHI: Timed out while waiting for GPU to catch up. (0.5 s) (ErrorCode 00000001)
[2020.01.23-20.06.36:495][773]LogD3D11RHI: Timed out while waiting for GPU to catch up. (0.5 s) (ErrorCode 00000001)
[2020.01.23-20.06.38:281][778]LogD3D11RHI: Timed out while waiting for GPU to catch up. (0.5 s) (ErrorCode 00000001)
[2020.01.23-20.06.38:948][780]LogD3D11RHI: Timed out while waiting for GPU to catch up. (0.5 s) (ErrorCode 00000001)
[2020.01.23-20.08.04:842][ 37]LogD3D11RHI: Timed out while waiting for GPU to catch up. (0.5 s) (ErrorCode 00000001)
[2020.01.23-20.08.05:709][ 38]LogD3D11RHI: Timed out while waiting for GPU to catch up. (0.5 s) (ErrorCode 00000001)
[2020.01.23-20.08.07:209][ 38]LogD3D11RHI: Timed out while waiting for GPU to catch up. (0.5 s) (ErrorCode 00000001)
[2020.01.23-20.08.08:055][ 41]LogD3D11RHI: Timed out while waiting for GPU to catch up. (0.5 s) (ErrorCode 00000001)
[2020.01.23-20.08.09:919][ 46]LogD3D11RHI: Timed out while waiting for GPU to catch up. (0.5 s) (ErrorCode 00000001)
[2020.01.23-20.08.11:158][ 49]LogD3D11RHI: Timed out while waiting for GPU to catch up. (0.5 s) (ErrorCode 00000001)
[2020.01.23-20.08.12:515][ 49]LogD3D11RHI: Timed out while waiting for GPU to catch up. (0.5 s) (ErrorCode 00000001)
[2020.01.23-20.08.14:019][ 50]LogD3D11RHI: Timed out while waiting for GPU to catch up. (0.5 s) (ErrorCode 00000001)
[2020.01.23-20.08.15:518][ 50]LogD3D11RHI: Timed out while waiting for GPU to catch up. (0.5 s) (ErrorCode 00000001)
[2020.01.23-20.09.13:033][217]LogD3D11RHI: Timed out while waiting for GPU to catch up. (0.5 s) (ErrorCode 00000001)
[2020.01.23-20.09.17:081][229]LogD3D11RHI: Timed out while waiting for GPU to catch up. (0.5 s) (ErrorCode 00000001)
[2020.01.23-20.09.18:826][234]LogD3D11RHI: Timed out while waiting for GPU to catch up. (0.5 s) (ErrorCode 00000001)
[2020.01.23-20.09.20:501][239]LogD3D11RHI: Timed out while waiting for GPU to catch up. (0.5 s) (ErrorCode 00000001)
[2020.01.23-20.09.21:345][240]LogD3D11RHI: Timed out while waiting for GPU to catch up. (0.5 s) (ErrorCode 00000001)
[2020.01.23-20.09.25:652][251]LogD3D11RHI: Timed out while waiting for GPU to catch up. (0.5 s) (ErrorCode 00000001)
[2020.01.23-20.09.27:587][256]LogD3D11RHI: Timed out while waiting for GPU to catch up. (0.5 s) (ErrorCode 00000001)
[2020.01.23-20.09.28:090][257]LogD3D11RHI: Timed out while waiting for GPU to catch up. (0.5 s) (ErrorCode 00000001)
[2020.01.23-20.09.28:737][258]LogD3D11RHI: Timed out while waiting for GPU to catch up. (0.5 s) (ErrorCode 00000001)
[2020.01.23-20.09.30:766][264]LogD3D11RHI: Timed out while waiting for GPU to catch up. (0.5 s) (ErrorCode 00000001)
[2020.01.23-20.09.31:435][266]LogD3D11RHI: Timed out while waiting for GPU to catch up. (0.5 s) (ErrorCode 00000001)
[2020.01.23-20.09.51:805][327]LogD3D11RHI: Timed out while waiting for GPU to catch up. (0.5 s) (ErrorCode 00000001)
[2020.01.23-20.09.52:878][328]LogD3D11RHI: Timed out while waiting for GPU to catch up. (0.5 s) (ErrorCode 00000001)
[2020.01.23-20.09.54:379][328]LogD3D11RHI: Timed out while waiting for GPU to catch up. (0.5 s) (ErrorCode 00000001)
[2020.01.23-20.10.15:552][503]LogSlate: FSceneViewport::OnFocusLost() reason 0
[2020.01.23-20.10.19:399][909]LogEditorFactories: Performing atomic reimport of [D:/Art/Park_SFAS/Textures/Pavilion/SM_Pavilion_blinn1SG_Normal.tga]
[2020.01.23-20.10.19:426][909]LogFactory: FactoryCreateFile: Texture2D with ReimportTextureFactory (0 0 D:/Art/Park_SFAS/Textures/Pavilion/SM_Pavilion_blinn1SG_Normal.tga)
[2020.01.23-20.10.19:491][909]LogTexture: Display: Building textures: T_Pavilion_blinn1SG_Normal (BC5, 2048X2048)
[2020.01.23-20.10.19:643][909]LogEditorFactories: -- imported successfully
[2020.01.23-20.10.21:347][ 82]LogEditorFactories: Performing atomic reimport of [D:/Art/Park_SFAS/Textures/Pavilion/SM_Pavilion_blinn1SG_OcclusionRoughnessMetallic.tga]
[2020.01.23-20.10.21:373][ 82]LogFactory: FactoryCreateFile: Texture2D with ReimportTextureFactory (0 0 D:/Art/Park_SFAS/Textures/Pavilion/SM_Pavilion_blinn1SG_OcclusionRoughnessMetallic.tga)
[2020.01.23-20.10.21:429][ 82]LogTexture: Display: Building textures: T_Pavilion_blinn1SG_OcclusionRoughnessMetallic (AutoDXT, 2048X2048)
[2020.01.23-20.10.21:843][ 82]LogEditorFactories: -- imported successfully
[2020.01.23-20.10.23:559][264]LogEditorFactories: Performing atomic reimport of [D:/Art/Park_SFAS/Textures/Pavilion/SM_Pavilion_blinn1SG_BaseColor.tga]
[2020.01.23-20.10.23:585][264]LogFactory: FactoryCreateFile: Texture2D with ReimportTextureFactory (0 0 D:/Art/Park_SFAS/Textures/Pavilion/SM_Pavilion_blinn1SG_BaseColor.tga)
[2020.01.23-20.10.23:633][264]LogTexture: Display: Building textures: T_Pavilion_blinn1SG_BaseColor (AutoDXT, 2048X2048)
[2020.01.23-20.10.23:962][264]LogEditorFactories: -- imported successfully
[2020.01.23-20.10.39:550][113]LogSlate: FSceneViewport::OnFocusLost() reason 0
[2020.01.23-20.11.14:678][546]LogUObjectHash: Compacting FUObjectHashTables data took   2.01ms
[2020.01.23-20.11.14:678][546]LogFileHelpers: Editor autosave (incl. sublevels) for '/Game/Diorama' took 0.038
[2020.01.23-20.11.14:680][546]OBJ SavePackage: Generating thumbnails for [1] asset(s) in package [/Game/Textures/T_Pavilion_blinn1SG_BaseColor] ([1] browsable assets)...
[2020.01.23-20.11.14:685][546]OBJ SavePackage:     Rendered thumbnail for [Texture2D /Game/Textures/T_Pavilion_blinn1SG_BaseColor.T_Pavilion_blinn1SG_BaseColor]
[2020.01.23-20.11.14:685][546]OBJ SavePackage: Finished generating thumbnails for package [/Game/Textures/T_Pavilion_blinn1SG_BaseColor]
[2020.01.23-20.11.14:846][546]LogSavePackage: Moving '../../../../Art/Park_SFAS/Park/Saved/T_Pavilion_blinn1SG_BaseColor_AuD6ECA86449BCF29E6B7CE185A54F613F.tmp' to '../../../../Art/Park_SFAS/Park/Saved/Autosaves/Game/Textures/T_Pavilion_blinn1SG_BaseColor_Auto4.uasset'
[2020.01.23-20.11.14:846][546]OBJ SavePackage: Generating thumbnails for [1] asset(s) in package [/Game/Textures/T_Pavilion_blinn1SG_Normal] ([1] browsable assets)...
[2020.01.23-20.11.14:852][546]OBJ SavePackage:     Rendered thumbnail for [Texture2D /Game/Textures/T_Pavilion_blinn1SG_Normal.T_Pavilion_blinn1SG_Normal]
[2020.01.23-20.11.14:852][546]OBJ SavePackage: Finished generating thumbnails for package [/Game/Textures/T_Pavilion_blinn1SG_Normal]
[2020.01.23-20.11.15:070][546]LogSavePackage: Moving '../../../../Art/Park_SFAS/Park/Saved/T_Pavilion_blinn1SG_Normal_Auto44DB806A246559D6C99F6EF9AC80F3D69.tmp' to '../../../../Art/Park_SFAS/Park/Saved/Autosaves/Game/Textures/T_Pavilion_blinn1SG_Normal_Auto4.uasset'
[2020.01.23-20.11.15:071][546]OBJ SavePackage: Generating thumbnails for [1] asset(s) in package [/Game/Textures/T_Pavilion_blinn1SG_OcclusionRoughnessMetallic] ([1] browsable assets)...
[2020.01.23-20.11.15:076][546]OBJ SavePackage:     Rendered thumbnail for [Texture2D /Game/Textures/T_Pavilion_blinn1SG_OcclusionRoughnessMetallic.T_Pavilion_blinn1SG_OcclusionRoughnessMetallic]
[2020.01.23-20.11.15:076][546]OBJ SavePackage: Finished generating thumbnails for package [/Game/Textures/T_Pavilion_blinn1SG_OcclusionRoughnessMetallic]
[2020.01.23-20.11.15:269][546]LogSavePackage: Moving '../../../../Art/Park_SFAS/Park/Saved/T_Pavilion_blinn1SG_OcclusionRouE5EB0EE043BEC32E0C7FD9830FA469C2.tmp' to '../../../../Art/Park_SFAS/Park/Saved/Autosaves/Game/Textures/T_Pavilion_blinn1SG_OcclusionRoughnessMetallic_Auto4.uasset'
[2020.01.23-20.11.15:270][546]LogFileHelpers: Auto-saving content packages took 0.591
[2020.01.23-20.12.17:319][101]LogEditorFactories: Performing atomic reimport of [D:/Art/Park_SFAS/Textures/Pavilion/SM_Pavilion_blinn1SG_BaseColor.tga]
[2020.01.23-20.12.17:345][101]LogFactory: FactoryCreateFile: Texture2D with ReimportTextureFactory (0 0 D:/Art/Park_SFAS/Textures/Pavilion/SM_Pavilion_blinn1SG_BaseColor.tga)
[2020.01.23-20.12.17:396][101]LogTexture: Display: Building textures: T_Pavilion_blinn1SG_BaseColor (AutoDXT, 2048X2048)
[2020.01.23-20.12.17:715][101]LogEditorFactories: -- imported successfully
[2020.01.23-20.12.47:687][839]LogD3D11RHI: Timed out while waiting for GPU to catch up. (0.5 s) (ErrorCode 00000001)
[2020.01.23-20.12.50:033][844]LogD3D11RHI: Timed out while waiting for GPU to catch up. (0.5 s) (ErrorCode 00000001)
[2020.01.23-20.12.52:249][850]LogD3D11RHI: Timed out while waiting for GPU to catch up. (0.5 s) (ErrorCode 00000001)
[2020.01.23-20.12.52:918][852]LogD3D11RHI: Timed out while waiting for GPU to catch up. (0.5 s) (ErrorCode 00000001)
[2020.01.23-20.12.58:264][868]LogD3D11RHI: Timed out while waiting for GPU to catch up. (0.5 s) (ErrorCode 00000001)
[2020.01.23-20.12.59:767][869]LogD3D11RHI: Timed out while waiting for GPU to catch up. (0.5 s) (ErrorCode 00000001)
[2020.01.23-20.13.00:782][872]LogD3D11RHI: Timed out while waiting for GPU to catch up. (0.5 s) (ErrorCode 00000001)
[2020.01.23-20.13.08:140][894]LogD3D11RHI: Timed out while waiting for GPU to catch up. (0.5 s) (ErrorCode 00000001)
[2020.01.23-20.13.14:132][908]LogD3D11RHI: Timed out while waiting for GPU to catch up. (0.5 s) (ErrorCode 00000001)
[2020.01.23-20.13.16:136][914]LogD3D11RHI: Timed out while waiting for GPU to catch up. (0.5 s) (ErrorCode 00000001)
[2020.01.23-20.13.17:137][917]LogD3D11RHI: Timed out while waiting for GPU to catch up. (0.5 s) (ErrorCode 00000001)
[2020.01.23-20.13.22:106][929]LogD3D11RHI: Timed out while waiting for GPU to catch up. (0.5 s) (ErrorCode 00000001)
[2020.01.23-20.13.23:221][930]LogD3D11RHI: Timed out while waiting for GPU to catch up. (0.5 s) (ErrorCode 00000001)
[2020.01.23-20.13.24:696][930]LogD3D11RHI: Timed out while waiting for GPU to catch up. (0.5 s) (ErrorCode 00000001)
[2020.01.23-20.13.28:012][937]LogD3D11RHI: Timed out while waiting for GPU to catch up. (0.5 s) (ErrorCode 00000001)
[2020.01.23-20.13.31:605][948]LogSlate: FSceneViewport::OnFocusLost() reason 0
[2020.01.23-20.13.32:632][ 45]LogEditorFactories: Performing atomic reimport of [D:/Art/Park_SFAS/Textures/Pavilion/SM_Pavilion_blinn1SG_BaseColor.tga]
[2020.01.23-20.13.32:659][ 45]LogFactory: FactoryCreateFile: Texture2D with ReimportTextureFactory (0 0 D:/Art/Park_SFAS/Textures/Pavilion/SM_Pavilion_blinn1SG_BaseColor.tga)
[2020.01.23-20.13.32:708][ 45]LogTexture: Display: Building textures: T_Pavilion_blinn1SG_BaseColor (AutoDXT, 2048X2048)
[2020.01.23-20.13.33:033][ 45]LogEditorFactories: -- imported successfully
[2020.01.23-20.13.55:996][547]LogEditorFactories: Performing atomic reimport of [D:/Art/Park_SFAS/Textures/Pavilion/SM_Pavilion_blinn1SG_BaseColor.tga]
[2020.01.23-20.13.56:022][547]LogFactory: FactoryCreateFile: Texture2D with ReimportTextureFactory (0 0 D:/Art/Park_SFAS/Textures/Pavilion/SM_Pavilion_blinn1SG_BaseColor.tga)
[2020.01.23-20.13.56:069][547]LogTexture: Display: Building textures: T_Pavilion_blinn1SG_BaseColor (AutoDXT, 2048X2048)
[2020.01.23-20.13.56:392][547]LogEditorFactories: -- imported successfully
[2020.01.23-20.14.05:429][617]Cmd: SELECT NONE
[2020.01.23-20.14.44:184][237]LogEditorViewport: Clicking on Actor (LMB): StaticMeshActor (SM_Pavilion_fountain)
[2020.01.23-20.14.44:539][271]Cmd: CAMERA ALIGN ACTIVEVIEWPORTONLY
[2020.01.23-20.14.45:287][356]Cmd: SELECT NONE
[2020.01.23-20.21.15:461][440]LogUObjectHash: Compacting FUObjectHashTables data took   0.88ms
[2020.01.23-20.21.15:461][440]LogFileHelpers: Editor autosave (incl. sublevels) for '/Game/Diorama' took 0.038
[2020.01.23-20.21.15:463][440]OBJ SavePackage: Generating thumbnails for [1] asset(s) in package [/Game/Textures/T_Pavilion_blinn1SG_BaseColor] ([1] browsable assets)...
[2020.01.23-20.21.15:468][440]OBJ SavePackage:     Rendered thumbnail for [Texture2D /Game/Textures/T_Pavilion_blinn1SG_BaseColor.T_Pavilion_blinn1SG_BaseColor]
[2020.01.23-20.21.15:468][440]OBJ SavePackage: Finished generating thumbnails for package [/Game/Textures/T_Pavilion_blinn1SG_BaseColor]
[2020.01.23-20.21.15:599][440]LogSavePackage: Moving '../../../../Art/Park_SFAS/Park/Saved/T_Pavilion_blinn1SG_BaseColor_AuB2EF40564CE0BE536F6789BEA07A84A5.tmp' to '../../../../Art/Park_SFAS/Park/Saved/Autosaves/Game/Textures/T_Pavilion_blinn1SG_BaseColor_Auto5.uasset'
[2020.01.23-20.21.15:600][440]LogFileHelpers: Auto-saving content packages took 0.137
[2020.01.23-20.23.10:205][784]LogSlate: FSceneViewport::OnFocusLost() reason 5
[2020.01.23-20.23.14:131][221]LogEditorViewport: Clicking on Actor (LMB): BP_Sky_Sphere_C (Sky Sphere)
[2020.01.23-20.23.15:026][324]Cmd: SELECT NONE
[2020.01.23-20.23.32:861][448]LogEditorViewport: Clicking on Actor (LMB): StaticMeshActor (Pavilion_base)
[2020.01.23-20.23.33:501][520]Cmd: SELECT NONE
[2020.01.23-20.24.13:775][331]LogEditorViewport: Clicking on Actor (LMB): StaticMeshActor (SM_level_top)
[2020.01.23-20.24.13:910][342]Cmd: CAMERA ALIGN ACTIVEVIEWPORTONLY
[2020.01.23-20.24.16:878][668]Cmd: SELECT NONE
[2020.01.23-20.49.42:346][919]LogSlate: FSceneViewport::OnFocusLost() reason 5
[2020.01.23-20.49.43:775][ 85]Cmd: OBJ SAVEPACKAGE PACKAGE="/Game/Diorama" FILE="../../../../Art/Park_SFAS/Park/Content/Diorama.umap" SILENT=true AUTOSAVING=false KEEPDIRTY=false
[2020.01.23-20.49.43:814][ 85]LogUObjectHash: Compacting FUObjectHashTables data took   0.87ms
[2020.01.23-20.49.44:128][ 85]LogSavePackage: Moving '../../../../Art/Park_SFAS/Park/Saved/Diorama4C12DA81408653C898297BA0B37DDDB8.tmp' to '../../../../Art/Park_SFAS/Park/Content/Diorama.umap'
[2020.01.23-20.49.44:173][ 85]Cmd: OBJ SAVEPACKAGE PACKAGE="/Game/Diorama_BuiltData" FILE="../../../../Art/Park_SFAS/Park/Content/Diorama_BuiltData.uasset" SILENT=true
[2020.01.23-20.49.44:299][ 85]LogSavePackage: Moving '../../../../Art/Park_SFAS/Park/Saved/Diorama_BuiltData5CD1A4B7407D05689B337891CDE19BB1.tmp' to '../../../../Art/Park_SFAS/Park/Content/Diorama_BuiltData.uasset'
[2020.01.23-20.56.38:921][995]LogSlate: FSceneViewport::OnFocusLost() reason 0
[2020.01.23-20.57.12:994][898]LogSlate: FSceneViewport::OnFocusLost() reason 0
[2020.01.23-20.57.19:883][690]LogSlate: Window 'Color Picker' being destroyed
[2020.01.23-20.57.29:910][852]LogEditorViewport: Clicking on Actor (LMB): BP_Sky_Sphere_C (BP_Sky_Sphere)
[2020.01.23-20.57.36:300][599]Cmd: SELECT NONE
[2020.01.23-20.57.36:794][658]LogEditorViewport: Clicking on Actor (LMB): BP_Sky_Sphere_C (BP_Sky_Sphere)
[2020.01.23-20.57.39:895][ 14]LogSlate: FSceneViewport::OnFocusLost() reason 0
[2020.01.23-20.57.42:671][312]LogEditorViewport: Clicking on Actor (LMB): BP_Sky_Sphere_C (BP_Sky_Sphere)
[2020.01.23-20.57.43:069][358]Cmd: DELETE
[2020.01.23-20.57.43:069][358]Cmd: ACTOR DELETE
[2020.01.23-20.57.43:094][358]LogEditorActor: Deleted Actor: BP_Sky_Sphere_C
[2020.01.23-20.57.43:166][358]LogUObjectHash: Compacting FUObjectHashTables data took   2.54ms
[2020.01.23-20.57.43:166][358]LogEditorActor: Deleted 1 Actors (0.097 secs)
[2020.01.23-20.57.44:348][499]Cmd: SELECT NONE
[2020.01.23-20.57.44:731][544]LogEditorViewport: Clicking on Actor (LMB): BP_Sky_Sphere_C (Sky Sphere)
[2020.01.23-20.57.51:340][325]LogSlate: FSceneViewport::OnFocusLost() reason 0
[2020.01.23-20.57.56:773][967]LogSlate: FSceneViewport::OnFocusLost() reason 0
[2020.01.23-20.58.05:151][962]Cmd: SELECT NONE
[2020.01.23-20.58.07:049][187]LogEditorViewport: Clicking on Actor (LMB): BP_Sky_Sphere_C (Sky Sphere)
[2020.01.23-20.58.09:264][441]LogSlate: FSceneViewport::OnFocusLost() reason 5
[2020.01.23-20.58.11:962][749]LogSlate: Window 'Color Picker' being destroyed
[2020.01.23-20.58.20:470][741]LogSlate: Window 'Color Picker' being destroyed
[2020.01.23-20.58.34:917][407]LogSlate: Window 'Color Picker' being destroyed
[2020.01.23-20.58.41:503][189]LogEditorViewport: Clicking on Actor (LMB): BP_Sky_Sphere_C (Sky Sphere)
[2020.01.23-20.58.42:116][261]Cmd: DELETE
[2020.01.23-20.58.42:116][261]Cmd: ACTOR DELETE
[2020.01.23-20.58.42:131][261]LogEditorActor: Deleted Actor: BP_Sky_Sphere_C
[2020.01.23-20.58.42:186][261]LogUObjectHash: Compacting FUObjectHashTables data took   1.76ms
[2020.01.23-20.58.42:186][261]LogEditorActor: Deleted 1 Actors (0.070 secs)
[2020.01.23-20.58.44:849][580]Cmd: TRANSACTION UNDO
[2020.01.23-20.58.44:849][580]LogEditorTransaction: Undo Delete Actors
[2020.01.23-20.58.44:861][580]LogMaterial: Display: Missing cached shader map for material m_Path, compiling. 
[2020.01.23-20.58.44:879][580]LogMaterial: Display: Missing cached shader map for material Base_Colour, compiling. 
[2020.01.23-20.58.44:905][580]LogShaderCompilers: Display: Worker (1/13): shaders left to compile 21
[2020.01.23-20.58.44:905][580]LogShaderCompilers: Display: Worker (2/13): shaders left to compile 20
[2020.01.23-20.58.44:905][580]LogShaderCompilers: Display: Worker (3/13): shaders left to compile 19
[2020.01.23-20.58.44:905][580]LogShaderCompilers: Display: Worker (4/13): shaders left to compile 18
[2020.01.23-20.58.44:905][580]LogShaderCompilers: Display: Worker (5/13): shaders left to compile 17
[2020.01.23-20.58.44:905][580]LogShaderCompilers: Display: Worker (6/13): shaders left to compile 16
[2020.01.23-20.58.44:905][580]LogShaderCompilers: Display: Worker (7/13): shaders left to compile 15
[2020.01.23-20.58.44:905][580]LogShaderCompilers: Display: Worker (8/13): shaders left to compile 14
[2020.01.23-20.58.44:905][580]LogShaderCompilers: Display: Worker (9/13): shaders left to compile 13
[2020.01.23-20.58.44:905][580]LogShaderCompilers: Display: Worker (10/13): shaders left to compile 12
[2020.01.23-20.58.44:905][580]LogShaderCompilers: Display: Worker (11/13): shaders left to compile 11
[2020.01.23-20.58.44:905][580]LogShaderCompilers: Display: Worker (12/13): shaders left to compile 10
[2020.01.23-20.58.45:240][597]LogShaderCompilers: Display: Worker (8/13): shaders left to compile 62
[2020.01.23-20.58.45:359][603]LogShaderCompilers: Display: Worker (9/13): shaders left to compile 61
[2020.01.23-20.58.45:375][604]LogShaderCompilers: Display: Worker (2/13): shaders left to compile 60
[2020.01.23-20.58.45:375][604]LogShaderCompilers: Display: Worker (3/13): shaders left to compile 59
[2020.01.23-20.58.45:375][604]LogShaderCompilers: Display: Worker (5/13): shaders left to compile 58
[2020.01.23-20.58.45:402][606]LogShaderCompilers: Display: Worker (1/13): shaders left to compile 57
[2020.01.23-20.58.45:402][606]LogShaderCompilers: Display: Worker (4/13): shaders left to compile 56
[2020.01.23-20.58.45:402][606]LogShaderCompilers: Display: Worker (6/13): shaders left to compile 55
[2020.01.23-20.58.45:402][606]LogShaderCompilers: Display: Worker (7/13): shaders left to compile 54
[2020.01.23-20.58.45:435][608]LogShaderCompilers: Display: Worker (12/13): shaders left to compile 53
[2020.01.23-20.58.45:612][618]LogShaderCompilers: Display: Worker (12/13): shaders left to compile 52
[2020.01.23-20.58.45:626][619]LogShaderCompilers: Display: Worker (10/13): shaders left to compile 51
[2020.01.23-20.58.45:662][622]LogShaderCompilers: Display: Worker (11/13): shaders left to compile 50
[2020.01.23-20.58.45:737][629]LogShaderCompilers: Display: Worker (2/13): shaders left to compile 49
[2020.01.23-20.58.45:762][631]LogShaderCompilers: Display: Worker (8/13): shaders left to compile 48
[2020.01.23-20.58.45:785][633]LogShaderCompilers: Display: Worker (1/13): shaders left to compile 47
[2020.01.23-20.58.45:795][634]LogShaderCompilers: Display: Worker (7/13): shaders left to compile 46
[2020.01.23-20.58.45:795][634]LogShaderCompilers: Display: Worker (10/13): shaders left to compile 45
[2020.01.23-20.58.45:834][638]LogShaderCompilers: Display: Worker (11/13): shaders left to compile 44
[2020.01.23-20.58.45:919][646]LogShaderCompilers: Display: Worker (12/13): shaders left to compile 43
[2020.01.23-20.58.45:939][647]LogShaderCompilers: Display: Worker (4/13): shaders left to compile 42
[2020.01.23-20.58.45:945][647]LogShaderCompilers: Display: Worker (1/13): shaders left to compile 41
[2020.01.23-20.58.45:955][648]LogShaderCompilers: Display: Worker (6/13): shaders left to compile 40
[2020.01.23-20.58.45:970][649]LogShaderCompilers: Display: Worker (9/13): shaders left to compile 39
[2020.01.23-20.58.45:986][650]LogShaderCompilers: Display: Worker (3/13): shaders left to compile 38
[2020.01.23-20.58.45:987][650]LogShaderCompilers: Display: Worker (5/13): shaders left to compile 37
[2020.01.23-20.58.46:009][651]LogShaderCompilers: Display: Worker (10/13): shaders left to compile 36
[2020.01.23-20.58.46:010][651]LogShaderCompilers: Display: Worker (2/13): shaders left to compile 35
[2020.01.23-20.58.46:010][651]MaterialEditorStats: Base pass shader: 128 instructions
[2020.01.23-20.58.46:010][651]MaterialEditorStats: Base pass shader with Volumetric Lightmap: 206 instructions
[2020.01.23-20.58.46:010][651]MaterialEditorStats: Base pass vertex shader: 44 instructions
[2020.01.23-20.58.46:010][651]MaterialEditorStats: Texture samplers: 6/16
[2020.01.23-20.58.46:010][651]MaterialEditorStats: Texture Lookups (Est.): VS(0), PS(3)
[2020.01.23-20.58.46:010][651]MaterialEditorStats: User interpolators: 2/4 Scalars (1/4 Vectors) (TexCoords: 2, Custom: 0)
[2020.01.23-20.58.46:025][652]LogShaderCompilers: Display: Worker (8/13): shaders left to compile 34
[2020.01.23-20.58.46:043][653]LogShaderCompilers: Display: Worker (7/13): shaders left to compile 33
[2020.01.23-20.58.46:070][655]LogShaderCompilers: Display: Worker (11/13): shaders left to compile 32
[2020.01.23-20.58.46:078][656]LogShaderCompilers: Display: Worker (1/13): shaders left to compile 31
[2020.01.23-20.58.46:078][656]LogShaderCompilers: Display: Worker (12/13): shaders left to compile 30
[2020.01.23-20.58.46:181][665]LogShaderCompilers: Display: Worker (4/13): shaders left to compile 29
[2020.01.23-20.58.46:196][666]LogShaderCompilers: Display: Worker (6/13): shaders left to compile 28
[2020.01.23-20.58.46:532][689]LogShaderCompilers: Display: Worker (10/13): shaders left to compile 27
[2020.01.23-20.58.46:568][692]LogShaderCompilers: Display: Worker (11/13): shaders left to compile 26
[2020.01.23-20.58.46:687][702]LogShaderCompilers: Display: Worker (6/13): shaders left to compile 25
[2020.01.23-20.58.46:954][722]LogShaderCompilers: Display: Worker (5/13): shaders left to compile 24
[2020.01.23-20.58.47:013][727]LogShaderCompilers: Display: Worker (7/13): shaders left to compile 23
[2020.01.23-20.58.47:136][736]LogShaderCompilers: Display: Worker (4/13): shaders left to compile 22
[2020.01.23-20.58.47:425][758]LogShaderCompilers: Display: Worker (5/13): shaders left to compile 21
[2020.01.23-20.58.47:595][772]LogShaderCompilers: Display: Worker (6/13): shaders left to compile 20
[2020.01.23-20.58.48:054][807]LogShaderCompilers: Display: Worker (6/13): shaders left to compile 19
[2020.01.23-20.58.48:329][827]LogShaderCompilers: Display: Worker (5/13): shaders left to compile 18
[2020.01.23-20.58.48:794][863]LogSlate: FSceneViewport::OnFocusLost() reason 0
[2020.01.23-20.58.50:308][949]LogShaderCompilers: Display: Worker (2/13): shaders left to compile 17
[2020.01.23-20.58.50:328][950]LogShaderCompilers: Display: Worker (1/13): shaders left to compile 16
[2020.01.23-20.58.50:328][950]LogShaderCompilers: Display: Worker (9/13): shaders left to compile 15
[2020.01.23-20.58.50:516][958]LogShaderCompilers: Display: Worker (12/13): shaders left to compile 14
[2020.01.23-20.58.50:623][965]LogShaderCompilers: Display: Worker (3/13): shaders left to compile 13
[2020.01.23-20.58.50:681][969]LogShaderCompilers: Display: Worker (8/13): shaders left to compile 12
[2020.01.23-20.58.50:776][975]LogShaderCompilers: Display: Worker (1/13): shaders left to compile 11
[2020.01.23-20.58.50:820][978]LogShaderCompilers: Display: Worker (10/13): shaders left to compile 10
[2020.01.23-20.58.51:025][992]LogShaderCompilers: Display: Worker (11/13): shaders left to compile 9
[2020.01.23-20.58.51:129][997]LogShaderCompilers: Display: Worker (8/13): shaders left to compile 8
[2020.01.23-20.58.51:193][  0]LogShaderCompilers: Display: Worker (2/13): shaders left to compile 7
[2020.01.23-20.58.51:332][  9]LogShaderCompilers: Display: Worker (7/13): shaders left to compile 6
[2020.01.23-20.58.51:502][ 21]LogShaderCompilers: Display: Worker (3/13): shaders left to compile 5
[2020.01.23-20.58.51:593][ 28]LogShaderCompilers: Display: Worker (8/13): shaders left to compile 4
[2020.01.23-20.58.51:719][ 37]LogShaderCompilers: Display: Worker (4/13): shaders left to compile 3
[2020.01.23-20.58.51:932][ 54]LogShaderCompilers: Display: Worker (11/13): shaders left to compile 2
[2020.01.23-20.58.52:051][ 63]LogShaderCompilers: Display: Worker (8/13): shaders left to compile 1
[2020.01.23-20.58.54:088][263]MaterialEditorStats: Base pass shader: 311 instructions
[2020.01.23-20.58.54:088][263]MaterialEditorStats: Base pass shader with Surface Lightmap: 345 instructions
[2020.01.23-20.58.54:088][263]MaterialEditorStats: Base pass shader with Volumetric Lightmap: 390 instructions
[2020.01.23-20.58.54:088][263]MaterialEditorStats: Base pass vertex shader: 137 instructions
[2020.01.23-20.58.54:088][263]MaterialEditorStats: Texture samplers: 4/16
[2020.01.23-20.59.13:136][495]LogSlate: FSceneViewport::OnFocusLost() reason 0
[2020.01.23-20.59.13:924][587]LogEditorViewport: Clicking on Actor (LMB): BP_Sky_Sphere_C (Sky Sphere)
[2020.01.23-20.59.14:749][684]Cmd: DELETE
[2020.01.23-20.59.14:749][684]Cmd: ACTOR DELETE
[2020.01.23-20.59.14:755][684]LogEditorActor: Deleted Actor: BP_Sky_Sphere_C
[2020.01.23-20.59.14:791][684]LogUObjectHash: Compacting FUObjectHashTables data took   1.41ms
[2020.01.23-20.59.14:792][684]LogEditorActor: Deleted 1 Actors (0.043 secs)
[2020.01.23-20.59.15:374][751]LogSlate: FSceneViewport::OnFocusLost() reason 0
[2020.01.23-20.59.20:068][279]LogSlate: FSceneViewport::OnFocusLost() reason 0
[2020.01.23-20.59.34:260][839]LogSlate: Window 'Color Picker' being destroyed
[2020.01.23-20.59.41:062][645]LogSlate: FSceneViewport::OnFocusLost() reason 2
[2020.01.23-20.59.44:311][ 30]Cmd: TRANSACTION UNDO
[2020.01.23-20.59.44:311][ 30]LogEditorTransaction: Undo Edit Directional Light Actor
[2020.01.23-20.59.44:316][ 30]LogMaterial: Display: Missing cached shader map for material m_Path, compiling. 
[2020.01.23-20.59.44:330][ 30]LogMaterial: Display: Missing cached shader map for material Base_Colour, compiling. 
[2020.01.23-20.59.44:355][ 30]LogShaderCompilers: Display: Worker (1/13): shaders left to compile 21
[2020.01.23-20.59.44:355][ 30]LogShaderCompilers: Display: Worker (2/13): shaders left to compile 20
[2020.01.23-20.59.44:355][ 30]LogShaderCompilers: Display: Worker (3/13): shaders left to compile 19
[2020.01.23-20.59.44:355][ 30]LogShaderCompilers: Display: Worker (4/13): shaders left to compile 18
[2020.01.23-20.59.44:355][ 30]LogShaderCompilers: Display: Worker (5/13): shaders left to compile 17
[2020.01.23-20.59.44:355][ 30]LogShaderCompilers: Display: Worker (6/13): shaders left to compile 16
[2020.01.23-20.59.44:355][ 30]LogShaderCompilers: Display: Worker (7/13): shaders left to compile 15
[2020.01.23-20.59.44:355][ 30]LogShaderCompilers: Display: Worker (8/13): shaders left to compile 14
[2020.01.23-20.59.44:355][ 30]LogShaderCompilers: Display: Worker (9/13): shaders left to compile 13
[2020.01.23-20.59.44:355][ 30]LogShaderCompilers: Display: Worker (10/13): shaders left to compile 12
[2020.01.23-20.59.44:355][ 30]LogShaderCompilers: Display: Worker (11/13): shaders left to compile 11
[2020.01.23-20.59.44:355][ 30]LogShaderCompilers: Display: Worker (12/13): shaders left to compile 10
[2020.01.23-20.59.44:650][ 46]LogShaderCompilers: Display: Worker (8/13): shaders left to compile 62
[2020.01.23-20.59.44:786][ 52]LogShaderCompilers: Display: Worker (2/13): shaders left to compile 61
[2020.01.23-20.59.44:791][ 52]LogShaderCompilers: Display: Worker (1/13): shaders left to compile 60
[2020.01.23-20.59.44:791][ 52]LogShaderCompilers: Display: Worker (9/13): shaders left to compile 59
[2020.01.23-20.59.44:821][ 55]LogShaderCompilers: Display: Worker (3/13): shaders left to compile 58
[2020.01.23-20.59.44:821][ 55]LogShaderCompilers: Display: Worker (4/13): shaders left to compile 57
[2020.01.23-20.59.44:821][ 55]LogShaderCompilers: Display: Worker (6/13): shaders left to compile 56
[2020.01.23-20.59.44:821][ 55]LogShaderCompilers: Display: Worker (7/13): shaders left to compile 55
[2020.01.23-20.59.44:853][ 58]LogShaderCompilers: Display: Worker (5/13): shaders left to compile 54
[2020.01.23-20.59.44:865][ 59]LogShaderCompilers: Display: Worker (12/13): shaders left to compile 53
[2020.01.23-20.59.45:042][ 68]LogShaderCompilers: Display: Worker (12/13): shaders left to compile 52
[2020.01.23-20.59.45:070][ 69]LogShaderCompilers: Display: Worker (10/13): shaders left to compile 51
[2020.01.23-20.59.45:086][ 69]LogShaderCompilers: Display: Worker (11/13): shaders left to compile 50
[2020.01.23-20.59.45:147][ 71]LogShaderCompilers: Display: Worker (1/13): shaders left to compile 49
[2020.01.23-20.59.45:198][ 74]LogShaderCompilers: Display: Worker (4/13): shaders left to compile 48
[2020.01.23-20.59.45:198][ 74]LogShaderCompilers: Display: Worker (8/13): shaders left to compile 47
[2020.01.23-20.59.45:221][ 76]LogShaderCompilers: Display: Worker (5/13): shaders left to compile 46
[2020.01.23-20.59.45:234][ 77]LogShaderCompilers: Display: Worker (10/13): shaders left to compile 45
[2020.01.23-20.59.45:254][ 79]LogShaderCompilers: Display: Worker (11/13): shaders left to compile 44
[2020.01.23-20.59.45:338][ 86]LogShaderCompilers: Display: Worker (12/13): shaders left to compile 43
[2020.01.23-20.59.45:348][ 87]LogShaderCompilers: Display: Worker (6/13): shaders left to compile 42
[2020.01.23-20.59.45:366][ 88]LogShaderCompilers: Display: Worker (8/13): shaders left to compile 41
[2020.01.23-20.59.45:373][ 88]LogShaderCompilers: Display: Worker (7/13): shaders left to compile 40
[2020.01.23-20.59.45:383][ 89]LogShaderCompilers: Display: Worker (2/13): shaders left to compile 39
[2020.01.23-20.59.45:383][ 89]LogShaderCompilers: Display: Worker (9/13): shaders left to compile 38
[2020.01.23-20.59.45:409][ 90]LogShaderCompilers: Display: Worker (1/13): shaders left to compile 37
[2020.01.23-20.59.45:419][ 91]LogShaderCompilers: Display: Worker (3/13): shaders left to compile 36
[2020.01.23-20.59.45:443][ 92]LogShaderCompilers: Display: Worker (10/13): shaders left to compile 35
[2020.01.23-20.59.45:446][ 92]MaterialEditorStats: Base pass shader: 128 instructions
[2020.01.23-20.59.45:446][ 92]MaterialEditorStats: Base pass shader with Volumetric Lightmap: 206 instructions
[2020.01.23-20.59.45:446][ 92]MaterialEditorStats: Base pass vertex shader: 44 instructions
[2020.01.23-20.59.45:446][ 92]MaterialEditorStats: Texture samplers: 6/16
[2020.01.23-20.59.45:446][ 92]MaterialEditorStats: Texture Lookups (Est.): VS(0), PS(3)
[2020.01.23-20.59.45:446][ 92]MaterialEditorStats: User interpolators: 2/4 Scalars (1/4 Vectors) (TexCoords: 2, Custom: 0)
[2020.01.23-20.59.45:451][ 92]LogShaderCompilers: Display: Worker (4/13): shaders left to compile 34
[2020.01.23-20.59.45:480][ 94]LogShaderCompilers: Display: Worker (5/13): shaders left to compile 33
[2020.01.23-20.59.45:495][ 95]LogShaderCompilers: Display: Worker (12/13): shaders left to compile 32
[2020.01.23-20.59.45:497][ 95]LogShaderCompilers: Display: Worker (8/13): shaders left to compile 31
[2020.01.23-20.59.45:513][ 96]LogShaderCompilers: Display: Worker (11/13): shaders left to compile 30
[2020.01.23-20.59.45:593][ 99]LogShaderCompilers: Display: Worker (6/13): shaders left to compile 29
[2020.01.23-20.59.45:611][100]LogShaderCompilers: Display: Worker (7/13): shaders left to compile 28
[2020.01.23-20.59.45:926][116]LogShaderCompilers: Display: Worker (3/13): shaders left to compile 27
[2020.01.23-20.59.45:973][118]LogShaderCompilers: Display: Worker (12/13): shaders left to compile 26
[2020.01.23-20.59.46:086][127]LogShaderCompilers: Display: Worker (7/13): shaders left to compile 25
[2020.01.23-20.59.46:224][139]Cmd: SELECT NONE
[2020.01.23-20.59.46:359][151]LogShaderCompilers: Display: Worker (1/13): shaders left to compile 24
[2020.01.23-20.59.46:407][156]LogShaderCompilers: Display: Worker (5/13): shaders left to compile 23
[2020.01.23-20.59.46:533][168]LogShaderCompilers: Display: Worker (6/13): shaders left to compile 22
[2020.01.23-20.59.46:850][199]LogShaderCompilers: Display: Worker (1/13): shaders left to compile 21
[2020.01.23-20.59.47:015][215]LogShaderCompilers: Display: Worker (7/13): shaders left to compile 20
[2020.01.23-20.59.47:477][255]LogShaderCompilers: Display: Worker (7/13): shaders left to compile 19
[2020.01.23-20.59.47:782][284]LogShaderCompilers: Display: Worker (1/13): shaders left to compile 18
[2020.01.23-20.59.49:682][428]LogShaderCompilers: Display: Worker (2/13): shaders left to compile 17
[2020.01.23-20.59.49:752][435]LogShaderCompilers: Display: Worker (10/13): shaders left to compile 16
[2020.01.23-20.59.49:792][439]LogShaderCompilers: Display: Worker (8/13): shaders left to compile 15
[2020.01.23-20.59.49:943][454]LogShaderCompilers: Display: Worker (11/13): shaders left to compile 14
[2020.01.23-20.59.50:053][465]LogShaderCompilers: Display: Worker (9/13): shaders left to compile 13
[2020.01.23-20.59.50:112][471]LogShaderCompilers: Display: Worker (4/13): shaders left to compile 12
[2020.01.23-20.59.50:209][481]LogShaderCompilers: Display: Worker (10/13): shaders left to compile 11
[2020.01.23-20.59.50:240][484]LogShaderCompilers: Display: Worker (3/13): shaders left to compile 10
[2020.01.23-20.59.50:423][503]LogShaderCompilers: Display: Worker (12/13): shaders left to compile 9
[2020.01.23-20.59.50:554][517]LogShaderCompilers: Display: Worker (4/13): shaders left to compile 8
[2020.01.23-20.59.50:574][519]LogShaderCompilers: Display: Worker (2/13): shaders left to compile 7
[2020.01.23-20.59.50:733][536]LogShaderCompilers: Display: Worker (5/13): shaders left to compile 6
[2020.01.23-20.59.50:926][555]LogShaderCompilers: Display: Worker (9/13): shaders left to compile 5
[2020.01.23-20.59.50:996][562]LogShaderCompilers: Display: Worker (4/13): shaders left to compile 4
[2020.01.23-20.59.51:073][570]LogShaderCompilers: Display: Worker (6/13): shaders left to compile 3
[2020.01.23-20.59.51:327][596]LogShaderCompilers: Display: Worker (12/13): shaders left to compile 2
[2020.01.23-20.59.51:437][607]LogShaderCompilers: Display: Worker (4/13): shaders left to compile 1
[2020.01.23-20.59.53:497][847]MaterialEditorStats: Base pass shader: 311 instructions
[2020.01.23-20.59.53:497][847]MaterialEditorStats: Base pass shader with Surface Lightmap: 345 instructions
[2020.01.23-20.59.53:497][847]MaterialEditorStats: Base pass shader with Volumetric Lightmap: 390 instructions
[2020.01.23-20.59.53:497][847]MaterialEditorStats: Base pass vertex shader: 137 instructions
[2020.01.23-20.59.53:497][847]MaterialEditorStats: Texture samplers: 4/16
[2020.01.23-21.00.10:241][839]LogSlate: FSceneViewport::OnFocusLost() reason 0
[2020.01.23-21.00.10:635][867]LogRenderer: Reallocating scene render targets to support 1304x808 Format 10 NumSamples 1 (Frame:151722).
[2020.01.23-21.00.10:665][868]LogRenderer: Reallocating scene render targets to support 1304x820 Format 10 NumSamples 1 (Frame:151724).
[2020.01.23-21.00.10:697][869]LogRenderer: Reallocating scene render targets to support 1304x824 Format 10 NumSamples 1 (Frame:151726).
[2020.01.23-21.00.47:427][222]LogSlate: FSceneViewport::OnFocusLost() reason 0
[2020.01.23-21.00.50:241][540]LogUObjectHash: Compacting FUObjectHashTables data took   1.68ms
[2020.01.23-21.00.50:242][540]Cmd: OBJ SAVEPACKAGE PACKAGE="/Game/Diorama" FILE="../../../../Art/Park_SFAS/Park/Saved/Autosaves/Game/Diorama_Auto6.umap" SILENT=true AUTOSAVING=true KEEPDIRTY=false
[2020.01.23-21.00.50:502][540]LogSavePackage: Moving '../../../../Art/Park_SFAS/Park/Saved/Diorama_Auto6DA2EC9FC4D3284C3C62589845848CFB6.tmp' to '../../../../Art/Park_SFAS/Park/Saved/Autosaves/Game/Diorama_Auto6.umap'
[2020.01.23-21.00.50:505][540]LogFileHelpers: Editor autosave (incl. sublevels) for '/Game/Diorama' took 0.339
[2020.01.23-21.00.50:505][540]LogFileHelpers: Editor autosave (incl. sublevels) for all levels took 0.339
[2020.01.23-21.01.58:814][850]LogEditorViewport: Clicking on Actor (LMB): BP_Sky_Sphere_C (BP_Sky_Sphere)
[2020.01.23-21.08.32:260][424]LogD3D11RHI: Timed out while waiting for GPU to catch up. (0.5 s) (ErrorCode 00000001)
[2020.01.23-22.46.50:850][330]LogEditorViewport: Clicking on Actor (LMB): StaticMeshActor (Pavilion_base)
[2020.01.23-22.46.51:664][332]Cmd: CAMERA ALIGN ACTIVEVIEWPORTONLY
[2020.01.23-22.46.51:668][332]LogEditorViewport: Clicking on Actor (LMB): StaticMeshActor (Pavilion_base)
[2020.01.23-22.46.52:082][374]Cmd: CAMERA ALIGN ACTIVEVIEWPORTONLY
[2020.01.23-22.48.34:555][128]LogEditorViewport: Clicking on Actor (LMB): StaticMeshActor (SM_level_top)
[2020.01.23-22.48.38:247][562]LogSlate: FSceneViewport::OnFocusLost() reason 0
[2020.01.23-22.49.45:750][902]LogSlate: FSceneViewport::OnFocusLost() reason 0
[2020.01.23-22.49.58:549][ 16]LogSlate: FSceneViewport::OnFocusLost() reason 5
[2020.01.23-22.49.58:584][ 16]LogFactory: FactoryCreateFile: Texture with ReimportTextureFactory (0 0 ../../../../Art/Park_SFAS/Textures/Levels/SM_level_top_blinn2_BaseColor.tga)
[2020.01.23-22.49.58:647][ 16]LogTexture: Display: Building textures: SM_level_top_blinn2_BaseColor (AutoDXT, 2048X2048)
[2020.01.23-22.49.58:817][ 16]LogFactory: FactoryCreateFile: Texture with ReimportTextureFactory (0 0 ../../../../Art/Park_SFAS/Textures/Levels/SM_level_top_blinn2_Normal.tga)
[2020.01.23-22.49.58:878][ 16]LogTexture: Display: Building textures: SM_level_top_blinn2_Normal (BC5, 2048X2048)
[2020.01.23-22.49.59:048][ 16]LogFactory: FactoryCreateFile: Texture with ReimportTextureFactory (0 0 ../../../../Art/Park_SFAS/Textures/Levels/SM_level_top_blinn2_OcclusionRoughnessMetallic.tga)
[2020.01.23-22.49.59:097][ 16]LogTexture: Display: Building textures: SM_level_top_blinn2_OcclusionRoughnessMetallic (AutoDXT, 2048X2048)
[2020.01.23-22.49.59:242][ 16]LogFactory: FactoryCreateFile: Texture with ReimportTextureFactory (0 0 ../../../../Art/Park_SFAS/Textures/Levels/SM_level_top_lambert1_BaseColor.tga)
[2020.01.23-22.49.59:312][ 16]LogTexture: Display: Building textures: SM_level_top_lambert1_BaseColor (AutoDXT, 2048X2048)
[2020.01.23-22.49.59:537][ 16]LogFactory: FactoryCreateFile: Texture with ReimportTextureFactory (0 0 ../../../../Art/Park_SFAS/Textures/Levels/SM_level_top_lambert1_Normal.tga)
[2020.01.23-22.49.59:596][ 16]LogTexture: Display: Building textures: SM_level_top_lambert1_Normal (BC5, 2048X2048)
[2020.01.23-22.49.59:741][ 16]LogFactory: FactoryCreateFile: Texture with ReimportTextureFactory (0 0 ../../../../Art/Park_SFAS/Textures/Levels/SM_level_top_lambert1_OcclusionRoughnessMetallic.tga)
[2020.01.23-22.49.59:799][ 16]LogTexture: Display: Building textures: SM_level_top_lambert1_OcclusionRoughnessMetallic (AutoDXT, 2048X2048)
[2020.01.23-22.50.03:218][369]LogUObjectHash: Compacting FUObjectHashTables data took   4.38ms
[2020.01.23-22.50.03:219][369]LogFileHelpers: Editor autosave (incl. sublevels) for '/Game/Diorama' took 0.045
[2020.01.23-22.50.03:223][369]OBJ SavePackage: Generating thumbnails for [1] asset(s) in package [/Game/Textures/SM_level_top_blinn2_BaseColor] ([1] browsable assets)...
[2020.01.23-22.50.03:228][369]OBJ SavePackage:     Rendered thumbnail for [Texture2D /Game/Textures/SM_level_top_blinn2_BaseColor.SM_level_top_blinn2_BaseColor]
[2020.01.23-22.50.03:228][369]OBJ SavePackage: Finished generating thumbnails for package [/Game/Textures/SM_level_top_blinn2_BaseColor]
[2020.01.23-22.50.03:243][369]LogSavePackage: Moving '../../../../Art/Park_SFAS/Park/Saved/SM_level_top_blinn2_BaseColor_Au61996D90472E44DF97844A99F426CF42.tmp' to '../../../../Art/Park_SFAS/Park/Saved/Autosaves/Game/Textures/SM_level_top_blinn2_BaseColor_Auto7.uasset'
[2020.01.23-22.50.03:244][369]OBJ SavePackage: Generating thumbnails for [1] asset(s) in package [/Game/Textures/SM_level_top_blinn2_Normal] ([1] browsable assets)...
[2020.01.23-22.50.03:249][369]OBJ SavePackage:     Rendered thumbnail for [Texture2D /Game/Textures/SM_level_top_blinn2_Normal.SM_level_top_blinn2_Normal]
[2020.01.23-22.50.03:249][369]OBJ SavePackage: Finished generating thumbnails for package [/Game/Textures/SM_level_top_blinn2_Normal]
[2020.01.23-22.50.03:351][369]LogSavePackage: Moving '../../../../Art/Park_SFAS/Park/Saved/SM_level_top_blinn2_Normal_Auto74161ACA645BEE4BE0ACBF6B45550138A.tmp' to '../../../../Art/Park_SFAS/Park/Saved/Autosaves/Game/Textures/SM_level_top_blinn2_Normal_Auto7.uasset'
[2020.01.23-22.50.03:351][369]OBJ SavePackage: Generating thumbnails for [1] asset(s) in package [/Game/Textures/SM_level_top_blinn2_OcclusionRoughnessMetallic] ([1] browsable assets)...
[2020.01.23-22.50.03:356][369]OBJ SavePackage:     Rendered thumbnail for [Texture2D /Game/Textures/SM_level_top_blinn2_OcclusionRoughnessMetallic.SM_level_top_blinn2_OcclusionRoughnessMetallic]
[2020.01.23-22.50.03:356][369]OBJ SavePackage: Finished generating thumbnails for package [/Game/Textures/SM_level_top_blinn2_OcclusionRoughnessMetallic]
[2020.01.23-22.50.03:425][369]LogSavePackage: Moving '../../../../Art/Park_SFAS/Park/Saved/SM_level_top_blinn2_OcclusionRou362F955F487C4504D38744A5E6D89DA2.tmp' to '../../../../Art/Park_SFAS/Park/Saved/Autosaves/Game/Textures/SM_level_top_blinn2_OcclusionRoughnessMetallic_Auto7.uasset'
[2020.01.23-22.50.03:426][369]OBJ SavePackage: Generating thumbnails for [1] asset(s) in package [/Game/Textures/SM_level_top_lambert1_BaseColor] ([1] browsable assets)...
[2020.01.23-22.50.03:430][369]OBJ SavePackage:     Rendered thumbnail for [Texture2D /Game/Textures/SM_level_top_lambert1_BaseColor.SM_level_top_lambert1_BaseColor]
[2020.01.23-22.50.03:430][369]OBJ SavePackage: Finished generating thumbnails for package [/Game/Textures/SM_level_top_lambert1_BaseColor]
[2020.01.23-22.50.03:445][369]LogSavePackage: Moving '../../../../Art/Park_SFAS/Park/Saved/SM_level_top_lambert1_BaseColor_F197D8FB4F46F6A99887D4BD5496A159.tmp' to '../../../../Art/Park_SFAS/Park/Saved/Autosaves/Game/Textures/SM_level_top_lambert1_BaseColor_Auto7.uasset'
[2020.01.23-22.50.03:446][369]OBJ SavePackage: Generating thumbnails for [1] asset(s) in package [/Game/Textures/SM_level_top_lambert1_Normal] ([1] browsable assets)...
[2020.01.23-22.50.03:451][369]OBJ SavePackage:     Rendered thumbnail for [Texture2D /Game/Textures/SM_level_top_lambert1_Normal.SM_level_top_lambert1_Normal]
[2020.01.23-22.50.03:451][369]OBJ SavePackage: Finished generating thumbnails for package [/Game/Textures/SM_level_top_lambert1_Normal]
[2020.01.23-22.50.03:467][369]LogSavePackage: Moving '../../../../Art/Park_SFAS/Park/Saved/SM_level_top_lambert1_Normal_Aut77401F2744A18E449FB04C8AFC4592D5.tmp' to '../../../../Art/Park_SFAS/Park/Saved/Autosaves/Game/Textures/SM_level_top_lambert1_Normal_Auto7.uasset'
[2020.01.23-22.50.03:468][369]OBJ SavePackage: Generating thumbnails for [1] asset(s) in package [/Game/Textures/SM_level_top_lambert1_OcclusionRoughnessMetallic] ([1] browsable assets)...
[2020.01.23-22.50.03:472][369]OBJ SavePackage:     Rendered thumbnail for [Texture2D /Game/Textures/SM_level_top_lambert1_OcclusionRoughnessMetallic.SM_level_top_lambert1_OcclusionRoughnessMetallic]
[2020.01.23-22.50.03:472][369]OBJ SavePackage: Finished generating thumbnails for package [/Game/Textures/SM_level_top_lambert1_OcclusionRoughnessMetallic]
[2020.01.23-22.50.03:487][369]LogSavePackage: Moving '../../../../Art/Park_SFAS/Park/Saved/SM_level_top_lambert1_OcclusionR03CF30454D182201C16200BB3D48850A.tmp' to '../../../../Art/Park_SFAS/Park/Saved/Autosaves/Game/Textures/SM_level_top_lambert1_OcclusionRoughnessMetallic_Auto7.uasset'
[2020.01.23-22.50.03:487][369]LogFileHelpers: Auto-saving content packages took 0.265
[2020.01.23-22.50.05:487][585]LogUObjectHash: Compacting FUObjectHashTables data took   1.14ms
[2020.01.23-22.50.06:732][585]LogSlate: Window 'Delete Assets' being destroyed
[2020.01.23-22.50.06:745][585]LogSlate: FSceneViewport::OnFocusLost() reason 5
[2020.01.23-22.50.06:773][585]LogSlate: FSceneViewport::OnFocusLost() reason 5
[2020.01.23-22.50.06:829][585]LogUObjectHash: Compacting FUObjectHashTables data took   1.64ms
[2020.01.23-22.50.07:988][706]LogSlate: FSceneViewport::OnFocusLost() reason 0
[2020.01.23-22.50.14:125][714]LogSlate: FSceneViewport::OnFocusLost() reason 5
[2020.01.23-22.50.14:162][714]LogFactory: FactoryCreateFile: Texture with ReimportTextureFactory (0 0 ../../../../Art/Park_SFAS/Textures/Levels/SM_level_top_blinn2_BaseColor.tga)
[2020.01.23-22.50.14:221][714]LogTexture: Display: Building textures: SM_level_top_blinn2_BaseColor (AutoDXT, 2048X2048)
[2020.01.23-22.50.14:370][714]LogFactory: FactoryCreateFile: Texture with ReimportTextureFactory (0 0 ../../../../Art/Park_SFAS/Textures/Levels/SM_level_top_blinn2_Normal.tga)
[2020.01.23-22.50.14:429][714]LogTexture: Display: Building textures: SM_level_top_blinn2_Normal (BC5, 2048X2048)
[2020.01.23-22.50.14:589][714]LogFactory: FactoryCreateFile: Texture with ReimportTextureFactory (0 0 ../../../../Art/Park_SFAS/Textures/Levels/SM_level_top_blinn2_OcclusionRoughnessMetallic.tga)
[2020.01.23-22.50.14:637][714]LogTexture: Display: Building textures: SM_level_top_blinn2_OcclusionRoughnessMetallic (AutoDXT, 2048X2048)
[2020.01.23-22.50.18:584][155]Cmd: TRANSACTION UNDO
[2020.01.23-22.50.18:584][155]LogEditorTransaction: Undo Clicking on Actors
[2020.01.23-22.50.18:603][155]LogMaterial: Display: Missing cached shader map for material m_Path, compiling. 
[2020.01.23-22.50.18:621][155]LogMaterial: Display: Missing cached shader map for material Base_Colour, compiling. 
[2020.01.23-22.50.18:669][155]LogShaderCompilers: Display: Worker (1/13): shaders left to compile 21
[2020.01.23-22.50.18:669][155]LogShaderCompilers: Display: Worker (2/13): shaders left to compile 20
[2020.01.23-22.50.18:669][155]LogShaderCompilers: Display: Worker (3/13): shaders left to compile 19
[2020.01.23-22.50.18:669][155]LogShaderCompilers: Display: Worker (4/13): shaders left to compile 18
[2020.01.23-22.50.18:669][155]LogShaderCompilers: Display: Worker (5/13): shaders left to compile 17
[2020.01.23-22.50.18:669][155]LogShaderCompilers: Display: Worker (6/13): shaders left to compile 16
[2020.01.23-22.50.18:669][155]LogShaderCompilers: Display: Worker (7/13): shaders left to compile 15
[2020.01.23-22.50.18:669][155]LogShaderCompilers: Display: Worker (8/13): shaders left to compile 14
[2020.01.23-22.50.18:669][155]LogShaderCompilers: Display: Worker (9/13): shaders left to compile 13
[2020.01.23-22.50.18:669][155]LogShaderCompilers: Display: Worker (10/13): shaders left to compile 12
[2020.01.23-22.50.18:669][155]LogShaderCompilers: Display: Worker (11/13): shaders left to compile 11
[2020.01.23-22.50.18:669][155]LogShaderCompilers: Display: Worker (12/13): shaders left to compile 10
[2020.01.23-22.50.19:586][222]LogShaderCompilers: Display: Worker (8/13): shaders left to compile 62
[2020.01.23-22.50.19:724][231]LogShaderCompilers: Display: Worker (9/13): shaders left to compile 61
[2020.01.23-22.50.19:737][232]LogShaderCompilers: Display: Worker (7/13): shaders left to compile 60
[2020.01.23-22.50.19:757][234]LogShaderCompilers: Display: Worker (3/13): shaders left to compile 59
[2020.01.23-22.50.19:767][235]LogShaderCompilers: Display: Worker (2/13): shaders left to compile 58
[2020.01.23-22.50.19:767][235]LogShaderCompilers: Display: Worker (6/13): shaders left to compile 57
[2020.01.23-22.50.19:789][237]LogShaderCompilers: Display: Worker (4/13): shaders left to compile 56
[2020.01.23-22.50.19:789][237]LogShaderCompilers: Display: Worker (5/13): shaders left to compile 55
[2020.01.23-22.50.19:800][238]LogShaderCompilers: Display: Worker (1/13): shaders left to compile 54
[2020.01.23-22.50.19:811][239]LogShaderCompilers: Display: Worker (12/13): shaders left to compile 53
[2020.01.23-22.50.19:993][252]LogShaderCompilers: Display: Worker (10/13): shaders left to compile 52
[2020.01.23-22.50.20:024][254]LogShaderCompilers: Display: Worker (12/13): shaders left to compile 51
[2020.01.23-22.50.20:066][256]LogShaderCompilers: Display: Worker (11/13): shaders left to compile 50
[2020.01.23-22.50.20:167][263]LogShaderCompilers: Display: Worker (7/13): shaders left to compile 49
[2020.01.23-22.50.20:193][265]LogShaderCompilers: Display: Worker (8/13): shaders left to compile 48
[2020.01.23-22.50.20:208][266]LogShaderCompilers: Display: Worker (6/13): shaders left to compile 47
[2020.01.23-22.50.20:224][267]LogShaderCompilers: Display: Worker (12/13): shaders left to compile 46
[2020.01.23-22.50.20:248][269]LogShaderCompilers: Display: Worker (1/13): shaders left to compile 45
[2020.01.23-22.50.20:270][271]LogShaderCompilers: Display: Worker (11/13): shaders left to compile 44
[2020.01.23-22.50.20:361][278]LogShaderCompilers: Display: Worker (10/13): shaders left to compile 43
[2020.01.23-22.50.20:374][279]LogShaderCompilers: Display: Worker (4/13): shaders left to compile 42
[2020.01.23-22.50.20:387][280]LogShaderCompilers: Display: Worker (3/13): shaders left to compile 41
[2020.01.23-22.50.20:387][280]LogShaderCompilers: Display: Worker (5/13): shaders left to compile 40
[2020.01.23-22.50.20:387][280]LogShaderCompilers: Display: Worker (6/13): shaders left to compile 39
[2020.01.23-22.50.20:408][282]LogShaderCompilers: Display: Worker (9/13): shaders left to compile 38
[2020.01.23-22.50.20:430][284]LogShaderCompilers: Display: Worker (2/13): shaders left to compile 37
[2020.01.23-22.50.20:440][284]LogShaderCompilers: Display: Worker (7/13): shaders left to compile 36
[2020.01.23-22.50.20:440][284]MaterialEditorStats: Base pass shader: 128 instructions
[2020.01.23-22.50.20:440][284]MaterialEditorStats: Base pass shader with Volumetric Lightmap: 206 instructions
[2020.01.23-22.50.20:440][284]MaterialEditorStats: Base pass vertex shader: 44 instructions
[2020.01.23-22.50.20:440][284]MaterialEditorStats: Texture samplers: 6/16
[2020.01.23-22.50.20:440][284]MaterialEditorStats: Texture Lookups (Est.): VS(0), PS(3)
[2020.01.23-22.50.20:440][284]MaterialEditorStats: User interpolators: 2/4 Scalars (1/4 Vectors) (TexCoords: 2, Custom: 0)
[2020.01.23-22.50.20:447][284]LogShaderCompilers: Display: Worker (1/13): shaders left to compile 35
[2020.01.23-22.50.20:478][287]LogShaderCompilers: Display: Worker (8/13): shaders left to compile 34
[2020.01.23-22.50.20:489][288]LogShaderCompilers: Display: Worker (12/13): shaders left to compile 33
[2020.01.23-22.50.20:522][291]LogShaderCompilers: Display: Worker (3/13): shaders left to compile 32
[2020.01.23-22.50.20:533][292]LogShaderCompilers: Display: Worker (10/13): shaders left to compile 31
[2020.01.23-22.50.20:547][293]LogShaderCompilers: Display: Worker (11/13): shaders left to compile 30
[2020.01.23-22.50.20:614][299]LogShaderCompilers: Display: Worker (4/13): shaders left to compile 29
[2020.01.23-22.50.20:626][300]LogShaderCompilers: Display: Worker (5/13): shaders left to compile 28
[2020.01.23-22.50.21:017][324]LogShaderCompilers: Display: Worker (7/13): shaders left to compile 27
[2020.01.23-22.50.21:077][328]LogShaderCompilers: Display: Worker (3/13): shaders left to compile 26
[2020.01.23-22.50.21:223][339]LogShaderCompilers: Display: Worker (5/13): shaders left to compile 25
[2020.01.23-22.50.21:463][353]LogShaderCompilers: Display: Worker (2/13): shaders left to compile 24
[2020.01.23-22.50.21:542][354]LogShaderCompilers: Display: Worker (12/13): shaders left to compile 23
[2020.01.23-22.50.21:654][358]LogShaderCompilers: Display: Worker (4/13): shaders left to compile 22
[2020.01.23-22.50.21:972][375]LogShaderCompilers: Display: Worker (2/13): shaders left to compile 21
[2020.01.23-22.50.22:230][393]LogShaderCompilers: Display: Worker (5/13): shaders left to compile 20
[2020.01.23-22.50.22:733][423]LogShaderCompilers: Display: Worker (5/13): shaders left to compile 19
[2020.01.23-22.50.23:000][439]LogShaderCompilers: Display: Worker (2/13): shaders left to compile 18
[2020.01.23-22.50.28:821][449]LogShaderCompilers: Display: Worker (10/13): shaders left to compile 17
[2020.01.23-22.50.28:821][449]LogShaderCompilers: Display: Worker (1/13): shaders left to compile 16
[2020.01.23-22.50.28:821][449]LogShaderCompilers: Display: Worker (11/13): shaders left to compile 15
[2020.01.23-22.50.28:821][449]LogShaderCompilers: Display: Worker (6/13): shaders left to compile 14
[2020.01.23-22.50.28:821][449]LogShaderCompilers: Display: Worker (8/13): shaders left to compile 13
[2020.01.23-22.50.28:821][449]LogShaderCompilers: Display: Worker (9/13): shaders left to compile 12
[2020.01.23-22.50.28:821][449]LogShaderCompilers: Display: Worker (1/13): shaders left to compile 11
[2020.01.23-22.50.28:821][449]LogShaderCompilers: Display: Worker (7/13): shaders left to compile 10
[2020.01.23-22.50.28:821][449]LogShaderCompilers: Display: Worker (3/13): shaders left to compile 9
[2020.01.23-22.50.28:821][449]LogShaderCompilers: Display: Worker (9/13): shaders left to compile 8
[2020.01.23-22.50.28:821][449]LogShaderCompilers: Display: Worker (10/13): shaders left to compile 7
[2020.01.23-22.50.28:821][449]LogShaderCompilers: Display: Worker (12/13): shaders left to compile 6
[2020.01.23-22.50.28:821][449]LogShaderCompilers: Display: Worker (8/13): shaders left to compile 5
[2020.01.23-22.50.28:821][449]LogShaderCompilers: Display: Worker (9/13): shaders left to compile 4
[2020.01.23-22.50.28:821][449]LogShaderCompilers: Display: Worker (4/13): shaders left to compile 3
[2020.01.23-22.50.28:821][449]LogShaderCompilers: Display: Worker (3/13): shaders left to compile 2
[2020.01.23-22.50.28:821][449]LogShaderCompilers: Display: Worker (9/13): shaders left to compile 1
[2020.01.23-22.50.28:866][449]MaterialEditorStats: Base pass shader: 311 instructions
[2020.01.23-22.50.28:866][449]MaterialEditorStats: Base pass shader with Surface Lightmap: 345 instructions
[2020.01.23-22.50.28:866][449]MaterialEditorStats: Base pass shader with Volumetric Lightmap: 390 instructions
[2020.01.23-22.50.28:866][449]MaterialEditorStats: Base pass vertex shader: 137 instructions
[2020.01.23-22.50.28:866][449]MaterialEditorStats: Texture samplers: 4/16
[2020.01.23-22.50.29:340][503]LogSlate: FSceneViewport::OnFocusLost() reason 0
[2020.01.23-22.50.30:196][602]Cmd: TRANSACTION UNDO
[2020.01.23-22.50.30:196][602]LogEditorTransaction: Undo Clicking on Actors
[2020.01.23-22.50.30:204][602]LogMaterial: Display: Missing cached shader map for material m_Path, compiling. 
[2020.01.23-22.50.30:221][602]LogShaderCompilers: Display: Worker (1/13): shaders left to compile 21
[2020.01.23-22.50.30:221][602]LogShaderCompilers: Display: Worker (2/13): shaders left to compile 20
[2020.01.23-22.50.30:221][602]LogShaderCompilers: Display: Worker (3/13): shaders left to compile 19
[2020.01.23-22.50.30:221][602]LogShaderCompilers: Display: Worker (4/13): shaders left to compile 18
[2020.01.23-22.50.30:221][602]LogShaderCompilers: Display: Worker (5/13): shaders left to compile 17
[2020.01.23-22.50.30:221][602]LogShaderCompilers: Display: Worker (6/13): shaders left to compile 16
[2020.01.23-22.50.30:221][602]LogShaderCompilers: Display: Worker (7/13): shaders left to compile 15
[2020.01.23-22.50.30:221][602]LogShaderCompilers: Display: Worker (8/13): shaders left to compile 14
[2020.01.23-22.50.30:221][602]LogShaderCompilers: Display: Worker (9/13): shaders left to compile 13
[2020.01.23-22.50.30:221][602]LogShaderCompilers: Display: Worker (10/13): shaders left to compile 12
[2020.01.23-22.50.30:221][602]LogShaderCompilers: Display: Worker (11/13): shaders left to compile 11
[2020.01.23-22.50.30:221][602]LogShaderCompilers: Display: Worker (12/13): shaders left to compile 10
[2020.01.23-22.50.30:221][602]LogMaterial: Display: Missing cached shader map for material Base_Colour, compiling. 
[2020.01.23-22.50.30:412][606]LogShaderCompilers: Display: Worker (8/13): shaders left to compile 62
[2020.01.23-22.50.30:479][609]LogShaderCompilers: Display: Worker (1/13): shaders left to compile 61
[2020.01.23-22.50.30:499][610]LogShaderCompilers: Display: Worker (2/13): shaders left to compile 60
[2020.01.23-22.50.30:502][611]LogShaderCompilers: Display: Worker (3/13): shaders left to compile 59
[2020.01.23-22.50.30:517][611]LogShaderCompilers: Display: Worker (4/13): shaders left to compile 58
[2020.01.23-22.50.30:537][612]LogShaderCompilers: Display: Worker (5/13): shaders left to compile 57
[2020.01.23-22.50.30:539][613]LogShaderCompilers: Display: Worker (7/13): shaders left to compile 56
[2020.01.23-22.50.30:539][613]LogShaderCompilers: Display: Worker (9/13): shaders left to compile 55
[2020.01.23-22.50.30:559][614]LogShaderCompilers: Display: Worker (6/13): shaders left to compile 54
[2020.01.23-22.50.30:637][618]LogShaderCompilers: Display: Worker (12/13): shaders left to compile 53
[2020.01.23-22.50.30:830][625]LogShaderCompilers: Display: Worker (12/13): shaders left to compile 52
[2020.01.23-22.50.30:830][625]LogShaderCompilers: Display: Worker (10/13): shaders left to compile 51
[2020.01.23-22.50.30:850][627]LogShaderCompilers: Display: Worker (2/13): shaders left to compile 50
[2020.01.23-22.50.30:901][629]LogShaderCompilers: Display: Worker (5/13): shaders left to compile 49
[2020.01.23-22.50.30:977][633]LogShaderCompilers: Display: Worker (10/13): shaders left to compile 48
[2020.01.23-22.50.30:991][634]LogShaderCompilers: Display: Worker (6/13): shaders left to compile 47
[2020.01.23-22.50.31:004][635]LogShaderCompilers: Display: Worker (8/13): shaders left to compile 46
[2020.01.23-22.50.31:015][636]LogShaderCompilers: Display: Worker (2/13): shaders left to compile 45
[2020.01.23-22.50.31:027][637]LogShaderCompilers: Display: Worker (11/13): shaders left to compile 44
[2020.01.23-22.50.31:063][640]LogShaderCompilers: Display: Worker (7/13): shaders left to compile 43
[2020.01.23-22.50.31:085][642]LogShaderCompilers: Display: Worker (9/13): shaders left to compile 42
[2020.01.23-22.50.31:108][644]LogShaderCompilers: Display: Worker (1/13): shaders left to compile 41
[2020.01.23-22.50.31:122][645]LogShaderCompilers: Display: Worker (12/13): shaders left to compile 40
[2020.01.23-22.50.31:135][646]LogShaderCompilers: Display: Worker (3/13): shaders left to compile 39
[2020.01.23-22.50.31:136][646]LogShaderCompilers: Display: Worker (4/13): shaders left to compile 38
[2020.01.23-22.50.31:156][647]LogShaderCompilers: Display: Worker (6/13): shaders left to compile 37
[2020.01.23-22.50.31:178][648]LogShaderCompilers: Display: Worker (5/13): shaders left to compile 36
[2020.01.23-22.50.31:217][651]LogShaderCompilers: Display: Worker (2/13): shaders left to compile 35
[2020.01.23-22.50.31:218][651]MaterialEditorStats: Base pass shader: 128 instructions
[2020.01.23-22.50.31:218][651]MaterialEditorStats: Base pass shader with Volumetric Lightmap: 206 instructions
[2020.01.23-22.50.31:218][651]MaterialEditorStats: Base pass vertex shader: 44 instructions
[2020.01.23-22.50.31:218][651]MaterialEditorStats: Texture samplers: 6/16
[2020.01.23-22.50.31:218][651]MaterialEditorStats: Texture Lookups (Est.): VS(0), PS(3)
[2020.01.23-22.50.31:218][651]MaterialEditorStats: User interpolators: 2/4 Scalars (1/4 Vectors) (TexCoords: 2, Custom: 0)
[2020.01.23-22.50.31:232][652]LogShaderCompilers: Display: Worker (7/13): shaders left to compile 34
[2020.01.23-22.50.31:232][652]LogShaderCompilers: Display: Worker (1/13): shaders left to compile 33
[2020.01.23-22.50.31:254][654]LogShaderCompilers: Display: Worker (10/13): shaders left to compile 32
[2020.01.23-22.50.31:266][655]LogShaderCompilers: Display: Worker (8/13): shaders left to compile 31
[2020.01.23-22.50.31:302][658]LogShaderCompilers: Display: Worker (11/13): shaders left to compile 30
[2020.01.23-22.50.31:344][661]LogShaderCompilers: Display: Worker (9/13): shaders left to compile 29
[2020.01.23-22.50.31:369][662]LogShaderCompilers: Display: Worker (12/13): shaders left to compile 28
[2020.01.23-22.50.31:665][675]LogShaderCompilers: Display: Worker (5/13): shaders left to compile 27
[2020.01.23-22.50.31:738][680]LogShaderCompilers: Display: Worker (10/13): shaders left to compile 26
[2020.01.23-22.50.31:866][689]LogShaderCompilers: Display: Worker (12/13): shaders left to compile 25
[2020.01.23-22.50.32:021][697]LogUObjectHash: Compacting FUObjectHashTables data took   2.52ms
[2020.01.23-22.50.32:309][697]LogShaderCompilers: Display: Worker (6/13): shaders left to compile 24
[2020.01.23-22.50.32:309][697]LogShaderCompilers: Display: Worker (1/13): shaders left to compile 23
[2020.01.23-22.50.32:325][697]LogShaderCompilers: Display: Worker (9/13): shaders left to compile 22
[2020.01.23-22.50.32:799][697]LogShaderCompilers: Display: Worker (6/13): shaders left to compile 21
[2020.01.23-22.50.32:799][697]LogShaderCompilers: Display: Worker (12/13): shaders left to compile 20
[2020.01.23-22.50.33:249][697]LogShaderCompilers: Display: Worker (12/13): shaders left to compile 19
[2020.01.23-22.50.33:469][697]LogShaderCompilers: Display: Worker (6/13): shaders left to compile 18
[2020.01.23-22.50.33:765][697]LogSlate: Window 'Delete Assets' being destroyed
[2020.01.23-22.50.33:787][697]LogSlate: FSceneViewport::OnFocusLost() reason 5
[2020.01.23-22.50.33:841][697]LogSlate: FSceneViewport::OnFocusLost() reason 5
[2020.01.23-22.50.33:933][697]LogUObjectHash: Compacting FUObjectHashTables data took   1.45ms
[2020.01.23-22.50.35:087][769]LogSlate: FSceneViewport::OnFocusLost() reason 0
[2020.01.23-22.50.43:138][776]LogShaderCompilers: Display: Worker (8/13): shaders left to compile 17
[2020.01.23-22.50.43:138][776]LogShaderCompilers: Display: Worker (3/13): shaders left to compile 16
[2020.01.23-22.50.43:138][776]LogShaderCompilers: Display: Worker (2/13): shaders left to compile 15
[2020.01.23-22.50.43:138][776]LogShaderCompilers: Display: Worker (11/13): shaders left to compile 14
[2020.01.23-22.50.43:138][776]LogShaderCompilers: Display: Worker (4/13): shaders left to compile 13
[2020.01.23-22.50.43:138][776]LogShaderCompilers: Display: Worker (7/13): shaders left to compile 12
[2020.01.23-22.50.43:138][776]LogShaderCompilers: Display: Worker (5/13): shaders left to compile 11
[2020.01.23-22.50.43:138][776]LogShaderCompilers: Display: Worker (3/13): shaders left to compile 10
[2020.01.23-22.50.43:138][776]LogShaderCompilers: Display: Worker (10/13): shaders left to compile 9
[2020.01.23-22.50.43:138][776]LogShaderCompilers: Display: Worker (7/13): shaders left to compile 8
[2020.01.23-22.50.43:138][776]LogShaderCompilers: Display: Worker (8/13): shaders left to compile 7
[2020.01.23-22.50.43:138][776]LogShaderCompilers: Display: Worker (1/13): shaders left to compile 6
[2020.01.23-22.50.43:138][776]LogShaderCompilers: Display: Worker (4/13): shaders left to compile 5
[2020.01.23-22.50.43:138][776]LogShaderCompilers: Display: Worker (7/13): shaders left to compile 4
[2020.01.23-22.50.43:138][776]LogShaderCompilers: Display: Worker (9/13): shaders left to compile 3
[2020.01.23-22.50.43:138][776]LogShaderCompilers: Display: Worker (10/13): shaders left to compile 2
[2020.01.23-22.50.43:138][776]LogShaderCompilers: Display: Worker (7/13): shaders left to compile 1
[2020.01.23-22.50.43:186][776]MaterialEditorStats: Base pass shader: 311 instructions
[2020.01.23-22.50.43:186][776]MaterialEditorStats: Base pass shader with Surface Lightmap: 345 instructions
[2020.01.23-22.50.43:186][776]MaterialEditorStats: Base pass shader with Volumetric Lightmap: 390 instructions
[2020.01.23-22.50.43:186][776]MaterialEditorStats: Base pass vertex shader: 137 instructions
[2020.01.23-22.50.43:186][776]MaterialEditorStats: Texture samplers: 4/16
[2020.01.23-22.50.43:859][853]LogSlate: FSceneViewport::OnFocusLost() reason 0
[2020.01.23-22.50.47:969][337]LogSlate: FSceneViewport::OnFocusLost() reason 5
[2020.01.23-22.50.47:979][337]Cmd: OBJ SAVEPACKAGE PACKAGE="/Game/Textures/T_level_top_lambert1_BaseColor" FILE="../../../../Art/Park_SFAS/Park/Content/Textures/T_level_top_lambert1_BaseColor.uasset" SILENT=true
[2020.01.23-22.50.48:163][337]LogSavePackage: Moving '../../../../Art/Park_SFAS/Park/Saved/T_level_top_lambert1_BaseColor3D01C52E4F9B30E7BDAE4F8501FE0D7F.tmp' to '../../../../Art/Park_SFAS/Park/Content/Textures/T_level_top_lambert1_BaseColor.uasset'
[2020.01.23-22.50.48:175][337]LogSlate: FSceneViewport::OnFocusLost() reason 5
[2020.01.23-22.50.48:248][337]LogSlate: FSceneViewport::OnFocusLost() reason 5
[2020.01.23-22.50.48:288][337]LogUObjectHash: Compacting FUObjectHashTables data took   0.90ms
[2020.01.23-22.50.48:328][337]LogUObjectHash: Compacting FUObjectHashTables data took   1.58ms
[2020.01.23-22.50.48:362][337]LogUObjectHash: Compacting FUObjectHashTables data took   0.73ms
[2020.01.23-22.50.48:407][337]LogSlate: FSceneViewport::OnFocusLost() reason 2
[2020.01.23-22.50.50:957][637]LogSlate: FSceneViewport::OnFocusLost() reason 5
[2020.01.23-22.50.50:968][637]Cmd: OBJ SAVEPACKAGE PACKAGE="/Game/Textures/T_level_top_lambert1_Normal" FILE="../../../../Art/Park_SFAS/Park/Content/Textures/T_level_top_lambert1_Normal.uasset" SILENT=true
[2020.01.23-22.50.51:372][637]LogSavePackage: Moving '../../../../Art/Park_SFAS/Park/Saved/T_level_top_lambert1_NormalD0DCFD364833F74858254F8FB9079624.tmp' to '../../../../Art/Park_SFAS/Park/Content/Textures/T_level_top_lambert1_Normal.uasset'
[2020.01.23-22.50.51:385][637]LogSlate: FSceneViewport::OnFocusLost() reason 5
[2020.01.23-22.50.51:458][637]LogSlate: FSceneViewport::OnFocusLost() reason 5
[2020.01.23-22.50.51:497][637]LogUObjectHash: Compacting FUObjectHashTables data took   0.74ms
[2020.01.23-22.50.51:537][637]LogUObjectHash: Compacting FUObjectHashTables data took   1.60ms
[2020.01.23-22.50.51:572][637]LogUObjectHash: Compacting FUObjectHashTables data took   0.74ms
[2020.01.23-22.50.51:615][637]LogSlate: FSceneViewport::OnFocusLost() reason 2
[2020.01.23-22.50.53:904][908]LogSlate: FSceneViewport::OnFocusLost() reason 5
[2020.01.23-22.50.54:105][908]LogSavePackage: Moving '../../../../Art/Park_SFAS/Park/Saved/T_level_top_lambert1_OcclusionRo1FA5F3784B0FA45D873D98A2D06CD8EE.tmp' to '../../../../Art/Park_SFAS/Park/Content/Textures/T_level_top_lambert1_OcclusionRoughnessMetallic.uasset'
[2020.01.23-22.50.54:119][908]LogSlate: FSceneViewport::OnFocusLost() reason 5
[2020.01.23-22.50.54:191][908]LogSlate: FSceneViewport::OnFocusLost() reason 5
[2020.01.23-22.50.54:228][908]LogUObjectHash: Compacting FUObjectHashTables data took   0.73ms
[2020.01.23-22.50.54:268][908]LogUObjectHash: Compacting FUObjectHashTables data took   1.59ms
[2020.01.23-22.50.54:304][908]LogUObjectHash: Compacting FUObjectHashTables data took   0.73ms
[2020.01.23-22.50.54:348][908]LogSlate: FSceneViewport::OnFocusLost() reason 2
[2020.01.23-22.51.12:043][970]LogAssetEditorManager: Opening Asset editor for Material /Game/Materials/m_leveltop.m_leveltop
[2020.01.23-22.51.12:046][970]LogMaterial: Display: Missing cached shader map for material m_leveltop, compiling. 
[2020.01.23-22.51.12:123][970]LogMaterial: Display: Missing cached shader map for material m_leveltop, compiling. 
[2020.01.23-22.51.12:137][970]LogMaterial: Display: Missing cached shader map for material m_leveltop, compiling. 
[2020.01.23-22.51.12:151][970]LogShaderCompilers: Display: Worker (1/13): shaders left to compile 21
[2020.01.23-22.51.12:151][970]LogShaderCompilers: Display: Worker (2/13): shaders left to compile 20
[2020.01.23-22.51.12:151][970]LogShaderCompilers: Display: Worker (3/13): shaders left to compile 19
[2020.01.23-22.51.12:151][970]LogShaderCompilers: Display: Worker (4/13): shaders left to compile 18
[2020.01.23-22.51.12:151][970]LogShaderCompilers: Display: Worker (5/13): shaders left to compile 17
[2020.01.23-22.51.12:151][970]LogShaderCompilers: Display: Worker (6/13): shaders left to compile 16
[2020.01.23-22.51.12:151][970]LogShaderCompilers: Display: Worker (7/13): shaders left to compile 15
[2020.01.23-22.51.12:152][970]LogShaderCompilers: Display: Worker (8/13): shaders left to compile 14
[2020.01.23-22.51.12:152][970]LogShaderCompilers: Display: Worker (9/13): shaders left to compile 13
[2020.01.23-22.51.12:152][970]LogShaderCompilers: Display: Worker (10/13): shaders left to compile 12
[2020.01.23-22.51.12:152][970]LogShaderCompilers: Display: Worker (11/13): shaders left to compile 11
[2020.01.23-22.51.12:152][970]LogShaderCompilers: Display: Worker (12/13): shaders left to compile 10
[2020.01.23-22.51.12:495][981]LogShaderCompilers: Display: Worker (8/13): shaders left to compile 9
[2020.01.23-22.51.12:631][988]LogShaderCompilers: Display: Worker (1/13): shaders left to compile 8
[2020.01.23-22.51.12:674][990]LogShaderCompilers: Display: Worker (5/13): shaders left to compile 7
[2020.01.23-22.51.12:674][990]LogShaderCompilers: Display: Worker (4/13): shaders left to compile 6
[2020.01.23-22.51.12:694][991]LogShaderCompilers: Display: Worker (9/13): shaders left to compile 5
[2020.01.23-22.51.12:713][992]LogShaderCompilers: Display: Worker (7/13): shaders left to compile 4
[2020.01.23-22.51.12:732][993]LogShaderCompilers: Display: Worker (3/13): shaders left to compile 3
[2020.01.23-22.51.12:768][995]LogShaderCompilers: Display: Worker (2/13): shaders left to compile 2
[2020.01.23-22.51.12:787][996]LogShaderCompilers: Display: Worker (6/13): shaders left to compile 1
[2020.01.23-22.51.13:311][ 26]MaterialEditorStats: Base pass shader: 117 instructions
[2020.01.23-22.51.13:311][ 26]MaterialEditorStats: Base pass shader with Volumetric Lightmap: 191 instructions
[2020.01.23-22.51.13:311][ 26]MaterialEditorStats: Base pass vertex shader: 40 instructions
[2020.01.23-22.51.13:311][ 26]MaterialEditorStats: Texture samplers: 3/16
[2020.01.23-22.51.16:181][259]LogMaterial: Display: Missing cached shader map for material m_leveltop, compiling. 
[2020.01.23-22.51.16:194][259]LogMaterial: Display: Missing cached shader map for material FMatExpressionPreview MaterialExpressionTextureSample_0, compiling. 
[2020.01.23-22.51.16:202][259]LogShaderCompilers: Display: Worker (1/13): shaders left to compile 25
[2020.01.23-22.51.16:202][259]LogShaderCompilers: Display: Worker (2/13): shaders left to compile 24
[2020.01.23-22.51.16:202][259]LogShaderCompilers: Display: Worker (3/13): shaders left to compile 23
[2020.01.23-22.51.16:202][259]LogShaderCompilers: Display: Worker (4/13): shaders left to compile 22
[2020.01.23-22.51.16:202][259]LogShaderCompilers: Display: Worker (5/13): shaders left to compile 21
[2020.01.23-22.51.16:202][259]LogShaderCompilers: Display: Worker (6/13): shaders left to compile 20
[2020.01.23-22.51.16:202][259]LogShaderCompilers: Display: Worker (7/13): shaders left to compile 19
[2020.01.23-22.51.16:202][259]LogShaderCompilers: Display: Worker (8/13): shaders left to compile 18
[2020.01.23-22.51.16:202][259]LogShaderCompilers: Display: Worker (9/13): shaders left to compile 17
[2020.01.23-22.51.16:202][259]LogShaderCompilers: Display: Worker (10/13): shaders left to compile 16
[2020.01.23-22.51.16:202][259]LogShaderCompilers: Display: Worker (11/13): shaders left to compile 15
[2020.01.23-22.51.16:202][259]LogShaderCompilers: Display: Worker (12/13): shaders left to compile 14
[2020.01.23-22.51.16:205][259]LogMaterial: Display: Missing cached shader map for material FMatExpressionPreview MaterialExpressionTextureSample_0, compiling. 
[2020.01.23-22.51.16:221][259]LogMaterial: Display: Missing cached shader map for material m_leveltop, compiling. 
[2020.01.23-22.51.16:236][259]LogMaterial: Display: Missing cached shader map for material FMatExpressionPreview MaterialExpressionTextureSample_1, compiling. 
[2020.01.23-22.51.16:251][259]LogMaterial: Display: Missing cached shader map for material FMatExpressionPreview MaterialExpressionTextureSample_0, compiling. 
[2020.01.23-22.51.16:259][259]LogMaterial: Display: Missing cached shader map for material FMatExpressionPreview MaterialExpressionTextureSample_1, compiling. 
[2020.01.23-22.51.16:281][259]LogMaterial: Display: Missing cached shader map for material m_leveltop, compiling. 
[2020.01.23-22.51.16:310][259]LogMaterial: Display: Missing cached shader map for material FMatExpressionPreview MaterialExpressionTextureSample_2, compiling. 
[2020.01.23-22.51.16:340][259]LogMaterial: Display: Missing cached shader map for material FMatExpressionPreview MaterialExpressionTextureSample_0, compiling. 
[2020.01.23-22.51.16:352][259]LogMaterial: Display: Missing cached shader map for material FMatExpressionPreview MaterialExpressionTextureSample_1, compiling. 
[2020.01.23-22.51.16:364][259]LogMaterial: Display: Missing cached shader map for material FMatExpressionPreview MaterialExpressionTextureSample_2, compiling. 
[2020.01.23-22.51.16:433][260]LogShaderCompilers: Display: Worker (8/13): shaders left to compile 33
[2020.01.23-22.51.16:468][261]LogShaderCompilers: Display: Worker (1/13): shaders left to compile 32
[2020.01.23-22.51.16:468][261]LogShaderCompilers: Display: Worker (3/13): shaders left to compile 31
[2020.01.23-22.51.16:486][262]LogShaderCompilers: Display: Worker (2/13): shaders left to compile 30
[2020.01.23-22.51.16:486][262]LogShaderCompilers: Display: Worker (4/13): shaders left to compile 29
[2020.01.23-22.51.16:505][263]LogShaderCompilers: Display: Worker (9/13): shaders left to compile 28
[2020.01.23-22.51.16:522][264]LogShaderCompilers: Display: Worker (5/13): shaders left to compile 27
[2020.01.23-22.51.16:550][264]LogShaderCompilers: Display: Worker (6/13): shaders left to compile 26
[2020.01.23-22.51.16:550][264]LogShaderCompilers: Display: Worker (7/13): shaders left to compile 25
[2020.01.23-22.51.16:642][269]LogShaderCompilers: Display: Worker (12/13): shaders left to compile 24
[2020.01.23-22.51.16:667][270]LogShaderCompilers: Display: Worker (6/13): shaders left to compile 23
[2020.01.23-22.51.16:688][271]LogShaderCompilers: Display: Worker (8/13): shaders left to compile 22
[2020.01.23-22.51.16:757][274]LogShaderCompilers: Display: Worker (1/13): shaders left to compile 21
[2020.01.23-22.51.16:795][276]LogShaderCompilers: Display: Worker (4/13): shaders left to compile 20
[2020.01.23-22.51.16:795][276]LogShaderCompilers: Display: Worker (2/13): shaders left to compile 19
[2020.01.23-22.51.16:795][276]LogShaderCompilers: Display: Worker (3/13): shaders left to compile 18
[2020.01.23-22.51.16:812][277]LogShaderCompilers: Display: Worker (5/13): shaders left to compile 17
[2020.01.23-22.51.16:812][277]LogShaderCompilers: Display: Worker (7/13): shaders left to compile 16
[2020.01.23-22.51.16:812][277]LogShaderCompilers: Display: Worker (9/13): shaders left to compile 15
[2020.01.23-22.51.16:850][279]LogShaderCompilers: Display: Worker (10/13): shaders left to compile 14
[2020.01.23-22.51.16:876][280]LogShaderCompilers: Display: Worker (11/13): shaders left to compile 13
[2020.01.23-22.51.17:052][288]LogShaderCompilers: Display: Worker (8/13): shaders left to compile 12
[2020.01.23-22.51.17:189][293]LogShaderCompilers: Display: Worker (2/13): shaders left to compile 11
[2020.01.23-22.51.17:233][295]LogShaderCompilers: Display: Worker (7/13): shaders left to compile 10
[2020.01.23-22.51.17:271][297]LogShaderCompilers: Display: Worker (12/13): shaders left to compile 9
[2020.01.23-22.51.17:290][298]LogShaderCompilers: Display: Worker (11/13): shaders left to compile 8
[2020.01.23-22.51.17:327][300]LogShaderCompilers: Display: Worker (6/13): shaders left to compile 7
[2020.01.23-22.51.17:382][303]LogShaderCompilers: Display: Worker (1/13): shaders left to compile 6
[2020.01.23-22.51.17:404][304]LogShaderCompilers: Display: Worker (9/13): shaders left to compile 5
[2020.01.23-22.51.17:424][305]LogShaderCompilers: Display: Worker (3/13): shaders left to compile 4
[2020.01.23-22.51.17:424][305]LogShaderCompilers: Display: Worker (10/13): shaders left to compile 3
[2020.01.23-22.51.17:444][306]LogShaderCompilers: Display: Worker (4/13): shaders left to compile 2
[2020.01.23-22.51.17:464][307]LogShaderCompilers: Display: Worker (5/13): shaders left to compile 1
[2020.01.23-22.51.17:496][308]MaterialEditorStats: Base pass shader: 117 instructions
[2020.01.23-22.51.17:496][308]MaterialEditorStats: Base pass shader with Volumetric Lightmap: 191 instructions
[2020.01.23-22.51.17:496][308]MaterialEditorStats: Base pass vertex shader: 40 instructions
[2020.01.23-22.51.17:496][308]MaterialEditorStats: Texture samplers: 3/16
[2020.01.23-22.51.21:482][625]LogMaterial: Display: Missing cached shader map for material m_leveltop, compiling. 
[2020.01.23-22.51.21:497][625]LogMaterial: Display: Missing cached shader map for material FMatExpressionPreview MaterialExpressionTextureSample_1, compiling. 
[2020.01.23-22.51.21:503][625]LogShaderCompilers: Display: Worker (1/13): shaders left to compile 21
[2020.01.23-22.51.21:503][625]LogShaderCompilers: Display: Worker (2/13): shaders left to compile 20
[2020.01.23-22.51.21:503][625]LogShaderCompilers: Display: Worker (3/13): shaders left to compile 19
[2020.01.23-22.51.21:503][625]LogShaderCompilers: Display: Worker (4/13): shaders left to compile 18
[2020.01.23-22.51.21:503][625]LogShaderCompilers: Display: Worker (5/13): shaders left to compile 17
[2020.01.23-22.51.21:503][625]LogShaderCompilers: Display: Worker (6/13): shaders left to compile 16
[2020.01.23-22.51.21:503][625]LogShaderCompilers: Display: Worker (7/13): shaders left to compile 15
[2020.01.23-22.51.21:503][625]LogShaderCompilers: Display: Worker (8/13): shaders left to compile 14
[2020.01.23-22.51.21:503][625]LogShaderCompilers: Display: Worker (9/13): shaders left to compile 13
[2020.01.23-22.51.21:503][625]LogShaderCompilers: Display: Worker (10/13): shaders left to compile 12
[2020.01.23-22.51.21:503][625]LogShaderCompilers: Display: Worker (11/13): shaders left to compile 11
[2020.01.23-22.51.21:503][625]LogShaderCompilers: Display: Worker (12/13): shaders left to compile 10
[2020.01.23-22.51.21:725][636]LogShaderCompilers: Display: Worker (8/13): shaders left to compile 13
[2020.01.23-22.51.21:819][640]LogShaderCompilers: Display: Worker (3/13): shaders left to compile 12
[2020.01.23-22.51.21:837][641]LogShaderCompilers: Display: Worker (1/13): shaders left to compile 11
[2020.01.23-22.51.21:837][641]LogShaderCompilers: Display: Worker (2/13): shaders left to compile 10
[2020.01.23-22.51.21:837][641]LogShaderCompilers: Display: Worker (5/13): shaders left to compile 9
[2020.01.23-22.51.21:837][641]LogShaderCompilers: Display: Worker (6/13): shaders left to compile 8
[2020.01.23-22.51.21:872][643]LogShaderCompilers: Display: Worker (4/13): shaders left to compile 7
[2020.01.23-22.51.21:873][643]LogShaderCompilers: Display: Worker (7/13): shaders left to compile 6
[2020.01.23-22.51.21:873][643]LogShaderCompilers: Display: Worker (9/13): shaders left to compile 5
[2020.01.23-22.51.21:947][647]LogShaderCompilers: Display: Worker (12/13): shaders left to compile 4
[2020.01.23-22.51.22:162][655]LogShaderCompilers: Display: Worker (10/13): shaders left to compile 3
[2020.01.23-22.51.22:191][657]LogShaderCompilers: Display: Worker (11/13): shaders left to compile 2
[2020.01.23-22.51.22:214][658]LogShaderCompilers: Display: Worker (1/13): shaders left to compile 1
[2020.01.23-22.51.22:750][694]LogMaterial: Display: Missing cached shader map for material m_leveltop, compiling. 
[2020.01.23-22.51.22:765][694]LogShaderCompilers: Display: Worker (1/13): shaders left to compile 21
[2020.01.23-22.51.22:765][694]LogShaderCompilers: Display: Worker (2/13): shaders left to compile 20
[2020.01.23-22.51.22:765][694]LogShaderCompilers: Display: Worker (3/13): shaders left to compile 19
[2020.01.23-22.51.22:765][694]LogShaderCompilers: Display: Worker (4/13): shaders left to compile 18
[2020.01.23-22.51.22:765][694]LogShaderCompilers: Display: Worker (5/13): shaders left to compile 17
[2020.01.23-22.51.22:766][694]LogShaderCompilers: Display: Worker (6/13): shaders left to compile 16
[2020.01.23-22.51.22:766][694]LogShaderCompilers: Display: Worker (7/13): shaders left to compile 15
[2020.01.23-22.51.22:766][694]LogShaderCompilers: Display: Worker (8/13): shaders left to compile 14
[2020.01.23-22.51.22:766][694]LogShaderCompilers: Display: Worker (9/13): shaders left to compile 13
[2020.01.23-22.51.22:766][694]LogShaderCompilers: Display: Worker (10/13): shaders left to compile 12
[2020.01.23-22.51.22:766][694]LogShaderCompilers: Display: Worker (11/13): shaders left to compile 11
[2020.01.23-22.51.22:766][694]LogShaderCompilers: Display: Worker (12/13): shaders left to compile 10
[2020.01.23-22.51.22:769][694]LogMaterial: Display: Missing cached shader map for material FMatExpressionPreview MaterialExpressionTextureSample_0, compiling. 
[2020.01.23-22.51.22:954][702]LogShaderCompilers: Display: Worker (8/13): shaders left to compile 13
[2020.01.23-22.51.23:051][706]LogShaderCompilers: Display: Worker (1/13): shaders left to compile 12
[2020.01.23-22.51.23:082][707]LogShaderCompilers: Display: Worker (2/13): shaders left to compile 11
[2020.01.23-22.51.23:082][707]LogShaderCompilers: Display: Worker (3/13): shaders left to compile 10
[2020.01.23-22.51.23:082][707]LogShaderCompilers: Display: Worker (4/13): shaders left to compile 9
[2020.01.23-22.51.23:103][708]LogShaderCompilers: Display: Worker (5/13): shaders left to compile 8
[2020.01.23-22.51.23:124][709]LogShaderCompilers: Display: Worker (6/13): shaders left to compile 7
[2020.01.23-22.51.23:124][709]LogShaderCompilers: Display: Worker (9/13): shaders left to compile 6
[2020.01.23-22.51.23:143][710]LogShaderCompilers: Display: Worker (7/13): shaders left to compile 5
[2020.01.23-22.51.23:204][713]LogShaderCompilers: Display: Worker (12/13): shaders left to compile 4
[2020.01.23-22.51.23:436][723]LogShaderCompilers: Display: Worker (10/13): shaders left to compile 3
[2020.01.23-22.51.23:457][724]LogShaderCompilers: Display: Worker (11/13): shaders left to compile 2
[2020.01.23-22.51.23:476][725]LogShaderCompilers: Display: Worker (2/13): shaders left to compile 1
[2020.01.23-22.51.23:748][738]MaterialEditorStats: Base pass shader: 126 instructions
[2020.01.23-22.51.23:748][738]MaterialEditorStats: Base pass shader with Volumetric Lightmap: 200 instructions
[2020.01.23-22.51.23:748][738]MaterialEditorStats: Base pass vertex shader: 44 instructions
[2020.01.23-22.51.23:748][738]MaterialEditorStats: Texture samplers: 5/16
[2020.01.23-22.51.23:748][738]MaterialEditorStats: Texture Lookups (Est.): VS(0), PS(2)
[2020.01.23-22.51.23:748][738]MaterialEditorStats: User interpolators: 2/4 Scalars (1/4 Vectors) (TexCoords: 2, Custom: 0)
[2020.01.23-22.51.24:599][813]LogMaterial: Display: Missing cached shader map for material m_leveltop, compiling. 
[2020.01.23-22.51.24:616][813]LogShaderCompilers: Display: Worker (1/13): shaders left to compile 21
[2020.01.23-22.51.24:616][813]LogShaderCompilers: Display: Worker (2/13): shaders left to compile 20
[2020.01.23-22.51.24:616][813]LogShaderCompilers: Display: Worker (3/13): shaders left to compile 19
[2020.01.23-22.51.24:616][813]LogShaderCompilers: Display: Worker (4/13): shaders left to compile 18
[2020.01.23-22.51.24:616][813]LogShaderCompilers: Display: Worker (5/13): shaders left to compile 17
[2020.01.23-22.51.24:616][813]LogShaderCompilers: Display: Worker (6/13): shaders left to compile 16
[2020.01.23-22.51.24:616][813]LogShaderCompilers: Display: Worker (7/13): shaders left to compile 15
[2020.01.23-22.51.24:616][813]LogShaderCompilers: Display: Worker (8/13): shaders left to compile 14
[2020.01.23-22.51.24:616][813]LogShaderCompilers: Display: Worker (9/13): shaders left to compile 13
[2020.01.23-22.51.24:616][813]LogShaderCompilers: Display: Worker (10/13): shaders left to compile 12
[2020.01.23-22.51.24:616][813]LogShaderCompilers: Display: Worker (11/13): shaders left to compile 11
[2020.01.23-22.51.24:616][813]LogShaderCompilers: Display: Worker (12/13): shaders left to compile 10
[2020.01.23-22.51.24:616][813]LogMaterial: Display: Missing cached shader map for material FMatExpressionPreview MaterialExpressionTextureSample_2, compiling. 
[2020.01.23-22.51.24:844][821]LogShaderCompilers: Display: Worker (8/13): shaders left to compile 13
[2020.01.23-22.51.24:912][824]LogShaderCompilers: Display: Worker (3/13): shaders left to compile 12
[2020.01.23-22.51.24:938][825]LogShaderCompilers: Display: Worker (2/13): shaders left to compile 11
[2020.01.23-22.51.24:938][825]LogShaderCompilers: Display: Worker (1/13): shaders left to compile 10
[2020.01.23-22.51.24:938][825]LogShaderCompilers: Display: Worker (4/13): shaders left to compile 9
[2020.01.23-22.51.24:959][826]LogShaderCompilers: Display: Worker (5/13): shaders left to compile 8
[2020.01.23-22.51.24:959][826]LogShaderCompilers: Display: Worker (6/13): shaders left to compile 7
[2020.01.23-22.51.24:959][826]LogShaderCompilers: Display: Worker (7/13): shaders left to compile 6
[2020.01.23-22.51.24:959][826]LogShaderCompilers: Display: Worker (9/13): shaders left to compile 5
[2020.01.23-22.51.25:096][831]LogShaderCompilers: Display: Worker (12/13): shaders left to compile 4
[2020.01.23-22.51.25:255][836]LogShaderCompilers: Display: Worker (10/13): shaders left to compile 3
[2020.01.23-22.51.25:303][838]LogShaderCompilers: Display: Worker (11/13): shaders left to compile 2
[2020.01.23-22.51.25:355][840]LogShaderCompilers: Display: Worker (5/13): shaders left to compile 1
[2020.01.23-22.51.26:154][898]LogMaterial: Display: Missing cached shader map for material m_leveltop, compiling. 
[2020.01.23-22.51.26:174][898]LogShaderCompilers: Display: Worker (1/13): shaders left to compile 21
[2020.01.23-22.51.26:174][898]LogShaderCompilers: Display: Worker (2/13): shaders left to compile 20
[2020.01.23-22.51.26:174][898]LogShaderCompilers: Display: Worker (3/13): shaders left to compile 19
[2020.01.23-22.51.26:174][898]LogShaderCompilers: Display: Worker (4/13): shaders left to compile 18
[2020.01.23-22.51.26:174][898]LogShaderCompilers: Display: Worker (5/13): shaders left to compile 17
[2020.01.23-22.51.26:174][898]LogShaderCompilers: Display: Worker (6/13): shaders left to compile 16
[2020.01.23-22.51.26:174][898]LogShaderCompilers: Display: Worker (7/13): shaders left to compile 15
[2020.01.23-22.51.26:174][898]LogShaderCompilers: Display: Worker (8/13): shaders left to compile 14
[2020.01.23-22.51.26:174][898]LogShaderCompilers: Display: Worker (9/13): shaders left to compile 13
[2020.01.23-22.51.26:174][898]LogShaderCompilers: Display: Worker (10/13): shaders left to compile 12
[2020.01.23-22.51.26:174][898]LogShaderCompilers: Display: Worker (11/13): shaders left to compile 11
[2020.01.23-22.51.26:174][898]LogShaderCompilers: Display: Worker (12/13): shaders left to compile 10
[2020.01.23-22.51.26:174][898]LogMaterial: Display: Missing cached shader map for material FMatExpressionPreview MaterialExpressionTextureSample_2, compiling. 
[2020.01.23-22.51.26:398][908]LogShaderCompilers: Display: Worker (8/13): shaders left to compile 13
[2020.01.23-22.51.26:460][911]LogShaderCompilers: Display: Worker (1/13): shaders left to compile 12
[2020.01.23-22.51.26:460][911]LogShaderCompilers: Display: Worker (2/13): shaders left to compile 11
[2020.01.23-22.51.26:482][912]LogShaderCompilers: Display: Worker (3/13): shaders left to compile 10
[2020.01.23-22.51.26:482][912]LogShaderCompilers: Display: Worker (4/13): shaders left to compile 9
[2020.01.23-22.51.26:508][913]LogShaderCompilers: Display: Worker (5/13): shaders left to compile 8
[2020.01.23-22.51.26:529][914]LogShaderCompilers: Display: Worker (9/13): shaders left to compile 7
[2020.01.23-22.51.26:529][914]LogShaderCompilers: Display: Worker (6/13): shaders left to compile 6
[2020.01.23-22.51.26:550][915]LogShaderCompilers: Display: Worker (7/13): shaders left to compile 5
[2020.01.23-22.51.26:634][916]LogShaderCompilers: Display: Worker (12/13): shaders left to compile 4
[2020.01.23-22.51.26:868][925]LogShaderCompilers: Display: Worker (2/13): shaders left to compile 3
[2020.01.23-22.51.26:899][927]LogShaderCompilers: Display: Worker (10/13): shaders left to compile 2
[2020.01.23-22.51.26:899][927]LogShaderCompilers: Display: Worker (5/13): shaders left to compile 1
[2020.01.23-22.51.27:561][974]LogMaterial: Display: Missing cached shader map for material m_leveltop, compiling. 
[2020.01.23-22.51.27:579][974]LogShaderCompilers: Display: Worker (1/13): shaders left to compile 21
[2020.01.23-22.51.27:579][974]LogShaderCompilers: Display: Worker (2/13): shaders left to compile 20
[2020.01.23-22.51.27:579][974]LogShaderCompilers: Display: Worker (3/13): shaders left to compile 19
[2020.01.23-22.51.27:579][974]LogShaderCompilers: Display: Worker (4/13): shaders left to compile 18
[2020.01.23-22.51.27:579][974]LogShaderCompilers: Display: Worker (5/13): shaders left to compile 17
[2020.01.23-22.51.27:579][974]LogShaderCompilers: Display: Worker (6/13): shaders left to compile 16
[2020.01.23-22.51.27:579][974]LogShaderCompilers: Display: Worker (7/13): shaders left to compile 15
[2020.01.23-22.51.27:579][974]LogShaderCompilers: Display: Worker (8/13): shaders left to compile 14
[2020.01.23-22.51.27:579][974]LogShaderCompilers: Display: Worker (9/13): shaders left to compile 13
[2020.01.23-22.51.27:579][974]LogShaderCompilers: Display: Worker (10/13): shaders left to compile 12
[2020.01.23-22.51.27:579][974]LogShaderCompilers: Display: Worker (11/13): shaders left to compile 11
[2020.01.23-22.51.27:579][974]LogShaderCompilers: Display: Worker (12/13): shaders left to compile 10
[2020.01.23-22.51.27:579][974]LogMaterial: Display: Missing cached shader map for material FMatExpressionPreview MaterialExpressionTextureSample_2, compiling. 
[2020.01.23-22.51.27:832][985]LogShaderCompilers: Display: Worker (8/13): shaders left to compile 13
[2020.01.23-22.51.27:884][987]LogShaderCompilers: Display: Worker (1/13): shaders left to compile 12
[2020.01.23-22.51.27:949][990]LogShaderCompilers: Display: Worker (4/13): shaders left to compile 11
[2020.01.23-22.51.27:969][991]LogShaderCompilers: Display: Worker (2/13): shaders left to compile 10
[2020.01.23-22.51.27:969][991]LogShaderCompilers: Display: Worker (5/13): shaders left to compile 9
[2020.01.23-22.51.27:969][991]LogShaderCompilers: Display: Worker (6/13): shaders left to compile 8
[2020.01.23-22.51.27:987][992]LogShaderCompilers: Display: Worker (3/13): shaders left to compile 7
[2020.01.23-22.51.27:987][992]LogShaderCompilers: Display: Worker (7/13): shaders left to compile 6
[2020.01.23-22.51.28:007][993]LogShaderCompilers: Display: Worker (9/13): shaders left to compile 5
[2020.01.23-22.51.28:103][998]LogShaderCompilers: Display: Worker (12/13): shaders left to compile 4
[2020.01.23-22.51.28:311][  8]LogShaderCompilers: Display: Worker (10/13): shaders left to compile 3
[2020.01.23-22.51.28:352][ 10]LogShaderCompilers: Display: Worker (11/13): shaders left to compile 2
[2020.01.23-22.51.28:382][ 10]LogShaderCompilers: Display: Worker (4/13): shaders left to compile 1
[2020.01.23-22.51.28:630][ 23]LogMaterialEditor: Saving and Compiling material m_leveltop
[2020.01.23-22.51.30:126][ 23]LogMaterial: Display: Missing cached shader map for material m_leveltop, compiling. 
[2020.01.23-22.51.30:177][ 23]LogShaderCompilers: Display: Worker (1/13): shaders left to compile 21
[2020.01.23-22.51.30:177][ 23]LogShaderCompilers: Display: Worker (2/13): shaders left to compile 20
[2020.01.23-22.51.30:177][ 23]LogShaderCompilers: Display: Worker (3/13): shaders left to compile 19
[2020.01.23-22.51.30:178][ 23]LogShaderCompilers: Display: Worker (4/13): shaders left to compile 18
[2020.01.23-22.51.30:178][ 23]LogShaderCompilers: Display: Worker (5/13): shaders left to compile 17
[2020.01.23-22.51.30:178][ 23]LogShaderCompilers: Display: Worker (6/13): shaders left to compile 16
[2020.01.23-22.51.30:178][ 23]LogShaderCompilers: Display: Worker (7/13): shaders left to compile 15
[2020.01.23-22.51.30:178][ 23]LogShaderCompilers: Display: Worker (8/13): shaders left to compile 14
[2020.01.23-22.51.30:178][ 23]LogShaderCompilers: Display: Worker (9/13): shaders left to compile 13
[2020.01.23-22.51.30:178][ 23]LogShaderCompilers: Display: Worker (10/13): shaders left to compile 12
[2020.01.23-22.51.30:178][ 23]LogShaderCompilers: Display: Worker (11/13): shaders left to compile 11
[2020.01.23-22.51.30:178][ 23]LogShaderCompilers: Display: Worker (12/13): shaders left to compile 10
[2020.01.23-22.51.30:186][ 23]LogMaterial: Display: Missing cached shader map for material m_leveltop, compiling. 
[2020.01.23-22.51.30:206][ 23]LogMaterial: Display: Missing cached shader map for material m_leveltop, compiling. 
[2020.01.23-22.51.30:258][ 23]LogUObjectHash: Compacting FUObjectHashTables data took   2.07ms
[2020.01.23-22.51.30:269][ 23]LogMaterial: Display: Missing cached shader map for material DebugViewMode MaterialTexCoordScale, compiling. 
[2020.01.23-22.51.30:985][ 23]LogShaderCompilers: Display: Worker (8/13): shaders left to compile 33
[2020.01.23-22.51.30:985][ 23]LogShaderCompilers: Display: Worker (1/13): shaders left to compile 32
[2020.01.23-22.51.30:985][ 23]LogShaderCompilers: Display: Worker (2/13): shaders left to compile 31
[2020.01.23-22.51.30:985][ 23]LogShaderCompilers: Display: Worker (3/13): shaders left to compile 30
[2020.01.23-22.51.30:985][ 23]LogShaderCompilers: Display: Worker (4/13): shaders left to compile 29
[2020.01.23-22.51.30:985][ 23]LogShaderCompilers: Display: Worker (5/13): shaders left to compile 28
[2020.01.23-22.51.30:985][ 23]LogShaderCompilers: Display: Worker (6/13): shaders left to compile 27
[2020.01.23-22.51.30:985][ 23]LogShaderCompilers: Display: Worker (7/13): shaders left to compile 26
[2020.01.23-22.51.30:985][ 23]LogShaderCompilers: Display: Worker (9/13): shaders left to compile 25
[2020.01.23-22.51.30:985][ 23]LogShaderCompilers: Display: Worker (12/13): shaders left to compile 24
[2020.01.23-22.51.30:985][ 23]LogShaderCompilers: Display: Worker (10/13): shaders left to compile 23
[2020.01.23-22.51.30:985][ 23]LogShaderCompilers: Display: Worker (11/13): shaders left to compile 22
[2020.01.23-22.51.30:985][ 23]LogShaderCompilers: Display: Worker (2/13): shaders left to compile 20
[2020.01.23-22.51.30:985][ 23]LogShaderCompilers: Display: Worker (5/13): shaders left to compile 18
[2020.01.23-22.51.30:985][ 23]LogShaderCompilers: Display: Worker (12/13): shaders left to compile 16
[2020.01.23-22.51.30:985][ 23]LogShaderCompilers: Display: Worker (9/13): shaders left to compile 14
[2020.01.23-22.51.30:985][ 23]LogShaderCompilers: Display: Worker (8/13): shaders left to compile 12
[2020.01.23-22.51.30:986][ 23]LogShaderCompilers: Display: Worker (10/13): shaders left to compile 10
[2020.01.23-22.51.30:986][ 23]LogShaderCompilers: Display: Worker (6/13): shaders left to compile 9
[2020.01.23-22.51.30:988][ 23]TextureStreamingBuild: Display: Compiling optional shaders took 0.729 seconds.
[2020.01.23-22.51.31:031][ 23]LogShaderCompilers: Display: Worker (1/13): shaders left to compile 8
[2020.01.23-22.51.31:031][ 23]LogShaderCompilers: Display: Worker (7/13): shaders left to compile 7
[2020.01.23-22.51.31:031][ 23]LogUObjectHash: Compacting FUObjectHashTables data took   1.12ms
[2020.01.23-22.51.31:032][ 23]LogShaderCompilers: Display: Worker (3/13): shaders left to compile 6
[2020.01.23-22.51.31:736][ 23]LogShaderCompilers: Display: Worker (4/13): shaders left to compile 5
[2020.01.23-22.51.31:736][ 23]LogShaderCompilers: Display: Worker (12/13): shaders left to compile 4
[2020.01.23-22.51.31:736][ 23]LogShaderCompilers: Display: Worker (11/13): shaders left to compile 3
[2020.01.23-22.51.31:736][ 23]LogShaderCompilers: Display: Worker (2/13): shaders left to compile 2
[2020.01.23-22.51.31:736][ 23]LogShaderCompilers: Display: Worker (1/13): shaders left to compile 1
[2020.01.23-22.51.31:765][ 23]Cmd: OBJ SAVEPACKAGE PACKAGE="/Game/Materials/m_leveltop" FILE="../../../../Art/Park_SFAS/Park/Content/Materials/m_leveltop.uasset" SILENT=true
[2020.01.23-22.51.31:780][ 23]LogSavePackage: Moving '../../../../Art/Park_SFAS/Park/Saved/m_leveltopEBC1EC354304A6C4884F61A8741A7750.tmp' to '../../../../Art/Park_SFAS/Park/Content/Materials/m_leveltop.uasset'
[2020.01.23-22.51.31:801][ 23]MaterialEditorStats: Base pass shader: 128 instructions
[2020.01.23-22.51.31:801][ 23]MaterialEditorStats: Base pass shader with Volumetric Lightmap: 206 instructions
[2020.01.23-22.51.31:801][ 23]MaterialEditorStats: Base pass vertex shader: 44 instructions
[2020.01.23-22.51.31:801][ 23]MaterialEditorStats: Texture samplers: 6/16
[2020.01.23-22.51.31:801][ 23]MaterialEditorStats: Texture Lookups (Est.): VS(0), PS(3)
[2020.01.23-22.51.31:801][ 23]MaterialEditorStats: User interpolators: 2/4 Scalars (1/4 Vectors) (TexCoords: 2, Custom: 0)
[2020.01.23-22.51.42:058][574]LogSlate: Window 'Message' being destroyed
[2020.01.23-22.51.42:456][574]LogMaterial: Display: Missing cached shader map for material m_Path, compiling. 
[2020.01.23-22.51.42:508][574]LogShaderCompilers: Display: Worker (1/13): shaders left to compile 21
[2020.01.23-22.51.42:508][574]LogShaderCompilers: Display: Worker (2/13): shaders left to compile 20
[2020.01.23-22.51.42:508][574]LogShaderCompilers: Display: Worker (3/13): shaders left to compile 19
[2020.01.23-22.51.42:508][574]LogShaderCompilers: Display: Worker (4/13): shaders left to compile 18
[2020.01.23-22.51.42:508][574]LogShaderCompilers: Display: Worker (5/13): shaders left to compile 17
[2020.01.23-22.51.42:508][574]LogShaderCompilers: Display: Worker (6/13): shaders left to compile 16
[2020.01.23-22.51.42:508][574]LogShaderCompilers: Display: Worker (7/13): shaders left to compile 15
[2020.01.23-22.51.42:508][574]LogShaderCompilers: Display: Worker (8/13): shaders left to compile 14
[2020.01.23-22.51.42:508][574]LogShaderCompilers: Display: Worker (9/13): shaders left to compile 13
[2020.01.23-22.51.42:508][574]LogShaderCompilers: Display: Worker (10/13): shaders left to compile 12
[2020.01.23-22.51.42:508][574]LogShaderCompilers: Display: Worker (11/13): shaders left to compile 11
[2020.01.23-22.51.42:508][574]LogShaderCompilers: Display: Worker (12/13): shaders left to compile 10
[2020.01.23-22.51.42:519][574]LogMaterial: Display: Missing cached shader map for material m_Path, compiling. 
[2020.01.23-22.51.42:537][574]LogMaterial: Display: Missing cached shader map for material m_Path, compiling. 
[2020.01.23-22.51.42:593][574]LogUObjectHash: Compacting FUObjectHashTables data took   1.06ms
[2020.01.23-22.51.42:605][574]LogMaterial: Display: Missing cached shader map for material DebugViewMode MaterialTexCoordScale, compiling. 
[2020.01.23-22.51.43:327][574]LogShaderCompilers: Display: Worker (8/13): shaders left to compile 33
[2020.01.23-22.51.43:327][574]LogShaderCompilers: Display: Worker (3/13): shaders left to compile 32
[2020.01.23-22.51.43:327][574]LogShaderCompilers: Display: Worker (1/13): shaders left to compile 31
[2020.01.23-22.51.43:327][574]LogShaderCompilers: Display: Worker (2/13): shaders left to compile 30
[2020.01.23-22.51.43:327][574]LogShaderCompilers: Display: Worker (4/13): shaders left to compile 29
[2020.01.23-22.51.43:327][574]LogShaderCompilers: Display: Worker (9/13): shaders left to compile 28
[2020.01.23-22.51.43:327][574]LogShaderCompilers: Display: Worker (5/13): shaders left to compile 27
[2020.01.23-22.51.43:327][574]LogShaderCompilers: Display: Worker (6/13): shaders left to compile 26
[2020.01.23-22.51.43:327][574]LogShaderCompilers: Display: Worker (7/13): shaders left to compile 25
[2020.01.23-22.51.43:327][574]LogShaderCompilers: Display: Worker (12/13): shaders left to compile 24
[2020.01.23-22.51.43:327][574]LogShaderCompilers: Display: Worker (10/13): shaders left to compile 23
[2020.01.23-22.51.43:327][574]LogShaderCompilers: Display: Worker (11/13): shaders left to compile 22
[2020.01.23-22.51.43:328][574]LogShaderCompilers: Display: Worker (1/13): shaders left to compile 20
[2020.01.23-22.51.43:328][574]LogShaderCompilers: Display: Worker (12/13): shaders left to compile 18
[2020.01.23-22.51.43:328][574]LogShaderCompilers: Display: Worker (9/13): shaders left to compile 16
[2020.01.23-22.51.43:328][574]LogShaderCompilers: Display: Worker (7/13): shaders left to compile 14
[2020.01.23-22.51.43:328][574]LogShaderCompilers: Display: Worker (8/13): shaders left to compile 12
[2020.01.23-22.51.43:328][574]LogShaderCompilers: Display: Worker (10/13): shaders left to compile 10
[2020.01.23-22.51.43:329][574]TextureStreamingBuild: Display: Compiling optional shaders took 0.736 seconds.
[2020.01.23-22.51.43:371][574]LogShaderCompilers: Display: Worker (5/13): shaders left to compile 9
[2020.01.23-22.51.43:371][574]LogShaderCompilers: Display: Worker (3/13): shaders left to compile 8
[2020.01.23-22.51.43:371][574]LogShaderCompilers: Display: Worker (2/13): shaders left to compile 7
[2020.01.23-22.51.43:371][574]LogUObjectHash: Compacting FUObjectHashTables data took   1.31ms
[2020.01.23-22.51.43:384][574]LogShaderCompilers: Display: Worker (6/13): shaders left to compile 6
[2020.01.23-22.51.43:425][574]LogShaderCompilers: Display: Worker (4/13): shaders left to compile 5
[2020.01.23-22.51.43:612][574]LogShaderCompilers: Display: Worker (9/13): shaders left to compile 4
[2020.01.23-22.51.43:680][574]LogShaderCompilers: Display: Worker (11/13): shaders left to compile 3
[2020.01.23-22.51.43:697][574]LogShaderCompilers: Display: Worker (1/13): shaders left to compile 2
[2020.01.23-22.51.43:731][574]LogShaderCompilers: Display: Worker (12/13): shaders left to compile 1
[2020.01.23-22.52.19:080][574]LogSlate: Window 'Message' being destroyed
[2020.01.23-22.52.19:534][574]LogMaterial: Display: Missing cached shader map for material Base_Colour, compiling. 
[2020.01.23-22.52.19:658][574]LogShaderCompilers: Display: Worker (1/13): shaders left to compile 53
[2020.01.23-22.52.19:658][574]LogShaderCompilers: Display: Worker (2/13): shaders left to compile 52
[2020.01.23-22.52.19:658][574]LogShaderCompilers: Display: Worker (3/13): shaders left to compile 51
[2020.01.23-22.52.19:658][574]LogShaderCompilers: Display: Worker (4/13): shaders left to compile 50
[2020.01.23-22.52.19:658][574]LogShaderCompilers: Display: Worker (5/13): shaders left to compile 49
[2020.01.23-22.52.19:658][574]LogShaderCompilers: Display: Worker (6/13): shaders left to compile 48
[2020.01.23-22.52.19:658][574]LogShaderCompilers: Display: Worker (7/13): shaders left to compile 47
[2020.01.23-22.52.19:658][574]LogShaderCompilers: Display: Worker (8/13): shaders left to compile 46
[2020.01.23-22.52.19:658][574]LogShaderCompilers: Display: Worker (9/13): shaders left to compile 45
[2020.01.23-22.52.19:658][574]LogShaderCompilers: Display: Worker (10/13): shaders left to compile 44
[2020.01.23-22.52.19:658][574]LogShaderCompilers: Display: Worker (11/13): shaders left to compile 43
[2020.01.23-22.52.19:658][574]LogShaderCompilers: Display: Worker (12/13): shaders left to compile 42
[2020.01.23-22.52.19:673][574]LogMaterial: Display: Missing cached shader map for material Base_Colour, compiling. 
[2020.01.23-22.52.19:706][574]LogMaterial: Display: Missing cached shader map for material Base_Colour, compiling. 
[2020.01.23-22.52.19:778][574]LogUObjectHash: Compacting FUObjectHashTables data took   1.17ms
[2020.01.23-22.52.19:792][574]LogMaterial: Display: Missing cached shader map for material DebugViewMode MaterialTexCoordScale, compiling. 
[2020.01.23-22.52.26:364][574]LogShaderCompilers: Display: Worker (7/13): shaders left to compile 97
[2020.01.23-22.52.26:364][574]LogShaderCompilers: Display: Worker (11/13): shaders left to compile 96
[2020.01.23-22.52.26:364][574]LogShaderCompilers: Display: Worker (1/13): shaders left to compile 95
[2020.01.23-22.52.26:364][574]LogShaderCompilers: Display: Worker (3/13): shaders left to compile 94
[2020.01.23-22.52.26:364][574]LogShaderCompilers: Display: Worker (4/13): shaders left to compile 93
[2020.01.23-22.52.26:364][574]LogShaderCompilers: Display: Worker (9/13): shaders left to compile 92
[2020.01.23-22.52.26:364][574]LogShaderCompilers: Display: Worker (6/13): shaders left to compile 91
[2020.01.23-22.52.26:364][574]LogShaderCompilers: Display: Worker (8/13): shaders left to compile 90
[2020.01.23-22.52.26:364][574]LogShaderCompilers: Display: Worker (5/13): shaders left to compile 89
[2020.01.23-22.52.26:364][574]LogShaderCompilers: Display: Worker (7/13): shaders left to compile 88
[2020.01.23-22.52.26:364][574]LogShaderCompilers: Display: Worker (10/13): shaders left to compile 87
[2020.01.23-22.52.26:364][574]LogShaderCompilers: Display: Worker (12/13): shaders left to compile 86
[2020.01.23-22.52.26:365][574]LogShaderCompilers: Display: Worker (2/13): shaders left to compile 85
[2020.01.23-22.52.26:365][574]LogShaderCompilers: Display: Worker (11/13): shaders left to compile 84
[2020.01.23-22.52.26:365][574]LogShaderCompilers: Display: Worker (9/13): shaders left to compile 83
[2020.01.23-22.52.26:365][574]LogShaderCompilers: Display: Worker (7/13): shaders left to compile 82
[2020.01.23-22.52.26:365][574]LogShaderCompilers: Display: Worker (11/13): shaders left to compile 81
[2020.01.23-22.52.26:365][574]LogShaderCompilers: Display: Worker (4/13): shaders left to compile 80
[2020.01.23-22.52.26:365][574]LogShaderCompilers: Display: Worker (5/13): shaders left to compile 79
[2020.01.23-22.52.26:365][574]LogShaderCompilers: Display: Worker (2/13): shaders left to compile 78
[2020.01.23-22.52.26:365][574]LogShaderCompilers: Display: Worker (4/13): shaders left to compile 77
[2020.01.23-22.52.26:365][574]LogShaderCompilers: Display: Worker (11/13): shaders left to compile 76
[2020.01.23-22.52.26:365][574]LogShaderCompilers: Display: Worker (11/13): shaders left to compile 75
[2020.01.23-22.52.26:365][574]LogShaderCompilers: Display: Worker (4/13): shaders left to compile 74
[2020.01.23-22.52.26:365][574]LogShaderCompilers: Display: Worker (1/13): shaders left to compile 73
[2020.01.23-22.52.26:365][574]LogShaderCompilers: Display: Worker (6/13): shaders left to compile 72
[2020.01.23-22.52.26:365][574]LogShaderCompilers: Display: Worker (10/13): shaders left to compile 71
[2020.01.23-22.52.26:365][574]LogShaderCompilers: Display: Worker (12/13): shaders left to compile 70
[2020.01.23-22.52.26:365][574]LogShaderCompilers: Display: Worker (3/13): shaders left to compile 69
[2020.01.23-22.52.26:365][574]LogShaderCompilers: Display: Worker (8/13): shaders left to compile 68
[2020.01.23-22.52.26:365][574]LogShaderCompilers: Display: Worker (6/13): shaders left to compile 67
[2020.01.23-22.52.26:365][574]LogShaderCompilers: Display: Worker (9/13): shaders left to compile 66
[2020.01.23-22.52.26:365][574]LogShaderCompilers: Display: Worker (7/13): shaders left to compile 65
[2020.01.23-22.52.26:365][574]LogShaderCompilers: Display: Worker (8/13): shaders left to compile 64
[2020.01.23-22.52.26:365][574]LogShaderCompilers: Display: Worker (1/13): shaders left to compile 63
[2020.01.23-22.52.26:365][574]LogShaderCompilers: Display: Worker (5/13): shaders left to compile 62
[2020.01.23-22.52.26:365][574]LogShaderCompilers: Display: Worker (3/13): shaders left to compile 61
[2020.01.23-22.52.26:365][574]LogShaderCompilers: Display: Worker (2/13): shaders left to compile 60
[2020.01.23-22.52.26:365][574]LogShaderCompilers: Display: Worker (8/13): shaders left to compile 59
[2020.01.23-22.52.26:365][574]LogShaderCompilers: Display: Worker (7/13): shaders left to compile 58
[2020.01.23-22.52.26:365][574]LogShaderCompilers: Display: Worker (2/13): shaders left to compile 57
[2020.01.23-22.52.26:365][574]LogShaderCompilers: Display: Worker (11/13): shaders left to compile 56
[2020.01.23-22.52.26:365][574]LogShaderCompilers: Display: Worker (8/13): shaders left to compile 55
[2020.01.23-22.52.26:365][574]LogShaderCompilers: Display: Worker (11/13): shaders left to compile 54
[2020.01.23-22.52.26:365][574]LogShaderCompilers: Display: Worker (2/13): shaders left to compile 49
[2020.01.23-22.52.26:365][574]LogShaderCompilers: Display: Worker (3/13): shaders left to compile 44
[2020.01.23-22.52.26:365][574]LogShaderCompilers: Display: Worker (4/13): shaders left to compile 40
[2020.01.23-22.52.26:365][574]LogShaderCompilers: Display: Worker (7/13): shaders left to compile 36
[2020.01.23-22.52.26:365][574]LogShaderCompilers: Display: Worker (8/13): shaders left to compile 32
[2020.01.23-22.52.26:373][574]TextureStreamingBuild: Display: Compiling optional shaders took 6.595 seconds.
[2020.01.23-22.52.26:411][574]LogUObjectHash: Compacting FUObjectHashTables data took   1.18ms
[2020.01.23-22.52.26:420][574]LogSlate: Window 'm_leveltop' being destroyed
[2020.01.23-22.52.26:423][574]LogSlate: Window 'm_leveltop' being destroyed
[2020.01.23-22.52.26:495][574]LogWorld: UWorld::CleanupWorld for World_10, bSessionEnded=true, bCleanupResources=true
[2020.01.23-22.52.26:639][574]LogWorld: UWorld::CleanupWorld for World_11, bSessionEnded=true, bCleanupResources=true
[2020.01.23-22.52.26:752][574]LogWorld: UWorld::CleanupWorld for World_15, bSessionEnded=true, bCleanupResources=true
[2020.01.23-22.52.27:144][597]LogShaderCompilers: Display: Worker (3/13): shaders left to compile 29
[2020.01.23-22.52.27:180][599]LogShaderCompilers: Display: Worker (11/13): shaders left to compile 26
[2020.01.23-22.52.27:357][608]LogShaderCompilers: Display: Worker (2/13): shaders left to compile 23
[2020.01.23-22.52.28:596][671]LogShaderCompilers: Display: Worker (10/13): shaders left to compile 21
[2020.01.23-22.52.28:947][689]LogShaderCompilers: Display: Worker (12/13): shaders left to compile 19
[2020.01.23-22.52.28:967][690]LogShaderCompilers: Display: Worker (6/13): shaders left to compile 17
[2020.01.23-22.52.29:123][698]LogShaderCompilers: Display: Worker (1/13): shaders left to compile 15
[2020.01.23-22.52.29:286][706]LogShaderCompilers: Display: Worker (9/13): shaders left to compile 13
[2020.01.23-22.52.29:411][712]LogShaderCompilers: Display: Worker (5/13): shaders left to compile 11
[2020.01.23-22.52.33:069][887]LogShaderCompilers: Display: Worker (2/13): shaders left to compile 10
[2020.01.23-22.52.33:087][888]LogShaderCompilers: Display: Worker (11/13): shaders left to compile 9
[2020.01.23-22.52.33:285][898]LogShaderCompilers: Display: Worker (10/13): shaders left to compile 8
[2020.01.23-22.52.33:593][913]LogShaderCompilers: Display: Worker (11/13): shaders left to compile 7
[2020.01.23-22.52.34:011][938]LogShaderCompilers: Display: Worker (2/13): shaders left to compile 6
[2020.01.23-22.52.34:157][949]LogShaderCompilers: Display: Worker (6/13): shaders left to compile 5
[2020.01.23-22.52.34:196][952]LogShaderCompilers: Display: Worker (12/13): shaders left to compile 4
[2020.01.23-22.52.34:208][953]LogShaderCompilers: Display: Worker (5/13): shaders left to compile 3
[2020.01.23-22.52.34:317][962]LogShaderCompilers: Display: Worker (9/13): shaders left to compile 2
[2020.01.23-22.52.34:639][988]LogShaderCompilers: Display: Worker (6/13): shaders left to compile 1
[2020.01.23-22.52.50:650][443]LogSlate: FSceneViewport::OnFocusLost() reason 0
[2020.01.23-22.52.56:191][610]LogEditorViewport: Clicking on Actor (LMB): BP_Sky_Sphere_C (BP_Sky_Sphere)
[2020.01.23-22.53.09:109][ 24]LogEditorViewport: Clicking on Actor (LMB): BP_Sky_Sphere_C (BP_Sky_Sphere)
[2020.01.23-22.53.09:270][ 42]Cmd: SELECT NONE
[2020.01.23-22.56.18:773][372]LogSlate: FSceneViewport::OnFocusLost() reason 5
[2020.01.23-22.56.20:149][536]LogSlate: FSceneViewport::OnFocusLost() reason 5
[2020.01.23-22.56.20:354][559]LogSlate: FSceneViewport::OnFocusLost() reason 5
[2020.01.23-22.56.20:650][592]LogSlate: FSceneViewport::OnFocusLost() reason 5
[2020.01.23-22.56.36:303][444]LogSlate: FSceneViewport::OnFocusLost() reason 5
[2020.01.23-22.56.50:531][122]LogEditorViewport: Clicking on Actor (LMB): StaticMeshActor (SM_Rock2_low)
[2020.01.23-22.56.51:327][212]LogEditorViewport: Clicking on Actor (LMB): StaticMeshActor (SM_Path)
[2020.01.23-22.56.52:059][295]LogEditorViewport: Clicking on Actor (LMB): BP_Sky_Sphere_C (BP_Sky_Sphere)
[2020.01.23-22.56.53:312][441]LogEditorViewport: Clicking on Actor (LMB): StaticMeshActor (SM_Rock6_low12)
[2020.01.23-22.56.54:931][631]Cmd: SELECT NONE
[2020.01.23-22.57.08:058][194]LogSlate: FSceneViewport::OnFocusLost() reason 5
[2020.01.23-22.57.13:970][896]LogSlate: FSceneViewport::OnFocusLost() reason 5
[2020.01.23-22.57.18:132][389]LogSlate: Took 0.006292 seconds to synchronously load lazily loaded font '../../../Engine/Content/Slate/Fonts/Roboto-Regular.ttf' (155K)
[2020.01.23-22.57.18:157][389]LogMaterial: Display: Missing cached shader map for material DebugViewMode ComplexityAccumulate, compiling. Is special engine material.
[2020.01.23-22.57.18:207][390]LogShaderCompilers: Display: Worker (1/13): shaders left to compile 57
[2020.01.23-22.57.18:207][390]LogShaderCompilers: Display: Worker (2/13): shaders left to compile 56
[2020.01.23-22.57.18:207][390]LogShaderCompilers: Display: Worker (3/13): shaders left to compile 55
[2020.01.23-22.57.18:207][390]LogShaderCompilers: Display: Worker (4/13): shaders left to compile 54
[2020.01.23-22.57.18:207][390]LogShaderCompilers: Display: Worker (5/13): shaders left to compile 53
[2020.01.23-22.57.18:207][390]LogShaderCompilers: Display: Worker (6/13): shaders left to compile 52
[2020.01.23-22.57.18:207][390]LogShaderCompilers: Display: Worker (7/13): shaders left to compile 51
[2020.01.23-22.57.18:207][390]LogShaderCompilers: Display: Worker (8/13): shaders left to compile 50
[2020.01.23-22.57.18:207][390]LogShaderCompilers: Display: Worker (9/13): shaders left to compile 49
[2020.01.23-22.57.18:207][390]LogShaderCompilers: Display: Worker (10/13): shaders left to compile 48
[2020.01.23-22.57.18:207][390]LogShaderCompilers: Display: Worker (11/13): shaders left to compile 47
[2020.01.23-22.57.18:207][390]LogShaderCompilers: Display: Worker (12/13): shaders left to compile 46
[2020.01.23-22.57.18:520][416]LogShaderCompilers: Display: Worker (2/13): shaders left to compile 45
[2020.01.23-22.57.18:536][418]LogShaderCompilers: Display: Worker (5/13): shaders left to compile 44
[2020.01.23-22.57.18:544][419]LogShaderCompilers: Display: Worker (3/13): shaders left to compile 43
[2020.01.23-22.57.18:556][420]LogShaderCompilers: Display: Worker (8/13): shaders left to compile 42
[2020.01.23-22.57.18:573][421]LogShaderCompilers: Display: Worker (11/13): shaders left to compile 41
[2020.01.23-22.57.18:589][422]LogShaderCompilers: Display: Worker (12/13): shaders left to compile 40
[2020.01.23-22.57.18:636][427]LogShaderCompilers: Display: Worker (6/13): shaders left to compile 39
[2020.01.23-22.57.18:663][430]LogShaderCompilers: Display: Worker (5/13): shaders left to compile 38
[2020.01.23-22.57.18:701][434]LogShaderCompilers: Display: Worker (9/13): shaders left to compile 37
[2020.01.23-22.57.18:710][435]LogShaderCompilers: Display: Worker (11/13): shaders left to compile 36
[2020.01.23-22.57.18:721][436]LogShaderCompilers: Display: Worker (3/13): shaders left to compile 35
[2020.01.23-22.57.18:808][444]LogShaderCompilers: Display: Worker (5/13): shaders left to compile 34
[2020.01.23-22.57.18:820][445]LogShaderCompilers: Display: Worker (1/13): shaders left to compile 33
[2020.01.23-22.57.18:828][446]LogShaderCompilers: Display: Worker (4/13): shaders left to compile 32
[2020.01.23-22.57.18:847][448]LogShaderCompilers: Display: Worker (7/13): shaders left to compile 31
[2020.01.23-22.57.18:859][449]LogShaderCompilers: Display: Worker (12/13): shaders left to compile 30
[2020.01.23-22.57.18:867][450]LogShaderCompilers: Display: Worker (10/13): shaders left to compile 29
[2020.01.23-22.57.18:877][451]LogShaderCompilers: Display: Worker (3/13): shaders left to compile 28
[2020.01.23-22.57.18:915][455]LogShaderCompilers: Display: Worker (9/13): shaders left to compile 27
[2020.01.23-22.57.18:959][459]LogShaderCompilers: Display: Worker (2/13): shaders left to compile 26
[2020.01.23-22.57.18:980][461]LogShaderCompilers: Display: Worker (4/13): shaders left to compile 25
[2020.01.23-22.57.18:997][463]LogShaderCompilers: Display: Worker (8/13): shaders left to compile 24
[2020.01.23-22.57.19:007][464]LogShaderCompilers: Display: Worker (10/13): shaders left to compile 23
[2020.01.23-22.57.19:096][471]LogShaderCompilers: Display: Worker (6/13): shaders left to compile 22
[2020.01.23-22.57.19:107][472]LogShaderCompilers: Display: Worker (2/13): shaders left to compile 21
[2020.01.23-22.57.19:107][472]LogShaderCompilers: Display: Worker (3/13): shaders left to compile 20
[2020.01.23-22.57.19:122][474]LogShaderCompilers: Display: Worker (5/13): shaders left to compile 19
[2020.01.23-22.57.19:153][477]LogShaderCompilers: Display: Worker (10/13): shaders left to compile 18
[2020.01.23-22.57.19:159][477]LogShaderCompilers: Display: Worker (11/13): shaders left to compile 17
[2020.01.23-22.57.19:176][478]LogShaderCompilers: Display: Worker (4/13): shaders left to compile 16
[2020.01.23-22.57.19:195][480]LogShaderCompilers: Display: Worker (7/13): shaders left to compile 15
[2020.01.23-22.57.19:247][485]LogShaderCompilers: Display: Worker (1/13): shaders left to compile 14
[2020.01.23-22.57.19:262][486]LogShaderCompilers: Display: Worker (3/13): shaders left to compile 13
[2020.01.23-22.57.19:307][491]LogShaderCompilers: Display: Worker (11/13): shaders left to compile 12
[2020.01.23-22.57.19:315][492]LogShaderCompilers: Display: Worker (6/13): shaders left to compile 11
[2020.01.23-22.57.19:326][493]LogShaderCompilers: Display: Worker (5/13): shaders left to compile 10
[2020.01.23-22.57.19:335][494]LogShaderCompilers: Display: Worker (12/13): shaders left to compile 9
[2020.01.23-22.57.19:371][497]LogShaderCompilers: Display: Worker (9/13): shaders left to compile 8
[2020.01.23-22.57.19:391][498]LogShaderCompilers: Display: Worker (1/13): shaders left to compile 7
[2020.01.23-22.57.19:395][498]LogShaderCompilers: Display: Worker (4/13): shaders left to compile 6
[2020.01.23-22.57.19:435][500]LogShaderCompilers: Display: Worker (3/13): shaders left to compile 5
[2020.01.23-22.57.19:451][502]LogShaderCompilers: Display: Worker (6/13): shaders left to compile 4
[2020.01.23-22.57.19:463][503]LogShaderCompilers: Display: Worker (8/13): shaders left to compile 3
[2020.01.23-22.57.19:510][506]LogShaderCompilers: Display: Worker (9/13): shaders left to compile 2
[2020.01.23-22.57.19:575][513]LogShaderCompilers: Display: Worker (2/13): shaders left to compile 1
[2020.01.23-22.57.20:212][579]LogSlate: FSceneViewport::OnFocusLost() reason 5
[2020.01.23-22.57.29:207][646]LogSlate: FSceneViewport::OnFocusLost() reason 5
[2020.01.23-22.57.31:310][897]LogSlate: FSceneViewport::OnFocusLost() reason 5
[2020.01.23-22.57.36:180][479]LogSlate: FSceneViewport::OnFocusLost() reason 5
[2020.01.23-22.58.58:308][342]LogEditorViewport: Clicking on Actor (LMB): StaticMeshActor (SM_level_top)
[2020.01.23-22.59.00:303][565]Cmd: CAMERA ALIGN ACTIVEVIEWPORTONLY
[2020.01.23-22.59.02:287][761]LogSlate: FSceneViewport::OnFocusLost() reason 0
[2020.01.23-22.59.06:689][244]Cmd: SELECT NONE
[2020.01.23-23.00.07:610][675]LogUObjectHash: Compacting FUObjectHashTables data took   1.86ms
[2020.01.23-23.00.07:611][675]Cmd: OBJ SAVEPACKAGE PACKAGE="/Game/Diorama" FILE="../../../../Art/Park_SFAS/Park/Saved/Autosaves/Game/Diorama_Auto8.umap" SILENT=true AUTOSAVING=true KEEPDIRTY=false
[2020.01.23-23.00.07:843][675]LogSavePackage: Moving '../../../../Art/Park_SFAS/Park/Saved/Diorama_Auto8906CFAB7405330F5177C67A01D1D5154.tmp' to '../../../../Art/Park_SFAS/Park/Saved/Autosaves/Game/Diorama_Auto8.umap'
[2020.01.23-23.00.07:845][675]LogFileHelpers: Editor autosave (incl. sublevels) for '/Game/Diorama' took 0.281
[2020.01.23-23.00.07:846][675]LogFileHelpers: Editor autosave (incl. sublevels) for all levels took 0.281
[2020.01.23-23.00.07:847][675]OBJ SavePackage: Generating thumbnails for [1] asset(s) in package [/Game/Materials/Base_Colour] ([1] browsable assets)...
[2020.01.23-23.00.07:855][675]OBJ SavePackage:     Rendered thumbnail for [Material /Game/Materials/Base_Colour.Base_Colour]
[2020.01.23-23.00.07:855][675]OBJ SavePackage: Finished generating thumbnails for package [/Game/Materials/Base_Colour]
[2020.01.23-23.00.07:855][675]Cmd: OBJ SAVEPACKAGE PACKAGE="/Game/Materials/Base_Colour" FILE="../../../../Art/Park_SFAS/Park/Saved/Autosaves/Game/Materials/Base_Colour_Auto8.uasset" SILENT=false AUTOSAVING=true
[2020.01.23-23.00.07:880][675]LogSavePackage: Moving '../../../../Art/Park_SFAS/Park/Saved/Base_Colour_Auto8372B0C7244DD43E14C95D499617D49DD.tmp' to '../../../../Art/Park_SFAS/Park/Saved/Autosaves/Game/Materials/Base_Colour_Auto8.uasset'
[2020.01.23-23.00.07:880][675]OBJ SavePackage: Generating thumbnails for [1] asset(s) in package [/Game/Materials/m_Path] ([1] browsable assets)...
[2020.01.23-23.00.07:889][675]OBJ SavePackage:     Rendered thumbnail for [Material /Game/Materials/m_Path.m_Path]
[2020.01.23-23.00.07:889][675]OBJ SavePackage: Finished generating thumbnails for package [/Game/Materials/m_Path]
[2020.01.23-23.00.07:889][675]Cmd: OBJ SAVEPACKAGE PACKAGE="/Game/Materials/m_Path" FILE="../../../../Art/Park_SFAS/Park/Saved/Autosaves/Game/Materials/m_Path_Auto8.uasset" SILENT=false AUTOSAVING=true
[2020.01.23-23.00.07:917][675]LogSavePackage: Moving '../../../../Art/Park_SFAS/Park/Saved/m_Path_Auto82B5E52B34CAD1B104DFCC99B79379A1F.tmp' to '../../../../Art/Park_SFAS/Park/Saved/Autosaves/Game/Materials/m_Path_Auto8.uasset'
[2020.01.23-23.00.07:917][675]LogFileHelpers: Auto-saving content packages took 0.070
[2020.01.23-23.06.09:555][870]LogSlate: FSceneViewport::OnFocusLost() reason 0
[2020.01.23-23.06.44:319][238]LogFactory: FactoryCreateFile: Texture with ReimportTextureFactory (0 0 ../../../../Art/Park_SFAS/Textures/Levels/SM_level_lower_lambert1_BaseColor.tga)
[2020.01.23-23.06.44:373][238]LogTexture: Display: Building textures: SM_level_lower_lambert1_BaseColor (AutoDXT, 2048X2048)
[2020.01.23-23.06.44:514][238]LogFactory: FactoryCreateFile: Texture with ReimportTextureFactory (0 0 ../../../../Art/Park_SFAS/Textures/Levels/SM_level_lower_lambert1_Normal.tga)
[2020.01.23-23.06.44:583][238]LogTexture: Display: Building textures: SM_level_lower_lambert1_Normal (BC5, 2048X2048)
[2020.01.23-23.06.44:723][238]LogFactory: FactoryCreateFile: Texture with ReimportTextureFactory (0 0 ../../../../Art/Park_SFAS/Textures/Levels/SM_level_lower_lambert1_OcclusionRoughnessMetallic.tga)
[2020.01.23-23.06.44:773][238]LogTexture: Display: Building textures: SM_level_lower_lambert1_OcclusionRoughnessMetallic (AutoDXT, 2048X2048)
[2020.01.23-23.06.49:264][743]LogUObjectHash: Compacting FUObjectHashTables data took   1.96ms
[2020.01.23-23.06.50:745][743]LogSlate: Window 'Delete Assets' being destroyed
[2020.01.23-23.06.50:837][743]LogUObjectHash: Compacting FUObjectHashTables data took   1.57ms
[2020.01.23-23.07.10:080][113]LogFactory: FactoryCreateFile: Texture with ReimportTextureFactory (0 0 ../../../../Art/Park_SFAS/Textures/Levels/SM_level_lower_blinn2_BaseColor.tga)
[2020.01.23-23.07.10:135][113]LogTexture: Display: Building textures: SM_level_lower_blinn2_BaseColor (AutoDXT, 2048X2048)
[2020.01.23-23.07.10:364][113]LogFactory: FactoryCreateFile: Texture with ReimportTextureFactory (0 0 ../../../../Art/Park_SFAS/Textures/Levels/SM_level_lower_blinn2_Normal.tga)
[2020.01.23-23.07.10:424][113]LogTexture: Display: Building textures: SM_level_lower_blinn2_Normal (BC5, 2048X2048)
[2020.01.23-23.07.10:572][113]LogFactory: FactoryCreateFile: Texture with ReimportTextureFactory (0 0 ../../../../Art/Park_SFAS/Textures/Levels/SM_level_lower_blinn2_OcclusionRoughnessMetallic.tga)
[2020.01.23-23.07.10:619][113]LogTexture: Display: Building textures: SM_level_lower_blinn2_OcclusionRoughnessMetallic (AutoDXT, 2048X2048)
[2020.01.23-23.07.17:933][941]Cmd: OBJ SAVEPACKAGE PACKAGE="/Game/Textures/T_level_lower_blinn2_BaseColor" FILE="../../../../Art/Park_SFAS/Park/Content/Textures/T_level_lower_blinn2_BaseColor.uasset" SILENT=true
[2020.01.23-23.07.18:161][941]LogSavePackage: Moving '../../../../Art/Park_SFAS/Park/Saved/T_level_lower_blinn2_BaseColor7050837646E3D18E53E76E9FEB28F8D0.tmp' to '../../../../Art/Park_SFAS/Park/Content/Textures/T_level_lower_blinn2_BaseColor.uasset'
[2020.01.23-23.07.18:290][941]LogUObjectHash: Compacting FUObjectHashTables data took   2.00ms
[2020.01.23-23.07.18:331][941]LogUObjectHash: Compacting FUObjectHashTables data took   1.38ms
[2020.01.23-23.07.18:366][941]LogUObjectHash: Compacting FUObjectHashTables data took   0.71ms
[2020.01.23-23.07.20:745][208]Cmd: OBJ SAVEPACKAGE PACKAGE="/Game/Textures/T_level_lower_blinn2_Normal" FILE="../../../../Art/Park_SFAS/Park/Content/Textures/T_level_lower_blinn2_Normal.uasset" SILENT=true
[2020.01.23-23.07.21:194][208]LogSavePackage: Moving '../../../../Art/Park_SFAS/Park/Saved/T_level_lower_blinn2_NormalB51D5A81492D1A23FA62F09924CEDC5C.tmp' to '../../../../Art/Park_SFAS/Park/Content/Textures/T_level_lower_blinn2_Normal.uasset'
[2020.01.23-23.07.21:320][208]LogUObjectHash: Compacting FUObjectHashTables data took   0.73ms
[2020.01.23-23.07.21:361][208]LogUObjectHash: Compacting FUObjectHashTables data took   0.97ms
[2020.01.23-23.07.21:396][208]LogUObjectHash: Compacting FUObjectHashTables data took   0.72ms
[2020.01.23-23.07.24:388][531]LogSavePackage: Moving '../../../../Art/Park_SFAS/Park/Saved/T_level_lower_blinn2_OcclusionRoCBAFC0B547FFD427173BA29E07E099BF.tmp' to '../../../../Art/Park_SFAS/Park/Content/Textures/T_level_lower_blinn2_OcclusionRoughnessMetallic.uasset'
[2020.01.23-23.07.24:506][531]LogUObjectHash: Compacting FUObjectHashTables data took   0.73ms
[2020.01.23-23.07.24:547][531]LogUObjectHash: Compacting FUObjectHashTables data took   0.99ms
[2020.01.23-23.07.24:582][531]LogUObjectHash: Compacting FUObjectHashTables data took   0.73ms
[2020.01.23-23.07.44:955][892]LogMaterial: Display: Missing cached shader map for material m_levelbottom, compiling. 
[2020.01.23-23.07.44:996][893]LogShaderCompilers: Display: Worker (1/13): shaders left to compile 22
[2020.01.23-23.07.44:996][893]LogShaderCompilers: Display: Worker (2/13): shaders left to compile 20
[2020.01.23-23.07.44:996][893]LogShaderCompilers: Display: Worker (3/13): shaders left to compile 18
[2020.01.23-23.07.44:996][893]LogShaderCompilers: Display: Worker (4/13): shaders left to compile 16
[2020.01.23-23.07.44:996][893]LogShaderCompilers: Display: Worker (5/13): shaders left to compile 14
[2020.01.23-23.07.44:996][893]LogShaderCompilers: Display: Worker (6/13): shaders left to compile 12
[2020.01.23-23.07.44:996][893]LogShaderCompilers: Display: Worker (7/13): shaders left to compile 10
[2020.01.23-23.07.44:996][893]LogShaderCompilers: Display: Worker (8/13): shaders left to compile 8
[2020.01.23-23.07.44:996][893]LogShaderCompilers: Display: Worker (9/13): shaders left to compile 6
[2020.01.23-23.07.44:996][893]LogShaderCompilers: Display: Worker (10/13): shaders left to compile 4
[2020.01.23-23.07.44:996][893]LogShaderCompilers: Display: Worker (11/13): shaders left to compile 2
[2020.01.23-23.07.46:784][ 49]LogAssetEditorManager: Opening Asset editor for Material /Game/Materials/m_levelbottom.m_levelbottom
[2020.01.23-23.07.46:787][ 49]LogMaterial: Display: Missing cached shader map for material m_levelbottom, compiling. 
[2020.01.23-23.07.46:839][ 49]LogMaterial: Display: Missing cached shader map for material m_levelbottom, compiling. 
[2020.01.23-23.07.46:853][ 49]LogMaterial: Display: Missing cached shader map for material m_levelbottom, compiling. 
[2020.01.23-23.07.46:871][ 49]LogShaderCompilers: Display: Worker (1/13): shaders left to compile 21
[2020.01.23-23.07.46:871][ 49]LogShaderCompilers: Display: Worker (2/13): shaders left to compile 20
[2020.01.23-23.07.46:871][ 49]LogShaderCompilers: Display: Worker (3/13): shaders left to compile 19
[2020.01.23-23.07.46:871][ 49]LogShaderCompilers: Display: Worker (4/13): shaders left to compile 18
[2020.01.23-23.07.46:871][ 49]LogShaderCompilers: Display: Worker (5/13): shaders left to compile 17
[2020.01.23-23.07.46:871][ 49]LogShaderCompilers: Display: Worker (6/13): shaders left to compile 16
[2020.01.23-23.07.46:872][ 49]LogShaderCompilers: Display: Worker (7/13): shaders left to compile 15
[2020.01.23-23.07.46:872][ 49]LogShaderCompilers: Display: Worker (8/13): shaders left to compile 14
[2020.01.23-23.07.46:872][ 49]LogShaderCompilers: Display: Worker (9/13): shaders left to compile 13
[2020.01.23-23.07.46:872][ 49]LogShaderCompilers: Display: Worker (10/13): shaders left to compile 12
[2020.01.23-23.07.46:872][ 49]LogShaderCompilers: Display: Worker (11/13): shaders left to compile 11
[2020.01.23-23.07.46:872][ 49]LogShaderCompilers: Display: Worker (12/13): shaders left to compile 10
[2020.01.23-23.07.46:877][ 49]LogMaterial: Display: Missing cached shader map for material FMatExpressionPreview MaterialExpressionTextureSample_0, compiling. 
[2020.01.23-23.07.46:883][ 49]LogMaterial: Display: Missing cached shader map for material FMatExpressionPreview MaterialExpressionTextureSample_2, compiling. 
[2020.01.23-23.07.46:891][ 49]LogMaterial: Display: Missing cached shader map for material FMatExpressionPreview MaterialExpressionTextureSample_1, compiling. 
[2020.01.23-23.07.47:074][ 53]LogShaderCompilers: Display: Worker (8/13): shaders left to compile 21
[2020.01.23-23.07.47:163][ 58]LogShaderCompilers: Display: Worker (2/13): shaders left to compile 20
[2020.01.23-23.07.47:195][ 60]LogShaderCompilers: Display: Worker (1/13): shaders left to compile 19
[2020.01.23-23.07.47:210][ 61]LogShaderCompilers: Display: Worker (3/13): shaders left to compile 18
[2020.01.23-23.07.47:210][ 61]LogShaderCompilers: Display: Worker (6/13): shaders left to compile 17
[2020.01.23-23.07.47:225][ 62]LogShaderCompilers: Display: Worker (5/13): shaders left to compile 16
[2020.01.23-23.07.47:225][ 62]LogShaderCompilers: Display: Worker (9/13): shaders left to compile 15
[2020.01.23-23.07.47:239][ 63]LogShaderCompilers: Display: Worker (4/13): shaders left to compile 14
[2020.01.23-23.07.47:239][ 63]LogShaderCompilers: Display: Worker (7/13): shaders left to compile 13
[2020.01.23-23.07.47:430][ 72]LogShaderCompilers: Display: Worker (12/13): shaders left to compile 12
[2020.01.23-23.07.47:531][ 77]LogShaderCompilers: Display: Worker (10/13): shaders left to compile 11
[2020.01.23-23.07.47:603][ 81]LogShaderCompilers: Display: Worker (1/13): shaders left to compile 10
[2020.01.23-23.07.47:620][ 82]LogShaderCompilers: Display: Worker (11/13): shaders left to compile 9
[2020.01.23-23.07.47:685][ 83]LogShaderCompilers: Display: Worker (5/13): shaders left to compile 8
[2020.01.23-23.07.47:685][ 83]LogShaderCompilers: Display: Worker (7/13): shaders left to compile 7
[2020.01.23-23.07.47:734][ 85]LogShaderCompilers: Display: Worker (8/13): shaders left to compile 6
[2020.01.23-23.07.47:801][ 87]LogShaderCompilers: Display: Worker (9/13): shaders left to compile 5
[2020.01.23-23.07.47:832][ 88]LogShaderCompilers: Display: Worker (4/13): shaders left to compile 4
[2020.01.23-23.07.47:833][ 88]LogShaderCompilers: Display: Worker (2/13): shaders left to compile 3
[2020.01.23-23.07.47:833][ 88]LogShaderCompilers: Display: Worker (3/13): shaders left to compile 2
[2020.01.23-23.07.47:865][ 90]LogShaderCompilers: Display: Worker (6/13): shaders left to compile 1
[2020.01.23-23.07.47:888][ 91]MaterialEditorStats: Base pass shader: 128 instructions
[2020.01.23-23.07.47:888][ 91]MaterialEditorStats: Base pass shader with Volumetric Lightmap: 206 instructions
[2020.01.23-23.07.47:888][ 91]MaterialEditorStats: Base pass vertex shader: 44 instructions
[2020.01.23-23.07.47:888][ 91]MaterialEditorStats: Texture samplers: 6/16
[2020.01.23-23.07.47:888][ 91]MaterialEditorStats: Texture Lookups (Est.): VS(0), PS(3)
[2020.01.23-23.07.47:888][ 91]MaterialEditorStats: User interpolators: 2/4 Scalars (1/4 Vectors) (TexCoords: 2, Custom: 0)
[2020.01.23-23.07.55:220][821]LogMaterial: Display: Missing cached shader map for material m_levelbottom, compiling. 
[2020.01.23-23.07.55:237][821]LogShaderCompilers: Display: Worker (1/13): shaders left to compile 21
[2020.01.23-23.07.55:237][821]LogShaderCompilers: Display: Worker (2/13): shaders left to compile 20
[2020.01.23-23.07.55:237][821]LogShaderCompilers: Display: Worker (3/13): shaders left to compile 19
[2020.01.23-23.07.55:237][821]LogShaderCompilers: Display: Worker (4/13): shaders left to compile 18
[2020.01.23-23.07.55:237][821]LogShaderCompilers: Display: Worker (5/13): shaders left to compile 17
[2020.01.23-23.07.55:237][821]LogShaderCompilers: Display: Worker (6/13): shaders left to compile 16
[2020.01.23-23.07.55:237][821]LogShaderCompilers: Display: Worker (7/13): shaders left to compile 15
[2020.01.23-23.07.55:237][821]LogShaderCompilers: Display: Worker (8/13): shaders left to compile 14
[2020.01.23-23.07.55:237][821]LogShaderCompilers: Display: Worker (9/13): shaders left to compile 13
[2020.01.23-23.07.55:238][821]LogShaderCompilers: Display: Worker (10/13): shaders left to compile 12
[2020.01.23-23.07.55:238][821]LogShaderCompilers: Display: Worker (11/13): shaders left to compile 11
[2020.01.23-23.07.55:238][821]LogShaderCompilers: Display: Worker (12/13): shaders left to compile 10
[2020.01.23-23.07.55:241][821]LogMaterial: Display: Missing cached shader map for material FMatExpressionPreview MaterialExpressionTextureSample_0, compiling. 
[2020.01.23-23.07.55:250][821]LogMaterial: Display: Missing cached shader map for material m_levelbottom, compiling. 
[2020.01.23-23.07.55:443][830]LogShaderCompilers: Display: Worker (8/13): shaders left to compile 25
[2020.01.23-23.07.55:519][834]LogShaderCompilers: Display: Worker (1/13): shaders left to compile 24
[2020.01.23-23.07.55:543][835]LogShaderCompilers: Display: Worker (2/13): shaders left to compile 23
[2020.01.23-23.07.55:543][835]LogShaderCompilers: Display: Worker (3/13): shaders left to compile 22
[2020.01.23-23.07.55:543][835]LogShaderCompilers: Display: Worker (4/13): shaders left to compile 21
[2020.01.23-23.07.55:562][836]LogShaderCompilers: Display: Worker (9/13): shaders left to compile 20
[2020.01.23-23.07.55:580][837]LogShaderCompilers: Display: Worker (6/13): shaders left to compile 19
[2020.01.23-23.07.55:580][837]LogShaderCompilers: Display: Worker (7/13): shaders left to compile 18
[2020.01.23-23.07.55:599][838]LogShaderCompilers: Display: Worker (5/13): shaders left to compile 17
[2020.01.23-23.07.55:664][842]LogShaderCompilers: Display: Worker (12/13): shaders left to compile 16
[2020.01.23-23.07.55:851][851]LogShaderCompilers: Display: Worker (4/13): shaders left to compile 15
[2020.01.23-23.07.55:893][853]LogShaderCompilers: Display: Worker (9/13): shaders left to compile 14
[2020.01.23-23.07.55:909][854]LogShaderCompilers: Display: Worker (7/13): shaders left to compile 13
[2020.01.23-23.07.55:924][855]LogShaderCompilers: Display: Worker (5/13): shaders left to compile 12
[2020.01.23-23.07.55:924][855]LogShaderCompilers: Display: Worker (6/13): shaders left to compile 11
[2020.01.23-23.07.55:924][855]LogShaderCompilers: Display: Worker (8/13): shaders left to compile 10
[2020.01.23-23.07.55:924][855]LogShaderCompilers: Display: Worker (10/13): shaders left to compile 9
[2020.01.23-23.07.55:962][857]LogShaderCompilers: Display: Worker (2/13): shaders left to compile 8
[2020.01.23-23.07.55:963][857]LogShaderCompilers: Display: Worker (3/13): shaders left to compile 7
[2020.01.23-23.07.55:963][857]LogShaderCompilers: Display: Worker (11/13): shaders left to compile 6
[2020.01.23-23.07.55:982][858]LogShaderCompilers: Display: Worker (1/13): shaders left to compile 5
[2020.01.23-23.07.55:982][858]LogShaderCompilers: Display: Worker (12/13): shaders left to compile 4
[2020.01.23-23.07.56:048][861]LogShaderCompilers: Display: Worker (9/13): shaders left to compile 3
[2020.01.23-23.07.56:173][866]LogShaderCompilers: Display: Worker (4/13): shaders left to compile 2
[2020.01.23-23.07.56:197][867]LogShaderCompilers: Display: Worker (7/13): shaders left to compile 1
[2020.01.23-23.07.58:252][ 42]LogMaterial: Display: Missing cached shader map for material m_levelbottom, compiling. 
[2020.01.23-23.07.58:271][ 42]LogMaterial: Display: Missing cached shader map for material FMatExpressionPreview MaterialExpressionTextureSample_1, compiling. 
[2020.01.23-23.07.58:276][ 42]LogShaderCompilers: Display: Worker (1/13): shaders left to compile 21
[2020.01.23-23.07.58:276][ 42]LogShaderCompilers: Display: Worker (2/13): shaders left to compile 20
[2020.01.23-23.07.58:276][ 42]LogShaderCompilers: Display: Worker (3/13): shaders left to compile 19
[2020.01.23-23.07.58:276][ 42]LogShaderCompilers: Display: Worker (4/13): shaders left to compile 18
[2020.01.23-23.07.58:276][ 42]LogShaderCompilers: Display: Worker (5/13): shaders left to compile 17
[2020.01.23-23.07.58:276][ 42]LogShaderCompilers: Display: Worker (6/13): shaders left to compile 16
[2020.01.23-23.07.58:276][ 42]LogShaderCompilers: Display: Worker (7/13): shaders left to compile 15
[2020.01.23-23.07.58:276][ 42]LogShaderCompilers: Display: Worker (8/13): shaders left to compile 14
[2020.01.23-23.07.58:276][ 42]LogShaderCompilers: Display: Worker (9/13): shaders left to compile 13
[2020.01.23-23.07.58:276][ 42]LogShaderCompilers: Display: Worker (10/13): shaders left to compile 12
[2020.01.23-23.07.58:276][ 42]LogShaderCompilers: Display: Worker (11/13): shaders left to compile 11
[2020.01.23-23.07.58:276][ 42]LogShaderCompilers: Display: Worker (12/13): shaders left to compile 10
[2020.01.23-23.07.58:280][ 42]LogMaterial: Display: Missing cached shader map for material m_levelbottom, compiling. 
[2020.01.23-23.07.58:487][ 52]LogShaderCompilers: Display: Worker (8/13): shaders left to compile 25
[2020.01.23-23.07.58:551][ 55]LogShaderCompilers: Display: Worker (1/13): shaders left to compile 24
[2020.01.23-23.07.58:569][ 56]LogShaderCompilers: Display: Worker (2/13): shaders left to compile 23
[2020.01.23-23.07.58:569][ 56]LogShaderCompilers: Display: Worker (3/13): shaders left to compile 22
[2020.01.23-23.07.58:587][ 57]LogShaderCompilers: Display: Worker (4/13): shaders left to compile 21
[2020.01.23-23.07.58:604][ 58]LogShaderCompilers: Display: Worker (5/13): shaders left to compile 20
[2020.01.23-23.07.58:618][ 59]LogShaderCompilers: Display: Worker (6/13): shaders left to compile 19
[2020.01.23-23.07.58:618][ 59]LogShaderCompilers: Display: Worker (9/13): shaders left to compile 18
[2020.01.23-23.07.58:635][ 60]LogShaderCompilers: Display: Worker (7/13): shaders left to compile 17
[2020.01.23-23.07.58:753][ 65]LogShaderCompilers: Display: Worker (12/13): shaders left to compile 16
[2020.01.23-23.07.58:914][ 72]LogShaderCompilers: Display: Worker (4/13): shaders left to compile 15
[2020.01.23-23.07.58:931][ 73]LogShaderCompilers: Display: Worker (5/13): shaders left to compile 14
[2020.01.23-23.07.58:931][ 73]LogShaderCompilers: Display: Worker (10/13): shaders left to compile 13
[2020.01.23-23.07.58:961][ 74]LogShaderCompilers: Display: Worker (8/13): shaders left to compile 12
[2020.01.23-23.07.58:977][ 75]LogShaderCompilers: Display: Worker (6/13): shaders left to compile 11
[2020.01.23-23.07.58:977][ 75]LogShaderCompilers: Display: Worker (2/13): shaders left to compile 10
[2020.01.23-23.07.58:977][ 75]LogShaderCompilers: Display: Worker (7/13): shaders left to compile 9
[2020.01.23-23.07.58:977][ 75]LogShaderCompilers: Display: Worker (9/13): shaders left to compile 8
[2020.01.23-23.07.59:011][ 77]LogShaderCompilers: Display: Worker (3/13): shaders left to compile 7
[2020.01.23-23.07.59:011][ 77]LogShaderCompilers: Display: Worker (11/13): shaders left to compile 6
[2020.01.23-23.07.59:030][ 78]LogShaderCompilers: Display: Worker (1/13): shaders left to compile 5
[2020.01.23-23.07.59:030][ 78]LogShaderCompilers: Display: Worker (12/13): shaders left to compile 4
[2020.01.23-23.07.59:102][ 81]LogShaderCompilers: Display: Worker (5/13): shaders left to compile 3
[2020.01.23-23.07.59:220][ 87]LogShaderCompilers: Display: Worker (10/13): shaders left to compile 2
[2020.01.23-23.07.59:240][ 88]LogShaderCompilers: Display: Worker (4/13): shaders left to compile 1
[2020.01.23-23.07.59:692][114]MaterialEditorStats: Base pass shader: 128 instructions
[2020.01.23-23.07.59:692][114]MaterialEditorStats: Base pass shader with Volumetric Lightmap: 206 instructions
[2020.01.23-23.07.59:692][114]MaterialEditorStats: Base pass vertex shader: 44 instructions
[2020.01.23-23.07.59:692][114]MaterialEditorStats: Texture samplers: 6/16
[2020.01.23-23.07.59:692][114]MaterialEditorStats: Texture Lookups (Est.): VS(0), PS(3)
[2020.01.23-23.07.59:692][114]MaterialEditorStats: User interpolators: 2/4 Scalars (1/4 Vectors) (TexCoords: 2, Custom: 0)
[2020.01.23-23.08.02:860][422]LogMaterial: Display: Missing cached shader map for material m_levelbottom, compiling. 
[2020.01.23-23.08.02:881][422]LogMaterial: Display: Missing cached shader map for material FMatExpressionPreview MaterialExpressionTextureSample_2, compiling. 
[2020.01.23-23.08.02:886][422]LogShaderCompilers: Display: Worker (1/13): shaders left to compile 21
[2020.01.23-23.08.02:886][422]LogShaderCompilers: Display: Worker (2/13): shaders left to compile 20
[2020.01.23-23.08.02:886][422]LogShaderCompilers: Display: Worker (3/13): shaders left to compile 19
[2020.01.23-23.08.02:886][422]LogShaderCompilers: Display: Worker (4/13): shaders left to compile 18
[2020.01.23-23.08.02:886][422]LogShaderCompilers: Display: Worker (5/13): shaders left to compile 17
[2020.01.23-23.08.02:886][422]LogShaderCompilers: Display: Worker (6/13): shaders left to compile 16
[2020.01.23-23.08.02:886][422]LogShaderCompilers: Display: Worker (7/13): shaders left to compile 15
[2020.01.23-23.08.02:886][422]LogShaderCompilers: Display: Worker (8/13): shaders left to compile 14
[2020.01.23-23.08.02:886][422]LogShaderCompilers: Display: Worker (9/13): shaders left to compile 13
[2020.01.23-23.08.02:886][422]LogShaderCompilers: Display: Worker (10/13): shaders left to compile 12
[2020.01.23-23.08.02:886][422]LogShaderCompilers: Display: Worker (11/13): shaders left to compile 11
[2020.01.23-23.08.02:886][422]LogShaderCompilers: Display: Worker (12/13): shaders left to compile 10
[2020.01.23-23.08.02:889][422]LogMaterial: Display: Missing cached shader map for material m_levelbottom, compiling. 
[2020.01.23-23.08.03:088][434]LogShaderCompilers: Display: Worker (8/13): shaders left to compile 25
[2020.01.23-23.08.03:170][439]LogShaderCompilers: Display: Worker (2/13): shaders left to compile 24
[2020.01.23-23.08.03:185][440]LogShaderCompilers: Display: Worker (1/13): shaders left to compile 23
[2020.01.23-23.08.03:214][442]LogShaderCompilers: Display: Worker (5/13): shaders left to compile 22
[2020.01.23-23.08.03:229][443]LogShaderCompilers: Display: Worker (3/13): shaders left to compile 21
[2020.01.23-23.08.03:229][443]LogShaderCompilers: Display: Worker (6/13): shaders left to compile 20
[2020.01.23-23.08.03:244][444]LogShaderCompilers: Display: Worker (4/13): shaders left to compile 19
[2020.01.23-23.08.03:259][445]LogShaderCompilers: Display: Worker (7/13): shaders left to compile 18
[2020.01.23-23.08.03:259][445]LogShaderCompilers: Display: Worker (9/13): shaders left to compile 17
[2020.01.23-23.08.03:364][450]LogShaderCompilers: Display: Worker (12/13): shaders left to compile 16
[2020.01.23-23.08.03:529][459]LogShaderCompilers: Display: Worker (10/13): shaders left to compile 15
[2020.01.23-23.08.03:559][461]LogShaderCompilers: Display: Worker (3/13): shaders left to compile 14
[2020.01.23-23.08.03:574][462]LogShaderCompilers: Display: Worker (6/13): shaders left to compile 13
[2020.01.23-23.08.03:574][462]LogShaderCompilers: Display: Worker (1/13): shaders left to compile 12
[2020.01.23-23.08.03:589][463]LogShaderCompilers: Display: Worker (4/13): shaders left to compile 11
[2020.01.23-23.08.03:589][463]LogShaderCompilers: Display: Worker (9/13): shaders left to compile 10
[2020.01.23-23.08.03:615][465]LogShaderCompilers: Display: Worker (5/13): shaders left to compile 9
[2020.01.23-23.08.03:615][465]LogShaderCompilers: Display: Worker (7/13): shaders left to compile 8
[2020.01.23-23.08.03:615][465]LogShaderCompilers: Display: Worker (8/13): shaders left to compile 7
[2020.01.23-23.08.03:657][468]LogShaderCompilers: Display: Worker (12/13): shaders left to compile 6
[2020.01.23-23.08.03:671][469]LogShaderCompilers: Display: Worker (2/13): shaders left to compile 5
[2020.01.23-23.08.03:690][470]LogShaderCompilers: Display: Worker (11/13): shaders left to compile 4
[2020.01.23-23.08.03:695][470]LogShaderCompilers: Display: Worker (3/13): shaders left to compile 3
[2020.01.23-23.08.03:841][479]LogShaderCompilers: Display: Worker (6/13): shaders left to compile 2
[2020.01.23-23.08.03:873][479]LogShaderCompilers: Display: Worker (10/13): shaders left to compile 1
[2020.01.23-23.08.04:354][510]MaterialEditorStats: Base pass shader: 128 instructions
[2020.01.23-23.08.04:354][510]MaterialEditorStats: Base pass shader with Volumetric Lightmap: 206 instructions
[2020.01.23-23.08.04:354][510]MaterialEditorStats: Base pass vertex shader: 44 instructions
[2020.01.23-23.08.04:354][510]MaterialEditorStats: Texture samplers: 6/16
[2020.01.23-23.08.04:354][510]MaterialEditorStats: Texture Lookups (Est.): VS(0), PS(3)
[2020.01.23-23.08.04:354][510]MaterialEditorStats: User interpolators: 2/4 Scalars (1/4 Vectors) (TexCoords: 2, Custom: 0)
[2020.01.23-23.08.04:962][576]LogMaterialEditor: Saving and Compiling material m_levelbottom
[2020.01.23-23.08.05:341][576]LogMaterial: Display: Missing cached shader map for material m_levelbottom, compiling. 
[2020.01.23-23.08.05:389][576]LogShaderCompilers: Display: Worker (1/13): shaders left to compile 21
[2020.01.23-23.08.05:389][576]LogShaderCompilers: Display: Worker (2/13): shaders left to compile 20
[2020.01.23-23.08.05:389][576]LogShaderCompilers: Display: Worker (3/13): shaders left to compile 19
[2020.01.23-23.08.05:389][576]LogShaderCompilers: Display: Worker (4/13): shaders left to compile 18
[2020.01.23-23.08.05:389][576]LogShaderCompilers: Display: Worker (5/13): shaders left to compile 17
[2020.01.23-23.08.05:389][576]LogShaderCompilers: Display: Worker (6/13): shaders left to compile 16
[2020.01.23-23.08.05:389][576]LogShaderCompilers: Display: Worker (7/13): shaders left to compile 15
[2020.01.23-23.08.05:389][576]LogShaderCompilers: Display: Worker (8/13): shaders left to compile 14
[2020.01.23-23.08.05:389][576]LogShaderCompilers: Display: Worker (9/13): shaders left to compile 13
[2020.01.23-23.08.05:389][576]LogShaderCompilers: Display: Worker (10/13): shaders left to compile 12
[2020.01.23-23.08.05:389][576]LogShaderCompilers: Display: Worker (11/13): shaders left to compile 11
[2020.01.23-23.08.05:389][576]LogShaderCompilers: Display: Worker (12/13): shaders left to compile 10
[2020.01.23-23.08.05:399][576]LogMaterial: Display: Missing cached shader map for material m_levelbottom, compiling. 
[2020.01.23-23.08.05:418][576]LogMaterial: Display: Missing cached shader map for material m_levelbottom, compiling. 
[2020.01.23-23.08.05:472][576]LogUObjectHash: Compacting FUObjectHashTables data took   1.47ms
[2020.01.23-23.08.05:484][576]LogMaterial: Display: Missing cached shader map for material DebugViewMode MaterialTexCoordScale, compiling. 
[2020.01.23-23.08.06:245][576]LogShaderCompilers: Display: Worker (8/13): shaders left to compile 33
[2020.01.23-23.08.06:245][576]LogShaderCompilers: Display: Worker (3/13): shaders left to compile 32
[2020.01.23-23.08.06:245][576]LogShaderCompilers: Display: Worker (1/13): shaders left to compile 31
[2020.01.23-23.08.06:245][576]LogShaderCompilers: Display: Worker (2/13): shaders left to compile 30
[2020.01.23-23.08.06:245][576]LogShaderCompilers: Display: Worker (4/13): shaders left to compile 29
[2020.01.23-23.08.06:245][576]LogShaderCompilers: Display: Worker (5/13): shaders left to compile 28
[2020.01.23-23.08.06:245][576]LogShaderCompilers: Display: Worker (6/13): shaders left to compile 27
[2020.01.23-23.08.06:245][576]LogShaderCompilers: Display: Worker (9/13): shaders left to compile 26
[2020.01.23-23.08.06:245][576]LogShaderCompilers: Display: Worker (7/13): shaders left to compile 25
[2020.01.23-23.08.06:245][576]LogShaderCompilers: Display: Worker (12/13): shaders left to compile 24
[2020.01.23-23.08.06:245][576]LogShaderCompilers: Display: Worker (10/13): shaders left to compile 23
[2020.01.23-23.08.06:245][576]LogShaderCompilers: Display: Worker (11/13): shaders left to compile 22
[2020.01.23-23.08.06:245][576]LogShaderCompilers: Display: Worker (1/13): shaders left to compile 20
[2020.01.23-23.08.06:245][576]LogShaderCompilers: Display: Worker (12/13): shaders left to compile 18
[2020.01.23-23.08.06:245][576]LogShaderCompilers: Display: Worker (5/13): shaders left to compile 16
[2020.01.23-23.08.06:245][576]LogShaderCompilers: Display: Worker (7/13): shaders left to compile 14
[2020.01.23-23.08.06:245][576]LogShaderCompilers: Display: Worker (8/13): shaders left to compile 12
[2020.01.23-23.08.06:245][576]LogShaderCompilers: Display: Worker (10/13): shaders left to compile 10
[2020.01.23-23.08.06:245][576]LogShaderCompilers: Display: Worker (6/13): shaders left to compile 9
[2020.01.23-23.08.06:247][576]TextureStreamingBuild: Display: Compiling optional shaders took 0.774 seconds.
[2020.01.23-23.08.06:287][576]LogUObjectHash: Compacting FUObjectHashTables data took   1.20ms
[2020.01.23-23.08.06:299][576]LogShaderCompilers: Display: Worker (9/13): shaders left to compile 8
[2020.01.23-23.08.06:317][576]LogShaderCompilers: Display: Worker (3/13): shaders left to compile 7
[2020.01.23-23.08.07:048][576]LogShaderCompilers: Display: Worker (2/13): shaders left to compile 6
[2020.01.23-23.08.07:049][576]LogShaderCompilers: Display: Worker (4/13): shaders left to compile 5
[2020.01.23-23.08.07:049][576]LogShaderCompilers: Display: Worker (5/13): shaders left to compile 4
[2020.01.23-23.08.07:049][576]LogShaderCompilers: Display: Worker (11/13): shaders left to compile 3
[2020.01.23-23.08.07:049][576]LogShaderCompilers: Display: Worker (1/13): shaders left to compile 2
[2020.01.23-23.08.07:049][576]LogShaderCompilers: Display: Worker (12/13): shaders left to compile 1
[2020.01.23-23.08.07:075][576]Cmd: OBJ SAVEPACKAGE PACKAGE="/Game/Materials/m_levelbottom" FILE="../../../../Art/Park_SFAS/Park/Content/Materials/m_levelbottom.uasset" SILENT=true
[2020.01.23-23.08.07:093][576]LogSavePackage: Moving '../../../../Art/Park_SFAS/Park/Saved/m_levelbottomB3C806AA4897112D8D4F1287A8ABBD76.tmp' to '../../../../Art/Park_SFAS/Park/Content/Materials/m_levelbottom.uasset'
[2020.01.23-23.08.14:771][335]Cmd: SELECT NONE
[2020.01.23-23.08.16:142][443]LogEditorViewport: Clicking on Actor (LMB): StaticMeshActor (SM_Rock5_low4)
[2020.01.23-23.08.18:682][621]Cmd: SELECT NONE
[2020.01.23-23.08.21:679][871]LogEditorViewport: Clicking on Actor (LMB): StaticMeshActor (SM_Rock4_low)
[2020.01.23-23.08.31:847][773]Cmd: SELECT NONE
[2020.01.23-23.08.33:122][892]Cmd: CAMERA ALIGN ACTIVEVIEWPORTONLY
[2020.01.23-23.08.33:122][892]Can't find target actor or component.
[2020.01.23-23.10.08:972][808]LogUObjectHash: Compacting FUObjectHashTables data took   0.80ms
[2020.01.23-23.10.08:973][808]Cmd: OBJ SAVEPACKAGE PACKAGE="/Game/Diorama" FILE="../../../../Art/Park_SFAS/Park/Saved/Autosaves/Game/Diorama_Auto9.umap" SILENT=true AUTOSAVING=true KEEPDIRTY=false
[2020.01.23-23.10.09:203][808]LogSavePackage: Moving '../../../../Art/Park_SFAS/Park/Saved/Diorama_Auto934935A354EED13BB268FA7BD63AC256E.tmp' to '../../../../Art/Park_SFAS/Park/Saved/Autosaves/Game/Diorama_Auto9.umap'
[2020.01.23-23.10.09:206][808]LogFileHelpers: Editor autosave (incl. sublevels) for '/Game/Diorama' took 0.271
[2020.01.23-23.10.09:206][808]LogFileHelpers: Editor autosave (incl. sublevels) for all levels took 0.271
[2020.01.23-23.19.53:290][603]LogEditorViewport: Clicking on Actor (LMB): BP_Sky_Sphere_C (BP_Sky_Sphere)
[2020.01.23-23.34.26:501][597]LogSlate: FSceneViewport::OnFocusLost() reason 0
[2020.01.23-23.34.35:681][304]LogEditorFactories: Performing atomic reimport of [D:/Art/Park_SFAS/Textures/Path/SM_Path_low_blinn1_OcclusionRoughnessMetallic.tga]
[2020.01.23-23.34.35:706][304]LogFactory: FactoryCreateFile: Texture2D with ReimportTextureFactory (0 0 D:/Art/Park_SFAS/Textures/Path/SM_Path_low_blinn1_OcclusionRoughnessMetallic.tga)
[2020.01.23-23.34.35:789][304]LogTexture: Display: Building textures: T_Path_low_blinn1_OcclusionRoughnessMetallic (AutoDXT, 2048X2048)
[2020.01.23-23.34.36:026][304]LogEditorFactories: -- imported successfully
[2020.01.23-23.34.37:852][424]LogEditorFactories: Performing atomic reimport of [D:/Art/Park_SFAS/Textures/Path/SM_Path_low_blinn1_Normal.tga]
[2020.01.23-23.34.37:879][424]LogFactory: FactoryCreateFile: Texture2D with ReimportTextureFactory (0 0 D:/Art/Park_SFAS/Textures/Path/SM_Path_low_blinn1_Normal.tga)
[2020.01.23-23.34.37:953][424]LogTexture: Display: Building textures: T_Path_low_blinn1_Normal (BC5, 2048X2048)
[2020.01.23-23.34.38:081][424]LogEditorFactories: -- imported successfully
[2020.01.23-23.34.39:820][541]LogEditorFactories: Performing atomic reimport of [D:/Art/Park_SFAS/Textures/Path/SM_Path_low_blinn1_BaseColor.tga]
[2020.01.23-23.34.39:846][541]LogFactory: FactoryCreateFile: Texture2D with ReimportTextureFactory (0 0 D:/Art/Park_SFAS/Textures/Path/SM_Path_low_blinn1_BaseColor.tga)
[2020.01.23-23.34.39:915][541]LogTexture: Display: Building textures: T_Path_low_blinn1_BaseColor (AutoDXT, 2048X2048)
[2020.01.23-23.34.40:150][541]LogEditorFactories: -- imported successfully
[2020.01.23-23.34.46:219][974]Cmd: SELECT NONE
[2020.01.23-23.35.03:568][325]LogSlate: FSceneViewport::OnFocusLost() reason 0
[2020.01.23-23.35.05:081][433]LogEditorFactories: Performing atomic reimport of [D:/Art/Park_SFAS/Textures/Path/SM_Path_low_blinn1_BaseColor.tga]
[2020.01.23-23.35.05:108][433]LogFactory: FactoryCreateFile: Texture2D with ReimportTextureFactory (0 0 D:/Art/Park_SFAS/Textures/Path/SM_Path_low_blinn1_BaseColor.tga)
[2020.01.23-23.35.05:163][433]LogTexture: Display: Building textures: T_Path_low_blinn1_BaseColor (AutoDXT, 2048X2048)
[2020.01.23-23.35.05:413][433]LogEditorFactories: -- imported successfully
[2020.01.23-23.35.41:565][ 27]LogUObjectHash: Compacting FUObjectHashTables data took   2.04ms
[2020.01.23-23.35.41:565][ 27]LogFileHelpers: Editor autosave (incl. sublevels) for '/Game/Diorama' took 0.038
[2020.01.23-23.35.41:566][ 27]OBJ SavePackage: Generating thumbnails for [1] asset(s) in package [/Game/Textures/T_Path_low_blinn1_BaseColor] ([1] browsable assets)...
[2020.01.23-23.35.41:571][ 27]OBJ SavePackage:     Rendered thumbnail for [Texture2D /Game/Textures/T_Path_low_blinn1_BaseColor.T_Path_low_blinn1_BaseColor]
[2020.01.23-23.35.41:571][ 27]OBJ SavePackage: Finished generating thumbnails for package [/Game/Textures/T_Path_low_blinn1_BaseColor]
[2020.01.23-23.35.41:606][ 27]LogSavePackage: Moving '../../../../Art/Park_SFAS/Park/Saved/T_Path_low_blinn1_BaseColor_Auto1836AC5042C2FB9DFE89D98B5D06C603.tmp' to '../../../../Art/Park_SFAS/Park/Saved/Autosaves/Game/Textures/T_Path_low_blinn1_BaseColor_Auto0.uasset'
[2020.01.23-23.35.41:607][ 27]OBJ SavePackage: Generating thumbnails for [1] asset(s) in package [/Game/Textures/T_Path_low_blinn1_Normal] ([1] browsable assets)...
[2020.01.23-23.35.41:613][ 27]OBJ SavePackage:     Rendered thumbnail for [Texture2D /Game/Textures/T_Path_low_blinn1_Normal.T_Path_low_blinn1_Normal]
[2020.01.23-23.35.41:613][ 27]OBJ SavePackage: Finished generating thumbnails for package [/Game/Textures/T_Path_low_blinn1_Normal]
[2020.01.23-23.35.41:673][ 27]LogSavePackage: Moving '../../../../Art/Park_SFAS/Park/Saved/T_Path_low_blinn1_Normal_Auto05C01993849991928B47F808D0D0E2DA2.tmp' to '../../../../Art/Park_SFAS/Park/Saved/Autosaves/Game/Textures/T_Path_low_blinn1_Normal_Auto0.uasset'
[2020.01.23-23.35.41:674][ 27]OBJ SavePackage: Generating thumbnails for [1] asset(s) in package [/Game/Textures/T_Path_low_blinn1_OcclusionRoughnessMetallic] ([1] browsable assets)...
[2020.01.23-23.35.41:678][ 27]OBJ SavePackage:     Rendered thumbnail for [Texture2D /Game/Textures/T_Path_low_blinn1_OcclusionRoughnessMetallic.T_Path_low_blinn1_OcclusionRoughnessMetallic]
[2020.01.23-23.35.41:678][ 27]OBJ SavePackage: Finished generating thumbnails for package [/Game/Textures/T_Path_low_blinn1_OcclusionRoughnessMetallic]
[2020.01.23-23.35.41:710][ 27]LogSavePackage: Moving '../../../../Art/Park_SFAS/Park/Saved/T_Path_low_blinn1_OcclusionRough2A319B2245CBCFCB8B37F287D7554EF9.tmp' to '../../../../Art/Park_SFAS/Park/Saved/Autosaves/Game/Textures/T_Path_low_blinn1_OcclusionRoughnessMetallic_Auto0.uasset'
[2020.01.23-23.35.41:710][ 27]LogFileHelpers: Auto-saving content packages took 0.144
[2020.01.23-23.35.45:039][ 38]LogSlate: FSceneViewport::OnFocusLost() reason 0
[2020.01.23-23.35.46:270][165]LogEditorFactories: Performing atomic reimport of [D:/Art/Park_SFAS/Textures/Path/SM_Path_low_blinn1_OcclusionRoughnessMetallic.tga]
[2020.01.23-23.35.46:296][165]LogFactory: FactoryCreateFile: Texture2D with ReimportTextureFactory (0 0 D:/Art/Park_SFAS/Textures/Path/SM_Path_low_blinn1_OcclusionRoughnessMetallic.tga)
[2020.01.23-23.35.46:348][165]LogTexture: Display: Building textures: T_Path_low_blinn1_OcclusionRoughnessMetallic (AutoDXT, 2048X2048)
[2020.01.23-23.35.46:532][165]LogEditorFactories: -- imported successfully
[2020.01.23-23.35.49:473][504]Cmd: SELECT NONE
[2020.01.23-23.36.06:957][508]Cmd: SELECT NONE
[2020.01.23-23.37.05:048][204]LogD3D11RHI: Timed out while waiting for GPU to catch up. (0.5 s) (ErrorCode 00000001)
[2020.01.23-23.37.05:548][205]LogD3D11RHI: Timed out while waiting for GPU to catch up. (0.5 s) (ErrorCode 00000001)
[2020.01.23-23.37.06:049][206]LogD3D11RHI: Timed out while waiting for GPU to catch up. (0.5 s) (ErrorCode 00000001)
[2020.01.23-23.37.07:227][207]LogD3D11RHI: Timed out while waiting for GPU to catch up. (0.5 s) (ErrorCode 00000001)
[2020.01.23-23.37.08:704][208]LogD3D11RHI: Timed out while waiting for GPU to catch up. (0.5 s) (ErrorCode 00000001)
[2020.01.23-23.37.09:405][209]LogD3D11RHI: Timed out while waiting for GPU to catch up. (0.5 s) (ErrorCode 00000001)
[2020.01.23-23.37.16:148][224]LogD3D11RHI: Timed out while waiting for GPU to catch up. (0.5 s) (ErrorCode 00000001)
[2020.01.23-23.37.16:649][225]LogD3D11RHI: Timed out while waiting for GPU to catch up. (0.5 s) (ErrorCode 00000001)
[2020.01.23-23.37.19:414][233]LogD3D11RHI: Timed out while waiting for GPU to catch up. (0.5 s) (ErrorCode 00000001)
[2020.01.23-23.37.20:396][236]LogD3D11RHI: Timed out while waiting for GPU to catch up. (0.5 s) (ErrorCode 00000001)
[2020.01.23-23.37.20:897][237]LogD3D11RHI: Timed out while waiting for GPU to catch up. (0.5 s) (ErrorCode 00000001)
[2020.01.23-23.37.21:398][238]LogD3D11RHI: Timed out while waiting for GPU to catch up. (0.5 s) (ErrorCode 00000001)
[2020.01.23-23.37.22:899][239]LogD3D11RHI: Timed out while waiting for GPU to catch up. (0.5 s) (ErrorCode 00000001)
[2020.01.23-23.37.24:055][241]LogD3D11RHI: Timed out while waiting for GPU to catch up. (0.5 s) (ErrorCode 00000001)
[2020.01.23-23.42.53:666][221]LogSlate: FSceneViewport::OnFocusLost() reason 5
[2020.01.23-23.45.42:175][496]LogUObjectHash: Compacting FUObjectHashTables data took   0.88ms
[2020.01.23-23.45.42:176][496]LogFileHelpers: Editor autosave (incl. sublevels) for '/Game/Diorama' took 0.037
[2020.01.23-23.45.42:177][496]OBJ SavePackage: Generating thumbnails for [1] asset(s) in package [/Game/Textures/T_Path_low_blinn1_OcclusionRoughnessMetallic] ([1] browsable assets)...
[2020.01.23-23.45.42:182][496]OBJ SavePackage:     Rendered thumbnail for [Texture2D /Game/Textures/T_Path_low_blinn1_OcclusionRoughnessMetallic.T_Path_low_blinn1_OcclusionRoughnessMetallic]
[2020.01.23-23.45.42:182][496]OBJ SavePackage: Finished generating thumbnails for package [/Game/Textures/T_Path_low_blinn1_OcclusionRoughnessMetallic]
[2020.01.23-23.45.42:266][496]LogSavePackage: Moving '../../../../Art/Park_SFAS/Park/Saved/T_Path_low_blinn1_OcclusionRough4A3B9E2C487B45F053DD6D884B4010E3.tmp' to '../../../../Art/Park_SFAS/Park/Saved/Autosaves/Game/Textures/T_Path_low_blinn1_OcclusionRoughnessMetallic_Auto1.uasset'
[2020.01.23-23.45.42:267][496]LogFileHelpers: Auto-saving content packages took 0.090
[2020.01.24-00.05.28:885][ 50]LogSlate: FSceneViewport::OnFocusLost() reason 5
[2020.01.24-00.14.04:737][ 65]LogSlate: FSceneViewport::OnFocusLost() reason 5
[2020.01.24-00.14.14:570][296]LogFactory: FactoryCreateFile: Texture with ReimportTextureFactory (0 0 ../../../../Art/Park_SFAS/Textures/Pavilion/Pavilion_base_lambert2_BaseColor.tga)
[2020.01.24-00.14.14:636][296]LogTexture: Display: Building textures: Pavilion_base_lambert2_BaseColor (AutoDXT, 2048X2048)
[2020.01.24-00.14.14:984][296]LogFactory: FactoryCreateFile: Texture with ReimportTextureFactory (0 0 ../../../../Art/Park_SFAS/Textures/Pavilion/Pavilion_base_lambert2_Normal.tga)
[2020.01.24-00.14.15:039][296]LogTexture: Display: Building textures: Pavilion_base_lambert2_Normal (BC5, 2048X2048)
[2020.01.24-00.14.15:218][296]LogFactory: FactoryCreateFile: Texture with ReimportTextureFactory (0 0 ../../../../Art/Park_SFAS/Textures/Pavilion/Pavilion_base_lambert2_OcclusionRoughnessMetallic.tga)
[2020.01.24-00.14.15:271][296]LogTexture: Display: Building textures: Pavilion_base_lambert2_OcclusionRoughnessMetallic (AutoDXT, 2048X2048)
[2020.01.24-00.14.19:998][781]LogSavePackage: Moving '../../../../Art/Park_SFAS/Park/Saved/T_Pavilion_base_lambert2_Occlusi60CB52F74D11B5206CE874B7CDC7D15E.tmp' to '../../../../Art/Park_SFAS/Park/Content/Textures/T_Pavilion_base_lambert2_OcclusionRoughnessMetallic.uasset'
[2020.01.24-00.14.20:130][781]LogUObjectHash: Compacting FUObjectHashTables data took   1.51ms
[2020.01.24-00.14.20:171][781]LogUObjectHash: Compacting FUObjectHashTables data took   1.40ms
[2020.01.24-00.14.20:208][781]LogUObjectHash: Compacting FUObjectHashTables data took   0.75ms
[2020.01.24-00.14.22:423][ 29]Cmd: OBJ SAVEPACKAGE PACKAGE="/Game/Textures/T_Pavilion_base_lambert2_Normal" FILE="../../../../Art/Park_SFAS/Park/Content/Textures/T_Pavilion_base_lambert2_Normal.uasset" SILENT=true
[2020.01.24-00.14.22:921][ 29]LogSavePackage: Moving '../../../../Art/Park_SFAS/Park/Saved/T_Pavilion_base_lambert2_Normal858790C44E946C53CC143191369F6424.tmp' to '../../../../Art/Park_SFAS/Park/Content/Textures/T_Pavilion_base_lambert2_Normal.uasset'
[2020.01.24-00.14.23:053][ 29]LogUObjectHash: Compacting FUObjectHashTables data took   0.74ms
[2020.01.24-00.14.23:096][ 29]LogUObjectHash: Compacting FUObjectHashTables data took   0.99ms
[2020.01.24-00.14.23:130][ 29]LogUObjectHash: Compacting FUObjectHashTables data took   0.73ms
[2020.01.24-00.14.25:511][301]Cmd: OBJ SAVEPACKAGE PACKAGE="/Game/Textures/T_Pavilion_base_lambert2_BaseColor" FILE="../../../../Art/Park_SFAS/Park/Content/Textures/T_Pavilion_base_lambert2_BaseColor.uasset" SILENT=true
[2020.01.24-00.14.25:847][301]LogSavePackage: Moving '../../../../Art/Park_SFAS/Park/Saved/T_Pavilion_base_lambert2_BaseColA662E5BB48181FE20014388C000189A8.tmp' to '../../../../Art/Park_SFAS/Park/Content/Textures/T_Pavilion_base_lambert2_BaseColor.uasset'
[2020.01.24-00.14.25:970][301]LogUObjectHash: Compacting FUObjectHashTables data took   0.74ms
[2020.01.24-00.14.26:010][301]LogUObjectHash: Compacting FUObjectHashTables data took   1.00ms
[2020.01.24-00.14.26:046][301]LogUObjectHash: Compacting FUObjectHashTables data took   0.76ms
[2020.01.24-00.14.39:517][840]LogAssetEditorManager: Opening Asset editor for Material /Game/Materials/m_PavilionBase.m_PavilionBase
[2020.01.24-00.14.39:521][840]LogMaterial: Display: Missing cached shader map for material m_PavilionBase, compiling. 
[2020.01.24-00.14.39:601][840]LogMaterial: Display: Missing cached shader map for material m_PavilionBase, compiling. 
[2020.01.24-00.14.39:615][840]LogMaterial: Display: Missing cached shader map for material m_PavilionBase, compiling. 
[2020.01.24-00.14.39:633][840]LogShaderCompilers: Display: Worker (1/13): shaders left to compile 21
[2020.01.24-00.14.39:633][840]LogShaderCompilers: Display: Worker (2/13): shaders left to compile 20
[2020.01.24-00.14.39:633][840]LogShaderCompilers: Display: Worker (3/13): shaders left to compile 19
[2020.01.24-00.14.39:633][840]LogShaderCompilers: Display: Worker (4/13): shaders left to compile 18
[2020.01.24-00.14.39:633][840]LogShaderCompilers: Display: Worker (5/13): shaders left to compile 17
[2020.01.24-00.14.39:633][840]LogShaderCompilers: Display: Worker (6/13): shaders left to compile 16
[2020.01.24-00.14.39:633][840]LogShaderCompilers: Display: Worker (7/13): shaders left to compile 15
[2020.01.24-00.14.39:633][840]LogShaderCompilers: Display: Worker (8/13): shaders left to compile 14
[2020.01.24-00.14.39:633][840]LogShaderCompilers: Display: Worker (9/13): shaders left to compile 13
[2020.01.24-00.14.39:633][840]LogShaderCompilers: Display: Worker (10/13): shaders left to compile 12
[2020.01.24-00.14.39:633][840]LogShaderCompilers: Display: Worker (11/13): shaders left to compile 11
[2020.01.24-00.14.39:633][840]LogShaderCompilers: Display: Worker (12/13): shaders left to compile 10
[2020.01.24-00.14.40:735][920]LogShaderCompilers: Display: Worker (8/13): shaders left to compile 9
[2020.01.24-00.14.40:907][925]LogShaderCompilers: Display: Worker (9/13): shaders left to compile 8
[2020.01.24-00.14.40:907][925]LogShaderCompilers: Display: Worker (1/13): shaders left to compile 7
[2020.01.24-00.14.40:907][925]LogShaderCompilers: Display: Worker (4/13): shaders left to compile 6
[2020.01.24-00.14.40:943][926]LogShaderCompilers: Display: Worker (2/13): shaders left to compile 5
[2020.01.24-00.14.40:943][926]LogShaderCompilers: Display: Worker (3/13): shaders left to compile 4
[2020.01.24-00.14.40:943][926]LogShaderCompilers: Display: Worker (6/13): shaders left to compile 3
[2020.01.24-00.14.40:943][926]LogShaderCompilers: Display: Worker (7/13): shaders left to compile 2
[2020.01.24-00.14.40:996][929]LogShaderCompilers: Display: Worker (5/13): shaders left to compile 1
[2020.01.24-00.14.41:479][950]MaterialEditorStats: Base pass shader: 117 instructions
[2020.01.24-00.14.41:479][950]MaterialEditorStats: Base pass shader with Volumetric Lightmap: 191 instructions
[2020.01.24-00.14.41:479][950]MaterialEditorStats: Base pass vertex shader: 40 instructions
[2020.01.24-00.14.41:479][950]MaterialEditorStats: Texture samplers: 3/16
[2020.01.24-00.14.50:010][820]LogMaterial: Display: Missing cached shader map for material m_PavilionBase, compiling. 
[2020.01.24-00.14.50:024][820]LogShaderCompilers: Display: Worker (1/13): shaders left to compile 21
[2020.01.24-00.14.50:024][820]LogShaderCompilers: Display: Worker (2/13): shaders left to compile 20
[2020.01.24-00.14.50:024][820]LogShaderCompilers: Display: Worker (3/13): shaders left to compile 19
[2020.01.24-00.14.50:024][820]LogShaderCompilers: Display: Worker (4/13): shaders left to compile 18
[2020.01.24-00.14.50:024][820]LogShaderCompilers: Display: Worker (5/13): shaders left to compile 17
[2020.01.24-00.14.50:024][820]LogShaderCompilers: Display: Worker (6/13): shaders left to compile 16
[2020.01.24-00.14.50:024][820]LogShaderCompilers: Display: Worker (7/13): shaders left to compile 15
[2020.01.24-00.14.50:024][820]LogShaderCompilers: Display: Worker (8/13): shaders left to compile 14
[2020.01.24-00.14.50:024][820]LogShaderCompilers: Display: Worker (9/13): shaders left to compile 13
[2020.01.24-00.14.50:024][820]LogShaderCompilers: Display: Worker (10/13): shaders left to compile 12
[2020.01.24-00.14.50:024][820]LogShaderCompilers: Display: Worker (11/13): shaders left to compile 11
[2020.01.24-00.14.50:024][820]LogShaderCompilers: Display: Worker (12/13): shaders left to compile 10
[2020.01.24-00.14.50:024][820]LogMaterial: Display: Missing cached shader map for material FMatExpressionPreview MaterialExpressionTextureSample_0, compiling. 
[2020.01.24-00.14.50:039][820]LogMaterial: Display: Missing cached shader map for material FMatExpressionPreview MaterialExpressionTextureSample_0, compiling. 
[2020.01.24-00.14.50:054][820]LogMaterial: Display: Missing cached shader map for material m_PavilionBase, compiling. 
[2020.01.24-00.14.50:071][820]LogMaterial: Display: Missing cached shader map for material FMatExpressionPreview MaterialExpressionTextureSample_1, compiling. 
[2020.01.24-00.14.50:084][820]LogMaterial: Display: Missing cached shader map for material FMatExpressionPreview MaterialExpressionTextureSample_0, compiling. 
[2020.01.24-00.14.50:093][820]LogMaterial: Display: Missing cached shader map for material FMatExpressionPreview MaterialExpressionTextureSample_1, compiling. 
[2020.01.24-00.14.50:113][820]LogMaterial: Display: Missing cached shader map for material m_PavilionBase, compiling. 
[2020.01.24-00.14.50:139][820]LogMaterial: Display: Missing cached shader map for material FMatExpressionPreview MaterialExpressionTextureSample_2, compiling. 
[2020.01.24-00.14.50:161][820]LogMaterial: Display: Missing cached shader map for material FMatExpressionPreview MaterialExpressionTextureSample_0, compiling. 
[2020.01.24-00.14.50:174][820]LogMaterial: Display: Missing cached shader map for material FMatExpressionPreview MaterialExpressionTextureSample_1, compiling. 
[2020.01.24-00.14.50:188][820]LogMaterial: Display: Missing cached shader map for material FMatExpressionPreview MaterialExpressionTextureSample_2, compiling. 
[2020.01.24-00.14.50:197][820]LogShaderCompilers: Display: Worker (8/13): shaders left to compile 29
[2020.01.24-00.14.50:277][822]LogShaderCompilers: Display: Worker (2/13): shaders left to compile 32
[2020.01.24-00.14.50:297][823]LogShaderCompilers: Display: Worker (3/13): shaders left to compile 31
[2020.01.24-00.14.50:298][823]LogShaderCompilers: Display: Worker (1/13): shaders left to compile 30
[2020.01.24-00.14.50:315][824]LogShaderCompilers: Display: Worker (4/13): shaders left to compile 29
[2020.01.24-00.14.50:330][825]LogShaderCompilers: Display: Worker (5/13): shaders left to compile 28
[2020.01.24-00.14.50:349][826]LogShaderCompilers: Display: Worker (6/13): shaders left to compile 27
[2020.01.24-00.14.50:349][826]LogShaderCompilers: Display: Worker (7/13): shaders left to compile 26
[2020.01.24-00.14.50:350][826]LogShaderCompilers: Display: Worker (9/13): shaders left to compile 25
[2020.01.24-00.14.50:444][830]LogShaderCompilers: Display: Worker (12/13): shaders left to compile 24
[2020.01.24-00.14.50:507][832]LogShaderCompilers: Display: Worker (8/13): shaders left to compile 23
[2020.01.24-00.14.50:530][833]LogShaderCompilers: Display: Worker (7/13): shaders left to compile 22
[2020.01.24-00.14.50:566][835]LogShaderCompilers: Display: Worker (2/13): shaders left to compile 21
[2020.01.24-00.14.50:589][836]LogShaderCompilers: Display: Worker (3/13): shaders left to compile 20
[2020.01.24-00.14.50:605][837]LogShaderCompilers: Display: Worker (1/13): shaders left to compile 19
[2020.01.24-00.14.50:622][838]LogShaderCompilers: Display: Worker (4/13): shaders left to compile 18
[2020.01.24-00.14.50:637][839]LogShaderCompilers: Display: Worker (6/13): shaders left to compile 17
[2020.01.24-00.14.50:637][839]LogShaderCompilers: Display: Worker (9/13): shaders left to compile 16
[2020.01.24-00.14.50:654][840]LogShaderCompilers: Display: Worker (5/13): shaders left to compile 15
[2020.01.24-00.14.50:674][841]LogShaderCompilers: Display: Worker (10/13): shaders left to compile 14
[2020.01.24-00.14.50:709][843]LogShaderCompilers: Display: Worker (11/13): shaders left to compile 13
[2020.01.24-00.14.50:916][852]LogShaderCompilers: Display: Worker (7/13): shaders left to compile 12
[2020.01.24-00.14.51:028][857]LogShaderCompilers: Display: Worker (9/13): shaders left to compile 11
[2020.01.24-00.14.51:045][858]LogShaderCompilers: Display: Worker (1/13): shaders left to compile 10
[2020.01.24-00.14.51:045][858]LogShaderCompilers: Display: Worker (12/13): shaders left to compile 9
[2020.01.24-00.14.51:111][861]LogShaderCompilers: Display: Worker (8/13): shaders left to compile 8
[2020.01.24-00.14.51:144][863]LogShaderCompilers: Display: Worker (11/13): shaders left to compile 7
[2020.01.24-00.14.51:195][866]LogShaderCompilers: Display: Worker (2/13): shaders left to compile 6
[2020.01.24-00.14.51:216][867]LogShaderCompilers: Display: Worker (5/13): shaders left to compile 5
[2020.01.24-00.14.51:240][868]LogShaderCompilers: Display: Worker (3/13): shaders left to compile 4
[2020.01.24-00.14.51:264][869]LogShaderCompilers: Display: Worker (10/13): shaders left to compile 3
[2020.01.24-00.14.51:287][870]LogShaderCompilers: Display: Worker (4/13): shaders left to compile 2
[2020.01.24-00.14.51:345][873]LogShaderCompilers: Display: Worker (6/13): shaders left to compile 1
[2020.01.24-00.14.51:386][874]MaterialEditorStats: Base pass shader: 117 instructions
[2020.01.24-00.14.51:386][874]MaterialEditorStats: Base pass shader with Volumetric Lightmap: 191 instructions
[2020.01.24-00.14.51:386][874]MaterialEditorStats: Base pass vertex shader: 40 instructions
[2020.01.24-00.14.51:386][874]MaterialEditorStats: Texture samplers: 3/16
[2020.01.24-00.14.54:123][136]LogMaterial: Display: Missing cached shader map for material m_PavilionBase, compiling. 
[2020.01.24-00.14.54:140][136]LogShaderCompilers: Display: Worker (1/13): shaders left to compile 21
[2020.01.24-00.14.54:140][136]LogShaderCompilers: Display: Worker (2/13): shaders left to compile 20
[2020.01.24-00.14.54:140][136]LogShaderCompilers: Display: Worker (3/13): shaders left to compile 19
[2020.01.24-00.14.54:140][136]LogShaderCompilers: Display: Worker (4/13): shaders left to compile 18
[2020.01.24-00.14.54:140][136]LogShaderCompilers: Display: Worker (5/13): shaders left to compile 17
[2020.01.24-00.14.54:141][136]LogShaderCompilers: Display: Worker (6/13): shaders left to compile 16
[2020.01.24-00.14.54:141][136]LogShaderCompilers: Display: Worker (7/13): shaders left to compile 15
[2020.01.24-00.14.54:141][136]LogShaderCompilers: Display: Worker (8/13): shaders left to compile 14
[2020.01.24-00.14.54:141][136]LogShaderCompilers: Display: Worker (9/13): shaders left to compile 13
[2020.01.24-00.14.54:141][136]LogShaderCompilers: Display: Worker (10/13): shaders left to compile 12
[2020.01.24-00.14.54:141][136]LogShaderCompilers: Display: Worker (11/13): shaders left to compile 11
[2020.01.24-00.14.54:141][136]LogShaderCompilers: Display: Worker (12/13): shaders left to compile 10
[2020.01.24-00.14.54:141][136]LogMaterial: Display: Missing cached shader map for material FMatExpressionPreview MaterialExpressionTextureSample_1, compiling. 
[2020.01.24-00.14.54:364][148]LogShaderCompilers: Display: Worker (8/13): shaders left to compile 13
[2020.01.24-00.14.54:439][152]LogShaderCompilers: Display: Worker (2/13): shaders left to compile 12
[2020.01.24-00.14.54:439][152]LogShaderCompilers: Display: Worker (1/13): shaders left to compile 11
[2020.01.24-00.14.54:439][152]LogShaderCompilers: Display: Worker (3/13): shaders left to compile 10
[2020.01.24-00.14.54:484][155]LogShaderCompilers: Display: Worker (4/13): shaders left to compile 9
[2020.01.24-00.14.54:502][156]LogShaderCompilers: Display: Worker (5/13): shaders left to compile 8
[2020.01.24-00.14.54:502][156]LogShaderCompilers: Display: Worker (6/13): shaders left to compile 7
[2020.01.24-00.14.54:502][156]LogShaderCompilers: Display: Worker (7/13): shaders left to compile 6
[2020.01.24-00.14.54:502][156]LogShaderCompilers: Display: Worker (9/13): shaders left to compile 5
[2020.01.24-00.14.54:580][160]LogShaderCompilers: Display: Worker (12/13): shaders left to compile 4
[2020.01.24-00.14.54:842][173]LogShaderCompilers: Display: Worker (1/13): shaders left to compile 3
[2020.01.24-00.14.54:859][174]LogShaderCompilers: Display: Worker (10/13): shaders left to compile 2
[2020.01.24-00.14.54:892][176]LogShaderCompilers: Display: Worker (5/13): shaders left to compile 1
[2020.01.24-00.14.55:322][209]MaterialEditorStats: Base pass shader: 123 instructions
[2020.01.24-00.14.55:322][209]MaterialEditorStats: Base pass shader with Volumetric Lightmap: 197 instructions
[2020.01.24-00.14.55:322][209]MaterialEditorStats: Base pass vertex shader: 44 instructions
[2020.01.24-00.14.55:322][209]MaterialEditorStats: Texture samplers: 4/16
[2020.01.24-00.14.55:322][209]MaterialEditorStats: Texture Lookups (Est.): VS(0), PS(1)
[2020.01.24-00.14.55:322][209]MaterialEditorStats: User interpolators: 2/4 Scalars (1/4 Vectors) (TexCoords: 2, Custom: 0)
[2020.01.24-00.14.56:228][302]LogMaterial: Display: Missing cached shader map for material m_PavilionBase, compiling. 
[2020.01.24-00.14.56:245][302]LogMaterial: Display: Missing cached shader map for material FMatExpressionPreview MaterialExpressionTextureSample_0, compiling. 
[2020.01.24-00.14.56:251][302]LogShaderCompilers: Display: Worker (1/13): shaders left to compile 21
[2020.01.24-00.14.56:251][302]LogShaderCompilers: Display: Worker (2/13): shaders left to compile 20
[2020.01.24-00.14.56:251][302]LogShaderCompilers: Display: Worker (3/13): shaders left to compile 19
[2020.01.24-00.14.56:251][302]LogShaderCompilers: Display: Worker (4/13): shaders left to compile 18
[2020.01.24-00.14.56:251][302]LogShaderCompilers: Display: Worker (5/13): shaders left to compile 17
[2020.01.24-00.14.56:251][302]LogShaderCompilers: Display: Worker (6/13): shaders left to compile 16
[2020.01.24-00.14.56:251][302]LogShaderCompilers: Display: Worker (7/13): shaders left to compile 15
[2020.01.24-00.14.56:251][302]LogShaderCompilers: Display: Worker (8/13): shaders left to compile 14
[2020.01.24-00.14.56:251][302]LogShaderCompilers: Display: Worker (9/13): shaders left to compile 13
[2020.01.24-00.14.56:251][302]LogShaderCompilers: Display: Worker (10/13): shaders left to compile 12
[2020.01.24-00.14.56:251][302]LogShaderCompilers: Display: Worker (11/13): shaders left to compile 11
[2020.01.24-00.14.56:251][302]LogShaderCompilers: Display: Worker (12/13): shaders left to compile 10
[2020.01.24-00.14.56:479][314]LogShaderCompilers: Display: Worker (8/13): shaders left to compile 13
[2020.01.24-00.14.56:554][318]LogShaderCompilers: Display: Worker (1/13): shaders left to compile 12
[2020.01.24-00.14.56:604][320]LogShaderCompilers: Display: Worker (3/13): shaders left to compile 11
[2020.01.24-00.14.56:627][321]LogShaderCompilers: Display: Worker (7/13): shaders left to compile 10
[2020.01.24-00.14.56:682][324]LogShaderCompilers: Display: Worker (9/13): shaders left to compile 9
[2020.01.24-00.14.56:702][325]LogShaderCompilers: Display: Worker (2/13): shaders left to compile 8
[2020.01.24-00.14.56:747][327]LogShaderCompilers: Display: Worker (6/13): shaders left to compile 7
[2020.01.24-00.14.56:747][327]LogShaderCompilers: Display: Worker (4/13): shaders left to compile 6
[2020.01.24-00.14.56:768][328]LogShaderCompilers: Display: Worker (5/13): shaders left to compile 5
[2020.01.24-00.14.56:851][332]LogShaderCompilers: Display: Worker (12/13): shaders left to compile 4
[2020.01.24-00.14.57:060][343]LogShaderCompilers: Display: Worker (10/13): shaders left to compile 3
[2020.01.24-00.14.57:060][343]LogShaderCompilers: Display: Worker (3/13): shaders left to compile 2
[2020.01.24-00.14.57:131][345]LogShaderCompilers: Display: Worker (2/13): shaders left to compile 1
[2020.01.24-00.14.57:352][358]MaterialEditorStats: Base pass shader: 126 instructions
[2020.01.24-00.14.57:352][358]MaterialEditorStats: Base pass shader with Volumetric Lightmap: 200 instructions
[2020.01.24-00.14.57:352][358]MaterialEditorStats: Base pass vertex shader: 44 instructions
[2020.01.24-00.14.57:352][358]MaterialEditorStats: Texture samplers: 5/16
[2020.01.24-00.14.57:352][358]MaterialEditorStats: Texture Lookups (Est.): VS(0), PS(2)
[2020.01.24-00.14.57:352][358]MaterialEditorStats: User interpolators: 2/4 Scalars (1/4 Vectors) (TexCoords: 2, Custom: 0)
[2020.01.24-00.14.59:026][529]LogMaterial: Display: Missing cached shader map for material m_PavilionBase, compiling. 
[2020.01.24-00.14.59:045][529]LogMaterial: Display: Missing cached shader map for material FMatExpressionPreview MaterialExpressionTextureSample_2, compiling. 
[2020.01.24-00.14.59:054][529]LogShaderCompilers: Display: Worker (1/13): shaders left to compile 21
[2020.01.24-00.14.59:054][529]LogShaderCompilers: Display: Worker (2/13): shaders left to compile 20
[2020.01.24-00.14.59:054][529]LogShaderCompilers: Display: Worker (3/13): shaders left to compile 19
[2020.01.24-00.14.59:054][529]LogShaderCompilers: Display: Worker (4/13): shaders left to compile 18
[2020.01.24-00.14.59:054][529]LogShaderCompilers: Display: Worker (5/13): shaders left to compile 17
[2020.01.24-00.14.59:054][529]LogShaderCompilers: Display: Worker (6/13): shaders left to compile 16
[2020.01.24-00.14.59:054][529]LogShaderCompilers: Display: Worker (7/13): shaders left to compile 15
[2020.01.24-00.14.59:054][529]LogShaderCompilers: Display: Worker (8/13): shaders left to compile 14
[2020.01.24-00.14.59:054][529]LogShaderCompilers: Display: Worker (9/13): shaders left to compile 13
[2020.01.24-00.14.59:054][529]LogShaderCompilers: Display: Worker (10/13): shaders left to compile 12
[2020.01.24-00.14.59:054][529]LogShaderCompilers: Display: Worker (11/13): shaders left to compile 11
[2020.01.24-00.14.59:054][529]LogShaderCompilers: Display: Worker (12/13): shaders left to compile 10
[2020.01.24-00.14.59:262][541]LogShaderCompilers: Display: Worker (8/13): shaders left to compile 13
[2020.01.24-00.14.59:327][544]LogShaderCompilers: Display: Worker (2/13): shaders left to compile 12
[2020.01.24-00.14.59:344][545]LogShaderCompilers: Display: Worker (1/13): shaders left to compile 11
[2020.01.24-00.14.59:380][547]LogShaderCompilers: Display: Worker (3/13): shaders left to compile 10
[2020.01.24-00.14.59:380][547]LogShaderCompilers: Display: Worker (4/13): shaders left to compile 9
[2020.01.24-00.14.59:380][547]LogShaderCompilers: Display: Worker (5/13): shaders left to compile 8
[2020.01.24-00.14.59:415][549]LogShaderCompilers: Display: Worker (6/13): shaders left to compile 7
[2020.01.24-00.14.59:415][549]LogShaderCompilers: Display: Worker (7/13): shaders left to compile 6
[2020.01.24-00.14.59:415][549]LogShaderCompilers: Display: Worker (9/13): shaders left to compile 5
[2020.01.24-00.14.59:527][555]LogShaderCompilers: Display: Worker (12/13): shaders left to compile 4
[2020.01.24-00.14.59:723][564]LogShaderCompilers: Display: Worker (1/13): shaders left to compile 3
[2020.01.24-00.14.59:723][564]LogShaderCompilers: Display: Worker (10/13): shaders left to compile 2
[2020.01.24-00.14.59:744][565]LogShaderCompilers: Display: Worker (11/13): shaders left to compile 1
[2020.01.24-00.15.00:356][611]LogMaterial: Display: Missing cached shader map for material m_PavilionBase, compiling. 
[2020.01.24-00.15.00:374][611]LogShaderCompilers: Display: Worker (1/13): shaders left to compile 21
[2020.01.24-00.15.00:374][611]LogShaderCompilers: Display: Worker (2/13): shaders left to compile 20
[2020.01.24-00.15.00:374][611]LogShaderCompilers: Display: Worker (3/13): shaders left to compile 19
[2020.01.24-00.15.00:374][611]LogShaderCompilers: Display: Worker (4/13): shaders left to compile 18
[2020.01.24-00.15.00:374][611]LogShaderCompilers: Display: Worker (5/13): shaders left to compile 17
[2020.01.24-00.15.00:374][611]LogShaderCompilers: Display: Worker (6/13): shaders left to compile 16
[2020.01.24-00.15.00:374][611]LogShaderCompilers: Display: Worker (7/13): shaders left to compile 15
[2020.01.24-00.15.00:374][611]LogShaderCompilers: Display: Worker (8/13): shaders left to compile 14
[2020.01.24-00.15.00:374][611]LogShaderCompilers: Display: Worker (9/13): shaders left to compile 13
[2020.01.24-00.15.00:374][611]LogShaderCompilers: Display: Worker (10/13): shaders left to compile 12
[2020.01.24-00.15.00:374][611]LogShaderCompilers: Display: Worker (11/13): shaders left to compile 11
[2020.01.24-00.15.00:374][611]LogShaderCompilers: Display: Worker (12/13): shaders left to compile 10
[2020.01.24-00.15.00:377][611]LogMaterial: Display: Missing cached shader map for material FMatExpressionPreview MaterialExpressionTextureSample_2, compiling. 
[2020.01.24-00.15.00:643][624]LogShaderCompilers: Display: Worker (8/13): shaders left to compile 13
[2020.01.24-00.15.00:660][625]LogShaderCompilers: Display: Worker (2/13): shaders left to compile 12
[2020.01.24-00.15.00:702][627]LogShaderCompilers: Display: Worker (5/13): shaders left to compile 11
[2020.01.24-00.15.00:702][627]LogShaderCompilers: Display: Worker (1/13): shaders left to compile 10
[2020.01.24-00.15.00:702][627]LogShaderCompilers: Display: Worker (9/13): shaders left to compile 9
[2020.01.24-00.15.00:735][629]LogShaderCompilers: Display: Worker (3/13): shaders left to compile 8
[2020.01.24-00.15.00:735][629]LogShaderCompilers: Display: Worker (6/13): shaders left to compile 7
[2020.01.24-00.15.00:752][630]LogShaderCompilers: Display: Worker (4/13): shaders left to compile 6
[2020.01.24-00.15.00:752][630]LogShaderCompilers: Display: Worker (7/13): shaders left to compile 5
[2020.01.24-00.15.00:856][636]LogShaderCompilers: Display: Worker (12/13): shaders left to compile 4
[2020.01.24-00.15.01:105][648]LogShaderCompilers: Display: Worker (3/13): shaders left to compile 3
[2020.01.24-00.15.01:121][649]LogShaderCompilers: Display: Worker (11/13): shaders left to compile 2
[2020.01.24-00.15.01:137][650]LogShaderCompilers: Display: Worker (10/13): shaders left to compile 1
[2020.01.24-00.15.02:018][721]LogMaterial: Display: Missing cached shader map for material m_PavilionBase, compiling. 
[2020.01.24-00.15.02:038][721]LogShaderCompilers: Display: Worker (1/13): shaders left to compile 21
[2020.01.24-00.15.02:038][721]LogShaderCompilers: Display: Worker (2/13): shaders left to compile 20
[2020.01.24-00.15.02:038][721]LogShaderCompilers: Display: Worker (3/13): shaders left to compile 19
[2020.01.24-00.15.02:038][721]LogShaderCompilers: Display: Worker (4/13): shaders left to compile 18
[2020.01.24-00.15.02:038][721]LogShaderCompilers: Display: Worker (5/13): shaders left to compile 17
[2020.01.24-00.15.02:038][721]LogShaderCompilers: Display: Worker (6/13): shaders left to compile 16
[2020.01.24-00.15.02:038][721]LogShaderCompilers: Display: Worker (7/13): shaders left to compile 15
[2020.01.24-00.15.02:038][721]LogShaderCompilers: Display: Worker (8/13): shaders left to compile 14
[2020.01.24-00.15.02:038][721]LogShaderCompilers: Display: Worker (9/13): shaders left to compile 13
[2020.01.24-00.15.02:038][721]LogShaderCompilers: Display: Worker (10/13): shaders left to compile 12
[2020.01.24-00.15.02:038][721]LogShaderCompilers: Display: Worker (11/13): shaders left to compile 11
[2020.01.24-00.15.02:038][721]LogShaderCompilers: Display: Worker (12/13): shaders left to compile 10
[2020.01.24-00.15.02:038][721]LogMaterial: Display: Missing cached shader map for material FMatExpressionPreview MaterialExpressionTextureSample_2, compiling. 
[2020.01.24-00.15.02:257][732]LogShaderCompilers: Display: Worker (8/13): shaders left to compile 13
[2020.01.24-00.15.02:332][736]LogShaderCompilers: Display: Worker (3/13): shaders left to compile 12
[2020.01.24-00.15.02:357][737]LogShaderCompilers: Display: Worker (1/13): shaders left to compile 11
[2020.01.24-00.15.02:357][737]LogShaderCompilers: Display: Worker (2/13): shaders left to compile 10
[2020.01.24-00.15.02:380][738]LogShaderCompilers: Display: Worker (5/13): shaders left to compile 9
[2020.01.24-00.15.02:408][738]LogShaderCompilers: Display: Worker (4/13): shaders left to compile 8
[2020.01.24-00.15.02:408][738]LogShaderCompilers: Display: Worker (6/13): shaders left to compile 7
[2020.01.24-00.15.02:410][738]LogShaderCompilers: Display: Worker (9/13): shaders left to compile 6
[2020.01.24-00.15.02:433][740]LogShaderCompilers: Display: Worker (7/13): shaders left to compile 5
[2020.01.24-00.15.02:525][745]LogShaderCompilers: Display: Worker (12/13): shaders left to compile 4
[2020.01.24-00.15.02:738][755]LogShaderCompilers: Display: Worker (10/13): shaders left to compile 3
[2020.01.24-00.15.02:758][756]LogShaderCompilers: Display: Worker (1/13): shaders left to compile 2
[2020.01.24-00.15.02:776][757]LogShaderCompilers: Display: Worker (11/13): shaders left to compile 1
[2020.01.24-00.15.02:887][764]LogMaterialEditor: Saving and Compiling material m_PavilionBase
[2020.01.24-00.15.04:780][764]LogMaterial: Display: Missing cached shader map for material m_PavilionBase, compiling. 
[2020.01.24-00.15.04:835][764]LogShaderCompilers: Display: Worker (1/13): shaders left to compile 21
[2020.01.24-00.15.04:835][764]LogShaderCompilers: Display: Worker (2/13): shaders left to compile 20
[2020.01.24-00.15.04:835][764]LogShaderCompilers: Display: Worker (3/13): shaders left to compile 19
[2020.01.24-00.15.04:835][764]LogShaderCompilers: Display: Worker (4/13): shaders left to compile 18
[2020.01.24-00.15.04:835][764]LogShaderCompilers: Display: Worker (5/13): shaders left to compile 17
[2020.01.24-00.15.04:835][764]LogShaderCompilers: Display: Worker (6/13): shaders left to compile 16
[2020.01.24-00.15.04:835][764]LogShaderCompilers: Display: Worker (7/13): shaders left to compile 15
[2020.01.24-00.15.04:835][764]LogShaderCompilers: Display: Worker (8/13): shaders left to compile 14
[2020.01.24-00.15.04:835][764]LogShaderCompilers: Display: Worker (9/13): shaders left to compile 13
[2020.01.24-00.15.04:835][764]LogShaderCompilers: Display: Worker (10/13): shaders left to compile 12
[2020.01.24-00.15.04:835][764]LogShaderCompilers: Display: Worker (11/13): shaders left to compile 11
[2020.01.24-00.15.04:835][764]LogShaderCompilers: Display: Worker (12/13): shaders left to compile 10
[2020.01.24-00.15.04:847][764]LogMaterial: Display: Missing cached shader map for material m_PavilionBase, compiling. 
[2020.01.24-00.15.04:868][764]LogMaterial: Display: Missing cached shader map for material m_PavilionBase, compiling. 
[2020.01.24-00.15.04:929][764]LogUObjectHash: Compacting FUObjectHashTables data took   2.11ms
[2020.01.24-00.15.04:942][764]LogMaterial: Display: Missing cached shader map for material DebugViewMode MaterialTexCoordScale, compiling. 
[2020.01.24-00.15.05:791][764]LogShaderCompilers: Display: Worker (8/13): shaders left to compile 33
[2020.01.24-00.15.05:791][764]LogShaderCompilers: Display: Worker (1/13): shaders left to compile 32
[2020.01.24-00.15.05:791][764]LogShaderCompilers: Display: Worker (2/13): shaders left to compile 31
[2020.01.24-00.15.05:791][764]LogShaderCompilers: Display: Worker (3/13): shaders left to compile 30
[2020.01.24-00.15.05:791][764]LogShaderCompilers: Display: Worker (4/13): shaders left to compile 29
[2020.01.24-00.15.05:791][764]LogShaderCompilers: Display: Worker (9/13): shaders left to compile 28
[2020.01.24-00.15.05:791][764]LogShaderCompilers: Display: Worker (5/13): shaders left to compile 27
[2020.01.24-00.15.05:791][764]LogShaderCompilers: Display: Worker (6/13): shaders left to compile 26
[2020.01.24-00.15.05:791][764]LogShaderCompilers: Display: Worker (7/13): shaders left to compile 25
[2020.01.24-00.15.05:791][764]LogShaderCompilers: Display: Worker (12/13): shaders left to compile 24
[2020.01.24-00.15.05:791][764]LogShaderCompilers: Display: Worker (10/13): shaders left to compile 23
[2020.01.24-00.15.05:791][764]LogShaderCompilers: Display: Worker (2/13): shaders left to compile 22
[2020.01.24-00.15.05:791][764]LogShaderCompilers: Display: Worker (11/13): shaders left to compile 20
[2020.01.24-00.15.05:791][764]LogShaderCompilers: Display: Worker (9/13): shaders left to compile 18
[2020.01.24-00.15.05:791][764]LogShaderCompilers: Display: Worker (12/13): shaders left to compile 16
[2020.01.24-00.15.05:791][764]LogShaderCompilers: Display: Worker (8/13): shaders left to compile 14
[2020.01.24-00.15.05:791][764]LogShaderCompilers: Display: Worker (7/13): shaders left to compile 12
[2020.01.24-00.15.05:791][764]LogShaderCompilers: Display: Worker (10/13): shaders left to compile 10
[2020.01.24-00.15.05:793][764]LogShaderCompilers: Display: Worker (3/13): shaders left to compile 9
[2020.01.24-00.15.05:793][764]TextureStreamingBuild: Display: Compiling optional shaders took 0.863 seconds.
[2020.01.24-00.15.05:836][764]LogUObjectHash: Compacting FUObjectHashTables data took   1.10ms
[2020.01.24-00.15.06:616][764]LogShaderCompilers: Display: Worker (5/13): shaders left to compile 8
[2020.01.24-00.15.06:616][764]LogShaderCompilers: Display: Worker (1/13): shaders left to compile 7
[2020.01.24-00.15.06:616][764]LogShaderCompilers: Display: Worker (6/13): shaders left to compile 6
[2020.01.24-00.15.06:616][764]LogShaderCompilers: Display: Worker (4/13): shaders left to compile 5
[2020.01.24-00.15.06:616][764]LogShaderCompilers: Display: Worker (2/13): shaders left to compile 4
[2020.01.24-00.15.06:616][764]LogShaderCompilers: Display: Worker (12/13): shaders left to compile 3
[2020.01.24-00.15.06:616][764]LogShaderCompilers: Display: Worker (11/13): shaders left to compile 2
[2020.01.24-00.15.06:616][764]LogShaderCompilers: Display: Worker (9/13): shaders left to compile 1
[2020.01.24-00.15.06:644][764]Cmd: OBJ SAVEPACKAGE PACKAGE="/Game/Materials/m_PavilionBase" FILE="../../../../Art/Park_SFAS/Park/Content/Materials/m_PavilionBase.uasset" SILENT=true
[2020.01.24-00.15.06:663][764]LogSavePackage: Moving '../../../../Art/Park_SFAS/Park/Saved/m_PavilionBase35013FEB4D31E3940F133DB65004BF84.tmp' to '../../../../Art/Park_SFAS/Park/Content/Materials/m_PavilionBase.uasset'
[2020.01.24-00.15.06:680][764]MaterialEditorStats: Base pass shader: 128 instructions
[2020.01.24-00.15.06:680][764]MaterialEditorStats: Base pass shader with Volumetric Lightmap: 206 instructions
[2020.01.24-00.15.06:680][764]MaterialEditorStats: Base pass vertex shader: 44 instructions
[2020.01.24-00.15.06:680][764]MaterialEditorStats: Texture samplers: 6/16
[2020.01.24-00.15.06:680][764]MaterialEditorStats: Texture Lookups (Est.): VS(0), PS(3)
[2020.01.24-00.15.06:680][764]MaterialEditorStats: User interpolators: 2/4 Scalars (1/4 Vectors) (TexCoords: 2, Custom: 0)
[2020.01.24-00.15.19:598][903]LogEditorViewport: Clicking on Actor (LMB): StaticMeshActor (Pavilion_base)
[2020.01.24-00.15.21:751][ 93]Cmd: SELECT NONE
[2020.01.24-00.15.22:337][159]Cmd: TRANSACTION UNDO
[2020.01.24-00.15.22:337][159]LogEditorTransaction: Undo Select None
[2020.01.24-00.15.22:360][159]LogMaterial: Display: Missing cached shader map for material m_PavilionBase, compiling. 
[2020.01.24-00.15.22:376][159]LogShaderCompilers: Display: Worker (1/13): shaders left to compile 21
[2020.01.24-00.15.22:376][159]LogShaderCompilers: Display: Worker (2/13): shaders left to compile 20
[2020.01.24-00.15.22:376][159]LogShaderCompilers: Display: Worker (3/13): shaders left to compile 19
[2020.01.24-00.15.22:376][159]LogShaderCompilers: Display: Worker (4/13): shaders left to compile 18
[2020.01.24-00.15.22:376][159]LogShaderCompilers: Display: Worker (5/13): shaders left to compile 17
[2020.01.24-00.15.22:376][159]LogShaderCompilers: Display: Worker (6/13): shaders left to compile 16
[2020.01.24-00.15.22:376][159]LogShaderCompilers: Display: Worker (7/13): shaders left to compile 15
[2020.01.24-00.15.22:376][159]LogShaderCompilers: Display: Worker (8/13): shaders left to compile 14
[2020.01.24-00.15.22:376][159]LogShaderCompilers: Display: Worker (9/13): shaders left to compile 13
[2020.01.24-00.15.22:376][159]LogShaderCompilers: Display: Worker (10/13): shaders left to compile 12
[2020.01.24-00.15.22:376][159]LogShaderCompilers: Display: Worker (11/13): shaders left to compile 11
[2020.01.24-00.15.22:377][159]LogShaderCompilers: Display: Worker (12/13): shaders left to compile 10
[2020.01.24-00.15.22:379][159]LogMaterial: Display: Missing cached shader map for material m_levelbottom, compiling. 
[2020.01.24-00.15.22:590][164]LogShaderCompilers: Display: Worker (8/13): shaders left to compile 30
[2020.01.24-00.15.22:671][166]LogShaderCompilers: Display: Worker (2/13): shaders left to compile 29
[2020.01.24-00.15.22:671][166]LogShaderCompilers: Display: Worker (1/13): shaders left to compile 28
[2020.01.24-00.15.22:698][167]LogShaderCompilers: Display: Worker (3/13): shaders left to compile 27
[2020.01.24-00.15.22:700][167]LogShaderCompilers: Display: Worker (4/13): shaders left to compile 26
[2020.01.24-00.15.22:704][168]Cmd: TRANSACTION UNDO
[2020.01.24-00.15.22:704][168]LogEditorTransaction: Undo Move Actors
[2020.01.24-00.15.22:712][168]LogMaterial: Display: Missing cached shader map for material m_PavilionBase, compiling. 
[2020.01.24-00.15.22:728][168]LogShaderCompilers: Display: Worker (9/13): shaders left to compile 21
[2020.01.24-00.15.22:731][168]LogShaderCompilers: Display: Worker (5/13): shaders left to compile 41
[2020.01.24-00.15.22:735][168]LogMaterial: Display: Missing cached shader map for material m_levelbottom, compiling. 
[2020.01.24-00.15.22:750][168]LogShaderCompilers: Display: Worker (6/13): shaders left to compile 21
[2020.01.24-00.15.22:750][168]LogShaderCompilers: Display: Worker (7/13): shaders left to compile 20
[2020.01.24-00.15.23:001][179]LogShaderCompilers: Display: Worker (12/13): shaders left to compile 40
[2020.01.24-00.15.23:028][180]LogShaderCompilers: Display: Worker (10/13): shaders left to compile 39
[2020.01.24-00.15.23:103][183]LogShaderCompilers: Display: Worker (9/13): shaders left to compile 38
[2020.01.24-00.15.23:193][188]LogShaderCompilers: Display: Worker (6/13): shaders left to compile 37
[2020.01.24-00.15.23:193][188]LogShaderCompilers: Display: Worker (7/13): shaders left to compile 36
[2020.01.24-00.15.23:272][192]LogShaderCompilers: Display: Worker (5/13): shaders left to compile 35
[2020.01.24-00.15.23:330][195]LogShaderCompilers: Display: Worker (4/13): shaders left to compile 34
[2020.01.24-00.15.23:330][195]LogShaderCompilers: Display: Worker (1/13): shaders left to compile 33
[2020.01.24-00.15.23:330][195]LogShaderCompilers: Display: Worker (8/13): shaders left to compile 32
[2020.01.24-00.15.23:363][197]LogShaderCompilers: Display: Worker (12/13): shaders left to compile 31
[2020.01.24-00.15.23:401][199]LogShaderCompilers: Display: Worker (10/13): shaders left to compile 30
[2020.01.24-00.15.23:401][199]LogShaderCompilers: Display: Worker (11/13): shaders left to compile 29
[2020.01.24-00.15.23:434][201]LogShaderCompilers: Display: Worker (5/13): shaders left to compile 28
[2020.01.24-00.15.23:458][202]LogShaderCompilers: Display: Worker (9/13): shaders left to compile 27
[2020.01.24-00.15.23:525][206]LogShaderCompilers: Display: Worker (2/13): shaders left to compile 26
[2020.01.24-00.15.23:525][206]LogShaderCompilers: Display: Worker (7/13): shaders left to compile 25
[2020.01.24-00.15.23:548][207]LogShaderCompilers: Display: Worker (3/13): shaders left to compile 24
[2020.01.24-00.15.23:568][208]LogShaderCompilers: Display: Worker (6/13): shaders left to compile 23
[2020.01.24-00.15.23:607][210]LogShaderCompilers: Display: Worker (4/13): shaders left to compile 22
[2020.01.24-00.15.23:854][218]LogShaderCompilers: Display: Worker (12/13): shaders left to compile 21
[2020.01.24-00.15.23:875][219]LogShaderCompilers: Display: Worker (5/13): shaders left to compile 20
[2020.01.24-00.15.23:937][222]LogShaderCompilers: Display: Worker (7/13): shaders left to compile 19
[2020.01.24-00.15.24:031][227]LogShaderCompilers: Display: Worker (8/13): shaders left to compile 18
[2020.01.24-00.15.24:033][227]LogEditorViewport: Clicking on Actor (LMB): StaticMeshActor (SM_level_top)
[2020.01.24-00.15.24:059][227]LogShaderCompilers: Display: Worker (1/13): shaders left to compile 17
[2020.01.24-00.15.24:088][227]LogShaderCompilers: Display: Worker (4/13): shaders left to compile 16
[2020.01.24-00.15.24:148][228]LogShaderCompilers: Display: Worker (10/13): shaders left to compile 15
[2020.01.24-00.15.24:148][228]LogShaderCompilers: Display: Worker (12/13): shaders left to compile 14
[2020.01.24-00.15.24:148][228]LogShaderCompilers: Display: Worker (9/13): shaders left to compile 13
[2020.01.24-00.15.24:148][228]LogShaderCompilers: Display: Worker (11/13): shaders left to compile 12
[2020.01.24-00.15.24:164][229]LogShaderCompilers: Display: Worker (3/13): shaders left to compile 11
[2020.01.24-00.15.24:164][229]LogShaderCompilers: Display: Worker (6/13): shaders left to compile 10
[2020.01.24-00.15.24:181][230]LogShaderCompilers: Display: Worker (2/13): shaders left to compile 9
[2020.01.24-00.15.24:203][231]LogShaderCompilers: Display: Worker (5/13): shaders left to compile 8
[2020.01.24-00.15.24:204][231]MaterialEditorStats: Base pass shader: 128 instructions
[2020.01.24-00.15.24:204][231]MaterialEditorStats: Base pass shader with Volumetric Lightmap: 206 instructions
[2020.01.24-00.15.24:204][231]MaterialEditorStats: Base pass vertex shader: 44 instructions
[2020.01.24-00.15.24:204][231]MaterialEditorStats: Texture samplers: 6/16
[2020.01.24-00.15.24:204][231]MaterialEditorStats: Texture Lookups (Est.): VS(0), PS(3)
[2020.01.24-00.15.24:204][231]MaterialEditorStats: User interpolators: 2/4 Scalars (1/4 Vectors) (TexCoords: 2, Custom: 0)
[2020.01.24-00.15.24:278][234]LogShaderCompilers: Display: Worker (7/13): shaders left to compile 7
[2020.01.24-00.15.24:297][235]LogShaderCompilers: Display: Worker (12/13): shaders left to compile 6
[2020.01.24-00.15.24:354][238]LogShaderCompilers: Display: Worker (1/13): shaders left to compile 5
[2020.01.24-00.15.24:354][238]LogShaderCompilers: Display: Worker (8/13): shaders left to compile 4
[2020.01.24-00.15.24:432][242]LogShaderCompilers: Display: Worker (4/13): shaders left to compile 3
[2020.01.24-00.15.24:432][242]LogShaderCompilers: Display: Worker (9/13): shaders left to compile 2
[2020.01.24-00.15.24:452][243]LogShaderCompilers: Display: Worker (10/13): shaders left to compile 1
[2020.01.24-00.15.24:964][272]MaterialEditorStats: Base pass shader: 128 instructions
[2020.01.24-00.15.24:964][272]MaterialEditorStats: Base pass shader with Volumetric Lightmap: 206 instructions
[2020.01.24-00.15.24:964][272]MaterialEditorStats: Base pass vertex shader: 44 instructions
[2020.01.24-00.15.24:964][272]MaterialEditorStats: Texture samplers: 6/16
[2020.01.24-00.15.24:964][272]MaterialEditorStats: Texture Lookups (Est.): VS(0), PS(3)
[2020.01.24-00.15.24:964][272]MaterialEditorStats: User interpolators: 2/4 Scalars (1/4 Vectors) (TexCoords: 2, Custom: 0)
[2020.01.24-00.15.26:108][379]Cmd: SELECT NONE
[2020.01.24-00.15.27:719][528]LogEditorViewport: Clicking on Actor (LMB): StaticMeshActor (SM_level_top)
[2020.01.24-00.15.40:384][595]Cmd: SELECT NONE
[2020.01.24-00.15.42:429][768]LogEditorViewport: Clicking on Actor (LMB): StaticMeshActor (SM_level_lower)
[2020.01.24-00.15.44:323][923]Cmd: SELECT NONE
[2020.01.24-00.16.31:388][127]LogUObjectHash: Compacting FUObjectHashTables data took   0.82ms
[2020.01.24-00.16.31:389][127]Cmd: OBJ SAVEPACKAGE PACKAGE="/Game/Diorama" FILE="../../../../Art/Park_SFAS/Park/Saved/Autosaves/Game/Diorama_Auto2.umap" SILENT=true AUTOSAVING=true KEEPDIRTY=false
[2020.01.24-00.16.31:698][127]LogSavePackage: Moving '../../../../Art/Park_SFAS/Park/Saved/Diorama_Auto2D2BF1C7A4FF09336CECA48AA85808974.tmp' to '../../../../Art/Park_SFAS/Park/Saved/Autosaves/Game/Diorama_Auto2.umap'
[2020.01.24-00.16.31:704][127]LogFileHelpers: Editor autosave (incl. sublevels) for '/Game/Diorama' took 0.352
[2020.01.24-00.16.31:704][127]LogFileHelpers: Editor autosave (incl. sublevels) for all levels took 0.352
[2020.01.24-00.17.11:006][245]LogSlate: FSceneViewport::OnFocusLost() reason 0
[2020.01.24-00.17.15:487][648]LogEditorFactories: Performing atomic reimport of [D:/Art/Park_SFAS/Textures/Pavilion/Pavilion_base_lambert2_BaseColor.tga]
[2020.01.24-00.17.15:513][648]LogFactory: FactoryCreateFile: Texture2D with ReimportTextureFactory (0 0 D:/Art/Park_SFAS/Textures/Pavilion/Pavilion_base_lambert2_BaseColor.tga)
[2020.01.24-00.17.15:566][648]LogTexture: Display: Building textures: T_Pavilion_base_lambert2_BaseColor (AutoDXT, 2048X2048)
[2020.01.24-00.17.15:851][648]LogEditorFactories: -- imported successfully
[2020.01.24-00.17.17:395][771]LogEditorFactories: Performing atomic reimport of [D:/Art/Park_SFAS/Textures/Pavilion/Pavilion_base_lambert2_OcclusionRoughnessMetallic.tga]
[2020.01.24-00.17.17:421][771]LogFactory: FactoryCreateFile: Texture2D with ReimportTextureFactory (0 0 D:/Art/Park_SFAS/Textures/Pavilion/Pavilion_base_lambert2_OcclusionRoughnessMetallic.tga)
[2020.01.24-00.17.17:472][771]LogTexture: Display: Building textures: T_Pavilion_base_lambert2_OcclusionRoughnessMetallic (AutoDXT, 2048X2048)
[2020.01.24-00.17.17:741][771]LogEditorFactories: -- imported successfully
[2020.01.24-00.17.19:114][902]Cmd: SELECT NONE
[2020.01.24-00.17.22:434][168]Cmd: SELECT NONE
[2020.01.24-00.17.29:308][741]Cmd: SELECT NONE
[2020.01.24-00.17.34:746][355]LogSlate: FSceneViewport::OnFocusLost() reason 0
[2020.01.24-00.17.35:805][450]Cmd: SELECT NONE
[2020.01.24-00.17.36:646][548]LogEditorViewport: Clicking on Actor (LMB): StaticMeshActor (SM_Pavilion_fountain)
[2020.01.24-00.17.37:110][591]Cmd: SELECT NONE
[2020.01.24-00.17.45:468][350]LogEditorViewport: Clicking on Actor (LMB): StaticMeshActor (SM_Pavilion_fountain)
[2020.01.24-00.17.48:662][611]Cmd: SELECT NONE
[2020.01.24-00.17.51:381][876]LogEditorViewport: Clicking on Actor (LMB): StaticMeshActor (SM_Pavilion_fountain)
[2020.01.24-00.17.51:585][891]Cmd: CAMERA ALIGN ACTIVEVIEWPORTONLY
[2020.01.24-00.17.54:153][119]Cmd: SELECT NONE
[2020.01.24-00.17.54:828][198]LogEditorViewport: Clicking on Actor (LMB): StaticMeshActor (SM_Pavilion_fountain)
[2020.01.24-00.17.56:965][394]Cmd: SELECT NONE
[2020.01.24-00.17.59:490][621]LogEditorViewport: Clicking on Actor (LMB): StaticMeshActor (Pavilion_base)
[2020.01.24-00.18.02:357][860]Cmd: SELECT NONE
[2020.01.24-00.18.03:581][  2]LogEditorViewport: Clicking on Actor (LMB): StaticMeshActor (SM_level_top)
[2020.01.24-00.18.06:064][244]LogEditorViewport: Clicking on Actor (LMB): StaticMeshActor (SM_Rock3_low11)
[2020.01.24-00.18.08:045][425]LogEditorViewport: Clicking on Actor (LMB): StaticMeshActor (SM_Rock3_low8)
[2020.01.24-00.18.10:308][635]LogEditorViewport: Clicking on Actor (LMB): StaticMeshActor (SM_Rock3_low11)
[2020.01.24-00.18.12:490][848]Cmd: SELECT NONE
[2020.01.24-00.18.16:501][211]LogEditorViewport: Clicking on Actor (LMB): StaticMeshActor (SM_level_top)
[2020.01.24-00.18.18:817][386]LogEditorViewport: Clicking on Actor (LMB): StaticMeshActor (Pavilion_base)
[2020.01.24-00.18.19:407][441]Cmd: SELECT NONE
[2020.01.24-00.18.20:631][555]LogEditorViewport: Clicking on Actor (LMB): StaticMeshActor (SM_level_top)
[2020.01.24-00.18.22:346][691]Cmd: SELECT NONE
[2020.01.24-00.18.32:384][670]LogEditorViewport: Clicking on Actor (LMB): StaticMeshActor (SM_Pavilion_fountain)
[2020.01.24-00.18.32:644][692]Cmd: CAMERA ALIGN ACTIVEVIEWPORTONLY
[2020.01.24-00.18.35:079][869]LogEditorViewport: Clicking on Actor (LMB): StaticMeshActor (SM_Pavilion)
[2020.01.24-00.18.37:538][ 66]Cmd: SELECT NONE
[2020.01.24-00.26.31:938][715]LogUObjectHash: Compacting FUObjectHashTables data took   2.22ms
[2020.01.24-00.26.31:939][715]Cmd: OBJ SAVEPACKAGE PACKAGE="/Game/Diorama" FILE="../../../../Art/Park_SFAS/Park/Saved/Autosaves/Game/Diorama_Auto3.umap" SILENT=true AUTOSAVING=true KEEPDIRTY=false
[2020.01.24-00.26.32:164][715]LogSavePackage: Moving '../../../../Art/Park_SFAS/Park/Saved/Diorama_Auto31E9ABAD8470EBC4A24EFE1AD3839C51A.tmp' to '../../../../Art/Park_SFAS/Park/Saved/Autosaves/Game/Diorama_Auto3.umap'
[2020.01.24-00.26.32:167][715]LogFileHelpers: Editor autosave (incl. sublevels) for '/Game/Diorama' took 0.268
[2020.01.24-00.26.32:167][715]LogFileHelpers: Editor autosave (incl. sublevels) for all levels took 0.268
[2020.01.24-00.26.32:169][715]OBJ SavePackage: Generating thumbnails for [1] asset(s) in package [/Game/Textures/T_Pavilion_base_lambert2_BaseColor] ([1] browsable assets)...
[2020.01.24-00.26.32:174][715]OBJ SavePackage:     Rendered thumbnail for [Texture2D /Game/Textures/T_Pavilion_base_lambert2_BaseColor.T_Pavilion_base_lambert2_BaseColor]
[2020.01.24-00.26.32:174][715]OBJ SavePackage: Finished generating thumbnails for package [/Game/Textures/T_Pavilion_base_lambert2_BaseColor]
[2020.01.24-00.26.32:204][715]LogSavePackage: Moving '../../../../Art/Park_SFAS/Park/Saved/T_Pavilion_base_lambert2_BaseColBDA91F444C92D83C52E7F49EB6D79035.tmp' to '../../../../Art/Park_SFAS/Park/Saved/Autosaves/Game/Textures/T_Pavilion_base_lambert2_BaseColor_Auto3.uasset'
[2020.01.24-00.26.32:205][715]OBJ SavePackage: Generating thumbnails for [1] asset(s) in package [/Game/Textures/T_Pavilion_base_lambert2_OcclusionRoughnessMetallic] ([1] browsable assets)...
[2020.01.24-00.26.32:209][715]OBJ SavePackage:     Rendered thumbnail for [Texture2D /Game/Textures/T_Pavilion_base_lambert2_OcclusionRoughnessMetallic.T_Pavilion_base_lambert2_OcclusionRoughnessMetallic]
[2020.01.24-00.26.32:209][715]OBJ SavePackage: Finished generating thumbnails for package [/Game/Textures/T_Pavilion_base_lambert2_OcclusionRoughnessMetallic]
[2020.01.24-00.26.32:236][715]LogSavePackage: Moving '../../../../Art/Park_SFAS/Park/Saved/T_Pavilion_base_lambert2_OcclusiFEE1BDF143514AE0BF4F91AA0F1A7047.tmp' to '../../../../Art/Park_SFAS/Park/Saved/Autosaves/Game/Textures/T_Pavilion_base_lambert2_OcclusionRoughnessMetallic_Auto3.uasset'
[2020.01.24-00.26.32:237][715]LogFileHelpers: Auto-saving content packages took 0.069
[2020.01.24-00.30.40:633][457]LogSlate: FSceneViewport::OnFocusLost() reason 0
[2020.01.24-00.30.40:928][457]Cmd: OBJ SAVEPACKAGE PACKAGE="/Game/Diorama" FILE="../../../../Art/Park_SFAS/Park/Content/Diorama.umap" SILENT=true AUTOSAVING=false KEEPDIRTY=false
[2020.01.24-00.30.40:971][457]LogUObjectHash: Compacting FUObjectHashTables data took   1.95ms
[2020.01.24-00.30.41:182][457]LogSavePackage: Moving '../../../../Art/Park_SFAS/Park/Saved/Diorama72F58626431DE253C7306790E834D4AE.tmp' to '../../../../Art/Park_SFAS/Park/Content/Diorama.umap'
[2020.01.24-00.30.41:242][457]Cmd: OBJ SAVEPACKAGE PACKAGE="/Game/Diorama_BuiltData" FILE="../../../../Art/Park_SFAS/Park/Content/Diorama_BuiltData.uasset" SILENT=true
[2020.01.24-00.30.41:367][457]LogSavePackage: Moving '../../../../Art/Park_SFAS/Park/Saved/Diorama_BuiltData6121C6AD4968BBC3AFF49CB5CF16A10A.tmp' to '../../../../Art/Park_SFAS/Park/Content/Diorama_BuiltData.uasset'
[2020.01.24-00.31.04:774][235]LogEditorViewport: Clicking on Actor (LMB): StaticMeshActor (SM_Rock6_low13)
[2020.01.24-00.31.05:171][274]Cmd: CAMERA ALIGN ACTIVEVIEWPORTONLY
[2020.01.24-00.31.07:556][448]LogEditorViewport: Clicking on Actor (LMB): StaticMeshActor (SM_Rock6_low14)
[2020.01.24-00.31.11:979][844]Cmd: SELECT NONE
[2020.01.24-00.31.12:578][912]LogEditorViewport: Clicking on Actor (LMB): StaticMeshActor (SM_Rock6_low14)
[2020.01.24-00.31.14:608][108]Cmd: SELECT NONE
[2020.01.24-00.31.16:539][280]LogEditorViewport: Clicking on Actor (LMB): StaticMeshActor (SM_Rock6_low14)
[2020.01.24-00.31.17:115][318]Cmd: SELECT NONE
[2020.01.24-00.31.47:544][293]LogSlate: FSceneViewport::OnFocusLost() reason 0
[2020.01.24-00.31.50:493][304]LogSlate: Window 'Message' being destroyed
[2020.01.24-00.31.50:898][304]LogMaterial: Display: Missing cached shader map for material m_levelbottom, compiling. 
[2020.01.24-00.31.50:946][304]LogShaderCompilers: Display: Worker (1/13): shaders left to compile 21
[2020.01.24-00.31.50:946][304]LogShaderCompilers: Display: Worker (2/13): shaders left to compile 20
[2020.01.24-00.31.50:946][304]LogShaderCompilers: Display: Worker (3/13): shaders left to compile 19
[2020.01.24-00.31.50:946][304]LogShaderCompilers: Display: Worker (4/13): shaders left to compile 18
[2020.01.24-00.31.50:946][304]LogShaderCompilers: Display: Worker (5/13): shaders left to compile 17
[2020.01.24-00.31.50:946][304]LogShaderCompilers: Display: Worker (6/13): shaders left to compile 16
[2020.01.24-00.31.50:946][304]LogShaderCompilers: Display: Worker (7/13): shaders left to compile 15
[2020.01.24-00.31.50:946][304]LogShaderCompilers: Display: Worker (8/13): shaders left to compile 14
[2020.01.24-00.31.50:946][304]LogShaderCompilers: Display: Worker (9/13): shaders left to compile 13
[2020.01.24-00.31.50:946][304]LogShaderCompilers: Display: Worker (10/13): shaders left to compile 12
[2020.01.24-00.31.50:946][304]LogShaderCompilers: Display: Worker (11/13): shaders left to compile 11
[2020.01.24-00.31.50:946][304]LogShaderCompilers: Display: Worker (12/13): shaders left to compile 10
[2020.01.24-00.31.50:955][304]LogMaterial: Display: Missing cached shader map for material m_levelbottom, compiling. 
[2020.01.24-00.31.50:970][304]LogMaterial: Display: Missing cached shader map for material m_levelbottom, compiling. 
[2020.01.24-00.31.51:031][304]LogUObjectHash: Compacting FUObjectHashTables data took   1.93ms
[2020.01.24-00.31.51:039][304]LogMaterial: Display: Missing cached shader map for material DebugViewMode MaterialTexCoordScale, compiling. 
[2020.01.24-00.31.51:905][304]LogShaderCompilers: Display: Worker (8/13): shaders left to compile 33
[2020.01.24-00.31.51:905][304]LogShaderCompilers: Display: Worker (2/13): shaders left to compile 32
[2020.01.24-00.31.51:905][304]LogShaderCompilers: Display: Worker (1/13): shaders left to compile 31
[2020.01.24-00.31.51:905][304]LogShaderCompilers: Display: Worker (3/13): shaders left to compile 30
[2020.01.24-00.31.51:905][304]LogShaderCompilers: Display: Worker (9/13): shaders left to compile 29
[2020.01.24-00.31.51:905][304]LogShaderCompilers: Display: Worker (4/13): shaders left to compile 28
[2020.01.24-00.31.51:905][304]LogShaderCompilers: Display: Worker (5/13): shaders left to compile 27
[2020.01.24-00.31.51:905][304]LogShaderCompilers: Display: Worker (6/13): shaders left to compile 26
[2020.01.24-00.31.51:905][304]LogShaderCompilers: Display: Worker (7/13): shaders left to compile 25
[2020.01.24-00.31.51:905][304]LogShaderCompilers: Display: Worker (12/13): shaders left to compile 24
[2020.01.24-00.31.51:905][304]LogShaderCompilers: Display: Worker (10/13): shaders left to compile 23
[2020.01.24-00.31.51:905][304]LogShaderCompilers: Display: Worker (11/13): shaders left to compile 22
[2020.01.24-00.31.51:905][304]LogShaderCompilers: Display: Worker (1/13): shaders left to compile 20
[2020.01.24-00.31.51:905][304]LogShaderCompilers: Display: Worker (12/13): shaders left to compile 18
[2020.01.24-00.31.51:905][304]LogShaderCompilers: Display: Worker (4/13): shaders left to compile 16
[2020.01.24-00.31.51:905][304]LogShaderCompilers: Display: Worker (8/13): shaders left to compile 14
[2020.01.24-00.31.51:905][304]LogShaderCompilers: Display: Worker (7/13): shaders left to compile 12
[2020.01.24-00.31.51:905][304]LogShaderCompilers: Display: Worker (10/13): shaders left to compile 10
[2020.01.24-00.31.51:907][304]TextureStreamingBuild: Display: Compiling optional shaders took 0.875 seconds.
[2020.01.24-00.31.51:948][304]LogUObjectHash: Compacting FUObjectHashTables data took   1.10ms
[2020.01.24-00.31.51:949][304]LogShaderCompilers: Display: Worker (5/13): shaders left to compile 9
[2020.01.24-00.31.51:988][304]LogShaderCompilers: Display: Worker (2/13): shaders left to compile 8
[2020.01.24-00.31.51:988][304]LogShaderCompilers: Display: Worker (3/13): shaders left to compile 7
[2020.01.24-00.31.51:988][304]LogShaderCompilers: Display: Worker (6/13): shaders left to compile 6
[2020.01.24-00.31.52:012][304]LogShaderCompilers: Display: Worker (9/13): shaders left to compile 5
[2020.01.24-00.31.52:201][304]LogShaderCompilers: Display: Worker (4/13): shaders left to compile 4
[2020.01.24-00.31.52:218][304]LogShaderCompilers: Display: Worker (11/13): shaders left to compile 3
[2020.01.24-00.31.52:286][304]LogShaderCompilers: Display: Worker (1/13): shaders left to compile 2
[2020.01.24-00.31.52:320][304]LogShaderCompilers: Display: Worker (12/13): shaders left to compile 1
[2020.01.24-00.31.52:629][304]LogSlate: Window 'Message' being destroyed
[2020.01.24-00.31.53:068][304]LogMaterial: Display: Missing cached shader map for material m_PavilionBase, compiling. 
[2020.01.24-00.31.53:121][304]LogShaderCompilers: Display: Worker (1/13): shaders left to compile 21
[2020.01.24-00.31.53:121][304]LogShaderCompilers: Display: Worker (2/13): shaders left to compile 20
[2020.01.24-00.31.53:121][304]LogShaderCompilers: Display: Worker (3/13): shaders left to compile 19
[2020.01.24-00.31.53:121][304]LogShaderCompilers: Display: Worker (4/13): shaders left to compile 18
[2020.01.24-00.31.53:121][304]LogShaderCompilers: Display: Worker (5/13): shaders left to compile 17
[2020.01.24-00.31.53:121][304]LogShaderCompilers: Display: Worker (6/13): shaders left to compile 16
[2020.01.24-00.31.53:121][304]LogShaderCompilers: Display: Worker (7/13): shaders left to compile 15
[2020.01.24-00.31.53:121][304]LogShaderCompilers: Display: Worker (8/13): shaders left to compile 14
[2020.01.24-00.31.53:121][304]LogShaderCompilers: Display: Worker (9/13): shaders left to compile 13
[2020.01.24-00.31.53:121][304]LogShaderCompilers: Display: Worker (10/13): shaders left to compile 12
[2020.01.24-00.31.53:121][304]LogShaderCompilers: Display: Worker (11/13): shaders left to compile 11
[2020.01.24-00.31.53:121][304]LogShaderCompilers: Display: Worker (12/13): shaders left to compile 10
[2020.01.24-00.31.53:130][304]LogMaterial: Display: Missing cached shader map for material m_PavilionBase, compiling. 
[2020.01.24-00.31.53:145][304]LogMaterial: Display: Missing cached shader map for material m_PavilionBase, compiling. 
[2020.01.24-00.31.53:196][304]LogUObjectHash: Compacting FUObjectHashTables data took   1.02ms
[2020.01.24-00.31.53:205][304]LogMaterial: Display: Missing cached shader map for material DebugViewMode MaterialTexCoordScale, compiling. 
[2020.01.24-00.31.53:939][304]LogShaderCompilers: Display: Worker (8/13): shaders left to compile 33
[2020.01.24-00.31.53:939][304]LogShaderCompilers: Display: Worker (1/13): shaders left to compile 32
[2020.01.24-00.31.53:939][304]LogShaderCompilers: Display: Worker (2/13): shaders left to compile 31
[2020.01.24-00.31.53:939][304]LogShaderCompilers: Display: Worker (3/13): shaders left to compile 30
[2020.01.24-00.31.53:940][304]LogShaderCompilers: Display: Worker (9/13): shaders left to compile 29
[2020.01.24-00.31.53:940][304]LogShaderCompilers: Display: Worker (4/13): shaders left to compile 28
[2020.01.24-00.31.53:940][304]LogShaderCompilers: Display: Worker (6/13): shaders left to compile 27
[2020.01.24-00.31.53:940][304]LogShaderCompilers: Display: Worker (5/13): shaders left to compile 26
[2020.01.24-00.31.53:940][304]LogShaderCompilers: Display: Worker (7/13): shaders left to compile 25
[2020.01.24-00.31.53:940][304]LogShaderCompilers: Display: Worker (12/13): shaders left to compile 24
[2020.01.24-00.31.53:940][304]LogShaderCompilers: Display: Worker (10/13): shaders left to compile 23
[2020.01.24-00.31.53:940][304]LogShaderCompilers: Display: Worker (11/13): shaders left to compile 22
[2020.01.24-00.31.53:940][304]LogShaderCompilers: Display: Worker (2/13): shaders left to compile 20
[2020.01.24-00.31.53:940][304]LogShaderCompilers: Display: Worker (12/13): shaders left to compile 18
[2020.01.24-00.31.53:940][304]LogShaderCompilers: Display: Worker (4/13): shaders left to compile 16
[2020.01.24-00.31.53:940][304]LogShaderCompilers: Display: Worker (7/13): shaders left to compile 14
[2020.01.24-00.31.53:940][304]LogShaderCompilers: Display: Worker (8/13): shaders left to compile 12
[2020.01.24-00.31.53:940][304]LogShaderCompilers: Display: Worker (6/13): shaders left to compile 10
[2020.01.24-00.31.53:940][304]LogShaderCompilers: Display: Worker (1/13): shaders left to compile 9
[2020.01.24-00.31.53:940][304]LogShaderCompilers: Display: Worker (10/13): shaders left to compile 8
[2020.01.24-00.31.53:941][304]TextureStreamingBuild: Display: Compiling optional shaders took 0.744 seconds.
[2020.01.24-00.31.53:981][304]LogShaderCompilers: Display: Worker (5/13): shaders left to compile 7
[2020.01.24-00.31.53:981][304]LogUObjectHash: Compacting FUObjectHashTables data took   1.15ms
[2020.01.24-00.31.53:982][304]LogShaderCompilers: Display: Worker (3/13): shaders left to compile 6
[2020.01.24-00.31.54:028][304]LogShaderCompilers: Display: Worker (9/13): shaders left to compile 5
[2020.01.24-00.31.54:028][304]LogUObjectHash: Compacting FUObjectHashTables data took   1.13ms
[2020.01.24-00.31.54:240][304]LogShaderCompilers: Display: Worker (4/13): shaders left to compile 4
[2020.01.24-00.31.54:291][304]LogShaderCompilers: Display: Worker (11/13): shaders left to compile 3
[2020.01.24-00.31.54:324][304]LogShaderCompilers: Display: Worker (2/13): shaders left to compile 2
[2020.01.24-00.31.54:358][304]LogShaderCompilers: Display: Worker (10/13): shaders left to compile 1
[2020.01.24-00.31.55:192][304]LogSlate: Window 'Save Content' being destroyed
[2020.01.24-00.31.55:211][304]Cmd: OBJ SAVEPACKAGE PACKAGE="/Game/Diorama" FILE="../../../../Art/Park_SFAS/Park/Content/Diorama.umap" SILENT=true AUTOSAVING=false KEEPDIRTY=false
[2020.01.24-00.31.55:249][304]LogUObjectHash: Compacting FUObjectHashTables data took   0.73ms
[2020.01.24-00.31.55:499][304]LogSavePackage: Moving '../../../../Art/Park_SFAS/Park/Saved/Diorama499AC87143D3BB5B41644F9E0ED16E6E.tmp' to '../../../../Art/Park_SFAS/Park/Content/Diorama.umap'
[2020.01.24-00.31.55:523][304]LogFileHelpers: Saving map 'Diorama' took 0.313
[2020.01.24-00.31.55:525][304]Cmd: OBJ SAVEPACKAGE PACKAGE="/Game/Materials/Base_Colour" FILE="../../../../Art/Park_SFAS/Park/Content/Materials/Base_Colour.uasset" SILENT=true
[2020.01.24-00.31.55:542][304]LogSavePackage: Moving '../../../../Art/Park_SFAS/Park/Saved/Base_Colour563B923E4E1EAE451472E09D0AC8D2DA.tmp' to '../../../../Art/Park_SFAS/Park/Content/Materials/Base_Colour.uasset'
[2020.01.24-00.31.55:584][304]Cmd: OBJ SAVEPACKAGE PACKAGE="/Game/Materials/m_levelbottom" FILE="../../../../Art/Park_SFAS/Park/Content/Materials/m_levelbottom.uasset" SILENT=true
[2020.01.24-00.31.55:612][304]LogSavePackage: Moving '../../../../Art/Park_SFAS/Park/Saved/m_levelbottomBF5371C84A982D3F1EA04CB8A867B32D.tmp' to '../../../../Art/Park_SFAS/Park/Content/Materials/m_levelbottom.uasset'
[2020.01.24-00.31.55:617][304]Cmd: OBJ SAVEPACKAGE PACKAGE="/Game/Materials/m_Path" FILE="../../../../Art/Park_SFAS/Park/Content/Materials/m_Path.uasset" SILENT=true
[2020.01.24-00.31.55:635][304]LogSavePackage: Moving '../../../../Art/Park_SFAS/Park/Saved/m_Path9A2F29134C664C64A77B78AF787D35B3.tmp' to '../../../../Art/Park_SFAS/Park/Content/Materials/m_Path.uasset'
[2020.01.24-00.31.55:652][304]Cmd: OBJ SAVEPACKAGE PACKAGE="/Game/Materials/m_PavilionBase" FILE="../../../../Art/Park_SFAS/Park/Content/Materials/m_PavilionBase.uasset" SILENT=true
[2020.01.24-00.31.55:675][304]LogSavePackage: Moving '../../../../Art/Park_SFAS/Park/Saved/m_PavilionBase2D0A9E434517E7C7848825B3EB5FA558.tmp' to '../../../../Art/Park_SFAS/Park/Content/Materials/m_PavilionBase.uasset'
[2020.01.24-00.31.55:680][304]Cmd: OBJ SAVEPACKAGE PACKAGE="/Game/Materials/m_Soil" FILE="../../../../Art/Park_SFAS/Park/Content/Materials/m_Soil.uasset" SILENT=true
[2020.01.24-00.31.55:697][304]LogSavePackage: Moving '../../../../Art/Park_SFAS/Park/Saved/m_Soil48E2FC7E41372FA6B73D5795C202E75F.tmp' to '../../../../Art/Park_SFAS/Park/Content/Materials/m_Soil.uasset'
[2020.01.24-00.31.55:706][304]Cmd: OBJ SAVEPACKAGE PACKAGE="/Game/Meshes/SM_Path" FILE="../../../../Art/Park_SFAS/Park/Content/Meshes/SM_Path.uasset" SILENT=true
[2020.01.24-00.31.55:737][304]LogSavePackage: Moving '../../../../Art/Park_SFAS/Park/Saved/SM_Path77361736488DFCBD92E6EFB89E828DB4.tmp' to '../../../../Art/Park_SFAS/Park/Content/Meshes/SM_Path.uasset'
[2020.01.24-00.31.55:747][304]Cmd: OBJ SAVEPACKAGE PACKAGE="/Game/Meshes/SM_River" FILE="../../../../Art/Park_SFAS/Park/Content/Meshes/SM_River.uasset" SILENT=true
[2020.01.24-00.31.55:767][304]LogSavePackage: Moving '../../../../Art/Park_SFAS/Park/Saved/SM_River723473B84EC26B862A447CA7CEFB3543.tmp' to '../../../../Art/Park_SFAS/Park/Content/Meshes/SM_River.uasset'
[2020.01.24-00.31.55:775][304]Cmd: OBJ SAVEPACKAGE PACKAGE="/Game/Meshes/SM_soil" FILE="../../../../Art/Park_SFAS/Park/Content/Meshes/SM_soil.uasset" SILENT=true
[2020.01.24-00.31.55:795][304]LogSavePackage: Moving '../../../../Art/Park_SFAS/Park/Saved/SM_soil57F4084D4E28076804B496998700B35C.tmp' to '../../../../Art/Park_SFAS/Park/Content/Meshes/SM_soil.uasset'
[2020.01.24-00.31.56:143][304]LogSavePackage: Moving '../../../../Art/Park_SFAS/Park/Saved/T_Bridge_polySurface8SG_Occlusio44AD1734475EE1CDA8801E856E7738B3.tmp' to '../../../../Art/Park_SFAS/Park/Content/Textures/T_Bridge_polySurface8SG_OcclusionRoughnessMetallic.uasset'
[2020.01.24-00.31.56:153][304]Cmd: OBJ SAVEPACKAGE PACKAGE="/Game/Textures/T_Dirt_metallic" FILE="../../../../Art/Park_SFAS/Park/Content/Textures/T_Dirt_metallic.uasset" SILENT=true
[2020.01.24-00.31.56:720][304]LogSavePackage: Moving '../../../../Art/Park_SFAS/Park/Saved/T_Dirt_metallicF55F9AAF4D433CAB32B7DC8D3DCB8254.tmp' to '../../../../Art/Park_SFAS/Park/Content/Textures/T_Dirt_metallic.uasset'
[2020.01.24-00.31.56:730][304]Cmd: OBJ SAVEPACKAGE PACKAGE="/Game/Textures/T_Path_low_blinn1_BaseColor" FILE="../../../../Art/Park_SFAS/Park/Content/Textures/T_Path_low_blinn1_BaseColor.uasset" SILENT=true
[2020.01.24-00.31.57:049][304]LogSavePackage: Moving '../../../../Art/Park_SFAS/Park/Saved/T_Path_low_blinn1_BaseColorAE6ADABB48D6400724CF0683FCDDCA71.tmp' to '../../../../Art/Park_SFAS/Park/Content/Textures/T_Path_low_blinn1_BaseColor.uasset'
[2020.01.24-00.31.57:060][304]Cmd: OBJ SAVEPACKAGE PACKAGE="/Game/Textures/T_Path_low_blinn1_Normal" FILE="../../../../Art/Park_SFAS/Park/Content/Textures/T_Path_low_blinn1_Normal.uasset" SILENT=true
[2020.01.24-00.31.57:698][304]LogSavePackage: Moving '../../../../Art/Park_SFAS/Park/Saved/T_Path_low_blinn1_NormalF6FEF26F407DFB55DAFEA48270D2FA58.tmp' to '../../../../Art/Park_SFAS/Park/Content/Textures/T_Path_low_blinn1_Normal.uasset'
[2020.01.24-00.31.57:947][304]LogSavePackage: Moving '../../../../Art/Park_SFAS/Park/Saved/T_Path_low_blinn1_OcclusionRoughB9AFA80D400FA544C7D74FBE9B153AAD.tmp' to '../../../../Art/Park_SFAS/Park/Content/Textures/T_Path_low_blinn1_OcclusionRoughnessMetallic.uasset'
[2020.01.24-00.31.57:956][304]Cmd: OBJ SAVEPACKAGE PACKAGE="/Game/Textures/T_Pavilion_base_lambert2_BaseColor" FILE="../../../../Art/Park_SFAS/Park/Content/Textures/T_Pavilion_base_lambert2_BaseColor.uasset" SILENT=true
[2020.01.24-00.31.58:326][304]LogSavePackage: Moving '../../../../Art/Park_SFAS/Park/Saved/T_Pavilion_base_lambert2_BaseCol788221C24805B37E7D4CA8AF70DB9D47.tmp' to '../../../../Art/Park_SFAS/Park/Content/Textures/T_Pavilion_base_lambert2_BaseColor.uasset'
[2020.01.24-00.31.58:582][304]LogSavePackage: Moving '../../../../Art/Park_SFAS/Park/Saved/T_Pavilion_base_lambert2_OcclusiCBE1FE084340F8746C5A3488A4865CC9.tmp' to '../../../../Art/Park_SFAS/Park/Content/Textures/T_Pavilion_base_lambert2_OcclusionRoughnessMetallic.uasset'
[2020.01.24-00.31.58:592][304]Cmd: OBJ SAVEPACKAGE PACKAGE="/Game/Textures/T_Pavilion_blinn1SG_BaseColor" FILE="../../../../Art/Park_SFAS/Park/Content/Textures/T_Pavilion_blinn1SG_BaseColor.uasset" SILENT=true
[2020.01.24-00.31.58:990][304]LogSavePackage: Moving '../../../../Art/Park_SFAS/Park/Saved/T_Pavilion_blinn1SG_BaseColor6F884E5A49466BD0E95BBD957825666B.tmp' to '../../../../Art/Park_SFAS/Park/Content/Textures/T_Pavilion_blinn1SG_BaseColor.uasset'
[2020.01.24-00.31.59:000][304]Cmd: OBJ SAVEPACKAGE PACKAGE="/Game/Textures/T_Pavilion_blinn1SG_Normal" FILE="../../../../Art/Park_SFAS/Park/Content/Textures/T_Pavilion_blinn1SG_Normal.uasset" SILENT=true
[2020.01.24-00.31.59:523][304]LogSavePackage: Moving '../../../../Art/Park_SFAS/Park/Saved/T_Pavilion_blinn1SG_Normal47F6786C46E416B7E32788B0C8FAE7D9.tmp' to '../../../../Art/Park_SFAS/Park/Content/Textures/T_Pavilion_blinn1SG_Normal.uasset'
[2020.01.24-00.31.59:885][304]LogSavePackage: Moving '../../../../Art/Park_SFAS/Park/Saved/T_Pavilion_blinn1SG_OcclusionRou9681B162454EAFC2AA8D868315F939EB.tmp' to '../../../../Art/Park_SFAS/Park/Content/Textures/T_Pavilion_blinn1SG_OcclusionRoughnessMetallic.uasset'
[2020.01.24-00.32.00:009][304]LogWorld: UWorld::CleanupWorld for World_17, bSessionEnded=true, bCleanupResources=true
[2020.01.24-00.32.00:016][304]LogSlate: Window 'm_levelbottom' being destroyed
[2020.01.24-00.32.00:055][304]LogWorld: UWorld::CleanupWorld for World_16, bSessionEnded=true, bCleanupResources=true
[2020.01.24-00.32.00:070][304]LogSlate: Window 'Park - Unreal Editor' being destroyed
[2020.01.24-00.32.00:071][304]LogWindowsTextInputMethodSystem: Display: IME system now deactivated.
[2020.01.24-00.32.00:432][305]Cmd: QUIT_EDITOR
[2020.01.24-00.32.00:747][305]LogExit: Preparing to exit.
[2020.01.24-00.32.01:382][305]LogWorld: UWorld::CleanupWorld for World_13, bSessionEnded=true, bCleanupResources=true
[2020.01.24-00.32.01:382][305]LogWorld: UWorld::CleanupWorld for World_14, bSessionEnded=true, bCleanupResources=true
[2020.01.24-00.32.01:383][305]LogWorld: UWorld::CleanupWorld for World_12, bSessionEnded=true, bCleanupResources=true
[2020.01.24-00.32.01:383][305]LogWorld: UWorld::CleanupWorld for World_1, bSessionEnded=true, bCleanupResources=true
[2020.01.24-00.32.01:383][305]LogWorld: UWorld::CleanupWorld for World_0, bSessionEnded=true, bCleanupResources=true
[2020.01.24-00.32.01:615][305]LogWorld: UWorld::CleanupWorld for None, bSessionEnded=true, bCleanupResources=true
[2020.01.24-00.32.01:615][305]LogExit: Editor shut down
[2020.01.24-00.32.01:617][305]LogExit: Transaction tracking system shut down
[2020.01.24-00.32.01:735][305]LogDemo: Cleaned up 0 splitscreen connections with owner deletion
[2020.01.24-00.32.02:809][305]LogExit: Object subsystem successfully closed.
[2020.01.24-00.32.02:962][305]LogShaderCompilers: Display: Shaders left to compile 0
[2020.01.24-00.32.03:096][305]LogModuleManager: Shutting down and abandoning module StaticMeshEditor (676)
[2020.01.24-00.32.03:096][305]LogModuleManager: Shutting down and abandoning module TextureEditor (674)
[2020.01.24-00.32.03:097][305]LogModuleManager: Shutting down and abandoning module MeshBuilder (672)
[2020.01.24-00.32.03:097][305]LogModuleManager: Shutting down and abandoning module HierarchicalLODOutliner (670)
[2020.01.24-00.32.03:097][305]LogModuleManager: Shutting down and abandoning module SceneOutliner (668)
[2020.01.24-00.32.03:097][305]LogModuleManager: Shutting down and abandoning module AddContentDialog (666)
[2020.01.24-00.32.03:101][305]LogModuleManager: Shutting down and abandoning module WidgetCarousel (665)
[2020.01.24-00.32.03:101][305]LogModuleManager: Shutting down and abandoning module EditorWidgets (662)
[2020.01.24-00.32.03:101][305]LogModuleManager: Shutting down and abandoning module CollectionManager (660)
[2020.01.24-00.32.03:103][305]LogModuleManager: Shutting down and abandoning module HierarchicalLODUtilities (658)
[2020.01.24-00.32.03:103][305]LogModuleManager: Shutting down and abandoning module StatsViewer (656)
[2020.01.24-00.32.03:105][305]LogModuleManager: Shutting down and abandoning module VirtualTexturingEditor (654)
[2020.01.24-00.32.03:105][305]LogModuleManager: Shutting down and abandoning module FoliageEdit (652)
[2020.01.24-00.32.03:106][305]LogModuleManager: Shutting down and abandoning module LandscapeEditor (650)
[2020.01.24-00.32.03:109][305]LogModuleManager: Shutting down and abandoning module MeshPaintMode (648)
[2020.01.24-00.32.03:109][305]LogModuleManager: Shutting down and abandoning module SceneDepthPickerMode (646)
[2020.01.24-00.32.03:109][305]LogModuleManager: Shutting down and abandoning module ActorPickerMode (644)
[2020.01.24-00.32.03:109][305]LogModuleManager: Shutting down and abandoning module GeometryMode (642)
[2020.01.24-00.32.03:109][305]LogModuleManager: Shutting down and abandoning module TextureAlignMode (640)
[2020.01.24-00.32.03:109][305]LogModuleManager: Shutting down and abandoning module BspMode (638)
[2020.01.24-00.32.03:109][305]LogModuleManager: Shutting down and abandoning module PIEPreviewDeviceProfileSelector (636)
[2020.01.24-00.32.03:111][305]LogModuleManager: Shutting down and abandoning module SequenceRecorderSections (634)
[2020.01.24-00.32.03:111][305]LogModuleManager: Shutting down and abandoning module AutomationWorker (632)
[2020.01.24-00.32.03:111][305]LogModuleManager: Shutting down and abandoning module OculusMR (630)
[2020.01.24-00.32.03:111][305]LogModuleManager: Shutting down and abandoning module AudioCaptureEditor (628)
[2020.01.24-00.32.03:111][305]LogModuleManager: Shutting down and abandoning module MatineeToLevelSequence (626)
[2020.01.24-00.32.03:112][305]LogModuleManager: Shutting down and abandoning module LevelSequenceEditor (624)
[2020.01.24-00.32.03:116][305]LogModuleManager: Shutting down and abandoning module PlacementMode (623)
[2020.01.24-00.32.03:117][305]LogModuleManager: Shutting down and abandoning module MaterialEditor (622)
[2020.01.24-00.32.03:117][305]LogModuleManager: Shutting down and abandoning module ActorSequenceEditor (618)
[2020.01.24-00.32.03:118][305]LogModuleManager: Shutting down and abandoning module WmfMediaFactory (616)
[2020.01.24-00.32.03:118][305]LogModuleManager: Shutting down and abandoning module WmfMediaEditor (614)
[2020.01.24-00.32.03:118][305]LogModuleManager: Shutting down and abandoning module WebMMediaFactory (612)
[2020.01.24-00.32.03:118][305]LogModuleManager: Shutting down and abandoning module WebMMediaEditor (610)
[2020.01.24-00.32.03:118][305]LogModuleManager: Shutting down and abandoning module WebMMedia (608)
[2020.01.24-00.32.03:119][305]LogModuleManager: Shutting down and abandoning module MediaPlayerEditor (606)
[2020.01.24-00.32.03:120][305]LogModuleManager: Shutting down and abandoning module MediaCompositingEditor (604)
[2020.01.24-00.32.03:122][305]LogModuleManager: Shutting down and abandoning module SequenceRecorder (603)
[2020.01.24-00.32.03:122][305]LogModuleManager: Shutting down and abandoning module OpenExrWrapper (600)
[2020.01.24-00.32.03:122][305]LogModuleManager: Shutting down and abandoning module ImgMediaFactory (598)
[2020.01.24-00.32.03:122][305]LogModuleManager: Shutting down and abandoning module ImgMediaEditor (596)
[2020.01.24-00.32.03:122][305]LogModuleManager: Shutting down and abandoning module AvfMediaFactory (594)
[2020.01.24-00.32.03:122][305]LogModuleManager: Shutting down and abandoning module AvfMediaEditor (592)
[2020.01.24-00.32.03:122][305]LogModuleManager: Shutting down and abandoning module AndroidMediaFactory (590)
[2020.01.24-00.32.03:122][305]LogModuleManager: Shutting down and abandoning module AndroidMediaEditor (588)
[2020.01.24-00.32.03:122][305]LogModuleManager: Shutting down and abandoning module MagicLeapCameraPreviewFactory (586)
[2020.01.24-00.32.03:122][305]LogModuleManager: Shutting down and abandoning module MagicLeapMediaCodecFactory (584)
[2020.01.24-00.32.03:122][305]LogModuleManager: Shutting down and abandoning module MagicLeapMediaFactory (582)
[2020.01.24-00.32.03:122][305]LogModuleManager: Shutting down and abandoning module MagicLeapMediaEditor (580)
[2020.01.24-00.32.03:122][305]LogModuleManager: Shutting down and abandoning module CharacterAI (578)
[2020.01.24-00.32.03:122][305]LogModuleManager: Shutting down and abandoning module SmartSnapping (576)
[2020.01.24-00.32.03:122][305]LogModuleManager: Shutting down and abandoning module SessionServices (574)
[2020.01.24-00.32.03:122][305]LogModuleManager: Shutting down and abandoning module MeshPaint (572)
[2020.01.24-00.32.03:124][305]LogModuleManager: Shutting down and abandoning module ViewportSnapping (570)
[2020.01.24-00.32.03:124][305]LogModuleManager: Shutting down and abandoning module ViewportInteraction (568)
[2020.01.24-00.32.03:124][305]LogModuleManager: Shutting down and abandoning module ClothPainter (566)
[2020.01.24-00.32.03:130][305]LogModuleManager: Shutting down and abandoning module SkeletalMeshEditor (565)
[2020.01.24-00.32.03:133][305]LogModuleManager: Shutting down and abandoning module LogVisualizer (562)
[2020.01.24-00.32.03:135][305]LogModuleManager: Shutting down and abandoning module IntroTutorials (560)
[2020.01.24-00.32.03:136][305]LogModuleManager: Shutting down and abandoning module GameProjectGeneration (559)
[2020.01.24-00.32.03:137][305]LogModuleManager: Shutting down and abandoning module LuminPlatformEditor (556)
[2020.01.24-00.32.03:137][305]LogModuleManager: Shutting down and abandoning module IOSPlatformEditor (554)
[2020.01.24-00.32.03:137][305]LogModuleManager: Shutting down and abandoning module HTML5PlatformEditor (552)
[2020.01.24-00.32.03:137][305]LogModuleManager: Shutting down and abandoning module AndroidPlatformEditor (550)
[2020.01.24-00.32.03:137][305]LogModuleManager: Shutting down and abandoning module AndroidDeviceDetection (549)
[2020.01.24-00.32.03:291][305]LogModuleManager: Shutting down and abandoning module WindowsPlatformEditor (546)
[2020.01.24-00.32.03:291][305]LogModuleManager: Shutting down and abandoning module LuminRuntimeSettings (544)
[2020.01.24-00.32.03:291][305]LogModuleManager: Shutting down and abandoning module IOSRuntimeSettings (542)
[2020.01.24-00.32.03:291][305]LogModuleManager: Shutting down and abandoning module AndroidRuntimeSettings (540)
[2020.01.24-00.32.03:291][305]LogModuleManager: Shutting down and abandoning module TimeManagementEditor (538)
[2020.01.24-00.32.03:291][305]LogModuleManager: Shutting down and abandoning module InputBindingEditor (536)
[2020.01.24-00.32.03:292][305]LogModuleManager: Shutting down and abandoning module MergeActors (534)
[2020.01.24-00.32.03:293][305]LogModuleManager: Shutting down and abandoning module LocalizationDashboard (532)
[2020.01.24-00.32.03:294][305]LogModuleManager: Shutting down and abandoning module LocalizationService (531)
[2020.01.24-00.32.03:295][305]LogModuleManager: Shutting down and abandoning module HardwareTargeting (528)
[2020.01.24-00.32.03:295][305]LogModuleManager: Shutting down and abandoning module DeviceProfileEditor (526)
[2020.01.24-00.32.03:295][305]LogModuleManager: Shutting down and abandoning module UndoHistory (524)
[2020.01.24-00.32.03:295][305]LogModuleManager: Shutting down and abandoning module XmlParser (522)
[2020.01.24-00.32.03:296][305]LogModuleManager: Shutting down and abandoning module Blutility (520)
[2020.01.24-00.32.03:296][305]LogModuleManager: Shutting down and abandoning module ProjectSettingsViewer (518)
[2020.01.24-00.32.03:296][305]LogModuleManager: Shutting down and abandoning module ProjectTargetPlatformEditor (517)
[2020.01.24-00.32.03:296][305]LogModuleManager: Shutting down and abandoning module EditorSettingsViewer (514)
[2020.01.24-00.32.03:297][305]LogModuleManager: Shutting down and abandoning module SettingsEditor (512)
[2020.01.24-00.32.03:306][305]LogModuleManager: Shutting down and abandoning module ProjectLauncher (510)
[2020.01.24-00.32.03:306][305]LogModuleManager: Shutting down and abandoning module SessionFrontend (508)
[2020.01.24-00.32.03:307][305]LogModuleManager: Shutting down and abandoning module ProfilerClient (506)
[2020.01.24-00.32.03:307][305]LogModuleManager: Shutting down and abandoning module DeviceManager (504)
[2020.01.24-00.32.03:308][305]LogModuleManager: Shutting down and abandoning module TargetDeviceServices (503)
[2020.01.24-00.32.03:353][305]LogModuleManager: Shutting down and abandoning module AutomationController (500)
[2020.01.24-00.32.03:355][305]LogModuleManager: Shutting down and abandoning module AutomationWindow (498)
[2020.01.24-00.32.03:356][305]LogModuleManager: Shutting down and abandoning module Layers (496)
[2020.01.24-00.32.03:358][305]LogModuleManager: Shutting down and abandoning module ComponentVisualizers (494)
[2020.01.24-00.32.03:358][305]LogModuleManager: Shutting down and abandoning module DetailCustomizations (492)
[2020.01.24-00.32.03:358][305]LogModuleManager: Shutting down and abandoning module PackagesDialog (490)
[2020.01.24-00.32.03:358][305]LogModuleManager: Shutting down and abandoning module AnimationBlueprintEditor (488)
[2020.01.24-00.32.03:361][305]LogModuleManager: Shutting down and abandoning module Persona (486)
[2020.01.24-00.32.03:362][305]LogModuleManager: Shutting down and abandoning module AdvancedPreviewScene (485)
[2020.01.24-00.32.03:362][305]LogModuleManager: Shutting down and abandoning module AnimGraph (483)
[2020.01.24-00.32.03:362][305]LogModuleManager: Shutting down and abandoning module Kismet (480)
[2020.01.24-00.32.03:377][305]LogModuleManager: Shutting down and abandoning module KismetWidgets (479)
[2020.01.24-00.32.03:378][305]LogModuleManager: Shutting down and abandoning module GraphEditor (476)
[2020.01.24-00.32.03:378][305]LogModuleManager: Shutting down and abandoning module StructViewer (474)
[2020.01.24-00.32.03:378][305]LogModuleManager: Shutting down and abandoning module ClassViewer (472)
[2020.01.24-00.32.03:378][305]LogModuleManager: Shutting down and abandoning module Toolbox (470)
[2020.01.24-00.32.03:378][305]LogModuleManager: Shutting down and abandoning module ModuleUI (468)
[2020.01.24-00.32.03:379][305]LogModuleManager: Shutting down and abandoning module MovieSceneTools (466)
[2020.01.24-00.32.03:380][305]LogModuleManager: Shutting down and abandoning module OutputLog (464)
[2020.01.24-00.32.03:416][305]LogModuleManager: Shutting down and abandoning module GammaUI (462)
[2020.01.24-00.32.03:416][305]LogModuleManager: Shutting down and abandoning module Documentation (460)
[2020.01.24-00.32.03:417][305]LogModuleManager: Shutting down and abandoning module LiveCoding (458)
[2020.01.24-00.32.03:418][305]LogModuleManager: Shutting down and abandoning module LevelSequence (456)
[2020.01.24-00.32.03:418][305]LogModuleManager: Shutting down and abandoning module MovieSceneTracks (454)
[2020.01.24-00.32.03:418][305]LogModuleManager: Shutting down and abandoning module MovieScene (452)
[2020.01.24-00.32.03:419][305]LogModuleManager: Shutting down and abandoning module StreamingPauseRendering (450)
[2020.01.24-00.32.03:419][305]LogModuleManager: Shutting down and abandoning module LauncherPlatform (448)
[2020.01.24-00.32.03:419][305]LogModuleManager: Shutting down and abandoning module AnalyticsET (446)
[2020.01.24-00.32.03:419][305]LogModuleManager: Shutting down and abandoning module PortalServices (444)
[2020.01.24-00.32.03:419][305]LogModuleManager: Shutting down and abandoning module PortalRpc (442)
[2020.01.24-00.32.03:419][305]LogModuleManager: Shutting down and abandoning module MessagingRpc (440)
[2020.01.24-00.32.03:419][305]LogModuleManager: Shutting down and abandoning module AIModule (438)
[2020.01.24-00.32.03:419][305]LogModuleManager: Shutting down and abandoning module GameplayDebugger (437)
[2020.01.24-00.32.03:420][305]LogModuleManager: Shutting down and abandoning module AITestSuite (435)
[2020.01.24-00.32.03:420][305]LogModuleManager: Shutting down and abandoning module NavigationSystem (433)
[2020.01.24-00.32.03:420][305]LogModuleManager: Shutting down and abandoning module DesktopPlatform (430)
[2020.01.24-00.32.03:421][305]LogModuleManager: Shutting down and abandoning module ImageWriteQueue (428)
[2020.01.24-00.32.03:425][305]LogModuleManager: Shutting down and abandoning module ProfilerService (426)
[2020.01.24-00.32.03:670][305]LogModuleManager: Shutting down and abandoning module TaskGraph (424)
[2020.01.24-00.32.03:671][305]LogModuleManager: Shutting down and abandoning module ScreenshotTools (422)
[2020.01.24-00.32.03:671][305]LogModuleManager: Shutting down and abandoning module SteamVRController (420)
[2020.01.24-00.32.03:671][305]LogModuleManager: Shutting down and abandoning module ProceduralMeshComponentEditor (418)
[2020.01.24-00.32.03:671][305]LogModuleManager: Shutting down and abandoning module ProceduralMeshComponent (416)
[2020.01.24-00.32.03:672][305]LogModuleManager: Shutting down and abandoning module OculusEditor (414)
[2020.01.24-00.32.03:672][305]LogModuleManager: Shutting down and abandoning module OculusInput (412)
[2020.01.24-00.32.03:672][305]LogModuleManager: Shutting down and abandoning module MobilePatchingUtils (410)
[2020.01.24-00.32.03:672][305]LogModuleManager: Shutting down and abandoning module EditableMesh (408)
[2020.01.24-00.32.03:672][305]LogModuleManager: Shutting down and abandoning module CustomMeshComponent (406)
[2020.01.24-00.32.03:672][305]LogModuleManager: Shutting down and abandoning module CableComponent (404)
[2020.01.24-00.32.03:672][305]LogModuleManager: Shutting down and abandoning module AudioCapture (402)
[2020.01.24-00.32.03:672][305]LogModuleManager: Shutting down and abandoning module ArchVisCharacter (400)
[2020.01.24-00.32.03:672][305]LogModuleManager: Shutting down and abandoning module AppleImageUtilsBlueprintSupport (398)
[2020.01.24-00.32.03:672][305]LogModuleManager: Shutting down and abandoning module AppleImageUtils (396)
[2020.01.24-00.32.03:672][305]LogModuleManager: Shutting down and abandoning module AndroidPermission (394)
[2020.01.24-00.32.03:672][305]LogModuleManager: Shutting down and abandoning module NUTUnrealEngine4 (392)
[2020.01.24-00.32.03:673][305]LogModuleManager: Shutting down and abandoning module NetcodeUnitTest (390)
[2020.01.24-00.32.03:674][305]LogModuleManager: Shutting down and abandoning module MediaCompositing (388)
[2020.01.24-00.32.03:674][305]LogModuleManager: Shutting down and abandoning module ImgMedia (386)
[2020.01.24-00.32.03:675][305]LogModuleManager: Shutting down and abandoning module MagicLeapHelperVulkan (384)
[2020.01.24-00.32.03:675][305]LogModuleManager: Shutting down and abandoning module MagicLeapHelperOpenGL (382)
[2020.01.24-00.32.03:675][305]LogModuleManager: Shutting down and abandoning module MagicLeapAudio (380)
[2020.01.24-00.32.03:675][305]LogModuleManager: Shutting down and abandoning module HTML5Networking (378)
[2020.01.24-00.32.03:675][305]LogModuleManager: Shutting down and abandoning module GeometryCacheTracks (376)
[2020.01.24-00.32.03:675][305]LogModuleManager: Shutting down and abandoning module GeometryCacheSequencer (374)
[2020.01.24-00.32.03:675][305]LogModuleManager: Shutting down and abandoning module BackChannel (372)
[2020.01.24-00.32.03:676][305]LogModuleManager: Shutting down and abandoning module AutomationUtilsEditor (370)
[2020.01.24-00.32.03:676][305]LogModuleManager: Shutting down and abandoning module AutomationUtils (368)
[2020.01.24-00.32.03:676][305]LogModuleManager: Shutting down and abandoning module AlembicImporter (366)
[2020.01.24-00.32.03:676][305]LogModuleManager: Shutting down and abandoning module AlembicLibrary (365)
[2020.01.24-00.32.03:676][305]LogModuleManager: Shutting down and abandoning module GeometryCache (364)
[2020.01.24-00.32.03:676][305]LogModuleManager: Shutting down and abandoning module GeometryCacheEd (363)
[2020.01.24-00.32.03:676][305]LogModuleManager: Shutting down and abandoning module VariantManagerContent (358)
[2020.01.24-00.32.03:676][305]LogModuleManager: Shutting down and abandoning module DatasmithContentEditor (356)
[2020.01.24-00.32.03:676][305]LogModuleManager: Shutting down and abandoning module SpeedTreeImporter (354)
[2020.01.24-00.32.03:676][305]LogModuleManager: Shutting down and abandoning module PluginBrowser (352)
[2020.01.24-00.32.03:679][305]LogModuleManager: Shutting down and abandoning module MobileLauncherProfileWizard (350)
[2020.01.24-00.32.03:680][305]LogModuleManager: Shutting down and abandoning module MaterialAnalyzer (348)
[2020.01.24-00.32.03:680][305]LogModuleManager: Shutting down and abandoning module CurveEditorTools (346)
[2020.01.24-00.32.03:681][305]LogModuleManager: Shutting down and abandoning module CurveEditor (345)
[2020.01.24-00.32.03:683][305]LogModuleManager: Shutting down and abandoning module CryptoKeysOpenSSL (342)
[2020.01.24-00.32.03:683][305]LogModuleManager: Shutting down and abandoning module CryptoKeys (340)
[2020.01.24-00.32.03:683][305]LogModuleManager: Shutting down and abandoning module VisualStudioSourceCodeAccess (338)
[2020.01.24-00.32.03:683][305]LogModuleManager: Shutting down and abandoning module VisualStudioCodeSourceCodeAccess (336)
[2020.01.24-00.32.03:684][305]LogModuleManager: Shutting down and abandoning module UObjectPlugin (334)
[2020.01.24-00.32.03:684][305]LogModuleManager: Shutting down and abandoning module SubversionSourceControl (332)
[2020.01.24-00.32.03:684][305]LogModuleManager: Shutting down and abandoning module PerforceSourceControl (330)
[2020.01.24-00.32.03:686][305]LogModuleManager: Shutting down and abandoning module GitSourceControl (328)
[2020.01.24-00.32.03:688][305]LogModuleManager: Shutting down and abandoning module SourceControl (327)
[2020.01.24-00.32.03:688][305]LogModuleManager: Shutting down and abandoning module CLionSourceCodeAccess (324)
[2020.01.24-00.32.03:688][305]LogModuleManager: Shutting down and abandoning module AnimationSharingEd (322)
[2020.01.24-00.32.03:688][305]LogModuleManager: Shutting down and abandoning module ActorLayerUtilitiesEditor (320)
[2020.01.24-00.32.03:689][305]LogModuleManager: Shutting down and abandoning module ActorLayerUtilities (318)
[2020.01.24-00.32.03:689][305]LogModuleManager: Shutting down and abandoning module LightPropagationVolumeEditor (316)
[2020.01.24-00.32.03:689][305]LogModuleManager: Shutting down and abandoning module PaperTiledImporter (314)
[2020.01.24-00.32.03:689][305]LogModuleManager: Shutting down and abandoning module PaperSpriteSheetImporter (312)
[2020.01.24-00.32.03:689][305]LogModuleManager: Shutting down and abandoning module Paper2DEditor (310)
[2020.01.24-00.32.03:691][305]LogModuleManager: Shutting down and abandoning module SignificanceManager (308)
[2020.01.24-00.32.03:691][305]LogModuleManager: Shutting down and abandoning module RuntimePhysXCooking (306)
[2020.01.24-00.32.03:691][305]LogModuleManager: Shutting down and abandoning module PhysXVehiclesEditor (304)
[2020.01.24-00.32.03:691][305]LogModuleManager: Shutting down and abandoning module LocationServicesBPLibrary (300)
[2020.01.24-00.32.03:691][305]LogModuleManager: Shutting down and abandoning module ActorSequence (298)
[2020.01.24-00.32.03:691][305]LogModuleManager: Shutting down and abandoning module UdpMessaging (296)
[2020.01.24-00.32.03:792][305]LogModuleManager: Shutting down and abandoning module TcpMessaging (294)
[2020.01.24-00.32.03:893][305]LogModuleManager: Shutting down and abandoning module MagicLeapIdentity (292)
[2020.01.24-00.32.03:893][305]LogModuleManager: Shutting down and abandoning module MagicLeapSecureStorage (290)
[2020.01.24-00.32.03:893][305]LogModuleManager: Shutting down and abandoning module MagicLeapHandTracking (288)
[2020.01.24-00.32.03:894][305]LogModuleManager: Shutting down and abandoning module MagicLeapEyeTracker (286)
[2020.01.24-00.32.03:894][305]LogModuleManager: Shutting down and abandoning module MagicLeapController (284)
[2020.01.24-00.32.03:894][305]LogSlate: Slate User Destroyed.  User Index 0, Is Virtual User: 0
[2020.01.24-00.32.03:894][305]LogModuleManager: Shutting down and abandoning module MagicLeapAR (282)
[2020.01.24-00.32.03:894][305]LogModuleManager: Shutting down and abandoning module AugmentedReality (281)
[2020.01.24-00.32.03:894][305]LogModuleManager: Shutting down and abandoning module GameplayTagsEditor (278)
[2020.01.24-00.32.03:895][305]LogModuleManager: Shutting down and abandoning module FacialAnimationEditor (276)
[2020.01.24-00.32.03:895][305]LogModuleManager: Shutting down and abandoning module FacialAnimation (274)
[2020.01.24-00.32.03:895][305]LogModuleManager: Shutting down and abandoning module DataValidation (272)
[2020.01.24-00.32.03:895][305]LogModuleManager: Shutting down and abandoning module AssetManagerEditor (270)
[2020.01.24-00.32.03:896][305]LogModuleManager: Shutting down and abandoning module LevelEditor (269)
[2020.01.24-00.32.03:899][305]LogModuleManager: Shutting down and abandoning module PixelInspectorModule (268)
[2020.01.24-00.32.03:900][305]LogModuleManager: Shutting down and abandoning module CommonMenuExtensions (266)
[2020.01.24-00.32.03:900][305]LogModuleManager: Shutting down and abandoning module MainFrame (264)
[2020.01.24-00.32.03:900][305]LogModuleManager: Shutting down and abandoning module HotReload (263)
[2020.01.24-00.32.03:901][305]LogModuleManager: Shutting down and abandoning module ContentBrowser (259)
[2020.01.24-00.32.03:903][305]LogModuleManager: Shutting down and abandoning module TreeMap (257)
[2020.01.24-00.32.03:903][305]LogModuleManager: Shutting down and abandoning module AnimationSharing (254)
[2020.01.24-00.32.03:904][305]LogModuleManager: Shutting down and abandoning module LightPropagationVolumeRuntime (252)
[2020.01.24-00.32.03:904][305]LogModuleManager: Shutting down and abandoning module Paper2D (250)
[2020.01.24-00.32.03:904][305]LogModuleManager: Shutting down and abandoning module WindowsMoviePlayer (248)
[2020.01.24-00.32.03:906][305]LogModuleManager: Shutting down and abandoning module WebMMoviePlayer (246)
[2020.01.24-00.32.03:907][305]LogModuleManager: Shutting down and abandoning module NetworkReplayStreaming (244)
[2020.01.24-00.32.03:907][305]LogModuleManager: Shutting down and abandoning module PacketHandler (242)
[2020.01.24-00.32.03:907][305]LogModuleManager: Shutting down and abandoning module ClothingSystemEditor (240)
[2020.01.24-00.32.03:907][305]LogModuleManager: Shutting down and abandoning module ClothingSystemRuntime (238)
[2020.01.24-00.32.03:908][305]LogModuleManager: Shutting down and abandoning module MediaAssets (236)
[2020.01.24-00.32.03:908][305]LogModuleManager: Shutting down and abandoning module Overlay (234)
[2020.01.24-00.32.03:908][305]LogModuleManager: Shutting down and abandoning module OverlayEditor (233)
[2020.01.24-00.32.03:908][305]LogModuleManager: Shutting down and abandoning module VREditor (230)
[2020.01.24-00.32.03:909][305]LogModuleManager: Shutting down and abandoning module StringTableEditor (228)
[2020.01.24-00.32.03:910][305]LogModuleManager: Shutting down and abandoning module GameplayTasksEditor (226)
[2020.01.24-00.32.03:910][305]LogModuleManager: Shutting down and abandoning module BehaviorTreeEditor (224)
[2020.01.24-00.32.03:912][305]LogModuleManager: Shutting down and abandoning module FunctionalTesting (222)
[2020.01.24-00.32.03:919][305]LogModuleManager: Shutting down and abandoning module CollisionAnalyzer (220)
[2020.01.24-00.32.03:921][305]LogModuleManager: Shutting down and abandoning module WorkspaceMenuStructure (219)
[2020.01.24-00.32.03:922][305]LogModuleManager: Shutting down and abandoning module UMG (216)
[2020.01.24-00.32.03:922][305]LogModuleManager: Shutting down and abandoning module UMGEditor (215)
[2020.01.24-00.32.03:935][305]LogModuleManager: Shutting down and abandoning module Sequencer (214)
[2020.01.24-00.32.03:948][305]LogModuleManager: Shutting down and abandoning module MessageLog (211)
[2020.01.24-00.32.03:948][305]LogModuleManager: Shutting down and abandoning module SlateReflector (206)
[2020.01.24-00.32.03:952][305]LogModuleManager: Shutting down and abandoning module Slate (204)
[2020.01.24-00.32.03:952][305]LogModuleManager: Shutting down and abandoning module LandscapeEditorUtilities (202)
[2020.01.24-00.32.03:952][305]LogModuleManager: Shutting down and abandoning module EditorStyle (200)
[2020.01.24-00.32.03:954][305]LogModuleManager: Shutting down and abandoning module UnrealEd (198)
[2020.01.24-00.32.03:954][305]LogModuleManager: Shutting down and abandoning module MRMesh (196)
[2020.01.24-00.32.03:954][305]LogModuleManager: Shutting down and abandoning module SourceCodeAccess (194)
[2020.01.24-00.32.03:954][305]LogModuleManager: Shutting down and abandoning module HeadMountedDisplay (192)
[2020.01.24-00.32.03:954][305]LogModuleManager: Shutting down and abandoning module XAudio2 (190)
[2020.01.24-00.32.03:954][305]LogModuleManager: Shutting down and abandoning module Networking (188)
[2020.01.24-00.32.03:954][305]LogModuleManager: Shutting down and abandoning module Core (186)
[2020.01.24-00.32.03:954][305]LogModuleManager: Shutting down and abandoning module KismetCompiler (184)
[2020.01.24-00.32.03:954][305]LogModuleManager: Shutting down and abandoning module MeshUtilities (182)
[2020.01.24-00.32.03:954][305]LogModuleManager: Shutting down and abandoning module MeshMergeUtilities (181)
[2020.01.24-00.32.03:955][305]LogModuleManager: Shutting down and abandoning module MeshReductionInterface (180)
[2020.01.24-00.32.03:955][305]LogModuleManager: Shutting down and abandoning module SkeletalMeshReduction (179)
[2020.01.24-00.32.03:956][305]LogModuleManager: Shutting down and abandoning module ProxyLODMeshReduction (177)
[2020.01.24-00.32.03:962][305]LogModuleManager: Shutting down and abandoning module QuadricMeshReduction (175)
[2020.01.24-00.32.03:963][305]LogModuleManager: Shutting down and abandoning module MaterialBaking (171)
[2020.01.24-00.32.03:964][305]LogModuleManager: Shutting down and abandoning module NullInstallBundleManager (166)
[2020.01.24-00.32.03:964][305]LogModuleManager: Shutting down and abandoning module DerivedDataCache (164)
[2020.01.24-00.32.03:964][305]LogDerivedDataCache: Shutdown
[2020.01.24-00.32.03:964][305]LogModuleManager: Shutting down and abandoning module XGEController (162)
[2020.01.24-00.32.03:964][305]LogModuleManager: Shutting down and abandoning module TargetPlatform (160)
[2020.01.24-00.32.03:965][305]LogModuleManager: Shutting down and abandoning module VulkanShaderFormat (159)
[2020.01.24-00.32.03:965][305]LogModuleManager: Shutting down and abandoning module ShaderFormatVectorVM (157)
[2020.01.24-00.32.03:966][305]LogModuleManager: Shutting down and abandoning module ShaderFormatOpenGL (155)
[2020.01.24-00.32.03:966][305]LogModuleManager: Shutting down and abandoning module ShaderFormatD3D (153)
[2020.01.24-00.32.03:967][305]LogModuleManager: Shutting down and abandoning module MetalShaderFormat (151)
[2020.01.24-00.32.03:968][305]LogModuleManager: Shutting down and abandoning module TextureFormatUncompressed (149)
[2020.01.24-00.32.03:968][305]LogModuleManager: Shutting down and abandoning module TextureFormatPVR (147)
[2020.01.24-00.32.03:968][305]LogModuleManager: Shutting down and abandoning module TextureFormatDXT (145)
[2020.01.24-00.32.03:968][305]LogModuleManager: Shutting down and abandoning module TextureFormatIntelISPCTexComp (143)
[2020.01.24-00.32.03:969][305]LogModuleManager: Shutting down and abandoning module TextureFormatASTC (141)
[2020.01.24-00.32.03:969][305]LogModuleManager: Shutting down and abandoning module ImageWrapper (140)
[2020.01.24-00.32.03:969][305]LogModuleManager: Shutting down and abandoning module TextureFormatAndroid (137)
[2020.01.24-00.32.03:969][305]LogModuleManager: Shutting down and abandoning module AudioFormatOpus (135)
[2020.01.24-00.32.03:969][305]LogModuleManager: Shutting down and abandoning module AudioFormatOgg (133)
[2020.01.24-00.32.03:969][305]LogModuleManager: Shutting down and abandoning module AudioFormatADPCM (131)
[2020.01.24-00.32.03:969][305]LogModuleManager: Shutting down and abandoning module LuminTargetPlatform (129)
[2020.01.24-00.32.03:980][305]LogModuleManager: Shutting down and abandoning module LinuxTargetPlatform (127)
[2020.01.24-00.32.03:980][305]LogModuleManager: Shutting down and abandoning module LinuxServerTargetPlatform (125)
[2020.01.24-00.32.03:981][305]LogModuleManager: Shutting down and abandoning module LinuxNoEditorTargetPlatform (123)
[2020.01.24-00.32.03:981][305]LogModuleManager: Shutting down and abandoning module LinuxClientTargetPlatform (121)
[2020.01.24-00.32.03:982][305]LogModuleManager: Shutting down and abandoning module TVOSTargetPlatform (119)
[2020.01.24-00.32.03:986][305]LogModuleManager: Shutting down and abandoning module Messaging (117)
[2020.01.24-00.32.03:986][305]LogModuleManager: Shutting down and abandoning module IOSTargetPlatform (115)
[2020.01.24-00.32.03:989][305]LogModuleManager: Shutting down and abandoning module HTML5TargetPlatform (113)
[2020.01.24-00.32.03:989][305]LogModuleManager: Shutting down and abandoning module AndroidTargetPlatform (111)
[2020.01.24-00.32.04:022][305]LogModuleManager: Shutting down and abandoning module WindowsTargetPlatform (109)
[2020.01.24-00.32.04:022][305]LogModuleManager: Shutting down and abandoning module WindowsServerTargetPlatform (107)
[2020.01.24-00.32.04:022][305]LogModuleManager: Shutting down and abandoning module WindowsNoEditorTargetPlatform (105)
[2020.01.24-00.32.04:022][305]LogModuleManager: Shutting down and abandoning module WindowsClientTargetPlatform (103)
[2020.01.24-00.32.04:022][305]LogModuleManager: Shutting down and abandoning module MacTargetPlatform (101)
[2020.01.24-00.32.04:022][305]LogModuleManager: Shutting down and abandoning module MacServerTargetPlatform (99)
[2020.01.24-00.32.04:022][305]LogModuleManager: Shutting down and abandoning module MacNoEditorTargetPlatform (97)
[2020.01.24-00.32.04:022][305]LogModuleManager: Shutting down and abandoning module MacClientTargetPlatform (95)
[2020.01.24-00.32.04:022][305]LogModuleManager: Shutting down and abandoning module AllDesktopTargetPlatform (93)
[2020.01.24-00.32.04:022][305]LogModuleManager: Shutting down and abandoning module InputCore (90)
[2020.01.24-00.32.04:022][305]LogModuleManager: Shutting down and abandoning module Settings (88)
[2020.01.24-00.32.04:022][305]LogModuleManager: Shutting down and abandoning module DirectoryWatcher (86)
[2020.01.24-00.32.04:023][305]LogModuleManager: Shutting down and abandoning module PhysXCooking (84)
[2020.01.24-00.32.04:023][305]LogModuleManager: Shutting down and abandoning module WindowsPlatformFeatures (82)
[2020.01.24-00.32.04:023][305]LogModuleManager: Shutting down and abandoning module GameplayMediaEncoder (81)
[2020.01.24-00.32.04:024][305]LogModuleManager: Shutting down and abandoning module SteamVR (78)
[2020.01.24-00.32.04:024][305]LogHMD: Freeing OpenVRDLLHandle.
[2020.01.24-00.32.04:024][305]LogModuleManager: Shutting down and abandoning module OculusHMD (76)
[2020.01.24-00.32.04:025][305]LogModuleManager: Shutting down and abandoning module ExampleDeviceProfileSelector (74)
[2020.01.24-00.32.04:025][305]LogModuleManager: Shutting down and abandoning module LauncherChunkInstaller (72)
[2020.01.24-00.32.04:025][305]LogModuleManager: Shutting down and abandoning module OnlineBlueprintSupport (70)
[2020.01.24-00.32.04:025][305]LogModuleManager: Shutting down and abandoning module OnlineSubsystem (66)
[2020.01.24-00.32.04:030][305]LogModuleManager: Shutting down and abandoning module XMPP (61)
[2020.01.24-00.32.04:031][305]LogModuleManager: Shutting down and abandoning module WebSockets (60)
[2020.01.24-00.32.04:065][305]LogModuleManager: Shutting down and abandoning module HTTP (57)
[2020.01.24-00.32.04:065][305]LogHttp: Display: Http module shutting down, but needs to wait on 1 outstanding Http requests:
[2020.01.24-00.32.04:065][305]LogHttp: Display: 	verb=[POST] url=[https://datarouter.ol.epicgames.com/datarouter/api/v1/public/data?SessionID=%7B4BBFA09C-453D-C2A4-D501-C98E5F20484A%7D&AppID=UEEditor.Rocket.Release&AppVersion=4.23.1-9631420%2B%2B%2BUE4%2BRelease-4.23&UserID=b7367f514bcf47f3782f499948337182%7C0382994034dc4f6bbe5c05cbae825090%7C26c0a086-b539-454f-83c2-978d8d02ce36&AppEnvironment=datacollector-binary&UploadType=eteventstream] status=Processing
[2020.01.24-00.32.04:077][305]LogModuleManager: Shutting down and abandoning module SSL (56)
[2020.01.24-00.32.04:079][305]LogModuleManager: Shutting down and abandoning module WmfMedia (52)
[2020.01.24-00.32.04:082][305]LogModuleManager: Shutting down and abandoning module Media (51)
[2020.01.24-00.32.04:082][305]LogModuleManager: Shutting down and abandoning module MagicLeap (48)
[2020.01.24-00.32.04:083][305]LogModuleManager: Shutting down and abandoning module DatasmithContent (46)
[2020.01.24-00.32.04:083][305]LogModuleManager: Shutting down and abandoning module AISupportModule (44)
[2020.01.24-00.32.04:083][305]LogModuleManager: Shutting down and abandoning module PlatformCryptoOpenSSL (42)
[2020.01.24-00.32.04:084][305]LogModuleManager: Shutting down and abandoning module PlatformCrypto (40)
[2020.01.24-00.32.04:084][305]LogModuleManager: Shutting down and abandoning module AnimationModifiers (38)
[2020.01.24-00.32.04:085][305]LogModuleManager: Shutting down and abandoning module PropertyEditor (37)
[2020.01.24-00.32.04:086][305]LogModuleManager: Shutting down and abandoning module AudioEditor (34)
[2020.01.24-00.32.04:088][305]LogModuleManager: Shutting down and abandoning module TextureCompressor (32)
[2020.01.24-00.32.04:088][305]LogModuleManager: Shutting down and abandoning module RenderCore (30)
[2020.01.24-00.32.04:088][305]LogModuleManager: Shutting down and abandoning module Landscape (28)
[2020.01.24-00.32.04:088][305]LogModuleManager: Shutting down and abandoning module SlateRHIRenderer (26)
[2020.01.24-00.32.04:092][305]LogModuleManager: Shutting down and abandoning module OpenGLDrv (24)
[2020.01.24-00.32.04:093][305]LogModuleManager: Shutting down and abandoning module D3D11RHI (22)
[2020.01.24-00.32.04:093][305]LogModuleManager: Shutting down and abandoning module AnimGraphRuntime (20)
[2020.01.24-00.32.04:093][305]LogModuleManager: Shutting down and abandoning module Renderer (18)
[2020.01.24-00.32.04:093][305]LogModuleManager: Shutting down and abandoning module Engine (16)
[2020.01.24-00.32.04:093][305]LogModuleManager: Shutting down and abandoning module CoreUObject (14)
[2020.01.24-00.32.04:093][305]LogModuleManager: Shutting down and abandoning module NetworkFile (12)
[2020.01.24-00.32.04:094][305]LogModuleManager: Shutting down and abandoning module CookedIterativeFile (10)
[2020.01.24-00.32.04:094][305]LogModuleManager: Shutting down and abandoning module StreamingFile (8)
[2020.01.24-00.32.04:094][305]LogModuleManager: Shutting down and abandoning module SandboxFile (6)
[2020.01.24-00.32.04:094][305]LogModuleManager: Shutting down and abandoning module PakFile (4)
[2020.01.24-00.32.04:095][305]LogModuleManager: Shutting down and abandoning module RSA (3)
[2020.01.24-00.32.04:107][305]LogD3D11RHI: Shutdown
[2020.01.24-00.32.04:108][305]LogD3D11RHI: CleanupD3DDevice
[2020.01.24-00.32.04:113][305]LogRendererCore: FGlobalDynamicReadBuffer::Cleanup()
[2020.01.24-00.32.04:113][305]LogRendererCore: FGlobalDynamicReadBuffer::Cleanup()
[2020.01.24-00.32.04:113][305]LogRendererCore: FGlobalDynamicReadBuffer::Cleanup()
[2020.01.24-00.32.04:418][305]LogD3D11RHI: ~FD3D11DynamicRHI
[2020.01.24-00.32.04:435][305]LogExit: Exiting.
[2020.01.24-00.32.04:466][305]Log file closed, 01/24/20 00:32:04
