Log file open, 01/25/20 16:17:57
LogWindows: Failed to load 'aqProf.dll' (GetLastError=126)
LogWindows: File 'aqProf.dll' does not exist
LogWindows: Failed to load 'VtuneApi.dll' (GetLastError=126)
LogWindows: File 'VtuneApi.dll' does not exist
LogWindows: Failed to load 'VtuneApi32e.dll' (GetLastError=126)
LogWindows: File 'VtuneApi32e.dll' does not exist
LogConsoleResponse: Display: Failed to find resolution value strings in scalability ini. Falling back to default.
LogInit: Display: Running engine for game: Park
LogPlatformFile: Not using cached read wrapper
LogTaskGraph: Started task graph with 5 named threads and 47 total threads with 3 sets of task threads.
LogStats: Stats thread started at 0.072150
LogD3D11RHI: Loaded GFSDK_Aftermath_Lib.x64.dll
LogICUInternationalization: ICU TimeZone Detection - Raw Offset: +0:00, Platform Override: ''
LogPluginManager: Mounting plugin Paper2D
LogPluginManager: Mounting plugin AISupport
LogPluginManager: Mounting plugin LightPropagationVolume
LogPluginManager: Mounting plugin ActorLayerUtilities
LogPluginManager: Mounting plugin AnimationSharing
LogPluginManager: Mounting plugin CLionSourceCodeAccess
LogPluginManager: Mounting plugin CodeLiteSourceCodeAccess
LogPluginManager: Mounting plugin GitSourceControl
LogPluginManager: Mounting plugin KDevelopSourceCodeAccess
LogPluginManager: Mounting plugin NullSourceCodeAccess
LogPluginManager: Mounting plugin PerforceSourceControl
LogPluginManager: Mounting plugin SubversionSourceControl
LogPluginManager: Mounting plugin UObjectPlugin
LogPluginManager: Mounting plugin VisualStudioCodeSourceCodeAccess
LogPluginManager: Mounting plugin VisualStudioSourceCodeAccess
LogPluginManager: Mounting plugin XCodeSourceCodeAccess
LogPluginManager: Mounting plugin AssetManagerEditor
LogPluginManager: Mounting plugin CryptoKeys
LogPluginManager: Mounting plugin CurveEditorTools
LogPluginManager: Mounting plugin DataValidation
LogPluginManager: Mounting plugin FacialAnimation
LogPluginManager: Mounting plugin GameplayTagsEditor
LogPluginManager: Mounting plugin MacGraphicsSwitching
LogPluginManager: Mounting plugin MaterialAnalyzer
LogPluginManager: Mounting plugin MobileLauncherProfileWizard
LogPluginManager: Mounting plugin PluginBrowser
LogPluginManager: Mounting plugin SpeedTreeImporter
LogPluginManager: Mounting plugin DatasmithContent
LogPluginManager: Mounting plugin VariantManagerContent
LogPluginManager: Mounting plugin AlembicImporter
LogPluginManager: Mounting plugin AutomationUtils
LogPluginManager: Mounting plugin BackChannel
LogPluginManager: Mounting plugin CharacterAI
LogPluginManager: Mounting plugin GeometryCache
LogPluginManager: Mounting plugin HTML5Networking
LogPluginManager: Mounting plugin PlatformCrypto
LogPluginManager: Mounting plugin ProxyLODPlugin
LogPluginManager: Mounting plugin SkeletalReduction
LogPluginManager: Mounting plugin MagicLeap
LogPluginManager: Mounting plugin MagicLeapMedia
LogPluginManager: Mounting plugin AndroidMedia
LogPluginManager: Mounting plugin AvfMedia
LogPluginManager: Mounting plugin ImgMedia
LogPluginManager: Mounting plugin MediaCompositing
LogPluginManager: Mounting plugin MediaPlayerEditor
LogPluginManager: Mounting plugin WebMMedia
LogPluginManager: Mounting plugin WmfMedia
LogPluginManager: Mounting plugin TcpMessaging
LogPluginManager: Mounting plugin UdpMessaging
LogPluginManager: Mounting plugin ActorSequence
LogPluginManager: Mounting plugin LevelSequenceEditor
LogPluginManager: Mounting plugin MatineeToLevelSequence
LogPluginManager: Mounting plugin NetcodeUnitTest
LogPluginManager: Mounting plugin NUTUnrealEngine4
LogPluginManager: Mounting plugin OnlineSubsystemGooglePlay
LogPluginManager: Mounting plugin OnlineSubsystemIOS
LogPluginManager: Mounting plugin OnlineSubsystem
LogPluginManager: Mounting plugin OnlineSubsystemNull
LogPluginManager: Mounting plugin OnlineSubsystemUtils
LogPluginManager: Mounting plugin LauncherChunkInstaller
LogPluginManager: Mounting plugin AndroidDeviceProfileSelector
LogPluginManager: Mounting plugin AndroidMoviePlayer
LogPluginManager: Mounting plugin AndroidPermission
LogPluginManager: Mounting plugin AppleImageUtils
LogPluginManager: Mounting plugin AppleMoviePlayer
LogPluginManager: Mounting plugin ArchVisCharacter
LogPluginManager: Mounting plugin AudioCapture
LogPluginManager: Mounting plugin CableComponent
LogPluginManager: Mounting plugin CustomMeshComponent
LogPluginManager: Mounting plugin EditableMesh
LogPluginManager: Mounting plugin ExampleDeviceProfileSelector
LogPluginManager: Mounting plugin GoogleCloudMessaging
LogPluginManager: Mounting plugin IOSDeviceProfileSelector
LogPluginManager: Mounting plugin LinuxDeviceProfileSelector
LogPluginManager: Mounting plugin LocationServicesBPLibrary
LogPluginManager: Mounting plugin MobilePatchingUtils
LogPluginManager: Mounting plugin OculusVR
LogPluginManager: Mounting plugin PhysXVehicles
LogPluginManager: Mounting plugin ProceduralMeshComponent
LogPluginManager: Mounting plugin RuntimePhysXCooking
LogPluginManager: Mounting plugin SignificanceManager
LogPluginManager: Mounting plugin SteamVR
LogPluginManager: Mounting plugin WebMMoviePlayer
LogPluginManager: Mounting plugin WindowsMoviePlayer
LogPluginManager: Mounting plugin ScreenshotTools
LogInit: Using libcurl 7.55.1-DEV
LogInit:  - built for x86_64-pc-win32
LogInit:  - supports SSL with OpenSSL/1.1.1
LogInit:  - supports HTTP deflate (compression) using libz 1.2.8
LogInit:  - other features:
LogInit:      CURL_VERSION_SSL
LogInit:      CURL_VERSION_LIBZ
LogInit:      CURL_VERSION_IPV6
LogInit:      CURL_VERSION_ASYNCHDNS
LogInit:      CURL_VERSION_LARGEFILE
LogInit:      CURL_VERSION_IDN
LogInit:  CurlRequestOptions (configurable via config and command line):
LogInit:  - bVerifyPeer = true  - Libcurl will verify peer certificate
LogInit:  - bUseHttpProxy = false  - Libcurl will NOT use HTTP proxy
LogInit:  - bDontReuseConnections = false  - Libcurl will reuse connections
LogInit:  - MaxHostConnections = 16  - Libcurl will limit the number of connections to a host
LogInit:  - LocalHostAddr = Default
LogInit:  - BufferSize = 65536
LogOnline: OSS: Creating online subsystem instance for: NULL
LogInit: WinSock: version 1.1 (2.2), MaxSocks=32767, MaxUdp=65467
LogInit: Build: ++UE4+Release-4.23-CL-9631420
LogInit: Engine Version: 4.23.1-9631420+++UE4+Release-4.23
LogInit: Compatible Engine Version: 4.23.0-8386587+++UE4+Release-4.23
LogInit: Net CL: 8386587
LogInit: OS: Windows 10 (Release 1909) (), CPU: Intel(R) Core(TM) i7-7820X CPU @ 3.60GHz, GPU: NVIDIA GeForce GTX 1080 Ti
LogInit: Compiled (64-bit): Oct 18 2019 02:07:44
LogInit: Compiled with Visual C++: 19.16.27030.01
LogInit: Build Configuration: Development
LogInit: Branch Name: ++UE4+Release-4.23
LogInit: Command Line: 
LogInit: Base Directory: D:/UE_4.23/Engine/Binaries/Win64/
LogInit: Installed Engine Build: 1
LogDevObjectVersion: Number of dev versions registered: 23
LogDevObjectVersion:   Dev-Blueprints (B0D832E4-1F89-4F0D-ACCF-7EB736FD4AA2): 10
LogDevObjectVersion:   Dev-Build (E1C64328-A22C-4D53-A36C-8E866417BD8C): 0
LogDevObjectVersion:   Dev-Core (375EC13C-06E4-48FB-B500-84F0262A717E): 3
LogDevObjectVersion:   Dev-Editor (E4B068ED-F494-42E9-A231-DA0B2E46BB41): 34
LogDevObjectVersion:   Dev-Framework (CFFC743F-43B0-4480-9391-14DF171D2073): 35
LogDevObjectVersion:   Dev-Mobile (B02B49B5-BB20-44E9-A304-32B752E40360): 2
LogDevObjectVersion:   Dev-Networking (A4E4105C-59A1-49B5-A7C5-40C4547EDFEE): 0
LogDevObjectVersion:   Dev-Online (39C831C9-5AE6-47DC-9A44-9C173E1C8E7C): 0
LogDevObjectVersion:   Dev-Physics (78F01B33-EBEA-4F98-B9B4-84EACCB95AA2): 0
LogDevObjectVersion:   Dev-Platform (6631380F-2D4D-43E0-8009-CF276956A95A): 0
LogDevObjectVersion:   Dev-Rendering (12F88B9F-8875-4AFC-A67C-D90C383ABD29): 31
LogDevObjectVersion:   Dev-Sequencer (7B5AE74C-D270-4C10-A958-57980B212A5A): 11
LogDevObjectVersion:   Dev-VR (D7296918-1DD6-4BDD-9DE2-64A83CC13884): 2
LogDevObjectVersion:   Dev-LoadTimes (C2A15278-BFE7-4AFE-6C17-90FF531DF755): 1
LogDevObjectVersion:   Private-Geometry (6EACA3D4-40EC-4CC1-B786-8BED09428FC5): 3
LogDevObjectVersion:   Dev-AnimPhys (29E575DD-E0A3-4627-9D10-D276232CDCEA): 17
LogDevObjectVersion:   Dev-Anim (AF43A65D-7FD3-4947-9873-3E8ED9C1BB05): 2
LogDevObjectVersion:   Dev-ReflectionCapture (6B266CEC-1EC7-4B8F-A30B-E4D90942FC07): 1
LogDevObjectVersion:   Dev-Automation (0DF73D61-A23F-47EA-B727-89E90C41499A): 1
LogDevObjectVersion:   FortniteMain (601D1886-AC64-4F84-AA16-D3DE0DEAC7D6): 27
LogDevObjectVersion:   Dev-Enterprise (9DFFBCD6-494F-0158-E221-12823C92A888): 6
LogDevObjectVersion:   Dev-Niagara (F2AED0AC-9AFE-416F-8664-AA7FFA26D6FC): 1
LogDevObjectVersion:   Dev-Destruction (174F1F0B-B4C6-45A5-B13F-2EE8D0FB917D): 9
LogInit: Presizing for max 16777216 objects, including 0 objects not considered by GC, pre-allocating 0 bytes for permanent pool.
LogInit: Object subsystem initialized
LogConfig: Setting CVar [[con.DebugEarlyDefault:1]]
LogConfig: Setting CVar [[r.setres:1280x720]]
[2020.01.25-16.17.57:166][  0]LogConfig: Setting CVar [[r.VSync:0]]
[2020.01.25-16.17.57:166][  0]LogConfig: Setting CVar [[r.RHICmdBypass:0]]
[2020.01.25-16.17.57:166][  0]LogConfig: Applying CVar settings from Section [/Script/Engine.RendererSettings] File [D:/Art/Park_SFAS/Park/Saved/Config/Windows/Engine.ini]
[2020.01.25-16.17.57:166][  0]LogConfig: Setting CVar [[r.GPUCrashDebugging:0]]
[2020.01.25-16.17.57:166][  0]LogConfig: Setting CVar [[r.DefaultFeature.AutoExposure.ExtendDefaultLuminanceRange:1]]
[2020.01.25-16.17.57:166][  0]LogConfig: Applying CVar settings from Section [/Script/Engine.RendererOverrideSettings] File [D:/Art/Park_SFAS/Park/Saved/Config/Windows/Engine.ini]
[2020.01.25-16.17.57:166][  0]LogConfig: Applying CVar settings from Section [/Script/Engine.StreamingSettings] File [D:/Art/Park_SFAS/Park/Saved/Config/Windows/Engine.ini]
[2020.01.25-16.17.57:166][  0]LogConfig: Setting CVar [[s.MinBulkDataSizeForAsyncLoading:131072]]
[2020.01.25-16.17.57:166][  0]LogConfig: Setting CVar [[s.AsyncLoadingThreadEnabled:0]]
[2020.01.25-16.17.57:166][  0]LogConfig: Setting CVar [[s.EventDrivenLoaderEnabled:1]]
[2020.01.25-16.17.57:166][  0]LogConfig: Setting CVar [[s.WarnIfTimeLimitExceeded:0]]
[2020.01.25-16.17.57:166][  0]LogConfig: Setting CVar [[s.TimeLimitExceededMultiplier:1.5]]
[2020.01.25-16.17.57:166][  0]LogConfig: Setting CVar [[s.TimeLimitExceededMinTime:0.005]]
[2020.01.25-16.17.57:166][  0]LogConfig: Setting CVar [[s.UseBackgroundLevelStreaming:1]]
[2020.01.25-16.17.57:166][  0]LogConfig: Setting CVar [[s.PriorityAsyncLoadingExtraTime:15.0]]
[2020.01.25-16.17.57:166][  0]LogConfig: Setting CVar [[s.LevelStreamingActorsUpdateTimeLimit:5.0]]
[2020.01.25-16.17.57:166][  0]LogConfig: Setting CVar [[s.PriorityLevelStreamingActorsUpdateExtraTime:5.0]]
[2020.01.25-16.17.57:166][  0]LogConfig: Setting CVar [[s.LevelStreamingComponentsRegistrationGranularity:10]]
[2020.01.25-16.17.57:166][  0]LogConfig: Setting CVar [[s.UnregisterComponentsTimeLimit:1.0]]
[2020.01.25-16.17.57:166][  0]LogConfig: Setting CVar [[s.LevelStreamingComponentsUnregistrationGranularity:5]]
[2020.01.25-16.17.57:166][  0]LogConfig: Applying CVar settings from Section [/Script/Engine.GarbageCollectionSettings] File [D:/Art/Park_SFAS/Park/Saved/Config/Windows/Engine.ini]
[2020.01.25-16.17.57:166][  0]LogConfig: Setting CVar [[gc.MaxObjectsNotConsideredByGC:1]]
[2020.01.25-16.17.57:167][  0]LogConfig: Setting CVar [[gc.SizeOfPermanentObjectPool:0]]
[2020.01.25-16.17.57:167][  0]LogConfig: Setting CVar [[gc.FlushStreamingOnGC:0]]
[2020.01.25-16.17.57:167][  0]LogConfig: Setting CVar [[gc.NumRetriesBeforeForcingGC:10]]
[2020.01.25-16.17.57:167][  0]LogConfig: Setting CVar [[gc.AllowParallelGC:1]]
[2020.01.25-16.17.57:167][  0]LogConfig: Setting CVar [[gc.TimeBetweenPurgingPendingKillObjects:61.1]]
[2020.01.25-16.17.57:167][  0]LogConfig: Setting CVar [[gc.MaxObjectsInEditor:16777216]]
[2020.01.25-16.17.57:167][  0]LogConfig: Setting CVar [[gc.IncrementalBeginDestroyEnabled:1]]
[2020.01.25-16.17.57:167][  0]LogConfig: Setting CVar [[gc.CreateGCClusters:1]]
[2020.01.25-16.17.57:167][  0]LogConfig: Setting CVar [[gc.MinGCClusterSize:5]]
[2020.01.25-16.17.57:167][  0]LogConfig: Setting CVar [[gc.ActorClusteringEnabled:0]]
[2020.01.25-16.17.57:167][  0]LogConfig: Setting CVar [[gc.BlueprintClusteringEnabled:0]]
[2020.01.25-16.17.57:167][  0]LogConfig: Setting CVar [[gc.UseDisregardForGCOnDedicatedServers:0]]
[2020.01.25-16.17.57:167][  0]LogConfig: Applying CVar settings from Section [/Script/Engine.NetworkSettings] File [D:/Art/Park_SFAS/Park/Saved/Config/Windows/Engine.ini]
[2020.01.25-16.17.57:167][  0]LogConfig: Applying CVar settings from Section [/Script/UnrealEd.CookerSettings] File [D:/Art/Park_SFAS/Park/Saved/Config/Windows/Engine.ini]
[2020.01.25-16.17.57:171][  0]LogConfig: Applying CVar settings from Section [ViewDistanceQuality@3] File [D:/Art/Park_SFAS/Park/Saved/Config/Windows/Scalability.ini]
[2020.01.25-16.17.57:171][  0]LogConfig: Setting CVar [[r.SkeletalMeshLODBias:0]]
[2020.01.25-16.17.57:171][  0]LogConfig: Setting CVar [[r.ViewDistanceScale:1.0]]
[2020.01.25-16.17.57:171][  0]LogConfig: Applying CVar settings from Section [AntiAliasingQuality@3] File [D:/Art/Park_SFAS/Park/Saved/Config/Windows/Scalability.ini]
[2020.01.25-16.17.57:171][  0]LogConfig: Setting CVar [[r.PostProcessAAQuality:4]]
[2020.01.25-16.17.57:171][  0]LogConfig: Applying CVar settings from Section [ShadowQuality@3] File [D:/Art/Park_SFAS/Park/Saved/Config/Windows/Scalability.ini]
[2020.01.25-16.17.57:171][  0]LogConfig: Setting CVar [[r.LightFunctionQuality:1]]
[2020.01.25-16.17.57:171][  0]LogConfig: Setting CVar [[r.ShadowQuality:5]]
[2020.01.25-16.17.57:171][  0]LogConfig: Setting CVar [[r.Shadow.CSM.MaxCascades:10]]
[2020.01.25-16.17.57:171][  0]LogConfig: Setting CVar [[r.Shadow.MaxResolution:2048]]
[2020.01.25-16.17.57:171][  0]LogConfig: Setting CVar [[r.Shadow.MaxCSMResolution:2048]]
[2020.01.25-16.17.57:171][  0]LogConfig: Setting CVar [[r.Shadow.RadiusThreshold:0.01]]
[2020.01.25-16.17.57:171][  0]LogConfig: Setting CVar [[r.Shadow.DistanceScale:1.0]]
[2020.01.25-16.17.57:171][  0]LogConfig: Setting CVar [[r.Shadow.CSM.TransitionScale:1.0]]
[2020.01.25-16.17.57:171][  0]LogConfig: Setting CVar [[r.Shadow.PreShadowResolutionFactor:1.0]]
[2020.01.25-16.17.57:171][  0]LogConfig: Setting CVar [[r.DistanceFieldShadowing:1]]
[2020.01.25-16.17.57:171][  0]LogConfig: Setting CVar [[r.DistanceFieldAO:1]]
[2020.01.25-16.17.57:171][  0]LogConfig: Setting CVar [[r.AOQuality:2]]
[2020.01.25-16.17.57:171][  0]LogConfig: Setting CVar [[r.VolumetricFog:1]]
[2020.01.25-16.17.57:171][  0]LogConfig: Setting CVar [[r.VolumetricFog.GridPixelSize:8]]
[2020.01.25-16.17.57:171][  0]LogConfig: Setting CVar [[r.VolumetricFog.GridSizeZ:128]]
[2020.01.25-16.17.57:171][  0]LogConfig: Setting CVar [[r.VolumetricFog.HistoryMissSupersampleCount:4]]
[2020.01.25-16.17.57:171][  0]LogConfig: Setting CVar [[r.LightMaxDrawDistanceScale:1]]
[2020.01.25-16.17.57:171][  0]LogConfig: Setting CVar [[r.CapsuleShadows:1]]
[2020.01.25-16.17.57:171][  0]LogConfig: Applying CVar settings from Section [PostProcessQuality@3] File [D:/Art/Park_SFAS/Park/Saved/Config/Windows/Scalability.ini]
[2020.01.25-16.17.57:171][  0]LogConfig: Setting CVar [[r.MotionBlurQuality:4]]
[2020.01.25-16.17.57:171][  0]LogConfig: Setting CVar [[r.AmbientOcclusionMipLevelFactor:0.4]]
[2020.01.25-16.17.57:171][  0]LogConfig: Setting CVar [[r.AmbientOcclusionMaxQuality:100]]
[2020.01.25-16.17.57:171][  0]LogConfig: Setting CVar [[r.AmbientOcclusionLevels:-1]]
[2020.01.25-16.17.57:171][  0]LogConfig: Setting CVar [[r.AmbientOcclusionRadiusScale:1.0]]
[2020.01.25-16.17.57:171][  0]LogConfig: Setting CVar [[r.DepthOfFieldQuality:2]]
[2020.01.25-16.17.57:171][  0]LogConfig: Setting CVar [[r.RenderTargetPoolMin:400]]
[2020.01.25-16.17.57:171][  0]LogConfig: Setting CVar [[r.LensFlareQuality:2]]
[2020.01.25-16.17.57:171][  0]LogConfig: Setting CVar [[r.SceneColorFringeQuality:1]]
[2020.01.25-16.17.57:171][  0]LogConfig: Setting CVar [[r.EyeAdaptationQuality:2]]
[2020.01.25-16.17.57:171][  0]LogConfig: Setting CVar [[r.BloomQuality:5]]
[2020.01.25-16.17.57:171][  0]LogConfig: Setting CVar [[r.FastBlurThreshold:100]]
[2020.01.25-16.17.57:171][  0]LogConfig: Setting CVar [[r.Upscale.Quality:3]]
[2020.01.25-16.17.57:171][  0]LogConfig: Setting CVar [[r.Tonemapper.GrainQuantization:1]]
[2020.01.25-16.17.57:171][  0]LogConfig: Setting CVar [[r.LightShaftQuality:1]]
[2020.01.25-16.17.57:171][  0]LogConfig: Setting CVar [[r.Filter.SizeScale:1]]
[2020.01.25-16.17.57:171][  0]LogConfig: Setting CVar [[r.Tonemapper.Quality:5]]
[2020.01.25-16.17.57:171][  0]LogConfig: Setting CVar [[r.DOF.Gather.AccumulatorQuality:1        ; higher gathering accumulator quality]]
[2020.01.25-16.17.57:171][  0]LogConfig: Setting CVar [[r.DOF.Gather.PostfilterMethod:1          ; Median3x3 postfilering method]]
[2020.01.25-16.17.57:171][  0]LogConfig: Setting CVar [[r.DOF.Gather.EnableBokehSettings:0       ; no bokeh simulation when gathering]]
[2020.01.25-16.17.57:171][  0]LogConfig: Setting CVar [[r.DOF.Gather.RingCount:4                 ; medium number of samples when gathering]]
[2020.01.25-16.17.57:171][  0]LogConfig: Setting CVar [[r.DOF.Scatter.ForegroundCompositing:1    ; additive foreground scattering]]
[2020.01.25-16.17.57:171][  0]LogConfig: Setting CVar [[r.DOF.Scatter.BackgroundCompositing:2    ; additive background scattering]]
[2020.01.25-16.17.57:171][  0]LogConfig: Setting CVar [[r.DOF.Scatter.EnableBokehSettings:1      ; bokeh simulation when scattering]]
[2020.01.25-16.17.57:171][  0]LogConfig: Setting CVar [[r.DOF.Scatter.MaxSpriteRatio:0.1         ; only a maximum of 10% of scattered bokeh]]
[2020.01.25-16.17.57:172][  0]LogConfig: Setting CVar [[r.DOF.Recombine.Quality:1                ; cheap slight out of focus]]
[2020.01.25-16.17.57:172][  0]LogConfig: Setting CVar [[r.DOF.Recombine.EnableBokehSettings:0    ; no bokeh simulation on slight out of focus]]
[2020.01.25-16.17.57:172][  0]LogConfig: Setting CVar [[r.DOF.TemporalAAQuality:1                ; more stable temporal accumulation]]
[2020.01.25-16.17.57:172][  0]LogConfig: Setting CVar [[r.DOF.Kernel.MaxForegroundRadius:0.025]]
[2020.01.25-16.17.57:172][  0]LogConfig: Setting CVar [[r.DOF.Kernel.MaxBackgroundRadius:0.025]]
[2020.01.25-16.17.57:172][  0]LogConfig: Applying CVar settings from Section [TextureQuality@3] File [D:/Art/Park_SFAS/Park/Saved/Config/Windows/Scalability.ini]
[2020.01.25-16.17.57:172][  0]LogConfig: Setting CVar [[r.Streaming.MipBias:0]]
[2020.01.25-16.17.57:172][  0]LogConfig: Setting CVar [[r.Streaming.AmortizeCPUToGPUCopy:0]]
[2020.01.25-16.17.57:172][  0]LogConfig: Setting CVar [[r.Streaming.MaxNumTexturesToStreamPerFrame:0]]
[2020.01.25-16.17.57:172][  0]LogConfig: Setting CVar [[r.Streaming.Boost:1]]
[2020.01.25-16.17.57:172][  0]LogConfig: Setting CVar [[r.MaxAnisotropy:8]]
[2020.01.25-16.17.57:172][  0]LogConfig: Setting CVar [[r.Streaming.LimitPoolSizeToVRAM:0]]
[2020.01.25-16.17.57:172][  0]LogConfig: Setting CVar [[r.Streaming.PoolSize:1000]]
[2020.01.25-16.17.57:172][  0]LogConfig: Setting CVar [[r.Streaming.MaxEffectiveScreenSize:0]]
[2020.01.25-16.17.57:172][  0]LogConfig: Applying CVar settings from Section [EffectsQuality@3] File [D:/Art/Park_SFAS/Park/Saved/Config/Windows/Scalability.ini]
[2020.01.25-16.17.57:172][  0]LogConfig: Setting CVar [[r.TranslucencyLightingVolumeDim:64]]
[2020.01.25-16.17.57:172][  0]LogConfig: Setting CVar [[r.RefractionQuality:2]]
[2020.01.25-16.17.57:172][  0]LogConfig: Setting CVar [[r.SSR.Quality:3]]
[2020.01.25-16.17.57:172][  0]LogConfig: Setting CVar [[r.SceneColorFormat:4]]
[2020.01.25-16.17.57:172][  0]LogConfig: Setting CVar [[r.DetailMode:2]]
[2020.01.25-16.17.57:172][  0]LogConfig: Setting CVar [[r.TranslucencyVolumeBlur:1]]
[2020.01.25-16.17.57:172][  0]LogConfig: Setting CVar [[r.MaterialQualityLevel:1 ; High quality]]
[2020.01.25-16.17.57:172][  0]LogConfig: Setting CVar [[r.SSS.Scale:1]]
[2020.01.25-16.17.57:172][  0]LogConfig: Setting CVar [[r.SSS.SampleSet:2]]
[2020.01.25-16.17.57:172][  0]LogConfig: Setting CVar [[r.SSS.Quality:1]]
[2020.01.25-16.17.57:172][  0]LogConfig: Setting CVar [[r.SSS.HalfRes:1]]
[2020.01.25-16.17.57:172][  0]LogConfig: Setting CVar [[r.EmitterSpawnRateScale:1.0]]
[2020.01.25-16.17.57:172][  0]LogConfig: Setting CVar [[r.ParticleLightQuality:2]]
[2020.01.25-16.17.57:172][  0]LogConfig: Applying CVar settings from Section [FoliageQuality@3] File [D:/Art/Park_SFAS/Park/Saved/Config/Windows/Scalability.ini]
[2020.01.25-16.17.57:172][  0]LogConfig: Setting CVar [[foliage.DensityScale:1.0]]
[2020.01.25-16.17.57:172][  0]LogConfig: Setting CVar [[grass.DensityScale:1.0]]
[2020.01.25-16.17.57:172][  0]LogInit: Selected Device Profile: [Windows]
[2020.01.25-16.17.57:172][  0]LogInit: Applying CVar settings loaded from the selected device profile: [Windows]
[2020.01.25-16.17.57:174][  0]LogHAL: Display: Platform has ~ 32 GB [34014822400 / 34359738368 / 32], which maps to Largest [LargestMinGB=32, LargerMinGB=12, DefaultMinGB=8, SmallerMinGB=6, SmallestMinGB=0)
[2020.01.25-16.17.57:174][  0]LogInit: Going up to parent DeviceProfile []
[2020.01.25-16.17.57:174][  0]LogConfig: Applying CVar settings from Section [ViewDistanceQuality@3] File [D:/Art/Park_SFAS/Park/Saved/Config/Windows/Scalability.ini]
[2020.01.25-16.17.57:174][  0]LogConfig: Setting CVar [[r.SkeletalMeshLODBias:0]]
[2020.01.25-16.17.57:174][  0]LogConfig: Setting CVar [[r.ViewDistanceScale:1.0]]
[2020.01.25-16.17.57:174][  0]LogConfig: Applying CVar settings from Section [AntiAliasingQuality@3] File [D:/Art/Park_SFAS/Park/Saved/Config/Windows/Scalability.ini]
[2020.01.25-16.17.57:174][  0]LogConfig: Setting CVar [[r.PostProcessAAQuality:4]]
[2020.01.25-16.17.57:174][  0]LogConfig: Applying CVar settings from Section [ShadowQuality@3] File [D:/Art/Park_SFAS/Park/Saved/Config/Windows/Scalability.ini]
[2020.01.25-16.17.57:174][  0]LogConfig: Setting CVar [[r.LightFunctionQuality:1]]
[2020.01.25-16.17.57:174][  0]LogConfig: Setting CVar [[r.ShadowQuality:5]]
[2020.01.25-16.17.57:174][  0]LogConfig: Setting CVar [[r.Shadow.CSM.MaxCascades:10]]
[2020.01.25-16.17.57:174][  0]LogConfig: Setting CVar [[r.Shadow.MaxResolution:2048]]
[2020.01.25-16.17.57:174][  0]LogConfig: Setting CVar [[r.Shadow.MaxCSMResolution:2048]]
[2020.01.25-16.17.57:174][  0]LogConfig: Setting CVar [[r.Shadow.RadiusThreshold:0.01]]
[2020.01.25-16.17.57:174][  0]LogConfig: Setting CVar [[r.Shadow.DistanceScale:1.0]]
[2020.01.25-16.17.57:174][  0]LogConfig: Setting CVar [[r.Shadow.CSM.TransitionScale:1.0]]
[2020.01.25-16.17.57:174][  0]LogConfig: Setting CVar [[r.Shadow.PreShadowResolutionFactor:1.0]]
[2020.01.25-16.17.57:175][  0]LogConfig: Setting CVar [[r.DistanceFieldShadowing:1]]
[2020.01.25-16.17.57:175][  0]LogConfig: Setting CVar [[r.DistanceFieldAO:1]]
[2020.01.25-16.17.57:175][  0]LogConfig: Setting CVar [[r.AOQuality:2]]
[2020.01.25-16.17.57:175][  0]LogConfig: Setting CVar [[r.VolumetricFog:1]]
[2020.01.25-16.17.57:175][  0]LogConfig: Setting CVar [[r.VolumetricFog.GridPixelSize:8]]
[2020.01.25-16.17.57:175][  0]LogConfig: Setting CVar [[r.VolumetricFog.GridSizeZ:128]]
[2020.01.25-16.17.57:175][  0]LogConfig: Setting CVar [[r.VolumetricFog.HistoryMissSupersampleCount:4]]
[2020.01.25-16.17.57:175][  0]LogConfig: Setting CVar [[r.LightMaxDrawDistanceScale:1]]
[2020.01.25-16.17.57:175][  0]LogConfig: Setting CVar [[r.CapsuleShadows:1]]
[2020.01.25-16.17.57:175][  0]LogConfig: Applying CVar settings from Section [PostProcessQuality@3] File [D:/Art/Park_SFAS/Park/Saved/Config/Windows/Scalability.ini]
[2020.01.25-16.17.57:175][  0]LogConfig: Setting CVar [[r.MotionBlurQuality:4]]
[2020.01.25-16.17.57:175][  0]LogConfig: Setting CVar [[r.AmbientOcclusionMipLevelFactor:0.4]]
[2020.01.25-16.17.57:175][  0]LogConfig: Setting CVar [[r.AmbientOcclusionMaxQuality:100]]
[2020.01.25-16.17.57:175][  0]LogConfig: Setting CVar [[r.AmbientOcclusionLevels:-1]]
[2020.01.25-16.17.57:175][  0]LogConfig: Setting CVar [[r.AmbientOcclusionRadiusScale:1.0]]
[2020.01.25-16.17.57:175][  0]LogConfig: Setting CVar [[r.DepthOfFieldQuality:2]]
[2020.01.25-16.17.57:175][  0]LogConfig: Setting CVar [[r.RenderTargetPoolMin:400]]
[2020.01.25-16.17.57:175][  0]LogConfig: Setting CVar [[r.LensFlareQuality:2]]
[2020.01.25-16.17.57:175][  0]LogConfig: Setting CVar [[r.SceneColorFringeQuality:1]]
[2020.01.25-16.17.57:175][  0]LogConfig: Setting CVar [[r.EyeAdaptationQuality:2]]
[2020.01.25-16.17.57:175][  0]LogConfig: Setting CVar [[r.BloomQuality:5]]
[2020.01.25-16.17.57:175][  0]LogConfig: Setting CVar [[r.FastBlurThreshold:100]]
[2020.01.25-16.17.57:175][  0]LogConfig: Setting CVar [[r.Upscale.Quality:3]]
[2020.01.25-16.17.57:175][  0]LogConfig: Setting CVar [[r.Tonemapper.GrainQuantization:1]]
[2020.01.25-16.17.57:175][  0]LogConfig: Setting CVar [[r.LightShaftQuality:1]]
[2020.01.25-16.17.57:175][  0]LogConfig: Setting CVar [[r.Filter.SizeScale:1]]
[2020.01.25-16.17.57:175][  0]LogConfig: Setting CVar [[r.Tonemapper.Quality:5]]
[2020.01.25-16.17.57:175][  0]LogConfig: Setting CVar [[r.DOF.Gather.AccumulatorQuality:1        ; higher gathering accumulator quality]]
[2020.01.25-16.17.57:175][  0]LogConfig: Setting CVar [[r.DOF.Gather.PostfilterMethod:1          ; Median3x3 postfilering method]]
[2020.01.25-16.17.57:175][  0]LogConfig: Setting CVar [[r.DOF.Gather.EnableBokehSettings:0       ; no bokeh simulation when gathering]]
[2020.01.25-16.17.57:175][  0]LogConfig: Setting CVar [[r.DOF.Gather.RingCount:4                 ; medium number of samples when gathering]]
[2020.01.25-16.17.57:175][  0]LogConfig: Setting CVar [[r.DOF.Scatter.ForegroundCompositing:1    ; additive foreground scattering]]
[2020.01.25-16.17.57:175][  0]LogConfig: Setting CVar [[r.DOF.Scatter.BackgroundCompositing:2    ; additive background scattering]]
[2020.01.25-16.17.57:175][  0]LogConfig: Setting CVar [[r.DOF.Scatter.EnableBokehSettings:1      ; bokeh simulation when scattering]]
[2020.01.25-16.17.57:175][  0]LogConfig: Setting CVar [[r.DOF.Scatter.MaxSpriteRatio:0.1         ; only a maximum of 10% of scattered bokeh]]
[2020.01.25-16.17.57:175][  0]LogConfig: Setting CVar [[r.DOF.Recombine.Quality:1                ; cheap slight out of focus]]
[2020.01.25-16.17.57:175][  0]LogConfig: Setting CVar [[r.DOF.Recombine.EnableBokehSettings:0    ; no bokeh simulation on slight out of focus]]
[2020.01.25-16.17.57:175][  0]LogConfig: Setting CVar [[r.DOF.TemporalAAQuality:1                ; more stable temporal accumulation]]
[2020.01.25-16.17.57:175][  0]LogConfig: Setting CVar [[r.DOF.Kernel.MaxForegroundRadius:0.025]]
[2020.01.25-16.17.57:175][  0]LogConfig: Setting CVar [[r.DOF.Kernel.MaxBackgroundRadius:0.025]]
[2020.01.25-16.17.57:175][  0]LogConfig: Applying CVar settings from Section [TextureQuality@3] File [D:/Art/Park_SFAS/Park/Saved/Config/Windows/Scalability.ini]
[2020.01.25-16.17.57:175][  0]LogConfig: Setting CVar [[r.Streaming.MipBias:0]]
[2020.01.25-16.17.57:175][  0]LogConfig: Setting CVar [[r.Streaming.AmortizeCPUToGPUCopy:0]]
[2020.01.25-16.17.57:175][  0]LogConfig: Setting CVar [[r.Streaming.MaxNumTexturesToStreamPerFrame:0]]
[2020.01.25-16.17.57:175][  0]LogConfig: Setting CVar [[r.Streaming.Boost:1]]
[2020.01.25-16.17.57:175][  0]LogConfig: Setting CVar [[r.MaxAnisotropy:8]]
[2020.01.25-16.17.57:175][  0]LogConfig: Setting CVar [[r.Streaming.LimitPoolSizeToVRAM:0]]
[2020.01.25-16.17.57:175][  0]LogConfig: Setting CVar [[r.Streaming.PoolSize:1000]]
[2020.01.25-16.17.57:175][  0]LogConfig: Setting CVar [[r.Streaming.MaxEffectiveScreenSize:0]]
[2020.01.25-16.17.57:175][  0]LogConfig: Applying CVar settings from Section [EffectsQuality@3] File [D:/Art/Park_SFAS/Park/Saved/Config/Windows/Scalability.ini]
[2020.01.25-16.17.57:175][  0]LogConfig: Setting CVar [[r.TranslucencyLightingVolumeDim:64]]
[2020.01.25-16.17.57:175][  0]LogConfig: Setting CVar [[r.RefractionQuality:2]]
[2020.01.25-16.17.57:175][  0]LogConfig: Setting CVar [[r.SSR.Quality:3]]
[2020.01.25-16.17.57:175][  0]LogConfig: Setting CVar [[r.SceneColorFormat:4]]
[2020.01.25-16.17.57:175][  0]LogConfig: Setting CVar [[r.DetailMode:2]]
[2020.01.25-16.17.57:175][  0]LogConfig: Setting CVar [[r.TranslucencyVolumeBlur:1]]
[2020.01.25-16.17.57:175][  0]LogConfig: Setting CVar [[r.MaterialQualityLevel:1 ; High quality]]
[2020.01.25-16.17.57:175][  0]LogConfig: Setting CVar [[r.SSS.Scale:1]]
[2020.01.25-16.17.57:175][  0]LogConfig: Setting CVar [[r.SSS.SampleSet:2]]
[2020.01.25-16.17.57:175][  0]LogConfig: Setting CVar [[r.SSS.Quality:1]]
[2020.01.25-16.17.57:175][  0]LogConfig: Setting CVar [[r.SSS.HalfRes:1]]
[2020.01.25-16.17.57:175][  0]LogConfig: Setting CVar [[r.EmitterSpawnRateScale:1.0]]
[2020.01.25-16.17.57:175][  0]LogConfig: Setting CVar [[r.ParticleLightQuality:2]]
[2020.01.25-16.17.57:175][  0]LogConfig: Applying CVar settings from Section [FoliageQuality@3] File [D:/Art/Park_SFAS/Park/Saved/Config/Windows/Scalability.ini]
[2020.01.25-16.17.57:175][  0]LogConfig: Setting CVar [[foliage.DensityScale:1.0]]
[2020.01.25-16.17.57:175][  0]LogConfig: Setting CVar [[grass.DensityScale:1.0]]
[2020.01.25-16.17.57:175][  0]LogConfig: Applying CVar settings from Section [Startup] File [../../../Engine/Config/ConsoleVariables.ini]
[2020.01.25-16.17.57:175][  0]LogConfig: Setting CVar [[net.UseAdaptiveNetUpdateFrequency:0]]
[2020.01.25-16.17.57:175][  0]LogConfig: Setting CVar [[p.chaos.AllowCreatePhysxBodies:1]]
[2020.01.25-16.17.57:175][  0]LogConfig: Applying CVar settings from Section [ConsoleVariables] File [D:/Art/Park_SFAS/Park/Saved/Config/Windows/Engine.ini]
[2020.01.25-16.17.57:176][  0]LogInit: Computer: JONATHAN-PC
[2020.01.25-16.17.57:176][  0]LogInit: User: Jonathan
[2020.01.25-16.17.57:176][  0]LogInit: CPU Page size=4096, Cores=8
[2020.01.25-16.17.57:176][  0]LogInit: High frequency timer resolution =10.000000 MHz
[2020.01.25-16.17.57:176][  0]LogMemory: Memory total: Physical=31.7GB (32GB approx)
[2020.01.25-16.17.57:176][  0]LogMemory: Platform Memory Stats for Windows
[2020.01.25-16.17.57:176][  0]LogMemory: Process Physical Memory: 101.87 MB used, 101.88 MB peak
[2020.01.25-16.17.57:176][  0]LogMemory: Process Virtual Memory: 102.34 MB used, 102.34 MB peak
[2020.01.25-16.17.57:176][  0]LogMemory: Physical Memory: 11423.87 MB used,  21015.20 MB free, 32439.06 MB total
[2020.01.25-16.17.57:176][  0]LogMemory: Virtual Memory: 4703.18 MB used,  134213024.00 MB free, 134217728.00 MB total
[2020.01.25-16.17.57:178][  0]LogWindows: WindowsPlatformFeatures enabled
[2020.01.25-16.17.57:197][  0]LogInit: Using OS detected language (en-GB).
[2020.01.25-16.17.57:197][  0]LogInit: Using OS detected locale (en-GB).
[2020.01.25-16.17.57:198][  0]LogTextLocalizationManager: No specific localization for 'en-GB' exists, so the 'en' localization will be used.
[2020.01.25-16.17.57:357][  0]LogInit: Setting process to per monitor DPI aware
[2020.01.25-16.17.57:385][  0]LogSlate: New Slate User Created.  User Index 0, Is Virtual User: 0
[2020.01.25-16.17.57:385][  0]LogSlate: Slate User Registered.  User Index 0, Is Virtual User: 0
[2020.01.25-16.17.57:556][  0]LogHMD: Failed to initialize OpenVR with code 110
[2020.01.25-16.17.57:556][  0]LogD3D11RHI: D3D11 adapters:
[2020.01.25-16.17.57:604][  0]LogD3D11RHI:    0. 'NVIDIA GeForce GTX 1080 Ti' (Feature Level 11_0)
[2020.01.25-16.17.57:604][  0]LogD3D11RHI:       11127/0/16219 MB DedicatedVideo/DedicatedSystem/SharedSystem, Outputs:2, VendorId:0x10de
[2020.01.25-16.17.57:607][  0]LogD3D11RHI:    1. 'Microsoft Basic Render Driver' (Feature Level 11_0)
[2020.01.25-16.17.57:607][  0]LogD3D11RHI:       0/0/16219 MB DedicatedVideo/DedicatedSystem/SharedSystem, Outputs:0, VendorId:0x1414
[2020.01.25-16.17.57:607][  0]LogD3D11RHI: Chosen D3D11 Adapter: 0
[2020.01.25-16.17.57:616][  0]LogD3D11RHI: Creating new Direct3DDevice
[2020.01.25-16.17.57:616][  0]LogD3D11RHI:     GPU DeviceId: 0x1b06 (for the marketing name, search the web for "GPU Device Id")
[2020.01.25-16.17.57:616][  0]LogWindows: EnumDisplayDevices:
[2020.01.25-16.17.57:616][  0]LogWindows:    0. 'NVIDIA GeForce GTX 1080 Ti' (P:1 D:1)
[2020.01.25-16.17.57:616][  0]LogWindows:    1. 'NVIDIA GeForce GTX 1080 Ti' (P:0 D:1)
[2020.01.25-16.17.57:617][  0]LogWindows:    2. 'NVIDIA GeForce GTX 1080 Ti' (P:0 D:0)
[2020.01.25-16.17.57:617][  0]LogWindows:    3. 'NVIDIA GeForce GTX 1080 Ti' (P:0 D:0)
[2020.01.25-16.17.57:617][  0]LogWindows: DebugString: FoundDriverCount:4 
[2020.01.25-16.17.57:617][  0]LogD3D11RHI:     Adapter Name: NVIDIA GeForce GTX 1080 Ti
[2020.01.25-16.17.57:617][  0]LogD3D11RHI:   Driver Version: 432.00 (internal:26.21.14.3200, unified:432.00)
[2020.01.25-16.17.57:617][  0]LogD3D11RHI:      Driver Date: 7-24-2019
[2020.01.25-16.17.57:617][  0]LogRHI: Texture pool is 7788 MB (70% of 11127 MB)
[2020.01.25-16.17.57:656][  0]LogD3D11RHI: Async texture creation enabled
[2020.01.25-16.17.57:683][  0]LogD3D11RHI: GPU Timing Frequency: 1000.000000 (Debug: 2 1)
[2020.01.25-16.17.57:995][  0]LogTemp: Display: Module 'AllDesktopTargetPlatform' loaded TargetPlatform 'AllDesktop'
[2020.01.25-16.17.58:006][  0]LogTemp: Display: Module 'MacClientTargetPlatform' loaded TargetPlatform 'MacClient'
[2020.01.25-16.17.58:014][  0]LogTemp: Display: Module 'MacNoEditorTargetPlatform' loaded TargetPlatform 'MacNoEditor'
[2020.01.25-16.17.58:021][  0]LogTemp: Display: Module 'MacServerTargetPlatform' loaded TargetPlatform 'MacServer'
[2020.01.25-16.17.58:028][  0]LogTemp: Display: Module 'MacTargetPlatform' loaded TargetPlatform 'Mac'
[2020.01.25-16.17.58:035][  0]LogTemp: Display: Module 'WindowsClientTargetPlatform' loaded TargetPlatform 'WindowsClient'
[2020.01.25-16.17.58:042][  0]LogTemp: Display: Module 'WindowsNoEditorTargetPlatform' loaded TargetPlatform 'WindowsNoEditor'
[2020.01.25-16.17.58:049][  0]LogTemp: Display: Module 'WindowsServerTargetPlatform' loaded TargetPlatform 'WindowsServer'
[2020.01.25-16.17.58:052][  0]LogTemp: Display: Module 'WindowsTargetPlatform' loaded TargetPlatform 'Windows'
[2020.01.25-16.17.58:080][  0]LogTemp: Display: Module 'AndroidTargetPlatform' loaded TargetPlatform 'Android'
[2020.01.25-16.17.58:080][  0]LogTemp: Display: Module 'AndroidTargetPlatform' loaded TargetPlatform 'Android_ASTC'
[2020.01.25-16.17.58:080][  0]LogTemp: Display: Module 'AndroidTargetPlatform' loaded TargetPlatform 'Android_ATC'
[2020.01.25-16.17.58:080][  0]LogTemp: Display: Module 'AndroidTargetPlatform' loaded TargetPlatform 'Android_DXT'
[2020.01.25-16.17.58:080][  0]LogTemp: Display: Module 'AndroidTargetPlatform' loaded TargetPlatform 'Android_ETC1'
[2020.01.25-16.17.58:080][  0]LogTemp: Display: Module 'AndroidTargetPlatform' loaded TargetPlatform 'Android_ETC1a'
[2020.01.25-16.17.58:080][  0]LogTemp: Display: Module 'AndroidTargetPlatform' loaded TargetPlatform 'Android_ETC2'
[2020.01.25-16.17.58:080][  0]LogTemp: Display: Module 'AndroidTargetPlatform' loaded TargetPlatform 'Android_PVRTC'
[2020.01.25-16.17.58:080][  0]LogTemp: Display: Module 'AndroidTargetPlatform' loaded TargetPlatform 'AndroidClient'
[2020.01.25-16.17.58:080][  0]LogTemp: Display: Module 'AndroidTargetPlatform' loaded TargetPlatform 'Android_ASTCClient'
[2020.01.25-16.17.58:080][  0]LogTemp: Display: Module 'AndroidTargetPlatform' loaded TargetPlatform 'Android_ATCClient'
[2020.01.25-16.17.58:080][  0]LogTemp: Display: Module 'AndroidTargetPlatform' loaded TargetPlatform 'Android_DXTClient'
[2020.01.25-16.17.58:080][  0]LogTemp: Display: Module 'AndroidTargetPlatform' loaded TargetPlatform 'Android_ETC1Client'
[2020.01.25-16.17.58:080][  0]LogTemp: Display: Module 'AndroidTargetPlatform' loaded TargetPlatform 'Android_ETC1aClient'
[2020.01.25-16.17.58:080][  0]LogTemp: Display: Module 'AndroidTargetPlatform' loaded TargetPlatform 'Android_ETC2Client'
[2020.01.25-16.17.58:080][  0]LogTemp: Display: Module 'AndroidTargetPlatform' loaded TargetPlatform 'Android_PVRTCClient'
[2020.01.25-16.17.58:080][  0]LogTemp: Display: Module 'AndroidTargetPlatform' loaded TargetPlatform 'Android_Multi'
[2020.01.25-16.17.58:080][  0]LogTemp: Display: Module 'AndroidTargetPlatform' loaded TargetPlatform 'Android_MultiClient'
[2020.01.25-16.17.58:082][  0]LogTemp: Display: Module 'HTML5TargetPlatform' loaded TargetPlatform 'HTML5'
[2020.01.25-16.17.58:095][  0]LogTemp: Display: Module 'IOSTargetPlatform' loaded TargetPlatform 'IOSClient'
[2020.01.25-16.17.58:095][  0]LogTemp: Display: Module 'IOSTargetPlatform' loaded TargetPlatform 'IOS'
[2020.01.25-16.17.58:107][  0]LogTemp: Display: Module 'TVOSTargetPlatform' loaded TargetPlatform 'TVOSClient'
[2020.01.25-16.17.58:107][  0]LogTemp: Display: Module 'TVOSTargetPlatform' loaded TargetPlatform 'TVOS'
[2020.01.25-16.17.58:112][  0]LogTemp: Display: Module 'LinuxClientTargetPlatform' loaded TargetPlatform 'LinuxClient'
[2020.01.25-16.17.58:118][  0]LogTemp: Display: Module 'LinuxNoEditorTargetPlatform' loaded TargetPlatform 'LinuxNoEditor'
[2020.01.25-16.17.58:124][  0]LogTemp: Display: Module 'LinuxServerTargetPlatform' loaded TargetPlatform 'LinuxServer'
[2020.01.25-16.17.58:130][  0]LogTemp: Display: Module 'LinuxTargetPlatform' loaded TargetPlatform 'Linux'
[2020.01.25-16.17.58:150][  0]LogTemp: Display: Module 'LuminTargetPlatform' loaded TargetPlatform 'Lumin'
[2020.01.25-16.17.58:150][  0]LogTemp: Display: Module 'LuminTargetPlatform' loaded TargetPlatform 'LuminClient'
[2020.01.25-16.17.58:150][  0]LogTargetPlatformManager: Display: Building Assets For Windows
[2020.01.25-16.17.58:157][  0]LogAudioDebug: Display: Lib vorbis DLL was dynamically loaded.
[2020.01.25-16.17.58:191][  0]LogShaderCompilers: Guid format shader working directory is 15 characters bigger than the processId version (../../../../Art/Park_SFAS/Park/Intermediate/Shaders/WorkingDirectory/11284/).
[2020.01.25-16.17.58:191][  0]LogShaderCompilers: Cleaned the shader compiler working directory 'C:/Users/jonat/AppData/Local/Temp/UnrealShaderWorkingDir/C9FACCEA4291F91D1F42638F03710C22/'.
[2020.01.25-16.17.58:192][  0]LogXGEController: Cannot use XGE Controller as Incredibuild is not installed on this machine.
[2020.01.25-16.17.58:192][  0]LogShaderCompilers: Cannot use XGE Shader Compiler as Incredibuild is not installed on this machine.
[2020.01.25-16.17.58:192][  0]LogShaderCompilers: Display: Using Local Shader Compiler.
[2020.01.25-16.17.58:741][  0]LogDerivedDataCache: Display: Max Cache Size: 512 MB
[2020.01.25-16.17.58:788][  0]LogDerivedDataCache: Loaded boot cache 0.05s 73MB C:/Users/jonat/AppData/Local/UnrealEngine/4.23/DerivedDataCache/Boot.ddc.
[2020.01.25-16.17.58:788][  0]LogDerivedDataCache: Display: Loaded Boot cache: C:/Users/jonat/AppData/Local/UnrealEngine/4.23/DerivedDataCache/Boot.ddc
[2020.01.25-16.17.58:789][  0]LogDerivedDataCache: FDerivedDataBackendGraph:  Pak pak cache file ../../../../Art/Park_SFAS/Park/DerivedDataCache/DDC.ddp not found, will not use a pak cache.
[2020.01.25-16.17.58:789][  0]LogDerivedDataCache: Unable to find inner node Pak for hierarchical cache Hierarchy.
[2020.01.25-16.17.58:789][  0]LogDerivedDataCache: FDerivedDataBackendGraph:  CompressedPak pak cache file ../../../../Art/Park_SFAS/Park/DerivedDataCache/Compressed.ddp not found, will not use a pak cache.
[2020.01.25-16.17.58:789][  0]LogDerivedDataCache: Unable to find inner node CompressedPak for hierarchical cache Hierarchy.
[2020.01.25-16.17.58:798][  0]LogDerivedDataCache: Display: Pak cache opened for reading ../../../Engine/DerivedDataCache/Compressed.ddp.
[2020.01.25-16.17.58:798][  0]LogDerivedDataCache: FDerivedDataBackendGraph:  EnterprisePak pak cache file ../../../Enterprise/DerivedDataCache/Compressed.ddp not found, will not use a pak cache.
[2020.01.25-16.17.58:798][  0]LogDerivedDataCache: Unable to find inner node EnterprisePak for hierarchical cache Hierarchy.
[2020.01.25-16.17.58:800][  0]LogDerivedDataCache: Using Local data cache path C:/Users/jonat/AppData/Local/UnrealEngine/Common/DerivedDataCache: Writable
[2020.01.25-16.17.58:800][  0]LogDerivedDataCache: Shared data cache path not found in *engine.ini, will not use an Shared cache.
[2020.01.25-16.17.58:800][  0]LogDerivedDataCache: Unable to find inner node Shared for hierarchical cache Hierarchy.
[2020.01.25-16.17.58:818][  0]LogMaterial: Verifying Global Shaders for PCD3D_SM5
[2020.01.25-16.17.58:820][  0]LogSlate: Using FreeType 2.6.0
[2020.01.25-16.17.58:821][  0]LogSlate: SlateFontServices - WITH_FREETYPE: 1, WITH_HARFBUZZ: 1
[2020.01.25-16.17.58:872][  0]LogAssetRegistry: FAssetRegistry took 0.0023 seconds to start up
[2020.01.25-16.17.59:096][  0]LogInit: Selected Device Profile: [Windows]
[2020.01.25-16.17.59:215][  0]LogMeshReduction: Using QuadricMeshReduction for automatic static mesh reduction
[2020.01.25-16.17.59:215][  0]LogMeshReduction: Using SimplygonMeshReduction for automatic skeletal mesh reduction
[2020.01.25-16.17.59:215][  0]LogMeshReduction: Using ProxyLODMeshReduction for automatic mesh merging
[2020.01.25-16.17.59:215][  0]LogMeshReduction: No distributed automatic mesh merging module available
[2020.01.25-16.17.59:215][  0]LogMeshMerging: No distributed automatic mesh merging module available
[2020.01.25-16.17.59:223][  0]LogNetVersion: Park 1.0.0, NetCL: 8386587, EngineNetVer: 11, GameNetVer: 0 (Checksum: 2217119901)
[2020.01.25-16.17.59:574][  0]LogPackageLocalizationCache: Processed 12 localized package path(s) for 1 prioritized culture(s) in 0.059080 seconds
[2020.01.25-16.17.59:582][  0]LogUObjectArray: 43444 objects as part of root set at end of initial load.
[2020.01.25-16.17.59:582][  0]LogUObjectAllocator: 7548648 out of 0 bytes used by permanent object pool.
[2020.01.25-16.17.59:582][  0]LogUObjectArray: CloseDisregardForGC: 0/0 objects in disregard for GC pool
[2020.01.25-16.18.00:325][  0]LogTcpMessaging: Initializing TcpMessaging bridge
[2020.01.25-16.18.00:329][  0]LogUdpMessaging: Initializing bridge on interface 0.0.0.0:0 to multicast group 230.0.0.1:6666.
[2020.01.25-16.18.00:376][  0]SourceControl: Source control is disabled
[2020.01.25-16.18.00:376][  0]SourceControl: Source control is disabled
[2020.01.25-16.18.00:377][  0]SourceControl: Source control is disabled
[2020.01.25-16.18.00:378][  0]SourceControl: Source control is disabled
[2020.01.25-16.18.00:453][  0]LogAndroidPermission: UAndroidPermissionCallbackProxy::GetInstance
[2020.01.25-16.18.00:608][  0]LogOcInput: OculusInput pre-init called
[2020.01.25-16.18.00:613][  0]LogWindows: Failed to load 'OVRPlugin.dll' (GetLastError=126)
[2020.01.25-16.18.00:613][  0]LogWindows: File 'OVRPlugin.dll' does not exist
[2020.01.25-16.18.00:671][  0]LogEngine: Initializing Engine...
[2020.01.25-16.18.00:672][  0]LogHMD: Failed to initialize OpenVR with code 110
[2020.01.25-16.18.00:673][  0]LogStats: UGameplayTagsManager::InitializeManager -  0.000 s
[2020.01.25-16.18.00:847][  0]LogInit: Initializing FReadOnlyCVARCache
[2020.01.25-16.18.00:858][  0]LogAIModule: Creating AISystem for world Untitled
[2020.01.25-16.18.00:887][  0]LogInit: XAudio2 using 'Speakers (Realtek High Definition Audio)' : 2 channels at 48 kHz using 32 bits per sample (channel mask 0x3)
[2020.01.25-16.18.00:902][  0]LogInit: FAudioDevice initialized.
[2020.01.25-16.18.00:902][  0]LogNetVersion: Set ProjectVersion to 1.0.0.0. Version Checksum will be recalculated on next use.
[2020.01.25-16.18.00:980][  0]LogDerivedDataCache: Saved boot cache 0.08s 73MB C:/Users/jonat/AppData/Local/UnrealEngine/4.23/DerivedDataCache/Boot.ddc.
[2020.01.25-16.18.00:986][  0]LogInit: Texture streaming: Enabled
[2020.01.25-16.18.01:001][  0]LogEngineSessionManager: EngineSessionManager initialized
[2020.01.25-16.18.01:001][  0]LogEditorSessionSummary: Verbose: Initializing EditorSessionSummaryWriter for editor session tracking
[2020.01.25-16.18.01:001][  0]LogEditorSessionSummary: EditorSessionSummaryWriter initialized
[2020.01.25-16.18.01:046][  0]LogInit: Transaction tracking system initialized
[2020.01.25-16.18.01:066][  0]BlueprintLog: New page: Editor Load
[2020.01.25-16.18.01:127][  0]LocalizationService: Localization service is disabled
[2020.01.25-16.18.01:306][  0]LogFileCache: Scanning file cache for directory 'D:/Art/Park_SFAS/Park/Content/' took 0.01s
[2020.01.25-16.18.01:306][  0]LogCook: Display: Max memory allowance for cook 16384mb min free memory 0mb
[2020.01.25-16.18.01:306][  0]LogCook: Display: Mobile HDR setting 1
[2020.01.25-16.18.01:458][  0]SourceControl: Source control is disabled
[2020.01.25-16.18.01:458][  0]Cmd: MAP LOAD FILE="../../../Engine/Content/Maps/Templates/Template_Default.umap" TEMPLATE=1 SHOWPROGRESS=1 FEATURELEVEL=3
[2020.01.25-16.18.01:459][  0]LightingResults: New page: Lighting Build
[2020.01.25-16.18.01:460][  0]LogWorld: UWorld::CleanupWorld for Untitled, bSessionEnded=true, bCleanupResources=true
[2020.01.25-16.18.01:460][  0]MapCheck: New page: Map Check
[2020.01.25-16.18.01:461][  0]LightingResults: New page: Lighting Build
[2020.01.25-16.18.01:499][  0]LogUObjectHash: Compacting FUObjectHashTables data took   1.62ms
[2020.01.25-16.18.01:557][  0]LogAIModule: Creating AISystem for world Untitled_1
[2020.01.25-16.18.01:561][  0]LogEditorServer: Finished looking for orphan Actors (0.000 secs)
[2020.01.25-16.18.01:600][  0]LogUObjectHash: Compacting FUObjectHashTables data took   1.94ms
[2020.01.25-16.18.01:601][  0]Cmd: MAP CHECKDEP NOCLEARLOG
[2020.01.25-16.18.01:601][  0]MapCheck: Map check complete: 0 Error(s), 0 Warning(s), took 0.109ms to complete.
[2020.01.25-16.18.01:601][  0]LogFileHelpers: Loading map 'Template_Default' took 0.143
[2020.01.25-16.18.01:746][  0]LogSlate: Updating window title bar state: overlay mode, drag disabled, window buttons hidden, title bar hidden
[2020.01.25-16.18.01:754][  0]LogSlate: Updating window title bar state: overlay mode, drag disabled, window buttons hidden, title bar hidden
[2020.01.25-16.18.01:764][  0]LogSlate: Updating window title bar state: overlay mode, drag disabled, window buttons hidden, title bar hidden
[2020.01.25-16.18.01:775][  0]LogSlate: Updating window title bar state: overlay mode, drag disabled, window buttons hidden, title bar hidden
[2020.01.25-16.18.01:784][  0]LogCollectionManager: Loaded 0 collections in 0.000974 seconds
[2020.01.25-16.18.01:797][  0]LogFileCache: Scanning file cache for directory 'D:/Art/Park_SFAS/Park/Saved/Collections/' took 0.00s
[2020.01.25-16.18.01:797][  0]LogFileCache: Scanning file cache for directory 'D:/Art/Park_SFAS/Park/Content/Developers/Jonathan/Collections/' took 0.00s
[2020.01.25-16.18.01:797][  0]LogFileCache: Scanning file cache for directory 'D:/Art/Park_SFAS/Park/Content/Collections/' took 0.00s
[2020.01.25-16.18.01:798][  0]LogCollectionManager: Rebuilt the GUID cache for 0 collections in 0.000002 seconds
[2020.01.25-16.18.01:806][  0]LogContentBrowser: Native class hierarchy populated in 0.0084 seconds. Added 2863 classes and 680 folders.
[2020.01.25-16.18.01:812][  0]LogContentBrowser: Native class hierarchy updated for 'WidgetCarousel' in 0.0003 seconds. Added 0 classes and 0 folders.
[2020.01.25-16.18.02:125][  0]LogContentBrowser: Native class hierarchy updated for 'AddContentDialog' in 0.0003 seconds. Added 0 classes and 0 folders.
[2020.01.25-16.18.02:161][  0]LogContentBrowser: Native class hierarchy updated for 'SceneOutliner' in 0.0003 seconds. Added 1 classes and 2 folders.
[2020.01.25-16.18.02:346][  0]LogSlate: Took 0.000222 seconds to synchronously load lazily loaded font '../../../Engine/Content/Slate/Fonts/Roboto-Regular.ttf' (155K)
[2020.01.25-16.18.02:348][  0]LogSlate: Took 0.000181 seconds to synchronously load lazily loaded font '../../../Engine/Content/Slate/Fonts/Roboto-Bold.ttf' (160K)
[2020.01.25-16.18.02:360][  0]LogSlate: Took 0.005610 seconds to synchronously load lazily loaded font '../../../Engine/Content/Editor/Slate/Fonts/FontAwesome.ttf' (139K)
[2020.01.25-16.18.02:477][  0]LogRenderer: Reallocating scene render targets to support 1208x512 Format 10 NumSamples 1 (Frame:1).
[2020.01.25-16.18.02:549][  0]LogContentBrowser: Native class hierarchy updated for 'HierarchicalLODOutliner' in 0.0003 seconds. Added 0 classes and 0 folders.
[2020.01.25-16.18.02:549][  0]LogLoad: (Engine Initialization) Total time: 6.53 seconds
[2020.01.25-16.18.02:549][  0]LogLoad: (Engine Initialization) Total Blueprint compile time: 0.00 seconds
[2020.01.25-16.18.02:595][  0]LogAssetRegistry: Asset discovery search completed in 3.7244 seconds
[2020.01.25-16.18.02:598][  0]LogCollectionManager: Rebuilt the object cache for 0 collections in 0.000004 seconds (found 0 objects)
[2020.01.25-16.18.02:598][  0]LogCollectionManager: Fixed up redirectors for 0 collections in 0.000054 seconds (updated 0 objects)
[2020.01.25-16.18.02:604][  0]LogContentStreaming: Texture pool size now 1000 MB
[2020.01.25-16.18.02:641][  0]LogSlate: Took 0.006354 seconds to synchronously load lazily loaded font '../../../Engine/Content/Slate/Fonts/Roboto-Light.ttf' (167K)
[2020.01.25-16.18.04:727][167]LogSlate: FSceneViewport::OnFocusLost() reason 0
[2020.01.25-16.18.44:827][178]LogSlate: Took 0.000215 seconds to synchronously load lazily loaded font '../../../Engine/Content/Slate/Fonts/Roboto-Light.ttf' (167K)
[2020.01.25-16.18.44:864][178]LogFactory: FactoryCreateFile: Texture with ReimportTextureFactory (0 0 ../../../../Art/Park_SFAS/Textures/Gravel/New_Graph_basecolor.tga)
[2020.01.25-16.18.44:916][178]LogTexture: Display: Building textures: New_Graph_basecolor (AutoDXT, 2048X2048)
[2020.01.25-16.18.45:350][178]LogFactory: FactoryCreateFile: Texture with ReimportTextureFactory (0 0 ../../../../Art/Park_SFAS/Textures/Gravel/New_Graph_metallic.tga)
[2020.01.25-16.18.45:391][178]LogTexture: Display: Building textures: New_Graph_metallic (AutoDXT, 2048X2048)
[2020.01.25-16.18.45:972][178]LogFactory: FactoryCreateFile: Texture with ReimportTextureFactory (0 0 ../../../../Art/Park_SFAS/Textures/Gravel/New_Graph_normal.tga)
[2020.01.25-16.18.46:018][178]LogTexture: Display: Building textures: New_Graph_normal (BC5, 2048X2048)
[2020.01.25-16.19.00:751][917]Cmd: OBJ SAVEPACKAGE PACKAGE="/Game/Textures/T_gravel_basecolor" FILE="../../../../Art/Park_SFAS/Park/Content/Textures/T_gravel_basecolor.uasset" SILENT=true
[2020.01.25-16.19.01:249][917]LogSavePackage: Moving '../../../../Art/Park_SFAS/Park/Saved/T_gravel_basecolorC5A2D1D248EA53DB9E2FA8A559E666D7.tmp' to '../../../../Art/Park_SFAS/Park/Content/Textures/T_gravel_basecolor.uasset'
[2020.01.25-16.19.01:359][917]LogUObjectHash: Compacting FUObjectHashTables data took   1.34ms
[2020.01.25-16.19.01:399][917]LogUObjectHash: Compacting FUObjectHashTables data took   1.50ms
[2020.01.25-16.19.01:434][917]LogUObjectHash: Compacting FUObjectHashTables data took   0.96ms
[2020.01.25-16.19.02:555][ 40]LogEditorSessionSummary: EditorSessionSummary sent report. Type=Shutdown, SessionId={42F7DE57-444B-E4E4-E848-268A1D6E5C5E}
[2020.01.25-16.19.08:464][735]Cmd: OBJ SAVEPACKAGE PACKAGE="/Game/Textures/T_Gravel_metallic" FILE="../../../../Art/Park_SFAS/Park/Content/Textures/T_Gravel_metallic.uasset" SILENT=true
[2020.01.25-16.19.08:938][735]LogSavePackage: Moving '../../../../Art/Park_SFAS/Park/Saved/T_Gravel_metallic80592E95497368A0EBD3679045FA40A4.tmp' to '../../../../Art/Park_SFAS/Park/Content/Textures/T_Gravel_metallic.uasset'
[2020.01.25-16.19.09:047][735]LogUObjectHash: Compacting FUObjectHashTables data took   0.72ms
[2020.01.25-16.19.09:085][735]LogUObjectHash: Compacting FUObjectHashTables data took   0.95ms
[2020.01.25-16.19.09:120][735]LogUObjectHash: Compacting FUObjectHashTables data took   0.96ms
[2020.01.25-16.19.14:861][399]Cmd: OBJ SAVEPACKAGE PACKAGE="/Game/Textures/T_Gravel_normal" FILE="../../../../Art/Park_SFAS/Park/Content/Textures/T_Gravel_normal.uasset" SILENT=true
[2020.01.25-16.19.15:370][399]LogSavePackage: Moving '../../../../Art/Park_SFAS/Park/Saved/T_Gravel_normal049DE788468FBC091AAFD392B10B8955.tmp' to '../../../../Art/Park_SFAS/Park/Content/Textures/T_Gravel_normal.uasset'
[2020.01.25-16.19.15:485][399]LogUObjectHash: Compacting FUObjectHashTables data took   0.75ms
[2020.01.25-16.19.15:523][399]LogUObjectHash: Compacting FUObjectHashTables data took   0.94ms
[2020.01.25-16.19.15:557][399]LogUObjectHash: Compacting FUObjectHashTables data took   0.71ms
[2020.01.25-16.19.37:771][998]LogAssetEditorManager: Opening Asset editor for Material /Game/Materials/m_Gravel.m_Gravel
[2020.01.25-16.19.37:774][998]LogMaterial: Display: Missing cached shader map for material m_Gravel, compiling. 
[2020.01.25-16.19.38:170][998]LogMaterial: Display: Missing cached shader map for material m_Gravel, compiling. 
[2020.01.25-16.19.38:185][998]LogMaterial: Display: Missing cached shader map for material m_Gravel, compiling. 
[2020.01.25-16.19.38:201][998]LogShaderCompilers: Display: Worker (1/13): shaders left to compile 21
[2020.01.25-16.19.38:201][998]LogShaderCompilers: Display: Worker (2/13): shaders left to compile 20
[2020.01.25-16.19.38:201][998]LogShaderCompilers: Display: Worker (3/13): shaders left to compile 19
[2020.01.25-16.19.38:201][998]LogShaderCompilers: Display: Worker (4/13): shaders left to compile 18
[2020.01.25-16.19.38:202][998]LogShaderCompilers: Display: Worker (5/13): shaders left to compile 17
[2020.01.25-16.19.38:202][998]LogShaderCompilers: Display: Worker (6/13): shaders left to compile 16
[2020.01.25-16.19.38:202][998]LogShaderCompilers: Display: Worker (7/13): shaders left to compile 15
[2020.01.25-16.19.38:202][998]LogShaderCompilers: Display: Worker (8/13): shaders left to compile 14
[2020.01.25-16.19.38:202][998]LogShaderCompilers: Display: Worker (9/13): shaders left to compile 13
[2020.01.25-16.19.38:202][998]LogShaderCompilers: Display: Worker (10/13): shaders left to compile 12
[2020.01.25-16.19.38:202][998]LogShaderCompilers: Display: Worker (11/13): shaders left to compile 11
[2020.01.25-16.19.38:202][998]LogShaderCompilers: Display: Worker (12/13): shaders left to compile 10
[2020.01.25-16.19.38:239][998]LogSlate: Took 0.006209 seconds to synchronously load lazily loaded font '../../../Engine/Content/Slate/Fonts/Roboto-BoldCondensed.ttf' (158K)
[2020.01.25-16.19.39:000][ 57]LogShaderCompilers: Display: Worker (8/13): shaders left to compile 9
[2020.01.25-16.19.39:114][ 65]LogShaderCompilers: Display: Worker (6/13): shaders left to compile 8
[2020.01.25-16.19.39:139][ 67]LogShaderCompilers: Display: Worker (3/13): shaders left to compile 7
[2020.01.25-16.19.39:152][ 68]LogShaderCompilers: Display: Worker (1/13): shaders left to compile 6
[2020.01.25-16.19.39:164][ 69]LogShaderCompilers: Display: Worker (9/13): shaders left to compile 5
[2020.01.25-16.19.39:177][ 70]LogShaderCompilers: Display: Worker (4/13): shaders left to compile 4
[2020.01.25-16.19.39:177][ 70]LogShaderCompilers: Display: Worker (5/13): shaders left to compile 3
[2020.01.25-16.19.39:177][ 70]LogShaderCompilers: Display: Worker (12/13): shaders left to compile 2
[2020.01.25-16.19.39:203][ 72]LogShaderCompilers: Display: Worker (2/13): shaders left to compile 1
[2020.01.25-16.19.39:744][111]MaterialEditorStats: Base pass shader: 117 instructions
[2020.01.25-16.19.39:745][111]MaterialEditorStats: Base pass shader with Volumetric Lightmap: 191 instructions
[2020.01.25-16.19.39:745][111]MaterialEditorStats: Base pass vertex shader: 40 instructions
[2020.01.25-16.19.39:745][111]MaterialEditorStats: Texture samplers: 3/16
[2020.01.25-16.19.43:819][540]LogMaterial: Display: Missing cached shader map for material m_Gravel, compiling. 
[2020.01.25-16.19.43:832][540]LogMaterial: Display: Missing cached shader map for material FMatExpressionPreview MaterialExpressionTextureSample_0, compiling. 
[2020.01.25-16.19.43:841][540]LogShaderCompilers: Display: Worker (1/13): shaders left to compile 25
[2020.01.25-16.19.43:841][540]LogShaderCompilers: Display: Worker (2/13): shaders left to compile 24
[2020.01.25-16.19.43:841][540]LogShaderCompilers: Display: Worker (3/13): shaders left to compile 23
[2020.01.25-16.19.43:841][540]LogShaderCompilers: Display: Worker (4/13): shaders left to compile 22
[2020.01.25-16.19.43:841][540]LogShaderCompilers: Display: Worker (5/13): shaders left to compile 21
[2020.01.25-16.19.43:842][540]LogShaderCompilers: Display: Worker (6/13): shaders left to compile 20
[2020.01.25-16.19.43:842][540]LogShaderCompilers: Display: Worker (7/13): shaders left to compile 19
[2020.01.25-16.19.43:842][540]LogShaderCompilers: Display: Worker (8/13): shaders left to compile 18
[2020.01.25-16.19.43:842][540]LogShaderCompilers: Display: Worker (9/13): shaders left to compile 17
[2020.01.25-16.19.43:842][540]LogShaderCompilers: Display: Worker (10/13): shaders left to compile 16
[2020.01.25-16.19.43:842][540]LogShaderCompilers: Display: Worker (11/13): shaders left to compile 15
[2020.01.25-16.19.43:842][540]LogShaderCompilers: Display: Worker (12/13): shaders left to compile 14
[2020.01.25-16.19.43:846][540]LogMaterial: Display: Missing cached shader map for material FMatExpressionPreview MaterialExpressionTextureSample_0, compiling. 
[2020.01.25-16.19.43:859][540]LogMaterial: Display: Missing cached shader map for material m_Gravel, compiling. 
[2020.01.25-16.19.43:872][540]LogMaterial: Display: Missing cached shader map for material FMatExpressionPreview MaterialExpressionTextureSample_1, compiling. 
[2020.01.25-16.19.43:885][540]LogMaterial: Display: Missing cached shader map for material FMatExpressionPreview MaterialExpressionTextureSample_0, compiling. 
[2020.01.25-16.19.43:894][540]LogMaterial: Display: Missing cached shader map for material FMatExpressionPreview MaterialExpressionTextureSample_1, compiling. 
[2020.01.25-16.19.43:912][540]LogMaterial: Display: Missing cached shader map for material m_Gravel, compiling. 
[2020.01.25-16.19.43:930][540]LogMaterial: Display: Missing cached shader map for material FMatExpressionPreview MaterialExpressionTextureSample_2, compiling. 
[2020.01.25-16.19.43:952][540]LogMaterial: Display: Missing cached shader map for material FMatExpressionPreview MaterialExpressionTextureSample_0, compiling. 
[2020.01.25-16.19.43:963][540]LogMaterial: Display: Missing cached shader map for material FMatExpressionPreview MaterialExpressionTextureSample_1, compiling. 
[2020.01.25-16.19.43:973][540]LogMaterial: Display: Missing cached shader map for material FMatExpressionPreview MaterialExpressionTextureSample_2, compiling. 
[2020.01.25-16.19.44:036][541]LogShaderCompilers: Display: Worker (8/13): shaders left to compile 33
[2020.01.25-16.19.44:098][543]LogShaderCompilers: Display: Worker (1/13): shaders left to compile 32
[2020.01.25-16.19.44:116][544]LogShaderCompilers: Display: Worker (2/13): shaders left to compile 31
[2020.01.25-16.19.44:116][544]LogShaderCompilers: Display: Worker (3/13): shaders left to compile 30
[2020.01.25-16.19.44:133][545]LogShaderCompilers: Display: Worker (4/13): shaders left to compile 29
[2020.01.25-16.19.44:133][545]LogShaderCompilers: Display: Worker (5/13): shaders left to compile 28
[2020.01.25-16.19.44:151][546]LogShaderCompilers: Display: Worker (7/13): shaders left to compile 27
[2020.01.25-16.19.44:167][547]LogShaderCompilers: Display: Worker (6/13): shaders left to compile 26
[2020.01.25-16.19.44:167][547]LogShaderCompilers: Display: Worker (9/13): shaders left to compile 25
[2020.01.25-16.19.44:281][554]LogShaderCompilers: Display: Worker (12/13): shaders left to compile 24
[2020.01.25-16.19.44:325][556]LogShaderCompilers: Display: Worker (8/13): shaders left to compile 23
[2020.01.25-16.19.44:325][556]LogShaderCompilers: Display: Worker (6/13): shaders left to compile 22
[2020.01.25-16.19.44:391][560]LogShaderCompilers: Display: Worker (1/13): shaders left to compile 21
[2020.01.25-16.19.44:405][561]LogShaderCompilers: Display: Worker (2/13): shaders left to compile 20
[2020.01.25-16.19.44:406][561]LogShaderCompilers: Display: Worker (3/13): shaders left to compile 19
[2020.01.25-16.19.44:439][563]LogShaderCompilers: Display: Worker (9/13): shaders left to compile 18
[2020.01.25-16.19.44:439][563]LogShaderCompilers: Display: Worker (5/13): shaders left to compile 17
[2020.01.25-16.19.44:457][564]LogShaderCompilers: Display: Worker (4/13): shaders left to compile 16
[2020.01.25-16.19.44:457][564]LogShaderCompilers: Display: Worker (7/13): shaders left to compile 15
[2020.01.25-16.19.44:474][565]LogShaderCompilers: Display: Worker (10/13): shaders left to compile 14
[2020.01.25-16.19.44:490][566]LogShaderCompilers: Display: Worker (11/13): shaders left to compile 13
[2020.01.25-16.19.44:679][575]LogShaderCompilers: Display: Worker (6/13): shaders left to compile 12
[2020.01.25-16.19.44:790][581]LogShaderCompilers: Display: Worker (3/13): shaders left to compile 11
[2020.01.25-16.19.44:828][583]LogShaderCompilers: Display: Worker (12/13): shaders left to compile 10
[2020.01.25-16.19.44:847][584]LogShaderCompilers: Display: Worker (4/13): shaders left to compile 9
[2020.01.25-16.19.44:865][585]LogShaderCompilers: Display: Worker (11/13): shaders left to compile 8
[2020.01.25-16.19.44:938][589]LogShaderCompilers: Display: Worker (8/13): shaders left to compile 7
[2020.01.25-16.19.44:989][592]LogShaderCompilers: Display: Worker (7/13): shaders left to compile 6
[2020.01.25-16.19.45:008][593]LogShaderCompilers: Display: Worker (1/13): shaders left to compile 5
[2020.01.25-16.19.45:008][593]LogShaderCompilers: Display: Worker (10/13): shaders left to compile 4
[2020.01.25-16.19.45:027][594]LogShaderCompilers: Display: Worker (9/13): shaders left to compile 3
[2020.01.25-16.19.45:062][596]LogShaderCompilers: Display: Worker (2/13): shaders left to compile 2
[2020.01.25-16.19.45:079][597]LogShaderCompilers: Display: Worker (5/13): shaders left to compile 1
[2020.01.25-16.19.45:406][616]MaterialEditorStats: Base pass shader: 117 instructions
[2020.01.25-16.19.45:406][616]MaterialEditorStats: Base pass shader with Volumetric Lightmap: 191 instructions
[2020.01.25-16.19.45:406][616]MaterialEditorStats: Base pass vertex shader: 40 instructions
[2020.01.25-16.19.45:406][616]MaterialEditorStats: Texture samplers: 3/16
[2020.01.25-16.19.46:681][750]LogMaterial: Display: Missing cached shader map for material m_Gravel, compiling. 
[2020.01.25-16.19.46:699][750]LogShaderCompilers: Display: Worker (1/13): shaders left to compile 21
[2020.01.25-16.19.46:699][750]LogShaderCompilers: Display: Worker (2/13): shaders left to compile 20
[2020.01.25-16.19.46:699][750]LogShaderCompilers: Display: Worker (3/13): shaders left to compile 19
[2020.01.25-16.19.46:699][750]LogShaderCompilers: Display: Worker (4/13): shaders left to compile 18
[2020.01.25-16.19.46:699][750]LogShaderCompilers: Display: Worker (5/13): shaders left to compile 17
[2020.01.25-16.19.46:699][750]LogShaderCompilers: Display: Worker (6/13): shaders left to compile 16
[2020.01.25-16.19.46:699][750]LogShaderCompilers: Display: Worker (7/13): shaders left to compile 15
[2020.01.25-16.19.46:699][750]LogShaderCompilers: Display: Worker (8/13): shaders left to compile 14
[2020.01.25-16.19.46:699][750]LogShaderCompilers: Display: Worker (9/13): shaders left to compile 13
[2020.01.25-16.19.46:699][750]LogShaderCompilers: Display: Worker (10/13): shaders left to compile 12
[2020.01.25-16.19.46:699][750]LogShaderCompilers: Display: Worker (11/13): shaders left to compile 11
[2020.01.25-16.19.46:699][750]LogShaderCompilers: Display: Worker (12/13): shaders left to compile 10
[2020.01.25-16.19.46:699][750]LogMaterial: Display: Missing cached shader map for material FMatExpressionPreview MaterialExpressionTextureSample_0, compiling. 
[2020.01.25-16.19.46:896][762]LogShaderCompilers: Display: Worker (8/13): shaders left to compile 13
[2020.01.25-16.19.46:989][767]LogShaderCompilers: Display: Worker (1/13): shaders left to compile 12
[2020.01.25-16.19.47:004][768]LogShaderCompilers: Display: Worker (3/13): shaders left to compile 11
[2020.01.25-16.19.47:019][769]LogShaderCompilers: Display: Worker (2/13): shaders left to compile 10
[2020.01.25-16.19.47:035][770]LogShaderCompilers: Display: Worker (4/13): shaders left to compile 9
[2020.01.25-16.19.47:035][770]LogShaderCompilers: Display: Worker (5/13): shaders left to compile 8
[2020.01.25-16.19.47:050][771]LogShaderCompilers: Display: Worker (6/13): shaders left to compile 7
[2020.01.25-16.19.47:050][771]LogShaderCompilers: Display: Worker (9/13): shaders left to compile 6
[2020.01.25-16.19.47:065][772]LogShaderCompilers: Display: Worker (7/13): shaders left to compile 5
[2020.01.25-16.19.47:110][775]LogShaderCompilers: Display: Worker (12/13): shaders left to compile 4
[2020.01.25-16.19.47:325][786]LogShaderCompilers: Display: Worker (10/13): shaders left to compile 3
[2020.01.25-16.19.47:401][790]LogShaderCompilers: Display: Worker (11/13): shaders left to compile 2
[2020.01.25-16.19.47:420][791]LogShaderCompilers: Display: Worker (3/13): shaders left to compile 1
[2020.01.25-16.19.47:653][806]MaterialEditorStats: Base pass shader: 120 instructions
[2020.01.25-16.19.47:653][806]MaterialEditorStats: Base pass shader with Volumetric Lightmap: 194 instructions
[2020.01.25-16.19.47:653][806]MaterialEditorStats: Base pass vertex shader: 44 instructions
[2020.01.25-16.19.47:653][806]MaterialEditorStats: Texture samplers: 4/16
[2020.01.25-16.19.47:653][806]MaterialEditorStats: Texture Lookups (Est.): VS(0), PS(1)
[2020.01.25-16.19.47:653][806]MaterialEditorStats: User interpolators: 2/4 Scalars (1/4 Vectors) (TexCoords: 2, Custom: 0)
[2020.01.25-16.19.49:135][964]LogMaterial: Display: Missing cached shader map for material m_Gravel, compiling. 
[2020.01.25-16.19.49:151][964]LogMaterial: Display: Missing cached shader map for material FMatExpressionPreview MaterialExpressionTextureSample_2, compiling. 
[2020.01.25-16.19.49:156][964]LogShaderCompilers: Display: Worker (1/13): shaders left to compile 21
[2020.01.25-16.19.49:156][964]LogShaderCompilers: Display: Worker (2/13): shaders left to compile 20
[2020.01.25-16.19.49:156][964]LogShaderCompilers: Display: Worker (3/13): shaders left to compile 19
[2020.01.25-16.19.49:156][964]LogShaderCompilers: Display: Worker (4/13): shaders left to compile 18
[2020.01.25-16.19.49:156][964]LogShaderCompilers: Display: Worker (5/13): shaders left to compile 17
[2020.01.25-16.19.49:156][964]LogShaderCompilers: Display: Worker (6/13): shaders left to compile 16
[2020.01.25-16.19.49:156][964]LogShaderCompilers: Display: Worker (7/13): shaders left to compile 15
[2020.01.25-16.19.49:156][964]LogShaderCompilers: Display: Worker (8/13): shaders left to compile 14
[2020.01.25-16.19.49:156][964]LogShaderCompilers: Display: Worker (9/13): shaders left to compile 13
[2020.01.25-16.19.49:156][964]LogShaderCompilers: Display: Worker (10/13): shaders left to compile 12
[2020.01.25-16.19.49:156][964]LogShaderCompilers: Display: Worker (11/13): shaders left to compile 11
[2020.01.25-16.19.49:156][964]LogShaderCompilers: Display: Worker (12/13): shaders left to compile 10
[2020.01.25-16.19.49:347][977]LogShaderCompilers: Display: Worker (8/13): shaders left to compile 13
[2020.01.25-16.19.49:437][982]LogShaderCompilers: Display: Worker (2/13): shaders left to compile 12
[2020.01.25-16.19.49:452][983]LogShaderCompilers: Display: Worker (1/13): shaders left to compile 11
[2020.01.25-16.19.49:467][984]LogShaderCompilers: Display: Worker (4/13): shaders left to compile 10
[2020.01.25-16.19.49:467][984]LogShaderCompilers: Display: Worker (3/13): shaders left to compile 9
[2020.01.25-16.19.49:483][985]LogShaderCompilers: Display: Worker (5/13): shaders left to compile 8
[2020.01.25-16.19.49:483][985]LogShaderCompilers: Display: Worker (6/13): shaders left to compile 7
[2020.01.25-16.19.49:483][985]LogShaderCompilers: Display: Worker (9/13): shaders left to compile 6
[2020.01.25-16.19.49:514][987]LogShaderCompilers: Display: Worker (7/13): shaders left to compile 5
[2020.01.25-16.19.49:598][992]LogShaderCompilers: Display: Worker (12/13): shaders left to compile 4
[2020.01.25-16.19.49:791][  2]LogShaderCompilers: Display: Worker (10/13): shaders left to compile 3
[2020.01.25-16.19.49:824][  3]LogShaderCompilers: Display: Worker (1/13): shaders left to compile 2
[2020.01.25-16.19.49:841][  4]LogShaderCompilers: Display: Worker (11/13): shaders left to compile 1
[2020.01.25-16.19.50:324][ 42]LogMaterial: Display: Missing cached shader map for material m_Gravel, compiling. 
[2020.01.25-16.19.50:339][ 42]LogShaderCompilers: Display: Worker (1/13): shaders left to compile 21
[2020.01.25-16.19.50:339][ 42]LogShaderCompilers: Display: Worker (2/13): shaders left to compile 20
[2020.01.25-16.19.50:339][ 42]LogShaderCompilers: Display: Worker (3/13): shaders left to compile 19
[2020.01.25-16.19.50:339][ 42]LogShaderCompilers: Display: Worker (4/13): shaders left to compile 18
[2020.01.25-16.19.50:339][ 42]LogShaderCompilers: Display: Worker (5/13): shaders left to compile 17
[2020.01.25-16.19.50:339][ 42]LogShaderCompilers: Display: Worker (6/13): shaders left to compile 16
[2020.01.25-16.19.50:339][ 42]LogShaderCompilers: Display: Worker (7/13): shaders left to compile 15
[2020.01.25-16.19.50:339][ 42]LogShaderCompilers: Display: Worker (8/13): shaders left to compile 14
[2020.01.25-16.19.50:339][ 42]LogShaderCompilers: Display: Worker (9/13): shaders left to compile 13
[2020.01.25-16.19.50:339][ 42]LogShaderCompilers: Display: Worker (10/13): shaders left to compile 12
[2020.01.25-16.19.50:339][ 42]LogShaderCompilers: Display: Worker (11/13): shaders left to compile 11
[2020.01.25-16.19.50:340][ 42]LogShaderCompilers: Display: Worker (12/13): shaders left to compile 10
[2020.01.25-16.19.50:342][ 42]LogMaterial: Display: Missing cached shader map for material FMatExpressionPreview MaterialExpressionTextureSample_1, compiling. 
[2020.01.25-16.19.50:521][ 51]LogShaderCompilers: Display: Worker (8/13): shaders left to compile 13
[2020.01.25-16.19.50:645][ 57]LogShaderCompilers: Display: Worker (2/13): shaders left to compile 12
[2020.01.25-16.19.50:645][ 57]LogShaderCompilers: Display: Worker (1/13): shaders left to compile 11
[2020.01.25-16.19.50:660][ 58]LogShaderCompilers: Display: Worker (3/13): shaders left to compile 10
[2020.01.25-16.19.50:677][ 59]LogShaderCompilers: Display: Worker (4/13): shaders left to compile 9
[2020.01.25-16.19.50:677][ 59]LogShaderCompilers: Display: Worker (6/13): shaders left to compile 8
[2020.01.25-16.19.50:699][ 60]LogShaderCompilers: Display: Worker (5/13): shaders left to compile 7
[2020.01.25-16.19.50:699][ 60]LogShaderCompilers: Display: Worker (9/13): shaders left to compile 6
[2020.01.25-16.19.50:715][ 61]LogShaderCompilers: Display: Worker (7/13): shaders left to compile 5
[2020.01.25-16.19.50:761][ 64]LogShaderCompilers: Display: Worker (12/13): shaders left to compile 4
[2020.01.25-16.19.51:001][ 75]LogShaderCompilers: Display: Worker (10/13): shaders left to compile 3
[2020.01.25-16.19.51:019][ 76]LogShaderCompilers: Display: Worker (11/13): shaders left to compile 2
[2020.01.25-16.19.51:037][ 77]LogShaderCompilers: Display: Worker (1/13): shaders left to compile 1
[2020.01.25-16.19.52:778][253]LogMaterial: Display: Missing cached shader map for material m_Gravel, compiling. 
[2020.01.25-16.19.52:795][253]LogShaderCompilers: Display: Worker (1/13): shaders left to compile 21
[2020.01.25-16.19.52:795][253]LogShaderCompilers: Display: Worker (2/13): shaders left to compile 20
[2020.01.25-16.19.52:795][253]LogShaderCompilers: Display: Worker (3/13): shaders left to compile 19
[2020.01.25-16.19.52:795][253]LogShaderCompilers: Display: Worker (4/13): shaders left to compile 18
[2020.01.25-16.19.52:795][253]LogShaderCompilers: Display: Worker (5/13): shaders left to compile 17
[2020.01.25-16.19.52:796][253]LogShaderCompilers: Display: Worker (6/13): shaders left to compile 16
[2020.01.25-16.19.52:796][253]LogShaderCompilers: Display: Worker (7/13): shaders left to compile 15
[2020.01.25-16.19.52:796][253]LogShaderCompilers: Display: Worker (8/13): shaders left to compile 14
[2020.01.25-16.19.52:796][253]LogShaderCompilers: Display: Worker (9/13): shaders left to compile 13
[2020.01.25-16.19.52:796][253]LogShaderCompilers: Display: Worker (10/13): shaders left to compile 12
[2020.01.25-16.19.52:796][253]LogShaderCompilers: Display: Worker (11/13): shaders left to compile 11
[2020.01.25-16.19.52:796][253]LogShaderCompilers: Display: Worker (12/13): shaders left to compile 10
[2020.01.25-16.19.52:798][253]LogMaterial: Display: Missing cached shader map for material FMatExpressionPreview MaterialExpressionTextureSample_1, compiling. 
[2020.01.25-16.19.53:046][268]LogShaderCompilers: Display: Worker (8/13): shaders left to compile 13
[2020.01.25-16.19.53:065][269]LogShaderCompilers: Display: Worker (1/13): shaders left to compile 12
[2020.01.25-16.19.53:081][270]LogShaderCompilers: Display: Worker (2/13): shaders left to compile 11
[2020.01.25-16.19.53:081][270]LogShaderCompilers: Display: Worker (3/13): shaders left to compile 10
[2020.01.25-16.19.53:097][271]LogShaderCompilers: Display: Worker (4/13): shaders left to compile 9
[2020.01.25-16.19.53:113][272]LogShaderCompilers: Display: Worker (6/13): shaders left to compile 8
[2020.01.25-16.19.53:128][273]LogShaderCompilers: Display: Worker (9/13): shaders left to compile 7
[2020.01.25-16.19.53:142][274]LogShaderCompilers: Display: Worker (5/13): shaders left to compile 6
[2020.01.25-16.19.53:158][275]LogShaderCompilers: Display: Worker (7/13): shaders left to compile 5
[2020.01.25-16.19.53:242][280]LogShaderCompilers: Display: Worker (12/13): shaders left to compile 4
[2020.01.25-16.19.53:441][290]LogShaderCompilers: Display: Worker (11/13): shaders left to compile 3
[2020.01.25-16.19.53:462][291]LogShaderCompilers: Display: Worker (2/13): shaders left to compile 2
[2020.01.25-16.19.53:479][292]LogShaderCompilers: Display: Worker (10/13): shaders left to compile 1
[2020.01.25-16.19.54:782][426]LogMaterial: Display: Missing cached shader map for material m_Gravel, compiling. 
[2020.01.25-16.19.54:798][426]LogShaderCompilers: Display: Worker (1/13): shaders left to compile 21
[2020.01.25-16.19.54:799][426]LogShaderCompilers: Display: Worker (2/13): shaders left to compile 20
[2020.01.25-16.19.54:799][426]LogShaderCompilers: Display: Worker (3/13): shaders left to compile 19
[2020.01.25-16.19.54:799][426]LogShaderCompilers: Display: Worker (4/13): shaders left to compile 18
[2020.01.25-16.19.54:799][426]LogShaderCompilers: Display: Worker (5/13): shaders left to compile 17
[2020.01.25-16.19.54:799][426]LogShaderCompilers: Display: Worker (6/13): shaders left to compile 16
[2020.01.25-16.19.54:799][426]LogShaderCompilers: Display: Worker (7/13): shaders left to compile 15
[2020.01.25-16.19.54:799][426]LogShaderCompilers: Display: Worker (8/13): shaders left to compile 14
[2020.01.25-16.19.54:799][426]LogShaderCompilers: Display: Worker (9/13): shaders left to compile 13
[2020.01.25-16.19.54:799][426]LogShaderCompilers: Display: Worker (10/13): shaders left to compile 12
[2020.01.25-16.19.54:799][426]LogShaderCompilers: Display: Worker (11/13): shaders left to compile 11
[2020.01.25-16.19.54:799][426]LogShaderCompilers: Display: Worker (12/13): shaders left to compile 10
[2020.01.25-16.19.54:802][426]LogMaterial: Display: Missing cached shader map for material FMatExpressionPreview MaterialExpressionTextureSample_1, compiling. 
[2020.01.25-16.19.54:983][437]LogShaderCompilers: Display: Worker (8/13): shaders left to compile 13
[2020.01.25-16.19.55:050][441]LogShaderCompilers: Display: Worker (1/13): shaders left to compile 12
[2020.01.25-16.19.55:066][442]LogShaderCompilers: Display: Worker (2/13): shaders left to compile 11
[2020.01.25-16.19.55:096][444]LogShaderCompilers: Display: Worker (3/13): shaders left to compile 10
[2020.01.25-16.19.55:110][445]LogShaderCompilers: Display: Worker (5/13): shaders left to compile 9
[2020.01.25-16.19.55:124][446]LogShaderCompilers: Display: Worker (4/13): shaders left to compile 8
[2020.01.25-16.19.55:125][446]LogShaderCompilers: Display: Worker (6/13): shaders left to compile 7
[2020.01.25-16.19.55:125][446]LogShaderCompilers: Display: Worker (9/13): shaders left to compile 6
[2020.01.25-16.19.55:158][448]LogShaderCompilers: Display: Worker (7/13): shaders left to compile 5
[2020.01.25-16.19.55:217][452]LogShaderCompilers: Display: Worker (12/13): shaders left to compile 4
[2020.01.25-16.19.55:400][462]LogShaderCompilers: Display: Worker (10/13): shaders left to compile 3
[2020.01.25-16.19.55:451][465]LogShaderCompilers: Display: Worker (2/13): shaders left to compile 2
[2020.01.25-16.19.55:468][466]LogShaderCompilers: Display: Worker (11/13): shaders left to compile 1
[2020.01.25-16.19.55:723][481]MaterialEditorStats: Base pass shader: 128 instructions
[2020.01.25-16.19.55:723][481]MaterialEditorStats: Base pass shader with Volumetric Lightmap: 206 instructions
[2020.01.25-16.19.55:723][481]MaterialEditorStats: Base pass vertex shader: 44 instructions
[2020.01.25-16.19.55:723][481]MaterialEditorStats: Texture samplers: 6/16
[2020.01.25-16.19.55:723][481]MaterialEditorStats: Texture Lookups (Est.): VS(0), PS(3)
[2020.01.25-16.19.55:723][481]MaterialEditorStats: User interpolators: 2/4 Scalars (1/4 Vectors) (TexCoords: 2, Custom: 0)
[2020.01.25-16.19.56:950][602]LogMaterialEditor: Saving and Compiling material m_Gravel
[2020.01.25-16.19.57:315][602]LogMaterial: Display: Missing cached shader map for material m_Gravel, compiling. 
[2020.01.25-16.19.57:361][602]LogShaderCompilers: Display: Worker (1/13): shaders left to compile 21
[2020.01.25-16.19.57:361][602]LogShaderCompilers: Display: Worker (2/13): shaders left to compile 20
[2020.01.25-16.19.57:361][602]LogShaderCompilers: Display: Worker (3/13): shaders left to compile 19
[2020.01.25-16.19.57:361][602]LogShaderCompilers: Display: Worker (4/13): shaders left to compile 18
[2020.01.25-16.19.57:361][602]LogShaderCompilers: Display: Worker (5/13): shaders left to compile 17
[2020.01.25-16.19.57:361][602]LogShaderCompilers: Display: Worker (6/13): shaders left to compile 16
[2020.01.25-16.19.57:361][602]LogShaderCompilers: Display: Worker (7/13): shaders left to compile 15
[2020.01.25-16.19.57:361][602]LogShaderCompilers: Display: Worker (8/13): shaders left to compile 14
[2020.01.25-16.19.57:361][602]LogShaderCompilers: Display: Worker (9/13): shaders left to compile 13
[2020.01.25-16.19.57:361][602]LogShaderCompilers: Display: Worker (10/13): shaders left to compile 12
[2020.01.25-16.19.57:361][602]LogShaderCompilers: Display: Worker (11/13): shaders left to compile 11
[2020.01.25-16.19.57:361][602]LogShaderCompilers: Display: Worker (12/13): shaders left to compile 10
[2020.01.25-16.19.57:372][602]LogMaterial: Display: Missing cached shader map for material m_Gravel, compiling. 
[2020.01.25-16.19.57:389][602]LogMaterial: Display: Missing cached shader map for material m_Gravel, compiling. 
[2020.01.25-16.19.57:438][602]LogUObjectHash: Compacting FUObjectHashTables data took   2.01ms
[2020.01.25-16.19.57:453][602]LogMaterial: Display: Missing cached shader map for material DebugViewMode MaterialTexCoordScale, compiling. 
[2020.01.25-16.19.58:191][602]LogShaderCompilers: Display: Worker (8/13): shaders left to compile 33
[2020.01.25-16.19.58:191][602]LogShaderCompilers: Display: Worker (2/13): shaders left to compile 32
[2020.01.25-16.19.58:191][602]LogShaderCompilers: Display: Worker (1/13): shaders left to compile 31
[2020.01.25-16.19.58:191][602]LogShaderCompilers: Display: Worker (3/13): shaders left to compile 30
[2020.01.25-16.19.58:192][602]LogShaderCompilers: Display: Worker (9/13): shaders left to compile 29
[2020.01.25-16.19.58:192][602]LogShaderCompilers: Display: Worker (4/13): shaders left to compile 28
[2020.01.25-16.19.58:192][602]LogShaderCompilers: Display: Worker (6/13): shaders left to compile 27
[2020.01.25-16.19.58:192][602]LogShaderCompilers: Display: Worker (5/13): shaders left to compile 26
[2020.01.25-16.19.58:192][602]LogShaderCompilers: Display: Worker (7/13): shaders left to compile 25
[2020.01.25-16.19.58:192][602]LogShaderCompilers: Display: Worker (12/13): shaders left to compile 24
[2020.01.25-16.19.58:192][602]LogShaderCompilers: Display: Worker (10/13): shaders left to compile 23
[2020.01.25-16.19.58:192][602]LogShaderCompilers: Display: Worker (11/13): shaders left to compile 22
[2020.01.25-16.19.58:192][602]LogShaderCompilers: Display: Worker (1/13): shaders left to compile 20
[2020.01.25-16.19.58:192][602]LogShaderCompilers: Display: Worker (4/13): shaders left to compile 18
[2020.01.25-16.19.58:192][602]LogShaderCompilers: Display: Worker (12/13): shaders left to compile 16
[2020.01.25-16.19.58:192][602]LogShaderCompilers: Display: Worker (7/13): shaders left to compile 14
[2020.01.25-16.19.58:192][602]LogShaderCompilers: Display: Worker (8/13): shaders left to compile 12
[2020.01.25-16.19.58:192][602]LogShaderCompilers: Display: Worker (6/13): shaders left to compile 10
[2020.01.25-16.19.58:192][602]LogShaderCompilers: Display: Worker (10/13): shaders left to compile 9
[2020.01.25-16.19.58:192][602]LogShaderCompilers: Display: Worker (2/13): shaders left to compile 8
[2020.01.25-16.19.58:192][602]LogShaderCompilers: Display: Worker (5/13): shaders left to compile 7
[2020.01.25-16.19.58:193][602]TextureStreamingBuild: Display: Compiling optional shaders took 0.756 seconds.
[2020.01.25-16.19.58:239][602]LogShaderCompilers: Display: Worker (3/13): shaders left to compile 6
[2020.01.25-16.19.58:239][602]LogShaderCompilers: Display: Worker (9/13): shaders left to compile 5
[2020.01.25-16.19.58:239][602]LogUObjectHash: Compacting FUObjectHashTables data took   1.05ms
[2020.01.25-16.19.58:907][602]LogShaderCompilers: Display: Worker (12/13): shaders left to compile 4
[2020.01.25-16.19.58:907][602]LogShaderCompilers: Display: Worker (11/13): shaders left to compile 3
[2020.01.25-16.19.58:907][602]LogShaderCompilers: Display: Worker (1/13): shaders left to compile 2
[2020.01.25-16.19.58:907][602]LogShaderCompilers: Display: Worker (4/13): shaders left to compile 1
[2020.01.25-16.19.58:929][602]Cmd: OBJ SAVEPACKAGE PACKAGE="/Game/Materials/m_Gravel" FILE="../../../../Art/Park_SFAS/Park/Content/Materials/m_Gravel.uasset" SILENT=true
[2020.01.25-16.19.58:944][602]LogSavePackage: Moving '../../../../Art/Park_SFAS/Park/Saved/m_Gravel992B943B4201E8811C330EBE3BAAFAB6.tmp' to '../../../../Art/Park_SFAS/Park/Content/Materials/m_Gravel.uasset'
[2020.01.25-16.20.03:422][982]LogAIModule: Creating AISystem for world Diorama
[2020.01.25-16.20.03:437][982]LogAssetEditorManager: Opening Asset editor for World /Game/Diorama.Diorama
[2020.01.25-16.20.03:477][982]LogUObjectHash: Compacting FUObjectHashTables data took   1.60ms
[2020.01.25-16.20.03:478][982]Cmd: MAP LOAD FILE="../../../../Art/Park_SFAS/Park/Content/Diorama.umap" TEMPLATE=0 SHOWPROGRESS=1 FEATURELEVEL=3
[2020.01.25-16.20.03:478][982]LightingResults: New page: Lighting Build
[2020.01.25-16.20.03:479][982]LoadErrors: New page: Loading map: Diorama.umap
[2020.01.25-16.20.03:479][982]LogWorld: UWorld::CleanupWorld for Untitled_1, bSessionEnded=true, bCleanupResources=true
[2020.01.25-16.20.03:480][982]MapCheck: New page: Map Check
[2020.01.25-16.20.03:480][982]LightingResults: New page: Lighting Build
[2020.01.25-16.20.03:517][982]LogUObjectHash: Compacting FUObjectHashTables data took   1.75ms
[2020.01.25-16.20.03:598][982]LogEditorServer: Finished looking for orphan Actors (0.000 secs)
[2020.01.25-16.20.03:636][982]LogUObjectHash: Compacting FUObjectHashTables data took   1.54ms
[2020.01.25-16.20.03:657][982]Cmd: MAP CHECKDEP NOCLEARLOG
[2020.01.25-16.20.03:658][982]MapCheck: Map check complete: 0 Error(s), 0 Warning(s), took 1.458ms to complete.
[2020.01.25-16.20.03:658][982]LogFileHelpers: Loading map 'Diorama' took 0.181
[2020.01.25-16.20.08:470][446]LogEditorViewport: Clicking on Actor (LMB): StaticMeshActor (SM_level_top)
[2020.01.25-16.20.10:233][586]LogSlate: FSceneViewport::OnFocusLost() reason 0
[2020.01.25-16.20.17:399][147]LogSlate: FSceneViewport::OnFocusLost() reason 0
[2020.01.25-16.20.26:118][962]LogMaterial: Display: Missing cached shader map for material m_Gravel, compiling. 
[2020.01.25-16.20.26:149][963]LogShaderCompilers: Display: Worker (1/13): shaders left to compile 21
[2020.01.25-16.20.26:149][963]LogShaderCompilers: Display: Worker (2/13): shaders left to compile 20
[2020.01.25-16.20.26:149][963]LogShaderCompilers: Display: Worker (3/13): shaders left to compile 19
[2020.01.25-16.20.26:149][963]LogShaderCompilers: Display: Worker (4/13): shaders left to compile 18
[2020.01.25-16.20.26:149][963]LogShaderCompilers: Display: Worker (5/13): shaders left to compile 17
[2020.01.25-16.20.26:149][963]LogShaderCompilers: Display: Worker (6/13): shaders left to compile 16
[2020.01.25-16.20.26:149][963]LogShaderCompilers: Display: Worker (7/13): shaders left to compile 15
[2020.01.25-16.20.26:149][963]LogShaderCompilers: Display: Worker (8/13): shaders left to compile 14
[2020.01.25-16.20.26:149][963]LogShaderCompilers: Display: Worker (9/13): shaders left to compile 13
[2020.01.25-16.20.26:149][963]LogShaderCompilers: Display: Worker (10/13): shaders left to compile 12
[2020.01.25-16.20.26:149][963]LogShaderCompilers: Display: Worker (11/13): shaders left to compile 11
[2020.01.25-16.20.26:149][963]LogShaderCompilers: Display: Worker (12/13): shaders left to compile 10
[2020.01.25-16.20.26:482][986]LogShaderCompilers: Display: Worker (8/13): shaders left to compile 9
[2020.01.25-16.20.26:599][992]LogShaderCompilers: Display: Worker (9/13): shaders left to compile 8
[2020.01.25-16.20.26:599][992]LogShaderCompilers: Display: Worker (1/13): shaders left to compile 7
[2020.01.25-16.20.26:599][992]LogShaderCompilers: Display: Worker (2/13): shaders left to compile 6
[2020.01.25-16.20.26:631][994]LogShaderCompilers: Display: Worker (3/13): shaders left to compile 5
[2020.01.25-16.20.26:631][994]LogShaderCompilers: Display: Worker (5/13): shaders left to compile 4
[2020.01.25-16.20.26:648][995]LogShaderCompilers: Display: Worker (4/13): shaders left to compile 3
[2020.01.25-16.20.26:648][995]LogShaderCompilers: Display: Worker (6/13): shaders left to compile 2
[2020.01.25-16.20.26:648][995]LogShaderCompilers: Display: Worker (7/13): shaders left to compile 1
[2020.01.25-16.20.27:191][ 28]MaterialEditorStats: Base pass shader: 128 instructions
[2020.01.25-16.20.27:191][ 28]MaterialEditorStats: Base pass shader with Volumetric Lightmap: 206 instructions
[2020.01.25-16.20.27:191][ 28]MaterialEditorStats: Base pass vertex shader: 44 instructions
[2020.01.25-16.20.27:191][ 28]MaterialEditorStats: Texture samplers: 6/16
[2020.01.25-16.20.27:191][ 28]MaterialEditorStats: Texture Lookups (Est.): VS(0), PS(3)
[2020.01.25-16.20.27:191][ 28]MaterialEditorStats: User interpolators: 2/4 Scalars (1/4 Vectors) (TexCoords: 2, Custom: 0)
[2020.01.25-16.21.04:063][125]LogMaterial: Display: Missing cached shader map for material m_Gravel, compiling. 
[2020.01.25-16.21.04:097][126]LogShaderCompilers: Display: Worker (1/13): shaders left to compile 21
[2020.01.25-16.21.04:097][126]LogShaderCompilers: Display: Worker (2/13): shaders left to compile 20
[2020.01.25-16.21.04:097][126]LogShaderCompilers: Display: Worker (3/13): shaders left to compile 19
[2020.01.25-16.21.04:097][126]LogShaderCompilers: Display: Worker (4/13): shaders left to compile 18
[2020.01.25-16.21.04:097][126]LogShaderCompilers: Display: Worker (5/13): shaders left to compile 17
[2020.01.25-16.21.04:097][126]LogShaderCompilers: Display: Worker (6/13): shaders left to compile 16
[2020.01.25-16.21.04:097][126]LogShaderCompilers: Display: Worker (7/13): shaders left to compile 15
[2020.01.25-16.21.04:097][126]LogShaderCompilers: Display: Worker (8/13): shaders left to compile 14
[2020.01.25-16.21.04:097][126]LogShaderCompilers: Display: Worker (9/13): shaders left to compile 13
[2020.01.25-16.21.04:097][126]LogShaderCompilers: Display: Worker (10/13): shaders left to compile 12
[2020.01.25-16.21.04:098][126]LogShaderCompilers: Display: Worker (11/13): shaders left to compile 11
[2020.01.25-16.21.04:098][126]LogShaderCompilers: Display: Worker (12/13): shaders left to compile 10
[2020.01.25-16.21.04:464][150]LogShaderCompilers: Display: Worker (8/13): shaders left to compile 9
[2020.01.25-16.21.04:573][156]LogShaderCompilers: Display: Worker (3/13): shaders left to compile 8
[2020.01.25-16.21.04:573][156]LogShaderCompilers: Display: Worker (2/13): shaders left to compile 7
[2020.01.25-16.21.04:603][158]LogShaderCompilers: Display: Worker (5/13): shaders left to compile 6
[2020.01.25-16.21.04:623][158]LogShaderCompilers: Display: Worker (6/13): shaders left to compile 5
[2020.01.25-16.21.04:623][158]LogShaderCompilers: Display: Worker (9/13): shaders left to compile 4
[2020.01.25-16.21.04:655][159]LogShaderCompilers: Display: Worker (1/13): shaders left to compile 3
[2020.01.25-16.21.04:655][159]LogShaderCompilers: Display: Worker (4/13): shaders left to compile 2
[2020.01.25-16.21.04:655][159]LogShaderCompilers: Display: Worker (7/13): shaders left to compile 1
[2020.01.25-16.21.06:825][359]LogMaterial: Display: Missing cached shader map for material m_Gravel, compiling. 
[2020.01.25-16.21.06:863][360]LogShaderCompilers: Display: Worker (1/13): shaders left to compile 21
[2020.01.25-16.21.06:863][360]LogShaderCompilers: Display: Worker (2/13): shaders left to compile 20
[2020.01.25-16.21.06:863][360]LogShaderCompilers: Display: Worker (3/13): shaders left to compile 19
[2020.01.25-16.21.06:863][360]LogShaderCompilers: Display: Worker (4/13): shaders left to compile 18
[2020.01.25-16.21.06:863][360]LogShaderCompilers: Display: Worker (5/13): shaders left to compile 17
[2020.01.25-16.21.06:863][360]LogShaderCompilers: Display: Worker (6/13): shaders left to compile 16
[2020.01.25-16.21.06:863][360]LogShaderCompilers: Display: Worker (7/13): shaders left to compile 15
[2020.01.25-16.21.06:863][360]LogShaderCompilers: Display: Worker (8/13): shaders left to compile 14
[2020.01.25-16.21.06:863][360]LogShaderCompilers: Display: Worker (9/13): shaders left to compile 13
[2020.01.25-16.21.06:863][360]LogShaderCompilers: Display: Worker (10/13): shaders left to compile 12
[2020.01.25-16.21.06:863][360]LogShaderCompilers: Display: Worker (11/13): shaders left to compile 11
[2020.01.25-16.21.06:863][360]LogShaderCompilers: Display: Worker (12/13): shaders left to compile 10
[2020.01.25-16.21.07:055][372]LogShaderCompilers: Display: Worker (8/13): shaders left to compile 9
[2020.01.25-16.21.07:137][376]LogShaderCompilers: Display: Worker (1/13): shaders left to compile 8
[2020.01.25-16.21.07:154][377]LogShaderCompilers: Display: Worker (2/13): shaders left to compile 7
[2020.01.25-16.21.07:187][379]LogShaderCompilers: Display: Worker (9/13): shaders left to compile 6
[2020.01.25-16.21.07:204][380]LogShaderCompilers: Display: Worker (3/13): shaders left to compile 5
[2020.01.25-16.21.07:204][380]LogShaderCompilers: Display: Worker (5/13): shaders left to compile 4
[2020.01.25-16.21.07:220][381]LogShaderCompilers: Display: Worker (4/13): shaders left to compile 3
[2020.01.25-16.21.07:221][381]LogShaderCompilers: Display: Worker (6/13): shaders left to compile 2
[2020.01.25-16.21.07:238][382]LogShaderCompilers: Display: Worker (7/13): shaders left to compile 1
[2020.01.25-16.21.08:245][454]LogMaterial: Display: Missing cached shader map for material m_Gravel, compiling. 
[2020.01.25-16.21.08:264][454]LogMaterial: Display: Missing cached shader map for material FMatExpressionPreview MaterialExpressionTextureSample_0, compiling. 
[2020.01.25-16.21.08:275][454]LogShaderCompilers: Display: Worker (1/13): shaders left to compile 21
[2020.01.25-16.21.08:275][454]LogShaderCompilers: Display: Worker (2/13): shaders left to compile 20
[2020.01.25-16.21.08:275][454]LogShaderCompilers: Display: Worker (3/13): shaders left to compile 19
[2020.01.25-16.21.08:275][454]LogShaderCompilers: Display: Worker (4/13): shaders left to compile 18
[2020.01.25-16.21.08:275][454]LogShaderCompilers: Display: Worker (5/13): shaders left to compile 17
[2020.01.25-16.21.08:275][454]LogShaderCompilers: Display: Worker (6/13): shaders left to compile 16
[2020.01.25-16.21.08:275][454]LogShaderCompilers: Display: Worker (7/13): shaders left to compile 15
[2020.01.25-16.21.08:275][454]LogShaderCompilers: Display: Worker (8/13): shaders left to compile 14
[2020.01.25-16.21.08:275][454]LogShaderCompilers: Display: Worker (9/13): shaders left to compile 13
[2020.01.25-16.21.08:275][454]LogShaderCompilers: Display: Worker (10/13): shaders left to compile 12
[2020.01.25-16.21.08:275][454]LogShaderCompilers: Display: Worker (11/13): shaders left to compile 11
[2020.01.25-16.21.08:275][454]LogShaderCompilers: Display: Worker (12/13): shaders left to compile 10
[2020.01.25-16.21.08:463][464]LogShaderCompilers: Display: Worker (8/13): shaders left to compile 13
[2020.01.25-16.21.08:555][468]LogShaderCompilers: Display: Worker (1/13): shaders left to compile 12
[2020.01.25-16.21.08:575][469]LogShaderCompilers: Display: Worker (3/13): shaders left to compile 11
[2020.01.25-16.21.08:575][469]LogShaderCompilers: Display: Worker (2/13): shaders left to compile 10
[2020.01.25-16.21.08:594][470]LogShaderCompilers: Display: Worker (4/13): shaders left to compile 9
[2020.01.25-16.21.08:611][471]LogShaderCompilers: Display: Worker (5/13): shaders left to compile 8
[2020.01.25-16.21.08:611][471]LogShaderCompilers: Display: Worker (6/13): shaders left to compile 7
[2020.01.25-16.21.08:611][471]LogShaderCompilers: Display: Worker (9/13): shaders left to compile 6
[2020.01.25-16.21.08:629][472]LogShaderCompilers: Display: Worker (7/13): shaders left to compile 5
[2020.01.25-16.21.08:712][476]LogShaderCompilers: Display: Worker (12/13): shaders left to compile 4
[2020.01.25-16.21.08:913][484]LogShaderCompilers: Display: Worker (10/13): shaders left to compile 3
[2020.01.25-16.21.08:938][485]LogShaderCompilers: Display: Worker (3/13): shaders left to compile 2
[2020.01.25-16.21.08:959][486]LogShaderCompilers: Display: Worker (11/13): shaders left to compile 1
[2020.01.25-16.21.09:217][499]MaterialEditorStats: Base pass shader: 128 instructions
[2020.01.25-16.21.09:217][499]MaterialEditorStats: Base pass shader with Volumetric Lightmap: 206 instructions
[2020.01.25-16.21.09:217][499]MaterialEditorStats: Base pass vertex shader: 44 instructions
[2020.01.25-16.21.09:217][499]MaterialEditorStats: Texture samplers: 6/16
[2020.01.25-16.21.09:217][499]MaterialEditorStats: Texture Lookups (Est.): VS(0), PS(3)
[2020.01.25-16.21.09:217][499]MaterialEditorStats: User interpolators: 2/4 Scalars (1/4 Vectors) (TexCoords: 2, Custom: 0)
[2020.01.25-16.21.09:896][563]LogMaterial: Display: Missing cached shader map for material m_Gravel, compiling. 
[2020.01.25-16.21.09:915][563]LogShaderCompilers: Display: Worker (1/13): shaders left to compile 21
[2020.01.25-16.21.09:915][563]LogShaderCompilers: Display: Worker (2/13): shaders left to compile 20
[2020.01.25-16.21.09:915][563]LogShaderCompilers: Display: Worker (3/13): shaders left to compile 19
[2020.01.25-16.21.09:915][563]LogShaderCompilers: Display: Worker (4/13): shaders left to compile 18
[2020.01.25-16.21.09:915][563]LogShaderCompilers: Display: Worker (5/13): shaders left to compile 17
[2020.01.25-16.21.09:915][563]LogShaderCompilers: Display: Worker (6/13): shaders left to compile 16
[2020.01.25-16.21.09:915][563]LogShaderCompilers: Display: Worker (7/13): shaders left to compile 15
[2020.01.25-16.21.09:915][563]LogShaderCompilers: Display: Worker (8/13): shaders left to compile 14
[2020.01.25-16.21.09:915][563]LogShaderCompilers: Display: Worker (9/13): shaders left to compile 13
[2020.01.25-16.21.09:915][563]LogShaderCompilers: Display: Worker (10/13): shaders left to compile 12
[2020.01.25-16.21.09:915][563]LogShaderCompilers: Display: Worker (11/13): shaders left to compile 11
[2020.01.25-16.21.09:915][563]LogShaderCompilers: Display: Worker (12/13): shaders left to compile 10
[2020.01.25-16.21.09:915][563]LogMaterial: Display: Missing cached shader map for material FMatExpressionPreview MaterialExpressionTextureSample_1, compiling. 
[2020.01.25-16.21.10:112][574]LogShaderCompilers: Display: Worker (8/13): shaders left to compile 13
[2020.01.25-16.21.10:189][578]LogShaderCompilers: Display: Worker (1/13): shaders left to compile 12
[2020.01.25-16.21.10:222][580]LogShaderCompilers: Display: Worker (3/13): shaders left to compile 11
[2020.01.25-16.21.10:242][581]LogShaderCompilers: Display: Worker (2/13): shaders left to compile 10
[2020.01.25-16.21.10:242][581]LogShaderCompilers: Display: Worker (4/13): shaders left to compile 9
[2020.01.25-16.21.10:258][582]LogShaderCompilers: Display: Worker (5/13): shaders left to compile 8
[2020.01.25-16.21.10:258][582]LogShaderCompilers: Display: Worker (7/13): shaders left to compile 7
[2020.01.25-16.21.10:274][583]LogShaderCompilers: Display: Worker (6/13): shaders left to compile 6
[2020.01.25-16.21.10:275][583]LogShaderCompilers: Display: Worker (9/13): shaders left to compile 5
[2020.01.25-16.21.10:362][588]LogShaderCompilers: Display: Worker (12/13): shaders left to compile 4
[2020.01.25-16.21.10:607][600]LogShaderCompilers: Display: Worker (11/13): shaders left to compile 3
[2020.01.25-16.21.10:625][601]LogShaderCompilers: Display: Worker (10/13): shaders left to compile 2
[2020.01.25-16.21.10:672][603]LogShaderCompilers: Display: Worker (5/13): shaders left to compile 1
[2020.01.25-16.21.11:521][680]LogMaterial: Display: Missing cached shader map for material m_Gravel, compiling. 
[2020.01.25-16.21.11:539][680]LogMaterial: Display: Missing cached shader map for material FMatExpressionPreview MaterialExpressionTextureSample_2, compiling. 
[2020.01.25-16.21.11:544][680]LogShaderCompilers: Display: Worker (1/13): shaders left to compile 21
[2020.01.25-16.21.11:544][680]LogShaderCompilers: Display: Worker (2/13): shaders left to compile 20
[2020.01.25-16.21.11:544][680]LogShaderCompilers: Display: Worker (3/13): shaders left to compile 19
[2020.01.25-16.21.11:544][680]LogShaderCompilers: Display: Worker (4/13): shaders left to compile 18
[2020.01.25-16.21.11:544][680]LogShaderCompilers: Display: Worker (5/13): shaders left to compile 17
[2020.01.25-16.21.11:544][680]LogShaderCompilers: Display: Worker (6/13): shaders left to compile 16
[2020.01.25-16.21.11:544][680]LogShaderCompilers: Display: Worker (7/13): shaders left to compile 15
[2020.01.25-16.21.11:544][680]LogShaderCompilers: Display: Worker (8/13): shaders left to compile 14
[2020.01.25-16.21.11:544][680]LogShaderCompilers: Display: Worker (9/13): shaders left to compile 13
[2020.01.25-16.21.11:544][680]LogShaderCompilers: Display: Worker (10/13): shaders left to compile 12
[2020.01.25-16.21.11:544][680]LogShaderCompilers: Display: Worker (11/13): shaders left to compile 11
[2020.01.25-16.21.11:544][680]LogShaderCompilers: Display: Worker (12/13): shaders left to compile 10
[2020.01.25-16.21.11:734][691]LogShaderCompilers: Display: Worker (8/13): shaders left to compile 13
[2020.01.25-16.21.11:828][696]LogShaderCompilers: Display: Worker (2/13): shaders left to compile 12
[2020.01.25-16.21.11:846][697]LogShaderCompilers: Display: Worker (3/13): shaders left to compile 11
[2020.01.25-16.21.11:863][698]LogShaderCompilers: Display: Worker (1/13): shaders left to compile 10
[2020.01.25-16.21.11:879][699]LogShaderCompilers: Display: Worker (9/13): shaders left to compile 9
[2020.01.25-16.21.11:879][699]LogShaderCompilers: Display: Worker (6/13): shaders left to compile 8
[2020.01.25-16.21.11:896][700]LogShaderCompilers: Display: Worker (4/13): shaders left to compile 7
[2020.01.25-16.21.11:896][700]LogShaderCompilers: Display: Worker (5/13): shaders left to compile 6
[2020.01.25-16.21.11:912][701]LogShaderCompilers: Display: Worker (7/13): shaders left to compile 5
[2020.01.25-16.21.11:983][705]LogShaderCompilers: Display: Worker (12/13): shaders left to compile 4
[2020.01.25-16.21.12:213][716]LogShaderCompilers: Display: Worker (10/13): shaders left to compile 3
[2020.01.25-16.21.12:250][718]LogShaderCompilers: Display: Worker (3/13): shaders left to compile 2
[2020.01.25-16.21.12:271][719]LogShaderCompilers: Display: Worker (11/13): shaders left to compile 1
[2020.01.25-16.21.12:511][734]MaterialEditorStats: Base pass shader: 128 instructions
[2020.01.25-16.21.12:511][734]MaterialEditorStats: Base pass shader with Volumetric Lightmap: 206 instructions
[2020.01.25-16.21.12:511][734]MaterialEditorStats: Base pass vertex shader: 44 instructions
[2020.01.25-16.21.12:511][734]MaterialEditorStats: Texture samplers: 6/16
[2020.01.25-16.21.12:511][734]MaterialEditorStats: Texture Lookups (Est.): VS(0), PS(3)
[2020.01.25-16.21.12:511][734]MaterialEditorStats: User interpolators: 2/4 Scalars (1/4 Vectors) (TexCoords: 2, Custom: 0)
[2020.01.25-16.21.15:306][ 16]LogMaterial: Display: Missing cached shader map for material m_Gravel, compiling. 
[2020.01.25-16.21.15:319][ 16]LogMaterial: Display: Missing cached shader map for material m_Gravel, compiling. 
[2020.01.25-16.21.15:338][ 16]LogShaderCompilers: Display: Worker (1/13): shaders left to compile 21
[2020.01.25-16.21.15:338][ 16]LogShaderCompilers: Display: Worker (2/13): shaders left to compile 20
[2020.01.25-16.21.15:338][ 16]LogShaderCompilers: Display: Worker (3/13): shaders left to compile 19
[2020.01.25-16.21.15:338][ 16]LogShaderCompilers: Display: Worker (4/13): shaders left to compile 18
[2020.01.25-16.21.15:338][ 16]LogShaderCompilers: Display: Worker (5/13): shaders left to compile 17
[2020.01.25-16.21.15:338][ 16]LogShaderCompilers: Display: Worker (6/13): shaders left to compile 16
[2020.01.25-16.21.15:338][ 16]LogShaderCompilers: Display: Worker (7/13): shaders left to compile 15
[2020.01.25-16.21.15:338][ 16]LogShaderCompilers: Display: Worker (8/13): shaders left to compile 14
[2020.01.25-16.21.15:338][ 16]LogShaderCompilers: Display: Worker (9/13): shaders left to compile 13
[2020.01.25-16.21.15:338][ 16]LogShaderCompilers: Display: Worker (10/13): shaders left to compile 12
[2020.01.25-16.21.15:338][ 16]LogShaderCompilers: Display: Worker (11/13): shaders left to compile 11
[2020.01.25-16.21.15:338][ 16]LogShaderCompilers: Display: Worker (12/13): shaders left to compile 10
[2020.01.25-16.21.15:557][ 30]LogShaderCompilers: Display: Worker (8/13): shaders left to compile 9
[2020.01.25-16.21.15:592][ 32]LogShaderCompilers: Display: Worker (1/13): shaders left to compile 8
[2020.01.25-16.21.15:641][ 35]LogShaderCompilers: Display: Worker (3/13): shaders left to compile 7
[2020.01.25-16.21.15:641][ 35]LogShaderCompilers: Display: Worker (2/13): shaders left to compile 6
[2020.01.25-16.21.15:658][ 36]LogShaderCompilers: Display: Worker (4/13): shaders left to compile 5
[2020.01.25-16.21.15:673][ 37]LogShaderCompilers: Display: Worker (5/13): shaders left to compile 4
[2020.01.25-16.21.15:673][ 37]LogShaderCompilers: Display: Worker (7/13): shaders left to compile 3
[2020.01.25-16.21.15:690][ 38]LogShaderCompilers: Display: Worker (6/13): shaders left to compile 2
[2020.01.25-16.21.15:690][ 38]LogShaderCompilers: Display: Worker (9/13): shaders left to compile 1
[2020.01.25-16.21.15:914][ 50]LogMaterial: Display: Missing cached shader map for material m_Gravel, compiling. 
[2020.01.25-16.21.15:931][ 50]LogShaderCompilers: Display: Worker (12/13): shaders left to compile 21
[2020.01.25-16.21.15:935][ 50]LogMaterial: Display: Missing cached shader map for material m_Gravel, compiling. 
[2020.01.25-16.21.15:977][ 51]LogShaderCompilers: Display: Worker (10/13): shaders left to compile 21
[2020.01.25-16.21.16:008][ 53]LogShaderCompilers: Display: Worker (11/13): shaders left to compile 20
[2020.01.25-16.21.16:043][ 55]LogShaderCompilers: Display: Worker (3/13): shaders left to compile 19
[2020.01.25-16.21.16:060][ 56]LogShaderCompilers: Display: Worker (5/13): shaders left to compile 18
[2020.01.25-16.21.16:125][ 60]LogShaderCompilers: Display: Worker (9/13): shaders left to compile 17
[2020.01.25-16.21.16:157][ 62]LogShaderCompilers: Display: Worker (8/13): shaders left to compile 16
[2020.01.25-16.21.16:224][ 66]LogShaderCompilers: Display: Worker (6/13): shaders left to compile 15
[2020.01.25-16.21.16:240][ 67]LogShaderCompilers: Display: Worker (7/13): shaders left to compile 14
[2020.01.25-16.21.16:271][ 69]LogShaderCompilers: Display: Worker (10/13): shaders left to compile 13
[2020.01.25-16.21.16:271][ 69]LogShaderCompilers: Display: Worker (12/13): shaders left to compile 12
[2020.01.25-16.21.16:287][ 70]LogShaderCompilers: Display: Worker (1/13): shaders left to compile 11
[2020.01.25-16.21.16:287][ 70]LogShaderCompilers: Display: Worker (4/13): shaders left to compile 10
[2020.01.25-16.21.16:309][ 71]LogShaderCompilers: Display: Worker (2/13): shaders left to compile 9
[2020.01.25-16.21.16:340][ 73]LogShaderCompilers: Display: Worker (11/13): shaders left to compile 8
[2020.01.25-16.21.16:357][ 74]LogShaderCompilers: Display: Worker (5/13): shaders left to compile 7
[2020.01.25-16.21.16:374][ 75]LogShaderCompilers: Display: Worker (3/13): shaders left to compile 6
[2020.01.25-16.21.16:390][ 76]LogShaderCompilers: Display: Worker (7/13): shaders left to compile 5
[2020.01.25-16.21.16:441][ 79]LogShaderCompilers: Display: Worker (9/13): shaders left to compile 4
[2020.01.25-16.21.16:457][ 80]LogShaderCompilers: Display: Worker (8/13): shaders left to compile 3
[2020.01.25-16.21.16:528][ 84]LogShaderCompilers: Display: Worker (6/13): shaders left to compile 2
[2020.01.25-16.21.16:528][ 84]LogShaderCompilers: Display: Worker (10/13): shaders left to compile 1
[2020.01.25-16.21.17:073][117]MaterialEditorStats: Base pass shader: 129 instructions
[2020.01.25-16.21.17:073][117]MaterialEditorStats: Base pass shader with Volumetric Lightmap: 207 instructions
[2020.01.25-16.21.17:073][117]MaterialEditorStats: Base pass vertex shader: 44 instructions
[2020.01.25-16.21.17:073][117]MaterialEditorStats: Texture samplers: 6/16
[2020.01.25-16.21.17:073][117]MaterialEditorStats: Texture Lookups (Est.): VS(0), PS(3)
[2020.01.25-16.21.17:073][117]MaterialEditorStats: User interpolators: 2/4 Scalars (1/4 Vectors) (TexCoords: 2, Custom: 0)
[2020.01.25-16.21.18:305][235]LogMaterial: Display: Missing cached shader map for material m_Gravel, compiling. 
[2020.01.25-16.21.18:329][236]LogShaderCompilers: Display: Worker (1/13): shaders left to compile 21
[2020.01.25-16.21.18:329][236]LogShaderCompilers: Display: Worker (2/13): shaders left to compile 20
[2020.01.25-16.21.18:329][236]LogShaderCompilers: Display: Worker (3/13): shaders left to compile 19
[2020.01.25-16.21.18:329][236]LogShaderCompilers: Display: Worker (4/13): shaders left to compile 18
[2020.01.25-16.21.18:329][236]LogShaderCompilers: Display: Worker (5/13): shaders left to compile 17
[2020.01.25-16.21.18:329][236]LogShaderCompilers: Display: Worker (6/13): shaders left to compile 16
[2020.01.25-16.21.18:329][236]LogShaderCompilers: Display: Worker (7/13): shaders left to compile 15
[2020.01.25-16.21.18:329][236]LogShaderCompilers: Display: Worker (8/13): shaders left to compile 14
[2020.01.25-16.21.18:329][236]LogShaderCompilers: Display: Worker (9/13): shaders left to compile 13
[2020.01.25-16.21.18:329][236]LogShaderCompilers: Display: Worker (10/13): shaders left to compile 12
[2020.01.25-16.21.18:329][236]LogShaderCompilers: Display: Worker (11/13): shaders left to compile 11
[2020.01.25-16.21.18:329][236]LogShaderCompilers: Display: Worker (12/13): shaders left to compile 10
[2020.01.25-16.21.18:374][240]LogMaterialEditor: Saving and Compiling material m_Gravel
[2020.01.25-16.21.18:919][240]LogShaderCompilers: Display: Worker (8/13): shaders left to compile 9
[2020.01.25-16.21.18:919][240]LogShaderCompilers: Display: Worker (1/13): shaders left to compile 8
[2020.01.25-16.21.18:919][240]LogShaderCompilers: Display: Worker (2/13): shaders left to compile 7
[2020.01.25-16.21.18:919][240]LogShaderCompilers: Display: Worker (3/13): shaders left to compile 6
[2020.01.25-16.21.18:919][240]LogShaderCompilers: Display: Worker (5/13): shaders left to compile 5
[2020.01.25-16.21.18:919][240]LogShaderCompilers: Display: Worker (4/13): shaders left to compile 4
[2020.01.25-16.21.18:919][240]LogShaderCompilers: Display: Worker (9/13): shaders left to compile 3
[2020.01.25-16.21.18:919][240]LogShaderCompilers: Display: Worker (6/13): shaders left to compile 2
[2020.01.25-16.21.18:919][240]LogShaderCompilers: Display: Worker (7/13): shaders left to compile 1
[2020.01.25-16.21.18:942][240]LogMaterial: Display: Missing cached shader map for material m_Gravel, compiling. 
[2020.01.25-16.21.19:003][240]LogShaderCompilers: Display: Worker (2/13): shaders left to compile 21
[2020.01.25-16.21.19:003][240]LogShaderCompilers: Display: Worker (4/13): shaders left to compile 20
[2020.01.25-16.21.19:003][240]LogShaderCompilers: Display: Worker (7/13): shaders left to compile 19
[2020.01.25-16.21.19:003][240]LogShaderCompilers: Display: Worker (10/13): shaders left to compile 18
[2020.01.25-16.21.19:003][240]LogShaderCompilers: Display: Worker (11/13): shaders left to compile 17
[2020.01.25-16.21.19:003][240]LogShaderCompilers: Display: Worker (12/13): shaders left to compile 16
[2020.01.25-16.21.19:030][240]LogMaterial: Display: Missing cached shader map for material m_Gravel, compiling. 
[2020.01.25-16.21.19:053][240]LogMaterial: Display: Missing cached shader map for material m_Gravel, compiling. 
[2020.01.25-16.21.19:069][240]LogShaderCompilers: Display: Worker (8/13): shaders left to compile 15
[2020.01.25-16.21.19:109][240]LogUObjectHash: Compacting FUObjectHashTables data took   2.07ms
[2020.01.25-16.21.19:120][240]LogMaterial: Display: Missing cached shader map for material DebugViewMode MaterialTexCoordScale, compiling. 
[2020.01.25-16.21.19:914][240]LogShaderCompilers: Display: Worker (9/13): shaders left to compile 38
[2020.01.25-16.21.19:914][240]LogShaderCompilers: Display: Worker (3/13): shaders left to compile 37
[2020.01.25-16.21.19:914][240]LogShaderCompilers: Display: Worker (1/13): shaders left to compile 36
[2020.01.25-16.21.19:914][240]LogShaderCompilers: Display: Worker (6/13): shaders left to compile 35
[2020.01.25-16.21.19:914][240]LogShaderCompilers: Display: Worker (5/13): shaders left to compile 34
[2020.01.25-16.21.19:914][240]LogShaderCompilers: Display: Worker (9/13): shaders left to compile 33
[2020.01.25-16.21.19:914][240]LogShaderCompilers: Display: Worker (2/13): shaders left to compile 32
[2020.01.25-16.21.19:914][240]LogShaderCompilers: Display: Worker (7/13): shaders left to compile 31
[2020.01.25-16.21.19:914][240]LogShaderCompilers: Display: Worker (4/13): shaders left to compile 30
[2020.01.25-16.21.19:914][240]LogShaderCompilers: Display: Worker (10/13): shaders left to compile 29
[2020.01.25-16.21.19:914][240]LogShaderCompilers: Display: Worker (11/13): shaders left to compile 28
[2020.01.25-16.21.19:914][240]LogShaderCompilers: Display: Worker (12/13): shaders left to compile 27
[2020.01.25-16.21.19:914][240]LogShaderCompilers: Display: Worker (8/13): shaders left to compile 26
[2020.01.25-16.21.19:914][240]LogShaderCompilers: Display: Worker (3/13): shaders left to compile 25
[2020.01.25-16.21.19:914][240]LogShaderCompilers: Display: Worker (5/13): shaders left to compile 24
[2020.01.25-16.21.19:914][240]LogShaderCompilers: Display: Worker (7/13): shaders left to compile 23
[2020.01.25-16.21.19:914][240]LogShaderCompilers: Display: Worker (1/13): shaders left to compile 22
[2020.01.25-16.21.19:914][240]LogShaderCompilers: Display: Worker (11/13): shaders left to compile 20
[2020.01.25-16.21.19:915][240]LogShaderCompilers: Display: Worker (6/13): shaders left to compile 18
[2020.01.25-16.21.19:915][240]LogShaderCompilers: Display: Worker (3/13): shaders left to compile 16
[2020.01.25-16.21.19:915][240]LogShaderCompilers: Display: Worker (5/13): shaders left to compile 14
[2020.01.25-16.21.19:915][240]LogShaderCompilers: Display: Worker (9/13): shaders left to compile 12
[2020.01.25-16.21.19:915][240]LogShaderCompilers: Display: Worker (12/13): shaders left to compile 10
[2020.01.25-16.21.19:915][240]LogShaderCompilers: Display: Worker (2/13): shaders left to compile 9
[2020.01.25-16.21.19:915][240]LogShaderCompilers: Display: Worker (8/13): shaders left to compile 8
[2020.01.25-16.21.19:915][240]LogShaderCompilers: Display: Worker (4/13): shaders left to compile 7
[2020.01.25-16.21.19:915][240]LogShaderCompilers: Display: Worker (7/13): shaders left to compile 6
[2020.01.25-16.21.19:916][240]TextureStreamingBuild: Display: Compiling optional shaders took 0.807 seconds.
[2020.01.25-16.21.19:921][240]LogShaderCompilers: Display: Worker (10/13): shaders left to compile 5
[2020.01.25-16.21.19:962][240]LogUObjectHash: Compacting FUObjectHashTables data took   1.12ms
[2020.01.25-16.21.20:661][240]LogShaderCompilers: Display: Worker (3/13): shaders left to compile 4
[2020.01.25-16.21.20:661][240]LogShaderCompilers: Display: Worker (8/13): shaders left to compile 3
[2020.01.25-16.21.20:661][240]LogShaderCompilers: Display: Worker (1/13): shaders left to compile 2
[2020.01.25-16.21.20:661][240]LogShaderCompilers: Display: Worker (10/13): shaders left to compile 1
[2020.01.25-16.21.20:689][240]Cmd: OBJ SAVEPACKAGE PACKAGE="/Game/Materials/m_Gravel" FILE="../../../../Art/Park_SFAS/Park/Content/Materials/m_Gravel.uasset" SILENT=true
[2020.01.25-16.21.20:738][240]LogSavePackage: Moving '../../../../Art/Park_SFAS/Park/Saved/m_GravelD8C86B4D4073DB7ADFA0CF880D435B70.tmp' to '../../../../Art/Park_SFAS/Park/Content/Materials/m_Gravel.uasset'
[2020.01.25-16.21.25:440][699]LogMaterial: Display: Missing cached shader map for material m_Gravel, compiling. 
[2020.01.25-16.21.25:454][699]LogMaterial: Display: Missing cached shader map for material m_Gravel, compiling. 
[2020.01.25-16.21.25:475][699]LogShaderCompilers: Display: Worker (1/13): shaders left to compile 21
[2020.01.25-16.21.25:475][699]LogShaderCompilers: Display: Worker (2/13): shaders left to compile 20
[2020.01.25-16.21.25:475][699]LogShaderCompilers: Display: Worker (3/13): shaders left to compile 19
[2020.01.25-16.21.25:475][699]LogShaderCompilers: Display: Worker (4/13): shaders left to compile 18
[2020.01.25-16.21.25:475][699]LogShaderCompilers: Display: Worker (5/13): shaders left to compile 17
[2020.01.25-16.21.25:475][699]LogShaderCompilers: Display: Worker (6/13): shaders left to compile 16
[2020.01.25-16.21.25:475][699]LogShaderCompilers: Display: Worker (7/13): shaders left to compile 15
[2020.01.25-16.21.25:475][699]LogShaderCompilers: Display: Worker (8/13): shaders left to compile 14
[2020.01.25-16.21.25:475][699]LogShaderCompilers: Display: Worker (9/13): shaders left to compile 13
[2020.01.25-16.21.25:475][699]LogShaderCompilers: Display: Worker (10/13): shaders left to compile 12
[2020.01.25-16.21.25:475][699]LogShaderCompilers: Display: Worker (11/13): shaders left to compile 11
[2020.01.25-16.21.25:475][699]LogShaderCompilers: Display: Worker (12/13): shaders left to compile 10
[2020.01.25-16.21.25:681][713]LogShaderCompilers: Display: Worker (8/13): shaders left to compile 9
[2020.01.25-16.21.25:735][716]LogShaderCompilers: Display: Worker (1/13): shaders left to compile 8
[2020.01.25-16.21.25:770][718]LogShaderCompilers: Display: Worker (4/13): shaders left to compile 7
[2020.01.25-16.21.25:786][719]LogShaderCompilers: Display: Worker (2/13): shaders left to compile 6
[2020.01.25-16.21.25:801][720]LogShaderCompilers: Display: Worker (3/13): shaders left to compile 5
[2020.01.25-16.21.25:816][721]LogShaderCompilers: Display: Worker (7/13): shaders left to compile 4
[2020.01.25-16.21.25:834][722]LogShaderCompilers: Display: Worker (5/13): shaders left to compile 3
[2020.01.25-16.21.25:834][722]LogShaderCompilers: Display: Worker (9/13): shaders left to compile 2
[2020.01.25-16.21.25:850][723]LogShaderCompilers: Display: Worker (6/13): shaders left to compile 1
[2020.01.25-16.21.25:921][727]LogMaterial: Display: Missing cached shader map for material m_Gravel, compiling. 
[2020.01.25-16.21.25:936][727]LogShaderCompilers: Display: Worker (12/13): shaders left to compile 21
[2020.01.25-16.21.25:942][727]LogMaterial: Display: Missing cached shader map for material m_Gravel, compiling. 
[2020.01.25-16.21.26:082][733]LogShaderCompilers: Display: Worker (10/13): shaders left to compile 21
[2020.01.25-16.21.26:157][737]LogShaderCompilers: Display: Worker (11/13): shaders left to compile 20
[2020.01.25-16.21.26:174][738]LogShaderCompilers: Display: Worker (4/13): shaders left to compile 19
[2020.01.25-16.21.26:191][739]LogShaderCompilers: Display: Worker (7/13): shaders left to compile 18
[2020.01.25-16.21.26:241][742]LogShaderCompilers: Display: Worker (6/13): shaders left to compile 17
[2020.01.25-16.21.26:274][744]LogShaderCompilers: Display: Worker (12/13): shaders left to compile 16
[2020.01.25-16.21.26:308][746]LogShaderCompilers: Display: Worker (8/13): shaders left to compile 15
[2020.01.25-16.21.26:374][750]LogShaderCompilers: Display: Worker (1/13): shaders left to compile 14
[2020.01.25-16.21.26:390][751]LogShaderCompilers: Display: Worker (5/13): shaders left to compile 13
[2020.01.25-16.21.26:390][751]LogShaderCompilers: Display: Worker (10/13): shaders left to compile 12
[2020.01.25-16.21.26:407][752]LogShaderCompilers: Display: Worker (9/13): shaders left to compile 11
[2020.01.25-16.21.26:423][753]LogShaderCompilers: Display: Worker (2/13): shaders left to compile 10
[2020.01.25-16.21.26:462][755]LogShaderCompilers: Display: Worker (11/13): shaders left to compile 9
[2020.01.25-16.21.26:462][755]LogShaderCompilers: Display: Worker (3/13): shaders left to compile 8
[2020.01.25-16.21.26:485][756]LogShaderCompilers: Display: Worker (4/13): shaders left to compile 7
[2020.01.25-16.21.26:502][757]LogShaderCompilers: Display: Worker (7/13): shaders left to compile 6
[2020.01.25-16.21.26:533][759]LogShaderCompilers: Display: Worker (1/13): shaders left to compile 5
[2020.01.25-16.21.26:548][760]LogShaderCompilers: Display: Worker (6/13): shaders left to compile 4
[2020.01.25-16.21.26:548][760]LogShaderCompilers: Display: Worker (12/13): shaders left to compile 3
[2020.01.25-16.21.26:608][763]LogShaderCompilers: Display: Worker (8/13): shaders left to compile 2
[2020.01.25-16.21.26:646][765]LogShaderCompilers: Display: Worker (5/13): shaders left to compile 1
[2020.01.25-16.21.27:141][792]MaterialEditorStats: Base pass shader: 129 instructions
[2020.01.25-16.21.27:141][792]MaterialEditorStats: Base pass shader with Volumetric Lightmap: 207 instructions
[2020.01.25-16.21.27:141][792]MaterialEditorStats: Base pass vertex shader: 44 instructions
[2020.01.25-16.21.27:141][792]MaterialEditorStats: Texture samplers: 6/16
[2020.01.25-16.21.27:141][792]MaterialEditorStats: Texture Lookups (Est.): VS(0), PS(3)
[2020.01.25-16.21.27:141][792]MaterialEditorStats: User interpolators: 2/4 Scalars (1/4 Vectors) (TexCoords: 2, Custom: 0)
[2020.01.25-16.21.27:190][796]LogMaterial: Display: Missing cached shader map for material m_Gravel, compiling. 
[2020.01.25-16.21.27:211][797]LogShaderCompilers: Display: Worker (1/13): shaders left to compile 21
[2020.01.25-16.21.27:211][797]LogShaderCompilers: Display: Worker (2/13): shaders left to compile 20
[2020.01.25-16.21.27:211][797]LogShaderCompilers: Display: Worker (3/13): shaders left to compile 19
[2020.01.25-16.21.27:211][797]LogShaderCompilers: Display: Worker (4/13): shaders left to compile 18
[2020.01.25-16.21.27:211][797]LogShaderCompilers: Display: Worker (5/13): shaders left to compile 17
[2020.01.25-16.21.27:211][797]LogShaderCompilers: Display: Worker (6/13): shaders left to compile 16
[2020.01.25-16.21.27:211][797]LogShaderCompilers: Display: Worker (7/13): shaders left to compile 15
[2020.01.25-16.21.27:211][797]LogShaderCompilers: Display: Worker (8/13): shaders left to compile 14
[2020.01.25-16.21.27:211][797]LogShaderCompilers: Display: Worker (9/13): shaders left to compile 13
[2020.01.25-16.21.27:211][797]LogShaderCompilers: Display: Worker (10/13): shaders left to compile 12
[2020.01.25-16.21.27:211][797]LogShaderCompilers: Display: Worker (11/13): shaders left to compile 11
[2020.01.25-16.21.27:211][797]LogShaderCompilers: Display: Worker (12/13): shaders left to compile 10
[2020.01.25-16.21.27:264][802]LogMaterialEditor: Applying material m_Gravel
[2020.01.25-16.21.27:807][802]LogShaderCompilers: Display: Worker (8/13): shaders left to compile 9
[2020.01.25-16.21.27:807][802]LogShaderCompilers: Display: Worker (2/13): shaders left to compile 8
[2020.01.25-16.21.27:807][802]LogShaderCompilers: Display: Worker (1/13): shaders left to compile 7
[2020.01.25-16.21.27:807][802]LogShaderCompilers: Display: Worker (3/13): shaders left to compile 6
[2020.01.25-16.21.27:807][802]LogShaderCompilers: Display: Worker (4/13): shaders left to compile 5
[2020.01.25-16.21.27:807][802]LogShaderCompilers: Display: Worker (6/13): shaders left to compile 4
[2020.01.25-16.21.27:807][802]LogShaderCompilers: Display: Worker (5/13): shaders left to compile 3
[2020.01.25-16.21.27:807][802]LogShaderCompilers: Display: Worker (9/13): shaders left to compile 2
[2020.01.25-16.21.27:807][802]LogShaderCompilers: Display: Worker (7/13): shaders left to compile 1
[2020.01.25-16.21.27:831][802]LogMaterial: Display: Missing cached shader map for material m_Gravel, compiling. 
[2020.01.25-16.21.27:900][802]LogShaderCompilers: Display: Worker (1/13): shaders left to compile 21
[2020.01.25-16.21.27:901][802]LogShaderCompilers: Display: Worker (6/13): shaders left to compile 20
[2020.01.25-16.21.27:901][802]LogShaderCompilers: Display: Worker (7/13): shaders left to compile 19
[2020.01.25-16.21.27:901][802]LogShaderCompilers: Display: Worker (10/13): shaders left to compile 18
[2020.01.25-16.21.27:901][802]LogShaderCompilers: Display: Worker (11/13): shaders left to compile 17
[2020.01.25-16.21.27:901][802]LogShaderCompilers: Display: Worker (12/13): shaders left to compile 16
[2020.01.25-16.21.27:921][802]LogMaterial: Display: Missing cached shader map for material m_Gravel, compiling. 
[2020.01.25-16.21.27:942][802]LogMaterial: Display: Missing cached shader map for material m_Gravel, compiling. 
[2020.01.25-16.21.27:958][802]LogShaderCompilers: Display: Worker (8/13): shaders left to compile 15
[2020.01.25-16.21.27:996][802]LogUObjectHash: Compacting FUObjectHashTables data took   1.23ms
[2020.01.25-16.21.28:008][802]LogMaterial: Display: Missing cached shader map for material DebugViewMode MaterialTexCoordScale, compiling. 
[2020.01.25-16.21.28:817][802]LogShaderCompilers: Display: Worker (9/13): shaders left to compile 36
[2020.01.25-16.21.28:817][802]LogShaderCompilers: Display: Worker (3/13): shaders left to compile 37
[2020.01.25-16.21.28:817][802]LogShaderCompilers: Display: Worker (2/13): shaders left to compile 36
[2020.01.25-16.21.28:817][802]LogShaderCompilers: Display: Worker (5/13): shaders left to compile 35
[2020.01.25-16.21.28:817][802]LogShaderCompilers: Display: Worker (4/13): shaders left to compile 34
[2020.01.25-16.21.28:817][802]LogShaderCompilers: Display: Worker (9/13): shaders left to compile 33
[2020.01.25-16.21.28:817][802]LogShaderCompilers: Display: Worker (6/13): shaders left to compile 32
[2020.01.25-16.21.28:817][802]LogShaderCompilers: Display: Worker (1/13): shaders left to compile 31
[2020.01.25-16.21.28:817][802]LogShaderCompilers: Display: Worker (7/13): shaders left to compile 30
[2020.01.25-16.21.28:817][802]LogShaderCompilers: Display: Worker (10/13): shaders left to compile 29
[2020.01.25-16.21.28:817][802]LogShaderCompilers: Display: Worker (11/13): shaders left to compile 28
[2020.01.25-16.21.28:817][802]LogShaderCompilers: Display: Worker (8/13): shaders left to compile 27
[2020.01.25-16.21.28:817][802]LogShaderCompilers: Display: Worker (12/13): shaders left to compile 26
[2020.01.25-16.21.28:817][802]LogShaderCompilers: Display: Worker (3/13): shaders left to compile 25
[2020.01.25-16.21.28:817][802]LogShaderCompilers: Display: Worker (4/13): shaders left to compile 24
[2020.01.25-16.21.28:817][802]LogShaderCompilers: Display: Worker (2/13): shaders left to compile 23
[2020.01.25-16.21.28:817][802]LogShaderCompilers: Display: Worker (1/13): shaders left to compile 22
[2020.01.25-16.21.28:817][802]LogShaderCompilers: Display: Worker (5/13): shaders left to compile 20
[2020.01.25-16.21.28:817][802]LogShaderCompilers: Display: Worker (11/13): shaders left to compile 18
[2020.01.25-16.21.28:817][802]LogShaderCompilers: Display: Worker (3/13): shaders left to compile 16
[2020.01.25-16.21.28:817][802]LogShaderCompilers: Display: Worker (9/13): shaders left to compile 14
[2020.01.25-16.21.28:817][802]LogShaderCompilers: Display: Worker (4/13): shaders left to compile 12
[2020.01.25-16.21.28:817][802]LogShaderCompilers: Display: Worker (8/13): shaders left to compile 10
[2020.01.25-16.21.28:817][802]LogShaderCompilers: Display: Worker (12/13): shaders left to compile 9
[2020.01.25-16.21.28:817][802]LogShaderCompilers: Display: Worker (6/13): shaders left to compile 8
[2020.01.25-16.21.28:817][802]LogShaderCompilers: Display: Worker (7/13): shaders left to compile 7
[2020.01.25-16.21.28:817][802]LogShaderCompilers: Display: Worker (2/13): shaders left to compile 6
[2020.01.25-16.21.28:817][802]LogShaderCompilers: Display: Worker (10/13): shaders left to compile 5
[2020.01.25-16.21.28:819][802]TextureStreamingBuild: Display: Compiling optional shaders took 0.821 seconds.
[2020.01.25-16.21.28:881][802]LogUObjectHash: Compacting FUObjectHashTables data took   1.11ms
[2020.01.25-16.21.29:059][809]LogShaderCompilers: Display: Worker (3/13): shaders left to compile 4
[2020.01.25-16.21.29:147][813]LogShaderCompilers: Display: Worker (1/13): shaders left to compile 3
[2020.01.25-16.21.29:165][814]LogShaderCompilers: Display: Worker (5/13): shaders left to compile 2
[2020.01.25-16.21.29:184][815]LogShaderCompilers: Display: Worker (11/13): shaders left to compile 1
[2020.01.25-16.21.29:584][841]MaterialEditorStats: Base pass shader: 129 instructions
[2020.01.25-16.21.29:584][841]MaterialEditorStats: Base pass shader with Volumetric Lightmap: 207 instructions
[2020.01.25-16.21.29:584][841]MaterialEditorStats: Base pass vertex shader: 44 instructions
[2020.01.25-16.21.29:584][841]MaterialEditorStats: Texture samplers: 6/16
[2020.01.25-16.21.29:584][841]MaterialEditorStats: Texture Lookups (Est.): VS(0), PS(3)
[2020.01.25-16.21.29:584][841]MaterialEditorStats: User interpolators: 2/4 Scalars (1/4 Vectors) (TexCoords: 2, Custom: 0)
[2020.01.25-16.21.35:331][366]Cmd: SELECT NONE
[2020.01.25-16.21.40:917][868]LogSlate: FSceneViewport::OnFocusLost() reason 0
[2020.01.25-16.21.42:140][  9]LogMaterial: Display: Missing cached shader map for material m_Gravel, compiling. 
[2020.01.25-16.21.42:153][  9]LogMaterial: Display: Missing cached shader map for material m_Gravel, compiling. 
[2020.01.25-16.21.42:169][  9]LogShaderCompilers: Display: Worker (1/13): shaders left to compile 21
[2020.01.25-16.21.42:169][  9]LogShaderCompilers: Display: Worker (2/13): shaders left to compile 20
[2020.01.25-16.21.42:169][  9]LogShaderCompilers: Display: Worker (3/13): shaders left to compile 19
[2020.01.25-16.21.42:169][  9]LogShaderCompilers: Display: Worker (4/13): shaders left to compile 18
[2020.01.25-16.21.42:169][  9]LogShaderCompilers: Display: Worker (5/13): shaders left to compile 17
[2020.01.25-16.21.42:169][  9]LogShaderCompilers: Display: Worker (6/13): shaders left to compile 16
[2020.01.25-16.21.42:169][  9]LogShaderCompilers: Display: Worker (7/13): shaders left to compile 15
[2020.01.25-16.21.42:169][  9]LogShaderCompilers: Display: Worker (8/13): shaders left to compile 14
[2020.01.25-16.21.42:169][  9]LogShaderCompilers: Display: Worker (9/13): shaders left to compile 13
[2020.01.25-16.21.42:169][  9]LogShaderCompilers: Display: Worker (10/13): shaders left to compile 12
[2020.01.25-16.21.42:169][  9]LogShaderCompilers: Display: Worker (11/13): shaders left to compile 11
[2020.01.25-16.21.42:169][  9]LogShaderCompilers: Display: Worker (12/13): shaders left to compile 10
[2020.01.25-16.21.42:358][ 23]LogShaderCompilers: Display: Worker (8/13): shaders left to compile 9
[2020.01.25-16.21.42:436][ 28]LogShaderCompilers: Display: Worker (1/13): shaders left to compile 8
[2020.01.25-16.21.42:450][ 29]LogShaderCompilers: Display: Worker (2/13): shaders left to compile 7
[2020.01.25-16.21.42:477][ 31]LogShaderCompilers: Display: Worker (4/13): shaders left to compile 6
[2020.01.25-16.21.42:492][ 32]LogShaderCompilers: Display: Worker (3/13): shaders left to compile 5
[2020.01.25-16.21.42:492][ 32]LogShaderCompilers: Display: Worker (6/13): shaders left to compile 4
[2020.01.25-16.21.42:505][ 33]LogShaderCompilers: Display: Worker (5/13): shaders left to compile 3
[2020.01.25-16.21.42:519][ 34]LogShaderCompilers: Display: Worker (7/13): shaders left to compile 2
[2020.01.25-16.21.42:519][ 34]LogShaderCompilers: Display: Worker (9/13): shaders left to compile 1
[2020.01.25-16.21.42:680][ 44]LogMaterial: Display: Missing cached shader map for material m_Gravel, compiling. 
[2020.01.25-16.21.42:696][ 44]LogShaderCompilers: Display: Worker (12/13): shaders left to compile 21
[2020.01.25-16.21.42:702][ 44]LogMaterial: Display: Missing cached shader map for material m_Gravel, compiling. 
[2020.01.25-16.21.42:780][ 47]LogShaderCompilers: Display: Worker (10/13): shaders left to compile 21
[2020.01.25-16.21.42:825][ 50]LogShaderCompilers: Display: Worker (2/13): shaders left to compile 20
[2020.01.25-16.21.42:841][ 51]LogShaderCompilers: Display: Worker (11/13): shaders left to compile 19
[2020.01.25-16.21.42:857][ 52]LogShaderCompilers: Display: Worker (6/13): shaders left to compile 18
[2020.01.25-16.21.42:901][ 55]LogShaderCompilers: Display: Worker (9/13): shaders left to compile 17
[2020.01.25-16.21.42:945][ 58]LogShaderCompilers: Display: Worker (8/13): shaders left to compile 16
[2020.01.25-16.21.43:006][ 62]LogShaderCompilers: Display: Worker (12/13): shaders left to compile 15
[2020.01.25-16.21.43:021][ 63]LogShaderCompilers: Display: Worker (1/13): shaders left to compile 14
[2020.01.25-16.21.43:035][ 64]LogShaderCompilers: Display: Worker (5/13): shaders left to compile 13
[2020.01.25-16.21.43:049][ 65]LogShaderCompilers: Display: Worker (4/13): shaders left to compile 12
[2020.01.25-16.21.43:063][ 66]LogShaderCompilers: Display: Worker (10/13): shaders left to compile 11
[2020.01.25-16.21.43:076][ 67]LogShaderCompilers: Display: Worker (7/13): shaders left to compile 10
[2020.01.25-16.21.43:114][ 70]LogShaderCompilers: Display: Worker (3/13): shaders left to compile 9
[2020.01.25-16.21.43:135][ 71]LogShaderCompilers: Display: Worker (2/13): shaders left to compile 8
[2020.01.25-16.21.43:135][ 71]LogShaderCompilers: Display: Worker (11/13): shaders left to compile 7
[2020.01.25-16.21.43:163][ 73]LogShaderCompilers: Display: Worker (6/13): shaders left to compile 6
[2020.01.25-16.21.43:190][ 75]LogShaderCompilers: Display: Worker (1/13): shaders left to compile 5
[2020.01.25-16.21.43:219][ 77]LogShaderCompilers: Display: Worker (9/13): shaders left to compile 4
[2020.01.25-16.21.43:248][ 79]LogShaderCompilers: Display: Worker (8/13): shaders left to compile 3
[2020.01.25-16.21.43:293][ 82]LogShaderCompilers: Display: Worker (12/13): shaders left to compile 2
[2020.01.25-16.21.43:326][ 84]LogShaderCompilers: Display: Worker (5/13): shaders left to compile 1
[2020.01.25-16.21.43:798][117]MaterialEditorStats: Base pass shader: 129 instructions
[2020.01.25-16.21.43:798][117]MaterialEditorStats: Base pass shader with Volumetric Lightmap: 207 instructions
[2020.01.25-16.21.43:798][117]MaterialEditorStats: Base pass vertex shader: 44 instructions
[2020.01.25-16.21.43:798][117]MaterialEditorStats: Texture samplers: 6/16
[2020.01.25-16.21.43:798][117]MaterialEditorStats: Texture Lookups (Est.): VS(0), PS(3)
[2020.01.25-16.21.43:798][117]MaterialEditorStats: User interpolators: 2/4 Scalars (1/4 Vectors) (TexCoords: 2, Custom: 0)
[2020.01.25-16.21.44:675][216]LogMaterial: Display: Missing cached shader map for material m_Gravel, compiling. 
[2020.01.25-16.21.44:697][217]LogShaderCompilers: Display: Worker (1/13): shaders left to compile 21
[2020.01.25-16.21.44:697][217]LogShaderCompilers: Display: Worker (2/13): shaders left to compile 20
[2020.01.25-16.21.44:697][217]LogShaderCompilers: Display: Worker (3/13): shaders left to compile 19
[2020.01.25-16.21.44:697][217]LogShaderCompilers: Display: Worker (4/13): shaders left to compile 18
[2020.01.25-16.21.44:697][217]LogShaderCompilers: Display: Worker (5/13): shaders left to compile 17
[2020.01.25-16.21.44:697][217]LogShaderCompilers: Display: Worker (6/13): shaders left to compile 16
[2020.01.25-16.21.44:697][217]LogShaderCompilers: Display: Worker (7/13): shaders left to compile 15
[2020.01.25-16.21.44:697][217]LogShaderCompilers: Display: Worker (8/13): shaders left to compile 14
[2020.01.25-16.21.44:697][217]LogShaderCompilers: Display: Worker (9/13): shaders left to compile 13
[2020.01.25-16.21.44:697][217]LogShaderCompilers: Display: Worker (10/13): shaders left to compile 12
[2020.01.25-16.21.44:697][217]LogShaderCompilers: Display: Worker (11/13): shaders left to compile 11
[2020.01.25-16.21.44:697][217]LogShaderCompilers: Display: Worker (12/13): shaders left to compile 10
[2020.01.25-16.21.44:928][235]LogShaderCompilers: Display: Worker (8/13): shaders left to compile 9
[2020.01.25-16.21.44:959][237]LogShaderCompilers: Display: Worker (2/13): shaders left to compile 8
[2020.01.25-16.21.44:974][238]LogShaderCompilers: Display: Worker (3/13): shaders left to compile 7
[2020.01.25-16.21.44:987][239]LogShaderCompilers: Display: Worker (1/13): shaders left to compile 6
[2020.01.25-16.21.45:014][241]LogShaderCompilers: Display: Worker (4/13): shaders left to compile 5
[2020.01.25-16.21.45:014][241]LogShaderCompilers: Display: Worker (5/13): shaders left to compile 4
[2020.01.25-16.21.45:014][241]LogShaderCompilers: Display: Worker (6/13): shaders left to compile 3
[2020.01.25-16.21.45:014][241]LogShaderCompilers: Display: Worker (9/13): shaders left to compile 2
[2020.01.25-16.21.45:054][244]LogShaderCompilers: Display: Worker (7/13): shaders left to compile 1
[2020.01.25-16.21.45:565][282]MaterialEditorStats: Base pass shader: 129 instructions
[2020.01.25-16.21.45:565][282]MaterialEditorStats: Base pass shader with Volumetric Lightmap: 207 instructions
[2020.01.25-16.21.45:565][282]MaterialEditorStats: Base pass vertex shader: 44 instructions
[2020.01.25-16.21.45:565][282]MaterialEditorStats: Texture samplers: 6/16
[2020.01.25-16.21.45:565][282]MaterialEditorStats: Texture Lookups (Est.): VS(0), PS(3)
[2020.01.25-16.21.45:565][282]MaterialEditorStats: User interpolators: 2/4 Scalars (1/4 Vectors) (TexCoords: 2, Custom: 0)
[2020.01.25-16.21.46:929][444]LogMaterial: Display: Missing cached shader map for material m_Gravel, compiling. 
[2020.01.25-16.21.46:942][444]LogMaterial: Display: Missing cached shader map for material m_Gravel, compiling. 
[2020.01.25-16.21.46:958][444]LogShaderCompilers: Display: Worker (1/13): shaders left to compile 21
[2020.01.25-16.21.46:958][444]LogShaderCompilers: Display: Worker (2/13): shaders left to compile 20
[2020.01.25-16.21.46:958][444]LogShaderCompilers: Display: Worker (3/13): shaders left to compile 19
[2020.01.25-16.21.46:958][444]LogShaderCompilers: Display: Worker (4/13): shaders left to compile 18
[2020.01.25-16.21.46:958][444]LogShaderCompilers: Display: Worker (5/13): shaders left to compile 17
[2020.01.25-16.21.46:958][444]LogShaderCompilers: Display: Worker (6/13): shaders left to compile 16
[2020.01.25-16.21.46:958][444]LogShaderCompilers: Display: Worker (7/13): shaders left to compile 15
[2020.01.25-16.21.46:958][444]LogShaderCompilers: Display: Worker (8/13): shaders left to compile 14
[2020.01.25-16.21.46:958][444]LogShaderCompilers: Display: Worker (9/13): shaders left to compile 13
[2020.01.25-16.21.46:958][444]LogShaderCompilers: Display: Worker (10/13): shaders left to compile 12
[2020.01.25-16.21.46:958][444]LogShaderCompilers: Display: Worker (11/13): shaders left to compile 11
[2020.01.25-16.21.46:958][444]LogShaderCompilers: Display: Worker (12/13): shaders left to compile 10
[2020.01.25-16.21.47:181][461]LogShaderCompilers: Display: Worker (8/13): shaders left to compile 9
[2020.01.25-16.21.47:241][465]LogShaderCompilers: Display: Worker (2/13): shaders left to compile 8
[2020.01.25-16.21.47:256][466]LogShaderCompilers: Display: Worker (1/13): shaders left to compile 7
[2020.01.25-16.21.47:269][467]LogShaderCompilers: Display: Worker (6/13): shaders left to compile 6
[2020.01.25-16.21.47:282][468]LogShaderCompilers: Display: Worker (3/13): shaders left to compile 5
[2020.01.25-16.21.47:282][468]LogShaderCompilers: Display: Worker (4/13): shaders left to compile 4
[2020.01.25-16.21.47:282][468]LogShaderCompilers: Display: Worker (5/13): shaders left to compile 3
[2020.01.25-16.21.47:323][471]LogShaderCompilers: Display: Worker (7/13): shaders left to compile 2
[2020.01.25-16.21.47:323][471]LogShaderCompilers: Display: Worker (9/13): shaders left to compile 1
[2020.01.25-16.21.47:610][489]LogMaterial: Display: Missing cached shader map for material m_Gravel, compiling. 
[2020.01.25-16.21.47:624][489]LogShaderCompilers: Display: Worker (1/13): shaders left to compile 21
[2020.01.25-16.21.47:624][489]LogShaderCompilers: Display: Worker (10/13): shaders left to compile 20
[2020.01.25-16.21.47:624][489]LogShaderCompilers: Display: Worker (11/13): shaders left to compile 19
[2020.01.25-16.21.47:624][489]LogShaderCompilers: Display: Worker (12/13): shaders left to compile 18
[2020.01.25-16.21.47:628][489]LogMaterial: Display: Missing cached shader map for material m_Gravel, compiling. 
[2020.01.25-16.21.47:667][490]LogShaderCompilers: Display: Worker (4/13): shaders left to compile 21
[2020.01.25-16.21.47:681][491]LogShaderCompilers: Display: Worker (9/13): shaders left to compile 20
[2020.01.25-16.21.47:732][495]LogShaderCompilers: Display: Worker (8/13): shaders left to compile 19
[2020.01.25-16.21.47:821][501]LogShaderCompilers: Display: Worker (5/13): shaders left to compile 18
[2020.01.25-16.21.47:838][502]LogShaderCompilers: Display: Worker (2/13): shaders left to compile 17
[2020.01.25-16.21.47:854][503]LogShaderCompilers: Display: Worker (6/13): shaders left to compile 16
[2020.01.25-16.21.47:854][503]LogShaderCompilers: Display: Worker (7/13): shaders left to compile 15
[2020.01.25-16.21.47:895][506]LogShaderCompilers: Display: Worker (3/13): shaders left to compile 14
[2020.01.25-16.21.47:927][508]LogShaderCompilers: Display: Worker (1/13): shaders left to compile 13
[2020.01.25-16.21.47:940][509]LogShaderCompilers: Display: Worker (11/13): shaders left to compile 12
[2020.01.25-16.21.47:953][510]LogShaderCompilers: Display: Worker (10/13): shaders left to compile 11
[2020.01.25-16.21.47:953][510]LogShaderCompilers: Display: Worker (12/13): shaders left to compile 10
[2020.01.25-16.21.47:969][511]LogShaderCompilers: Display: Worker (4/13): shaders left to compile 9
[2020.01.25-16.21.47:983][512]LogShaderCompilers: Display: Worker (9/13): shaders left to compile 8
[2020.01.25-16.21.47:998][513]LogShaderCompilers: Display: Worker (8/13): shaders left to compile 7
[2020.01.25-16.21.48:040][516]LogShaderCompilers: Display: Worker (3/13): shaders left to compile 6
[2020.01.25-16.21.48:111][521]LogShaderCompilers: Display: Worker (5/13): shaders left to compile 5
[2020.01.25-16.21.48:131][522]LogShaderCompilers: Display: Worker (2/13): shaders left to compile 4
[2020.01.25-16.21.48:131][522]LogShaderCompilers: Display: Worker (6/13): shaders left to compile 3
[2020.01.25-16.21.48:152][523]LogShaderCompilers: Display: Worker (7/13): shaders left to compile 2
[2020.01.25-16.21.48:178][523]LogShaderCompilers: Display: Worker (1/13): shaders left to compile 1
[2020.01.25-16.21.48:665][556]MaterialEditorStats: Base pass shader: 129 instructions
[2020.01.25-16.21.48:665][556]MaterialEditorStats: Base pass shader with Volumetric Lightmap: 207 instructions
[2020.01.25-16.21.48:665][556]MaterialEditorStats: Base pass vertex shader: 44 instructions
[2020.01.25-16.21.48:665][556]MaterialEditorStats: Texture samplers: 6/16
[2020.01.25-16.21.48:665][556]MaterialEditorStats: Texture Lookups (Est.): VS(0), PS(3)
[2020.01.25-16.21.48:665][556]MaterialEditorStats: User interpolators: 2/4 Scalars (1/4 Vectors) (TexCoords: 2, Custom: 0)
[2020.01.25-16.21.48:828][574]LogMaterial: Display: Missing cached shader map for material m_Gravel, compiling. 
[2020.01.25-16.21.48:848][575]LogShaderCompilers: Display: Worker (1/13): shaders left to compile 21
[2020.01.25-16.21.48:848][575]LogShaderCompilers: Display: Worker (2/13): shaders left to compile 20
[2020.01.25-16.21.48:848][575]LogShaderCompilers: Display: Worker (3/13): shaders left to compile 19
[2020.01.25-16.21.48:848][575]LogShaderCompilers: Display: Worker (4/13): shaders left to compile 18
[2020.01.25-16.21.48:848][575]LogShaderCompilers: Display: Worker (5/13): shaders left to compile 17
[2020.01.25-16.21.48:848][575]LogShaderCompilers: Display: Worker (6/13): shaders left to compile 16
[2020.01.25-16.21.48:848][575]LogShaderCompilers: Display: Worker (7/13): shaders left to compile 15
[2020.01.25-16.21.48:848][575]LogShaderCompilers: Display: Worker (8/13): shaders left to compile 14
[2020.01.25-16.21.48:848][575]LogShaderCompilers: Display: Worker (9/13): shaders left to compile 13
[2020.01.25-16.21.48:848][575]LogShaderCompilers: Display: Worker (10/13): shaders left to compile 12
[2020.01.25-16.21.48:848][575]LogShaderCompilers: Display: Worker (11/13): shaders left to compile 11
[2020.01.25-16.21.48:848][575]LogShaderCompilers: Display: Worker (12/13): shaders left to compile 10
[2020.01.25-16.21.48:920][582]LogMaterialEditor: Saving and Compiling material m_Gravel
[2020.01.25-16.21.49:504][582]LogShaderCompilers: Display: Worker (8/13): shaders left to compile 9
[2020.01.25-16.21.49:504][582]LogShaderCompilers: Display: Worker (2/13): shaders left to compile 8
[2020.01.25-16.21.49:504][582]LogShaderCompilers: Display: Worker (1/13): shaders left to compile 7
[2020.01.25-16.21.49:504][582]LogShaderCompilers: Display: Worker (3/13): shaders left to compile 6
[2020.01.25-16.21.49:504][582]LogShaderCompilers: Display: Worker (5/13): shaders left to compile 5
[2020.01.25-16.21.49:504][582]LogShaderCompilers: Display: Worker (4/13): shaders left to compile 4
[2020.01.25-16.21.49:504][582]LogShaderCompilers: Display: Worker (6/13): shaders left to compile 3
[2020.01.25-16.21.49:504][582]LogShaderCompilers: Display: Worker (9/13): shaders left to compile 2
[2020.01.25-16.21.49:504][582]LogShaderCompilers: Display: Worker (7/13): shaders left to compile 1
[2020.01.25-16.21.49:523][582]LogMaterial: Display: Missing cached shader map for material m_Gravel, compiling. 
[2020.01.25-16.21.49:589][582]LogShaderCompilers: Display: Worker (1/13): shaders left to compile 21
[2020.01.25-16.21.49:589][582]LogShaderCompilers: Display: Worker (4/13): shaders left to compile 20
[2020.01.25-16.21.49:589][582]LogShaderCompilers: Display: Worker (7/13): shaders left to compile 19
[2020.01.25-16.21.49:589][582]LogShaderCompilers: Display: Worker (8/13): shaders left to compile 18
[2020.01.25-16.21.49:589][582]LogShaderCompilers: Display: Worker (10/13): shaders left to compile 17
[2020.01.25-16.21.49:589][582]LogShaderCompilers: Display: Worker (11/13): shaders left to compile 16
[2020.01.25-16.21.49:589][582]LogShaderCompilers: Display: Worker (12/13): shaders left to compile 15
[2020.01.25-16.21.49:611][582]LogMaterial: Display: Missing cached shader map for material m_Gravel, compiling. 
[2020.01.25-16.21.49:640][582]LogMaterial: Display: Missing cached shader map for material m_Gravel, compiling. 
[2020.01.25-16.21.49:655][582]LogShaderCompilers: Display: Worker (2/13): shaders left to compile 14
[2020.01.25-16.21.49:655][582]LogShaderCompilers: Display: Worker (3/13): shaders left to compile 13
[2020.01.25-16.21.49:655][582]LogShaderCompilers: Display: Worker (6/13): shaders left to compile 12
[2020.01.25-16.21.49:655][582]LogShaderCompilers: Display: Worker (9/13): shaders left to compile 11
[2020.01.25-16.21.49:694][582]LogShaderCompilers: Display: Worker (5/13): shaders left to compile 32
[2020.01.25-16.21.49:694][582]LogUObjectHash: Compacting FUObjectHashTables data took   1.06ms
[2020.01.25-16.21.49:706][582]LogMaterial: Display: Missing cached shader map for material DebugViewMode MaterialTexCoordScale, compiling. 
[2020.01.25-16.21.50:461][582]LogShaderCompilers: Display: Worker (2/13): shaders left to compile 33
[2020.01.25-16.21.50:461][582]LogShaderCompilers: Display: Worker (7/13): shaders left to compile 32
[2020.01.25-16.21.50:461][582]LogShaderCompilers: Display: Worker (1/13): shaders left to compile 31
[2020.01.25-16.21.50:461][582]LogShaderCompilers: Display: Worker (4/13): shaders left to compile 30
[2020.01.25-16.21.50:461][582]LogShaderCompilers: Display: Worker (8/13): shaders left to compile 29
[2020.01.25-16.21.50:461][582]LogShaderCompilers: Display: Worker (10/13): shaders left to compile 28
[2020.01.25-16.21.50:461][582]LogShaderCompilers: Display: Worker (3/13): shaders left to compile 27
[2020.01.25-16.21.50:461][582]LogShaderCompilers: Display: Worker (11/13): shaders left to compile 26
[2020.01.25-16.21.50:461][582]LogShaderCompilers: Display: Worker (12/13): shaders left to compile 25
[2020.01.25-16.21.50:461][582]LogShaderCompilers: Display: Worker (5/13): shaders left to compile 24
[2020.01.25-16.21.50:461][582]LogShaderCompilers: Display: Worker (6/13): shaders left to compile 23
[2020.01.25-16.21.50:461][582]LogShaderCompilers: Display: Worker (9/13): shaders left to compile 22
[2020.01.25-16.21.50:461][582]LogShaderCompilers: Display: Worker (1/13): shaders left to compile 20
[2020.01.25-16.21.50:461][582]LogShaderCompilers: Display: Worker (10/13): shaders left to compile 18
[2020.01.25-16.21.50:461][582]LogShaderCompilers: Display: Worker (5/13): shaders left to compile 16
[2020.01.25-16.21.50:461][582]LogShaderCompilers: Display: Worker (12/13): shaders left to compile 14
[2020.01.25-16.21.50:461][582]LogShaderCompilers: Display: Worker (2/13): shaders left to compile 12
[2020.01.25-16.21.50:461][582]LogShaderCompilers: Display: Worker (3/13): shaders left to compile 10
[2020.01.25-16.21.50:461][582]LogShaderCompilers: Display: Worker (6/13): shaders left to compile 9
[2020.01.25-16.21.50:461][582]LogShaderCompilers: Display: Worker (11/13): shaders left to compile 8
[2020.01.25-16.21.50:463][582]TextureStreamingBuild: Display: Compiling optional shaders took 0.769 seconds.
[2020.01.25-16.21.50:470][582]LogShaderCompilers: Display: Worker (7/13): shaders left to compile 7
[2020.01.25-16.21.50:510][582]LogShaderCompilers: Display: Worker (4/13): shaders left to compile 6
[2020.01.25-16.21.50:510][582]LogShaderCompilers: Display: Worker (8/13): shaders left to compile 5
[2020.01.25-16.21.50:510][582]LogUObjectHash: Compacting FUObjectHashTables data took   1.09ms
[2020.01.25-16.21.51:182][582]LogShaderCompilers: Display: Worker (5/13): shaders left to compile 4
[2020.01.25-16.21.51:182][582]LogShaderCompilers: Display: Worker (9/13): shaders left to compile 3
[2020.01.25-16.21.51:182][582]LogShaderCompilers: Display: Worker (1/13): shaders left to compile 2
[2020.01.25-16.21.51:182][582]LogShaderCompilers: Display: Worker (10/13): shaders left to compile 1
[2020.01.25-16.21.51:207][582]Cmd: OBJ SAVEPACKAGE PACKAGE="/Game/Materials/m_Gravel" FILE="../../../../Art/Park_SFAS/Park/Content/Materials/m_Gravel.uasset" SILENT=true
[2020.01.25-16.21.51:224][582]LogSavePackage: Moving '../../../../Art/Park_SFAS/Park/Saved/m_GravelED88B75C4F2A4D718C1059AB25FBB2BD.tmp' to '../../../../Art/Park_SFAS/Park/Content/Materials/m_Gravel.uasset'
[2020.01.25-16.21.55:712][713]LogMaterialEditor: Saving and Compiling material m_Gravel
[2020.01.25-16.21.55:725][713]Cmd: OBJ SAVEPACKAGE PACKAGE="/Game/Materials/m_Gravel" FILE="../../../../Art/Park_SFAS/Park/Content/Materials/m_Gravel.uasset" SILENT=true
[2020.01.25-16.21.55:734][713]LogSavePackage: Moving '../../../../Art/Park_SFAS/Park/Saved/m_GravelD59635754C43C5914BC809B77C5FCA8F.tmp' to '../../../../Art/Park_SFAS/Park/Content/Materials/m_Gravel.uasset'
[2020.01.25-16.21.59:202][ 57]Cmd: SELECT NONE
[2020.01.25-16.22.05:753][595]LogSlate: FSceneViewport::OnFocusLost() reason 5
[2020.01.25-16.23.24:047][381]LogEditorFactories: Performing atomic reimport of [D:/Art/Park_SFAS/Textures/Gravel/New_Graph_basecolor.tga]
[2020.01.25-16.23.24:073][381]LogFactory: FactoryCreateFile: Texture2D with ReimportTextureFactory (0 0 D:/Art/Park_SFAS/Textures/Gravel/New_Graph_basecolor.tga)
[2020.01.25-16.23.24:123][381]LogTexture: Display: Building textures: T_gravel_basecolor (AutoDXT, 2048X2048)
[2020.01.25-16.23.24:592][381]LogEditorFactories: -- imported successfully
[2020.01.25-16.23.26:494][565]LogEditorFactories: Performing atomic reimport of [D:/Art/Park_SFAS/Textures/Gravel/New_Graph_metallic.tga]
[2020.01.25-16.23.26:520][565]LogFactory: FactoryCreateFile: Texture2D with ReimportTextureFactory (0 0 D:/Art/Park_SFAS/Textures/Gravel/New_Graph_metallic.tga)
[2020.01.25-16.23.26:564][565]LogTexture: Display: Building textures: T_Gravel_metallic (AutoDXT, 2048X2048)
[2020.01.25-16.23.27:142][565]LogEditorFactories: -- imported successfully
[2020.01.25-16.23.28:653][701]LogEditorFactories: Performing atomic reimport of [D:/Art/Park_SFAS/Textures/Gravel/New_Graph_normal.tga]
[2020.01.25-16.23.28:679][701]LogFactory: FactoryCreateFile: Texture2D with ReimportTextureFactory (0 0 D:/Art/Park_SFAS/Textures/Gravel/New_Graph_normal.tga)
[2020.01.25-16.23.28:723][701]LogTexture: Display: Building textures: T_Gravel_normal (BC5, 2048X2048)
[2020.01.25-16.23.28:837][701]LogEditorFactories: -- imported successfully
[2020.01.25-16.24.22:477][351]LogSlate: FSceneViewport::OnFocusLost() reason 0
[2020.01.25-16.24.23:609][438]LogEditorFactories: Performing atomic reimport of [D:/Art/Park_SFAS/Textures/Gravel/New_Graph_normal.tga]
[2020.01.25-16.24.23:636][438]LogFactory: FactoryCreateFile: Texture2D with ReimportTextureFactory (0 0 D:/Art/Park_SFAS/Textures/Gravel/New_Graph_normal.tga)
[2020.01.25-16.24.23:681][438]LogTexture: Display: Building textures: T_Gravel_normal (BC5, 2048X2048)
[2020.01.25-16.24.23:795][438]LogEditorFactories: -- imported successfully
[2020.01.25-16.24.25:373][571]LogEditorFactories: Performing atomic reimport of [D:/Art/Park_SFAS/Textures/Gravel/New_Graph_metallic.tga]
[2020.01.25-16.24.25:399][571]LogFactory: FactoryCreateFile: Texture2D with ReimportTextureFactory (0 0 D:/Art/Park_SFAS/Textures/Gravel/New_Graph_metallic.tga)
[2020.01.25-16.24.25:450][571]LogTexture: Display: Building textures: T_Gravel_metallic (AutoDXT, 2048X2048)
[2020.01.25-16.24.26:032][571]LogEditorFactories: -- imported successfully
[2020.01.25-16.24.27:562][718]LogEditorFactories: Performing atomic reimport of [D:/Art/Park_SFAS/Textures/Gravel/New_Graph_basecolor.tga]
[2020.01.25-16.24.27:589][718]LogFactory: FactoryCreateFile: Texture2D with ReimportTextureFactory (0 0 D:/Art/Park_SFAS/Textures/Gravel/New_Graph_basecolor.tga)
[2020.01.25-16.24.27:632][718]LogTexture: Display: Building textures: T_gravel_basecolor (AutoDXT, 2048X2048)
[2020.01.25-16.24.28:007][718]LogEditorFactories: -- imported successfully
[2020.01.25-16.24.32:963][171]Cmd: SELECT NONE
[2020.01.25-16.24.46:305][257]LogSlate: FSceneViewport::OnFocusLost() reason 0
[2020.01.25-16.24.54:814][ 57]LogEditorViewport: Clicking on Actor (LMB): StaticMeshActor (SM_level_lower)
[2020.01.25-16.25.00:040][435]Cmd: SELECT NONE
[2020.01.25-16.25.00:654][480]LogEditorViewport: Clicking on Actor (LMB): StaticMeshActor (SM_Rock6_low3)
[2020.01.25-16.25.02:044][593]Cmd: SELECT NONE
[2020.01.25-16.25.03:905][757]LogEditorViewport: Clicking on Actor (LMB): StaticMeshActor (SM_Rock5_low2)
[2020.01.25-16.25.04:360][786]Cmd: SELECT NONE
[2020.01.25-16.25.12:358][484]Cmd: SELECT NONE
[2020.01.25-16.25.12:831][539]LogEditorViewport: Clicking on Actor (LMB): BP_Sky_Sphere_C (BP_Sky_Sphere)
[2020.01.25-16.25.13:743][626]Cmd: SELECT NONE
[2020.01.25-16.25.22:539][646]LogSlate: FSceneViewport::OnFocusLost() reason 0
[2020.01.25-16.25.27:073][177]LogEditorViewport: Clicking on Actor (LMB): StaticMeshActor (SM_grasspath)
[2020.01.25-16.25.28:071][278]Cmd: CAMERA ALIGN ACTIVEVIEWPORTONLY
[2020.01.25-16.25.33:220][652]Cmd: TRANSACTION UNDO
[2020.01.25-16.25.33:220][652]LogEditorTransaction: Undo Clicking on Actors
[2020.01.25-16.25.33:228][652]LogMaterial: Display: Missing cached shader map for material m_Gravel, compiling. 
[2020.01.25-16.25.33:272][653]LogShaderCompilers: Display: Worker (1/13): shaders left to compile 21
[2020.01.25-16.25.33:272][653]LogShaderCompilers: Display: Worker (2/13): shaders left to compile 20
[2020.01.25-16.25.33:272][653]LogShaderCompilers: Display: Worker (3/13): shaders left to compile 19
[2020.01.25-16.25.33:272][653]LogShaderCompilers: Display: Worker (4/13): shaders left to compile 18
[2020.01.25-16.25.33:273][653]LogShaderCompilers: Display: Worker (5/13): shaders left to compile 17
[2020.01.25-16.25.33:273][653]LogShaderCompilers: Display: Worker (6/13): shaders left to compile 16
[2020.01.25-16.25.33:273][653]LogShaderCompilers: Display: Worker (7/13): shaders left to compile 15
[2020.01.25-16.25.33:273][653]LogShaderCompilers: Display: Worker (8/13): shaders left to compile 14
[2020.01.25-16.25.33:273][653]LogShaderCompilers: Display: Worker (9/13): shaders left to compile 13
[2020.01.25-16.25.33:273][653]LogShaderCompilers: Display: Worker (10/13): shaders left to compile 12
[2020.01.25-16.25.33:273][653]LogShaderCompilers: Display: Worker (11/13): shaders left to compile 11
[2020.01.25-16.25.33:273][653]LogShaderCompilers: Display: Worker (12/13): shaders left to compile 10
[2020.01.25-16.25.33:581][665]LogShaderCompilers: Display: Worker (8/13): shaders left to compile 9
[2020.01.25-16.25.33:700][668]LogShaderCompilers: Display: Worker (9/13): shaders left to compile 8
[2020.01.25-16.25.33:710][669]LogShaderCompilers: Display: Worker (1/13): shaders left to compile 7
[2020.01.25-16.25.33:710][669]LogShaderCompilers: Display: Worker (2/13): shaders left to compile 6
[2020.01.25-16.25.33:730][669]LogShaderCompilers: Display: Worker (3/13): shaders left to compile 5
[2020.01.25-16.25.33:730][669]LogShaderCompilers: Display: Worker (4/13): shaders left to compile 4
[2020.01.25-16.25.33:730][669]LogShaderCompilers: Display: Worker (5/13): shaders left to compile 3
[2020.01.25-16.25.33:759][671]LogShaderCompilers: Display: Worker (6/13): shaders left to compile 2
[2020.01.25-16.25.33:759][671]LogShaderCompilers: Display: Worker (7/13): shaders left to compile 1
[2020.01.25-16.25.34:058][684]Cmd: TRANSACTION UNDO
[2020.01.25-16.25.34:058][684]LogEditorTransaction: Undo Create Actors
[2020.01.25-16.25.34:066][684]LogMaterial: Display: Missing cached shader map for material m_Gravel, compiling. 
[2020.01.25-16.25.34:082][684]LogShaderCompilers: Display: Worker (1/13): shaders left to compile 21
[2020.01.25-16.25.34:082][684]LogShaderCompilers: Display: Worker (10/13): shaders left to compile 20
[2020.01.25-16.25.34:082][684]LogShaderCompilers: Display: Worker (11/13): shaders left to compile 19
[2020.01.25-16.25.34:082][684]LogShaderCompilers: Display: Worker (12/13): shaders left to compile 18
[2020.01.25-16.25.34:122][685]LogShaderCompilers: Display: Worker (4/13): shaders left to compile 17
[2020.01.25-16.25.34:122][685]LogShaderCompilers: Display: Worker (7/13): shaders left to compile 16
[2020.01.25-16.25.34:122][685]LogShaderCompilers: Display: Worker (8/13): shaders left to compile 15
[2020.01.25-16.25.34:242][693]LogShaderCompilers: Display: Worker (5/13): shaders left to compile 14
[2020.01.25-16.25.34:257][694]LogShaderCompilers: Display: Worker (9/13): shaders left to compile 13
[2020.01.25-16.25.34:274][695]LogShaderCompilers: Display: Worker (6/13): shaders left to compile 12
[2020.01.25-16.25.34:291][696]LogShaderCompilers: Display: Worker (2/13): shaders left to compile 11
[2020.01.25-16.25.34:305][697]LogShaderCompilers: Display: Worker (3/13): shaders left to compile 10
[2020.01.25-16.25.34:378][702]LogShaderCompilers: Display: Worker (1/13): shaders left to compile 9
[2020.01.25-16.25.34:392][703]LogShaderCompilers: Display: Worker (5/13): shaders left to compile 8
[2020.01.25-16.25.34:392][703]LogShaderCompilers: Display: Worker (10/13): shaders left to compile 7
[2020.01.25-16.25.34:392][703]LogShaderCompilers: Display: Worker (11/13): shaders left to compile 6
[2020.01.25-16.25.34:419][705]LogShaderCompilers: Display: Worker (12/13): shaders left to compile 5
[2020.01.25-16.25.34:433][706]LogShaderCompilers: Display: Worker (4/13): shaders left to compile 4
[2020.01.25-16.25.34:433][706]LogShaderCompilers: Display: Worker (7/13): shaders left to compile 3
[2020.01.25-16.25.34:448][707]LogShaderCompilers: Display: Worker (8/13): shaders left to compile 2
[2020.01.25-16.25.34:502][711]LogShaderCompilers: Display: Worker (9/13): shaders left to compile 1
[2020.01.25-16.25.34:993][735]MaterialEditorStats: Base pass shader: 129 instructions
[2020.01.25-16.25.34:993][735]MaterialEditorStats: Base pass shader with Volumetric Lightmap: 207 instructions
[2020.01.25-16.25.34:993][735]MaterialEditorStats: Base pass vertex shader: 44 instructions
[2020.01.25-16.25.34:993][735]MaterialEditorStats: Texture samplers: 6/16
[2020.01.25-16.25.34:993][735]MaterialEditorStats: Texture Lookups (Est.): VS(0), PS(3)
[2020.01.25-16.25.34:993][735]MaterialEditorStats: User interpolators: 2/4 Scalars (1/4 Vectors) (TexCoords: 2, Custom: 0)
[2020.01.25-16.26.02:633][781]LogEditorViewport: Clicking on Actor (LMB): StaticMeshActor (SM_grasspath)
[2020.01.25-16.26.03:056][818]LogEditorViewport: Clicking on Actor (LMB): BP_Sky_Sphere_C (BP_Sky_Sphere)
[2020.01.25-16.27.15:267][248]Cmd: SELECT NONE
[2020.01.25-16.28.04:258][920]LogEditorSessionSummary: EditorSessionSummary sent report. Type=Shutdown, SessionId={54702F8C-46AD-4CE4-9898-D5A1BDDE7008}
[2020.01.25-16.30.02:806][272]LogUObjectHash: Compacting FUObjectHashTables data took   1.00ms
[2020.01.25-16.30.02:809][272]Cmd: OBJ SAVEPACKAGE PACKAGE="/Game/Diorama" FILE="../../../../Art/Park_SFAS/Park/Saved/Autosaves/Game/Diorama_Auto1.umap" SILENT=true AUTOSAVING=true KEEPDIRTY=false
[2020.01.25-16.30.03:036][272]LogSavePackage: Moving '../../../../Art/Park_SFAS/Park/Saved/Diorama_Auto1361A302245863D1046E1B4948992B425.tmp' to '../../../../Art/Park_SFAS/Park/Saved/Autosaves/Game/Diorama_Auto1.umap'
[2020.01.25-16.30.03:041][272]LogFileHelpers: Editor autosave (incl. sublevels) for '/Game/Diorama' took 0.273
[2020.01.25-16.30.03:041][272]LogFileHelpers: Editor autosave (incl. sublevels) for all levels took 0.273
[2020.01.25-16.30.03:042][272]OBJ SavePackage: Generating thumbnails for [1] asset(s) in package [/Game/Textures/T_gravel_basecolor] ([1] browsable assets)...
[2020.01.25-16.30.03:047][272]OBJ SavePackage:     Rendered thumbnail for [Texture2D /Game/Textures/T_gravel_basecolor.T_gravel_basecolor]
[2020.01.25-16.30.03:047][272]OBJ SavePackage: Finished generating thumbnails for package [/Game/Textures/T_gravel_basecolor]
[2020.01.25-16.30.03:047][272]Cmd: OBJ SAVEPACKAGE PACKAGE="/Game/Textures/T_gravel_basecolor" FILE="../../../../Art/Park_SFAS/Park/Saved/Autosaves/Game/Textures/T_gravel_basecolor_Auto1.uasset" SILENT=false AUTOSAVING=true
[2020.01.25-16.30.03:082][272]LogSavePackage: Moving '../../../../Art/Park_SFAS/Park/Saved/T_gravel_basecolor_Auto1D19EB1F34E8784496FD8EC993F79DA90.tmp' to '../../../../Art/Park_SFAS/Park/Saved/Autosaves/Game/Textures/T_gravel_basecolor_Auto1.uasset'
[2020.01.25-16.30.03:083][272]OBJ SavePackage: Generating thumbnails for [1] asset(s) in package [/Game/Textures/T_Gravel_metallic] ([1] browsable assets)...
[2020.01.25-16.30.03:087][272]OBJ SavePackage:     Rendered thumbnail for [Texture2D /Game/Textures/T_Gravel_metallic.T_Gravel_metallic]
[2020.01.25-16.30.03:087][272]OBJ SavePackage: Finished generating thumbnails for package [/Game/Textures/T_Gravel_metallic]
[2020.01.25-16.30.03:087][272]Cmd: OBJ SAVEPACKAGE PACKAGE="/Game/Textures/T_Gravel_metallic" FILE="../../../../Art/Park_SFAS/Park/Saved/Autosaves/Game/Textures/T_Gravel_metallic_Auto1.uasset" SILENT=false AUTOSAVING=true
[2020.01.25-16.30.03:116][272]LogSavePackage: Moving '../../../../Art/Park_SFAS/Park/Saved/T_Gravel_metallic_Auto1E202B7FB459A6082429177870599F7AD.tmp' to '../../../../Art/Park_SFAS/Park/Saved/Autosaves/Game/Textures/T_Gravel_metallic_Auto1.uasset'
[2020.01.25-16.30.03:116][272]OBJ SavePackage: Generating thumbnails for [1] asset(s) in package [/Game/Textures/T_Gravel_normal] ([1] browsable assets)...
[2020.01.25-16.30.03:122][272]OBJ SavePackage:     Rendered thumbnail for [Texture2D /Game/Textures/T_Gravel_normal.T_Gravel_normal]
[2020.01.25-16.30.03:122][272]OBJ SavePackage: Finished generating thumbnails for package [/Game/Textures/T_Gravel_normal]
[2020.01.25-16.30.03:122][272]Cmd: OBJ SAVEPACKAGE PACKAGE="/Game/Textures/T_Gravel_normal" FILE="../../../../Art/Park_SFAS/Park/Saved/Autosaves/Game/Textures/T_Gravel_normal_Auto1.uasset" SILENT=false AUTOSAVING=true
[2020.01.25-16.30.03:158][272]LogSavePackage: Moving '../../../../Art/Park_SFAS/Park/Saved/T_Gravel_normal_Auto18752174C481B4DF3AA9287B5B68C835E.tmp' to '../../../../Art/Park_SFAS/Park/Saved/Autosaves/Game/Textures/T_Gravel_normal_Auto1.uasset'
[2020.01.25-16.30.03:158][272]LogFileHelpers: Auto-saving content packages took 0.116
[2020.01.25-17.55.45:400][505]LogSlate: FSceneViewport::OnFocusLost() reason 0
[2020.01.25-17.55.49:712][910]LogEditorFactories: Performing atomic reimport of [D:/Art/Park_SFAS/Models/tree_low.OBJ]
[2020.01.25-17.55.49:752][910]LogFbx: Loading FBX Scene from D:/Art/Park_SFAS/Models/tree_low.OBJ
[2020.01.25-17.55.50:202][910]LogFbx: FBX Scene Loaded Succesfully
[2020.01.25-17.55.50:385][910]LogFbx: Display: Triangulating static mesh polySurface183
[2020.01.25-17.55.50:584][910]LogStaticMesh: Building static mesh SM_tree...
[2020.01.25-17.55.50:886][910]LogStaticMesh: Built static mesh [0.30s] /Game/Meshes/SM_tree.SM_tree
[2020.01.25-17.55.52:833][910]LogSlate: Window 'Reimport Material Conflicts Resolution' being destroyed
[2020.01.25-17.55.52:843][910]LogEditorFactories: -- imported successfully
[2020.01.25-17.55.52:859][910]FBXImport: Warning: No smoothing group information was found in this FBX scene.  Please make sure to enable the 'Export Smoothing Groups' option in the FBX Exporter plug-in before exporting the file.  Even for tools that don't support smoothing groups, the FBX Exporter will generate appropriate smoothing data at export-time so that correct vertex normals can be inferred while importing. 
[2020.01.25-17.55.56:159][182]LogSlate: FSceneViewport::OnFocusLost() reason 0
[2020.01.25-17.55.56:876][241]LogEditorViewport: Clicking on Actor (LMB): StaticMeshActor (SM_tree)
[2020.01.25-17.56.00:119][472]LogSlate: FSceneViewport::OnFocusLost() reason 0
[2020.01.25-17.56.01:577][579]Cmd: SELECT NONE
[2020.01.25-17.56.04:736][858]LogEditorViewport: Clicking on Actor (LMB): StaticMeshActor (SM_tree)
[2020.01.25-17.56.04:983][872]Cmd: CAMERA ALIGN ACTIVEVIEWPORTONLY
[2020.01.25-17.56.09:134][156]Cmd: SELECT NONE
[2020.01.25-17.56.33:165][237]LogSlate: FSceneViewport::OnFocusLost() reason 0
[2020.01.25-17.56.33:315][250]LogAssetEditorManager: Opening Asset editor for Material /Game/Materials/m_Foliage.m_Foliage
[2020.01.25-17.56.33:318][250]LogMaterial: Display: Missing cached shader map for material m_Foliage, compiling. 
[2020.01.25-17.56.33:432][250]LogMaterial: Display: Missing cached shader map for material m_Foliage, compiling. 
[2020.01.25-17.56.33:459][250]LogMaterial: Display: Missing cached shader map for material m_Foliage, compiling. 
[2020.01.25-17.56.33:487][250]LogShaderCompilers: Display: Worker (1/13): shaders left to compile 57
[2020.01.25-17.56.33:487][250]LogShaderCompilers: Display: Worker (2/13): shaders left to compile 56
[2020.01.25-17.56.33:487][250]LogShaderCompilers: Display: Worker (3/13): shaders left to compile 55
[2020.01.25-17.56.33:487][250]LogShaderCompilers: Display: Worker (4/13): shaders left to compile 54
[2020.01.25-17.56.33:487][250]LogShaderCompilers: Display: Worker (5/13): shaders left to compile 53
[2020.01.25-17.56.33:487][250]LogShaderCompilers: Display: Worker (6/13): shaders left to compile 52
[2020.01.25-17.56.33:487][250]LogShaderCompilers: Display: Worker (7/13): shaders left to compile 51
[2020.01.25-17.56.33:487][250]LogShaderCompilers: Display: Worker (8/13): shaders left to compile 50
[2020.01.25-17.56.33:487][250]LogShaderCompilers: Display: Worker (9/13): shaders left to compile 49
[2020.01.25-17.56.33:487][250]LogShaderCompilers: Display: Worker (10/13): shaders left to compile 48
[2020.01.25-17.56.33:487][250]LogShaderCompilers: Display: Worker (11/13): shaders left to compile 47
[2020.01.25-17.56.33:488][250]LogShaderCompilers: Display: Worker (12/13): shaders left to compile 46
[2020.01.25-17.56.33:488][250]LogMaterial: Display: Missing cached shader map for material FMatExpressionPreview MaterialExpressionTextureSample_0, compiling. 
[2020.01.25-17.56.33:495][250]LogMaterial: Display: Missing cached shader map for material FMatExpressionPreview MaterialExpressionTextureSample_2, compiling. 
[2020.01.25-17.56.33:501][250]LogMaterial: Display: Missing cached shader map for material FMatExpressionPreview MaterialExpressionTextureSample_1, compiling. 
[2020.01.25-17.56.33:507][250]LogMaterial: Display: Missing cached shader map for material FMatExpressionPreview MaterialExpressionTextureSample_3, compiling. 
[2020.01.25-17.56.33:828][258]LogShaderCompilers: Display: Worker (3/13): shaders left to compile 61
[2020.01.25-17.56.33:853][259]LogShaderCompilers: Display: Worker (1/13): shaders left to compile 60
[2020.01.25-17.56.33:853][259]LogShaderCompilers: Display: Worker (7/13): shaders left to compile 59
[2020.01.25-17.56.33:868][259]LogShaderCompilers: Display: Worker (5/13): shaders left to compile 58
[2020.01.25-17.56.33:945][261]LogShaderCompilers: Display: Worker (10/13): shaders left to compile 57
[2020.01.25-17.56.33:966][262]LogShaderCompilers: Display: Worker (9/13): shaders left to compile 56
[2020.01.25-17.56.33:966][262]LogShaderCompilers: Display: Worker (4/13): shaders left to compile 55
[2020.01.25-17.56.33:976][262]LogShaderCompilers: Display: Worker (6/13): shaders left to compile 54
[2020.01.25-17.56.33:976][262]LogShaderCompilers: Display: Worker (8/13): shaders left to compile 53
[2020.01.25-17.56.33:976][262]LogShaderCompilers: Display: Worker (12/13): shaders left to compile 52
[2020.01.25-17.56.34:012][264]LogShaderCompilers: Display: Worker (2/13): shaders left to compile 51
[2020.01.25-17.56.34:012][264]LogShaderCompilers: Display: Worker (11/13): shaders left to compile 50
[2020.01.25-17.56.34:107][270]LogShaderCompilers: Display: Worker (3/13): shaders left to compile 49
[2020.01.25-17.56.34:144][272]LogShaderCompilers: Display: Worker (7/13): shaders left to compile 48
[2020.01.25-17.56.34:162][273]LogShaderCompilers: Display: Worker (1/13): shaders left to compile 47
[2020.01.25-17.56.34:162][273]LogShaderCompilers: Display: Worker (5/13): shaders left to compile 46
[2020.01.25-17.56.34:162][273]LogShaderCompilers: Display: Worker (6/13): shaders left to compile 45
[2020.01.25-17.56.34:225][277]LogShaderCompilers: Display: Worker (12/13): shaders left to compile 44
[2020.01.25-17.56.34:245][278]LogShaderCompilers: Display: Worker (10/13): shaders left to compile 43
[2020.01.25-17.56.34:245][278]LogShaderCompilers: Display: Worker (11/13): shaders left to compile 42
[2020.01.25-17.56.34:260][279]LogShaderCompilers: Display: Worker (9/13): shaders left to compile 41
[2020.01.25-17.56.34:275][280]LogShaderCompilers: Display: Worker (8/13): shaders left to compile 40
[2020.01.25-17.56.34:316][282]LogShaderCompilers: Display: Worker (2/13): shaders left to compile 39
[2020.01.25-17.56.34:352][284]LogShaderCompilers: Display: Worker (5/13): shaders left to compile 38
[2020.01.25-17.56.34:352][284]LogShaderCompilers: Display: Worker (7/13): shaders left to compile 37
[2020.01.25-17.56.34:397][287]LogShaderCompilers: Display: Worker (12/13): shaders left to compile 36
[2020.01.25-17.56.34:397][287]LogShaderCompilers: Display: Worker (11/13): shaders left to compile 35
[2020.01.25-17.56.34:412][288]LogShaderCompilers: Display: Worker (3/13): shaders left to compile 34
[2020.01.25-17.56.34:442][290]LogShaderCompilers: Display: Worker (6/13): shaders left to compile 33
[2020.01.25-17.56.34:460][291]LogShaderCompilers: Display: Worker (4/13): shaders left to compile 32
[2020.01.25-17.56.34:477][292]LogShaderCompilers: Display: Worker (1/13): shaders left to compile 31
[2020.01.25-17.56.34:513][294]LogShaderCompilers: Display: Worker (10/13): shaders left to compile 30
[2020.01.25-17.56.34:531][295]LogShaderCompilers: Display: Worker (9/13): shaders left to compile 29
[2020.01.25-17.56.34:785][308]LogShaderCompilers: Display: Worker (5/13): shaders left to compile 28
[2020.01.25-17.56.34:852][312]LogShaderCompilers: Display: Worker (11/13): shaders left to compile 27
[2020.01.25-17.56.34:896][315]LogShaderCompilers: Display: Worker (4/13): shaders left to compile 26
[2020.01.25-17.56.34:911][316]LogShaderCompilers: Display: Worker (9/13): shaders left to compile 25
[2020.01.25-17.56.34:940][318]LogShaderCompilers: Display: Worker (8/13): shaders left to compile 24
[2020.01.25-17.56.34:999][322]LogShaderCompilers: Display: Worker (7/13): shaders left to compile 23
[2020.01.25-17.56.35:029][324]LogShaderCompilers: Display: Worker (3/13): shaders left to compile 22
[2020.01.25-17.56.35:046][325]LogShaderCompilers: Display: Worker (2/13): shaders left to compile 21
[2020.01.25-17.56.35:078][327]LogShaderCompilers: Display: Worker (6/13): shaders left to compile 20
[2020.01.25-17.56.35:094][328]LogShaderCompilers: Display: Worker (12/13): shaders left to compile 19
[2020.01.25-17.56.35:117][329]LogShaderCompilers: Display: Worker (1/13): shaders left to compile 18
[2020.01.25-17.56.35:136][330]LogShaderCompilers: Display: Worker (10/13): shaders left to compile 17
[2020.01.25-17.56.35:283][337]LogShaderCompilers: Display: Worker (4/13): shaders left to compile 16
[2020.01.25-17.56.35:349][341]LogShaderCompilers: Display: Worker (5/13): shaders left to compile 15
[2020.01.25-17.56.35:398][344]LogShaderCompilers: Display: Worker (7/13): shaders left to compile 14
[2020.01.25-17.56.35:415][345]LogShaderCompilers: Display: Worker (10/13): shaders left to compile 13
[2020.01.25-17.56.35:447][347]LogShaderCompilers: Display: Worker (6/13): shaders left to compile 12
[2020.01.25-17.56.35:481][349]LogShaderCompilers: Display: Worker (11/13): shaders left to compile 11
[2020.01.25-17.56.35:520][351]LogShaderCompilers: Display: Worker (9/13): shaders left to compile 10
[2020.01.25-17.56.35:594][355]LogShaderCompilers: Display: Worker (8/13): shaders left to compile 9
[2020.01.25-17.56.35:595][355]LogShaderCompilers: Display: Worker (3/13): shaders left to compile 8
[2020.01.25-17.56.35:614][356]LogShaderCompilers: Display: Worker (2/13): shaders left to compile 7
[2020.01.25-17.56.35:679][360]LogShaderCompilers: Display: Worker (1/13): shaders left to compile 6
[2020.01.25-17.56.35:729][363]LogShaderCompilers: Display: Worker (4/13): shaders left to compile 5
[2020.01.25-17.56.35:763][365]LogShaderCompilers: Display: Worker (7/13): shaders left to compile 4
[2020.01.25-17.56.35:782][366]LogShaderCompilers: Display: Worker (12/13): shaders left to compile 3
[2020.01.25-17.56.35:810][367]LogShaderCompilers: Display: Worker (10/13): shaders left to compile 2
[2020.01.25-17.56.35:812][367]LogShaderCompilers: Display: Worker (5/13): shaders left to compile 1
[2020.01.25-17.56.35:812][367]MaterialEditorStats: Base pass shader: 132 instructions
[2020.01.25-17.56.35:812][367]MaterialEditorStats: Base pass shader with Surface Lightmap: 163 instructions
[2020.01.25-17.56.35:812][367]MaterialEditorStats: Base pass shader with Volumetric Lightmap: 210 instructions
[2020.01.25-17.56.35:812][367]MaterialEditorStats: Base pass vertex shader: 50 instructions
[2020.01.25-17.56.35:812][367]MaterialEditorStats: Texture samplers: 7/16
[2020.01.25-17.56.35:812][367]MaterialEditorStats: Texture Lookups (Est.): VS(0), PS(4)
[2020.01.25-17.56.35:812][367]MaterialEditorStats: User interpolators: 2/4 Scalars (1/4 Vectors) (TexCoords: 2, Custom: 0)
[2020.01.25-17.56.37:986][589]LogMaterial: Display: Missing cached shader map for material m_Foliage, compiling. 
[2020.01.25-17.56.38:011][589]LogMaterial: Display: Missing cached shader map for material m_Foliage, compiling. 
[2020.01.25-17.56.38:035][589]LogMaterial: Display: Missing cached shader map for material m_Foliage, compiling. 
[2020.01.25-17.56.38:073][590]LogShaderCompilers: Display: Worker (1/13): shaders left to compile 57
[2020.01.25-17.56.38:073][590]LogShaderCompilers: Display: Worker (2/13): shaders left to compile 56
[2020.01.25-17.56.38:073][590]LogShaderCompilers: Display: Worker (3/13): shaders left to compile 55
[2020.01.25-17.56.38:073][590]LogShaderCompilers: Display: Worker (4/13): shaders left to compile 54
[2020.01.25-17.56.38:073][590]LogShaderCompilers: Display: Worker (5/13): shaders left to compile 53
[2020.01.25-17.56.38:073][590]LogShaderCompilers: Display: Worker (6/13): shaders left to compile 52
[2020.01.25-17.56.38:073][590]LogShaderCompilers: Display: Worker (7/13): shaders left to compile 51
[2020.01.25-17.56.38:073][590]LogShaderCompilers: Display: Worker (8/13): shaders left to compile 50
[2020.01.25-17.56.38:073][590]LogShaderCompilers: Display: Worker (9/13): shaders left to compile 49
[2020.01.25-17.56.38:073][590]LogShaderCompilers: Display: Worker (10/13): shaders left to compile 48
[2020.01.25-17.56.38:073][590]LogShaderCompilers: Display: Worker (11/13): shaders left to compile 47
[2020.01.25-17.56.38:073][590]LogShaderCompilers: Display: Worker (12/13): shaders left to compile 46
[2020.01.25-17.56.38:249][602]LogShaderCompilers: Display: Worker (1/13): shaders left to compile 45
[2020.01.25-17.56.38:249][602]LogShaderCompilers: Display: Worker (3/13): shaders left to compile 44
[2020.01.25-17.56.38:284][604]LogShaderCompilers: Display: Worker (5/13): shaders left to compile 43
[2020.01.25-17.56.38:306][605]LogShaderCompilers: Display: Worker (7/13): shaders left to compile 42
[2020.01.25-17.56.38:385][609]LogShaderCompilers: Display: Worker (4/13): shaders left to compile 41
[2020.01.25-17.56.38:403][610]LogShaderCompilers: Display: Worker (2/13): shaders left to compile 40
[2020.01.25-17.56.38:403][610]LogShaderCompilers: Display: Worker (9/13): shaders left to compile 39
[2020.01.25-17.56.38:418][611]LogShaderCompilers: Display: Worker (6/13): shaders left to compile 38
[2020.01.25-17.56.38:418][611]LogShaderCompilers: Display: Worker (10/13): shaders left to compile 37
[2020.01.25-17.56.38:439][612]LogShaderCompilers: Display: Worker (8/13): shaders left to compile 36
[2020.01.25-17.56.38:439][612]LogShaderCompilers: Display: Worker (11/13): shaders left to compile 35
[2020.01.25-17.56.38:439][612]LogShaderCompilers: Display: Worker (12/13): shaders left to compile 34
[2020.01.25-17.56.38:533][616]LogShaderCompilers: Display: Worker (1/13): shaders left to compile 33
[2020.01.25-17.56.38:557][618]LogShaderCompilers: Display: Worker (3/13): shaders left to compile 32
[2020.01.25-17.56.38:588][618]LogShaderCompilers: Display: Worker (5/13): shaders left to compile 31
[2020.01.25-17.56.38:588][618]LogShaderCompilers: Display: Worker (7/13): shaders left to compile 30
[2020.01.25-17.56.38:611][620]LogShaderCompilers: Display: Worker (6/13): shaders left to compile 29
[2020.01.25-17.56.38:672][624]LogShaderCompilers: Display: Worker (4/13): shaders left to compile 28
[2020.01.25-17.56.38:690][625]LogShaderCompilers: Display: Worker (8/13): shaders left to compile 27
[2020.01.25-17.56.38:706][626]LogShaderCompilers: Display: Worker (12/13): shaders left to compile 26
[2020.01.25-17.56.38:706][626]LogShaderCompilers: Display: Worker (2/13): shaders left to compile 25
[2020.01.25-17.56.38:706][626]LogShaderCompilers: Display: Worker (10/13): shaders left to compile 24
[2020.01.25-17.56.38:740][628]LogShaderCompilers: Display: Worker (11/13): shaders left to compile 23
[2020.01.25-17.56.38:787][631]LogShaderCompilers: Display: Worker (3/13): shaders left to compile 22
[2020.01.25-17.56.38:823][633]LogShaderCompilers: Display: Worker (7/13): shaders left to compile 21
[2020.01.25-17.56.38:854][635]LogShaderCompilers: Display: Worker (12/13): shaders left to compile 20
[2020.01.25-17.56.38:870][636]LogShaderCompilers: Display: Worker (1/13): shaders left to compile 19
[2020.01.25-17.56.38:884][637]LogShaderCompilers: Display: Worker (4/13): shaders left to compile 18
[2020.01.25-17.56.38:899][638]LogShaderCompilers: Display: Worker (5/13): shaders left to compile 17
[2020.01.25-17.56.38:899][638]LogShaderCompilers: Display: Worker (6/13): shaders left to compile 16
[2020.01.25-17.56.38:929][640]LogShaderCompilers: Display: Worker (9/13): shaders left to compile 15
[2020.01.25-17.56.38:958][642]LogShaderCompilers: Display: Worker (8/13): shaders left to compile 14
[2020.01.25-17.56.38:990][644]LogShaderCompilers: Display: Worker (2/13): shaders left to compile 13
[2020.01.25-17.56.39:008][645]LogMaterialEditor: Saving and Compiling material m_Foliage
[2020.01.25-17.56.39:574][645]LogShaderCompilers: Display: Worker (3/13): shaders left to compile 12
[2020.01.25-17.56.39:574][645]LogShaderCompilers: Display: Worker (1/13): shaders left to compile 11
[2020.01.25-17.56.39:574][645]LogShaderCompilers: Display: Worker (6/13): shaders left to compile 10
[2020.01.25-17.56.39:574][645]LogShaderCompilers: Display: Worker (2/13): shaders left to compile 9
[2020.01.25-17.56.39:574][645]LogShaderCompilers: Display: Worker (10/13): shaders left to compile 8
[2020.01.25-17.56.39:574][645]LogShaderCompilers: Display: Worker (4/13): shaders left to compile 7
[2020.01.25-17.56.39:574][645]LogShaderCompilers: Display: Worker (7/13): shaders left to compile 6
[2020.01.25-17.56.39:574][645]LogShaderCompilers: Display: Worker (11/13): shaders left to compile 5
[2020.01.25-17.56.39:574][645]LogShaderCompilers: Display: Worker (5/13): shaders left to compile 4
[2020.01.25-17.56.39:574][645]LogShaderCompilers: Display: Worker (12/13): shaders left to compile 3
[2020.01.25-17.56.39:574][645]LogShaderCompilers: Display: Worker (9/13): shaders left to compile 2
[2020.01.25-17.56.39:624][645]LogMaterial: Display: Missing cached shader map for material m_Foliage, compiling. 
[2020.01.25-17.56.39:755][645]LogShaderCompilers: Display: Worker (6/13): shaders left to compile 57
[2020.01.25-17.56.39:755][645]LogShaderCompilers: Display: Worker (8/13): shaders left to compile 56
[2020.01.25-17.56.39:781][645]LogMaterial: Display: Missing cached shader map for material m_Foliage, compiling. 
[2020.01.25-17.56.39:814][645]LogShaderCompilers: Display: Worker (3/13): shaders left to compile 55
[2020.01.25-17.56.39:823][645]LogMaterial: Display: Missing cached shader map for material m_Foliage, compiling. 
[2020.01.25-17.56.39:855][645]LogShaderCompilers: Display: Worker (4/13): shaders left to compile 54
[2020.01.25-17.56.39:899][645]LogUObjectHash: Compacting FUObjectHashTables data took   3.15ms
[2020.01.25-17.56.39:911][645]LogShaderCompilers: Display: Worker (5/13): shaders left to compile 111
[2020.01.25-17.56.39:911][645]LogMaterial: Display: Missing cached shader map for material DebugViewMode MaterialTexCoordScale, compiling. 
[2020.01.25-17.56.41:798][645]LogShaderCompilers: Display: Worker (1/13): shaders left to compile 112
[2020.01.25-17.56.41:798][645]LogShaderCompilers: Display: Worker (6/13): shaders left to compile 111
[2020.01.25-17.56.41:798][645]LogShaderCompilers: Display: Worker (2/13): shaders left to compile 110
[2020.01.25-17.56.41:798][645]LogShaderCompilers: Display: Worker (3/13): shaders left to compile 109
[2020.01.25-17.56.41:798][645]LogShaderCompilers: Display: Worker (11/13): shaders left to compile 108
[2020.01.25-17.56.41:798][645]LogShaderCompilers: Display: Worker (7/13): shaders left to compile 107
[2020.01.25-17.56.41:798][645]LogShaderCompilers: Display: Worker (10/13): shaders left to compile 106
[2020.01.25-17.56.41:798][645]LogShaderCompilers: Display: Worker (5/13): shaders left to compile 105
[2020.01.25-17.56.41:798][645]LogShaderCompilers: Display: Worker (8/13): shaders left to compile 104
[2020.01.25-17.56.41:798][645]LogShaderCompilers: Display: Worker (4/13): shaders left to compile 103
[2020.01.25-17.56.41:798][645]LogShaderCompilers: Display: Worker (6/13): shaders left to compile 102
[2020.01.25-17.56.41:798][645]LogShaderCompilers: Display: Worker (9/13): shaders left to compile 101
[2020.01.25-17.56.41:798][645]LogShaderCompilers: Display: Worker (12/13): shaders left to compile 100
[2020.01.25-17.56.41:798][645]LogShaderCompilers: Display: Worker (1/13): shaders left to compile 99
[2020.01.25-17.56.41:798][645]LogShaderCompilers: Display: Worker (3/13): shaders left to compile 98
[2020.01.25-17.56.41:798][645]LogShaderCompilers: Display: Worker (2/13): shaders left to compile 97
[2020.01.25-17.56.41:798][645]LogShaderCompilers: Display: Worker (11/13): shaders left to compile 96
[2020.01.25-17.56.41:798][645]LogShaderCompilers: Display: Worker (7/13): shaders left to compile 95
[2020.01.25-17.56.41:798][645]LogShaderCompilers: Display: Worker (10/13): shaders left to compile 94
[2020.01.25-17.56.41:798][645]LogShaderCompilers: Display: Worker (5/13): shaders left to compile 93
[2020.01.25-17.56.41:798][645]LogShaderCompilers: Display: Worker (8/13): shaders left to compile 92
[2020.01.25-17.56.41:798][645]LogShaderCompilers: Display: Worker (4/13): shaders left to compile 91
[2020.01.25-17.56.41:798][645]LogShaderCompilers: Display: Worker (3/13): shaders left to compile 90
[2020.01.25-17.56.41:798][645]LogShaderCompilers: Display: Worker (6/13): shaders left to compile 89
[2020.01.25-17.56.41:798][645]LogShaderCompilers: Display: Worker (9/13): shaders left to compile 88
[2020.01.25-17.56.41:798][645]LogShaderCompilers: Display: Worker (12/13): shaders left to compile 87
[2020.01.25-17.56.41:798][645]LogShaderCompilers: Display: Worker (11/13): shaders left to compile 86
[2020.01.25-17.56.41:798][645]LogShaderCompilers: Display: Worker (2/13): shaders left to compile 85
[2020.01.25-17.56.41:798][645]LogShaderCompilers: Display: Worker (10/13): shaders left to compile 84
[2020.01.25-17.56.41:798][645]LogShaderCompilers: Display: Worker (8/13): shaders left to compile 83
[2020.01.25-17.56.41:798][645]LogShaderCompilers: Display: Worker (7/13): shaders left to compile 82
[2020.01.25-17.56.41:798][645]LogShaderCompilers: Display: Worker (3/13): shaders left to compile 81
[2020.01.25-17.56.41:798][645]LogShaderCompilers: Display: Worker (9/13): shaders left to compile 80
[2020.01.25-17.56.41:798][645]LogShaderCompilers: Display: Worker (5/13): shaders left to compile 79
[2020.01.25-17.56.41:798][645]LogShaderCompilers: Display: Worker (11/13): shaders left to compile 78
[2020.01.25-17.56.41:798][645]LogShaderCompilers: Display: Worker (1/13): shaders left to compile 77
[2020.01.25-17.56.41:798][645]LogShaderCompilers: Display: Worker (4/13): shaders left to compile 76
[2020.01.25-17.56.41:798][645]LogShaderCompilers: Display: Worker (6/13): shaders left to compile 75
[2020.01.25-17.56.41:798][645]LogShaderCompilers: Display: Worker (12/13): shaders left to compile 74
[2020.01.25-17.56.41:798][645]LogShaderCompilers: Display: Worker (2/13): shaders left to compile 73
[2020.01.25-17.56.41:798][645]LogShaderCompilers: Display: Worker (7/13): shaders left to compile 72
[2020.01.25-17.56.41:798][645]LogShaderCompilers: Display: Worker (5/13): shaders left to compile 71
[2020.01.25-17.56.41:798][645]LogShaderCompilers: Display: Worker (4/13): shaders left to compile 70
[2020.01.25-17.56.41:798][645]LogShaderCompilers: Display: Worker (2/13): shaders left to compile 69
[2020.01.25-17.56.41:798][645]LogShaderCompilers: Display: Worker (10/13): shaders left to compile 68
[2020.01.25-17.56.41:798][645]LogShaderCompilers: Display: Worker (11/13): shaders left to compile 67
[2020.01.25-17.56.41:798][645]LogShaderCompilers: Display: Worker (1/13): shaders left to compile 66
[2020.01.25-17.56.41:798][645]LogShaderCompilers: Display: Worker (3/13): shaders left to compile 65
[2020.01.25-17.56.41:798][645]LogShaderCompilers: Display: Worker (8/13): shaders left to compile 64
[2020.01.25-17.56.41:798][645]LogShaderCompilers: Display: Worker (6/13): shaders left to compile 63
[2020.01.25-17.56.41:798][645]LogShaderCompilers: Display: Worker (9/13): shaders left to compile 62
[2020.01.25-17.56.41:798][645]LogShaderCompilers: Display: Worker (12/13): shaders left to compile 61
[2020.01.25-17.56.41:798][645]LogShaderCompilers: Display: Worker (4/13): shaders left to compile 60
[2020.01.25-17.56.41:799][645]LogShaderCompilers: Display: Worker (11/13): shaders left to compile 59
[2020.01.25-17.56.41:799][645]LogShaderCompilers: Display: Worker (7/13): shaders left to compile 58
[2020.01.25-17.56.41:799][645]LogShaderCompilers: Display: Worker (12/13): shaders left to compile 53
[2020.01.25-17.56.41:799][645]LogShaderCompilers: Display: Worker (8/13): shaders left to compile 48
[2020.01.25-17.56.41:799][645]LogShaderCompilers: Display: Worker (5/13): shaders left to compile 43
[2020.01.25-17.56.41:799][645]LogShaderCompilers: Display: Worker (2/13): shaders left to compile 39
[2020.01.25-17.56.41:799][645]LogShaderCompilers: Display: Worker (4/13): shaders left to compile 35
[2020.01.25-17.56.41:799][645]LogShaderCompilers: Display: Worker (1/13): shaders left to compile 32
[2020.01.25-17.56.41:799][645]LogShaderCompilers: Display: Worker (3/13): shaders left to compile 29
[2020.01.25-17.56.41:799][645]LogShaderCompilers: Display: Worker (10/13): shaders left to compile 26
[2020.01.25-17.56.41:799][645]LogShaderCompilers: Display: Worker (11/13): shaders left to compile 23
[2020.01.25-17.56.41:801][645]TextureStreamingBuild: Display: Compiling optional shaders took 1.902 seconds.
[2020.01.25-17.56.41:848][645]LogShaderCompilers: Display: Worker (9/13): shaders left to compile 21
[2020.01.25-17.56.41:848][645]LogUObjectHash: Compacting FUObjectHashTables data took   1.34ms
[2020.01.25-17.56.43:431][645]LogShaderCompilers: Display: Worker (6/13): shaders left to compile 19
[2020.01.25-17.56.43:431][645]LogShaderCompilers: Display: Worker (3/13): shaders left to compile 17
[2020.01.25-17.56.43:431][645]LogShaderCompilers: Display: Worker (4/13): shaders left to compile 15
[2020.01.25-17.56.43:431][645]LogShaderCompilers: Display: Worker (1/13): shaders left to compile 13
[2020.01.25-17.56.43:431][645]LogShaderCompilers: Display: Worker (2/13): shaders left to compile 11
[2020.01.25-17.56.43:431][645]LogShaderCompilers: Display: Worker (7/13): shaders left to compile 10
[2020.01.25-17.56.43:431][645]LogShaderCompilers: Display: Worker (11/13): shaders left to compile 9
[2020.01.25-17.56.43:431][645]LogShaderCompilers: Display: Worker (12/13): shaders left to compile 8
[2020.01.25-17.56.43:431][645]LogShaderCompilers: Display: Worker (9/13): shaders left to compile 7
[2020.01.25-17.56.43:431][645]LogShaderCompilers: Display: Worker (5/13): shaders left to compile 6
[2020.01.25-17.56.43:431][645]LogShaderCompilers: Display: Worker (2/13): shaders left to compile 5
[2020.01.25-17.56.43:431][645]LogShaderCompilers: Display: Worker (8/13): shaders left to compile 4
[2020.01.25-17.56.43:431][645]LogShaderCompilers: Display: Worker (6/13): shaders left to compile 3
[2020.01.25-17.56.43:431][645]LogShaderCompilers: Display: Worker (12/13): shaders left to compile 2
[2020.01.25-17.56.43:431][645]LogShaderCompilers: Display: Worker (3/13): shaders left to compile 1
[2020.01.25-17.56.43:459][645]Cmd: OBJ SAVEPACKAGE PACKAGE="/Game/Materials/m_Foliage" FILE="../../../../Art/Park_SFAS/Park/Content/Materials/m_Foliage.uasset" SILENT=true
[2020.01.25-17.56.43:481][645]LogSavePackage: Moving '../../../../Art/Park_SFAS/Park/Saved/m_FoliageA65D166F49EAFB7009228CA778E82BEB.tmp' to '../../../../Art/Park_SFAS/Park/Content/Materials/m_Foliage.uasset'
[2020.01.25-17.56.43:504][645]MaterialEditorStats: Base pass shader: 137 instructions
[2020.01.25-17.56.43:504][645]MaterialEditorStats: Base pass shader with Surface Lightmap: 168 instructions
[2020.01.25-17.56.43:504][645]MaterialEditorStats: Base pass shader with Volumetric Lightmap: 215 instructions
[2020.01.25-17.56.43:504][645]MaterialEditorStats: Base pass vertex shader: 50 instructions
[2020.01.25-17.56.43:504][645]MaterialEditorStats: Texture samplers: 7/16
[2020.01.25-17.56.43:504][645]MaterialEditorStats: Texture Lookups (Est.): VS(0), PS(4)
[2020.01.25-17.56.43:504][645]MaterialEditorStats: User interpolators: 2/4 Scalars (1/4 Vectors) (TexCoords: 2, Custom: 0)
[2020.01.25-17.57.19:996][  2]LogUObjectHash: Compacting FUObjectHashTables data took   0.74ms
[2020.01.25-17.57.19:997][  2]Cmd: OBJ SAVEPACKAGE PACKAGE="/Game/Diorama" FILE="../../../../Art/Park_SFAS/Park/Saved/Autosaves/Game/Diorama_Auto2.umap" SILENT=true AUTOSAVING=true KEEPDIRTY=false
[2020.01.25-17.57.20:231][  2]LogSavePackage: Moving '../../../../Art/Park_SFAS/Park/Saved/Diorama_Auto27A3C47BB4A18941A990A0C95D5EEB606.tmp' to '../../../../Art/Park_SFAS/Park/Saved/Autosaves/Game/Diorama_Auto2.umap'
[2020.01.25-17.57.20:233][  2]LogFileHelpers: Editor autosave (incl. sublevels) for '/Game/Diorama' took 0.273
[2020.01.25-17.57.20:233][  2]LogFileHelpers: Editor autosave (incl. sublevels) for all levels took 0.273
[2020.01.25-17.57.20:235][  2]OBJ SavePackage: Generating thumbnails for [1] asset(s) in package [/Game/Meshes/SM_tree] ([1] browsable assets)...
[2020.01.25-17.57.20:242][  2]OBJ SavePackage:     Rendered thumbnail for [StaticMesh /Game/Meshes/SM_tree.SM_tree]
[2020.01.25-17.57.20:243][  2]OBJ SavePackage: Finished generating thumbnails for package [/Game/Meshes/SM_tree]
[2020.01.25-17.57.20:243][  2]Cmd: OBJ SAVEPACKAGE PACKAGE="/Game/Meshes/SM_tree" FILE="../../../../Art/Park_SFAS/Park/Saved/Autosaves/Game/Meshes/SM_tree_Auto2.uasset" SILENT=false AUTOSAVING=true
[2020.01.25-17.57.20:294][  2]LogSavePackage: Moving '../../../../Art/Park_SFAS/Park/Saved/SM_tree_Auto2322A9ED14808D84F9EC484888E8A2179.tmp' to '../../../../Art/Park_SFAS/Park/Saved/Autosaves/Game/Meshes/SM_tree_Auto2.uasset'
[2020.01.25-17.57.20:294][  2]LogFileHelpers: Auto-saving content packages took 0.061
[2020.01.25-18.01.09:086][791]LogEditorViewport: Clicking on Actor (LMB): StaticMeshActor (SM_tree)
[2020.01.25-18.01.10:677][920]LogSlate: FSceneViewport::OnFocusLost() reason 0
[2020.01.25-18.01.15:594][303]LogEditorFactories: Performing atomic reimport of [D:/Art/Park_SFAS/Models/tree_low.OBJ]
[2020.01.25-18.01.15:629][303]LogFbx: Loading FBX Scene from D:/Art/Park_SFAS/Models/tree_low.OBJ
[2020.01.25-18.01.16:119][303]LogFbx: FBX Scene Loaded Succesfully
[2020.01.25-18.01.16:261][303]LogFbx: Display: Triangulating static mesh polySurface338
[2020.01.25-18.01.16:451][303]LogStaticMesh: Building static mesh SM_tree...
[2020.01.25-18.01.16:762][303]LogStaticMesh: Built static mesh [0.31s] /Game/Meshes/SM_tree.SM_tree
[2020.01.25-18.01.16:928][303]LogEditorFactories: -- imported successfully
[2020.01.25-18.01.16:943][303]FBXImport: Warning: No smoothing group information was found in this FBX scene.  Please make sure to enable the 'Export Smoothing Groups' option in the FBX Exporter plug-in before exporting the file.  Even for tools that don't support smoothing groups, the FBX Exporter will generate appropriate smoothing data at export-time so that correct vertex normals can be inferred while importing. 
[2020.01.25-18.01.17:816][375]Cmd: SELECT NONE
[2020.01.25-18.01.26:326][305]LogSlate: FSceneViewport::OnFocusLost() reason 0
[2020.01.25-18.01.26:402][313]LogRenderer: Reallocating scene render targets to support 1208x516 Format 10 NumSamples 1 (Frame:10041).
[2020.01.25-18.01.26:434][314]LogRenderer: Reallocating scene render targets to support 1208x532 Format 10 NumSamples 1 (Frame:10043).
[2020.01.25-18.01.26:473][315]LogRenderer: Reallocating scene render targets to support 1208x556 Format 10 NumSamples 1 (Frame:10045).
[2020.01.25-18.01.26:511][316]LogRenderer: Reallocating scene render targets to support 1208x588 Format 10 NumSamples 1 (Frame:10047).
[2020.01.25-18.01.26:542][317]LogRenderer: Reallocating scene render targets to support 1208x608 Format 10 NumSamples 1 (Frame:10049).
[2020.01.25-18.01.26:572][318]LogRenderer: Reallocating scene render targets to support 1208x616 Format 10 NumSamples 1 (Frame:10051).
[2020.01.25-18.01.26:602][319]LogRenderer: Reallocating scene render targets to support 1208x628 Format 10 NumSamples 1 (Frame:10053).
[2020.01.25-18.01.26:633][320]LogRenderer: Reallocating scene render targets to support 1208x632 Format 10 NumSamples 1 (Frame:10055).
[2020.01.25-18.01.26:665][321]LogRenderer: Reallocating scene render targets to support 1208x636 Format 10 NumSamples 1 (Frame:10057).
[2020.01.25-18.01.27:798][424]Cmd: SELECT NONE
[2020.01.25-18.01.29:869][631]LogEditorViewport: Clicking on Actor (LMB): BP_Sky_Sphere_C (BP_Sky_Sphere)
[2020.01.25-18.01.30:323][670]LogEditorViewport: Clicking on Actor (LMB): StaticMeshActor (SM_tree)
[2020.01.25-18.01.32:077][812]Cmd: SELECT NONE
[2020.01.25-18.01.33:551][981]LogEditorViewport: Clicking on Actor (LMB): StaticMeshActor (SM_tree)
[2020.01.25-18.01.34:670][ 76]Cmd: SELECT NONE
[2020.01.25-18.01.37:595][317]LogEditorViewport: Clicking on Actor (LMB): StaticMeshActor (SM_level_top)
[2020.01.25-18.01.37:704][321]Cmd: CAMERA ALIGN ACTIVEVIEWPORTONLY
[2020.01.25-18.01.42:900][667]Cmd: SELECT NONE
[2020.01.25-18.01.46:521][933]LogSlate: FSceneViewport::OnFocusLost() reason 0
[2020.01.25-18.01.56:392][967]LogMaterial: Display: Missing cached shader map for material m_Gravel, compiling. 
[2020.01.25-18.01.56:420][968]LogShaderCompilers: Display: Worker (1/13): shaders left to compile 21
[2020.01.25-18.01.56:420][968]LogShaderCompilers: Display: Worker (2/13): shaders left to compile 20
[2020.01.25-18.01.56:420][968]LogShaderCompilers: Display: Worker (3/13): shaders left to compile 19
[2020.01.25-18.01.56:420][968]LogShaderCompilers: Display: Worker (4/13): shaders left to compile 18
[2020.01.25-18.01.56:420][968]LogShaderCompilers: Display: Worker (5/13): shaders left to compile 17
[2020.01.25-18.01.56:420][968]LogShaderCompilers: Display: Worker (6/13): shaders left to compile 16
[2020.01.25-18.01.56:420][968]LogShaderCompilers: Display: Worker (7/13): shaders left to compile 15
[2020.01.25-18.01.56:420][968]LogShaderCompilers: Display: Worker (8/13): shaders left to compile 14
[2020.01.25-18.01.56:420][968]LogShaderCompilers: Display: Worker (9/13): shaders left to compile 13
[2020.01.25-18.01.56:420][968]LogShaderCompilers: Display: Worker (10/13): shaders left to compile 12
[2020.01.25-18.01.56:420][968]LogShaderCompilers: Display: Worker (11/13): shaders left to compile 11
[2020.01.25-18.01.56:420][968]LogShaderCompilers: Display: Worker (12/13): shaders left to compile 10
[2020.01.25-18.01.56:751][995]LogShaderCompilers: Display: Worker (8/13): shaders left to compile 9
[2020.01.25-18.01.56:893][  4]LogShaderCompilers: Display: Worker (9/13): shaders left to compile 8
[2020.01.25-18.01.56:893][  4]LogShaderCompilers: Display: Worker (5/13): shaders left to compile 7
[2020.01.25-18.01.56:907][  5]LogShaderCompilers: Display: Worker (2/13): shaders left to compile 6
[2020.01.25-18.01.56:907][  5]LogShaderCompilers: Display: Worker (4/13): shaders left to compile 5
[2020.01.25-18.01.56:907][  5]LogShaderCompilers: Display: Worker (6/13): shaders left to compile 4
[2020.01.25-18.01.56:933][  7]LogShaderCompilers: Display: Worker (1/13): shaders left to compile 3
[2020.01.25-18.01.56:933][  7]LogShaderCompilers: Display: Worker (3/13): shaders left to compile 2
[2020.01.25-18.01.56:933][  7]LogShaderCompilers: Display: Worker (7/13): shaders left to compile 1
[2020.01.25-18.01.57:448][ 43]MaterialEditorStats: Base pass shader: 129 instructions
[2020.01.25-18.01.57:448][ 43]MaterialEditorStats: Base pass shader with Volumetric Lightmap: 207 instructions
[2020.01.25-18.01.57:448][ 43]MaterialEditorStats: Base pass vertex shader: 44 instructions
[2020.01.25-18.01.57:448][ 43]MaterialEditorStats: Texture samplers: 6/16
[2020.01.25-18.01.57:448][ 43]MaterialEditorStats: Texture Lookups (Est.): VS(0), PS(3)
[2020.01.25-18.01.57:448][ 43]MaterialEditorStats: User interpolators: 2/4 Scalars (1/4 Vectors) (TexCoords: 2, Custom: 0)
[2020.01.25-18.01.57:652][ 66]LogMaterial: Display: Missing cached shader map for material m_Gravel, compiling. 
[2020.01.25-18.01.57:678][ 67]LogShaderCompilers: Display: Worker (1/13): shaders left to compile 21
[2020.01.25-18.01.57:678][ 67]LogShaderCompilers: Display: Worker (2/13): shaders left to compile 20
[2020.01.25-18.01.57:678][ 67]LogShaderCompilers: Display: Worker (3/13): shaders left to compile 19
[2020.01.25-18.01.57:678][ 67]LogShaderCompilers: Display: Worker (4/13): shaders left to compile 18
[2020.01.25-18.01.57:678][ 67]LogShaderCompilers: Display: Worker (5/13): shaders left to compile 17
[2020.01.25-18.01.57:678][ 67]LogShaderCompilers: Display: Worker (6/13): shaders left to compile 16
[2020.01.25-18.01.57:678][ 67]LogShaderCompilers: Display: Worker (7/13): shaders left to compile 15
[2020.01.25-18.01.57:678][ 67]LogShaderCompilers: Display: Worker (8/13): shaders left to compile 14
[2020.01.25-18.01.57:678][ 67]LogShaderCompilers: Display: Worker (9/13): shaders left to compile 13
[2020.01.25-18.01.57:678][ 67]LogShaderCompilers: Display: Worker (10/13): shaders left to compile 12
[2020.01.25-18.01.57:678][ 67]LogShaderCompilers: Display: Worker (11/13): shaders left to compile 11
[2020.01.25-18.01.57:678][ 67]LogShaderCompilers: Display: Worker (12/13): shaders left to compile 10
[2020.01.25-18.01.57:878][ 82]LogShaderCompilers: Display: Worker (8/13): shaders left to compile 9
[2020.01.25-18.01.57:955][ 87]LogShaderCompilers: Display: Worker (1/13): shaders left to compile 8
[2020.01.25-18.01.57:955][ 87]LogShaderCompilers: Display: Worker (3/13): shaders left to compile 7
[2020.01.25-18.01.57:983][ 89]LogShaderCompilers: Display: Worker (2/13): shaders left to compile 6
[2020.01.25-18.01.57:997][ 90]LogShaderCompilers: Display: Worker (4/13): shaders left to compile 5
[2020.01.25-18.01.57:997][ 90]LogShaderCompilers: Display: Worker (5/13): shaders left to compile 4
[2020.01.25-18.01.58:010][ 91]LogShaderCompilers: Display: Worker (6/13): shaders left to compile 3
[2020.01.25-18.01.58:010][ 91]LogShaderCompilers: Display: Worker (9/13): shaders left to compile 2
[2020.01.25-18.01.58:024][ 92]LogShaderCompilers: Display: Worker (7/13): shaders left to compile 1
[2020.01.25-18.01.58:543][128]MaterialEditorStats: Base pass shader: 129 instructions
[2020.01.25-18.01.58:543][128]MaterialEditorStats: Base pass shader with Volumetric Lightmap: 207 instructions
[2020.01.25-18.01.58:543][128]MaterialEditorStats: Base pass vertex shader: 44 instructions
[2020.01.25-18.01.58:543][128]MaterialEditorStats: Texture samplers: 6/16
[2020.01.25-18.01.58:543][128]MaterialEditorStats: Texture Lookups (Est.): VS(0), PS(3)
[2020.01.25-18.01.58:543][128]MaterialEditorStats: User interpolators: 2/4 Scalars (1/4 Vectors) (TexCoords: 2, Custom: 0)
[2020.01.25-18.01.59:874][281]LogMaterial: Display: Missing cached shader map for material m_Gravel, compiling. 
[2020.01.25-18.01.59:889][281]LogShaderCompilers: Display: Worker (1/13): shaders left to compile 21
[2020.01.25-18.01.59:889][281]LogShaderCompilers: Display: Worker (2/13): shaders left to compile 20
[2020.01.25-18.01.59:889][281]LogShaderCompilers: Display: Worker (3/13): shaders left to compile 19
[2020.01.25-18.01.59:889][281]LogShaderCompilers: Display: Worker (4/13): shaders left to compile 18
[2020.01.25-18.01.59:889][281]LogShaderCompilers: Display: Worker (5/13): shaders left to compile 17
[2020.01.25-18.01.59:889][281]LogShaderCompilers: Display: Worker (6/13): shaders left to compile 16
[2020.01.25-18.01.59:889][281]LogShaderCompilers: Display: Worker (7/13): shaders left to compile 15
[2020.01.25-18.01.59:889][281]LogShaderCompilers: Display: Worker (8/13): shaders left to compile 14
[2020.01.25-18.01.59:889][281]LogShaderCompilers: Display: Worker (9/13): shaders left to compile 13
[2020.01.25-18.01.59:889][281]LogShaderCompilers: Display: Worker (10/13): shaders left to compile 12
[2020.01.25-18.01.59:889][281]LogShaderCompilers: Display: Worker (11/13): shaders left to compile 11
[2020.01.25-18.01.59:889][281]LogShaderCompilers: Display: Worker (12/13): shaders left to compile 10
[2020.01.25-18.01.59:892][281]LogMaterial: Display: Missing cached shader map for material m_Gravel, compiling. 
[2020.01.25-18.01.59:942][282]LogSlate: Took 0.007661 seconds to synchronously load lazily loaded font '../../../Engine/Content/Slate/Fonts/Roboto-Italic.ttf' (157K)
[2020.01.25-18.02.00:079][290]LogShaderCompilers: Display: Worker (8/13): shaders left to compile 21
[2020.01.25-18.02.00:181][296]LogShaderCompilers: Display: Worker (1/13): shaders left to compile 20
[2020.01.25-18.02.00:181][296]LogShaderCompilers: Display: Worker (2/13): shaders left to compile 19
[2020.01.25-18.02.00:181][296]LogShaderCompilers: Display: Worker (3/13): shaders left to compile 18
[2020.01.25-18.02.00:214][298]LogShaderCompilers: Display: Worker (5/13): shaders left to compile 17
[2020.01.25-18.02.00:214][298]LogShaderCompilers: Display: Worker (9/13): shaders left to compile 16
[2020.01.25-18.02.00:229][299]LogShaderCompilers: Display: Worker (4/13): shaders left to compile 15
[2020.01.25-18.02.00:229][299]LogShaderCompilers: Display: Worker (6/13): shaders left to compile 14
[2020.01.25-18.02.00:229][299]LogShaderCompilers: Display: Worker (7/13): shaders left to compile 13
[2020.01.25-18.02.00:324][305]LogShaderCompilers: Display: Worker (12/13): shaders left to compile 12
[2020.01.25-18.02.00:362][307]LogShaderCompilers: Display: Worker (8/13): shaders left to compile 11
[2020.01.25-18.02.00:396][309]LogShaderCompilers: Display: Worker (6/13): shaders left to compile 10
[2020.01.25-18.02.00:474][314]LogShaderCompilers: Display: Worker (1/13): shaders left to compile 9
[2020.01.25-18.02.00:490][315]LogShaderCompilers: Display: Worker (2/13): shaders left to compile 8
[2020.01.25-18.02.00:490][315]LogShaderCompilers: Display: Worker (3/13): shaders left to compile 7
[2020.01.25-18.02.00:522][317]LogShaderCompilers: Display: Worker (10/13): shaders left to compile 6
[2020.01.25-18.02.00:522][317]LogShaderCompilers: Display: Worker (5/13): shaders left to compile 5
[2020.01.25-18.02.00:538][318]LogShaderCompilers: Display: Worker (4/13): shaders left to compile 4
[2020.01.25-18.02.00:538][318]LogShaderCompilers: Display: Worker (7/13): shaders left to compile 3
[2020.01.25-18.02.00:538][318]LogShaderCompilers: Display: Worker (9/13): shaders left to compile 2
[2020.01.25-18.02.00:569][320]LogShaderCompilers: Display: Worker (11/13): shaders left to compile 1
[2020.01.25-18.02.01:101][352]MaterialEditorStats: Base pass shader: 129 instructions
[2020.01.25-18.02.01:101][352]MaterialEditorStats: Base pass shader with Volumetric Lightmap: 207 instructions
[2020.01.25-18.02.01:101][352]MaterialEditorStats: Base pass vertex shader: 44 instructions
[2020.01.25-18.02.01:101][352]MaterialEditorStats: Texture samplers: 6/16
[2020.01.25-18.02.01:101][352]MaterialEditorStats: Texture Lookups (Est.): VS(0), PS(3)
[2020.01.25-18.02.01:101][352]MaterialEditorStats: User interpolators: 2/4 Scalars (1/4 Vectors) (TexCoords: 2, Custom: 0)
[2020.01.25-18.02.05:150][803]LogMaterial: Display: Missing cached shader map for material m_Gravel, compiling. 
[2020.01.25-18.02.05:172][804]LogShaderCompilers: Display: Worker (1/13): shaders left to compile 21
[2020.01.25-18.02.05:172][804]LogShaderCompilers: Display: Worker (2/13): shaders left to compile 20
[2020.01.25-18.02.05:172][804]LogShaderCompilers: Display: Worker (3/13): shaders left to compile 19
[2020.01.25-18.02.05:172][804]LogShaderCompilers: Display: Worker (4/13): shaders left to compile 18
[2020.01.25-18.02.05:172][804]LogShaderCompilers: Display: Worker (5/13): shaders left to compile 17
[2020.01.25-18.02.05:172][804]LogShaderCompilers: Display: Worker (6/13): shaders left to compile 16
[2020.01.25-18.02.05:172][804]LogShaderCompilers: Display: Worker (7/13): shaders left to compile 15
[2020.01.25-18.02.05:172][804]LogShaderCompilers: Display: Worker (8/13): shaders left to compile 14
[2020.01.25-18.02.05:172][804]LogShaderCompilers: Display: Worker (9/13): shaders left to compile 13
[2020.01.25-18.02.05:172][804]LogShaderCompilers: Display: Worker (10/13): shaders left to compile 12
[2020.01.25-18.02.05:172][804]LogShaderCompilers: Display: Worker (11/13): shaders left to compile 11
[2020.01.25-18.02.05:172][804]LogShaderCompilers: Display: Worker (12/13): shaders left to compile 10
[2020.01.25-18.02.05:371][817]LogShaderCompilers: Display: Worker (8/13): shaders left to compile 9
[2020.01.25-18.02.05:459][822]LogShaderCompilers: Display: Worker (1/13): shaders left to compile 8
[2020.01.25-18.02.05:478][823]LogShaderCompilers: Display: Worker (2/13): shaders left to compile 7
[2020.01.25-18.02.05:478][823]LogShaderCompilers: Display: Worker (3/13): shaders left to compile 6
[2020.01.25-18.02.05:493][824]LogShaderCompilers: Display: Worker (4/13): shaders left to compile 5
[2020.01.25-18.02.05:493][824]LogShaderCompilers: Display: Worker (5/13): shaders left to compile 4
[2020.01.25-18.02.05:507][825]LogShaderCompilers: Display: Worker (6/13): shaders left to compile 3
[2020.01.25-18.02.05:521][826]LogShaderCompilers: Display: Worker (7/13): shaders left to compile 2
[2020.01.25-18.02.05:521][826]LogShaderCompilers: Display: Worker (9/13): shaders left to compile 1
[2020.01.25-18.02.06:444][904]LogMaterial: Display: Missing cached shader map for material m_Gravel, compiling. 
[2020.01.25-18.02.06:470][905]LogShaderCompilers: Display: Worker (1/13): shaders left to compile 21
[2020.01.25-18.02.06:470][905]LogShaderCompilers: Display: Worker (2/13): shaders left to compile 20
[2020.01.25-18.02.06:470][905]LogShaderCompilers: Display: Worker (3/13): shaders left to compile 19
[2020.01.25-18.02.06:470][905]LogShaderCompilers: Display: Worker (4/13): shaders left to compile 18
[2020.01.25-18.02.06:470][905]LogShaderCompilers: Display: Worker (5/13): shaders left to compile 17
[2020.01.25-18.02.06:470][905]LogShaderCompilers: Display: Worker (6/13): shaders left to compile 16
[2020.01.25-18.02.06:470][905]LogShaderCompilers: Display: Worker (7/13): shaders left to compile 15
[2020.01.25-18.02.06:470][905]LogShaderCompilers: Display: Worker (8/13): shaders left to compile 14
[2020.01.25-18.02.06:470][905]LogShaderCompilers: Display: Worker (9/13): shaders left to compile 13
[2020.01.25-18.02.06:470][905]LogShaderCompilers: Display: Worker (10/13): shaders left to compile 12
[2020.01.25-18.02.06:470][905]LogShaderCompilers: Display: Worker (11/13): shaders left to compile 11
[2020.01.25-18.02.06:470][905]LogShaderCompilers: Display: Worker (12/13): shaders left to compile 10
[2020.01.25-18.02.06:673][918]LogShaderCompilers: Display: Worker (8/13): shaders left to compile 9
[2020.01.25-18.02.06:724][921]LogShaderCompilers: Display: Worker (1/13): shaders left to compile 8
[2020.01.25-18.02.06:739][922]LogShaderCompilers: Display: Worker (2/13): shaders left to compile 7
[2020.01.25-18.02.06:771][924]LogShaderCompilers: Display: Worker (3/13): shaders left to compile 6
[2020.01.25-18.02.06:786][925]LogShaderCompilers: Display: Worker (5/13): shaders left to compile 5
[2020.01.25-18.02.06:801][926]LogShaderCompilers: Display: Worker (6/13): shaders left to compile 4
[2020.01.25-18.02.06:817][927]LogShaderCompilers: Display: Worker (4/13): shaders left to compile 3
[2020.01.25-18.02.06:817][927]LogShaderCompilers: Display: Worker (9/13): shaders left to compile 2
[2020.01.25-18.02.06:839][928]LogShaderCompilers: Display: Worker (7/13): shaders left to compile 1
[2020.01.25-18.02.07:843][ 16]LogMaterial: Display: Missing cached shader map for material m_Gravel, compiling. 
[2020.01.25-18.02.07:861][ 16]LogShaderCompilers: Display: Worker (1/13): shaders left to compile 21
[2020.01.25-18.02.07:861][ 16]LogShaderCompilers: Display: Worker (2/13): shaders left to compile 20
[2020.01.25-18.02.07:861][ 16]LogShaderCompilers: Display: Worker (3/13): shaders left to compile 19
[2020.01.25-18.02.07:861][ 16]LogShaderCompilers: Display: Worker (4/13): shaders left to compile 18
[2020.01.25-18.02.07:861][ 16]LogShaderCompilers: Display: Worker (5/13): shaders left to compile 17
[2020.01.25-18.02.07:861][ 16]LogShaderCompilers: Display: Worker (6/13): shaders left to compile 16
[2020.01.25-18.02.07:861][ 16]LogShaderCompilers: Display: Worker (7/13): shaders left to compile 15
[2020.01.25-18.02.07:861][ 16]LogShaderCompilers: Display: Worker (8/13): shaders left to compile 14
[2020.01.25-18.02.07:861][ 16]LogShaderCompilers: Display: Worker (9/13): shaders left to compile 13
[2020.01.25-18.02.07:862][ 16]LogShaderCompilers: Display: Worker (10/13): shaders left to compile 12
[2020.01.25-18.02.07:862][ 16]LogShaderCompilers: Display: Worker (11/13): shaders left to compile 11
[2020.01.25-18.02.07:862][ 16]LogShaderCompilers: Display: Worker (12/13): shaders left to compile 10
[2020.01.25-18.02.07:862][ 16]LogMaterial: Display: Missing cached shader map for material FMatExpressionPreview MaterialExpressionTextureSample_0, compiling. 
[2020.01.25-18.02.08:068][ 29]LogShaderCompilers: Display: Worker (8/13): shaders left to compile 13
[2020.01.25-18.02.08:146][ 33]LogShaderCompilers: Display: Worker (3/13): shaders left to compile 12
[2020.01.25-18.02.08:169][ 34]LogShaderCompilers: Display: Worker (2/13): shaders left to compile 11
[2020.01.25-18.02.08:189][ 35]LogShaderCompilers: Display: Worker (4/13): shaders left to compile 10
[2020.01.25-18.02.08:189][ 35]LogShaderCompilers: Display: Worker (1/13): shaders left to compile 9
[2020.01.25-18.02.08:189][ 35]LogShaderCompilers: Display: Worker (9/13): shaders left to compile 8
[2020.01.25-18.02.08:207][ 36]LogShaderCompilers: Display: Worker (5/13): shaders left to compile 7
[2020.01.25-18.02.08:207][ 36]LogShaderCompilers: Display: Worker (6/13): shaders left to compile 6
[2020.01.25-18.02.08:207][ 36]LogShaderCompilers: Display: Worker (7/13): shaders left to compile 5
[2020.01.25-18.02.08:308][ 41]LogShaderCompilers: Display: Worker (12/13): shaders left to compile 4
[2020.01.25-18.02.08:507][ 49]LogShaderCompilers: Display: Worker (10/13): shaders left to compile 3
[2020.01.25-18.02.08:535][ 50]LogShaderCompilers: Display: Worker (2/13): shaders left to compile 2
[2020.01.25-18.02.08:557][ 51]LogShaderCompilers: Display: Worker (11/13): shaders left to compile 1
[2020.01.25-18.02.09:346][119]LogMaterial: Display: Missing cached shader map for material m_Gravel, compiling. 
[2020.01.25-18.02.09:367][119]LogShaderCompilers: Display: Worker (1/13): shaders left to compile 21
[2020.01.25-18.02.09:367][119]LogShaderCompilers: Display: Worker (2/13): shaders left to compile 20
[2020.01.25-18.02.09:367][119]LogShaderCompilers: Display: Worker (3/13): shaders left to compile 19
[2020.01.25-18.02.09:367][119]LogShaderCompilers: Display: Worker (4/13): shaders left to compile 18
[2020.01.25-18.02.09:367][119]LogShaderCompilers: Display: Worker (5/13): shaders left to compile 17
[2020.01.25-18.02.09:367][119]LogShaderCompilers: Display: Worker (6/13): shaders left to compile 16
[2020.01.25-18.02.09:367][119]LogShaderCompilers: Display: Worker (7/13): shaders left to compile 15
[2020.01.25-18.02.09:367][119]LogShaderCompilers: Display: Worker (8/13): shaders left to compile 14
[2020.01.25-18.02.09:367][119]LogShaderCompilers: Display: Worker (9/13): shaders left to compile 13
[2020.01.25-18.02.09:367][119]LogShaderCompilers: Display: Worker (10/13): shaders left to compile 12
[2020.01.25-18.02.09:367][119]LogShaderCompilers: Display: Worker (11/13): shaders left to compile 11
[2020.01.25-18.02.09:367][119]LogShaderCompilers: Display: Worker (12/13): shaders left to compile 10
[2020.01.25-18.02.09:371][119]LogMaterial: Display: Missing cached shader map for material FMatExpressionPreview MaterialExpressionTextureSample_1, compiling. 
[2020.01.25-18.02.09:592][132]LogShaderCompilers: Display: Worker (8/13): shaders left to compile 13
[2020.01.25-18.02.09:650][135]LogShaderCompilers: Display: Worker (2/13): shaders left to compile 12
[2020.01.25-18.02.09:668][136]LogShaderCompilers: Display: Worker (1/13): shaders left to compile 11
[2020.01.25-18.02.09:690][137]LogShaderCompilers: Display: Worker (3/13): shaders left to compile 10
[2020.01.25-18.02.09:691][137]LogShaderCompilers: Display: Worker (4/13): shaders left to compile 9
[2020.01.25-18.02.09:706][138]LogShaderCompilers: Display: Worker (5/13): shaders left to compile 8
[2020.01.25-18.02.09:723][139]LogShaderCompilers: Display: Worker (7/13): shaders left to compile 7
[2020.01.25-18.02.09:723][139]LogShaderCompilers: Display: Worker (9/13): shaders left to compile 6
[2020.01.25-18.02.09:740][140]LogShaderCompilers: Display: Worker (6/13): shaders left to compile 5
[2020.01.25-18.02.09:850][147]LogShaderCompilers: Display: Worker (12/13): shaders left to compile 4
[2020.01.25-18.02.10:040][156]LogShaderCompilers: Display: Worker (10/13): shaders left to compile 3
[2020.01.25-18.02.10:083][158]LogShaderCompilers: Display: Worker (11/13): shaders left to compile 2
[2020.01.25-18.02.10:104][159]LogShaderCompilers: Display: Worker (1/13): shaders left to compile 1
[2020.01.25-18.02.10:727][212]LogMaterial: Display: Missing cached shader map for material m_Gravel, compiling. 
[2020.01.25-18.02.10:743][212]LogMaterial: Display: Missing cached shader map for material FMatExpressionPreview MaterialExpressionTextureSample_2, compiling. 
[2020.01.25-18.02.10:748][212]LogShaderCompilers: Display: Worker (1/13): shaders left to compile 25
[2020.01.25-18.02.10:748][212]LogShaderCompilers: Display: Worker (2/13): shaders left to compile 24
[2020.01.25-18.02.10:748][212]LogShaderCompilers: Display: Worker (3/13): shaders left to compile 23
[2020.01.25-18.02.10:748][212]LogShaderCompilers: Display: Worker (4/13): shaders left to compile 22
[2020.01.25-18.02.10:748][212]LogShaderCompilers: Display: Worker (5/13): shaders left to compile 21
[2020.01.25-18.02.10:748][212]LogShaderCompilers: Display: Worker (6/13): shaders left to compile 20
[2020.01.25-18.02.10:748][212]LogShaderCompilers: Display: Worker (7/13): shaders left to compile 19
[2020.01.25-18.02.10:748][212]LogShaderCompilers: Display: Worker (8/13): shaders left to compile 18
[2020.01.25-18.02.10:748][212]LogShaderCompilers: Display: Worker (9/13): shaders left to compile 17
[2020.01.25-18.02.10:748][212]LogShaderCompilers: Display: Worker (10/13): shaders left to compile 16
[2020.01.25-18.02.10:748][212]LogShaderCompilers: Display: Worker (11/13): shaders left to compile 15
[2020.01.25-18.02.10:748][212]LogShaderCompilers: Display: Worker (12/13): shaders left to compile 14
[2020.01.25-18.02.10:981][227]LogShaderCompilers: Display: Worker (8/13): shaders left to compile 13
[2020.01.25-18.02.11:043][230]LogShaderCompilers: Display: Worker (2/13): shaders left to compile 12
[2020.01.25-18.02.11:081][232]LogShaderCompilers: Display: Worker (1/13): shaders left to compile 11
[2020.01.25-18.02.11:096][233]LogShaderCompilers: Display: Worker (3/13): shaders left to compile 10
[2020.01.25-18.02.11:096][233]LogShaderCompilers: Display: Worker (5/13): shaders left to compile 9
[2020.01.25-18.02.11:096][233]LogShaderCompilers: Display: Worker (6/13): shaders left to compile 8
[2020.01.25-18.02.11:096][233]LogShaderCompilers: Display: Worker (9/13): shaders left to compile 7
[2020.01.25-18.02.11:136][235]LogShaderCompilers: Display: Worker (4/13): shaders left to compile 6
[2020.01.25-18.02.11:136][235]LogShaderCompilers: Display: Worker (7/13): shaders left to compile 5
[2020.01.25-18.02.11:204][237]LogShaderCompilers: Display: Worker (12/13): shaders left to compile 4
[2020.01.25-18.02.11:379][246]LogShaderCompilers: Display: Worker (10/13): shaders left to compile 3
[2020.01.25-18.02.11:403][247]LogShaderCompilers: Display: Worker (11/13): shaders left to compile 2
[2020.01.25-18.02.11:483][251]LogShaderCompilers: Display: Worker (1/13): shaders left to compile 1
[2020.01.25-18.02.11:746][263]MaterialEditorStats: Base pass shader: 130 instructions
[2020.01.25-18.02.11:746][263]MaterialEditorStats: Base pass shader with Volumetric Lightmap: 208 instructions
[2020.01.25-18.02.11:746][263]MaterialEditorStats: Base pass vertex shader: 44 instructions
[2020.01.25-18.02.11:746][263]MaterialEditorStats: Texture samplers: 6/16
[2020.01.25-18.02.11:746][263]MaterialEditorStats: Texture Lookups (Est.): VS(0), PS(3)
[2020.01.25-18.02.11:746][263]MaterialEditorStats: User interpolators: 2/4 Scalars (1/4 Vectors) (TexCoords: 2, Custom: 0)
[2020.01.25-18.02.13:843][483]LogMaterial: Display: Missing cached shader map for material m_Gravel, compiling. 
[2020.01.25-18.02.13:856][483]LogShaderCompilers: Display: Worker (1/13): shaders left to compile 21
[2020.01.25-18.02.13:856][483]LogShaderCompilers: Display: Worker (2/13): shaders left to compile 20
[2020.01.25-18.02.13:856][483]LogShaderCompilers: Display: Worker (3/13): shaders left to compile 19
[2020.01.25-18.02.13:856][483]LogShaderCompilers: Display: Worker (4/13): shaders left to compile 18
[2020.01.25-18.02.13:856][483]LogShaderCompilers: Display: Worker (5/13): shaders left to compile 17
[2020.01.25-18.02.13:856][483]LogShaderCompilers: Display: Worker (6/13): shaders left to compile 16
[2020.01.25-18.02.13:856][483]LogShaderCompilers: Display: Worker (7/13): shaders left to compile 15
[2020.01.25-18.02.13:856][483]LogShaderCompilers: Display: Worker (8/13): shaders left to compile 14
[2020.01.25-18.02.13:856][483]LogShaderCompilers: Display: Worker (9/13): shaders left to compile 13
[2020.01.25-18.02.13:856][483]LogShaderCompilers: Display: Worker (10/13): shaders left to compile 12
[2020.01.25-18.02.13:856][483]LogShaderCompilers: Display: Worker (11/13): shaders left to compile 11
[2020.01.25-18.02.13:856][483]LogShaderCompilers: Display: Worker (12/13): shaders left to compile 10
[2020.01.25-18.02.13:859][483]LogMaterial: Display: Missing cached shader map for material m_Gravel, compiling. 
[2020.01.25-18.02.14:071][496]LogShaderCompilers: Display: Worker (8/13): shaders left to compile 21
[2020.01.25-18.02.14:158][501]LogShaderCompilers: Display: Worker (2/13): shaders left to compile 20
[2020.01.25-18.02.14:172][502]LogShaderCompilers: Display: Worker (1/13): shaders left to compile 19
[2020.01.25-18.02.14:172][502]LogShaderCompilers: Display: Worker (5/13): shaders left to compile 18
[2020.01.25-18.02.14:187][503]LogShaderCompilers: Display: Worker (3/13): shaders left to compile 17
[2020.01.25-18.02.14:187][503]LogShaderCompilers: Display: Worker (4/13): shaders left to compile 16
[2020.01.25-18.02.14:216][505]LogShaderCompilers: Display: Worker (6/13): shaders left to compile 15
[2020.01.25-18.02.14:216][505]LogShaderCompilers: Display: Worker (9/13): shaders left to compile 14
[2020.01.25-18.02.14:231][506]LogShaderCompilers: Display: Worker (7/13): shaders left to compile 13
[2020.01.25-18.02.14:311][511]LogShaderCompilers: Display: Worker (12/13): shaders left to compile 12
[2020.01.25-18.02.14:367][514]LogShaderCompilers: Display: Worker (8/13): shaders left to compile 11
[2020.01.25-18.02.14:384][515]LogShaderCompilers: Display: Worker (9/13): shaders left to compile 10
[2020.01.25-18.02.14:463][520]LogShaderCompilers: Display: Worker (1/13): shaders left to compile 9
[2020.01.25-18.02.14:480][521]LogShaderCompilers: Display: Worker (5/13): shaders left to compile 8
[2020.01.25-18.02.14:497][522]LogShaderCompilers: Display: Worker (3/13): shaders left to compile 7
[2020.01.25-18.02.14:497][522]LogShaderCompilers: Display: Worker (2/13): shaders left to compile 6
[2020.01.25-18.02.14:512][523]LogShaderCompilers: Display: Worker (10/13): shaders left to compile 5
[2020.01.25-18.02.14:527][524]LogShaderCompilers: Display: Worker (4/13): shaders left to compile 4
[2020.01.25-18.02.14:527][524]LogShaderCompilers: Display: Worker (7/13): shaders left to compile 3
[2020.01.25-18.02.14:540][525]LogShaderCompilers: Display: Worker (6/13): shaders left to compile 2
[2020.01.25-18.02.14:556][526]LogShaderCompilers: Display: Worker (11/13): shaders left to compile 1
[2020.01.25-18.02.15:115][559]MaterialEditorStats: Base pass shader: 130 instructions
[2020.01.25-18.02.15:115][559]MaterialEditorStats: Base pass shader with Volumetric Lightmap: 208 instructions
[2020.01.25-18.02.15:115][559]MaterialEditorStats: Base pass vertex shader: 44 instructions
[2020.01.25-18.02.15:115][559]MaterialEditorStats: Texture samplers: 6/16
[2020.01.25-18.02.15:115][559]MaterialEditorStats: Texture Lookups (Est.): VS(0), PS(3)
[2020.01.25-18.02.15:115][559]MaterialEditorStats: User interpolators: 2/4 Scalars (1/4 Vectors) (TexCoords: 2, Custom: 0)
[2020.01.25-18.02.17:827][846]LogMaterial: Display: Missing cached shader map for material m_Gravel, compiling. 
[2020.01.25-18.02.17:852][847]LogShaderCompilers: Display: Worker (1/13): shaders left to compile 21
[2020.01.25-18.02.17:852][847]LogShaderCompilers: Display: Worker (2/13): shaders left to compile 20
[2020.01.25-18.02.17:852][847]LogShaderCompilers: Display: Worker (3/13): shaders left to compile 19
[2020.01.25-18.02.17:852][847]LogShaderCompilers: Display: Worker (4/13): shaders left to compile 18
[2020.01.25-18.02.17:852][847]LogShaderCompilers: Display: Worker (5/13): shaders left to compile 17
[2020.01.25-18.02.17:852][847]LogShaderCompilers: Display: Worker (6/13): shaders left to compile 16
[2020.01.25-18.02.17:852][847]LogShaderCompilers: Display: Worker (7/13): shaders left to compile 15
[2020.01.25-18.02.17:852][847]LogShaderCompilers: Display: Worker (8/13): shaders left to compile 14
[2020.01.25-18.02.17:852][847]LogShaderCompilers: Display: Worker (9/13): shaders left to compile 13
[2020.01.25-18.02.17:852][847]LogShaderCompilers: Display: Worker (10/13): shaders left to compile 12
[2020.01.25-18.02.17:852][847]LogShaderCompilers: Display: Worker (11/13): shaders left to compile 11
[2020.01.25-18.02.17:852][847]LogShaderCompilers: Display: Worker (12/13): shaders left to compile 10
[2020.01.25-18.02.18:033][860]LogShaderCompilers: Display: Worker (8/13): shaders left to compile 9
[2020.01.25-18.02.18:128][866]LogShaderCompilers: Display: Worker (1/13): shaders left to compile 8
[2020.01.25-18.02.18:128][866]LogShaderCompilers: Display: Worker (3/13): shaders left to compile 7
[2020.01.25-18.02.18:143][867]LogShaderCompilers: Display: Worker (2/13): shaders left to compile 6
[2020.01.25-18.02.18:159][868]LogShaderCompilers: Display: Worker (5/13): shaders left to compile 5
[2020.01.25-18.02.18:174][869]LogShaderCompilers: Display: Worker (4/13): shaders left to compile 4
[2020.01.25-18.02.18:174][869]LogShaderCompilers: Display: Worker (9/13): shaders left to compile 3
[2020.01.25-18.02.18:190][870]LogShaderCompilers: Display: Worker (7/13): shaders left to compile 2
[2020.01.25-18.02.18:206][871]LogShaderCompilers: Display: Worker (6/13): shaders left to compile 1
[2020.01.25-18.02.18:728][904]MaterialEditorStats: Base pass shader: 130 instructions
[2020.01.25-18.02.18:728][904]MaterialEditorStats: Base pass shader with Volumetric Lightmap: 208 instructions
[2020.01.25-18.02.18:728][904]MaterialEditorStats: Base pass vertex shader: 44 instructions
[2020.01.25-18.02.18:728][904]MaterialEditorStats: Texture samplers: 6/16
[2020.01.25-18.02.18:728][904]MaterialEditorStats: Texture Lookups (Est.): VS(0), PS(3)
[2020.01.25-18.02.18:728][904]MaterialEditorStats: User interpolators: 2/4 Scalars (1/4 Vectors) (TexCoords: 2, Custom: 0)
[2020.01.25-18.02.19:204][952]LogMaterialEditor: Saving and Compiling material m_Gravel
[2020.01.25-18.02.19:578][952]LogMaterial: Display: Missing cached shader map for material m_Gravel, compiling. 
[2020.01.25-18.02.19:634][952]LogShaderCompilers: Display: Worker (1/13): shaders left to compile 21
[2020.01.25-18.02.19:634][952]LogShaderCompilers: Display: Worker (2/13): shaders left to compile 20
[2020.01.25-18.02.19:634][952]LogShaderCompilers: Display: Worker (3/13): shaders left to compile 19
[2020.01.25-18.02.19:634][952]LogShaderCompilers: Display: Worker (4/13): shaders left to compile 18
[2020.01.25-18.02.19:634][952]LogShaderCompilers: Display: Worker (5/13): shaders left to compile 17
[2020.01.25-18.02.19:634][952]LogShaderCompilers: Display: Worker (6/13): shaders left to compile 16
[2020.01.25-18.02.19:634][952]LogShaderCompilers: Display: Worker (7/13): shaders left to compile 15
[2020.01.25-18.02.19:634][952]LogShaderCompilers: Display: Worker (8/13): shaders left to compile 14
[2020.01.25-18.02.19:634][952]LogShaderCompilers: Display: Worker (9/13): shaders left to compile 13
[2020.01.25-18.02.19:634][952]LogShaderCompilers: Display: Worker (10/13): shaders left to compile 12
[2020.01.25-18.02.19:634][952]LogShaderCompilers: Display: Worker (11/13): shaders left to compile 11
[2020.01.25-18.02.19:634][952]LogShaderCompilers: Display: Worker (12/13): shaders left to compile 10
[2020.01.25-18.02.19:641][952]LogMaterial: Display: Missing cached shader map for material m_Gravel, compiling. 
[2020.01.25-18.02.19:657][952]LogMaterial: Display: Missing cached shader map for material m_Gravel, compiling. 
[2020.01.25-18.02.19:711][952]LogUObjectHash: Compacting FUObjectHashTables data took   2.77ms
[2020.01.25-18.02.19:722][952]LogMaterial: Display: Missing cached shader map for material DebugViewMode MaterialTexCoordScale, compiling. 
[2020.01.25-18.02.20:475][952]LogShaderCompilers: Display: Worker (8/13): shaders left to compile 33
[2020.01.25-18.02.20:475][952]LogShaderCompilers: Display: Worker (1/13): shaders left to compile 32
[2020.01.25-18.02.20:475][952]LogShaderCompilers: Display: Worker (2/13): shaders left to compile 31
[2020.01.25-18.02.20:475][952]LogShaderCompilers: Display: Worker (3/13): shaders left to compile 30
[2020.01.25-18.02.20:475][952]LogShaderCompilers: Display: Worker (4/13): shaders left to compile 29
[2020.01.25-18.02.20:475][952]LogShaderCompilers: Display: Worker (5/13): shaders left to compile 28
[2020.01.25-18.02.20:475][952]LogShaderCompilers: Display: Worker (6/13): shaders left to compile 27
[2020.01.25-18.02.20:475][952]LogShaderCompilers: Display: Worker (9/13): shaders left to compile 26
[2020.01.25-18.02.20:475][952]LogShaderCompilers: Display: Worker (7/13): shaders left to compile 25
[2020.01.25-18.02.20:475][952]LogShaderCompilers: Display: Worker (12/13): shaders left to compile 24
[2020.01.25-18.02.20:475][952]LogShaderCompilers: Display: Worker (10/13): shaders left to compile 23
[2020.01.25-18.02.20:475][952]LogShaderCompilers: Display: Worker (11/13): shaders left to compile 22
[2020.01.25-18.02.20:475][952]LogShaderCompilers: Display: Worker (2/13): shaders left to compile 20
[2020.01.25-18.02.20:475][952]LogShaderCompilers: Display: Worker (5/13): shaders left to compile 18
[2020.01.25-18.02.20:475][952]LogShaderCompilers: Display: Worker (12/13): shaders left to compile 16
[2020.01.25-18.02.20:475][952]LogShaderCompilers: Display: Worker (8/13): shaders left to compile 14
[2020.01.25-18.02.20:475][952]LogShaderCompilers: Display: Worker (7/13): shaders left to compile 12
[2020.01.25-18.02.20:475][952]LogShaderCompilers: Display: Worker (10/13): shaders left to compile 10
[2020.01.25-18.02.20:475][952]LogShaderCompilers: Display: Worker (6/13): shaders left to compile 9
[2020.01.25-18.02.20:477][952]TextureStreamingBuild: Display: Compiling optional shaders took 0.766 seconds.
[2020.01.25-18.02.20:484][952]LogShaderCompilers: Display: Worker (9/13): shaders left to compile 8
[2020.01.25-18.02.20:524][952]LogShaderCompilers: Display: Worker (1/13): shaders left to compile 7
[2020.01.25-18.02.20:524][952]LogShaderCompilers: Display: Worker (3/13): shaders left to compile 6
[2020.01.25-18.02.20:525][952]LogUObjectHash: Compacting FUObjectHashTables data took   1.11ms
[2020.01.25-18.02.21:273][952]LogShaderCompilers: Display: Worker (4/13): shaders left to compile 5
[2020.01.25-18.02.21:273][952]LogShaderCompilers: Display: Worker (12/13): shaders left to compile 4
[2020.01.25-18.02.21:273][952]LogShaderCompilers: Display: Worker (11/13): shaders left to compile 3
[2020.01.25-18.02.21:273][952]LogShaderCompilers: Display: Worker (9/13): shaders left to compile 2
[2020.01.25-18.02.21:273][952]LogShaderCompilers: Display: Worker (2/13): shaders left to compile 1
[2020.01.25-18.02.21:298][952]Cmd: OBJ SAVEPACKAGE PACKAGE="/Game/Materials/m_Gravel" FILE="../../../../Art/Park_SFAS/Park/Content/Materials/m_Gravel.uasset" SILENT=true
[2020.01.25-18.02.21:320][952]LogSavePackage: Moving '../../../../Art/Park_SFAS/Park/Saved/m_Gravel28D0C1454855D9BCA91C21BE8BA814DE.tmp' to '../../../../Art/Park_SFAS/Park/Content/Materials/m_Gravel.uasset'
[2020.01.25-18.02.29:651][802]LogAssetEditorManager: Opening Asset editor for MaterialInstanceConstant /Game/Materials/m_Gravel_Inst.m_Gravel_Inst
[2020.01.25-18.02.29:744][802]LogRenderer: Reallocating scene render targets to support 1208x704 Format 10 NumSamples 1 (Frame:1).
[2020.01.25-18.02.36:154][558]Cmd: OBJ SAVEPACKAGE PACKAGE="/Game/Materials/m_Gravel_Inst" FILE="../../../../Art/Park_SFAS/Park/Content/Materials/m_Gravel_Inst.uasset" SILENT=true
[2020.01.25-18.02.36:191][558]LogUObjectHash: Compacting FUObjectHashTables data took   1.36ms
[2020.01.25-18.02.36:197][558]TextureStreamingBuild: Display: Compiling optional shaders took 0.006 seconds.
[2020.01.25-18.02.36:232][558]LogUObjectHash: Compacting FUObjectHashTables data took   0.72ms
[2020.01.25-18.02.36:246][558]LogSavePackage: Moving '../../../../Art/Park_SFAS/Park/Saved/m_Gravel_Inst714A11A04AEFAC204C1380BE46392B87.tmp' to '../../../../Art/Park_SFAS/Park/Content/Materials/m_Gravel_Inst.uasset'
[2020.01.25-18.02.40:368][ 27]Cmd: SELECT NONE
[2020.01.25-18.02.48:614][953]LogEditorViewport: Clicking on Actor (LMB): BP_Sky_Sphere_C (BP_Sky_Sphere)
[2020.01.25-18.02.48:983][979]LogEditorViewport: Clicking on Actor (LMB): StaticMeshActor (SM_tree)
[2020.01.25-18.02.49:130][988]Cmd: CAMERA ALIGN ACTIVEVIEWPORTONLY
[2020.01.25-18.02.50:559][113]Cmd: SELECT NONE
[2020.01.25-18.03.19:056][451]LogEditorViewport: Clicking on Actor (LMB): StaticMeshActor (SM_tree)
[2020.01.25-18.03.19:418][489]Cmd: CAMERA ALIGN ACTIVEVIEWPORTONLY
[2020.01.25-18.03.21:916][709]Cmd: SELECT NONE
[2020.01.25-18.04.30:631][536]LogSlate: FSceneViewport::OnFocusLost() reason 0
[2020.01.25-18.04.30:733][547]Cmd: OBJ SAVEPACKAGE PACKAGE="/Game/Materials/m_Gravel_Inst" FILE="../../../../Art/Park_SFAS/Park/Content/Materials/m_Gravel_Inst.uasset" SILENT=true
[2020.01.25-18.04.30:961][547]LogSavePackage: Moving '../../../../Art/Park_SFAS/Park/Saved/m_Gravel_InstF42D9C50477D78992509FCAB00B915C6.tmp' to '../../../../Art/Park_SFAS/Park/Content/Materials/m_Gravel_Inst.uasset'
[2020.01.25-18.07.01:188][740]LogEditorViewport: Clicking on Actor (LMB): BP_Sky_Sphere_C (BP_Sky_Sphere)
[2020.01.25-18.07.01:389][754]Cmd: CAMERA ALIGN ACTIVEVIEWPORTONLY
[2020.01.25-18.07.02:977][928]LogSlate: FSceneViewport::OnFocusLost() reason 0
[2020.01.25-18.07.03:166][945]Cmd: CAMERA ALIGN ACTIVEVIEWPORTONLY
[2020.01.25-18.07.04:836][ 92]LogEditorViewport: Clicking on Actor (LMB): StaticMeshActor (SM_tree)
[2020.01.25-18.07.04:934][ 97]Cmd: CAMERA ALIGN ACTIVEVIEWPORTONLY
[2020.01.25-18.07.07:713][350]Cmd: SELECT NONE
[2020.01.25-18.07.39:233][100]LogSlate: FSceneViewport::OnFocusLost() reason 5
[2020.01.25-18.07.39:288][100]LogUObjectHash: Compacting FUObjectHashTables data took   0.86ms
[2020.01.25-18.07.39:289][100]Cmd: OBJ SAVEPACKAGE PACKAGE="/Game/Diorama" FILE="../../../../Art/Park_SFAS/Park/Saved/Autosaves/Game/Diorama_Auto3.umap" SILENT=true AUTOSAVING=true KEEPDIRTY=false
[2020.01.25-18.07.39:486][100]LogSavePackage: Moving '../../../../Art/Park_SFAS/Park/Saved/Diorama_Auto31ABFF24D4FB540415B2DA382A4B4CC70.tmp' to '../../../../Art/Park_SFAS/Park/Saved/Autosaves/Game/Diorama_Auto3.umap'
[2020.01.25-18.07.39:489][100]LogFileHelpers: Editor autosave (incl. sublevels) for '/Game/Diorama' took 0.236
[2020.01.25-18.07.39:489][100]LogFileHelpers: Editor autosave (incl. sublevels) for all levels took 0.236
[2020.01.25-18.07.39:491][100]OBJ SavePackage: Generating thumbnails for [1] asset(s) in package [/Game/Meshes/SM_tree] ([1] browsable assets)...
[2020.01.25-18.07.39:499][100]OBJ SavePackage:     Rendered thumbnail for [StaticMesh /Game/Meshes/SM_tree.SM_tree]
[2020.01.25-18.07.39:499][100]OBJ SavePackage: Finished generating thumbnails for package [/Game/Meshes/SM_tree]
[2020.01.25-18.07.39:499][100]Cmd: OBJ SAVEPACKAGE PACKAGE="/Game/Meshes/SM_tree" FILE="../../../../Art/Park_SFAS/Park/Saved/Autosaves/Game/Meshes/SM_tree_Auto3.uasset" SILENT=false AUTOSAVING=true
[2020.01.25-18.07.39:546][100]LogSavePackage: Moving '../../../../Art/Park_SFAS/Park/Saved/SM_tree_Auto3A0588B8C443093BD64BCA3A5B9917A1B.tmp' to '../../../../Art/Park_SFAS/Park/Saved/Autosaves/Game/Meshes/SM_tree_Auto3.uasset'
[2020.01.25-18.07.39:546][100]LogFileHelpers: Auto-saving content packages took 0.057
[2020.01.25-18.15.27:000][312]LogSlate: FSceneViewport::OnFocusLost() reason 0
[2020.01.25-18.15.34:864][530]LogSlate: Window 'm_Gravel_Inst' being destroyed
[2020.01.25-18.15.34:868][530]LogSlate: Window 'm_Gravel_Inst' being destroyed
[2020.01.25-18.15.34:900][530]LogWorld: UWorld::CleanupWorld for World_1, bSessionEnded=true, bCleanupResources=true
[2020.01.25-18.15.34:937][530]LogWorld: UWorld::CleanupWorld for World_3, bSessionEnded=true, bCleanupResources=true
[2020.01.25-18.15.34:972][530]LogWorld: UWorld::CleanupWorld for World_4, bSessionEnded=true, bCleanupResources=true
[2020.01.25-18.15.41:380][752]LogFactory: FactoryCreateFile: StaticMesh with FbxFactory (0 0 ../../../../Art/Park_SFAS/Models/SM_Lilypad.obj)
[2020.01.25-18.15.41:388][752]LogFbx: Loading FBX Scene from ../../../../Art/Park_SFAS/Models/SM_Lilypad.obj
[2020.01.25-18.15.41:390][752]LogFbx: FBX Scene Loaded Succesfully
[2020.01.25-18.15.42:592][752]LogSlate: Window 'FBX Import Options' being destroyed
[2020.01.25-18.15.42:624][752]LogLinker: Failed to load '/Game/Meshes/Plane_low_Plane_low_defaultMat_opacity': Can't find file.
[2020.01.25-18.15.42:624][752]LogLinker: Failed to load '/Game/Meshes/Plane_low_Plane_low_defaultMat_opacity': Can't find file.
[2020.01.25-18.15.42:658][752]LogTexture: Display: Building textures: Plane_low_Plane_low_defaultMat_opacity (AutoDXT, 2048X2048)
[2020.01.25-18.15.42:783][752]LogFbx: Display: Triangulating static mesh polySurface151_polySurface148_polySurface147_polySurface144_polySurface142_pPlane2
[2020.01.25-18.15.42:786][752]LogStaticMesh: Building static mesh SM_Lilypad...
[2020.01.25-18.15.42:787][752]LogStaticMesh: Built static mesh [0.00s] /Game/Meshes/SM_Lilypad.SM_Lilypad
[2020.01.25-18.15.43:694][829]LogAssetEditorManager: Opening Asset editor for StaticMesh /Game/Meshes/SM_Lilypad.SM_Lilypad
[2020.01.25-18.15.53:996][956]Cmd: OBJ SAVEPACKAGE PACKAGE="/Game/Meshes/SM_Lilypad" FILE="../../../../Art/Park_SFAS/Park/Content/Meshes/SM_Lilypad.uasset" SILENT=true
[2020.01.25-18.15.54:012][956]LogSavePackage: Moving '../../../../Art/Park_SFAS/Park/Saved/SM_LilypadEC013F6A43116E2CA6A3778706781144.tmp' to '../../../../Art/Park_SFAS/Park/Content/Meshes/SM_Lilypad.uasset'
[2020.01.25-18.15.54:870][ 42]LogActorFactory: Actor Factory created SM_Lilypad
[2020.01.25-18.15.55:426][ 93]LogActorFactory: Actor Factory created SM_Lilypad
[2020.01.25-18.15.55:711][117]Cmd: CAMERA ALIGN ACTIVEVIEWPORTONLY
[2020.01.25-18.16.03:070][776]Cmd: CAMERA ALIGN ACTIVEVIEWPORTONLY
[2020.01.25-18.16.24:110][620]Cmd: TRANSACTION UNDO
[2020.01.25-18.16.24:110][620]LogEditorTransaction: Undo Rotate Actors
[2020.01.25-18.16.31:879][340]Cmd: TRANSACTION UNDO
[2020.01.25-18.16.31:879][340]LogEditorTransaction: Undo Rotate Actors
[2020.01.25-18.16.38:805][  4]LogEditorViewport: Clicking on Actor (LMB): StaticMeshActor (SM_Lilypad)
[2020.01.25-18.16.42:684][386]LogEditorViewport: Clicking on Actor (LMB): StaticMeshActor (SM_Lilypad3)
[2020.01.25-18.16.47:063][784]LogEditorViewport: Clicking on Actor (LMB): StaticMeshActor (SM_River)
[2020.01.25-18.16.47:935][852]LogEditorViewport: Clicking on Actor (LMB): StaticMeshActor (SM_Lilypad4)
[2020.01.25-18.16.51:537][204]LogEditorViewport: Clicking on Actor (LMB): StaticMeshActor (SM_Lilypad3)
[2020.01.25-18.16.57:195][781]LogSlate: FSceneViewport::OnFocusLost() reason 0
[2020.01.25-18.16.57:279][791]LogSlate: Window 'SM_Lilypad' being destroyed
[2020.01.25-18.16.57:283][791]LogSlate: Window 'SM_Lilypad' being destroyed
[2020.01.25-18.16.57:294][791]LogWorld: UWorld::CleanupWorld for World_5, bSessionEnded=true, bCleanupResources=true
[2020.01.25-18.17.15:997][909]LogEditorViewport: Clicking on Actor (LMB): StaticMeshActor (SM_Lilypad)
[2020.01.25-18.17.20:312][400]LogEditorViewport: Clicking on Actor (LMB): StaticMeshActor (SM_Lilypad2)
[2020.01.25-18.17.22:207][610]LogEditorViewport: Clicking on Actor (LMB): StaticMeshActor (SM_Lilypad)
[2020.01.25-18.17.26:637][110]LogEditorViewport: Clicking on Actor (LMB): StaticMeshActor (SM_Lilypad11)
[2020.01.25-18.17.31:477][651]Cmd: TRANSACTION UNDO
[2020.01.25-18.17.31:477][651]LogEditorTransaction: Undo Rotate Actors
[2020.01.25-18.17.32:580][764]Cmd: TRANSACTION UNDO
[2020.01.25-18.17.32:580][764]LogEditorTransaction: Undo Rotate Actors
[2020.01.25-18.17.43:286][969]LogSlate: FSceneViewport::OnFocusLost() reason 0
[2020.01.25-18.17.50:226][703]Cmd: TRANSACTION UNDO
[2020.01.25-18.17.50:226][703]LogEditorTransaction: Undo Rotate Actors
[2020.01.25-18.17.55:928][327]LogEditorViewport: Clicking on Actor (LMB): StaticMeshActor (SM_Lilypad14)
[2020.01.25-18.17.58:857][664]LogEditorViewport: Clicking on Actor (LMB): StaticMeshActor (SM_Lilypad17)
[2020.01.25-18.18.01:294][947]LogEditorViewport: Clicking on Actor (LMB): StaticMeshActor (SM_Lilypad16)
[2020.01.25-18.18.04:524][320]LogEditorViewport: Clicking on Actor (LMB): StaticMeshActor (SM_Lilypad18)
[2020.01.25-18.18.10:676][976]LogEditorViewport: Clicking on Actor (LMB): StaticMeshActor (SM_Lilypad19)
[2020.01.25-18.18.14:811][435]LogEditorViewport: Clicking on Actor (LMB): StaticMeshActor (SM_Lilypad8)
[2020.01.25-18.18.15:692][535]LogEditorViewport: Clicking on Actor (LMB): StaticMeshActor (SM_Lilypad27)
[2020.01.25-18.18.17:351][720]LogEditorViewport: Clicking on Actor (LMB): StaticMeshActor (SM_Lilypad8)
[2020.01.25-18.18.22:425][253]LogEditorViewport: Clicking on Actor (LMB): StaticMeshActor (SM_Lilypad4)
[2020.01.25-18.18.22:780][285]Cmd: DELETE
[2020.01.25-18.18.22:780][285]Cmd: ACTOR DELETE
[2020.01.25-18.18.22:787][285]LogEditorActor: Deleted Actor: StaticMeshActor
[2020.01.25-18.18.22:826][285]LogUObjectHash: Compacting FUObjectHashTables data took   1.92ms
[2020.01.25-18.18.22:826][285]LogEditorActor: Deleted 1 Actors (0.046 secs)
[2020.01.25-18.18.27:454][825]LogEditorViewport: Clicking on Actor (LMB): StaticMeshActor (SM_Lilypad9)
[2020.01.25-18.18.31:133][238]LogEditorViewport: Clicking on Actor (LMB): StaticMeshActor (SM_Lilypad7)
[2020.01.25-18.18.33:244][476]LogEditorViewport: Clicking on Actor (LMB): StaticMeshActor (SM_Lilypad8)
[2020.01.25-18.18.36:328][807]LogEditorViewport: Clicking on Actor (LMB): StaticMeshActor (SM_Lilypad)
[2020.01.25-18.18.38:628][ 44]LogEditorViewport: Clicking on Actor (LMB): StaticMeshActor (SM_Lilypad18)
[2020.01.25-18.18.42:583][439]LogEditorViewport: Clicking on Actor (LMB): StaticMeshActor (SM_Lilypad17)
[2020.01.25-18.18.43:906][573]LogSlate: FSceneViewport::OnFocusLost() reason 0
[2020.01.25-18.18.51:832][394]LogEditorViewport: Clicking on Actor (LMB): StaticMeshActor (SM_Lilypad33)
[2020.01.25-18.18.53:948][638]LogEditorViewport: Clicking on Actor (LMB): StaticMeshActor (SM_Lilypad30)
[2020.01.25-18.18.55:881][858]LogEditorViewport: Clicking on Actor (LMB): StaticMeshActor (SM_Lilypad33)
[2020.01.25-18.19.35:867][891]LogEditorViewport: Clicking on Actor (LMB): StaticMeshActor (SM_Lilypad34)
[2020.01.25-18.19.40:312][392]LogEditorViewport: Clicking on Actor (LMB): StaticMeshActor (SM_Lilypad8)
[2020.01.25-18.19.43:241][714]LogSlate: FSceneViewport::OnFocusLost() reason 5
[2020.01.25-18.19.43:286][714]LogUObjectHash: Compacting FUObjectHashTables data took   1.44ms
[2020.01.25-18.19.43:287][714]Cmd: OBJ SAVEPACKAGE PACKAGE="/Game/Diorama" FILE="../../../../Art/Park_SFAS/Park/Saved/Autosaves/Game/Diorama_Auto4.umap" SILENT=true AUTOSAVING=true KEEPDIRTY=false
[2020.01.25-18.19.43:498][714]LogSavePackage: Moving '../../../../Art/Park_SFAS/Park/Saved/Diorama_Auto44D4435464DAE0B5120EC779839CDD4C2.tmp' to '../../../../Art/Park_SFAS/Park/Saved/Autosaves/Game/Diorama_Auto4.umap'
[2020.01.25-18.19.43:501][714]LogFileHelpers: Editor autosave (incl. sublevels) for '/Game/Diorama' took 0.250
[2020.01.25-18.19.43:501][714]LogFileHelpers: Editor autosave (incl. sublevels) for all levels took 0.250
[2020.01.25-18.19.43:503][714]OBJ SavePackage: Generating thumbnails for [1] asset(s) in package [/Game/Meshes/Plane_low_Plane_low_defaultMat_opacity] ([1] browsable assets)...
[2020.01.25-18.19.43:506][714]OBJ SavePackage:     Rendered thumbnail for [Texture2D /Game/Meshes/Plane_low_Plane_low_defaultMat_opacity.Plane_low_Plane_low_defaultMat_opacity]
[2020.01.25-18.19.43:506][714]OBJ SavePackage: Finished generating thumbnails for package [/Game/Meshes/Plane_low_Plane_low_defaultMat_opacity]
[2020.01.25-18.19.43:519][714]LogSavePackage: Moving '../../../../Art/Park_SFAS/Park/Saved/Plane_low_Plane_low_defaultMat_o5D10F54F41E624C6F537528367352D51.tmp' to '../../../../Art/Park_SFAS/Park/Saved/Autosaves/Game/Meshes/Plane_low_Plane_low_defaultMat_opacity_Auto4.uasset'
[2020.01.25-18.19.43:520][714]LogFileHelpers: Auto-saving content packages took 0.019
[2020.01.25-18.19.46:197][987]Cmd: SELECT NONE
[2020.01.25-18.19.51:839][654]LogEditorViewport: Clicking on Actor (LMB): StaticMeshActor (SM_Lilypad9)
[2020.01.25-18.19.56:066][122]Cmd: SELECT NONE
[2020.01.25-18.19.58:778][440]LogEditorViewport: Clicking on Actor (LMB): StaticMeshActor (SM_Lilypad35)
[2020.01.25-18.20.03:699][990]Cmd: TRANSACTION UNDO
[2020.01.25-18.20.03:699][990]LogEditorTransaction: Undo Rotate Actors
[2020.01.25-18.20.05:017][127]Cmd: TRANSACTION UNDO
[2020.01.25-18.20.05:017][127]LogEditorTransaction: Undo Rotate Actors
[2020.01.25-18.20.10:877][778]LogEditorViewport: Clicking on Actor (LMB): StaticMeshActor (SM_Lilypad34)
[2020.01.25-18.20.16:256][394]LogEditorViewport: Clicking on Actor (LMB): StaticMeshActor (SM_Lilypad36)
[2020.01.25-18.20.19:428][740]LogEditorViewport: Clicking on Actor (LMB): StaticMeshActor (SM_Lilypad)
[2020.01.25-18.20.20:315][842]LogEditorViewport: Clicking on Actor (LMB): StaticMeshActor (SM_Lilypad39)
[2020.01.25-18.20.26:659][537]Cmd: SELECT NONE
[2020.01.25-18.20.30:604][  0]LogEditorViewport: Clicking on Actor (LMB): StaticMeshActor (SM_Lilypad)
[2020.01.25-18.20.34:989][465]Cmd: SELECT NONE
[2020.01.25-18.20.35:432][518]LogEditorViewport: Clicking on Actor (LMB): StaticMeshActor (SM_Lilypad)
[2020.01.25-18.20.36:914][686]Cmd: SELECT NONE
[2020.01.25-18.20.37:464][752]LogEditorViewport: Clicking on Actor (LMB): StaticMeshActor (SM_Lilypad11)
[2020.01.25-18.20.38:410][860]LogEditorViewport: Clicking on Actor (LMB): StaticMeshActor (SM_Lilypad6)
[2020.01.25-18.20.48:510][ 12]Cmd: SELECT NONE
[2020.01.25-18.20.51:866][406]LogEditorViewport: Clicking on Actor (LMB): StaticMeshActor (SM_Lilypad42)
[2020.01.25-18.20.53:258][550]Cmd: SELECT NONE
[2020.01.25-18.20.58:199][132]LogEditorViewport: Clicking on Actor (LMB): StaticMeshActor (SM_Lilypad17)
[2020.01.25-18.21.00:408][368]LogSlate: FSceneViewport::OnFocusLost() reason 0
[2020.01.25-18.21.11:384][469]LogEditorViewport: Clicking on Actor (LMB): StaticMeshActor (SM_Lilypad47)
[2020.01.25-18.21.12:725][597]Cmd: DELETE
[2020.01.25-18.21.12:725][597]Cmd: ACTOR DELETE
[2020.01.25-18.21.12:730][597]LogEditorActor: Deleted Actor: StaticMeshActor
[2020.01.25-18.21.12:767][597]LogUObjectHash: Compacting FUObjectHashTables data took   1.86ms
[2020.01.25-18.21.12:768][597]LogEditorActor: Deleted 1 Actors (0.043 secs)
[2020.01.25-18.21.15:829][950]LogEditorViewport: Clicking on Actor (LMB): StaticMeshActor (SM_Lilypad51)
[2020.01.25-18.21.18:212][213]LogSlate: FSceneViewport::OnFocusLost() reason 0
[2020.01.25-18.21.32:188][699]Cmd: SELECT NONE
[2020.01.25-18.21.34:948][ 15]LogEditorViewport: Clicking on Actor (LMB): StaticMeshActor (SM_Lilypad50)
[2020.01.25-18.21.39:523][504]LogEditorViewport: Clicking on Actor (LMB): StaticMeshActor (SM_River)
[2020.01.25-18.21.40:500][597]LogEditorViewport: Clicking on Actor (LMB): StaticMeshActor (SM_Lilypad15)
[2020.01.25-18.21.49:821][552]LogEditorViewport: Clicking on Actor (LMB): StaticMeshActor (SM_Lilypad8)
[2020.01.25-18.21.55:696][178]Cmd: SELECT NONE
[2020.01.25-18.22.01:844][905]LogEditorViewport: Clicking on Actor (LMB): StaticMeshActor (SM_Lilypad17)
[2020.01.25-18.22.02:863][  0]Cmd: SELECT NONE
[2020.01.25-18.22.06:623][437]LogEditorViewport: Clicking on Actor (LMB): StaticMeshActor (SM_Lilypad53)
[2020.01.25-18.22.10:586][877]LogEditorViewport: Clicking on Actor (LMB): StaticMeshActor (SM_Lilypad45)
[2020.01.25-18.22.15:068][380]LogEditorViewport: Clicking on Actor (LMB): StaticMeshActor (SM_Lilypad49)
[2020.01.25-18.22.37:821][850]Cmd: SELECT NONE
[2020.01.25-18.22.43:823][551]LogEditorViewport: Clicking on Actor (LMB): StaticMeshActor (SM_Lilypad34)
[2020.01.25-18.22.46:722][830]LogEditorViewport: Clicking on Actor (LMB): StaticMeshActor (SM_Lilypad18)
[2020.01.25-18.22.58:085][ 65]Cmd: SELECT NONE
[2020.01.25-18.22.59:110][183]LogEditorViewport: Clicking on Actor (LMB): StaticMeshActor (SM_Lilypad63)
[2020.01.25-18.23.02:341][528]Cmd: SELECT NONE
[2020.01.25-18.23.05:771][927]LogEditorViewport: Clicking on Actor (LMB): StaticMeshActor (SM_Lilypad)
[2020.01.25-18.23.08:029][163]LogEditorViewport: Clicking on Actor (LMB): StaticMeshActor (SM_Lilypad4)
[2020.01.25-18.23.09:132][288]LogEditorViewport: Clicking on Actor (LMB): StaticMeshActor (SM_Lilypad8)
[2020.01.25-18.23.11:555][559]Cmd: SELECT NONE
[2020.01.25-18.23.11:951][606]LogEditorViewport: Clicking on Actor (LMB): StaticMeshActor (SM_Lilypad42)
[2020.01.25-18.23.16:730][139]LogEditorViewport: Clicking on Actor (LMB): StaticMeshActor (SM_Lilypad30)
[2020.01.25-18.23.22:544][798]LogEditorViewport: Clicking on Actor (LMB): StaticMeshActor (SM_Lilypad33)
[2020.01.25-18.23.24:449][982]LogEditorViewport: Clicking on Actor (LMB): StaticMeshActor (SM_Lilypad13)
[2020.01.25-18.23.26:438][202]LogEditorViewport: Clicking on Actor (LMB): StaticMeshActor (SM_Lilypad)
[2020.01.25-18.23.29:200][488]LogEditorViewport: Clicking on Actor (LMB): StaticMeshActor (SM_Lilypad6)
[2020.01.25-18.23.32:936][904]LogEditorViewport: Clicking on Actor (LMB): StaticMeshActor (SM_Lilypad29)
[2020.01.25-18.23.35:921][246]LogEditorViewport: Clicking on Actor (LMB): StaticMeshActor (SM_River)
[2020.01.25-18.23.36:527][314]LogEditorViewport: Clicking on Actor (LMB): StaticMeshActor (SM_Lilypad5)
[2020.01.25-18.23.39:459][649]LogEditorViewport: Clicking on Actor (LMB): StaticMeshActor (SM_Lilypad8)
[2020.01.25-18.23.42:093][952]LogEditorViewport: Clicking on Actor (LMB): StaticMeshActor (SM_Lilypad10)
[2020.01.25-18.23.44:198][163]LogEditorViewport: Clicking on Actor (LMB): StaticMeshActor (SM_Lilypad40)
[2020.01.25-18.23.44:684][206]LogEditorViewport: Clicking on Actor (LMB): StaticMeshActor (SM_Lilypad30)
[2020.01.25-18.23.45:535][303]LogEditorViewport: Clicking on Actor (LMB): StaticMeshActor (SM_Lilypad43)
[2020.01.25-18.23.50:143][830]LogEditorViewport: Clicking on Actor (LMB): StaticMeshActor (SM_Lilypad18)
[2020.01.25-18.23.54:276][303]LogEditorViewport: Clicking on Actor (LMB): StaticMeshActor (SM_River)
[2020.01.25-18.23.54:881][371]Cmd: SELECT NONE
[2020.01.25-18.23.55:005][386]Cmd: SELECT NONE
[2020.01.25-18.23.57:750][705]LogEditorViewport: Clicking on Actor (LMB): StaticMeshActor (SM_Lilypad25)
[2020.01.25-18.24.02:077][198]LogEditorViewport: Clicking on Actor (LMB): StaticMeshActor (SM_Lilypad24)
[2020.01.25-18.24.05:651][604]LogEditorViewport: Clicking on Actor (LMB): StaticMeshActor (SM_Lilypad15)
[2020.01.25-18.24.07:952][861]LogEditorViewport: Clicking on Actor (LMB): StaticMeshActor (SM_Lilypad23)
[2020.01.25-18.24.15:935][693]Cmd: SELECT NONE
[2020.01.25-18.24.23:205][514]LogEditorViewport: Clicking on Actor (LMB): StaticMeshActor (SM_Lilypad57)
[2020.01.25-18.24.36:023][805]Cmd: TRANSACTION UNDO
[2020.01.25-18.24.36:024][805]LogEditorTransaction: Undo Rotate Actors
[2020.01.25-18.24.43:808][611]Cmd: SELECT NONE
[2020.01.25-18.24.49:119][234]LogEditorViewport: Clicking on Actor (LMB): StaticMeshActor (SM_Lilypad62)
[2020.01.25-18.24.49:419][255]Cmd: DELETE
[2020.01.25-18.24.49:420][255]Cmd: ACTOR DELETE
[2020.01.25-18.24.49:425][255]LogEditorActor: Deleted Actor: StaticMeshActor
[2020.01.25-18.24.49:462][255]LogUObjectHash: Compacting FUObjectHashTables data took   1.50ms
[2020.01.25-18.24.49:462][255]LogEditorActor: Deleted 1 Actors (0.042 secs)
[2020.01.25-18.24.56:022][ 29]LogEditorViewport: Clicking on Actor (LMB): StaticMeshActor (SM_Lilypad32)
[2020.01.25-18.24.58:583][288]Cmd: SELECT NONE
[2020.01.25-18.27.46:746][918]LogSlate: FSceneViewport::OnFocusLost() reason 0
[2020.01.25-18.27.48:082][ 76]LogEditorFactories: Performing atomic reimport of [D:/Art/Park_SFAS/Models/bush_low.OBJ]
[2020.01.25-18.27.48:104][ 76]LogFbx: Loading FBX Scene from D:/Art/Park_SFAS/Models/bush_low.OBJ
[2020.01.25-18.27.48:231][ 76]LogFbx: FBX Scene Loaded Succesfully
[2020.01.25-18.27.48:284][ 76]LogFbx: Display: Triangulating static mesh polySurface124
[2020.01.25-18.27.48:328][ 76]LogStaticMesh: Building static mesh SM_bush_low...
[2020.01.25-18.27.48:401][ 76]LogStaticMesh: Built static mesh [0.07s] /Game/Meshes/SM_bush_low.SM_bush_low
[2020.01.25-18.27.49:782][ 76]LogSlate: Window 'Reimport Material Conflicts Resolution' being destroyed
[2020.01.25-18.27.49:790][ 76]LogEditorFactories: -- imported successfully
[2020.01.25-18.27.49:795][ 76]FBXImport: Warning: No smoothing group information was found in this FBX scene.  Please make sure to enable the 'Export Smoothing Groups' option in the FBX Exporter plug-in before exporting the file.  Even for tools that don't support smoothing groups, the FBX Exporter will generate appropriate smoothing data at export-time so that correct vertex normals can be inferred while importing. 
[2020.01.25-18.27.50:706][171]LogAssetEditorManager: Opening Asset editor for StaticMesh /Game/Meshes/SM_bush_low.SM_bush_low
[2020.01.25-18.27.54:245][524]Cmd: OBJ SAVEPACKAGE PACKAGE="/Game/Meshes/SM_bush_low" FILE="../../../../Art/Park_SFAS/Park/Content/Meshes/SM_bush_low.uasset" SILENT=true
[2020.01.25-18.27.54:278][524]LogSavePackage: Moving '../../../../Art/Park_SFAS/Park/Saved/SM_bush_lowE913276849235485FFDB95B4F7C9EF25.tmp' to '../../../../Art/Park_SFAS/Park/Content/Meshes/SM_bush_low.uasset'
[2020.01.25-18.27.56:464][773]Cmd: OBJ SAVEPACKAGE PACKAGE="/Game/Meshes/SM_bush_low" FILE="../../../../Art/Park_SFAS/Park/Content/Meshes/SM_bush_low.uasset" SILENT=true
[2020.01.25-18.27.56:483][773]LogSavePackage: Moving '../../../../Art/Park_SFAS/Park/Saved/SM_bush_low2E5211F541B5D103C3D58BA26E247BDA.tmp' to '../../../../Art/Park_SFAS/Park/Content/Meshes/SM_bush_low.uasset'
[2020.01.25-18.27.59:628][137]LogSlate: Window 'SM_bush_low' being destroyed
[2020.01.25-18.27.59:632][137]LogSlate: Window 'SM_bush_low' being destroyed
[2020.01.25-18.27.59:644][137]LogWorld: UWorld::CleanupWorld for World_6, bSessionEnded=true, bCleanupResources=true
[2020.01.25-18.28.01:632][338]LogSlate: FSceneViewport::OnFocusLost() reason 0
[2020.01.25-18.28.02:551][430]Cmd: SELECT NONE
[2020.01.25-18.28.06:980][949]LogEditorViewport: Clicking on Actor (LMB): StaticMeshActor (bush_low3)
[2020.01.25-18.28.07:586][  6]Cmd: CAMERA ALIGN ACTIVEVIEWPORTONLY
[2020.01.25-18.28.17:576][ 65]Cmd: SELECT NONE
[2020.01.25-18.28.19:919][334]LogEditorViewport: Clicking on Actor (LMB): StaticMeshActor (bush_low3)
[2020.01.25-18.28.21:968][549]Cmd: SELECT NONE
[2020.01.25-18.28.26:023][ 28]LogEditorViewport: Clicking on Actor (LMB): StaticMeshActor (bush_low2)
[2020.01.25-18.28.36:896][204]Cmd: SELECT NONE
[2020.01.25-18.28.41:836][785]LogEditorViewport: Clicking on Actor (LMB): StaticMeshActor (bush_low3)
[2020.01.25-18.28.44:641][ 99]Cmd: CAMERA ALIGN ACTIVEVIEWPORTONLY
[2020.01.25-18.28.47:568][386]Cmd: SELECT NONE
[2020.01.25-18.28.49:992][668]LogEditorViewport: Clicking on Actor (LMB): StaticMeshActor (bush_low3)
[2020.01.25-18.28.51:293][790]Cmd: SELECT NONE
[2020.01.25-18.28.52:639][944]LogEditorViewport: Clicking on Actor (LMB): StaticMeshActor (bush_low3)
[2020.01.25-18.28.59:071][625]Cmd: SELECT NONE
[2020.01.25-18.29.01:675][930]LogEditorViewport: Clicking on Actor (LMB): StaticMeshActor (SM_level_top)
[2020.01.25-18.29.02:147][970]LogEditorViewport: Clicking on Actor (LMB): StaticMeshActor (SM_level_top)
[2020.01.25-18.29.02:571][ 16]LogEditorViewport: Clicking on Actor (LMB): StaticMeshActor (bush_low3)
[2020.01.25-18.29.04:742][263]Cmd: SELECT NONE
[2020.01.25-18.29.07:140][536]LogEditorViewport: Clicking on Actor (LMB): StaticMeshActor (bush_low3)
[2020.01.25-18.29.08:917][709]Cmd: SELECT NONE
[2020.01.25-18.29.09:419][769]LogEditorViewport: Clicking on Actor (LMB): StaticMeshActor (bush_low3)
[2020.01.25-18.29.09:524][777]Cmd: CAMERA ALIGN ACTIVEVIEWPORTONLY
[2020.01.25-18.29.14:309][268]Cmd: SELECT NONE
[2020.01.25-18.29.19:409][862]LogEditorViewport: Clicking on Actor (LMB): StaticMeshActor (bush_low3)
[2020.01.25-18.29.20:860][ 31]Cmd: CAMERA ALIGN ACTIVEVIEWPORTONLY
[2020.01.25-18.29.26:482][585]Cmd: SELECT NONE
[2020.01.25-18.29.30:413][ 50]LogEditorViewport: Clicking on Actor (LMB): StaticMeshActor (bush_low)
[2020.01.25-18.29.32:219][249]Cmd: SELECT NONE
[2020.01.25-18.29.33:310][379]LogEditorViewport: Clicking on Actor (LMB): StaticMeshActor (bush_low)
[2020.01.25-18.29.34:960][568]Cmd: SELECT NONE
[2020.01.25-18.29.38:280][960]LogEditorViewport: Clicking on Actor (LMB): StaticMeshActor (bush_low)
[2020.01.25-18.29.39:874][142]Cmd: SELECT NONE
[2020.01.25-18.29.40:767][249]LogEditorViewport: Clicking on Actor (LMB): StaticMeshActor (bush_low3)
[2020.01.25-18.29.42:611][462]Cmd: SELECT NONE
[2020.01.25-18.29.44:448][676]LogEditorViewport: Clicking on Actor (LMB): StaticMeshActor (SM_Wall_joining5)
[2020.01.25-18.29.45:389][769]LogEditorViewport: Clicking on Actor (LMB): StaticMeshActor (bush_low3)
[2020.01.25-18.29.45:985][836]Cmd: SELECT NONE
[2020.01.25-18.29.47:965][ 61]LogEditorViewport: Clicking on Actor (LMB): StaticMeshActor (bush_low3)
[2020.01.25-18.29.51:662][482]Cmd: CAMERA ALIGN ACTIVEVIEWPORTONLY
[2020.01.25-18.30.02:952][679]Cmd: SELECT NONE
[2020.01.25-18.30.06:804][128]LogEditorViewport: Clicking on Actor (LMB): StaticMeshActor (bush_low3)
[2020.01.25-18.30.07:896][239]Cmd: CAMERA ALIGN ACTIVEVIEWPORTONLY
[2020.01.25-18.30.09:122][355]Cmd: SELECT NONE
[2020.01.25-18.30.39:227][951]LogEditorViewport: Clicking on Actor (LMB): BP_Sky_Sphere_C (BP_Sky_Sphere)
[2020.01.25-18.30.39:800][ 14]LogEditorViewport: Clicking on Actor (LMB): BP_Sky_Sphere_C (BP_Sky_Sphere)
[2020.01.25-18.30.40:313][ 73]LogEditorViewport: Clicking on Actor (LMB): StaticMeshActor (bush_low)
[2020.01.25-18.30.42:585][323]LogSlate: FSceneViewport::OnFocusLost() reason 5
[2020.01.25-18.30.42:632][323]LogUObjectHash: Compacting FUObjectHashTables data took   1.30ms
[2020.01.25-18.30.42:633][323]Cmd: OBJ SAVEPACKAGE PACKAGE="/Game/Diorama" FILE="../../../../Art/Park_SFAS/Park/Saved/Autosaves/Game/Diorama_Auto5.umap" SILENT=true AUTOSAVING=true KEEPDIRTY=false
[2020.01.25-18.30.42:859][323]LogSavePackage: Moving '../../../../Art/Park_SFAS/Park/Saved/Diorama_Auto53BF3A0DC463012C6B0E2D29914761AD6.tmp' to '../../../../Art/Park_SFAS/Park/Saved/Autosaves/Game/Diorama_Auto5.umap'
[2020.01.25-18.30.42:874][323]LogFileHelpers: Editor autosave (incl. sublevels) for '/Game/Diorama' took 0.278
[2020.01.25-18.30.42:874][323]LogFileHelpers: Editor autosave (incl. sublevels) for all levels took 0.278
[2020.01.25-18.30.46:169][671]Cmd: SELECT NONE
[2020.01.25-18.30.48:707][975]LogEditorViewport: Clicking on Actor (LMB): BP_Sky_Sphere_C (BP_Sky_Sphere)
[2020.01.25-18.30.48:867][991]Cmd: CAMERA ALIGN ACTIVEVIEWPORTONLY
[2020.01.25-18.30.50:281][149]LogSlate: FSceneViewport::OnFocusLost() reason 0
[2020.01.25-18.30.50:475][169]Cmd: CAMERA ALIGN ACTIVEVIEWPORTONLY
[2020.01.25-18.30.53:191][447]LogEditorViewport: Clicking on Actor (LMB): StaticMeshActor (bush_low)
[2020.01.25-18.30.57:169][865]Cmd: SELECT NONE
[2020.01.25-18.37.34:626][372]LogEditorViewport: Clicking on Actor (LMB): StaticMeshActor (bush_low)
[2020.01.25-18.37.41:916][171]Cmd: CAMERA ALIGN ACTIVEVIEWPORTONLY
[2020.01.25-18.37.44:653][435]Cmd: SELECT NONE
[2020.01.25-18.37.47:451][766]LogEditorViewport: Clicking on Actor (LMB): StaticMeshActor (SM_Rock5_low3)
[2020.01.25-18.37.48:401][873]LogEditorViewport: Clicking on Actor (LMB): BP_Sky_Sphere_C (BP_Sky_Sphere)
[2020.01.25-18.37.48:938][933]LogEditorViewport: Clicking on Actor (LMB): StaticMeshActor (bush_low)
[2020.01.25-18.37.50:769][134]Cmd: SELECT NONE
[2020.01.25-18.37.52:424][332]LogEditorViewport: Clicking on Actor (LMB): BP_Sky_Sphere_C (BP_Sky_Sphere)
[2020.01.25-18.37.53:041][402]LogEditorViewport: Clicking on Actor (LMB): StaticMeshActor (bush_low)
[2020.01.25-18.37.53:619][466]Cmd: SELECT NONE
[2020.01.25-18.37.59:584][181]LogEditorViewport: Clicking on Actor (LMB): StaticMeshActor (bush_low3)
[2020.01.25-18.38.01:738][421]Cmd: CAMERA ALIGN ACTIVEVIEWPORTONLY
[2020.01.25-18.38.09:750][281]Cmd: SELECT NONE
[2020.01.25-18.38.16:106][ 36]LogEditorViewport: Clicking on Actor (LMB): StaticMeshActor (bush_low3)
[2020.01.25-18.38.16:869][121]Cmd: DELETE
[2020.01.25-18.38.16:869][121]Cmd: ACTOR DELETE
[2020.01.25-18.38.16:876][121]LogEditorActor: Deleted Actor: StaticMeshActor
[2020.01.25-18.38.16:912][121]LogUObjectHash: Compacting FUObjectHashTables data took   1.94ms
[2020.01.25-18.38.16:912][121]LogEditorActor: Deleted 1 Actors (0.042 secs)
[2020.01.25-18.38.19:196][389]Cmd: TRANSACTION UNDO
[2020.01.25-18.38.19:196][389]LogEditorTransaction: Undo Delete Actors
[2020.01.25-18.38.19:440][408]Cmd: TRANSACTION UNDO
[2020.01.25-18.38.19:440][408]LogEditorTransaction: Undo Clicking on Actors
[2020.01.25-18.38.22:755][797]LogEditorViewport: Clicking on Actor (LMB): StaticMeshActor (bush_low3)
[2020.01.25-18.38.24:037][937]Cmd: CAMERA ALIGN ACTIVEVIEWPORTONLY
[2020.01.25-18.38.27:213][262]Cmd: SELECT NONE
[2020.01.25-18.40.05:406][  9]LogEditorViewport: Clicking on Actor (LMB): StaticMeshActor (bush_low2)
[2020.01.25-18.40.08:737][391]Cmd: SELECT NONE
[2020.01.25-18.40.09:615][496]LogEditorViewport: Clicking on Actor (LMB): StaticMeshActor (bush_low2)
[2020.01.25-18.40.09:883][523]Cmd: CAMERA ALIGN ACTIVEVIEWPORTONLY
[2020.01.25-18.40.11:552][682]LogEditorViewport: Clicking on Actor (LMB): StaticMeshActor (SM_soil2)
[2020.01.25-18.40.12:584][774]LogEditorViewport: Clicking on Actor (LMB): StaticMeshActor (bush_low2)
[2020.01.25-18.40.14:359][948]Cmd: SELECT NONE
[2020.01.25-18.40.17:060][261]LogEditorViewport: Clicking on Actor (LMB): StaticMeshActor (SM_soil2)
[2020.01.25-18.40.22:502][868]Cmd: CAMERA ALIGN ACTIVEVIEWPORTONLY
[2020.01.25-18.40.28:962][528]LogEditorViewport: Clicking on Actor (LMB): StaticMeshActor (bush_low2)
[2020.01.25-18.40.40:698][851]Cmd: SELECT NONE
[2020.01.25-18.40.41:794][982]LogEditorViewport: Clicking on Actor (LMB): StaticMeshActor (bush_low2)
[2020.01.25-18.40.42:136][ 19]Cmd: CAMERA ALIGN ACTIVEVIEWPORTONLY
[2020.01.25-18.40.48:602][705]Cmd: SELECT NONE
[2020.01.25-18.40.50:365][912]LogEditorViewport: Clicking on Actor (LMB): StaticMeshActor (bush_low2)
[2020.01.25-18.40.54:453][363]Cmd: SELECT NONE
[2020.01.25-18.40.55:512][490]LogEditorViewport: Clicking on Actor (LMB): StaticMeshActor (bush_low2)
[2020.01.25-18.40.58:029][768]Cmd: CAMERA ALIGN ACTIVEVIEWPORTONLY
[2020.01.25-18.40.59:396][912]Cmd: SELECT NONE
[2020.01.25-18.40.59:942][975]LogEditorViewport: Clicking on Actor (LMB): StaticMeshActor (bush_low2)
[2020.01.25-18.41.03:121][310]Cmd: SELECT NONE
[2020.01.25-18.41.06:503][715]LogEditorViewport: Clicking on Actor (LMB): BP_Sky_Sphere_C (BP_Sky_Sphere)
[2020.01.25-18.41.07:076][778]LogEditorViewport: Clicking on Actor (LMB): StaticMeshActor (bush_low2)
[2020.01.25-18.41.08:325][920]Cmd: CAMERA ALIGN ACTIVEVIEWPORTONLY
[2020.01.25-18.41.18:514][ 26]Cmd: SELECT NONE
[2020.01.25-18.41.20:830][303]LogEditorViewport: Clicking on Actor (LMB): StaticMeshActor (bush_low2)
[2020.01.25-18.41.24:748][739]Cmd: SELECT NONE
[2020.01.25-18.41.25:340][810]LogEditorViewport: Clicking on Actor (LMB): StaticMeshActor (bush_low2)
[2020.01.25-18.41.25:759][856]Cmd: CAMERA ALIGN ACTIVEVIEWPORTONLY
[2020.01.25-18.41.33:519][650]Cmd: SELECT NONE
[2020.01.25-18.41.38:573][249]LogEditorViewport: Clicking on Actor (LMB): StaticMeshActor (bush_low2)
[2020.01.25-18.41.40:138][422]Cmd: SELECT NONE
[2020.01.25-18.42.21:774][598]LogUObjectHash: Compacting FUObjectHashTables data took   1.46ms
[2020.01.25-18.42.21:987][598]Cmd: OBJ SAVEPACKAGE PACKAGE="/Game/Diorama" FILE="../../../../Art/Park_SFAS/Park/Saved/Autosaves/Game/Diorama_Auto6.umap" SILENT=true AUTOSAVING=true KEEPDIRTY=false
[2020.01.25-18.42.22:231][598]LogSavePackage: Moving '../../../../Art/Park_SFAS/Park/Saved/Diorama_Auto602DEA8704C0B867A5542DF830D8C7AC7.tmp' to '../../../../Art/Park_SFAS/Park/Saved/Autosaves/Game/Diorama_Auto6.umap'
[2020.01.25-18.42.22:233][598]LogFileHelpers: Editor autosave (incl. sublevels) for '/Game/Diorama' took 0.496
[2020.01.25-18.42.22:233][598]LogFileHelpers: Editor autosave (incl. sublevels) for all levels took 0.496
[2020.01.25-20.27.52:375][749]LogSlate: FSceneViewport::OnFocusLost() reason 0
[2020.01.25-20.28.02:675][916]LogFactory: FactoryCreateFile: Texture with ReimportTextureFactory (0 0 ../../../../Art/Park_SFAS/Textures/Foliage/Leaves/Repeating Tex/New_Graph_basecolor.tga)
[2020.01.25-20.28.02:725][916]LogTexture: Display: Building textures: New_Graph_basecolor (AutoDXT, 2048X2048)
[2020.01.25-20.28.02:977][916]LogFactory: FactoryCreateFile: Texture with ReimportTextureFactory (0 0 ../../../../Art/Park_SFAS/Textures/Foliage/Leaves/Repeating Tex/New_Graph_metallic.tga)
[2020.01.25-20.28.03:023][916]LogTexture: Display: Building textures: New_Graph_metallic (AutoDXT, 2048X2048)
[2020.01.25-20.28.03:640][916]LogFactory: FactoryCreateFile: Texture with ReimportTextureFactory (0 0 ../../../../Art/Park_SFAS/Textures/Foliage/Leaves/Repeating Tex/New_Graph_normal.tga)
[2020.01.25-20.28.03:687][916]LogTexture: Display: Building textures: New_Graph_normal (BC5, 2048X2048)
[2020.01.25-20.28.06:865][268]LogSlate: Warning: Ignoring SetUserFocus because it's not an active modal Window (user 0 not set to SAssetTileView [SAssetView.cpp(1749)].
[2020.01.25-20.28.06:916][268]LogUObjectHash: Compacting FUObjectHashTables data took   2.02ms
[2020.01.25-20.28.06:917][268]LogFileHelpers: Editor autosave (incl. sublevels) for '/Game/Diorama' took 0.038
[2020.01.25-20.28.06:918][268]OBJ SavePackage: Generating thumbnails for [1] asset(s) in package [/Game/Textures/New_Graph_basecolor] ([1] browsable assets)...
[2020.01.25-20.28.06:923][268]OBJ SavePackage:     Rendered thumbnail for [Texture2D /Game/Textures/New_Graph_basecolor.New_Graph_basecolor]
[2020.01.25-20.28.06:923][268]OBJ SavePackage: Finished generating thumbnails for package [/Game/Textures/New_Graph_basecolor]
[2020.01.25-20.28.06:923][268]Cmd: OBJ SAVEPACKAGE PACKAGE="/Game/Textures/New_Graph_basecolor" FILE="../../../../Art/Park_SFAS/Park/Saved/Autosaves/Game/Textures/New_Graph_basecolor_Auto7.uasset" SILENT=false AUTOSAVING=true
[2020.01.25-20.28.06:944][268]LogSavePackage: Moving '../../../../Art/Park_SFAS/Park/Saved/New_Graph_basecolor_Auto7B05E723C4A6AB0E60EC603A372A5B858.tmp' to '../../../../Art/Park_SFAS/Park/Saved/Autosaves/Game/Textures/New_Graph_basecolor_Auto7.uasset'
[2020.01.25-20.28.06:944][268]OBJ SavePackage: Generating thumbnails for [1] asset(s) in package [/Game/Textures/New_Graph_metallic] ([1] browsable assets)...
[2020.01.25-20.28.06:948][268]OBJ SavePackage:     Rendered thumbnail for [Texture2D /Game/Textures/New_Graph_metallic.New_Graph_metallic]
[2020.01.25-20.28.06:948][268]OBJ SavePackage: Finished generating thumbnails for package [/Game/Textures/New_Graph_metallic]
[2020.01.25-20.28.06:948][268]Cmd: OBJ SAVEPACKAGE PACKAGE="/Game/Textures/New_Graph_metallic" FILE="../../../../Art/Park_SFAS/Park/Saved/Autosaves/Game/Textures/New_Graph_metallic_Auto7.uasset" SILENT=false AUTOSAVING=true
[2020.01.25-20.28.06:968][268]LogSavePackage: Moving '../../../../Art/Park_SFAS/Park/Saved/New_Graph_metallic_Auto7DFD1996642028935F25415AF2513C940.tmp' to '../../../../Art/Park_SFAS/Park/Saved/Autosaves/Game/Textures/New_Graph_metallic_Auto7.uasset'
[2020.01.25-20.28.06:969][268]OBJ SavePackage: Generating thumbnails for [1] asset(s) in package [/Game/Textures/New_Graph_normal] ([1] browsable assets)...
[2020.01.25-20.28.06:974][268]OBJ SavePackage:     Rendered thumbnail for [Texture2D /Game/Textures/New_Graph_normal.New_Graph_normal]
[2020.01.25-20.28.06:974][268]OBJ SavePackage: Finished generating thumbnails for package [/Game/Textures/New_Graph_normal]
[2020.01.25-20.28.06:974][268]Cmd: OBJ SAVEPACKAGE PACKAGE="/Game/Textures/New_Graph_normal" FILE="../../../../Art/Park_SFAS/Park/Saved/Autosaves/Game/Textures/New_Graph_normal_Auto7.uasset" SILENT=false AUTOSAVING=true
[2020.01.25-20.28.07:004][268]LogSavePackage: Moving '../../../../Art/Park_SFAS/Park/Saved/New_Graph_normal_Auto7AE2A2CF9403DF5C9C967068094652E22.tmp' to '../../../../Art/Park_SFAS/Park/Saved/Autosaves/Game/Textures/New_Graph_normal_Auto7.uasset'
[2020.01.25-20.28.07:004][268]LogFileHelpers: Auto-saving content packages took 0.086
[2020.01.25-20.28.17:234][480]Cmd: OBJ SAVEPACKAGE PACKAGE="/Game/Textures/T_RepeatedLeaf_basecolor" FILE="../../../../Art/Park_SFAS/Park/Content/Textures/T_RepeatedLeaf_basecolor.uasset" SILENT=true
[2020.01.25-20.28.17:685][480]LogSavePackage: Moving '../../../../Art/Park_SFAS/Park/Saved/T_RepeatedLeaf_basecolor54491EE44AA66E69185506B7A01F0F7D.tmp' to '../../../../Art/Park_SFAS/Park/Content/Textures/T_RepeatedLeaf_basecolor.uasset'
[2020.01.25-20.28.17:819][480]LogUObjectHash: Compacting FUObjectHashTables data took   1.36ms
[2020.01.25-20.28.17:860][480]LogUObjectHash: Compacting FUObjectHashTables data took   2.26ms
[2020.01.25-20.28.17:896][480]LogUObjectHash: Compacting FUObjectHashTables data took   0.73ms
[2020.01.25-20.28.27:724][630]Cmd: OBJ SAVEPACKAGE PACKAGE="/Game/Textures/T_RepeatedLeaf_metallic" FILE="../../../../Art/Park_SFAS/Park/Content/Textures/T_RepeatedLeaf_metallic.uasset" SILENT=true
[2020.01.25-20.28.28:116][630]LogSavePackage: Moving '../../../../Art/Park_SFAS/Park/Saved/T_RepeatedLeaf_metallicF24B1E4B4E320E365718B4879A869E12.tmp' to '../../../../Art/Park_SFAS/Park/Content/Textures/T_RepeatedLeaf_metallic.uasset'
[2020.01.25-20.28.28:241][630]LogUObjectHash: Compacting FUObjectHashTables data took   0.74ms
[2020.01.25-20.28.28:280][630]LogUObjectHash: Compacting FUObjectHashTables data took   1.56ms
[2020.01.25-20.28.28:315][630]LogUObjectHash: Compacting FUObjectHashTables data took   0.75ms
[2020.01.25-20.28.38:104][780]Cmd: OBJ SAVEPACKAGE PACKAGE="/Game/Textures/T_Repeatedleaf_normal" FILE="../../../../Art/Park_SFAS/Park/Content/Textures/T_Repeatedleaf_normal.uasset" SILENT=true
[2020.01.25-20.28.38:697][780]LogSavePackage: Moving '../../../../Art/Park_SFAS/Park/Saved/T_Repeatedleaf_normalD9949A2F467F08C153B476B9C653D704.tmp' to '../../../../Art/Park_SFAS/Park/Content/Textures/T_Repeatedleaf_normal.uasset'
[2020.01.25-20.28.38:824][780]LogUObjectHash: Compacting FUObjectHashTables data took   0.75ms
[2020.01.25-20.28.38:863][780]LogUObjectHash: Compacting FUObjectHashTables data took   1.60ms
[2020.01.25-20.28.38:899][780]LogUObjectHash: Compacting FUObjectHashTables data took   0.76ms
[2020.01.25-20.29.08:185][249]LogAssetEditorManager: Opening Asset editor for Material /Game/Materials/M_Leafrepeating.M_Leafrepeating
[2020.01.25-20.29.08:188][249]LogMaterial: Display: Missing cached shader map for material M_Leafrepeating, compiling. 
[2020.01.25-20.29.08:239][249]LogMaterial: Display: Missing cached shader map for material M_Leafrepeating, compiling. 
[2020.01.25-20.29.08:253][249]LogMaterial: Display: Missing cached shader map for material M_Leafrepeating, compiling. 
[2020.01.25-20.29.08:304][249]LogShaderCompilers: Display: Worker (1/13): shaders left to compile 21
[2020.01.25-20.29.08:304][249]LogShaderCompilers: Display: Worker (2/13): shaders left to compile 20
[2020.01.25-20.29.08:304][249]LogShaderCompilers: Display: Worker (3/13): shaders left to compile 19
[2020.01.25-20.29.08:304][249]LogShaderCompilers: Display: Worker (4/13): shaders left to compile 18
[2020.01.25-20.29.08:304][249]LogShaderCompilers: Display: Worker (5/13): shaders left to compile 17
[2020.01.25-20.29.08:304][249]LogShaderCompilers: Display: Worker (6/13): shaders left to compile 16
[2020.01.25-20.29.08:304][249]LogShaderCompilers: Display: Worker (7/13): shaders left to compile 15
[2020.01.25-20.29.08:305][249]LogShaderCompilers: Display: Worker (8/13): shaders left to compile 14
[2020.01.25-20.29.08:305][249]LogShaderCompilers: Display: Worker (9/13): shaders left to compile 13
[2020.01.25-20.29.08:305][249]LogShaderCompilers: Display: Worker (10/13): shaders left to compile 12
[2020.01.25-20.29.08:305][249]LogShaderCompilers: Display: Worker (11/13): shaders left to compile 11
[2020.01.25-20.29.08:305][249]LogShaderCompilers: Display: Worker (12/13): shaders left to compile 10
[2020.01.25-20.29.09:191][318]LogShaderCompilers: Display: Worker (8/13): shaders left to compile 9
[2020.01.25-20.29.09:364][328]LogShaderCompilers: Display: Worker (9/13): shaders left to compile 8
[2020.01.25-20.29.09:377][329]LogShaderCompilers: Display: Worker (1/13): shaders left to compile 7
[2020.01.25-20.29.09:390][330]LogShaderCompilers: Display: Worker (3/13): shaders left to compile 6
[2020.01.25-20.29.09:405][331]LogShaderCompilers: Display: Worker (2/13): shaders left to compile 5
[2020.01.25-20.29.09:405][331]LogShaderCompilers: Display: Worker (6/13): shaders left to compile 4
[2020.01.25-20.29.09:438][333]LogShaderCompilers: Display: Worker (5/13): shaders left to compile 3
[2020.01.25-20.29.09:438][333]LogShaderCompilers: Display: Worker (7/13): shaders left to compile 2
[2020.01.25-20.29.09:455][334]LogShaderCompilers: Display: Worker (4/13): shaders left to compile 1
[2020.01.25-20.29.09:952][362]MaterialEditorStats: Base pass shader: 117 instructions
[2020.01.25-20.29.09:952][362]MaterialEditorStats: Base pass shader with Volumetric Lightmap: 191 instructions
[2020.01.25-20.29.09:952][362]MaterialEditorStats: Base pass vertex shader: 40 instructions
[2020.01.25-20.29.09:952][362]MaterialEditorStats: Texture samplers: 3/16
[2020.01.25-20.29.14:339][764]LogMaterial: Display: Missing cached shader map for material M_Leafrepeating, compiling. 
[2020.01.25-20.29.14:353][764]LogShaderCompilers: Display: Worker (1/13): shaders left to compile 21
[2020.01.25-20.29.14:353][764]LogShaderCompilers: Display: Worker (2/13): shaders left to compile 20
[2020.01.25-20.29.14:353][764]LogShaderCompilers: Display: Worker (3/13): shaders left to compile 19
[2020.01.25-20.29.14:353][764]LogShaderCompilers: Display: Worker (4/13): shaders left to compile 18
[2020.01.25-20.29.14:353][764]LogShaderCompilers: Display: Worker (5/13): shaders left to compile 17
[2020.01.25-20.29.14:353][764]LogShaderCompilers: Display: Worker (6/13): shaders left to compile 16
[2020.01.25-20.29.14:353][764]LogShaderCompilers: Display: Worker (7/13): shaders left to compile 15
[2020.01.25-20.29.14:353][764]LogShaderCompilers: Display: Worker (8/13): shaders left to compile 14
[2020.01.25-20.29.14:353][764]LogShaderCompilers: Display: Worker (9/13): shaders left to compile 13
[2020.01.25-20.29.14:353][764]LogShaderCompilers: Display: Worker (10/13): shaders left to compile 12
[2020.01.25-20.29.14:353][764]LogShaderCompilers: Display: Worker (11/13): shaders left to compile 11
[2020.01.25-20.29.14:353][764]LogShaderCompilers: Display: Worker (12/13): shaders left to compile 10
[2020.01.25-20.29.14:353][764]LogMaterial: Display: Missing cached shader map for material FMatExpressionPreview MaterialExpressionTextureSample_0, compiling. 
[2020.01.25-20.29.14:368][764]LogMaterial: Display: Missing cached shader map for material FMatExpressionPreview MaterialExpressionTextureSample_0, compiling. 
[2020.01.25-20.29.14:383][764]LogMaterial: Display: Missing cached shader map for material M_Leafrepeating, compiling. 
[2020.01.25-20.29.14:399][764]LogMaterial: Display: Missing cached shader map for material FMatExpressionPreview MaterialExpressionTextureSample_1, compiling. 
[2020.01.25-20.29.14:419][764]LogMaterial: Display: Missing cached shader map for material FMatExpressionPreview MaterialExpressionTextureSample_0, compiling. 
[2020.01.25-20.29.14:429][764]LogMaterial: Display: Missing cached shader map for material FMatExpressionPreview MaterialExpressionTextureSample_1, compiling. 
[2020.01.25-20.29.14:452][764]LogMaterial: Display: Missing cached shader map for material M_Leafrepeating, compiling. 
[2020.01.25-20.29.14:478][764]LogMaterial: Display: Missing cached shader map for material FMatExpressionPreview MaterialExpressionTextureSample_2, compiling. 
[2020.01.25-20.29.14:501][764]LogMaterial: Display: Missing cached shader map for material FMatExpressionPreview MaterialExpressionTextureSample_0, compiling. 
[2020.01.25-20.29.14:512][764]LogMaterial: Display: Missing cached shader map for material FMatExpressionPreview MaterialExpressionTextureSample_1, compiling. 
[2020.01.25-20.29.14:521][764]LogMaterial: Display: Missing cached shader map for material FMatExpressionPreview MaterialExpressionTextureSample_2, compiling. 
[2020.01.25-20.29.14:587][765]LogShaderCompilers: Display: Worker (8/13): shaders left to compile 33
[2020.01.25-20.29.14:619][766]LogShaderCompilers: Display: Worker (3/13): shaders left to compile 32
[2020.01.25-20.29.14:619][766]LogShaderCompilers: Display: Worker (1/13): shaders left to compile 31
[2020.01.25-20.29.14:645][766]LogShaderCompilers: Display: Worker (2/13): shaders left to compile 30
[2020.01.25-20.29.14:646][766]LogShaderCompilers: Display: Worker (4/13): shaders left to compile 29
[2020.01.25-20.29.14:669][768]LogShaderCompilers: Display: Worker (6/13): shaders left to compile 28
[2020.01.25-20.29.14:670][768]LogShaderCompilers: Display: Worker (9/13): shaders left to compile 27
[2020.01.25-20.29.14:686][769]LogShaderCompilers: Display: Worker (5/13): shaders left to compile 26
[2020.01.25-20.29.14:709][770]LogShaderCompilers: Display: Worker (7/13): shaders left to compile 25
[2020.01.25-20.29.14:801][774]LogShaderCompilers: Display: Worker (12/13): shaders left to compile 24
[2020.01.25-20.29.14:832][775]LogShaderCompilers: Display: Worker (5/13): shaders left to compile 23
[2020.01.25-20.29.14:858][776]LogShaderCompilers: Display: Worker (8/13): shaders left to compile 22
[2020.01.25-20.29.14:939][780]LogShaderCompilers: Display: Worker (1/13): shaders left to compile 21
[2020.01.25-20.29.14:939][780]LogShaderCompilers: Display: Worker (3/13): shaders left to compile 20
[2020.01.25-20.29.14:963][781]LogShaderCompilers: Display: Worker (2/13): shaders left to compile 19
[2020.01.25-20.29.14:982][782]LogShaderCompilers: Display: Worker (4/13): shaders left to compile 18
[2020.01.25-20.29.14:982][782]LogShaderCompilers: Display: Worker (6/13): shaders left to compile 17
[2020.01.25-20.29.14:982][782]LogShaderCompilers: Display: Worker (7/13): shaders left to compile 16
[2020.01.25-20.29.14:982][782]LogShaderCompilers: Display: Worker (9/13): shaders left to compile 15
[2020.01.25-20.29.15:016][784]LogShaderCompilers: Display: Worker (10/13): shaders left to compile 14
[2020.01.25-20.29.15:032][785]LogShaderCompilers: Display: Worker (11/13): shaders left to compile 13
[2020.01.25-20.29.15:222][794]LogShaderCompilers: Display: Worker (8/13): shaders left to compile 12
[2020.01.25-20.29.15:363][801]LogShaderCompilers: Display: Worker (7/13): shaders left to compile 11
[2020.01.25-20.29.15:390][802]LogShaderCompilers: Display: Worker (2/13): shaders left to compile 10
[2020.01.25-20.29.15:408][803]LogShaderCompilers: Display: Worker (12/13): shaders left to compile 9
[2020.01.25-20.29.15:431][804]LogShaderCompilers: Display: Worker (11/13): shaders left to compile 8
[2020.01.25-20.29.15:471][805]LogShaderCompilers: Display: Worker (5/13): shaders left to compile 7
[2020.01.25-20.29.15:563][810]LogShaderCompilers: Display: Worker (9/13): shaders left to compile 6
[2020.01.25-20.29.15:584][811]LogShaderCompilers: Display: Worker (1/13): shaders left to compile 5
[2020.01.25-20.29.15:609][812]LogShaderCompilers: Display: Worker (4/13): shaders left to compile 4
[2020.01.25-20.29.15:630][813]LogShaderCompilers: Display: Worker (10/13): shaders left to compile 3
[2020.01.25-20.29.15:630][813]LogShaderCompilers: Display: Worker (3/13): shaders left to compile 2
[2020.01.25-20.29.15:658][814]LogShaderCompilers: Display: Worker (6/13): shaders left to compile 1
[2020.01.25-20.29.15:726][815]MaterialEditorStats: Base pass shader: 117 instructions
[2020.01.25-20.29.15:726][815]MaterialEditorStats: Base pass shader with Volumetric Lightmap: 191 instructions
[2020.01.25-20.29.15:726][815]MaterialEditorStats: Base pass vertex shader: 40 instructions
[2020.01.25-20.29.15:726][815]MaterialEditorStats: Texture samplers: 3/16
[2020.01.25-20.29.19:288][154]LogMaterial: Display: Missing cached shader map for material M_Leafrepeating, compiling. 
[2020.01.25-20.29.19:310][154]LogShaderCompilers: Display: Worker (1/13): shaders left to compile 21
[2020.01.25-20.29.19:310][154]LogShaderCompilers: Display: Worker (2/13): shaders left to compile 20
[2020.01.25-20.29.19:310][154]LogShaderCompilers: Display: Worker (3/13): shaders left to compile 19
[2020.01.25-20.29.19:311][154]LogShaderCompilers: Display: Worker (4/13): shaders left to compile 18
[2020.01.25-20.29.19:311][154]LogShaderCompilers: Display: Worker (5/13): shaders left to compile 17
[2020.01.25-20.29.19:311][154]LogShaderCompilers: Display: Worker (6/13): shaders left to compile 16
[2020.01.25-20.29.19:311][154]LogShaderCompilers: Display: Worker (7/13): shaders left to compile 15
[2020.01.25-20.29.19:311][154]LogShaderCompilers: Display: Worker (8/13): shaders left to compile 14
[2020.01.25-20.29.19:311][154]LogShaderCompilers: Display: Worker (9/13): shaders left to compile 13
[2020.01.25-20.29.19:311][154]LogShaderCompilers: Display: Worker (10/13): shaders left to compile 12
[2020.01.25-20.29.19:311][154]LogShaderCompilers: Display: Worker (11/13): shaders left to compile 11
[2020.01.25-20.29.19:311][154]LogShaderCompilers: Display: Worker (12/13): shaders left to compile 10
[2020.01.25-20.29.19:311][154]LogMaterial: Display: Missing cached shader map for material FMatExpressionPreview MaterialExpressionTextureSample_2, compiling. 
[2020.01.25-20.29.19:527][167]LogShaderCompilers: Display: Worker (8/13): shaders left to compile 13
[2020.01.25-20.29.19:622][172]LogShaderCompilers: Display: Worker (1/13): shaders left to compile 12
[2020.01.25-20.29.19:622][172]LogShaderCompilers: Display: Worker (2/13): shaders left to compile 11
[2020.01.25-20.29.19:640][173]LogShaderCompilers: Display: Worker (3/13): shaders left to compile 10
[2020.01.25-20.29.19:659][174]LogShaderCompilers: Display: Worker (4/13): shaders left to compile 9
[2020.01.25-20.29.19:660][174]LogShaderCompilers: Display: Worker (9/13): shaders left to compile 8
[2020.01.25-20.29.19:683][175]LogShaderCompilers: Display: Worker (5/13): shaders left to compile 7
[2020.01.25-20.29.19:683][175]LogShaderCompilers: Display: Worker (6/13): shaders left to compile 6
[2020.01.25-20.29.19:683][175]LogShaderCompilers: Display: Worker (7/13): shaders left to compile 5
[2020.01.25-20.29.19:782][180]LogShaderCompilers: Display: Worker (12/13): shaders left to compile 4
[2020.01.25-20.29.20:023][192]LogShaderCompilers: Display: Worker (2/13): shaders left to compile 3
[2020.01.25-20.29.20:041][193]LogShaderCompilers: Display: Worker (10/13): shaders left to compile 2
[2020.01.25-20.29.20:083][195]LogShaderCompilers: Display: Worker (11/13): shaders left to compile 1
[2020.01.25-20.29.20:648][245]LogMaterial: Display: Missing cached shader map for material M_Leafrepeating, compiling. 
[2020.01.25-20.29.20:668][245]LogShaderCompilers: Display: Worker (1/13): shaders left to compile 21
[2020.01.25-20.29.20:668][245]LogShaderCompilers: Display: Worker (2/13): shaders left to compile 20
[2020.01.25-20.29.20:668][245]LogShaderCompilers: Display: Worker (3/13): shaders left to compile 19
[2020.01.25-20.29.20:668][245]LogShaderCompilers: Display: Worker (4/13): shaders left to compile 18
[2020.01.25-20.29.20:668][245]LogShaderCompilers: Display: Worker (5/13): shaders left to compile 17
[2020.01.25-20.29.20:668][245]LogShaderCompilers: Display: Worker (6/13): shaders left to compile 16
[2020.01.25-20.29.20:668][245]LogShaderCompilers: Display: Worker (7/13): shaders left to compile 15
[2020.01.25-20.29.20:668][245]LogShaderCompilers: Display: Worker (8/13): shaders left to compile 14
[2020.01.25-20.29.20:668][245]LogShaderCompilers: Display: Worker (9/13): shaders left to compile 13
[2020.01.25-20.29.20:668][245]LogShaderCompilers: Display: Worker (10/13): shaders left to compile 12
[2020.01.25-20.29.20:668][245]LogShaderCompilers: Display: Worker (11/13): shaders left to compile 11
[2020.01.25-20.29.20:668][245]LogShaderCompilers: Display: Worker (12/13): shaders left to compile 10
[2020.01.25-20.29.20:668][245]LogMaterial: Display: Missing cached shader map for material FMatExpressionPreview MaterialExpressionTextureSample_0, compiling. 
[2020.01.25-20.29.20:894][258]LogShaderCompilers: Display: Worker (8/13): shaders left to compile 13
[2020.01.25-20.29.20:970][262]LogShaderCompilers: Display: Worker (3/13): shaders left to compile 12
[2020.01.25-20.29.20:989][263]LogShaderCompilers: Display: Worker (5/13): shaders left to compile 11
[2020.01.25-20.29.21:005][264]LogShaderCompilers: Display: Worker (2/13): shaders left to compile 10
[2020.01.25-20.29.21:021][265]LogShaderCompilers: Display: Worker (1/13): shaders left to compile 9
[2020.01.25-20.29.21:021][265]LogShaderCompilers: Display: Worker (4/13): shaders left to compile 8
[2020.01.25-20.29.21:021][265]LogShaderCompilers: Display: Worker (9/13): shaders left to compile 7
[2020.01.25-20.29.21:063][267]LogShaderCompilers: Display: Worker (6/13): shaders left to compile 6
[2020.01.25-20.29.21:063][267]LogShaderCompilers: Display: Worker (7/13): shaders left to compile 5
[2020.01.25-20.29.21:149][273]LogShaderCompilers: Display: Worker (12/13): shaders left to compile 4
[2020.01.25-20.29.21:366][284]LogShaderCompilers: Display: Worker (10/13): shaders left to compile 3
[2020.01.25-20.29.21:404][285]LogShaderCompilers: Display: Worker (11/13): shaders left to compile 2
[2020.01.25-20.29.21:404][285]LogShaderCompilers: Display: Worker (5/13): shaders left to compile 1
[2020.01.25-20.29.21:753][304]MaterialEditorStats: Base pass shader: 126 instructions
[2020.01.25-20.29.21:753][304]MaterialEditorStats: Base pass shader with Volumetric Lightmap: 200 instructions
[2020.01.25-20.29.21:753][304]MaterialEditorStats: Base pass vertex shader: 44 instructions
[2020.01.25-20.29.21:753][304]MaterialEditorStats: Texture samplers: 5/16
[2020.01.25-20.29.21:753][304]MaterialEditorStats: Texture Lookups (Est.): VS(0), PS(2)
[2020.01.25-20.29.21:753][304]MaterialEditorStats: User interpolators: 2/4 Scalars (1/4 Vectors) (TexCoords: 2, Custom: 0)
[2020.01.25-20.29.27:569][905]LogMaterial: Display: Missing cached shader map for material M_Leafrepeating, compiling. 
[2020.01.25-20.29.27:585][905]LogShaderCompilers: Display: Worker (1/13): shaders left to compile 21
[2020.01.25-20.29.27:585][905]LogShaderCompilers: Display: Worker (2/13): shaders left to compile 20
[2020.01.25-20.29.27:585][905]LogShaderCompilers: Display: Worker (3/13): shaders left to compile 19
[2020.01.25-20.29.27:586][905]LogShaderCompilers: Display: Worker (4/13): shaders left to compile 18
[2020.01.25-20.29.27:586][905]LogShaderCompilers: Display: Worker (5/13): shaders left to compile 17
[2020.01.25-20.29.27:586][905]LogShaderCompilers: Display: Worker (6/13): shaders left to compile 16
[2020.01.25-20.29.27:586][905]LogShaderCompilers: Display: Worker (7/13): shaders left to compile 15
[2020.01.25-20.29.27:586][905]LogShaderCompilers: Display: Worker (8/13): shaders left to compile 14
[2020.01.25-20.29.27:586][905]LogShaderCompilers: Display: Worker (9/13): shaders left to compile 13
[2020.01.25-20.29.27:586][905]LogShaderCompilers: Display: Worker (10/13): shaders left to compile 12
[2020.01.25-20.29.27:586][905]LogShaderCompilers: Display: Worker (11/13): shaders left to compile 11
[2020.01.25-20.29.27:586][905]LogShaderCompilers: Display: Worker (12/13): shaders left to compile 10
[2020.01.25-20.29.27:590][905]LogMaterial: Display: Missing cached shader map for material FMatExpressionPreview MaterialExpressionTextureSample_1, compiling. 
[2020.01.25-20.29.27:803][916]LogShaderCompilers: Display: Worker (8/13): shaders left to compile 13
[2020.01.25-20.29.27:871][919]LogShaderCompilers: Display: Worker (2/13): shaders left to compile 12
[2020.01.25-20.29.27:907][921]LogShaderCompilers: Display: Worker (1/13): shaders left to compile 11
[2020.01.25-20.29.27:907][921]LogShaderCompilers: Display: Worker (3/13): shaders left to compile 10
[2020.01.25-20.29.27:927][922]LogShaderCompilers: Display: Worker (7/13): shaders left to compile 9
[2020.01.25-20.29.27:944][923]LogShaderCompilers: Display: Worker (4/13): shaders left to compile 8
[2020.01.25-20.29.27:944][923]LogShaderCompilers: Display: Worker (6/13): shaders left to compile 7
[2020.01.25-20.29.27:944][923]LogShaderCompilers: Display: Worker (9/13): shaders left to compile 6
[2020.01.25-20.29.27:966][924]LogShaderCompilers: Display: Worker (5/13): shaders left to compile 5
[2020.01.25-20.29.28:108][931]LogShaderCompilers: Display: Worker (12/13): shaders left to compile 4
[2020.01.25-20.29.28:298][942]LogShaderCompilers: Display: Worker (1/13): shaders left to compile 3
[2020.01.25-20.29.28:316][943]LogShaderCompilers: Display: Worker (10/13): shaders left to compile 2
[2020.01.25-20.29.28:333][944]LogShaderCompilers: Display: Worker (4/13): shaders left to compile 1
[2020.01.25-20.29.29:082][  7]MaterialEditorStats: Base pass shader: 128 instructions
[2020.01.25-20.29.29:082][  7]MaterialEditorStats: Base pass shader with Volumetric Lightmap: 202 instructions
[2020.01.25-20.29.29:082][  7]MaterialEditorStats: Base pass vertex shader: 44 instructions
[2020.01.25-20.29.29:082][  7]MaterialEditorStats: Texture samplers: 6/16
[2020.01.25-20.29.29:082][  7]MaterialEditorStats: Texture Lookups (Est.): VS(0), PS(3)
[2020.01.25-20.29.29:082][  7]MaterialEditorStats: User interpolators: 2/4 Scalars (1/4 Vectors) (TexCoords: 2, Custom: 0)
[2020.01.25-20.29.29:997][104]LogMaterial: Display: Missing cached shader map for material M_Leafrepeating, compiling. 
[2020.01.25-20.29.30:013][104]LogShaderCompilers: Display: Worker (1/13): shaders left to compile 21
[2020.01.25-20.29.30:013][104]LogShaderCompilers: Display: Worker (2/13): shaders left to compile 20
[2020.01.25-20.29.30:013][104]LogShaderCompilers: Display: Worker (3/13): shaders left to compile 19
[2020.01.25-20.29.30:013][104]LogShaderCompilers: Display: Worker (4/13): shaders left to compile 18
[2020.01.25-20.29.30:013][104]LogShaderCompilers: Display: Worker (5/13): shaders left to compile 17
[2020.01.25-20.29.30:013][104]LogShaderCompilers: Display: Worker (6/13): shaders left to compile 16
[2020.01.25-20.29.30:013][104]LogShaderCompilers: Display: Worker (7/13): shaders left to compile 15
[2020.01.25-20.29.30:013][104]LogShaderCompilers: Display: Worker (8/13): shaders left to compile 14
[2020.01.25-20.29.30:013][104]LogShaderCompilers: Display: Worker (9/13): shaders left to compile 13
[2020.01.25-20.29.30:013][104]LogShaderCompilers: Display: Worker (10/13): shaders left to compile 12
[2020.01.25-20.29.30:013][104]LogShaderCompilers: Display: Worker (11/13): shaders left to compile 11
[2020.01.25-20.29.30:013][104]LogShaderCompilers: Display: Worker (12/13): shaders left to compile 10
[2020.01.25-20.29.30:013][104]LogMaterial: Display: Missing cached shader map for material FMatExpressionPreview MaterialExpressionTextureSample_1, compiling. 
[2020.01.25-20.29.30:234][117]LogShaderCompilers: Display: Worker (8/13): shaders left to compile 13
[2020.01.25-20.29.30:299][120]LogShaderCompilers: Display: Worker (1/13): shaders left to compile 12
[2020.01.25-20.29.30:300][120]LogShaderCompilers: Display: Worker (3/13): shaders left to compile 11
[2020.01.25-20.29.30:324][121]LogShaderCompilers: Display: Worker (2/13): shaders left to compile 10
[2020.01.25-20.29.30:349][122]LogShaderCompilers: Display: Worker (4/13): shaders left to compile 9
[2020.01.25-20.29.30:349][122]LogShaderCompilers: Display: Worker (5/13): shaders left to compile 8
[2020.01.25-20.29.30:367][123]LogShaderCompilers: Display: Worker (6/13): shaders left to compile 7
[2020.01.25-20.29.30:367][123]LogShaderCompilers: Display: Worker (9/13): shaders left to compile 6
[2020.01.25-20.29.30:383][124]LogShaderCompilers: Display: Worker (7/13): shaders left to compile 5
[2020.01.25-20.29.30:464][128]LogShaderCompilers: Display: Worker (12/13): shaders left to compile 4
[2020.01.25-20.29.30:659][136]LogShaderCompilers: Display: Worker (10/13): shaders left to compile 3
[2020.01.25-20.29.30:703][138]LogShaderCompilers: Display: Worker (3/13): shaders left to compile 2
[2020.01.25-20.29.30:722][139]LogShaderCompilers: Display: Worker (11/13): shaders left to compile 1
[2020.01.25-20.29.31:199][174]LogMaterial: Display: Missing cached shader map for material M_Leafrepeating, compiling. 
[2020.01.25-20.29.31:217][174]LogShaderCompilers: Display: Worker (1/13): shaders left to compile 21
[2020.01.25-20.29.31:217][174]LogShaderCompilers: Display: Worker (2/13): shaders left to compile 20
[2020.01.25-20.29.31:217][174]LogShaderCompilers: Display: Worker (3/13): shaders left to compile 19
[2020.01.25-20.29.31:217][174]LogShaderCompilers: Display: Worker (4/13): shaders left to compile 18
[2020.01.25-20.29.31:217][174]LogShaderCompilers: Display: Worker (5/13): shaders left to compile 17
[2020.01.25-20.29.31:218][174]LogShaderCompilers: Display: Worker (6/13): shaders left to compile 16
[2020.01.25-20.29.31:218][174]LogShaderCompilers: Display: Worker (7/13): shaders left to compile 15
[2020.01.25-20.29.31:218][174]LogShaderCompilers: Display: Worker (8/13): shaders left to compile 14
[2020.01.25-20.29.31:218][174]LogShaderCompilers: Display: Worker (9/13): shaders left to compile 13
[2020.01.25-20.29.31:218][174]LogShaderCompilers: Display: Worker (10/13): shaders left to compile 12
[2020.01.25-20.29.31:218][174]LogShaderCompilers: Display: Worker (11/13): shaders left to compile 11
[2020.01.25-20.29.31:218][174]LogShaderCompilers: Display: Worker (12/13): shaders left to compile 10
[2020.01.25-20.29.31:221][174]LogMaterial: Display: Missing cached shader map for material FMatExpressionPreview MaterialExpressionTextureSample_1, compiling. 
[2020.01.25-20.29.31:436][186]LogShaderCompilers: Display: Worker (8/13): shaders left to compile 13
[2020.01.25-20.29.31:506][189]LogShaderCompilers: Display: Worker (1/13): shaders left to compile 12
[2020.01.25-20.29.31:506][189]LogShaderCompilers: Display: Worker (2/13): shaders left to compile 11
[2020.01.25-20.29.31:524][190]LogShaderCompilers: Display: Worker (3/13): shaders left to compile 10
[2020.01.25-20.29.31:546][191]LogShaderCompilers: Display: Worker (4/13): shaders left to compile 9
[2020.01.25-20.29.31:546][191]LogShaderCompilers: Display: Worker (5/13): shaders left to compile 8
[2020.01.25-20.29.31:546][191]LogShaderCompilers: Display: Worker (6/13): shaders left to compile 7
[2020.01.25-20.29.31:582][193]LogShaderCompilers: Display: Worker (7/13): shaders left to compile 6
[2020.01.25-20.29.31:582][193]LogShaderCompilers: Display: Worker (9/13): shaders left to compile 5
[2020.01.25-20.29.31:680][198]LogShaderCompilers: Display: Worker (12/13): shaders left to compile 4
[2020.01.25-20.29.31:863][207]LogShaderCompilers: Display: Worker (10/13): shaders left to compile 3
[2020.01.25-20.29.31:908][209]LogShaderCompilers: Display: Worker (2/13): shaders left to compile 2
[2020.01.25-20.29.31:926][210]LogShaderCompilers: Display: Worker (11/13): shaders left to compile 1
[2020.01.25-20.29.32:184][226]MaterialEditorStats: Base pass shader: 128 instructions
[2020.01.25-20.29.32:184][226]MaterialEditorStats: Base pass shader with Volumetric Lightmap: 206 instructions
[2020.01.25-20.29.32:184][226]MaterialEditorStats: Base pass vertex shader: 44 instructions
[2020.01.25-20.29.32:184][226]MaterialEditorStats: Texture samplers: 6/16
[2020.01.25-20.29.32:184][226]MaterialEditorStats: Texture Lookups (Est.): VS(0), PS(3)
[2020.01.25-20.29.32:184][226]MaterialEditorStats: User interpolators: 2/4 Scalars (1/4 Vectors) (TexCoords: 2, Custom: 0)
[2020.01.25-20.29.33:655][375]LogMaterialEditor: Saving and Compiling material M_Leafrepeating
[2020.01.25-20.29.35:348][375]LogMaterial: Display: Missing cached shader map for material M_Leafrepeating, compiling. 
[2020.01.25-20.29.35:400][375]LogShaderCompilers: Display: Worker (1/13): shaders left to compile 21
[2020.01.25-20.29.35:400][375]LogShaderCompilers: Display: Worker (2/13): shaders left to compile 20
[2020.01.25-20.29.35:400][375]LogShaderCompilers: Display: Worker (3/13): shaders left to compile 19
[2020.01.25-20.29.35:400][375]LogShaderCompilers: Display: Worker (4/13): shaders left to compile 18
[2020.01.25-20.29.35:400][375]LogShaderCompilers: Display: Worker (5/13): shaders left to compile 17
[2020.01.25-20.29.35:400][375]LogShaderCompilers: Display: Worker (6/13): shaders left to compile 16
[2020.01.25-20.29.35:400][375]LogShaderCompilers: Display: Worker (7/13): shaders left to compile 15
[2020.01.25-20.29.35:400][375]LogShaderCompilers: Display: Worker (8/13): shaders left to compile 14
[2020.01.25-20.29.35:400][375]LogShaderCompilers: Display: Worker (9/13): shaders left to compile 13
[2020.01.25-20.29.35:400][375]LogShaderCompilers: Display: Worker (10/13): shaders left to compile 12
[2020.01.25-20.29.35:400][375]LogShaderCompilers: Display: Worker (11/13): shaders left to compile 11
[2020.01.25-20.29.35:400][375]LogShaderCompilers: Display: Worker (12/13): shaders left to compile 10
[2020.01.25-20.29.35:406][375]LogMaterial: Display: Missing cached shader map for material M_Leafrepeating, compiling. 
[2020.01.25-20.29.35:424][375]LogMaterial: Display: Missing cached shader map for material M_Leafrepeating, compiling. 
[2020.01.25-20.29.35:477][375]LogUObjectHash: Compacting FUObjectHashTables data took   2.01ms
[2020.01.25-20.29.35:488][375]LogMaterial: Display: Missing cached shader map for material DebugViewMode MaterialTexCoordScale, compiling. 
[2020.01.25-20.29.36:246][375]LogShaderCompilers: Display: Worker (8/13): shaders left to compile 33
[2020.01.25-20.29.36:246][375]LogShaderCompilers: Display: Worker (1/13): shaders left to compile 32
[2020.01.25-20.29.36:246][375]LogShaderCompilers: Display: Worker (2/13): shaders left to compile 31
[2020.01.25-20.29.36:246][375]LogShaderCompilers: Display: Worker (3/13): shaders left to compile 30
[2020.01.25-20.29.36:246][375]LogShaderCompilers: Display: Worker (4/13): shaders left to compile 29
[2020.01.25-20.29.36:246][375]LogShaderCompilers: Display: Worker (9/13): shaders left to compile 28
[2020.01.25-20.29.36:246][375]LogShaderCompilers: Display: Worker (5/13): shaders left to compile 27
[2020.01.25-20.29.36:247][375]LogShaderCompilers: Display: Worker (6/13): shaders left to compile 26
[2020.01.25-20.29.36:247][375]LogShaderCompilers: Display: Worker (7/13): shaders left to compile 25
[2020.01.25-20.29.36:247][375]LogShaderCompilers: Display: Worker (12/13): shaders left to compile 24
[2020.01.25-20.29.36:247][375]LogShaderCompilers: Display: Worker (10/13): shaders left to compile 23
[2020.01.25-20.29.36:247][375]LogShaderCompilers: Display: Worker (11/13): shaders left to compile 22
[2020.01.25-20.29.36:247][375]LogShaderCompilers: Display: Worker (2/13): shaders left to compile 20
[2020.01.25-20.29.36:247][375]LogShaderCompilers: Display: Worker (9/13): shaders left to compile 18
[2020.01.25-20.29.36:247][375]LogShaderCompilers: Display: Worker (12/13): shaders left to compile 16
[2020.01.25-20.29.36:247][375]LogShaderCompilers: Display: Worker (7/13): shaders left to compile 14
[2020.01.25-20.29.36:247][375]LogShaderCompilers: Display: Worker (8/13): shaders left to compile 12
[2020.01.25-20.29.36:247][375]LogShaderCompilers: Display: Worker (5/13): shaders left to compile 10
[2020.01.25-20.29.36:247][375]LogShaderCompilers: Display: Worker (10/13): shaders left to compile 9
[2020.01.25-20.29.36:248][375]TextureStreamingBuild: Display: Compiling optional shaders took 0.771 seconds.
[2020.01.25-20.29.36:249][375]LogShaderCompilers: Display: Worker (1/13): shaders left to compile 8
[2020.01.25-20.29.36:249][375]LogShaderCompilers: Display: Worker (3/13): shaders left to compile 7
[2020.01.25-20.29.36:290][375]LogShaderCompilers: Display: Worker (6/13): shaders left to compile 6
[2020.01.25-20.29.36:290][375]LogUObjectHash: Compacting FUObjectHashTables data took   1.10ms
[2020.01.25-20.29.36:988][375]LogShaderCompilers: Display: Worker (4/13): shaders left to compile 5
[2020.01.25-20.29.36:989][375]LogShaderCompilers: Display: Worker (12/13): shaders left to compile 4
[2020.01.25-20.29.36:989][375]LogShaderCompilers: Display: Worker (11/13): shaders left to compile 3
[2020.01.25-20.29.36:989][375]LogShaderCompilers: Display: Worker (2/13): shaders left to compile 2
[2020.01.25-20.29.36:989][375]LogShaderCompilers: Display: Worker (1/13): shaders left to compile 1
[2020.01.25-20.29.37:012][375]Cmd: OBJ SAVEPACKAGE PACKAGE="/Game/Materials/M_Leafrepeating" FILE="../../../../Art/Park_SFAS/Park/Content/Materials/M_Leafrepeating.uasset" SILENT=true
[2020.01.25-20.29.37:029][375]LogSavePackage: Moving '../../../../Art/Park_SFAS/Park/Saved/M_Leafrepeating9D0F55FB420A6F1BE9B551A4D0F0D163.tmp' to '../../../../Art/Park_SFAS/Park/Content/Materials/M_Leafrepeating.uasset'
[2020.01.25-20.29.52:432][339]LogMaterial: Display: Missing cached shader map for material M_Leafrepeating, compiling. 
[2020.01.25-20.29.52:453][340]LogShaderCompilers: Display: Worker (1/13): shaders left to compile 21
[2020.01.25-20.29.52:453][340]LogShaderCompilers: Display: Worker (2/13): shaders left to compile 20
[2020.01.25-20.29.52:453][340]LogShaderCompilers: Display: Worker (3/13): shaders left to compile 19
[2020.01.25-20.29.52:453][340]LogShaderCompilers: Display: Worker (4/13): shaders left to compile 18
[2020.01.25-20.29.52:453][340]LogShaderCompilers: Display: Worker (5/13): shaders left to compile 17
[2020.01.25-20.29.52:453][340]LogShaderCompilers: Display: Worker (6/13): shaders left to compile 16
[2020.01.25-20.29.52:453][340]LogShaderCompilers: Display: Worker (7/13): shaders left to compile 15
[2020.01.25-20.29.52:453][340]LogShaderCompilers: Display: Worker (8/13): shaders left to compile 14
[2020.01.25-20.29.52:453][340]LogShaderCompilers: Display: Worker (9/13): shaders left to compile 13
[2020.01.25-20.29.52:453][340]LogShaderCompilers: Display: Worker (10/13): shaders left to compile 12
[2020.01.25-20.29.52:453][340]LogShaderCompilers: Display: Worker (11/13): shaders left to compile 11
[2020.01.25-20.29.52:453][340]LogShaderCompilers: Display: Worker (12/13): shaders left to compile 10
[2020.01.25-20.29.52:652][353]LogShaderCompilers: Display: Worker (8/13): shaders left to compile 9
[2020.01.25-20.29.52:721][356]LogShaderCompilers: Display: Worker (1/13): shaders left to compile 8
[2020.01.25-20.29.52:739][357]LogShaderCompilers: Display: Worker (2/13): shaders left to compile 7
[2020.01.25-20.29.52:739][357]LogShaderCompilers: Display: Worker (3/13): shaders left to compile 6
[2020.01.25-20.29.52:757][358]LogShaderCompilers: Display: Worker (4/13): shaders left to compile 5
[2020.01.25-20.29.52:774][359]LogShaderCompilers: Display: Worker (5/13): shaders left to compile 4
[2020.01.25-20.29.52:775][359]LogShaderCompilers: Display: Worker (6/13): shaders left to compile 3
[2020.01.25-20.29.52:793][360]LogShaderCompilers: Display: Worker (7/13): shaders left to compile 2
[2020.01.25-20.29.52:809][361]LogShaderCompilers: Display: Worker (9/13): shaders left to compile 1
[2020.01.25-20.29.55:827][675]LogSlate: FSceneViewport::OnFocusLost() reason 0
[2020.01.25-20.29.55:923][686]LogMaterial: Display: Missing cached shader map for material M_Leafrepeating, compiling. 
[2020.01.25-20.29.55:943][687]LogShaderCompilers: Display: Worker (1/13): shaders left to compile 21
[2020.01.25-20.29.55:943][687]LogShaderCompilers: Display: Worker (2/13): shaders left to compile 20
[2020.01.25-20.29.55:943][687]LogShaderCompilers: Display: Worker (3/13): shaders left to compile 19
[2020.01.25-20.29.55:943][687]LogShaderCompilers: Display: Worker (4/13): shaders left to compile 18
[2020.01.25-20.29.55:943][687]LogShaderCompilers: Display: Worker (5/13): shaders left to compile 17
[2020.01.25-20.29.55:943][687]LogShaderCompilers: Display: Worker (6/13): shaders left to compile 16
[2020.01.25-20.29.55:943][687]LogShaderCompilers: Display: Worker (7/13): shaders left to compile 15
[2020.01.25-20.29.55:943][687]LogShaderCompilers: Display: Worker (8/13): shaders left to compile 14
[2020.01.25-20.29.55:943][687]LogShaderCompilers: Display: Worker (9/13): shaders left to compile 13
[2020.01.25-20.29.55:943][687]LogShaderCompilers: Display: Worker (10/13): shaders left to compile 12
[2020.01.25-20.29.55:943][687]LogShaderCompilers: Display: Worker (11/13): shaders left to compile 11
[2020.01.25-20.29.55:943][687]LogShaderCompilers: Display: Worker (12/13): shaders left to compile 10
[2020.01.25-20.29.56:136][700]LogShaderCompilers: Display: Worker (8/13): shaders left to compile 9
[2020.01.25-20.29.56:210][704]LogShaderCompilers: Display: Worker (1/13): shaders left to compile 8
[2020.01.25-20.29.56:210][704]LogShaderCompilers: Display: Worker (2/13): shaders left to compile 7
[2020.01.25-20.29.56:210][704]LogShaderCompilers: Display: Worker (3/13): shaders left to compile 6
[2020.01.25-20.29.56:242][706]LogShaderCompilers: Display: Worker (4/13): shaders left to compile 5
[2020.01.25-20.29.56:256][707]LogShaderCompilers: Display: Worker (5/13): shaders left to compile 4
[2020.01.25-20.29.56:273][708]LogShaderCompilers: Display: Worker (9/13): shaders left to compile 3
[2020.01.25-20.29.56:273][708]LogShaderCompilers: Display: Worker (6/13): shaders left to compile 2
[2020.01.25-20.29.56:287][709]LogShaderCompilers: Display: Worker (7/13): shaders left to compile 1
[2020.01.25-20.30.09:085][119]LogSlate: FSceneViewport::OnFocusLost() reason 0
[2020.01.25-20.30.10:891][133]LogSlate: Window 'Warning: No Preview Mesh Found' being destroyed
[2020.01.25-20.30.11:977][240]LogMaterial: Display: Missing cached shader map for material M_Leafrepeating, compiling. 
[2020.01.25-20.30.11:996][241]LogShaderCompilers: Display: Worker (1/13): shaders left to compile 21
[2020.01.25-20.30.11:997][241]LogShaderCompilers: Display: Worker (2/13): shaders left to compile 20
[2020.01.25-20.30.11:997][241]LogShaderCompilers: Display: Worker (3/13): shaders left to compile 19
[2020.01.25-20.30.11:997][241]LogShaderCompilers: Display: Worker (4/13): shaders left to compile 18
[2020.01.25-20.30.11:997][241]LogShaderCompilers: Display: Worker (5/13): shaders left to compile 17
[2020.01.25-20.30.11:997][241]LogShaderCompilers: Display: Worker (6/13): shaders left to compile 16
[2020.01.25-20.30.11:997][241]LogShaderCompilers: Display: Worker (7/13): shaders left to compile 15
[2020.01.25-20.30.11:997][241]LogShaderCompilers: Display: Worker (8/13): shaders left to compile 14
[2020.01.25-20.30.11:997][241]LogShaderCompilers: Display: Worker (9/13): shaders left to compile 13
[2020.01.25-20.30.11:997][241]LogShaderCompilers: Display: Worker (10/13): shaders left to compile 12
[2020.01.25-20.30.11:997][241]LogShaderCompilers: Display: Worker (11/13): shaders left to compile 11
[2020.01.25-20.30.11:997][241]LogShaderCompilers: Display: Worker (12/13): shaders left to compile 10
[2020.01.25-20.30.12:196][254]LogShaderCompilers: Display: Worker (8/13): shaders left to compile 9
[2020.01.25-20.30.12:284][259]LogShaderCompilers: Display: Worker (1/13): shaders left to compile 8
[2020.01.25-20.30.12:300][260]LogShaderCompilers: Display: Worker (2/13): shaders left to compile 7
[2020.01.25-20.30.12:331][262]LogShaderCompilers: Display: Worker (3/13): shaders left to compile 6
[2020.01.25-20.30.12:331][262]LogShaderCompilers: Display: Worker (5/13): shaders left to compile 5
[2020.01.25-20.30.12:359][264]LogShaderCompilers: Display: Worker (6/13): shaders left to compile 4
[2020.01.25-20.30.12:359][264]LogShaderCompilers: Display: Worker (9/13): shaders left to compile 3
[2020.01.25-20.30.12:374][265]LogShaderCompilers: Display: Worker (4/13): shaders left to compile 2
[2020.01.25-20.30.12:374][265]LogShaderCompilers: Display: Worker (7/13): shaders left to compile 1
[2020.01.25-20.30.15:429][571]LogSlate: FSceneViewport::OnFocusLost() reason 0
[2020.01.25-20.30.16:523][585]LogSlate: Window 'Message' being destroyed
[2020.01.25-20.30.16:911][585]LogMaterial: Display: Missing cached shader map for material M_Leafrepeating, compiling. 
[2020.01.25-20.30.16:957][585]LogShaderCompilers: Display: Worker (1/13): shaders left to compile 21
[2020.01.25-20.30.16:957][585]LogShaderCompilers: Display: Worker (2/13): shaders left to compile 20
[2020.01.25-20.30.16:957][585]LogShaderCompilers: Display: Worker (3/13): shaders left to compile 19
[2020.01.25-20.30.16:957][585]LogShaderCompilers: Display: Worker (4/13): shaders left to compile 18
[2020.01.25-20.30.16:957][585]LogShaderCompilers: Display: Worker (5/13): shaders left to compile 17
[2020.01.25-20.30.16:957][585]LogShaderCompilers: Display: Worker (6/13): shaders left to compile 16
[2020.01.25-20.30.16:957][585]LogShaderCompilers: Display: Worker (7/13): shaders left to compile 15
[2020.01.25-20.30.16:957][585]LogShaderCompilers: Display: Worker (8/13): shaders left to compile 14
[2020.01.25-20.30.16:957][585]LogShaderCompilers: Display: Worker (9/13): shaders left to compile 13
[2020.01.25-20.30.16:957][585]LogShaderCompilers: Display: Worker (10/13): shaders left to compile 12
[2020.01.25-20.30.16:957][585]LogShaderCompilers: Display: Worker (11/13): shaders left to compile 11
[2020.01.25-20.30.16:957][585]LogShaderCompilers: Display: Worker (12/13): shaders left to compile 10
[2020.01.25-20.30.16:967][585]LogMaterial: Display: Missing cached shader map for material M_Leafrepeating, compiling. 
[2020.01.25-20.30.16:983][585]LogMaterial: Display: Missing cached shader map for material M_Leafrepeating, compiling. 
[2020.01.25-20.30.17:035][585]LogUObjectHash: Compacting FUObjectHashTables data took   2.15ms
[2020.01.25-20.30.17:047][585]LogMaterial: Display: Missing cached shader map for material DebugViewMode MaterialTexCoordScale, compiling. 
[2020.01.25-20.30.17:839][585]LogShaderCompilers: Display: Worker (8/13): shaders left to compile 33
[2020.01.25-20.30.17:839][585]LogShaderCompilers: Display: Worker (2/13): shaders left to compile 32
[2020.01.25-20.30.17:839][585]LogShaderCompilers: Display: Worker (1/13): shaders left to compile 31
[2020.01.25-20.30.17:839][585]LogShaderCompilers: Display: Worker (3/13): shaders left to compile 30
[2020.01.25-20.30.17:839][585]LogShaderCompilers: Display: Worker (4/13): shaders left to compile 29
[2020.01.25-20.30.17:839][585]LogShaderCompilers: Display: Worker (5/13): shaders left to compile 28
[2020.01.25-20.30.17:839][585]LogShaderCompilers: Display: Worker (7/13): shaders left to compile 27
[2020.01.25-20.30.17:839][585]LogShaderCompilers: Display: Worker (9/13): shaders left to compile 26
[2020.01.25-20.30.17:839][585]LogShaderCompilers: Display: Worker (6/13): shaders left to compile 25
[2020.01.25-20.30.17:839][585]LogShaderCompilers: Display: Worker (12/13): shaders left to compile 24
[2020.01.25-20.30.17:839][585]LogShaderCompilers: Display: Worker (10/13): shaders left to compile 23
[2020.01.25-20.30.17:839][585]LogShaderCompilers: Display: Worker (11/13): shaders left to compile 22
[2020.01.25-20.30.17:839][585]LogShaderCompilers: Display: Worker (1/13): shaders left to compile 20
[2020.01.25-20.30.17:839][585]LogShaderCompilers: Display: Worker (5/13): shaders left to compile 18
[2020.01.25-20.30.17:839][585]LogShaderCompilers: Display: Worker (12/13): shaders left to compile 16
[2020.01.25-20.30.17:839][585]LogShaderCompilers: Display: Worker (8/13): shaders left to compile 14
[2020.01.25-20.30.17:839][585]LogShaderCompilers: Display: Worker (6/13): shaders left to compile 12
[2020.01.25-20.30.17:839][585]LogShaderCompilers: Display: Worker (7/13): shaders left to compile 10
[2020.01.25-20.30.17:839][585]LogShaderCompilers: Display: Worker (10/13): shaders left to compile 9
[2020.01.25-20.30.17:841][585]TextureStreamingBuild: Display: Compiling optional shaders took 0.805 seconds.
[2020.01.25-20.30.17:842][585]LogShaderCompilers: Display: Worker (2/13): shaders left to compile 8
[2020.01.25-20.30.17:884][585]LogShaderCompilers: Display: Worker (9/13): shaders left to compile 7
[2020.01.25-20.30.17:884][585]LogUObjectHash: Compacting FUObjectHashTables data took   1.20ms
[2020.01.25-20.30.17:894][585]LogSlate: Window 'M_Leafrepeating' being destroyed
[2020.01.25-20.30.17:896][585]LogSlate: Window 'M_Leafrepeating' being destroyed
[2020.01.25-20.30.17:918][585]LogShaderCompilers: Display: Worker (3/13): shaders left to compile 6
[2020.01.25-20.30.17:918][585]LogShaderCompilers: Display: Worker (4/13): shaders left to compile 5
[2020.01.25-20.30.17:925][585]LogWorld: UWorld::CleanupWorld for World_7, bSessionEnded=true, bCleanupResources=true
[2020.01.25-20.30.18:118][601]LogShaderCompilers: Display: Worker (12/13): shaders left to compile 4
[2020.01.25-20.30.18:197][609]LogShaderCompilers: Display: Worker (11/13): shaders left to compile 3
[2020.01.25-20.30.18:252][615]LogShaderCompilers: Display: Worker (1/13): shaders left to compile 2
[2020.01.25-20.30.18:261][616]LogShaderCompilers: Display: Worker (2/13): shaders left to compile 1
[2020.01.25-20.34.29:703][822]LogAssetEditorManager: Opening Asset editor for Texture2D /Game/Textures/T_Plane_low_Plane_low_defaultMat_BaseColor.T_Plane_low_Plane_low_defaultMat_BaseColor
[2020.01.25-20.34.29:734][822]LogContentBrowser: Native class hierarchy updated for 'TextureEditor' in 0.0003 seconds. Added 1 classes and 2 folders.
[2020.01.25-20.34.34:786][406]LogSlate: FSceneViewport::OnFocusLost() reason 0
[2020.01.25-20.38.07:346][ 82]LogUObjectHash: Compacting FUObjectHashTables data took   1.77ms
[2020.01.25-20.38.07:346][ 82]Cmd: OBJ SAVEPACKAGE PACKAGE="/Game/Diorama" FILE="../../../../Art/Park_SFAS/Park/Saved/Autosaves/Game/Diorama_Auto8.umap" SILENT=true AUTOSAVING=true KEEPDIRTY=false
[2020.01.25-20.38.07:634][ 82]LogSavePackage: Moving '../../../../Art/Park_SFAS/Park/Saved/Diorama_Auto843C169784E2E6A4A3A775A9A6E1172EB.tmp' to '../../../../Art/Park_SFAS/Park/Saved/Autosaves/Game/Diorama_Auto8.umap'
[2020.01.25-20.38.07:640][ 82]LogFileHelpers: Editor autosave (incl. sublevels) for '/Game/Diorama' took 0.333
[2020.01.25-20.38.07:641][ 82]LogFileHelpers: Editor autosave (incl. sublevels) for all levels took 0.333
[2020.01.25-20.38.07:642][ 82]OBJ SavePackage: Generating thumbnails for [1] asset(s) in package [/Game/Materials/M_Leafrepeating] ([1] browsable assets)...
[2020.01.25-20.38.07:655][ 82]OBJ SavePackage:     Rendered thumbnail for [Material /Game/Materials/M_Leafrepeating.M_Leafrepeating]
[2020.01.25-20.38.07:655][ 82]OBJ SavePackage: Finished generating thumbnails for package [/Game/Materials/M_Leafrepeating]
[2020.01.25-20.38.07:655][ 82]Cmd: OBJ SAVEPACKAGE PACKAGE="/Game/Materials/M_Leafrepeating" FILE="../../../../Art/Park_SFAS/Park/Saved/Autosaves/Game/Materials/M_Leafrepeating_Auto8.uasset" SILENT=false AUTOSAVING=true
[2020.01.25-20.38.07:678][ 82]LogSavePackage: Moving '../../../../Art/Park_SFAS/Park/Saved/M_Leafrepeating_Auto8D656F61B4251DF59C6E7E5A59BD76449.tmp' to '../../../../Art/Park_SFAS/Park/Saved/Autosaves/Game/Materials/M_Leafrepeating_Auto8.uasset'
[2020.01.25-20.38.07:679][ 82]LogFileHelpers: Auto-saving content packages took 0.037
[2020.01.25-20.42.10:792][878]LogEditorFactories: Performing atomic reimport of [D:/Art/Park_SFAS/Models/SM_Wall_joining.fbx]
[2020.01.25-20.42.10:823][878]LogFbx: Loading FBX Scene from D:/Art/Park_SFAS/Models/SM_Wall_joining.fbx
[2020.01.25-20.42.10:835][878]LogFbx: FBX Scene Loaded Succesfully
[2020.01.25-20.42.11:060][878]LogFbx: Display: Triangulating static mesh polySurface157
[2020.01.25-20.42.11:210][878]LogStaticMesh: Building static mesh SM_Wall_joining...
[2020.01.25-20.42.11:251][878]LogStaticMesh: Built static mesh [0.04s] /Game/Meshes/SM_Wall_joining.SM_Wall_joining
[2020.01.25-20.42.12:432][878]LogSlate: Window 'Reimport Material Conflicts Resolution' being destroyed
[2020.01.25-20.42.12:437][878]LogEditorFactories: -- imported successfully
[2020.01.25-20.42.21:899][907]LogEditorViewport: Clicking on Actor (LMB): StaticMeshActor (SM_Wall_joining5)
[2020.01.25-20.42.24:159][128]LogSlate: FSceneViewport::OnFocusLost() reason 2
[2020.01.25-20.42.26:930][413]LogSlate: FSceneViewport::OnFocusLost() reason 2
[2020.01.25-20.42.28:666][586]LogSlate: FSceneViewport::OnFocusLost() reason 0
[2020.01.25-20.42.31:858][920]LogSlate: FSceneViewport::OnFocusLost() reason 2
[2020.01.25-20.42.44:051][ 77]Cmd: SELECT NONE
[2020.01.25-20.42.45:841][272]LogEditorViewport: Clicking on Actor (LMB): StaticMeshActor (SM_Wall_joining5)
[2020.01.25-20.42.46:414][310]LogSlate: FSceneViewport::OnFocusLost() reason 0
[2020.01.25-20.42.46:580][327]LogAssetEditorManager: Opening Asset editor for StaticMesh /Game/Meshes/SM_Wall_joining.SM_Wall_joining
[2020.01.25-20.42.57:878][329]Cmd: OBJ SAVEPACKAGE PACKAGE="/Game/Meshes/SM_Wall_joining" FILE="../../../../Art/Park_SFAS/Park/Content/Meshes/SM_Wall_joining.uasset" SILENT=true
[2020.01.25-20.42.57:910][329]LogSavePackage: Moving '../../../../Art/Park_SFAS/Park/Saved/SM_Wall_joining2C61804C48947FF39F13698ED8E80A87.tmp' to '../../../../Art/Park_SFAS/Park/Content/Meshes/SM_Wall_joining.uasset'
[2020.01.25-20.43.02:559][754]LogEditorViewport: Clicking on Actor (LMB): BP_Sky_Sphere_C (BP_Sky_Sphere)
[2020.01.25-20.43.15:737][800]Cmd: SELECT NONE
[2020.01.25-20.48.07:911][843]LogUObjectHash: Compacting FUObjectHashTables data took   2.06ms
[2020.01.25-20.48.07:911][843]Cmd: OBJ SAVEPACKAGE PACKAGE="/Game/Diorama" FILE="../../../../Art/Park_SFAS/Park/Saved/Autosaves/Game/Diorama_Auto9.umap" SILENT=true AUTOSAVING=true KEEPDIRTY=false
[2020.01.25-20.48.08:184][843]LogSavePackage: Moving '../../../../Art/Park_SFAS/Park/Saved/Diorama_Auto9AE1E10E044B33C7AD2650D866233D5CE.tmp' to '../../../../Art/Park_SFAS/Park/Saved/Autosaves/Game/Diorama_Auto9.umap'
[2020.01.25-20.48.08:187][843]LogFileHelpers: Editor autosave (incl. sublevels) for '/Game/Diorama' took 0.315
[2020.01.25-20.48.08:187][843]LogFileHelpers: Editor autosave (incl. sublevels) for all levels took 0.315
[2020.01.25-20.54.54:779][122]LogSlate: FSceneViewport::OnFocusLost() reason 0
[2020.01.25-20.54.56:437][290]LogEditorFactories: Performing atomic reimport of [D:/Art/Park_SFAS/Models/SM_Wall_end.fbx]
[2020.01.25-20.54.56:459][290]LogFbx: Loading FBX Scene from D:/Art/Park_SFAS/Models/SM_Wall_end.fbx
[2020.01.25-20.54.56:466][290]LogFbx: FBX Scene Loaded Succesfully
[2020.01.25-20.54.56:481][290]LogFbx: Display: Triangulating static mesh SM_Fence_end:pCube43
[2020.01.25-20.54.56:593][290]LogStaticMesh: Building static mesh SM_Wall_end...
[2020.01.25-20.54.56:637][290]LogStaticMesh: Built static mesh [0.04s] /Game/Meshes/SM_Wall_end.SM_Wall_end
[2020.01.25-20.54.58:049][290]LogSlate: Window 'Reimport Material Conflicts Resolution' being destroyed
[2020.01.25-20.54.58:054][290]LogEditorFactories: -- imported successfully
[2020.01.25-20.54.59:812][462]LogAssetEditorManager: Opening Asset editor for StaticMesh /Game/Meshes/SM_Wall_end.SM_Wall_end
[2020.01.25-20.55.20:651][580]LogSlate: FSceneViewport::OnFocusLost() reason 0
[2020.01.25-20.55.20:754][590]Cmd: OBJ SAVEPACKAGE PACKAGE="/Game/Meshes/SM_Wall_end" FILE="../../../../Art/Park_SFAS/Park/Content/Meshes/SM_Wall_end.uasset" SILENT=true
[2020.01.25-20.55.20:787][590]LogSavePackage: Moving '../../../../Art/Park_SFAS/Park/Saved/SM_Wall_endEF3E871E420DFA60C8D0259ED68F57B1.tmp' to '../../../../Art/Park_SFAS/Park/Content/Meshes/SM_Wall_end.uasset'
[2020.01.25-20.55.22:675][785]Cmd: OBJ SAVEPACKAGE PACKAGE="/Game/Meshes/SM_Wall_end" FILE="../../../../Art/Park_SFAS/Park/Content/Meshes/SM_Wall_end.uasset" SILENT=true
[2020.01.25-20.55.22:697][785]LogSavePackage: Moving '../../../../Art/Park_SFAS/Park/Saved/SM_Wall_end3F5D38074E72025F1736A9B96CA0DA72.tmp' to '../../../../Art/Park_SFAS/Park/Content/Meshes/SM_Wall_end.uasset'
[2020.01.25-20.55.25:493][ 35]LogEditorViewport: Clicking on Actor (LMB): StaticMeshActor (SM_Wall_joining6)
[2020.01.25-20.55.25:645][ 42]Cmd: CAMERA ALIGN ACTIVEVIEWPORTONLY
[2020.01.25-20.55.26:979][141]Cmd: SELECT NONE
[2020.01.25-20.55.37:017][ 75]LogSlate: FSceneViewport::OnFocusLost() reason 0
[2020.01.25-20.56.06:184][139]LogSlate: FSceneViewport::OnFocusLost() reason 0
[2020.01.25-20.56.09:400][438]LogEditorFactories: Performing atomic reimport of [D:/Art/Park_SFAS/Models/SM_Wall_end.fbx]
[2020.01.25-20.56.09:424][438]LogFbx: Loading FBX Scene from D:/Art/Park_SFAS/Models/SM_Wall_end.fbx
[2020.01.25-20.56.09:431][438]LogFbx: FBX Scene Loaded Succesfully
[2020.01.25-20.56.09:437][438]LogFbx: Display: Triangulating static mesh SM_Fence_end:pCube43
[2020.01.25-20.56.09:548][438]LogStaticMesh: Building static mesh SM_Wall_end...
[2020.01.25-20.56.09:594][438]LogStaticMesh: Built static mesh [0.05s] /Game/Meshes/SM_Wall_end.SM_Wall_end
[2020.01.25-20.56.09:616][438]LogEditorFactories: -- imported successfully
[2020.01.25-20.56.14:468][885]Cmd: SELECT NONE
[2020.01.25-20.56.24:840][961]LogEditorViewport: Clicking on Actor (LMB): StaticMeshActor (SM_Wall_end2)
[2020.01.25-20.56.24:910][963]Cmd: CAMERA ALIGN ACTIVEVIEWPORTONLY
[2020.01.25-20.56.30:256][423]Cmd: SELECT NONE
[2020.01.25-20.58.08:495][637]LogUObjectHash: Compacting FUObjectHashTables data took   2.01ms
[2020.01.25-20.58.08:496][637]Cmd: OBJ SAVEPACKAGE PACKAGE="/Game/Diorama" FILE="../../../../Art/Park_SFAS/Park/Saved/Autosaves/Game/Diorama_Auto0.umap" SILENT=true AUTOSAVING=true KEEPDIRTY=false
[2020.01.25-20.58.08:777][637]LogSavePackage: Moving '../../../../Art/Park_SFAS/Park/Saved/Diorama_Auto0C99BA414497F021ADED4F79AEBB4B95B.tmp' to '../../../../Art/Park_SFAS/Park/Saved/Autosaves/Game/Diorama_Auto0.umap'
[2020.01.25-20.58.08:789][637]LogFileHelpers: Editor autosave (incl. sublevels) for '/Game/Diorama' took 0.332
[2020.01.25-20.58.08:789][637]LogFileHelpers: Editor autosave (incl. sublevels) for all levels took 0.332
[2020.01.25-20.58.08:790][637]OBJ SavePackage: Generating thumbnails for [1] asset(s) in package [/Game/Meshes/SM_Wall_end] ([1] browsable assets)...
[2020.01.25-20.58.08:799][637]OBJ SavePackage:     Rendered thumbnail for [StaticMesh /Game/Meshes/SM_Wall_end.SM_Wall_end]
[2020.01.25-20.58.08:799][637]OBJ SavePackage: Finished generating thumbnails for package [/Game/Meshes/SM_Wall_end]
[2020.01.25-20.58.08:799][637]Cmd: OBJ SAVEPACKAGE PACKAGE="/Game/Meshes/SM_Wall_end" FILE="../../../../Art/Park_SFAS/Park/Saved/Autosaves/Game/Meshes/SM_Wall_end_Auto0.uasset" SILENT=false AUTOSAVING=true
[2020.01.25-20.58.08:825][637]LogSavePackage: Moving '../../../../Art/Park_SFAS/Park/Saved/SM_Wall_end_Auto013C4E4EE4D7513C21C8FCA815EDA258E.tmp' to '../../../../Art/Park_SFAS/Park/Saved/Autosaves/Game/Meshes/SM_Wall_end_Auto0.uasset'
[2020.01.25-20.58.08:826][637]LogFileHelpers: Auto-saving content packages took 0.036
[2020.01.25-20.58.58:470][786]LogSlate: FSceneViewport::OnFocusLost() reason 5
[2020.01.25-21.00.10:627][740]LogSlate: FSceneViewport::OnFocusLost() reason 5
[2020.01.25-21.00.18:534][552]LogSlate: FSceneViewport::OnFocusLost() reason 0
[2020.01.25-21.00.21:259][815]LogSlate: FSceneViewport::OnFocusLost() reason 0
[2020.01.25-21.00.22:841][981]LogSlate: FSceneViewport::OnFocusLost() reason 0
[2020.01.25-21.08.09:154][687]LogUObjectHash: Compacting FUObjectHashTables data took   2.05ms
[2020.01.25-21.08.09:155][687]Cmd: OBJ SAVEPACKAGE PACKAGE="/Game/Diorama" FILE="../../../../Art/Park_SFAS/Park/Saved/Autosaves/Game/Diorama_Auto1.umap" SILENT=true AUTOSAVING=true KEEPDIRTY=false
[2020.01.25-21.08.09:401][687]LogSavePackage: Moving '../../../../Art/Park_SFAS/Park/Saved/Diorama_Auto13F4892834E6529D02BAFECBD9F220832.tmp' to '../../../../Art/Park_SFAS/Park/Saved/Autosaves/Game/Diorama_Auto1.umap'
[2020.01.25-21.08.09:407][687]LogFileHelpers: Editor autosave (incl. sublevels) for '/Game/Diorama' took 0.293
[2020.01.25-21.08.09:407][687]LogFileHelpers: Editor autosave (incl. sublevels) for all levels took 0.293
[2020.01.25-21.09.31:583][932]LogSlate: FSceneViewport::OnFocusLost() reason 0
[2020.01.25-21.09.51:942][878]LogUObjectHash: Compacting FUObjectHashTables data took   1.90ms
[2020.01.25-21.09.55:180][878]LogSlate: Window 'Delete Assets' being destroyed
[2020.01.25-21.09.55:349][878]LogUObjectGlobals: Force Deleting 2 Package(s):
	Asset Name: /Game/Textures/T_Leaf_Detail_basecolor_1.T_Leaf_Detail_basecolor_1
	Asset Name: /Game/Textures/T_Leaf_Detail_AO.T_Leaf_Detail_AO
[2020.01.25-21.09.57:569][878]LogUObjectHash: Compacting FUObjectHashTables data took   1.67ms
[2020.01.25-21.09.57:606][878]LogUObjectHash: Compacting FUObjectHashTables data took   0.72ms
[2020.01.25-21.09.57:643][878]LogUObjectHash: Compacting FUObjectHashTables data took   1.60ms
[2020.01.25-21.09.57:680][878]LogUObjectHash: Compacting FUObjectHashTables data took   0.75ms
[2020.01.25-21.10.03:166][399]LogLinker: Warning: While loading '../../../../Art/Park_SFAS/Park/Content/Materials/m_Leafalphas.uasset' failed to load '/Game/Textures/T_Leaf_Detail_AO': Can't find file.
[2020.01.25-21.10.03:167][399]LogLinker: Warning: While loading '../../../../Art/Park_SFAS/Park/Content/Materials/m_Leafalphas.uasset' failed to load '/Game/Textures/T_Leaf_Detail_AO': Can't find file.
[2020.01.25-21.10.03:167][399]LogLinker: Warning: While loading '../../../../Art/Park_SFAS/Park/Content/Materials/m_Leafalphas.uasset' failed to load '/Game/Textures/T_Leaf_Detail_basecolor_1': Can't find file.
[2020.01.25-21.10.03:167][399]LogLinker: Warning: While loading '../../../../Art/Park_SFAS/Park/Content/Materials/m_Leafalphas.uasset' failed to load '/Game/Textures/T_Leaf_Detail_basecolor_1': Can't find file.
[2020.01.25-21.10.03:167][399]LogLinker: Warning: While loading '../../../../Art/Park_SFAS/Park/Content/Materials/m_Leafalphas.uasset' failed to load '/Game/Textures/T_Leaf_Detail_AO': Can't find file.
[2020.01.25-21.10.03:167][399]LogLinker: Warning: While loading '../../../../Art/Park_SFAS/Park/Content/Materials/m_Leafalphas.uasset' failed to load '/Game/Textures/T_Leaf_Detail_AO': Can't find file.
[2020.01.25-21.10.03:168][399]LogLinker: Warning: While loading '../../../../Art/Park_SFAS/Park/Content/Materials/m_Leafalphas.uasset' failed to load '/Game/Textures/T_Leaf_Detail_basecolor_1': Can't find file.
[2020.01.25-21.10.03:168][399]LogLinker: Warning: While loading '../../../../Art/Park_SFAS/Park/Content/Materials/m_Leafalphas.uasset' failed to load '/Game/Textures/T_Leaf_Detail_basecolor_1': Can't find file.
[2020.01.25-21.10.03:168][399]LogLinker: Warning: While loading '../../../../Art/Park_SFAS/Park/Content/Materials/m_Leafalphas.uasset' failed to load '/Game/Textures/T_Leaf_Detail_AO': Can't find file.
[2020.01.25-21.10.03:168][399]LoadErrors: Failed to load /Game/Textures/T_Leaf_Detail_AO.T_Leaf_Detail_AO Referenced by MaterialExpressionTextureSample_1
[2020.01.25-21.10.03:168][399]LogLinker: Warning: While loading '../../../../Art/Park_SFAS/Park/Content/Materials/m_Leafalphas.uasset' failed to load '/Game/Textures/T_Leaf_Detail_AO': Can't find file.
[2020.01.25-21.10.03:168][399]LogLinker: Warning: While loading '../../../../Art/Park_SFAS/Park/Content/Materials/m_Leafalphas.uasset' failed to load '/Game/Textures/T_Leaf_Detail_basecolor_1': Can't find file.
[2020.01.25-21.10.03:169][399]LoadErrors: Failed to load /Game/Textures/T_Leaf_Detail_basecolor_1.T_Leaf_Detail_basecolor_1 Referenced by MaterialExpressionTextureSample_2
[2020.01.25-21.10.03:169][399]LogLinker: Warning: While loading '../../../../Art/Park_SFAS/Park/Content/Materials/m_Leafalphas.uasset' failed to load '/Game/Textures/T_Leaf_Detail_basecolor_1': Can't find file.
[2020.01.25-21.10.03:194][399]LogMaterial: Display: Missing cached shader map for material m_Leafalphas, compiling. 
[2020.01.25-21.10.03:194][399]LogMaterial: Warning: D:\Art\Park_SFAS\Park\Content\Materials\m_Leafalphas.uasset: Failed to compile Material for platform PCD3D_SM5, Default Material will be used in game.
[2020.01.25-21.10.03:194][399]LogMaterial: Display: 	(Node TextureSample) Texture Sample> Missing input texture
[2020.01.25-21.10.03:231][399]LogUObjectHash: Compacting FUObjectHashTables data took   1.00ms
[2020.01.25-21.10.04:234][399]LogSlate: Window 'Delete Assets' being destroyed
[2020.01.25-21.10.04:328][399]LogUObjectHash: Compacting FUObjectHashTables data took   0.98ms
[2020.01.25-21.10.04:369][399]LogUObjectHash: Compacting FUObjectHashTables data took   1.00ms
[2020.01.25-21.10.04:406][399]LogUObjectHash: Compacting FUObjectHashTables data took   0.73ms
[2020.01.25-21.10.23:793][ 71]Cmd: OBJ SAVEPACKAGE PACKAGE="/Game/Textures/T_foliage_Plane_low_defaultMat_BaseColor" FILE="../../../../Art/Park_SFAS/Park/Content/Textures/T_foliage_Plane_low_defaultMat_BaseColor.uasset" SILENT=true
[2020.01.25-21.10.23:847][ 71]LogSavePackage: Moving '../../../../Art/Park_SFAS/Park/Saved/T_foliage_Plane_low_defaultMat_BED3ABED8408CA06434744C8F8708D17A.tmp' to '../../../../Art/Park_SFAS/Park/Content/Textures/T_foliage_Plane_low_defaultMat_BaseColor.uasset'
[2020.01.25-21.10.23:970][ 71]LogUObjectHash: Compacting FUObjectHashTables data took   0.74ms
[2020.01.25-21.10.24:013][ 71]LogUObjectHash: Compacting FUObjectHashTables data took   2.27ms
[2020.01.25-21.10.24:050][ 71]LogUObjectHash: Compacting FUObjectHashTables data took   0.74ms
[2020.01.25-21.10.24:064][ 71]Cmd: OBJ SAVEPACKAGE PACKAGE="/Game/Materials/m_Foliage" FILE="../../../../Art/Park_SFAS/Park/Content/Materials/m_Foliage.uasset" SILENT=true
[2020.01.25-21.10.24:084][ 71]LogSavePackage: Moving '../../../../Art/Park_SFAS/Park/Saved/m_FoliageBB661BDE4136872BB0B0EE9BD839638D.tmp' to '../../../../Art/Park_SFAS/Park/Content/Materials/m_Foliage.uasset'
[2020.01.25-21.10.41:047][905]Cmd: OBJ SAVEPACKAGE PACKAGE="/Game/Textures/T_Foliage_defaultMat_Normal" FILE="../../../../Art/Park_SFAS/Park/Content/Textures/T_Foliage_defaultMat_Normal.uasset" SILENT=true
[2020.01.25-21.10.41:089][905]LogSavePackage: Moving '../../../../Art/Park_SFAS/Park/Saved/T_Foliage_defaultMat_Normal7679E07A4C18CD0F7BC8ECBD36A6D51D.tmp' to '../../../../Art/Park_SFAS/Park/Content/Textures/T_Foliage_defaultMat_Normal.uasset'
[2020.01.25-21.10.41:211][905]LogUObjectHash: Compacting FUObjectHashTables data took   0.76ms
[2020.01.25-21.10.41:253][905]LogUObjectHash: Compacting FUObjectHashTables data took   1.57ms
[2020.01.25-21.10.41:289][905]LogUObjectHash: Compacting FUObjectHashTables data took   0.73ms
[2020.01.25-21.10.41:302][905]Cmd: OBJ SAVEPACKAGE PACKAGE="/Game/Materials/m_Foliage" FILE="../../../../Art/Park_SFAS/Park/Content/Materials/m_Foliage.uasset" SILENT=true
[2020.01.25-21.10.41:312][905]LogSavePackage: Moving '../../../../Art/Park_SFAS/Park/Saved/m_Foliage494C81494ABBB4EC8CBB0A8990A454A0.tmp' to '../../../../Art/Park_SFAS/Park/Content/Materials/m_Foliage.uasset'
[2020.01.25-21.10.53:411][223]LogSavePackage: Moving '../../../../Art/Park_SFAS/Park/Saved/T_Foliage_defaultMat_OcclusionRoABA3CE2A400EDEFB474F698AA77DACF2.tmp' to '../../../../Art/Park_SFAS/Park/Content/Textures/T_Foliage_defaultMat_OcclusionRoughnessMetallic.uasset'
[2020.01.25-21.10.53:532][223]LogUObjectHash: Compacting FUObjectHashTables data took   0.76ms
[2020.01.25-21.10.53:574][223]LogUObjectHash: Compacting FUObjectHashTables data took   1.59ms
[2020.01.25-21.10.53:609][223]LogUObjectHash: Compacting FUObjectHashTables data took   0.72ms
[2020.01.25-21.10.53:622][223]Cmd: OBJ SAVEPACKAGE PACKAGE="/Game/Materials/m_Foliage" FILE="../../../../Art/Park_SFAS/Park/Content/Materials/m_Foliage.uasset" SILENT=true
[2020.01.25-21.10.53:633][223]LogSavePackage: Moving '../../../../Art/Park_SFAS/Park/Saved/m_Foliage34ECB28744D299AF9FFE3A89A1AB0C03.tmp' to '../../../../Art/Park_SFAS/Park/Content/Materials/m_Foliage.uasset'
[2020.01.25-21.11.03:769][335]Cmd: OBJ SAVEPACKAGE PACKAGE="/Game/Textures/T_Foliage_opacity" FILE="../../../../Art/Park_SFAS/Park/Content/Textures/T_Foliage_opacity.uasset" SILENT=true
[2020.01.25-21.11.03:785][335]LogSavePackage: Moving '../../../../Art/Park_SFAS/Park/Saved/T_Foliage_opacity556D85A847BCBA787B9116A7165D7376.tmp' to '../../../../Art/Park_SFAS/Park/Content/Textures/T_Foliage_opacity.uasset'
[2020.01.25-21.11.03:912][335]LogUObjectHash: Compacting FUObjectHashTables data took   0.74ms
[2020.01.25-21.11.03:956][335]LogUObjectHash: Compacting FUObjectHashTables data took   1.56ms
[2020.01.25-21.11.03:993][335]LogUObjectHash: Compacting FUObjectHashTables data took   0.73ms
[2020.01.25-21.11.04:007][335]Cmd: OBJ SAVEPACKAGE PACKAGE="/Game/Materials/m_Foliage" FILE="../../../../Art/Park_SFAS/Park/Content/Materials/m_Foliage.uasset" SILENT=true
[2020.01.25-21.11.04:018][335]LogSavePackage: Moving '../../../../Art/Park_SFAS/Park/Saved/m_Foliage79C179A44AC03A13DE2E419D2ACCE822.tmp' to '../../../../Art/Park_SFAS/Park/Content/Materials/m_Foliage.uasset'
[2020.01.25-21.11.09:900][899]LogEditorFactories: Performing atomic reimport of [D:/Art/Park_SFAS/Textures/Foliage/Plane_low_Plane_low_defaultMat_Normal.tga]
[2020.01.25-21.11.09:928][899]LogFactory: FactoryCreateFile: Texture2D with ReimportTextureFactory (0 0 D:/Art/Park_SFAS/Textures/Foliage/Plane_low_Plane_low_defaultMat_Normal.tga)
[2020.01.25-21.11.09:980][899]LogTexture: Display: Building textures: T_Foliage_defaultMat_Normal (BC5, 2048X2048)
[2020.01.25-21.11.10:098][899]LogEditorFactories: -- imported successfully
[2020.01.25-21.11.11:946][ 71]LogEditorFactories: Performing atomic reimport of [D:/Art/Park_SFAS/Textures/Foliage/Plane_low_Plane_low_defaultMat_OcclusionRoughnessMetallic.tga]
[2020.01.25-21.11.11:973][ 71]LogFactory: FactoryCreateFile: Texture2D with ReimportTextureFactory (0 0 D:/Art/Park_SFAS/Textures/Foliage/Plane_low_Plane_low_defaultMat_OcclusionRoughnessMetallic.tga)
[2020.01.25-21.11.12:023][ 71]LogTexture: Display: Building textures: T_Foliage_defaultMat_OcclusionRoughnessMetallic (AutoDXT, 2048X2048)
[2020.01.25-21.11.12:130][ 71]LogEditorFactories: -- imported successfully
[2020.01.25-21.11.24:520][305]LogEditorFactories: Performing atomic reimport of [D:/Art/Park_SFAS/Textures/Foliage/Plane_low_Plane_low_defaultMat_BaseColor.tga]
[2020.01.25-21.11.24:547][305]LogFactory: FactoryCreateFile: Texture2D with ReimportTextureFactory (0 0 D:/Art/Park_SFAS/Textures/Foliage/Plane_low_Plane_low_defaultMat_BaseColor.tga)
[2020.01.25-21.11.24:634][305]LogTexture: Display: Building textures: T_foliage_Plane_low_defaultMat_BaseColor (BGRA8, 2048X2048)
[2020.01.25-21.11.24:808][305]LogTexture: Display: Building textures: T_foliage_Plane_low_defaultMat_BaseColor (BGRA8, 2048X2048)
[2020.01.25-21.11.24:924][305]LogEditorFactories: -- imported successfully
[2020.01.25-21.12.11:899][302]LogD3D11RHI: Timed out while waiting for GPU to catch up. (0.5 s) (ErrorCode 00000001)
[2020.01.25-21.12.12:402][303]LogD3D11RHI: Timed out while waiting for GPU to catch up. (0.5 s) (ErrorCode 00000001)
[2020.01.25-21.12.17:121][317]LogSlate: FSceneViewport::OnFocusLost() reason 5
[2020.01.25-21.12.19:360][497]LogEditorFactories: Performing atomic reimport of [D:/Art/Park_SFAS/Textures/Foliage/Plane_low_Plane_low_defaultMat_BaseColor.tga]
[2020.01.25-21.12.19:391][497]LogFactory: FactoryCreateFile: Texture2D with ReimportTextureFactory (0 0 D:/Art/Park_SFAS/Textures/Foliage/Plane_low_Plane_low_defaultMat_BaseColor.tga)
[2020.01.25-21.12.19:443][497]LogTexture: Display: Building textures: T_foliage_Plane_low_defaultMat_BaseColor (BGRA8, 2048X2048)
[2020.01.25-21.12.19:573][497]LogEditorFactories: -- imported successfully
[2020.01.25-21.13.03:332][451]LogSlate: FSceneViewport::OnFocusLost() reason 5
[2020.01.25-21.13.06:227][708]LogEditorFactories: Performing atomic reimport of [D:/Art/Park_SFAS/Textures/Foliage/Plane_low_Plane_low_defaultMat_BaseColor.tga]
[2020.01.25-21.13.06:254][708]LogFactory: FactoryCreateFile: Texture2D with ReimportTextureFactory (0 0 D:/Art/Park_SFAS/Textures/Foliage/Plane_low_Plane_low_defaultMat_BaseColor.tga)
[2020.01.25-21.13.06:305][708]LogTexture: Display: Building textures: T_foliage_Plane_low_defaultMat_BaseColor (BGRA8, 2048X2048)
[2020.01.25-21.13.06:435][708]LogEditorFactories: -- imported successfully
[2020.01.25-21.13.09:744][ 21]LogEditorViewport: Clicking on Actor (LMB): StaticMeshActor (SM_Lilypad13)
[2020.01.25-21.13.09:954][ 32]Cmd: CAMERA ALIGN ACTIVEVIEWPORTONLY
[2020.01.25-21.13.11:944][164]Cmd: SELECT NONE
[2020.01.25-21.13.58:557][163]LogSlate: FSceneViewport::OnFocusLost() reason 0
[2020.01.25-21.14.56:917][732]LogAssetEditorManager: Opening Asset editor for Material /Game/Materials/m_Grass.m_Grass
[2020.01.25-21.14.56:920][732]LogMaterial: Display: Missing cached shader map for material m_Grass, compiling. 
[2020.01.25-21.14.57:009][732]LogMaterial: Display: Missing cached shader map for material m_Grass, compiling. 
[2020.01.25-21.14.57:027][732]LogMaterial: Display: Missing cached shader map for material m_Grass, compiling. 
[2020.01.25-21.14.57:049][732]LogShaderCompilers: Display: Worker (1/13): shaders left to compile 30
[2020.01.25-21.14.57:049][732]LogShaderCompilers: Display: Worker (2/13): shaders left to compile 29
[2020.01.25-21.14.57:049][732]LogShaderCompilers: Display: Worker (3/13): shaders left to compile 28
[2020.01.25-21.14.57:050][732]LogShaderCompilers: Display: Worker (4/13): shaders left to compile 27
[2020.01.25-21.14.57:050][732]LogShaderCompilers: Display: Worker (5/13): shaders left to compile 26
[2020.01.25-21.14.57:050][732]LogShaderCompilers: Display: Worker (6/13): shaders left to compile 25
[2020.01.25-21.14.57:050][732]LogShaderCompilers: Display: Worker (7/13): shaders left to compile 24
[2020.01.25-21.14.57:050][732]LogShaderCompilers: Display: Worker (8/13): shaders left to compile 23
[2020.01.25-21.14.57:050][732]LogShaderCompilers: Display: Worker (9/13): shaders left to compile 22
[2020.01.25-21.14.57:050][732]LogShaderCompilers: Display: Worker (10/13): shaders left to compile 21
[2020.01.25-21.14.57:050][732]LogShaderCompilers: Display: Worker (11/13): shaders left to compile 20
[2020.01.25-21.14.57:050][732]LogShaderCompilers: Display: Worker (12/13): shaders left to compile 19
[2020.01.25-21.14.57:054][732]LogMaterial: Display: Missing cached shader map for material FMatExpressionPreview MaterialExpressionVectorParameter_0, compiling. 
[2020.01.25-21.14.57:454][747]LogShaderCompilers: Display: Worker (8/13): shaders left to compile 22
[2020.01.25-21.14.57:625][756]LogShaderCompilers: Display: Worker (2/13): shaders left to compile 21
[2020.01.25-21.14.57:653][757]LogShaderCompilers: Display: Worker (9/13): shaders left to compile 20
[2020.01.25-21.14.57:653][757]LogShaderCompilers: Display: Worker (4/13): shaders left to compile 19
[2020.01.25-21.14.57:653][757]LogShaderCompilers: Display: Worker (7/13): shaders left to compile 18
[2020.01.25-21.14.57:682][759]LogShaderCompilers: Display: Worker (1/13): shaders left to compile 17
[2020.01.25-21.14.57:682][759]LogShaderCompilers: Display: Worker (3/13): shaders left to compile 16
[2020.01.25-21.14.57:682][759]LogShaderCompilers: Display: Worker (6/13): shaders left to compile 15
[2020.01.25-21.14.57:714][761]LogShaderCompilers: Display: Worker (5/13): shaders left to compile 14
[2020.01.25-21.14.57:744][763]LogShaderCompilers: Display: Worker (12/13): shaders left to compile 13
[2020.01.25-21.14.58:002][778]LogShaderCompilers: Display: Worker (10/13): shaders left to compile 12
[2020.01.25-21.14.58:085][783]LogShaderCompilers: Display: Worker (11/13): shaders left to compile 11
[2020.01.25-21.14.58:134][786]LogShaderCompilers: Display: Worker (9/13): shaders left to compile 10
[2020.01.25-21.14.58:150][787]LogShaderCompilers: Display: Worker (5/13): shaders left to compile 9
[2020.01.25-21.14.58:181][789]LogShaderCompilers: Display: Worker (8/13): shaders left to compile 8
[2020.01.25-21.14.58:196][790]LogShaderCompilers: Display: Worker (1/13): shaders left to compile 7
[2020.01.25-21.14.58:327][791]LogShaderCompilers: Display: Worker (4/13): shaders left to compile 6
[2020.01.25-21.14.58:366][791]LogShaderCompilers: Display: Worker (2/13): shaders left to compile 5
[2020.01.25-21.14.58:387][791]LogShaderCompilers: Display: Worker (7/13): shaders left to compile 4
[2020.01.25-21.14.58:428][791]LogShaderCompilers: Display: Worker (3/13): shaders left to compile 3
[2020.01.25-21.14.58:455][791]LogShaderCompilers: Display: Worker (6/13): shaders left to compile 2
[2020.01.25-21.14.58:465][791]LogShaderCompilers: Display: Worker (11/13): shaders left to compile 1
[2020.01.25-21.14.58:848][793]MaterialEditorStats: Base pass shader: 119 instructions
[2020.01.25-21.14.58:848][793]MaterialEditorStats: Base pass shader with Surface Lightmap: 146 instructions
[2020.01.25-21.14.58:848][793]MaterialEditorStats: Base pass shader with Volumetric Lightmap: 193 instructions
[2020.01.25-21.14.58:848][793]MaterialEditorStats: Base pass vertex shader: 40 instructions
[2020.01.25-21.14.58:848][793]MaterialEditorStats: Texture samplers: 3/16
[2020.01.25-21.14.59:980][914]LogMaterial: Display: Missing cached shader map for material m_Grass, compiling. 
[2020.01.25-21.15.00:015][915]LogShaderCompilers: Display: Worker (1/13): shaders left to compile 30
[2020.01.25-21.15.00:015][915]LogShaderCompilers: Display: Worker (2/13): shaders left to compile 29
[2020.01.25-21.15.00:015][915]LogShaderCompilers: Display: Worker (3/13): shaders left to compile 28
[2020.01.25-21.15.00:015][915]LogShaderCompilers: Display: Worker (4/13): shaders left to compile 27
[2020.01.25-21.15.00:015][915]LogShaderCompilers: Display: Worker (5/13): shaders left to compile 26
[2020.01.25-21.15.00:015][915]LogShaderCompilers: Display: Worker (6/13): shaders left to compile 25
[2020.01.25-21.15.00:015][915]LogShaderCompilers: Display: Worker (7/13): shaders left to compile 24
[2020.01.25-21.15.00:015][915]LogShaderCompilers: Display: Worker (8/13): shaders left to compile 23
[2020.01.25-21.15.00:015][915]LogShaderCompilers: Display: Worker (9/13): shaders left to compile 22
[2020.01.25-21.15.00:016][915]LogShaderCompilers: Display: Worker (10/13): shaders left to compile 21
[2020.01.25-21.15.00:016][915]LogShaderCompilers: Display: Worker (11/13): shaders left to compile 20
[2020.01.25-21.15.00:016][915]LogShaderCompilers: Display: Worker (12/13): shaders left to compile 19
[2020.01.25-21.15.00:212][929]LogShaderCompilers: Display: Worker (8/13): shaders left to compile 18
[2020.01.25-21.15.00:327][935]LogShaderCompilers: Display: Worker (4/13): shaders left to compile 17
[2020.01.25-21.15.00:328][935]LogShaderCompilers: Display: Worker (1/13): shaders left to compile 16
[2020.01.25-21.15.00:346][936]LogShaderCompilers: Display: Worker (2/13): shaders left to compile 15
[2020.01.25-21.15.00:368][937]LogShaderCompilers: Display: Worker (3/13): shaders left to compile 14
[2020.01.25-21.15.00:369][937]LogShaderCompilers: Display: Worker (5/13): shaders left to compile 13
[2020.01.25-21.15.00:417][940]LogShaderCompilers: Display: Worker (6/13): shaders left to compile 12
[2020.01.25-21.15.00:433][941]LogShaderCompilers: Display: Worker (9/13): shaders left to compile 11
[2020.01.25-21.15.00:480][944]LogShaderCompilers: Display: Worker (7/13): shaders left to compile 10
[2020.01.25-21.15.00:582][950]LogShaderCompilers: Display: Worker (12/13): shaders left to compile 9
[2020.01.25-21.15.00:817][963]LogShaderCompilers: Display: Worker (1/13): shaders left to compile 8
[2020.01.25-21.15.00:863][964]LogShaderCompilers: Display: Worker (5/13): shaders left to compile 7
[2020.01.25-21.15.00:905][966]LogShaderCompilers: Display: Worker (8/13): shaders left to compile 6
[2020.01.25-21.15.00:908][966]LogShaderCompilers: Display: Worker (10/13): shaders left to compile 5
[2020.01.25-21.15.00:928][967]LogShaderCompilers: Display: Worker (11/13): shaders left to compile 4
[2020.01.25-21.15.00:933][968]LogShaderCompilers: Display: Worker (7/13): shaders left to compile 3
[2020.01.25-21.15.00:980][971]LogShaderCompilers: Display: Worker (2/13): shaders left to compile 2
[2020.01.25-21.15.01:033][975]LogShaderCompilers: Display: Worker (3/13): shaders left to compile 1
[2020.01.25-21.15.01:290][991]LogMaterial: Display: Missing cached shader map for material m_Grass, compiling. 
[2020.01.25-21.15.01:311][991]LogShaderCompilers: Display: Worker (4/13): shaders left to compile 30
[2020.01.25-21.15.01:311][991]LogShaderCompilers: Display: Worker (5/13): shaders left to compile 29
[2020.01.25-21.15.01:311][991]LogShaderCompilers: Display: Worker (6/13): shaders left to compile 28
[2020.01.25-21.15.01:311][991]LogShaderCompilers: Display: Worker (9/13): shaders left to compile 27
[2020.01.25-21.15.01:311][991]LogShaderCompilers: Display: Worker (11/13): shaders left to compile 26
[2020.01.25-21.15.01:311][991]LogShaderCompilers: Display: Worker (12/13): shaders left to compile 25
[2020.01.25-21.15.01:381][996]LogShaderCompilers: Display: Worker (1/13): shaders left to compile 24
[2020.01.25-21.15.01:381][996]LogShaderCompilers: Display: Worker (3/13): shaders left to compile 23
[2020.01.25-21.15.01:417][998]LogShaderCompilers: Display: Worker (7/13): shaders left to compile 22
[2020.01.25-21.15.01:440][998]LogShaderCompilers: Display: Worker (8/13): shaders left to compile 21
[2020.01.25-21.15.01:503][  2]LogShaderCompilers: Display: Worker (2/13): shaders left to compile 20
[2020.01.25-21.15.01:521][  3]LogShaderCompilers: Display: Worker (10/13): shaders left to compile 19
[2020.01.25-21.15.01:541][  4]LogShaderCompilers: Display: Worker (3/13): shaders left to compile 18
[2020.01.25-21.15.01:622][  8]LogShaderCompilers: Display: Worker (4/13): shaders left to compile 17
[2020.01.25-21.15.01:661][ 10]LogShaderCompilers: Display: Worker (5/13): shaders left to compile 16
[2020.01.25-21.15.01:677][ 11]LogShaderCompilers: Display: Worker (9/13): shaders left to compile 15
[2020.01.25-21.15.01:677][ 11]LogShaderCompilers: Display: Worker (6/13): shaders left to compile 14
[2020.01.25-21.15.01:677][ 11]LogShaderCompilers: Display: Worker (11/13): shaders left to compile 13
[2020.01.25-21.15.01:707][ 13]LogShaderCompilers: Display: Worker (1/13): shaders left to compile 12
[2020.01.25-21.15.01:707][ 13]LogShaderCompilers: Display: Worker (12/13): shaders left to compile 11
[2020.01.25-21.15.01:737][ 15]LogShaderCompilers: Display: Worker (7/13): shaders left to compile 10
[2020.01.25-21.15.01:987][ 28]LogShaderCompilers: Display: Worker (10/13): shaders left to compile 9
[2020.01.25-21.15.02:138][ 36]LogShaderCompilers: Display: Worker (5/13): shaders left to compile 8
[2020.01.25-21.15.02:173][ 38]LogShaderCompilers: Display: Worker (8/13): shaders left to compile 7
[2020.01.25-21.15.02:190][ 39]LogShaderCompilers: Display: Worker (7/13): shaders left to compile 6
[2020.01.25-21.15.02:205][ 40]LogShaderCompilers: Display: Worker (11/13): shaders left to compile 5
[2020.01.25-21.15.02:303][ 47]LogShaderCompilers: Display: Worker (3/13): shaders left to compile 4
[2020.01.25-21.15.02:326][ 48]LogShaderCompilers: Display: Worker (2/13): shaders left to compile 3
[2020.01.25-21.15.02:326][ 48]LogShaderCompilers: Display: Worker (4/13): shaders left to compile 2
[2020.01.25-21.15.02:340][ 49]LogShaderCompilers: Display: Worker (9/13): shaders left to compile 1
[2020.01.25-21.15.02:810][ 79]MaterialEditorStats: Base pass shader: 119 instructions
[2020.01.25-21.15.02:810][ 79]MaterialEditorStats: Base pass shader with Surface Lightmap: 146 instructions
[2020.01.25-21.15.02:810][ 79]MaterialEditorStats: Base pass shader with Volumetric Lightmap: 193 instructions
[2020.01.25-21.15.02:810][ 79]MaterialEditorStats: Base pass vertex shader: 40 instructions
[2020.01.25-21.15.02:810][ 79]MaterialEditorStats: Texture samplers: 3/16
[2020.01.25-21.15.04:521][264]LogMaterial: Display: Missing cached shader map for material m_Grass, compiling. 
[2020.01.25-21.15.04:544][264]LogMaterial: Display: Missing cached shader map for material m_Grass, compiling. 
[2020.01.25-21.15.04:577][265]LogShaderCompilers: Display: Worker (1/13): shaders left to compile 30
[2020.01.25-21.15.04:577][265]LogShaderCompilers: Display: Worker (2/13): shaders left to compile 29
[2020.01.25-21.15.04:577][265]LogShaderCompilers: Display: Worker (3/13): shaders left to compile 28
[2020.01.25-21.15.04:577][265]LogShaderCompilers: Display: Worker (4/13): shaders left to compile 27
[2020.01.25-21.15.04:577][265]LogShaderCompilers: Display: Worker (5/13): shaders left to compile 26
[2020.01.25-21.15.04:577][265]LogShaderCompilers: Display: Worker (6/13): shaders left to compile 25
[2020.01.25-21.15.04:577][265]LogShaderCompilers: Display: Worker (7/13): shaders left to compile 24
[2020.01.25-21.15.04:577][265]LogShaderCompilers: Display: Worker (8/13): shaders left to compile 23
[2020.01.25-21.15.04:577][265]LogShaderCompilers: Display: Worker (9/13): shaders left to compile 22
[2020.01.25-21.15.04:577][265]LogShaderCompilers: Display: Worker (10/13): shaders left to compile 21
[2020.01.25-21.15.04:577][265]LogShaderCompilers: Display: Worker (11/13): shaders left to compile 20
[2020.01.25-21.15.04:577][265]LogShaderCompilers: Display: Worker (12/13): shaders left to compile 19
[2020.01.25-21.15.04:778][279]LogShaderCompilers: Display: Worker (8/13): shaders left to compile 18
[2020.01.25-21.15.04:830][282]LogShaderCompilers: Display: Worker (1/13): shaders left to compile 17
[2020.01.25-21.15.04:861][284]LogShaderCompilers: Display: Worker (3/13): shaders left to compile 16
[2020.01.25-21.15.04:876][285]LogShaderCompilers: Display: Worker (2/13): shaders left to compile 15
[2020.01.25-21.15.04:909][287]LogShaderCompilers: Display: Worker (7/13): shaders left to compile 14
[2020.01.25-21.15.04:925][288]LogShaderCompilers: Display: Worker (5/13): shaders left to compile 13
[2020.01.25-21.15.04:925][288]LogShaderCompilers: Display: Worker (6/13): shaders left to compile 12
[2020.01.25-21.15.04:957][290]LogShaderCompilers: Display: Worker (4/13): shaders left to compile 11
[2020.01.25-21.15.04:957][290]LogShaderCompilers: Display: Worker (9/13): shaders left to compile 10
[2020.01.25-21.15.05:185][303]LogShaderCompilers: Display: Worker (12/13): shaders left to compile 9
[2020.01.25-21.15.05:363][312]LogShaderCompilers: Display: Worker (10/13): shaders left to compile 8
[2020.01.25-21.15.05:379][313]LogShaderCompilers: Display: Worker (3/13): shaders left to compile 7
[2020.01.25-21.15.05:394][314]LogShaderCompilers: Display: Worker (5/13): shaders left to compile 6
[2020.01.25-21.15.05:428][316]LogShaderCompilers: Display: Worker (8/13): shaders left to compile 5
[2020.01.25-21.15.05:445][317]LogShaderCompilers: Display: Worker (11/13): shaders left to compile 4
[2020.01.25-21.15.05:461][318]LogShaderCompilers: Display: Worker (9/13): shaders left to compile 3
[2020.01.25-21.15.05:530][322]LogShaderCompilers: Display: Worker (2/13): shaders left to compile 2
[2020.01.25-21.15.05:550][323]LogShaderCompilers: Display: Worker (1/13): shaders left to compile 1
[2020.01.25-21.15.06:043][354]MaterialEditorStats: Base pass shader: 119 instructions
[2020.01.25-21.15.06:043][354]MaterialEditorStats: Base pass shader with Surface Lightmap: 146 instructions
[2020.01.25-21.15.06:043][354]MaterialEditorStats: Base pass shader with Volumetric Lightmap: 193 instructions
[2020.01.25-21.15.06:043][354]MaterialEditorStats: Base pass vertex shader: 40 instructions
[2020.01.25-21.15.06:043][354]MaterialEditorStats: Texture samplers: 3/16
[2020.01.25-21.15.06:942][443]LogMaterial: Display: Missing cached shader map for material m_Grass, compiling. 
[2020.01.25-21.15.06:967][444]LogShaderCompilers: Display: Worker (1/13): shaders left to compile 30
[2020.01.25-21.15.06:967][444]LogShaderCompilers: Display: Worker (2/13): shaders left to compile 29
[2020.01.25-21.15.06:967][444]LogShaderCompilers: Display: Worker (3/13): shaders left to compile 28
[2020.01.25-21.15.06:967][444]LogShaderCompilers: Display: Worker (4/13): shaders left to compile 27
[2020.01.25-21.15.06:967][444]LogShaderCompilers: Display: Worker (5/13): shaders left to compile 26
[2020.01.25-21.15.06:967][444]LogShaderCompilers: Display: Worker (6/13): shaders left to compile 25
[2020.01.25-21.15.06:967][444]LogShaderCompilers: Display: Worker (7/13): shaders left to compile 24
[2020.01.25-21.15.06:967][444]LogShaderCompilers: Display: Worker (8/13): shaders left to compile 23
[2020.01.25-21.15.06:967][444]LogShaderCompilers: Display: Worker (9/13): shaders left to compile 22
[2020.01.25-21.15.06:967][444]LogShaderCompilers: Display: Worker (10/13): shaders left to compile 21
[2020.01.25-21.15.06:967][444]LogShaderCompilers: Display: Worker (11/13): shaders left to compile 20
[2020.01.25-21.15.06:967][444]LogShaderCompilers: Display: Worker (12/13): shaders left to compile 19
[2020.01.25-21.15.07:181][461]LogShaderCompilers: Display: Worker (8/13): shaders left to compile 18
[2020.01.25-21.15.07:221][462]LogShaderCompilers: Display: Worker (1/13): shaders left to compile 17
[2020.01.25-21.15.07:254][463]LogShaderCompilers: Display: Worker (2/13): shaders left to compile 16
[2020.01.25-21.15.07:270][464]LogShaderCompilers: Display: Worker (3/13): shaders left to compile 15
[2020.01.25-21.15.07:285][465]LogShaderCompilers: Display: Worker (5/13): shaders left to compile 14
[2020.01.25-21.15.07:298][466]LogShaderCompilers: Display: Worker (4/13): shaders left to compile 13
[2020.01.25-21.15.07:298][466]LogShaderCompilers: Display: Worker (6/13): shaders left to compile 12
[2020.01.25-21.15.07:298][466]LogShaderCompilers: Display: Worker (9/13): shaders left to compile 11
[2020.01.25-21.15.07:324][468]LogShaderCompilers: Display: Worker (7/13): shaders left to compile 10
[2020.01.25-21.15.07:485][478]LogShaderCompilers: Display: Worker (12/13): shaders left to compile 9
[2020.01.25-21.15.07:638][486]LogShaderCompilers: Display: Worker (10/13): shaders left to compile 8
[2020.01.25-21.15.07:703][489]LogShaderCompilers: Display: Worker (2/13): shaders left to compile 7
[2020.01.25-21.15.07:722][490]LogShaderCompilers: Display: Worker (7/13): shaders left to compile 6
[2020.01.25-21.15.07:763][492]LogShaderCompilers: Display: Worker (11/13): shaders left to compile 5
[2020.01.25-21.15.07:781][493]LogShaderCompilers: Display: Worker (4/13): shaders left to compile 4
[2020.01.25-21.15.07:866][497]LogShaderCompilers: Display: Worker (8/13): shaders left to compile 3
[2020.01.25-21.15.07:924][500]LogShaderCompilers: Display: Worker (5/13): shaders left to compile 2
[2020.01.25-21.15.07:939][501]LogShaderCompilers: Display: Worker (3/13): shaders left to compile 1
[2020.01.25-21.15.08:378][527]MaterialEditorStats: Base pass shader: 119 instructions
[2020.01.25-21.15.08:378][527]MaterialEditorStats: Base pass shader with Surface Lightmap: 146 instructions
[2020.01.25-21.15.08:378][527]MaterialEditorStats: Base pass shader with Volumetric Lightmap: 193 instructions
[2020.01.25-21.15.08:378][527]MaterialEditorStats: Base pass vertex shader: 40 instructions
[2020.01.25-21.15.08:378][527]MaterialEditorStats: Texture samplers: 3/16
[2020.01.25-21.15.19:305][489]LogSlate: Window 'Message' being destroyed
[2020.01.25-21.18.09:719][574]LogUObjectHash: Compacting FUObjectHashTables data took   1.71ms
[2020.01.25-21.18.09:720][574]Cmd: OBJ SAVEPACKAGE PACKAGE="/Game/Diorama" FILE="../../../../Art/Park_SFAS/Park/Saved/Autosaves/Game/Diorama_Auto2.umap" SILENT=true AUTOSAVING=true KEEPDIRTY=false
[2020.01.25-21.18.09:980][574]LogSavePackage: Moving '../../../../Art/Park_SFAS/Park/Saved/Diorama_Auto2CC23245543ED7BC12CA36BB84DDE0422.tmp' to '../../../../Art/Park_SFAS/Park/Saved/Autosaves/Game/Diorama_Auto2.umap'
[2020.01.25-21.18.09:984][574]LogFileHelpers: Editor autosave (incl. sublevels) for '/Game/Diorama' took 0.304
[2020.01.25-21.18.09:984][574]LogFileHelpers: Editor autosave (incl. sublevels) for all levels took 0.304
[2020.01.25-21.18.09:986][574]OBJ SavePackage: Generating thumbnails for [1] asset(s) in package [/Game/Textures/T_foliage_Plane_low_defaultMat_BaseColor] ([1] browsable assets)...
[2020.01.25-21.18.09:990][574]OBJ SavePackage:     Rendered thumbnail for [Texture2D /Game/Textures/T_foliage_Plane_low_defaultMat_BaseColor.T_foliage_Plane_low_defaultMat_BaseColor]
[2020.01.25-21.18.09:990][574]OBJ SavePackage: Finished generating thumbnails for package [/Game/Textures/T_foliage_Plane_low_defaultMat_BaseColor]
[2020.01.25-21.18.10:027][574]LogTexture: Display: Building textures: T_foliage_Plane_low_defaultMat_BaseColor (AutoDXT, 2048X2048)
[2020.01.25-21.18.10:371][574]LogSavePackage: Moving '../../../../Art/Park_SFAS/Park/Saved/T_foliage_Plane_low_defaultMat_BCA5B7C674A556BAC82C0629B80F16FB5.tmp' to '../../../../Art/Park_SFAS/Park/Saved/Autosaves/Game/Textures/T_foliage_Plane_low_defaultMat_BaseColor_Auto2.uasset'
[2020.01.25-21.18.10:372][574]OBJ SavePackage: Generating thumbnails for [1] asset(s) in package [/Game/Textures/T_Foliage_defaultMat_Normal] ([1] browsable assets)...
[2020.01.25-21.18.10:377][574]OBJ SavePackage:     Rendered thumbnail for [Texture2D /Game/Textures/T_Foliage_defaultMat_Normal.T_Foliage_defaultMat_Normal]
[2020.01.25-21.18.10:377][574]OBJ SavePackage: Finished generating thumbnails for package [/Game/Textures/T_Foliage_defaultMat_Normal]
[2020.01.25-21.18.10:566][574]LogSavePackage: Moving '../../../../Art/Park_SFAS/Park/Saved/T_Foliage_defaultMat_Normal_Auto9383A1C64829918A4198E5A6EAAAC083.tmp' to '../../../../Art/Park_SFAS/Park/Saved/Autosaves/Game/Textures/T_Foliage_defaultMat_Normal_Auto2.uasset'
[2020.01.25-21.18.10:567][574]OBJ SavePackage: Generating thumbnails for [1] asset(s) in package [/Game/Textures/T_Foliage_defaultMat_OcclusionRoughnessMetallic] ([1] browsable assets)...
[2020.01.25-21.18.10:572][574]OBJ SavePackage:     Rendered thumbnail for [Texture2D /Game/Textures/T_Foliage_defaultMat_OcclusionRoughnessMetallic.T_Foliage_defaultMat_OcclusionRoughnessMetallic]
[2020.01.25-21.18.10:572][574]OBJ SavePackage: Finished generating thumbnails for package [/Game/Textures/T_Foliage_defaultMat_OcclusionRoughnessMetallic]
[2020.01.25-21.18.10:613][574]LogSavePackage: Moving '../../../../Art/Park_SFAS/Park/Saved/T_Foliage_defaultMat_OcclusionRoAD0A12774483B129D9CFF38688C43CDB.tmp' to '../../../../Art/Park_SFAS/Park/Saved/Autosaves/Game/Textures/T_Foliage_defaultMat_OcclusionRoughnessMetallic_Auto2.uasset'
[2020.01.25-21.18.10:614][574]LogFileHelpers: Auto-saving content packages took 0.629
[2020.01.25-21.27.37:860][452]LogSlate: FSceneViewport::OnFocusLost() reason 0
[2020.01.25-21.27.45:884][460]LogFactory: FactoryCreateFile: StaticMesh with FbxFactory (0 0 ../../../../Art/Park_SFAS/Models/SM_lily.obj)
[2020.01.25-21.27.45:892][460]LogFbx: Loading FBX Scene from ../../../../Art/Park_SFAS/Models/SM_lily.obj
[2020.01.25-21.27.45:896][460]LogFbx: FBX Scene Loaded Succesfully
[2020.01.25-21.27.49:841][460]LogSlate: Window 'FBX Import Options' being destroyed
[2020.01.25-21.27.49:864][460]LogLinker: Failed to load '/Game/Materials/Plane_low_Plane_low_defaultMat_opacity': Can't find file.
[2020.01.25-21.27.49:864][460]LogLinker: Failed to load '/Game/Materials/Plane_low_Plane_low_defaultMat_opacity': Can't find file.
[2020.01.25-21.27.49:902][460]LogTexture: Display: Building textures: Plane_low_Plane_low_defaultMat_opacity (AutoDXT, 2048X2048)
[2020.01.25-21.27.50:032][460]LogFbx: Display: Triangulating static mesh polySurface718
[2020.01.25-21.27.50:045][460]LogStaticMesh: Building static mesh SM_lily...
[2020.01.25-21.27.50:055][460]LogStaticMesh: Built static mesh [0.01s] /Game/Materials/SM_lily.SM_lily
[2020.01.25-21.27.54:861][972]LogUObjectHash: Compacting FUObjectHashTables data took   2.04ms
[2020.01.25-21.27.57:161][972]LogSlate: Window 'Delete Assets' being destroyed
[2020.01.25-21.27.57:242][972]LogUObjectHash: Compacting FUObjectHashTables data took   1.59ms
[2020.01.25-21.28.00:148][299]Cmd: OBJ SAVEPACKAGE PACKAGE="/Game/Meshes/SM_lily" FILE="../../../../Art/Park_SFAS/Park/Content/Meshes/SM_lily.uasset" SILENT=true
[2020.01.25-21.28.00:165][299]LogSavePackage: Moving '../../../../Art/Park_SFAS/Park/Saved/SM_lily7E9EA16744676D97C1C2D7AD3ECE9D64.tmp' to '../../../../Art/Park_SFAS/Park/Content/Meshes/SM_lily.uasset'
[2020.01.25-21.28.00:289][299]LogUObjectHash: Compacting FUObjectHashTables data took   0.72ms
[2020.01.25-21.28.00:330][299]LogUObjectHash: Compacting FUObjectHashTables data took   0.99ms
[2020.01.25-21.28.00:366][299]LogUObjectHash: Compacting FUObjectHashTables data took   0.75ms
[2020.01.25-21.28.04:612][749]LogUObjectHash: Compacting FUObjectHashTables data took   0.73ms
[2020.01.25-21.28.05:559][749]LogSlate: Window 'Delete Assets' being destroyed
[2020.01.25-21.28.05:638][749]LogUObjectHash: Compacting FUObjectHashTables data took   1.63ms
[2020.01.25-21.28.10:684][278]LogAssetEditorManager: Opening Asset editor for StaticMesh /Game/Meshes/SM_lily.SM_lily
[2020.01.25-21.28.15:252][720]Cmd: OBJ SAVEPACKAGE PACKAGE="/Game/Meshes/SM_lily" FILE="../../../../Art/Park_SFAS/Park/Content/Meshes/SM_lily.uasset" SILENT=true
[2020.01.25-21.28.15:277][720]LogSavePackage: Moving '../../../../Art/Park_SFAS/Park/Saved/SM_lily84AAE19845A82B14B73496A3CD2C325E.tmp' to '../../../../Art/Park_SFAS/Park/Content/Meshes/SM_lily.uasset'
[2020.01.25-21.28.16:586][835]LogActorFactory: Actor Factory created SM_lily
[2020.01.25-21.28.17:547][907]LogActorFactory: Actor Factory created SM_lily
[2020.01.25-21.28.19:457][ 52]Cmd: CAMERA ALIGN ACTIVEVIEWPORTONLY
[2020.01.25-21.28.21:419][191]Cmd: SELECT NONE
[2020.01.25-21.28.25:444][531]LogEditorViewport: Clicking on Actor (LMB): StaticMeshActor (SM_lily)
[2020.01.25-21.28.30:273][902]Cmd: SELECT NONE
[2020.01.25-21.28.33:895][229]LogEditorViewport: Clicking on Actor (LMB): StaticMeshActor (SM_lily)
[2020.01.25-21.28.34:490][265]Cmd: SELECT NONE
[2020.01.25-21.28.37:191][492]LogEditorViewport: Clicking on Actor (LMB): StaticMeshActor (SM_lily)
[2020.01.25-21.29.39:813][493]Cmd: SELECT NONE
[2020.01.25-21.29.47:842][209]LogEditorViewport: Clicking on Actor (LMB): StaticMeshActor (SM_lily)
[2020.01.25-21.29.50:403][394]Cmd: SELECT NONE
[2020.01.25-21.29.55:865][883]LogEditorViewport: Clicking on Actor (LMB): StaticMeshActor (SM_lily4)
[2020.01.25-21.30.01:692][391]Cmd: SELECT NONE
[2020.01.25-21.30.05:844][749]LogEditorViewport: Clicking on Actor (LMB): StaticMeshActor (SM_lily7)
[2020.01.25-21.30.06:630][800]Cmd: SELECT NONE
[2020.01.25-21.30.09:486][ 34]LogEditorViewport: Clicking on Actor (LMB): StaticMeshActor (SM_lily)
[2020.01.25-21.30.16:477][575]Cmd: SELECT NONE
[2020.01.25-21.30.17:231][657]LogEditorViewport: Clicking on Actor (LMB): StaticMeshActor (SM_River)
[2020.01.25-21.30.17:596][687]Cmd: SELECT NONE
[2020.01.25-21.30.20:708][952]LogEditorViewport: Clicking on Actor (LMB): StaticMeshActor (SM_lily12)
[2020.01.25-21.30.25:419][352]LogEditorViewport: Clicking on Actor (LMB): StaticMeshActor (SM_lily)
[2020.01.25-21.30.25:563][362]Cmd: SELECT NONE
[2020.01.25-21.30.27:066][498]LogEditorViewport: Clicking on Actor (LMB): StaticMeshActor (SM_lily12)
[2020.01.25-21.30.28:693][624]Cmd: SELECT NONE
[2020.01.25-21.30.32:277][939]LogEditorViewport: Clicking on Actor (LMB): StaticMeshActor (SM_River)
[2020.01.25-21.30.32:646][957]LogEditorViewport: Clicking on Actor (LMB): StaticMeshActor (SM_lily11)
[2020.01.25-21.30.36:817][285]Cmd: SELECT NONE
[2020.01.25-21.30.38:485][422]LogEditorViewport: Clicking on Actor (LMB): StaticMeshActor (SM_lily11)
[2020.01.25-21.30.40:726][605]Cmd: SELECT NONE
[2020.01.25-21.30.48:392][399]LogEditorViewport: Clicking on Actor (LMB): StaticMeshActor (SM_Lilypad4)
[2020.01.25-21.30.48:722][427]Cmd: CAMERA ALIGN ACTIVEVIEWPORTONLY
[2020.01.25-21.30.50:127][524]LogEditorViewport: Clicking on Actor (LMB): StaticMeshActor (SM_lily)
[2020.01.25-21.30.53:442][779]Cmd: SELECT NONE
[2020.01.25-21.30.54:699][880]LogEditorViewport: Clicking on Actor (LMB): StaticMeshActor (SM_lily13)
[2020.01.25-21.30.57:650][120]Cmd: SELECT NONE
[2020.01.25-21.30.59:680][289]LogEditorViewport: Clicking on Actor (LMB): StaticMeshActor (SM_lily11)
[2020.01.25-21.31.02:367][493]LogEditorViewport: Clicking on Actor (LMB): StaticMeshActor (SM_lily2)
[2020.01.25-21.31.04:500][667]LogEditorViewport: Clicking on Actor (LMB): StaticMeshActor (SM_lily3)
[2020.01.25-21.31.05:601][757]Cmd: SELECT NONE
[2020.01.25-21.31.08:125][948]LogEditorViewport: Clicking on Actor (LMB): StaticMeshActor (SM_lily7)
[2020.01.25-21.31.10:233][ 97]Cmd: SELECT NONE
[2020.01.25-21.31.12:308][275]LogEditorViewport: Clicking on Actor (LMB): StaticMeshActor (SM_lily8)
[2020.01.25-21.31.14:569][443]Cmd: SELECT NONE
[2020.01.25-21.31.19:011][802]LogEditorViewport: Clicking on Actor (LMB): StaticMeshActor (SM_lily)
[2020.01.25-21.31.21:044][952]Cmd: SELECT NONE
[2020.01.25-21.31.29:595][863]LogSlate: FSceneViewport::OnFocusLost() reason 0
[2020.01.25-21.31.29:757][873]LogRenderer: Reallocating scene render targets to support 1208x720 Format 10 NumSamples 1 (Frame:99282).
[2020.01.25-21.31.29:790][874]LogRenderer: Reallocating scene render targets to support 1208x776 Format 10 NumSamples 1 (Frame:99284).
[2020.01.25-21.31.29:830][875]LogRenderer: Reallocating scene render targets to support 1208x840 Format 10 NumSamples 1 (Frame:99286).
[2020.01.25-21.31.29:960][876]LogRenderer: Reallocating scene render targets to support 1208x884 Format 10 NumSamples 1 (Frame:99288).
[2020.01.25-21.31.31:036][998]LogRenderer: Reallocating scene render targets to support 1212x884 Format 10 NumSamples 1 (Frame:99293).
[2020.01.25-21.31.31:164][999]LogRenderer: Reallocating scene render targets to support 1216x884 Format 10 NumSamples 1 (Frame:99295).
[2020.01.25-21.31.31:475][  0]LogRenderer: Reallocating scene render targets to support 1252x884 Format 10 NumSamples 1 (Frame:99297).
[2020.01.25-21.31.31:715][  1]LogRenderer: Reallocating scene render targets to support 1280x884 Format 10 NumSamples 1 (Frame:99299).
[2020.01.25-21.32.02:690][665]LogUObjectHash: Compacting FUObjectHashTables data took   1.73ms
[2020.01.25-21.32.02:690][665]Cmd: OBJ SAVEPACKAGE PACKAGE="/Game/Diorama" FILE="../../../../Art/Park_SFAS/Park/Saved/Autosaves/Game/Diorama_Auto3.umap" SILENT=true AUTOSAVING=true KEEPDIRTY=false
[2020.01.25-21.32.02:946][665]LogSavePackage: Moving '../../../../Art/Park_SFAS/Park/Saved/Diorama_Auto33B7053EE482682BBFF1DD79ACFA39D1D.tmp' to '../../../../Art/Park_SFAS/Park/Saved/Autosaves/Game/Diorama_Auto3.umap'
[2020.01.25-21.32.02:949][665]LogFileHelpers: Editor autosave (incl. sublevels) for '/Game/Diorama' took 0.298
[2020.01.25-21.32.02:949][665]LogFileHelpers: Editor autosave (incl. sublevels) for all levels took 0.298
[2020.01.25-21.33.08:624][767]LogSlate: FSceneViewport::OnFocusLost() reason 0
[2020.01.25-21.33.08:725][777]Cmd: OBJ SAVEPACKAGE PACKAGE="/Game/Diorama" FILE="../../../../Art/Park_SFAS/Park/Content/Diorama.umap" SILENT=true AUTOSAVING=false KEEPDIRTY=false
[2020.01.25-21.33.08:767][777]LogUObjectHash: Compacting FUObjectHashTables data took   2.60ms
[2020.01.25-21.33.09:011][777]LogSavePackage: Moving '../../../../Art/Park_SFAS/Park/Saved/Diorama041CCDB04CC5A2F986B266970ED9451A.tmp' to '../../../../Art/Park_SFAS/Park/Content/Diorama.umap'
[2020.01.25-21.33.09:079][777]Cmd: OBJ SAVEPACKAGE PACKAGE="/Game/Diorama_BuiltData" FILE="../../../../Art/Park_SFAS/Park/Content/Diorama_BuiltData.uasset" SILENT=true
[2020.01.25-21.33.09:207][777]LogSavePackage: Moving '../../../../Art/Park_SFAS/Park/Saved/Diorama_BuiltData891CA70B416A0C2A334CC1A37F8A2CBC.tmp' to '../../../../Art/Park_SFAS/Park/Content/Diorama_BuiltData.uasset'
[2020.01.25-21.33.11:198][886]LogSlate: Window 'Message' being destroyed
[2020.01.25-21.33.11:581][886]LogMaterial: Display: Missing cached shader map for material m_Grass, compiling. 
[2020.01.25-21.33.11:652][886]LogShaderCompilers: Display: Worker (1/13): shaders left to compile 30
[2020.01.25-21.33.11:652][886]LogShaderCompilers: Display: Worker (2/13): shaders left to compile 29
[2020.01.25-21.33.11:652][886]LogShaderCompilers: Display: Worker (3/13): shaders left to compile 28
[2020.01.25-21.33.11:652][886]LogShaderCompilers: Display: Worker (4/13): shaders left to compile 27
[2020.01.25-21.33.11:652][886]LogShaderCompilers: Display: Worker (5/13): shaders left to compile 26
[2020.01.25-21.33.11:652][886]LogShaderCompilers: Display: Worker (6/13): shaders left to compile 25
[2020.01.25-21.33.11:652][886]LogShaderCompilers: Display: Worker (7/13): shaders left to compile 24
[2020.01.25-21.33.11:652][886]LogShaderCompilers: Display: Worker (8/13): shaders left to compile 23
[2020.01.25-21.33.11:653][886]LogShaderCompilers: Display: Worker (9/13): shaders left to compile 22
[2020.01.25-21.33.11:653][886]LogShaderCompilers: Display: Worker (10/13): shaders left to compile 21
[2020.01.25-21.33.11:653][886]LogShaderCompilers: Display: Worker (11/13): shaders left to compile 20
[2020.01.25-21.33.11:653][886]LogShaderCompilers: Display: Worker (12/13): shaders left to compile 19
[2020.01.25-21.33.11:660][886]LogMaterial: Display: Missing cached shader map for material m_Grass, compiling. 
[2020.01.25-21.33.11:686][886]LogMaterial: Display: Missing cached shader map for material m_Grass, compiling. 
[2020.01.25-21.33.11:752][886]LogUObjectHash: Compacting FUObjectHashTables data took   2.89ms
[2020.01.25-21.33.11:766][886]LogMaterial: Display: Missing cached shader map for material DebugViewMode MaterialTexCoordScale, compiling. 
[2020.01.25-21.33.13:041][886]LogShaderCompilers: Display: Worker (8/13): shaders left to compile 51
[2020.01.25-21.33.13:041][886]LogShaderCompilers: Display: Worker (9/13): shaders left to compile 50
[2020.01.25-21.33.13:041][886]LogShaderCompilers: Display: Worker (2/13): shaders left to compile 49
[2020.01.25-21.33.13:041][886]LogShaderCompilers: Display: Worker (5/13): shaders left to compile 48
[2020.01.25-21.33.13:041][886]LogShaderCompilers: Display: Worker (1/13): shaders left to compile 47
[2020.01.25-21.33.13:041][886]LogShaderCompilers: Display: Worker (3/13): shaders left to compile 46
[2020.01.25-21.33.13:041][886]LogShaderCompilers: Display: Worker (4/13): shaders left to compile 45
[2020.01.25-21.33.13:041][886]LogShaderCompilers: Display: Worker (6/13): shaders left to compile 44
[2020.01.25-21.33.13:041][886]LogShaderCompilers: Display: Worker (7/13): shaders left to compile 43
[2020.01.25-21.33.13:041][886]LogShaderCompilers: Display: Worker (12/13): shaders left to compile 42
[2020.01.25-21.33.13:041][886]LogShaderCompilers: Display: Worker (10/13): shaders left to compile 41
[2020.01.25-21.33.13:041][886]LogShaderCompilers: Display: Worker (11/13): shaders left to compile 40
[2020.01.25-21.33.13:041][886]LogShaderCompilers: Display: Worker (2/13): shaders left to compile 39
[2020.01.25-21.33.13:041][886]LogShaderCompilers: Display: Worker (8/13): shaders left to compile 38
[2020.01.25-21.33.13:041][886]LogShaderCompilers: Display: Worker (3/13): shaders left to compile 37
[2020.01.25-21.33.13:041][886]LogShaderCompilers: Display: Worker (7/13): shaders left to compile 36
[2020.01.25-21.33.13:041][886]LogShaderCompilers: Display: Worker (5/13): shaders left to compile 35
[2020.01.25-21.33.13:041][886]LogShaderCompilers: Display: Worker (1/13): shaders left to compile 34
[2020.01.25-21.33.13:041][886]LogShaderCompilers: Display: Worker (9/13): shaders left to compile 33
[2020.01.25-21.33.13:041][886]LogShaderCompilers: Display: Worker (4/13): shaders left to compile 32
[2020.01.25-21.33.13:041][886]LogShaderCompilers: Display: Worker (6/13): shaders left to compile 31
[2020.01.25-21.33.13:041][886]LogShaderCompilers: Display: Worker (12/13): shaders left to compile 28
[2020.01.25-21.33.13:041][886]LogShaderCompilers: Display: Worker (11/13): shaders left to compile 25
[2020.01.25-21.33.13:041][886]LogShaderCompilers: Display: Worker (9/13): shaders left to compile 22
[2020.01.25-21.33.13:041][886]LogShaderCompilers: Display: Worker (3/13): shaders left to compile 20
[2020.01.25-21.33.13:041][886]LogShaderCompilers: Display: Worker (10/13): shaders left to compile 18
[2020.01.25-21.33.13:041][886]LogShaderCompilers: Display: Worker (4/13): shaders left to compile 16
[2020.01.25-21.33.13:044][886]TextureStreamingBuild: Display: Compiling optional shaders took 1.292 seconds.
[2020.01.25-21.33.13:083][886]LogShaderCompilers: Display: Worker (7/13): shaders left to compile 14
[2020.01.25-21.33.13:083][886]LogUObjectHash: Compacting FUObjectHashTables data took   1.08ms
[2020.01.25-21.33.13:131][886]LogShaderCompilers: Display: Worker (1/13): shaders left to compile 12
[2020.01.25-21.33.13:131][886]LogShaderCompilers: Display: Worker (2/13): shaders left to compile 10
[2020.01.25-21.33.13:131][886]LogUObjectHash: Compacting FUObjectHashTables data took   1.05ms
[2020.01.25-21.33.13:184][886]LogShaderCompilers: Display: Worker (8/13): shaders left to compile 8
[2020.01.25-21.33.13:253][886]LogShaderCompilers: Display: Worker (5/13): shaders left to compile 7
[2020.01.25-21.33.13:475][886]LogShaderCompilers: Display: Worker (11/13): shaders left to compile 6
[2020.01.25-21.33.13:544][886]LogShaderCompilers: Display: Worker (8/13): shaders left to compile 5
[2020.01.25-21.33.13:652][886]LogShaderCompilers: Display: Worker (6/13): shaders left to compile 4
[2020.01.25-21.33.13:652][886]LogShaderCompilers: Display: Worker (12/13): shaders left to compile 3
[2020.01.25-21.33.13:798][886]LogShaderCompilers: Display: Worker (5/13): shaders left to compile 2
[2020.01.25-21.33.13:874][886]LogShaderCompilers: Display: Worker (3/13): shaders left to compile 1
[2020.01.25-21.33.14:267][886]LogSlate: Window 'Save Content' being destroyed
[2020.01.25-21.33.14:317][886]Cmd: OBJ SAVEPACKAGE PACKAGE="/Game/Materials/m_Grass" FILE="../../../../Art/Park_SFAS/Park/Content/Materials/m_Grass.uasset" SILENT=true
[2020.01.25-21.33.14:341][886]LogSavePackage: Moving '../../../../Art/Park_SFAS/Park/Saved/m_Grass67FCDD9F49799C4F21D93D9D54E90913.tmp' to '../../../../Art/Park_SFAS/Park/Content/Materials/m_Grass.uasset'
[2020.01.25-21.33.14:346][886]Cmd: OBJ SAVEPACKAGE PACKAGE="/Game/Materials/M_Leafrepeating" FILE="../../../../Art/Park_SFAS/Park/Content/Materials/M_Leafrepeating.uasset" SILENT=true
[2020.01.25-21.33.14:360][886]LogSavePackage: Moving '../../../../Art/Park_SFAS/Park/Saved/M_Leafrepeating52496FA04CADDA9111C7E8AC689E24C7.tmp' to '../../../../Art/Park_SFAS/Park/Content/Materials/M_Leafrepeating.uasset'
[2020.01.25-21.33.14:369][886]Cmd: OBJ SAVEPACKAGE PACKAGE="/Game/Meshes/SM_tree" FILE="../../../../Art/Park_SFAS/Park/Content/Meshes/SM_tree.uasset" SILENT=true
[2020.01.25-21.33.14:418][886]LogSavePackage: Moving '../../../../Art/Park_SFAS/Park/Saved/SM_tree665068764ED065356E749EA5EE99DBFE.tmp' to '../../../../Art/Park_SFAS/Park/Content/Meshes/SM_tree.uasset'
[2020.01.25-21.33.14:428][886]Cmd: OBJ SAVEPACKAGE PACKAGE="/Game/Meshes/SM_Wall_end" FILE="../../../../Art/Park_SFAS/Park/Content/Meshes/SM_Wall_end.uasset" SILENT=true
[2020.01.25-21.33.14:451][886]LogSavePackage: Moving '../../../../Art/Park_SFAS/Park/Saved/SM_Wall_endB3474A0C40C7987B621E219FB87B47A2.tmp' to '../../../../Art/Park_SFAS/Park/Content/Meshes/SM_Wall_end.uasset'
[2020.01.25-21.33.14:461][886]Cmd: OBJ SAVEPACKAGE PACKAGE="/Game/Textures/T_Foliage_defaultMat_Normal" FILE="../../../../Art/Park_SFAS/Park/Content/Textures/T_Foliage_defaultMat_Normal.uasset" SILENT=true
[2020.01.25-21.33.14:966][886]LogSavePackage: Moving '../../../../Art/Park_SFAS/Park/Saved/T_Foliage_defaultMat_Normal251EF687405F6498F016BCA2317ACCD4.tmp' to '../../../../Art/Park_SFAS/Park/Content/Textures/T_Foliage_defaultMat_Normal.uasset'
[2020.01.25-21.33.15:121][886]LogSavePackage: Moving '../../../../Art/Park_SFAS/Park/Saved/T_Foliage_defaultMat_OcclusionRo223E4D444936AE549CA22382374D567D.tmp' to '../../../../Art/Park_SFAS/Park/Content/Textures/T_Foliage_defaultMat_OcclusionRoughnessMetallic.uasset'
[2020.01.25-21.33.15:135][886]Cmd: OBJ SAVEPACKAGE PACKAGE="/Game/Textures/T_foliage_Plane_low_defaultMat_BaseColor" FILE="../../../../Art/Park_SFAS/Park/Content/Textures/T_foliage_Plane_low_defaultMat_BaseColor.uasset" SILENT=true
[2020.01.25-21.33.15:485][886]LogSavePackage: Moving '../../../../Art/Park_SFAS/Park/Saved/T_foliage_Plane_low_defaultMat_B7CF92B1A4B038EF54276CBAF4090EA13.tmp' to '../../../../Art/Park_SFAS/Park/Content/Textures/T_foliage_Plane_low_defaultMat_BaseColor.uasset'
[2020.01.25-21.33.15:496][886]Cmd: OBJ SAVEPACKAGE PACKAGE="/Game/Textures/T_gravel_basecolor" FILE="../../../../Art/Park_SFAS/Park/Content/Textures/T_gravel_basecolor.uasset" SILENT=true
[2020.01.25-21.33.16:021][886]LogSavePackage: Moving '../../../../Art/Park_SFAS/Park/Saved/T_gravel_basecolor3643D57C488B96BB5856D1A34CDF8256.tmp' to '../../../../Art/Park_SFAS/Park/Content/Textures/T_gravel_basecolor.uasset'
[2020.01.25-21.33.16:030][886]Cmd: OBJ SAVEPACKAGE PACKAGE="/Game/Textures/T_Gravel_metallic" FILE="../../../../Art/Park_SFAS/Park/Content/Textures/T_Gravel_metallic.uasset" SILENT=true
[2020.01.25-21.33.16:536][886]LogSavePackage: Moving '../../../../Art/Park_SFAS/Park/Saved/T_Gravel_metallic5F0008EC40293BD7746AD981E823C06B.tmp' to '../../../../Art/Park_SFAS/Park/Content/Textures/T_Gravel_metallic.uasset'
[2020.01.25-21.33.16:547][886]Cmd: OBJ SAVEPACKAGE PACKAGE="/Game/Textures/T_Gravel_normal" FILE="../../../../Art/Park_SFAS/Park/Content/Textures/T_Gravel_normal.uasset" SILENT=true
[2020.01.25-21.33.17:151][886]LogSavePackage: Moving '../../../../Art/Park_SFAS/Park/Saved/T_Gravel_normal5ED267EE461E670BACD01CBAC9B667FE.tmp' to '../../../../Art/Park_SFAS/Park/Content/Textures/T_Gravel_normal.uasset'
[2020.01.25-21.33.17:294][886]LogWorld: UWorld::CleanupWorld for World_10, bSessionEnded=true, bCleanupResources=true
[2020.01.25-21.33.17:399][886]LogWorld: UWorld::CleanupWorld for World_8, bSessionEnded=true, bCleanupResources=true
[2020.01.25-21.33.17:476][886]LogWorld: UWorld::CleanupWorld for World_9, bSessionEnded=true, bCleanupResources=true
[2020.01.25-21.33.17:498][886]LogSlate: Window 'SM_lily' being destroyed
[2020.01.25-21.33.17:561][886]LogWorld: UWorld::CleanupWorld for World_11, bSessionEnded=true, bCleanupResources=true
[2020.01.25-21.33.17:570][886]LogSlate: Window 'Park - Unreal Editor' being destroyed
[2020.01.25-21.33.17:571][886]LogWindowsTextInputMethodSystem: Display: IME system now deactivated.
[2020.01.25-21.33.17:786][887]Cmd: QUIT_EDITOR
[2020.01.25-21.33.17:822][887]LogExit: Preparing to exit.
[2020.01.25-21.33.17:995][887]LogActorComponent: UnregisterComponent: (None.None) Not registered. Aborting.
[2020.01.25-21.33.17:995][887]LogActorComponent: UnregisterComponent: (None.None) Not registered. Aborting.
[2020.01.25-21.33.17:995][887]LogActorComponent: UnregisterComponent: (None.None) Not registered. Aborting.
[2020.01.25-21.33.17:995][887]LogActorComponent: UnregisterComponent: (None.None) Not registered. Aborting.
[2020.01.25-21.33.17:995][887]LogActorComponent: UnregisterComponent: (None.None) Not registered. Aborting.
[2020.01.25-21.33.17:995][887]LogActorComponent: UnregisterComponent: (None.None) Not registered. Aborting.
[2020.01.25-21.33.17:995][887]LogActorComponent: UnregisterComponent: (None.None) Not registered. Aborting.
[2020.01.25-21.33.17:996][887]LogWorld: UWorld::CleanupWorld for None, bSessionEnded=true, bCleanupResources=true
[2020.01.25-21.33.17:996][887]LogActorComponent: UnregisterComponent: (None.None) Not registered. Aborting.
[2020.01.25-21.33.17:996][887]LogActorComponent: UnregisterComponent: (None.None) Not registered. Aborting.
[2020.01.25-21.33.17:996][887]LogActorComponent: UnregisterComponent: (None.None) Not registered. Aborting.
[2020.01.25-21.33.17:996][887]LogActorComponent: UnregisterComponent: (None.None) Not registered. Aborting.
[2020.01.25-21.33.17:996][887]LogActorComponent: UnregisterComponent: (None.None) Not registered. Aborting.
[2020.01.25-21.33.17:996][887]LogActorComponent: UnregisterComponent: (None.None) Not registered. Aborting.
[2020.01.25-21.33.17:996][887]LogActorComponent: UnregisterComponent: (None.None) Not registered. Aborting.
[2020.01.25-21.33.17:996][887]LogWorld: UWorld::CleanupWorld for None, bSessionEnded=true, bCleanupResources=true
[2020.01.25-21.33.18:017][887]LogExit: Editor shut down
[2020.01.25-21.33.18:017][887]LogExit: Transaction tracking system shut down
[2020.01.25-21.33.18:018][887]LogDemo: Cleaned up 0 splitscreen connections with owner deletion
[2020.01.25-21.33.18:269][887]LogExit: Object subsystem successfully closed.
[2020.01.25-21.33.18:307][887]LogShaderCompilers: Display: Shaders left to compile 0
[2020.01.25-21.33.18:320][887]LogModuleManager: Shutting down and abandoning module TextureEditor (676)
[2020.01.25-21.33.18:320][887]LogModuleManager: Shutting down and abandoning module StaticMeshEditor (674)
[2020.01.25-21.33.18:320][887]LogModuleManager: Shutting down and abandoning module MeshBuilder (672)
[2020.01.25-21.33.18:320][887]LogModuleManager: Shutting down and abandoning module HierarchicalLODOutliner (670)
[2020.01.25-21.33.18:320][887]LogModuleManager: Shutting down and abandoning module SceneOutliner (668)
[2020.01.25-21.33.18:320][887]LogModuleManager: Shutting down and abandoning module AddContentDialog (666)
[2020.01.25-21.33.18:321][887]LogModuleManager: Shutting down and abandoning module WidgetCarousel (665)
[2020.01.25-21.33.18:322][887]LogModuleManager: Shutting down and abandoning module EditorWidgets (662)
[2020.01.25-21.33.18:322][887]LogModuleManager: Shutting down and abandoning module CollectionManager (660)
[2020.01.25-21.33.18:322][887]LogModuleManager: Shutting down and abandoning module HierarchicalLODUtilities (658)
[2020.01.25-21.33.18:322][887]LogModuleManager: Shutting down and abandoning module StatsViewer (656)
[2020.01.25-21.33.18:322][887]LogModuleManager: Shutting down and abandoning module VirtualTexturingEditor (654)
[2020.01.25-21.33.18:322][887]LogModuleManager: Shutting down and abandoning module FoliageEdit (652)
[2020.01.25-21.33.18:322][887]LogModuleManager: Shutting down and abandoning module LandscapeEditor (650)
[2020.01.25-21.33.18:322][887]LogModuleManager: Shutting down and abandoning module MeshPaintMode (648)
[2020.01.25-21.33.18:322][887]LogModuleManager: Shutting down and abandoning module SceneDepthPickerMode (646)
[2020.01.25-21.33.18:322][887]LogModuleManager: Shutting down and abandoning module ActorPickerMode (644)
[2020.01.25-21.33.18:322][887]LogModuleManager: Shutting down and abandoning module GeometryMode (642)
[2020.01.25-21.33.18:322][887]LogModuleManager: Shutting down and abandoning module TextureAlignMode (640)
[2020.01.25-21.33.18:323][887]LogModuleManager: Shutting down and abandoning module BspMode (638)
[2020.01.25-21.33.18:323][887]LogModuleManager: Shutting down and abandoning module PIEPreviewDeviceProfileSelector (636)
[2020.01.25-21.33.18:323][887]LogModuleManager: Shutting down and abandoning module SequenceRecorderSections (634)
[2020.01.25-21.33.18:323][887]LogModuleManager: Shutting down and abandoning module AutomationWorker (632)
[2020.01.25-21.33.18:323][887]LogModuleManager: Shutting down and abandoning module OculusMR (630)
[2020.01.25-21.33.18:323][887]LogModuleManager: Shutting down and abandoning module AudioCaptureEditor (628)
[2020.01.25-21.33.18:323][887]LogModuleManager: Shutting down and abandoning module MatineeToLevelSequence (626)
[2020.01.25-21.33.18:323][887]LogModuleManager: Shutting down and abandoning module LevelSequenceEditor (624)
[2020.01.25-21.33.18:323][887]LogModuleManager: Shutting down and abandoning module PlacementMode (623)
[2020.01.25-21.33.18:323][887]LogModuleManager: Shutting down and abandoning module MaterialEditor (622)
[2020.01.25-21.33.18:323][887]LogModuleManager: Shutting down and abandoning module ActorSequenceEditor (618)
[2020.01.25-21.33.18:323][887]LogModuleManager: Shutting down and abandoning module WmfMediaFactory (616)
[2020.01.25-21.33.18:323][887]LogModuleManager: Shutting down and abandoning module WmfMediaEditor (614)
[2020.01.25-21.33.18:323][887]LogModuleManager: Shutting down and abandoning module WebMMediaFactory (612)
[2020.01.25-21.33.18:323][887]LogModuleManager: Shutting down and abandoning module WebMMediaEditor (610)
[2020.01.25-21.33.18:323][887]LogModuleManager: Shutting down and abandoning module WebMMedia (608)
[2020.01.25-21.33.18:323][887]LogModuleManager: Shutting down and abandoning module MediaPlayerEditor (606)
[2020.01.25-21.33.18:323][887]LogModuleManager: Shutting down and abandoning module MediaCompositingEditor (604)
[2020.01.25-21.33.18:323][887]LogModuleManager: Shutting down and abandoning module SequenceRecorder (603)
[2020.01.25-21.33.18:323][887]LogModuleManager: Shutting down and abandoning module OpenExrWrapper (600)
[2020.01.25-21.33.18:323][887]LogModuleManager: Shutting down and abandoning module ImgMediaFactory (598)
[2020.01.25-21.33.18:323][887]LogModuleManager: Shutting down and abandoning module ImgMediaEditor (596)
[2020.01.25-21.33.18:323][887]LogModuleManager: Shutting down and abandoning module AvfMediaFactory (594)
[2020.01.25-21.33.18:323][887]LogModuleManager: Shutting down and abandoning module AvfMediaEditor (592)
[2020.01.25-21.33.18:323][887]LogModuleManager: Shutting down and abandoning module AndroidMediaFactory (590)
[2020.01.25-21.33.18:323][887]LogModuleManager: Shutting down and abandoning module AndroidMediaEditor (588)
[2020.01.25-21.33.18:324][887]LogModuleManager: Shutting down and abandoning module MagicLeapCameraPreviewFactory (586)
[2020.01.25-21.33.18:324][887]LogModuleManager: Shutting down and abandoning module MagicLeapMediaCodecFactory (584)
[2020.01.25-21.33.18:324][887]LogModuleManager: Shutting down and abandoning module MagicLeapMediaFactory (582)
[2020.01.25-21.33.18:324][887]LogModuleManager: Shutting down and abandoning module MagicLeapMediaEditor (580)
[2020.01.25-21.33.18:324][887]LogModuleManager: Shutting down and abandoning module CharacterAI (578)
[2020.01.25-21.33.18:324][887]LogModuleManager: Shutting down and abandoning module SmartSnapping (576)
[2020.01.25-21.33.18:324][887]LogModuleManager: Shutting down and abandoning module SessionServices (574)
[2020.01.25-21.33.18:324][887]LogModuleManager: Shutting down and abandoning module MeshPaint (572)
[2020.01.25-21.33.18:324][887]LogModuleManager: Shutting down and abandoning module ViewportSnapping (570)
[2020.01.25-21.33.18:324][887]LogModuleManager: Shutting down and abandoning module ViewportInteraction (568)
[2020.01.25-21.33.18:324][887]LogModuleManager: Shutting down and abandoning module ClothPainter (566)
[2020.01.25-21.33.18:324][887]LogModuleManager: Shutting down and abandoning module SkeletalMeshEditor (565)
[2020.01.25-21.33.18:324][887]LogModuleManager: Shutting down and abandoning module LogVisualizer (562)
[2020.01.25-21.33.18:324][887]LogModuleManager: Shutting down and abandoning module IntroTutorials (560)
[2020.01.25-21.33.18:324][887]LogModuleManager: Shutting down and abandoning module GameProjectGeneration (559)
[2020.01.25-21.33.18:324][887]LogModuleManager: Shutting down and abandoning module LuminPlatformEditor (556)
[2020.01.25-21.33.18:324][887]LogModuleManager: Shutting down and abandoning module IOSPlatformEditor (554)
[2020.01.25-21.33.18:324][887]LogModuleManager: Shutting down and abandoning module HTML5PlatformEditor (552)
[2020.01.25-21.33.18:324][887]LogModuleManager: Shutting down and abandoning module AndroidPlatformEditor (550)
[2020.01.25-21.33.18:324][887]LogModuleManager: Shutting down and abandoning module AndroidDeviceDetection (549)
[2020.01.25-21.33.19:152][887]LogModuleManager: Shutting down and abandoning module WindowsPlatformEditor (546)
[2020.01.25-21.33.19:152][887]LogModuleManager: Shutting down and abandoning module LuminRuntimeSettings (544)
[2020.01.25-21.33.19:152][887]LogModuleManager: Shutting down and abandoning module IOSRuntimeSettings (542)
[2020.01.25-21.33.19:152][887]LogModuleManager: Shutting down and abandoning module AndroidRuntimeSettings (540)
[2020.01.25-21.33.19:152][887]LogModuleManager: Shutting down and abandoning module TimeManagementEditor (538)
[2020.01.25-21.33.19:152][887]LogModuleManager: Shutting down and abandoning module InputBindingEditor (536)
[2020.01.25-21.33.19:152][887]LogModuleManager: Shutting down and abandoning module MergeActors (534)
[2020.01.25-21.33.19:152][887]LogModuleManager: Shutting down and abandoning module LocalizationDashboard (532)
[2020.01.25-21.33.19:153][887]LogModuleManager: Shutting down and abandoning module LocalizationService (531)
[2020.01.25-21.33.19:153][887]LogModuleManager: Shutting down and abandoning module HardwareTargeting (528)
[2020.01.25-21.33.19:153][887]LogModuleManager: Shutting down and abandoning module DeviceProfileEditor (526)
[2020.01.25-21.33.19:153][887]LogModuleManager: Shutting down and abandoning module UndoHistory (524)
[2020.01.25-21.33.19:153][887]LogModuleManager: Shutting down and abandoning module XmlParser (522)
[2020.01.25-21.33.19:153][887]LogModuleManager: Shutting down and abandoning module Blutility (520)
[2020.01.25-21.33.19:153][887]LogModuleManager: Shutting down and abandoning module ProjectSettingsViewer (518)
[2020.01.25-21.33.19:153][887]LogModuleManager: Shutting down and abandoning module ProjectTargetPlatformEditor (517)
[2020.01.25-21.33.19:153][887]LogModuleManager: Shutting down and abandoning module EditorSettingsViewer (514)
[2020.01.25-21.33.19:153][887]LogModuleManager: Shutting down and abandoning module SettingsEditor (512)
[2020.01.25-21.33.19:153][887]LogModuleManager: Shutting down and abandoning module ProjectLauncher (510)
[2020.01.25-21.33.19:153][887]LogModuleManager: Shutting down and abandoning module SessionFrontend (508)
[2020.01.25-21.33.19:153][887]LogModuleManager: Shutting down and abandoning module ProfilerClient (506)
[2020.01.25-21.33.19:153][887]LogModuleManager: Shutting down and abandoning module DeviceManager (504)
[2020.01.25-21.33.19:153][887]LogModuleManager: Shutting down and abandoning module TargetDeviceServices (503)
[2020.01.25-21.33.19:198][887]LogModuleManager: Shutting down and abandoning module AutomationController (500)
[2020.01.25-21.33.19:198][887]LogModuleManager: Shutting down and abandoning module AutomationWindow (498)
[2020.01.25-21.33.19:198][887]LogModuleManager: Shutting down and abandoning module Layers (496)
[2020.01.25-21.33.19:198][887]LogModuleManager: Shutting down and abandoning module ComponentVisualizers (494)
[2020.01.25-21.33.19:198][887]LogModuleManager: Shutting down and abandoning module DetailCustomizations (492)
[2020.01.25-21.33.19:198][887]LogModuleManager: Shutting down and abandoning module PackagesDialog (490)
[2020.01.25-21.33.19:198][887]LogModuleManager: Shutting down and abandoning module AnimationBlueprintEditor (488)
[2020.01.25-21.33.19:198][887]LogModuleManager: Shutting down and abandoning module Persona (486)
[2020.01.25-21.33.19:198][887]LogModuleManager: Shutting down and abandoning module AdvancedPreviewScene (485)
[2020.01.25-21.33.19:198][887]LogModuleManager: Shutting down and abandoning module AnimGraph (483)
[2020.01.25-21.33.19:198][887]LogModuleManager: Shutting down and abandoning module Kismet (480)
[2020.01.25-21.33.19:199][887]LogModuleManager: Shutting down and abandoning module KismetWidgets (479)
[2020.01.25-21.33.19:199][887]LogModuleManager: Shutting down and abandoning module GraphEditor (476)
[2020.01.25-21.33.19:199][887]LogModuleManager: Shutting down and abandoning module StructViewer (474)
[2020.01.25-21.33.19:199][887]LogModuleManager: Shutting down and abandoning module ClassViewer (472)
[2020.01.25-21.33.19:199][887]LogModuleManager: Shutting down and abandoning module Toolbox (470)
[2020.01.25-21.33.19:199][887]LogModuleManager: Shutting down and abandoning module ModuleUI (468)
[2020.01.25-21.33.19:199][887]LogModuleManager: Shutting down and abandoning module MovieSceneTools (466)
[2020.01.25-21.33.19:199][887]LogModuleManager: Shutting down and abandoning module OutputLog (464)
[2020.01.25-21.33.19:201][887]LogModuleManager: Shutting down and abandoning module GammaUI (462)
[2020.01.25-21.33.19:202][887]LogModuleManager: Shutting down and abandoning module Documentation (460)
[2020.01.25-21.33.19:202][887]LogModuleManager: Shutting down and abandoning module LiveCoding (458)
[2020.01.25-21.33.19:202][887]LogModuleManager: Shutting down and abandoning module LevelSequence (456)
[2020.01.25-21.33.19:202][887]LogModuleManager: Shutting down and abandoning module MovieSceneTracks (454)
[2020.01.25-21.33.19:202][887]LogModuleManager: Shutting down and abandoning module MovieScene (452)
[2020.01.25-21.33.19:202][887]LogModuleManager: Shutting down and abandoning module StreamingPauseRendering (450)
[2020.01.25-21.33.19:202][887]LogModuleManager: Shutting down and abandoning module LauncherPlatform (448)
[2020.01.25-21.33.19:202][887]LogModuleManager: Shutting down and abandoning module AnalyticsET (446)
[2020.01.25-21.33.19:202][887]LogModuleManager: Shutting down and abandoning module PortalServices (444)
[2020.01.25-21.33.19:202][887]LogModuleManager: Shutting down and abandoning module PortalRpc (442)
[2020.01.25-21.33.19:202][887]LogModuleManager: Shutting down and abandoning module MessagingRpc (440)
[2020.01.25-21.33.19:202][887]LogModuleManager: Shutting down and abandoning module AIModule (438)
[2020.01.25-21.33.19:202][887]LogModuleManager: Shutting down and abandoning module GameplayDebugger (437)
[2020.01.25-21.33.19:202][887]LogModuleManager: Shutting down and abandoning module AITestSuite (435)
[2020.01.25-21.33.19:202][887]LogModuleManager: Shutting down and abandoning module NavigationSystem (433)
[2020.01.25-21.33.19:202][887]LogModuleManager: Shutting down and abandoning module DesktopPlatform (430)
[2020.01.25-21.33.19:202][887]LogModuleManager: Shutting down and abandoning module ImageWriteQueue (428)
[2020.01.25-21.33.19:206][887]LogModuleManager: Shutting down and abandoning module ProfilerService (426)
[2020.01.25-21.33.19:366][887]LogModuleManager: Shutting down and abandoning module TaskGraph (424)
[2020.01.25-21.33.19:367][887]LogModuleManager: Shutting down and abandoning module ScreenshotTools (422)
[2020.01.25-21.33.19:367][887]LogModuleManager: Shutting down and abandoning module SteamVRController (420)
[2020.01.25-21.33.19:367][887]LogModuleManager: Shutting down and abandoning module ProceduralMeshComponentEditor (418)
[2020.01.25-21.33.19:367][887]LogModuleManager: Shutting down and abandoning module ProceduralMeshComponent (416)
[2020.01.25-21.33.19:367][887]LogModuleManager: Shutting down and abandoning module OculusEditor (414)
[2020.01.25-21.33.19:367][887]LogModuleManager: Shutting down and abandoning module OculusInput (412)
[2020.01.25-21.33.19:367][887]LogModuleManager: Shutting down and abandoning module MobilePatchingUtils (410)
[2020.01.25-21.33.19:367][887]LogModuleManager: Shutting down and abandoning module EditableMesh (408)
[2020.01.25-21.33.19:367][887]LogModuleManager: Shutting down and abandoning module CustomMeshComponent (406)
[2020.01.25-21.33.19:367][887]LogModuleManager: Shutting down and abandoning module CableComponent (404)
[2020.01.25-21.33.19:367][887]LogModuleManager: Shutting down and abandoning module AudioCapture (402)
[2020.01.25-21.33.19:367][887]LogModuleManager: Shutting down and abandoning module ArchVisCharacter (400)
[2020.01.25-21.33.19:367][887]LogModuleManager: Shutting down and abandoning module AppleImageUtilsBlueprintSupport (398)
[2020.01.25-21.33.19:367][887]LogModuleManager: Shutting down and abandoning module AppleImageUtils (396)
[2020.01.25-21.33.19:367][887]LogModuleManager: Shutting down and abandoning module AndroidPermission (394)
[2020.01.25-21.33.19:367][887]LogModuleManager: Shutting down and abandoning module NUTUnrealEngine4 (392)
[2020.01.25-21.33.19:367][887]LogModuleManager: Shutting down and abandoning module NetcodeUnitTest (390)
[2020.01.25-21.33.19:367][887]LogModuleManager: Shutting down and abandoning module MediaCompositing (388)
[2020.01.25-21.33.19:367][887]LogModuleManager: Shutting down and abandoning module ImgMedia (386)
[2020.01.25-21.33.19:367][887]LogModuleManager: Shutting down and abandoning module MagicLeapHelperVulkan (384)
[2020.01.25-21.33.19:367][887]LogModuleManager: Shutting down and abandoning module MagicLeapHelperOpenGL (382)
[2020.01.25-21.33.19:367][887]LogModuleManager: Shutting down and abandoning module MagicLeapAudio (380)
[2020.01.25-21.33.19:367][887]LogModuleManager: Shutting down and abandoning module HTML5Networking (378)
[2020.01.25-21.33.19:367][887]LogModuleManager: Shutting down and abandoning module GeometryCacheTracks (376)
[2020.01.25-21.33.19:367][887]LogModuleManager: Shutting down and abandoning module GeometryCacheSequencer (374)
[2020.01.25-21.33.19:367][887]LogModuleManager: Shutting down and abandoning module BackChannel (372)
[2020.01.25-21.33.19:367][887]LogModuleManager: Shutting down and abandoning module AutomationUtilsEditor (370)
[2020.01.25-21.33.19:367][887]LogModuleManager: Shutting down and abandoning module AutomationUtils (368)
[2020.01.25-21.33.19:367][887]LogModuleManager: Shutting down and abandoning module AlembicImporter (366)
[2020.01.25-21.33.19:367][887]LogModuleManager: Shutting down and abandoning module AlembicLibrary (365)
[2020.01.25-21.33.19:367][887]LogModuleManager: Shutting down and abandoning module GeometryCache (364)
[2020.01.25-21.33.19:367][887]LogModuleManager: Shutting down and abandoning module GeometryCacheEd (363)
[2020.01.25-21.33.19:367][887]LogModuleManager: Shutting down and abandoning module VariantManagerContent (358)
[2020.01.25-21.33.19:367][887]LogModuleManager: Shutting down and abandoning module DatasmithContentEditor (356)
[2020.01.25-21.33.19:367][887]LogModuleManager: Shutting down and abandoning module SpeedTreeImporter (354)
[2020.01.25-21.33.19:367][887]LogModuleManager: Shutting down and abandoning module PluginBrowser (352)
[2020.01.25-21.33.19:368][887]LogModuleManager: Shutting down and abandoning module MobileLauncherProfileWizard (350)
[2020.01.25-21.33.19:368][887]LogModuleManager: Shutting down and abandoning module MaterialAnalyzer (348)
[2020.01.25-21.33.19:368][887]LogModuleManager: Shutting down and abandoning module CurveEditorTools (346)
[2020.01.25-21.33.19:368][887]LogModuleManager: Shutting down and abandoning module CurveEditor (345)
[2020.01.25-21.33.19:368][887]LogModuleManager: Shutting down and abandoning module CryptoKeysOpenSSL (342)
[2020.01.25-21.33.19:368][887]LogModuleManager: Shutting down and abandoning module CryptoKeys (340)
[2020.01.25-21.33.19:368][887]LogModuleManager: Shutting down and abandoning module VisualStudioSourceCodeAccess (338)
[2020.01.25-21.33.19:368][887]LogModuleManager: Shutting down and abandoning module VisualStudioCodeSourceCodeAccess (336)
[2020.01.25-21.33.19:368][887]LogModuleManager: Shutting down and abandoning module UObjectPlugin (334)
[2020.01.25-21.33.19:368][887]LogModuleManager: Shutting down and abandoning module SubversionSourceControl (332)
[2020.01.25-21.33.19:368][887]LogModuleManager: Shutting down and abandoning module PerforceSourceControl (330)
[2020.01.25-21.33.19:368][887]LogModuleManager: Shutting down and abandoning module GitSourceControl (328)
[2020.01.25-21.33.19:368][887]LogModuleManager: Shutting down and abandoning module SourceControl (327)
[2020.01.25-21.33.19:368][887]LogModuleManager: Shutting down and abandoning module CLionSourceCodeAccess (324)
[2020.01.25-21.33.19:368][887]LogModuleManager: Shutting down and abandoning module AnimationSharingEd (322)
[2020.01.25-21.33.19:368][887]LogModuleManager: Shutting down and abandoning module ActorLayerUtilitiesEditor (320)
[2020.01.25-21.33.19:368][887]LogModuleManager: Shutting down and abandoning module ActorLayerUtilities (318)
[2020.01.25-21.33.19:368][887]LogModuleManager: Shutting down and abandoning module LightPropagationVolumeEditor (316)
[2020.01.25-21.33.19:368][887]LogModuleManager: Shutting down and abandoning module PaperTiledImporter (314)
[2020.01.25-21.33.19:368][887]LogModuleManager: Shutting down and abandoning module PaperSpriteSheetImporter (312)
[2020.01.25-21.33.19:368][887]LogModuleManager: Shutting down and abandoning module Paper2DEditor (310)
[2020.01.25-21.33.19:368][887]LogModuleManager: Shutting down and abandoning module SignificanceManager (308)
[2020.01.25-21.33.19:368][887]LogModuleManager: Shutting down and abandoning module RuntimePhysXCooking (306)
[2020.01.25-21.33.19:368][887]LogModuleManager: Shutting down and abandoning module PhysXVehiclesEditor (304)
[2020.01.25-21.33.19:368][887]LogModuleManager: Shutting down and abandoning module LocationServicesBPLibrary (300)
[2020.01.25-21.33.19:368][887]LogModuleManager: Shutting down and abandoning module ActorSequence (298)
[2020.01.25-21.33.19:368][887]LogModuleManager: Shutting down and abandoning module UdpMessaging (296)
[2020.01.25-21.33.19:470][887]LogModuleManager: Shutting down and abandoning module TcpMessaging (294)
[2020.01.25-21.33.20:116][887]LogModuleManager: Shutting down and abandoning module MagicLeapIdentity (292)
[2020.01.25-21.33.20:116][887]LogModuleManager: Shutting down and abandoning module MagicLeapSecureStorage (290)
[2020.01.25-21.33.20:116][887]LogModuleManager: Shutting down and abandoning module MagicLeapHandTracking (288)
[2020.01.25-21.33.20:116][887]LogModuleManager: Shutting down and abandoning module MagicLeapEyeTracker (286)
[2020.01.25-21.33.20:116][887]LogModuleManager: Shutting down and abandoning module MagicLeapController (284)
[2020.01.25-21.33.20:116][887]LogSlate: Slate User Destroyed.  User Index 0, Is Virtual User: 0
[2020.01.25-21.33.20:116][887]LogModuleManager: Shutting down and abandoning module MagicLeapAR (282)
[2020.01.25-21.33.20:116][887]LogModuleManager: Shutting down and abandoning module AugmentedReality (281)
[2020.01.25-21.33.20:116][887]LogModuleManager: Shutting down and abandoning module GameplayTagsEditor (278)
[2020.01.25-21.33.20:116][887]LogModuleManager: Shutting down and abandoning module FacialAnimationEditor (276)
[2020.01.25-21.33.20:116][887]LogModuleManager: Shutting down and abandoning module FacialAnimation (274)
[2020.01.25-21.33.20:116][887]LogModuleManager: Shutting down and abandoning module DataValidation (272)
[2020.01.25-21.33.20:116][887]LogModuleManager: Shutting down and abandoning module AssetManagerEditor (270)
[2020.01.25-21.33.20:116][887]LogModuleManager: Shutting down and abandoning module LevelEditor (269)
[2020.01.25-21.33.20:117][887]LogModuleManager: Shutting down and abandoning module PixelInspectorModule (268)
[2020.01.25-21.33.20:117][887]LogModuleManager: Shutting down and abandoning module CommonMenuExtensions (266)
[2020.01.25-21.33.20:117][887]LogModuleManager: Shutting down and abandoning module MainFrame (264)
[2020.01.25-21.33.20:118][887]LogModuleManager: Shutting down and abandoning module HotReload (263)
[2020.01.25-21.33.20:118][887]LogModuleManager: Shutting down and abandoning module ContentBrowser (259)
[2020.01.25-21.33.20:119][887]LogModuleManager: Shutting down and abandoning module TreeMap (257)
[2020.01.25-21.33.20:119][887]LogModuleManager: Shutting down and abandoning module AnimationSharing (254)
[2020.01.25-21.33.20:119][887]LogModuleManager: Shutting down and abandoning module LightPropagationVolumeRuntime (252)
[2020.01.25-21.33.20:119][887]LogModuleManager: Shutting down and abandoning module Paper2D (250)
[2020.01.25-21.33.20:119][887]LogModuleManager: Shutting down and abandoning module WindowsMoviePlayer (248)
[2020.01.25-21.33.20:120][887]LogModuleManager: Shutting down and abandoning module WebMMoviePlayer (246)
[2020.01.25-21.33.20:120][887]LogModuleManager: Shutting down and abandoning module NetworkReplayStreaming (244)
[2020.01.25-21.33.20:120][887]LogModuleManager: Shutting down and abandoning module PacketHandler (242)
[2020.01.25-21.33.20:120][887]LogModuleManager: Shutting down and abandoning module ClothingSystemEditor (240)
[2020.01.25-21.33.20:120][887]LogModuleManager: Shutting down and abandoning module ClothingSystemRuntime (238)
[2020.01.25-21.33.20:120][887]LogModuleManager: Shutting down and abandoning module MediaAssets (236)
[2020.01.25-21.33.20:120][887]LogModuleManager: Shutting down and abandoning module Overlay (234)
[2020.01.25-21.33.20:120][887]LogModuleManager: Shutting down and abandoning module OverlayEditor (233)
[2020.01.25-21.33.20:120][887]LogModuleManager: Shutting down and abandoning module VREditor (230)
[2020.01.25-21.33.20:120][887]LogModuleManager: Shutting down and abandoning module StringTableEditor (228)
[2020.01.25-21.33.20:120][887]LogModuleManager: Shutting down and abandoning module GameplayTasksEditor (226)
[2020.01.25-21.33.20:120][887]LogModuleManager: Shutting down and abandoning module BehaviorTreeEditor (224)
[2020.01.25-21.33.20:120][887]LogModuleManager: Shutting down and abandoning module FunctionalTesting (222)
[2020.01.25-21.33.20:120][887]LogModuleManager: Shutting down and abandoning module CollisionAnalyzer (220)
[2020.01.25-21.33.20:120][887]LogModuleManager: Shutting down and abandoning module WorkspaceMenuStructure (219)
[2020.01.25-21.33.20:120][887]LogModuleManager: Shutting down and abandoning module UMG (216)
[2020.01.25-21.33.20:120][887]LogModuleManager: Shutting down and abandoning module UMGEditor (215)
[2020.01.25-21.33.20:120][887]LogModuleManager: Shutting down and abandoning module Sequencer (214)
[2020.01.25-21.33.20:120][887]LogModuleManager: Shutting down and abandoning module MessageLog (211)
[2020.01.25-21.33.20:120][887]LogModuleManager: Shutting down and abandoning module SlateReflector (206)
[2020.01.25-21.33.20:120][887]LogModuleManager: Shutting down and abandoning module Slate (204)
[2020.01.25-21.33.20:120][887]LogModuleManager: Shutting down and abandoning module LandscapeEditorUtilities (202)
[2020.01.25-21.33.20:120][887]LogModuleManager: Shutting down and abandoning module EditorStyle (200)
[2020.01.25-21.33.20:122][887]LogModuleManager: Shutting down and abandoning module UnrealEd (198)
[2020.01.25-21.33.20:122][887]LogModuleManager: Shutting down and abandoning module MRMesh (196)
[2020.01.25-21.33.20:122][887]LogModuleManager: Shutting down and abandoning module SourceCodeAccess (194)
[2020.01.25-21.33.20:122][887]LogModuleManager: Shutting down and abandoning module HeadMountedDisplay (192)
[2020.01.25-21.33.20:122][887]LogModuleManager: Shutting down and abandoning module XAudio2 (190)
[2020.01.25-21.33.20:122][887]LogModuleManager: Shutting down and abandoning module Networking (188)
[2020.01.25-21.33.20:122][887]LogModuleManager: Shutting down and abandoning module Core (186)
[2020.01.25-21.33.20:122][887]LogModuleManager: Shutting down and abandoning module KismetCompiler (184)
[2020.01.25-21.33.20:122][887]LogModuleManager: Shutting down and abandoning module MeshUtilities (182)
[2020.01.25-21.33.20:122][887]LogModuleManager: Shutting down and abandoning module MeshMergeUtilities (181)
[2020.01.25-21.33.20:122][887]LogModuleManager: Shutting down and abandoning module MeshReductionInterface (180)
[2020.01.25-21.33.20:122][887]LogModuleManager: Shutting down and abandoning module SkeletalMeshReduction (179)
[2020.01.25-21.33.20:122][887]LogModuleManager: Shutting down and abandoning module ProxyLODMeshReduction (177)
[2020.01.25-21.33.20:122][887]LogModuleManager: Shutting down and abandoning module QuadricMeshReduction (175)
[2020.01.25-21.33.20:122][887]LogModuleManager: Shutting down and abandoning module MaterialBaking (171)
[2020.01.25-21.33.20:122][887]LogModuleManager: Shutting down and abandoning module NullInstallBundleManager (166)
[2020.01.25-21.33.20:122][887]LogModuleManager: Shutting down and abandoning module DerivedDataCache (164)
[2020.01.25-21.33.20:122][887]LogDerivedDataCache: Shutdown
[2020.01.25-21.33.20:122][887]LogModuleManager: Shutting down and abandoning module XGEController (162)
[2020.01.25-21.33.20:122][887]LogModuleManager: Shutting down and abandoning module TargetPlatform (160)
[2020.01.25-21.33.20:122][887]LogModuleManager: Shutting down and abandoning module VulkanShaderFormat (159)
[2020.01.25-21.33.20:122][887]LogModuleManager: Shutting down and abandoning module ShaderFormatVectorVM (157)
[2020.01.25-21.33.20:122][887]LogModuleManager: Shutting down and abandoning module ShaderFormatOpenGL (155)
[2020.01.25-21.33.20:122][887]LogModuleManager: Shutting down and abandoning module ShaderFormatD3D (153)
[2020.01.25-21.33.20:122][887]LogModuleManager: Shutting down and abandoning module MetalShaderFormat (151)
[2020.01.25-21.33.20:122][887]LogModuleManager: Shutting down and abandoning module TextureFormatUncompressed (149)
[2020.01.25-21.33.20:122][887]LogModuleManager: Shutting down and abandoning module TextureFormatPVR (147)
[2020.01.25-21.33.20:122][887]LogModuleManager: Shutting down and abandoning module TextureFormatDXT (145)
[2020.01.25-21.33.20:122][887]LogModuleManager: Shutting down and abandoning module TextureFormatIntelISPCTexComp (143)
[2020.01.25-21.33.20:122][887]LogModuleManager: Shutting down and abandoning module TextureFormatASTC (141)
[2020.01.25-21.33.20:122][887]LogModuleManager: Shutting down and abandoning module ImageWrapper (140)
[2020.01.25-21.33.20:122][887]LogModuleManager: Shutting down and abandoning module TextureFormatAndroid (137)
[2020.01.25-21.33.20:122][887]LogModuleManager: Shutting down and abandoning module AudioFormatOpus (135)
[2020.01.25-21.33.20:122][887]LogModuleManager: Shutting down and abandoning module AudioFormatOgg (133)
[2020.01.25-21.33.20:122][887]LogModuleManager: Shutting down and abandoning module AudioFormatADPCM (131)
[2020.01.25-21.33.20:122][887]LogModuleManager: Shutting down and abandoning module LuminTargetPlatform (129)
[2020.01.25-21.33.20:124][887]LogModuleManager: Shutting down and abandoning module LinuxTargetPlatform (127)
[2020.01.25-21.33.20:124][887]LogModuleManager: Shutting down and abandoning module LinuxServerTargetPlatform (125)
[2020.01.25-21.33.20:124][887]LogModuleManager: Shutting down and abandoning module LinuxNoEditorTargetPlatform (123)
[2020.01.25-21.33.20:124][887]LogModuleManager: Shutting down and abandoning module LinuxClientTargetPlatform (121)
[2020.01.25-21.33.20:124][887]LogModuleManager: Shutting down and abandoning module TVOSTargetPlatform (119)
[2020.01.25-21.33.20:126][887]LogModuleManager: Shutting down and abandoning module Messaging (117)
[2020.01.25-21.33.20:126][887]LogModuleManager: Shutting down and abandoning module IOSTargetPlatform (115)
[2020.01.25-21.33.20:127][887]LogModuleManager: Shutting down and abandoning module HTML5TargetPlatform (113)
[2020.01.25-21.33.20:127][887]LogModuleManager: Shutting down and abandoning module AndroidTargetPlatform (111)
[2020.01.25-21.33.20:139][887]LogModuleManager: Shutting down and abandoning module WindowsTargetPlatform (109)
[2020.01.25-21.33.20:139][887]LogModuleManager: Shutting down and abandoning module WindowsServerTargetPlatform (107)
[2020.01.25-21.33.20:139][887]LogModuleManager: Shutting down and abandoning module WindowsNoEditorTargetPlatform (105)
[2020.01.25-21.33.20:139][887]LogModuleManager: Shutting down and abandoning module WindowsClientTargetPlatform (103)
[2020.01.25-21.33.20:139][887]LogModuleManager: Shutting down and abandoning module MacTargetPlatform (101)
[2020.01.25-21.33.20:139][887]LogModuleManager: Shutting down and abandoning module MacServerTargetPlatform (99)
[2020.01.25-21.33.20:139][887]LogModuleManager: Shutting down and abandoning module MacNoEditorTargetPlatform (97)
[2020.01.25-21.33.20:139][887]LogModuleManager: Shutting down and abandoning module MacClientTargetPlatform (95)
[2020.01.25-21.33.20:139][887]LogModuleManager: Shutting down and abandoning module AllDesktopTargetPlatform (93)
[2020.01.25-21.33.20:139][887]LogModuleManager: Shutting down and abandoning module InputCore (90)
[2020.01.25-21.33.20:139][887]LogModuleManager: Shutting down and abandoning module Settings (88)
[2020.01.25-21.33.20:140][887]LogModuleManager: Shutting down and abandoning module DirectoryWatcher (86)
[2020.01.25-21.33.20:140][887]LogModuleManager: Shutting down and abandoning module PhysXCooking (84)
[2020.01.25-21.33.20:140][887]LogModuleManager: Shutting down and abandoning module WindowsPlatformFeatures (82)
[2020.01.25-21.33.20:140][887]LogModuleManager: Shutting down and abandoning module GameplayMediaEncoder (81)
[2020.01.25-21.33.20:140][887]LogModuleManager: Shutting down and abandoning module SteamVR (78)
[2020.01.25-21.33.20:140][887]LogHMD: Freeing OpenVRDLLHandle.
[2020.01.25-21.33.20:140][887]LogModuleManager: Shutting down and abandoning module OculusHMD (76)
[2020.01.25-21.33.20:140][887]LogModuleManager: Shutting down and abandoning module ExampleDeviceProfileSelector (74)
[2020.01.25-21.33.20:140][887]LogModuleManager: Shutting down and abandoning module LauncherChunkInstaller (72)
[2020.01.25-21.33.20:140][887]LogModuleManager: Shutting down and abandoning module OnlineBlueprintSupport (70)
[2020.01.25-21.33.20:140][887]LogModuleManager: Shutting down and abandoning module OnlineSubsystem (66)
[2020.01.25-21.33.20:141][887]LogModuleManager: Shutting down and abandoning module XMPP (61)
[2020.01.25-21.33.20:141][887]LogModuleManager: Shutting down and abandoning module WebSockets (60)
[2020.01.25-21.33.20:158][887]LogModuleManager: Shutting down and abandoning module HTTP (57)
[2020.01.25-21.33.20:158][887]LogHttp: Display: Http module shutting down, but needs to wait on 1 outstanding Http requests:
[2020.01.25-21.33.20:158][887]LogHttp: Display: 	verb=[POST] url=[https://datarouter.ol.epicgames.com/datarouter/api/v1/public/data?SessionID=%7B8479C69A-4205-6B18-AB71-65882382BA5A%7D&AppID=UEEditor.Rocket.Release&AppVersion=4.23.1-9631420%2B%2B%2BUE4%2BRelease-4.23&UserID=b7367f514bcf47f3782f499948337182%7C0382994034dc4f6bbe5c05cbae825090%7C26c0a086-b539-454f-83c2-978d8d02ce36&AppEnvironment=datacollector-binary&UploadType=eteventstream] status=Processing
[2020.01.25-21.33.20:177][887]LogModuleManager: Shutting down and abandoning module SSL (56)
[2020.01.25-21.33.20:178][887]LogModuleManager: Shutting down and abandoning module WmfMedia (52)
[2020.01.25-21.33.20:182][887]LogModuleManager: Shutting down and abandoning module Media (51)
[2020.01.25-21.33.20:182][887]LogModuleManager: Shutting down and abandoning module MagicLeap (48)
[2020.01.25-21.33.20:183][887]LogModuleManager: Shutting down and abandoning module DatasmithContent (46)
[2020.01.25-21.33.20:183][887]LogModuleManager: Shutting down and abandoning module AISupportModule (44)
[2020.01.25-21.33.20:183][887]LogModuleManager: Shutting down and abandoning module PlatformCryptoOpenSSL (42)
[2020.01.25-21.33.20:183][887]LogModuleManager: Shutting down and abandoning module PlatformCrypto (40)
[2020.01.25-21.33.20:183][887]LogModuleManager: Shutting down and abandoning module AnimationModifiers (38)
[2020.01.25-21.33.20:183][887]LogModuleManager: Shutting down and abandoning module PropertyEditor (37)
[2020.01.25-21.33.20:183][887]LogModuleManager: Shutting down and abandoning module AudioEditor (34)
[2020.01.25-21.33.20:183][887]LogModuleManager: Shutting down and abandoning module TextureCompressor (32)
[2020.01.25-21.33.20:183][887]LogModuleManager: Shutting down and abandoning module RenderCore (30)
[2020.01.25-21.33.20:183][887]LogModuleManager: Shutting down and abandoning module Landscape (28)
[2020.01.25-21.33.20:183][887]LogModuleManager: Shutting down and abandoning module SlateRHIRenderer (26)
[2020.01.25-21.33.20:184][887]LogModuleManager: Shutting down and abandoning module OpenGLDrv (24)
[2020.01.25-21.33.20:184][887]LogModuleManager: Shutting down and abandoning module D3D11RHI (22)
[2020.01.25-21.33.20:184][887]LogModuleManager: Shutting down and abandoning module AnimGraphRuntime (20)
[2020.01.25-21.33.20:184][887]LogModuleManager: Shutting down and abandoning module Renderer (18)
[2020.01.25-21.33.20:184][887]LogModuleManager: Shutting down and abandoning module Engine (16)
[2020.01.25-21.33.20:184][887]LogModuleManager: Shutting down and abandoning module CoreUObject (14)
[2020.01.25-21.33.20:184][887]LogModuleManager: Shutting down and abandoning module NetworkFile (12)
[2020.01.25-21.33.20:184][887]LogModuleManager: Shutting down and abandoning module CookedIterativeFile (10)
[2020.01.25-21.33.20:184][887]LogModuleManager: Shutting down and abandoning module StreamingFile (8)
[2020.01.25-21.33.20:184][887]LogModuleManager: Shutting down and abandoning module SandboxFile (6)
[2020.01.25-21.33.20:184][887]LogModuleManager: Shutting down and abandoning module PakFile (4)
[2020.01.25-21.33.20:184][887]LogModuleManager: Shutting down and abandoning module RSA (3)
[2020.01.25-21.33.20:186][887]LogD3D11RHI: Shutdown
[2020.01.25-21.33.20:186][887]LogD3D11RHI: CleanupD3DDevice
[2020.01.25-21.33.20:187][887]LogRendererCore: FGlobalDynamicReadBuffer::Cleanup()
[2020.01.25-21.33.20:187][887]LogRendererCore: FGlobalDynamicReadBuffer::Cleanup()
[2020.01.25-21.33.20:187][887]LogRendererCore: FGlobalDynamicReadBuffer::Cleanup()
[2020.01.25-21.33.20:382][887]LogD3D11RHI: ~FD3D11DynamicRHI
[2020.01.25-21.33.20:401][887]LogExit: Exiting.
[2020.01.25-21.33.20:417][887]Log file closed, 01/25/20 21:33:20
