Log file open, 01/24/20 23:48:52
LogWindows: Failed to load 'aqProf.dll' (GetLastError=126)
LogWindows: File 'aqProf.dll' does not exist
LogWindows: Failed to load 'VtuneApi.dll' (GetLastError=126)
LogWindows: File 'VtuneApi.dll' does not exist
LogWindows: Failed to load 'VtuneApi32e.dll' (GetLastError=126)
LogWindows: File 'VtuneApi32e.dll' does not exist
LogConsoleResponse: Display: Failed to find resolution value strings in scalability ini. Falling back to default.
LogInit: Display: Running engine for game: Park
LogPlatformFile: Not using cached read wrapper
LogTaskGraph: Started task graph with 5 named threads and 47 total threads with 3 sets of task threads.
LogStats: Stats thread started at 0.064484
LogD3D11RHI: Loaded GFSDK_Aftermath_Lib.x64.dll
LogICUInternationalization: ICU TimeZone Detection - Raw Offset: +0:00, Platform Override: ''
LogPluginManager: Mounting plugin Paper2D
LogPluginManager: Mounting plugin AISupport
LogPluginManager: Mounting plugin LightPropagationVolume
LogPluginManager: Mounting plugin ActorLayerUtilities
LogPluginManager: Mounting plugin AnimationSharing
LogPluginManager: Mounting plugin CLionSourceCodeAccess
LogPluginManager: Mounting plugin CodeLiteSourceCodeAccess
LogPluginManager: Mounting plugin GitSourceControl
LogPluginManager: Mounting plugin KDevelopSourceCodeAccess
LogPluginManager: Mounting plugin NullSourceCodeAccess
LogPluginManager: Mounting plugin PerforceSourceControl
LogPluginManager: Mounting plugin SubversionSourceControl
LogPluginManager: Mounting plugin UObjectPlugin
LogPluginManager: Mounting plugin VisualStudioCodeSourceCodeAccess
LogPluginManager: Mounting plugin VisualStudioSourceCodeAccess
LogPluginManager: Mounting plugin XCodeSourceCodeAccess
LogPluginManager: Mounting plugin AssetManagerEditor
LogPluginManager: Mounting plugin CryptoKeys
LogPluginManager: Mounting plugin CurveEditorTools
LogPluginManager: Mounting plugin DataValidation
LogPluginManager: Mounting plugin FacialAnimation
LogPluginManager: Mounting plugin GameplayTagsEditor
LogPluginManager: Mounting plugin MacGraphicsSwitching
LogPluginManager: Mounting plugin MaterialAnalyzer
LogPluginManager: Mounting plugin MobileLauncherProfileWizard
LogPluginManager: Mounting plugin PluginBrowser
LogPluginManager: Mounting plugin SpeedTreeImporter
LogPluginManager: Mounting plugin DatasmithContent
LogPluginManager: Mounting plugin VariantManagerContent
LogPluginManager: Mounting plugin AlembicImporter
LogPluginManager: Mounting plugin AutomationUtils
LogPluginManager: Mounting plugin BackChannel
LogPluginManager: Mounting plugin CharacterAI
LogPluginManager: Mounting plugin GeometryCache
LogPluginManager: Mounting plugin HTML5Networking
LogPluginManager: Mounting plugin PlatformCrypto
LogPluginManager: Mounting plugin ProxyLODPlugin
LogPluginManager: Mounting plugin SkeletalReduction
LogPluginManager: Mounting plugin MagicLeap
LogPluginManager: Mounting plugin MagicLeapMedia
LogPluginManager: Mounting plugin AndroidMedia
LogPluginManager: Mounting plugin AvfMedia
LogPluginManager: Mounting plugin ImgMedia
LogPluginManager: Mounting plugin MediaCompositing
LogPluginManager: Mounting plugin MediaPlayerEditor
LogPluginManager: Mounting plugin WebMMedia
LogPluginManager: Mounting plugin WmfMedia
LogPluginManager: Mounting plugin TcpMessaging
LogPluginManager: Mounting plugin UdpMessaging
LogPluginManager: Mounting plugin ActorSequence
LogPluginManager: Mounting plugin LevelSequenceEditor
LogPluginManager: Mounting plugin MatineeToLevelSequence
LogPluginManager: Mounting plugin NetcodeUnitTest
LogPluginManager: Mounting plugin NUTUnrealEngine4
LogPluginManager: Mounting plugin OnlineSubsystemGooglePlay
LogPluginManager: Mounting plugin OnlineSubsystemIOS
LogPluginManager: Mounting plugin OnlineSubsystem
LogPluginManager: Mounting plugin OnlineSubsystemNull
LogPluginManager: Mounting plugin OnlineSubsystemUtils
LogPluginManager: Mounting plugin LauncherChunkInstaller
LogPluginManager: Mounting plugin AndroidDeviceProfileSelector
LogPluginManager: Mounting plugin AndroidMoviePlayer
LogPluginManager: Mounting plugin AndroidPermission
LogPluginManager: Mounting plugin AppleImageUtils
LogPluginManager: Mounting plugin AppleMoviePlayer
LogPluginManager: Mounting plugin ArchVisCharacter
LogPluginManager: Mounting plugin AudioCapture
LogPluginManager: Mounting plugin CableComponent
LogPluginManager: Mounting plugin CustomMeshComponent
LogPluginManager: Mounting plugin EditableMesh
LogPluginManager: Mounting plugin ExampleDeviceProfileSelector
LogPluginManager: Mounting plugin GoogleCloudMessaging
LogPluginManager: Mounting plugin IOSDeviceProfileSelector
LogPluginManager: Mounting plugin LinuxDeviceProfileSelector
LogPluginManager: Mounting plugin LocationServicesBPLibrary
LogPluginManager: Mounting plugin MobilePatchingUtils
LogPluginManager: Mounting plugin OculusVR
LogPluginManager: Mounting plugin PhysXVehicles
LogPluginManager: Mounting plugin ProceduralMeshComponent
LogPluginManager: Mounting plugin RuntimePhysXCooking
LogPluginManager: Mounting plugin SignificanceManager
LogPluginManager: Mounting plugin SteamVR
LogPluginManager: Mounting plugin WebMMoviePlayer
LogPluginManager: Mounting plugin WindowsMoviePlayer
LogPluginManager: Mounting plugin ScreenshotTools
LogInit: Using libcurl 7.55.1-DEV
LogInit:  - built for x86_64-pc-win32
LogInit:  - supports SSL with OpenSSL/1.1.1
LogInit:  - supports HTTP deflate (compression) using libz 1.2.8
LogInit:  - other features:
LogInit:      CURL_VERSION_SSL
LogInit:      CURL_VERSION_LIBZ
LogInit:      CURL_VERSION_IPV6
LogInit:      CURL_VERSION_ASYNCHDNS
LogInit:      CURL_VERSION_LARGEFILE
LogInit:      CURL_VERSION_IDN
LogInit:  CurlRequestOptions (configurable via config and command line):
LogInit:  - bVerifyPeer = true  - Libcurl will verify peer certificate
LogInit:  - bUseHttpProxy = false  - Libcurl will NOT use HTTP proxy
LogInit:  - bDontReuseConnections = false  - Libcurl will reuse connections
LogInit:  - MaxHostConnections = 16  - Libcurl will limit the number of connections to a host
LogInit:  - LocalHostAddr = Default
LogInit:  - BufferSize = 65536
LogOnline: OSS: Creating online subsystem instance for: NULL
LogInit: WinSock: version 1.1 (2.2), MaxSocks=32767, MaxUdp=65467
LogInit: Build: ++UE4+Release-4.23-CL-9631420
LogInit: Engine Version: 4.23.1-9631420+++UE4+Release-4.23
LogInit: Compatible Engine Version: 4.23.0-8386587+++UE4+Release-4.23
LogInit: Net CL: 8386587
LogInit: OS: Windows 10 (Release 1909) (), CPU: Intel(R) Core(TM) i7-7820X CPU @ 3.60GHz, GPU: NVIDIA GeForce GTX 1080 Ti
LogInit: Compiled (64-bit): Oct 18 2019 02:07:44
LogInit: Compiled with Visual C++: 19.16.27030.01
LogInit: Build Configuration: Development
LogInit: Branch Name: ++UE4+Release-4.23
LogInit: Command Line:  -EpicPortal -epicusername=JonathanHarg -epicuserid=0382994034dc4f6bbe5c05cbae825090 -epiclocale=en-GB
LogInit: Base Directory: D:/UE_4.23/Engine/Binaries/Win64/
LogInit: Installed Engine Build: 1
LogDevObjectVersion: Number of dev versions registered: 23
LogDevObjectVersion:   Dev-Blueprints (B0D832E4-1F89-4F0D-ACCF-7EB736FD4AA2): 10
LogDevObjectVersion:   Dev-Build (E1C64328-A22C-4D53-A36C-8E866417BD8C): 0
LogDevObjectVersion:   Dev-Core (375EC13C-06E4-48FB-B500-84F0262A717E): 3
LogDevObjectVersion:   Dev-Editor (E4B068ED-F494-42E9-A231-DA0B2E46BB41): 34
LogDevObjectVersion:   Dev-Framework (CFFC743F-43B0-4480-9391-14DF171D2073): 35
LogDevObjectVersion:   Dev-Mobile (B02B49B5-BB20-44E9-A304-32B752E40360): 2
LogDevObjectVersion:   Dev-Networking (A4E4105C-59A1-49B5-A7C5-40C4547EDFEE): 0
LogDevObjectVersion:   Dev-Online (39C831C9-5AE6-47DC-9A44-9C173E1C8E7C): 0
LogDevObjectVersion:   Dev-Physics (78F01B33-EBEA-4F98-B9B4-84EACCB95AA2): 0
LogDevObjectVersion:   Dev-Platform (6631380F-2D4D-43E0-8009-CF276956A95A): 0
LogDevObjectVersion:   Dev-Rendering (12F88B9F-8875-4AFC-A67C-D90C383ABD29): 31
LogDevObjectVersion:   Dev-Sequencer (7B5AE74C-D270-4C10-A958-57980B212A5A): 11
LogDevObjectVersion:   Dev-VR (D7296918-1DD6-4BDD-9DE2-64A83CC13884): 2
LogDevObjectVersion:   Dev-LoadTimes (C2A15278-BFE7-4AFE-6C17-90FF531DF755): 1
LogDevObjectVersion:   Private-Geometry (6EACA3D4-40EC-4CC1-B786-8BED09428FC5): 3
LogDevObjectVersion:   Dev-AnimPhys (29E575DD-E0A3-4627-9D10-D276232CDCEA): 17
LogDevObjectVersion:   Dev-Anim (AF43A65D-7FD3-4947-9873-3E8ED9C1BB05): 2
LogDevObjectVersion:   Dev-ReflectionCapture (6B266CEC-1EC7-4B8F-A30B-E4D90942FC07): 1
LogDevObjectVersion:   Dev-Automation (0DF73D61-A23F-47EA-B727-89E90C41499A): 1
LogDevObjectVersion:   FortniteMain (601D1886-AC64-4F84-AA16-D3DE0DEAC7D6): 27
LogDevObjectVersion:   Dev-Enterprise (9DFFBCD6-494F-0158-E221-12823C92A888): 6
LogDevObjectVersion:   Dev-Niagara (F2AED0AC-9AFE-416F-8664-AA7FFA26D6FC): 1
LogDevObjectVersion:   Dev-Destruction (174F1F0B-B4C6-45A5-B13F-2EE8D0FB917D): 9
LogInit: Presizing for max 16777216 objects, including 0 objects not considered by GC, pre-allocating 0 bytes for permanent pool.
LogInit: Object subsystem initialized
LogConfig: Setting CVar [[con.DebugEarlyDefault:1]]
LogConfig: Setting CVar [[r.setres:1280x720]]
[2020.01.24-23.48.52:323][  0]LogConfig: Setting CVar [[r.VSync:0]]
[2020.01.24-23.48.52:323][  0]LogConfig: Setting CVar [[r.RHICmdBypass:0]]
[2020.01.24-23.48.52:323][  0]LogConfig: Applying CVar settings from Section [/Script/Engine.RendererSettings] File [D:/Art/Park_SFAS/Park/Saved/Config/Windows/Engine.ini]
[2020.01.24-23.48.52:323][  0]LogConfig: Setting CVar [[r.GPUCrashDebugging:0]]
[2020.01.24-23.48.52:323][  0]LogConfig: Setting CVar [[r.DefaultFeature.AutoExposure.ExtendDefaultLuminanceRange:1]]
[2020.01.24-23.48.52:323][  0]LogConfig: Applying CVar settings from Section [/Script/Engine.RendererOverrideSettings] File [D:/Art/Park_SFAS/Park/Saved/Config/Windows/Engine.ini]
[2020.01.24-23.48.52:323][  0]LogConfig: Applying CVar settings from Section [/Script/Engine.StreamingSettings] File [D:/Art/Park_SFAS/Park/Saved/Config/Windows/Engine.ini]
[2020.01.24-23.48.52:324][  0]LogConfig: Setting CVar [[s.MinBulkDataSizeForAsyncLoading:131072]]
[2020.01.24-23.48.52:324][  0]LogConfig: Setting CVar [[s.AsyncLoadingThreadEnabled:0]]
[2020.01.24-23.48.52:324][  0]LogConfig: Setting CVar [[s.EventDrivenLoaderEnabled:1]]
[2020.01.24-23.48.52:324][  0]LogConfig: Setting CVar [[s.WarnIfTimeLimitExceeded:0]]
[2020.01.24-23.48.52:324][  0]LogConfig: Setting CVar [[s.TimeLimitExceededMultiplier:1.5]]
[2020.01.24-23.48.52:324][  0]LogConfig: Setting CVar [[s.TimeLimitExceededMinTime:0.005]]
[2020.01.24-23.48.52:324][  0]LogConfig: Setting CVar [[s.UseBackgroundLevelStreaming:1]]
[2020.01.24-23.48.52:324][  0]LogConfig: Setting CVar [[s.PriorityAsyncLoadingExtraTime:15.0]]
[2020.01.24-23.48.52:324][  0]LogConfig: Setting CVar [[s.LevelStreamingActorsUpdateTimeLimit:5.0]]
[2020.01.24-23.48.52:324][  0]LogConfig: Setting CVar [[s.PriorityLevelStreamingActorsUpdateExtraTime:5.0]]
[2020.01.24-23.48.52:324][  0]LogConfig: Setting CVar [[s.LevelStreamingComponentsRegistrationGranularity:10]]
[2020.01.24-23.48.52:324][  0]LogConfig: Setting CVar [[s.UnregisterComponentsTimeLimit:1.0]]
[2020.01.24-23.48.52:324][  0]LogConfig: Setting CVar [[s.LevelStreamingComponentsUnregistrationGranularity:5]]
[2020.01.24-23.48.52:324][  0]LogConfig: Applying CVar settings from Section [/Script/Engine.GarbageCollectionSettings] File [D:/Art/Park_SFAS/Park/Saved/Config/Windows/Engine.ini]
[2020.01.24-23.48.52:324][  0]LogConfig: Setting CVar [[gc.MaxObjectsNotConsideredByGC:1]]
[2020.01.24-23.48.52:324][  0]LogConfig: Setting CVar [[gc.SizeOfPermanentObjectPool:0]]
[2020.01.24-23.48.52:324][  0]LogConfig: Setting CVar [[gc.FlushStreamingOnGC:0]]
[2020.01.24-23.48.52:324][  0]LogConfig: Setting CVar [[gc.NumRetriesBeforeForcingGC:10]]
[2020.01.24-23.48.52:324][  0]LogConfig: Setting CVar [[gc.AllowParallelGC:1]]
[2020.01.24-23.48.52:324][  0]LogConfig: Setting CVar [[gc.TimeBetweenPurgingPendingKillObjects:61.1]]
[2020.01.24-23.48.52:324][  0]LogConfig: Setting CVar [[gc.MaxObjectsInEditor:16777216]]
[2020.01.24-23.48.52:324][  0]LogConfig: Setting CVar [[gc.IncrementalBeginDestroyEnabled:1]]
[2020.01.24-23.48.52:324][  0]LogConfig: Setting CVar [[gc.CreateGCClusters:1]]
[2020.01.24-23.48.52:324][  0]LogConfig: Setting CVar [[gc.MinGCClusterSize:5]]
[2020.01.24-23.48.52:324][  0]LogConfig: Setting CVar [[gc.ActorClusteringEnabled:0]]
[2020.01.24-23.48.52:324][  0]LogConfig: Setting CVar [[gc.BlueprintClusteringEnabled:0]]
[2020.01.24-23.48.52:324][  0]LogConfig: Setting CVar [[gc.UseDisregardForGCOnDedicatedServers:0]]
[2020.01.24-23.48.52:324][  0]LogConfig: Applying CVar settings from Section [/Script/Engine.NetworkSettings] File [D:/Art/Park_SFAS/Park/Saved/Config/Windows/Engine.ini]
[2020.01.24-23.48.52:324][  0]LogConfig: Applying CVar settings from Section [/Script/UnrealEd.CookerSettings] File [D:/Art/Park_SFAS/Park/Saved/Config/Windows/Engine.ini]
[2020.01.24-23.48.52:333][  0]LogConfig: Applying CVar settings from Section [ViewDistanceQuality@3] File [D:/Art/Park_SFAS/Park/Saved/Config/Windows/Scalability.ini]
[2020.01.24-23.48.52:333][  0]LogConfig: Setting CVar [[r.SkeletalMeshLODBias:0]]
[2020.01.24-23.48.52:333][  0]LogConfig: Setting CVar [[r.ViewDistanceScale:1.0]]
[2020.01.24-23.48.52:333][  0]LogConfig: Applying CVar settings from Section [AntiAliasingQuality@3] File [D:/Art/Park_SFAS/Park/Saved/Config/Windows/Scalability.ini]
[2020.01.24-23.48.52:333][  0]LogConfig: Setting CVar [[r.PostProcessAAQuality:4]]
[2020.01.24-23.48.52:333][  0]LogConfig: Applying CVar settings from Section [ShadowQuality@3] File [D:/Art/Park_SFAS/Park/Saved/Config/Windows/Scalability.ini]
[2020.01.24-23.48.52:333][  0]LogConfig: Setting CVar [[r.LightFunctionQuality:1]]
[2020.01.24-23.48.52:333][  0]LogConfig: Setting CVar [[r.ShadowQuality:5]]
[2020.01.24-23.48.52:333][  0]LogConfig: Setting CVar [[r.Shadow.CSM.MaxCascades:10]]
[2020.01.24-23.48.52:333][  0]LogConfig: Setting CVar [[r.Shadow.MaxResolution:2048]]
[2020.01.24-23.48.52:333][  0]LogConfig: Setting CVar [[r.Shadow.MaxCSMResolution:2048]]
[2020.01.24-23.48.52:333][  0]LogConfig: Setting CVar [[r.Shadow.RadiusThreshold:0.01]]
[2020.01.24-23.48.52:333][  0]LogConfig: Setting CVar [[r.Shadow.DistanceScale:1.0]]
[2020.01.24-23.48.52:333][  0]LogConfig: Setting CVar [[r.Shadow.CSM.TransitionScale:1.0]]
[2020.01.24-23.48.52:333][  0]LogConfig: Setting CVar [[r.Shadow.PreShadowResolutionFactor:1.0]]
[2020.01.24-23.48.52:333][  0]LogConfig: Setting CVar [[r.DistanceFieldShadowing:1]]
[2020.01.24-23.48.52:333][  0]LogConfig: Setting CVar [[r.DistanceFieldAO:1]]
[2020.01.24-23.48.52:333][  0]LogConfig: Setting CVar [[r.AOQuality:2]]
[2020.01.24-23.48.52:333][  0]LogConfig: Setting CVar [[r.VolumetricFog:1]]
[2020.01.24-23.48.52:333][  0]LogConfig: Setting CVar [[r.VolumetricFog.GridPixelSize:8]]
[2020.01.24-23.48.52:333][  0]LogConfig: Setting CVar [[r.VolumetricFog.GridSizeZ:128]]
[2020.01.24-23.48.52:333][  0]LogConfig: Setting CVar [[r.VolumetricFog.HistoryMissSupersampleCount:4]]
[2020.01.24-23.48.52:333][  0]LogConfig: Setting CVar [[r.LightMaxDrawDistanceScale:1]]
[2020.01.24-23.48.52:333][  0]LogConfig: Setting CVar [[r.CapsuleShadows:1]]
[2020.01.24-23.48.52:333][  0]LogConfig: Applying CVar settings from Section [PostProcessQuality@3] File [D:/Art/Park_SFAS/Park/Saved/Config/Windows/Scalability.ini]
[2020.01.24-23.48.52:333][  0]LogConfig: Setting CVar [[r.MotionBlurQuality:4]]
[2020.01.24-23.48.52:333][  0]LogConfig: Setting CVar [[r.AmbientOcclusionMipLevelFactor:0.4]]
[2020.01.24-23.48.52:333][  0]LogConfig: Setting CVar [[r.AmbientOcclusionMaxQuality:100]]
[2020.01.24-23.48.52:333][  0]LogConfig: Setting CVar [[r.AmbientOcclusionLevels:-1]]
[2020.01.24-23.48.52:333][  0]LogConfig: Setting CVar [[r.AmbientOcclusionRadiusScale:1.0]]
[2020.01.24-23.48.52:333][  0]LogConfig: Setting CVar [[r.DepthOfFieldQuality:2]]
[2020.01.24-23.48.52:333][  0]LogConfig: Setting CVar [[r.RenderTargetPoolMin:400]]
[2020.01.24-23.48.52:333][  0]LogConfig: Setting CVar [[r.LensFlareQuality:2]]
[2020.01.24-23.48.52:333][  0]LogConfig: Setting CVar [[r.SceneColorFringeQuality:1]]
[2020.01.24-23.48.52:333][  0]LogConfig: Setting CVar [[r.EyeAdaptationQuality:2]]
[2020.01.24-23.48.52:333][  0]LogConfig: Setting CVar [[r.BloomQuality:5]]
[2020.01.24-23.48.52:333][  0]LogConfig: Setting CVar [[r.FastBlurThreshold:100]]
[2020.01.24-23.48.52:333][  0]LogConfig: Setting CVar [[r.Upscale.Quality:3]]
[2020.01.24-23.48.52:333][  0]LogConfig: Setting CVar [[r.Tonemapper.GrainQuantization:1]]
[2020.01.24-23.48.52:333][  0]LogConfig: Setting CVar [[r.LightShaftQuality:1]]
[2020.01.24-23.48.52:333][  0]LogConfig: Setting CVar [[r.Filter.SizeScale:1]]
[2020.01.24-23.48.52:333][  0]LogConfig: Setting CVar [[r.Tonemapper.Quality:5]]
[2020.01.24-23.48.52:333][  0]LogConfig: Setting CVar [[r.DOF.Gather.AccumulatorQuality:1        ; higher gathering accumulator quality]]
[2020.01.24-23.48.52:333][  0]LogConfig: Setting CVar [[r.DOF.Gather.PostfilterMethod:1          ; Median3x3 postfilering method]]
[2020.01.24-23.48.52:333][  0]LogConfig: Setting CVar [[r.DOF.Gather.EnableBokehSettings:0       ; no bokeh simulation when gathering]]
[2020.01.24-23.48.52:333][  0]LogConfig: Setting CVar [[r.DOF.Gather.RingCount:4                 ; medium number of samples when gathering]]
[2020.01.24-23.48.52:333][  0]LogConfig: Setting CVar [[r.DOF.Scatter.ForegroundCompositing:1    ; additive foreground scattering]]
[2020.01.24-23.48.52:333][  0]LogConfig: Setting CVar [[r.DOF.Scatter.BackgroundCompositing:2    ; additive background scattering]]
[2020.01.24-23.48.52:333][  0]LogConfig: Setting CVar [[r.DOF.Scatter.EnableBokehSettings:1      ; bokeh simulation when scattering]]
[2020.01.24-23.48.52:333][  0]LogConfig: Setting CVar [[r.DOF.Scatter.MaxSpriteRatio:0.1         ; only a maximum of 10% of scattered bokeh]]
[2020.01.24-23.48.52:333][  0]LogConfig: Setting CVar [[r.DOF.Recombine.Quality:1                ; cheap slight out of focus]]
[2020.01.24-23.48.52:333][  0]LogConfig: Setting CVar [[r.DOF.Recombine.EnableBokehSettings:0    ; no bokeh simulation on slight out of focus]]
[2020.01.24-23.48.52:333][  0]LogConfig: Setting CVar [[r.DOF.TemporalAAQuality:1                ; more stable temporal accumulation]]
[2020.01.24-23.48.52:333][  0]LogConfig: Setting CVar [[r.DOF.Kernel.MaxForegroundRadius:0.025]]
[2020.01.24-23.48.52:333][  0]LogConfig: Setting CVar [[r.DOF.Kernel.MaxBackgroundRadius:0.025]]
[2020.01.24-23.48.52:333][  0]LogConfig: Applying CVar settings from Section [TextureQuality@3] File [D:/Art/Park_SFAS/Park/Saved/Config/Windows/Scalability.ini]
[2020.01.24-23.48.52:333][  0]LogConfig: Setting CVar [[r.Streaming.MipBias:0]]
[2020.01.24-23.48.52:333][  0]LogConfig: Setting CVar [[r.Streaming.AmortizeCPUToGPUCopy:0]]
[2020.01.24-23.48.52:333][  0]LogConfig: Setting CVar [[r.Streaming.MaxNumTexturesToStreamPerFrame:0]]
[2020.01.24-23.48.52:333][  0]LogConfig: Setting CVar [[r.Streaming.Boost:1]]
[2020.01.24-23.48.52:333][  0]LogConfig: Setting CVar [[r.MaxAnisotropy:8]]
[2020.01.24-23.48.52:333][  0]LogConfig: Setting CVar [[r.Streaming.LimitPoolSizeToVRAM:0]]
[2020.01.24-23.48.52:333][  0]LogConfig: Setting CVar [[r.Streaming.PoolSize:1000]]
[2020.01.24-23.48.52:334][  0]LogConfig: Setting CVar [[r.Streaming.MaxEffectiveScreenSize:0]]
[2020.01.24-23.48.52:334][  0]LogConfig: Applying CVar settings from Section [EffectsQuality@3] File [D:/Art/Park_SFAS/Park/Saved/Config/Windows/Scalability.ini]
[2020.01.24-23.48.52:334][  0]LogConfig: Setting CVar [[r.TranslucencyLightingVolumeDim:64]]
[2020.01.24-23.48.52:334][  0]LogConfig: Setting CVar [[r.RefractionQuality:2]]
[2020.01.24-23.48.52:334][  0]LogConfig: Setting CVar [[r.SSR.Quality:3]]
[2020.01.24-23.48.52:334][  0]LogConfig: Setting CVar [[r.SceneColorFormat:4]]
[2020.01.24-23.48.52:334][  0]LogConfig: Setting CVar [[r.DetailMode:2]]
[2020.01.24-23.48.52:334][  0]LogConfig: Setting CVar [[r.TranslucencyVolumeBlur:1]]
[2020.01.24-23.48.52:334][  0]LogConfig: Setting CVar [[r.MaterialQualityLevel:1 ; High quality]]
[2020.01.24-23.48.52:334][  0]LogConfig: Setting CVar [[r.SSS.Scale:1]]
[2020.01.24-23.48.52:334][  0]LogConfig: Setting CVar [[r.SSS.SampleSet:2]]
[2020.01.24-23.48.52:334][  0]LogConfig: Setting CVar [[r.SSS.Quality:1]]
[2020.01.24-23.48.52:334][  0]LogConfig: Setting CVar [[r.SSS.HalfRes:1]]
[2020.01.24-23.48.52:334][  0]LogConfig: Setting CVar [[r.EmitterSpawnRateScale:1.0]]
[2020.01.24-23.48.52:334][  0]LogConfig: Setting CVar [[r.ParticleLightQuality:2]]
[2020.01.24-23.48.52:334][  0]LogConfig: Applying CVar settings from Section [FoliageQuality@3] File [D:/Art/Park_SFAS/Park/Saved/Config/Windows/Scalability.ini]
[2020.01.24-23.48.52:334][  0]LogConfig: Setting CVar [[foliage.DensityScale:1.0]]
[2020.01.24-23.48.52:334][  0]LogConfig: Setting CVar [[grass.DensityScale:1.0]]
[2020.01.24-23.48.52:334][  0]LogInit: Selected Device Profile: [Windows]
[2020.01.24-23.48.52:334][  0]LogInit: Applying CVar settings loaded from the selected device profile: [Windows]
[2020.01.24-23.48.52:336][  0]LogHAL: Display: Platform has ~ 32 GB [34014822400 / 34359738368 / 32], which maps to Largest [LargestMinGB=32, LargerMinGB=12, DefaultMinGB=8, SmallerMinGB=6, SmallestMinGB=0)
[2020.01.24-23.48.52:336][  0]LogInit: Going up to parent DeviceProfile []
[2020.01.24-23.48.52:336][  0]LogConfig: Applying CVar settings from Section [ViewDistanceQuality@3] File [D:/Art/Park_SFAS/Park/Saved/Config/Windows/Scalability.ini]
[2020.01.24-23.48.52:336][  0]LogConfig: Setting CVar [[r.SkeletalMeshLODBias:0]]
[2020.01.24-23.48.52:336][  0]LogConfig: Setting CVar [[r.ViewDistanceScale:1.0]]
[2020.01.24-23.48.52:336][  0]LogConfig: Applying CVar settings from Section [AntiAliasingQuality@3] File [D:/Art/Park_SFAS/Park/Saved/Config/Windows/Scalability.ini]
[2020.01.24-23.48.52:336][  0]LogConfig: Setting CVar [[r.PostProcessAAQuality:4]]
[2020.01.24-23.48.52:336][  0]LogConfig: Applying CVar settings from Section [ShadowQuality@3] File [D:/Art/Park_SFAS/Park/Saved/Config/Windows/Scalability.ini]
[2020.01.24-23.48.52:336][  0]LogConfig: Setting CVar [[r.LightFunctionQuality:1]]
[2020.01.24-23.48.52:336][  0]LogConfig: Setting CVar [[r.ShadowQuality:5]]
[2020.01.24-23.48.52:336][  0]LogConfig: Setting CVar [[r.Shadow.CSM.MaxCascades:10]]
[2020.01.24-23.48.52:336][  0]LogConfig: Setting CVar [[r.Shadow.MaxResolution:2048]]
[2020.01.24-23.48.52:336][  0]LogConfig: Setting CVar [[r.Shadow.MaxCSMResolution:2048]]
[2020.01.24-23.48.52:336][  0]LogConfig: Setting CVar [[r.Shadow.RadiusThreshold:0.01]]
[2020.01.24-23.48.52:336][  0]LogConfig: Setting CVar [[r.Shadow.DistanceScale:1.0]]
[2020.01.24-23.48.52:336][  0]LogConfig: Setting CVar [[r.Shadow.CSM.TransitionScale:1.0]]
[2020.01.24-23.48.52:336][  0]LogConfig: Setting CVar [[r.Shadow.PreShadowResolutionFactor:1.0]]
[2020.01.24-23.48.52:336][  0]LogConfig: Setting CVar [[r.DistanceFieldShadowing:1]]
[2020.01.24-23.48.52:336][  0]LogConfig: Setting CVar [[r.DistanceFieldAO:1]]
[2020.01.24-23.48.52:336][  0]LogConfig: Setting CVar [[r.AOQuality:2]]
[2020.01.24-23.48.52:336][  0]LogConfig: Setting CVar [[r.VolumetricFog:1]]
[2020.01.24-23.48.52:336][  0]LogConfig: Setting CVar [[r.VolumetricFog.GridPixelSize:8]]
[2020.01.24-23.48.52:336][  0]LogConfig: Setting CVar [[r.VolumetricFog.GridSizeZ:128]]
[2020.01.24-23.48.52:336][  0]LogConfig: Setting CVar [[r.VolumetricFog.HistoryMissSupersampleCount:4]]
[2020.01.24-23.48.52:336][  0]LogConfig: Setting CVar [[r.LightMaxDrawDistanceScale:1]]
[2020.01.24-23.48.52:336][  0]LogConfig: Setting CVar [[r.CapsuleShadows:1]]
[2020.01.24-23.48.52:336][  0]LogConfig: Applying CVar settings from Section [PostProcessQuality@3] File [D:/Art/Park_SFAS/Park/Saved/Config/Windows/Scalability.ini]
[2020.01.24-23.48.52:336][  0]LogConfig: Setting CVar [[r.MotionBlurQuality:4]]
[2020.01.24-23.48.52:336][  0]LogConfig: Setting CVar [[r.AmbientOcclusionMipLevelFactor:0.4]]
[2020.01.24-23.48.52:336][  0]LogConfig: Setting CVar [[r.AmbientOcclusionMaxQuality:100]]
[2020.01.24-23.48.52:336][  0]LogConfig: Setting CVar [[r.AmbientOcclusionLevels:-1]]
[2020.01.24-23.48.52:336][  0]LogConfig: Setting CVar [[r.AmbientOcclusionRadiusScale:1.0]]
[2020.01.24-23.48.52:336][  0]LogConfig: Setting CVar [[r.DepthOfFieldQuality:2]]
[2020.01.24-23.48.52:336][  0]LogConfig: Setting CVar [[r.RenderTargetPoolMin:400]]
[2020.01.24-23.48.52:336][  0]LogConfig: Setting CVar [[r.LensFlareQuality:2]]
[2020.01.24-23.48.52:336][  0]LogConfig: Setting CVar [[r.SceneColorFringeQuality:1]]
[2020.01.24-23.48.52:336][  0]LogConfig: Setting CVar [[r.EyeAdaptationQuality:2]]
[2020.01.24-23.48.52:336][  0]LogConfig: Setting CVar [[r.BloomQuality:5]]
[2020.01.24-23.48.52:336][  0]LogConfig: Setting CVar [[r.FastBlurThreshold:100]]
[2020.01.24-23.48.52:336][  0]LogConfig: Setting CVar [[r.Upscale.Quality:3]]
[2020.01.24-23.48.52:336][  0]LogConfig: Setting CVar [[r.Tonemapper.GrainQuantization:1]]
[2020.01.24-23.48.52:336][  0]LogConfig: Setting CVar [[r.LightShaftQuality:1]]
[2020.01.24-23.48.52:336][  0]LogConfig: Setting CVar [[r.Filter.SizeScale:1]]
[2020.01.24-23.48.52:336][  0]LogConfig: Setting CVar [[r.Tonemapper.Quality:5]]
[2020.01.24-23.48.52:336][  0]LogConfig: Setting CVar [[r.DOF.Gather.AccumulatorQuality:1        ; higher gathering accumulator quality]]
[2020.01.24-23.48.52:337][  0]LogConfig: Setting CVar [[r.DOF.Gather.PostfilterMethod:1          ; Median3x3 postfilering method]]
[2020.01.24-23.48.52:337][  0]LogConfig: Setting CVar [[r.DOF.Gather.EnableBokehSettings:0       ; no bokeh simulation when gathering]]
[2020.01.24-23.48.52:337][  0]LogConfig: Setting CVar [[r.DOF.Gather.RingCount:4                 ; medium number of samples when gathering]]
[2020.01.24-23.48.52:337][  0]LogConfig: Setting CVar [[r.DOF.Scatter.ForegroundCompositing:1    ; additive foreground scattering]]
[2020.01.24-23.48.52:337][  0]LogConfig: Setting CVar [[r.DOF.Scatter.BackgroundCompositing:2    ; additive background scattering]]
[2020.01.24-23.48.52:337][  0]LogConfig: Setting CVar [[r.DOF.Scatter.EnableBokehSettings:1      ; bokeh simulation when scattering]]
[2020.01.24-23.48.52:337][  0]LogConfig: Setting CVar [[r.DOF.Scatter.MaxSpriteRatio:0.1         ; only a maximum of 10% of scattered bokeh]]
[2020.01.24-23.48.52:337][  0]LogConfig: Setting CVar [[r.DOF.Recombine.Quality:1                ; cheap slight out of focus]]
[2020.01.24-23.48.52:337][  0]LogConfig: Setting CVar [[r.DOF.Recombine.EnableBokehSettings:0    ; no bokeh simulation on slight out of focus]]
[2020.01.24-23.48.52:337][  0]LogConfig: Setting CVar [[r.DOF.TemporalAAQuality:1                ; more stable temporal accumulation]]
[2020.01.24-23.48.52:337][  0]LogConfig: Setting CVar [[r.DOF.Kernel.MaxForegroundRadius:0.025]]
[2020.01.24-23.48.52:337][  0]LogConfig: Setting CVar [[r.DOF.Kernel.MaxBackgroundRadius:0.025]]
[2020.01.24-23.48.52:337][  0]LogConfig: Applying CVar settings from Section [TextureQuality@3] File [D:/Art/Park_SFAS/Park/Saved/Config/Windows/Scalability.ini]
[2020.01.24-23.48.52:337][  0]LogConfig: Setting CVar [[r.Streaming.MipBias:0]]
[2020.01.24-23.48.52:337][  0]LogConfig: Setting CVar [[r.Streaming.AmortizeCPUToGPUCopy:0]]
[2020.01.24-23.48.52:337][  0]LogConfig: Setting CVar [[r.Streaming.MaxNumTexturesToStreamPerFrame:0]]
[2020.01.24-23.48.52:337][  0]LogConfig: Setting CVar [[r.Streaming.Boost:1]]
[2020.01.24-23.48.52:337][  0]LogConfig: Setting CVar [[r.MaxAnisotropy:8]]
[2020.01.24-23.48.52:337][  0]LogConfig: Setting CVar [[r.Streaming.LimitPoolSizeToVRAM:0]]
[2020.01.24-23.48.52:337][  0]LogConfig: Setting CVar [[r.Streaming.PoolSize:1000]]
[2020.01.24-23.48.52:337][  0]LogConfig: Setting CVar [[r.Streaming.MaxEffectiveScreenSize:0]]
[2020.01.24-23.48.52:337][  0]LogConfig: Applying CVar settings from Section [EffectsQuality@3] File [D:/Art/Park_SFAS/Park/Saved/Config/Windows/Scalability.ini]
[2020.01.24-23.48.52:337][  0]LogConfig: Setting CVar [[r.TranslucencyLightingVolumeDim:64]]
[2020.01.24-23.48.52:337][  0]LogConfig: Setting CVar [[r.RefractionQuality:2]]
[2020.01.24-23.48.52:337][  0]LogConfig: Setting CVar [[r.SSR.Quality:3]]
[2020.01.24-23.48.52:337][  0]LogConfig: Setting CVar [[r.SceneColorFormat:4]]
[2020.01.24-23.48.52:337][  0]LogConfig: Setting CVar [[r.DetailMode:2]]
[2020.01.24-23.48.52:337][  0]LogConfig: Setting CVar [[r.TranslucencyVolumeBlur:1]]
[2020.01.24-23.48.52:337][  0]LogConfig: Setting CVar [[r.MaterialQualityLevel:1 ; High quality]]
[2020.01.24-23.48.52:337][  0]LogConfig: Setting CVar [[r.SSS.Scale:1]]
[2020.01.24-23.48.52:337][  0]LogConfig: Setting CVar [[r.SSS.SampleSet:2]]
[2020.01.24-23.48.52:337][  0]LogConfig: Setting CVar [[r.SSS.Quality:1]]
[2020.01.24-23.48.52:337][  0]LogConfig: Setting CVar [[r.SSS.HalfRes:1]]
[2020.01.24-23.48.52:337][  0]LogConfig: Setting CVar [[r.EmitterSpawnRateScale:1.0]]
[2020.01.24-23.48.52:337][  0]LogConfig: Setting CVar [[r.ParticleLightQuality:2]]
[2020.01.24-23.48.52:337][  0]LogConfig: Applying CVar settings from Section [FoliageQuality@3] File [D:/Art/Park_SFAS/Park/Saved/Config/Windows/Scalability.ini]
[2020.01.24-23.48.52:337][  0]LogConfig: Setting CVar [[foliage.DensityScale:1.0]]
[2020.01.24-23.48.52:337][  0]LogConfig: Setting CVar [[grass.DensityScale:1.0]]
[2020.01.24-23.48.52:337][  0]LogConfig: Applying CVar settings from Section [Startup] File [../../../Engine/Config/ConsoleVariables.ini]
[2020.01.24-23.48.52:337][  0]LogConfig: Setting CVar [[net.UseAdaptiveNetUpdateFrequency:0]]
[2020.01.24-23.48.52:337][  0]LogConfig: Setting CVar [[p.chaos.AllowCreatePhysxBodies:1]]
[2020.01.24-23.48.52:337][  0]LogConfig: Applying CVar settings from Section [ConsoleVariables] File [D:/Art/Park_SFAS/Park/Saved/Config/Windows/Engine.ini]
[2020.01.24-23.48.52:337][  0]LogInit: Computer: JONATHAN-PC
[2020.01.24-23.48.52:337][  0]LogInit: User: Jonathan
[2020.01.24-23.48.52:337][  0]LogInit: CPU Page size=4096, Cores=8
[2020.01.24-23.48.52:337][  0]LogInit: High frequency timer resolution =10.000000 MHz
[2020.01.24-23.48.52:337][  0]LogMemory: Memory total: Physical=31.7GB (32GB approx)
[2020.01.24-23.48.52:337][  0]LogMemory: Platform Memory Stats for Windows
[2020.01.24-23.48.52:337][  0]LogMemory: Process Physical Memory: 102.70 MB used, 102.70 MB peak
[2020.01.24-23.48.52:337][  0]LogMemory: Process Virtual Memory: 104.73 MB used, 104.73 MB peak
[2020.01.24-23.48.52:338][  0]LogMemory: Physical Memory: 17025.21 MB used,  15413.85 MB free, 32439.06 MB total
[2020.01.24-23.48.52:338][  0]LogMemory: Virtual Memory: 4705.62 MB used,  134213024.00 MB free, 134217728.00 MB total
[2020.01.24-23.48.52:340][  0]LogWindows: WindowsPlatformFeatures enabled
[2020.01.24-23.48.52:358][  0]LogInit: Using OS detected language (en-GB).
[2020.01.24-23.48.52:358][  0]LogInit: Using OS detected locale (en-GB).
[2020.01.24-23.48.52:359][  0]LogTextLocalizationManager: No specific localization for 'en-GB' exists, so the 'en' localization will be used.
[2020.01.24-23.48.52:516][  0]LogInit: Setting process to per monitor DPI aware
[2020.01.24-23.48.52:550][  0]LogSlate: New Slate User Created.  User Index 0, Is Virtual User: 0
[2020.01.24-23.48.52:550][  0]LogSlate: Slate User Registered.  User Index 0, Is Virtual User: 0
[2020.01.24-23.48.52:727][  0]LogHMD: Failed to initialize OpenVR with code 110
[2020.01.24-23.48.52:727][  0]LogD3D11RHI: D3D11 adapters:
[2020.01.24-23.48.52:783][  0]LogD3D11RHI:    0. 'NVIDIA GeForce GTX 1080 Ti' (Feature Level 11_0)
[2020.01.24-23.48.52:783][  0]LogD3D11RHI:       11127/0/16219 MB DedicatedVideo/DedicatedSystem/SharedSystem, Outputs:3, VendorId:0x10de
[2020.01.24-23.48.52:785][  0]LogD3D11RHI:    1. 'Microsoft Basic Render Driver' (Feature Level 11_0)
[2020.01.24-23.48.52:785][  0]LogD3D11RHI:       0/0/16219 MB DedicatedVideo/DedicatedSystem/SharedSystem, Outputs:0, VendorId:0x1414
[2020.01.24-23.48.52:785][  0]LogD3D11RHI: Chosen D3D11 Adapter: 0
[2020.01.24-23.48.52:795][  0]LogD3D11RHI: Creating new Direct3DDevice
[2020.01.24-23.48.52:795][  0]LogD3D11RHI:     GPU DeviceId: 0x1b06 (for the marketing name, search the web for "GPU Device Id")
[2020.01.24-23.48.52:795][  0]LogWindows: EnumDisplayDevices:
[2020.01.24-23.48.52:795][  0]LogWindows:    0. 'NVIDIA GeForce GTX 1080 Ti' (P:1 D:1)
[2020.01.24-23.48.52:795][  0]LogWindows:    1. 'NVIDIA GeForce GTX 1080 Ti' (P:0 D:1)
[2020.01.24-23.48.52:796][  0]LogWindows:    2. 'NVIDIA GeForce GTX 1080 Ti' (P:0 D:1)
[2020.01.24-23.48.52:796][  0]LogWindows:    3. 'NVIDIA GeForce GTX 1080 Ti' (P:0 D:0)
[2020.01.24-23.48.52:796][  0]LogWindows: DebugString: FoundDriverCount:4 
[2020.01.24-23.48.52:796][  0]LogD3D11RHI:     Adapter Name: NVIDIA GeForce GTX 1080 Ti
[2020.01.24-23.48.52:796][  0]LogD3D11RHI:   Driver Version: 432.00 (internal:26.21.14.3200, unified:432.00)
[2020.01.24-23.48.52:796][  0]LogD3D11RHI:      Driver Date: 7-24-2019
[2020.01.24-23.48.52:796][  0]LogRHI: Texture pool is 7788 MB (70% of 11127 MB)
[2020.01.24-23.48.52:838][  0]LogD3D11RHI: Async texture creation enabled
[2020.01.24-23.48.52:869][  0]LogD3D11RHI: GPU Timing Frequency: 1000.000000 (Debug: 2 1)
[2020.01.24-23.48.53:163][  0]LogTemp: Display: Module 'AllDesktopTargetPlatform' loaded TargetPlatform 'AllDesktop'
[2020.01.24-23.48.53:169][  0]LogTemp: Display: Module 'MacClientTargetPlatform' loaded TargetPlatform 'MacClient'
[2020.01.24-23.48.53:176][  0]LogTemp: Display: Module 'MacNoEditorTargetPlatform' loaded TargetPlatform 'MacNoEditor'
[2020.01.24-23.48.53:181][  0]LogTemp: Display: Module 'MacServerTargetPlatform' loaded TargetPlatform 'MacServer'
[2020.01.24-23.48.53:188][  0]LogTemp: Display: Module 'MacTargetPlatform' loaded TargetPlatform 'Mac'
[2020.01.24-23.48.53:194][  0]LogTemp: Display: Module 'WindowsClientTargetPlatform' loaded TargetPlatform 'WindowsClient'
[2020.01.24-23.48.53:200][  0]LogTemp: Display: Module 'WindowsNoEditorTargetPlatform' loaded TargetPlatform 'WindowsNoEditor'
[2020.01.24-23.48.53:207][  0]LogTemp: Display: Module 'WindowsServerTargetPlatform' loaded TargetPlatform 'WindowsServer'
[2020.01.24-23.48.53:210][  0]LogTemp: Display: Module 'WindowsTargetPlatform' loaded TargetPlatform 'Windows'
[2020.01.24-23.48.53:237][  0]LogTemp: Display: Module 'AndroidTargetPlatform' loaded TargetPlatform 'Android'
[2020.01.24-23.48.53:237][  0]LogTemp: Display: Module 'AndroidTargetPlatform' loaded TargetPlatform 'Android_ASTC'
[2020.01.24-23.48.53:237][  0]LogTemp: Display: Module 'AndroidTargetPlatform' loaded TargetPlatform 'Android_ATC'
[2020.01.24-23.48.53:237][  0]LogTemp: Display: Module 'AndroidTargetPlatform' loaded TargetPlatform 'Android_DXT'
[2020.01.24-23.48.53:237][  0]LogTemp: Display: Module 'AndroidTargetPlatform' loaded TargetPlatform 'Android_ETC1'
[2020.01.24-23.48.53:237][  0]LogTemp: Display: Module 'AndroidTargetPlatform' loaded TargetPlatform 'Android_ETC1a'
[2020.01.24-23.48.53:237][  0]LogTemp: Display: Module 'AndroidTargetPlatform' loaded TargetPlatform 'Android_ETC2'
[2020.01.24-23.48.53:237][  0]LogTemp: Display: Module 'AndroidTargetPlatform' loaded TargetPlatform 'Android_PVRTC'
[2020.01.24-23.48.53:237][  0]LogTemp: Display: Module 'AndroidTargetPlatform' loaded TargetPlatform 'AndroidClient'
[2020.01.24-23.48.53:237][  0]LogTemp: Display: Module 'AndroidTargetPlatform' loaded TargetPlatform 'Android_ASTCClient'
[2020.01.24-23.48.53:237][  0]LogTemp: Display: Module 'AndroidTargetPlatform' loaded TargetPlatform 'Android_ATCClient'
[2020.01.24-23.48.53:237][  0]LogTemp: Display: Module 'AndroidTargetPlatform' loaded TargetPlatform 'Android_DXTClient'
[2020.01.24-23.48.53:237][  0]LogTemp: Display: Module 'AndroidTargetPlatform' loaded TargetPlatform 'Android_ETC1Client'
[2020.01.24-23.48.53:237][  0]LogTemp: Display: Module 'AndroidTargetPlatform' loaded TargetPlatform 'Android_ETC1aClient'
[2020.01.24-23.48.53:237][  0]LogTemp: Display: Module 'AndroidTargetPlatform' loaded TargetPlatform 'Android_ETC2Client'
[2020.01.24-23.48.53:237][  0]LogTemp: Display: Module 'AndroidTargetPlatform' loaded TargetPlatform 'Android_PVRTCClient'
[2020.01.24-23.48.53:237][  0]LogTemp: Display: Module 'AndroidTargetPlatform' loaded TargetPlatform 'Android_Multi'
[2020.01.24-23.48.53:237][  0]LogTemp: Display: Module 'AndroidTargetPlatform' loaded TargetPlatform 'Android_MultiClient'
[2020.01.24-23.48.53:238][  0]LogTemp: Display: Module 'HTML5TargetPlatform' loaded TargetPlatform 'HTML5'
[2020.01.24-23.48.53:252][  0]LogTemp: Display: Module 'IOSTargetPlatform' loaded TargetPlatform 'IOSClient'
[2020.01.24-23.48.53:252][  0]LogTemp: Display: Module 'IOSTargetPlatform' loaded TargetPlatform 'IOS'
[2020.01.24-23.48.53:263][  0]LogTemp: Display: Module 'TVOSTargetPlatform' loaded TargetPlatform 'TVOSClient'
[2020.01.24-23.48.53:263][  0]LogTemp: Display: Module 'TVOSTargetPlatform' loaded TargetPlatform 'TVOS'
[2020.01.24-23.48.53:268][  0]LogTemp: Display: Module 'LinuxClientTargetPlatform' loaded TargetPlatform 'LinuxClient'
[2020.01.24-23.48.53:274][  0]LogTemp: Display: Module 'LinuxNoEditorTargetPlatform' loaded TargetPlatform 'LinuxNoEditor'
[2020.01.24-23.48.53:280][  0]LogTemp: Display: Module 'LinuxServerTargetPlatform' loaded TargetPlatform 'LinuxServer'
[2020.01.24-23.48.53:285][  0]LogTemp: Display: Module 'LinuxTargetPlatform' loaded TargetPlatform 'Linux'
[2020.01.24-23.48.53:305][  0]LogTemp: Display: Module 'LuminTargetPlatform' loaded TargetPlatform 'Lumin'
[2020.01.24-23.48.53:305][  0]LogTemp: Display: Module 'LuminTargetPlatform' loaded TargetPlatform 'LuminClient'
[2020.01.24-23.48.53:305][  0]LogTargetPlatformManager: Display: Building Assets For Windows
[2020.01.24-23.48.53:312][  0]LogAudioDebug: Display: Lib vorbis DLL was dynamically loaded.
[2020.01.24-23.48.53:345][  0]LogShaderCompilers: Guid format shader working directory is 15 characters bigger than the processId version (../../../../Art/Park_SFAS/Park/Intermediate/Shaders/WorkingDirectory/19012/).
[2020.01.24-23.48.53:345][  0]LogShaderCompilers: Cleaned the shader compiler working directory 'C:/Users/jonat/AppData/Local/Temp/UnrealShaderWorkingDir/B26627A749AC7F430AFA9ABD9390A776/'.
[2020.01.24-23.48.53:346][  0]LogXGEController: Cannot use XGE Controller as Incredibuild is not installed on this machine.
[2020.01.24-23.48.53:346][  0]LogShaderCompilers: Cannot use XGE Shader Compiler as Incredibuild is not installed on this machine.
[2020.01.24-23.48.53:346][  0]LogShaderCompilers: Display: Using Local Shader Compiler.
[2020.01.24-23.48.53:877][  0]LogDerivedDataCache: Display: Max Cache Size: 512 MB
[2020.01.24-23.48.53:926][  0]LogDerivedDataCache: Loaded boot cache 0.05s 73MB C:/Users/jonat/AppData/Local/UnrealEngine/4.23/DerivedDataCache/Boot.ddc.
[2020.01.24-23.48.53:926][  0]LogDerivedDataCache: Display: Loaded Boot cache: C:/Users/jonat/AppData/Local/UnrealEngine/4.23/DerivedDataCache/Boot.ddc
[2020.01.24-23.48.53:926][  0]LogDerivedDataCache: FDerivedDataBackendGraph:  Pak pak cache file ../../../../Art/Park_SFAS/Park/DerivedDataCache/DDC.ddp not found, will not use a pak cache.
[2020.01.24-23.48.53:926][  0]LogDerivedDataCache: Unable to find inner node Pak for hierarchical cache Hierarchy.
[2020.01.24-23.48.53:926][  0]LogDerivedDataCache: FDerivedDataBackendGraph:  CompressedPak pak cache file ../../../../Art/Park_SFAS/Park/DerivedDataCache/Compressed.ddp not found, will not use a pak cache.
[2020.01.24-23.48.53:926][  0]LogDerivedDataCache: Unable to find inner node CompressedPak for hierarchical cache Hierarchy.
[2020.01.24-23.48.53:936][  0]LogDerivedDataCache: Display: Pak cache opened for reading ../../../Engine/DerivedDataCache/Compressed.ddp.
[2020.01.24-23.48.53:936][  0]LogDerivedDataCache: FDerivedDataBackendGraph:  EnterprisePak pak cache file ../../../Enterprise/DerivedDataCache/Compressed.ddp not found, will not use a pak cache.
[2020.01.24-23.48.53:936][  0]LogDerivedDataCache: Unable to find inner node EnterprisePak for hierarchical cache Hierarchy.
[2020.01.24-23.48.53:937][  0]LogDerivedDataCache: Using Local data cache path C:/Users/jonat/AppData/Local/UnrealEngine/Common/DerivedDataCache: Writable
[2020.01.24-23.48.53:937][  0]LogDerivedDataCache: Shared data cache path not found in *engine.ini, will not use an Shared cache.
[2020.01.24-23.48.53:937][  0]LogDerivedDataCache: Unable to find inner node Shared for hierarchical cache Hierarchy.
[2020.01.24-23.48.53:955][  0]LogMaterial: Verifying Global Shaders for PCD3D_SM5
[2020.01.24-23.48.53:957][  0]LogSlate: Using FreeType 2.6.0
[2020.01.24-23.48.53:958][  0]LogSlate: SlateFontServices - WITH_FREETYPE: 1, WITH_HARFBUZZ: 1
[2020.01.24-23.48.54:009][  0]LogAssetRegistry: FAssetRegistry took 0.0023 seconds to start up
[2020.01.24-23.48.54:233][  0]LogInit: Selected Device Profile: [Windows]
[2020.01.24-23.48.54:351][  0]LogMeshReduction: Using QuadricMeshReduction for automatic static mesh reduction
[2020.01.24-23.48.54:351][  0]LogMeshReduction: Using SimplygonMeshReduction for automatic skeletal mesh reduction
[2020.01.24-23.48.54:351][  0]LogMeshReduction: Using ProxyLODMeshReduction for automatic mesh merging
[2020.01.24-23.48.54:351][  0]LogMeshReduction: No distributed automatic mesh merging module available
[2020.01.24-23.48.54:351][  0]LogMeshMerging: No distributed automatic mesh merging module available
[2020.01.24-23.48.54:363][  0]LogNetVersion: Park 1.0.0, NetCL: 8386587, EngineNetVer: 11, GameNetVer: 0 (Checksum: 2217119901)
[2020.01.24-23.48.54:811][  0]LogPackageLocalizationCache: Processed 12 localized package path(s) for 1 prioritized culture(s) in 0.104698 seconds
[2020.01.24-23.48.54:819][  0]LogUObjectArray: 43444 objects as part of root set at end of initial load.
[2020.01.24-23.48.54:819][  0]LogUObjectAllocator: 7548648 out of 0 bytes used by permanent object pool.
[2020.01.24-23.48.54:819][  0]LogUObjectArray: CloseDisregardForGC: 0/0 objects in disregard for GC pool
[2020.01.24-23.48.55:563][  0]LogTcpMessaging: Initializing TcpMessaging bridge
[2020.01.24-23.48.55:566][  0]LogUdpMessaging: Initializing bridge on interface 0.0.0.0:0 to multicast group 230.0.0.1:6666.
[2020.01.24-23.48.55:612][  0]SourceControl: Source control is disabled
[2020.01.24-23.48.55:612][  0]SourceControl: Source control is disabled
[2020.01.24-23.48.55:613][  0]SourceControl: Source control is disabled
[2020.01.24-23.48.55:614][  0]SourceControl: Source control is disabled
[2020.01.24-23.48.55:689][  0]LogAndroidPermission: UAndroidPermissionCallbackProxy::GetInstance
[2020.01.24-23.48.55:836][  0]LogOcInput: OculusInput pre-init called
[2020.01.24-23.48.55:842][  0]LogWindows: Failed to load 'OVRPlugin.dll' (GetLastError=126)
[2020.01.24-23.48.55:842][  0]LogWindows: File 'OVRPlugin.dll' does not exist
[2020.01.24-23.48.55:900][  0]LogEngine: Initializing Engine...
[2020.01.24-23.48.55:901][  0]LogHMD: Failed to initialize OpenVR with code 110
[2020.01.24-23.48.55:901][  0]LogStats: UGameplayTagsManager::InitializeManager -  0.000 s
[2020.01.24-23.48.56:077][  0]LogInit: Initializing FReadOnlyCVARCache
[2020.01.24-23.48.56:087][  0]LogAIModule: Creating AISystem for world Untitled
[2020.01.24-23.48.56:186][  0]LogInit: XAudio2 using 'Speakers (Realtek High Definition Audio)' : 2 channels at 48 kHz using 32 bits per sample (channel mask 0x3)
[2020.01.24-23.48.56:198][  0]LogInit: FAudioDevice initialized.
[2020.01.24-23.48.56:198][  0]LogNetVersion: Set ProjectVersion to 1.0.0.0. Version Checksum will be recalculated on next use.
[2020.01.24-23.48.56:314][  0]LogDerivedDataCache: Saved boot cache 0.12s 73MB C:/Users/jonat/AppData/Local/UnrealEngine/4.23/DerivedDataCache/Boot.ddc.
[2020.01.24-23.48.56:325][  0]LogInit: Texture streaming: Enabled
[2020.01.24-23.48.56:339][  0]LogEngineSessionManager: EngineSessionManager initialized
[2020.01.24-23.48.56:339][  0]LogEditorSessionSummary: Verbose: Initializing EditorSessionSummaryWriter for editor session tracking
[2020.01.24-23.48.56:340][  0]LogEditorSessionSummary: EditorSessionSummaryWriter initialized
[2020.01.24-23.48.56:386][  0]LogInit: Transaction tracking system initialized
[2020.01.24-23.48.56:405][  0]BlueprintLog: New page: Editor Load
[2020.01.24-23.48.56:454][  0]LocalizationService: Localization service is disabled
[2020.01.24-23.48.56:630][  0]LogFileCache: Scanning file cache for directory 'D:/Art/Park_SFAS/Park/Content/' took 0.01s
[2020.01.24-23.48.56:630][  0]LogCook: Display: Max memory allowance for cook 16384mb min free memory 0mb
[2020.01.24-23.48.56:630][  0]LogCook: Display: Mobile HDR setting 1
[2020.01.24-23.48.56:775][  0]SourceControl: Source control is disabled
[2020.01.24-23.48.56:775][  0]Cmd: MAP LOAD FILE="../../../Engine/Content/Maps/Templates/Template_Default.umap" TEMPLATE=1 SHOWPROGRESS=1 FEATURELEVEL=3
[2020.01.24-23.48.56:775][  0]LightingResults: New page: Lighting Build
[2020.01.24-23.48.56:777][  0]LogWorld: UWorld::CleanupWorld for Untitled, bSessionEnded=true, bCleanupResources=true
[2020.01.24-23.48.56:777][  0]MapCheck: New page: Map Check
[2020.01.24-23.48.56:777][  0]LightingResults: New page: Lighting Build
[2020.01.24-23.48.56:814][  0]LogUObjectHash: Compacting FUObjectHashTables data took   1.62ms
[2020.01.24-23.48.56:873][  0]LogAIModule: Creating AISystem for world Untitled_1
[2020.01.24-23.48.56:876][  0]LogEditorServer: Finished looking for orphan Actors (0.000 secs)
[2020.01.24-23.48.56:913][  0]LogUObjectHash: Compacting FUObjectHashTables data took   1.89ms
[2020.01.24-23.48.56:913][  0]Cmd: MAP CHECKDEP NOCLEARLOG
[2020.01.24-23.48.56:914][  0]MapCheck: Map check complete: 0 Error(s), 0 Warning(s), took 0.119ms to complete.
[2020.01.24-23.48.56:914][  0]LogFileHelpers: Loading map 'Template_Default' took 0.138
[2020.01.24-23.48.57:083][  0]LogSlate: Updating window title bar state: overlay mode, drag disabled, window buttons hidden, title bar hidden
[2020.01.24-23.48.57:092][  0]LogSlate: Updating window title bar state: overlay mode, drag disabled, window buttons hidden, title bar hidden
[2020.01.24-23.48.57:098][  0]LogSlate: Updating window title bar state: overlay mode, drag disabled, window buttons hidden, title bar hidden
[2020.01.24-23.48.57:104][  0]LogSlate: Updating window title bar state: overlay mode, drag disabled, window buttons hidden, title bar hidden
[2020.01.24-23.48.57:159][  0]LogCollectionManager: Loaded 0 collections in 0.000955 seconds
[2020.01.24-23.48.57:174][  0]LogFileCache: Scanning file cache for directory 'D:/Art/Park_SFAS/Park/Saved/Collections/' took 0.00s
[2020.01.24-23.48.57:174][  0]LogFileCache: Scanning file cache for directory 'D:/Art/Park_SFAS/Park/Content/Developers/Jonathan/Collections/' took 0.00s
[2020.01.24-23.48.57:174][  0]LogFileCache: Scanning file cache for directory 'D:/Art/Park_SFAS/Park/Content/Collections/' took 0.00s
[2020.01.24-23.48.57:174][  0]LogCollectionManager: Rebuilt the GUID cache for 0 collections in 0.000002 seconds
[2020.01.24-23.48.57:183][  0]LogContentBrowser: Native class hierarchy populated in 0.0083 seconds. Added 2863 classes and 680 folders.
[2020.01.24-23.48.57:190][  0]LogContentBrowser: Native class hierarchy updated for 'WidgetCarousel' in 0.0003 seconds. Added 0 classes and 0 folders.
[2020.01.24-23.48.57:607][  0]LogContentBrowser: Native class hierarchy updated for 'AddContentDialog' in 0.0003 seconds. Added 0 classes and 0 folders.
[2020.01.24-23.48.57:643][  0]LogContentBrowser: Native class hierarchy updated for 'SceneOutliner' in 0.0003 seconds. Added 1 classes and 2 folders.
[2020.01.24-23.48.57:846][  0]LogSlate: Took 0.000237 seconds to synchronously load lazily loaded font '../../../Engine/Content/Slate/Fonts/Roboto-Regular.ttf' (155K)
[2020.01.24-23.48.57:847][  0]LogSlate: Took 0.000171 seconds to synchronously load lazily loaded font '../../../Engine/Content/Slate/Fonts/Roboto-Bold.ttf' (160K)
[2020.01.24-23.48.57:859][  0]LogSlate: Took 0.006920 seconds to synchronously load lazily loaded font '../../../Engine/Content/Editor/Slate/Fonts/FontAwesome.ttf' (139K)
[2020.01.24-23.48.57:996][  0]LogRenderer: Reallocating scene render targets to support 1208x740 Format 10 NumSamples 1 (Frame:1).
[2020.01.24-23.48.58:631][  0]LogContentBrowser: Native class hierarchy updated for 'HierarchicalLODOutliner' in 0.0003 seconds. Added 0 classes and 0 folders.
[2020.01.24-23.48.58:632][  0]LogLoad: (Engine Initialization) Total time: 7.53 seconds
[2020.01.24-23.48.58:632][  0]LogLoad: (Engine Initialization) Total Blueprint compile time: 0.00 seconds
[2020.01.24-23.48.58:688][  0]LogContentStreaming: Texture pool size now 1000 MB
[2020.01.24-23.48.58:731][  0]LogSlate: Took 0.007588 seconds to synchronously load lazily loaded font '../../../Engine/Content/Slate/Fonts/Roboto-Light.ttf' (167K)
[2020.01.24-23.48.58:779][  1]LogAssetRegistry: Asset discovery search completed in 4.7697 seconds
[2020.01.24-23.48.58:781][  1]LogCollectionManager: Rebuilt the object cache for 0 collections in 0.000004 seconds (found 0 objects)
[2020.01.24-23.48.58:781][  1]LogCollectionManager: Fixed up redirectors for 0 collections in 0.000053 seconds (updated 0 objects)
[2020.01.24-23.48.59:654][ 32]LogSlate: Took 0.000197 seconds to synchronously load lazily loaded font '../../../Engine/Content/Slate/Fonts/Roboto-Light.ttf' (167K)
[2020.01.24-23.49.03:065][441]LogSlate: FSceneViewport::OnFocusLost() reason 0
[2020.01.24-23.49.13:222][785]LogFactory: FactoryCreateFile: Texture with ReimportTextureFactory (0 0 ../../../../Art/Park_SFAS/Textures/Foliage/Plane_low_Plane_low_defaultMat_BaseColor.tga)
[2020.01.24-23.49.13:273][785]LogTexture: Display: Building textures: Plane_low_Plane_low_defaultMat_BaseColor (AutoDXT, 2048X2048)
[2020.01.24-23.49.13:561][785]LogFactory: FactoryCreateFile: Texture with ReimportTextureFactory (0 0 ../../../../Art/Park_SFAS/Textures/Foliage/Plane_low_Plane_low_defaultMat_Normal.tga)
[2020.01.24-23.49.13:610][785]LogTexture: Display: Building textures: Plane_low_Plane_low_defaultMat_Normal (BC5, 2048X2048)
[2020.01.24-23.49.13:764][785]LogFactory: FactoryCreateFile: Texture with ReimportTextureFactory (0 0 ../../../../Art/Park_SFAS/Textures/Foliage/Plane_low_Plane_low_defaultMat_OcclusionRoughnessMetallic.tga)
[2020.01.24-23.49.13:802][785]LogTexture: Display: Building textures: Plane_low_Plane_low_defaultMat_OcclusionRoughnessMetallic (AutoDXT, 2048X2048)
[2020.01.24-23.49.13:963][785]LogFactory: FactoryCreateFile: Texture with ReimportTextureFactory (0 0 ../../../../Art/Park_SFAS/Textures/Foliage/Plane_low_Plane_low_defaultMat_opacity.tga)
[2020.01.24-23.49.13:991][785]LogTexture: Display: Building textures: Plane_low_Plane_low_defaultMat_opacity (AutoDXT, 2048X2048)
[2020.01.24-23.49.28:709][302]LogAssetEditorManager: Opening Asset editor for Material /Game/Materials/m_Foliage.m_Foliage
[2020.01.24-23.49.28:714][302]LogMaterial: Display: Missing cached shader map for material m_Foliage, compiling. 
[2020.01.24-23.49.29:509][302]LogMaterial: Display: Missing cached shader map for material m_Foliage, compiling. 
[2020.01.24-23.49.29:524][302]LogMaterial: Display: Missing cached shader map for material m_Foliage, compiling. 
[2020.01.24-23.49.29:541][302]LogShaderCompilers: Display: Worker (1/13): shaders left to compile 21
[2020.01.24-23.49.29:541][302]LogShaderCompilers: Display: Worker (2/13): shaders left to compile 20
[2020.01.24-23.49.29:541][302]LogShaderCompilers: Display: Worker (3/13): shaders left to compile 19
[2020.01.24-23.49.29:541][302]LogShaderCompilers: Display: Worker (4/13): shaders left to compile 18
[2020.01.24-23.49.29:541][302]LogShaderCompilers: Display: Worker (5/13): shaders left to compile 17
[2020.01.24-23.49.29:541][302]LogShaderCompilers: Display: Worker (6/13): shaders left to compile 16
[2020.01.24-23.49.29:541][302]LogShaderCompilers: Display: Worker (7/13): shaders left to compile 15
[2020.01.24-23.49.29:541][302]LogShaderCompilers: Display: Worker (8/13): shaders left to compile 14
[2020.01.24-23.49.29:542][302]LogShaderCompilers: Display: Worker (9/13): shaders left to compile 13
[2020.01.24-23.49.29:542][302]LogShaderCompilers: Display: Worker (10/13): shaders left to compile 12
[2020.01.24-23.49.29:542][302]LogShaderCompilers: Display: Worker (11/13): shaders left to compile 11
[2020.01.24-23.49.29:542][302]LogShaderCompilers: Display: Worker (12/13): shaders left to compile 10
[2020.01.24-23.49.29:579][302]LogSlate: Took 0.006399 seconds to synchronously load lazily loaded font '../../../Engine/Content/Slate/Fonts/Roboto-BoldCondensed.ttf' (158K)
[2020.01.24-23.49.30:350][306]LogShaderCompilers: Display: Worker (8/13): shaders left to compile 9
[2020.01.24-23.49.30:502][309]LogShaderCompilers: Display: Worker (9/13): shaders left to compile 8
[2020.01.24-23.49.30:502][309]LogShaderCompilers: Display: Worker (3/13): shaders left to compile 7
[2020.01.24-23.49.30:515][310]LogShaderCompilers: Display: Worker (1/13): shaders left to compile 6
[2020.01.24-23.49.30:528][311]LogShaderCompilers: Display: Worker (4/13): shaders left to compile 5
[2020.01.24-23.49.30:529][311]LogShaderCompilers: Display: Worker (5/13): shaders left to compile 4
[2020.01.24-23.49.30:529][311]LogShaderCompilers: Display: Worker (6/13): shaders left to compile 3
[2020.01.24-23.49.30:529][311]LogShaderCompilers: Display: Worker (7/13): shaders left to compile 2
[2020.01.24-23.49.30:569][314]LogShaderCompilers: Display: Worker (2/13): shaders left to compile 1
[2020.01.24-23.49.31:082][344]MaterialEditorStats: Base pass shader: 117 instructions
[2020.01.24-23.49.31:082][344]MaterialEditorStats: Base pass shader with Volumetric Lightmap: 191 instructions
[2020.01.24-23.49.31:082][344]MaterialEditorStats: Base pass vertex shader: 40 instructions
[2020.01.24-23.49.31:082][344]MaterialEditorStats: Texture samplers: 3/16
[2020.01.24-23.49.34:305][668]LogMaterial: Display: Missing cached shader map for material m_Foliage, compiling. 
[2020.01.24-23.49.34:318][668]LogShaderCompilers: Display: Worker (1/13): shaders left to compile 21
[2020.01.24-23.49.34:318][668]LogShaderCompilers: Display: Worker (2/13): shaders left to compile 20
[2020.01.24-23.49.34:318][668]LogShaderCompilers: Display: Worker (3/13): shaders left to compile 19
[2020.01.24-23.49.34:318][668]LogShaderCompilers: Display: Worker (4/13): shaders left to compile 18
[2020.01.24-23.49.34:318][668]LogShaderCompilers: Display: Worker (5/13): shaders left to compile 17
[2020.01.24-23.49.34:318][668]LogShaderCompilers: Display: Worker (6/13): shaders left to compile 16
[2020.01.24-23.49.34:318][668]LogShaderCompilers: Display: Worker (7/13): shaders left to compile 15
[2020.01.24-23.49.34:318][668]LogShaderCompilers: Display: Worker (8/13): shaders left to compile 14
[2020.01.24-23.49.34:319][668]LogShaderCompilers: Display: Worker (9/13): shaders left to compile 13
[2020.01.24-23.49.34:319][668]LogShaderCompilers: Display: Worker (10/13): shaders left to compile 12
[2020.01.24-23.49.34:319][668]LogShaderCompilers: Display: Worker (11/13): shaders left to compile 11
[2020.01.24-23.49.34:319][668]LogShaderCompilers: Display: Worker (12/13): shaders left to compile 10
[2020.01.24-23.49.34:319][668]LogMaterial: Display: Missing cached shader map for material FMatExpressionPreview MaterialExpressionTextureSample_0, compiling. 
[2020.01.24-23.49.34:330][668]LogMaterial: Display: Missing cached shader map for material FMatExpressionPreview MaterialExpressionTextureSample_0, compiling. 
[2020.01.24-23.49.34:344][668]LogMaterial: Display: Missing cached shader map for material m_Foliage, compiling. 
[2020.01.24-23.49.34:359][668]LogMaterial: Display: Missing cached shader map for material FMatExpressionPreview MaterialExpressionTextureSample_1, compiling. 
[2020.01.24-23.49.34:377][668]LogMaterial: Display: Missing cached shader map for material FMatExpressionPreview MaterialExpressionTextureSample_0, compiling. 
[2020.01.24-23.49.34:387][668]LogMaterial: Display: Missing cached shader map for material FMatExpressionPreview MaterialExpressionTextureSample_1, compiling. 
[2020.01.24-23.49.34:406][668]LogMaterial: Display: Missing cached shader map for material m_Foliage, compiling. 
[2020.01.24-23.49.34:426][668]LogMaterial: Display: Missing cached shader map for material FMatExpressionPreview MaterialExpressionTextureSample_2, compiling. 
[2020.01.24-23.49.34:447][668]LogMaterial: Display: Missing cached shader map for material FMatExpressionPreview MaterialExpressionTextureSample_0, compiling. 
[2020.01.24-23.49.34:457][668]LogMaterial: Display: Missing cached shader map for material FMatExpressionPreview MaterialExpressionTextureSample_1, compiling. 
[2020.01.24-23.49.34:467][668]LogMaterial: Display: Missing cached shader map for material FMatExpressionPreview MaterialExpressionTextureSample_2, compiling. 
[2020.01.24-23.49.34:492][668]LogShaderCompilers: Display: Worker (8/13): shaders left to compile 33
[2020.01.24-23.49.34:496][668]LogMaterial: Display: Missing cached shader map for material m_Foliage, compiling. 
[2020.01.24-23.49.34:522][668]LogMaterial: Display: Missing cached shader map for material FMatExpressionPreview MaterialExpressionTextureSample_3, compiling. 
[2020.01.24-23.49.34:545][668]LogShaderCompilers: Display: Worker (1/13): shaders left to compile 21
[2020.01.24-23.49.34:545][668]LogMaterial: Display: Missing cached shader map for material FMatExpressionPreview MaterialExpressionTextureSample_0, compiling. 
[2020.01.24-23.49.34:557][668]LogShaderCompilers: Display: Worker (2/13): shaders left to compile 24
[2020.01.24-23.49.34:557][668]LogShaderCompilers: Display: Worker (3/13): shaders left to compile 23
[2020.01.24-23.49.34:557][668]LogMaterial: Display: Missing cached shader map for material FMatExpressionPreview MaterialExpressionTextureSample_1, compiling. 
[2020.01.24-23.49.34:567][668]LogMaterial: Display: Missing cached shader map for material FMatExpressionPreview MaterialExpressionTextureSample_2, compiling. 
[2020.01.24-23.49.34:579][668]LogMaterial: Display: Missing cached shader map for material FMatExpressionPreview MaterialExpressionTextureSample_3, compiling. 
[2020.01.24-23.49.34:604][668]LogShaderCompilers: Display: Worker (5/13): shaders left to compile 34
[2020.01.24-23.49.34:604][668]LogShaderCompilers: Display: Worker (4/13): shaders left to compile 33
[2020.01.24-23.49.34:604][668]LogShaderCompilers: Display: Worker (6/13): shaders left to compile 32
[2020.01.24-23.49.34:605][668]LogShaderCompilers: Display: Worker (9/13): shaders left to compile 31
[2020.01.24-23.49.34:655][669]LogShaderCompilers: Display: Worker (7/13): shaders left to compile 30
[2020.01.24-23.49.34:721][670]LogShaderCompilers: Display: Worker (12/13): shaders left to compile 29
[2020.01.24-23.49.34:760][672]LogShaderCompilers: Display: Worker (8/13): shaders left to compile 28
[2020.01.24-23.49.34:783][673]LogShaderCompilers: Display: Worker (7/13): shaders left to compile 27
[2020.01.24-23.49.34:825][675]LogShaderCompilers: Display: Worker (1/13): shaders left to compile 26
[2020.01.24-23.49.34:845][676]LogShaderCompilers: Display: Worker (2/13): shaders left to compile 25
[2020.01.24-23.49.34:845][676]LogShaderCompilers: Display: Worker (3/13): shaders left to compile 24
[2020.01.24-23.49.34:862][677]LogShaderCompilers: Display: Worker (5/13): shaders left to compile 23
[2020.01.24-23.49.34:903][679]LogShaderCompilers: Display: Worker (4/13): shaders left to compile 22
[2020.01.24-23.49.34:903][679]LogShaderCompilers: Display: Worker (9/13): shaders left to compile 21
[2020.01.24-23.49.34:918][680]LogShaderCompilers: Display: Worker (6/13): shaders left to compile 20
[2020.01.24-23.49.34:918][680]LogShaderCompilers: Display: Worker (10/13): shaders left to compile 19
[2020.01.24-23.49.34:952][682]LogShaderCompilers: Display: Worker (11/13): shaders left to compile 18
[2020.01.24-23.49.34:952][682]LogShaderCompilers: Display: Worker (12/13): shaders left to compile 17
[2020.01.24-23.49.35:177][691]LogShaderCompilers: Display: Worker (1/13): shaders left to compile 16
[2020.01.24-23.49.35:217][692]LogShaderCompilers: Display: Worker (5/13): shaders left to compile 15
[2020.01.24-23.49.35:297][695]LogShaderCompilers: Display: Worker (6/13): shaders left to compile 14
[2020.01.24-23.49.35:337][696]LogShaderCompilers: Display: Worker (12/13): shaders left to compile 13
[2020.01.24-23.49.35:363][697]LogShaderCompilers: Display: Worker (8/13): shaders left to compile 12
[2020.01.24-23.49.35:413][699]LogShaderCompilers: Display: Worker (7/13): shaders left to compile 11
[2020.01.24-23.49.35:413][699]LogShaderCompilers: Display: Worker (2/13): shaders left to compile 10
[2020.01.24-23.49.35:470][701]LogShaderCompilers: Display: Worker (10/13): shaders left to compile 9
[2020.01.24-23.49.35:470][701]LogShaderCompilers: Display: Worker (3/13): shaders left to compile 8
[2020.01.24-23.49.35:493][702]LogShaderCompilers: Display: Worker (4/13): shaders left to compile 7
[2020.01.24-23.49.35:533][703]LogShaderCompilers: Display: Worker (11/13): shaders left to compile 6
[2020.01.24-23.49.35:533][703]LogShaderCompilers: Display: Worker (9/13): shaders left to compile 5
[2020.01.24-23.49.35:632][706]LogShaderCompilers: Display: Worker (1/13): shaders left to compile 4
[2020.01.24-23.49.35:633][706]MaterialEditorStats: Base pass shader: 117 instructions
[2020.01.24-23.49.35:634][706]MaterialEditorStats: Base pass shader with Volumetric Lightmap: 191 instructions
[2020.01.24-23.49.35:634][706]MaterialEditorStats: Base pass vertex shader: 40 instructions
[2020.01.24-23.49.35:634][706]MaterialEditorStats: Texture samplers: 3/16
[2020.01.24-23.49.35:692][708]LogShaderCompilers: Display: Worker (6/13): shaders left to compile 3
[2020.01.24-23.49.35:692][708]LogShaderCompilers: Display: Worker (5/13): shaders left to compile 2
[2020.01.24-23.49.35:722][709]LogShaderCompilers: Display: Worker (12/13): shaders left to compile 1
[2020.01.24-23.49.45:372][666]LogMaterial: Display: Missing cached shader map for material m_Foliage, compiling. 
[2020.01.24-23.49.45:401][667]LogShaderCompilers: Display: Worker (1/13): shaders left to compile 21
[2020.01.24-23.49.45:401][667]LogShaderCompilers: Display: Worker (2/13): shaders left to compile 20
[2020.01.24-23.49.45:401][667]LogShaderCompilers: Display: Worker (3/13): shaders left to compile 19
[2020.01.24-23.49.45:401][667]LogShaderCompilers: Display: Worker (4/13): shaders left to compile 18
[2020.01.24-23.49.45:402][667]LogShaderCompilers: Display: Worker (5/13): shaders left to compile 17
[2020.01.24-23.49.45:402][667]LogShaderCompilers: Display: Worker (6/13): shaders left to compile 16
[2020.01.24-23.49.45:402][667]LogShaderCompilers: Display: Worker (7/13): shaders left to compile 15
[2020.01.24-23.49.45:402][667]LogShaderCompilers: Display: Worker (8/13): shaders left to compile 14
[2020.01.24-23.49.45:402][667]LogShaderCompilers: Display: Worker (9/13): shaders left to compile 13
[2020.01.24-23.49.45:402][667]LogShaderCompilers: Display: Worker (10/13): shaders left to compile 12
[2020.01.24-23.49.45:402][667]LogShaderCompilers: Display: Worker (11/13): shaders left to compile 11
[2020.01.24-23.49.45:402][667]LogShaderCompilers: Display: Worker (12/13): shaders left to compile 10
[2020.01.24-23.49.45:564][678]LogShaderCompilers: Display: Worker (8/13): shaders left to compile 9
[2020.01.24-23.49.45:632][682]LogShaderCompilers: Display: Worker (1/13): shaders left to compile 8
[2020.01.24-23.49.45:653][683]LogShaderCompilers: Display: Worker (2/13): shaders left to compile 7
[2020.01.24-23.49.45:653][683]LogShaderCompilers: Display: Worker (3/13): shaders left to compile 6
[2020.01.24-23.49.45:682][685]LogShaderCompilers: Display: Worker (5/13): shaders left to compile 5
[2020.01.24-23.49.45:682][685]LogShaderCompilers: Display: Worker (4/13): shaders left to compile 4
[2020.01.24-23.49.45:699][686]LogShaderCompilers: Display: Worker (6/13): shaders left to compile 3
[2020.01.24-23.49.45:699][686]LogShaderCompilers: Display: Worker (9/13): shaders left to compile 2
[2020.01.24-23.49.45:712][687]LogShaderCompilers: Display: Worker (7/13): shaders left to compile 1
[2020.01.24-23.49.47:855][894]LogMaterial: Display: Missing cached shader map for material m_Foliage, compiling. 
[2020.01.24-23.49.47:871][894]LogMaterial: Display: Missing cached shader map for material m_Foliage, compiling. 
[2020.01.24-23.49.47:885][894]LogMaterial: Display: Missing cached shader map for material m_Foliage, compiling. 
[2020.01.24-23.49.47:900][894]LogShaderCompilers: Display: Worker (1/13): shaders left to compile 21
[2020.01.24-23.49.47:900][894]LogShaderCompilers: Display: Worker (2/13): shaders left to compile 20
[2020.01.24-23.49.47:900][894]LogShaderCompilers: Display: Worker (3/13): shaders left to compile 19
[2020.01.24-23.49.47:900][894]LogShaderCompilers: Display: Worker (4/13): shaders left to compile 18
[2020.01.24-23.49.47:900][894]LogShaderCompilers: Display: Worker (5/13): shaders left to compile 17
[2020.01.24-23.49.47:900][894]LogShaderCompilers: Display: Worker (6/13): shaders left to compile 16
[2020.01.24-23.49.47:900][894]LogShaderCompilers: Display: Worker (7/13): shaders left to compile 15
[2020.01.24-23.49.47:900][894]LogShaderCompilers: Display: Worker (8/13): shaders left to compile 14
[2020.01.24-23.49.47:900][894]LogShaderCompilers: Display: Worker (9/13): shaders left to compile 13
[2020.01.24-23.49.47:900][894]LogShaderCompilers: Display: Worker (10/13): shaders left to compile 12
[2020.01.24-23.49.47:900][894]LogShaderCompilers: Display: Worker (11/13): shaders left to compile 11
[2020.01.24-23.49.47:900][894]LogShaderCompilers: Display: Worker (12/13): shaders left to compile 10
[2020.01.24-23.49.48:112][905]LogShaderCompilers: Display: Worker (8/13): shaders left to compile 9
[2020.01.24-23.49.48:164][907]LogShaderCompilers: Display: Worker (1/13): shaders left to compile 8
[2020.01.24-23.49.48:164][907]LogShaderCompilers: Display: Worker (2/13): shaders left to compile 7
[2020.01.24-23.49.48:164][907]LogShaderCompilers: Display: Worker (3/13): shaders left to compile 6
[2020.01.24-23.49.48:184][908]LogShaderCompilers: Display: Worker (4/13): shaders left to compile 5
[2020.01.24-23.49.48:202][909]LogShaderCompilers: Display: Worker (5/13): shaders left to compile 4
[2020.01.24-23.49.48:220][910]LogShaderCompilers: Display: Worker (6/13): shaders left to compile 3
[2020.01.24-23.49.48:220][910]LogShaderCompilers: Display: Worker (9/13): shaders left to compile 2
[2020.01.24-23.49.48:236][911]LogShaderCompilers: Display: Worker (7/13): shaders left to compile 1
[2020.01.24-23.49.48:724][938]MaterialEditorStats: Base pass shader: 117 instructions
[2020.01.24-23.49.48:724][938]MaterialEditorStats: Base pass shader with Volumetric Lightmap: 191 instructions
[2020.01.24-23.49.48:724][938]MaterialEditorStats: Base pass vertex shader: 40 instructions
[2020.01.24-23.49.48:724][938]MaterialEditorStats: Texture samplers: 3/16
[2020.01.24-23.49.50:370][109]LogMaterial: Display: Missing cached shader map for material m_Foliage, compiling. 
[2020.01.24-23.49.50:409][109]LogShaderCompilers: Display: Worker (1/13): shaders left to compile 44
[2020.01.24-23.49.50:409][109]LogShaderCompilers: Display: Worker (2/13): shaders left to compile 43
[2020.01.24-23.49.50:409][109]LogShaderCompilers: Display: Worker (3/13): shaders left to compile 42
[2020.01.24-23.49.50:409][109]LogShaderCompilers: Display: Worker (4/13): shaders left to compile 41
[2020.01.24-23.49.50:409][109]LogShaderCompilers: Display: Worker (5/13): shaders left to compile 40
[2020.01.24-23.49.50:410][109]LogShaderCompilers: Display: Worker (6/13): shaders left to compile 39
[2020.01.24-23.49.50:410][109]LogShaderCompilers: Display: Worker (7/13): shaders left to compile 38
[2020.01.24-23.49.50:410][109]LogShaderCompilers: Display: Worker (8/13): shaders left to compile 37
[2020.01.24-23.49.50:410][109]LogShaderCompilers: Display: Worker (9/13): shaders left to compile 36
[2020.01.24-23.49.50:410][109]LogShaderCompilers: Display: Worker (10/13): shaders left to compile 35
[2020.01.24-23.49.50:410][109]LogShaderCompilers: Display: Worker (11/13): shaders left to compile 34
[2020.01.24-23.49.50:410][109]LogShaderCompilers: Display: Worker (12/13): shaders left to compile 33
[2020.01.24-23.49.50:413][109]LogMaterial: Display: Missing cached shader map for material FMatExpressionPreview MaterialExpressionTextureSample_3, compiling. 
[2020.01.24-23.49.50:552][118]LogShaderCompilers: Display: Worker (1/13): shaders left to compile 36
[2020.01.24-23.49.50:573][119]LogShaderCompilers: Display: Worker (3/13): shaders left to compile 35
[2020.01.24-23.49.50:624][121]LogShaderCompilers: Display: Worker (5/13): shaders left to compile 34
[2020.01.24-23.49.50:625][121]LogShaderCompilers: Display: Worker (7/13): shaders left to compile 33
[2020.01.24-23.49.50:696][124]LogShaderCompilers: Display: Worker (4/13): shaders left to compile 32
[2020.01.24-23.49.50:719][125]LogShaderCompilers: Display: Worker (6/13): shaders left to compile 31
[2020.01.24-23.49.50:736][126]LogShaderCompilers: Display: Worker (2/13): shaders left to compile 30
[2020.01.24-23.49.50:736][126]LogShaderCompilers: Display: Worker (8/13): shaders left to compile 29
[2020.01.24-23.49.50:756][127]LogShaderCompilers: Display: Worker (9/13): shaders left to compile 28
[2020.01.24-23.49.50:756][127]LogShaderCompilers: Display: Worker (10/13): shaders left to compile 27
[2020.01.24-23.49.50:775][128]LogShaderCompilers: Display: Worker (11/13): shaders left to compile 26
[2020.01.24-23.49.50:775][128]LogShaderCompilers: Display: Worker (12/13): shaders left to compile 25
[2020.01.24-23.49.50:849][132]LogShaderCompilers: Display: Worker (1/13): shaders left to compile 24
[2020.01.24-23.49.50:849][132]LogShaderCompilers: Display: Worker (3/13): shaders left to compile 23
[2020.01.24-23.49.50:914][135]LogShaderCompilers: Display: Worker (5/13): shaders left to compile 22
[2020.01.24-23.49.50:914][135]LogShaderCompilers: Display: Worker (7/13): shaders left to compile 21
[2020.01.24-23.49.50:914][135]LogShaderCompilers: Display: Worker (8/13): shaders left to compile 20
[2020.01.24-23.49.50:964][138]LogShaderCompilers: Display: Worker (10/13): shaders left to compile 19
[2020.01.24-23.49.50:982][139]LogShaderCompilers: Display: Worker (12/13): shaders left to compile 18
[2020.01.24-23.49.50:999][140]LogShaderCompilers: Display: Worker (4/13): shaders left to compile 17
[2020.01.24-23.49.51:016][141]LogShaderCompilers: Display: Worker (6/13): shaders left to compile 16
[2020.01.24-23.49.51:016][141]LogShaderCompilers: Display: Worker (9/13): shaders left to compile 15
[2020.01.24-23.49.51:032][142]LogShaderCompilers: Display: Worker (3/13): shaders left to compile 14
[2020.01.24-23.49.51:061][144]LogShaderCompilers: Display: Worker (7/13): shaders left to compile 13
[2020.01.24-23.49.51:076][145]LogShaderCompilers: Display: Worker (11/13): shaders left to compile 12
[2020.01.24-23.49.51:106][147]LogShaderCompilers: Display: Worker (1/13): shaders left to compile 11
[2020.01.24-23.49.51:175][151]LogShaderCompilers: Display: Worker (5/13): shaders left to compile 10
[2020.01.24-23.49.51:175][151]LogShaderCompilers: Display: Worker (8/13): shaders left to compile 9
[2020.01.24-23.49.51:196][152]LogShaderCompilers: Display: Worker (2/13): shaders left to compile 8
[2020.01.24-23.49.51:376][160]LogShaderCompilers: Display: Worker (4/13): shaders left to compile 7
[2020.01.24-23.49.51:417][162]LogShaderCompilers: Display: Worker (3/13): shaders left to compile 6
[2020.01.24-23.49.51:478][165]LogShaderCompilers: Display: Worker (1/13): shaders left to compile 5
[2020.01.24-23.49.51:562][170]LogShaderCompilers: Display: Worker (10/13): shaders left to compile 4
[2020.01.24-23.49.51:580][171]LogShaderCompilers: Display: Worker (2/13): shaders left to compile 3
[2020.01.24-23.49.51:615][173]LogShaderCompilers: Display: Worker (6/13): shaders left to compile 2
[2020.01.24-23.49.51:632][174]LogShaderCompilers: Display: Worker (12/13): shaders left to compile 1
[2020.01.24-23.49.51:948][195]MaterialEditorStats: Base pass shader: 121 instructions
[2020.01.24-23.49.51:948][195]MaterialEditorStats: Base pass shader with Volumetric Lightmap: 195 instructions
[2020.01.24-23.49.51:948][195]MaterialEditorStats: Base pass vertex shader: 50 instructions
[2020.01.24-23.49.51:948][195]MaterialEditorStats: Texture samplers: 4/16
[2020.01.24-23.49.51:948][195]MaterialEditorStats: Texture Lookups (Est.): VS(0), PS(1)
[2020.01.24-23.49.51:948][195]MaterialEditorStats: User interpolators: 2/4 Scalars (1/4 Vectors) (TexCoords: 2, Custom: 0)
[2020.01.24-23.49.52:948][301]LogMaterial: Display: Missing cached shader map for material m_Foliage, compiling. 
[2020.01.24-23.49.52:970][301]LogMaterial: Display: Missing cached shader map for material FMatExpressionPreview MaterialExpressionTextureSample_0, compiling. 
[2020.01.24-23.49.52:975][301]LogShaderCompilers: Display: Worker (1/13): shaders left to compile 44
[2020.01.24-23.49.52:975][301]LogShaderCompilers: Display: Worker (2/13): shaders left to compile 43
[2020.01.24-23.49.52:975][301]LogShaderCompilers: Display: Worker (3/13): shaders left to compile 42
[2020.01.24-23.49.52:975][301]LogShaderCompilers: Display: Worker (4/13): shaders left to compile 41
[2020.01.24-23.49.52:975][301]LogShaderCompilers: Display: Worker (5/13): shaders left to compile 40
[2020.01.24-23.49.52:975][301]LogShaderCompilers: Display: Worker (6/13): shaders left to compile 39
[2020.01.24-23.49.52:975][301]LogShaderCompilers: Display: Worker (7/13): shaders left to compile 38
[2020.01.24-23.49.52:975][301]LogShaderCompilers: Display: Worker (8/13): shaders left to compile 37
[2020.01.24-23.49.52:975][301]LogShaderCompilers: Display: Worker (9/13): shaders left to compile 36
[2020.01.24-23.49.52:975][301]LogShaderCompilers: Display: Worker (10/13): shaders left to compile 35
[2020.01.24-23.49.52:975][301]LogShaderCompilers: Display: Worker (11/13): shaders left to compile 34
[2020.01.24-23.49.52:975][301]LogShaderCompilers: Display: Worker (12/13): shaders left to compile 33
[2020.01.24-23.49.53:107][310]LogShaderCompilers: Display: Worker (1/13): shaders left to compile 36
[2020.01.24-23.49.53:144][312]LogShaderCompilers: Display: Worker (3/13): shaders left to compile 35
[2020.01.24-23.49.53:176][312]LogShaderCompilers: Display: Worker (7/13): shaders left to compile 34
[2020.01.24-23.49.53:212][313]LogShaderCompilers: Display: Worker (5/13): shaders left to compile 33
[2020.01.24-23.49.53:270][316]LogShaderCompilers: Display: Worker (4/13): shaders left to compile 32
[2020.01.24-23.49.53:297][317]LogShaderCompilers: Display: Worker (6/13): shaders left to compile 31
[2020.01.24-23.49.53:324][317]LogShaderCompilers: Display: Worker (2/13): shaders left to compile 30
[2020.01.24-23.49.53:324][317]LogShaderCompilers: Display: Worker (8/13): shaders left to compile 29
[2020.01.24-23.49.53:324][317]LogShaderCompilers: Display: Worker (9/13): shaders left to compile 28
[2020.01.24-23.49.53:324][317]LogShaderCompilers: Display: Worker (10/13): shaders left to compile 27
[2020.01.24-23.49.53:348][319]LogShaderCompilers: Display: Worker (11/13): shaders left to compile 26
[2020.01.24-23.49.53:348][319]LogShaderCompilers: Display: Worker (12/13): shaders left to compile 25
[2020.01.24-23.49.53:391][320]LogShaderCompilers: Display: Worker (1/13): shaders left to compile 24
[2020.01.24-23.49.53:415][322]LogShaderCompilers: Display: Worker (3/13): shaders left to compile 23
[2020.01.24-23.49.53:475][323]LogShaderCompilers: Display: Worker (5/13): shaders left to compile 22
[2020.01.24-23.49.53:480][324]LogShaderCompilers: Display: Worker (7/13): shaders left to compile 21
[2020.01.24-23.49.53:499][325]LogShaderCompilers: Display: Worker (8/13): shaders left to compile 20
[2020.01.24-23.49.53:555][327]LogShaderCompilers: Display: Worker (4/13): shaders left to compile 19
[2020.01.24-23.49.53:556][327]LogShaderCompilers: Display: Worker (10/13): shaders left to compile 18
[2020.01.24-23.49.53:556][327]LogShaderCompilers: Display: Worker (12/13): shaders left to compile 17
[2020.01.24-23.49.53:575][328]LogShaderCompilers: Display: Worker (6/13): shaders left to compile 16
[2020.01.24-23.49.53:593][329]LogShaderCompilers: Display: Worker (9/13): shaders left to compile 15
[2020.01.24-23.49.53:609][330]LogShaderCompilers: Display: Worker (3/13): shaders left to compile 14
[2020.01.24-23.49.53:626][331]LogShaderCompilers: Display: Worker (7/13): shaders left to compile 13
[2020.01.24-23.49.53:646][332]LogShaderCompilers: Display: Worker (1/13): shaders left to compile 12
[2020.01.24-23.49.53:662][333]LogShaderCompilers: Display: Worker (11/13): shaders left to compile 11
[2020.01.24-23.49.53:736][337]LogShaderCompilers: Display: Worker (5/13): shaders left to compile 10
[2020.01.24-23.49.53:756][338]LogShaderCompilers: Display: Worker (8/13): shaders left to compile 9
[2020.01.24-23.49.53:786][339]LogShaderCompilers: Display: Worker (2/13): shaders left to compile 8
[2020.01.24-23.49.53:967][347]LogShaderCompilers: Display: Worker (12/13): shaders left to compile 7
[2020.01.24-23.49.53:967][347]LogShaderCompilers: Display: Worker (3/13): shaders left to compile 6
[2020.01.24-23.49.54:042][351]LogShaderCompilers: Display: Worker (11/13): shaders left to compile 5
[2020.01.24-23.49.54:120][355]LogShaderCompilers: Display: Worker (4/13): shaders left to compile 4
[2020.01.24-23.49.54:154][357]LogShaderCompilers: Display: Worker (2/13): shaders left to compile 3
[2020.01.24-23.49.54:172][358]LogShaderCompilers: Display: Worker (6/13): shaders left to compile 2
[2020.01.24-23.49.54:188][359]LogShaderCompilers: Display: Worker (10/13): shaders left to compile 1
[2020.01.24-23.49.54:522][379]MaterialEditorStats: Base pass shader: 124 instructions
[2020.01.24-23.49.54:522][379]MaterialEditorStats: Base pass shader with Volumetric Lightmap: 198 instructions
[2020.01.24-23.49.54:522][379]MaterialEditorStats: Base pass vertex shader: 50 instructions
[2020.01.24-23.49.54:522][379]MaterialEditorStats: Texture samplers: 5/16
[2020.01.24-23.49.54:522][379]MaterialEditorStats: Texture Lookups (Est.): VS(0), PS(2)
[2020.01.24-23.49.54:522][379]MaterialEditorStats: User interpolators: 2/4 Scalars (1/4 Vectors) (TexCoords: 2, Custom: 0)
[2020.01.24-23.49.55:521][485]LogMaterial: Display: Missing cached shader map for material m_Foliage, compiling. 
[2020.01.24-23.49.55:539][485]LogShaderCompilers: Display: Worker (1/13): shaders left to compile 44
[2020.01.24-23.49.55:539][485]LogShaderCompilers: Display: Worker (2/13): shaders left to compile 43
[2020.01.24-23.49.55:539][485]LogShaderCompilers: Display: Worker (3/13): shaders left to compile 42
[2020.01.24-23.49.55:539][485]LogShaderCompilers: Display: Worker (4/13): shaders left to compile 41
[2020.01.24-23.49.55:539][485]LogShaderCompilers: Display: Worker (5/13): shaders left to compile 40
[2020.01.24-23.49.55:539][485]LogShaderCompilers: Display: Worker (6/13): shaders left to compile 39
[2020.01.24-23.49.55:539][485]LogShaderCompilers: Display: Worker (7/13): shaders left to compile 38
[2020.01.24-23.49.55:540][485]LogShaderCompilers: Display: Worker (8/13): shaders left to compile 37
[2020.01.24-23.49.55:540][485]LogShaderCompilers: Display: Worker (9/13): shaders left to compile 36
[2020.01.24-23.49.55:540][485]LogShaderCompilers: Display: Worker (10/13): shaders left to compile 35
[2020.01.24-23.49.55:540][485]LogShaderCompilers: Display: Worker (11/13): shaders left to compile 34
[2020.01.24-23.49.55:540][485]LogShaderCompilers: Display: Worker (12/13): shaders left to compile 33
[2020.01.24-23.49.55:543][485]LogMaterial: Display: Missing cached shader map for material FMatExpressionPreview MaterialExpressionTextureSample_1, compiling. 
[2020.01.24-23.49.55:682][494]LogShaderCompilers: Display: Worker (1/13): shaders left to compile 36
[2020.01.24-23.49.55:741][497]LogShaderCompilers: Display: Worker (3/13): shaders left to compile 35
[2020.01.24-23.49.55:761][498]LogShaderCompilers: Display: Worker (5/13): shaders left to compile 34
[2020.01.24-23.49.55:782][499]LogShaderCompilers: Display: Worker (7/13): shaders left to compile 33
[2020.01.24-23.49.55:858][503]LogShaderCompilers: Display: Worker (4/13): shaders left to compile 32
[2020.01.24-23.49.55:879][504]LogShaderCompilers: Display: Worker (9/13): shaders left to compile 31
[2020.01.24-23.49.55:899][505]LogShaderCompilers: Display: Worker (2/13): shaders left to compile 30
[2020.01.24-23.49.55:899][505]LogShaderCompilers: Display: Worker (10/13): shaders left to compile 29
[2020.01.24-23.49.55:917][506]LogShaderCompilers: Display: Worker (6/13): shaders left to compile 28
[2020.01.24-23.49.55:917][506]LogShaderCompilers: Display: Worker (8/13): shaders left to compile 27
[2020.01.24-23.49.55:941][507]LogShaderCompilers: Display: Worker (11/13): shaders left to compile 26
[2020.01.24-23.49.55:941][507]LogShaderCompilers: Display: Worker (12/13): shaders left to compile 25
[2020.01.24-23.49.55:995][510]LogShaderCompilers: Display: Worker (1/13): shaders left to compile 24
[2020.01.24-23.49.56:070][514]LogShaderCompilers: Display: Worker (5/13): shaders left to compile 23
[2020.01.24-23.49.56:095][515]LogShaderCompilers: Display: Worker (3/13): shaders left to compile 22
[2020.01.24-23.49.56:095][515]LogShaderCompilers: Display: Worker (7/13): shaders left to compile 21
[2020.01.24-23.49.56:095][515]LogShaderCompilers: Display: Worker (10/13): shaders left to compile 20
[2020.01.24-23.49.56:149][518]LogShaderCompilers: Display: Worker (8/13): shaders left to compile 19
[2020.01.24-23.49.56:166][519]LogShaderCompilers: Display: Worker (12/13): shaders left to compile 18
[2020.01.24-23.49.56:184][520]LogShaderCompilers: Display: Worker (9/13): shaders left to compile 17
[2020.01.24-23.49.56:208][521]LogShaderCompilers: Display: Worker (4/13): shaders left to compile 16
[2020.01.24-23.49.56:208][521]LogShaderCompilers: Display: Worker (6/13): shaders left to compile 15
[2020.01.24-23.49.56:249][523]LogShaderCompilers: Display: Worker (11/13): shaders left to compile 14
[2020.01.24-23.49.56:265][524]LogShaderCompilers: Display: Worker (5/13): shaders left to compile 13
[2020.01.24-23.49.56:281][525]LogShaderCompilers: Display: Worker (7/13): shaders left to compile 12
[2020.01.24-23.49.56:281][525]LogShaderCompilers: Display: Worker (1/13): shaders left to compile 11
[2020.01.24-23.49.56:380][530]LogShaderCompilers: Display: Worker (3/13): shaders left to compile 10
[2020.01.24-23.49.56:404][531]LogShaderCompilers: Display: Worker (10/13): shaders left to compile 9
[2020.01.24-23.49.56:464][532]LogShaderCompilers: Display: Worker (2/13): shaders left to compile 8
[2020.01.24-23.49.56:582][537]LogShaderCompilers: Display: Worker (9/13): shaders left to compile 7
[2020.01.24-23.49.56:650][540]LogShaderCompilers: Display: Worker (11/13): shaders left to compile 6
[2020.01.24-23.49.56:699][542]LogShaderCompilers: Display: Worker (1/13): shaders left to compile 5
[2020.01.24-23.49.56:788][547]LogShaderCompilers: Display: Worker (8/13): shaders left to compile 4
[2020.01.24-23.49.56:822][549]LogShaderCompilers: Display: Worker (2/13): shaders left to compile 3
[2020.01.24-23.49.56:840][550]LogShaderCompilers: Display: Worker (4/13): shaders left to compile 2
[2020.01.24-23.49.56:855][551]LogShaderCompilers: Display: Worker (12/13): shaders left to compile 1
[2020.01.24-23.49.57:165][570]MaterialEditorStats: Base pass shader: 130 instructions
[2020.01.24-23.49.57:165][570]MaterialEditorStats: Base pass shader with Volumetric Lightmap: 204 instructions
[2020.01.24-23.49.57:165][570]MaterialEditorStats: Base pass vertex shader: 50 instructions
[2020.01.24-23.49.57:166][570]MaterialEditorStats: Texture samplers: 6/16
[2020.01.24-23.49.57:166][570]MaterialEditorStats: Texture Lookups (Est.): VS(0), PS(3)
[2020.01.24-23.49.57:166][570]MaterialEditorStats: User interpolators: 2/4 Scalars (1/4 Vectors) (TexCoords: 2, Custom: 0)
[2020.01.24-23.49.57:841][642]LogMaterial: Display: Missing cached shader map for material m_Foliage, compiling. 
[2020.01.24-23.49.57:860][642]LogMaterial: Display: Missing cached shader map for material FMatExpressionPreview MaterialExpressionTextureSample_2, compiling. 
[2020.01.24-23.49.57:866][642]LogShaderCompilers: Display: Worker (1/13): shaders left to compile 44
[2020.01.24-23.49.57:866][642]LogShaderCompilers: Display: Worker (2/13): shaders left to compile 43
[2020.01.24-23.49.57:866][642]LogShaderCompilers: Display: Worker (3/13): shaders left to compile 42
[2020.01.24-23.49.57:866][642]LogShaderCompilers: Display: Worker (4/13): shaders left to compile 41
[2020.01.24-23.49.57:866][642]LogShaderCompilers: Display: Worker (5/13): shaders left to compile 40
[2020.01.24-23.49.57:866][642]LogShaderCompilers: Display: Worker (6/13): shaders left to compile 39
[2020.01.24-23.49.57:866][642]LogShaderCompilers: Display: Worker (7/13): shaders left to compile 38
[2020.01.24-23.49.57:866][642]LogShaderCompilers: Display: Worker (8/13): shaders left to compile 37
[2020.01.24-23.49.57:866][642]LogShaderCompilers: Display: Worker (9/13): shaders left to compile 36
[2020.01.24-23.49.57:866][642]LogShaderCompilers: Display: Worker (10/13): shaders left to compile 35
[2020.01.24-23.49.57:866][642]LogShaderCompilers: Display: Worker (11/13): shaders left to compile 34
[2020.01.24-23.49.57:866][642]LogShaderCompilers: Display: Worker (12/13): shaders left to compile 33
[2020.01.24-23.49.58:002][650]LogShaderCompilers: Display: Worker (1/13): shaders left to compile 36
[2020.01.24-23.49.58:025][651]LogShaderCompilers: Display: Worker (3/13): shaders left to compile 35
[2020.01.24-23.49.58:058][652]LogShaderCompilers: Display: Worker (5/13): shaders left to compile 34
[2020.01.24-23.49.58:079][653]LogShaderCompilers: Display: Worker (7/13): shaders left to compile 33
[2020.01.24-23.49.58:181][658]LogShaderCompilers: Display: Worker (4/13): shaders left to compile 32
[2020.01.24-23.49.58:181][658]LogShaderCompilers: Display: Worker (6/13): shaders left to compile 31
[2020.01.24-23.49.58:203][659]LogShaderCompilers: Display: Worker (2/13): shaders left to compile 30
[2020.01.24-23.49.58:203][659]LogShaderCompilers: Display: Worker (9/13): shaders left to compile 29
[2020.01.24-23.49.58:226][660]LogShaderCompilers: Display: Worker (8/13): shaders left to compile 28
[2020.01.24-23.49.58:226][660]LogShaderCompilers: Display: Worker (10/13): shaders left to compile 27
[2020.01.24-23.49.58:243][661]LogShaderCompilers: Display: Worker (11/13): shaders left to compile 26
[2020.01.24-23.49.58:243][661]LogShaderCompilers: Display: Worker (12/13): shaders left to compile 25
[2020.01.24-23.49.58:294][664]LogShaderCompilers: Display: Worker (1/13): shaders left to compile 24
[2020.01.24-23.49.58:315][665]LogShaderCompilers: Display: Worker (3/13): shaders left to compile 23
[2020.01.24-23.49.58:361][667]LogShaderCompilers: Display: Worker (5/13): shaders left to compile 22
[2020.01.24-23.49.58:361][667]LogShaderCompilers: Display: Worker (7/13): shaders left to compile 21
[2020.01.24-23.49.58:395][668]LogShaderCompilers: Display: Worker (9/13): shaders left to compile 20
[2020.01.24-23.49.58:439][670]LogShaderCompilers: Display: Worker (12/13): shaders left to compile 19
[2020.01.24-23.49.58:460][671]LogShaderCompilers: Display: Worker (10/13): shaders left to compile 18
[2020.01.24-23.49.58:460][671]LogShaderCompilers: Display: Worker (4/13): shaders left to compile 17
[2020.01.24-23.49.58:478][672]LogShaderCompilers: Display: Worker (6/13): shaders left to compile 16
[2020.01.24-23.49.58:494][673]LogShaderCompilers: Display: Worker (3/13): shaders left to compile 15
[2020.01.24-23.49.58:494][673]LogShaderCompilers: Display: Worker (8/13): shaders left to compile 14
[2020.01.24-23.49.58:509][674]LogShaderCompilers: Display: Worker (7/13): shaders left to compile 13
[2020.01.24-23.49.58:530][675]LogShaderCompilers: Display: Worker (11/13): shaders left to compile 12
[2020.01.24-23.49.58:545][676]LogShaderCompilers: Display: Worker (1/13): shaders left to compile 11
[2020.01.24-23.49.58:592][679]LogShaderCompilers: Display: Worker (5/13): shaders left to compile 10
[2020.01.24-23.49.58:626][681]LogShaderCompilers: Display: Worker (9/13): shaders left to compile 9
[2020.01.24-23.49.58:649][682]LogEditorSessionSummary: EditorSessionSummary sent report. Type=Shutdown, SessionId={4BBFA09C-453D-C2A4-D501-C98E5F20484A}
[2020.01.24-23.49.58:678][683]LogShaderCompilers: Display: Worker (2/13): shaders left to compile 8
[2020.01.24-23.49.58:834][690]LogShaderCompilers: Display: Worker (4/13): shaders left to compile 7
[2020.01.24-23.49.58:881][692]LogShaderCompilers: Display: Worker (8/13): shaders left to compile 6
[2020.01.24-23.49.58:926][694]LogShaderCompilers: Display: Worker (1/13): shaders left to compile 5
[2020.01.24-23.49.59:058][701]LogShaderCompilers: Display: Worker (12/13): shaders left to compile 4
[2020.01.24-23.49.59:077][702]LogShaderCompilers: Display: Worker (2/13): shaders left to compile 3
[2020.01.24-23.49.59:077][702]LogShaderCompilers: Display: Worker (6/13): shaders left to compile 2
[2020.01.24-23.49.59:098][703]LogShaderCompilers: Display: Worker (10/13): shaders left to compile 1
[2020.01.24-23.49.59:407][722]MaterialEditorStats: Base pass shader: 130 instructions
[2020.01.24-23.49.59:407][722]MaterialEditorStats: Base pass shader with Volumetric Lightmap: 208 instructions
[2020.01.24-23.49.59:407][722]MaterialEditorStats: Base pass vertex shader: 50 instructions
[2020.01.24-23.49.59:407][722]MaterialEditorStats: Texture samplers: 7/16
[2020.01.24-23.49.59:407][722]MaterialEditorStats: Texture Lookups (Est.): VS(0), PS(4)
[2020.01.24-23.49.59:407][722]MaterialEditorStats: User interpolators: 2/4 Scalars (1/4 Vectors) (TexCoords: 2, Custom: 0)
[2020.01.24-23.50.00:872][870]LogMaterial: Display: Missing cached shader map for material m_Foliage, compiling. 
[2020.01.24-23.50.00:898][870]LogMaterial: Display: Missing cached shader map for material FMatExpressionPreview MaterialExpressionTextureSample_2, compiling. 
[2020.01.24-23.50.00:903][870]LogShaderCompilers: Display: Worker (1/13): shaders left to compile 44
[2020.01.24-23.50.00:903][870]LogShaderCompilers: Display: Worker (2/13): shaders left to compile 43
[2020.01.24-23.50.00:903][870]LogShaderCompilers: Display: Worker (3/13): shaders left to compile 42
[2020.01.24-23.50.00:903][870]LogShaderCompilers: Display: Worker (4/13): shaders left to compile 41
[2020.01.24-23.50.00:903][870]LogShaderCompilers: Display: Worker (5/13): shaders left to compile 40
[2020.01.24-23.50.00:903][870]LogShaderCompilers: Display: Worker (6/13): shaders left to compile 39
[2020.01.24-23.50.00:903][870]LogShaderCompilers: Display: Worker (7/13): shaders left to compile 38
[2020.01.24-23.50.00:903][870]LogShaderCompilers: Display: Worker (8/13): shaders left to compile 37
[2020.01.24-23.50.00:903][870]LogShaderCompilers: Display: Worker (9/13): shaders left to compile 36
[2020.01.24-23.50.00:903][870]LogShaderCompilers: Display: Worker (10/13): shaders left to compile 35
[2020.01.24-23.50.00:903][870]LogShaderCompilers: Display: Worker (11/13): shaders left to compile 34
[2020.01.24-23.50.00:903][870]LogShaderCompilers: Display: Worker (12/13): shaders left to compile 33
[2020.01.24-23.50.01:056][878]LogShaderCompilers: Display: Worker (1/13): shaders left to compile 36
[2020.01.24-23.50.01:086][880]LogShaderCompilers: Display: Worker (3/13): shaders left to compile 35
[2020.01.24-23.50.01:114][881]LogShaderCompilers: Display: Worker (5/13): shaders left to compile 34
[2020.01.24-23.50.01:134][882]LogShaderCompilers: Display: Worker (7/13): shaders left to compile 33
[2020.01.24-23.50.01:217][887]LogShaderCompilers: Display: Worker (4/13): shaders left to compile 32
[2020.01.24-23.50.01:236][888]LogShaderCompilers: Display: Worker (9/13): shaders left to compile 31
[2020.01.24-23.50.01:236][888]LogShaderCompilers: Display: Worker (2/13): shaders left to compile 30
[2020.01.24-23.50.01:236][888]LogShaderCompilers: Display: Worker (6/13): shaders left to compile 29
[2020.01.24-23.50.01:276][890]LogShaderCompilers: Display: Worker (8/13): shaders left to compile 28
[2020.01.24-23.50.01:276][890]LogShaderCompilers: Display: Worker (10/13): shaders left to compile 27
[2020.01.24-23.50.01:295][891]LogShaderCompilers: Display: Worker (11/13): shaders left to compile 26
[2020.01.24-23.50.01:295][891]LogShaderCompilers: Display: Worker (12/13): shaders left to compile 25
[2020.01.24-23.50.01:352][894]LogShaderCompilers: Display: Worker (1/13): shaders left to compile 24
[2020.01.24-23.50.01:370][895]LogShaderCompilers: Display: Worker (3/13): shaders left to compile 23
[2020.01.24-23.50.01:407][897]LogShaderCompilers: Display: Worker (5/13): shaders left to compile 22
[2020.01.24-23.50.01:425][898]LogShaderCompilers: Display: Worker (7/13): shaders left to compile 21
[2020.01.24-23.50.01:446][899]LogShaderCompilers: Display: Worker (6/13): shaders left to compile 20
[2020.01.24-23.50.01:503][902]LogShaderCompilers: Display: Worker (12/13): shaders left to compile 19
[2020.01.24-23.50.01:503][902]LogShaderCompilers: Display: Worker (10/13): shaders left to compile 18
[2020.01.24-23.50.01:523][903]LogShaderCompilers: Display: Worker (4/13): shaders left to compile 17
[2020.01.24-23.50.01:542][904]LogShaderCompilers: Display: Worker (9/13): shaders left to compile 16
[2020.01.24-23.50.01:542][904]LogShaderCompilers: Display: Worker (8/13): shaders left to compile 15
[2020.01.24-23.50.01:559][905]LogShaderCompilers: Display: Worker (3/13): shaders left to compile 14
[2020.01.24-23.50.01:579][906]LogShaderCompilers: Display: Worker (7/13): shaders left to compile 13
[2020.01.24-23.50.01:597][907]LogShaderCompilers: Display: Worker (11/13): shaders left to compile 12
[2020.01.24-23.50.01:629][909]LogShaderCompilers: Display: Worker (1/13): shaders left to compile 11
[2020.01.24-23.50.01:684][912]LogShaderCompilers: Display: Worker (5/13): shaders left to compile 10
[2020.01.24-23.50.01:703][913]LogShaderCompilers: Display: Worker (6/13): shaders left to compile 9
[2020.01.24-23.50.01:744][915]LogShaderCompilers: Display: Worker (2/13): shaders left to compile 8
[2020.01.24-23.50.01:900][922]LogShaderCompilers: Display: Worker (4/13): shaders left to compile 7
[2020.01.24-23.50.01:933][922]LogShaderCompilers: Display: Worker (3/13): shaders left to compile 6
[2020.01.24-23.50.02:042][928]LogShaderCompilers: Display: Worker (1/13): shaders left to compile 5
[2020.01.24-23.50.02:104][931]LogShaderCompilers: Display: Worker (12/13): shaders left to compile 4
[2020.01.24-23.50.02:143][933]LogShaderCompilers: Display: Worker (9/13): shaders left to compile 3
[2020.01.24-23.50.02:164][933]LogShaderCompilers: Display: Worker (2/13): shaders left to compile 2
[2020.01.24-23.50.02:233][934]LogShaderCompilers: Display: Worker (10/13): shaders left to compile 1
[2020.01.24-23.50.02:927][994]LogMaterial: Display: Missing cached shader map for material m_Foliage, compiling. 
[2020.01.24-23.50.02:952][994]LogShaderCompilers: Display: Worker (1/13): shaders left to compile 44
[2020.01.24-23.50.02:952][994]LogShaderCompilers: Display: Worker (2/13): shaders left to compile 43
[2020.01.24-23.50.02:952][994]LogShaderCompilers: Display: Worker (3/13): shaders left to compile 42
[2020.01.24-23.50.02:952][994]LogShaderCompilers: Display: Worker (4/13): shaders left to compile 41
[2020.01.24-23.50.02:952][994]LogShaderCompilers: Display: Worker (5/13): shaders left to compile 40
[2020.01.24-23.50.02:952][994]LogShaderCompilers: Display: Worker (6/13): shaders left to compile 39
[2020.01.24-23.50.02:952][994]LogShaderCompilers: Display: Worker (7/13): shaders left to compile 38
[2020.01.24-23.50.02:952][994]LogShaderCompilers: Display: Worker (8/13): shaders left to compile 37
[2020.01.24-23.50.02:952][994]LogShaderCompilers: Display: Worker (9/13): shaders left to compile 36
[2020.01.24-23.50.02:952][994]LogShaderCompilers: Display: Worker (10/13): shaders left to compile 35
[2020.01.24-23.50.02:952][994]LogShaderCompilers: Display: Worker (11/13): shaders left to compile 34
[2020.01.24-23.50.02:952][994]LogShaderCompilers: Display: Worker (12/13): shaders left to compile 33
[2020.01.24-23.50.02:952][994]LogMaterial: Display: Missing cached shader map for material FMatExpressionPreview MaterialExpressionTextureSample_2, compiling. 
[2020.01.24-23.50.03:107][  5]LogShaderCompilers: Display: Worker (1/13): shaders left to compile 36
[2020.01.24-23.50.03:107][  5]LogShaderCompilers: Display: Worker (3/13): shaders left to compile 35
[2020.01.24-23.50.03:162][  8]LogShaderCompilers: Display: Worker (5/13): shaders left to compile 34
[2020.01.24-23.50.03:185][  9]LogShaderCompilers: Display: Worker (7/13): shaders left to compile 33
[2020.01.24-23.50.03:265][ 13]LogShaderCompilers: Display: Worker (2/13): shaders left to compile 32
[2020.01.24-23.50.03:285][ 14]LogShaderCompilers: Display: Worker (4/13): shaders left to compile 31
[2020.01.24-23.50.03:285][ 14]LogShaderCompilers: Display: Worker (6/13): shaders left to compile 30
[2020.01.24-23.50.03:310][ 15]LogShaderCompilers: Display: Worker (10/13): shaders left to compile 29
[2020.01.24-23.50.03:310][ 15]LogShaderCompilers: Display: Worker (8/13): shaders left to compile 28
[2020.01.24-23.50.03:310][ 15]LogShaderCompilers: Display: Worker (9/13): shaders left to compile 27
[2020.01.24-23.50.03:344][ 17]LogShaderCompilers: Display: Worker (11/13): shaders left to compile 26
[2020.01.24-23.50.03:344][ 17]LogShaderCompilers: Display: Worker (12/13): shaders left to compile 25
[2020.01.24-23.50.03:414][ 20]LogShaderCompilers: Display: Worker (1/13): shaders left to compile 24
[2020.01.24-23.50.03:435][ 21]LogShaderCompilers: Display: Worker (3/13): shaders left to compile 23
[2020.01.24-23.50.03:459][ 22]LogShaderCompilers: Display: Worker (5/13): shaders left to compile 22
[2020.01.24-23.50.03:479][ 23]LogShaderCompilers: Display: Worker (7/13): shaders left to compile 21
[2020.01.24-23.50.03:499][ 24]LogShaderCompilers: Display: Worker (10/13): shaders left to compile 20
[2020.01.24-23.50.03:541][ 26]LogShaderCompilers: Display: Worker (9/13): shaders left to compile 19
[2020.01.24-23.50.03:541][ 26]LogShaderCompilers: Display: Worker (12/13): shaders left to compile 18
[2020.01.24-23.50.03:579][ 28]LogShaderCompilers: Display: Worker (2/13): shaders left to compile 17
[2020.01.24-23.50.03:579][ 28]LogShaderCompilers: Display: Worker (4/13): shaders left to compile 16
[2020.01.24-23.50.03:596][ 29]LogShaderCompilers: Display: Worker (8/13): shaders left to compile 15
[2020.01.24-23.50.03:615][ 30]LogShaderCompilers: Display: Worker (3/13): shaders left to compile 14
[2020.01.24-23.50.03:633][ 31]LogShaderCompilers: Display: Worker (7/13): shaders left to compile 13
[2020.01.24-23.50.03:651][ 32]LogShaderCompilers: Display: Worker (11/13): shaders left to compile 12
[2020.01.24-23.50.03:721][ 36]LogShaderCompilers: Display: Worker (1/13): shaders left to compile 11
[2020.01.24-23.50.03:738][ 37]LogShaderCompilers: Display: Worker (5/13): shaders left to compile 10
[2020.01.24-23.50.03:756][ 38]LogShaderCompilers: Display: Worker (10/13): shaders left to compile 9
[2020.01.24-23.50.03:794][ 40]LogShaderCompilers: Display: Worker (6/13): shaders left to compile 8
[2020.01.24-23.50.03:965][ 47]LogShaderCompilers: Display: Worker (2/13): shaders left to compile 7
[2020.01.24-23.50.04:021][ 48]LogShaderCompilers: Display: Worker (3/13): shaders left to compile 6
[2020.01.24-23.50.04:140][ 55]LogShaderCompilers: Display: Worker (1/13): shaders left to compile 5
[2020.01.24-23.50.04:180][ 57]LogShaderCompilers: Display: Worker (9/13): shaders left to compile 4
[2020.01.24-23.50.04:197][ 58]LogShaderCompilers: Display: Worker (6/13): shaders left to compile 3
[2020.01.24-23.50.04:214][ 59]LogShaderCompilers: Display: Worker (12/13): shaders left to compile 2
[2020.01.24-23.50.04:248][ 61]LogShaderCompilers: Display: Worker (4/13): shaders left to compile 1
[2020.01.24-23.50.04:574][ 82]MaterialEditorStats: Base pass shader: 132 instructions
[2020.01.24-23.50.04:574][ 82]MaterialEditorStats: Base pass shader with Volumetric Lightmap: 210 instructions
[2020.01.24-23.50.04:574][ 82]MaterialEditorStats: Base pass vertex shader: 50 instructions
[2020.01.24-23.50.04:574][ 82]MaterialEditorStats: Texture samplers: 7/16
[2020.01.24-23.50.04:574][ 82]MaterialEditorStats: Texture Lookups (Est.): VS(0), PS(4)
[2020.01.24-23.50.04:574][ 82]MaterialEditorStats: User interpolators: 2/4 Scalars (1/4 Vectors) (TexCoords: 2, Custom: 0)
[2020.01.24-23.50.07:643][400]LogMaterialEditor: Saving and Compiling material m_Foliage
[2020.01.24-23.50.08:054][400]LogMaterial: Display: Missing cached shader map for material m_Foliage, compiling. 
[2020.01.24-23.50.08:133][400]LogShaderCompilers: Display: Worker (1/13): shaders left to compile 44
[2020.01.24-23.50.08:133][400]LogShaderCompilers: Display: Worker (2/13): shaders left to compile 43
[2020.01.24-23.50.08:133][400]LogShaderCompilers: Display: Worker (3/13): shaders left to compile 42
[2020.01.24-23.50.08:133][400]LogShaderCompilers: Display: Worker (4/13): shaders left to compile 41
[2020.01.24-23.50.08:133][400]LogShaderCompilers: Display: Worker (5/13): shaders left to compile 40
[2020.01.24-23.50.08:133][400]LogShaderCompilers: Display: Worker (6/13): shaders left to compile 39
[2020.01.24-23.50.08:133][400]LogShaderCompilers: Display: Worker (7/13): shaders left to compile 38
[2020.01.24-23.50.08:133][400]LogShaderCompilers: Display: Worker (8/13): shaders left to compile 37
[2020.01.24-23.50.08:133][400]LogShaderCompilers: Display: Worker (9/13): shaders left to compile 36
[2020.01.24-23.50.08:133][400]LogShaderCompilers: Display: Worker (10/13): shaders left to compile 35
[2020.01.24-23.50.08:133][400]LogShaderCompilers: Display: Worker (11/13): shaders left to compile 34
[2020.01.24-23.50.08:133][400]LogShaderCompilers: Display: Worker (12/13): shaders left to compile 33
[2020.01.24-23.50.08:159][400]LogMaterial: Display: Missing cached shader map for material m_Foliage, compiling. 
[2020.01.24-23.50.08:188][400]LogMaterial: Display: Missing cached shader map for material m_Foliage, compiling. 
[2020.01.24-23.50.08:270][400]LogUObjectHash: Compacting FUObjectHashTables data took   2.08ms
[2020.01.24-23.50.08:286][400]LogMaterial: Display: Missing cached shader map for material DebugViewMode MaterialTexCoordScale, compiling. 
[2020.01.24-23.50.09:580][400]LogShaderCompilers: Display: Worker (1/13): shaders left to compile 77
[2020.01.24-23.50.09:580][400]LogShaderCompilers: Display: Worker (3/13): shaders left to compile 78
[2020.01.24-23.50.09:580][400]LogShaderCompilers: Display: Worker (5/13): shaders left to compile 77
[2020.01.24-23.50.09:580][400]LogShaderCompilers: Display: Worker (7/13): shaders left to compile 76
[2020.01.24-23.50.09:580][400]LogShaderCompilers: Display: Worker (4/13): shaders left to compile 75
[2020.01.24-23.50.09:580][400]LogShaderCompilers: Display: Worker (2/13): shaders left to compile 74
[2020.01.24-23.50.09:580][400]LogShaderCompilers: Display: Worker (9/13): shaders left to compile 73
[2020.01.24-23.50.09:580][400]LogShaderCompilers: Display: Worker (6/13): shaders left to compile 72
[2020.01.24-23.50.09:580][400]LogShaderCompilers: Display: Worker (10/13): shaders left to compile 71
[2020.01.24-23.50.09:580][400]LogShaderCompilers: Display: Worker (8/13): shaders left to compile 70
[2020.01.24-23.50.09:580][400]LogShaderCompilers: Display: Worker (12/13): shaders left to compile 69
[2020.01.24-23.50.09:580][400]LogShaderCompilers: Display: Worker (11/13): shaders left to compile 68
[2020.01.24-23.50.09:580][400]LogShaderCompilers: Display: Worker (1/13): shaders left to compile 67
[2020.01.24-23.50.09:580][400]LogShaderCompilers: Display: Worker (3/13): shaders left to compile 66
[2020.01.24-23.50.09:580][400]LogShaderCompilers: Display: Worker (5/13): shaders left to compile 65
[2020.01.24-23.50.09:580][400]LogShaderCompilers: Display: Worker (6/13): shaders left to compile 64
[2020.01.24-23.50.09:580][400]LogShaderCompilers: Display: Worker (7/13): shaders left to compile 63
[2020.01.24-23.50.09:580][400]LogShaderCompilers: Display: Worker (11/13): shaders left to compile 62
[2020.01.24-23.50.09:580][400]LogShaderCompilers: Display: Worker (8/13): shaders left to compile 61
[2020.01.24-23.50.09:580][400]LogShaderCompilers: Display: Worker (4/13): shaders left to compile 60
[2020.01.24-23.50.09:580][400]LogShaderCompilers: Display: Worker (2/13): shaders left to compile 59
[2020.01.24-23.50.09:580][400]LogShaderCompilers: Display: Worker (10/13): shaders left to compile 58
[2020.01.24-23.50.09:580][400]LogShaderCompilers: Display: Worker (3/13): shaders left to compile 57
[2020.01.24-23.50.09:580][400]LogShaderCompilers: Display: Worker (6/13): shaders left to compile 56
[2020.01.24-23.50.09:580][400]LogShaderCompilers: Display: Worker (12/13): shaders left to compile 55
[2020.01.24-23.50.09:580][400]LogShaderCompilers: Display: Worker (1/13): shaders left to compile 54
[2020.01.24-23.50.09:580][400]LogShaderCompilers: Display: Worker (5/13): shaders left to compile 53
[2020.01.24-23.50.09:580][400]LogShaderCompilers: Display: Worker (7/13): shaders left to compile 52
[2020.01.24-23.50.09:581][400]LogShaderCompilers: Display: Worker (9/13): shaders left to compile 51
[2020.01.24-23.50.09:581][400]LogShaderCompilers: Display: Worker (4/13): shaders left to compile 50
[2020.01.24-23.50.09:581][400]LogShaderCompilers: Display: Worker (3/13): shaders left to compile 49
[2020.01.24-23.50.09:581][400]LogShaderCompilers: Display: Worker (1/13): shaders left to compile 48
[2020.01.24-23.50.09:581][400]LogShaderCompilers: Display: Worker (11/13): shaders left to compile 47
[2020.01.24-23.50.09:581][400]LogShaderCompilers: Display: Worker (9/13): shaders left to compile 46
[2020.01.24-23.50.09:581][400]LogShaderCompilers: Display: Worker (2/13): shaders left to compile 45
[2020.01.24-23.50.09:581][400]LogShaderCompilers: Display: Worker (8/13): shaders left to compile 41
[2020.01.24-23.50.09:581][400]LogShaderCompilers: Display: Worker (10/13): shaders left to compile 37
[2020.01.24-23.50.09:581][400]LogShaderCompilers: Display: Worker (6/13): shaders left to compile 33
[2020.01.24-23.50.09:581][400]LogShaderCompilers: Display: Worker (5/13): shaders left to compile 30
[2020.01.24-23.50.09:581][400]LogShaderCompilers: Display: Worker (12/13): shaders left to compile 27
[2020.01.24-23.50.09:581][400]LogShaderCompilers: Display: Worker (7/13): shaders left to compile 24
[2020.01.24-23.50.09:581][400]LogShaderCompilers: Display: Worker (1/13): shaders left to compile 21
[2020.01.24-23.50.09:581][400]LogShaderCompilers: Display: Worker (9/13): shaders left to compile 19
[2020.01.24-23.50.09:581][400]LogShaderCompilers: Display: Worker (11/13): shaders left to compile 17
[2020.01.24-23.50.09:584][400]TextureStreamingBuild: Display: Compiling optional shaders took 1.314 seconds.
[2020.01.24-23.50.09:643][400]LogUObjectHash: Compacting FUObjectHashTables data took   1.31ms
[2020.01.24-23.50.10:981][400]LogShaderCompilers: Display: Worker (3/13): shaders left to compile 15
[2020.01.24-23.50.10:981][400]LogShaderCompilers: Display: Worker (4/13): shaders left to compile 13
[2020.01.24-23.50.10:981][400]LogShaderCompilers: Display: Worker (1/13): shaders left to compile 11
[2020.01.24-23.50.10:981][400]LogShaderCompilers: Display: Worker (9/13): shaders left to compile 10
[2020.01.24-23.50.10:981][400]LogShaderCompilers: Display: Worker (7/13): shaders left to compile 9
[2020.01.24-23.50.10:981][400]LogShaderCompilers: Display: Worker (8/13): shaders left to compile 8
[2020.01.24-23.50.10:981][400]LogShaderCompilers: Display: Worker (6/13): shaders left to compile 7
[2020.01.24-23.50.10:981][400]LogShaderCompilers: Display: Worker (5/13): shaders left to compile 6
[2020.01.24-23.50.10:981][400]LogShaderCompilers: Display: Worker (2/13): shaders left to compile 5
[2020.01.24-23.50.10:981][400]LogShaderCompilers: Display: Worker (1/13): shaders left to compile 4
[2020.01.24-23.50.10:981][400]LogShaderCompilers: Display: Worker (11/13): shaders left to compile 3
[2020.01.24-23.50.10:981][400]LogShaderCompilers: Display: Worker (12/13): shaders left to compile 2
[2020.01.24-23.50.10:981][400]LogShaderCompilers: Display: Worker (10/13): shaders left to compile 1
[2020.01.24-23.50.11:643][400]Cmd: OBJ SAVEPACKAGE PACKAGE="/Game/Materials/m_Foliage" FILE="../../../../Art/Park_SFAS/Park/Content/Materials/m_Foliage.uasset" SILENT=true
[2020.01.24-23.50.11:666][400]LogSavePackage: Moving '../../../../Art/Park_SFAS/Park/Saved/m_Foliage23BB7E274110A6DFA91727928D693072.tmp' to '../../../../Art/Park_SFAS/Park/Content/Materials/m_Foliage.uasset'
[2020.01.24-23.50.14:896][706]LogMaterial: Display: Material /Game/Materials/m_Foliage.m_Foliage needed to have new flag set bUsedWithStaticLighting !
[2020.01.24-23.50.14:896][706]LogMaterial: Display: Material /Engine/Transient.m_Foliage needed to have new flag set bUsedWithStaticLighting !
[2020.01.24-23.50.14:899][706]LogMaterial: Display: Missing cached shader map for material m_Foliage, compiling. 
[2020.01.24-23.50.14:943][706]LogShaderCompilers: Display: Worker (1/13): shaders left to compile 57
[2020.01.24-23.50.14:943][706]LogShaderCompilers: Display: Worker (2/13): shaders left to compile 56
[2020.01.24-23.50.14:943][706]LogShaderCompilers: Display: Worker (3/13): shaders left to compile 55
[2020.01.24-23.50.14:943][706]LogShaderCompilers: Display: Worker (4/13): shaders left to compile 54
[2020.01.24-23.50.14:943][706]LogShaderCompilers: Display: Worker (5/13): shaders left to compile 53
[2020.01.24-23.50.14:943][706]LogShaderCompilers: Display: Worker (6/13): shaders left to compile 52
[2020.01.24-23.50.14:943][706]LogShaderCompilers: Display: Worker (7/13): shaders left to compile 51
[2020.01.24-23.50.14:943][706]LogShaderCompilers: Display: Worker (8/13): shaders left to compile 50
[2020.01.24-23.50.14:943][706]LogShaderCompilers: Display: Worker (9/13): shaders left to compile 49
[2020.01.24-23.50.14:943][706]LogShaderCompilers: Display: Worker (10/13): shaders left to compile 48
[2020.01.24-23.50.14:943][706]LogShaderCompilers: Display: Worker (11/13): shaders left to compile 47
[2020.01.24-23.50.14:943][706]LogShaderCompilers: Display: Worker (12/13): shaders left to compile 46
[2020.01.24-23.50.14:943][706]LogMaterial: Display: Missing cached shader map for material m_Foliage, compiling. 
[2020.01.24-23.50.15:091][715]LogShaderCompilers: Display: Worker (1/13): shaders left to compile 103
[2020.01.24-23.50.15:108][716]LogShaderCompilers: Display: Worker (3/13): shaders left to compile 102
[2020.01.24-23.50.15:142][718]LogShaderCompilers: Display: Worker (5/13): shaders left to compile 101
[2020.01.24-23.50.15:174][720]LogShaderCompilers: Display: Worker (7/13): shaders left to compile 100
[2020.01.24-23.50.15:249][725]LogShaderCompilers: Display: Worker (4/13): shaders left to compile 99
[2020.01.24-23.50.15:264][726]LogShaderCompilers: Display: Worker (2/13): shaders left to compile 98
[2020.01.24-23.50.15:279][727]LogShaderCompilers: Display: Worker (6/13): shaders left to compile 97
[2020.01.24-23.50.15:293][728]LogShaderCompilers: Display: Worker (8/13): shaders left to compile 96
[2020.01.24-23.50.15:294][728]LogShaderCompilers: Display: Worker (9/13): shaders left to compile 95
[2020.01.24-23.50.15:308][729]LogShaderCompilers: Display: Worker (10/13): shaders left to compile 94
[2020.01.24-23.50.15:323][730]LogShaderCompilers: Display: Worker (11/13): shaders left to compile 93
[2020.01.24-23.50.15:323][730]LogShaderCompilers: Display: Worker (12/13): shaders left to compile 92
[2020.01.24-23.50.15:413][736]LogShaderCompilers: Display: Worker (3/13): shaders left to compile 91
[2020.01.24-23.50.15:413][736]LogShaderCompilers: Display: Worker (1/13): shaders left to compile 90
[2020.01.24-23.50.15:464][739]LogShaderCompilers: Display: Worker (5/13): shaders left to compile 89
[2020.01.24-23.50.15:481][740]LogShaderCompilers: Display: Worker (8/13): shaders left to compile 88
[2020.01.24-23.50.15:497][741]LogShaderCompilers: Display: Worker (7/13): shaders left to compile 87
[2020.01.24-23.50.15:539][744]LogShaderCompilers: Display: Worker (10/13): shaders left to compile 86
[2020.01.24-23.50.15:553][745]LogShaderCompilers: Display: Worker (4/13): shaders left to compile 85
[2020.01.24-23.50.15:553][745]LogShaderCompilers: Display: Worker (12/13): shaders left to compile 84
[2020.01.24-23.50.15:582][747]LogShaderCompilers: Display: Worker (9/13): shaders left to compile 83
[2020.01.24-23.50.15:611][749]LogShaderCompilers: Display: Worker (2/13): shaders left to compile 82
[2020.01.24-23.50.15:626][750]LogShaderCompilers: Display: Worker (1/13): shaders left to compile 81
[2020.01.24-23.50.15:641][751]LogShaderCompilers: Display: Worker (11/13): shaders left to compile 80
[2020.01.24-23.50.15:669][753]LogShaderCompilers: Display: Worker (8/13): shaders left to compile 79
[2020.01.24-23.50.15:714][756]LogShaderCompilers: Display: Worker (3/13): shaders left to compile 78
[2020.01.24-23.50.15:728][757]LogShaderCompilers: Display: Worker (10/13): shaders left to compile 77
[2020.01.24-23.50.15:728][757]LogShaderCompilers: Display: Worker (12/13): shaders left to compile 76
[2020.01.24-23.50.15:769][760]LogShaderCompilers: Display: Worker (7/13): shaders left to compile 75
[2020.01.24-23.50.15:769][760]LogShaderCompilers: Display: Worker (5/13): shaders left to compile 74
[2020.01.24-23.50.15:783][761]LogShaderCompilers: Display: Worker (6/13): shaders left to compile 73
[2020.01.24-23.50.15:828][764]LogShaderCompilers: Display: Worker (4/13): shaders left to compile 72
[2020.01.24-23.50.15:844][765]LogShaderCompilers: Display: Worker (9/13): shaders left to compile 71
[2020.01.24-23.50.16:141][781]LogShaderCompilers: Display: Worker (11/13): shaders left to compile 70
[2020.01.24-23.50.16:161][782]LogShaderCompilers: Display: Worker (10/13): shaders left to compile 69
[2020.01.24-23.50.16:228][785]LogShaderCompilers: Display: Worker (5/13): shaders left to compile 68
[2020.01.24-23.50.16:266][787]LogShaderCompilers: Display: Worker (9/13): shaders left to compile 67
[2020.01.24-23.50.16:293][788]LogShaderCompilers: Display: Worker (2/13): shaders left to compile 66
[2020.01.24-23.50.16:360][792]LogShaderCompilers: Display: Worker (8/13): shaders left to compile 65
[2020.01.24-23.50.16:360][792]LogShaderCompilers: Display: Worker (1/13): shaders left to compile 64
[2020.01.24-23.50.16:389][794]LogShaderCompilers: Display: Worker (12/13): shaders left to compile 63
[2020.01.24-23.50.16:408][795]LogShaderCompilers: Display: Worker (6/13): shaders left to compile 62
[2020.01.24-23.50.16:430][796]LogShaderCompilers: Display: Worker (7/13): shaders left to compile 61
[2020.01.24-23.50.16:461][798]LogShaderCompilers: Display: Worker (3/13): shaders left to compile 60
[2020.01.24-23.50.16:493][800]LogShaderCompilers: Display: Worker (4/13): shaders left to compile 59
[2020.01.24-23.50.16:657][807]LogShaderCompilers: Display: Worker (5/13): shaders left to compile 58
[2020.01.24-23.50.16:750][811]LogShaderCompilers: Display: Worker (11/13): shaders left to compile 53
[2020.01.24-23.50.16:773][812]LogShaderCompilers: Display: Worker (6/13): shaders left to compile 48
[2020.01.24-23.50.16:794][813]LogShaderCompilers: Display: Worker (8/13): shaders left to compile 43
[2020.01.24-23.50.16:796][813]LogShaderCompilers: Display: Worker (4/13): shaders left to compile 39
[2020.01.24-23.50.16:834][815]LogShaderCompilers: Display: Worker (10/13): shaders left to compile 35
[2020.01.24-23.50.16:910][819]LogShaderCompilers: Display: Worker (1/13): shaders left to compile 32
[2020.01.24-23.50.16:934][820]LogShaderCompilers: Display: Worker (9/13): shaders left to compile 29
[2020.01.24-23.50.16:956][821]LogShaderCompilers: Display: Worker (2/13): shaders left to compile 26
[2020.01.24-23.50.16:956][821]LogShaderCompilers: Display: Worker (12/13): shaders left to compile 23
[2020.01.24-23.50.17:088][827]LogShaderCompilers: Display: Worker (3/13): shaders left to compile 20
[2020.01.24-23.50.17:109][828]LogShaderCompilers: Display: Worker (7/13): shaders left to compile 18
[2020.01.24-23.50.17:494][840]LogShaderCompilers: Display: Worker (9/13): shaders left to compile 16
[2020.01.24-23.50.17:552][842]LogShaderCompilers: Display: Worker (10/13): shaders left to compile 14
[2020.01.24-23.50.17:647][845]LogShaderCompilers: Display: Worker (1/13): shaders left to compile 12
[2020.01.24-23.50.17:724][847]LogShaderCompilers: Display: Worker (4/13): shaders left to compile 10
[2020.01.24-23.50.17:750][848]LogShaderCompilers: Display: Worker (5/13): shaders left to compile 9
[2020.01.24-23.50.18:048][858]LogShaderCompilers: Display: Worker (11/13): shaders left to compile 8
[2020.01.24-23.50.18:048][858]LogShaderCompilers: Display: Worker (3/13): shaders left to compile 7
[2020.01.24-23.50.18:078][859]LogSlate: FSceneViewport::OnFocusLost() reason 0
[2020.01.24-23.50.18:137][863]LogShaderCompilers: Display: Worker (7/13): shaders left to compile 6
[2020.01.24-23.50.18:153][864]LogShaderCompilers: Display: Worker (8/13): shaders left to compile 5
[2020.01.24-23.50.18:212][865]LogShaderCompilers: Display: Worker (6/13): shaders left to compile 4
[2020.01.24-23.50.18:335][871]LogShaderCompilers: Display: Worker (4/13): shaders left to compile 3
[2020.01.24-23.50.18:426][875]LogShaderCompilers: Display: Worker (5/13): shaders left to compile 2
[2020.01.24-23.50.18:442][876]LogShaderCompilers: Display: Worker (11/13): shaders left to compile 1
[2020.01.24-23.50.18:796][897]MaterialEditorStats: Base pass shader: 132 instructions
[2020.01.24-23.50.18:796][897]MaterialEditorStats: Base pass shader with Surface Lightmap: 163 instructions
[2020.01.24-23.50.18:796][897]MaterialEditorStats: Base pass shader with Volumetric Lightmap: 210 instructions
[2020.01.24-23.50.18:796][897]MaterialEditorStats: Base pass vertex shader: 50 instructions
[2020.01.24-23.50.18:796][897]MaterialEditorStats: Texture samplers: 7/16
[2020.01.24-23.50.18:796][897]MaterialEditorStats: Texture Lookups (Est.): VS(0), PS(4)
[2020.01.24-23.50.18:796][897]MaterialEditorStats: User interpolators: 2/4 Scalars (1/4 Vectors) (TexCoords: 2, Custom: 0)
[2020.01.24-23.50.19:961][934]LogAIModule: Creating AISystem for world Diorama
[2020.01.24-23.50.19:974][934]LogAssetEditorManager: Opening Asset editor for World /Game/Diorama.Diorama
[2020.01.24-23.50.20:013][934]LogUObjectHash: Compacting FUObjectHashTables data took   1.58ms
[2020.01.24-23.50.21:655][934]LogSlate: Window 'Save Content' being destroyed
[2020.01.24-23.50.21:663][934]Cmd: OBJ SAVEPACKAGE PACKAGE="/Game/Materials/m_Foliage" FILE="../../../../Art/Park_SFAS/Park/Content/Materials/m_Foliage.uasset" SILENT=true
[2020.01.24-23.50.21:803][934]LogSavePackage: Moving '../../../../Art/Park_SFAS/Park/Saved/m_FoliageEB2A13804B24E90A626CAFAFD1210F1D.tmp' to '../../../../Art/Park_SFAS/Park/Content/Materials/m_Foliage.uasset'
[2020.01.24-23.50.21:810][934]Cmd: OBJ SAVEPACKAGE PACKAGE="/Game/Textures/Plane_low_Plane_low_defaultMat_BaseColor" FILE="../../../../Art/Park_SFAS/Park/Content/Textures/Plane_low_Plane_low_defaultMat_BaseColor.uasset" SILENT=true
[2020.01.24-23.50.22:134][934]LogSavePackage: Moving '../../../../Art/Park_SFAS/Park/Saved/Plane_low_Plane_low_defaultMat_BECB00D3C434C94B01D40EEACAF8EAB65.tmp' to '../../../../Art/Park_SFAS/Park/Content/Textures/Plane_low_Plane_low_defaultMat_BaseColor.uasset'
[2020.01.24-23.50.22:141][934]Cmd: OBJ SAVEPACKAGE PACKAGE="/Game/Textures/Plane_low_Plane_low_defaultMat_Normal" FILE="../../../../Art/Park_SFAS/Park/Content/Textures/Plane_low_Plane_low_defaultMat_Normal.uasset" SILENT=true
[2020.01.24-23.50.22:662][934]LogSavePackage: Moving '../../../../Art/Park_SFAS/Park/Saved/Plane_low_Plane_low_defaultMat_N2CEAEFDD4CFF8BEB8FED1FB17A89CA0F.tmp' to '../../../../Art/Park_SFAS/Park/Content/Textures/Plane_low_Plane_low_defaultMat_Normal.uasset'
[2020.01.24-23.50.22:795][934]LogSavePackage: Moving '../../../../Art/Park_SFAS/Park/Saved/Plane_low_Plane_low_defaultMat_O6BDD1E2047A2E28229550D8EC7A654BE.tmp' to '../../../../Art/Park_SFAS/Park/Content/Textures/Plane_low_Plane_low_defaultMat_OcclusionRoughnessMetallic.uasset'
[2020.01.24-23.50.22:801][934]Cmd: OBJ SAVEPACKAGE PACKAGE="/Game/Textures/Plane_low_Plane_low_defaultMat_opacity" FILE="../../../../Art/Park_SFAS/Park/Content/Textures/Plane_low_Plane_low_defaultMat_opacity.uasset" SILENT=true
[2020.01.24-23.50.22:944][934]LogSavePackage: Moving '../../../../Art/Park_SFAS/Park/Saved/Plane_low_Plane_low_defaultMat_o990F02D844C850B200FE8A8B75210A66.tmp' to '../../../../Art/Park_SFAS/Park/Content/Textures/Plane_low_Plane_low_defaultMat_opacity.uasset'
[2020.01.24-23.50.25:359][934]LogSlate: Window 'Save Level As' being destroyed
[2020.01.24-23.50.26:502][ 55]Cmd: TRANSACTION UNDO
[2020.01.24-23.50.26:502][ 55]LogEditorTransaction: Undo Create Actors
[2020.01.24-23.50.26:511][ 55]LogMaterial: Display: Missing cached shader map for material m_Foliage, compiling. 
[2020.01.24-23.50.26:539][ 55]LogShaderCompilers: Display: Worker (1/13): shaders left to compile 57
[2020.01.24-23.50.26:539][ 55]LogShaderCompilers: Display: Worker (2/13): shaders left to compile 56
[2020.01.24-23.50.26:539][ 55]LogShaderCompilers: Display: Worker (3/13): shaders left to compile 55
[2020.01.24-23.50.26:540][ 55]LogShaderCompilers: Display: Worker (4/13): shaders left to compile 54
[2020.01.24-23.50.26:540][ 55]LogShaderCompilers: Display: Worker (5/13): shaders left to compile 53
[2020.01.24-23.50.26:540][ 55]LogShaderCompilers: Display: Worker (6/13): shaders left to compile 52
[2020.01.24-23.50.26:540][ 55]LogShaderCompilers: Display: Worker (7/13): shaders left to compile 51
[2020.01.24-23.50.26:540][ 55]LogShaderCompilers: Display: Worker (8/13): shaders left to compile 50
[2020.01.24-23.50.26:540][ 55]LogShaderCompilers: Display: Worker (9/13): shaders left to compile 49
[2020.01.24-23.50.26:540][ 55]LogShaderCompilers: Display: Worker (10/13): shaders left to compile 48
[2020.01.24-23.50.26:540][ 55]LogShaderCompilers: Display: Worker (11/13): shaders left to compile 47
[2020.01.24-23.50.26:540][ 55]LogShaderCompilers: Display: Worker (12/13): shaders left to compile 46
[2020.01.24-23.50.26:688][ 61]LogShaderCompilers: Display: Worker (1/13): shaders left to compile 45
[2020.01.24-23.50.26:711][ 62]LogShaderCompilers: Display: Worker (3/13): shaders left to compile 44
[2020.01.24-23.50.26:735][ 62]LogShaderCompilers: Display: Worker (5/13): shaders left to compile 43
[2020.01.24-23.50.26:763][ 63]LogShaderCompilers: Display: Worker (7/13): shaders left to compile 42
[2020.01.24-23.50.26:841][ 66]LogShaderCompilers: Display: Worker (4/13): shaders left to compile 41
[2020.01.24-23.50.26:860][ 67]LogShaderCompilers: Display: Worker (2/13): shaders left to compile 40
[2020.01.24-23.50.26:861][ 67]LogShaderCompilers: Display: Worker (6/13): shaders left to compile 39
[2020.01.24-23.50.26:882][ 68]LogShaderCompilers: Display: Worker (8/13): shaders left to compile 38
[2020.01.24-23.50.26:882][ 68]LogShaderCompilers: Display: Worker (9/13): shaders left to compile 37
[2020.01.24-23.50.26:906][ 69]LogShaderCompilers: Display: Worker (10/13): shaders left to compile 36
[2020.01.24-23.50.26:910][ 70]LogShaderCompilers: Display: Worker (11/13): shaders left to compile 35
[2020.01.24-23.50.26:927][ 70]LogShaderCompilers: Display: Worker (12/13): shaders left to compile 34
[2020.01.24-23.50.26:952][ 71]LogShaderCompilers: Display: Worker (1/13): shaders left to compile 33
[2020.01.24-23.50.26:999][ 73]LogShaderCompilers: Display: Worker (3/13): shaders left to compile 32
[2020.01.24-23.50.27:022][ 75]LogShaderCompilers: Display: Worker (5/13): shaders left to compile 31
[2020.01.24-23.50.27:039][ 76]LogShaderCompilers: Display: Worker (7/13): shaders left to compile 30
[2020.01.24-23.50.27:054][ 77]LogShaderCompilers: Display: Worker (8/13): shaders left to compile 29
[2020.01.24-23.50.27:131][ 82]LogShaderCompilers: Display: Worker (10/13): shaders left to compile 28
[2020.01.24-23.50.27:146][ 83]LogShaderCompilers: Display: Worker (4/13): shaders left to compile 27
[2020.01.24-23.50.27:146][ 83]LogShaderCompilers: Display: Worker (12/13): shaders left to compile 26
[2020.01.24-23.50.27:161][ 84]LogShaderCompilers: Display: Worker (2/13): shaders left to compile 25
[2020.01.24-23.50.27:176][ 85]LogShaderCompilers: Display: Worker (9/13): shaders left to compile 24
[2020.01.24-23.50.27:205][ 87]LogShaderCompilers: Display: Worker (3/13): shaders left to compile 23
[2020.01.24-23.50.27:219][ 88]LogShaderCompilers: Display: Worker (11/13): shaders left to compile 22
[2020.01.24-23.50.27:249][ 90]LogShaderCompilers: Display: Worker (7/13): shaders left to compile 21
[2020.01.24-23.50.27:264][ 91]LogShaderCompilers: Display: Worker (1/13): shaders left to compile 20
[2020.01.24-23.50.27:293][ 93]LogShaderCompilers: Display: Worker (12/13): shaders left to compile 19
[2020.01.24-23.50.27:307][ 94]LogShaderCompilers: Display: Worker (10/13): shaders left to compile 18
[2020.01.24-23.50.27:321][ 95]LogShaderCompilers: Display: Worker (5/13): shaders left to compile 17
[2020.01.24-23.50.27:334][ 96]LogShaderCompilers: Display: Worker (8/13): shaders left to compile 16
[2020.01.24-23.50.27:364][ 98]LogShaderCompilers: Display: Worker (6/13): shaders left to compile 15
[2020.01.24-23.50.27:396][100]LogShaderCompilers: Display: Worker (4/13): shaders left to compile 14
[2020.01.24-23.50.27:412][101]LogShaderCompilers: Display: Worker (2/13): shaders left to compile 13
[2020.01.24-23.50.27:662][113]LogShaderCompilers: Display: Worker (11/13): shaders left to compile 12
[2020.01.24-23.50.27:725][116]LogShaderCompilers: Display: Worker (12/13): shaders left to compile 11
[2020.01.24-23.50.27:790][120]LogShaderCompilers: Display: Worker (8/13): shaders left to compile 10
[2020.01.24-23.50.27:810][121]LogShaderCompilers: Display: Worker (2/13): shaders left to compile 9
[2020.01.24-23.50.27:846][123]LogShaderCompilers: Display: Worker (9/13): shaders left to compile 8
[2020.01.24-23.50.27:904][125]LogShaderCompilers: Display: Worker (7/13): shaders left to compile 7
[2020.01.24-23.50.27:933][126]LogShaderCompilers: Display: Worker (5/13): shaders left to compile 6
[2020.01.24-23.50.27:961][127]LogShaderCompilers: Display: Worker (3/13): shaders left to compile 5
[2020.01.24-23.50.27:961][127]LogShaderCompilers: Display: Worker (10/13): shaders left to compile 4
[2020.01.24-23.50.27:979][128]LogShaderCompilers: Display: Worker (1/13): shaders left to compile 3
[2020.01.24-23.50.27:997][129]LogShaderCompilers: Display: Worker (6/13): shaders left to compile 2
[2020.01.24-23.50.28:049][132]LogShaderCompilers: Display: Worker (4/13): shaders left to compile 1
[2020.01.24-23.50.28:453][157]LogAssetEditorManager: Opening Asset editor for World /Game/Diorama.Diorama
[2020.01.24-23.50.28:488][157]LogUObjectHash: Compacting FUObjectHashTables data took   1.14ms
[2020.01.24-23.50.28:489][157]Cmd: MAP LOAD FILE="../../../../Art/Park_SFAS/Park/Content/Diorama.umap" TEMPLATE=0 SHOWPROGRESS=1 FEATURELEVEL=3
[2020.01.24-23.50.28:489][157]LightingResults: New page: Lighting Build
[2020.01.24-23.50.28:490][157]LoadErrors: New page: Loading map: Diorama.umap
[2020.01.24-23.50.28:491][157]LogWorld: UWorld::CleanupWorld for Untitled_1, bSessionEnded=true, bCleanupResources=true
[2020.01.24-23.50.28:491][157]MapCheck: New page: Map Check
[2020.01.24-23.50.28:491][157]LightingResults: New page: Lighting Build
[2020.01.24-23.50.28:529][157]LogUObjectHash: Compacting FUObjectHashTables data took   1.75ms
[2020.01.24-23.50.28:612][157]LogEditorServer: Finished looking for orphan Actors (0.000 secs)
[2020.01.24-23.50.28:652][157]LogUObjectHash: Compacting FUObjectHashTables data took   1.57ms
[2020.01.24-23.50.28:677][157]Cmd: MAP CHECKDEP NOCLEARLOG
[2020.01.24-23.50.28:677][157]MapCheck: Map check complete: 0 Error(s), 0 Warning(s), took 0.127ms to complete.
[2020.01.24-23.50.28:678][157]LogFileHelpers: Loading map 'Diorama' took 0.190
[2020.01.24-23.50.28:705][157]MaterialEditorStats: Base pass shader: 132 instructions
[2020.01.24-23.50.28:705][157]MaterialEditorStats: Base pass shader with Surface Lightmap: 163 instructions
[2020.01.24-23.50.28:705][157]MaterialEditorStats: Base pass shader with Volumetric Lightmap: 210 instructions
[2020.01.24-23.50.28:705][157]MaterialEditorStats: Base pass vertex shader: 50 instructions
[2020.01.24-23.50.28:705][157]MaterialEditorStats: Texture samplers: 7/16
[2020.01.24-23.50.28:705][157]MaterialEditorStats: Texture Lookups (Est.): VS(0), PS(4)
[2020.01.24-23.50.28:705][157]MaterialEditorStats: User interpolators: 2/4 Scalars (1/4 Vectors) (TexCoords: 2, Custom: 0)
[2020.01.24-23.51.57:428][534]LogEditorViewport: Clicking on Actor (LMB): StaticMeshActor (SM_tree)
[2020.01.24-23.51.57:722][536]LogEditorViewport: Clicking on Component (LMB): StaticMeshComponent (StaticMeshComponent0)
[2020.01.24-23.51.59:711][713]Cmd: SELECT NONE
[2020.01.24-23.52.06:105][261]Cmd: SELECT NONE
[2020.01.24-23.52.12:438][984]LogSlate: FSceneViewport::OnFocusLost() reason 0
[2020.01.24-23.59.48:111][167]LogFactory: FactoryCreateFile: Texture with ReimportTextureFactory (0 0 ../../../../Art/Uni/Specialist Practice/Leaf/Bush_tex/Leaf_Bush_AO.png)
[2020.01.24-23.59.48:154][167]LogTexture: Display: Building textures: Leaf_Bush_AO (AutoDXT, 1024X1024)
[2020.01.24-23.59.48:261][167]LogFactory: FactoryCreateFile: Texture with ReimportTextureFactory (0 0 ../../../../Art/Uni/Specialist Practice/Leaf/Bush_tex/Leaf_Bush_basecolor.png)
[2020.01.24-23.59.48:365][167]LogTexture: Display: Building textures: Leaf_Bush_basecolor (AutoDXT, 1024X1024)
[2020.01.24-23.59.48:461][167]LogFactory: FactoryCreateFile: Texture with ReimportTextureFactory (0 0 ../../../../Art/Uni/Specialist Practice/Leaf/Bush_tex/Leaf_Bush_normal.png)
[2020.01.24-23.59.48:571][167]LogTexture: Display: Building textures: Leaf_Bush_normal (BC5, 1024X1024)
[2020.01.24-23.59.48:661][168]LogEditorSessionSummary: EditorSessionSummary sent report. Type=Shutdown, SessionId={8E3E9805-47BA-A7F2-BB4D-A289E18BBA96}
[2020.01.24-23.59.56:077][889]LogSavePackage: Moving '../../../../Art/Park_SFAS/Park/Saved/T_Plane_low_Plane_low_defaultMatE93C5786474C489B4C568983923E558B.tmp' to '../../../../Art/Park_SFAS/Park/Content/Textures/T_Plane_low_Plane_low_defaultMat_BaseColor.uasset'
[2020.01.24-23.59.56:194][889]LogUObjectHash: Compacting FUObjectHashTables data took   1.48ms
[2020.01.24-23.59.56:235][889]LogUObjectHash: Compacting FUObjectHashTables data took   1.60ms
[2020.01.24-23.59.56:270][889]LogUObjectHash: Compacting FUObjectHashTables data took   0.75ms
[2020.01.24-23.59.56:283][889]Cmd: OBJ SAVEPACKAGE PACKAGE="/Game/Materials/m_Foliage" FILE="../../../../Art/Park_SFAS/Park/Content/Materials/m_Foliage.uasset" SILENT=true
[2020.01.24-23.59.56:298][889]LogSavePackage: Moving '../../../../Art/Park_SFAS/Park/Saved/m_Foliage9D14EEAF4EBCA4A8A2FECAA09286AA7D.tmp' to '../../../../Art/Park_SFAS/Park/Content/Materials/m_Foliage.uasset'
[2020.01.25-00.00.00:434][293]Cmd: OBJ SAVEPACKAGE PACKAGE="/Game/Textures/T_Plane_low_Plane_low_defaultMat_Normal" FILE="../../../../Art/Park_SFAS/Park/Content/Textures/T_Plane_low_Plane_low_defaultMat_Normal.uasset" SILENT=true
[2020.01.25-00.00.00:478][293]LogSavePackage: Moving '../../../../Art/Park_SFAS/Park/Saved/T_Plane_low_Plane_low_defaultMat49D9F7944C5D672C53A9CA99CE23B3D4.tmp' to '../../../../Art/Park_SFAS/Park/Content/Textures/T_Plane_low_Plane_low_defaultMat_Normal.uasset'
[2020.01.25-00.00.00:603][293]LogUObjectHash: Compacting FUObjectHashTables data took   0.77ms
[2020.01.25-00.00.00:643][293]LogUObjectHash: Compacting FUObjectHashTables data took   1.56ms
[2020.01.25-00.00.00:678][293]LogUObjectHash: Compacting FUObjectHashTables data took   0.73ms
[2020.01.25-00.00.00:691][293]Cmd: OBJ SAVEPACKAGE PACKAGE="/Game/Materials/m_Foliage" FILE="../../../../Art/Park_SFAS/Park/Content/Materials/m_Foliage.uasset" SILENT=true
[2020.01.25-00.00.00:705][293]LogSavePackage: Moving '../../../../Art/Park_SFAS/Park/Saved/m_Foliage19BCCD5C4F403A2BAB9219A50A0168E5.tmp' to '../../../../Art/Park_SFAS/Park/Content/Materials/m_Foliage.uasset'
[2020.01.25-00.00.04:143][610]LogSavePackage: Moving '../../../../Art/Park_SFAS/Park/Saved/T_Plane_low_Plane_low_defaultMat7CD52C814B7D756F2428A89548688BCA.tmp' to '../../../../Art/Park_SFAS/Park/Content/Textures/T_Plane_low_Plane_low_defaultMat_OcclusionRoughnessMetallic.uasset'
[2020.01.25-00.00.04:267][610]LogUObjectHash: Compacting FUObjectHashTables data took   0.73ms
[2020.01.25-00.00.04:307][610]LogUObjectHash: Compacting FUObjectHashTables data took   1.54ms
[2020.01.25-00.00.04:342][610]LogUObjectHash: Compacting FUObjectHashTables data took   0.76ms
[2020.01.25-00.00.04:356][610]Cmd: OBJ SAVEPACKAGE PACKAGE="/Game/Materials/m_Foliage" FILE="../../../../Art/Park_SFAS/Park/Content/Materials/m_Foliage.uasset" SILENT=true
[2020.01.25-00.00.04:369][610]LogSavePackage: Moving '../../../../Art/Park_SFAS/Park/Saved/m_FoliageC5AA83BE497E045B022775AB2F292F92.tmp' to '../../../../Art/Park_SFAS/Park/Content/Materials/m_Foliage.uasset'
[2020.01.25-00.00.08:168][966]Cmd: OBJ SAVEPACKAGE PACKAGE="/Game/Textures/T_Leaf_Bush_AO" FILE="../../../../Art/Park_SFAS/Park/Content/Textures/T_Leaf_Bush_AO.uasset" SILENT=true
[2020.01.25-00.00.08:428][966]LogSavePackage: Moving '../../../../Art/Park_SFAS/Park/Saved/T_Leaf_Bush_AO62F28CF049D07637BACA1B9F51405C5D.tmp' to '../../../../Art/Park_SFAS/Park/Content/Textures/T_Leaf_Bush_AO.uasset'
[2020.01.25-00.00.08:562][966]LogUObjectHash: Compacting FUObjectHashTables data took   0.74ms
[2020.01.25-00.00.08:604][966]LogUObjectHash: Compacting FUObjectHashTables data took   0.98ms
[2020.01.25-00.00.08:640][966]LogUObjectHash: Compacting FUObjectHashTables data took   1.03ms
[2020.01.25-00.00.11:506][236]Cmd: OBJ SAVEPACKAGE PACKAGE="/Game/Textures/T_Leaf_Bush_basecolor" FILE="../../../../Art/Park_SFAS/Park/Content/Textures/T_Leaf_Bush_basecolor.uasset" SILENT=true
[2020.01.25-00.00.11:866][236]LogSavePackage: Moving '../../../../Art/Park_SFAS/Park/Saved/T_Leaf_Bush_basecolor46CDA69843C86EFB38BC2E8F1BE0C1F4.tmp' to '../../../../Art/Park_SFAS/Park/Content/Textures/T_Leaf_Bush_basecolor.uasset'
[2020.01.25-00.00.11:985][236]LogUObjectHash: Compacting FUObjectHashTables data took   0.99ms
[2020.01.25-00.00.12:025][236]LogUObjectHash: Compacting FUObjectHashTables data took   0.95ms
[2020.01.25-00.00.12:060][236]LogUObjectHash: Compacting FUObjectHashTables data took   0.72ms
[2020.01.25-00.00.15:620][577]Cmd: OBJ SAVEPACKAGE PACKAGE="/Game/Textures/T_Leaf_Bush_normal" FILE="../../../../Art/Park_SFAS/Park/Content/Textures/T_Leaf_Bush_normal.uasset" SILENT=true
[2020.01.25-00.00.15:977][577]LogSavePackage: Moving '../../../../Art/Park_SFAS/Park/Saved/T_Leaf_Bush_normalFEDA747348B900DB4DAC39AF8CE475E2.tmp' to '../../../../Art/Park_SFAS/Park/Content/Textures/T_Leaf_Bush_normal.uasset'
[2020.01.25-00.00.16:099][577]LogUObjectHash: Compacting FUObjectHashTables data took   1.00ms
[2020.01.25-00.00.16:138][577]LogUObjectHash: Compacting FUObjectHashTables data took   1.36ms
[2020.01.25-00.00.16:174][577]LogUObjectHash: Compacting FUObjectHashTables data took   0.98ms
[2020.01.25-00.00.36:506][614]Cmd: OBJ SAVEPACKAGE PACKAGE="/Game/Materials/m_Leaf" FILE="../../../../Art/Park_SFAS/Park/Content/Materials/m_Leaf.uasset" SILENT=true
[2020.01.25-00.00.36:521][614]LogSavePackage: Moving '../../../../Art/Park_SFAS/Park/Saved/m_Leaf39B8FEC04E1EE36F15BC01A4C43CCF56.tmp' to '../../../../Art/Park_SFAS/Park/Content/Materials/m_Leaf.uasset'
[2020.01.25-00.00.36:640][614]LogUObjectHash: Compacting FUObjectHashTables data took   1.40ms
[2020.01.25-00.00.36:678][614]LogUObjectHash: Compacting FUObjectHashTables data took   1.36ms
[2020.01.25-00.00.36:712][614]LogUObjectHash: Compacting FUObjectHashTables data took   0.72ms
[2020.01.25-00.00.38:454][789]LogAssetEditorManager: Opening Asset editor for Material /Game/Materials/m_Leaf.m_Leaf
[2020.01.25-00.00.38:457][789]LogMaterial: Display: Missing cached shader map for material m_Leaf, compiling. 
[2020.01.25-00.00.38:520][789]LogMaterial: Display: Missing cached shader map for material m_Leaf, compiling. 
[2020.01.25-00.00.38:533][789]LogMaterial: Display: Missing cached shader map for material m_Leaf, compiling. 
[2020.01.25-00.00.38:583][789]LogShaderCompilers: Display: Worker (1/13): shaders left to compile 21
[2020.01.25-00.00.38:584][789]LogShaderCompilers: Display: Worker (2/13): shaders left to compile 20
[2020.01.25-00.00.38:584][789]LogShaderCompilers: Display: Worker (3/13): shaders left to compile 19
[2020.01.25-00.00.38:584][789]LogShaderCompilers: Display: Worker (4/13): shaders left to compile 18
[2020.01.25-00.00.38:584][789]LogShaderCompilers: Display: Worker (5/13): shaders left to compile 17
[2020.01.25-00.00.38:584][789]LogShaderCompilers: Display: Worker (6/13): shaders left to compile 16
[2020.01.25-00.00.38:584][789]LogShaderCompilers: Display: Worker (7/13): shaders left to compile 15
[2020.01.25-00.00.38:584][789]LogShaderCompilers: Display: Worker (8/13): shaders left to compile 14
[2020.01.25-00.00.38:584][789]LogShaderCompilers: Display: Worker (9/13): shaders left to compile 13
[2020.01.25-00.00.38:584][789]LogShaderCompilers: Display: Worker (10/13): shaders left to compile 12
[2020.01.25-00.00.38:584][789]LogShaderCompilers: Display: Worker (11/13): shaders left to compile 11
[2020.01.25-00.00.38:584][789]LogShaderCompilers: Display: Worker (12/13): shaders left to compile 10
[2020.01.25-00.00.38:917][805]LogShaderCompilers: Display: Worker (8/13): shaders left to compile 9
[2020.01.25-00.00.39:077][814]LogShaderCompilers: Display: Worker (2/13): shaders left to compile 8
[2020.01.25-00.00.39:094][815]LogShaderCompilers: Display: Worker (4/13): shaders left to compile 7
[2020.01.25-00.00.39:094][815]LogShaderCompilers: Display: Worker (9/13): shaders left to compile 6
[2020.01.25-00.00.39:112][816]LogShaderCompilers: Display: Worker (1/13): shaders left to compile 5
[2020.01.25-00.00.39:112][816]LogShaderCompilers: Display: Worker (5/13): shaders left to compile 4
[2020.01.25-00.00.39:112][816]LogShaderCompilers: Display: Worker (6/13): shaders left to compile 3
[2020.01.25-00.00.39:112][816]LogShaderCompilers: Display: Worker (7/13): shaders left to compile 2
[2020.01.25-00.00.39:167][819]LogShaderCompilers: Display: Worker (3/13): shaders left to compile 1
[2020.01.25-00.00.39:725][849]MaterialEditorStats: Base pass shader: 117 instructions
[2020.01.25-00.00.39:725][849]MaterialEditorStats: Base pass shader with Volumetric Lightmap: 191 instructions
[2020.01.25-00.00.39:725][849]MaterialEditorStats: Base pass vertex shader: 40 instructions
[2020.01.25-00.00.39:725][849]MaterialEditorStats: Texture samplers: 3/16
[2020.01.25-00.00.47:629][605]LogMaterial: Display: Missing cached shader map for material m_Leaf, compiling. 
[2020.01.25-00.00.47:641][605]LogMaterial: Display: Missing cached shader map for material FMatExpressionPreview MaterialExpressionTextureSample_0, compiling. 
[2020.01.25-00.00.47:656][605]LogShaderCompilers: Display: Worker (1/13): shaders left to compile 21
[2020.01.25-00.00.47:656][605]LogShaderCompilers: Display: Worker (2/13): shaders left to compile 20
[2020.01.25-00.00.47:656][605]LogShaderCompilers: Display: Worker (3/13): shaders left to compile 19
[2020.01.25-00.00.47:656][605]LogShaderCompilers: Display: Worker (4/13): shaders left to compile 18
[2020.01.25-00.00.47:656][605]LogShaderCompilers: Display: Worker (5/13): shaders left to compile 17
[2020.01.25-00.00.47:656][605]LogShaderCompilers: Display: Worker (6/13): shaders left to compile 16
[2020.01.25-00.00.47:656][605]LogShaderCompilers: Display: Worker (7/13): shaders left to compile 15
[2020.01.25-00.00.47:656][605]LogShaderCompilers: Display: Worker (8/13): shaders left to compile 14
[2020.01.25-00.00.47:656][605]LogShaderCompilers: Display: Worker (9/13): shaders left to compile 13
[2020.01.25-00.00.47:656][605]LogShaderCompilers: Display: Worker (10/13): shaders left to compile 12
[2020.01.25-00.00.47:656][605]LogShaderCompilers: Display: Worker (11/13): shaders left to compile 11
[2020.01.25-00.00.47:656][605]LogShaderCompilers: Display: Worker (12/13): shaders left to compile 10
[2020.01.25-00.00.47:660][605]LogMaterial: Display: Missing cached shader map for material FMatExpressionPreview MaterialExpressionTextureSample_0, compiling. 
[2020.01.25-00.00.47:674][605]LogMaterial: Display: Missing cached shader map for material m_Leaf, compiling. 
[2020.01.25-00.00.47:690][605]LogMaterial: Display: Missing cached shader map for material FMatExpressionPreview MaterialExpressionTextureSample_1, compiling. 
[2020.01.25-00.00.47:709][605]LogMaterial: Display: Missing cached shader map for material FMatExpressionPreview MaterialExpressionTextureSample_0, compiling. 
[2020.01.25-00.00.47:719][605]LogMaterial: Display: Missing cached shader map for material FMatExpressionPreview MaterialExpressionTextureSample_1, compiling. 
[2020.01.25-00.00.47:738][605]LogMaterial: Display: Missing cached shader map for material m_Leaf, compiling. 
[2020.01.25-00.00.47:765][605]LogMaterial: Display: Missing cached shader map for material FMatExpressionPreview MaterialExpressionTextureSample_2, compiling. 
[2020.01.25-00.00.47:791][605]LogMaterial: Display: Missing cached shader map for material FMatExpressionPreview MaterialExpressionTextureSample_0, compiling. 
[2020.01.25-00.00.47:803][605]LogMaterial: Display: Missing cached shader map for material FMatExpressionPreview MaterialExpressionTextureSample_1, compiling. 
[2020.01.25-00.00.47:813][605]LogMaterial: Display: Missing cached shader map for material FMatExpressionPreview MaterialExpressionTextureSample_2, compiling. 
[2020.01.25-00.00.47:821][605]LogShaderCompilers: Display: Worker (8/13): shaders left to compile 29
[2020.01.25-00.00.47:890][606]LogShaderCompilers: Display: Worker (1/13): shaders left to compile 32
[2020.01.25-00.00.47:916][607]LogShaderCompilers: Display: Worker (2/13): shaders left to compile 31
[2020.01.25-00.00.47:916][607]LogShaderCompilers: Display: Worker (3/13): shaders left to compile 30
[2020.01.25-00.00.47:916][607]LogShaderCompilers: Display: Worker (4/13): shaders left to compile 29
[2020.01.25-00.00.47:937][608]LogShaderCompilers: Display: Worker (5/13): shaders left to compile 28
[2020.01.25-00.00.47:960][608]LogShaderCompilers: Display: Worker (6/13): shaders left to compile 27
[2020.01.25-00.00.47:960][608]LogShaderCompilers: Display: Worker (7/13): shaders left to compile 26
[2020.01.25-00.00.47:960][608]LogShaderCompilers: Display: Worker (9/13): shaders left to compile 25
[2020.01.25-00.00.48:042][612]LogShaderCompilers: Display: Worker (12/13): shaders left to compile 24
[2020.01.25-00.00.48:112][614]LogShaderCompilers: Display: Worker (8/13): shaders left to compile 23
[2020.01.25-00.00.48:112][614]LogShaderCompilers: Display: Worker (7/13): shaders left to compile 22
[2020.01.25-00.00.48:172][617]LogShaderCompilers: Display: Worker (1/13): shaders left to compile 21
[2020.01.25-00.00.48:188][618]LogShaderCompilers: Display: Worker (2/13): shaders left to compile 20
[2020.01.25-00.00.48:188][618]LogShaderCompilers: Display: Worker (3/13): shaders left to compile 19
[2020.01.25-00.00.48:219][620]LogShaderCompilers: Display: Worker (4/13): shaders left to compile 18
[2020.01.25-00.00.48:219][620]LogShaderCompilers: Display: Worker (9/13): shaders left to compile 17
[2020.01.25-00.00.48:233][621]LogShaderCompilers: Display: Worker (5/13): shaders left to compile 16
[2020.01.25-00.00.48:249][622]LogShaderCompilers: Display: Worker (6/13): shaders left to compile 15
[2020.01.25-00.00.48:249][622]LogShaderCompilers: Display: Worker (10/13): shaders left to compile 14
[2020.01.25-00.00.48:283][624]LogShaderCompilers: Display: Worker (11/13): shaders left to compile 13
[2020.01.25-00.00.48:446][629]LogShaderCompilers: Display: Worker (7/13): shaders left to compile 12
[2020.01.25-00.00.48:573][635]LogShaderCompilers: Display: Worker (3/13): shaders left to compile 11
[2020.01.25-00.00.48:613][637]LogShaderCompilers: Display: Worker (5/13): shaders left to compile 10
[2020.01.25-00.00.48:613][637]LogShaderCompilers: Display: Worker (12/13): shaders left to compile 9
[2020.01.25-00.00.48:658][639]LogShaderCompilers: Display: Worker (11/13): shaders left to compile 8
[2020.01.25-00.00.48:716][642]LogShaderCompilers: Display: Worker (8/13): shaders left to compile 7
[2020.01.25-00.00.48:752][644]LogShaderCompilers: Display: Worker (1/13): shaders left to compile 6
[2020.01.25-00.00.48:771][645]LogShaderCompilers: Display: Worker (6/13): shaders left to compile 5
[2020.01.25-00.00.48:793][646]LogShaderCompilers: Display: Worker (4/13): shaders left to compile 4
[2020.01.25-00.00.48:812][647]LogShaderCompilers: Display: Worker (2/13): shaders left to compile 3
[2020.01.25-00.00.48:812][647]LogShaderCompilers: Display: Worker (10/13): shaders left to compile 2
[2020.01.25-00.00.48:832][648]LogShaderCompilers: Display: Worker (9/13): shaders left to compile 1
[2020.01.25-00.00.48:866][649]MaterialEditorStats: Base pass shader: 117 instructions
[2020.01.25-00.00.48:866][649]MaterialEditorStats: Base pass shader with Volumetric Lightmap: 191 instructions
[2020.01.25-00.00.48:866][649]MaterialEditorStats: Base pass vertex shader: 40 instructions
[2020.01.25-00.00.48:866][649]MaterialEditorStats: Texture samplers: 3/16
[2020.01.25-00.00.51:594][906]LogMaterial: Display: Missing cached shader map for material m_Leaf, compiling. 
[2020.01.25-00.00.51:611][906]LogShaderCompilers: Display: Worker (1/13): shaders left to compile 21
[2020.01.25-00.00.51:611][906]LogShaderCompilers: Display: Worker (2/13): shaders left to compile 20
[2020.01.25-00.00.51:611][906]LogShaderCompilers: Display: Worker (3/13): shaders left to compile 19
[2020.01.25-00.00.51:611][906]LogShaderCompilers: Display: Worker (4/13): shaders left to compile 18
[2020.01.25-00.00.51:611][906]LogShaderCompilers: Display: Worker (5/13): shaders left to compile 17
[2020.01.25-00.00.51:611][906]LogShaderCompilers: Display: Worker (6/13): shaders left to compile 16
[2020.01.25-00.00.51:611][906]LogShaderCompilers: Display: Worker (7/13): shaders left to compile 15
[2020.01.25-00.00.51:611][906]LogShaderCompilers: Display: Worker (8/13): shaders left to compile 14
[2020.01.25-00.00.51:611][906]LogShaderCompilers: Display: Worker (9/13): shaders left to compile 13
[2020.01.25-00.00.51:611][906]LogShaderCompilers: Display: Worker (10/13): shaders left to compile 12
[2020.01.25-00.00.51:612][906]LogShaderCompilers: Display: Worker (11/13): shaders left to compile 11
[2020.01.25-00.00.51:612][906]LogShaderCompilers: Display: Worker (12/13): shaders left to compile 10
[2020.01.25-00.00.51:615][906]LogMaterial: Display: Missing cached shader map for material FMatExpressionPreview MaterialExpressionTextureSample_1, compiling. 
[2020.01.25-00.00.51:819][916]LogShaderCompilers: Display: Worker (8/13): shaders left to compile 13
[2020.01.25-00.00.51:878][919]LogShaderCompilers: Display: Worker (1/13): shaders left to compile 12
[2020.01.25-00.00.51:920][921]LogShaderCompilers: Display: Worker (2/13): shaders left to compile 11
[2020.01.25-00.00.51:920][921]LogShaderCompilers: Display: Worker (3/13): shaders left to compile 10
[2020.01.25-00.00.51:939][922]LogShaderCompilers: Display: Worker (5/13): shaders left to compile 9
[2020.01.25-00.00.51:939][922]LogShaderCompilers: Display: Worker (4/13): shaders left to compile 8
[2020.01.25-00.00.51:957][923]LogShaderCompilers: Display: Worker (6/13): shaders left to compile 7
[2020.01.25-00.00.51:957][923]LogShaderCompilers: Display: Worker (9/13): shaders left to compile 6
[2020.01.25-00.00.51:974][924]LogShaderCompilers: Display: Worker (7/13): shaders left to compile 5
[2020.01.25-00.00.52:060][925]LogShaderCompilers: Display: Worker (12/13): shaders left to compile 4
[2020.01.25-00.00.52:274][933]LogShaderCompilers: Display: Worker (10/13): shaders left to compile 3
[2020.01.25-00.00.52:300][934]LogShaderCompilers: Display: Worker (2/13): shaders left to compile 2
[2020.01.25-00.00.52:300][934]LogShaderCompilers: Display: Worker (11/13): shaders left to compile 1
[2020.01.25-00.00.53:044][993]LogMaterial: Display: Missing cached shader map for material m_Leaf, compiling. 
[2020.01.25-00.00.53:062][993]LogShaderCompilers: Display: Worker (1/13): shaders left to compile 21
[2020.01.25-00.00.53:062][993]LogShaderCompilers: Display: Worker (2/13): shaders left to compile 20
[2020.01.25-00.00.53:062][993]LogShaderCompilers: Display: Worker (3/13): shaders left to compile 19
[2020.01.25-00.00.53:062][993]LogShaderCompilers: Display: Worker (4/13): shaders left to compile 18
[2020.01.25-00.00.53:062][993]LogShaderCompilers: Display: Worker (5/13): shaders left to compile 17
[2020.01.25-00.00.53:062][993]LogShaderCompilers: Display: Worker (6/13): shaders left to compile 16
[2020.01.25-00.00.53:062][993]LogShaderCompilers: Display: Worker (7/13): shaders left to compile 15
[2020.01.25-00.00.53:062][993]LogShaderCompilers: Display: Worker (8/13): shaders left to compile 14
[2020.01.25-00.00.53:062][993]LogShaderCompilers: Display: Worker (9/13): shaders left to compile 13
[2020.01.25-00.00.53:062][993]LogShaderCompilers: Display: Worker (10/13): shaders left to compile 12
[2020.01.25-00.00.53:062][993]LogShaderCompilers: Display: Worker (11/13): shaders left to compile 11
[2020.01.25-00.00.53:062][993]LogShaderCompilers: Display: Worker (12/13): shaders left to compile 10
[2020.01.25-00.00.53:062][993]LogMaterial: Display: Missing cached shader map for material FMatExpressionPreview MaterialExpressionTextureSample_0, compiling. 
[2020.01.25-00.00.53:271][  3]LogShaderCompilers: Display: Worker (8/13): shaders left to compile 13
[2020.01.25-00.00.53:349][  6]LogShaderCompilers: Display: Worker (1/13): shaders left to compile 12
[2020.01.25-00.00.53:349][  6]LogShaderCompilers: Display: Worker (2/13): shaders left to compile 11
[2020.01.25-00.00.53:371][  7]LogShaderCompilers: Display: Worker (3/13): shaders left to compile 10
[2020.01.25-00.00.53:389][  8]LogShaderCompilers: Display: Worker (4/13): shaders left to compile 9
[2020.01.25-00.00.53:389][  8]LogShaderCompilers: Display: Worker (5/13): shaders left to compile 8
[2020.01.25-00.00.53:413][  9]LogShaderCompilers: Display: Worker (6/13): shaders left to compile 7
[2020.01.25-00.00.53:413][  9]LogShaderCompilers: Display: Worker (7/13): shaders left to compile 6
[2020.01.25-00.00.53:413][  9]LogShaderCompilers: Display: Worker (9/13): shaders left to compile 5
[2020.01.25-00.00.53:510][ 13]LogShaderCompilers: Display: Worker (12/13): shaders left to compile 4
[2020.01.25-00.00.53:711][ 20]LogShaderCompilers: Display: Worker (10/13): shaders left to compile 3
[2020.01.25-00.00.53:737][ 22]LogShaderCompilers: Display: Worker (11/13): shaders left to compile 2
[2020.01.25-00.00.53:737][ 22]LogShaderCompilers: Display: Worker (2/13): shaders left to compile 1
[2020.01.25-00.00.55:794][190]LogMaterial: Display: Missing cached shader map for material m_Leaf, compiling. 
[2020.01.25-00.00.55:814][190]LogShaderCompilers: Display: Worker (1/13): shaders left to compile 21
[2020.01.25-00.00.55:815][190]LogShaderCompilers: Display: Worker (2/13): shaders left to compile 20
[2020.01.25-00.00.55:815][190]LogShaderCompilers: Display: Worker (3/13): shaders left to compile 19
[2020.01.25-00.00.55:815][190]LogShaderCompilers: Display: Worker (4/13): shaders left to compile 18
[2020.01.25-00.00.55:815][190]LogShaderCompilers: Display: Worker (5/13): shaders left to compile 17
[2020.01.25-00.00.55:815][190]LogShaderCompilers: Display: Worker (6/13): shaders left to compile 16
[2020.01.25-00.00.55:815][190]LogShaderCompilers: Display: Worker (7/13): shaders left to compile 15
[2020.01.25-00.00.55:815][190]LogShaderCompilers: Display: Worker (8/13): shaders left to compile 14
[2020.01.25-00.00.55:815][190]LogShaderCompilers: Display: Worker (9/13): shaders left to compile 13
[2020.01.25-00.00.55:815][190]LogShaderCompilers: Display: Worker (10/13): shaders left to compile 12
[2020.01.25-00.00.55:815][190]LogShaderCompilers: Display: Worker (11/13): shaders left to compile 11
[2020.01.25-00.00.55:815][190]LogShaderCompilers: Display: Worker (12/13): shaders left to compile 10
[2020.01.25-00.00.55:815][190]LogMaterial: Display: Missing cached shader map for material FMatExpressionPreview MaterialExpressionTextureSample_2, compiling. 
[2020.01.25-00.00.56:036][201]LogShaderCompilers: Display: Worker (8/13): shaders left to compile 13
[2020.01.25-00.00.56:078][203]LogShaderCompilers: Display: Worker (2/13): shaders left to compile 12
[2020.01.25-00.00.56:097][204]LogShaderCompilers: Display: Worker (1/13): shaders left to compile 11
[2020.01.25-00.00.56:117][205]LogShaderCompilers: Display: Worker (3/13): shaders left to compile 10
[2020.01.25-00.00.56:135][206]LogShaderCompilers: Display: Worker (4/13): shaders left to compile 9
[2020.01.25-00.00.56:153][207]LogShaderCompilers: Display: Worker (5/13): shaders left to compile 8
[2020.01.25-00.00.56:153][207]LogShaderCompilers: Display: Worker (9/13): shaders left to compile 7
[2020.01.25-00.00.56:173][208]LogShaderCompilers: Display: Worker (6/13): shaders left to compile 6
[2020.01.25-00.00.56:173][208]LogShaderCompilers: Display: Worker (7/13): shaders left to compile 5
[2020.01.25-00.00.56:244][212]LogShaderCompilers: Display: Worker (12/13): shaders left to compile 4
[2020.01.25-00.00.56:477][220]LogShaderCompilers: Display: Worker (10/13): shaders left to compile 3
[2020.01.25-00.00.56:477][220]LogShaderCompilers: Display: Worker (1/13): shaders left to compile 2
[2020.01.25-00.00.56:477][220]LogShaderCompilers: Display: Worker (11/13): shaders left to compile 1
[2020.01.25-00.00.56:713][233]MaterialEditorStats: Base pass shader: 126 instructions
[2020.01.25-00.00.56:713][233]MaterialEditorStats: Base pass shader with Volumetric Lightmap: 204 instructions
[2020.01.25-00.00.56:713][233]MaterialEditorStats: Base pass vertex shader: 44 instructions
[2020.01.25-00.00.56:713][233]MaterialEditorStats: Texture samplers: 6/16
[2020.01.25-00.00.56:713][233]MaterialEditorStats: Texture Lookups (Est.): VS(0), PS(3)
[2020.01.25-00.00.56:713][233]MaterialEditorStats: User interpolators: 2/4 Scalars (1/4 Vectors) (TexCoords: 2, Custom: 0)
[2020.01.25-00.00.57:770][341]LogMaterial: Display: Missing cached shader map for material m_Leaf, compiling. 
[2020.01.25-00.00.57:795][342]LogShaderCompilers: Display: Worker (1/13): shaders left to compile 21
[2020.01.25-00.00.57:795][342]LogShaderCompilers: Display: Worker (2/13): shaders left to compile 20
[2020.01.25-00.00.57:795][342]LogShaderCompilers: Display: Worker (3/13): shaders left to compile 19
[2020.01.25-00.00.57:795][342]LogShaderCompilers: Display: Worker (4/13): shaders left to compile 18
[2020.01.25-00.00.57:795][342]LogShaderCompilers: Display: Worker (5/13): shaders left to compile 17
[2020.01.25-00.00.57:795][342]LogShaderCompilers: Display: Worker (6/13): shaders left to compile 16
[2020.01.25-00.00.57:795][342]LogShaderCompilers: Display: Worker (7/13): shaders left to compile 15
[2020.01.25-00.00.57:795][342]LogShaderCompilers: Display: Worker (8/13): shaders left to compile 14
[2020.01.25-00.00.57:795][342]LogShaderCompilers: Display: Worker (9/13): shaders left to compile 13
[2020.01.25-00.00.57:795][342]LogShaderCompilers: Display: Worker (10/13): shaders left to compile 12
[2020.01.25-00.00.57:795][342]LogShaderCompilers: Display: Worker (11/13): shaders left to compile 11
[2020.01.25-00.00.57:795][342]LogShaderCompilers: Display: Worker (12/13): shaders left to compile 10
[2020.01.25-00.00.57:991][355]LogShaderCompilers: Display: Worker (8/13): shaders left to compile 9
[2020.01.25-00.00.58:047][358]LogShaderCompilers: Display: Worker (2/13): shaders left to compile 8
[2020.01.25-00.00.58:071][359]LogShaderCompilers: Display: Worker (1/13): shaders left to compile 7
[2020.01.25-00.00.58:091][360]LogShaderCompilers: Display: Worker (3/13): shaders left to compile 6
[2020.01.25-00.00.58:112][361]LogShaderCompilers: Display: Worker (4/13): shaders left to compile 5
[2020.01.25-00.00.58:112][361]LogShaderCompilers: Display: Worker (5/13): shaders left to compile 4
[2020.01.25-00.00.58:129][362]LogShaderCompilers: Display: Worker (7/13): shaders left to compile 3
[2020.01.25-00.00.58:129][362]LogShaderCompilers: Display: Worker (9/13): shaders left to compile 2
[2020.01.25-00.00.58:147][363]LogShaderCompilers: Display: Worker (6/13): shaders left to compile 1
[2020.01.25-00.00.58:639][392]MaterialEditorStats: Base pass shader: 126 instructions
[2020.01.25-00.00.58:639][392]MaterialEditorStats: Base pass shader with Volumetric Lightmap: 204 instructions
[2020.01.25-00.00.58:639][392]MaterialEditorStats: Base pass vertex shader: 44 instructions
[2020.01.25-00.00.58:639][392]MaterialEditorStats: Texture samplers: 6/16
[2020.01.25-00.00.58:639][392]MaterialEditorStats: Texture Lookups (Est.): VS(0), PS(3)
[2020.01.25-00.00.58:639][392]MaterialEditorStats: User interpolators: 2/4 Scalars (1/4 Vectors) (TexCoords: 2, Custom: 0)
[2020.01.25-00.00.59:524][478]LogMaterial: Display: Missing cached shader map for material m_Leaf, compiling. 
[2020.01.25-00.00.59:549][479]LogShaderCompilers: Display: Worker (1/13): shaders left to compile 21
[2020.01.25-00.00.59:549][479]LogShaderCompilers: Display: Worker (2/13): shaders left to compile 20
[2020.01.25-00.00.59:549][479]LogShaderCompilers: Display: Worker (3/13): shaders left to compile 19
[2020.01.25-00.00.59:549][479]LogShaderCompilers: Display: Worker (4/13): shaders left to compile 18
[2020.01.25-00.00.59:549][479]LogShaderCompilers: Display: Worker (5/13): shaders left to compile 17
[2020.01.25-00.00.59:549][479]LogShaderCompilers: Display: Worker (6/13): shaders left to compile 16
[2020.01.25-00.00.59:549][479]LogShaderCompilers: Display: Worker (7/13): shaders left to compile 15
[2020.01.25-00.00.59:549][479]LogShaderCompilers: Display: Worker (8/13): shaders left to compile 14
[2020.01.25-00.00.59:549][479]LogShaderCompilers: Display: Worker (9/13): shaders left to compile 13
[2020.01.25-00.00.59:549][479]LogShaderCompilers: Display: Worker (10/13): shaders left to compile 12
[2020.01.25-00.00.59:549][479]LogShaderCompilers: Display: Worker (11/13): shaders left to compile 11
[2020.01.25-00.00.59:549][479]LogShaderCompilers: Display: Worker (12/13): shaders left to compile 10
[2020.01.25-00.00.59:743][490]LogShaderCompilers: Display: Worker (8/13): shaders left to compile 9
[2020.01.25-00.00.59:839][493]LogShaderCompilers: Display: Worker (2/13): shaders left to compile 8
[2020.01.25-00.00.59:839][493]LogShaderCompilers: Display: Worker (1/13): shaders left to compile 7
[2020.01.25-00.00.59:839][493]LogShaderCompilers: Display: Worker (3/13): shaders left to compile 6
[2020.01.25-00.00.59:864][495]LogShaderCompilers: Display: Worker (4/13): shaders left to compile 5
[2020.01.25-00.00.59:864][495]LogShaderCompilers: Display: Worker (5/13): shaders left to compile 4
[2020.01.25-00.00.59:879][496]LogShaderCompilers: Display: Worker (6/13): shaders left to compile 3
[2020.01.25-00.00.59:880][496]LogShaderCompilers: Display: Worker (9/13): shaders left to compile 2
[2020.01.25-00.00.59:913][498]LogShaderCompilers: Display: Worker (7/13): shaders left to compile 1
[2020.01.25-00.01.00:528][530]MaterialEditorStats: Base pass shader: 126 instructions
[2020.01.25-00.01.00:528][530]MaterialEditorStats: Base pass shader with Volumetric Lightmap: 204 instructions
[2020.01.25-00.01.00:528][530]MaterialEditorStats: Base pass vertex shader: 44 instructions
[2020.01.25-00.01.00:528][530]MaterialEditorStats: Texture samplers: 6/16
[2020.01.25-00.01.00:528][530]MaterialEditorStats: Texture Lookups (Est.): VS(0), PS(3)
[2020.01.25-00.01.00:528][530]MaterialEditorStats: User interpolators: 2/4 Scalars (1/4 Vectors) (TexCoords: 2, Custom: 0)
[2020.01.25-00.01.02:894][767]LogMaterial: Display: Missing cached shader map for material m_Leaf, compiling. 
[2020.01.25-00.01.02:911][767]LogMaterial: Display: Missing cached shader map for material m_Leaf, compiling. 
[2020.01.25-00.01.02:935][768]LogShaderCompilers: Display: Worker (1/13): shaders left to compile 21
[2020.01.25-00.01.02:935][768]LogShaderCompilers: Display: Worker (2/13): shaders left to compile 20
[2020.01.25-00.01.02:935][768]LogShaderCompilers: Display: Worker (3/13): shaders left to compile 19
[2020.01.25-00.01.02:935][768]LogShaderCompilers: Display: Worker (4/13): shaders left to compile 18
[2020.01.25-00.01.02:935][768]LogShaderCompilers: Display: Worker (5/13): shaders left to compile 17
[2020.01.25-00.01.02:935][768]LogShaderCompilers: Display: Worker (6/13): shaders left to compile 16
[2020.01.25-00.01.02:935][768]LogShaderCompilers: Display: Worker (7/13): shaders left to compile 15
[2020.01.25-00.01.02:935][768]LogShaderCompilers: Display: Worker (8/13): shaders left to compile 14
[2020.01.25-00.01.02:935][768]LogShaderCompilers: Display: Worker (9/13): shaders left to compile 13
[2020.01.25-00.01.02:935][768]LogShaderCompilers: Display: Worker (10/13): shaders left to compile 12
[2020.01.25-00.01.02:935][768]LogShaderCompilers: Display: Worker (11/13): shaders left to compile 11
[2020.01.25-00.01.02:935][768]LogShaderCompilers: Display: Worker (12/13): shaders left to compile 10
[2020.01.25-00.01.03:145][782]LogShaderCompilers: Display: Worker (8/13): shaders left to compile 9
[2020.01.25-00.01.03:216][786]LogShaderCompilers: Display: Worker (1/13): shaders left to compile 8
[2020.01.25-00.01.03:216][786]LogShaderCompilers: Display: Worker (2/13): shaders left to compile 7
[2020.01.25-00.01.03:232][787]LogShaderCompilers: Display: Worker (3/13): shaders left to compile 6
[2020.01.25-00.01.03:249][788]LogShaderCompilers: Display: Worker (4/13): shaders left to compile 5
[2020.01.25-00.01.03:263][789]LogShaderCompilers: Display: Worker (5/13): shaders left to compile 4
[2020.01.25-00.01.03:280][790]LogShaderCompilers: Display: Worker (9/13): shaders left to compile 3
[2020.01.25-00.01.03:280][790]LogShaderCompilers: Display: Worker (6/13): shaders left to compile 2
[2020.01.25-00.01.03:280][790]LogShaderCompilers: Display: Worker (7/13): shaders left to compile 1
[2020.01.25-00.01.03:816][822]MaterialEditorStats: Base pass shader: 126 instructions
[2020.01.25-00.01.03:816][822]MaterialEditorStats: Base pass shader with Volumetric Lightmap: 204 instructions
[2020.01.25-00.01.03:816][822]MaterialEditorStats: Base pass vertex shader: 44 instructions
[2020.01.25-00.01.03:816][822]MaterialEditorStats: Texture samplers: 6/16
[2020.01.25-00.01.03:816][822]MaterialEditorStats: Texture Lookups (Est.): VS(0), PS(3)
[2020.01.25-00.01.03:816][822]MaterialEditorStats: User interpolators: 2/4 Scalars (1/4 Vectors) (TexCoords: 2, Custom: 0)
[2020.01.25-00.01.07:381][186]LogMaterial: Display: Missing cached shader map for material m_Leaf, compiling. 
[2020.01.25-00.01.07:403][187]LogShaderCompilers: Display: Worker (1/13): shaders left to compile 21
[2020.01.25-00.01.07:403][187]LogShaderCompilers: Display: Worker (2/13): shaders left to compile 20
[2020.01.25-00.01.07:403][187]LogShaderCompilers: Display: Worker (3/13): shaders left to compile 19
[2020.01.25-00.01.07:403][187]LogShaderCompilers: Display: Worker (4/13): shaders left to compile 18
[2020.01.25-00.01.07:404][187]LogShaderCompilers: Display: Worker (5/13): shaders left to compile 17
[2020.01.25-00.01.07:404][187]LogShaderCompilers: Display: Worker (6/13): shaders left to compile 16
[2020.01.25-00.01.07:404][187]LogShaderCompilers: Display: Worker (7/13): shaders left to compile 15
[2020.01.25-00.01.07:404][187]LogShaderCompilers: Display: Worker (8/13): shaders left to compile 14
[2020.01.25-00.01.07:404][187]LogShaderCompilers: Display: Worker (9/13): shaders left to compile 13
[2020.01.25-00.01.07:404][187]LogShaderCompilers: Display: Worker (10/13): shaders left to compile 12
[2020.01.25-00.01.07:404][187]LogShaderCompilers: Display: Worker (11/13): shaders left to compile 11
[2020.01.25-00.01.07:404][187]LogShaderCompilers: Display: Worker (12/13): shaders left to compile 10
[2020.01.25-00.01.07:613][201]LogShaderCompilers: Display: Worker (8/13): shaders left to compile 9
[2020.01.25-00.01.07:671][204]LogShaderCompilers: Display: Worker (1/13): shaders left to compile 8
[2020.01.25-00.01.07:689][205]LogShaderCompilers: Display: Worker (2/13): shaders left to compile 7
[2020.01.25-00.01.07:705][206]LogShaderCompilers: Display: Worker (3/13): shaders left to compile 6
[2020.01.25-00.01.07:724][207]LogShaderCompilers: Display: Worker (4/13): shaders left to compile 5
[2020.01.25-00.01.07:742][208]LogShaderCompilers: Display: Worker (6/13): shaders left to compile 4
[2020.01.25-00.01.07:757][209]LogShaderCompilers: Display: Worker (5/13): shaders left to compile 3
[2020.01.25-00.01.07:757][209]LogShaderCompilers: Display: Worker (7/13): shaders left to compile 2
[2020.01.25-00.01.07:757][209]LogShaderCompilers: Display: Worker (9/13): shaders left to compile 1
[2020.01.25-00.01.08:286][240]MaterialEditorStats: Base pass shader: 126 instructions
[2020.01.25-00.01.08:286][240]MaterialEditorStats: Base pass shader with Volumetric Lightmap: 204 instructions
[2020.01.25-00.01.08:286][240]MaterialEditorStats: Base pass vertex shader: 44 instructions
[2020.01.25-00.01.08:286][240]MaterialEditorStats: Texture samplers: 6/16
[2020.01.25-00.01.08:286][240]MaterialEditorStats: Texture Lookups (Est.): VS(0), PS(3)
[2020.01.25-00.01.08:286][240]MaterialEditorStats: User interpolators: 2/4 Scalars (1/4 Vectors) (TexCoords: 2, Custom: 0)
[2020.01.25-00.01.09:572][357]LogSlate: FSceneViewport::OnFocusLost() reason 0
[2020.01.25-00.01.09:644][364]LogMaterialEditor: Saving and Compiling material m_Leaf
[2020.01.25-00.01.10:028][364]LogMaterial: Display: Missing cached shader map for material m_Leaf, compiling. 
[2020.01.25-00.01.10:078][364]LogShaderCompilers: Display: Worker (1/13): shaders left to compile 21
[2020.01.25-00.01.10:078][364]LogShaderCompilers: Display: Worker (2/13): shaders left to compile 20
[2020.01.25-00.01.10:078][364]LogShaderCompilers: Display: Worker (3/13): shaders left to compile 19
[2020.01.25-00.01.10:078][364]LogShaderCompilers: Display: Worker (4/13): shaders left to compile 18
[2020.01.25-00.01.10:078][364]LogShaderCompilers: Display: Worker (5/13): shaders left to compile 17
[2020.01.25-00.01.10:078][364]LogShaderCompilers: Display: Worker (6/13): shaders left to compile 16
[2020.01.25-00.01.10:078][364]LogShaderCompilers: Display: Worker (7/13): shaders left to compile 15
[2020.01.25-00.01.10:078][364]LogShaderCompilers: Display: Worker (8/13): shaders left to compile 14
[2020.01.25-00.01.10:078][364]LogShaderCompilers: Display: Worker (9/13): shaders left to compile 13
[2020.01.25-00.01.10:078][364]LogShaderCompilers: Display: Worker (10/13): shaders left to compile 12
[2020.01.25-00.01.10:078][364]LogShaderCompilers: Display: Worker (11/13): shaders left to compile 11
[2020.01.25-00.01.10:078][364]LogShaderCompilers: Display: Worker (12/13): shaders left to compile 10
[2020.01.25-00.01.10:087][364]LogMaterial: Display: Missing cached shader map for material m_Leaf, compiling. 
[2020.01.25-00.01.10:112][364]LogMaterial: Display: Missing cached shader map for material m_Leaf, compiling. 
[2020.01.25-00.01.10:163][364]LogUObjectHash: Compacting FUObjectHashTables data took   2.02ms
[2020.01.25-00.01.10:174][364]LogMaterial: Display: Missing cached shader map for material DebugViewMode MaterialTexCoordScale, compiling. 
[2020.01.25-00.01.10:926][364]LogShaderCompilers: Display: Worker (8/13): shaders left to compile 33
[2020.01.25-00.01.10:926][364]LogShaderCompilers: Display: Worker (1/13): shaders left to compile 32
[2020.01.25-00.01.10:926][364]LogShaderCompilers: Display: Worker (3/13): shaders left to compile 31
[2020.01.25-00.01.10:926][364]LogShaderCompilers: Display: Worker (2/13): shaders left to compile 30
[2020.01.25-00.01.10:926][364]LogShaderCompilers: Display: Worker (4/13): shaders left to compile 29
[2020.01.25-00.01.10:926][364]LogShaderCompilers: Display: Worker (5/13): shaders left to compile 28
[2020.01.25-00.01.10:926][364]LogShaderCompilers: Display: Worker (9/13): shaders left to compile 27
[2020.01.25-00.01.10:926][364]LogShaderCompilers: Display: Worker (6/13): shaders left to compile 26
[2020.01.25-00.01.10:926][364]LogShaderCompilers: Display: Worker (7/13): shaders left to compile 25
[2020.01.25-00.01.10:926][364]LogShaderCompilers: Display: Worker (12/13): shaders left to compile 24
[2020.01.25-00.01.10:926][364]LogShaderCompilers: Display: Worker (10/13): shaders left to compile 23
[2020.01.25-00.01.10:926][364]LogShaderCompilers: Display: Worker (11/13): shaders left to compile 22
[2020.01.25-00.01.10:926][364]LogShaderCompilers: Display: Worker (3/13): shaders left to compile 20
[2020.01.25-00.01.10:926][364]LogShaderCompilers: Display: Worker (5/13): shaders left to compile 18
[2020.01.25-00.01.10:926][364]LogShaderCompilers: Display: Worker (12/13): shaders left to compile 16
[2020.01.25-00.01.10:926][364]LogShaderCompilers: Display: Worker (7/13): shaders left to compile 14
[2020.01.25-00.01.10:926][364]LogShaderCompilers: Display: Worker (8/13): shaders left to compile 12
[2020.01.25-00.01.10:926][364]LogShaderCompilers: Display: Worker (9/13): shaders left to compile 10
[2020.01.25-00.01.10:926][364]LogShaderCompilers: Display: Worker (1/13): shaders left to compile 9
[2020.01.25-00.01.10:926][364]LogShaderCompilers: Display: Worker (10/13): shaders left to compile 8
[2020.01.25-00.01.10:928][364]TextureStreamingBuild: Display: Compiling optional shaders took 0.766 seconds.
[2020.01.25-00.01.10:968][364]LogShaderCompilers: Display: Worker (6/13): shaders left to compile 7
[2020.01.25-00.01.10:968][364]LogShaderCompilers: Display: Worker (2/13): shaders left to compile 6
[2020.01.25-00.01.10:968][364]LogUObjectHash: Compacting FUObjectHashTables data took   1.24ms
[2020.01.25-00.01.10:983][364]LogShaderCompilers: Display: Worker (4/13): shaders left to compile 5
[2020.01.25-00.01.11:661][364]LogShaderCompilers: Display: Worker (12/13): shaders left to compile 4
[2020.01.25-00.01.11:661][364]LogShaderCompilers: Display: Worker (11/13): shaders left to compile 3
[2020.01.25-00.01.11:661][364]LogShaderCompilers: Display: Worker (3/13): shaders left to compile 2
[2020.01.25-00.01.11:661][364]LogShaderCompilers: Display: Worker (10/13): shaders left to compile 1
[2020.01.25-00.01.11:810][364]Cmd: OBJ SAVEPACKAGE PACKAGE="/Game/Materials/m_Leaf" FILE="../../../../Art/Park_SFAS/Park/Content/Materials/m_Leaf.uasset" SILENT=true
[2020.01.25-00.01.11:834][364]LogSavePackage: Moving '../../../../Art/Park_SFAS/Park/Saved/m_LeafB3DE5D9E41756EBADF8E8E85031B63F5.tmp' to '../../../../Art/Park_SFAS/Park/Content/Materials/m_Leaf.uasset'
[2020.01.25-00.01.20:028][694]Cmd: OBJ SAVEPACKAGE PACKAGE="/Game/Textures/T_Plane_low_Plane_low_defaultMat_opacity" FILE="../../../../Art/Park_SFAS/Park/Content/Textures/T_Plane_low_Plane_low_defaultMat_opacity.uasset" SILENT=true
[2020.01.25-00.01.20:043][694]LogSavePackage: Moving '../../../../Art/Park_SFAS/Park/Saved/T_Plane_low_Plane_low_defaultMatF601F63742AEE64E9AEA43991F782460.tmp' to '../../../../Art/Park_SFAS/Park/Content/Textures/T_Plane_low_Plane_low_defaultMat_opacity.uasset'
[2020.01.25-00.01.20:167][694]LogUObjectHash: Compacting FUObjectHashTables data took   1.40ms
[2020.01.25-00.01.20:209][694]LogUObjectHash: Compacting FUObjectHashTables data took   2.15ms
[2020.01.25-00.01.20:245][694]LogUObjectHash: Compacting FUObjectHashTables data took   0.82ms
[2020.01.25-00.01.20:262][694]Cmd: OBJ SAVEPACKAGE PACKAGE="/Game/Materials/m_Foliage" FILE="../../../../Art/Park_SFAS/Park/Content/Materials/m_Foliage.uasset" SILENT=true
[2020.01.25-00.01.20:272][694]LogSavePackage: Moving '../../../../Art/Park_SFAS/Park/Saved/m_Foliage7908F62C4B716C19BC4403A3039DE13B.tmp' to '../../../../Art/Park_SFAS/Park/Content/Materials/m_Foliage.uasset'
[2020.01.25-00.03.11:020][962]LogUObjectHash: Compacting FUObjectHashTables data took   0.79ms
[2020.01.25-00.03.11:021][962]Cmd: OBJ SAVEPACKAGE PACKAGE="/Game/Diorama" FILE="../../../../Art/Park_SFAS/Park/Saved/Autosaves/Game/Diorama_Auto1.umap" SILENT=true AUTOSAVING=true KEEPDIRTY=false
[2020.01.25-00.03.11:297][962]LogSavePackage: Moving '../../../../Art/Park_SFAS/Park/Saved/Diorama_Auto16BE805A645FECBDBD2316FBF8DCF8507.tmp' to '../../../../Art/Park_SFAS/Park/Saved/Autosaves/Game/Diorama_Auto1.umap'
[2020.01.25-00.03.11:300][962]LogFileHelpers: Editor autosave (incl. sublevels) for '/Game/Diorama' took 0.315
[2020.01.25-00.03.11:300][962]LogFileHelpers: Editor autosave (incl. sublevels) for all levels took 0.315
[2020.01.25-00.03.19:676][988]LogSlate: FSceneViewport::OnFocusLost() reason 0
[2020.01.25-00.03.33:101][ 79]LogFactory: FactoryCreateFile: Texture with ReimportTextureFactory (0 0 ../../../../Art/Uni/Specialist Practice/Leaf/Bush_tex/Detail/Leaf_Detail_AO.png)
[2020.01.25-00.03.33:134][ 79]LogTexture: Display: Building textures: Leaf_Detail_AO (AutoDXT, 1024X1024)
[2020.01.25-00.03.33:185][ 79]LogFactory: FactoryCreateFile: Texture with ReimportTextureFactory (0 0 ../../../../Art/Uni/Specialist Practice/Leaf/Bush_tex/Detail/Leaf_Detail_basecolor_1.png)
[2020.01.25-00.03.33:211][ 79]LogTexture: Display: Building textures: Leaf_Detail_basecolor_1 (AutoDXT, 1024X1024)
[2020.01.25-00.03.33:265][ 79]LogFactory: FactoryCreateFile: Texture with ReimportTextureFactory (0 0 ../../../../Art/Uni/Specialist Practice/Leaf/Bush_tex/Detail/Leaf_Detail_normal.png)
[2020.01.25-00.03.33:312][ 79]LogTexture: Display: Building textures: Leaf_Detail_normal (BC5, 1024X1024)
[2020.01.25-00.03.36:833][389]Cmd: OBJ SAVEPACKAGE PACKAGE="/Game/Textures/T_Leaf_Detail_AO" FILE="../../../../Art/Park_SFAS/Park/Content/Textures/T_Leaf_Detail_AO.uasset" SILENT=true
[2020.01.25-00.03.36:960][389]LogSavePackage: Moving '../../../../Art/Park_SFAS/Park/Saved/T_Leaf_Detail_AO82FB1F884CB2C9051424249B62F62CDA.tmp' to '../../../../Art/Park_SFAS/Park/Content/Textures/T_Leaf_Detail_AO.uasset'
[2020.01.25-00.03.37:082][389]LogUObjectHash: Compacting FUObjectHashTables data took   1.78ms
[2020.01.25-00.03.37:123][389]LogUObjectHash: Compacting FUObjectHashTables data took   1.54ms
[2020.01.25-00.03.37:159][389]LogUObjectHash: Compacting FUObjectHashTables data took   0.75ms
[2020.01.25-00.03.40:116][681]Cmd: OBJ SAVEPACKAGE PACKAGE="/Game/Textures/T_Leaf_Detail_basecolor_1" FILE="../../../../Art/Park_SFAS/Park/Content/Textures/T_Leaf_Detail_basecolor_1.uasset" SILENT=true
[2020.01.25-00.03.40:225][681]LogSavePackage: Moving '../../../../Art/Park_SFAS/Park/Saved/T_Leaf_Detail_basecolor_165EDF53A4DB48E1BD4EAD08B1DD2852A.tmp' to '../../../../Art/Park_SFAS/Park/Content/Textures/T_Leaf_Detail_basecolor_1.uasset'
[2020.01.25-00.03.40:346][681]LogUObjectHash: Compacting FUObjectHashTables data took   0.76ms
[2020.01.25-00.03.40:387][681]LogUObjectHash: Compacting FUObjectHashTables data took   0.96ms
[2020.01.25-00.03.40:423][681]LogUObjectHash: Compacting FUObjectHashTables data took   0.71ms
[2020.01.25-00.03.43:325][976]Cmd: OBJ SAVEPACKAGE PACKAGE="/Game/Textures/T_Leaf_Detail_normal" FILE="../../../../Art/Park_SFAS/Park/Content/Textures/T_Leaf_Detail_normal.uasset" SILENT=true
[2020.01.25-00.03.43:435][976]LogSavePackage: Moving '../../../../Art/Park_SFAS/Park/Saved/T_Leaf_Detail_normal1A0A58F84E4C93DD93562EA0A63DF2F9.tmp' to '../../../../Art/Park_SFAS/Park/Content/Textures/T_Leaf_Detail_normal.uasset'
[2020.01.25-00.03.43:556][976]LogUObjectHash: Compacting FUObjectHashTables data took   0.73ms
[2020.01.25-00.03.43:596][976]LogUObjectHash: Compacting FUObjectHashTables data took   0.98ms
[2020.01.25-00.03.43:632][976]LogUObjectHash: Compacting FUObjectHashTables data took   0.73ms
[2020.01.25-00.04.13:783][342]LogAssetEditorManager: Opening Asset editor for Material /Game/Materials/m_Leafalphas.m_Leafalphas
[2020.01.25-00.04.13:786][342]LogMaterial: Display: Missing cached shader map for material m_Leafalphas, compiling. 
[2020.01.25-00.04.13:860][342]LogMaterial: Display: Missing cached shader map for material m_Leafalphas, compiling. 
[2020.01.25-00.04.13:873][342]LogMaterial: Display: Missing cached shader map for material m_Leafalphas, compiling. 
[2020.01.25-00.04.13:889][342]LogShaderCompilers: Display: Worker (1/13): shaders left to compile 21
[2020.01.25-00.04.13:889][342]LogShaderCompilers: Display: Worker (2/13): shaders left to compile 20
[2020.01.25-00.04.13:889][342]LogShaderCompilers: Display: Worker (3/13): shaders left to compile 19
[2020.01.25-00.04.13:889][342]LogShaderCompilers: Display: Worker (4/13): shaders left to compile 18
[2020.01.25-00.04.13:889][342]LogShaderCompilers: Display: Worker (5/13): shaders left to compile 17
[2020.01.25-00.04.13:889][342]LogShaderCompilers: Display: Worker (6/13): shaders left to compile 16
[2020.01.25-00.04.13:889][342]LogShaderCompilers: Display: Worker (7/13): shaders left to compile 15
[2020.01.25-00.04.13:889][342]LogShaderCompilers: Display: Worker (8/13): shaders left to compile 14
[2020.01.25-00.04.13:889][342]LogShaderCompilers: Display: Worker (9/13): shaders left to compile 13
[2020.01.25-00.04.13:889][342]LogShaderCompilers: Display: Worker (10/13): shaders left to compile 12
[2020.01.25-00.04.13:889][342]LogShaderCompilers: Display: Worker (11/13): shaders left to compile 11
[2020.01.25-00.04.13:889][342]LogShaderCompilers: Display: Worker (12/13): shaders left to compile 10
[2020.01.25-00.04.14:239][360]LogShaderCompilers: Display: Worker (8/13): shaders left to compile 9
[2020.01.25-00.04.14:394][369]LogShaderCompilers: Display: Worker (2/13): shaders left to compile 8
[2020.01.25-00.04.14:394][369]LogShaderCompilers: Display: Worker (9/13): shaders left to compile 7
[2020.01.25-00.04.14:410][370]LogShaderCompilers: Display: Worker (3/13): shaders left to compile 6
[2020.01.25-00.04.14:425][371]LogShaderCompilers: Display: Worker (4/13): shaders left to compile 5
[2020.01.25-00.04.14:425][371]LogShaderCompilers: Display: Worker (5/13): shaders left to compile 4
[2020.01.25-00.04.14:425][371]LogShaderCompilers: Display: Worker (7/13): shaders left to compile 3
[2020.01.25-00.04.14:464][373]LogShaderCompilers: Display: Worker (1/13): shaders left to compile 2
[2020.01.25-00.04.14:481][374]LogShaderCompilers: Display: Worker (6/13): shaders left to compile 1
[2020.01.25-00.04.14:983][396]MaterialEditorStats: Base pass shader: 117 instructions
[2020.01.25-00.04.14:983][396]MaterialEditorStats: Base pass shader with Volumetric Lightmap: 191 instructions
[2020.01.25-00.04.14:983][396]MaterialEditorStats: Base pass vertex shader: 40 instructions
[2020.01.25-00.04.14:983][396]MaterialEditorStats: Texture samplers: 3/16
[2020.01.25-00.04.21:513][966]LogMaterial: Display: Missing cached shader map for material m_Leafalphas, compiling. 
[2020.01.25-00.04.21:526][966]LogMaterial: Display: Missing cached shader map for material FMatExpressionPreview MaterialExpressionTextureSample_0, compiling. 
[2020.01.25-00.04.21:538][966]LogShaderCompilers: Display: Worker (1/13): shaders left to compile 21
[2020.01.25-00.04.21:539][966]LogShaderCompilers: Display: Worker (2/13): shaders left to compile 20
[2020.01.25-00.04.21:539][966]LogShaderCompilers: Display: Worker (3/13): shaders left to compile 19
[2020.01.25-00.04.21:539][966]LogShaderCompilers: Display: Worker (4/13): shaders left to compile 18
[2020.01.25-00.04.21:539][966]LogShaderCompilers: Display: Worker (5/13): shaders left to compile 17
[2020.01.25-00.04.21:539][966]LogShaderCompilers: Display: Worker (6/13): shaders left to compile 16
[2020.01.25-00.04.21:539][966]LogShaderCompilers: Display: Worker (7/13): shaders left to compile 15
[2020.01.25-00.04.21:539][966]LogShaderCompilers: Display: Worker (8/13): shaders left to compile 14
[2020.01.25-00.04.21:539][966]LogShaderCompilers: Display: Worker (9/13): shaders left to compile 13
[2020.01.25-00.04.21:539][966]LogShaderCompilers: Display: Worker (10/13): shaders left to compile 12
[2020.01.25-00.04.21:539][966]LogShaderCompilers: Display: Worker (11/13): shaders left to compile 11
[2020.01.25-00.04.21:539][966]LogShaderCompilers: Display: Worker (12/13): shaders left to compile 10
[2020.01.25-00.04.21:543][966]LogMaterial: Display: Missing cached shader map for material FMatExpressionPreview MaterialExpressionTextureSample_0, compiling. 
[2020.01.25-00.04.21:556][966]LogMaterial: Display: Missing cached shader map for material m_Leafalphas, compiling. 
[2020.01.25-00.04.21:572][966]LogMaterial: Display: Missing cached shader map for material FMatExpressionPreview MaterialExpressionTextureSample_1, compiling. 
[2020.01.25-00.04.21:592][966]LogMaterial: Display: Missing cached shader map for material FMatExpressionPreview MaterialExpressionTextureSample_0, compiling. 
[2020.01.25-00.04.21:601][966]LogMaterial: Display: Missing cached shader map for material FMatExpressionPreview MaterialExpressionTextureSample_1, compiling. 
[2020.01.25-00.04.21:620][966]LogMaterial: Display: Missing cached shader map for material m_Leafalphas, compiling. 
[2020.01.25-00.04.21:639][966]LogMaterial: Display: Missing cached shader map for material FMatExpressionPreview MaterialExpressionTextureSample_2, compiling. 
[2020.01.25-00.04.21:664][966]LogMaterial: Display: Missing cached shader map for material FMatExpressionPreview MaterialExpressionTextureSample_0, compiling. 
[2020.01.25-00.04.21:675][966]LogMaterial: Display: Missing cached shader map for material FMatExpressionPreview MaterialExpressionTextureSample_1, compiling. 
[2020.01.25-00.04.21:685][966]LogMaterial: Display: Missing cached shader map for material FMatExpressionPreview MaterialExpressionTextureSample_2, compiling. 
[2020.01.25-00.04.21:695][966]LogShaderCompilers: Display: Worker (8/13): shaders left to compile 29
[2020.01.25-00.04.21:774][968]LogShaderCompilers: Display: Worker (1/13): shaders left to compile 32
[2020.01.25-00.04.21:807][968]LogShaderCompilers: Display: Worker (2/13): shaders left to compile 31
[2020.01.25-00.04.21:807][968]LogShaderCompilers: Display: Worker (3/13): shaders left to compile 30
[2020.01.25-00.04.21:840][970]LogShaderCompilers: Display: Worker (4/13): shaders left to compile 29
[2020.01.25-00.04.21:840][970]LogShaderCompilers: Display: Worker (5/13): shaders left to compile 28
[2020.01.25-00.04.21:840][970]LogShaderCompilers: Display: Worker (6/13): shaders left to compile 27
[2020.01.25-00.04.21:840][970]LogShaderCompilers: Display: Worker (7/13): shaders left to compile 26
[2020.01.25-00.04.21:840][970]LogShaderCompilers: Display: Worker (9/13): shaders left to compile 25
[2020.01.25-00.04.21:989][975]LogShaderCompilers: Display: Worker (12/13): shaders left to compile 24
[2020.01.25-00.04.21:989][975]LogShaderCompilers: Display: Worker (8/13): shaders left to compile 23
[2020.01.25-00.04.22:012][976]LogShaderCompilers: Display: Worker (7/13): shaders left to compile 22
[2020.01.25-00.04.22:065][978]LogShaderCompilers: Display: Worker (1/13): shaders left to compile 21
[2020.01.25-00.04.22:065][978]LogShaderCompilers: Display: Worker (2/13): shaders left to compile 20
[2020.01.25-00.04.22:091][979]LogShaderCompilers: Display: Worker (3/13): shaders left to compile 19
[2020.01.25-00.04.22:120][980]LogShaderCompilers: Display: Worker (4/13): shaders left to compile 18
[2020.01.25-00.04.22:138][981]LogShaderCompilers: Display: Worker (5/13): shaders left to compile 17
[2020.01.25-00.04.22:158][982]LogShaderCompilers: Display: Worker (6/13): shaders left to compile 16
[2020.01.25-00.04.22:158][982]LogShaderCompilers: Display: Worker (9/13): shaders left to compile 15
[2020.01.25-00.04.22:177][983]LogShaderCompilers: Display: Worker (10/13): shaders left to compile 14
[2020.01.25-00.04.22:178][983]LogShaderCompilers: Display: Worker (11/13): shaders left to compile 13
[2020.01.25-00.04.22:360][989]LogShaderCompilers: Display: Worker (7/13): shaders left to compile 12
[2020.01.25-00.04.22:492][994]LogShaderCompilers: Display: Worker (3/13): shaders left to compile 11
[2020.01.25-00.04.22:525][995]LogShaderCompilers: Display: Worker (6/13): shaders left to compile 10
[2020.01.25-00.04.22:546][996]LogShaderCompilers: Display: Worker (12/13): shaders left to compile 9
[2020.01.25-00.04.22:546][996]LogShaderCompilers: Display: Worker (11/13): shaders left to compile 8
[2020.01.25-00.04.22:655][  2]LogShaderCompilers: Display: Worker (8/13): shaders left to compile 7
[2020.01.25-00.04.22:673][  3]LogShaderCompilers: Display: Worker (1/13): shaders left to compile 6
[2020.01.25-00.04.22:692][  4]LogShaderCompilers: Display: Worker (2/13): shaders left to compile 5
[2020.01.25-00.04.22:712][  5]LogShaderCompilers: Display: Worker (9/13): shaders left to compile 4
[2020.01.25-00.04.22:730][  6]LogShaderCompilers: Display: Worker (10/13): shaders left to compile 3
[2020.01.25-00.04.22:751][  7]LogShaderCompilers: Display: Worker (4/13): shaders left to compile 2
[2020.01.25-00.04.22:785][  9]LogShaderCompilers: Display: Worker (5/13): shaders left to compile 1
[2020.01.25-00.04.22:871][ 11]MaterialEditorStats: Base pass shader: 117 instructions
[2020.01.25-00.04.22:871][ 11]MaterialEditorStats: Base pass shader with Volumetric Lightmap: 191 instructions
[2020.01.25-00.04.22:871][ 11]MaterialEditorStats: Base pass vertex shader: 40 instructions
[2020.01.25-00.04.22:871][ 11]MaterialEditorStats: Texture samplers: 3/16
[2020.01.25-00.04.26:834][372]LogMaterial: Display: Missing cached shader map for material m_Leafalphas, compiling. 
[2020.01.25-00.04.26:850][372]LogShaderCompilers: Display: Worker (1/13): shaders left to compile 21
[2020.01.25-00.04.26:850][372]LogShaderCompilers: Display: Worker (2/13): shaders left to compile 20
[2020.01.25-00.04.26:850][372]LogShaderCompilers: Display: Worker (3/13): shaders left to compile 19
[2020.01.25-00.04.26:850][372]LogShaderCompilers: Display: Worker (4/13): shaders left to compile 18
[2020.01.25-00.04.26:850][372]LogShaderCompilers: Display: Worker (5/13): shaders left to compile 17
[2020.01.25-00.04.26:850][372]LogShaderCompilers: Display: Worker (6/13): shaders left to compile 16
[2020.01.25-00.04.26:850][372]LogShaderCompilers: Display: Worker (7/13): shaders left to compile 15
[2020.01.25-00.04.26:851][372]LogShaderCompilers: Display: Worker (8/13): shaders left to compile 14
[2020.01.25-00.04.26:851][372]LogShaderCompilers: Display: Worker (9/13): shaders left to compile 13
[2020.01.25-00.04.26:851][372]LogShaderCompilers: Display: Worker (10/13): shaders left to compile 12
[2020.01.25-00.04.26:851][372]LogShaderCompilers: Display: Worker (11/13): shaders left to compile 11
[2020.01.25-00.04.26:851][372]LogShaderCompilers: Display: Worker (12/13): shaders left to compile 10
[2020.01.25-00.04.26:854][372]LogMaterial: Display: Missing cached shader map for material FMatExpressionPreview MaterialExpressionTextureSample_2, compiling. 
[2020.01.25-00.04.27:072][381]LogShaderCompilers: Display: Worker (8/13): shaders left to compile 13
[2020.01.25-00.04.27:096][382]LogShaderCompilers: Display: Worker (1/13): shaders left to compile 12
[2020.01.25-00.04.27:121][383]LogShaderCompilers: Display: Worker (2/13): shaders left to compile 11
[2020.01.25-00.04.27:147][384]LogShaderCompilers: Display: Worker (3/13): shaders left to compile 10
[2020.01.25-00.04.27:167][385]LogShaderCompilers: Display: Worker (4/13): shaders left to compile 9
[2020.01.25-00.04.27:167][385]LogShaderCompilers: Display: Worker (5/13): shaders left to compile 8
[2020.01.25-00.04.27:188][386]LogShaderCompilers: Display: Worker (7/13): shaders left to compile 7
[2020.01.25-00.04.27:188][386]LogShaderCompilers: Display: Worker (9/13): shaders left to compile 6
[2020.01.25-00.04.27:208][387]LogShaderCompilers: Display: Worker (6/13): shaders left to compile 5
[2020.01.25-00.04.27:271][390]LogShaderCompilers: Display: Worker (12/13): shaders left to compile 4
[2020.01.25-00.04.27:456][396]LogShaderCompilers: Display: Worker (10/13): shaders left to compile 3
[2020.01.25-00.04.27:476][397]LogShaderCompilers: Display: Worker (2/13): shaders left to compile 2
[2020.01.25-00.04.27:495][398]LogShaderCompilers: Display: Worker (11/13): shaders left to compile 1
[2020.01.25-00.04.27:756][412]MaterialEditorStats: Base pass shader: 120 instructions
[2020.01.25-00.04.27:756][412]MaterialEditorStats: Base pass shader with Volumetric Lightmap: 194 instructions
[2020.01.25-00.04.27:756][412]MaterialEditorStats: Base pass vertex shader: 44 instructions
[2020.01.25-00.04.27:757][412]MaterialEditorStats: Texture samplers: 4/16
[2020.01.25-00.04.27:757][412]MaterialEditorStats: Texture Lookups (Est.): VS(0), PS(1)
[2020.01.25-00.04.27:757][412]MaterialEditorStats: User interpolators: 2/4 Scalars (1/4 Vectors) (TexCoords: 2, Custom: 0)
[2020.01.25-00.04.31:440][756]LogMaterial: Display: Missing cached shader map for material m_Leafalphas, compiling. 
[2020.01.25-00.04.31:454][756]LogShaderCompilers: Display: Worker (1/13): shaders left to compile 21
[2020.01.25-00.04.31:454][756]LogShaderCompilers: Display: Worker (2/13): shaders left to compile 20
[2020.01.25-00.04.31:454][756]LogShaderCompilers: Display: Worker (3/13): shaders left to compile 19
[2020.01.25-00.04.31:454][756]LogShaderCompilers: Display: Worker (4/13): shaders left to compile 18
[2020.01.25-00.04.31:455][756]LogShaderCompilers: Display: Worker (5/13): shaders left to compile 17
[2020.01.25-00.04.31:455][756]LogShaderCompilers: Display: Worker (6/13): shaders left to compile 16
[2020.01.25-00.04.31:455][756]LogShaderCompilers: Display: Worker (7/13): shaders left to compile 15
[2020.01.25-00.04.31:455][756]LogShaderCompilers: Display: Worker (8/13): shaders left to compile 14
[2020.01.25-00.04.31:455][756]LogShaderCompilers: Display: Worker (9/13): shaders left to compile 13
[2020.01.25-00.04.31:455][756]LogShaderCompilers: Display: Worker (10/13): shaders left to compile 12
[2020.01.25-00.04.31:455][756]LogShaderCompilers: Display: Worker (11/13): shaders left to compile 11
[2020.01.25-00.04.31:455][756]LogShaderCompilers: Display: Worker (12/13): shaders left to compile 10
[2020.01.25-00.04.31:678][769]LogShaderCompilers: Display: Worker (8/13): shaders left to compile 9
[2020.01.25-00.04.31:719][771]LogShaderCompilers: Display: Worker (1/13): shaders left to compile 8
[2020.01.25-00.04.31:738][772]LogShaderCompilers: Display: Worker (2/13): shaders left to compile 7
[2020.01.25-00.04.31:756][773]LogShaderCompilers: Display: Worker (3/13): shaders left to compile 6
[2020.01.25-00.04.31:773][774]LogShaderCompilers: Display: Worker (5/13): shaders left to compile 5
[2020.01.25-00.04.31:789][775]LogShaderCompilers: Display: Worker (4/13): shaders left to compile 4
[2020.01.25-00.04.31:789][775]LogShaderCompilers: Display: Worker (7/13): shaders left to compile 3
[2020.01.25-00.04.31:804][776]LogShaderCompilers: Display: Worker (6/13): shaders left to compile 2
[2020.01.25-00.04.31:822][777]LogShaderCompilers: Display: Worker (9/13): shaders left to compile 1
[2020.01.25-00.04.32:691][850]LogMaterial: Display: Missing cached shader map for material m_Leafalphas, compiling. 
[2020.01.25-00.04.32:744][850]LogMaterial: Display: Missing cached shader map for material m_Leafalphas, compiling. 
[2020.01.25-00.04.32:764][850]LogMaterial: Display: Missing cached shader map for material m_Leafalphas, compiling. 
[2020.01.25-00.04.32:804][851]LogShaderCompilers: Display: Worker (1/13): shaders left to compile 39
[2020.01.25-00.04.32:804][851]LogShaderCompilers: Display: Worker (2/13): shaders left to compile 38
[2020.01.25-00.04.32:804][851]LogShaderCompilers: Display: Worker (3/13): shaders left to compile 37
[2020.01.25-00.04.32:804][851]LogShaderCompilers: Display: Worker (4/13): shaders left to compile 36
[2020.01.25-00.04.32:804][851]LogShaderCompilers: Display: Worker (5/13): shaders left to compile 35
[2020.01.25-00.04.32:804][851]LogShaderCompilers: Display: Worker (6/13): shaders left to compile 34
[2020.01.25-00.04.32:804][851]LogShaderCompilers: Display: Worker (7/13): shaders left to compile 33
[2020.01.25-00.04.32:804][851]LogShaderCompilers: Display: Worker (8/13): shaders left to compile 32
[2020.01.25-00.04.32:804][851]LogShaderCompilers: Display: Worker (9/13): shaders left to compile 31
[2020.01.25-00.04.32:804][851]LogShaderCompilers: Display: Worker (10/13): shaders left to compile 30
[2020.01.25-00.04.32:804][851]LogShaderCompilers: Display: Worker (11/13): shaders left to compile 29
[2020.01.25-00.04.32:804][851]LogShaderCompilers: Display: Worker (12/13): shaders left to compile 28
[2020.01.25-00.04.32:940][858]LogShaderCompilers: Display: Worker (1/13): shaders left to compile 27
[2020.01.25-00.04.32:940][858]LogShaderCompilers: Display: Worker (3/13): shaders left to compile 26
[2020.01.25-00.04.32:978][860]LogShaderCompilers: Display: Worker (4/13): shaders left to compile 25
[2020.01.25-00.04.32:997][861]LogShaderCompilers: Display: Worker (7/13): shaders left to compile 24
[2020.01.25-00.04.33:014][862]LogShaderCompilers: Display: Worker (9/13): shaders left to compile 23
[2020.01.25-00.04.33:032][863]LogShaderCompilers: Display: Worker (11/13): shaders left to compile 22
[2020.01.25-00.04.33:106][868]LogShaderCompilers: Display: Worker (8/13): shaders left to compile 21
[2020.01.25-00.04.33:106][868]LogShaderCompilers: Display: Worker (2/13): shaders left to compile 20
[2020.01.25-00.04.33:106][868]LogShaderCompilers: Display: Worker (5/13): shaders left to compile 19
[2020.01.25-00.04.33:107][868]LogShaderCompilers: Display: Worker (6/13): shaders left to compile 18
[2020.01.25-00.04.33:142][870]LogShaderCompilers: Display: Worker (10/13): shaders left to compile 17
[2020.01.25-00.04.33:142][870]LogShaderCompilers: Display: Worker (12/13): shaders left to compile 16
[2020.01.25-00.04.33:414][882]LogShaderCompilers: Display: Worker (7/13): shaders left to compile 15
[2020.01.25-00.04.33:492][886]LogShaderCompilers: Display: Worker (1/13): shaders left to compile 14
[2020.01.25-00.04.33:529][888]LogShaderCompilers: Display: Worker (3/13): shaders left to compile 13
[2020.01.25-00.04.33:539][888]LogMaterial: Display: Missing cached shader map for material m_Leafalphas, compiling. 
[2020.01.25-00.04.33:572][888]LogShaderCompilers: Display: Worker (2/13): shaders left to compile 39
[2020.01.25-00.04.33:572][888]LogShaderCompilers: Display: Worker (9/13): shaders left to compile 38
[2020.01.25-00.04.33:604][889]LogShaderCompilers: Display: Worker (11/13): shaders left to compile 37
[2020.01.25-00.04.33:620][890]LogShaderCompilers: Display: Worker (12/13): shaders left to compile 36
[2020.01.25-00.04.33:653][892]LogShaderCompilers: Display: Worker (5/13): shaders left to compile 35
[2020.01.25-00.04.33:689][894]LogShaderCompilers: Display: Worker (6/13): shaders left to compile 34
[2020.01.25-00.04.33:766][898]LogShaderCompilers: Display: Worker (2/13): shaders left to compile 33
[2020.01.25-00.04.33:785][899]LogShaderCompilers: Display: Worker (11/13): shaders left to compile 32
[2020.01.25-00.04.33:805][900]LogShaderCompilers: Display: Worker (12/13): shaders left to compile 31
[2020.01.25-00.04.33:873][904]LogShaderCompilers: Display: Worker (4/13): shaders left to compile 30
[2020.01.25-00.04.33:904][905]LogShaderCompilers: Display: Worker (9/13): shaders left to compile 29
[2020.01.25-00.04.33:941][907]LogShaderCompilers: Display: Worker (2/13): shaders left to compile 28
[2020.01.25-00.04.33:941][907]LogShaderCompilers: Display: Worker (5/13): shaders left to compile 27
[2020.01.25-00.04.33:959][908]LogShaderCompilers: Display: Worker (8/13): shaders left to compile 26
[2020.01.25-00.04.33:977][909]LogShaderCompilers: Display: Worker (12/13): shaders left to compile 25
[2020.01.25-00.04.33:993][910]LogShaderCompilers: Display: Worker (6/13): shaders left to compile 24
[2020.01.25-00.04.33:993][910]LogShaderCompilers: Display: Worker (7/13): shaders left to compile 23
[2020.01.25-00.04.33:993][910]LogShaderCompilers: Display: Worker (10/13): shaders left to compile 22
[2020.01.25-00.04.34:055][914]LogShaderCompilers: Display: Worker (9/13): shaders left to compile 21
[2020.01.25-00.04.34:070][915]LogShaderCompilers: Display: Worker (11/13): shaders left to compile 20
[2020.01.25-00.04.34:086][916]LogShaderCompilers: Display: Worker (1/13): shaders left to compile 19
[2020.01.25-00.04.34:139][919]LogShaderCompilers: Display: Worker (4/13): shaders left to compile 18
[2020.01.25-00.04.34:207][922]LogShaderCompilers: Display: Worker (2/13): shaders left to compile 17
[2020.01.25-00.04.34:235][923]LogMaterial: Display: Missing cached shader map for material m_Leafalphas, compiling. 
[2020.01.25-00.04.34:259][923]LogMaterial: Display: Missing cached shader map for material m_Leafalphas, compiling. 
[2020.01.25-00.04.34:279][923]LogMaterial: Display: Missing cached shader map for material m_Leafalphas, compiling. 
[2020.01.25-00.04.34:352][924]LogShaderCompilers: Display: Worker (3/13): shaders left to compile 21
[2020.01.25-00.04.34:437][927]LogShaderCompilers: Display: Worker (6/13): shaders left to compile 20
[2020.01.25-00.04.34:496][930]LogShaderCompilers: Display: Worker (5/13): shaders left to compile 19
[2020.01.25-00.04.34:535][932]LogShaderCompilers: Display: Worker (11/13): shaders left to compile 18
[2020.01.25-00.04.34:570][934]LogShaderCompilers: Display: Worker (7/13): shaders left to compile 17
[2020.01.25-00.04.34:571][934]LogShaderCompilers: Display: Worker (8/13): shaders left to compile 16
[2020.01.25-00.04.34:589][935]LogShaderCompilers: Display: Worker (10/13): shaders left to compile 15
[2020.01.25-00.04.34:609][936]LogShaderCompilers: Display: Worker (1/13): shaders left to compile 14
[2020.01.25-00.04.34:652][938]LogShaderCompilers: Display: Worker (3/13): shaders left to compile 13
[2020.01.25-00.04.34:702][940]LogShaderCompilers: Display: Worker (4/13): shaders left to compile 12
[2020.01.25-00.04.34:721][941]LogShaderCompilers: Display: Worker (6/13): shaders left to compile 11
[2020.01.25-00.04.34:758][943]LogShaderCompilers: Display: Worker (1/13): shaders left to compile 10
[2020.01.25-00.04.34:795][945]LogShaderCompilers: Display: Worker (5/13): shaders left to compile 9
[2020.01.25-00.04.34:827][947]LogShaderCompilers: Display: Worker (11/13): shaders left to compile 8
[2020.01.25-00.04.34:871][949]LogShaderCompilers: Display: Worker (8/13): shaders left to compile 7
[2020.01.25-00.04.34:871][949]LogShaderCompilers: Display: Worker (7/13): shaders left to compile 6
[2020.01.25-00.04.34:871][949]LogShaderCompilers: Display: Worker (10/13): shaders left to compile 5
[2020.01.25-00.04.34:891][950]LogShaderCompilers: Display: Worker (12/13): shaders left to compile 4
[2020.01.25-00.04.34:938][952]LogShaderCompilers: Display: Worker (3/13): shaders left to compile 3
[2020.01.25-00.04.34:938][952]LogShaderCompilers: Display: Worker (9/13): shaders left to compile 2
[2020.01.25-00.04.35:047][957]LogShaderCompilers: Display: Worker (2/13): shaders left to compile 1
[2020.01.25-00.04.35:444][979]MaterialEditorStats: Base pass shader: 120 instructions
[2020.01.25-00.04.35:444][979]MaterialEditorStats: Base pass shader with Volumetric Lightmap: 194 instructions
[2020.01.25-00.04.35:444][979]MaterialEditorStats: Base pass vertex shader: 44 instructions
[2020.01.25-00.04.35:444][979]MaterialEditorStats: Texture samplers: 4/16
[2020.01.25-00.04.35:444][979]MaterialEditorStats: Texture Lookups (Est.): VS(0), PS(1)
[2020.01.25-00.04.35:444][979]MaterialEditorStats: User interpolators: 2/4 Scalars (1/4 Vectors) (TexCoords: 2, Custom: 0)
[2020.01.25-00.04.37:053][140]LogMaterial: Display: Missing cached shader map for material m_Leafalphas, compiling. 
[2020.01.25-00.04.37:087][140]LogMaterial: Display: Missing cached shader map for material FMatExpressionPreview MaterialExpressionTextureSample_2, compiling. 
[2020.01.25-00.04.37:093][140]LogShaderCompilers: Display: Worker (1/13): shaders left to compile 44
[2020.01.25-00.04.37:093][140]LogShaderCompilers: Display: Worker (2/13): shaders left to compile 43
[2020.01.25-00.04.37:093][140]LogShaderCompilers: Display: Worker (3/13): shaders left to compile 42
[2020.01.25-00.04.37:093][140]LogShaderCompilers: Display: Worker (4/13): shaders left to compile 41
[2020.01.25-00.04.37:093][140]LogShaderCompilers: Display: Worker (5/13): shaders left to compile 40
[2020.01.25-00.04.37:093][140]LogShaderCompilers: Display: Worker (6/13): shaders left to compile 39
[2020.01.25-00.04.37:093][140]LogShaderCompilers: Display: Worker (7/13): shaders left to compile 38
[2020.01.25-00.04.37:093][140]LogShaderCompilers: Display: Worker (8/13): shaders left to compile 37
[2020.01.25-00.04.37:093][140]LogShaderCompilers: Display: Worker (9/13): shaders left to compile 36
[2020.01.25-00.04.37:093][140]LogShaderCompilers: Display: Worker (10/13): shaders left to compile 35
[2020.01.25-00.04.37:093][140]LogShaderCompilers: Display: Worker (11/13): shaders left to compile 34
[2020.01.25-00.04.37:093][140]LogShaderCompilers: Display: Worker (12/13): shaders left to compile 33
[2020.01.25-00.04.37:231][150]LogShaderCompilers: Display: Worker (1/13): shaders left to compile 36
[2020.01.25-00.04.37:256][151]LogShaderCompilers: Display: Worker (3/13): shaders left to compile 35
[2020.01.25-00.04.37:301][153]LogShaderCompilers: Display: Worker (5/13): shaders left to compile 34
[2020.01.25-00.04.37:324][154]LogShaderCompilers: Display: Worker (7/13): shaders left to compile 33
[2020.01.25-00.04.37:393][157]LogShaderCompilers: Display: Worker (4/13): shaders left to compile 32
[2020.01.25-00.04.37:409][158]LogShaderCompilers: Display: Worker (2/13): shaders left to compile 31
[2020.01.25-00.04.37:430][159]LogShaderCompilers: Display: Worker (6/13): shaders left to compile 30
[2020.01.25-00.04.37:430][159]LogShaderCompilers: Display: Worker (8/13): shaders left to compile 29
[2020.01.25-00.04.37:451][160]LogShaderCompilers: Display: Worker (9/13): shaders left to compile 28
[2020.01.25-00.04.37:451][160]LogShaderCompilers: Display: Worker (10/13): shaders left to compile 27
[2020.01.25-00.04.37:468][161]LogShaderCompilers: Display: Worker (11/13): shaders left to compile 26
[2020.01.25-00.04.37:468][161]LogShaderCompilers: Display: Worker (12/13): shaders left to compile 25
[2020.01.25-00.04.37:508][163]LogShaderCompilers: Display: Worker (1/13): shaders left to compile 24
[2020.01.25-00.04.37:530][164]LogShaderCompilers: Display: Worker (3/13): shaders left to compile 23
[2020.01.25-00.04.37:601][167]LogShaderCompilers: Display: Worker (5/13): shaders left to compile 22
[2020.01.25-00.04.37:601][167]LogShaderCompilers: Display: Worker (7/13): shaders left to compile 21
[2020.01.25-00.04.37:601][167]LogShaderCompilers: Display: Worker (8/13): shaders left to compile 20
[2020.01.25-00.04.37:669][170]LogShaderCompilers: Display: Worker (10/13): shaders left to compile 19
[2020.01.25-00.04.37:690][171]LogShaderCompilers: Display: Worker (12/13): shaders left to compile 18
[2020.01.25-00.04.37:690][171]LogShaderCompilers: Display: Worker (4/13): shaders left to compile 17
[2020.01.25-00.04.37:710][172]LogShaderCompilers: Display: Worker (2/13): shaders left to compile 16
[2020.01.25-00.04.37:710][172]LogShaderCompilers: Display: Worker (3/13): shaders left to compile 15
[2020.01.25-00.04.37:710][172]LogShaderCompilers: Display: Worker (9/13): shaders left to compile 14
[2020.01.25-00.04.37:749][174]LogShaderCompilers: Display: Worker (7/13): shaders left to compile 13
[2020.01.25-00.04.37:767][175]LogShaderCompilers: Display: Worker (11/13): shaders left to compile 12
[2020.01.25-00.04.37:767][175]LogShaderCompilers: Display: Worker (1/13): shaders left to compile 11
[2020.01.25-00.04.37:858][180]LogShaderCompilers: Display: Worker (5/13): shaders left to compile 10
[2020.01.25-00.04.37:858][180]LogShaderCompilers: Display: Worker (8/13): shaders left to compile 9
[2020.01.25-00.04.37:898][182]LogShaderCompilers: Display: Worker (6/13): shaders left to compile 8
[2020.01.25-00.04.38:084][190]LogShaderCompilers: Display: Worker (4/13): shaders left to compile 7
[2020.01.25-00.04.38:084][190]LogShaderCompilers: Display: Worker (9/13): shaders left to compile 6
[2020.01.25-00.04.38:155][193]LogShaderCompilers: Display: Worker (1/13): shaders left to compile 5
[2020.01.25-00.04.38:263][198]LogShaderCompilers: Display: Worker (10/13): shaders left to compile 4
[2020.01.25-00.04.38:283][199]LogShaderCompilers: Display: Worker (6/13): shaders left to compile 3
[2020.01.25-00.04.38:301][200]LogShaderCompilers: Display: Worker (2/13): shaders left to compile 2
[2020.01.25-00.04.38:322][201]LogShaderCompilers: Display: Worker (12/13): shaders left to compile 1
[2020.01.25-00.04.39:294][293]MaterialEditorStats: Base pass shader: 123 instructions
[2020.01.25-00.04.39:294][293]MaterialEditorStats: Base pass shader with Volumetric Lightmap: 197 instructions
[2020.01.25-00.04.39:294][293]MaterialEditorStats: Base pass vertex shader: 50 instructions
[2020.01.25-00.04.39:294][293]MaterialEditorStats: Texture samplers: 4/16
[2020.01.25-00.04.39:294][293]MaterialEditorStats: Texture Lookups (Est.): VS(0), PS(1)
[2020.01.25-00.04.39:294][293]MaterialEditorStats: User interpolators: 2/4 Scalars (1/4 Vectors) (TexCoords: 2, Custom: 0)
[2020.01.25-00.04.41:061][466]LogMaterial: Display: Missing cached shader map for material m_Leafalphas, compiling. 
[2020.01.25-00.04.41:084][466]LogShaderCompilers: Display: Worker (1/13): shaders left to compile 44
[2020.01.25-00.04.41:084][466]LogShaderCompilers: Display: Worker (2/13): shaders left to compile 43
[2020.01.25-00.04.41:084][466]LogShaderCompilers: Display: Worker (3/13): shaders left to compile 42
[2020.01.25-00.04.41:084][466]LogShaderCompilers: Display: Worker (4/13): shaders left to compile 41
[2020.01.25-00.04.41:084][466]LogShaderCompilers: Display: Worker (5/13): shaders left to compile 40
[2020.01.25-00.04.41:084][466]LogShaderCompilers: Display: Worker (6/13): shaders left to compile 39
[2020.01.25-00.04.41:084][466]LogShaderCompilers: Display: Worker (7/13): shaders left to compile 38
[2020.01.25-00.04.41:084][466]LogShaderCompilers: Display: Worker (8/13): shaders left to compile 37
[2020.01.25-00.04.41:084][466]LogShaderCompilers: Display: Worker (9/13): shaders left to compile 36
[2020.01.25-00.04.41:085][466]LogShaderCompilers: Display: Worker (10/13): shaders left to compile 35
[2020.01.25-00.04.41:085][466]LogShaderCompilers: Display: Worker (11/13): shaders left to compile 34
[2020.01.25-00.04.41:085][466]LogShaderCompilers: Display: Worker (12/13): shaders left to compile 33
[2020.01.25-00.04.41:088][466]LogMaterial: Display: Missing cached shader map for material FMatExpressionPreview MaterialExpressionTextureSample_1, compiling. 
[2020.01.25-00.04.41:224][473]LogShaderCompilers: Display: Worker (1/13): shaders left to compile 36
[2020.01.25-00.04.41:248][474]LogShaderCompilers: Display: Worker (3/13): shaders left to compile 35
[2020.01.25-00.04.41:284][475]LogShaderCompilers: Display: Worker (5/13): shaders left to compile 34
[2020.01.25-00.04.41:307][476]LogShaderCompilers: Display: Worker (7/13): shaders left to compile 33
[2020.01.25-00.04.41:390][478]LogShaderCompilers: Display: Worker (4/13): shaders left to compile 32
[2020.01.25-00.04.41:390][478]LogShaderCompilers: Display: Worker (2/13): shaders left to compile 31
[2020.01.25-00.04.41:390][478]LogShaderCompilers: Display: Worker (6/13): shaders left to compile 30
[2020.01.25-00.04.41:412][479]LogShaderCompilers: Display: Worker (9/13): shaders left to compile 29
[2020.01.25-00.04.41:412][479]LogShaderCompilers: Display: Worker (8/13): shaders left to compile 28
[2020.01.25-00.04.41:430][480]LogShaderCompilers: Display: Worker (10/13): shaders left to compile 27
[2020.01.25-00.04.41:450][481]LogShaderCompilers: Display: Worker (11/13): shaders left to compile 26
[2020.01.25-00.04.41:450][481]LogShaderCompilers: Display: Worker (12/13): shaders left to compile 25
[2020.01.25-00.04.41:498][483]LogShaderCompilers: Display: Worker (1/13): shaders left to compile 24
[2020.01.25-00.04.41:524][484]LogShaderCompilers: Display: Worker (3/13): shaders left to compile 23
[2020.01.25-00.04.41:574][486]LogShaderCompilers: Display: Worker (5/13): shaders left to compile 22
[2020.01.25-00.04.41:574][486]LogShaderCompilers: Display: Worker (7/13): shaders left to compile 21
[2020.01.25-00.04.41:575][486]LogShaderCompilers: Display: Worker (9/13): shaders left to compile 20
[2020.01.25-00.04.41:636][489]LogShaderCompilers: Display: Worker (10/13): shaders left to compile 19
[2020.01.25-00.04.41:636][489]LogShaderCompilers: Display: Worker (12/13): shaders left to compile 18
[2020.01.25-00.04.41:657][490]LogShaderCompilers: Display: Worker (4/13): shaders left to compile 17
[2020.01.25-00.04.41:680][491]LogShaderCompilers: Display: Worker (2/13): shaders left to compile 16
[2020.01.25-00.04.41:680][491]LogShaderCompilers: Display: Worker (8/13): shaders left to compile 15
[2020.01.25-00.04.41:698][492]LogShaderCompilers: Display: Worker (3/13): shaders left to compile 14
[2020.01.25-00.04.41:722][493]LogShaderCompilers: Display: Worker (7/13): shaders left to compile 13
[2020.01.25-00.04.41:741][494]LogShaderCompilers: Display: Worker (11/13): shaders left to compile 12
[2020.01.25-00.04.41:764][495]LogShaderCompilers: Display: Worker (1/13): shaders left to compile 11
[2020.01.25-00.04.41:809][496]LogShaderCompilers: Display: Worker (5/13): shaders left to compile 10
[2020.01.25-00.04.41:835][498]LogShaderCompilers: Display: Worker (9/13): shaders left to compile 9
[2020.01.25-00.04.41:861][499]LogShaderCompilers: Display: Worker (6/13): shaders left to compile 8
[2020.01.25-00.04.42:046][506]LogShaderCompilers: Display: Worker (4/13): shaders left to compile 7
[2020.01.25-00.04.42:068][507]LogShaderCompilers: Display: Worker (3/13): shaders left to compile 6
[2020.01.25-00.04.42:146][510]LogShaderCompilers: Display: Worker (1/13): shaders left to compile 5
[2020.01.25-00.04.42:239][514]LogShaderCompilers: Display: Worker (10/13): shaders left to compile 4
[2020.01.25-00.04.42:239][514]LogShaderCompilers: Display: Worker (6/13): shaders left to compile 3
[2020.01.25-00.04.42:258][514]LogShaderCompilers: Display: Worker (12/13): shaders left to compile 2
[2020.01.25-00.04.42:260][514]LogShaderCompilers: Display: Worker (2/13): shaders left to compile 1
[2020.01.25-00.04.43:269][600]LogMaterial: Display: Missing cached shader map for material m_Leafalphas, compiling. 
[2020.01.25-00.04.43:296][600]LogShaderCompilers: Display: Worker (1/13): shaders left to compile 44
[2020.01.25-00.04.43:296][600]LogShaderCompilers: Display: Worker (2/13): shaders left to compile 43
[2020.01.25-00.04.43:296][600]LogShaderCompilers: Display: Worker (3/13): shaders left to compile 42
[2020.01.25-00.04.43:296][600]LogShaderCompilers: Display: Worker (4/13): shaders left to compile 41
[2020.01.25-00.04.43:296][600]LogShaderCompilers: Display: Worker (5/13): shaders left to compile 40
[2020.01.25-00.04.43:296][600]LogShaderCompilers: Display: Worker (6/13): shaders left to compile 39
[2020.01.25-00.04.43:296][600]LogShaderCompilers: Display: Worker (7/13): shaders left to compile 38
[2020.01.25-00.04.43:296][600]LogShaderCompilers: Display: Worker (8/13): shaders left to compile 37
[2020.01.25-00.04.43:296][600]LogShaderCompilers: Display: Worker (9/13): shaders left to compile 36
[2020.01.25-00.04.43:296][600]LogShaderCompilers: Display: Worker (10/13): shaders left to compile 35
[2020.01.25-00.04.43:296][600]LogShaderCompilers: Display: Worker (11/13): shaders left to compile 34
[2020.01.25-00.04.43:296][600]LogShaderCompilers: Display: Worker (12/13): shaders left to compile 33
[2020.01.25-00.04.43:296][600]LogMaterial: Display: Missing cached shader map for material FMatExpressionPreview MaterialExpressionTextureSample_0, compiling. 
[2020.01.25-00.04.43:452][608]LogShaderCompilers: Display: Worker (1/13): shaders left to compile 36
[2020.01.25-00.04.43:479][609]LogShaderCompilers: Display: Worker (3/13): shaders left to compile 35
[2020.01.25-00.04.43:504][610]LogShaderCompilers: Display: Worker (5/13): shaders left to compile 34
[2020.01.25-00.04.43:523][611]LogShaderCompilers: Display: Worker (7/13): shaders left to compile 33
[2020.01.25-00.04.43:589][614]LogShaderCompilers: Display: Worker (4/13): shaders left to compile 32
[2020.01.25-00.04.43:633][616]LogShaderCompilers: Display: Worker (6/13): shaders left to compile 31
[2020.01.25-00.04.43:633][616]LogShaderCompilers: Display: Worker (2/13): shaders left to compile 30
[2020.01.25-00.04.43:633][616]LogShaderCompilers: Display: Worker (9/13): shaders left to compile 29
[2020.01.25-00.04.43:659][617]LogShaderCompilers: Display: Worker (8/13): shaders left to compile 28
[2020.01.25-00.04.43:659][617]LogShaderCompilers: Display: Worker (10/13): shaders left to compile 27
[2020.01.25-00.04.43:679][618]LogShaderCompilers: Display: Worker (11/13): shaders left to compile 26
[2020.01.25-00.04.43:679][618]LogShaderCompilers: Display: Worker (12/13): shaders left to compile 25
[2020.01.25-00.04.43:725][620]LogShaderCompilers: Display: Worker (1/13): shaders left to compile 24
[2020.01.25-00.04.43:747][621]LogShaderCompilers: Display: Worker (3/13): shaders left to compile 23
[2020.01.25-00.04.43:776][622]LogShaderCompilers: Display: Worker (5/13): shaders left to compile 22
[2020.01.25-00.04.43:799][623]LogShaderCompilers: Display: Worker (7/13): shaders left to compile 21
[2020.01.25-00.04.43:819][624]LogShaderCompilers: Display: Worker (9/13): shaders left to compile 20
[2020.01.25-00.04.43:874][627]LogShaderCompilers: Display: Worker (4/13): shaders left to compile 19
[2020.01.25-00.04.43:875][627]LogShaderCompilers: Display: Worker (10/13): shaders left to compile 18
[2020.01.25-00.04.43:894][628]LogShaderCompilers: Display: Worker (12/13): shaders left to compile 17
[2020.01.25-00.04.43:914][629]LogShaderCompilers: Display: Worker (6/13): shaders left to compile 16
[2020.01.25-00.04.43:914][629]LogShaderCompilers: Display: Worker (8/13): shaders left to compile 15
[2020.01.25-00.04.43:933][630]LogShaderCompilers: Display: Worker (3/13): shaders left to compile 14
[2020.01.25-00.04.43:949][631]LogShaderCompilers: Display: Worker (7/13): shaders left to compile 13
[2020.01.25-00.04.43:981][633]LogShaderCompilers: Display: Worker (11/13): shaders left to compile 12
[2020.01.25-00.04.43:997][634]LogShaderCompilers: Display: Worker (1/13): shaders left to compile 11
[2020.01.25-00.04.44:045][637]LogShaderCompilers: Display: Worker (5/13): shaders left to compile 10
[2020.01.25-00.04.44:064][638]LogShaderCompilers: Display: Worker (9/13): shaders left to compile 9
[2020.01.25-00.04.44:122][641]LogShaderCompilers: Display: Worker (2/13): shaders left to compile 8
[2020.01.25-00.04.44:260][648]LogShaderCompilers: Display: Worker (12/13): shaders left to compile 7
[2020.01.25-00.04.44:321][651]LogShaderCompilers: Display: Worker (3/13): shaders left to compile 6
[2020.01.25-00.04.44:375][654]LogShaderCompilers: Display: Worker (1/13): shaders left to compile 5
[2020.01.25-00.04.44:476][660]LogShaderCompilers: Display: Worker (4/13): shaders left to compile 4
[2020.01.25-00.04.44:492][661]LogShaderCompilers: Display: Worker (2/13): shaders left to compile 3
[2020.01.25-00.04.44:507][662]LogShaderCompilers: Display: Worker (6/13): shaders left to compile 2
[2020.01.25-00.04.44:524][663]LogShaderCompilers: Display: Worker (10/13): shaders left to compile 1
[2020.01.25-00.04.44:838][684]MaterialEditorStats: Base pass shader: 129 instructions
[2020.01.25-00.04.44:838][684]MaterialEditorStats: Base pass shader with Volumetric Lightmap: 207 instructions
[2020.01.25-00.04.44:838][684]MaterialEditorStats: Base pass vertex shader: 50 instructions
[2020.01.25-00.04.44:838][684]MaterialEditorStats: Texture samplers: 6/16
[2020.01.25-00.04.44:838][684]MaterialEditorStats: Texture Lookups (Est.): VS(0), PS(3)
[2020.01.25-00.04.44:838][684]MaterialEditorStats: User interpolators: 2/4 Scalars (1/4 Vectors) (TexCoords: 2, Custom: 0)
[2020.01.25-00.04.48:032][ 11]LogSlate: FSceneViewport::OnFocusLost() reason 0
[2020.01.25-00.04.48:120][ 21]LogMaterialEditor: Saving and Compiling material m_Leafalphas
[2020.01.25-00.04.48:498][ 21]LogMaterial: Display: Missing cached shader map for material m_Leafalphas, compiling. 
[2020.01.25-00.04.48:562][ 21]LogShaderCompilers: Display: Worker (1/13): shaders left to compile 44
[2020.01.25-00.04.48:562][ 21]LogShaderCompilers: Display: Worker (2/13): shaders left to compile 43
[2020.01.25-00.04.48:562][ 21]LogShaderCompilers: Display: Worker (3/13): shaders left to compile 42
[2020.01.25-00.04.48:562][ 21]LogShaderCompilers: Display: Worker (4/13): shaders left to compile 41
[2020.01.25-00.04.48:562][ 21]LogShaderCompilers: Display: Worker (5/13): shaders left to compile 40
[2020.01.25-00.04.48:562][ 21]LogShaderCompilers: Display: Worker (6/13): shaders left to compile 39
[2020.01.25-00.04.48:562][ 21]LogShaderCompilers: Display: Worker (7/13): shaders left to compile 38
[2020.01.25-00.04.48:562][ 21]LogShaderCompilers: Display: Worker (8/13): shaders left to compile 37
[2020.01.25-00.04.48:562][ 21]LogShaderCompilers: Display: Worker (9/13): shaders left to compile 36
[2020.01.25-00.04.48:562][ 21]LogShaderCompilers: Display: Worker (10/13): shaders left to compile 35
[2020.01.25-00.04.48:562][ 21]LogShaderCompilers: Display: Worker (11/13): shaders left to compile 34
[2020.01.25-00.04.48:562][ 21]LogShaderCompilers: Display: Worker (12/13): shaders left to compile 33
[2020.01.25-00.04.48:577][ 21]LogMaterial: Display: Missing cached shader map for material m_Leafalphas, compiling. 
[2020.01.25-00.04.48:600][ 21]LogMaterial: Display: Missing cached shader map for material m_Leafalphas, compiling. 
[2020.01.25-00.04.48:662][ 21]LogUObjectHash: Compacting FUObjectHashTables data took   2.15ms
[2020.01.25-00.04.48:671][ 21]LogMaterial: Display: Missing cached shader map for material DebugViewMode MaterialTexCoordScale, compiling. 
[2020.01.25-00.04.49:904][ 21]LogShaderCompilers: Display: Worker (3/13): shaders left to compile 79
[2020.01.25-00.04.49:904][ 21]LogShaderCompilers: Display: Worker (1/13): shaders left to compile 78
[2020.01.25-00.04.49:904][ 21]LogShaderCompilers: Display: Worker (5/13): shaders left to compile 77
[2020.01.25-00.04.49:904][ 21]LogShaderCompilers: Display: Worker (7/13): shaders left to compile 76
[2020.01.25-00.04.49:904][ 21]LogShaderCompilers: Display: Worker (4/13): shaders left to compile 75
[2020.01.25-00.04.49:904][ 21]LogShaderCompilers: Display: Worker (6/13): shaders left to compile 74
[2020.01.25-00.04.49:904][ 21]LogShaderCompilers: Display: Worker (2/13): shaders left to compile 73
[2020.01.25-00.04.49:904][ 21]LogShaderCompilers: Display: Worker (9/13): shaders left to compile 72
[2020.01.25-00.04.49:904][ 21]LogShaderCompilers: Display: Worker (10/13): shaders left to compile 71
[2020.01.25-00.04.49:904][ 21]LogShaderCompilers: Display: Worker (8/13): shaders left to compile 70
[2020.01.25-00.04.49:904][ 21]LogShaderCompilers: Display: Worker (11/13): shaders left to compile 69
[2020.01.25-00.04.49:904][ 21]LogShaderCompilers: Display: Worker (12/13): shaders left to compile 68
[2020.01.25-00.04.49:904][ 21]LogShaderCompilers: Display: Worker (1/13): shaders left to compile 67
[2020.01.25-00.04.49:904][ 21]LogShaderCompilers: Display: Worker (3/13): shaders left to compile 66
[2020.01.25-00.04.49:904][ 21]LogShaderCompilers: Display: Worker (5/13): shaders left to compile 65
[2020.01.25-00.04.49:904][ 21]LogShaderCompilers: Display: Worker (9/13): shaders left to compile 64
[2020.01.25-00.04.49:904][ 21]LogShaderCompilers: Display: Worker (7/13): shaders left to compile 63
[2020.01.25-00.04.49:904][ 21]LogShaderCompilers: Display: Worker (12/13): shaders left to compile 62
[2020.01.25-00.04.49:904][ 21]LogShaderCompilers: Display: Worker (8/13): shaders left to compile 61
[2020.01.25-00.04.49:904][ 21]LogShaderCompilers: Display: Worker (4/13): shaders left to compile 60
[2020.01.25-00.04.49:904][ 21]LogShaderCompilers: Display: Worker (6/13): shaders left to compile 59
[2020.01.25-00.04.49:904][ 21]LogShaderCompilers: Display: Worker (3/13): shaders left to compile 58
[2020.01.25-00.04.49:904][ 21]LogShaderCompilers: Display: Worker (10/13): shaders left to compile 57
[2020.01.25-00.04.49:904][ 21]LogShaderCompilers: Display: Worker (9/13): shaders left to compile 56
[2020.01.25-00.04.49:904][ 21]LogShaderCompilers: Display: Worker (11/13): shaders left to compile 55
[2020.01.25-00.04.49:904][ 21]LogShaderCompilers: Display: Worker (1/13): shaders left to compile 54
[2020.01.25-00.04.49:904][ 21]LogShaderCompilers: Display: Worker (5/13): shaders left to compile 53
[2020.01.25-00.04.49:904][ 21]LogShaderCompilers: Display: Worker (7/13): shaders left to compile 52
[2020.01.25-00.04.49:904][ 21]LogShaderCompilers: Display: Worker (2/13): shaders left to compile 51
[2020.01.25-00.04.49:904][ 21]LogShaderCompilers: Display: Worker (4/13): shaders left to compile 50
[2020.01.25-00.04.49:904][ 21]LogShaderCompilers: Display: Worker (10/13): shaders left to compile 49
[2020.01.25-00.04.49:904][ 21]LogShaderCompilers: Display: Worker (1/13): shaders left to compile 48
[2020.01.25-00.04.49:905][ 21]LogShaderCompilers: Display: Worker (12/13): shaders left to compile 47
[2020.01.25-00.04.49:905][ 21]LogShaderCompilers: Display: Worker (2/13): shaders left to compile 46
[2020.01.25-00.04.49:905][ 21]LogShaderCompilers: Display: Worker (8/13): shaders left to compile 45
[2020.01.25-00.04.49:905][ 21]LogShaderCompilers: Display: Worker (6/13): shaders left to compile 41
[2020.01.25-00.04.49:905][ 21]LogShaderCompilers: Display: Worker (5/13): shaders left to compile 37
[2020.01.25-00.04.49:905][ 21]LogShaderCompilers: Display: Worker (3/13): shaders left to compile 33
[2020.01.25-00.04.49:905][ 21]LogShaderCompilers: Display: Worker (9/13): shaders left to compile 30
[2020.01.25-00.04.49:905][ 21]LogShaderCompilers: Display: Worker (11/13): shaders left to compile 27
[2020.01.25-00.04.49:905][ 21]LogShaderCompilers: Display: Worker (7/13): shaders left to compile 24
[2020.01.25-00.04.49:905][ 21]LogShaderCompilers: Display: Worker (1/13): shaders left to compile 21
[2020.01.25-00.04.49:905][ 21]LogShaderCompilers: Display: Worker (12/13): shaders left to compile 19
[2020.01.25-00.04.49:905][ 21]LogShaderCompilers: Display: Worker (2/13): shaders left to compile 17
[2020.01.25-00.04.49:908][ 21]TextureStreamingBuild: Display: Compiling optional shaders took 1.246 seconds.
[2020.01.25-00.04.49:956][ 21]LogUObjectHash: Compacting FUObjectHashTables data took   1.34ms
[2020.01.25-00.04.51:072][ 21]LogShaderCompilers: Display: Worker (10/13): shaders left to compile 15
[2020.01.25-00.04.51:072][ 21]LogShaderCompilers: Display: Worker (4/13): shaders left to compile 13
[2020.01.25-00.04.51:072][ 21]LogShaderCompilers: Display: Worker (1/13): shaders left to compile 11
[2020.01.25-00.04.51:072][ 21]LogShaderCompilers: Display: Worker (12/13): shaders left to compile 10
[2020.01.25-00.04.51:072][ 21]LogShaderCompilers: Display: Worker (7/13): shaders left to compile 9
[2020.01.25-00.04.51:072][ 21]LogShaderCompilers: Display: Worker (6/13): shaders left to compile 8
[2020.01.25-00.04.51:072][ 21]LogShaderCompilers: Display: Worker (8/13): shaders left to compile 7
[2020.01.25-00.04.51:072][ 21]LogShaderCompilers: Display: Worker (3/13): shaders left to compile 6
[2020.01.25-00.04.51:072][ 21]LogShaderCompilers: Display: Worker (9/13): shaders left to compile 5
[2020.01.25-00.04.51:072][ 21]LogShaderCompilers: Display: Worker (1/13): shaders left to compile 4
[2020.01.25-00.04.51:072][ 21]LogShaderCompilers: Display: Worker (11/13): shaders left to compile 3
[2020.01.25-00.04.51:072][ 21]LogShaderCompilers: Display: Worker (2/13): shaders left to compile 2
[2020.01.25-00.04.51:072][ 21]LogShaderCompilers: Display: Worker (5/13): shaders left to compile 1
[2020.01.25-00.04.51:109][ 21]Cmd: OBJ SAVEPACKAGE PACKAGE="/Game/Materials/m_Leafalphas" FILE="../../../../Art/Park_SFAS/Park/Content/Materials/m_Leafalphas.uasset" SILENT=true
[2020.01.25-00.04.51:125][ 21]LogSavePackage: Moving '../../../../Art/Park_SFAS/Park/Saved/m_Leafalphas67CC514E408E1C29F5ECF1AED64ABF7A.tmp' to '../../../../Art/Park_SFAS/Park/Content/Materials/m_Leafalphas.uasset'
[2020.01.25-00.05.05:240][260]LogSlate: Window 'Message' being destroyed
[2020.01.25-00.05.05:633][260]LogMaterial: Display: Missing cached shader map for material m_Foliage, compiling. 
[2020.01.25-00.05.05:732][260]LogShaderCompilers: Display: Worker (1/13): shaders left to compile 57
[2020.01.25-00.05.05:733][260]LogShaderCompilers: Display: Worker (2/13): shaders left to compile 56
[2020.01.25-00.05.05:733][260]LogShaderCompilers: Display: Worker (3/13): shaders left to compile 55
[2020.01.25-00.05.05:733][260]LogShaderCompilers: Display: Worker (4/13): shaders left to compile 54
[2020.01.25-00.05.05:733][260]LogShaderCompilers: Display: Worker (5/13): shaders left to compile 53
[2020.01.25-00.05.05:733][260]LogShaderCompilers: Display: Worker (6/13): shaders left to compile 52
[2020.01.25-00.05.05:733][260]LogShaderCompilers: Display: Worker (7/13): shaders left to compile 51
[2020.01.25-00.05.05:733][260]LogShaderCompilers: Display: Worker (8/13): shaders left to compile 50
[2020.01.25-00.05.05:733][260]LogShaderCompilers: Display: Worker (9/13): shaders left to compile 49
[2020.01.25-00.05.05:733][260]LogShaderCompilers: Display: Worker (10/13): shaders left to compile 48
[2020.01.25-00.05.05:733][260]LogShaderCompilers: Display: Worker (11/13): shaders left to compile 47
[2020.01.25-00.05.05:733][260]LogShaderCompilers: Display: Worker (12/13): shaders left to compile 46
[2020.01.25-00.05.05:740][260]LogMaterial: Display: Missing cached shader map for material m_Foliage, compiling. 
[2020.01.25-00.05.05:772][260]LogMaterial: Display: Missing cached shader map for material m_Foliage, compiling. 
[2020.01.25-00.05.05:851][260]LogUObjectHash: Compacting FUObjectHashTables data took   1.30ms
[2020.01.25-00.05.05:866][260]LogMaterial: Display: Missing cached shader map for material DebugViewMode MaterialTexCoordScale, compiling. 
[2020.01.25-00.05.07:597][260]LogShaderCompilers: Display: Worker (1/13): shaders left to compile 105
[2020.01.25-00.05.07:597][260]LogShaderCompilers: Display: Worker (3/13): shaders left to compile 104
[2020.01.25-00.05.07:597][260]LogShaderCompilers: Display: Worker (7/13): shaders left to compile 103
[2020.01.25-00.05.07:597][260]LogShaderCompilers: Display: Worker (5/13): shaders left to compile 102
[2020.01.25-00.05.07:597][260]LogShaderCompilers: Display: Worker (4/13): shaders left to compile 101
[2020.01.25-00.05.07:597][260]LogShaderCompilers: Display: Worker (6/13): shaders left to compile 100
[2020.01.25-00.05.07:597][260]LogShaderCompilers: Display: Worker (9/13): shaders left to compile 99
[2020.01.25-00.05.07:597][260]LogShaderCompilers: Display: Worker (2/13): shaders left to compile 98
[2020.01.25-00.05.07:597][260]LogShaderCompilers: Display: Worker (8/13): shaders left to compile 97
[2020.01.25-00.05.07:598][260]LogShaderCompilers: Display: Worker (10/13): shaders left to compile 96
[2020.01.25-00.05.07:598][260]LogShaderCompilers: Display: Worker (11/13): shaders left to compile 95
[2020.01.25-00.05.07:598][260]LogShaderCompilers: Display: Worker (12/13): shaders left to compile 94
[2020.01.25-00.05.07:598][260]LogShaderCompilers: Display: Worker (1/13): shaders left to compile 93
[2020.01.25-00.05.07:598][260]LogShaderCompilers: Display: Worker (3/13): shaders left to compile 92
[2020.01.25-00.05.07:598][260]LogShaderCompilers: Display: Worker (7/13): shaders left to compile 91
[2020.01.25-00.05.07:598][260]LogShaderCompilers: Display: Worker (5/13): shaders left to compile 90
[2020.01.25-00.05.07:598][260]LogShaderCompilers: Display: Worker (2/13): shaders left to compile 89
[2020.01.25-00.05.07:598][260]LogShaderCompilers: Display: Worker (10/13): shaders left to compile 88
[2020.01.25-00.05.07:598][260]LogShaderCompilers: Display: Worker (4/13): shaders left to compile 87
[2020.01.25-00.05.07:598][260]LogShaderCompilers: Display: Worker (6/13): shaders left to compile 86
[2020.01.25-00.05.07:598][260]LogShaderCompilers: Display: Worker (12/13): shaders left to compile 85
[2020.01.25-00.05.07:598][260]LogShaderCompilers: Display: Worker (8/13): shaders left to compile 84
[2020.01.25-00.05.07:598][260]LogShaderCompilers: Display: Worker (3/13): shaders left to compile 83
[2020.01.25-00.05.07:598][260]LogShaderCompilers: Display: Worker (11/13): shaders left to compile 82
[2020.01.25-00.05.07:598][260]LogShaderCompilers: Display: Worker (5/13): shaders left to compile 81
[2020.01.25-00.05.07:598][260]LogShaderCompilers: Display: Worker (1/13): shaders left to compile 80
[2020.01.25-00.05.07:598][260]LogShaderCompilers: Display: Worker (10/13): shaders left to compile 79
[2020.01.25-00.05.07:598][260]LogShaderCompilers: Display: Worker (6/13): shaders left to compile 78
[2020.01.25-00.05.07:598][260]LogShaderCompilers: Display: Worker (7/13): shaders left to compile 77
[2020.01.25-00.05.07:598][260]LogShaderCompilers: Display: Worker (2/13): shaders left to compile 76
[2020.01.25-00.05.07:598][260]LogShaderCompilers: Display: Worker (9/13): shaders left to compile 75
[2020.01.25-00.05.07:598][260]LogShaderCompilers: Display: Worker (4/13): shaders left to compile 74
[2020.01.25-00.05.07:598][260]LogShaderCompilers: Display: Worker (12/13): shaders left to compile 73
[2020.01.25-00.05.07:598][260]LogShaderCompilers: Display: Worker (11/13): shaders left to compile 72
[2020.01.25-00.05.07:598][260]LogShaderCompilers: Display: Worker (10/13): shaders left to compile 71
[2020.01.25-00.05.07:598][260]LogShaderCompilers: Display: Worker (2/13): shaders left to compile 70
[2020.01.25-00.05.07:598][260]LogShaderCompilers: Display: Worker (12/13): shaders left to compile 69
[2020.01.25-00.05.07:598][260]LogShaderCompilers: Display: Worker (8/13): shaders left to compile 68
[2020.01.25-00.05.07:598][260]LogShaderCompilers: Display: Worker (5/13): shaders left to compile 67
[2020.01.25-00.05.07:598][260]LogShaderCompilers: Display: Worker (6/13): shaders left to compile 66
[2020.01.25-00.05.07:598][260]LogShaderCompilers: Display: Worker (7/13): shaders left to compile 65
[2020.01.25-00.05.07:598][260]LogShaderCompilers: Display: Worker (3/13): shaders left to compile 64
[2020.01.25-00.05.07:598][260]LogShaderCompilers: Display: Worker (1/13): shaders left to compile 63
[2020.01.25-00.05.07:598][260]LogShaderCompilers: Display: Worker (9/13): shaders left to compile 62
[2020.01.25-00.05.07:598][260]LogShaderCompilers: Display: Worker (4/13): shaders left to compile 61
[2020.01.25-00.05.07:598][260]LogShaderCompilers: Display: Worker (2/13): shaders left to compile 60
[2020.01.25-00.05.07:598][260]LogShaderCompilers: Display: Worker (11/13): shaders left to compile 59
[2020.01.25-00.05.07:598][260]LogShaderCompilers: Display: Worker (5/13): shaders left to compile 58
[2020.01.25-00.05.07:598][260]LogShaderCompilers: Display: Worker (4/13): shaders left to compile 53
[2020.01.25-00.05.07:598][260]LogShaderCompilers: Display: Worker (3/13): shaders left to compile 48
[2020.01.25-00.05.07:598][260]LogShaderCompilers: Display: Worker (10/13): shaders left to compile 43
[2020.01.25-00.05.07:598][260]LogShaderCompilers: Display: Worker (12/13): shaders left to compile 39
[2020.01.25-00.05.07:598][260]LogShaderCompilers: Display: Worker (6/13): shaders left to compile 35
[2020.01.25-00.05.07:598][260]LogShaderCompilers: Display: Worker (2/13): shaders left to compile 32
[2020.01.25-00.05.07:598][260]LogShaderCompilers: Display: Worker (8/13): shaders left to compile 29
[2020.01.25-00.05.07:598][260]LogShaderCompilers: Display: Worker (7/13): shaders left to compile 26
[2020.01.25-00.05.07:598][260]LogShaderCompilers: Display: Worker (11/13): shaders left to compile 23
[2020.01.25-00.05.07:601][260]TextureStreamingBuild: Display: Compiling optional shaders took 1.750 seconds.
[2020.01.25-00.05.07:644][260]LogUObjectHash: Compacting FUObjectHashTables data took   1.19ms
[2020.01.25-00.05.07:657][260]LogShaderCompilers: Display: Worker (9/13): shaders left to compile 21
[2020.01.25-00.05.07:692][260]LogShaderCompilers: Display: Worker (1/13): shaders left to compile 19
[2020.01.25-00.05.08:110][260]LogShaderCompilers: Display: Worker (8/13): shaders left to compile 17
[2020.01.25-00.05.08:228][260]LogShaderCompilers: Display: Worker (6/13): shaders left to compile 15
[2020.01.25-00.05.08:245][260]LogShaderCompilers: Display: Worker (2/13): shaders left to compile 13
[2020.01.25-00.05.08:381][260]LogShaderCompilers: Display: Worker (5/13): shaders left to compile 11
[2020.01.25-00.05.08:381][260]LogShaderCompilers: Display: Worker (12/13): shaders left to compile 10
[2020.01.25-00.05.08:567][260]LogShaderCompilers: Display: Worker (4/13): shaders left to compile 9
[2020.01.25-00.05.08:584][260]LogShaderCompilers: Display: Worker (11/13): shaders left to compile 8
[2020.01.25-00.05.08:634][260]LogShaderCompilers: Display: Worker (9/13): shaders left to compile 7
[2020.01.25-00.05.08:685][260]LogShaderCompilers: Display: Worker (10/13): shaders left to compile 6
[2020.01.25-00.05.08:736][260]LogShaderCompilers: Display: Worker (5/13): shaders left to compile 5
[2020.01.25-00.05.08:753][260]LogShaderCompilers: Display: Worker (1/13): shaders left to compile 4
[2020.01.25-00.05.08:753][260]LogShaderCompilers: Display: Worker (3/13): shaders left to compile 3
[2020.01.25-00.05.08:923][260]LogShaderCompilers: Display: Worker (12/13): shaders left to compile 2
[2020.01.25-00.05.08:923][260]LogShaderCompilers: Display: Worker (11/13): shaders left to compile 1
[2020.01.25-00.05.10:705][260]LogSlate: Window 'Message' being destroyed
[2020.01.25-00.05.11:083][260]LogMaterial: Display: Missing cached shader map for material m_Leaf, compiling. 
[2020.01.25-00.05.11:125][260]LogShaderCompilers: Display: Worker (1/13): shaders left to compile 21
[2020.01.25-00.05.11:125][260]LogShaderCompilers: Display: Worker (2/13): shaders left to compile 20
[2020.01.25-00.05.11:125][260]LogShaderCompilers: Display: Worker (3/13): shaders left to compile 19
[2020.01.25-00.05.11:125][260]LogShaderCompilers: Display: Worker (4/13): shaders left to compile 18
[2020.01.25-00.05.11:125][260]LogShaderCompilers: Display: Worker (5/13): shaders left to compile 17
[2020.01.25-00.05.11:125][260]LogShaderCompilers: Display: Worker (6/13): shaders left to compile 16
[2020.01.25-00.05.11:125][260]LogShaderCompilers: Display: Worker (7/13): shaders left to compile 15
[2020.01.25-00.05.11:125][260]LogShaderCompilers: Display: Worker (8/13): shaders left to compile 14
[2020.01.25-00.05.11:125][260]LogShaderCompilers: Display: Worker (9/13): shaders left to compile 13
[2020.01.25-00.05.11:125][260]LogShaderCompilers: Display: Worker (10/13): shaders left to compile 12
[2020.01.25-00.05.11:125][260]LogShaderCompilers: Display: Worker (11/13): shaders left to compile 11
[2020.01.25-00.05.11:125][260]LogShaderCompilers: Display: Worker (12/13): shaders left to compile 10
[2020.01.25-00.05.11:142][260]LogMaterial: Display: Missing cached shader map for material m_Leaf, compiling. 
[2020.01.25-00.05.11:160][260]LogMaterial: Display: Missing cached shader map for material m_Leaf, compiling. 
[2020.01.25-00.05.11:213][260]LogUObjectHash: Compacting FUObjectHashTables data took   1.09ms
[2020.01.25-00.05.11:225][260]LogMaterial: Display: Missing cached shader map for material DebugViewMode MaterialTexCoordScale, compiling. 
[2020.01.25-00.05.12:004][260]LogShaderCompilers: Display: Worker (8/13): shaders left to compile 33
[2020.01.25-00.05.12:004][260]LogShaderCompilers: Display: Worker (1/13): shaders left to compile 32
[2020.01.25-00.05.12:004][260]LogShaderCompilers: Display: Worker (2/13): shaders left to compile 31
[2020.01.25-00.05.12:004][260]LogShaderCompilers: Display: Worker (3/13): shaders left to compile 30
[2020.01.25-00.05.12:004][260]LogShaderCompilers: Display: Worker (5/13): shaders left to compile 29
[2020.01.25-00.05.12:004][260]LogShaderCompilers: Display: Worker (4/13): shaders left to compile 28
[2020.01.25-00.05.12:004][260]LogShaderCompilers: Display: Worker (6/13): shaders left to compile 27
[2020.01.25-00.05.12:004][260]LogShaderCompilers: Display: Worker (7/13): shaders left to compile 26
[2020.01.25-00.05.12:004][260]LogShaderCompilers: Display: Worker (9/13): shaders left to compile 25
[2020.01.25-00.05.12:004][260]LogShaderCompilers: Display: Worker (12/13): shaders left to compile 24
[2020.01.25-00.05.12:004][260]LogShaderCompilers: Display: Worker (10/13): shaders left to compile 23
[2020.01.25-00.05.12:004][260]LogShaderCompilers: Display: Worker (2/13): shaders left to compile 22
[2020.01.25-00.05.12:004][260]LogShaderCompilers: Display: Worker (11/13): shaders left to compile 20
[2020.01.25-00.05.12:004][260]LogShaderCompilers: Display: Worker (4/13): shaders left to compile 18
[2020.01.25-00.05.12:004][260]LogShaderCompilers: Display: Worker (12/13): shaders left to compile 16
[2020.01.25-00.05.12:004][260]LogShaderCompilers: Display: Worker (9/13): shaders left to compile 14
[2020.01.25-00.05.12:004][260]LogShaderCompilers: Display: Worker (8/13): shaders left to compile 12
[2020.01.25-00.05.12:004][260]LogShaderCompilers: Display: Worker (6/13): shaders left to compile 10
[2020.01.25-00.05.12:004][260]LogShaderCompilers: Display: Worker (1/13): shaders left to compile 9
[2020.01.25-00.05.12:004][260]LogShaderCompilers: Display: Worker (10/13): shaders left to compile 8
[2020.01.25-00.05.12:004][260]LogShaderCompilers: Display: Worker (7/13): shaders left to compile 7
[2020.01.25-00.05.12:006][260]TextureStreamingBuild: Display: Compiling optional shaders took 0.793 seconds.
[2020.01.25-00.05.12:048][260]LogShaderCompilers: Display: Worker (3/13): shaders left to compile 6
[2020.01.25-00.05.12:048][260]LogUObjectHash: Compacting FUObjectHashTables data took   1.13ms
[2020.01.25-00.05.12:062][260]LogShaderCompilers: Display: Worker (5/13): shaders left to compile 5
[2020.01.25-00.05.12:062][260]LogSlate: Window 'm_Leafalphas' being destroyed
[2020.01.25-00.05.12:065][260]LogSlate: Window 'm_Leafalphas' being destroyed
[2020.01.25-00.05.12:115][260]LogWorld: UWorld::CleanupWorld for World_1, bSessionEnded=true, bCleanupResources=true
[2020.01.25-00.05.12:189][260]LogWorld: UWorld::CleanupWorld for World_3, bSessionEnded=true, bCleanupResources=true
[2020.01.25-00.05.12:270][260]LogWorld: UWorld::CleanupWorld for World_4, bSessionEnded=true, bCleanupResources=true
[2020.01.25-00.05.12:324][261]LogShaderCompilers: Display: Worker (12/13): shaders left to compile 4
[2020.01.25-00.05.12:359][262]LogShaderCompilers: Display: Worker (2/13): shaders left to compile 3
[2020.01.25-00.05.12:400][263]LogShaderCompilers: Display: Worker (11/13): shaders left to compile 2
[2020.01.25-00.05.12:453][266]LogShaderCompilers: Display: Worker (10/13): shaders left to compile 1
[2020.01.25-00.13.11:744][583]LogUObjectHash: Compacting FUObjectHashTables data took   1.81ms
[2020.01.25-00.13.11:745][583]Cmd: OBJ SAVEPACKAGE PACKAGE="/Game/Diorama" FILE="../../../../Art/Park_SFAS/Park/Saved/Autosaves/Game/Diorama_Auto2.umap" SILENT=true AUTOSAVING=true KEEPDIRTY=false
[2020.01.25-00.13.11:952][583]LogSavePackage: Moving '../../../../Art/Park_SFAS/Park/Saved/Diorama_Auto2C5BE3B604847D3B9F83569A9CF4467A9.tmp' to '../../../../Art/Park_SFAS/Park/Saved/Autosaves/Game/Diorama_Auto2.umap'
[2020.01.25-00.13.11:958][583]LogFileHelpers: Editor autosave (incl. sublevels) for '/Game/Diorama' took 0.252
[2020.01.25-00.13.11:958][583]LogFileHelpers: Editor autosave (incl. sublevels) for all levels took 0.252
[2020.01.25-00.13.11:960][583]OBJ SavePackage: Generating thumbnails for [1] asset(s) in package [/Game/Materials/m_Foliage] ([1] browsable assets)...
[2020.01.25-00.13.11:972][583]OBJ SavePackage:     Rendered thumbnail for [Material /Game/Materials/m_Foliage.m_Foliage]
[2020.01.25-00.13.11:972][583]OBJ SavePackage: Finished generating thumbnails for package [/Game/Materials/m_Foliage]
[2020.01.25-00.13.11:972][583]Cmd: OBJ SAVEPACKAGE PACKAGE="/Game/Materials/m_Foliage" FILE="../../../../Art/Park_SFAS/Park/Saved/Autosaves/Game/Materials/m_Foliage_Auto2.uasset" SILENT=false AUTOSAVING=true
[2020.01.25-00.13.11:996][583]LogSavePackage: Moving '../../../../Art/Park_SFAS/Park/Saved/m_Foliage_Auto211466CAB47C09E21163BBAA125363529.tmp' to '../../../../Art/Park_SFAS/Park/Saved/Autosaves/Game/Materials/m_Foliage_Auto2.uasset'
[2020.01.25-00.13.11:997][583]OBJ SavePackage: Generating thumbnails for [1] asset(s) in package [/Game/Materials/m_Leaf] ([1] browsable assets)...
[2020.01.25-00.13.12:005][583]OBJ SavePackage:     Rendered thumbnail for [Material /Game/Materials/m_Leaf.m_Leaf]
[2020.01.25-00.13.12:005][583]OBJ SavePackage: Finished generating thumbnails for package [/Game/Materials/m_Leaf]
[2020.01.25-00.13.12:005][583]Cmd: OBJ SAVEPACKAGE PACKAGE="/Game/Materials/m_Leaf" FILE="../../../../Art/Park_SFAS/Park/Saved/Autosaves/Game/Materials/m_Leaf_Auto2.uasset" SILENT=false AUTOSAVING=true
[2020.01.25-00.13.12:026][583]LogSavePackage: Moving '../../../../Art/Park_SFAS/Park/Saved/m_Leaf_Auto2D73F294348D437897B740095744E8438.tmp' to '../../../../Art/Park_SFAS/Park/Saved/Autosaves/Game/Materials/m_Leaf_Auto2.uasset'
[2020.01.25-00.13.12:027][583]LogFileHelpers: Auto-saving content packages took 0.069
[2020.01.25-00.37.36:202][967]LogEditorViewport: Clicking on Actor (LMB): StaticMeshActor (SM_Pavilion_fountain)
[2020.01.25-00.37.38:479][215]Cmd: TRANSACTION UNDO
[2020.01.25-00.37.38:479][215]LogEditorTransaction: Undo Scale Actors
[2020.01.25-00.37.41:690][523]Cmd: SELECT NONE
[2020.01.25-00.37.45:453][963]Cmd: SELECT NONE
[2020.01.25-00.37.48:347][301]LogEditorViewport: Clicking on Actor (LMB): StaticMeshActor (SM_tree)
[2020.01.25-00.37.48:832][344]LogEditorViewport: Clicking on Actor (LMB): BP_Sky_Sphere_C (BP_Sky_Sphere)
[2020.01.25-00.37.49:261][392]Cmd: SELECT NONE
[2020.01.25-00.38.27:116][260]LogUObjectHash: Compacting FUObjectHashTables data took   2.06ms
[2020.01.25-00.38.27:117][260]Cmd: OBJ SAVEPACKAGE PACKAGE="/Game/Diorama" FILE="../../../../Art/Park_SFAS/Park/Saved/Autosaves/Game/Diorama_Auto3.umap" SILENT=true AUTOSAVING=true KEEPDIRTY=false
[2020.01.25-00.38.27:545][260]LogSavePackage: Moving '../../../../Art/Park_SFAS/Park/Saved/Diorama_Auto321DF8D99401118F2157060ADB4157154.tmp' to '../../../../Art/Park_SFAS/Park/Saved/Autosaves/Game/Diorama_Auto3.umap'
[2020.01.25-00.38.27:548][260]LogFileHelpers: Editor autosave (incl. sublevels) for '/Game/Diorama' took 0.467
[2020.01.25-00.38.27:548][260]LogFileHelpers: Editor autosave (incl. sublevels) for all levels took 0.467
[2020.01.25-00.41.10:148][748]LogSlate: FSceneViewport::OnFocusLost() reason 0
[2020.01.25-00.41.10:333][748]LogUObjectHash: Compacting FUObjectHashTables data took   2.05ms
[2020.01.25-00.41.11:590][748]LogSlate: Window 'Save Content' being destroyed
[2020.01.25-00.41.11:610][748]Cmd: OBJ SAVEPACKAGE PACKAGE="/Game/Diorama" FILE="../../../../Art/Park_SFAS/Park/Content/Diorama.umap" SILENT=true AUTOSAVING=false KEEPDIRTY=false
[2020.01.25-00.41.11:648][748]LogUObjectHash: Compacting FUObjectHashTables data took   0.73ms
[2020.01.25-00.41.11:855][748]LogSavePackage: Moving '../../../../Art/Park_SFAS/Park/Saved/DioramaD164F6784994D868E654DBA61F01AC49.tmp' to '../../../../Art/Park_SFAS/Park/Content/Diorama.umap'
[2020.01.25-00.41.11:884][748]LogFileHelpers: Saving map 'Diorama' took 0.274
[2020.01.25-00.41.11:886][748]Cmd: OBJ SAVEPACKAGE PACKAGE="/Game/Materials/m_Foliage" FILE="../../../../Art/Park_SFAS/Park/Content/Materials/m_Foliage.uasset" SILENT=true
[2020.01.25-00.41.11:900][748]LogSavePackage: Moving '../../../../Art/Park_SFAS/Park/Saved/m_FoliageD814249B40623B0C7492A79FE4AA6F35.tmp' to '../../../../Art/Park_SFAS/Park/Content/Materials/m_Foliage.uasset'
[2020.01.25-00.41.11:907][748]Cmd: OBJ SAVEPACKAGE PACKAGE="/Game/Materials/m_Leaf" FILE="../../../../Art/Park_SFAS/Park/Content/Materials/m_Leaf.uasset" SILENT=true
[2020.01.25-00.41.11:919][748]LogSavePackage: Moving '../../../../Art/Park_SFAS/Park/Saved/m_Leaf25B418634670B2A3AC03D1AC73C6D880.tmp' to '../../../../Art/Park_SFAS/Park/Content/Materials/m_Leaf.uasset'
[2020.01.25-00.41.11:985][748]LogSlate: Window 'Park - Unreal Editor' being destroyed
[2020.01.25-00.41.12:131][749]Cmd: QUIT_EDITOR
[2020.01.25-00.41.12:146][749]LogWindowsTextInputMethodSystem: Display: IME system now deactivated.
[2020.01.25-00.41.12:159][749]LogExit: Preparing to exit.
[2020.01.25-00.41.12:296][749]LogWorld: UWorld::CleanupWorld for World_0, bSessionEnded=true, bCleanupResources=true
[2020.01.25-00.41.12:296][749]LogWorld: UWorld::CleanupWorld for World_2, bSessionEnded=true, bCleanupResources=true
[2020.01.25-00.41.12:319][749]LogWorld: UWorld::CleanupWorld for None, bSessionEnded=true, bCleanupResources=true
[2020.01.25-00.41.12:319][749]LogExit: Editor shut down
[2020.01.25-00.41.12:319][749]LogExit: Transaction tracking system shut down
[2020.01.25-00.41.12:320][749]LogDemo: Cleaned up 0 splitscreen connections with owner deletion
[2020.01.25-00.41.12:523][749]LogExit: Object subsystem successfully closed.
[2020.01.25-00.41.12:549][749]LogShaderCompilers: Display: Shaders left to compile 0
[2020.01.25-00.41.12:557][749]LogModuleManager: Shutting down and abandoning module HierarchicalLODOutliner (670)
[2020.01.25-00.41.12:557][749]LogModuleManager: Shutting down and abandoning module SceneOutliner (668)
[2020.01.25-00.41.12:557][749]LogModuleManager: Shutting down and abandoning module AddContentDialog (666)
[2020.01.25-00.41.12:557][749]LogModuleManager: Shutting down and abandoning module WidgetCarousel (665)
[2020.01.25-00.41.12:557][749]LogModuleManager: Shutting down and abandoning module EditorWidgets (662)
[2020.01.25-00.41.12:557][749]LogModuleManager: Shutting down and abandoning module CollectionManager (660)
[2020.01.25-00.41.12:557][749]LogModuleManager: Shutting down and abandoning module HierarchicalLODUtilities (658)
[2020.01.25-00.41.12:557][749]LogModuleManager: Shutting down and abandoning module StatsViewer (656)
[2020.01.25-00.41.12:557][749]LogModuleManager: Shutting down and abandoning module VirtualTexturingEditor (654)
[2020.01.25-00.41.12:558][749]LogModuleManager: Shutting down and abandoning module FoliageEdit (652)
[2020.01.25-00.41.12:558][749]LogModuleManager: Shutting down and abandoning module LandscapeEditor (650)
[2020.01.25-00.41.12:558][749]LogModuleManager: Shutting down and abandoning module MeshPaintMode (648)
[2020.01.25-00.41.12:558][749]LogModuleManager: Shutting down and abandoning module SceneDepthPickerMode (646)
[2020.01.25-00.41.12:558][749]LogModuleManager: Shutting down and abandoning module ActorPickerMode (644)
[2020.01.25-00.41.12:558][749]LogModuleManager: Shutting down and abandoning module GeometryMode (642)
[2020.01.25-00.41.12:558][749]LogModuleManager: Shutting down and abandoning module TextureAlignMode (640)
[2020.01.25-00.41.12:558][749]LogModuleManager: Shutting down and abandoning module BspMode (638)
[2020.01.25-00.41.12:558][749]LogModuleManager: Shutting down and abandoning module PIEPreviewDeviceProfileSelector (636)
[2020.01.25-00.41.12:558][749]LogModuleManager: Shutting down and abandoning module SequenceRecorderSections (634)
[2020.01.25-00.41.12:558][749]LogModuleManager: Shutting down and abandoning module AutomationWorker (632)
[2020.01.25-00.41.12:558][749]LogModuleManager: Shutting down and abandoning module OculusMR (630)
[2020.01.25-00.41.12:558][749]LogModuleManager: Shutting down and abandoning module AudioCaptureEditor (628)
[2020.01.25-00.41.12:558][749]LogModuleManager: Shutting down and abandoning module MatineeToLevelSequence (626)
[2020.01.25-00.41.12:558][749]LogModuleManager: Shutting down and abandoning module LevelSequenceEditor (624)
[2020.01.25-00.41.12:558][749]LogModuleManager: Shutting down and abandoning module PlacementMode (623)
[2020.01.25-00.41.12:558][749]LogModuleManager: Shutting down and abandoning module MaterialEditor (622)
[2020.01.25-00.41.12:558][749]LogModuleManager: Shutting down and abandoning module ActorSequenceEditor (618)
[2020.01.25-00.41.12:558][749]LogModuleManager: Shutting down and abandoning module WmfMediaFactory (616)
[2020.01.25-00.41.12:558][749]LogModuleManager: Shutting down and abandoning module WmfMediaEditor (614)
[2020.01.25-00.41.12:558][749]LogModuleManager: Shutting down and abandoning module WebMMediaFactory (612)
[2020.01.25-00.41.12:558][749]LogModuleManager: Shutting down and abandoning module WebMMediaEditor (610)
[2020.01.25-00.41.12:558][749]LogModuleManager: Shutting down and abandoning module WebMMedia (608)
[2020.01.25-00.41.12:558][749]LogModuleManager: Shutting down and abandoning module MediaPlayerEditor (606)
[2020.01.25-00.41.12:558][749]LogModuleManager: Shutting down and abandoning module MediaCompositingEditor (604)
[2020.01.25-00.41.12:558][749]LogModuleManager: Shutting down and abandoning module SequenceRecorder (603)
[2020.01.25-00.41.12:558][749]LogModuleManager: Shutting down and abandoning module OpenExrWrapper (600)
[2020.01.25-00.41.12:558][749]LogModuleManager: Shutting down and abandoning module ImgMediaFactory (598)
[2020.01.25-00.41.12:558][749]LogModuleManager: Shutting down and abandoning module ImgMediaEditor (596)
[2020.01.25-00.41.12:558][749]LogModuleManager: Shutting down and abandoning module AvfMediaFactory (594)
[2020.01.25-00.41.12:558][749]LogModuleManager: Shutting down and abandoning module AvfMediaEditor (592)
[2020.01.25-00.41.12:558][749]LogModuleManager: Shutting down and abandoning module AndroidMediaFactory (590)
[2020.01.25-00.41.12:558][749]LogModuleManager: Shutting down and abandoning module AndroidMediaEditor (588)
[2020.01.25-00.41.12:558][749]LogModuleManager: Shutting down and abandoning module MagicLeapCameraPreviewFactory (586)
[2020.01.25-00.41.12:558][749]LogModuleManager: Shutting down and abandoning module MagicLeapMediaCodecFactory (584)
[2020.01.25-00.41.12:558][749]LogModuleManager: Shutting down and abandoning module MagicLeapMediaFactory (582)
[2020.01.25-00.41.12:558][749]LogModuleManager: Shutting down and abandoning module MagicLeapMediaEditor (580)
[2020.01.25-00.41.12:558][749]LogModuleManager: Shutting down and abandoning module CharacterAI (578)
[2020.01.25-00.41.12:558][749]LogModuleManager: Shutting down and abandoning module SmartSnapping (576)
[2020.01.25-00.41.12:558][749]LogModuleManager: Shutting down and abandoning module SessionServices (574)
[2020.01.25-00.41.12:558][749]LogModuleManager: Shutting down and abandoning module MeshPaint (572)
[2020.01.25-00.41.12:558][749]LogModuleManager: Shutting down and abandoning module ViewportSnapping (570)
[2020.01.25-00.41.12:558][749]LogModuleManager: Shutting down and abandoning module ViewportInteraction (568)
[2020.01.25-00.41.12:558][749]LogModuleManager: Shutting down and abandoning module ClothPainter (566)
[2020.01.25-00.41.12:558][749]LogModuleManager: Shutting down and abandoning module SkeletalMeshEditor (565)
[2020.01.25-00.41.12:558][749]LogModuleManager: Shutting down and abandoning module LogVisualizer (562)
[2020.01.25-00.41.12:559][749]LogModuleManager: Shutting down and abandoning module IntroTutorials (560)
[2020.01.25-00.41.12:559][749]LogModuleManager: Shutting down and abandoning module GameProjectGeneration (559)
[2020.01.25-00.41.12:559][749]LogModuleManager: Shutting down and abandoning module LuminPlatformEditor (556)
[2020.01.25-00.41.12:559][749]LogModuleManager: Shutting down and abandoning module IOSPlatformEditor (554)
[2020.01.25-00.41.12:559][749]LogModuleManager: Shutting down and abandoning module HTML5PlatformEditor (552)
[2020.01.25-00.41.12:559][749]LogModuleManager: Shutting down and abandoning module AndroidPlatformEditor (550)
[2020.01.25-00.41.12:559][749]LogModuleManager: Shutting down and abandoning module AndroidDeviceDetection (549)
[2020.01.25-00.41.13:200][749]LogModuleManager: Shutting down and abandoning module WindowsPlatformEditor (546)
[2020.01.25-00.41.13:200][749]LogModuleManager: Shutting down and abandoning module LuminRuntimeSettings (544)
[2020.01.25-00.41.13:200][749]LogModuleManager: Shutting down and abandoning module IOSRuntimeSettings (542)
[2020.01.25-00.41.13:200][749]LogModuleManager: Shutting down and abandoning module AndroidRuntimeSettings (540)
[2020.01.25-00.41.13:200][749]LogModuleManager: Shutting down and abandoning module TimeManagementEditor (538)
[2020.01.25-00.41.13:200][749]LogModuleManager: Shutting down and abandoning module InputBindingEditor (536)
[2020.01.25-00.41.13:200][749]LogModuleManager: Shutting down and abandoning module MergeActors (534)
[2020.01.25-00.41.13:200][749]LogModuleManager: Shutting down and abandoning module LocalizationDashboard (532)
[2020.01.25-00.41.13:200][749]LogModuleManager: Shutting down and abandoning module LocalizationService (531)
[2020.01.25-00.41.13:200][749]LogModuleManager: Shutting down and abandoning module HardwareTargeting (528)
[2020.01.25-00.41.13:200][749]LogModuleManager: Shutting down and abandoning module DeviceProfileEditor (526)
[2020.01.25-00.41.13:200][749]LogModuleManager: Shutting down and abandoning module UndoHistory (524)
[2020.01.25-00.41.13:200][749]LogModuleManager: Shutting down and abandoning module XmlParser (522)
[2020.01.25-00.41.13:200][749]LogModuleManager: Shutting down and abandoning module Blutility (520)
[2020.01.25-00.41.13:201][749]LogModuleManager: Shutting down and abandoning module ProjectSettingsViewer (518)
[2020.01.25-00.41.13:201][749]LogModuleManager: Shutting down and abandoning module ProjectTargetPlatformEditor (517)
[2020.01.25-00.41.13:201][749]LogModuleManager: Shutting down and abandoning module EditorSettingsViewer (514)
[2020.01.25-00.41.13:201][749]LogModuleManager: Shutting down and abandoning module SettingsEditor (512)
[2020.01.25-00.41.13:201][749]LogModuleManager: Shutting down and abandoning module ProjectLauncher (510)
[2020.01.25-00.41.13:201][749]LogModuleManager: Shutting down and abandoning module SessionFrontend (508)
[2020.01.25-00.41.13:201][749]LogModuleManager: Shutting down and abandoning module ProfilerClient (506)
[2020.01.25-00.41.13:201][749]LogModuleManager: Shutting down and abandoning module DeviceManager (504)
[2020.01.25-00.41.13:201][749]LogModuleManager: Shutting down and abandoning module TargetDeviceServices (503)
[2020.01.25-00.41.13:245][749]LogModuleManager: Shutting down and abandoning module AutomationController (500)
[2020.01.25-00.41.13:245][749]LogModuleManager: Shutting down and abandoning module AutomationWindow (498)
[2020.01.25-00.41.13:245][749]LogModuleManager: Shutting down and abandoning module Layers (496)
[2020.01.25-00.41.13:245][749]LogModuleManager: Shutting down and abandoning module ComponentVisualizers (494)
[2020.01.25-00.41.13:245][749]LogModuleManager: Shutting down and abandoning module DetailCustomizations (492)
[2020.01.25-00.41.13:245][749]LogModuleManager: Shutting down and abandoning module PackagesDialog (490)
[2020.01.25-00.41.13:245][749]LogModuleManager: Shutting down and abandoning module AnimationBlueprintEditor (488)
[2020.01.25-00.41.13:245][749]LogModuleManager: Shutting down and abandoning module Persona (486)
[2020.01.25-00.41.13:245][749]LogModuleManager: Shutting down and abandoning module AdvancedPreviewScene (485)
[2020.01.25-00.41.13:245][749]LogModuleManager: Shutting down and abandoning module AnimGraph (483)
[2020.01.25-00.41.13:245][749]LogModuleManager: Shutting down and abandoning module Kismet (480)
[2020.01.25-00.41.13:245][749]LogModuleManager: Shutting down and abandoning module KismetWidgets (479)
[2020.01.25-00.41.13:245][749]LogModuleManager: Shutting down and abandoning module GraphEditor (476)
[2020.01.25-00.41.13:245][749]LogModuleManager: Shutting down and abandoning module StructViewer (474)
[2020.01.25-00.41.13:246][749]LogModuleManager: Shutting down and abandoning module ClassViewer (472)
[2020.01.25-00.41.13:246][749]LogModuleManager: Shutting down and abandoning module Toolbox (470)
[2020.01.25-00.41.13:246][749]LogModuleManager: Shutting down and abandoning module ModuleUI (468)
[2020.01.25-00.41.13:246][749]LogModuleManager: Shutting down and abandoning module MovieSceneTools (466)
[2020.01.25-00.41.13:246][749]LogModuleManager: Shutting down and abandoning module OutputLog (464)
[2020.01.25-00.41.13:247][749]LogModuleManager: Shutting down and abandoning module GammaUI (462)
[2020.01.25-00.41.13:247][749]LogModuleManager: Shutting down and abandoning module Documentation (460)
[2020.01.25-00.41.13:247][749]LogModuleManager: Shutting down and abandoning module LiveCoding (458)
[2020.01.25-00.41.13:247][749]LogModuleManager: Shutting down and abandoning module LevelSequence (456)
[2020.01.25-00.41.13:247][749]LogModuleManager: Shutting down and abandoning module MovieSceneTracks (454)
[2020.01.25-00.41.13:247][749]LogModuleManager: Shutting down and abandoning module MovieScene (452)
[2020.01.25-00.41.13:247][749]LogModuleManager: Shutting down and abandoning module StreamingPauseRendering (450)
[2020.01.25-00.41.13:247][749]LogModuleManager: Shutting down and abandoning module LauncherPlatform (448)
[2020.01.25-00.41.13:247][749]LogModuleManager: Shutting down and abandoning module AnalyticsET (446)
[2020.01.25-00.41.13:247][749]LogModuleManager: Shutting down and abandoning module PortalServices (444)
[2020.01.25-00.41.13:247][749]LogModuleManager: Shutting down and abandoning module PortalRpc (442)
[2020.01.25-00.41.13:247][749]LogModuleManager: Shutting down and abandoning module MessagingRpc (440)
[2020.01.25-00.41.13:247][749]LogModuleManager: Shutting down and abandoning module AIModule (438)
[2020.01.25-00.41.13:247][749]LogModuleManager: Shutting down and abandoning module GameplayDebugger (437)
[2020.01.25-00.41.13:247][749]LogModuleManager: Shutting down and abandoning module AITestSuite (435)
[2020.01.25-00.41.13:247][749]LogModuleManager: Shutting down and abandoning module NavigationSystem (433)
[2020.01.25-00.41.13:247][749]LogModuleManager: Shutting down and abandoning module DesktopPlatform (430)
[2020.01.25-00.41.13:247][749]LogModuleManager: Shutting down and abandoning module ImageWriteQueue (428)
[2020.01.25-00.41.13:251][749]LogModuleManager: Shutting down and abandoning module ProfilerService (426)
[2020.01.25-00.41.13:352][749]LogModuleManager: Shutting down and abandoning module TaskGraph (424)
[2020.01.25-00.41.13:353][749]LogModuleManager: Shutting down and abandoning module ScreenshotTools (422)
[2020.01.25-00.41.13:353][749]LogModuleManager: Shutting down and abandoning module SteamVRController (420)
[2020.01.25-00.41.13:353][749]LogModuleManager: Shutting down and abandoning module ProceduralMeshComponentEditor (418)
[2020.01.25-00.41.13:353][749]LogModuleManager: Shutting down and abandoning module ProceduralMeshComponent (416)
[2020.01.25-00.41.13:353][749]LogModuleManager: Shutting down and abandoning module OculusEditor (414)
[2020.01.25-00.41.13:353][749]LogModuleManager: Shutting down and abandoning module OculusInput (412)
[2020.01.25-00.41.13:353][749]LogModuleManager: Shutting down and abandoning module MobilePatchingUtils (410)
[2020.01.25-00.41.13:353][749]LogModuleManager: Shutting down and abandoning module EditableMesh (408)
[2020.01.25-00.41.13:353][749]LogModuleManager: Shutting down and abandoning module CustomMeshComponent (406)
[2020.01.25-00.41.13:353][749]LogModuleManager: Shutting down and abandoning module CableComponent (404)
[2020.01.25-00.41.13:353][749]LogModuleManager: Shutting down and abandoning module AudioCapture (402)
[2020.01.25-00.41.13:353][749]LogModuleManager: Shutting down and abandoning module ArchVisCharacter (400)
[2020.01.25-00.41.13:353][749]LogModuleManager: Shutting down and abandoning module AppleImageUtilsBlueprintSupport (398)
[2020.01.25-00.41.13:353][749]LogModuleManager: Shutting down and abandoning module AppleImageUtils (396)
[2020.01.25-00.41.13:353][749]LogModuleManager: Shutting down and abandoning module AndroidPermission (394)
[2020.01.25-00.41.13:353][749]LogModuleManager: Shutting down and abandoning module NUTUnrealEngine4 (392)
[2020.01.25-00.41.13:353][749]LogModuleManager: Shutting down and abandoning module NetcodeUnitTest (390)
[2020.01.25-00.41.13:353][749]LogModuleManager: Shutting down and abandoning module MediaCompositing (388)
[2020.01.25-00.41.13:353][749]LogModuleManager: Shutting down and abandoning module ImgMedia (386)
[2020.01.25-00.41.13:353][749]LogModuleManager: Shutting down and abandoning module MagicLeapHelperVulkan (384)
[2020.01.25-00.41.13:353][749]LogModuleManager: Shutting down and abandoning module MagicLeapHelperOpenGL (382)
[2020.01.25-00.41.13:353][749]LogModuleManager: Shutting down and abandoning module MagicLeapAudio (380)
[2020.01.25-00.41.13:353][749]LogModuleManager: Shutting down and abandoning module HTML5Networking (378)
[2020.01.25-00.41.13:353][749]LogModuleManager: Shutting down and abandoning module GeometryCacheTracks (376)
[2020.01.25-00.41.13:353][749]LogModuleManager: Shutting down and abandoning module GeometryCacheSequencer (374)
[2020.01.25-00.41.13:353][749]LogModuleManager: Shutting down and abandoning module BackChannel (372)
[2020.01.25-00.41.13:353][749]LogModuleManager: Shutting down and abandoning module AutomationUtilsEditor (370)
[2020.01.25-00.41.13:353][749]LogModuleManager: Shutting down and abandoning module AutomationUtils (368)
[2020.01.25-00.41.13:353][749]LogModuleManager: Shutting down and abandoning module AlembicImporter (366)
[2020.01.25-00.41.13:353][749]LogModuleManager: Shutting down and abandoning module AlembicLibrary (365)
[2020.01.25-00.41.13:353][749]LogModuleManager: Shutting down and abandoning module GeometryCache (364)
[2020.01.25-00.41.13:353][749]LogModuleManager: Shutting down and abandoning module GeometryCacheEd (363)
[2020.01.25-00.41.13:353][749]LogModuleManager: Shutting down and abandoning module VariantManagerContent (358)
[2020.01.25-00.41.13:353][749]LogModuleManager: Shutting down and abandoning module DatasmithContentEditor (356)
[2020.01.25-00.41.13:353][749]LogModuleManager: Shutting down and abandoning module SpeedTreeImporter (354)
[2020.01.25-00.41.13:353][749]LogModuleManager: Shutting down and abandoning module PluginBrowser (352)
[2020.01.25-00.41.13:353][749]LogModuleManager: Shutting down and abandoning module MobileLauncherProfileWizard (350)
[2020.01.25-00.41.13:353][749]LogModuleManager: Shutting down and abandoning module MaterialAnalyzer (348)
[2020.01.25-00.41.13:353][749]LogModuleManager: Shutting down and abandoning module CurveEditorTools (346)
[2020.01.25-00.41.13:353][749]LogModuleManager: Shutting down and abandoning module CurveEditor (345)
[2020.01.25-00.41.13:353][749]LogModuleManager: Shutting down and abandoning module CryptoKeysOpenSSL (342)
[2020.01.25-00.41.13:353][749]LogModuleManager: Shutting down and abandoning module CryptoKeys (340)
[2020.01.25-00.41.13:353][749]LogModuleManager: Shutting down and abandoning module VisualStudioSourceCodeAccess (338)
[2020.01.25-00.41.13:353][749]LogModuleManager: Shutting down and abandoning module VisualStudioCodeSourceCodeAccess (336)
[2020.01.25-00.41.13:353][749]LogModuleManager: Shutting down and abandoning module UObjectPlugin (334)
[2020.01.25-00.41.13:353][749]LogModuleManager: Shutting down and abandoning module SubversionSourceControl (332)
[2020.01.25-00.41.13:353][749]LogModuleManager: Shutting down and abandoning module PerforceSourceControl (330)
[2020.01.25-00.41.13:353][749]LogModuleManager: Shutting down and abandoning module GitSourceControl (328)
[2020.01.25-00.41.13:353][749]LogModuleManager: Shutting down and abandoning module SourceControl (327)
[2020.01.25-00.41.13:354][749]LogModuleManager: Shutting down and abandoning module CLionSourceCodeAccess (324)
[2020.01.25-00.41.13:354][749]LogModuleManager: Shutting down and abandoning module AnimationSharingEd (322)
[2020.01.25-00.41.13:354][749]LogModuleManager: Shutting down and abandoning module ActorLayerUtilitiesEditor (320)
[2020.01.25-00.41.13:354][749]LogModuleManager: Shutting down and abandoning module ActorLayerUtilities (318)
[2020.01.25-00.41.13:354][749]LogModuleManager: Shutting down and abandoning module LightPropagationVolumeEditor (316)
[2020.01.25-00.41.13:354][749]LogModuleManager: Shutting down and abandoning module PaperTiledImporter (314)
[2020.01.25-00.41.13:354][749]LogModuleManager: Shutting down and abandoning module PaperSpriteSheetImporter (312)
[2020.01.25-00.41.13:354][749]LogModuleManager: Shutting down and abandoning module Paper2DEditor (310)
[2020.01.25-00.41.13:354][749]LogModuleManager: Shutting down and abandoning module SignificanceManager (308)
[2020.01.25-00.41.13:354][749]LogModuleManager: Shutting down and abandoning module RuntimePhysXCooking (306)
[2020.01.25-00.41.13:354][749]LogModuleManager: Shutting down and abandoning module PhysXVehiclesEditor (304)
[2020.01.25-00.41.13:354][749]LogModuleManager: Shutting down and abandoning module LocationServicesBPLibrary (300)
[2020.01.25-00.41.13:354][749]LogModuleManager: Shutting down and abandoning module ActorSequence (298)
[2020.01.25-00.41.13:354][749]LogModuleManager: Shutting down and abandoning module UdpMessaging (296)
[2020.01.25-00.41.13:454][749]LogModuleManager: Shutting down and abandoning module TcpMessaging (294)
[2020.01.25-00.41.13:555][749]LogModuleManager: Shutting down and abandoning module MagicLeapIdentity (292)
[2020.01.25-00.41.13:555][749]LogModuleManager: Shutting down and abandoning module MagicLeapSecureStorage (290)
[2020.01.25-00.41.13:555][749]LogModuleManager: Shutting down and abandoning module MagicLeapHandTracking (288)
[2020.01.25-00.41.13:555][749]LogModuleManager: Shutting down and abandoning module MagicLeapEyeTracker (286)
[2020.01.25-00.41.13:555][749]LogModuleManager: Shutting down and abandoning module MagicLeapController (284)
[2020.01.25-00.41.13:555][749]LogSlate: Slate User Destroyed.  User Index 0, Is Virtual User: 0
[2020.01.25-00.41.13:555][749]LogModuleManager: Shutting down and abandoning module MagicLeapAR (282)
[2020.01.25-00.41.13:555][749]LogModuleManager: Shutting down and abandoning module AugmentedReality (281)
[2020.01.25-00.41.13:555][749]LogModuleManager: Shutting down and abandoning module GameplayTagsEditor (278)
[2020.01.25-00.41.13:555][749]LogModuleManager: Shutting down and abandoning module FacialAnimationEditor (276)
[2020.01.25-00.41.13:555][749]LogModuleManager: Shutting down and abandoning module FacialAnimation (274)
[2020.01.25-00.41.13:555][749]LogModuleManager: Shutting down and abandoning module DataValidation (272)
[2020.01.25-00.41.13:555][749]LogModuleManager: Shutting down and abandoning module AssetManagerEditor (270)
[2020.01.25-00.41.13:555][749]LogModuleManager: Shutting down and abandoning module LevelEditor (269)
[2020.01.25-00.41.13:556][749]LogModuleManager: Shutting down and abandoning module PixelInspectorModule (268)
[2020.01.25-00.41.13:556][749]LogModuleManager: Shutting down and abandoning module CommonMenuExtensions (266)
[2020.01.25-00.41.13:556][749]LogModuleManager: Shutting down and abandoning module MainFrame (264)
[2020.01.25-00.41.13:556][749]LogModuleManager: Shutting down and abandoning module HotReload (263)
[2020.01.25-00.41.13:557][749]LogModuleManager: Shutting down and abandoning module ContentBrowser (259)
[2020.01.25-00.41.13:558][749]LogModuleManager: Shutting down and abandoning module TreeMap (257)
[2020.01.25-00.41.13:558][749]LogModuleManager: Shutting down and abandoning module AnimationSharing (254)
[2020.01.25-00.41.13:558][749]LogModuleManager: Shutting down and abandoning module LightPropagationVolumeRuntime (252)
[2020.01.25-00.41.13:558][749]LogModuleManager: Shutting down and abandoning module Paper2D (250)
[2020.01.25-00.41.13:558][749]LogModuleManager: Shutting down and abandoning module WindowsMoviePlayer (248)
[2020.01.25-00.41.13:558][749]LogModuleManager: Shutting down and abandoning module WebMMoviePlayer (246)
[2020.01.25-00.41.13:558][749]LogModuleManager: Shutting down and abandoning module NetworkReplayStreaming (244)
[2020.01.25-00.41.13:558][749]LogModuleManager: Shutting down and abandoning module PacketHandler (242)
[2020.01.25-00.41.13:558][749]LogModuleManager: Shutting down and abandoning module ClothingSystemEditor (240)
[2020.01.25-00.41.13:558][749]LogModuleManager: Shutting down and abandoning module ClothingSystemRuntime (238)
[2020.01.25-00.41.13:558][749]LogModuleManager: Shutting down and abandoning module MediaAssets (236)
[2020.01.25-00.41.13:558][749]LogModuleManager: Shutting down and abandoning module Overlay (234)
[2020.01.25-00.41.13:558][749]LogModuleManager: Shutting down and abandoning module OverlayEditor (233)
[2020.01.25-00.41.13:558][749]LogModuleManager: Shutting down and abandoning module VREditor (230)
[2020.01.25-00.41.13:559][749]LogModuleManager: Shutting down and abandoning module StringTableEditor (228)
[2020.01.25-00.41.13:559][749]LogModuleManager: Shutting down and abandoning module GameplayTasksEditor (226)
[2020.01.25-00.41.13:559][749]LogModuleManager: Shutting down and abandoning module BehaviorTreeEditor (224)
[2020.01.25-00.41.13:559][749]LogModuleManager: Shutting down and abandoning module FunctionalTesting (222)
[2020.01.25-00.41.13:559][749]LogModuleManager: Shutting down and abandoning module CollisionAnalyzer (220)
[2020.01.25-00.41.13:559][749]LogModuleManager: Shutting down and abandoning module WorkspaceMenuStructure (219)
[2020.01.25-00.41.13:559][749]LogModuleManager: Shutting down and abandoning module UMG (216)
[2020.01.25-00.41.13:559][749]LogModuleManager: Shutting down and abandoning module UMGEditor (215)
[2020.01.25-00.41.13:559][749]LogModuleManager: Shutting down and abandoning module Sequencer (214)
[2020.01.25-00.41.13:559][749]LogModuleManager: Shutting down and abandoning module MessageLog (211)
[2020.01.25-00.41.13:559][749]LogModuleManager: Shutting down and abandoning module SlateReflector (206)
[2020.01.25-00.41.13:559][749]LogModuleManager: Shutting down and abandoning module Slate (204)
[2020.01.25-00.41.13:559][749]LogModuleManager: Shutting down and abandoning module LandscapeEditorUtilities (202)
[2020.01.25-00.41.13:559][749]LogModuleManager: Shutting down and abandoning module EditorStyle (200)
[2020.01.25-00.41.13:560][749]LogModuleManager: Shutting down and abandoning module UnrealEd (198)
[2020.01.25-00.41.13:560][749]LogModuleManager: Shutting down and abandoning module MRMesh (196)
[2020.01.25-00.41.13:560][749]LogModuleManager: Shutting down and abandoning module SourceCodeAccess (194)
[2020.01.25-00.41.13:560][749]LogModuleManager: Shutting down and abandoning module HeadMountedDisplay (192)
[2020.01.25-00.41.13:560][749]LogModuleManager: Shutting down and abandoning module XAudio2 (190)
[2020.01.25-00.41.13:560][749]LogModuleManager: Shutting down and abandoning module Networking (188)
[2020.01.25-00.41.13:560][749]LogModuleManager: Shutting down and abandoning module Core (186)
[2020.01.25-00.41.13:560][749]LogModuleManager: Shutting down and abandoning module KismetCompiler (184)
[2020.01.25-00.41.13:560][749]LogModuleManager: Shutting down and abandoning module MeshUtilities (182)
[2020.01.25-00.41.13:560][749]LogModuleManager: Shutting down and abandoning module MeshMergeUtilities (181)
[2020.01.25-00.41.13:560][749]LogModuleManager: Shutting down and abandoning module MeshReductionInterface (180)
[2020.01.25-00.41.13:560][749]LogModuleManager: Shutting down and abandoning module SkeletalMeshReduction (179)
[2020.01.25-00.41.13:560][749]LogModuleManager: Shutting down and abandoning module ProxyLODMeshReduction (177)
[2020.01.25-00.41.13:560][749]LogModuleManager: Shutting down and abandoning module QuadricMeshReduction (175)
[2020.01.25-00.41.13:560][749]LogModuleManager: Shutting down and abandoning module MaterialBaking (171)
[2020.01.25-00.41.13:561][749]LogModuleManager: Shutting down and abandoning module NullInstallBundleManager (166)
[2020.01.25-00.41.13:561][749]LogModuleManager: Shutting down and abandoning module DerivedDataCache (164)
[2020.01.25-00.41.13:584][749]LogDerivedDataCache: Shutdown
[2020.01.25-00.41.13:584][749]LogModuleManager: Shutting down and abandoning module XGEController (162)
[2020.01.25-00.41.13:585][749]LogModuleManager: Shutting down and abandoning module TargetPlatform (160)
[2020.01.25-00.41.13:585][749]LogModuleManager: Shutting down and abandoning module VulkanShaderFormat (159)
[2020.01.25-00.41.13:585][749]LogModuleManager: Shutting down and abandoning module ShaderFormatVectorVM (157)
[2020.01.25-00.41.13:585][749]LogModuleManager: Shutting down and abandoning module ShaderFormatOpenGL (155)
[2020.01.25-00.41.13:585][749]LogModuleManager: Shutting down and abandoning module ShaderFormatD3D (153)
[2020.01.25-00.41.13:585][749]LogModuleManager: Shutting down and abandoning module MetalShaderFormat (151)
[2020.01.25-00.41.13:585][749]LogModuleManager: Shutting down and abandoning module TextureFormatUncompressed (149)
[2020.01.25-00.41.13:585][749]LogModuleManager: Shutting down and abandoning module TextureFormatPVR (147)
[2020.01.25-00.41.13:585][749]LogModuleManager: Shutting down and abandoning module TextureFormatDXT (145)
[2020.01.25-00.41.13:585][749]LogModuleManager: Shutting down and abandoning module TextureFormatIntelISPCTexComp (143)
[2020.01.25-00.41.13:585][749]LogModuleManager: Shutting down and abandoning module TextureFormatASTC (141)
[2020.01.25-00.41.13:585][749]LogModuleManager: Shutting down and abandoning module ImageWrapper (140)
[2020.01.25-00.41.13:585][749]LogModuleManager: Shutting down and abandoning module TextureFormatAndroid (137)
[2020.01.25-00.41.13:585][749]LogModuleManager: Shutting down and abandoning module AudioFormatOpus (135)
[2020.01.25-00.41.13:585][749]LogModuleManager: Shutting down and abandoning module AudioFormatOgg (133)
[2020.01.25-00.41.13:585][749]LogModuleManager: Shutting down and abandoning module AudioFormatADPCM (131)
[2020.01.25-00.41.13:585][749]LogModuleManager: Shutting down and abandoning module LuminTargetPlatform (129)
[2020.01.25-00.41.13:587][749]LogModuleManager: Shutting down and abandoning module LinuxTargetPlatform (127)
[2020.01.25-00.41.13:587][749]LogModuleManager: Shutting down and abandoning module LinuxServerTargetPlatform (125)
[2020.01.25-00.41.13:587][749]LogModuleManager: Shutting down and abandoning module LinuxNoEditorTargetPlatform (123)
[2020.01.25-00.41.13:587][749]LogModuleManager: Shutting down and abandoning module LinuxClientTargetPlatform (121)
[2020.01.25-00.41.13:587][749]LogModuleManager: Shutting down and abandoning module TVOSTargetPlatform (119)
[2020.01.25-00.41.13:588][749]LogModuleManager: Shutting down and abandoning module Messaging (117)
[2020.01.25-00.41.13:588][749]LogModuleManager: Shutting down and abandoning module IOSTargetPlatform (115)
[2020.01.25-00.41.13:590][749]LogModuleManager: Shutting down and abandoning module HTML5TargetPlatform (113)
[2020.01.25-00.41.13:590][749]LogModuleManager: Shutting down and abandoning module AndroidTargetPlatform (111)
[2020.01.25-00.41.13:606][749]LogModuleManager: Shutting down and abandoning module WindowsTargetPlatform (109)
[2020.01.25-00.41.13:607][749]LogModuleManager: Shutting down and abandoning module WindowsServerTargetPlatform (107)
[2020.01.25-00.41.13:607][749]LogModuleManager: Shutting down and abandoning module WindowsNoEditorTargetPlatform (105)
[2020.01.25-00.41.13:607][749]LogModuleManager: Shutting down and abandoning module WindowsClientTargetPlatform (103)
[2020.01.25-00.41.13:607][749]LogModuleManager: Shutting down and abandoning module MacTargetPlatform (101)
[2020.01.25-00.41.13:607][749]LogModuleManager: Shutting down and abandoning module MacServerTargetPlatform (99)
[2020.01.25-00.41.13:607][749]LogModuleManager: Shutting down and abandoning module MacNoEditorTargetPlatform (97)
[2020.01.25-00.41.13:607][749]LogModuleManager: Shutting down and abandoning module MacClientTargetPlatform (95)
[2020.01.25-00.41.13:607][749]LogModuleManager: Shutting down and abandoning module AllDesktopTargetPlatform (93)
[2020.01.25-00.41.13:607][749]LogModuleManager: Shutting down and abandoning module InputCore (90)
[2020.01.25-00.41.13:607][749]LogModuleManager: Shutting down and abandoning module Settings (88)
[2020.01.25-00.41.13:607][749]LogModuleManager: Shutting down and abandoning module DirectoryWatcher (86)
[2020.01.25-00.41.13:607][749]LogModuleManager: Shutting down and abandoning module PhysXCooking (84)
[2020.01.25-00.41.13:607][749]LogModuleManager: Shutting down and abandoning module WindowsPlatformFeatures (82)
[2020.01.25-00.41.13:607][749]LogModuleManager: Shutting down and abandoning module GameplayMediaEncoder (81)
[2020.01.25-00.41.13:607][749]LogModuleManager: Shutting down and abandoning module SteamVR (78)
[2020.01.25-00.41.13:607][749]LogHMD: Freeing OpenVRDLLHandle.
[2020.01.25-00.41.13:607][749]LogModuleManager: Shutting down and abandoning module OculusHMD (76)
[2020.01.25-00.41.13:607][749]LogModuleManager: Shutting down and abandoning module ExampleDeviceProfileSelector (74)
[2020.01.25-00.41.13:607][749]LogModuleManager: Shutting down and abandoning module LauncherChunkInstaller (72)
[2020.01.25-00.41.13:607][749]LogModuleManager: Shutting down and abandoning module OnlineBlueprintSupport (70)
[2020.01.25-00.41.13:607][749]LogModuleManager: Shutting down and abandoning module OnlineSubsystem (66)
[2020.01.25-00.41.13:608][749]LogModuleManager: Shutting down and abandoning module XMPP (61)
[2020.01.25-00.41.13:608][749]LogModuleManager: Shutting down and abandoning module WebSockets (60)
[2020.01.25-00.41.13:611][749]LogModuleManager: Shutting down and abandoning module HTTP (57)
[2020.01.25-00.41.13:612][749]LogHttp: Display: Http module shutting down, but needs to wait on 1 outstanding Http requests:
[2020.01.25-00.41.13:612][749]LogHttp: Display: 	verb=[POST] url=[https://datarouter.ol.epicgames.com/datarouter/api/v1/public/data?SessionID=%7B42F7DE57-444B-E4E4-E848-268A1D6E5C5E%7D&AppID=UEEditor.Rocket.Release&AppVersion=4.23.1-9631420%2B%2B%2BUE4%2BRelease-4.23&UserID=b7367f514bcf47f3782f499948337182%7C0382994034dc4f6bbe5c05cbae825090%7C26c0a086-b539-454f-83c2-978d8d02ce36&AppEnvironment=datacollector-binary&UploadType=eteventstream] status=Processing
[2020.01.25-00.41.13:628][749]LogModuleManager: Shutting down and abandoning module SSL (56)
[2020.01.25-00.41.13:629][749]LogModuleManager: Shutting down and abandoning module WmfMedia (52)
[2020.01.25-00.41.13:630][749]LogModuleManager: Shutting down and abandoning module Media (51)
[2020.01.25-00.41.13:631][749]LogModuleManager: Shutting down and abandoning module MagicLeap (48)
[2020.01.25-00.41.13:631][749]LogModuleManager: Shutting down and abandoning module DatasmithContent (46)
[2020.01.25-00.41.13:631][749]LogModuleManager: Shutting down and abandoning module AISupportModule (44)
[2020.01.25-00.41.13:631][749]LogModuleManager: Shutting down and abandoning module PlatformCryptoOpenSSL (42)
[2020.01.25-00.41.13:631][749]LogModuleManager: Shutting down and abandoning module PlatformCrypto (40)
[2020.01.25-00.41.13:631][749]LogModuleManager: Shutting down and abandoning module AnimationModifiers (38)
[2020.01.25-00.41.13:631][749]LogModuleManager: Shutting down and abandoning module PropertyEditor (37)
[2020.01.25-00.41.13:631][749]LogModuleManager: Shutting down and abandoning module AudioEditor (34)
[2020.01.25-00.41.13:631][749]LogModuleManager: Shutting down and abandoning module TextureCompressor (32)
[2020.01.25-00.41.13:631][749]LogModuleManager: Shutting down and abandoning module RenderCore (30)
[2020.01.25-00.41.13:631][749]LogModuleManager: Shutting down and abandoning module Landscape (28)
[2020.01.25-00.41.13:631][749]LogModuleManager: Shutting down and abandoning module SlateRHIRenderer (26)
[2020.01.25-00.41.13:632][749]LogModuleManager: Shutting down and abandoning module OpenGLDrv (24)
[2020.01.25-00.41.13:632][749]LogModuleManager: Shutting down and abandoning module D3D11RHI (22)
[2020.01.25-00.41.13:632][749]LogModuleManager: Shutting down and abandoning module AnimGraphRuntime (20)
[2020.01.25-00.41.13:632][749]LogModuleManager: Shutting down and abandoning module Renderer (18)
[2020.01.25-00.41.13:632][749]LogModuleManager: Shutting down and abandoning module Engine (16)
[2020.01.25-00.41.13:632][749]LogModuleManager: Shutting down and abandoning module CoreUObject (14)
[2020.01.25-00.41.13:632][749]LogModuleManager: Shutting down and abandoning module NetworkFile (12)
[2020.01.25-00.41.13:632][749]LogModuleManager: Shutting down and abandoning module CookedIterativeFile (10)
[2020.01.25-00.41.13:632][749]LogModuleManager: Shutting down and abandoning module StreamingFile (8)
[2020.01.25-00.41.13:632][749]LogModuleManager: Shutting down and abandoning module SandboxFile (6)
[2020.01.25-00.41.13:632][749]LogModuleManager: Shutting down and abandoning module PakFile (4)
[2020.01.25-00.41.13:632][749]LogModuleManager: Shutting down and abandoning module RSA (3)
[2020.01.25-00.41.13:633][749]LogD3D11RHI: Shutdown
[2020.01.25-00.41.13:633][749]LogD3D11RHI: CleanupD3DDevice
[2020.01.25-00.41.13:634][749]LogRendererCore: FGlobalDynamicReadBuffer::Cleanup()
[2020.01.25-00.41.13:634][749]LogRendererCore: FGlobalDynamicReadBuffer::Cleanup()
[2020.01.25-00.41.13:634][749]LogRendererCore: FGlobalDynamicReadBuffer::Cleanup()
[2020.01.25-00.41.13:741][749]LogD3D11RHI: ~FD3D11DynamicRHI
[2020.01.25-00.41.13:759][749]LogExit: Exiting.
[2020.01.25-00.41.13:780][749]Log file closed, 01/25/20 00:41:13
