Log file open, 01/26/20 00:58:44
LogWindows: Failed to load 'aqProf.dll' (GetLastError=126)
LogWindows: File 'aqProf.dll' does not exist
LogWindows: Failed to load 'VtuneApi.dll' (GetLastError=126)
LogWindows: File 'VtuneApi.dll' does not exist
LogWindows: Failed to load 'VtuneApi32e.dll' (GetLastError=126)
LogWindows: File 'VtuneApi32e.dll' does not exist
LogConsoleResponse: Display: Failed to find resolution value strings in scalability ini. Falling back to default.
LogInit: Display: Running engine for game: Park
LogPlatformFile: Not using cached read wrapper
LogTaskGraph: Started task graph with 5 named threads and 47 total threads with 3 sets of task threads.
LogStats: Stats thread started at 0.062271
LogD3D11RHI: Loaded GFSDK_Aftermath_Lib.x64.dll
LogICUInternationalization: ICU TimeZone Detection - Raw Offset: +0:00, Platform Override: ''
LogPluginManager: Mounting plugin Paper2D
LogPluginManager: Mounting plugin AISupport
LogPluginManager: Mounting plugin LightPropagationVolume
LogPluginManager: Mounting plugin ActorLayerUtilities
LogPluginManager: Mounting plugin AnimationSharing
LogPluginManager: Mounting plugin CLionSourceCodeAccess
LogPluginManager: Mounting plugin CodeLiteSourceCodeAccess
LogPluginManager: Mounting plugin GitSourceControl
LogPluginManager: Mounting plugin KDevelopSourceCodeAccess
LogPluginManager: Mounting plugin NullSourceCodeAccess
LogPluginManager: Mounting plugin PerforceSourceControl
LogPluginManager: Mounting plugin SubversionSourceControl
LogPluginManager: Mounting plugin UObjectPlugin
LogPluginManager: Mounting plugin VisualStudioCodeSourceCodeAccess
LogPluginManager: Mounting plugin VisualStudioSourceCodeAccess
LogPluginManager: Mounting plugin XCodeSourceCodeAccess
LogPluginManager: Mounting plugin AssetManagerEditor
LogPluginManager: Mounting plugin CryptoKeys
LogPluginManager: Mounting plugin CurveEditorTools
LogPluginManager: Mounting plugin DataValidation
LogPluginManager: Mounting plugin FacialAnimation
LogPluginManager: Mounting plugin GameplayTagsEditor
LogPluginManager: Mounting plugin MacGraphicsSwitching
LogPluginManager: Mounting plugin MaterialAnalyzer
LogPluginManager: Mounting plugin MobileLauncherProfileWizard
LogPluginManager: Mounting plugin PluginBrowser
LogPluginManager: Mounting plugin SpeedTreeImporter
LogPluginManager: Mounting plugin DatasmithContent
LogPluginManager: Mounting plugin VariantManagerContent
LogPluginManager: Mounting plugin AlembicImporter
LogPluginManager: Mounting plugin AutomationUtils
LogPluginManager: Mounting plugin BackChannel
LogPluginManager: Mounting plugin CharacterAI
LogPluginManager: Mounting plugin GeometryCache
LogPluginManager: Mounting plugin HTML5Networking
LogPluginManager: Mounting plugin PlatformCrypto
LogPluginManager: Mounting plugin ProxyLODPlugin
LogPluginManager: Mounting plugin SkeletalReduction
LogPluginManager: Mounting plugin MagicLeap
LogPluginManager: Mounting plugin MagicLeapMedia
LogPluginManager: Mounting plugin AndroidMedia
LogPluginManager: Mounting plugin AvfMedia
LogPluginManager: Mounting plugin ImgMedia
LogPluginManager: Mounting plugin MediaCompositing
LogPluginManager: Mounting plugin MediaPlayerEditor
LogPluginManager: Mounting plugin WebMMedia
LogPluginManager: Mounting plugin WmfMedia
LogPluginManager: Mounting plugin TcpMessaging
LogPluginManager: Mounting plugin UdpMessaging
LogPluginManager: Mounting plugin ActorSequence
LogPluginManager: Mounting plugin LevelSequenceEditor
LogPluginManager: Mounting plugin MatineeToLevelSequence
LogPluginManager: Mounting plugin NetcodeUnitTest
LogPluginManager: Mounting plugin NUTUnrealEngine4
LogPluginManager: Mounting plugin OnlineSubsystemGooglePlay
LogPluginManager: Mounting plugin OnlineSubsystemIOS
LogPluginManager: Mounting plugin OnlineSubsystem
LogPluginManager: Mounting plugin OnlineSubsystemNull
LogPluginManager: Mounting plugin OnlineSubsystemUtils
LogPluginManager: Mounting plugin LauncherChunkInstaller
LogPluginManager: Mounting plugin AndroidDeviceProfileSelector
LogPluginManager: Mounting plugin AndroidMoviePlayer
LogPluginManager: Mounting plugin AndroidPermission
LogPluginManager: Mounting plugin AppleImageUtils
LogPluginManager: Mounting plugin AppleMoviePlayer
LogPluginManager: Mounting plugin ArchVisCharacter
LogPluginManager: Mounting plugin AudioCapture
LogPluginManager: Mounting plugin CableComponent
LogPluginManager: Mounting plugin CustomMeshComponent
LogPluginManager: Mounting plugin EditableMesh
LogPluginManager: Mounting plugin ExampleDeviceProfileSelector
LogPluginManager: Mounting plugin GoogleCloudMessaging
LogPluginManager: Mounting plugin IOSDeviceProfileSelector
LogPluginManager: Mounting plugin LinuxDeviceProfileSelector
LogPluginManager: Mounting plugin LocationServicesBPLibrary
LogPluginManager: Mounting plugin MobilePatchingUtils
LogPluginManager: Mounting plugin OculusVR
LogPluginManager: Mounting plugin PhysXVehicles
LogPluginManager: Mounting plugin ProceduralMeshComponent
LogPluginManager: Mounting plugin RuntimePhysXCooking
LogPluginManager: Mounting plugin SignificanceManager
LogPluginManager: Mounting plugin SteamVR
LogPluginManager: Mounting plugin WebMMoviePlayer
LogPluginManager: Mounting plugin WindowsMoviePlayer
LogPluginManager: Mounting plugin ScreenshotTools
LogInit: Using libcurl 7.55.1-DEV
LogInit:  - built for x86_64-pc-win32
LogInit:  - supports SSL with OpenSSL/1.1.1
LogInit:  - supports HTTP deflate (compression) using libz 1.2.8
LogInit:  - other features:
LogInit:      CURL_VERSION_SSL
LogInit:      CURL_VERSION_LIBZ
LogInit:      CURL_VERSION_IPV6
LogInit:      CURL_VERSION_ASYNCHDNS
LogInit:      CURL_VERSION_LARGEFILE
LogInit:      CURL_VERSION_IDN
LogInit:  CurlRequestOptions (configurable via config and command line):
LogInit:  - bVerifyPeer = true  - Libcurl will verify peer certificate
LogInit:  - bUseHttpProxy = false  - Libcurl will NOT use HTTP proxy
LogInit:  - bDontReuseConnections = false  - Libcurl will reuse connections
LogInit:  - MaxHostConnections = 16  - Libcurl will limit the number of connections to a host
LogInit:  - LocalHostAddr = Default
LogInit:  - BufferSize = 65536
LogOnline: OSS: Creating online subsystem instance for: NULL
LogInit: WinSock: version 1.1 (2.2), MaxSocks=32767, MaxUdp=65467
LogInit: Build: ++UE4+Release-4.23-CL-9631420
LogInit: Engine Version: 4.23.1-9631420+++UE4+Release-4.23
LogInit: Compatible Engine Version: 4.23.0-8386587+++UE4+Release-4.23
LogInit: Net CL: 8386587
LogInit: OS: Windows 10 (Release 1909) (), CPU: Intel(R) Core(TM) i7-7820X CPU @ 3.60GHz, GPU: NVIDIA GeForce GTX 1080 Ti
LogInit: Compiled (64-bit): Oct 18 2019 02:07:44
LogInit: Compiled with Visual C++: 19.16.27030.01
LogInit: Build Configuration: Development
LogInit: Branch Name: ++UE4+Release-4.23
LogInit: Command Line:  -EpicPortal -epicusername=JonathanHarg -epicuserid=0382994034dc4f6bbe5c05cbae825090 -epiclocale=en-GB
LogInit: Base Directory: D:/UE_4.23/Engine/Binaries/Win64/
LogInit: Installed Engine Build: 1
LogDevObjectVersion: Number of dev versions registered: 23
LogDevObjectVersion:   Dev-Blueprints (B0D832E4-1F89-4F0D-ACCF-7EB736FD4AA2): 10
LogDevObjectVersion:   Dev-Build (E1C64328-A22C-4D53-A36C-8E866417BD8C): 0
LogDevObjectVersion:   Dev-Core (375EC13C-06E4-48FB-B500-84F0262A717E): 3
LogDevObjectVersion:   Dev-Editor (E4B068ED-F494-42E9-A231-DA0B2E46BB41): 34
LogDevObjectVersion:   Dev-Framework (CFFC743F-43B0-4480-9391-14DF171D2073): 35
LogDevObjectVersion:   Dev-Mobile (B02B49B5-BB20-44E9-A304-32B752E40360): 2
LogDevObjectVersion:   Dev-Networking (A4E4105C-59A1-49B5-A7C5-40C4547EDFEE): 0
LogDevObjectVersion:   Dev-Online (39C831C9-5AE6-47DC-9A44-9C173E1C8E7C): 0
LogDevObjectVersion:   Dev-Physics (78F01B33-EBEA-4F98-B9B4-84EACCB95AA2): 0
LogDevObjectVersion:   Dev-Platform (6631380F-2D4D-43E0-8009-CF276956A95A): 0
LogDevObjectVersion:   Dev-Rendering (12F88B9F-8875-4AFC-A67C-D90C383ABD29): 31
LogDevObjectVersion:   Dev-Sequencer (7B5AE74C-D270-4C10-A958-57980B212A5A): 11
LogDevObjectVersion:   Dev-VR (D7296918-1DD6-4BDD-9DE2-64A83CC13884): 2
LogDevObjectVersion:   Dev-LoadTimes (C2A15278-BFE7-4AFE-6C17-90FF531DF755): 1
LogDevObjectVersion:   Private-Geometry (6EACA3D4-40EC-4CC1-B786-8BED09428FC5): 3
LogDevObjectVersion:   Dev-AnimPhys (29E575DD-E0A3-4627-9D10-D276232CDCEA): 17
LogDevObjectVersion:   Dev-Anim (AF43A65D-7FD3-4947-9873-3E8ED9C1BB05): 2
LogDevObjectVersion:   Dev-ReflectionCapture (6B266CEC-1EC7-4B8F-A30B-E4D90942FC07): 1
LogDevObjectVersion:   Dev-Automation (0DF73D61-A23F-47EA-B727-89E90C41499A): 1
LogDevObjectVersion:   FortniteMain (601D1886-AC64-4F84-AA16-D3DE0DEAC7D6): 27
LogDevObjectVersion:   Dev-Enterprise (9DFFBCD6-494F-0158-E221-12823C92A888): 6
LogDevObjectVersion:   Dev-Niagara (F2AED0AC-9AFE-416F-8664-AA7FFA26D6FC): 1
LogDevObjectVersion:   Dev-Destruction (174F1F0B-B4C6-45A5-B13F-2EE8D0FB917D): 9
LogInit: Presizing for max 16777216 objects, including 0 objects not considered by GC, pre-allocating 0 bytes for permanent pool.
LogInit: Object subsystem initialized
LogConfig: Setting CVar [[con.DebugEarlyDefault:1]]
LogConfig: Setting CVar [[r.setres:1280x720]]
[2020.01.26-00.58.45:018][  0]LogConfig: Setting CVar [[r.VSync:0]]
[2020.01.26-00.58.45:019][  0]LogConfig: Setting CVar [[r.RHICmdBypass:0]]
[2020.01.26-00.58.45:019][  0]LogConfig: Applying CVar settings from Section [/Script/Engine.RendererSettings] File [D:/Art/Park_SFAS/Park/Saved/Config/Windows/Engine.ini]
[2020.01.26-00.58.45:019][  0]LogConfig: Setting CVar [[r.GPUCrashDebugging:0]]
[2020.01.26-00.58.45:019][  0]LogConfig: Setting CVar [[r.DefaultFeature.AutoExposure.ExtendDefaultLuminanceRange:1]]
[2020.01.26-00.58.45:019][  0]LogConfig: Applying CVar settings from Section [/Script/Engine.RendererOverrideSettings] File [D:/Art/Park_SFAS/Park/Saved/Config/Windows/Engine.ini]
[2020.01.26-00.58.45:019][  0]LogConfig: Applying CVar settings from Section [/Script/Engine.StreamingSettings] File [D:/Art/Park_SFAS/Park/Saved/Config/Windows/Engine.ini]
[2020.01.26-00.58.45:019][  0]LogConfig: Setting CVar [[s.MinBulkDataSizeForAsyncLoading:131072]]
[2020.01.26-00.58.45:019][  0]LogConfig: Setting CVar [[s.AsyncLoadingThreadEnabled:0]]
[2020.01.26-00.58.45:019][  0]LogConfig: Setting CVar [[s.EventDrivenLoaderEnabled:1]]
[2020.01.26-00.58.45:019][  0]LogConfig: Setting CVar [[s.WarnIfTimeLimitExceeded:0]]
[2020.01.26-00.58.45:019][  0]LogConfig: Setting CVar [[s.TimeLimitExceededMultiplier:1.5]]
[2020.01.26-00.58.45:019][  0]LogConfig: Setting CVar [[s.TimeLimitExceededMinTime:0.005]]
[2020.01.26-00.58.45:019][  0]LogConfig: Setting CVar [[s.UseBackgroundLevelStreaming:1]]
[2020.01.26-00.58.45:019][  0]LogConfig: Setting CVar [[s.PriorityAsyncLoadingExtraTime:15.0]]
[2020.01.26-00.58.45:019][  0]LogConfig: Setting CVar [[s.LevelStreamingActorsUpdateTimeLimit:5.0]]
[2020.01.26-00.58.45:019][  0]LogConfig: Setting CVar [[s.PriorityLevelStreamingActorsUpdateExtraTime:5.0]]
[2020.01.26-00.58.45:019][  0]LogConfig: Setting CVar [[s.LevelStreamingComponentsRegistrationGranularity:10]]
[2020.01.26-00.58.45:019][  0]LogConfig: Setting CVar [[s.UnregisterComponentsTimeLimit:1.0]]
[2020.01.26-00.58.45:019][  0]LogConfig: Setting CVar [[s.LevelStreamingComponentsUnregistrationGranularity:5]]
[2020.01.26-00.58.45:019][  0]LogConfig: Applying CVar settings from Section [/Script/Engine.GarbageCollectionSettings] File [D:/Art/Park_SFAS/Park/Saved/Config/Windows/Engine.ini]
[2020.01.26-00.58.45:019][  0]LogConfig: Setting CVar [[gc.MaxObjectsNotConsideredByGC:1]]
[2020.01.26-00.58.45:019][  0]LogConfig: Setting CVar [[gc.SizeOfPermanentObjectPool:0]]
[2020.01.26-00.58.45:019][  0]LogConfig: Setting CVar [[gc.FlushStreamingOnGC:0]]
[2020.01.26-00.58.45:019][  0]LogConfig: Setting CVar [[gc.NumRetriesBeforeForcingGC:10]]
[2020.01.26-00.58.45:019][  0]LogConfig: Setting CVar [[gc.AllowParallelGC:1]]
[2020.01.26-00.58.45:019][  0]LogConfig: Setting CVar [[gc.TimeBetweenPurgingPendingKillObjects:61.1]]
[2020.01.26-00.58.45:019][  0]LogConfig: Setting CVar [[gc.MaxObjectsInEditor:16777216]]
[2020.01.26-00.58.45:019][  0]LogConfig: Setting CVar [[gc.IncrementalBeginDestroyEnabled:1]]
[2020.01.26-00.58.45:019][  0]LogConfig: Setting CVar [[gc.CreateGCClusters:1]]
[2020.01.26-00.58.45:019][  0]LogConfig: Setting CVar [[gc.MinGCClusterSize:5]]
[2020.01.26-00.58.45:019][  0]LogConfig: Setting CVar [[gc.ActorClusteringEnabled:0]]
[2020.01.26-00.58.45:019][  0]LogConfig: Setting CVar [[gc.BlueprintClusteringEnabled:0]]
[2020.01.26-00.58.45:019][  0]LogConfig: Setting CVar [[gc.UseDisregardForGCOnDedicatedServers:0]]
[2020.01.26-00.58.45:019][  0]LogConfig: Applying CVar settings from Section [/Script/Engine.NetworkSettings] File [D:/Art/Park_SFAS/Park/Saved/Config/Windows/Engine.ini]
[2020.01.26-00.58.45:019][  0]LogConfig: Applying CVar settings from Section [/Script/UnrealEd.CookerSettings] File [D:/Art/Park_SFAS/Park/Saved/Config/Windows/Engine.ini]
[2020.01.26-00.58.45:023][  0]LogConfig: Applying CVar settings from Section [ViewDistanceQuality@3] File [D:/Art/Park_SFAS/Park/Saved/Config/Windows/Scalability.ini]
[2020.01.26-00.58.45:023][  0]LogConfig: Setting CVar [[r.SkeletalMeshLODBias:0]]
[2020.01.26-00.58.45:023][  0]LogConfig: Setting CVar [[r.ViewDistanceScale:1.0]]
[2020.01.26-00.58.45:023][  0]LogConfig: Applying CVar settings from Section [AntiAliasingQuality@3] File [D:/Art/Park_SFAS/Park/Saved/Config/Windows/Scalability.ini]
[2020.01.26-00.58.45:023][  0]LogConfig: Setting CVar [[r.PostProcessAAQuality:4]]
[2020.01.26-00.58.45:023][  0]LogConfig: Applying CVar settings from Section [ShadowQuality@3] File [D:/Art/Park_SFAS/Park/Saved/Config/Windows/Scalability.ini]
[2020.01.26-00.58.45:023][  0]LogConfig: Setting CVar [[r.LightFunctionQuality:1]]
[2020.01.26-00.58.45:023][  0]LogConfig: Setting CVar [[r.ShadowQuality:5]]
[2020.01.26-00.58.45:023][  0]LogConfig: Setting CVar [[r.Shadow.CSM.MaxCascades:10]]
[2020.01.26-00.58.45:023][  0]LogConfig: Setting CVar [[r.Shadow.MaxResolution:2048]]
[2020.01.26-00.58.45:023][  0]LogConfig: Setting CVar [[r.Shadow.MaxCSMResolution:2048]]
[2020.01.26-00.58.45:023][  0]LogConfig: Setting CVar [[r.Shadow.RadiusThreshold:0.01]]
[2020.01.26-00.58.45:023][  0]LogConfig: Setting CVar [[r.Shadow.DistanceScale:1.0]]
[2020.01.26-00.58.45:023][  0]LogConfig: Setting CVar [[r.Shadow.CSM.TransitionScale:1.0]]
[2020.01.26-00.58.45:023][  0]LogConfig: Setting CVar [[r.Shadow.PreShadowResolutionFactor:1.0]]
[2020.01.26-00.58.45:023][  0]LogConfig: Setting CVar [[r.DistanceFieldShadowing:1]]
[2020.01.26-00.58.45:023][  0]LogConfig: Setting CVar [[r.DistanceFieldAO:1]]
[2020.01.26-00.58.45:023][  0]LogConfig: Setting CVar [[r.AOQuality:2]]
[2020.01.26-00.58.45:023][  0]LogConfig: Setting CVar [[r.VolumetricFog:1]]
[2020.01.26-00.58.45:023][  0]LogConfig: Setting CVar [[r.VolumetricFog.GridPixelSize:8]]
[2020.01.26-00.58.45:023][  0]LogConfig: Setting CVar [[r.VolumetricFog.GridSizeZ:128]]
[2020.01.26-00.58.45:023][  0]LogConfig: Setting CVar [[r.VolumetricFog.HistoryMissSupersampleCount:4]]
[2020.01.26-00.58.45:023][  0]LogConfig: Setting CVar [[r.LightMaxDrawDistanceScale:1]]
[2020.01.26-00.58.45:023][  0]LogConfig: Setting CVar [[r.CapsuleShadows:1]]
[2020.01.26-00.58.45:023][  0]LogConfig: Applying CVar settings from Section [PostProcessQuality@3] File [D:/Art/Park_SFAS/Park/Saved/Config/Windows/Scalability.ini]
[2020.01.26-00.58.45:023][  0]LogConfig: Setting CVar [[r.MotionBlurQuality:4]]
[2020.01.26-00.58.45:023][  0]LogConfig: Setting CVar [[r.AmbientOcclusionMipLevelFactor:0.4]]
[2020.01.26-00.58.45:023][  0]LogConfig: Setting CVar [[r.AmbientOcclusionMaxQuality:100]]
[2020.01.26-00.58.45:023][  0]LogConfig: Setting CVar [[r.AmbientOcclusionLevels:-1]]
[2020.01.26-00.58.45:023][  0]LogConfig: Setting CVar [[r.AmbientOcclusionRadiusScale:1.0]]
[2020.01.26-00.58.45:023][  0]LogConfig: Setting CVar [[r.DepthOfFieldQuality:2]]
[2020.01.26-00.58.45:023][  0]LogConfig: Setting CVar [[r.RenderTargetPoolMin:400]]
[2020.01.26-00.58.45:023][  0]LogConfig: Setting CVar [[r.LensFlareQuality:2]]
[2020.01.26-00.58.45:023][  0]LogConfig: Setting CVar [[r.SceneColorFringeQuality:1]]
[2020.01.26-00.58.45:023][  0]LogConfig: Setting CVar [[r.EyeAdaptationQuality:2]]
[2020.01.26-00.58.45:023][  0]LogConfig: Setting CVar [[r.BloomQuality:5]]
[2020.01.26-00.58.45:023][  0]LogConfig: Setting CVar [[r.FastBlurThreshold:100]]
[2020.01.26-00.58.45:023][  0]LogConfig: Setting CVar [[r.Upscale.Quality:3]]
[2020.01.26-00.58.45:023][  0]LogConfig: Setting CVar [[r.Tonemapper.GrainQuantization:1]]
[2020.01.26-00.58.45:024][  0]LogConfig: Setting CVar [[r.LightShaftQuality:1]]
[2020.01.26-00.58.45:024][  0]LogConfig: Setting CVar [[r.Filter.SizeScale:1]]
[2020.01.26-00.58.45:024][  0]LogConfig: Setting CVar [[r.Tonemapper.Quality:5]]
[2020.01.26-00.58.45:024][  0]LogConfig: Setting CVar [[r.DOF.Gather.AccumulatorQuality:1        ; higher gathering accumulator quality]]
[2020.01.26-00.58.45:024][  0]LogConfig: Setting CVar [[r.DOF.Gather.PostfilterMethod:1          ; Median3x3 postfilering method]]
[2020.01.26-00.58.45:024][  0]LogConfig: Setting CVar [[r.DOF.Gather.EnableBokehSettings:0       ; no bokeh simulation when gathering]]
[2020.01.26-00.58.45:024][  0]LogConfig: Setting CVar [[r.DOF.Gather.RingCount:4                 ; medium number of samples when gathering]]
[2020.01.26-00.58.45:024][  0]LogConfig: Setting CVar [[r.DOF.Scatter.ForegroundCompositing:1    ; additive foreground scattering]]
[2020.01.26-00.58.45:024][  0]LogConfig: Setting CVar [[r.DOF.Scatter.BackgroundCompositing:2    ; additive background scattering]]
[2020.01.26-00.58.45:024][  0]LogConfig: Setting CVar [[r.DOF.Scatter.EnableBokehSettings:1      ; bokeh simulation when scattering]]
[2020.01.26-00.58.45:024][  0]LogConfig: Setting CVar [[r.DOF.Scatter.MaxSpriteRatio:0.1         ; only a maximum of 10% of scattered bokeh]]
[2020.01.26-00.58.45:024][  0]LogConfig: Setting CVar [[r.DOF.Recombine.Quality:1                ; cheap slight out of focus]]
[2020.01.26-00.58.45:024][  0]LogConfig: Setting CVar [[r.DOF.Recombine.EnableBokehSettings:0    ; no bokeh simulation on slight out of focus]]
[2020.01.26-00.58.45:024][  0]LogConfig: Setting CVar [[r.DOF.TemporalAAQuality:1                ; more stable temporal accumulation]]
[2020.01.26-00.58.45:024][  0]LogConfig: Setting CVar [[r.DOF.Kernel.MaxForegroundRadius:0.025]]
[2020.01.26-00.58.45:024][  0]LogConfig: Setting CVar [[r.DOF.Kernel.MaxBackgroundRadius:0.025]]
[2020.01.26-00.58.45:024][  0]LogConfig: Applying CVar settings from Section [TextureQuality@3] File [D:/Art/Park_SFAS/Park/Saved/Config/Windows/Scalability.ini]
[2020.01.26-00.58.45:024][  0]LogConfig: Setting CVar [[r.Streaming.MipBias:0]]
[2020.01.26-00.58.45:024][  0]LogConfig: Setting CVar [[r.Streaming.AmortizeCPUToGPUCopy:0]]
[2020.01.26-00.58.45:024][  0]LogConfig: Setting CVar [[r.Streaming.MaxNumTexturesToStreamPerFrame:0]]
[2020.01.26-00.58.45:024][  0]LogConfig: Setting CVar [[r.Streaming.Boost:1]]
[2020.01.26-00.58.45:024][  0]LogConfig: Setting CVar [[r.MaxAnisotropy:8]]
[2020.01.26-00.58.45:024][  0]LogConfig: Setting CVar [[r.Streaming.LimitPoolSizeToVRAM:0]]
[2020.01.26-00.58.45:024][  0]LogConfig: Setting CVar [[r.Streaming.PoolSize:1000]]
[2020.01.26-00.58.45:024][  0]LogConfig: Setting CVar [[r.Streaming.MaxEffectiveScreenSize:0]]
[2020.01.26-00.58.45:024][  0]LogConfig: Applying CVar settings from Section [EffectsQuality@3] File [D:/Art/Park_SFAS/Park/Saved/Config/Windows/Scalability.ini]
[2020.01.26-00.58.45:024][  0]LogConfig: Setting CVar [[r.TranslucencyLightingVolumeDim:64]]
[2020.01.26-00.58.45:024][  0]LogConfig: Setting CVar [[r.RefractionQuality:2]]
[2020.01.26-00.58.45:024][  0]LogConfig: Setting CVar [[r.SSR.Quality:3]]
[2020.01.26-00.58.45:024][  0]LogConfig: Setting CVar [[r.SceneColorFormat:4]]
[2020.01.26-00.58.45:024][  0]LogConfig: Setting CVar [[r.DetailMode:2]]
[2020.01.26-00.58.45:024][  0]LogConfig: Setting CVar [[r.TranslucencyVolumeBlur:1]]
[2020.01.26-00.58.45:024][  0]LogConfig: Setting CVar [[r.MaterialQualityLevel:1 ; High quality]]
[2020.01.26-00.58.45:024][  0]LogConfig: Setting CVar [[r.SSS.Scale:1]]
[2020.01.26-00.58.45:024][  0]LogConfig: Setting CVar [[r.SSS.SampleSet:2]]
[2020.01.26-00.58.45:024][  0]LogConfig: Setting CVar [[r.SSS.Quality:1]]
[2020.01.26-00.58.45:024][  0]LogConfig: Setting CVar [[r.SSS.HalfRes:1]]
[2020.01.26-00.58.45:024][  0]LogConfig: Setting CVar [[r.EmitterSpawnRateScale:1.0]]
[2020.01.26-00.58.45:024][  0]LogConfig: Setting CVar [[r.ParticleLightQuality:2]]
[2020.01.26-00.58.45:024][  0]LogConfig: Applying CVar settings from Section [FoliageQuality@3] File [D:/Art/Park_SFAS/Park/Saved/Config/Windows/Scalability.ini]
[2020.01.26-00.58.45:024][  0]LogConfig: Setting CVar [[foliage.DensityScale:1.0]]
[2020.01.26-00.58.45:024][  0]LogConfig: Setting CVar [[grass.DensityScale:1.0]]
[2020.01.26-00.58.45:024][  0]LogInit: Selected Device Profile: [Windows]
[2020.01.26-00.58.45:024][  0]LogInit: Applying CVar settings loaded from the selected device profile: [Windows]
[2020.01.26-00.58.45:027][  0]LogHAL: Display: Platform has ~ 32 GB [34014822400 / 34359738368 / 32], which maps to Largest [LargestMinGB=32, LargerMinGB=12, DefaultMinGB=8, SmallerMinGB=6, SmallestMinGB=0)
[2020.01.26-00.58.45:027][  0]LogInit: Going up to parent DeviceProfile []
[2020.01.26-00.58.45:027][  0]LogConfig: Applying CVar settings from Section [ViewDistanceQuality@3] File [D:/Art/Park_SFAS/Park/Saved/Config/Windows/Scalability.ini]
[2020.01.26-00.58.45:027][  0]LogConfig: Setting CVar [[r.SkeletalMeshLODBias:0]]
[2020.01.26-00.58.45:027][  0]LogConfig: Setting CVar [[r.ViewDistanceScale:1.0]]
[2020.01.26-00.58.45:027][  0]LogConfig: Applying CVar settings from Section [AntiAliasingQuality@3] File [D:/Art/Park_SFAS/Park/Saved/Config/Windows/Scalability.ini]
[2020.01.26-00.58.45:027][  0]LogConfig: Setting CVar [[r.PostProcessAAQuality:4]]
[2020.01.26-00.58.45:027][  0]LogConfig: Applying CVar settings from Section [ShadowQuality@3] File [D:/Art/Park_SFAS/Park/Saved/Config/Windows/Scalability.ini]
[2020.01.26-00.58.45:027][  0]LogConfig: Setting CVar [[r.LightFunctionQuality:1]]
[2020.01.26-00.58.45:027][  0]LogConfig: Setting CVar [[r.ShadowQuality:5]]
[2020.01.26-00.58.45:027][  0]LogConfig: Setting CVar [[r.Shadow.CSM.MaxCascades:10]]
[2020.01.26-00.58.45:027][  0]LogConfig: Setting CVar [[r.Shadow.MaxResolution:2048]]
[2020.01.26-00.58.45:027][  0]LogConfig: Setting CVar [[r.Shadow.MaxCSMResolution:2048]]
[2020.01.26-00.58.45:027][  0]LogConfig: Setting CVar [[r.Shadow.RadiusThreshold:0.01]]
[2020.01.26-00.58.45:027][  0]LogConfig: Setting CVar [[r.Shadow.DistanceScale:1.0]]
[2020.01.26-00.58.45:027][  0]LogConfig: Setting CVar [[r.Shadow.CSM.TransitionScale:1.0]]
[2020.01.26-00.58.45:027][  0]LogConfig: Setting CVar [[r.Shadow.PreShadowResolutionFactor:1.0]]
[2020.01.26-00.58.45:027][  0]LogConfig: Setting CVar [[r.DistanceFieldShadowing:1]]
[2020.01.26-00.58.45:027][  0]LogConfig: Setting CVar [[r.DistanceFieldAO:1]]
[2020.01.26-00.58.45:027][  0]LogConfig: Setting CVar [[r.AOQuality:2]]
[2020.01.26-00.58.45:027][  0]LogConfig: Setting CVar [[r.VolumetricFog:1]]
[2020.01.26-00.58.45:027][  0]LogConfig: Setting CVar [[r.VolumetricFog.GridPixelSize:8]]
[2020.01.26-00.58.45:027][  0]LogConfig: Setting CVar [[r.VolumetricFog.GridSizeZ:128]]
[2020.01.26-00.58.45:027][  0]LogConfig: Setting CVar [[r.VolumetricFog.HistoryMissSupersampleCount:4]]
[2020.01.26-00.58.45:027][  0]LogConfig: Setting CVar [[r.LightMaxDrawDistanceScale:1]]
[2020.01.26-00.58.45:027][  0]LogConfig: Setting CVar [[r.CapsuleShadows:1]]
[2020.01.26-00.58.45:027][  0]LogConfig: Applying CVar settings from Section [PostProcessQuality@3] File [D:/Art/Park_SFAS/Park/Saved/Config/Windows/Scalability.ini]
[2020.01.26-00.58.45:027][  0]LogConfig: Setting CVar [[r.MotionBlurQuality:4]]
[2020.01.26-00.58.45:027][  0]LogConfig: Setting CVar [[r.AmbientOcclusionMipLevelFactor:0.4]]
[2020.01.26-00.58.45:027][  0]LogConfig: Setting CVar [[r.AmbientOcclusionMaxQuality:100]]
[2020.01.26-00.58.45:027][  0]LogConfig: Setting CVar [[r.AmbientOcclusionLevels:-1]]
[2020.01.26-00.58.45:027][  0]LogConfig: Setting CVar [[r.AmbientOcclusionRadiusScale:1.0]]
[2020.01.26-00.58.45:027][  0]LogConfig: Setting CVar [[r.DepthOfFieldQuality:2]]
[2020.01.26-00.58.45:027][  0]LogConfig: Setting CVar [[r.RenderTargetPoolMin:400]]
[2020.01.26-00.58.45:027][  0]LogConfig: Setting CVar [[r.LensFlareQuality:2]]
[2020.01.26-00.58.45:027][  0]LogConfig: Setting CVar [[r.SceneColorFringeQuality:1]]
[2020.01.26-00.58.45:027][  0]LogConfig: Setting CVar [[r.EyeAdaptationQuality:2]]
[2020.01.26-00.58.45:027][  0]LogConfig: Setting CVar [[r.BloomQuality:5]]
[2020.01.26-00.58.45:027][  0]LogConfig: Setting CVar [[r.FastBlurThreshold:100]]
[2020.01.26-00.58.45:027][  0]LogConfig: Setting CVar [[r.Upscale.Quality:3]]
[2020.01.26-00.58.45:027][  0]LogConfig: Setting CVar [[r.Tonemapper.GrainQuantization:1]]
[2020.01.26-00.58.45:027][  0]LogConfig: Setting CVar [[r.LightShaftQuality:1]]
[2020.01.26-00.58.45:027][  0]LogConfig: Setting CVar [[r.Filter.SizeScale:1]]
[2020.01.26-00.58.45:027][  0]LogConfig: Setting CVar [[r.Tonemapper.Quality:5]]
[2020.01.26-00.58.45:027][  0]LogConfig: Setting CVar [[r.DOF.Gather.AccumulatorQuality:1        ; higher gathering accumulator quality]]
[2020.01.26-00.58.45:027][  0]LogConfig: Setting CVar [[r.DOF.Gather.PostfilterMethod:1          ; Median3x3 postfilering method]]
[2020.01.26-00.58.45:027][  0]LogConfig: Setting CVar [[r.DOF.Gather.EnableBokehSettings:0       ; no bokeh simulation when gathering]]
[2020.01.26-00.58.45:027][  0]LogConfig: Setting CVar [[r.DOF.Gather.RingCount:4                 ; medium number of samples when gathering]]
[2020.01.26-00.58.45:027][  0]LogConfig: Setting CVar [[r.DOF.Scatter.ForegroundCompositing:1    ; additive foreground scattering]]
[2020.01.26-00.58.45:027][  0]LogConfig: Setting CVar [[r.DOF.Scatter.BackgroundCompositing:2    ; additive background scattering]]
[2020.01.26-00.58.45:027][  0]LogConfig: Setting CVar [[r.DOF.Scatter.EnableBokehSettings:1      ; bokeh simulation when scattering]]
[2020.01.26-00.58.45:027][  0]LogConfig: Setting CVar [[r.DOF.Scatter.MaxSpriteRatio:0.1         ; only a maximum of 10% of scattered bokeh]]
[2020.01.26-00.58.45:027][  0]LogConfig: Setting CVar [[r.DOF.Recombine.Quality:1                ; cheap slight out of focus]]
[2020.01.26-00.58.45:027][  0]LogConfig: Setting CVar [[r.DOF.Recombine.EnableBokehSettings:0    ; no bokeh simulation on slight out of focus]]
[2020.01.26-00.58.45:027][  0]LogConfig: Setting CVar [[r.DOF.TemporalAAQuality:1                ; more stable temporal accumulation]]
[2020.01.26-00.58.45:027][  0]LogConfig: Setting CVar [[r.DOF.Kernel.MaxForegroundRadius:0.025]]
[2020.01.26-00.58.45:027][  0]LogConfig: Setting CVar [[r.DOF.Kernel.MaxBackgroundRadius:0.025]]
[2020.01.26-00.58.45:027][  0]LogConfig: Applying CVar settings from Section [TextureQuality@3] File [D:/Art/Park_SFAS/Park/Saved/Config/Windows/Scalability.ini]
[2020.01.26-00.58.45:027][  0]LogConfig: Setting CVar [[r.Streaming.MipBias:0]]
[2020.01.26-00.58.45:027][  0]LogConfig: Setting CVar [[r.Streaming.AmortizeCPUToGPUCopy:0]]
[2020.01.26-00.58.45:027][  0]LogConfig: Setting CVar [[r.Streaming.MaxNumTexturesToStreamPerFrame:0]]
[2020.01.26-00.58.45:027][  0]LogConfig: Setting CVar [[r.Streaming.Boost:1]]
[2020.01.26-00.58.45:027][  0]LogConfig: Setting CVar [[r.MaxAnisotropy:8]]
[2020.01.26-00.58.45:027][  0]LogConfig: Setting CVar [[r.Streaming.LimitPoolSizeToVRAM:0]]
[2020.01.26-00.58.45:027][  0]LogConfig: Setting CVar [[r.Streaming.PoolSize:1000]]
[2020.01.26-00.58.45:027][  0]LogConfig: Setting CVar [[r.Streaming.MaxEffectiveScreenSize:0]]
[2020.01.26-00.58.45:027][  0]LogConfig: Applying CVar settings from Section [EffectsQuality@3] File [D:/Art/Park_SFAS/Park/Saved/Config/Windows/Scalability.ini]
[2020.01.26-00.58.45:027][  0]LogConfig: Setting CVar [[r.TranslucencyLightingVolumeDim:64]]
[2020.01.26-00.58.45:027][  0]LogConfig: Setting CVar [[r.RefractionQuality:2]]
[2020.01.26-00.58.45:027][  0]LogConfig: Setting CVar [[r.SSR.Quality:3]]
[2020.01.26-00.58.45:027][  0]LogConfig: Setting CVar [[r.SceneColorFormat:4]]
[2020.01.26-00.58.45:028][  0]LogConfig: Setting CVar [[r.DetailMode:2]]
[2020.01.26-00.58.45:028][  0]LogConfig: Setting CVar [[r.TranslucencyVolumeBlur:1]]
[2020.01.26-00.58.45:028][  0]LogConfig: Setting CVar [[r.MaterialQualityLevel:1 ; High quality]]
[2020.01.26-00.58.45:028][  0]LogConfig: Setting CVar [[r.SSS.Scale:1]]
[2020.01.26-00.58.45:028][  0]LogConfig: Setting CVar [[r.SSS.SampleSet:2]]
[2020.01.26-00.58.45:028][  0]LogConfig: Setting CVar [[r.SSS.Quality:1]]
[2020.01.26-00.58.45:028][  0]LogConfig: Setting CVar [[r.SSS.HalfRes:1]]
[2020.01.26-00.58.45:028][  0]LogConfig: Setting CVar [[r.EmitterSpawnRateScale:1.0]]
[2020.01.26-00.58.45:028][  0]LogConfig: Setting CVar [[r.ParticleLightQuality:2]]
[2020.01.26-00.58.45:028][  0]LogConfig: Applying CVar settings from Section [FoliageQuality@3] File [D:/Art/Park_SFAS/Park/Saved/Config/Windows/Scalability.ini]
[2020.01.26-00.58.45:028][  0]LogConfig: Setting CVar [[foliage.DensityScale:1.0]]
[2020.01.26-00.58.45:028][  0]LogConfig: Setting CVar [[grass.DensityScale:1.0]]
[2020.01.26-00.58.45:028][  0]LogConfig: Applying CVar settings from Section [Startup] File [../../../Engine/Config/ConsoleVariables.ini]
[2020.01.26-00.58.45:028][  0]LogConfig: Setting CVar [[net.UseAdaptiveNetUpdateFrequency:0]]
[2020.01.26-00.58.45:028][  0]LogConfig: Setting CVar [[p.chaos.AllowCreatePhysxBodies:1]]
[2020.01.26-00.58.45:028][  0]LogConfig: Applying CVar settings from Section [ConsoleVariables] File [D:/Art/Park_SFAS/Park/Saved/Config/Windows/Engine.ini]
[2020.01.26-00.58.45:028][  0]LogInit: Computer: JONATHAN-PC
[2020.01.26-00.58.45:028][  0]LogInit: User: Jonathan
[2020.01.26-00.58.45:028][  0]LogInit: CPU Page size=4096, Cores=8
[2020.01.26-00.58.45:028][  0]LogInit: High frequency timer resolution =10.000000 MHz
[2020.01.26-00.58.45:028][  0]LogMemory: Memory total: Physical=31.7GB (32GB approx)
[2020.01.26-00.58.45:028][  0]LogMemory: Platform Memory Stats for Windows
[2020.01.26-00.58.45:028][  0]LogMemory: Process Physical Memory: 102.05 MB used, 102.06 MB peak
[2020.01.26-00.58.45:028][  0]LogMemory: Process Virtual Memory: 102.25 MB used, 102.25 MB peak
[2020.01.26-00.58.45:028][  0]LogMemory: Physical Memory: 13329.47 MB used,  19109.59 MB free, 32439.06 MB total
[2020.01.26-00.58.45:028][  0]LogMemory: Virtual Memory: 4703.18 MB used,  134213024.00 MB free, 134217728.00 MB total
[2020.01.26-00.58.45:031][  0]LogWindows: WindowsPlatformFeatures enabled
[2020.01.26-00.58.45:049][  0]LogInit: Using OS detected language (en-GB).
[2020.01.26-00.58.45:049][  0]LogInit: Using OS detected locale (en-GB).
[2020.01.26-00.58.45:050][  0]LogTextLocalizationManager: No specific localization for 'en-GB' exists, so the 'en' localization will be used.
[2020.01.26-00.58.45:203][  0]LogInit: Setting process to per monitor DPI aware
[2020.01.26-00.58.45:231][  0]LogSlate: New Slate User Created.  User Index 0, Is Virtual User: 0
[2020.01.26-00.58.45:231][  0]LogSlate: Slate User Registered.  User Index 0, Is Virtual User: 0
[2020.01.26-00.58.45:401][  0]LogHMD: Failed to initialize OpenVR with code 110
[2020.01.26-00.58.45:401][  0]LogD3D11RHI: D3D11 adapters:
[2020.01.26-00.58.45:451][  0]LogD3D11RHI:    0. 'NVIDIA GeForce GTX 1080 Ti' (Feature Level 11_0)
[2020.01.26-00.58.45:451][  0]LogD3D11RHI:       11127/0/16219 MB DedicatedVideo/DedicatedSystem/SharedSystem, Outputs:2, VendorId:0x10de
[2020.01.26-00.58.45:454][  0]LogD3D11RHI:    1. 'Microsoft Basic Render Driver' (Feature Level 11_0)
[2020.01.26-00.58.45:454][  0]LogD3D11RHI:       0/0/16219 MB DedicatedVideo/DedicatedSystem/SharedSystem, Outputs:0, VendorId:0x1414
[2020.01.26-00.58.45:454][  0]LogD3D11RHI: Chosen D3D11 Adapter: 0
[2020.01.26-00.58.45:464][  0]LogD3D11RHI: Creating new Direct3DDevice
[2020.01.26-00.58.45:464][  0]LogD3D11RHI:     GPU DeviceId: 0x1b06 (for the marketing name, search the web for "GPU Device Id")
[2020.01.26-00.58.45:464][  0]LogWindows: EnumDisplayDevices:
[2020.01.26-00.58.45:464][  0]LogWindows:    0. 'NVIDIA GeForce GTX 1080 Ti' (P:1 D:1)
[2020.01.26-00.58.45:465][  0]LogWindows:    1. 'NVIDIA GeForce GTX 1080 Ti' (P:0 D:1)
[2020.01.26-00.58.45:465][  0]LogWindows:    2. 'NVIDIA GeForce GTX 1080 Ti' (P:0 D:0)
[2020.01.26-00.58.45:465][  0]LogWindows:    3. 'NVIDIA GeForce GTX 1080 Ti' (P:0 D:0)
[2020.01.26-00.58.45:465][  0]LogWindows: DebugString: FoundDriverCount:4 
[2020.01.26-00.58.45:465][  0]LogD3D11RHI:     Adapter Name: NVIDIA GeForce GTX 1080 Ti
[2020.01.26-00.58.45:465][  0]LogD3D11RHI:   Driver Version: 432.00 (internal:26.21.14.3200, unified:432.00)
[2020.01.26-00.58.45:465][  0]LogD3D11RHI:      Driver Date: 7-24-2019
[2020.01.26-00.58.45:465][  0]LogRHI: Texture pool is 7788 MB (70% of 11127 MB)
[2020.01.26-00.58.45:510][  0]LogD3D11RHI: Async texture creation enabled
[2020.01.26-00.58.45:524][  0]LogD3D11RHI: GPU Timing Frequency: 1000.000000 (Debug: 2 1)
[2020.01.26-00.58.45:816][  0]LogTemp: Display: Module 'AllDesktopTargetPlatform' loaded TargetPlatform 'AllDesktop'
[2020.01.26-00.58.45:823][  0]LogTemp: Display: Module 'MacClientTargetPlatform' loaded TargetPlatform 'MacClient'
[2020.01.26-00.58.45:829][  0]LogTemp: Display: Module 'MacNoEditorTargetPlatform' loaded TargetPlatform 'MacNoEditor'
[2020.01.26-00.58.45:836][  0]LogTemp: Display: Module 'MacServerTargetPlatform' loaded TargetPlatform 'MacServer'
[2020.01.26-00.58.45:842][  0]LogTemp: Display: Module 'MacTargetPlatform' loaded TargetPlatform 'Mac'
[2020.01.26-00.58.45:848][  0]LogTemp: Display: Module 'WindowsClientTargetPlatform' loaded TargetPlatform 'WindowsClient'
[2020.01.26-00.58.45:854][  0]LogTemp: Display: Module 'WindowsNoEditorTargetPlatform' loaded TargetPlatform 'WindowsNoEditor'
[2020.01.26-00.58.45:861][  0]LogTemp: Display: Module 'WindowsServerTargetPlatform' loaded TargetPlatform 'WindowsServer'
[2020.01.26-00.58.45:864][  0]LogTemp: Display: Module 'WindowsTargetPlatform' loaded TargetPlatform 'Windows'
[2020.01.26-00.58.45:890][  0]LogTemp: Display: Module 'AndroidTargetPlatform' loaded TargetPlatform 'Android'
[2020.01.26-00.58.45:890][  0]LogTemp: Display: Module 'AndroidTargetPlatform' loaded TargetPlatform 'Android_ASTC'
[2020.01.26-00.58.45:890][  0]LogTemp: Display: Module 'AndroidTargetPlatform' loaded TargetPlatform 'Android_ATC'
[2020.01.26-00.58.45:890][  0]LogTemp: Display: Module 'AndroidTargetPlatform' loaded TargetPlatform 'Android_DXT'
[2020.01.26-00.58.45:890][  0]LogTemp: Display: Module 'AndroidTargetPlatform' loaded TargetPlatform 'Android_ETC1'
[2020.01.26-00.58.45:890][  0]LogTemp: Display: Module 'AndroidTargetPlatform' loaded TargetPlatform 'Android_ETC1a'
[2020.01.26-00.58.45:890][  0]LogTemp: Display: Module 'AndroidTargetPlatform' loaded TargetPlatform 'Android_ETC2'
[2020.01.26-00.58.45:890][  0]LogTemp: Display: Module 'AndroidTargetPlatform' loaded TargetPlatform 'Android_PVRTC'
[2020.01.26-00.58.45:890][  0]LogTemp: Display: Module 'AndroidTargetPlatform' loaded TargetPlatform 'AndroidClient'
[2020.01.26-00.58.45:890][  0]LogTemp: Display: Module 'AndroidTargetPlatform' loaded TargetPlatform 'Android_ASTCClient'
[2020.01.26-00.58.45:890][  0]LogTemp: Display: Module 'AndroidTargetPlatform' loaded TargetPlatform 'Android_ATCClient'
[2020.01.26-00.58.45:890][  0]LogTemp: Display: Module 'AndroidTargetPlatform' loaded TargetPlatform 'Android_DXTClient'
[2020.01.26-00.58.45:890][  0]LogTemp: Display: Module 'AndroidTargetPlatform' loaded TargetPlatform 'Android_ETC1Client'
[2020.01.26-00.58.45:890][  0]LogTemp: Display: Module 'AndroidTargetPlatform' loaded TargetPlatform 'Android_ETC1aClient'
[2020.01.26-00.58.45:890][  0]LogTemp: Display: Module 'AndroidTargetPlatform' loaded TargetPlatform 'Android_ETC2Client'
[2020.01.26-00.58.45:890][  0]LogTemp: Display: Module 'AndroidTargetPlatform' loaded TargetPlatform 'Android_PVRTCClient'
[2020.01.26-00.58.45:890][  0]LogTemp: Display: Module 'AndroidTargetPlatform' loaded TargetPlatform 'Android_Multi'
[2020.01.26-00.58.45:890][  0]LogTemp: Display: Module 'AndroidTargetPlatform' loaded TargetPlatform 'Android_MultiClient'
[2020.01.26-00.58.45:892][  0]LogTemp: Display: Module 'HTML5TargetPlatform' loaded TargetPlatform 'HTML5'
[2020.01.26-00.58.45:905][  0]LogTemp: Display: Module 'IOSTargetPlatform' loaded TargetPlatform 'IOSClient'
[2020.01.26-00.58.45:905][  0]LogTemp: Display: Module 'IOSTargetPlatform' loaded TargetPlatform 'IOS'
[2020.01.26-00.58.45:916][  0]LogTemp: Display: Module 'TVOSTargetPlatform' loaded TargetPlatform 'TVOSClient'
[2020.01.26-00.58.45:916][  0]LogTemp: Display: Module 'TVOSTargetPlatform' loaded TargetPlatform 'TVOS'
[2020.01.26-00.58.45:922][  0]LogTemp: Display: Module 'LinuxClientTargetPlatform' loaded TargetPlatform 'LinuxClient'
[2020.01.26-00.58.45:927][  0]LogTemp: Display: Module 'LinuxNoEditorTargetPlatform' loaded TargetPlatform 'LinuxNoEditor'
[2020.01.26-00.58.45:933][  0]LogTemp: Display: Module 'LinuxServerTargetPlatform' loaded TargetPlatform 'LinuxServer'
[2020.01.26-00.58.45:939][  0]LogTemp: Display: Module 'LinuxTargetPlatform' loaded TargetPlatform 'Linux'
[2020.01.26-00.58.45:958][  0]LogTemp: Display: Module 'LuminTargetPlatform' loaded TargetPlatform 'Lumin'
[2020.01.26-00.58.45:958][  0]LogTemp: Display: Module 'LuminTargetPlatform' loaded TargetPlatform 'LuminClient'
[2020.01.26-00.58.45:958][  0]LogTargetPlatformManager: Display: Building Assets For Windows
[2020.01.26-00.58.45:964][  0]LogAudioDebug: Display: Lib vorbis DLL was dynamically loaded.
[2020.01.26-00.58.45:999][  0]LogShaderCompilers: Guid format shader working directory is 15 characters bigger than the processId version (../../../../Art/Park_SFAS/Park/Intermediate/Shaders/WorkingDirectory/10820/).
[2020.01.26-00.58.45:999][  0]LogShaderCompilers: Cleaned the shader compiler working directory 'C:/Users/jonat/AppData/Local/Temp/UnrealShaderWorkingDir/030BA9FD4644828FB3AD038EF84CA66E/'.
[2020.01.26-00.58.46:000][  0]LogXGEController: Cannot use XGE Controller as Incredibuild is not installed on this machine.
[2020.01.26-00.58.46:000][  0]LogShaderCompilers: Cannot use XGE Shader Compiler as Incredibuild is not installed on this machine.
[2020.01.26-00.58.46:000][  0]LogShaderCompilers: Display: Using Local Shader Compiler.
[2020.01.26-00.58.46:536][  0]LogDerivedDataCache: Display: Max Cache Size: 512 MB
[2020.01.26-00.58.46:581][  0]LogDerivedDataCache: Loaded boot cache 0.04s 73MB C:/Users/jonat/AppData/Local/UnrealEngine/4.23/DerivedDataCache/Boot.ddc.
[2020.01.26-00.58.46:581][  0]LogDerivedDataCache: Display: Loaded Boot cache: C:/Users/jonat/AppData/Local/UnrealEngine/4.23/DerivedDataCache/Boot.ddc
[2020.01.26-00.58.46:581][  0]LogDerivedDataCache: FDerivedDataBackendGraph:  Pak pak cache file ../../../../Art/Park_SFAS/Park/DerivedDataCache/DDC.ddp not found, will not use a pak cache.
[2020.01.26-00.58.46:581][  0]LogDerivedDataCache: Unable to find inner node Pak for hierarchical cache Hierarchy.
[2020.01.26-00.58.46:581][  0]LogDerivedDataCache: FDerivedDataBackendGraph:  CompressedPak pak cache file ../../../../Art/Park_SFAS/Park/DerivedDataCache/Compressed.ddp not found, will not use a pak cache.
[2020.01.26-00.58.46:581][  0]LogDerivedDataCache: Unable to find inner node CompressedPak for hierarchical cache Hierarchy.
[2020.01.26-00.58.46:591][  0]LogDerivedDataCache: Display: Pak cache opened for reading ../../../Engine/DerivedDataCache/Compressed.ddp.
[2020.01.26-00.58.46:591][  0]LogDerivedDataCache: FDerivedDataBackendGraph:  EnterprisePak pak cache file ../../../Enterprise/DerivedDataCache/Compressed.ddp not found, will not use a pak cache.
[2020.01.26-00.58.46:591][  0]LogDerivedDataCache: Unable to find inner node EnterprisePak for hierarchical cache Hierarchy.
[2020.01.26-00.58.46:592][  0]LogDerivedDataCache: Using Local data cache path C:/Users/jonat/AppData/Local/UnrealEngine/Common/DerivedDataCache: Writable
[2020.01.26-00.58.46:592][  0]LogDerivedDataCache: Shared data cache path not found in *engine.ini, will not use an Shared cache.
[2020.01.26-00.58.46:592][  0]LogDerivedDataCache: Unable to find inner node Shared for hierarchical cache Hierarchy.
[2020.01.26-00.58.46:610][  0]LogMaterial: Verifying Global Shaders for PCD3D_SM5
[2020.01.26-00.58.46:612][  0]LogSlate: Using FreeType 2.6.0
[2020.01.26-00.58.46:613][  0]LogSlate: SlateFontServices - WITH_FREETYPE: 1, WITH_HARFBUZZ: 1
[2020.01.26-00.58.46:664][  0]LogAssetRegistry: FAssetRegistry took 0.0023 seconds to start up
[2020.01.26-00.58.46:887][  0]LogInit: Selected Device Profile: [Windows]
[2020.01.26-00.58.47:006][  0]LogMeshReduction: Using QuadricMeshReduction for automatic static mesh reduction
[2020.01.26-00.58.47:007][  0]LogMeshReduction: Using SimplygonMeshReduction for automatic skeletal mesh reduction
[2020.01.26-00.58.47:007][  0]LogMeshReduction: Using ProxyLODMeshReduction for automatic mesh merging
[2020.01.26-00.58.47:007][  0]LogMeshReduction: No distributed automatic mesh merging module available
[2020.01.26-00.58.47:007][  0]LogMeshMerging: No distributed automatic mesh merging module available
[2020.01.26-00.58.47:015][  0]LogNetVersion: Park 1.0.0, NetCL: 8386587, EngineNetVer: 11, GameNetVer: 0 (Checksum: 2217119901)
[2020.01.26-00.58.47:378][  0]LogPackageLocalizationCache: Processed 12 localized package path(s) for 1 prioritized culture(s) in 0.073508 seconds
[2020.01.26-00.58.47:386][  0]LogUObjectArray: 43444 objects as part of root set at end of initial load.
[2020.01.26-00.58.47:386][  0]LogUObjectAllocator: 7548648 out of 0 bytes used by permanent object pool.
[2020.01.26-00.58.47:386][  0]LogUObjectArray: CloseDisregardForGC: 0/0 objects in disregard for GC pool
[2020.01.26-00.58.48:114][  0]LogTcpMessaging: Initializing TcpMessaging bridge
[2020.01.26-00.58.48:117][  0]LogUdpMessaging: Initializing bridge on interface 0.0.0.0:0 to multicast group 230.0.0.1:6666.
[2020.01.26-00.58.48:161][  0]SourceControl: Source control is disabled
[2020.01.26-00.58.48:161][  0]SourceControl: Source control is disabled
[2020.01.26-00.58.48:162][  0]SourceControl: Source control is disabled
[2020.01.26-00.58.48:163][  0]SourceControl: Source control is disabled
[2020.01.26-00.58.48:236][  0]LogAndroidPermission: UAndroidPermissionCallbackProxy::GetInstance
[2020.01.26-00.58.48:378][  0]LogOcInput: OculusInput pre-init called
[2020.01.26-00.58.48:382][  0]LogWindows: Failed to load 'OVRPlugin.dll' (GetLastError=126)
[2020.01.26-00.58.48:382][  0]LogWindows: File 'OVRPlugin.dll' does not exist
[2020.01.26-00.58.48:438][  0]LogEngine: Initializing Engine...
[2020.01.26-00.58.48:438][  0]LogHMD: Failed to initialize OpenVR with code 110
[2020.01.26-00.58.48:439][  0]LogStats: UGameplayTagsManager::InitializeManager -  0.000 s
[2020.01.26-00.58.48:616][  0]LogInit: Initializing FReadOnlyCVARCache
[2020.01.26-00.58.48:626][  0]LogAIModule: Creating AISystem for world Untitled
[2020.01.26-00.58.48:651][  0]LogInit: XAudio2 using 'Speakers (Realtek High Definition Audio)' : 2 channels at 48 kHz using 32 bits per sample (channel mask 0x3)
[2020.01.26-00.58.48:663][  0]LogInit: FAudioDevice initialized.
[2020.01.26-00.58.48:663][  0]LogNetVersion: Set ProjectVersion to 1.0.0.0. Version Checksum will be recalculated on next use.
[2020.01.26-00.58.48:737][  0]LogDerivedDataCache: Saved boot cache 0.07s 73MB C:/Users/jonat/AppData/Local/UnrealEngine/4.23/DerivedDataCache/Boot.ddc.
[2020.01.26-00.58.48:744][  0]LogInit: Texture streaming: Enabled
[2020.01.26-00.58.48:757][  0]LogEngineSessionManager: EngineSessionManager initialized
[2020.01.26-00.58.48:757][  0]LogEditorSessionSummary: Verbose: Initializing EditorSessionSummaryWriter for editor session tracking
[2020.01.26-00.58.48:757][  0]LogEditorSessionSummary: EditorSessionSummaryWriter initialized
[2020.01.26-00.58.48:802][  0]LogInit: Transaction tracking system initialized
[2020.01.26-00.58.48:822][  0]BlueprintLog: New page: Editor Load
[2020.01.26-00.58.48:872][  0]LocalizationService: Localization service is disabled
[2020.01.26-00.58.49:052][  0]LogFileCache: Scanning file cache for directory 'D:/Art/Park_SFAS/Park/Content/' took 0.01s
[2020.01.26-00.58.49:052][  0]LogCook: Display: Max memory allowance for cook 16384mb min free memory 0mb
[2020.01.26-00.58.49:052][  0]LogCook: Display: Mobile HDR setting 1
[2020.01.26-00.58.49:202][  0]SourceControl: Source control is disabled
[2020.01.26-00.58.49:203][  0]Cmd: MAP LOAD FILE="../../../Engine/Content/Maps/Templates/Template_Default.umap" TEMPLATE=1 SHOWPROGRESS=1 FEATURELEVEL=3
[2020.01.26-00.58.49:203][  0]LightingResults: New page: Lighting Build
[2020.01.26-00.58.49:204][  0]LogWorld: UWorld::CleanupWorld for Untitled, bSessionEnded=true, bCleanupResources=true
[2020.01.26-00.58.49:205][  0]MapCheck: New page: Map Check
[2020.01.26-00.58.49:205][  0]LightingResults: New page: Lighting Build
[2020.01.26-00.58.49:241][  0]LogUObjectHash: Compacting FUObjectHashTables data took   1.60ms
[2020.01.26-00.58.49:298][  0]LogAIModule: Creating AISystem for world Untitled_1
[2020.01.26-00.58.49:302][  0]LogEditorServer: Finished looking for orphan Actors (0.000 secs)
[2020.01.26-00.58.49:337][  0]LogUObjectHash: Compacting FUObjectHashTables data took   1.91ms
[2020.01.26-00.58.49:337][  0]Cmd: MAP CHECKDEP NOCLEARLOG
[2020.01.26-00.58.49:337][  0]MapCheck: Map check complete: 0 Error(s), 0 Warning(s), took 0.139ms to complete.
[2020.01.26-00.58.49:337][  0]LogFileHelpers: Loading map 'Template_Default' took 0.135
[2020.01.26-00.58.49:475][  0]LogSlate: Updating window title bar state: overlay mode, drag disabled, window buttons hidden, title bar hidden
[2020.01.26-00.58.49:482][  0]LogSlate: Updating window title bar state: overlay mode, drag disabled, window buttons hidden, title bar hidden
[2020.01.26-00.58.49:488][  0]LogSlate: Updating window title bar state: overlay mode, drag disabled, window buttons hidden, title bar hidden
[2020.01.26-00.58.49:494][  0]LogSlate: Updating window title bar state: overlay mode, drag disabled, window buttons hidden, title bar hidden
[2020.01.26-00.58.49:502][  0]LogCollectionManager: Loaded 0 collections in 0.000953 seconds
[2020.01.26-00.58.49:515][  0]LogFileCache: Scanning file cache for directory 'D:/Art/Park_SFAS/Park/Saved/Collections/' took 0.00s
[2020.01.26-00.58.49:515][  0]LogFileCache: Scanning file cache for directory 'D:/Art/Park_SFAS/Park/Content/Developers/Jonathan/Collections/' took 0.00s
[2020.01.26-00.58.49:515][  0]LogFileCache: Scanning file cache for directory 'D:/Art/Park_SFAS/Park/Content/Collections/' took 0.00s
[2020.01.26-00.58.49:515][  0]LogCollectionManager: Rebuilt the GUID cache for 0 collections in 0.000001 seconds
[2020.01.26-00.58.49:523][  0]LogContentBrowser: Native class hierarchy populated in 0.0076 seconds. Added 2863 classes and 680 folders.
[2020.01.26-00.58.49:529][  0]LogContentBrowser: Native class hierarchy updated for 'WidgetCarousel' in 0.0002 seconds. Added 0 classes and 0 folders.
[2020.01.26-00.58.49:895][  0]LogContentBrowser: Native class hierarchy updated for 'AddContentDialog' in 0.0003 seconds. Added 0 classes and 0 folders.
[2020.01.26-00.58.49:928][  0]LogContentBrowser: Native class hierarchy updated for 'SceneOutliner' in 0.0003 seconds. Added 1 classes and 2 folders.
[2020.01.26-00.58.50:121][  0]LogSlate: Took 0.000223 seconds to synchronously load lazily loaded font '../../../Engine/Content/Slate/Fonts/Roboto-Regular.ttf' (155K)
[2020.01.26-00.58.50:123][  0]LogSlate: Took 0.000173 seconds to synchronously load lazily loaded font '../../../Engine/Content/Slate/Fonts/Roboto-Bold.ttf' (160K)
[2020.01.26-00.58.50:133][  0]LogSlate: Took 0.005454 seconds to synchronously load lazily loaded font '../../../Engine/Content/Editor/Slate/Fonts/FontAwesome.ttf' (139K)
[2020.01.26-00.58.50:253][  0]LogRenderer: Reallocating scene render targets to support 1268x768 Format 10 NumSamples 1 (Frame:1).
[2020.01.26-00.58.50:330][  0]LogContentBrowser: Native class hierarchy updated for 'HierarchicalLODOutliner' in 0.0003 seconds. Added 0 classes and 0 folders.
[2020.01.26-00.58.50:330][  0]LogLoad: (Engine Initialization) Total time: 6.47 seconds
[2020.01.26-00.58.50:330][  0]LogLoad: (Engine Initialization) Total Blueprint compile time: 0.00 seconds
[2020.01.26-00.58.50:370][  0]LogAssetRegistry: Asset discovery search completed in 3.7078 seconds
[2020.01.26-00.58.50:374][  0]LogCollectionManager: Rebuilt the object cache for 0 collections in 0.000007 seconds (found 0 objects)
[2020.01.26-00.58.50:374][  0]LogCollectionManager: Fixed up redirectors for 0 collections in 0.000064 seconds (updated 0 objects)
[2020.01.26-00.58.50:380][  0]LogContentStreaming: Texture pool size now 1000 MB
[2020.01.26-00.58.50:420][  0]LogSlate: Took 0.006275 seconds to synchronously load lazily loaded font '../../../Engine/Content/Slate/Fonts/Roboto-Light.ttf' (167K)
[2020.01.26-00.58.54:127][399]LogSlate: FSceneViewport::OnFocusLost() reason 0
[2020.01.26-00.58.56:886][711]LogSlate: Took 0.000225 seconds to synchronously load lazily loaded font '../../../Engine/Content/Slate/Fonts/Roboto-Light.ttf' (167K)
[2020.01.26-00.58.58:284][711]LogStaticMesh: Building static mesh SM_Pavilion_base...
[2020.01.26-00.58.58:723][711]LogStaticMesh: Built static mesh [0.44s] /Game/Meshes/SM_Pavilion_base.SM_Pavilion_base
[2020.01.26-00.58.58:811][711]LogStaticMesh: Building static mesh SM_Path...
[2020.01.26-00.58.58:866][711]LogStaticMesh: Built static mesh [0.06s] /Game/Meshes/SM_Path.SM_Path
[2020.01.26-00.58.59:287][711]LogAIModule: Creating AISystem for world Diorama
[2020.01.26-00.58.59:307][711]LogAssetEditorManager: Opening Asset editor for World /Game/Diorama.Diorama
[2020.01.26-00.58.59:347][711]LogUObjectHash: Compacting FUObjectHashTables data took   1.35ms
[2020.01.26-00.58.59:348][711]Cmd: MAP LOAD FILE="../../../../Art/Park_SFAS/Park/Content/Diorama.umap" TEMPLATE=0 SHOWPROGRESS=1 FEATURELEVEL=3
[2020.01.26-00.58.59:348][711]LightingResults: New page: Lighting Build
[2020.01.26-00.58.59:348][711]LoadErrors: New page: Loading map: Diorama.umap
[2020.01.26-00.58.59:349][711]LogWorld: UWorld::CleanupWorld for Untitled_1, bSessionEnded=true, bCleanupResources=true
[2020.01.26-00.58.59:349][711]MapCheck: New page: Map Check
[2020.01.26-00.58.59:349][711]LightingResults: New page: Lighting Build
[2020.01.26-00.58.59:384][711]LogUObjectHash: Compacting FUObjectHashTables data took   1.74ms
[2020.01.26-00.58.59:490][711]LogEditorServer: Finished looking for orphan Actors (0.000 secs)
[2020.01.26-00.58.59:531][711]LogUObjectHash: Compacting FUObjectHashTables data took   1.58ms
[2020.01.26-00.58.59:552][711]Cmd: MAP CHECKDEP NOCLEARLOG
[2020.01.26-00.58.59:553][711]MapCheck: Map check complete: 0 Error(s), 0 Warning(s), took 0.153ms to complete.
[2020.01.26-00.58.59:553][711]LogFileHelpers: Loading map 'Diorama' took 0.206
[2020.01.26-00.59.05:771][422]LogSlate: FSceneViewport::OnFocusLost() reason 0
[2020.01.26-00.59.15:082][525]LogFactory: FactoryCreateFile: Texture with ReimportTextureFactory (0 0 ../../../../Art/Park_SFAS/Textures/Rocks/Pebblees/sm_pebbles_low_initialShadingGroup_BaseColor.tga)
[2020.01.26-00.59.15:097][525]LogTexture: Display: Building textures: sm_pebbles_low_initialShadingGroup_BaseColor (AutoDXT, 1024X1024)
[2020.01.26-00.59.15:189][525]LogFactory: FactoryCreateFile: Texture with ReimportTextureFactory (0 0 ../../../../Art/Park_SFAS/Textures/Rocks/Pebblees/sm_pebbles_low_initialShadingGroup_Normal.tga)
[2020.01.26-00.59.15:204][525]LogTexture: Display: Building textures: sm_pebbles_low_initialShadingGroup_Normal (BC5, 1024X1024)
[2020.01.26-00.59.15:247][525]LogFactory: FactoryCreateFile: Texture with ReimportTextureFactory (0 0 ../../../../Art/Park_SFAS/Textures/Rocks/Pebblees/sm_pebbles_low_initialShadingGroup_OcclusionRoughnessMetallic.tga)
[2020.01.26-00.59.15:257][525]LogTexture: Display: Building textures: sm_pebbles_low_initialShadingGroup_OcclusionRoughnessMetallic (AutoDXT, 1024X1024)
[2020.01.26-00.59.21:714][243]LogAssetEditorManager: Opening Asset editor for Material /Game/Materials/m_pebbles.m_pebbles
[2020.01.26-00.59.21:720][243]LogMaterial: Display: Missing cached shader map for material m_pebbles, compiling. 
[2020.01.26-00.59.22:132][243]LogMaterial: Display: Missing cached shader map for material m_pebbles, compiling. 
[2020.01.26-00.59.22:150][243]LogMaterial: Display: Missing cached shader map for material m_pebbles, compiling. 
[2020.01.26-00.59.22:164][243]LogShaderCompilers: Display: Worker (1/13): shaders left to compile 21
[2020.01.26-00.59.22:164][243]LogShaderCompilers: Display: Worker (2/13): shaders left to compile 20
[2020.01.26-00.59.22:164][243]LogShaderCompilers: Display: Worker (3/13): shaders left to compile 19
[2020.01.26-00.59.22:164][243]LogShaderCompilers: Display: Worker (4/13): shaders left to compile 18
[2020.01.26-00.59.22:165][243]LogShaderCompilers: Display: Worker (5/13): shaders left to compile 17
[2020.01.26-00.59.22:165][243]LogShaderCompilers: Display: Worker (6/13): shaders left to compile 16
[2020.01.26-00.59.22:165][243]LogShaderCompilers: Display: Worker (7/13): shaders left to compile 15
[2020.01.26-00.59.22:165][243]LogShaderCompilers: Display: Worker (8/13): shaders left to compile 14
[2020.01.26-00.59.22:165][243]LogShaderCompilers: Display: Worker (9/13): shaders left to compile 13
[2020.01.26-00.59.22:165][243]LogShaderCompilers: Display: Worker (10/13): shaders left to compile 12
[2020.01.26-00.59.22:165][243]LogShaderCompilers: Display: Worker (11/13): shaders left to compile 11
[2020.01.26-00.59.22:165][243]LogShaderCompilers: Display: Worker (12/13): shaders left to compile 10
[2020.01.26-00.59.22:209][243]LogSlate: Took 0.009561 seconds to synchronously load lazily loaded font '../../../Engine/Content/Slate/Fonts/Roboto-BoldCondensed.ttf' (158K)
[2020.01.26-00.59.22:939][273]LogShaderCompilers: Display: Worker (8/13): shaders left to compile 9
[2020.01.26-00.59.23:025][276]LogShaderCompilers: Display: Worker (9/13): shaders left to compile 8
[2020.01.26-00.59.23:045][277]LogShaderCompilers: Display: Worker (2/13): shaders left to compile 7
[2020.01.26-00.59.23:068][278]LogShaderCompilers: Display: Worker (1/13): shaders left to compile 6
[2020.01.26-00.59.23:068][278]LogShaderCompilers: Display: Worker (6/13): shaders left to compile 5
[2020.01.26-00.59.23:068][278]LogShaderCompilers: Display: Worker (7/13): shaders left to compile 4
[2020.01.26-00.59.23:085][279]LogShaderCompilers: Display: Worker (5/13): shaders left to compile 3
[2020.01.26-00.59.23:102][280]LogShaderCompilers: Display: Worker (3/13): shaders left to compile 2
[2020.01.26-00.59.23:102][280]LogShaderCompilers: Display: Worker (4/13): shaders left to compile 1
[2020.01.26-00.59.23:597][308]MaterialEditorStats: Base pass shader: 117 instructions
[2020.01.26-00.59.23:597][308]MaterialEditorStats: Base pass shader with Volumetric Lightmap: 191 instructions
[2020.01.26-00.59.23:597][308]MaterialEditorStats: Base pass vertex shader: 40 instructions
[2020.01.26-00.59.23:597][308]MaterialEditorStats: Texture samplers: 3/16
[2020.01.26-00.59.25:449][504]LogMaterial: Display: Missing cached shader map for material m_pebbles, compiling. 
[2020.01.26-00.59.25:462][504]LogMaterial: Display: Missing cached shader map for material FMatExpressionPreview MaterialExpressionTextureSample_0, compiling. 
[2020.01.26-00.59.25:470][504]LogShaderCompilers: Display: Worker (1/13): shaders left to compile 21
[2020.01.26-00.59.25:470][504]LogShaderCompilers: Display: Worker (2/13): shaders left to compile 20
[2020.01.26-00.59.25:470][504]LogShaderCompilers: Display: Worker (3/13): shaders left to compile 19
[2020.01.26-00.59.25:470][504]LogShaderCompilers: Display: Worker (4/13): shaders left to compile 18
[2020.01.26-00.59.25:470][504]LogShaderCompilers: Display: Worker (5/13): shaders left to compile 17
[2020.01.26-00.59.25:470][504]LogShaderCompilers: Display: Worker (6/13): shaders left to compile 16
[2020.01.26-00.59.25:470][504]LogShaderCompilers: Display: Worker (7/13): shaders left to compile 15
[2020.01.26-00.59.25:470][504]LogShaderCompilers: Display: Worker (8/13): shaders left to compile 14
[2020.01.26-00.59.25:470][504]LogShaderCompilers: Display: Worker (9/13): shaders left to compile 13
[2020.01.26-00.59.25:471][504]LogShaderCompilers: Display: Worker (10/13): shaders left to compile 12
[2020.01.26-00.59.25:471][504]LogShaderCompilers: Display: Worker (11/13): shaders left to compile 11
[2020.01.26-00.59.25:471][504]LogShaderCompilers: Display: Worker (12/13): shaders left to compile 10
[2020.01.26-00.59.25:475][504]LogMaterial: Display: Missing cached shader map for material FMatExpressionPreview MaterialExpressionTextureSample_0, compiling. 
[2020.01.26-00.59.25:488][504]LogMaterial: Display: Missing cached shader map for material m_pebbles, compiling. 
[2020.01.26-00.59.25:502][504]LogMaterial: Display: Missing cached shader map for material FMatExpressionPreview MaterialExpressionTextureSample_1, compiling. 
[2020.01.26-00.59.25:521][504]LogMaterial: Display: Missing cached shader map for material FMatExpressionPreview MaterialExpressionTextureSample_0, compiling. 
[2020.01.26-00.59.25:529][504]LogMaterial: Display: Missing cached shader map for material FMatExpressionPreview MaterialExpressionTextureSample_1, compiling. 
[2020.01.26-00.59.25:547][504]LogMaterial: Display: Missing cached shader map for material m_pebbles, compiling. 
[2020.01.26-00.59.25:566][504]LogMaterial: Display: Missing cached shader map for material FMatExpressionPreview MaterialExpressionTextureSample_2, compiling. 
[2020.01.26-00.59.25:588][504]LogMaterial: Display: Missing cached shader map for material FMatExpressionPreview MaterialExpressionTextureSample_0, compiling. 
[2020.01.26-00.59.25:599][504]LogMaterial: Display: Missing cached shader map for material FMatExpressionPreview MaterialExpressionTextureSample_1, compiling. 
[2020.01.26-00.59.25:611][504]LogMaterial: Display: Missing cached shader map for material FMatExpressionPreview MaterialExpressionTextureSample_2, compiling. 
[2020.01.26-00.59.25:676][505]LogShaderCompilers: Display: Worker (8/13): shaders left to compile 33
[2020.01.26-00.59.25:706][506]LogShaderCompilers: Display: Worker (1/13): shaders left to compile 32
[2020.01.26-00.59.25:724][507]LogShaderCompilers: Display: Worker (2/13): shaders left to compile 31
[2020.01.26-00.59.25:724][507]LogShaderCompilers: Display: Worker (3/13): shaders left to compile 30
[2020.01.26-00.59.25:756][507]LogShaderCompilers: Display: Worker (9/13): shaders left to compile 29
[2020.01.26-00.59.25:787][508]LogShaderCompilers: Display: Worker (4/13): shaders left to compile 28
[2020.01.26-00.59.25:787][508]LogShaderCompilers: Display: Worker (5/13): shaders left to compile 27
[2020.01.26-00.59.25:787][508]LogShaderCompilers: Display: Worker (6/13): shaders left to compile 26
[2020.01.26-00.59.25:787][508]LogShaderCompilers: Display: Worker (7/13): shaders left to compile 25
[2020.01.26-00.59.25:894][512]LogShaderCompilers: Display: Worker (12/13): shaders left to compile 24
[2020.01.26-00.59.25:894][512]LogShaderCompilers: Display: Worker (8/13): shaders left to compile 23
[2020.01.26-00.59.25:933][513]LogShaderCompilers: Display: Worker (6/13): shaders left to compile 22
[2020.01.26-00.59.25:975][516]LogShaderCompilers: Display: Worker (1/13): shaders left to compile 21
[2020.01.26-00.59.25:991][517]LogShaderCompilers: Display: Worker (2/13): shaders left to compile 20
[2020.01.26-00.59.26:010][518]LogShaderCompilers: Display: Worker (3/13): shaders left to compile 19
[2020.01.26-00.59.26:044][520]LogShaderCompilers: Display: Worker (9/13): shaders left to compile 18
[2020.01.26-00.59.26:044][520]LogShaderCompilers: Display: Worker (7/13): shaders left to compile 17
[2020.01.26-00.59.26:060][521]LogShaderCompilers: Display: Worker (4/13): shaders left to compile 16
[2020.01.26-00.59.26:060][521]LogShaderCompilers: Display: Worker (5/13): shaders left to compile 15
[2020.01.26-00.59.26:078][522]LogShaderCompilers: Display: Worker (10/13): shaders left to compile 14
[2020.01.26-00.59.26:118][524]LogShaderCompilers: Display: Worker (11/13): shaders left to compile 13
[2020.01.26-00.59.26:290][532]LogShaderCompilers: Display: Worker (6/13): shaders left to compile 12
[2020.01.26-00.59.26:383][537]LogShaderCompilers: Display: Worker (3/13): shaders left to compile 11
[2020.01.26-00.59.26:420][539]LogShaderCompilers: Display: Worker (12/13): shaders left to compile 10
[2020.01.26-00.59.26:436][540]LogShaderCompilers: Display: Worker (4/13): shaders left to compile 9
[2020.01.26-00.59.26:453][541]LogShaderCompilers: Display: Worker (11/13): shaders left to compile 8
[2020.01.26-00.59.26:509][544]LogShaderCompilers: Display: Worker (8/13): shaders left to compile 7
[2020.01.26-00.59.26:545][546]LogShaderCompilers: Display: Worker (1/13): shaders left to compile 6
[2020.01.26-00.59.26:562][547]LogShaderCompilers: Display: Worker (5/13): shaders left to compile 5
[2020.01.26-00.59.26:597][549]LogShaderCompilers: Display: Worker (10/13): shaders left to compile 4
[2020.01.26-00.59.26:615][550]LogShaderCompilers: Display: Worker (2/13): shaders left to compile 3
[2020.01.26-00.59.26:615][550]LogShaderCompilers: Display: Worker (9/13): shaders left to compile 2
[2020.01.26-00.59.26:647][552]LogShaderCompilers: Display: Worker (7/13): shaders left to compile 1
[2020.01.26-00.59.26:658][552]MaterialEditorStats: Base pass shader: 117 instructions
[2020.01.26-00.59.26:658][552]MaterialEditorStats: Base pass shader with Volumetric Lightmap: 191 instructions
[2020.01.26-00.59.26:658][552]MaterialEditorStats: Base pass vertex shader: 40 instructions
[2020.01.26-00.59.26:658][552]MaterialEditorStats: Texture samplers: 3/16
[2020.01.26-00.59.30:627][982]LogSavePackage: Moving '../../../../Art/Park_SFAS/Park/Saved/T_pebbles_low_initialShadingGrou19722F0A436F539EA2BBB5B69E5A6279.tmp' to '../../../../Art/Park_SFAS/Park/Content/Textures/T_pebbles_low_initialShadingGroup_BaseColor.uasset'
[2020.01.26-00.59.30:744][982]LogUObjectHash: Compacting FUObjectHashTables data took   1.39ms
[2020.01.26-00.59.30:782][982]LogUObjectHash: Compacting FUObjectHashTables data took   1.54ms
[2020.01.26-00.59.30:816][982]LogUObjectHash: Compacting FUObjectHashTables data took   0.71ms
[2020.01.26-00.59.36:615][595]Cmd: OBJ SAVEPACKAGE PACKAGE="/Game/Textures/T_pebbles_low_initialShadingGroup_Normal" FILE="../../../../Art/Park_SFAS/Park/Content/Textures/T_pebbles_low_initialShadingGroup_Normal.uasset" SILENT=true
[2020.01.26-00.59.36:740][595]LogSavePackage: Moving '../../../../Art/Park_SFAS/Park/Saved/T_pebbles_low_initialShadingGrou7F1839EB44463AF44F862C8D2644BA33.tmp' to '../../../../Art/Park_SFAS/Park/Content/Textures/T_pebbles_low_initialShadingGroup_Normal.uasset'
[2020.01.26-00.59.36:853][595]LogUObjectHash: Compacting FUObjectHashTables data took   0.74ms
[2020.01.26-00.59.36:891][595]LogUObjectHash: Compacting FUObjectHashTables data took   0.99ms
[2020.01.26-00.59.36:926][595]LogUObjectHash: Compacting FUObjectHashTables data took   0.73ms
[2020.01.26-00.59.40:162][933]LogSavePackage: Moving '../../../../Art/Park_SFAS/Park/Saved/T_pebbles_low_initialShadingGrou9D2BBAEB4408F2EFC32FFDAAD11DCA43.tmp' to '../../../../Art/Park_SFAS/Park/Content/Textures/T_pebbles_low_initialShadingGroup_OcclusionRoughnessMetallic.uasset'
[2020.01.26-00.59.40:278][933]LogUObjectHash: Compacting FUObjectHashTables data took   0.72ms
[2020.01.26-00.59.40:315][933]LogUObjectHash: Compacting FUObjectHashTables data took   0.97ms
[2020.01.26-00.59.40:348][933]LogUObjectHash: Compacting FUObjectHashTables data took   0.72ms
[2020.01.26-00.59.45:765][471]LogMaterial: Display: Missing cached shader map for material m_pebbles, compiling. 
[2020.01.26-00.59.45:783][471]LogShaderCompilers: Display: Worker (1/13): shaders left to compile 21
[2020.01.26-00.59.45:783][471]LogShaderCompilers: Display: Worker (2/13): shaders left to compile 20
[2020.01.26-00.59.45:783][471]LogShaderCompilers: Display: Worker (3/13): shaders left to compile 19
[2020.01.26-00.59.45:783][471]LogShaderCompilers: Display: Worker (4/13): shaders left to compile 18
[2020.01.26-00.59.45:783][471]LogShaderCompilers: Display: Worker (5/13): shaders left to compile 17
[2020.01.26-00.59.45:783][471]LogShaderCompilers: Display: Worker (6/13): shaders left to compile 16
[2020.01.26-00.59.45:783][471]LogShaderCompilers: Display: Worker (7/13): shaders left to compile 15
[2020.01.26-00.59.45:783][471]LogShaderCompilers: Display: Worker (8/13): shaders left to compile 14
[2020.01.26-00.59.45:783][471]LogShaderCompilers: Display: Worker (9/13): shaders left to compile 13
[2020.01.26-00.59.45:783][471]LogShaderCompilers: Display: Worker (10/13): shaders left to compile 12
[2020.01.26-00.59.45:783][471]LogShaderCompilers: Display: Worker (11/13): shaders left to compile 11
[2020.01.26-00.59.45:783][471]LogShaderCompilers: Display: Worker (12/13): shaders left to compile 10
[2020.01.26-00.59.45:786][471]LogMaterial: Display: Missing cached shader map for material FMatExpressionPreview MaterialExpressionTextureSample_1, compiling. 
[2020.01.26-00.59.45:967][481]LogShaderCompilers: Display: Worker (8/13): shaders left to compile 13
[2020.01.26-00.59.46:036][482]LogShaderCompilers: Display: Worker (1/13): shaders left to compile 12
[2020.01.26-00.59.46:060][483]LogShaderCompilers: Display: Worker (2/13): shaders left to compile 11
[2020.01.26-00.59.46:060][483]LogShaderCompilers: Display: Worker (3/13): shaders left to compile 10
[2020.01.26-00.59.46:100][485]LogShaderCompilers: Display: Worker (5/13): shaders left to compile 9
[2020.01.26-00.59.46:101][485]LogShaderCompilers: Display: Worker (4/13): shaders left to compile 8
[2020.01.26-00.59.46:118][486]LogShaderCompilers: Display: Worker (6/13): shaders left to compile 7
[2020.01.26-00.59.46:118][486]LogShaderCompilers: Display: Worker (7/13): shaders left to compile 6
[2020.01.26-00.59.46:118][486]LogShaderCompilers: Display: Worker (9/13): shaders left to compile 5
[2020.01.26-00.59.46:199][491]LogShaderCompilers: Display: Worker (12/13): shaders left to compile 4
[2020.01.26-00.59.46:388][500]LogShaderCompilers: Display: Worker (10/13): shaders left to compile 3
[2020.01.26-00.59.46:430][502]LogShaderCompilers: Display: Worker (11/13): shaders left to compile 2
[2020.01.26-00.59.46:430][502]LogShaderCompilers: Display: Worker (2/13): shaders left to compile 1
[2020.01.26-00.59.47:064][557]LogMaterial: Display: Missing cached shader map for material m_pebbles, compiling. 
[2020.01.26-00.59.47:081][557]LogShaderCompilers: Display: Worker (1/13): shaders left to compile 21
[2020.01.26-00.59.47:081][557]LogShaderCompilers: Display: Worker (2/13): shaders left to compile 20
[2020.01.26-00.59.47:081][557]LogShaderCompilers: Display: Worker (3/13): shaders left to compile 19
[2020.01.26-00.59.47:081][557]LogShaderCompilers: Display: Worker (4/13): shaders left to compile 18
[2020.01.26-00.59.47:081][557]LogShaderCompilers: Display: Worker (5/13): shaders left to compile 17
[2020.01.26-00.59.47:081][557]LogShaderCompilers: Display: Worker (6/13): shaders left to compile 16
[2020.01.26-00.59.47:081][557]LogShaderCompilers: Display: Worker (7/13): shaders left to compile 15
[2020.01.26-00.59.47:081][557]LogShaderCompilers: Display: Worker (8/13): shaders left to compile 14
[2020.01.26-00.59.47:081][557]LogShaderCompilers: Display: Worker (9/13): shaders left to compile 13
[2020.01.26-00.59.47:081][557]LogShaderCompilers: Display: Worker (10/13): shaders left to compile 12
[2020.01.26-00.59.47:081][557]LogShaderCompilers: Display: Worker (11/13): shaders left to compile 11
[2020.01.26-00.59.47:082][557]LogShaderCompilers: Display: Worker (12/13): shaders left to compile 10
[2020.01.26-00.59.47:084][557]LogMaterial: Display: Missing cached shader map for material FMatExpressionPreview MaterialExpressionTextureSample_2, compiling. 
[2020.01.26-00.59.47:289][569]LogShaderCompilers: Display: Worker (8/13): shaders left to compile 13
[2020.01.26-00.59.47:359][572]LogShaderCompilers: Display: Worker (1/13): shaders left to compile 12
[2020.01.26-00.59.47:359][572]LogShaderCompilers: Display: Worker (2/13): shaders left to compile 11
[2020.01.26-00.59.47:360][572]LogShaderCompilers: Display: Worker (3/13): shaders left to compile 10
[2020.01.26-00.59.47:376][573]LogShaderCompilers: Display: Worker (4/13): shaders left to compile 9
[2020.01.26-00.59.47:376][573]LogShaderCompilers: Display: Worker (5/13): shaders left to compile 8
[2020.01.26-00.59.47:394][574]LogShaderCompilers: Display: Worker (6/13): shaders left to compile 7
[2020.01.26-00.59.47:394][574]LogShaderCompilers: Display: Worker (9/13): shaders left to compile 6
[2020.01.26-00.59.47:427][576]LogShaderCompilers: Display: Worker (7/13): shaders left to compile 5
[2020.01.26-00.59.47:479][579]LogShaderCompilers: Display: Worker (12/13): shaders left to compile 4
[2020.01.26-00.59.47:670][588]LogShaderCompilers: Display: Worker (10/13): shaders left to compile 3
[2020.01.26-00.59.47:709][590]LogShaderCompilers: Display: Worker (11/13): shaders left to compile 2
[2020.01.26-00.59.47:729][591]LogShaderCompilers: Display: Worker (2/13): shaders left to compile 1
[2020.01.26-00.59.48:449][652]LogMaterial: Display: Missing cached shader map for material m_pebbles, compiling. 
[2020.01.26-00.59.48:465][652]LogShaderCompilers: Display: Worker (1/13): shaders left to compile 21
[2020.01.26-00.59.48:465][652]LogShaderCompilers: Display: Worker (2/13): shaders left to compile 20
[2020.01.26-00.59.48:465][652]LogShaderCompilers: Display: Worker (3/13): shaders left to compile 19
[2020.01.26-00.59.48:465][652]LogShaderCompilers: Display: Worker (4/13): shaders left to compile 18
[2020.01.26-00.59.48:465][652]LogShaderCompilers: Display: Worker (5/13): shaders left to compile 17
[2020.01.26-00.59.48:465][652]LogShaderCompilers: Display: Worker (6/13): shaders left to compile 16
[2020.01.26-00.59.48:465][652]LogShaderCompilers: Display: Worker (7/13): shaders left to compile 15
[2020.01.26-00.59.48:465][652]LogShaderCompilers: Display: Worker (8/13): shaders left to compile 14
[2020.01.26-00.59.48:465][652]LogShaderCompilers: Display: Worker (9/13): shaders left to compile 13
[2020.01.26-00.59.48:465][652]LogShaderCompilers: Display: Worker (10/13): shaders left to compile 12
[2020.01.26-00.59.48:465][652]LogShaderCompilers: Display: Worker (11/13): shaders left to compile 11
[2020.01.26-00.59.48:465][652]LogShaderCompilers: Display: Worker (12/13): shaders left to compile 10
[2020.01.26-00.59.48:469][652]LogMaterial: Display: Missing cached shader map for material FMatExpressionPreview MaterialExpressionTextureSample_2, compiling. 
[2020.01.26-00.59.48:641][660]LogShaderCompilers: Display: Worker (8/13): shaders left to compile 13
[2020.01.26-00.59.48:720][664]LogShaderCompilers: Display: Worker (1/13): shaders left to compile 12
[2020.01.26-00.59.48:735][665]LogShaderCompilers: Display: Worker (3/13): shaders left to compile 11
[2020.01.26-00.59.48:751][666]LogShaderCompilers: Display: Worker (2/13): shaders left to compile 10
[2020.01.26-00.59.48:751][666]LogShaderCompilers: Display: Worker (5/13): shaders left to compile 9
[2020.01.26-00.59.48:774][667]LogShaderCompilers: Display: Worker (4/13): shaders left to compile 8
[2020.01.26-00.59.48:793][668]LogShaderCompilers: Display: Worker (6/13): shaders left to compile 7
[2020.01.26-00.59.48:793][668]LogShaderCompilers: Display: Worker (9/13): shaders left to compile 6
[2020.01.26-00.59.48:811][669]LogShaderCompilers: Display: Worker (7/13): shaders left to compile 5
[2020.01.26-00.59.48:880][673]LogShaderCompilers: Display: Worker (12/13): shaders left to compile 4
[2020.01.26-00.59.49:063][682]LogShaderCompilers: Display: Worker (10/13): shaders left to compile 3
[2020.01.26-00.59.49:123][685]LogShaderCompilers: Display: Worker (11/13): shaders left to compile 2
[2020.01.26-00.59.49:123][685]LogShaderCompilers: Display: Worker (3/13): shaders left to compile 1
[2020.01.26-00.59.49:360][699]MaterialEditorStats: Base pass shader: 125 instructions
[2020.01.26-00.59.49:360][699]MaterialEditorStats: Base pass shader with Volumetric Lightmap: 201 instructions
[2020.01.26-00.59.49:360][699]MaterialEditorStats: Base pass vertex shader: 44 instructions
[2020.01.26-00.59.49:360][699]MaterialEditorStats: Texture samplers: 5/16
[2020.01.26-00.59.49:360][699]MaterialEditorStats: Texture Lookups (Est.): VS(0), PS(2)
[2020.01.26-00.59.49:360][699]MaterialEditorStats: User interpolators: 2/4 Scalars (1/4 Vectors) (TexCoords: 2, Custom: 0)
[2020.01.26-00.59.50:337][797]LogEditorSessionSummary: EditorSessionSummary sent report. Type=Shutdown, SessionId={DE89EDB5-42E5-9940-9B6B-E8922533B58F}
[2020.01.26-00.59.50:432][808]LogMaterial: Display: Missing cached shader map for material m_pebbles, compiling. 
[2020.01.26-00.59.50:451][808]LogMaterial: Display: Missing cached shader map for material FMatExpressionPreview MaterialExpressionTextureSample_2, compiling. 
[2020.01.26-00.59.50:457][808]LogShaderCompilers: Display: Worker (1/13): shaders left to compile 21
[2020.01.26-00.59.50:457][808]LogShaderCompilers: Display: Worker (2/13): shaders left to compile 20
[2020.01.26-00.59.50:457][808]LogShaderCompilers: Display: Worker (3/13): shaders left to compile 19
[2020.01.26-00.59.50:457][808]LogShaderCompilers: Display: Worker (4/13): shaders left to compile 18
[2020.01.26-00.59.50:457][808]LogShaderCompilers: Display: Worker (5/13): shaders left to compile 17
[2020.01.26-00.59.50:457][808]LogShaderCompilers: Display: Worker (6/13): shaders left to compile 16
[2020.01.26-00.59.50:457][808]LogShaderCompilers: Display: Worker (7/13): shaders left to compile 15
[2020.01.26-00.59.50:457][808]LogShaderCompilers: Display: Worker (8/13): shaders left to compile 14
[2020.01.26-00.59.50:457][808]LogShaderCompilers: Display: Worker (9/13): shaders left to compile 13
[2020.01.26-00.59.50:457][808]LogShaderCompilers: Display: Worker (10/13): shaders left to compile 12
[2020.01.26-00.59.50:457][808]LogShaderCompilers: Display: Worker (11/13): shaders left to compile 11
[2020.01.26-00.59.50:457][808]LogShaderCompilers: Display: Worker (12/13): shaders left to compile 10
[2020.01.26-00.59.50:639][818]LogShaderCompilers: Display: Worker (8/13): shaders left to compile 13
[2020.01.26-00.59.50:714][822]LogShaderCompilers: Display: Worker (2/13): shaders left to compile 12
[2020.01.26-00.59.50:729][823]LogShaderCompilers: Display: Worker (3/13): shaders left to compile 11
[2020.01.26-00.59.50:745][824]LogShaderCompilers: Display: Worker (1/13): shaders left to compile 10
[2020.01.26-00.59.50:762][825]LogShaderCompilers: Display: Worker (4/13): shaders left to compile 9
[2020.01.26-00.59.50:762][825]LogShaderCompilers: Display: Worker (5/13): shaders left to compile 8
[2020.01.26-00.59.50:762][825]LogShaderCompilers: Display: Worker (6/13): shaders left to compile 7
[2020.01.26-00.59.50:780][826]LogShaderCompilers: Display: Worker (7/13): shaders left to compile 6
[2020.01.26-00.59.50:780][826]LogShaderCompilers: Display: Worker (9/13): shaders left to compile 5
[2020.01.26-00.59.50:862][830]LogShaderCompilers: Display: Worker (12/13): shaders left to compile 4
[2020.01.26-00.59.51:045][835]LogShaderCompilers: Display: Worker (10/13): shaders left to compile 3
[2020.01.26-00.59.51:073][836]LogShaderCompilers: Display: Worker (11/13): shaders left to compile 2
[2020.01.26-00.59.51:096][837]LogShaderCompilers: Display: Worker (3/13): shaders left to compile 1
[2020.01.26-00.59.51:327][850]MaterialEditorStats: Base pass shader: 125 instructions
[2020.01.26-00.59.51:327][850]MaterialEditorStats: Base pass shader with Volumetric Lightmap: 203 instructions
[2020.01.26-00.59.51:327][850]MaterialEditorStats: Base pass vertex shader: 44 instructions
[2020.01.26-00.59.51:327][850]MaterialEditorStats: Texture samplers: 5/16
[2020.01.26-00.59.51:327][850]MaterialEditorStats: Texture Lookups (Est.): VS(0), PS(2)
[2020.01.26-00.59.51:327][850]MaterialEditorStats: User interpolators: 2/4 Scalars (1/4 Vectors) (TexCoords: 2, Custom: 0)
[2020.01.26-00.59.53:360][ 68]LogMaterial: Display: Missing cached shader map for material m_pebbles, compiling. 
[2020.01.26-00.59.53:376][ 68]LogMaterial: Display: Missing cached shader map for material FMatExpressionPreview MaterialExpressionTextureSample_0, compiling. 
[2020.01.26-00.59.53:382][ 68]LogShaderCompilers: Display: Worker (1/13): shaders left to compile 21
[2020.01.26-00.59.53:382][ 68]LogShaderCompilers: Display: Worker (2/13): shaders left to compile 20
[2020.01.26-00.59.53:382][ 68]LogShaderCompilers: Display: Worker (3/13): shaders left to compile 19
[2020.01.26-00.59.53:382][ 68]LogShaderCompilers: Display: Worker (4/13): shaders left to compile 18
[2020.01.26-00.59.53:382][ 68]LogShaderCompilers: Display: Worker (5/13): shaders left to compile 17
[2020.01.26-00.59.53:382][ 68]LogShaderCompilers: Display: Worker (6/13): shaders left to compile 16
[2020.01.26-00.59.53:382][ 68]LogShaderCompilers: Display: Worker (7/13): shaders left to compile 15
[2020.01.26-00.59.53:382][ 68]LogShaderCompilers: Display: Worker (8/13): shaders left to compile 14
[2020.01.26-00.59.53:382][ 68]LogShaderCompilers: Display: Worker (9/13): shaders left to compile 13
[2020.01.26-00.59.53:382][ 68]LogShaderCompilers: Display: Worker (10/13): shaders left to compile 12
[2020.01.26-00.59.53:382][ 68]LogShaderCompilers: Display: Worker (11/13): shaders left to compile 11
[2020.01.26-00.59.53:382][ 68]LogShaderCompilers: Display: Worker (12/13): shaders left to compile 10
[2020.01.26-00.59.53:577][ 80]LogShaderCompilers: Display: Worker (8/13): shaders left to compile 13
[2020.01.26-00.59.53:650][ 84]LogShaderCompilers: Display: Worker (1/13): shaders left to compile 12
[2020.01.26-00.59.53:666][ 85]LogShaderCompilers: Display: Worker (2/13): shaders left to compile 11
[2020.01.26-00.59.53:666][ 85]LogShaderCompilers: Display: Worker (3/13): shaders left to compile 10
[2020.01.26-00.59.53:688][ 85]LogShaderCompilers: Display: Worker (4/13): shaders left to compile 9
[2020.01.26-00.59.53:688][ 85]LogShaderCompilers: Display: Worker (5/13): shaders left to compile 8
[2020.01.26-00.59.53:710][ 87]LogShaderCompilers: Display: Worker (6/13): shaders left to compile 7
[2020.01.26-00.59.53:710][ 87]LogShaderCompilers: Display: Worker (7/13): shaders left to compile 6
[2020.01.26-00.59.53:710][ 87]LogShaderCompilers: Display: Worker (9/13): shaders left to compile 5
[2020.01.26-00.59.53:803][ 92]LogShaderCompilers: Display: Worker (12/13): shaders left to compile 4
[2020.01.26-00.59.53:995][101]LogShaderCompilers: Display: Worker (10/13): shaders left to compile 3
[2020.01.26-00.59.54:018][102]LogShaderCompilers: Display: Worker (11/13): shaders left to compile 2
[2020.01.26-00.59.54:036][103]LogShaderCompilers: Display: Worker (2/13): shaders left to compile 1
[2020.01.26-00.59.54:301][118]MaterialEditorStats: Base pass shader: 128 instructions
[2020.01.26-00.59.54:301][118]MaterialEditorStats: Base pass shader with Volumetric Lightmap: 206 instructions
[2020.01.26-00.59.54:301][118]MaterialEditorStats: Base pass vertex shader: 44 instructions
[2020.01.26-00.59.54:301][118]MaterialEditorStats: Texture samplers: 6/16
[2020.01.26-00.59.54:301][118]MaterialEditorStats: Texture Lookups (Est.): VS(0), PS(3)
[2020.01.26-00.59.54:301][118]MaterialEditorStats: User interpolators: 2/4 Scalars (1/4 Vectors) (TexCoords: 2, Custom: 0)
[2020.01.26-00.59.57:142][417]LogSlate: FSceneViewport::OnFocusLost() reason 0
[2020.01.26-01.00.02:038][929]LogMaterialEditor: Saving and Compiling material m_pebbles
[2020.01.26-01.00.02:421][929]LogMaterial: Display: Missing cached shader map for material m_pebbles, compiling. 
[2020.01.26-01.00.02:476][929]LogShaderCompilers: Display: Worker (1/13): shaders left to compile 21
[2020.01.26-01.00.02:476][929]LogShaderCompilers: Display: Worker (2/13): shaders left to compile 20
[2020.01.26-01.00.02:476][929]LogShaderCompilers: Display: Worker (3/13): shaders left to compile 19
[2020.01.26-01.00.02:476][929]LogShaderCompilers: Display: Worker (4/13): shaders left to compile 18
[2020.01.26-01.00.02:476][929]LogShaderCompilers: Display: Worker (5/13): shaders left to compile 17
[2020.01.26-01.00.02:476][929]LogShaderCompilers: Display: Worker (6/13): shaders left to compile 16
[2020.01.26-01.00.02:476][929]LogShaderCompilers: Display: Worker (7/13): shaders left to compile 15
[2020.01.26-01.00.02:476][929]LogShaderCompilers: Display: Worker (8/13): shaders left to compile 14
[2020.01.26-01.00.02:476][929]LogShaderCompilers: Display: Worker (9/13): shaders left to compile 13
[2020.01.26-01.00.02:476][929]LogShaderCompilers: Display: Worker (10/13): shaders left to compile 12
[2020.01.26-01.00.02:476][929]LogShaderCompilers: Display: Worker (11/13): shaders left to compile 11
[2020.01.26-01.00.02:476][929]LogShaderCompilers: Display: Worker (12/13): shaders left to compile 10
[2020.01.26-01.00.02:488][929]LogMaterial: Display: Missing cached shader map for material m_pebbles, compiling. 
[2020.01.26-01.00.02:508][929]LogMaterial: Display: Missing cached shader map for material m_pebbles, compiling. 
[2020.01.26-01.00.02:564][929]LogUObjectHash: Compacting FUObjectHashTables data took   1.07ms
[2020.01.26-01.00.02:579][929]LogMaterial: Display: Missing cached shader map for material DebugViewMode MaterialTexCoordScale, compiling. 
[2020.01.26-01.00.03:340][929]LogShaderCompilers: Display: Worker (8/13): shaders left to compile 33
[2020.01.26-01.00.03:340][929]LogShaderCompilers: Display: Worker (3/13): shaders left to compile 32
[2020.01.26-01.00.03:340][929]LogShaderCompilers: Display: Worker (1/13): shaders left to compile 31
[2020.01.26-01.00.03:340][929]LogShaderCompilers: Display: Worker (2/13): shaders left to compile 30
[2020.01.26-01.00.03:340][929]LogShaderCompilers: Display: Worker (4/13): shaders left to compile 29
[2020.01.26-01.00.03:340][929]LogShaderCompilers: Display: Worker (9/13): shaders left to compile 28
[2020.01.26-01.00.03:340][929]LogShaderCompilers: Display: Worker (5/13): shaders left to compile 27
[2020.01.26-01.00.03:340][929]LogShaderCompilers: Display: Worker (6/13): shaders left to compile 26
[2020.01.26-01.00.03:340][929]LogShaderCompilers: Display: Worker (7/13): shaders left to compile 25
[2020.01.26-01.00.03:340][929]LogShaderCompilers: Display: Worker (12/13): shaders left to compile 24
[2020.01.26-01.00.03:340][929]LogShaderCompilers: Display: Worker (10/13): shaders left to compile 23
[2020.01.26-01.00.03:340][929]LogShaderCompilers: Display: Worker (11/13): shaders left to compile 22
[2020.01.26-01.00.03:340][929]LogShaderCompilers: Display: Worker (1/13): shaders left to compile 20
[2020.01.26-01.00.03:340][929]LogShaderCompilers: Display: Worker (9/13): shaders left to compile 18
[2020.01.26-01.00.03:340][929]LogShaderCompilers: Display: Worker (12/13): shaders left to compile 16
[2020.01.26-01.00.03:340][929]LogShaderCompilers: Display: Worker (7/13): shaders left to compile 14
[2020.01.26-01.00.03:340][929]LogShaderCompilers: Display: Worker (8/13): shaders left to compile 12
[2020.01.26-01.00.03:340][929]LogShaderCompilers: Display: Worker (5/13): shaders left to compile 10
[2020.01.26-01.00.03:340][929]LogShaderCompilers: Display: Worker (6/13): shaders left to compile 9
[2020.01.26-01.00.03:340][929]LogShaderCompilers: Display: Worker (3/13): shaders left to compile 8
[2020.01.26-01.00.03:340][929]LogShaderCompilers: Display: Worker (10/13): shaders left to compile 7
[2020.01.26-01.00.03:341][929]TextureStreamingBuild: Display: Compiling optional shaders took 0.777 seconds.
[2020.01.26-01.00.03:394][929]LogShaderCompilers: Display: Worker (2/13): shaders left to compile 6
[2020.01.26-01.00.03:394][929]LogShaderCompilers: Display: Worker (4/13): shaders left to compile 5
[2020.01.26-01.00.03:394][929]LogUObjectHash: Compacting FUObjectHashTables data took   1.13ms
[2020.01.26-01.00.04:076][929]LogShaderCompilers: Display: Worker (12/13): shaders left to compile 4
[2020.01.26-01.00.04:076][929]LogShaderCompilers: Display: Worker (11/13): shaders left to compile 3
[2020.01.26-01.00.04:076][929]LogShaderCompilers: Display: Worker (1/13): shaders left to compile 2
[2020.01.26-01.00.04:076][929]LogShaderCompilers: Display: Worker (3/13): shaders left to compile 1
[2020.01.26-01.00.04:103][929]Cmd: OBJ SAVEPACKAGE PACKAGE="/Game/Materials/m_pebbles" FILE="../../../../Art/Park_SFAS/Park/Content/Materials/m_pebbles.uasset" SILENT=true
[2020.01.26-01.00.04:119][929]LogSavePackage: Moving '../../../../Art/Park_SFAS/Park/Saved/m_pebbles3B20580444605B907F6F19A78573F9A8.tmp' to '../../../../Art/Park_SFAS/Park/Content/Materials/m_pebbles.uasset'
[2020.01.26-01.00.16:175][386]LogFactory: FactoryCreateFile: StaticMesh with FbxFactory (0 0 ../../../../Art/Park_SFAS/Models/Rocks/SM_Pebble1.obj)
[2020.01.26-01.00.16:207][386]LogFbx: Loading FBX Scene from ../../../../Art/Park_SFAS/Models/Rocks/SM_Pebble1.obj
[2020.01.26-01.00.16:216][386]LogFbx: FBX Scene Loaded Succesfully
[2020.01.26-01.00.17:978][386]LogSlate: Window 'FBX Import Options' being destroyed
[2020.01.26-01.00.18:014][386]LogFbx: Display: Triangulating static mesh polySurface8_sm_pebbles_low:Group9
[2020.01.26-01.00.18:052][386]LogStaticMesh: Building static mesh SM_Pebble1...
[2020.01.26-01.00.18:055][386]LogStaticMesh: Built static mesh [0.00s] /Game/Meshes/SM_Pebble1.SM_Pebble1
[2020.01.26-01.00.18:067][386]FBXImport: Warning: No smoothing group information was found in this FBX scene.  Please make sure to enable the 'Export Smoothing Groups' option in the FBX Exporter plug-in before exporting the file.  Even for tools that don't support smoothing groups, the FBX Exporter will generate appropriate smoothing data at export-time so that correct vertex normals can be inferred while importing. 
[2020.01.26-01.00.18:081][386]LogFactory: FactoryCreateFile: StaticMesh with FbxFactory (0 0 ../../../../Art/Park_SFAS/Models/Rocks/SM_Pebble2.obj)
[2020.01.26-01.00.18:091][386]LogFbx: Loading FBX Scene from ../../../../Art/Park_SFAS/Models/Rocks/SM_Pebble2.obj
[2020.01.26-01.00.18:097][386]LogFbx: FBX Scene Loaded Succesfully
[2020.01.26-01.00.18:098][386]LogFbx: Display: Triangulating static mesh polySurface9_sm_pebbles_low:Group9
[2020.01.26-01.00.18:120][386]LogStaticMesh: Building static mesh SM_Pebble2...
[2020.01.26-01.00.18:124][386]LogStaticMesh: Built static mesh [0.00s] /Game/Meshes/SM_Pebble2.SM_Pebble2
[2020.01.26-01.00.18:134][386]FBXImport: Warning: No smoothing group information was found in this FBX scene.  Please make sure to enable the 'Export Smoothing Groups' option in the FBX Exporter plug-in before exporting the file.  Even for tools that don't support smoothing groups, the FBX Exporter will generate appropriate smoothing data at export-time so that correct vertex normals can be inferred while importing. 
[2020.01.26-01.00.18:138][386]LogFactory: FactoryCreateFile: StaticMesh with FbxFactory (0 0 ../../../../Art/Park_SFAS/Models/Rocks/SM_Pebble3.obj)
[2020.01.26-01.00.18:145][386]LogFbx: Loading FBX Scene from ../../../../Art/Park_SFAS/Models/Rocks/SM_Pebble3.obj
[2020.01.26-01.00.18:148][386]LogFbx: FBX Scene Loaded Succesfully
[2020.01.26-01.00.18:150][386]LogFbx: Display: Triangulating static mesh polySurface3_sm_pebbles_low:Group9
[2020.01.26-01.00.18:163][386]LogStaticMesh: Building static mesh SM_Pebble3...
[2020.01.26-01.00.18:166][386]LogStaticMesh: Built static mesh [0.00s] /Game/Meshes/SM_Pebble3.SM_Pebble3
[2020.01.26-01.00.18:176][386]FBXImport: Warning: No smoothing group information was found in this FBX scene.  Please make sure to enable the 'Export Smoothing Groups' option in the FBX Exporter plug-in before exporting the file.  Even for tools that don't support smoothing groups, the FBX Exporter will generate appropriate smoothing data at export-time so that correct vertex normals can be inferred while importing. 
[2020.01.26-01.00.18:180][386]LogFactory: FactoryCreateFile: StaticMesh with FbxFactory (0 0 ../../../../Art/Park_SFAS/Models/Rocks/SM_Pebble4.obj)
[2020.01.26-01.00.18:188][386]LogFbx: Loading FBX Scene from ../../../../Art/Park_SFAS/Models/Rocks/SM_Pebble4.obj
[2020.01.26-01.00.18:191][386]LogFbx: FBX Scene Loaded Succesfully
[2020.01.26-01.00.18:192][386]LogFbx: Display: Triangulating static mesh polySurface2_sm_pebbles_low:Group9
[2020.01.26-01.00.18:204][386]LogStaticMesh: Building static mesh SM_Pebble4...
[2020.01.26-01.00.18:207][386]LogStaticMesh: Built static mesh [0.00s] /Game/Meshes/SM_Pebble4.SM_Pebble4
[2020.01.26-01.00.18:215][386]FBXImport: Warning: No smoothing group information was found in this FBX scene.  Please make sure to enable the 'Export Smoothing Groups' option in the FBX Exporter plug-in before exporting the file.  Even for tools that don't support smoothing groups, the FBX Exporter will generate appropriate smoothing data at export-time so that correct vertex normals can be inferred while importing. 
[2020.01.26-01.00.18:219][386]LogFactory: FactoryCreateFile: StaticMesh with FbxFactory (0 0 ../../../../Art/Park_SFAS/Models/Rocks/SM_Pebble5.obj)
[2020.01.26-01.00.18:226][386]LogFbx: Loading FBX Scene from ../../../../Art/Park_SFAS/Models/Rocks/SM_Pebble5.obj
[2020.01.26-01.00.18:230][386]LogFbx: FBX Scene Loaded Succesfully
[2020.01.26-01.00.18:232][386]LogFbx: Display: Triangulating static mesh polySurface7_sm_pebbles_low:Group9
[2020.01.26-01.00.18:246][386]LogStaticMesh: Building static mesh SM_Pebble5...
[2020.01.26-01.00.18:250][386]LogStaticMesh: Built static mesh [0.00s] /Game/Meshes/SM_Pebble5.SM_Pebble5
[2020.01.26-01.00.18:259][386]FBXImport: Warning: No smoothing group information was found in this FBX scene.  Please make sure to enable the 'Export Smoothing Groups' option in the FBX Exporter plug-in before exporting the file.  Even for tools that don't support smoothing groups, the FBX Exporter will generate appropriate smoothing data at export-time so that correct vertex normals can be inferred while importing. 
[2020.01.26-01.00.18:263][386]LogFactory: FactoryCreateFile: StaticMesh with FbxFactory (0 0 ../../../../Art/Park_SFAS/Models/Rocks/SM_Pebble6.obj)
[2020.01.26-01.00.18:269][386]LogFbx: Loading FBX Scene from ../../../../Art/Park_SFAS/Models/Rocks/SM_Pebble6.obj
[2020.01.26-01.00.18:272][386]LogFbx: FBX Scene Loaded Succesfully
[2020.01.26-01.00.18:274][386]LogFbx: Display: Triangulating static mesh polySurface1_sm_pebbles_low:Group9
[2020.01.26-01.00.18:285][386]LogStaticMesh: Building static mesh SM_Pebble6...
[2020.01.26-01.00.18:287][386]LogStaticMesh: Built static mesh [0.00s] /Game/Meshes/SM_Pebble6.SM_Pebble6
[2020.01.26-01.00.18:296][386]FBXImport: Warning: No smoothing group information was found in this FBX scene.  Please make sure to enable the 'Export Smoothing Groups' option in the FBX Exporter plug-in before exporting the file.  Even for tools that don't support smoothing groups, the FBX Exporter will generate appropriate smoothing data at export-time so that correct vertex normals can be inferred while importing. 
[2020.01.26-01.00.20:333][559]LogAssetEditorManager: Opening Asset editor for StaticMesh /Game/Meshes/SM_Pebble1.SM_Pebble1
[2020.01.26-01.00.20:606][559]LogSlate: Took 0.006402 seconds to synchronously load lazily loaded font '../../../Engine/Content/Slate/Fonts/Roboto-Italic.ttf' (157K)
[2020.01.26-01.00.25:730][104]LogAssetEditorManager: Opening Asset editor for StaticMesh /Game/Meshes/SM_Pebble2.SM_Pebble2
[2020.01.26-01.00.30:662][611]LogAssetEditorManager: Opening Asset editor for StaticMesh /Game/Meshes/SM_Pebble3.SM_Pebble3
[2020.01.26-01.00.34:948][ 19]LogAssetEditorManager: Opening Asset editor for StaticMesh /Game/Meshes/SM_Pebble4.SM_Pebble4
[2020.01.26-01.00.44:328][928]LogAssetEditorManager: Opening Asset editor for StaticMesh /Game/Meshes/SM_Pebble5.SM_Pebble5
[2020.01.26-01.00.50:756][508]LogAssetEditorManager: Opening Asset editor for StaticMesh /Game/Meshes/SM_Pebble6.SM_Pebble6
[2020.01.26-01.00.56:626][ 13]LogActorFactory: Actor Factory created SM_Pebble2
[2020.01.26-01.00.57:351][ 67]LogActorFactory: Actor Factory created SM_Pebble2
[2020.01.26-01.00.58:638][142]Cmd: CAMERA ALIGN ACTIVEVIEWPORTONLY
[2020.01.26-01.01.08:243][729]Cmd: SELECT NONE
[2020.01.26-01.01.10:585][869]LogEditorViewport: Clicking on Actor (LMB): StaticMeshActor (SM_Pebble2)
[2020.01.26-01.01.20:755][551]LogSlate: FSceneViewport::OnFocusLost() reason 0
[2020.01.26-01.01.20:867][559]LogActorFactory: Actor Factory created SM_Pebble1
[2020.01.26-01.01.21:441][591]LogActorFactory: Actor Factory created SM_Pebble1
[2020.01.26-01.01.23:996][765]Cmd: TRANSACTION UNDO
[2020.01.26-01.01.23:996][765]LogEditorTransaction: Undo Scale Actors
[2020.01.26-01.01.24:002][765]LogMaterial: Display: Missing cached shader map for material m_pebbles, compiling. 
[2020.01.26-01.01.24:045][765]LogShaderCompilers: Display: Worker (1/13): shaders left to compile 21
[2020.01.26-01.01.24:045][765]LogShaderCompilers: Display: Worker (2/13): shaders left to compile 20
[2020.01.26-01.01.24:045][765]LogShaderCompilers: Display: Worker (3/13): shaders left to compile 19
[2020.01.26-01.01.24:045][765]LogShaderCompilers: Display: Worker (4/13): shaders left to compile 18
[2020.01.26-01.01.24:045][765]LogShaderCompilers: Display: Worker (5/13): shaders left to compile 17
[2020.01.26-01.01.24:045][765]LogShaderCompilers: Display: Worker (6/13): shaders left to compile 16
[2020.01.26-01.01.24:045][765]LogShaderCompilers: Display: Worker (7/13): shaders left to compile 15
[2020.01.26-01.01.24:045][765]LogShaderCompilers: Display: Worker (8/13): shaders left to compile 14
[2020.01.26-01.01.24:045][765]LogShaderCompilers: Display: Worker (9/13): shaders left to compile 13
[2020.01.26-01.01.24:045][765]LogShaderCompilers: Display: Worker (10/13): shaders left to compile 12
[2020.01.26-01.01.24:045][765]LogShaderCompilers: Display: Worker (11/13): shaders left to compile 11
[2020.01.26-01.01.24:045][765]LogShaderCompilers: Display: Worker (12/13): shaders left to compile 10
[2020.01.26-01.01.24:401][765]LogShaderCompilers: Display: Worker (8/13): shaders left to compile 9
[2020.01.26-01.01.24:497][765]LogShaderCompilers: Display: Worker (2/13): shaders left to compile 8
[2020.01.26-01.01.24:497][765]LogShaderCompilers: Display: Worker (3/13): shaders left to compile 7
[2020.01.26-01.01.24:497][765]LogShaderCompilers: Display: Worker (1/13): shaders left to compile 6
[2020.01.26-01.01.24:497][765]LogShaderCompilers: Display: Worker (4/13): shaders left to compile 5
[2020.01.26-01.01.24:497][765]LogShaderCompilers: Display: Worker (5/13): shaders left to compile 4
[2020.01.26-01.01.24:497][765]LogShaderCompilers: Display: Worker (6/13): shaders left to compile 3
[2020.01.26-01.01.24:497][765]LogShaderCompilers: Display: Worker (9/13): shaders left to compile 2
[2020.01.26-01.01.24:660][765]LogShaderCompilers: Display: Worker (7/13): shaders left to compile 1
[2020.01.26-01.01.25:012][776]MaterialEditorStats: Base pass shader: 128 instructions
[2020.01.26-01.01.25:012][776]MaterialEditorStats: Base pass shader with Volumetric Lightmap: 206 instructions
[2020.01.26-01.01.25:012][776]MaterialEditorStats: Base pass vertex shader: 44 instructions
[2020.01.26-01.01.25:012][776]MaterialEditorStats: Texture samplers: 6/16
[2020.01.26-01.01.25:012][776]MaterialEditorStats: Texture Lookups (Est.): VS(0), PS(3)
[2020.01.26-01.01.25:012][776]MaterialEditorStats: User interpolators: 2/4 Scalars (1/4 Vectors) (TexCoords: 2, Custom: 0)
[2020.01.26-01.01.35:572][500]LogEditorViewport: Clicking on Actor (LMB): StaticMeshActor (SM_Bridge)
[2020.01.26-01.01.36:595][577]LogEditorViewport: Clicking on Actor (LMB): StaticMeshActor (SM_Pebble1)
[2020.01.26-01.01.48:042][394]LogSlate: FSceneViewport::OnFocusLost() reason 0
[2020.01.26-01.01.48:202][406]LogActorFactory: Actor Factory created SM_Pebble3
[2020.01.26-01.01.48:782][440]LogActorFactory: Actor Factory created SM_Pebble3
[2020.01.26-01.01.54:161][825]Cmd: SELECT NONE
[2020.01.26-01.01.57:835][ 75]LogEditorViewport: Clicking on Actor (LMB): StaticMeshActor (SM_Pebble2)
[2020.01.26-01.01.58:112][ 90]Cmd: CAMERA ALIGN ACTIVEVIEWPORTONLY
[2020.01.26-01.02.00:587][217]LogSlate: FSceneViewport::OnFocusLost() reason 0
[2020.01.26-01.02.00:726][227]LogActorFactory: Actor Factory created SM_Pebble5
[2020.01.26-01.02.01:526][274]LogActorFactory: Actor Factory created SM_Pebble5
[2020.01.26-01.02.09:373][813]Cmd: SELECT NONE
[2020.01.26-01.02.10:138][873]LogEditorViewport: Clicking on Actor (LMB): StaticMeshActor (sm_grass11)
[2020.01.26-01.02.13:110][ 47]LogEditorViewport: Clicking on Actor (LMB): StaticMeshActor (SM_Pebble5)
[2020.01.26-01.02.19:539][474]LogSlate: FSceneViewport::OnFocusLost() reason 0
[2020.01.26-01.02.19:718][488]LogActorFactory: Actor Factory created SM_Pebble6
[2020.01.26-01.02.20:112][512]LogActorFactory: Actor Factory created SM_Pebble6
[2020.01.26-01.02.30:768][261]LogSlate: FSceneViewport::OnFocusLost() reason 0
[2020.01.26-01.02.30:910][272]LogActorFactory: Actor Factory created SM_Pebble4
[2020.01.26-01.02.31:346][298]LogActorFactory: Actor Factory created SM_Pebble4
[2020.01.26-01.02.41:694][ 21]Cmd: SELECT NONE
[2020.01.26-01.02.42:505][ 71]LogEditorViewport: Clicking on Actor (LMB): StaticMeshActor (SM_Pebble4)
[2020.01.26-01.02.43:582][130]LogEditorViewport: Clicking on Actor (LMB): StaticMeshActor (SM_Pebble2)
[2020.01.26-01.03.02:192][305]LogSlate: FSceneViewport::OnFocusLost() reason 5
[2020.01.26-01.03.07:968][702]LogEditorFactories: Performing atomic reimport of [D:/Art/Park_SFAS/Textures/Rocks/Pebblees/sm_pebbles_low_initialShadingGroup_BaseColor.tga]
[2020.01.26-01.03.07:976][702]LogFactory: FactoryCreateFile: Texture2D with ReimportTextureFactory (0 0 D:/Art/Park_SFAS/Textures/Rocks/Pebblees/sm_pebbles_low_initialShadingGroup_BaseColor.tga)
[2020.01.26-01.03.07:990][702]LogTexture: Display: Building textures: T_pebbles_low_initialShadingGroup_BaseColor (AutoDXT, 1024X1024)
[2020.01.26-01.03.08:065][702]LogEditorFactories: -- imported successfully
[2020.01.26-01.03.09:472][795]LogEditorViewport: Clicking on Actor (LMB): StaticMeshActor (SM_Pebble2)
[2020.01.26-01.03.15:724][165]Cmd: DELETE
[2020.01.26-01.03.15:724][165]Cmd: ACTOR DELETE
[2020.01.26-01.03.15:734][165]LogEditorActor: Deleted Actor: StaticMeshActor
[2020.01.26-01.03.15:770][165]LogUObjectHash: Compacting FUObjectHashTables data took   1.70ms
[2020.01.26-01.03.15:771][165]LogEditorActor: Deleted 1 Actors (0.046 secs)
[2020.01.26-01.03.16:141][194]LogSlate: FSceneViewport::OnFocusLost() reason 0
[2020.01.26-01.03.24:387][684]LogEditorViewport: Clicking on Actor (LMB): StaticMeshActor (SM_Pebble12)
[2020.01.26-01.03.31:378][174]LogEditorViewport: Clicking on Actor (LMB): StaticMeshActor (SM_Pebble11)
[2020.01.26-01.03.35:123][447]LogEditorViewport: Clicking on Actor (LMB): StaticMeshActor (SM_Pebble8)
[2020.01.26-01.03.41:111][894]LogEditorViewport: Clicking on Actor (LMB): StaticMeshActor (SM_Pebble7)
[2020.01.26-01.03.48:814][457]LogEditorViewport: Clicking on Actor (LMB): StaticMeshActor (SM_Pebble10)
[2020.01.26-01.03.57:267][ 77]LogEditorViewport: Clicking on Actor (LMB): StaticMeshActor (SM_Pebble9)
[2020.01.26-01.04.01:838][401]LogEditorViewport: Clicking on Actor (LMB): StaticMeshActor (SM_Pebble12)
[2020.01.26-01.04.03:085][493]LogEditorViewport: Clicking on Actor (LMB): StaticMeshActor (SM_Pebble7)
[2020.01.26-01.04.22:187][770]LogEditorViewport: Clicking on Actor (LMB): StaticMeshActor (SM_Pebble11)
[2020.01.26-01.04.26:752][104]Cmd: CAMERA ALIGN ACTIVEVIEWPORTONLY
[2020.01.26-01.04.32:668][479]LogEditorViewport: Clicking on Actor (LMB): StaticMeshActor (SM_Pebble12)
[2020.01.26-01.04.33:969][563]LogEditorViewport: Clicking on Actor (LMB): StaticMeshActor (SM_Pebble7)
[2020.01.26-01.04.35:512][682]LogEditorViewport: Clicking on Actor (LMB): StaticMeshActor (SM_Pebble8)
[2020.01.26-01.04.46:157][463]LogEditorViewport: Clicking on Actor (LMB): StaticMeshActor (SM_Pebble12)
[2020.01.26-01.04.49:217][652]LogEditorViewport: Clicking on Actor (LMB): StaticMeshActor (SM_Pebble10)
[2020.01.26-01.05.00:557][394]LogEditorViewport: Clicking on Actor (LMB): StaticMeshActor (SM_Pebble11)
[2020.01.26-01.05.02:145][512]LogEditorViewport: Clicking on Actor (LMB): StaticMeshActor (SM_grasspath)
[2020.01.26-01.05.02:591][543]LogEditorViewport: Clicking on Actor (LMB): StaticMeshActor (SM_Pebble14)
[2020.01.26-01.05.15:156][422]Cmd: SELECT NONE
[2020.01.26-01.05.17:998][605]LogEditorViewport: Clicking on Actor (LMB): StaticMeshActor (SM_Pebble12)
[2020.01.26-01.05.19:116][672]LogEditorViewport: Clicking on Actor (LMB): StaticMeshActor (SM_Pebble17)
[2020.01.26-01.05.34:961][831]Cmd: SELECT NONE
[2020.01.26-01.05.37:435][ 47]LogEditorViewport: Clicking on Actor (LMB): StaticMeshActor (SM_Pebble7)
[2020.01.26-01.05.47:197][763]Cmd: SELECT NONE
[2020.01.26-01.06.00:436][723]LogEditorViewport: Clicking on Actor (LMB): StaticMeshActor (SM_Pebble19)
[2020.01.26-01.06.02:461][825]Cmd: SELECT NONE
[2020.01.26-01.06.13:439][611]LogEditorViewport: Clicking on Actor (LMB): StaticMeshActor (SM_Pebble2)
[2020.01.26-01.06.28:653][627]Cmd: SELECT NONE
[2020.01.26-01.06.32:325][877]LogEditorViewport: Clicking on Actor (LMB): StaticMeshActor (SM_Pebble1)
[2020.01.26-01.06.41:788][508]Cmd: SELECT NONE
[2020.01.26-01.06.42:627][580]LogEditorViewport: Clicking on Actor (LMB): StaticMeshActor (SM_River)
[2020.01.26-01.06.45:254][739]Cmd: TRANSACTION UNDO
[2020.01.26-01.06.45:254][739]LogEditorTransaction: Undo Rotate Actors
[2020.01.26-01.06.45:261][739]LogMaterial: Display: Missing cached shader map for material m_pebbles, compiling. 
[2020.01.26-01.06.45:300][739]LogShaderCompilers: Display: Worker (1/13): shaders left to compile 21
[2020.01.26-01.06.45:300][739]LogShaderCompilers: Display: Worker (2/13): shaders left to compile 20
[2020.01.26-01.06.45:300][739]LogShaderCompilers: Display: Worker (3/13): shaders left to compile 19
[2020.01.26-01.06.45:300][739]LogShaderCompilers: Display: Worker (4/13): shaders left to compile 18
[2020.01.26-01.06.45:300][739]LogShaderCompilers: Display: Worker (5/13): shaders left to compile 17
[2020.01.26-01.06.45:300][739]LogShaderCompilers: Display: Worker (6/13): shaders left to compile 16
[2020.01.26-01.06.45:300][739]LogShaderCompilers: Display: Worker (7/13): shaders left to compile 15
[2020.01.26-01.06.45:300][739]LogShaderCompilers: Display: Worker (8/13): shaders left to compile 14
[2020.01.26-01.06.45:300][739]LogShaderCompilers: Display: Worker (9/13): shaders left to compile 13
[2020.01.26-01.06.45:300][739]LogShaderCompilers: Display: Worker (10/13): shaders left to compile 12
[2020.01.26-01.06.45:300][739]LogShaderCompilers: Display: Worker (11/13): shaders left to compile 11
[2020.01.26-01.06.45:300][739]LogShaderCompilers: Display: Worker (12/13): shaders left to compile 10
[2020.01.26-01.06.45:645][739]LogShaderCompilers: Display: Worker (8/13): shaders left to compile 9
[2020.01.26-01.06.45:742][739]LogShaderCompilers: Display: Worker (2/13): shaders left to compile 8
[2020.01.26-01.06.45:743][739]LogShaderCompilers: Display: Worker (1/13): shaders left to compile 7
[2020.01.26-01.06.45:743][739]LogShaderCompilers: Display: Worker (3/13): shaders left to compile 6
[2020.01.26-01.06.45:743][739]LogShaderCompilers: Display: Worker (9/13): shaders left to compile 5
[2020.01.26-01.06.45:906][739]LogShaderCompilers: Display: Worker (4/13): shaders left to compile 4
[2020.01.26-01.06.45:906][739]LogShaderCompilers: Display: Worker (5/13): shaders left to compile 3
[2020.01.26-01.06.45:906][739]LogShaderCompilers: Display: Worker (6/13): shaders left to compile 2
[2020.01.26-01.06.45:906][739]LogShaderCompilers: Display: Worker (7/13): shaders left to compile 1
[2020.01.26-01.06.46:254][746]MaterialEditorStats: Base pass shader: 128 instructions
[2020.01.26-01.06.46:254][746]MaterialEditorStats: Base pass shader with Volumetric Lightmap: 206 instructions
[2020.01.26-01.06.46:254][746]MaterialEditorStats: Base pass vertex shader: 44 instructions
[2020.01.26-01.06.46:254][746]MaterialEditorStats: Texture samplers: 6/16
[2020.01.26-01.06.46:254][746]MaterialEditorStats: Texture Lookups (Est.): VS(0), PS(3)
[2020.01.26-01.06.46:254][746]MaterialEditorStats: User interpolators: 2/4 Scalars (1/4 Vectors) (TexCoords: 2, Custom: 0)
[2020.01.26-01.06.47:301][796]Cmd: SELECT NONE
[2020.01.26-01.07.00:465][715]Cmd: SELECT NONE
[2020.01.26-01.07.01:173][769]LogEditorViewport: Clicking on Actor (LMB): BP_Sky_Sphere_C (BP_Sky_Sphere)
[2020.01.26-01.07.01:743][807]Cmd: SELECT NONE
[2020.01.26-01.07.13:216][588]Cmd: SELECT NONE
[2020.01.26-01.07.49:346][679]LogEditorViewport: Clicking on Actor (LMB): StaticMeshActor (SM_Rock3_low2)
[2020.01.26-01.07.49:961][725]LogEditorViewport: Clicking on Actor (LMB): StaticMeshActor (sm_flower30)
[2020.01.26-01.07.50:605][771]Cmd: CAMERA ALIGN ACTIVEVIEWPORTONLY
[2020.01.26-01.08.50:593][554]LogEditorSessionSummary: EditorSessionSummary sent report. Type=Shutdown, SessionId={7E896797-49B8-81BF-7E92-0D8AABE1ECFE}
[2020.01.26-01.08.57:363][574]LogUObjectHash: Compacting FUObjectHashTables data took   1.59ms
[2020.01.26-01.08.57:365][574]Cmd: OBJ SAVEPACKAGE PACKAGE="/Game/Diorama" FILE="../../../../Art/Park_SFAS/Park/Saved/Autosaves/Game/Diorama_Auto1.umap" SILENT=true AUTOSAVING=true KEEPDIRTY=false
[2020.01.26-01.08.57:779][574]LogSavePackage: Moving '../../../../Art/Park_SFAS/Park/Saved/Diorama_Auto1931F83F047105CA6096BF78BE24764CF.tmp' to '../../../../Art/Park_SFAS/Park/Saved/Autosaves/Game/Diorama_Auto1.umap'
[2020.01.26-01.08.57:785][574]LogFileHelpers: Editor autosave (incl. sublevels) for '/Game/Diorama' took 0.459
[2020.01.26-01.08.57:785][574]LogFileHelpers: Editor autosave (incl. sublevels) for all levels took 0.459
[2020.01.26-01.08.57:787][574]OBJ SavePackage: Generating thumbnails for [1] asset(s) in package [/Game/Textures/T_pebbles_low_initialShadingGroup_BaseColor] ([1] browsable assets)...
[2020.01.26-01.08.57:792][574]OBJ SavePackage:     Rendered thumbnail for [Texture2D /Game/Textures/T_pebbles_low_initialShadingGroup_BaseColor.T_pebbles_low_initialShadingGroup_BaseColor]
[2020.01.26-01.08.57:792][574]OBJ SavePackage: Finished generating thumbnails for package [/Game/Textures/T_pebbles_low_initialShadingGroup_BaseColor]
[2020.01.26-01.08.57:812][574]LogSavePackage: Moving '../../../../Art/Park_SFAS/Park/Saved/T_pebbles_low_initialShadingGrou74E47B694FAED24027B49CB2B1E133C0.tmp' to '../../../../Art/Park_SFAS/Park/Saved/Autosaves/Game/Textures/T_pebbles_low_initialShadingGroup_BaseColor_Auto1.uasset'
[2020.01.26-01.08.57:813][574]OBJ SavePackage: Generating thumbnails for [1] asset(s) in package [/Game/Meshes/SM_Pebble1] ([1] browsable assets)...
[2020.01.26-01.08.57:823][574]OBJ SavePackage:     Rendered thumbnail for [StaticMesh /Game/Meshes/SM_Pebble1.SM_Pebble1]
[2020.01.26-01.08.57:823][574]OBJ SavePackage: Finished generating thumbnails for package [/Game/Meshes/SM_Pebble1]
[2020.01.26-01.08.57:823][574]Cmd: OBJ SAVEPACKAGE PACKAGE="/Game/Meshes/SM_Pebble1" FILE="../../../../Art/Park_SFAS/Park/Saved/Autosaves/Game/Meshes/SM_Pebble1_Auto1.uasset" SILENT=false AUTOSAVING=true
[2020.01.26-01.08.57:840][574]LogSavePackage: Moving '../../../../Art/Park_SFAS/Park/Saved/SM_Pebble1_Auto16081C6D243D0A1D8D0682F88A3CBD64D.tmp' to '../../../../Art/Park_SFAS/Park/Saved/Autosaves/Game/Meshes/SM_Pebble1_Auto1.uasset'
[2020.01.26-01.08.57:841][574]OBJ SavePackage: Generating thumbnails for [1] asset(s) in package [/Game/Meshes/SM_Pebble2] ([1] browsable assets)...
[2020.01.26-01.08.57:849][574]OBJ SavePackage:     Rendered thumbnail for [StaticMesh /Game/Meshes/SM_Pebble2.SM_Pebble2]
[2020.01.26-01.08.57:849][574]OBJ SavePackage: Finished generating thumbnails for package [/Game/Meshes/SM_Pebble2]
[2020.01.26-01.08.57:849][574]Cmd: OBJ SAVEPACKAGE PACKAGE="/Game/Meshes/SM_Pebble2" FILE="../../../../Art/Park_SFAS/Park/Saved/Autosaves/Game/Meshes/SM_Pebble2_Auto1.uasset" SILENT=false AUTOSAVING=true
[2020.01.26-01.08.57:866][574]LogSavePackage: Moving '../../../../Art/Park_SFAS/Park/Saved/SM_Pebble2_Auto1658CE4B943D938DC8DD30483F4D02B81.tmp' to '../../../../Art/Park_SFAS/Park/Saved/Autosaves/Game/Meshes/SM_Pebble2_Auto1.uasset'
[2020.01.26-01.08.57:867][574]OBJ SavePackage: Generating thumbnails for [1] asset(s) in package [/Game/Meshes/SM_Pebble3] ([1] browsable assets)...
[2020.01.26-01.08.57:875][574]OBJ SavePackage:     Rendered thumbnail for [StaticMesh /Game/Meshes/SM_Pebble3.SM_Pebble3]
[2020.01.26-01.08.57:875][574]OBJ SavePackage: Finished generating thumbnails for package [/Game/Meshes/SM_Pebble3]
[2020.01.26-01.08.57:875][574]Cmd: OBJ SAVEPACKAGE PACKAGE="/Game/Meshes/SM_Pebble3" FILE="../../../../Art/Park_SFAS/Park/Saved/Autosaves/Game/Meshes/SM_Pebble3_Auto1.uasset" SILENT=false AUTOSAVING=true
[2020.01.26-01.08.57:890][574]LogSavePackage: Moving '../../../../Art/Park_SFAS/Park/Saved/SM_Pebble3_Auto1E796A03341215192872D8EA16507C0A2.tmp' to '../../../../Art/Park_SFAS/Park/Saved/Autosaves/Game/Meshes/SM_Pebble3_Auto1.uasset'
[2020.01.26-01.08.57:891][574]OBJ SavePackage: Generating thumbnails for [1] asset(s) in package [/Game/Meshes/SM_Pebble4] ([1] browsable assets)...
[2020.01.26-01.08.57:898][574]OBJ SavePackage:     Rendered thumbnail for [StaticMesh /Game/Meshes/SM_Pebble4.SM_Pebble4]
[2020.01.26-01.08.57:899][574]OBJ SavePackage: Finished generating thumbnails for package [/Game/Meshes/SM_Pebble4]
[2020.01.26-01.08.57:899][574]Cmd: OBJ SAVEPACKAGE PACKAGE="/Game/Meshes/SM_Pebble4" FILE="../../../../Art/Park_SFAS/Park/Saved/Autosaves/Game/Meshes/SM_Pebble4_Auto1.uasset" SILENT=false AUTOSAVING=true
[2020.01.26-01.08.57:913][574]LogSavePackage: Moving '../../../../Art/Park_SFAS/Park/Saved/SM_Pebble4_Auto1B51CB6AA41AD297C350488ABA5BE77BC.tmp' to '../../../../Art/Park_SFAS/Park/Saved/Autosaves/Game/Meshes/SM_Pebble4_Auto1.uasset'
[2020.01.26-01.08.57:913][574]OBJ SavePackage: Generating thumbnails for [1] asset(s) in package [/Game/Meshes/SM_Pebble5] ([1] browsable assets)...
[2020.01.26-01.08.57:921][574]OBJ SavePackage:     Rendered thumbnail for [StaticMesh /Game/Meshes/SM_Pebble5.SM_Pebble5]
[2020.01.26-01.08.57:921][574]OBJ SavePackage: Finished generating thumbnails for package [/Game/Meshes/SM_Pebble5]
[2020.01.26-01.08.57:921][574]Cmd: OBJ SAVEPACKAGE PACKAGE="/Game/Meshes/SM_Pebble5" FILE="../../../../Art/Park_SFAS/Park/Saved/Autosaves/Game/Meshes/SM_Pebble5_Auto1.uasset" SILENT=false AUTOSAVING=true
[2020.01.26-01.08.57:941][574]LogSavePackage: Moving '../../../../Art/Park_SFAS/Park/Saved/SM_Pebble5_Auto1F986D0184A82280C707553BB11FF8226.tmp' to '../../../../Art/Park_SFAS/Park/Saved/Autosaves/Game/Meshes/SM_Pebble5_Auto1.uasset'
[2020.01.26-01.08.57:941][574]OBJ SavePackage: Generating thumbnails for [1] asset(s) in package [/Game/Meshes/SM_Pebble6] ([1] browsable assets)...
[2020.01.26-01.08.57:949][574]OBJ SavePackage:     Rendered thumbnail for [StaticMesh /Game/Meshes/SM_Pebble6.SM_Pebble6]
[2020.01.26-01.08.57:949][574]OBJ SavePackage: Finished generating thumbnails for package [/Game/Meshes/SM_Pebble6]
[2020.01.26-01.08.57:949][574]Cmd: OBJ SAVEPACKAGE PACKAGE="/Game/Meshes/SM_Pebble6" FILE="../../../../Art/Park_SFAS/Park/Saved/Autosaves/Game/Meshes/SM_Pebble6_Auto1.uasset" SILENT=false AUTOSAVING=true
[2020.01.26-01.08.57:967][574]LogSavePackage: Moving '../../../../Art/Park_SFAS/Park/Saved/SM_Pebble6_Auto16AFF099A4669DE5275EC668F483CA713.tmp' to '../../../../Art/Park_SFAS/Park/Saved/Autosaves/Game/Meshes/SM_Pebble6_Auto1.uasset'
[2020.01.26-01.08.57:967][574]LogFileHelpers: Auto-saving content packages took 0.181
[2020.01.26-01.17.29:843][106]LogSlate: FSceneViewport::OnFocusLost() reason 5
[2020.01.26-01.17.42:937][637]LogFactory: FactoryCreateFile: StaticMesh with FbxFactory (0 0 ../../../../Art/Park_SFAS/Models/bush_Flowers_low.OBJ)
[2020.01.26-01.17.42:949][637]LogFbx: Loading FBX Scene from ../../../../Art/Park_SFAS/Models/bush_Flowers_low.OBJ
[2020.01.26-01.17.43:096][637]LogFbx: FBX Scene Loaded Succesfully
[2020.01.26-01.17.44:368][637]LogSlate: Window 'FBX Import Options' being destroyed
[2020.01.26-01.17.44:426][637]LogStaticMesh: Building static mesh bush_Flowers_low_g_polySurface779...
[2020.01.26-01.17.44:498][637]LogStaticMesh: Built static mesh [0.07s] /Game/Meshes/bush_Flowers_low_g_polySurface779.bush_Flowers_low_g_polySurface779
[2020.01.26-01.17.44:531][637]LogFbx: Display: Triangulating static mesh polySurface779
[2020.01.26-01.17.44:677][637]LogStaticMesh: Building static mesh bush_Flowers_low_polySurface779...
[2020.01.26-01.17.44:757][637]LogStaticMesh: Built static mesh [0.08s] /Game/Meshes/bush_Flowers_low_polySurface779.bush_Flowers_low_polySurface779
[2020.01.26-01.17.44:789][637]FBXImport: Warning: No smoothing group information was found in this FBX scene.  Please make sure to enable the 'Export Smoothing Groups' option in the FBX Exporter plug-in before exporting the file.  Even for tools that don't support smoothing groups, the FBX Exporter will generate appropriate smoothing data at export-time so that correct vertex normals can be inferred while importing. 
[2020.01.26-01.17.46:459][738]LogAssetEditorManager: Opening Asset editor for StaticMesh /Game/Meshes/bush_Flowers_low_g_polySurface779.bush_Flowers_low_g_polySurface779
[2020.01.26-01.17.53:530][181]LogSlate: FSceneViewport::OnFocusLost() reason 0
[2020.01.26-01.17.59:424][604]LogSlate: FSceneViewport::OnFocusLost() reason 0
[2020.01.26-01.18.02:902][768]LogSlate: Window 'Message' being destroyed
[2020.01.26-01.18.02:912][768]LogSlate: Window 'bush_Flowers_low_g_polySurface779' being destroyed
[2020.01.26-01.18.02:913][768]LogSlate: Window 'bush_Flowers_low_g_polySurface779' being destroyed
[2020.01.26-01.18.02:944][768]LogWorld: UWorld::CleanupWorld for World_1, bSessionEnded=true, bCleanupResources=true
[2020.01.26-01.18.02:968][768]LogWorld: UWorld::CleanupWorld for World_3, bSessionEnded=true, bCleanupResources=true
[2020.01.26-01.18.03:339][768]LogWorld: UWorld::CleanupWorld for World_4, bSessionEnded=true, bCleanupResources=true
[2020.01.26-01.18.03:482][768]LogWorld: UWorld::CleanupWorld for World_5, bSessionEnded=true, bCleanupResources=true
[2020.01.26-01.18.03:623][768]LogWorld: UWorld::CleanupWorld for World_6, bSessionEnded=true, bCleanupResources=true
[2020.01.26-01.18.03:751][768]LogWorld: UWorld::CleanupWorld for World_7, bSessionEnded=true, bCleanupResources=true
[2020.01.26-01.18.03:886][768]LogWorld: UWorld::CleanupWorld for World_8, bSessionEnded=true, bCleanupResources=true
[2020.01.26-01.18.03:980][768]LogWorld: UWorld::CleanupWorld for World_9, bSessionEnded=true, bCleanupResources=true
[2020.01.26-01.18.04:981][874]LogAssetEditorManager: Opening Asset editor for StaticMesh /Game/Meshes/bush_Flowers_low_polySurface779.bush_Flowers_low_polySurface779
[2020.01.26-01.18.07:658][108]LogSlate: Window 'bush_Flowers_low_polySurface779' being destroyed
[2020.01.26-01.18.07:662][108]LogSlate: Window 'bush_Flowers_low_polySurface779' being destroyed
[2020.01.26-01.18.07:663][108]LogWorld: UWorld::CleanupWorld for World_10, bSessionEnded=true, bCleanupResources=true
[2020.01.26-01.18.08:468][196]LogSlate: Window 'Message Log' being destroyed
[2020.01.26-01.18.08:474][196]LogSlate: Window 'Message Log' being destroyed
[2020.01.26-01.18.09:784][339]LogUObjectHash: Compacting FUObjectHashTables data took   1.99ms
[2020.01.26-01.18.10:899][339]LogSlate: Window 'Delete Assets' being destroyed
[2020.01.26-01.18.10:972][339]LogUObjectHash: Compacting FUObjectHashTables data took   1.44ms
[2020.01.26-01.18.11:769][419]LogUObjectHash: Compacting FUObjectHashTables data took   0.73ms
[2020.01.26-01.18.12:609][419]LogSlate: Window 'Delete Assets' being destroyed
[2020.01.26-01.18.12:686][419]LogUObjectHash: Compacting FUObjectHashTables data took   1.57ms
[2020.01.26-01.18.39:289][861]LogFactory: FactoryCreateFile: StaticMesh with FbxFactory (0 0 ../../../../Art/Park_SFAS/Models/bush_Flowers_low.OBJ)
[2020.01.26-01.18.39:300][861]LogFbx: Loading FBX Scene from ../../../../Art/Park_SFAS/Models/bush_Flowers_low.OBJ
[2020.01.26-01.18.39:449][861]LogFbx: FBX Scene Loaded Succesfully
[2020.01.26-01.18.43:888][861]LogSlate: Window 'FBX Import Options' being destroyed
[2020.01.26-01.18.43:940][861]LogStaticMesh: Building static mesh bush_Flowers_low_g_polySurface779...
[2020.01.26-01.18.44:011][861]LogStaticMesh: Built static mesh [0.07s] /Game/Meshes/bush_Flowers_low_g_polySurface779.bush_Flowers_low_g_polySurface779
[2020.01.26-01.18.44:041][861]LogFbx: Display: Triangulating static mesh polySurface779
[2020.01.26-01.18.44:192][861]LogStaticMesh: Building static mesh bush_Flowers_low_polySurface779...
[2020.01.26-01.18.44:271][861]LogStaticMesh: Built static mesh [0.08s] /Game/Meshes/bush_Flowers_low_polySurface779.bush_Flowers_low_polySurface779
[2020.01.26-01.18.44:303][861]FBXImport: Warning: No smoothing group information was found in this FBX scene.  Please make sure to enable the 'Export Smoothing Groups' option in the FBX Exporter plug-in before exporting the file.  Even for tools that don't support smoothing groups, the FBX Exporter will generate appropriate smoothing data at export-time so that correct vertex normals can be inferred while importing. 
[2020.01.26-01.18.49:435][447]LogSlate: Window 'Message Log' being destroyed
[2020.01.26-01.18.49:438][447]LogSlate: Window 'Message Log' being destroyed
[2020.01.26-01.18.51:698][712]LogAssetEditorManager: Opening Asset editor for StaticMesh /Game/Meshes/bush_Flowers_low_polySurface779.bush_Flowers_low_polySurface779
[2020.01.26-01.18.56:871][204]LogSlate: Window 'bush_Flowers_low_polySurface779' being destroyed
[2020.01.26-01.18.56:875][204]LogSlate: Window 'bush_Flowers_low_polySurface779' being destroyed
[2020.01.26-01.18.56:876][204]LogWorld: UWorld::CleanupWorld for World_11, bSessionEnded=true, bCleanupResources=true
[2020.01.26-01.18.57:946][317]LogUObjectHash: Compacting FUObjectHashTables data took   1.60ms
[2020.01.26-01.18.59:286][317]LogSlate: Window 'Delete Assets' being destroyed
[2020.01.26-01.18.59:361][317]LogUObjectHash: Compacting FUObjectHashTables data took   1.62ms
[2020.01.26-01.19.00:067][391]LogUObjectHash: Compacting FUObjectHashTables data took   0.73ms
[2020.01.26-01.19.01:067][391]LogSlate: Window 'Delete Assets' being destroyed
[2020.01.26-01.19.01:139][391]LogUObjectHash: Compacting FUObjectHashTables data took   0.77ms
[2020.01.26-01.19.40:495][811]LogFactory: FactoryCreateFile: StaticMesh with FbxFactory (0 0 ../../../../Art/Park_SFAS/Models/sm_bush_flowers.fbx)
[2020.01.26-01.19.40:512][811]LogFbx: Loading FBX Scene from ../../../../Art/Park_SFAS/Models/sm_bush_flowers.fbx
[2020.01.26-01.19.40:527][811]LogFbx: FBX Scene Loaded Succesfully
[2020.01.26-01.19.41:712][811]LogSlate: Window 'FBX Import Options' being destroyed
[2020.01.26-01.19.41:782][811]LogFbx: Display: Triangulating static mesh polySurface779
[2020.01.26-01.19.41:988][811]LogStaticMesh: Building static mesh sm_bush_flowers...
[2020.01.26-01.19.42:137][811]LogStaticMesh: Built static mesh [0.15s] /Game/Meshes/sm_bush_flowers.sm_bush_flowers
[2020.01.26-01.19.43:353][934]LogAssetEditorManager: Opening Asset editor for StaticMesh /Game/Meshes/sm_bush_flowers.sm_bush_flowers
[2020.01.26-01.20.03:872][862]LogSlate: FSceneViewport::OnFocusLost() reason 0
[2020.01.26-01.20.03:958][870]Cmd: OBJ SAVEPACKAGE PACKAGE="/Game/Meshes/sm_bush_flowers" FILE="../../../../Art/Park_SFAS/Park/Content/Meshes/sm_bush_flowers.uasset" SILENT=true
[2020.01.26-01.20.03:987][870]LogSavePackage: Moving '../../../../Art/Park_SFAS/Park/Saved/sm_bush_flowersF91D37424C2E116D9D6C8CA71BCA7DCD.tmp' to '../../../../Art/Park_SFAS/Park/Content/Meshes/sm_bush_flowers.uasset'
[2020.01.26-01.20.05:381][988]LogActorFactory: Actor Factory created sm_bush_flowers
[2020.01.26-01.20.05:753][ 10]LogActorFactory: Actor Factory created sm_bush_flowers
[2020.01.26-01.20.06:685][ 71]Cmd: SELECT NONE
[2020.01.26-01.20.12:036][509]LogEditorViewport: Clicking on Actor (LMB): StaticMeshActor (sm_bush_flowers)
[2020.01.26-01.20.16:096][866]LogEditorViewport: Clicking on Actor (LMB): StaticMeshActor (bush_low)
[2020.01.26-01.20.16:622][917]Cmd: DELETE
[2020.01.26-01.20.16:622][917]Cmd: ACTOR DELETE
[2020.01.26-01.20.16:630][917]LogEditorActor: Deleted Actor: StaticMeshActor
[2020.01.26-01.20.16:666][917]LogUObjectHash: Compacting FUObjectHashTables data took   1.62ms
[2020.01.26-01.20.16:666][917]LogEditorActor: Deleted 1 Actors (0.044 secs)
[2020.01.26-01.20.17:222][979]LogEditorViewport: Clicking on Actor (LMB): StaticMeshActor (sm_bush_flowers)
[2020.01.26-01.20.26:737][792]Cmd: SELECT NONE
[2020.01.26-01.20.27:414][871]LogEditorViewport: Clicking on Actor (LMB): StaticMeshActor (sm_bush_flowers)
[2020.01.26-01.20.30:850][165]Cmd: SELECT NONE
[2020.01.26-01.20.31:536][246]LogEditorViewport: Clicking on Actor (LMB): StaticMeshActor (sm_bush_flowers)
[2020.01.26-01.20.33:769][469]Cmd: SELECT NONE
[2020.01.26-01.20.35:614][683]LogEditorViewport: Clicking on Actor (LMB): StaticMeshActor (sm_bush_flowers)
[2020.01.26-01.20.37:270][830]Cmd: SELECT NONE
[2020.01.26-01.20.38:080][924]LogEditorViewport: Clicking on Actor (LMB): StaticMeshActor (sm_bush_flowers)
[2020.01.26-01.20.42:867][351]Cmd: SELECT NONE
[2020.01.26-01.20.43:612][439]LogEditorViewport: Clicking on Actor (LMB): BP_Sky_Sphere_C (BP_Sky_Sphere)
[2020.01.26-01.20.43:780][453]Cmd: CAMERA ALIGN ACTIVEVIEWPORTONLY
[2020.01.26-01.20.45:429][606]LogSlate: FSceneViewport::OnFocusLost() reason 0
[2020.01.26-01.20.45:704][633]Cmd: CAMERA ALIGN ACTIVEVIEWPORTONLY
[2020.01.26-01.20.49:423][912]LogEditorViewport: Clicking on Actor (LMB): StaticMeshActor (sm_bush_flowers)
[2020.01.26-01.20.52:049][160]Cmd: SELECT NONE
[2020.01.26-01.20.53:884][328]LogEditorViewport: Clicking on Actor (LMB): StaticMeshActor (sm_bush_flowers)
[2020.01.26-01.20.55:576][456]Cmd: SELECT NONE
[2020.01.26-01.22.04:725][378]LogSlate: FSceneViewport::OnFocusLost() reason 0
[2020.01.26-01.22.07:795][710]LogEditorFactories: Performing atomic reimport of [D:/Art/Park_SFAS/Models/sm_bush_flowers.fbx]
[2020.01.26-01.22.07:823][710]LogFbx: Loading FBX Scene from D:/Art/Park_SFAS/Models/sm_bush_flowers.fbx
[2020.01.26-01.22.07:837][710]LogFbx: FBX Scene Loaded Succesfully
[2020.01.26-01.22.07:896][710]LogFbx: Display: Triangulating static mesh polySurface782
[2020.01.26-01.22.08:103][710]LogStaticMesh: Building static mesh sm_bush_flowers...
[2020.01.26-01.22.08:264][710]LogStaticMesh: Built static mesh [0.16s] /Game/Meshes/sm_bush_flowers.sm_bush_flowers
[2020.01.26-01.22.08:319][710]LogEditorFactories: -- imported successfully
[2020.01.26-01.22.26:319][592]LogEditorViewport: Clicking on Actor (LMB): StaticMeshActor (sm_bush_flowers)
[2020.01.26-01.22.26:488][606]Cmd: CAMERA ALIGN ACTIVEVIEWPORTONLY
[2020.01.26-01.22.31:223][966]Cmd: SELECT NONE
[2020.01.26-01.22.40:449][786]LogEditorViewport: Clicking on Actor (LMB): StaticMeshActor (sm_bush_flowers)
[2020.01.26-01.22.42:100][930]Cmd: SELECT NONE
[2020.01.26-01.22.43:318][ 70]LogEditorViewport: Clicking on Actor (LMB): BP_Sky_Sphere_C (BP_Sky_Sphere)
[2020.01.26-01.22.43:856][123]LogEditorViewport: Clicking on Actor (LMB): StaticMeshActor (sm_bush_flowers)
[2020.01.26-01.22.46:012][333]Cmd: TRANSACTION UNDO
[2020.01.26-01.22.46:012][333]LogEditorTransaction: Undo Scale Actors
[2020.01.26-01.22.48:651][536]Cmd: SELECT NONE
[2020.01.26-01.22.52:613][951]LogEditorViewport: Clicking on Actor (LMB): StaticMeshActor (sm_bush_flowers)
[2020.01.26-01.22.56:198][268]Cmd: SELECT NONE
[2020.01.26-01.22.59:328][581]LogEditorViewport: Clicking on Actor (LMB): StaticMeshActor (sm_bush_flowers)
[2020.01.26-01.23.04:756][110]Cmd: SELECT NONE
[2020.01.26-01.23.06:592][322]LogEditorViewport: Clicking on Actor (LMB): StaticMeshActor (sm_bush_flowers)
[2020.01.26-01.23.07:440][406]Cmd: SELECT NONE
[2020.01.26-01.27.13:855][751]LogSlate: FSceneViewport::OnFocusLost() reason 5
[2020.01.26-01.27.16:164][986]LogEditorFactories: Performing atomic reimport of [D:/Art/Park_SFAS/Models/sm_bush_flowers.fbx]
[2020.01.26-01.27.16:186][986]LogFbx: Loading FBX Scene from D:/Art/Park_SFAS/Models/sm_bush_flowers.fbx
[2020.01.26-01.27.16:198][986]LogFbx: FBX Scene Loaded Succesfully
[2020.01.26-01.27.16:259][986]LogFbx: Display: Triangulating static mesh polySurface805
[2020.01.26-01.27.16:498][986]LogStaticMesh: Building static mesh sm_bush_flowers...
[2020.01.26-01.27.16:670][986]LogStaticMesh: Built static mesh [0.17s] /Game/Meshes/sm_bush_flowers.sm_bush_flowers
[2020.01.26-01.27.16:730][986]LogEditorFactories: -- imported successfully
[2020.01.26-01.27.21:917][450]LogEditorViewport: Clicking on Actor (LMB): StaticMeshActor (sm_bush_flowers)
[2020.01.26-01.27.24:650][678]Cmd: SELECT NONE
[2020.01.26-01.27.25:543][783]LogEditorViewport: Clicking on Actor (LMB): StaticMeshActor (SM_Rock6_low14)
[2020.01.26-01.28.50:486][643]LogSlate: FSceneViewport::OnFocusLost() reason 5
[2020.01.26-01.28.52:394][789]LogEditorFactories: Performing atomic reimport of [D:/Art/Park_SFAS/Models/sm_bush_flowers.fbx]
[2020.01.26-01.28.52:415][789]LogFbx: Loading FBX Scene from D:/Art/Park_SFAS/Models/sm_bush_flowers.fbx
[2020.01.26-01.28.52:427][789]LogFbx: FBX Scene Loaded Succesfully
[2020.01.26-01.28.52:487][789]LogFbx: Display: Triangulating static mesh polySurface1147
[2020.01.26-01.28.52:702][789]LogStaticMesh: Building static mesh sm_bush_flowers...
[2020.01.26-01.28.52:863][789]LogStaticMesh: Built static mesh [0.16s] /Game/Meshes/sm_bush_flowers.sm_bush_flowers
[2020.01.26-01.28.52:922][789]LogEditorFactories: -- imported successfully
[2020.01.26-01.28.57:476][144]Cmd: SELECT NONE
[2020.01.26-01.29.10:467][336]LogEditorViewport: Clicking on Actor (LMB): StaticMeshActor (sm_bush_flowers)
[2020.01.26-01.29.12:305][483]Cmd: SELECT NONE
[2020.01.26-01.29.12:921][554]LogEditorViewport: Clicking on Actor (LMB): StaticMeshActor (sm_bush_flowers)
[2020.01.26-01.29.18:915][115]Cmd: SELECT NONE
[2020.01.26-01.29.19:576][190]LogEditorViewport: Clicking on Actor (LMB): StaticMeshActor (sm_bush_flowers)
[2020.01.26-01.29.21:221][321]Cmd: SELECT NONE
[2020.01.26-01.29.21:843][392]LogEditorViewport: Clicking on Actor (LMB): StaticMeshActor (sm_bush_flowers)
[2020.01.26-01.29.23:421][525]Cmd: SELECT NONE
[2020.01.26-01.29.24:742][681]LogEditorViewport: Clicking on Actor (LMB): StaticMeshActor (sm_bush_flowers)
[2020.01.26-01.29.26:609][869]Cmd: SELECT NONE
[2020.01.26-01.29.27:647][992]LogEditorViewport: Clicking on Actor (LMB): StaticMeshActor (sm_bush_flowers)
[2020.01.26-01.29.28:777][ 93]Cmd: SELECT NONE
[2020.01.26-01.29.30:091][248]LogEditorViewport: Clicking on Actor (LMB): BP_Sky_Sphere_C (BP_Sky_Sphere)
[2020.01.26-01.29.30:902][327]LogEditorViewport: Clicking on Actor (LMB): StaticMeshActor (sm_bush_flowers)
[2020.01.26-01.29.32:125][436]Cmd: SELECT NONE
[2020.01.26-01.29.34:604][731]LogEditorViewport: Clicking on Actor (LMB): StaticMeshActor (sm_bush_flowers)
[2020.01.26-01.29.37:120][984]Cmd: SELECT NONE
[2020.01.26-01.30.02:714][ 31]LogSlate: FSceneViewport::OnFocusLost() reason 5
[2020.01.26-01.30.02:772][ 31]LogUObjectHash: Compacting FUObjectHashTables data took   1.62ms
[2020.01.26-01.30.02:773][ 31]Cmd: OBJ SAVEPACKAGE PACKAGE="/Game/Diorama" FILE="../../../../Art/Park_SFAS/Park/Saved/Autosaves/Game/Diorama_Auto2.umap" SILENT=true AUTOSAVING=true KEEPDIRTY=false
[2020.01.26-01.30.03:068][ 31]LogSavePackage: Moving '../../../../Art/Park_SFAS/Park/Saved/Diorama_Auto2859D156148A83BD3AB470A8FB07FAA13.tmp' to '../../../../Art/Park_SFAS/Park/Saved/Autosaves/Game/Diorama_Auto2.umap'
[2020.01.26-01.30.03:071][ 31]LogFileHelpers: Editor autosave (incl. sublevels) for '/Game/Diorama' took 0.335
[2020.01.26-01.30.03:071][ 31]LogFileHelpers: Editor autosave (incl. sublevels) for all levels took 0.335
[2020.01.26-01.30.03:073][ 31]OBJ SavePackage: Generating thumbnails for [1] asset(s) in package [/Game/Meshes/sm_bush_flowers] ([1] browsable assets)...
[2020.01.26-01.30.03:081][ 31]OBJ SavePackage:     Rendered thumbnail for [StaticMesh /Game/Meshes/sm_bush_flowers.sm_bush_flowers]
[2020.01.26-01.30.03:081][ 31]OBJ SavePackage: Finished generating thumbnails for package [/Game/Meshes/sm_bush_flowers]
[2020.01.26-01.30.03:081][ 31]Cmd: OBJ SAVEPACKAGE PACKAGE="/Game/Meshes/sm_bush_flowers" FILE="../../../../Art/Park_SFAS/Park/Saved/Autosaves/Game/Meshes/sm_bush_flowers_Auto2.uasset" SILENT=false AUTOSAVING=true
[2020.01.26-01.30.03:117][ 31]LogSavePackage: Moving '../../../../Art/Park_SFAS/Park/Saved/sm_bush_flowers_Auto27E7A7F3646C58EBFD00496861393A028.tmp' to '../../../../Art/Park_SFAS/Park/Saved/Autosaves/Game/Meshes/sm_bush_flowers_Auto2.uasset'
[2020.01.26-01.30.03:118][ 31]LogFileHelpers: Auto-saving content packages took 0.045
[2020.01.26-01.30.08:779][683]LogEditorViewport: Clicking on Actor (LMB): StaticMeshActor (sm_bush_flowers)
[2020.01.26-01.30.10:513][833]Cmd: SELECT NONE
[2020.01.26-01.30.12:778][ 96]LogEditorViewport: Clicking on Actor (LMB): StaticMeshActor (sm_bush_flowers)
[2020.01.26-01.30.15:496][342]Cmd: SELECT NONE
[2020.01.26-01.30.38:333][ 63]LogSlate: FSceneViewport::OnFocusLost() reason 0
[2020.01.26-01.30.38:957][103]LogRenderer: Reallocating scene render targets to support 1268x772 Format 10 NumSamples 1 (Frame:22879).
[2020.01.26-01.30.52:301][588]LogEditorViewport: Clicking on Actor (LMB): StaticMeshActor (SM_Pebble12)
[2020.01.26-01.30.54:112][771]LogEditorViewport: Clicking on Actor (LMB): StaticMeshActor (SM_Pebble10)
[2020.01.26-01.30.56:208][990]Cmd: SELECT NONE
[2020.01.26-01.31.00:599][515]LogEditorViewport: Clicking on Actor (LMB): StaticMeshActor (SM_Pebble12)
[2020.01.26-01.31.00:819][535]Cmd: CAMERA ALIGN ACTIVEVIEWPORTONLY
[2020.01.26-01.31.03:064][708]LogEditorViewport: Clicking on Actor (LMB): StaticMeshActor (SM_Pebble7)
[2020.01.26-01.31.12:849][677]Cmd: SELECT NONE
[2020.01.26-01.31.13:927][804]LogEditorViewport: Clicking on Actor (LMB): StaticMeshActor (SM_Pebble24)
[2020.01.26-01.31.19:844][400]Cmd: SELECT NONE
[2020.01.26-01.31.20:495][475]LogEditorViewport: Clicking on Actor (LMB): StaticMeshActor (SM_Pebble24)
[2020.01.26-01.31.24:011][853]LogEditorViewport: Clicking on Actor (LMB): StaticMeshActor (SM_Pebble7)
[2020.01.26-01.31.27:285][211]LogEditorViewport: Clicking on Actor (LMB): StaticMeshActor (SM_Pebble24)
[2020.01.26-01.31.27:892][276]LogEditorViewport: Clicking on Actor (LMB): StaticMeshActor (SM_Pebble12)
[2020.01.26-01.31.29:350][435]LogEditorViewport: Clicking on Actor (LMB): StaticMeshActor (SM_Pebble24)
[2020.01.26-01.31.31:274][643]Cmd: SELECT NONE
[2020.01.26-01.31.31:955][724]LogEditorViewport: Clicking on Actor (LMB): StaticMeshActor (SM_Pebble7)
[2020.01.26-01.31.36:957][256]Cmd: SELECT NONE
[2020.01.26-01.31.38:231][386]LogEditorViewport: Clicking on Actor (LMB): StaticMeshActor (SM_Pebble7)
[2020.01.26-01.31.40:039][552]Cmd: SELECT NONE
[2020.01.26-01.31.43:170][926]LogEditorViewport: Clicking on Actor (LMB): StaticMeshActor (SM_Pebble7)
[2020.01.26-01.31.43:491][959]Cmd: CAMERA ALIGN ACTIVEVIEWPORTONLY
[2020.01.26-01.31.44:132][ 21]LogEditorViewport: Clicking on Actor (LMB): StaticMeshActor (SM_Pebble24)
[2020.01.26-01.31.46:329][188]LogEditorViewport: Clicking on Actor (context menu): StaticMeshActor (SM_Pebble16)
[2020.01.26-01.31.46:364][188]LogSlate: FSceneViewport::OnFocusLost() reason 5
[2020.01.26-01.31.47:164][274]LogEditorViewport: Clicking on Actor (LMB): StaticMeshActor (SM_Pebble16)
[2020.01.26-01.32.06:024][180]Cmd: SELECT NONE
[2020.01.26-01.32.06:642][252]LogEditorViewport: Clicking on Actor (LMB): StaticMeshActor (SM_Pebble25)
[2020.01.26-01.32.11:835][801]Cmd: SELECT NONE
[2020.01.26-01.38.58:750][881]LogSlate: FSceneViewport::OnFocusLost() reason 0
[2020.01.26-01.39.01:989][220]LogEditorFactories: Performing atomic reimport of [D:/Art/Park_SFAS/Models/SM_Wall_joining.fbx]
[2020.01.26-01.39.02:009][220]LogFbx: Loading FBX Scene from D:/Art/Park_SFAS/Models/SM_Wall_joining.fbx
[2020.01.26-01.39.02:017][220]LogFbx: FBX Scene Loaded Succesfully
[2020.01.26-01.39.02:031][220]LogFbx: Display: Triangulating static mesh polySurface1154
[2020.01.26-01.39.02:175][220]LogStaticMesh: Building static mesh SM_Wall_joining...
[2020.01.26-01.39.02:216][220]LogStaticMesh: Built static mesh [0.04s] /Game/Meshes/SM_Wall_joining.SM_Wall_joining
[2020.01.26-01.39.05:187][220]LogSlate: Window 'Reimport Material Conflicts Resolution' being destroyed
[2020.01.26-01.39.05:193][220]LogEditorFactories: -- imported successfully
[2020.01.26-01.39.08:796][545]LogEditorViewport: Clicking on Actor (LMB): StaticMeshActor (SM_Wall_joining5)
[2020.01.26-01.39.08:921][551]Cmd: CAMERA ALIGN ACTIVEVIEWPORTONLY
[2020.01.26-01.39.10:907][693]Cmd: SELECT NONE
[2020.01.26-01.39.12:564][850]LogEditorViewport: Clicking on Actor (LMB): StaticMeshActor (SM_Wall_joining5)
[2020.01.26-01.39.13:564][929]LogSlate: FSceneViewport::OnFocusLost() reason 0
[2020.01.26-01.40.03:400][664]LogUObjectHash: Compacting FUObjectHashTables data took   2.13ms
[2020.01.26-01.40.03:401][664]Cmd: OBJ SAVEPACKAGE PACKAGE="/Game/Diorama" FILE="../../../../Art/Park_SFAS/Park/Saved/Autosaves/Game/Diorama_Auto3.umap" SILENT=true AUTOSAVING=true KEEPDIRTY=false
[2020.01.26-01.40.03:779][664]LogSavePackage: Moving '../../../../Art/Park_SFAS/Park/Saved/Diorama_Auto3EC2E2DE146F45002B34B668F5DF7147A.tmp' to '../../../../Art/Park_SFAS/Park/Saved/Autosaves/Game/Diorama_Auto3.umap'
[2020.01.26-01.40.03:782][664]LogFileHelpers: Editor autosave (incl. sublevels) for '/Game/Diorama' took 0.421
[2020.01.26-01.40.03:782][664]LogFileHelpers: Editor autosave (incl. sublevels) for all levels took 0.421
[2020.01.26-01.40.03:783][664]OBJ SavePackage: Generating thumbnails for [1] asset(s) in package [/Game/Meshes/SM_Wall_joining] ([1] browsable assets)...
[2020.01.26-01.40.03:791][664]OBJ SavePackage:     Rendered thumbnail for [StaticMesh /Game/Meshes/SM_Wall_joining.SM_Wall_joining]
[2020.01.26-01.40.03:791][664]OBJ SavePackage: Finished generating thumbnails for package [/Game/Meshes/SM_Wall_joining]
[2020.01.26-01.40.03:791][664]Cmd: OBJ SAVEPACKAGE PACKAGE="/Game/Meshes/SM_Wall_joining" FILE="../../../../Art/Park_SFAS/Park/Saved/Autosaves/Game/Meshes/SM_Wall_joining_Auto3.uasset" SILENT=false AUTOSAVING=true
[2020.01.26-01.40.03:829][664]LogSavePackage: Moving '../../../../Art/Park_SFAS/Park/Saved/SM_Wall_joining_Auto3CFEDAE6D448C255A40639495A2BF629E.tmp' to '../../../../Art/Park_SFAS/Park/Saved/Autosaves/Game/Meshes/SM_Wall_joining_Auto3.uasset'
[2020.01.26-01.40.03:830][664]LogFileHelpers: Auto-saving content packages took 0.047
[2020.01.26-01.40.28:997][740]LogSlate: FSceneViewport::OnFocusLost() reason 5
[2020.01.26-01.40.31:254][939]LogEditorFactories: Performing atomic reimport of [D:/Art/Park_SFAS/Models/SM_Wall_joining.fbx]
[2020.01.26-01.40.31:275][939]LogFbx: Loading FBX Scene from D:/Art/Park_SFAS/Models/SM_Wall_joining.fbx
[2020.01.26-01.40.31:282][939]LogFbx: FBX Scene Loaded Succesfully
[2020.01.26-01.40.31:290][939]LogFbx: Display: Triangulating static mesh polySurface1246
[2020.01.26-01.40.31:435][939]LogStaticMesh: Building static mesh SM_Wall_joining...
[2020.01.26-01.40.31:474][939]LogStaticMesh: Built static mesh [0.04s] /Game/Meshes/SM_Wall_joining.SM_Wall_joining
[2020.01.26-01.40.31:497][939]LogEditorFactories: -- imported successfully
[2020.01.26-01.41.58:664][661]LogSlate: FSceneViewport::OnFocusLost() reason 5
[2020.01.26-01.42.01:368][899]LogEditorFactories: Performing atomic reimport of [D:/Art/Park_SFAS/Models/SM_Wall_joining.fbx]
[2020.01.26-01.42.01:388][899]LogFbx: Loading FBX Scene from D:/Art/Park_SFAS/Models/SM_Wall_joining.fbx
[2020.01.26-01.42.01:395][899]LogFbx: FBX Scene Loaded Succesfully
[2020.01.26-01.42.01:403][899]LogFbx: Display: Triangulating static mesh polySurface1247
[2020.01.26-01.42.01:550][899]LogStaticMesh: Building static mesh SM_Wall_joining...
[2020.01.26-01.42.01:592][899]LogStaticMesh: Built static mesh [0.04s] /Game/Meshes/SM_Wall_joining.SM_Wall_joining
[2020.01.26-01.42.01:614][899]LogEditorFactories: -- imported successfully
[2020.01.26-01.42.05:850][241]Cmd: SELECT NONE
[2020.01.26-01.42.22:920][896]LogSlate: FSceneViewport::OnFocusLost() reason 0
[2020.01.26-01.42.23:400][924]LogRenderer: Reallocating scene render targets to support 1268x776 Format 10 NumSamples 1 (Frame:29828).
[2020.01.26-01.42.23:431][925]LogRenderer: Reallocating scene render targets to support 1268x796 Format 10 NumSamples 1 (Frame:29830).
[2020.01.26-01.42.23:462][926]LogRenderer: Reallocating scene render targets to support 1268x808 Format 10 NumSamples 1 (Frame:29832).
[2020.01.26-01.42.23:493][927]LogRenderer: Reallocating scene render targets to support 1268x812 Format 10 NumSamples 1 (Frame:29834).
[2020.01.26-01.42.23:569][933]LogRenderer: Reallocating scene render targets to support 1268x816 Format 10 NumSamples 1 (Frame:29838).
[2020.01.26-01.42.23:600][934]LogRenderer: Reallocating scene render targets to support 1268x820 Format 10 NumSamples 1 (Frame:29840).
[2020.01.26-01.42.23:631][935]LogRenderer: Reallocating scene render targets to support 1268x824 Format 10 NumSamples 1 (Frame:29842).
[2020.01.26-01.44.44:304][402]LogEditorViewport: Clicking on Actor (LMB): StaticMeshActor (SM_Wall_joining6)
[2020.01.26-01.49.50:456][579]LogSlate: FSceneViewport::OnFocusLost() reason 0
[2020.01.26-01.49.50:532][588]LogSlate: Window 'sm_bush_flowers' being destroyed
[2020.01.26-01.49.50:537][588]LogSlate: Window 'sm_bush_flowers' being destroyed
[2020.01.26-01.49.50:549][588]LogWorld: UWorld::CleanupWorld for World_12, bSessionEnded=true, bCleanupResources=true
[2020.01.26-01.49.51:645][710]LogSlate: FSceneViewport::OnFocusLost() reason 0
[2020.01.26-01.49.55:208][ 71]LogEditorFactories: Performing atomic reimport of [D:/Art/Park_SFAS/Models/SM_Wall_end.fbx]
[2020.01.26-01.49.55:227][ 71]LogFbx: Loading FBX Scene from D:/Art/Park_SFAS/Models/SM_Wall_end.fbx
[2020.01.26-01.49.55:235][ 71]LogFbx: FBX Scene Loaded Succesfully
[2020.01.26-01.49.55:248][ 71]LogFbx: Display: Triangulating static mesh polySurface1538
[2020.01.26-01.49.55:375][ 71]LogStaticMesh: Building static mesh SM_Wall_end...
[2020.01.26-01.49.55:426][ 71]LogStaticMesh: Built static mesh [0.05s] /Game/Meshes/SM_Wall_end.SM_Wall_end
[2020.01.26-01.50.00:340][ 71]LogSlate: Window 'Reimport Material Conflicts Resolution' being destroyed
[2020.01.26-01.50.00:345][ 71]LogEditorFactories: -- imported successfully
[2020.01.26-01.50.03:266][367]LogAssetEditorManager: Opening Asset editor for StaticMesh /Game/Meshes/SM_Wall_end.SM_Wall_end
[2020.01.26-01.50.25:748][275]Cmd: SELECT NONE
[2020.01.26-01.50.43:550][999]LogSlate: FSceneViewport::OnFocusLost() reason 0
[2020.01.26-01.50.43:657][ 10]Cmd: OBJ SAVEPACKAGE PACKAGE="/Game/Diorama" FILE="../../../../Art/Park_SFAS/Park/Content/Diorama.umap" SILENT=true AUTOSAVING=false KEEPDIRTY=false
[2020.01.26-01.50.43:696][ 10]LogUObjectHash: Compacting FUObjectHashTables data took   2.03ms
[2020.01.26-01.50.43:973][ 10]LogSavePackage: Moving '../../../../Art/Park_SFAS/Park/Saved/DioramaBF216A3F4105850E233725ADC346859D.tmp' to '../../../../Art/Park_SFAS/Park/Content/Diorama.umap'
[2020.01.26-01.50.44:007][ 10]Cmd: OBJ SAVEPACKAGE PACKAGE="/Game/Diorama_BuiltData" FILE="../../../../Art/Park_SFAS/Park/Content/Diorama_BuiltData.uasset" SILENT=true
[2020.01.26-01.50.44:370][ 10]LogSavePackage: Moving '../../../../Art/Park_SFAS/Park/Saved/Diorama_BuiltDataB1C8234E4DF3612B7D47E981C122AF6D.tmp' to '../../../../Art/Park_SFAS/Park/Content/Diorama_BuiltData.uasset'
[2020.01.26-01.50.46:949][297]LogSlate: FSceneViewport::OnFocusLost() reason 0
[2020.01.26-01.51.06:034][342]LogEditorViewport: Clicking on Actor (LMB): StaticMeshActor (sm_clover8)
[2020.01.26-01.51.24:101][822]Cmd: SELECT NONE
[2020.01.26-01.51.31:125][268]LogSlate: FSceneViewport::OnFocusLost() reason 5
[2020.01.26-01.51.44:576][444]LogEditorViewport: Clicking on Actor (LMB): StaticMeshActor (SM_Wall_joining6)
[2020.01.26-01.51.44:959][474]Cmd: CAMERA ALIGN ACTIVEVIEWPORTONLY
[2020.01.26-01.51.48:660][759]Cmd: SELECT NONE
[2020.01.26-01.51.58:203][390]LogSlate: FSceneViewport::OnFocusLost() reason 5
[2020.01.26-01.52.19:723][952]LogSlate: FSceneViewport::OnFocusLost() reason 0
[2020.01.26-01.52.19:819][962]Cmd: OBJ SAVEPACKAGE PACKAGE="/Game/Diorama" FILE="../../../../Art/Park_SFAS/Park/Content/Diorama.umap" SILENT=true AUTOSAVING=false KEEPDIRTY=false
[2020.01.26-01.52.19:857][962]LogUObjectHash: Compacting FUObjectHashTables data took   2.00ms
[2020.01.26-01.52.20:152][962]LogSavePackage: Moving '../../../../Art/Park_SFAS/Park/Saved/Diorama6754A1DE457F69A477BA14A33076D916.tmp' to '../../../../Art/Park_SFAS/Park/Content/Diorama.umap'
[2020.01.26-01.52.20:178][962]Cmd: OBJ SAVEPACKAGE PACKAGE="/Game/Diorama_BuiltData" FILE="../../../../Art/Park_SFAS/Park/Content/Diorama_BuiltData.uasset" SILENT=true
[2020.01.26-01.52.20:283][962]LogSavePackage: Moving '../../../../Art/Park_SFAS/Park/Saved/Diorama_BuiltData5D3FA772422178B93FFC778630EC935E.tmp' to '../../../../Art/Park_SFAS/Park/Content/Diorama_BuiltData.uasset'
[2020.01.26-01.52.38:847][158]LogUObjectHash: Compacting FUObjectHashTables data took   1.85ms
[2020.01.26-01.52.39:911][158]LogSlate: Window 'Save Content' being destroyed
[2020.01.26-01.52.39:930][158]Cmd: OBJ SAVEPACKAGE PACKAGE="/Game/Meshes/sm_bush_flowers" FILE="../../../../Art/Park_SFAS/Park/Content/Meshes/sm_bush_flowers.uasset" SILENT=true
[2020.01.26-01.52.39:957][158]LogSavePackage: Moving '../../../../Art/Park_SFAS/Park/Saved/sm_bush_flowers92AA0AD9419BD005998D679D96723DEC.tmp' to '../../../../Art/Park_SFAS/Park/Content/Meshes/sm_bush_flowers.uasset'
[2020.01.26-01.52.39:967][158]Cmd: OBJ SAVEPACKAGE PACKAGE="/Game/Meshes/SM_Pebble1" FILE="../../../../Art/Park_SFAS/Park/Content/Meshes/SM_Pebble1.uasset" SILENT=true
[2020.01.26-01.52.39:976][158]LogSavePackage: Moving '../../../../Art/Park_SFAS/Park/Saved/SM_Pebble161375BFF4520274533C3448F4C39DFCC.tmp' to '../../../../Art/Park_SFAS/Park/Content/Meshes/SM_Pebble1.uasset'
[2020.01.26-01.52.39:985][158]Cmd: OBJ SAVEPACKAGE PACKAGE="/Game/Meshes/SM_Pebble2" FILE="../../../../Art/Park_SFAS/Park/Content/Meshes/SM_Pebble2.uasset" SILENT=true
[2020.01.26-01.52.39:994][158]LogSavePackage: Moving '../../../../Art/Park_SFAS/Park/Saved/SM_Pebble2E9C795954A1C246626FE1DA6ABC8F022.tmp' to '../../../../Art/Park_SFAS/Park/Content/Meshes/SM_Pebble2.uasset'
[2020.01.26-01.52.40:003][158]Cmd: OBJ SAVEPACKAGE PACKAGE="/Game/Meshes/SM_Pebble3" FILE="../../../../Art/Park_SFAS/Park/Content/Meshes/SM_Pebble3.uasset" SILENT=true
[2020.01.26-01.52.40:011][158]LogSavePackage: Moving '../../../../Art/Park_SFAS/Park/Saved/SM_Pebble38A7591FE418228471230078BDFCAFF9F.tmp' to '../../../../Art/Park_SFAS/Park/Content/Meshes/SM_Pebble3.uasset'
[2020.01.26-01.52.40:020][158]Cmd: OBJ SAVEPACKAGE PACKAGE="/Game/Meshes/SM_Pebble4" FILE="../../../../Art/Park_SFAS/Park/Content/Meshes/SM_Pebble4.uasset" SILENT=true
[2020.01.26-01.52.40:028][158]LogSavePackage: Moving '../../../../Art/Park_SFAS/Park/Saved/SM_Pebble413DF7FEF4BC4FCEC0A38F08FC4E28A38.tmp' to '../../../../Art/Park_SFAS/Park/Content/Meshes/SM_Pebble4.uasset'
[2020.01.26-01.52.40:036][158]Cmd: OBJ SAVEPACKAGE PACKAGE="/Game/Meshes/SM_Pebble5" FILE="../../../../Art/Park_SFAS/Park/Content/Meshes/SM_Pebble5.uasset" SILENT=true
[2020.01.26-01.52.40:045][158]LogSavePackage: Moving '../../../../Art/Park_SFAS/Park/Saved/SM_Pebble5278136914772808B184CBB9496E3821D.tmp' to '../../../../Art/Park_SFAS/Park/Content/Meshes/SM_Pebble5.uasset'
[2020.01.26-01.52.40:053][158]Cmd: OBJ SAVEPACKAGE PACKAGE="/Game/Meshes/SM_Pebble6" FILE="../../../../Art/Park_SFAS/Park/Content/Meshes/SM_Pebble6.uasset" SILENT=true
[2020.01.26-01.52.40:061][158]LogSavePackage: Moving '../../../../Art/Park_SFAS/Park/Saved/SM_Pebble69B29DED14889DC7824BAF581AD5571ED.tmp' to '../../../../Art/Park_SFAS/Park/Content/Meshes/SM_Pebble6.uasset'
[2020.01.26-01.52.40:075][158]Cmd: OBJ SAVEPACKAGE PACKAGE="/Game/Meshes/SM_Wall_end" FILE="../../../../Art/Park_SFAS/Park/Content/Meshes/SM_Wall_end.uasset" SILENT=true
[2020.01.26-01.52.40:107][158]LogSavePackage: Moving '../../../../Art/Park_SFAS/Park/Saved/SM_Wall_endD8BB8DB2468590F31C840DACB328110A.tmp' to '../../../../Art/Park_SFAS/Park/Content/Meshes/SM_Wall_end.uasset'
[2020.01.26-01.52.40:120][158]Cmd: OBJ SAVEPACKAGE PACKAGE="/Game/Meshes/SM_Wall_joining" FILE="../../../../Art/Park_SFAS/Park/Content/Meshes/SM_Wall_joining.uasset" SILENT=true
[2020.01.26-01.52.40:151][158]LogSavePackage: Moving '../../../../Art/Park_SFAS/Park/Saved/SM_Wall_joiningE132E3DA4904F353548E53B0E6D7049B.tmp' to '../../../../Art/Park_SFAS/Park/Content/Meshes/SM_Wall_joining.uasset'
[2020.01.26-01.52.40:260][158]LogSavePackage: Moving '../../../../Art/Park_SFAS/Park/Saved/T_pebbles_low_initialShadingGrou25ADD31A45A084CFE0B996A3923C067F.tmp' to '../../../../Art/Park_SFAS/Park/Content/Textures/T_pebbles_low_initialShadingGroup_BaseColor.uasset'
[2020.01.26-01.52.40:324][158]LogSlate: Window 'SM_Wall_end' being destroyed
[2020.01.26-01.52.40:388][158]LogWorld: UWorld::CleanupWorld for World_13, bSessionEnded=true, bCleanupResources=true
[2020.01.26-01.52.40:396][158]LogSlate: Window 'Park - Unreal Editor' being destroyed
[2020.01.26-01.52.40:583][159]Cmd: QUIT_EDITOR
[2020.01.26-01.52.40:598][159]LogWindowsTextInputMethodSystem: Display: IME system now deactivated.
[2020.01.26-01.52.40:611][159]LogExit: Preparing to exit.
[2020.01.26-01.52.40:739][159]LogWorld: UWorld::CleanupWorld for World_0, bSessionEnded=true, bCleanupResources=true
[2020.01.26-01.52.40:739][159]LogWorld: UWorld::CleanupWorld for World_2, bSessionEnded=true, bCleanupResources=true
[2020.01.26-01.52.40:759][159]LogWorld: UWorld::CleanupWorld for None, bSessionEnded=true, bCleanupResources=true
[2020.01.26-01.52.40:759][159]LogExit: Editor shut down
[2020.01.26-01.52.40:760][159]LogExit: Transaction tracking system shut down
[2020.01.26-01.52.40:760][159]LogDemo: Cleaned up 0 splitscreen connections with owner deletion
[2020.01.26-01.52.40:947][159]LogExit: Object subsystem successfully closed.
[2020.01.26-01.52.40:981][159]LogShaderCompilers: Display: Shaders left to compile 0
[2020.01.26-01.52.40:990][159]LogModuleManager: Shutting down and abandoning module StaticMeshEditor (674)
[2020.01.26-01.52.40:990][159]LogModuleManager: Shutting down and abandoning module MeshBuilder (672)
[2020.01.26-01.52.40:990][159]LogModuleManager: Shutting down and abandoning module HierarchicalLODOutliner (670)
[2020.01.26-01.52.40:990][159]LogModuleManager: Shutting down and abandoning module SceneOutliner (668)
[2020.01.26-01.52.40:990][159]LogModuleManager: Shutting down and abandoning module AddContentDialog (666)
[2020.01.26-01.52.40:991][159]LogModuleManager: Shutting down and abandoning module WidgetCarousel (665)
[2020.01.26-01.52.40:991][159]LogModuleManager: Shutting down and abandoning module EditorWidgets (662)
[2020.01.26-01.52.40:991][159]LogModuleManager: Shutting down and abandoning module CollectionManager (660)
[2020.01.26-01.52.40:991][159]LogModuleManager: Shutting down and abandoning module HierarchicalLODUtilities (658)
[2020.01.26-01.52.40:991][159]LogModuleManager: Shutting down and abandoning module StatsViewer (656)
[2020.01.26-01.52.40:991][159]LogModuleManager: Shutting down and abandoning module VirtualTexturingEditor (654)
[2020.01.26-01.52.40:991][159]LogModuleManager: Shutting down and abandoning module FoliageEdit (652)
[2020.01.26-01.52.40:991][159]LogModuleManager: Shutting down and abandoning module LandscapeEditor (650)
[2020.01.26-01.52.40:991][159]LogModuleManager: Shutting down and abandoning module MeshPaintMode (648)
[2020.01.26-01.52.40:991][159]LogModuleManager: Shutting down and abandoning module SceneDepthPickerMode (646)
[2020.01.26-01.52.40:991][159]LogModuleManager: Shutting down and abandoning module ActorPickerMode (644)
[2020.01.26-01.52.40:991][159]LogModuleManager: Shutting down and abandoning module GeometryMode (642)
[2020.01.26-01.52.40:991][159]LogModuleManager: Shutting down and abandoning module TextureAlignMode (640)
[2020.01.26-01.52.40:991][159]LogModuleManager: Shutting down and abandoning module BspMode (638)
[2020.01.26-01.52.40:991][159]LogModuleManager: Shutting down and abandoning module PIEPreviewDeviceProfileSelector (636)
[2020.01.26-01.52.40:991][159]LogModuleManager: Shutting down and abandoning module SequenceRecorderSections (634)
[2020.01.26-01.52.40:991][159]LogModuleManager: Shutting down and abandoning module AutomationWorker (632)
[2020.01.26-01.52.40:991][159]LogModuleManager: Shutting down and abandoning module OculusMR (630)
[2020.01.26-01.52.40:991][159]LogModuleManager: Shutting down and abandoning module AudioCaptureEditor (628)
[2020.01.26-01.52.40:991][159]LogModuleManager: Shutting down and abandoning module MatineeToLevelSequence (626)
[2020.01.26-01.52.40:991][159]LogModuleManager: Shutting down and abandoning module LevelSequenceEditor (624)
[2020.01.26-01.52.40:991][159]LogModuleManager: Shutting down and abandoning module PlacementMode (623)
[2020.01.26-01.52.40:991][159]LogModuleManager: Shutting down and abandoning module MaterialEditor (622)
[2020.01.26-01.52.40:991][159]LogModuleManager: Shutting down and abandoning module ActorSequenceEditor (618)
[2020.01.26-01.52.40:991][159]LogModuleManager: Shutting down and abandoning module WmfMediaFactory (616)
[2020.01.26-01.52.40:991][159]LogModuleManager: Shutting down and abandoning module WmfMediaEditor (614)
[2020.01.26-01.52.40:992][159]LogModuleManager: Shutting down and abandoning module WebMMediaFactory (612)
[2020.01.26-01.52.40:992][159]LogModuleManager: Shutting down and abandoning module WebMMediaEditor (610)
[2020.01.26-01.52.40:992][159]LogModuleManager: Shutting down and abandoning module WebMMedia (608)
[2020.01.26-01.52.40:992][159]LogModuleManager: Shutting down and abandoning module MediaPlayerEditor (606)
[2020.01.26-01.52.40:992][159]LogModuleManager: Shutting down and abandoning module MediaCompositingEditor (604)
[2020.01.26-01.52.40:992][159]LogModuleManager: Shutting down and abandoning module SequenceRecorder (603)
[2020.01.26-01.52.40:992][159]LogModuleManager: Shutting down and abandoning module OpenExrWrapper (600)
[2020.01.26-01.52.40:992][159]LogModuleManager: Shutting down and abandoning module ImgMediaFactory (598)
[2020.01.26-01.52.40:992][159]LogModuleManager: Shutting down and abandoning module ImgMediaEditor (596)
[2020.01.26-01.52.40:992][159]LogModuleManager: Shutting down and abandoning module AvfMediaFactory (594)
[2020.01.26-01.52.40:992][159]LogModuleManager: Shutting down and abandoning module AvfMediaEditor (592)
[2020.01.26-01.52.40:992][159]LogModuleManager: Shutting down and abandoning module AndroidMediaFactory (590)
[2020.01.26-01.52.40:992][159]LogModuleManager: Shutting down and abandoning module AndroidMediaEditor (588)
[2020.01.26-01.52.40:992][159]LogModuleManager: Shutting down and abandoning module MagicLeapCameraPreviewFactory (586)
[2020.01.26-01.52.40:992][159]LogModuleManager: Shutting down and abandoning module MagicLeapMediaCodecFactory (584)
[2020.01.26-01.52.40:992][159]LogModuleManager: Shutting down and abandoning module MagicLeapMediaFactory (582)
[2020.01.26-01.52.40:992][159]LogModuleManager: Shutting down and abandoning module MagicLeapMediaEditor (580)
[2020.01.26-01.52.40:992][159]LogModuleManager: Shutting down and abandoning module CharacterAI (578)
[2020.01.26-01.52.40:992][159]LogModuleManager: Shutting down and abandoning module SmartSnapping (576)
[2020.01.26-01.52.40:992][159]LogModuleManager: Shutting down and abandoning module SessionServices (574)
[2020.01.26-01.52.40:992][159]LogModuleManager: Shutting down and abandoning module MeshPaint (572)
[2020.01.26-01.52.40:992][159]LogModuleManager: Shutting down and abandoning module ViewportSnapping (570)
[2020.01.26-01.52.40:992][159]LogModuleManager: Shutting down and abandoning module ViewportInteraction (568)
[2020.01.26-01.52.40:992][159]LogModuleManager: Shutting down and abandoning module ClothPainter (566)
[2020.01.26-01.52.40:992][159]LogModuleManager: Shutting down and abandoning module SkeletalMeshEditor (565)
[2020.01.26-01.52.40:992][159]LogModuleManager: Shutting down and abandoning module LogVisualizer (562)
[2020.01.26-01.52.40:992][159]LogModuleManager: Shutting down and abandoning module IntroTutorials (560)
[2020.01.26-01.52.40:992][159]LogModuleManager: Shutting down and abandoning module GameProjectGeneration (559)
[2020.01.26-01.52.40:992][159]LogModuleManager: Shutting down and abandoning module LuminPlatformEditor (556)
[2020.01.26-01.52.40:992][159]LogModuleManager: Shutting down and abandoning module IOSPlatformEditor (554)
[2020.01.26-01.52.40:992][159]LogModuleManager: Shutting down and abandoning module HTML5PlatformEditor (552)
[2020.01.26-01.52.40:992][159]LogModuleManager: Shutting down and abandoning module AndroidPlatformEditor (550)
[2020.01.26-01.52.40:992][159]LogModuleManager: Shutting down and abandoning module AndroidDeviceDetection (549)
[2020.01.26-01.52.41:619][159]LogModuleManager: Shutting down and abandoning module WindowsPlatformEditor (546)
[2020.01.26-01.52.41:619][159]LogModuleManager: Shutting down and abandoning module LuminRuntimeSettings (544)
[2020.01.26-01.52.41:619][159]LogModuleManager: Shutting down and abandoning module IOSRuntimeSettings (542)
[2020.01.26-01.52.41:620][159]LogModuleManager: Shutting down and abandoning module AndroidRuntimeSettings (540)
[2020.01.26-01.52.41:620][159]LogModuleManager: Shutting down and abandoning module TimeManagementEditor (538)
[2020.01.26-01.52.41:620][159]LogModuleManager: Shutting down and abandoning module InputBindingEditor (536)
[2020.01.26-01.52.41:620][159]LogModuleManager: Shutting down and abandoning module MergeActors (534)
[2020.01.26-01.52.41:620][159]LogModuleManager: Shutting down and abandoning module LocalizationDashboard (532)
[2020.01.26-01.52.41:620][159]LogModuleManager: Shutting down and abandoning module LocalizationService (531)
[2020.01.26-01.52.41:620][159]LogModuleManager: Shutting down and abandoning module HardwareTargeting (528)
[2020.01.26-01.52.41:620][159]LogModuleManager: Shutting down and abandoning module DeviceProfileEditor (526)
[2020.01.26-01.52.41:620][159]LogModuleManager: Shutting down and abandoning module UndoHistory (524)
[2020.01.26-01.52.41:620][159]LogModuleManager: Shutting down and abandoning module XmlParser (522)
[2020.01.26-01.52.41:620][159]LogModuleManager: Shutting down and abandoning module Blutility (520)
[2020.01.26-01.52.41:620][159]LogModuleManager: Shutting down and abandoning module ProjectSettingsViewer (518)
[2020.01.26-01.52.41:620][159]LogModuleManager: Shutting down and abandoning module ProjectTargetPlatformEditor (517)
[2020.01.26-01.52.41:620][159]LogModuleManager: Shutting down and abandoning module EditorSettingsViewer (514)
[2020.01.26-01.52.41:620][159]LogModuleManager: Shutting down and abandoning module SettingsEditor (512)
[2020.01.26-01.52.41:620][159]LogModuleManager: Shutting down and abandoning module ProjectLauncher (510)
[2020.01.26-01.52.41:620][159]LogModuleManager: Shutting down and abandoning module SessionFrontend (508)
[2020.01.26-01.52.41:620][159]LogModuleManager: Shutting down and abandoning module ProfilerClient (506)
[2020.01.26-01.52.41:620][159]LogModuleManager: Shutting down and abandoning module DeviceManager (504)
[2020.01.26-01.52.41:620][159]LogModuleManager: Shutting down and abandoning module TargetDeviceServices (503)
[2020.01.26-01.52.41:664][159]LogModuleManager: Shutting down and abandoning module AutomationController (500)
[2020.01.26-01.52.41:664][159]LogModuleManager: Shutting down and abandoning module AutomationWindow (498)
[2020.01.26-01.52.41:664][159]LogModuleManager: Shutting down and abandoning module Layers (496)
[2020.01.26-01.52.41:664][159]LogModuleManager: Shutting down and abandoning module ComponentVisualizers (494)
[2020.01.26-01.52.41:664][159]LogModuleManager: Shutting down and abandoning module DetailCustomizations (492)
[2020.01.26-01.52.41:664][159]LogModuleManager: Shutting down and abandoning module PackagesDialog (490)
[2020.01.26-01.52.41:664][159]LogModuleManager: Shutting down and abandoning module AnimationBlueprintEditor (488)
[2020.01.26-01.52.41:664][159]LogModuleManager: Shutting down and abandoning module Persona (486)
[2020.01.26-01.52.41:664][159]LogModuleManager: Shutting down and abandoning module AdvancedPreviewScene (485)
[2020.01.26-01.52.41:664][159]LogModuleManager: Shutting down and abandoning module AnimGraph (483)
[2020.01.26-01.52.41:664][159]LogModuleManager: Shutting down and abandoning module Kismet (480)
[2020.01.26-01.52.41:664][159]LogModuleManager: Shutting down and abandoning module KismetWidgets (479)
[2020.01.26-01.52.41:664][159]LogModuleManager: Shutting down and abandoning module GraphEditor (476)
[2020.01.26-01.52.41:664][159]LogModuleManager: Shutting down and abandoning module StructViewer (474)
[2020.01.26-01.52.41:664][159]LogModuleManager: Shutting down and abandoning module ClassViewer (472)
[2020.01.26-01.52.41:664][159]LogModuleManager: Shutting down and abandoning module Toolbox (470)
[2020.01.26-01.52.41:664][159]LogModuleManager: Shutting down and abandoning module ModuleUI (468)
[2020.01.26-01.52.41:664][159]LogModuleManager: Shutting down and abandoning module MovieSceneTools (466)
[2020.01.26-01.52.41:665][159]LogModuleManager: Shutting down and abandoning module OutputLog (464)
[2020.01.26-01.52.41:665][159]LogModuleManager: Shutting down and abandoning module GammaUI (462)
[2020.01.26-01.52.41:665][159]LogModuleManager: Shutting down and abandoning module Documentation (460)
[2020.01.26-01.52.41:665][159]LogModuleManager: Shutting down and abandoning module LiveCoding (458)
[2020.01.26-01.52.41:665][159]LogModuleManager: Shutting down and abandoning module LevelSequence (456)
[2020.01.26-01.52.41:665][159]LogModuleManager: Shutting down and abandoning module MovieSceneTracks (454)
[2020.01.26-01.52.41:665][159]LogModuleManager: Shutting down and abandoning module MovieScene (452)
[2020.01.26-01.52.41:665][159]LogModuleManager: Shutting down and abandoning module StreamingPauseRendering (450)
[2020.01.26-01.52.41:665][159]LogModuleManager: Shutting down and abandoning module LauncherPlatform (448)
[2020.01.26-01.52.41:665][159]LogModuleManager: Shutting down and abandoning module AnalyticsET (446)
[2020.01.26-01.52.41:665][159]LogModuleManager: Shutting down and abandoning module PortalServices (444)
[2020.01.26-01.52.41:665][159]LogModuleManager: Shutting down and abandoning module PortalRpc (442)
[2020.01.26-01.52.41:665][159]LogModuleManager: Shutting down and abandoning module MessagingRpc (440)
[2020.01.26-01.52.41:665][159]LogModuleManager: Shutting down and abandoning module AIModule (438)
[2020.01.26-01.52.41:665][159]LogModuleManager: Shutting down and abandoning module GameplayDebugger (437)
[2020.01.26-01.52.41:665][159]LogModuleManager: Shutting down and abandoning module AITestSuite (435)
[2020.01.26-01.52.41:666][159]LogModuleManager: Shutting down and abandoning module NavigationSystem (433)
[2020.01.26-01.52.41:666][159]LogModuleManager: Shutting down and abandoning module DesktopPlatform (430)
[2020.01.26-01.52.41:666][159]LogModuleManager: Shutting down and abandoning module ImageWriteQueue (428)
[2020.01.26-01.52.41:669][159]LogModuleManager: Shutting down and abandoning module ProfilerService (426)
[2020.01.26-01.52.41:783][159]LogModuleManager: Shutting down and abandoning module TaskGraph (424)
[2020.01.26-01.52.41:783][159]LogModuleManager: Shutting down and abandoning module ScreenshotTools (422)
[2020.01.26-01.52.41:783][159]LogModuleManager: Shutting down and abandoning module SteamVRController (420)
[2020.01.26-01.52.41:783][159]LogModuleManager: Shutting down and abandoning module ProceduralMeshComponentEditor (418)
[2020.01.26-01.52.41:783][159]LogModuleManager: Shutting down and abandoning module ProceduralMeshComponent (416)
[2020.01.26-01.52.41:783][159]LogModuleManager: Shutting down and abandoning module OculusEditor (414)
[2020.01.26-01.52.41:783][159]LogModuleManager: Shutting down and abandoning module OculusInput (412)
[2020.01.26-01.52.41:784][159]LogModuleManager: Shutting down and abandoning module MobilePatchingUtils (410)
[2020.01.26-01.52.41:784][159]LogModuleManager: Shutting down and abandoning module EditableMesh (408)
[2020.01.26-01.52.41:784][159]LogModuleManager: Shutting down and abandoning module CustomMeshComponent (406)
[2020.01.26-01.52.41:784][159]LogModuleManager: Shutting down and abandoning module CableComponent (404)
[2020.01.26-01.52.41:784][159]LogModuleManager: Shutting down and abandoning module AudioCapture (402)
[2020.01.26-01.52.41:784][159]LogModuleManager: Shutting down and abandoning module ArchVisCharacter (400)
[2020.01.26-01.52.41:784][159]LogModuleManager: Shutting down and abandoning module AppleImageUtilsBlueprintSupport (398)
[2020.01.26-01.52.41:784][159]LogModuleManager: Shutting down and abandoning module AppleImageUtils (396)
[2020.01.26-01.52.41:784][159]LogModuleManager: Shutting down and abandoning module AndroidPermission (394)
[2020.01.26-01.52.41:784][159]LogModuleManager: Shutting down and abandoning module NUTUnrealEngine4 (392)
[2020.01.26-01.52.41:784][159]LogModuleManager: Shutting down and abandoning module NetcodeUnitTest (390)
[2020.01.26-01.52.41:784][159]LogModuleManager: Shutting down and abandoning module MediaCompositing (388)
[2020.01.26-01.52.41:784][159]LogModuleManager: Shutting down and abandoning module ImgMedia (386)
[2020.01.26-01.52.41:784][159]LogModuleManager: Shutting down and abandoning module MagicLeapHelperVulkan (384)
[2020.01.26-01.52.41:784][159]LogModuleManager: Shutting down and abandoning module MagicLeapHelperOpenGL (382)
[2020.01.26-01.52.41:784][159]LogModuleManager: Shutting down and abandoning module MagicLeapAudio (380)
[2020.01.26-01.52.41:784][159]LogModuleManager: Shutting down and abandoning module HTML5Networking (378)
[2020.01.26-01.52.41:784][159]LogModuleManager: Shutting down and abandoning module GeometryCacheTracks (376)
[2020.01.26-01.52.41:784][159]LogModuleManager: Shutting down and abandoning module GeometryCacheSequencer (374)
[2020.01.26-01.52.41:784][159]LogModuleManager: Shutting down and abandoning module BackChannel (372)
[2020.01.26-01.52.41:784][159]LogModuleManager: Shutting down and abandoning module AutomationUtilsEditor (370)
[2020.01.26-01.52.41:784][159]LogModuleManager: Shutting down and abandoning module AutomationUtils (368)
[2020.01.26-01.52.41:784][159]LogModuleManager: Shutting down and abandoning module AlembicImporter (366)
[2020.01.26-01.52.41:784][159]LogModuleManager: Shutting down and abandoning module AlembicLibrary (365)
[2020.01.26-01.52.41:784][159]LogModuleManager: Shutting down and abandoning module GeometryCache (364)
[2020.01.26-01.52.41:784][159]LogModuleManager: Shutting down and abandoning module GeometryCacheEd (363)
[2020.01.26-01.52.41:784][159]LogModuleManager: Shutting down and abandoning module VariantManagerContent (358)
[2020.01.26-01.52.41:784][159]LogModuleManager: Shutting down and abandoning module DatasmithContentEditor (356)
[2020.01.26-01.52.41:784][159]LogModuleManager: Shutting down and abandoning module SpeedTreeImporter (354)
[2020.01.26-01.52.41:784][159]LogModuleManager: Shutting down and abandoning module PluginBrowser (352)
[2020.01.26-01.52.41:784][159]LogModuleManager: Shutting down and abandoning module MobileLauncherProfileWizard (350)
[2020.01.26-01.52.41:784][159]LogModuleManager: Shutting down and abandoning module MaterialAnalyzer (348)
[2020.01.26-01.52.41:784][159]LogModuleManager: Shutting down and abandoning module CurveEditorTools (346)
[2020.01.26-01.52.41:784][159]LogModuleManager: Shutting down and abandoning module CurveEditor (345)
[2020.01.26-01.52.41:784][159]LogModuleManager: Shutting down and abandoning module CryptoKeysOpenSSL (342)
[2020.01.26-01.52.41:784][159]LogModuleManager: Shutting down and abandoning module CryptoKeys (340)
[2020.01.26-01.52.41:784][159]LogModuleManager: Shutting down and abandoning module VisualStudioSourceCodeAccess (338)
[2020.01.26-01.52.41:784][159]LogModuleManager: Shutting down and abandoning module VisualStudioCodeSourceCodeAccess (336)
[2020.01.26-01.52.41:784][159]LogModuleManager: Shutting down and abandoning module UObjectPlugin (334)
[2020.01.26-01.52.41:784][159]LogModuleManager: Shutting down and abandoning module SubversionSourceControl (332)
[2020.01.26-01.52.41:784][159]LogModuleManager: Shutting down and abandoning module PerforceSourceControl (330)
[2020.01.26-01.52.41:784][159]LogModuleManager: Shutting down and abandoning module GitSourceControl (328)
[2020.01.26-01.52.41:784][159]LogModuleManager: Shutting down and abandoning module SourceControl (327)
[2020.01.26-01.52.41:784][159]LogModuleManager: Shutting down and abandoning module CLionSourceCodeAccess (324)
[2020.01.26-01.52.41:784][159]LogModuleManager: Shutting down and abandoning module AnimationSharingEd (322)
[2020.01.26-01.52.41:784][159]LogModuleManager: Shutting down and abandoning module ActorLayerUtilitiesEditor (320)
[2020.01.26-01.52.41:784][159]LogModuleManager: Shutting down and abandoning module ActorLayerUtilities (318)
[2020.01.26-01.52.41:784][159]LogModuleManager: Shutting down and abandoning module LightPropagationVolumeEditor (316)
[2020.01.26-01.52.41:784][159]LogModuleManager: Shutting down and abandoning module PaperTiledImporter (314)
[2020.01.26-01.52.41:784][159]LogModuleManager: Shutting down and abandoning module PaperSpriteSheetImporter (312)
[2020.01.26-01.52.41:784][159]LogModuleManager: Shutting down and abandoning module Paper2DEditor (310)
[2020.01.26-01.52.41:784][159]LogModuleManager: Shutting down and abandoning module SignificanceManager (308)
[2020.01.26-01.52.41:784][159]LogModuleManager: Shutting down and abandoning module RuntimePhysXCooking (306)
[2020.01.26-01.52.41:784][159]LogModuleManager: Shutting down and abandoning module PhysXVehiclesEditor (304)
[2020.01.26-01.52.41:784][159]LogModuleManager: Shutting down and abandoning module LocationServicesBPLibrary (300)
[2020.01.26-01.52.41:784][159]LogModuleManager: Shutting down and abandoning module ActorSequence (298)
[2020.01.26-01.52.41:784][159]LogModuleManager: Shutting down and abandoning module UdpMessaging (296)
[2020.01.26-01.52.41:885][159]LogModuleManager: Shutting down and abandoning module TcpMessaging (294)
[2020.01.26-01.52.41:986][159]LogModuleManager: Shutting down and abandoning module MagicLeapIdentity (292)
[2020.01.26-01.52.41:986][159]LogModuleManager: Shutting down and abandoning module MagicLeapSecureStorage (290)
[2020.01.26-01.52.41:986][159]LogModuleManager: Shutting down and abandoning module MagicLeapHandTracking (288)
[2020.01.26-01.52.41:986][159]LogModuleManager: Shutting down and abandoning module MagicLeapEyeTracker (286)
[2020.01.26-01.52.41:986][159]LogModuleManager: Shutting down and abandoning module MagicLeapController (284)
[2020.01.26-01.52.41:986][159]LogSlate: Slate User Destroyed.  User Index 0, Is Virtual User: 0
[2020.01.26-01.52.41:986][159]LogModuleManager: Shutting down and abandoning module MagicLeapAR (282)
[2020.01.26-01.52.41:986][159]LogModuleManager: Shutting down and abandoning module AugmentedReality (281)
[2020.01.26-01.52.41:986][159]LogModuleManager: Shutting down and abandoning module GameplayTagsEditor (278)
[2020.01.26-01.52.41:986][159]LogModuleManager: Shutting down and abandoning module FacialAnimationEditor (276)
[2020.01.26-01.52.41:986][159]LogModuleManager: Shutting down and abandoning module FacialAnimation (274)
[2020.01.26-01.52.41:986][159]LogModuleManager: Shutting down and abandoning module DataValidation (272)
[2020.01.26-01.52.41:986][159]LogModuleManager: Shutting down and abandoning module AssetManagerEditor (270)
[2020.01.26-01.52.41:986][159]LogModuleManager: Shutting down and abandoning module LevelEditor (269)
[2020.01.26-01.52.41:987][159]LogModuleManager: Shutting down and abandoning module PixelInspectorModule (268)
[2020.01.26-01.52.41:987][159]LogModuleManager: Shutting down and abandoning module CommonMenuExtensions (266)
[2020.01.26-01.52.41:987][159]LogModuleManager: Shutting down and abandoning module MainFrame (264)
[2020.01.26-01.52.41:987][159]LogModuleManager: Shutting down and abandoning module HotReload (263)
[2020.01.26-01.52.41:987][159]LogModuleManager: Shutting down and abandoning module ContentBrowser (259)
[2020.01.26-01.52.41:988][159]LogModuleManager: Shutting down and abandoning module TreeMap (257)
[2020.01.26-01.52.41:988][159]LogModuleManager: Shutting down and abandoning module AnimationSharing (254)
[2020.01.26-01.52.41:988][159]LogModuleManager: Shutting down and abandoning module LightPropagationVolumeRuntime (252)
[2020.01.26-01.52.41:988][159]LogModuleManager: Shutting down and abandoning module Paper2D (250)
[2020.01.26-01.52.41:988][159]LogModuleManager: Shutting down and abandoning module WindowsMoviePlayer (248)
[2020.01.26-01.52.41:989][159]LogModuleManager: Shutting down and abandoning module WebMMoviePlayer (246)
[2020.01.26-01.52.41:989][159]LogModuleManager: Shutting down and abandoning module NetworkReplayStreaming (244)
[2020.01.26-01.52.41:989][159]LogModuleManager: Shutting down and abandoning module PacketHandler (242)
[2020.01.26-01.52.41:989][159]LogModuleManager: Shutting down and abandoning module ClothingSystemEditor (240)
[2020.01.26-01.52.41:989][159]LogModuleManager: Shutting down and abandoning module ClothingSystemRuntime (238)
[2020.01.26-01.52.41:989][159]LogModuleManager: Shutting down and abandoning module MediaAssets (236)
[2020.01.26-01.52.41:989][159]LogModuleManager: Shutting down and abandoning module Overlay (234)
[2020.01.26-01.52.41:989][159]LogModuleManager: Shutting down and abandoning module OverlayEditor (233)
[2020.01.26-01.52.41:989][159]LogModuleManager: Shutting down and abandoning module VREditor (230)
[2020.01.26-01.52.41:989][159]LogModuleManager: Shutting down and abandoning module StringTableEditor (228)
[2020.01.26-01.52.41:989][159]LogModuleManager: Shutting down and abandoning module GameplayTasksEditor (226)
[2020.01.26-01.52.41:989][159]LogModuleManager: Shutting down and abandoning module BehaviorTreeEditor (224)
[2020.01.26-01.52.41:989][159]LogModuleManager: Shutting down and abandoning module FunctionalTesting (222)
[2020.01.26-01.52.41:989][159]LogModuleManager: Shutting down and abandoning module CollisionAnalyzer (220)
[2020.01.26-01.52.41:989][159]LogModuleManager: Shutting down and abandoning module WorkspaceMenuStructure (219)
[2020.01.26-01.52.41:989][159]LogModuleManager: Shutting down and abandoning module UMG (216)
[2020.01.26-01.52.41:989][159]LogModuleManager: Shutting down and abandoning module UMGEditor (215)
[2020.01.26-01.52.41:989][159]LogModuleManager: Shutting down and abandoning module Sequencer (214)
[2020.01.26-01.52.41:989][159]LogModuleManager: Shutting down and abandoning module MessageLog (211)
[2020.01.26-01.52.41:989][159]LogModuleManager: Shutting down and abandoning module SlateReflector (206)
[2020.01.26-01.52.41:989][159]LogModuleManager: Shutting down and abandoning module Slate (204)
[2020.01.26-01.52.41:989][159]LogModuleManager: Shutting down and abandoning module LandscapeEditorUtilities (202)
[2020.01.26-01.52.41:989][159]LogModuleManager: Shutting down and abandoning module EditorStyle (200)
[2020.01.26-01.52.41:990][159]LogModuleManager: Shutting down and abandoning module UnrealEd (198)
[2020.01.26-01.52.41:990][159]LogModuleManager: Shutting down and abandoning module MRMesh (196)
[2020.01.26-01.52.41:990][159]LogModuleManager: Shutting down and abandoning module SourceCodeAccess (194)
[2020.01.26-01.52.41:990][159]LogModuleManager: Shutting down and abandoning module HeadMountedDisplay (192)
[2020.01.26-01.52.41:990][159]LogModuleManager: Shutting down and abandoning module XAudio2 (190)
[2020.01.26-01.52.41:990][159]LogModuleManager: Shutting down and abandoning module Networking (188)
[2020.01.26-01.52.41:990][159]LogModuleManager: Shutting down and abandoning module Core (186)
[2020.01.26-01.52.41:990][159]LogModuleManager: Shutting down and abandoning module KismetCompiler (184)
[2020.01.26-01.52.41:990][159]LogModuleManager: Shutting down and abandoning module MeshUtilities (182)
[2020.01.26-01.52.41:990][159]LogModuleManager: Shutting down and abandoning module MeshMergeUtilities (181)
[2020.01.26-01.52.41:991][159]LogModuleManager: Shutting down and abandoning module MeshReductionInterface (180)
[2020.01.26-01.52.41:991][159]LogModuleManager: Shutting down and abandoning module SkeletalMeshReduction (179)
[2020.01.26-01.52.41:991][159]LogModuleManager: Shutting down and abandoning module ProxyLODMeshReduction (177)
[2020.01.26-01.52.41:991][159]LogModuleManager: Shutting down and abandoning module QuadricMeshReduction (175)
[2020.01.26-01.52.41:991][159]LogModuleManager: Shutting down and abandoning module MaterialBaking (171)
[2020.01.26-01.52.41:991][159]LogModuleManager: Shutting down and abandoning module NullInstallBundleManager (166)
[2020.01.26-01.52.41:991][159]LogModuleManager: Shutting down and abandoning module DerivedDataCache (164)
[2020.01.26-01.52.42:044][159]LogDerivedDataCache: Shutdown
[2020.01.26-01.52.42:044][159]LogModuleManager: Shutting down and abandoning module XGEController (162)
[2020.01.26-01.52.42:044][159]LogModuleManager: Shutting down and abandoning module TargetPlatform (160)
[2020.01.26-01.52.42:044][159]LogModuleManager: Shutting down and abandoning module VulkanShaderFormat (159)
[2020.01.26-01.52.42:044][159]LogModuleManager: Shutting down and abandoning module ShaderFormatVectorVM (157)
[2020.01.26-01.52.42:044][159]LogModuleManager: Shutting down and abandoning module ShaderFormatOpenGL (155)
[2020.01.26-01.52.42:045][159]LogModuleManager: Shutting down and abandoning module ShaderFormatD3D (153)
[2020.01.26-01.52.42:045][159]LogModuleManager: Shutting down and abandoning module MetalShaderFormat (151)
[2020.01.26-01.52.42:045][159]LogModuleManager: Shutting down and abandoning module TextureFormatUncompressed (149)
[2020.01.26-01.52.42:045][159]LogModuleManager: Shutting down and abandoning module TextureFormatPVR (147)
[2020.01.26-01.52.42:045][159]LogModuleManager: Shutting down and abandoning module TextureFormatDXT (145)
[2020.01.26-01.52.42:045][159]LogModuleManager: Shutting down and abandoning module TextureFormatIntelISPCTexComp (143)
[2020.01.26-01.52.42:045][159]LogModuleManager: Shutting down and abandoning module TextureFormatASTC (141)
[2020.01.26-01.52.42:045][159]LogModuleManager: Shutting down and abandoning module ImageWrapper (140)
[2020.01.26-01.52.42:045][159]LogModuleManager: Shutting down and abandoning module TextureFormatAndroid (137)
[2020.01.26-01.52.42:045][159]LogModuleManager: Shutting down and abandoning module AudioFormatOpus (135)
[2020.01.26-01.52.42:045][159]LogModuleManager: Shutting down and abandoning module AudioFormatOgg (133)
[2020.01.26-01.52.42:045][159]LogModuleManager: Shutting down and abandoning module AudioFormatADPCM (131)
[2020.01.26-01.52.42:045][159]LogModuleManager: Shutting down and abandoning module LuminTargetPlatform (129)
[2020.01.26-01.52.42:046][159]LogModuleManager: Shutting down and abandoning module LinuxTargetPlatform (127)
[2020.01.26-01.52.42:046][159]LogModuleManager: Shutting down and abandoning module LinuxServerTargetPlatform (125)
[2020.01.26-01.52.42:046][159]LogModuleManager: Shutting down and abandoning module LinuxNoEditorTargetPlatform (123)
[2020.01.26-01.52.42:046][159]LogModuleManager: Shutting down and abandoning module LinuxClientTargetPlatform (121)
[2020.01.26-01.52.42:046][159]LogModuleManager: Shutting down and abandoning module TVOSTargetPlatform (119)
[2020.01.26-01.52.42:046][159]LogModuleManager: Shutting down and abandoning module Messaging (117)
[2020.01.26-01.52.42:046][159]LogModuleManager: Shutting down and abandoning module IOSTargetPlatform (115)
[2020.01.26-01.52.42:047][159]LogModuleManager: Shutting down and abandoning module HTML5TargetPlatform (113)
[2020.01.26-01.52.42:047][159]LogModuleManager: Shutting down and abandoning module AndroidTargetPlatform (111)
[2020.01.26-01.52.42:053][159]LogModuleManager: Shutting down and abandoning module WindowsTargetPlatform (109)
[2020.01.26-01.52.42:053][159]LogModuleManager: Shutting down and abandoning module WindowsServerTargetPlatform (107)
[2020.01.26-01.52.42:053][159]LogModuleManager: Shutting down and abandoning module WindowsNoEditorTargetPlatform (105)
[2020.01.26-01.52.42:053][159]LogModuleManager: Shutting down and abandoning module WindowsClientTargetPlatform (103)
[2020.01.26-01.52.42:053][159]LogModuleManager: Shutting down and abandoning module MacTargetPlatform (101)
[2020.01.26-01.52.42:053][159]LogModuleManager: Shutting down and abandoning module MacServerTargetPlatform (99)
[2020.01.26-01.52.42:053][159]LogModuleManager: Shutting down and abandoning module MacNoEditorTargetPlatform (97)
[2020.01.26-01.52.42:053][159]LogModuleManager: Shutting down and abandoning module MacClientTargetPlatform (95)
[2020.01.26-01.52.42:053][159]LogModuleManager: Shutting down and abandoning module AllDesktopTargetPlatform (93)
[2020.01.26-01.52.42:053][159]LogModuleManager: Shutting down and abandoning module InputCore (90)
[2020.01.26-01.52.42:053][159]LogModuleManager: Shutting down and abandoning module Settings (88)
[2020.01.26-01.52.42:053][159]LogModuleManager: Shutting down and abandoning module DirectoryWatcher (86)
[2020.01.26-01.52.42:053][159]LogModuleManager: Shutting down and abandoning module PhysXCooking (84)
[2020.01.26-01.52.42:053][159]LogModuleManager: Shutting down and abandoning module WindowsPlatformFeatures (82)
[2020.01.26-01.52.42:053][159]LogModuleManager: Shutting down and abandoning module GameplayMediaEncoder (81)
[2020.01.26-01.52.42:053][159]LogModuleManager: Shutting down and abandoning module SteamVR (78)
[2020.01.26-01.52.42:053][159]LogHMD: Freeing OpenVRDLLHandle.
[2020.01.26-01.52.42:053][159]LogModuleManager: Shutting down and abandoning module OculusHMD (76)
[2020.01.26-01.52.42:053][159]LogModuleManager: Shutting down and abandoning module ExampleDeviceProfileSelector (74)
[2020.01.26-01.52.42:053][159]LogModuleManager: Shutting down and abandoning module LauncherChunkInstaller (72)
[2020.01.26-01.52.42:053][159]LogModuleManager: Shutting down and abandoning module OnlineBlueprintSupport (70)
[2020.01.26-01.52.42:053][159]LogModuleManager: Shutting down and abandoning module OnlineSubsystem (66)
[2020.01.26-01.52.42:054][159]LogModuleManager: Shutting down and abandoning module XMPP (61)
[2020.01.26-01.52.42:054][159]LogModuleManager: Shutting down and abandoning module WebSockets (60)
[2020.01.26-01.52.42:083][159]LogModuleManager: Shutting down and abandoning module HTTP (57)
[2020.01.26-01.52.42:083][159]LogHttp: Display: Http module shutting down, but needs to wait on 1 outstanding Http requests:
[2020.01.26-01.52.42:083][159]LogHttp: Display: 	verb=[POST] url=[https://datarouter.ol.epicgames.com/datarouter/api/v1/public/data?SessionID=%7B17DFE360-420E-4FFD-5316-3FBF9D318C15%7D&AppID=UEEditor.Rocket.Release&AppVersion=4.23.1-9631420%2B%2B%2BUE4%2BRelease-4.23&UserID=b7367f514bcf47f3782f499948337182%7C0382994034dc4f6bbe5c05cbae825090%7C26c0a086-b539-454f-83c2-978d8d02ce36&AppEnvironment=datacollector-binary&UploadType=eteventstream] status=Processing
[2020.01.26-01.52.42:118][159]LogModuleManager: Shutting down and abandoning module SSL (56)
[2020.01.26-01.52.42:119][159]LogModuleManager: Shutting down and abandoning module WmfMedia (52)
[2020.01.26-01.52.42:120][159]LogModuleManager: Shutting down and abandoning module Media (51)
[2020.01.26-01.52.42:121][159]LogModuleManager: Shutting down and abandoning module MagicLeap (48)
[2020.01.26-01.52.42:121][159]LogModuleManager: Shutting down and abandoning module DatasmithContent (46)
[2020.01.26-01.52.42:121][159]LogModuleManager: Shutting down and abandoning module AISupportModule (44)
[2020.01.26-01.52.42:121][159]LogModuleManager: Shutting down and abandoning module PlatformCryptoOpenSSL (42)
[2020.01.26-01.52.42:121][159]LogModuleManager: Shutting down and abandoning module PlatformCrypto (40)
[2020.01.26-01.52.42:121][159]LogModuleManager: Shutting down and abandoning module AnimationModifiers (38)
[2020.01.26-01.52.42:121][159]LogModuleManager: Shutting down and abandoning module PropertyEditor (37)
[2020.01.26-01.52.42:121][159]LogModuleManager: Shutting down and abandoning module AudioEditor (34)
[2020.01.26-01.52.42:122][159]LogModuleManager: Shutting down and abandoning module TextureCompressor (32)
[2020.01.26-01.52.42:122][159]LogModuleManager: Shutting down and abandoning module RenderCore (30)
[2020.01.26-01.52.42:122][159]LogModuleManager: Shutting down and abandoning module Landscape (28)
[2020.01.26-01.52.42:122][159]LogModuleManager: Shutting down and abandoning module SlateRHIRenderer (26)
[2020.01.26-01.52.42:122][159]LogModuleManager: Shutting down and abandoning module OpenGLDrv (24)
[2020.01.26-01.52.42:122][159]LogModuleManager: Shutting down and abandoning module D3D11RHI (22)
[2020.01.26-01.52.42:122][159]LogModuleManager: Shutting down and abandoning module AnimGraphRuntime (20)
[2020.01.26-01.52.42:122][159]LogModuleManager: Shutting down and abandoning module Renderer (18)
[2020.01.26-01.52.42:122][159]LogModuleManager: Shutting down and abandoning module Engine (16)
[2020.01.26-01.52.42:122][159]LogModuleManager: Shutting down and abandoning module CoreUObject (14)
[2020.01.26-01.52.42:122][159]LogModuleManager: Shutting down and abandoning module NetworkFile (12)
[2020.01.26-01.52.42:122][159]LogModuleManager: Shutting down and abandoning module CookedIterativeFile (10)
[2020.01.26-01.52.42:122][159]LogModuleManager: Shutting down and abandoning module StreamingFile (8)
[2020.01.26-01.52.42:122][159]LogModuleManager: Shutting down and abandoning module SandboxFile (6)
[2020.01.26-01.52.42:122][159]LogModuleManager: Shutting down and abandoning module PakFile (4)
[2020.01.26-01.52.42:122][159]LogModuleManager: Shutting down and abandoning module RSA (3)
[2020.01.26-01.52.42:124][159]LogD3D11RHI: Shutdown
[2020.01.26-01.52.42:124][159]LogD3D11RHI: CleanupD3DDevice
[2020.01.26-01.52.42:125][159]LogRendererCore: FGlobalDynamicReadBuffer::Cleanup()
[2020.01.26-01.52.42:125][159]LogRendererCore: FGlobalDynamicReadBuffer::Cleanup()
[2020.01.26-01.52.42:125][159]LogRendererCore: FGlobalDynamicReadBuffer::Cleanup()
[2020.01.26-01.52.42:243][159]LogD3D11RHI: ~FD3D11DynamicRHI
[2020.01.26-01.52.42:260][159]LogExit: Exiting.
[2020.01.26-01.52.42:276][159]Log file closed, 01/26/20 01:52:42
