Log file open, 01/26/20 19:14:15
LogWindows: Failed to load 'aqProf.dll' (GetLastError=126)
LogWindows: File 'aqProf.dll' does not exist
LogWindows: Failed to load 'VtuneApi.dll' (GetLastError=126)
LogWindows: File 'VtuneApi.dll' does not exist
LogWindows: Failed to load 'VtuneApi32e.dll' (GetLastError=126)
LogWindows: File 'VtuneApi32e.dll' does not exist
LogConsoleResponse: Display: Failed to find resolution value strings in scalability ini. Falling back to default.
LogInit: Display: Running engine for game: Park
LogPlatformFile: Not using cached read wrapper
LogTaskGraph: Started task graph with 5 named threads and 47 total threads with 3 sets of task threads.
LogStats: Stats thread started at 0.066250
LogD3D11RHI: Loaded GFSDK_Aftermath_Lib.x64.dll
LogICUInternationalization: ICU TimeZone Detection - Raw Offset: +0:00, Platform Override: ''
LogPluginManager: Mounting plugin Paper2D
LogPluginManager: Mounting plugin AISupport
LogPluginManager: Mounting plugin LightPropagationVolume
LogPluginManager: Mounting plugin ActorLayerUtilities
LogPluginManager: Mounting plugin AnimationSharing
LogPluginManager: Mounting plugin CLionSourceCodeAccess
LogPluginManager: Mounting plugin CodeLiteSourceCodeAccess
LogPluginManager: Mounting plugin GitSourceControl
LogPluginManager: Mounting plugin KDevelopSourceCodeAccess
LogPluginManager: Mounting plugin NullSourceCodeAccess
LogPluginManager: Mounting plugin PerforceSourceControl
LogPluginManager: Mounting plugin SubversionSourceControl
LogPluginManager: Mounting plugin UObjectPlugin
LogPluginManager: Mounting plugin VisualStudioCodeSourceCodeAccess
LogPluginManager: Mounting plugin VisualStudioSourceCodeAccess
LogPluginManager: Mounting plugin XCodeSourceCodeAccess
LogPluginManager: Mounting plugin AssetManagerEditor
LogPluginManager: Mounting plugin CryptoKeys
LogPluginManager: Mounting plugin CurveEditorTools
LogPluginManager: Mounting plugin DataValidation
LogPluginManager: Mounting plugin FacialAnimation
LogPluginManager: Mounting plugin GameplayTagsEditor
LogPluginManager: Mounting plugin MacGraphicsSwitching
LogPluginManager: Mounting plugin MaterialAnalyzer
LogPluginManager: Mounting plugin MobileLauncherProfileWizard
LogPluginManager: Mounting plugin PluginBrowser
LogPluginManager: Mounting plugin SpeedTreeImporter
LogPluginManager: Mounting plugin DatasmithContent
LogPluginManager: Mounting plugin VariantManagerContent
LogPluginManager: Mounting plugin AlembicImporter
LogPluginManager: Mounting plugin AutomationUtils
LogPluginManager: Mounting plugin BackChannel
LogPluginManager: Mounting plugin CharacterAI
LogPluginManager: Mounting plugin GeometryCache
LogPluginManager: Mounting plugin HTML5Networking
LogPluginManager: Mounting plugin PlatformCrypto
LogPluginManager: Mounting plugin ProxyLODPlugin
LogPluginManager: Mounting plugin SkeletalReduction
LogPluginManager: Mounting plugin MagicLeap
LogPluginManager: Mounting plugin MagicLeapMedia
LogPluginManager: Mounting plugin AndroidMedia
LogPluginManager: Mounting plugin AvfMedia
LogPluginManager: Mounting plugin ImgMedia
LogPluginManager: Mounting plugin MediaCompositing
LogPluginManager: Mounting plugin MediaPlayerEditor
LogPluginManager: Mounting plugin WebMMedia
LogPluginManager: Mounting plugin WmfMedia
LogPluginManager: Mounting plugin TcpMessaging
LogPluginManager: Mounting plugin UdpMessaging
LogPluginManager: Mounting plugin ActorSequence
LogPluginManager: Mounting plugin LevelSequenceEditor
LogPluginManager: Mounting plugin MatineeToLevelSequence
LogPluginManager: Mounting plugin NetcodeUnitTest
LogPluginManager: Mounting plugin NUTUnrealEngine4
LogPluginManager: Mounting plugin OnlineSubsystemGooglePlay
LogPluginManager: Mounting plugin OnlineSubsystemIOS
LogPluginManager: Mounting plugin OnlineSubsystem
LogPluginManager: Mounting plugin OnlineSubsystemNull
LogPluginManager: Mounting plugin OnlineSubsystemUtils
LogPluginManager: Mounting plugin LauncherChunkInstaller
LogPluginManager: Mounting plugin AndroidDeviceProfileSelector
LogPluginManager: Mounting plugin AndroidMoviePlayer
LogPluginManager: Mounting plugin AndroidPermission
LogPluginManager: Mounting plugin AppleImageUtils
LogPluginManager: Mounting plugin AppleMoviePlayer
LogPluginManager: Mounting plugin ArchVisCharacter
LogPluginManager: Mounting plugin AudioCapture
LogPluginManager: Mounting plugin CableComponent
LogPluginManager: Mounting plugin CustomMeshComponent
LogPluginManager: Mounting plugin EditableMesh
LogPluginManager: Mounting plugin ExampleDeviceProfileSelector
LogPluginManager: Mounting plugin GoogleCloudMessaging
LogPluginManager: Mounting plugin IOSDeviceProfileSelector
LogPluginManager: Mounting plugin LinuxDeviceProfileSelector
LogPluginManager: Mounting plugin LocationServicesBPLibrary
LogPluginManager: Mounting plugin MobilePatchingUtils
LogPluginManager: Mounting plugin OculusVR
LogPluginManager: Mounting plugin PhysXVehicles
LogPluginManager: Mounting plugin ProceduralMeshComponent
LogPluginManager: Mounting plugin RuntimePhysXCooking
LogPluginManager: Mounting plugin SignificanceManager
LogPluginManager: Mounting plugin SteamVR
LogPluginManager: Mounting plugin WebMMoviePlayer
LogPluginManager: Mounting plugin WindowsMoviePlayer
LogPluginManager: Mounting plugin ScreenshotTools
LogInit: Using libcurl 7.55.1-DEV
LogInit:  - built for x86_64-pc-win32
LogInit:  - supports SSL with OpenSSL/1.1.1
LogInit:  - supports HTTP deflate (compression) using libz 1.2.8
LogInit:  - other features:
LogInit:      CURL_VERSION_SSL
LogInit:      CURL_VERSION_LIBZ
LogInit:      CURL_VERSION_IPV6
LogInit:      CURL_VERSION_ASYNCHDNS
LogInit:      CURL_VERSION_LARGEFILE
LogInit:      CURL_VERSION_IDN
LogInit:  CurlRequestOptions (configurable via config and command line):
LogInit:  - bVerifyPeer = true  - Libcurl will verify peer certificate
LogInit:  - bUseHttpProxy = false  - Libcurl will NOT use HTTP proxy
LogInit:  - bDontReuseConnections = false  - Libcurl will reuse connections
LogInit:  - MaxHostConnections = 16  - Libcurl will limit the number of connections to a host
LogInit:  - LocalHostAddr = Default
LogInit:  - BufferSize = 65536
LogOnline: OSS: Creating online subsystem instance for: NULL
LogInit: WinSock: version 1.1 (2.2), MaxSocks=32767, MaxUdp=65467
LogInit: Build: ++UE4+Release-4.23-CL-9631420
LogInit: Engine Version: 4.23.1-9631420+++UE4+Release-4.23
LogInit: Compatible Engine Version: 4.23.0-8386587+++UE4+Release-4.23
LogInit: Net CL: 8386587
LogInit: OS: Windows 10 (Release 1909) (), CPU: Intel(R) Core(TM) i7-7820X CPU @ 3.60GHz, GPU: NVIDIA GeForce GTX 1080 Ti
LogInit: Compiled (64-bit): Oct 18 2019 02:07:44
LogInit: Compiled with Visual C++: 19.16.27030.01
LogInit: Build Configuration: Development
LogInit: Branch Name: ++UE4+Release-4.23
LogInit: Command Line: 
LogInit: Base Directory: D:/UE_4.23/Engine/Binaries/Win64/
LogInit: Installed Engine Build: 1
LogDevObjectVersion: Number of dev versions registered: 23
LogDevObjectVersion:   Dev-Blueprints (B0D832E4-1F89-4F0D-ACCF-7EB736FD4AA2): 10
LogDevObjectVersion:   Dev-Build (E1C64328-A22C-4D53-A36C-8E866417BD8C): 0
LogDevObjectVersion:   Dev-Core (375EC13C-06E4-48FB-B500-84F0262A717E): 3
LogDevObjectVersion:   Dev-Editor (E4B068ED-F494-42E9-A231-DA0B2E46BB41): 34
LogDevObjectVersion:   Dev-Framework (CFFC743F-43B0-4480-9391-14DF171D2073): 35
LogDevObjectVersion:   Dev-Mobile (B02B49B5-BB20-44E9-A304-32B752E40360): 2
LogDevObjectVersion:   Dev-Networking (A4E4105C-59A1-49B5-A7C5-40C4547EDFEE): 0
LogDevObjectVersion:   Dev-Online (39C831C9-5AE6-47DC-9A44-9C173E1C8E7C): 0
LogDevObjectVersion:   Dev-Physics (78F01B33-EBEA-4F98-B9B4-84EACCB95AA2): 0
LogDevObjectVersion:   Dev-Platform (6631380F-2D4D-43E0-8009-CF276956A95A): 0
LogDevObjectVersion:   Dev-Rendering (12F88B9F-8875-4AFC-A67C-D90C383ABD29): 31
LogDevObjectVersion:   Dev-Sequencer (7B5AE74C-D270-4C10-A958-57980B212A5A): 11
LogDevObjectVersion:   Dev-VR (D7296918-1DD6-4BDD-9DE2-64A83CC13884): 2
LogDevObjectVersion:   Dev-LoadTimes (C2A15278-BFE7-4AFE-6C17-90FF531DF755): 1
LogDevObjectVersion:   Private-Geometry (6EACA3D4-40EC-4CC1-B786-8BED09428FC5): 3
LogDevObjectVersion:   Dev-AnimPhys (29E575DD-E0A3-4627-9D10-D276232CDCEA): 17
LogDevObjectVersion:   Dev-Anim (AF43A65D-7FD3-4947-9873-3E8ED9C1BB05): 2
LogDevObjectVersion:   Dev-ReflectionCapture (6B266CEC-1EC7-4B8F-A30B-E4D90942FC07): 1
LogDevObjectVersion:   Dev-Automation (0DF73D61-A23F-47EA-B727-89E90C41499A): 1
LogDevObjectVersion:   FortniteMain (601D1886-AC64-4F84-AA16-D3DE0DEAC7D6): 27
LogDevObjectVersion:   Dev-Enterprise (9DFFBCD6-494F-0158-E221-12823C92A888): 6
LogDevObjectVersion:   Dev-Niagara (F2AED0AC-9AFE-416F-8664-AA7FFA26D6FC): 1
LogDevObjectVersion:   Dev-Destruction (174F1F0B-B4C6-45A5-B13F-2EE8D0FB917D): 9
LogInit: Presizing for max 16777216 objects, including 0 objects not considered by GC, pre-allocating 0 bytes for permanent pool.
LogInit: Object subsystem initialized
LogConfig: Setting CVar [[con.DebugEarlyDefault:1]]
LogConfig: Setting CVar [[r.setres:1280x720]]
[2020.01.26-19.14.15:749][  0]LogConfig: Setting CVar [[r.VSync:0]]
[2020.01.26-19.14.15:749][  0]LogConfig: Setting CVar [[r.RHICmdBypass:0]]
[2020.01.26-19.14.15:749][  0]LogConfig: Applying CVar settings from Section [/Script/Engine.RendererSettings] File [D:/Art/Park_SFAS/Park/Saved/Config/Windows/Engine.ini]
[2020.01.26-19.14.15:749][  0]LogConfig: Setting CVar [[r.GPUCrashDebugging:0]]
[2020.01.26-19.14.15:749][  0]LogConfig: Setting CVar [[r.DefaultFeature.AutoExposure.ExtendDefaultLuminanceRange:1]]
[2020.01.26-19.14.15:749][  0]LogConfig: Applying CVar settings from Section [/Script/Engine.RendererOverrideSettings] File [D:/Art/Park_SFAS/Park/Saved/Config/Windows/Engine.ini]
[2020.01.26-19.14.15:749][  0]LogConfig: Applying CVar settings from Section [/Script/Engine.StreamingSettings] File [D:/Art/Park_SFAS/Park/Saved/Config/Windows/Engine.ini]
[2020.01.26-19.14.15:749][  0]LogConfig: Setting CVar [[s.MinBulkDataSizeForAsyncLoading:131072]]
[2020.01.26-19.14.15:749][  0]LogConfig: Setting CVar [[s.AsyncLoadingThreadEnabled:0]]
[2020.01.26-19.14.15:749][  0]LogConfig: Setting CVar [[s.EventDrivenLoaderEnabled:1]]
[2020.01.26-19.14.15:749][  0]LogConfig: Setting CVar [[s.WarnIfTimeLimitExceeded:0]]
[2020.01.26-19.14.15:749][  0]LogConfig: Setting CVar [[s.TimeLimitExceededMultiplier:1.5]]
[2020.01.26-19.14.15:749][  0]LogConfig: Setting CVar [[s.TimeLimitExceededMinTime:0.005]]
[2020.01.26-19.14.15:749][  0]LogConfig: Setting CVar [[s.UseBackgroundLevelStreaming:1]]
[2020.01.26-19.14.15:749][  0]LogConfig: Setting CVar [[s.PriorityAsyncLoadingExtraTime:15.0]]
[2020.01.26-19.14.15:749][  0]LogConfig: Setting CVar [[s.LevelStreamingActorsUpdateTimeLimit:5.0]]
[2020.01.26-19.14.15:749][  0]LogConfig: Setting CVar [[s.PriorityLevelStreamingActorsUpdateExtraTime:5.0]]
[2020.01.26-19.14.15:749][  0]LogConfig: Setting CVar [[s.LevelStreamingComponentsRegistrationGranularity:10]]
[2020.01.26-19.14.15:749][  0]LogConfig: Setting CVar [[s.UnregisterComponentsTimeLimit:1.0]]
[2020.01.26-19.14.15:749][  0]LogConfig: Setting CVar [[s.LevelStreamingComponentsUnregistrationGranularity:5]]
[2020.01.26-19.14.15:749][  0]LogConfig: Applying CVar settings from Section [/Script/Engine.GarbageCollectionSettings] File [D:/Art/Park_SFAS/Park/Saved/Config/Windows/Engine.ini]
[2020.01.26-19.14.15:749][  0]LogConfig: Setting CVar [[gc.MaxObjectsNotConsideredByGC:1]]
[2020.01.26-19.14.15:749][  0]LogConfig: Setting CVar [[gc.SizeOfPermanentObjectPool:0]]
[2020.01.26-19.14.15:749][  0]LogConfig: Setting CVar [[gc.FlushStreamingOnGC:0]]
[2020.01.26-19.14.15:749][  0]LogConfig: Setting CVar [[gc.NumRetriesBeforeForcingGC:10]]
[2020.01.26-19.14.15:749][  0]LogConfig: Setting CVar [[gc.AllowParallelGC:1]]
[2020.01.26-19.14.15:749][  0]LogConfig: Setting CVar [[gc.TimeBetweenPurgingPendingKillObjects:61.1]]
[2020.01.26-19.14.15:749][  0]LogConfig: Setting CVar [[gc.MaxObjectsInEditor:16777216]]
[2020.01.26-19.14.15:749][  0]LogConfig: Setting CVar [[gc.IncrementalBeginDestroyEnabled:1]]
[2020.01.26-19.14.15:749][  0]LogConfig: Setting CVar [[gc.CreateGCClusters:1]]
[2020.01.26-19.14.15:749][  0]LogConfig: Setting CVar [[gc.MinGCClusterSize:5]]
[2020.01.26-19.14.15:749][  0]LogConfig: Setting CVar [[gc.ActorClusteringEnabled:0]]
[2020.01.26-19.14.15:749][  0]LogConfig: Setting CVar [[gc.BlueprintClusteringEnabled:0]]
[2020.01.26-19.14.15:749][  0]LogConfig: Setting CVar [[gc.UseDisregardForGCOnDedicatedServers:0]]
[2020.01.26-19.14.15:749][  0]LogConfig: Applying CVar settings from Section [/Script/Engine.NetworkSettings] File [D:/Art/Park_SFAS/Park/Saved/Config/Windows/Engine.ini]
[2020.01.26-19.14.15:749][  0]LogConfig: Applying CVar settings from Section [/Script/UnrealEd.CookerSettings] File [D:/Art/Park_SFAS/Park/Saved/Config/Windows/Engine.ini]
[2020.01.26-19.14.15:754][  0]LogConfig: Applying CVar settings from Section [ViewDistanceQuality@3] File [D:/Art/Park_SFAS/Park/Saved/Config/Windows/Scalability.ini]
[2020.01.26-19.14.15:754][  0]LogConfig: Setting CVar [[r.SkeletalMeshLODBias:0]]
[2020.01.26-19.14.15:754][  0]LogConfig: Setting CVar [[r.ViewDistanceScale:1.0]]
[2020.01.26-19.14.15:754][  0]LogConfig: Applying CVar settings from Section [AntiAliasingQuality@3] File [D:/Art/Park_SFAS/Park/Saved/Config/Windows/Scalability.ini]
[2020.01.26-19.14.15:754][  0]LogConfig: Setting CVar [[r.PostProcessAAQuality:4]]
[2020.01.26-19.14.15:754][  0]LogConfig: Applying CVar settings from Section [ShadowQuality@3] File [D:/Art/Park_SFAS/Park/Saved/Config/Windows/Scalability.ini]
[2020.01.26-19.14.15:754][  0]LogConfig: Setting CVar [[r.LightFunctionQuality:1]]
[2020.01.26-19.14.15:754][  0]LogConfig: Setting CVar [[r.ShadowQuality:5]]
[2020.01.26-19.14.15:754][  0]LogConfig: Setting CVar [[r.Shadow.CSM.MaxCascades:10]]
[2020.01.26-19.14.15:754][  0]LogConfig: Setting CVar [[r.Shadow.MaxResolution:2048]]
[2020.01.26-19.14.15:754][  0]LogConfig: Setting CVar [[r.Shadow.MaxCSMResolution:2048]]
[2020.01.26-19.14.15:754][  0]LogConfig: Setting CVar [[r.Shadow.RadiusThreshold:0.01]]
[2020.01.26-19.14.15:754][  0]LogConfig: Setting CVar [[r.Shadow.DistanceScale:1.0]]
[2020.01.26-19.14.15:754][  0]LogConfig: Setting CVar [[r.Shadow.CSM.TransitionScale:1.0]]
[2020.01.26-19.14.15:754][  0]LogConfig: Setting CVar [[r.Shadow.PreShadowResolutionFactor:1.0]]
[2020.01.26-19.14.15:754][  0]LogConfig: Setting CVar [[r.DistanceFieldShadowing:1]]
[2020.01.26-19.14.15:754][  0]LogConfig: Setting CVar [[r.DistanceFieldAO:1]]
[2020.01.26-19.14.15:754][  0]LogConfig: Setting CVar [[r.AOQuality:2]]
[2020.01.26-19.14.15:754][  0]LogConfig: Setting CVar [[r.VolumetricFog:1]]
[2020.01.26-19.14.15:754][  0]LogConfig: Setting CVar [[r.VolumetricFog.GridPixelSize:8]]
[2020.01.26-19.14.15:754][  0]LogConfig: Setting CVar [[r.VolumetricFog.GridSizeZ:128]]
[2020.01.26-19.14.15:754][  0]LogConfig: Setting CVar [[r.VolumetricFog.HistoryMissSupersampleCount:4]]
[2020.01.26-19.14.15:754][  0]LogConfig: Setting CVar [[r.LightMaxDrawDistanceScale:1]]
[2020.01.26-19.14.15:754][  0]LogConfig: Setting CVar [[r.CapsuleShadows:1]]
[2020.01.26-19.14.15:754][  0]LogConfig: Applying CVar settings from Section [PostProcessQuality@3] File [D:/Art/Park_SFAS/Park/Saved/Config/Windows/Scalability.ini]
[2020.01.26-19.14.15:754][  0]LogConfig: Setting CVar [[r.MotionBlurQuality:4]]
[2020.01.26-19.14.15:754][  0]LogConfig: Setting CVar [[r.AmbientOcclusionMipLevelFactor:0.4]]
[2020.01.26-19.14.15:754][  0]LogConfig: Setting CVar [[r.AmbientOcclusionMaxQuality:100]]
[2020.01.26-19.14.15:754][  0]LogConfig: Setting CVar [[r.AmbientOcclusionLevels:-1]]
[2020.01.26-19.14.15:754][  0]LogConfig: Setting CVar [[r.AmbientOcclusionRadiusScale:1.0]]
[2020.01.26-19.14.15:754][  0]LogConfig: Setting CVar [[r.DepthOfFieldQuality:2]]
[2020.01.26-19.14.15:754][  0]LogConfig: Setting CVar [[r.RenderTargetPoolMin:400]]
[2020.01.26-19.14.15:754][  0]LogConfig: Setting CVar [[r.LensFlareQuality:2]]
[2020.01.26-19.14.15:754][  0]LogConfig: Setting CVar [[r.SceneColorFringeQuality:1]]
[2020.01.26-19.14.15:754][  0]LogConfig: Setting CVar [[r.EyeAdaptationQuality:2]]
[2020.01.26-19.14.15:754][  0]LogConfig: Setting CVar [[r.BloomQuality:5]]
[2020.01.26-19.14.15:754][  0]LogConfig: Setting CVar [[r.FastBlurThreshold:100]]
[2020.01.26-19.14.15:754][  0]LogConfig: Setting CVar [[r.Upscale.Quality:3]]
[2020.01.26-19.14.15:754][  0]LogConfig: Setting CVar [[r.Tonemapper.GrainQuantization:1]]
[2020.01.26-19.14.15:754][  0]LogConfig: Setting CVar [[r.LightShaftQuality:1]]
[2020.01.26-19.14.15:754][  0]LogConfig: Setting CVar [[r.Filter.SizeScale:1]]
[2020.01.26-19.14.15:754][  0]LogConfig: Setting CVar [[r.Tonemapper.Quality:5]]
[2020.01.26-19.14.15:754][  0]LogConfig: Setting CVar [[r.DOF.Gather.AccumulatorQuality:1        ; higher gathering accumulator quality]]
[2020.01.26-19.14.15:754][  0]LogConfig: Setting CVar [[r.DOF.Gather.PostfilterMethod:1          ; Median3x3 postfilering method]]
[2020.01.26-19.14.15:754][  0]LogConfig: Setting CVar [[r.DOF.Gather.EnableBokehSettings:0       ; no bokeh simulation when gathering]]
[2020.01.26-19.14.15:754][  0]LogConfig: Setting CVar [[r.DOF.Gather.RingCount:4                 ; medium number of samples when gathering]]
[2020.01.26-19.14.15:754][  0]LogConfig: Setting CVar [[r.DOF.Scatter.ForegroundCompositing:1    ; additive foreground scattering]]
[2020.01.26-19.14.15:754][  0]LogConfig: Setting CVar [[r.DOF.Scatter.BackgroundCompositing:2    ; additive background scattering]]
[2020.01.26-19.14.15:754][  0]LogConfig: Setting CVar [[r.DOF.Scatter.EnableBokehSettings:1      ; bokeh simulation when scattering]]
[2020.01.26-19.14.15:754][  0]LogConfig: Setting CVar [[r.DOF.Scatter.MaxSpriteRatio:0.1         ; only a maximum of 10% of scattered bokeh]]
[2020.01.26-19.14.15:754][  0]LogConfig: Setting CVar [[r.DOF.Recombine.Quality:1                ; cheap slight out of focus]]
[2020.01.26-19.14.15:754][  0]LogConfig: Setting CVar [[r.DOF.Recombine.EnableBokehSettings:0    ; no bokeh simulation on slight out of focus]]
[2020.01.26-19.14.15:754][  0]LogConfig: Setting CVar [[r.DOF.TemporalAAQuality:1                ; more stable temporal accumulation]]
[2020.01.26-19.14.15:754][  0]LogConfig: Setting CVar [[r.DOF.Kernel.MaxForegroundRadius:0.025]]
[2020.01.26-19.14.15:754][  0]LogConfig: Setting CVar [[r.DOF.Kernel.MaxBackgroundRadius:0.025]]
[2020.01.26-19.14.15:754][  0]LogConfig: Applying CVar settings from Section [TextureQuality@3] File [D:/Art/Park_SFAS/Park/Saved/Config/Windows/Scalability.ini]
[2020.01.26-19.14.15:754][  0]LogConfig: Setting CVar [[r.Streaming.MipBias:0]]
[2020.01.26-19.14.15:754][  0]LogConfig: Setting CVar [[r.Streaming.AmortizeCPUToGPUCopy:0]]
[2020.01.26-19.14.15:754][  0]LogConfig: Setting CVar [[r.Streaming.MaxNumTexturesToStreamPerFrame:0]]
[2020.01.26-19.14.15:754][  0]LogConfig: Setting CVar [[r.Streaming.Boost:1]]
[2020.01.26-19.14.15:754][  0]LogConfig: Setting CVar [[r.MaxAnisotropy:8]]
[2020.01.26-19.14.15:754][  0]LogConfig: Setting CVar [[r.Streaming.LimitPoolSizeToVRAM:0]]
[2020.01.26-19.14.15:754][  0]LogConfig: Setting CVar [[r.Streaming.PoolSize:1000]]
[2020.01.26-19.14.15:754][  0]LogConfig: Setting CVar [[r.Streaming.MaxEffectiveScreenSize:0]]
[2020.01.26-19.14.15:754][  0]LogConfig: Applying CVar settings from Section [EffectsQuality@3] File [D:/Art/Park_SFAS/Park/Saved/Config/Windows/Scalability.ini]
[2020.01.26-19.14.15:754][  0]LogConfig: Setting CVar [[r.TranslucencyLightingVolumeDim:64]]
[2020.01.26-19.14.15:754][  0]LogConfig: Setting CVar [[r.RefractionQuality:2]]
[2020.01.26-19.14.15:754][  0]LogConfig: Setting CVar [[r.SSR.Quality:3]]
[2020.01.26-19.14.15:754][  0]LogConfig: Setting CVar [[r.SceneColorFormat:4]]
[2020.01.26-19.14.15:754][  0]LogConfig: Setting CVar [[r.DetailMode:2]]
[2020.01.26-19.14.15:754][  0]LogConfig: Setting CVar [[r.TranslucencyVolumeBlur:1]]
[2020.01.26-19.14.15:754][  0]LogConfig: Setting CVar [[r.MaterialQualityLevel:1 ; High quality]]
[2020.01.26-19.14.15:754][  0]LogConfig: Setting CVar [[r.SSS.Scale:1]]
[2020.01.26-19.14.15:755][  0]LogConfig: Setting CVar [[r.SSS.SampleSet:2]]
[2020.01.26-19.14.15:755][  0]LogConfig: Setting CVar [[r.SSS.Quality:1]]
[2020.01.26-19.14.15:755][  0]LogConfig: Setting CVar [[r.SSS.HalfRes:1]]
[2020.01.26-19.14.15:755][  0]LogConfig: Setting CVar [[r.EmitterSpawnRateScale:1.0]]
[2020.01.26-19.14.15:755][  0]LogConfig: Setting CVar [[r.ParticleLightQuality:2]]
[2020.01.26-19.14.15:755][  0]LogConfig: Applying CVar settings from Section [FoliageQuality@3] File [D:/Art/Park_SFAS/Park/Saved/Config/Windows/Scalability.ini]
[2020.01.26-19.14.15:755][  0]LogConfig: Setting CVar [[foliage.DensityScale:1.0]]
[2020.01.26-19.14.15:755][  0]LogConfig: Setting CVar [[grass.DensityScale:1.0]]
[2020.01.26-19.14.15:755][  0]LogInit: Selected Device Profile: [Windows]
[2020.01.26-19.14.15:755][  0]LogInit: Applying CVar settings loaded from the selected device profile: [Windows]
[2020.01.26-19.14.15:757][  0]LogHAL: Display: Platform has ~ 32 GB [34014822400 / 34359738368 / 32], which maps to Largest [LargestMinGB=32, LargerMinGB=12, DefaultMinGB=8, SmallerMinGB=6, SmallestMinGB=0)
[2020.01.26-19.14.15:757][  0]LogInit: Going up to parent DeviceProfile []
[2020.01.26-19.14.15:757][  0]LogConfig: Applying CVar settings from Section [ViewDistanceQuality@3] File [D:/Art/Park_SFAS/Park/Saved/Config/Windows/Scalability.ini]
[2020.01.26-19.14.15:757][  0]LogConfig: Setting CVar [[r.SkeletalMeshLODBias:0]]
[2020.01.26-19.14.15:757][  0]LogConfig: Setting CVar [[r.ViewDistanceScale:1.0]]
[2020.01.26-19.14.15:757][  0]LogConfig: Applying CVar settings from Section [AntiAliasingQuality@3] File [D:/Art/Park_SFAS/Park/Saved/Config/Windows/Scalability.ini]
[2020.01.26-19.14.15:757][  0]LogConfig: Setting CVar [[r.PostProcessAAQuality:4]]
[2020.01.26-19.14.15:757][  0]LogConfig: Applying CVar settings from Section [ShadowQuality@3] File [D:/Art/Park_SFAS/Park/Saved/Config/Windows/Scalability.ini]
[2020.01.26-19.14.15:757][  0]LogConfig: Setting CVar [[r.LightFunctionQuality:1]]
[2020.01.26-19.14.15:757][  0]LogConfig: Setting CVar [[r.ShadowQuality:5]]
[2020.01.26-19.14.15:757][  0]LogConfig: Setting CVar [[r.Shadow.CSM.MaxCascades:10]]
[2020.01.26-19.14.15:757][  0]LogConfig: Setting CVar [[r.Shadow.MaxResolution:2048]]
[2020.01.26-19.14.15:757][  0]LogConfig: Setting CVar [[r.Shadow.MaxCSMResolution:2048]]
[2020.01.26-19.14.15:757][  0]LogConfig: Setting CVar [[r.Shadow.RadiusThreshold:0.01]]
[2020.01.26-19.14.15:757][  0]LogConfig: Setting CVar [[r.Shadow.DistanceScale:1.0]]
[2020.01.26-19.14.15:757][  0]LogConfig: Setting CVar [[r.Shadow.CSM.TransitionScale:1.0]]
[2020.01.26-19.14.15:757][  0]LogConfig: Setting CVar [[r.Shadow.PreShadowResolutionFactor:1.0]]
[2020.01.26-19.14.15:757][  0]LogConfig: Setting CVar [[r.DistanceFieldShadowing:1]]
[2020.01.26-19.14.15:757][  0]LogConfig: Setting CVar [[r.DistanceFieldAO:1]]
[2020.01.26-19.14.15:757][  0]LogConfig: Setting CVar [[r.AOQuality:2]]
[2020.01.26-19.14.15:757][  0]LogConfig: Setting CVar [[r.VolumetricFog:1]]
[2020.01.26-19.14.15:757][  0]LogConfig: Setting CVar [[r.VolumetricFog.GridPixelSize:8]]
[2020.01.26-19.14.15:757][  0]LogConfig: Setting CVar [[r.VolumetricFog.GridSizeZ:128]]
[2020.01.26-19.14.15:757][  0]LogConfig: Setting CVar [[r.VolumetricFog.HistoryMissSupersampleCount:4]]
[2020.01.26-19.14.15:757][  0]LogConfig: Setting CVar [[r.LightMaxDrawDistanceScale:1]]
[2020.01.26-19.14.15:757][  0]LogConfig: Setting CVar [[r.CapsuleShadows:1]]
[2020.01.26-19.14.15:757][  0]LogConfig: Applying CVar settings from Section [PostProcessQuality@3] File [D:/Art/Park_SFAS/Park/Saved/Config/Windows/Scalability.ini]
[2020.01.26-19.14.15:757][  0]LogConfig: Setting CVar [[r.MotionBlurQuality:4]]
[2020.01.26-19.14.15:757][  0]LogConfig: Setting CVar [[r.AmbientOcclusionMipLevelFactor:0.4]]
[2020.01.26-19.14.15:757][  0]LogConfig: Setting CVar [[r.AmbientOcclusionMaxQuality:100]]
[2020.01.26-19.14.15:757][  0]LogConfig: Setting CVar [[r.AmbientOcclusionLevels:-1]]
[2020.01.26-19.14.15:757][  0]LogConfig: Setting CVar [[r.AmbientOcclusionRadiusScale:1.0]]
[2020.01.26-19.14.15:757][  0]LogConfig: Setting CVar [[r.DepthOfFieldQuality:2]]
[2020.01.26-19.14.15:757][  0]LogConfig: Setting CVar [[r.RenderTargetPoolMin:400]]
[2020.01.26-19.14.15:757][  0]LogConfig: Setting CVar [[r.LensFlareQuality:2]]
[2020.01.26-19.14.15:757][  0]LogConfig: Setting CVar [[r.SceneColorFringeQuality:1]]
[2020.01.26-19.14.15:757][  0]LogConfig: Setting CVar [[r.EyeAdaptationQuality:2]]
[2020.01.26-19.14.15:757][  0]LogConfig: Setting CVar [[r.BloomQuality:5]]
[2020.01.26-19.14.15:757][  0]LogConfig: Setting CVar [[r.FastBlurThreshold:100]]
[2020.01.26-19.14.15:757][  0]LogConfig: Setting CVar [[r.Upscale.Quality:3]]
[2020.01.26-19.14.15:757][  0]LogConfig: Setting CVar [[r.Tonemapper.GrainQuantization:1]]
[2020.01.26-19.14.15:757][  0]LogConfig: Setting CVar [[r.LightShaftQuality:1]]
[2020.01.26-19.14.15:757][  0]LogConfig: Setting CVar [[r.Filter.SizeScale:1]]
[2020.01.26-19.14.15:757][  0]LogConfig: Setting CVar [[r.Tonemapper.Quality:5]]
[2020.01.26-19.14.15:757][  0]LogConfig: Setting CVar [[r.DOF.Gather.AccumulatorQuality:1        ; higher gathering accumulator quality]]
[2020.01.26-19.14.15:758][  0]LogConfig: Setting CVar [[r.DOF.Gather.PostfilterMethod:1          ; Median3x3 postfilering method]]
[2020.01.26-19.14.15:758][  0]LogConfig: Setting CVar [[r.DOF.Gather.EnableBokehSettings:0       ; no bokeh simulation when gathering]]
[2020.01.26-19.14.15:758][  0]LogConfig: Setting CVar [[r.DOF.Gather.RingCount:4                 ; medium number of samples when gathering]]
[2020.01.26-19.14.15:758][  0]LogConfig: Setting CVar [[r.DOF.Scatter.ForegroundCompositing:1    ; additive foreground scattering]]
[2020.01.26-19.14.15:758][  0]LogConfig: Setting CVar [[r.DOF.Scatter.BackgroundCompositing:2    ; additive background scattering]]
[2020.01.26-19.14.15:758][  0]LogConfig: Setting CVar [[r.DOF.Scatter.EnableBokehSettings:1      ; bokeh simulation when scattering]]
[2020.01.26-19.14.15:758][  0]LogConfig: Setting CVar [[r.DOF.Scatter.MaxSpriteRatio:0.1         ; only a maximum of 10% of scattered bokeh]]
[2020.01.26-19.14.15:758][  0]LogConfig: Setting CVar [[r.DOF.Recombine.Quality:1                ; cheap slight out of focus]]
[2020.01.26-19.14.15:758][  0]LogConfig: Setting CVar [[r.DOF.Recombine.EnableBokehSettings:0    ; no bokeh simulation on slight out of focus]]
[2020.01.26-19.14.15:758][  0]LogConfig: Setting CVar [[r.DOF.TemporalAAQuality:1                ; more stable temporal accumulation]]
[2020.01.26-19.14.15:758][  0]LogConfig: Setting CVar [[r.DOF.Kernel.MaxForegroundRadius:0.025]]
[2020.01.26-19.14.15:758][  0]LogConfig: Setting CVar [[r.DOF.Kernel.MaxBackgroundRadius:0.025]]
[2020.01.26-19.14.15:758][  0]LogConfig: Applying CVar settings from Section [TextureQuality@3] File [D:/Art/Park_SFAS/Park/Saved/Config/Windows/Scalability.ini]
[2020.01.26-19.14.15:758][  0]LogConfig: Setting CVar [[r.Streaming.MipBias:0]]
[2020.01.26-19.14.15:758][  0]LogConfig: Setting CVar [[r.Streaming.AmortizeCPUToGPUCopy:0]]
[2020.01.26-19.14.15:758][  0]LogConfig: Setting CVar [[r.Streaming.MaxNumTexturesToStreamPerFrame:0]]
[2020.01.26-19.14.15:758][  0]LogConfig: Setting CVar [[r.Streaming.Boost:1]]
[2020.01.26-19.14.15:758][  0]LogConfig: Setting CVar [[r.MaxAnisotropy:8]]
[2020.01.26-19.14.15:758][  0]LogConfig: Setting CVar [[r.Streaming.LimitPoolSizeToVRAM:0]]
[2020.01.26-19.14.15:758][  0]LogConfig: Setting CVar [[r.Streaming.PoolSize:1000]]
[2020.01.26-19.14.15:758][  0]LogConfig: Setting CVar [[r.Streaming.MaxEffectiveScreenSize:0]]
[2020.01.26-19.14.15:758][  0]LogConfig: Applying CVar settings from Section [EffectsQuality@3] File [D:/Art/Park_SFAS/Park/Saved/Config/Windows/Scalability.ini]
[2020.01.26-19.14.15:758][  0]LogConfig: Setting CVar [[r.TranslucencyLightingVolumeDim:64]]
[2020.01.26-19.14.15:758][  0]LogConfig: Setting CVar [[r.RefractionQuality:2]]
[2020.01.26-19.14.15:758][  0]LogConfig: Setting CVar [[r.SSR.Quality:3]]
[2020.01.26-19.14.15:758][  0]LogConfig: Setting CVar [[r.SceneColorFormat:4]]
[2020.01.26-19.14.15:758][  0]LogConfig: Setting CVar [[r.DetailMode:2]]
[2020.01.26-19.14.15:758][  0]LogConfig: Setting CVar [[r.TranslucencyVolumeBlur:1]]
[2020.01.26-19.14.15:758][  0]LogConfig: Setting CVar [[r.MaterialQualityLevel:1 ; High quality]]
[2020.01.26-19.14.15:758][  0]LogConfig: Setting CVar [[r.SSS.Scale:1]]
[2020.01.26-19.14.15:758][  0]LogConfig: Setting CVar [[r.SSS.SampleSet:2]]
[2020.01.26-19.14.15:758][  0]LogConfig: Setting CVar [[r.SSS.Quality:1]]
[2020.01.26-19.14.15:758][  0]LogConfig: Setting CVar [[r.SSS.HalfRes:1]]
[2020.01.26-19.14.15:758][  0]LogConfig: Setting CVar [[r.EmitterSpawnRateScale:1.0]]
[2020.01.26-19.14.15:758][  0]LogConfig: Setting CVar [[r.ParticleLightQuality:2]]
[2020.01.26-19.14.15:758][  0]LogConfig: Applying CVar settings from Section [FoliageQuality@3] File [D:/Art/Park_SFAS/Park/Saved/Config/Windows/Scalability.ini]
[2020.01.26-19.14.15:758][  0]LogConfig: Setting CVar [[foliage.DensityScale:1.0]]
[2020.01.26-19.14.15:758][  0]LogConfig: Setting CVar [[grass.DensityScale:1.0]]
[2020.01.26-19.14.15:758][  0]LogConfig: Applying CVar settings from Section [Startup] File [../../../Engine/Config/ConsoleVariables.ini]
[2020.01.26-19.14.15:758][  0]LogConfig: Setting CVar [[net.UseAdaptiveNetUpdateFrequency:0]]
[2020.01.26-19.14.15:758][  0]LogConfig: Setting CVar [[p.chaos.AllowCreatePhysxBodies:1]]
[2020.01.26-19.14.15:758][  0]LogConfig: Applying CVar settings from Section [ConsoleVariables] File [D:/Art/Park_SFAS/Park/Saved/Config/Windows/Engine.ini]
[2020.01.26-19.14.15:758][  0]LogInit: Computer: JONATHAN-PC
[2020.01.26-19.14.15:758][  0]LogInit: User: Jonathan
[2020.01.26-19.14.15:758][  0]LogInit: CPU Page size=4096, Cores=8
[2020.01.26-19.14.15:758][  0]LogInit: High frequency timer resolution =10.000000 MHz
[2020.01.26-19.14.15:758][  0]LogMemory: Memory total: Physical=31.7GB (32GB approx)
[2020.01.26-19.14.15:759][  0]LogMemory: Platform Memory Stats for Windows
[2020.01.26-19.14.15:759][  0]LogMemory: Process Physical Memory: 101.75 MB used, 101.75 MB peak
[2020.01.26-19.14.15:759][  0]LogMemory: Process Virtual Memory: 102.40 MB used, 102.40 MB peak
[2020.01.26-19.14.15:759][  0]LogMemory: Physical Memory: 14495.61 MB used,  17943.45 MB free, 32439.06 MB total
[2020.01.26-19.14.15:759][  0]LogMemory: Virtual Memory: 4703.18 MB used,  134213024.00 MB free, 134217728.00 MB total
[2020.01.26-19.14.15:761][  0]LogWindows: WindowsPlatformFeatures enabled
[2020.01.26-19.14.15:780][  0]LogInit: Using OS detected language (en-GB).
[2020.01.26-19.14.15:780][  0]LogInit: Using OS detected locale (en-GB).
[2020.01.26-19.14.15:781][  0]LogTextLocalizationManager: No specific localization for 'en-GB' exists, so the 'en' localization will be used.
[2020.01.26-19.14.15:941][  0]LogInit: Setting process to per monitor DPI aware
[2020.01.26-19.14.15:968][  0]LogSlate: New Slate User Created.  User Index 0, Is Virtual User: 0
[2020.01.26-19.14.15:968][  0]LogSlate: Slate User Registered.  User Index 0, Is Virtual User: 0
[2020.01.26-19.14.16:153][  0]LogHMD: Failed to initialize OpenVR with code 110
[2020.01.26-19.14.16:153][  0]LogD3D11RHI: D3D11 adapters:
[2020.01.26-19.14.16:211][  0]LogD3D11RHI:    0. 'NVIDIA GeForce GTX 1080 Ti' (Feature Level 11_0)
[2020.01.26-19.14.16:211][  0]LogD3D11RHI:       11127/0/16219 MB DedicatedVideo/DedicatedSystem/SharedSystem, Outputs:2, VendorId:0x10de
[2020.01.26-19.14.16:214][  0]LogD3D11RHI:    1. 'Microsoft Basic Render Driver' (Feature Level 11_0)
[2020.01.26-19.14.16:214][  0]LogD3D11RHI:       0/0/16219 MB DedicatedVideo/DedicatedSystem/SharedSystem, Outputs:0, VendorId:0x1414
[2020.01.26-19.14.16:214][  0]LogD3D11RHI: Chosen D3D11 Adapter: 0
[2020.01.26-19.14.16:223][  0]LogD3D11RHI: Creating new Direct3DDevice
[2020.01.26-19.14.16:223][  0]LogD3D11RHI:     GPU DeviceId: 0x1b06 (for the marketing name, search the web for "GPU Device Id")
[2020.01.26-19.14.16:223][  0]LogWindows: EnumDisplayDevices:
[2020.01.26-19.14.16:223][  0]LogWindows:    0. 'NVIDIA GeForce GTX 1080 Ti' (P:1 D:1)
[2020.01.26-19.14.16:223][  0]LogWindows:    1. 'NVIDIA GeForce GTX 1080 Ti' (P:0 D:1)
[2020.01.26-19.14.16:223][  0]LogWindows:    2. 'NVIDIA GeForce GTX 1080 Ti' (P:0 D:0)
[2020.01.26-19.14.16:224][  0]LogWindows:    3. 'NVIDIA GeForce GTX 1080 Ti' (P:0 D:0)
[2020.01.26-19.14.16:224][  0]LogWindows: DebugString: FoundDriverCount:4 
[2020.01.26-19.14.16:224][  0]LogD3D11RHI:     Adapter Name: NVIDIA GeForce GTX 1080 Ti
[2020.01.26-19.14.16:224][  0]LogD3D11RHI:   Driver Version: 432.00 (internal:26.21.14.3200, unified:432.00)
[2020.01.26-19.14.16:224][  0]LogD3D11RHI:      Driver Date: 7-24-2019
[2020.01.26-19.14.16:224][  0]LogRHI: Texture pool is 7788 MB (70% of 11127 MB)
[2020.01.26-19.14.16:266][  0]LogD3D11RHI: Async texture creation enabled
[2020.01.26-19.14.16:289][  0]LogD3D11RHI: GPU Timing Frequency: 1000.000000 (Debug: 2 1)
[2020.01.26-19.14.16:603][  0]LogTemp: Display: Module 'AllDesktopTargetPlatform' loaded TargetPlatform 'AllDesktop'
[2020.01.26-19.14.16:609][  0]LogTemp: Display: Module 'MacClientTargetPlatform' loaded TargetPlatform 'MacClient'
[2020.01.26-19.14.16:616][  0]LogTemp: Display: Module 'MacNoEditorTargetPlatform' loaded TargetPlatform 'MacNoEditor'
[2020.01.26-19.14.16:622][  0]LogTemp: Display: Module 'MacServerTargetPlatform' loaded TargetPlatform 'MacServer'
[2020.01.26-19.14.16:629][  0]LogTemp: Display: Module 'MacTargetPlatform' loaded TargetPlatform 'Mac'
[2020.01.26-19.14.16:636][  0]LogTemp: Display: Module 'WindowsClientTargetPlatform' loaded TargetPlatform 'WindowsClient'
[2020.01.26-19.14.16:643][  0]LogTemp: Display: Module 'WindowsNoEditorTargetPlatform' loaded TargetPlatform 'WindowsNoEditor'
[2020.01.26-19.14.16:650][  0]LogTemp: Display: Module 'WindowsServerTargetPlatform' loaded TargetPlatform 'WindowsServer'
[2020.01.26-19.14.16:653][  0]LogTemp: Display: Module 'WindowsTargetPlatform' loaded TargetPlatform 'Windows'
[2020.01.26-19.14.16:680][  0]LogTemp: Display: Module 'AndroidTargetPlatform' loaded TargetPlatform 'Android'
[2020.01.26-19.14.16:680][  0]LogTemp: Display: Module 'AndroidTargetPlatform' loaded TargetPlatform 'Android_ASTC'
[2020.01.26-19.14.16:680][  0]LogTemp: Display: Module 'AndroidTargetPlatform' loaded TargetPlatform 'Android_ATC'
[2020.01.26-19.14.16:680][  0]LogTemp: Display: Module 'AndroidTargetPlatform' loaded TargetPlatform 'Android_DXT'
[2020.01.26-19.14.16:680][  0]LogTemp: Display: Module 'AndroidTargetPlatform' loaded TargetPlatform 'Android_ETC1'
[2020.01.26-19.14.16:680][  0]LogTemp: Display: Module 'AndroidTargetPlatform' loaded TargetPlatform 'Android_ETC1a'
[2020.01.26-19.14.16:680][  0]LogTemp: Display: Module 'AndroidTargetPlatform' loaded TargetPlatform 'Android_ETC2'
[2020.01.26-19.14.16:680][  0]LogTemp: Display: Module 'AndroidTargetPlatform' loaded TargetPlatform 'Android_PVRTC'
[2020.01.26-19.14.16:680][  0]LogTemp: Display: Module 'AndroidTargetPlatform' loaded TargetPlatform 'AndroidClient'
[2020.01.26-19.14.16:680][  0]LogTemp: Display: Module 'AndroidTargetPlatform' loaded TargetPlatform 'Android_ASTCClient'
[2020.01.26-19.14.16:680][  0]LogTemp: Display: Module 'AndroidTargetPlatform' loaded TargetPlatform 'Android_ATCClient'
[2020.01.26-19.14.16:680][  0]LogTemp: Display: Module 'AndroidTargetPlatform' loaded TargetPlatform 'Android_DXTClient'
[2020.01.26-19.14.16:681][  0]LogTemp: Display: Module 'AndroidTargetPlatform' loaded TargetPlatform 'Android_ETC1Client'
[2020.01.26-19.14.16:681][  0]LogTemp: Display: Module 'AndroidTargetPlatform' loaded TargetPlatform 'Android_ETC1aClient'
[2020.01.26-19.14.16:681][  0]LogTemp: Display: Module 'AndroidTargetPlatform' loaded TargetPlatform 'Android_ETC2Client'
[2020.01.26-19.14.16:681][  0]LogTemp: Display: Module 'AndroidTargetPlatform' loaded TargetPlatform 'Android_PVRTCClient'
[2020.01.26-19.14.16:681][  0]LogTemp: Display: Module 'AndroidTargetPlatform' loaded TargetPlatform 'Android_Multi'
[2020.01.26-19.14.16:681][  0]LogTemp: Display: Module 'AndroidTargetPlatform' loaded TargetPlatform 'Android_MultiClient'
[2020.01.26-19.14.16:682][  0]LogTemp: Display: Module 'HTML5TargetPlatform' loaded TargetPlatform 'HTML5'
[2020.01.26-19.14.16:696][  0]LogTemp: Display: Module 'IOSTargetPlatform' loaded TargetPlatform 'IOSClient'
[2020.01.26-19.14.16:696][  0]LogTemp: Display: Module 'IOSTargetPlatform' loaded TargetPlatform 'IOS'
[2020.01.26-19.14.16:707][  0]LogTemp: Display: Module 'TVOSTargetPlatform' loaded TargetPlatform 'TVOSClient'
[2020.01.26-19.14.16:707][  0]LogTemp: Display: Module 'TVOSTargetPlatform' loaded TargetPlatform 'TVOS'
[2020.01.26-19.14.16:712][  0]LogTemp: Display: Module 'LinuxClientTargetPlatform' loaded TargetPlatform 'LinuxClient'
[2020.01.26-19.14.16:718][  0]LogTemp: Display: Module 'LinuxNoEditorTargetPlatform' loaded TargetPlatform 'LinuxNoEditor'
[2020.01.26-19.14.16:724][  0]LogTemp: Display: Module 'LinuxServerTargetPlatform' loaded TargetPlatform 'LinuxServer'
[2020.01.26-19.14.16:730][  0]LogTemp: Display: Module 'LinuxTargetPlatform' loaded TargetPlatform 'Linux'
[2020.01.26-19.14.16:755][  0]LogTemp: Display: Module 'LuminTargetPlatform' loaded TargetPlatform 'Lumin'
[2020.01.26-19.14.16:755][  0]LogTemp: Display: Module 'LuminTargetPlatform' loaded TargetPlatform 'LuminClient'
[2020.01.26-19.14.16:755][  0]LogTargetPlatformManager: Display: Building Assets For Windows
[2020.01.26-19.14.16:762][  0]LogAudioDebug: Display: Lib vorbis DLL was dynamically loaded.
[2020.01.26-19.14.16:796][  0]LogShaderCompilers: Guid format shader working directory is 15 characters bigger than the processId version (../../../../Art/Park_SFAS/Park/Intermediate/Shaders/WorkingDirectory/19312/).
[2020.01.26-19.14.16:796][  0]LogShaderCompilers: Cleaned the shader compiler working directory 'C:/Users/jonat/AppData/Local/Temp/UnrealShaderWorkingDir/F615D90B438BFFA2B5C44CBAD871C17D/'.
[2020.01.26-19.14.16:797][  0]LogXGEController: Cannot use XGE Controller as Incredibuild is not installed on this machine.
[2020.01.26-19.14.16:797][  0]LogShaderCompilers: Cannot use XGE Shader Compiler as Incredibuild is not installed on this machine.
[2020.01.26-19.14.16:797][  0]LogShaderCompilers: Display: Using Local Shader Compiler.
[2020.01.26-19.14.17:343][  0]LogDerivedDataCache: Display: Max Cache Size: 512 MB
[2020.01.26-19.14.17:397][  0]LogDerivedDataCache: Loaded boot cache 0.05s 73MB C:/Users/jonat/AppData/Local/UnrealEngine/4.23/DerivedDataCache/Boot.ddc.
[2020.01.26-19.14.17:397][  0]LogDerivedDataCache: Display: Loaded Boot cache: C:/Users/jonat/AppData/Local/UnrealEngine/4.23/DerivedDataCache/Boot.ddc
[2020.01.26-19.14.17:397][  0]LogDerivedDataCache: FDerivedDataBackendGraph:  Pak pak cache file ../../../../Art/Park_SFAS/Park/DerivedDataCache/DDC.ddp not found, will not use a pak cache.
[2020.01.26-19.14.17:397][  0]LogDerivedDataCache: Unable to find inner node Pak for hierarchical cache Hierarchy.
[2020.01.26-19.14.17:397][  0]LogDerivedDataCache: FDerivedDataBackendGraph:  CompressedPak pak cache file ../../../../Art/Park_SFAS/Park/DerivedDataCache/Compressed.ddp not found, will not use a pak cache.
[2020.01.26-19.14.17:397][  0]LogDerivedDataCache: Unable to find inner node CompressedPak for hierarchical cache Hierarchy.
[2020.01.26-19.14.17:407][  0]LogDerivedDataCache: Display: Pak cache opened for reading ../../../Engine/DerivedDataCache/Compressed.ddp.
[2020.01.26-19.14.17:407][  0]LogDerivedDataCache: FDerivedDataBackendGraph:  EnterprisePak pak cache file ../../../Enterprise/DerivedDataCache/Compressed.ddp not found, will not use a pak cache.
[2020.01.26-19.14.17:407][  0]LogDerivedDataCache: Unable to find inner node EnterprisePak for hierarchical cache Hierarchy.
[2020.01.26-19.14.17:409][  0]LogDerivedDataCache: Using Local data cache path C:/Users/jonat/AppData/Local/UnrealEngine/Common/DerivedDataCache: Writable
[2020.01.26-19.14.17:409][  0]LogDerivedDataCache: Shared data cache path not found in *engine.ini, will not use an Shared cache.
[2020.01.26-19.14.17:409][  0]LogDerivedDataCache: Unable to find inner node Shared for hierarchical cache Hierarchy.
[2020.01.26-19.14.17:427][  0]LogMaterial: Verifying Global Shaders for PCD3D_SM5
[2020.01.26-19.14.17:430][  0]LogSlate: Using FreeType 2.6.0
[2020.01.26-19.14.17:430][  0]LogSlate: SlateFontServices - WITH_FREETYPE: 1, WITH_HARFBUZZ: 1
[2020.01.26-19.14.17:488][  0]LogAssetRegistry: FAssetRegistry took 0.0024 seconds to start up
[2020.01.26-19.14.17:726][  0]LogInit: Selected Device Profile: [Windows]
[2020.01.26-19.14.17:845][  0]LogMeshReduction: Using QuadricMeshReduction for automatic static mesh reduction
[2020.01.26-19.14.17:845][  0]LogMeshReduction: Using SimplygonMeshReduction for automatic skeletal mesh reduction
[2020.01.26-19.14.17:845][  0]LogMeshReduction: Using ProxyLODMeshReduction for automatic mesh merging
[2020.01.26-19.14.17:845][  0]LogMeshReduction: No distributed automatic mesh merging module available
[2020.01.26-19.14.17:845][  0]LogMeshMerging: No distributed automatic mesh merging module available
[2020.01.26-19.14.17:856][  0]LogNetVersion: Park 1.0.0, NetCL: 8386587, EngineNetVer: 11, GameNetVer: 0 (Checksum: 2217119901)
[2020.01.26-19.14.18:264][  0]LogPackageLocalizationCache: Processed 12 localized package path(s) for 1 prioritized culture(s) in 0.050582 seconds
[2020.01.26-19.14.18:272][  0]LogUObjectArray: 43444 objects as part of root set at end of initial load.
[2020.01.26-19.14.18:272][  0]LogUObjectAllocator: 7548648 out of 0 bytes used by permanent object pool.
[2020.01.26-19.14.18:272][  0]LogUObjectArray: CloseDisregardForGC: 0/0 objects in disregard for GC pool
[2020.01.26-19.14.19:040][  0]LogTcpMessaging: Initializing TcpMessaging bridge
[2020.01.26-19.14.19:043][  0]LogUdpMessaging: Initializing bridge on interface 0.0.0.0:0 to multicast group 230.0.0.1:6666.
[2020.01.26-19.14.19:089][  0]SourceControl: Source control is disabled
[2020.01.26-19.14.19:089][  0]SourceControl: Source control is disabled
[2020.01.26-19.14.19:090][  0]SourceControl: Source control is disabled
[2020.01.26-19.14.19:091][  0]SourceControl: Source control is disabled
[2020.01.26-19.14.19:172][  0]LogAndroidPermission: UAndroidPermissionCallbackProxy::GetInstance
[2020.01.26-19.14.19:325][  0]LogOcInput: OculusInput pre-init called
[2020.01.26-19.14.19:330][  0]LogWindows: Failed to load 'OVRPlugin.dll' (GetLastError=126)
[2020.01.26-19.14.19:330][  0]LogWindows: File 'OVRPlugin.dll' does not exist
[2020.01.26-19.14.19:387][  0]LogEngine: Initializing Engine...
[2020.01.26-19.14.19:388][  0]LogHMD: Failed to initialize OpenVR with code 110
[2020.01.26-19.14.19:389][  0]LogStats: UGameplayTagsManager::InitializeManager -  0.000 s
[2020.01.26-19.14.19:570][  0]LogInit: Initializing FReadOnlyCVARCache
[2020.01.26-19.14.19:580][  0]LogAIModule: Creating AISystem for world Untitled
[2020.01.26-19.14.19:660][  0]LogInit: XAudio2 using 'Speakers (Realtek High Definition Audio)' : 2 channels at 48 kHz using 32 bits per sample (channel mask 0x3)
[2020.01.26-19.14.19:673][  0]LogInit: FAudioDevice initialized.
[2020.01.26-19.14.19:673][  0]LogNetVersion: Set ProjectVersion to 1.0.0.0. Version Checksum will be recalculated on next use.
[2020.01.26-19.14.19:769][  0]LogDerivedDataCache: Saved boot cache 0.10s 73MB C:/Users/jonat/AppData/Local/UnrealEngine/4.23/DerivedDataCache/Boot.ddc.
[2020.01.26-19.14.19:777][  0]LogInit: Texture streaming: Enabled
[2020.01.26-19.14.19:792][  0]LogEngineSessionManager: EngineSessionManager initialized
[2020.01.26-19.14.19:793][  0]LogEditorSessionSummary: Verbose: Initializing EditorSessionSummaryWriter for editor session tracking
[2020.01.26-19.14.19:793][  0]LogEditorSessionSummary: EditorSessionSummaryWriter initialized
[2020.01.26-19.14.19:844][  0]LogInit: Transaction tracking system initialized
[2020.01.26-19.14.19:863][  0]BlueprintLog: New page: Editor Load
[2020.01.26-19.14.19:914][  0]LocalizationService: Localization service is disabled
[2020.01.26-19.14.20:090][  0]LogFileCache: Scanning file cache for directory 'D:/Art/Park_SFAS/Park/Content/' took 0.00s
[2020.01.26-19.14.20:090][  0]LogCook: Display: Max memory allowance for cook 16384mb min free memory 0mb
[2020.01.26-19.14.20:090][  0]LogCook: Display: Mobile HDR setting 1
[2020.01.26-19.14.20:238][  0]SourceControl: Source control is disabled
[2020.01.26-19.14.20:238][  0]Cmd: MAP LOAD FILE="../../../Engine/Content/Maps/Templates/Template_Default.umap" TEMPLATE=1 SHOWPROGRESS=1 FEATURELEVEL=3
[2020.01.26-19.14.20:239][  0]LightingResults: New page: Lighting Build
[2020.01.26-19.14.20:240][  0]LogWorld: UWorld::CleanupWorld for Untitled, bSessionEnded=true, bCleanupResources=true
[2020.01.26-19.14.20:240][  0]MapCheck: New page: Map Check
[2020.01.26-19.14.20:240][  0]LightingResults: New page: Lighting Build
[2020.01.26-19.14.20:281][  0]LogUObjectHash: Compacting FUObjectHashTables data took   1.66ms
[2020.01.26-19.14.20:338][  0]LogAIModule: Creating AISystem for world Untitled_1
[2020.01.26-19.14.20:342][  0]LogEditorServer: Finished looking for orphan Actors (0.000 secs)
[2020.01.26-19.14.20:379][  0]LogUObjectHash: Compacting FUObjectHashTables data took   1.89ms
[2020.01.26-19.14.20:379][  0]Cmd: MAP CHECKDEP NOCLEARLOG
[2020.01.26-19.14.20:379][  0]MapCheck: Map check complete: 0 Error(s), 0 Warning(s), took 0.109ms to complete.
[2020.01.26-19.14.20:379][  0]LogFileHelpers: Loading map 'Template_Default' took 0.142
[2020.01.26-19.14.20:485][  0]LogSlate: Updating window title bar state: overlay mode, drag disabled, window buttons hidden, title bar hidden
[2020.01.26-19.14.20:492][  0]LogSlate: Updating window title bar state: overlay mode, drag disabled, window buttons hidden, title bar hidden
[2020.01.26-19.14.20:498][  0]LogSlate: Updating window title bar state: overlay mode, drag disabled, window buttons hidden, title bar hidden
[2020.01.26-19.14.20:503][  0]LogSlate: Updating window title bar state: overlay mode, drag disabled, window buttons hidden, title bar hidden
[2020.01.26-19.14.20:508][  0]LogCollectionManager: Loaded 0 collections in 0.001019 seconds
[2020.01.26-19.14.20:514][  0]LogFileCache: Scanning file cache for directory 'D:/Art/Park_SFAS/Park/Saved/Collections/' took 0.00s
[2020.01.26-19.14.20:514][  0]LogFileCache: Scanning file cache for directory 'D:/Art/Park_SFAS/Park/Content/Developers/Jonathan/Collections/' took 0.00s
[2020.01.26-19.14.20:514][  0]LogFileCache: Scanning file cache for directory 'D:/Art/Park_SFAS/Park/Content/Collections/' took 0.00s
[2020.01.26-19.14.20:514][  0]LogCollectionManager: Rebuilt the GUID cache for 0 collections in 0.000001 seconds
[2020.01.26-19.14.20:521][  0]LogContentBrowser: Native class hierarchy populated in 0.0077 seconds. Added 2863 classes and 680 folders.
[2020.01.26-19.14.20:526][  0]LogContentBrowser: Native class hierarchy updated for 'WidgetCarousel' in 0.0003 seconds. Added 0 classes and 0 folders.
[2020.01.26-19.14.20:573][  0]LogContentBrowser: Native class hierarchy updated for 'AddContentDialog' in 0.0004 seconds. Added 0 classes and 0 folders.
[2020.01.26-19.14.20:579][  0]LogContentBrowser: Native class hierarchy updated for 'SceneOutliner' in 0.0003 seconds. Added 1 classes and 2 folders.
[2020.01.26-19.14.20:632][  0]LogSlate: Took 0.000225 seconds to synchronously load lazily loaded font '../../../Engine/Content/Slate/Fonts/Roboto-Regular.ttf' (155K)
[2020.01.26-19.14.20:634][  0]LogSlate: Took 0.000202 seconds to synchronously load lazily loaded font '../../../Engine/Content/Slate/Fonts/Roboto-Bold.ttf' (160K)
[2020.01.26-19.14.20:640][  0]LogSlate: Took 0.000240 seconds to synchronously load lazily loaded font '../../../Engine/Content/Editor/Slate/Fonts/FontAwesome.ttf' (139K)
[2020.01.26-19.14.20:686][  0]LogRenderer: Reallocating scene render targets to support 1408x876 Format 10 NumSamples 1 (Frame:1).
[2020.01.26-19.14.20:799][  0]LogContentBrowser: Native class hierarchy updated for 'HierarchicalLODOutliner' in 0.0003 seconds. Added 0 classes and 0 folders.
[2020.01.26-19.14.20:799][  0]LogLoad: (Engine Initialization) Total time: 6.11 seconds
[2020.01.26-19.14.20:799][  0]LogLoad: (Engine Initialization) Total Blueprint compile time: 0.00 seconds
[2020.01.26-19.14.20:839][  0]LogAssetRegistry: Asset discovery search completed in 3.3519 seconds
[2020.01.26-19.14.20:842][  0]LogCollectionManager: Rebuilt the object cache for 0 collections in 0.000007 seconds (found 0 objects)
[2020.01.26-19.14.20:842][  0]LogCollectionManager: Fixed up redirectors for 0 collections in 0.000063 seconds (updated 0 objects)
[2020.01.26-19.14.20:846][  0]LogContentStreaming: Texture pool size now 1000 MB
[2020.01.26-19.14.22:963][250]LogSlate: FSceneViewport::OnFocusLost() reason 0
[2020.01.26-19.14.23:113][261]LogSlate: Took 0.000273 seconds to synchronously load lazily loaded font '../../../Engine/Content/Slate/Fonts/Roboto-Light.ttf' (167K)
[2020.01.26-19.14.24:169][370]LogSlate: Took 0.000230 seconds to synchronously load lazily loaded font '../../../Engine/Content/Slate/Fonts/Roboto-Light.ttf' (167K)
[2020.01.26-19.14.24:453][370]LogAIModule: Creating AISystem for world Diorama
[2020.01.26-19.14.24:488][370]LogAssetEditorManager: Opening Asset editor for World /Game/Diorama.Diorama
[2020.01.26-19.14.24:538][370]LogUObjectHash: Compacting FUObjectHashTables data took   1.41ms
[2020.01.26-19.14.24:538][370]Cmd: MAP LOAD FILE="../../../../Art/Park_SFAS/Park/Content/Diorama.umap" TEMPLATE=0 SHOWPROGRESS=1 FEATURELEVEL=3
[2020.01.26-19.14.24:538][370]LightingResults: New page: Lighting Build
[2020.01.26-19.14.24:539][370]LoadErrors: New page: Loading map: Diorama.umap
[2020.01.26-19.14.24:539][370]LogWorld: UWorld::CleanupWorld for Untitled_1, bSessionEnded=true, bCleanupResources=true
[2020.01.26-19.14.24:539][370]MapCheck: New page: Map Check
[2020.01.26-19.14.24:539][370]LightingResults: New page: Lighting Build
[2020.01.26-19.14.24:575][370]LogUObjectHash: Compacting FUObjectHashTables data took   1.82ms
[2020.01.26-19.14.24:688][370]LogEditorServer: Finished looking for orphan Actors (0.000 secs)
[2020.01.26-19.14.24:737][370]LogUObjectHash: Compacting FUObjectHashTables data took   1.69ms
[2020.01.26-19.14.24:757][370]Cmd: MAP CHECKDEP NOCLEARLOG
[2020.01.26-19.14.24:758][370]MapCheck: Map check complete: 0 Error(s), 0 Warning(s), took 0.209ms to complete.
[2020.01.26-19.14.24:758][370]LogFileHelpers: Loading map 'Diorama' took 0.220
[2020.01.26-19.14.28:249][770]LogSlate: FSceneViewport::OnFocusLost() reason 0
[2020.01.26-19.14.32:303][229]LogSlate: FSceneViewport::OnFocusLost() reason 0
[2020.01.26-19.14.35:892][624]LogSlate: FSceneViewport::OnFocusLost() reason 0
[2020.01.26-19.14.46:402][867]LogEditorViewport: Clicking on Actor (LMB): StaticMeshActor (SM_tree)
[2020.01.26-19.14.48:628][124]LogSlate: FSceneViewport::OnFocusLost() reason 0
[2020.01.26-19.14.49:520][230]LogEditorViewport: Clicking on Actor (LMB): StaticMeshActor (SM_level_top)
[2020.01.26-19.14.50:594][354]LogEditorViewport: Clicking on Actor (LMB): StaticMeshActor (bush_low3)
[2020.01.26-19.14.51:640][473]LogSlate: Took 0.000261 seconds to synchronously load lazily loaded font '../../../Engine/Content/Slate/Fonts/Roboto-Italic.ttf' (157K)
[2020.01.26-19.14.53:028][638]LogSlate: FSceneViewport::OnFocusLost() reason 0
[2020.01.26-19.14.53:924][745]LogEditorViewport: Clicking on Actor (LMB): StaticMeshActor (bush_low2)
[2020.01.26-19.14.54:961][865]LogSlate: FSceneViewport::OnFocusLost() reason 0
[2020.01.26-19.15.06:894][252]LogSlate: FSceneViewport::OnFocusLost() reason 5
[2020.01.26-19.15.08:227][409]LogSlate: FSceneViewport::OnFocusLost() reason 5
[2020.01.26-19.15.14:326][135]LogRenderer: Reallocating scene render targets to support 2816x1612 Format 10 NumSamples 1 (Frame:1934).
[2020.01.26-19.15.14:969][135]LogClient: High resolution screenshot saved as D:/Art/Park_SFAS/Park/Saved/Screenshots/Windows/HighresScreenshot00006.png
[2020.01.26-19.15.18:999][615]LogRenderer: Reallocating scene render targets to support 2816x1612 Format 10 NumSamples 1 (Frame:1939).
[2020.01.26-19.15.19:572][615]LogClient: High resolution screenshot saved as D:/Art/Park_SFAS/Park/Saved/Screenshots/Windows/HighresScreenshot00007.png
[2020.01.26-19.15.20:802][758]LogEditorSessionSummary: EditorSessionSummary sent report. Type=Shutdown, SessionId={E43F25A9-4892-70E5-E63C-848E5D86EA27}
[2020.01.26-19.15.23:612][ 42]LogSlate: FSceneViewport::OnFocusLost() reason 0
[2020.01.26-19.15.35:096][408]LogSlate: Window 'High Resolution Screenshot' being destroyed
[2020.01.26-19.15.35:922][506]LogEditorViewport: Clicking on Actor (LMB): StaticMeshActor (SM_Pavilion)
[2020.01.26-19.15.37:503][691]LogSlate: FSceneViewport::OnFocusLost() reason 0
[2020.01.26-19.15.40:224][ 16]LogEditorViewport: Clicking on Actor (LMB): StaticMeshActor (SM_Pavilion)
[2020.01.26-19.15.41:388][152]LogSlate: FSceneViewport::OnFocusLost() reason 0
[2020.01.26-19.15.42:406][273]LogEditorViewport: Clicking on Actor (LMB): StaticMeshActor (SM_Pavilion_fountain)
[2020.01.26-19.15.43:600][412]LogSlate: FSceneViewport::OnFocusLost() reason 0
[2020.01.26-19.15.44:430][511]LogEditorViewport: Clicking on Actor (LMB): StaticMeshActor (SM_Wall_joining)
[2020.01.26-19.15.45:506][635]LogSlate: FSceneViewport::OnFocusLost() reason 0
[2020.01.26-19.15.46:321][732]LogEditorViewport: Clicking on Actor (LMB): StaticMeshActor (SM_Wall_mid)
[2020.01.26-19.15.48:401][976]Cmd: TRANSACTION UNDO
[2020.01.26-19.15.48:401][976]LogEditorTransaction: Undo Clicking on Actors
[2020.01.26-19.15.48:775][ 14]Cmd: TRANSACTION UNDO
[2020.01.26-19.15.48:775][ 14]LogEditorTransaction: Undo Set Actor Visibility
[2020.01.26-19.15.50:736][224]Cmd: TRANSACTION UNDO
[2020.01.26-19.15.50:736][224]LogEditorTransaction: Undo Clicking on Actors
[2020.01.26-19.15.51:180][262]Cmd: TRANSACTION UNDO
[2020.01.26-19.15.51:180][262]LogEditorTransaction: Undo Set Actor Visibility
[2020.01.26-19.15.51:509][297]Cmd: TRANSACTION UNDO
[2020.01.26-19.15.51:509][297]LogEditorTransaction: Undo Clicking on Actors
[2020.01.26-19.15.51:847][334]Cmd: TRANSACTION UNDO
[2020.01.26-19.15.51:847][334]LogEditorTransaction: Undo Set Actor Visibility
[2020.01.26-19.15.53:557][511]LogEditorViewport: Clicking on Actor (LMB): StaticMeshActor (Pavilion_base)
[2020.01.26-19.16.15:054][649]Cmd: CAMERA ALIGN ACTIVEVIEWPORTONLY
[2020.01.26-19.16.19:066][ 93]Cmd: CAMERA ALIGN ACTIVEVIEWPORTONLY
[2020.01.26-19.16.21:493][351]Cmd: SELECT NONE
[2020.01.26-19.16.32:395][653]Cmd: TRANSACTION UNDO
[2020.01.26-19.16.32:395][653]LogEditorTransaction: Undo Select None
[2020.01.26-19.16.32:644][667]Cmd: TRANSACTION UNDO
[2020.01.26-19.16.32:645][667]LogEditorTransaction: Undo Move Actors
[2020.01.26-19.16.44:373][947]LogEditorViewport: Clicking on Actor (LMB): StaticMeshActor (SM_Pavilion)
[2020.01.26-19.16.45:005][ 18]Cmd: TRANSACTION UNDO
[2020.01.26-19.16.45:005][ 18]LogEditorTransaction: Undo Clicking on Actors
[2020.01.26-19.16.52:684][925]LogSlate: FSceneViewport::OnFocusLost() reason 0
[2020.01.26-19.17.02:925][ 79]LogEditorViewport: Clicking on Actor (LMB): StaticMeshActor (SM_tree)
[2020.01.26-19.17.03:357][126]Cmd: SELECT NONE
[2020.01.26-19.17.18:342][913]LogSlate: FSceneViewport::OnFocusLost() reason 5
[2020.01.26-19.17.20:007][112]LogSlate: FSceneViewport::OnFocusLost() reason 5
[2020.01.26-19.17.23:296][506]LogRenderer: Reallocating scene render targets to support 2816x1612 Format 10 NumSamples 1 (Frame:8946).
[2020.01.26-19.17.23:879][506]LogClient: High resolution screenshot saved as D:/Art/Park_SFAS/Park/Saved/Screenshots/Windows/HighresScreenshot00008.png
[2020.01.26-19.17.26:853][857]LogSlate: FSceneViewport::OnFocusLost() reason 0
[2020.01.26-19.17.34:532][777]LogSlate: Window 'High Resolution Screenshot' being destroyed
[2020.01.26-19.17.41:061][560]LogSlate: FSceneViewport::OnFocusLost() reason 0
[2020.01.26-19.18.00:065][836]LogSlate: FSceneViewport::OnFocusLost() reason 5
[2020.01.26-19.18.01:720][ 33]LogSlate: FSceneViewport::OnFocusLost() reason 5
[2020.01.26-19.18.03:992][305]LogRenderer: Reallocating scene render targets to support 2816x1612 Format 10 NumSamples 1 (Frame:11100).
[2020.01.26-19.18.04:616][305]LogClient: High resolution screenshot saved as D:/Art/Park_SFAS/Park/Saved/Screenshots/Windows/HighresScreenshot00009.png
[2020.01.26-19.18.08:589][780]LogSlate: Window 'High Resolution Screenshot' being destroyed
[2020.01.26-19.18.20:801][244]LogEditorSessionSummary: EditorSessionSummary sent report. Type=Shutdown, SessionId={E24F1F47-4C24-2836-D448-78ADBE3ED7AB}
[2020.01.26-19.18.26:212][889]LogSlate: FSceneViewport::OnFocusLost() reason 0
[2020.01.26-19.20.53:591][551]LogEditorViewport: Clicking on Actor (LMB): StaticMeshActor (SM_Pavilion)
[2020.01.26-19.20.54:186][600]LogEditorViewport: Clicking on Actor (LMB): StaticMeshActor (SM_Wall_joining)
[2020.01.26-19.20.56:979][889]LogEditorViewport: Clicking on Actor (LMB): StaticMeshActor (Pavilion_base)
[2020.01.26-19.20.57:853][977]LogEditorViewport: Clicking on Actor (LMB): StaticMeshActor (SM_Wall_joining6)
[2020.01.26-19.21.00:150][232]LogEditorViewport: Clicking on Actor (LMB): StaticMeshActor (SM_Wall_mid5)
[2020.01.26-19.21.06:148][878]LogEditorViewport: Clicking on Actor (LMB): StaticMeshActor (SM_Pebble81)
[2020.01.26-19.21.06:622][918]LogEditorViewport: Clicking on Actor (LMB): StaticMeshActor (SM_level_top)
[2020.01.26-19.21.07:430][  1]Cmd: SELECT NONE
[2020.01.26-19.24.21:212][967]LogEditorSessionSummary: EditorSessionSummary sent report. Type=Shutdown, SessionId={4C654A2E-443F-88E6-4EA2-9AB0E3A76A3F}
[2020.01.26-19.24.24:595][977]LogUObjectHash: Compacting FUObjectHashTables data took   0.91ms
[2020.01.26-19.24.24:596][977]Cmd: OBJ SAVEPACKAGE PACKAGE="/Game/Diorama" FILE="../../../../Art/Park_SFAS/Park/Saved/Autosaves/Game/Diorama_Auto1.umap" SILENT=true AUTOSAVING=true KEEPDIRTY=false
[2020.01.26-19.24.24:981][977]LogSavePackage: Moving '../../../../Art/Park_SFAS/Park/Saved/Diorama_Auto15E8F32B648F2EBF27698B9A5B214A1AE.tmp' to '../../../../Art/Park_SFAS/Park/Saved/Autosaves/Game/Diorama_Auto1.umap'
[2020.01.26-19.24.24:984][977]LogFileHelpers: Editor autosave (incl. sublevels) for '/Game/Diorama' took 0.424
[2020.01.26-19.24.24:984][977]LogFileHelpers: Editor autosave (incl. sublevels) for all levels took 0.424
[2020.01.26-19.26.06:722][989]LogEditorViewport: Clicking on Actor (LMB): StaticMeshActor (SM_tree)
[2020.01.26-19.26.07:573][ 76]LogSlate: FSceneViewport::OnFocusLost() reason 0
[2020.01.26-19.26.08:278][160]LogEditorViewport: Clicking on Actor (LMB): StaticMeshActor (SM_Pavilion)
[2020.01.26-19.26.11:119][469]LogSlate: FSceneViewport::OnFocusLost() reason 0
[2020.01.26-19.26.12:166][590]LogEditorViewport: Clicking on Actor (LMB): StaticMeshActor (SM_Pavilion_fountain)
[2020.01.26-19.26.13:429][737]LogSlate: FSceneViewport::OnFocusLost() reason 0
[2020.01.26-19.26.14:217][831]LogEditorViewport: Clicking on Actor (LMB): StaticMeshActor (Pavilion_base)
[2020.01.26-19.26.15:611][992]LogSlate: FSceneViewport::OnFocusLost() reason 0
[2020.01.26-19.26.20:641][537]LogSlate: FSceneViewport::OnFocusLost() reason 5
[2020.01.26-19.26.28:189][436]LogSlate: FSceneViewport::OnFocusLost() reason 5
[2020.01.26-19.26.29:809][629]LogSlate: FSceneViewport::OnFocusLost() reason 5
[2020.01.26-19.26.35:266][282]LogRenderer: Reallocating scene render targets to support 2816x1612 Format 10 NumSamples 1 (Frame:19292).
[2020.01.26-19.26.35:807][282]LogClient: High resolution screenshot saved as D:/Art/Park_SFAS/Park/Saved/Screenshots/Windows/HighresScreenshot00010.png
[2020.01.26-19.26.38:671][594]LogSlate: FSceneViewport::OnFocusLost() reason 0
[2020.01.26-19.26.39:654][698]LogSlate: Window 'High Resolution Screenshot' being destroyed
[2020.01.26-19.26.46:674][538]LogSlate: FSceneViewport::OnFocusLost() reason 0
[2020.01.26-19.26.56:417][698]LogEditorViewport: Clicking on Actor (LMB): StaticMeshActor (SM_Wall_joining)
[2020.01.26-19.26.57:782][855]LogSlate: FSceneViewport::OnFocusLost() reason 0
[2020.01.26-19.27.03:740][532]Cmd: SELECT NONE
[2020.01.26-19.27.09:265][178]LogSlate: FSceneViewport::OnFocusLost() reason 5
[2020.01.26-19.27.11:128][400]LogSlate: FSceneViewport::OnFocusLost() reason 5
[2020.01.26-19.27.13:483][682]LogRenderer: Reallocating scene render targets to support 2816x1612 Format 10 NumSamples 1 (Frame:20127).
[2020.01.26-19.27.14:058][682]LogClient: High resolution screenshot saved as D:/Art/Park_SFAS/Park/Saved/Screenshots/Windows/HighresScreenshot00011.png
[2020.01.26-19.27.19:081][283]LogSlate: Window 'High Resolution Screenshot' being destroyed
[2020.01.26-19.34.57:670][ 77]LogEditorViewport: Clicking on Actor (LMB): StaticMeshActor (SM_Pavilion)
[2020.01.26-19.34.58:754][200]LogSlate: FSceneViewport::OnFocusLost() reason 0
[2020.01.26-19.34.58:877][214]LogAssetEditorManager: Opening Asset editor for StaticMesh /Game/Meshes/SM_Pavilion.SM_Pavilion
[2020.01.26-19.38.00:377][ 32]LogSlate: FSceneViewport::OnFocusLost() reason 5
[2020.01.26-19.44.52:450][337]LogD3D11RHI: Timed out while waiting for GPU to catch up. (0.5 s) (ErrorCode 00000001)
[2020.01.26-19.45.00:606][475]Cmd: SELECT NONE
[2020.01.26-19.45.09:676][993]LogSlate: FSceneViewport::OnFocusLost() reason 0
[2020.01.26-19.50.41:868][390]LogEditorViewport: Clicking on Actor (LMB): StaticMeshActor (Pavilion_base)
[2020.01.26-19.51.49:023][874]LogEditorViewport: Clicking on Actor (LMB): StaticMeshActor (Pavilion_base)
[2020.01.26-19.51.52:352][ 47]Cmd: CAMERA ALIGN ACTIVEVIEWPORTONLY
[2020.01.26-19.51.54:673][161]Cmd: SELECT NONE
[2020.01.26-19.52.37:527][910]LogUObjectHash: Compacting FUObjectHashTables data took   2.22ms
[2020.01.26-19.52.37:528][910]Cmd: OBJ SAVEPACKAGE PACKAGE="/Game/Diorama" FILE="../../../../Art/Park_SFAS/Park/Saved/Autosaves/Game/Diorama_Auto2.umap" SILENT=true AUTOSAVING=true KEEPDIRTY=false
[2020.01.26-19.52.37:911][910]LogSavePackage: Moving '../../../../Art/Park_SFAS/Park/Saved/Diorama_Auto2EC5DD2314AA06AAA6712459B73C1997A.tmp' to '../../../../Art/Park_SFAS/Park/Saved/Autosaves/Game/Diorama_Auto2.umap'
[2020.01.26-19.52.37:917][910]LogFileHelpers: Editor autosave (incl. sublevels) for '/Game/Diorama' took 0.426
[2020.01.26-19.52.37:917][910]LogFileHelpers: Editor autosave (incl. sublevels) for all levels took 0.426
[2020.01.26-20.23.17:844][531]Cmd: TRANSACTION UNDO
[2020.01.26-20.23.17:844][531]LogEditorTransaction: Undo Select None
[2020.01.26-20.23.18:331][548]Cmd: TRANSACTION UNDO
[2020.01.26-20.23.18:331][548]LogEditorTransaction: Undo Move Actors
[2020.01.26-20.23.21:742][708]Cmd: SELECT NONE
[2020.01.26-20.23.57:674][193]LogUObjectHash: Compacting FUObjectHashTables data took   2.16ms
[2020.01.26-20.23.57:675][193]Cmd: OBJ SAVEPACKAGE PACKAGE="/Game/Diorama" FILE="../../../../Art/Park_SFAS/Park/Saved/Autosaves/Game/Diorama_Auto3.umap" SILENT=true AUTOSAVING=true KEEPDIRTY=false
[2020.01.26-20.23.58:052][193]LogSavePackage: Moving '../../../../Art/Park_SFAS/Park/Saved/Diorama_Auto3C69ADF5C439098F772A63BB6AD282C0A.tmp' to '../../../../Art/Park_SFAS/Park/Saved/Autosaves/Game/Diorama_Auto3.umap'
[2020.01.26-20.23.58:061][193]LogFileHelpers: Editor autosave (incl. sublevels) for '/Game/Diorama' took 0.423
[2020.01.26-20.23.58:061][193]LogFileHelpers: Editor autosave (incl. sublevels) for all levels took 0.423
[2020.01.26-20.30.20:729][342]LogD3D11RHI: Timed out while waiting for GPU to catch up. (0.5 s) (ErrorCode 00000001)
[2020.01.26-20.30.23:982][344]LogD3D11RHI: Timed out while waiting for GPU to catch up. (0.5 s) (ErrorCode 00000001)
[2020.01.26-20.31.46:051][972]LogSlate: FSceneViewport::OnFocusLost() reason 0
[2020.01.26-20.31.55:389][874]LogSlate: FSceneViewport::OnFocusLost() reason 0
[2020.01.26-20.31.55:489][886]LogSlate: Window 'SM_Pavilion' being destroyed
[2020.01.26-20.31.55:496][886]LogSlate: Window 'SM_Pavilion' being destroyed
[2020.01.26-20.31.55:510][886]LogWorld: UWorld::CleanupWorld for World_2, bSessionEnded=true, bCleanupResources=true
[2020.01.26-20.37.40:532][209]LogSlate: FSceneViewport::OnFocusLost() reason 5
[2020.01.26-20.37.42:224][364]LogEditorViewport: Clicking on Actor (LMB): StaticMeshActor (SM_tree)
[2020.01.26-20.37.42:524][384]Cmd: CAMERA ALIGN ACTIVEVIEWPORTONLY
[2020.01.26-20.37.45:276][665]Cmd: SELECT NONE
[2020.01.26-20.37.55:390][524]LogEditorViewport: Clicking on Actor (LMB): StaticMeshActor (SM_tree)
[2020.01.26-20.37.56:156][612]Cmd: SELECT NONE
[2020.01.26-20.38.05:295][884]LogSlate: FSceneViewport::OnFocusLost() reason 5
[2020.01.26-20.50.58:213][453]LogSlate: FSceneViewport::OnFocusLost() reason 2
[2020.01.26-20.50.59:223][574]LogSlate: FSceneViewport::OnFocusLost() reason 5
[2020.01.26-20.51.00:829][574]LogSlate: Only BGRA pngs, bmps or icos are supported in by External Image Picker
[2020.01.26-20.52.41:022][192]LogSlate: Window 'Project Settings' being destroyed
[2020.01.26-20.52.41:026][192]LogSlate: Window 'Project Settings' being destroyed
[2020.01.26-20.52.42:581][375]LogSlate: FSceneViewport::OnFocusLost() reason 0
[2020.01.26-20.52.42:695][387]Cmd: OBJ SAVEPACKAGE PACKAGE="/Game/Diorama" FILE="../../../../Art/Park_SFAS/Park/Content/Diorama.umap" SILENT=true AUTOSAVING=false KEEPDIRTY=false
[2020.01.26-20.52.42:736][387]LogUObjectHash: Compacting FUObjectHashTables data took   2.04ms
[2020.01.26-20.52.43:120][387]LogSavePackage: Moving '../../../../Art/Park_SFAS/Park/Saved/DioramaADCEA7334A517824EB1F29AE4FF262C2.tmp' to '../../../../Art/Park_SFAS/Park/Content/Diorama.umap'
[2020.01.26-20.52.43:218][387]Cmd: OBJ SAVEPACKAGE PACKAGE="/Game/Diorama_BuiltData" FILE="../../../../Art/Park_SFAS/Park/Content/Diorama_BuiltData.uasset" SILENT=true
[2020.01.26-20.52.43:410][387]LogSavePackage: Moving '../../../../Art/Park_SFAS/Park/Saved/Diorama_BuiltData7969C66147C6A1EBB1A128BDA555BF66.tmp' to '../../../../Art/Park_SFAS/Park/Content/Diorama_BuiltData.uasset'
[2020.01.26-20.52.44:999][572]LogSlate: FSceneViewport::OnFocusLost() reason 2
[2020.01.26-20.52.45:677][653]LogSlate: FSceneViewport::OnFocusLost() reason 5
[2020.01.26-20.52.46:400][653]LogSlate: Only BGRA pngs, bmps or icos are supported in by External Image Picker
[2020.01.26-20.52.54:186][557]LogSlate: Window 'Project Settings' being destroyed
[2020.01.26-20.52.54:190][557]LogSlate: Window 'Project Settings' being destroyed
[2020.01.26-20.52.55:116][665]LogSlate: FSceneViewport::OnFocusLost() reason 0
[2020.01.26-20.52.55:210][675]Cmd: OBJ SAVEPACKAGE PACKAGE="/Game/Diorama" FILE="../../../../Art/Park_SFAS/Park/Content/Diorama.umap" SILENT=true AUTOSAVING=false KEEPDIRTY=false
[2020.01.26-20.52.55:247][675]LogUObjectHash: Compacting FUObjectHashTables data took   1.86ms
[2020.01.26-20.52.55:643][675]LogSavePackage: Moving '../../../../Art/Park_SFAS/Park/Saved/Diorama07313A6D4A1743924F92869F46A7F30E.tmp' to '../../../../Art/Park_SFAS/Park/Content/Diorama.umap'
[2020.01.26-20.52.55:673][675]Cmd: OBJ SAVEPACKAGE PACKAGE="/Game/Diorama_BuiltData" FILE="../../../../Art/Park_SFAS/Park/Content/Diorama_BuiltData.uasset" SILENT=true
[2020.01.26-20.52.55:785][675]LogSavePackage: Moving '../../../../Art/Park_SFAS/Park/Saved/Diorama_BuiltData20D8A61645F9A469A8550482C43B8E4F.tmp' to '../../../../Art/Park_SFAS/Park/Content/Diorama_BuiltData.uasset'
[2020.01.26-20.52.56:263][729]LogSlate: FSceneViewport::OnFocusLost() reason 0
[2020.01.26-20.53.49:853][ 74]LogSlate: FSceneViewport::OnFocusLost() reason 0
[2020.01.26-20.53.49:957][ 83]Cmd: OBJ SAVEPACKAGE PACKAGE="/Game/Diorama" FILE="../../../../Art/Park_SFAS/Park/Content/Diorama.umap" SILENT=true AUTOSAVING=false KEEPDIRTY=false
[2020.01.26-20.53.50:000][ 83]LogUObjectHash: Compacting FUObjectHashTables data took   1.93ms
[2020.01.26-20.53.50:396][ 83]LogSavePackage: Moving '../../../../Art/Park_SFAS/Park/Saved/Diorama053DD2FF499DB5B99FC5C78E064656D6.tmp' to '../../../../Art/Park_SFAS/Park/Content/Diorama.umap'
[2020.01.26-20.53.50:437][ 83]Cmd: OBJ SAVEPACKAGE PACKAGE="/Game/Diorama_BuiltData" FILE="../../../../Art/Park_SFAS/Park/Content/Diorama_BuiltData.uasset" SILENT=true
[2020.01.26-20.53.50:542][ 83]LogSavePackage: Moving '../../../../Art/Park_SFAS/Park/Saved/Diorama_BuiltDataCBD4AD37433C845F6EAB98AD1E815D0A.tmp' to '../../../../Art/Park_SFAS/Park/Content/Diorama_BuiltData.uasset'
[2020.01.26-20.53.53:684][453]LogSlate: FSceneViewport::OnFocusLost() reason 0
[2020.01.26-20.53.53:778][463]Cmd: OBJ SAVEPACKAGE PACKAGE="/Game/Diorama" FILE="../../../../Art/Park_SFAS/Park/Content/Diorama.umap" SILENT=true AUTOSAVING=false KEEPDIRTY=false
[2020.01.26-20.53.53:816][463]LogUObjectHash: Compacting FUObjectHashTables data took   1.86ms
[2020.01.26-20.53.54:173][463]LogSavePackage: Moving '../../../../Art/Park_SFAS/Park/Saved/DioramaF6CB40114903521904782F90A37166B8.tmp' to '../../../../Art/Park_SFAS/Park/Content/Diorama.umap'
[2020.01.26-20.53.54:200][463]Cmd: OBJ SAVEPACKAGE PACKAGE="/Game/Diorama_BuiltData" FILE="../../../../Art/Park_SFAS/Park/Content/Diorama_BuiltData.uasset" SILENT=true
[2020.01.26-20.53.54:298][463]LogSavePackage: Moving '../../../../Art/Park_SFAS/Park/Saved/Diorama_BuiltDataBB64395549415200698F2591C665AD02.tmp' to '../../../../Art/Park_SFAS/Park/Content/Diorama_BuiltData.uasset'
[2020.01.26-20.53.54:946][538]LogSlate: FSceneViewport::OnFocusLost() reason 0
[2020.01.26-20.53.55:073][549]LogUObjectHash: Compacting FUObjectHashTables data took   1.83ms
[2020.01.26-20.53.55:137][549]LogSlate: Window 'Park - Unreal Editor' being destroyed
[2020.01.26-20.53.55:234][549]LogSlate: Window 'High Resolution Screenshot' being destroyed
[2020.01.26-20.53.55:290][550]Cmd: QUIT_EDITOR
[2020.01.26-20.53.55:308][550]LogWindowsTextInputMethodSystem: Display: IME system now deactivated.
[2020.01.26-20.53.55:323][550]LogExit: Preparing to exit.
[2020.01.26-20.53.56:163][550]LogWorld: UWorld::CleanupWorld for World_1, bSessionEnded=true, bCleanupResources=true
[2020.01.26-20.53.56:163][550]LogWorld: UWorld::CleanupWorld for World_0, bSessionEnded=true, bCleanupResources=true
[2020.01.26-20.53.56:199][550]LogDemo: Cleaned up 0 splitscreen connections with owner deletion
[2020.01.26-20.53.56:219][550]LogExit: Editor shut down
[2020.01.26-20.53.56:220][550]LogExit: Transaction tracking system shut down
[2020.01.26-20.53.56:502][550]LogExit: Object subsystem successfully closed.
[2020.01.26-20.53.56:530][550]LogShaderCompilers: Display: Shaders left to compile 0
[2020.01.26-20.53.56:543][550]LogModuleManager: Shutting down and abandoning module ExternalImagePicker (674)
[2020.01.26-20.53.56:543][550]LogModuleManager: Shutting down and abandoning module StaticMeshEditor (672)
[2020.01.26-20.53.56:543][550]LogModuleManager: Shutting down and abandoning module HierarchicalLODOutliner (670)
[2020.01.26-20.53.56:543][550]LogModuleManager: Shutting down and abandoning module SceneOutliner (668)
[2020.01.26-20.53.56:543][550]LogModuleManager: Shutting down and abandoning module AddContentDialog (666)
[2020.01.26-20.53.56:546][550]LogModuleManager: Shutting down and abandoning module WidgetCarousel (665)
[2020.01.26-20.53.56:546][550]LogModuleManager: Shutting down and abandoning module EditorWidgets (662)
[2020.01.26-20.53.56:546][550]LogModuleManager: Shutting down and abandoning module CollectionManager (660)
[2020.01.26-20.53.56:546][550]LogModuleManager: Shutting down and abandoning module HierarchicalLODUtilities (658)
[2020.01.26-20.53.56:546][550]LogModuleManager: Shutting down and abandoning module StatsViewer (656)
[2020.01.26-20.53.56:546][550]LogModuleManager: Shutting down and abandoning module VirtualTexturingEditor (654)
[2020.01.26-20.53.56:546][550]LogModuleManager: Shutting down and abandoning module FoliageEdit (652)
[2020.01.26-20.53.56:546][550]LogModuleManager: Shutting down and abandoning module LandscapeEditor (650)
[2020.01.26-20.53.56:546][550]LogModuleManager: Shutting down and abandoning module MeshPaintMode (648)
[2020.01.26-20.53.56:546][550]LogModuleManager: Shutting down and abandoning module SceneDepthPickerMode (646)
[2020.01.26-20.53.56:546][550]LogModuleManager: Shutting down and abandoning module ActorPickerMode (644)
[2020.01.26-20.53.56:546][550]LogModuleManager: Shutting down and abandoning module GeometryMode (642)
[2020.01.26-20.53.56:546][550]LogModuleManager: Shutting down and abandoning module TextureAlignMode (640)
[2020.01.26-20.53.56:546][550]LogModuleManager: Shutting down and abandoning module BspMode (638)
[2020.01.26-20.53.56:546][550]LogModuleManager: Shutting down and abandoning module PIEPreviewDeviceProfileSelector (636)
[2020.01.26-20.53.56:546][550]LogModuleManager: Shutting down and abandoning module SequenceRecorderSections (634)
[2020.01.26-20.53.56:546][550]LogModuleManager: Shutting down and abandoning module AutomationWorker (632)
[2020.01.26-20.53.56:546][550]LogModuleManager: Shutting down and abandoning module OculusMR (630)
[2020.01.26-20.53.56:546][550]LogModuleManager: Shutting down and abandoning module AudioCaptureEditor (628)
[2020.01.26-20.53.56:547][550]LogModuleManager: Shutting down and abandoning module MatineeToLevelSequence (626)
[2020.01.26-20.53.56:547][550]LogModuleManager: Shutting down and abandoning module LevelSequenceEditor (624)
[2020.01.26-20.53.56:547][550]LogModuleManager: Shutting down and abandoning module PlacementMode (623)
[2020.01.26-20.53.56:547][550]LogModuleManager: Shutting down and abandoning module MaterialEditor (622)
[2020.01.26-20.53.56:547][550]LogModuleManager: Shutting down and abandoning module ActorSequenceEditor (618)
[2020.01.26-20.53.56:547][550]LogModuleManager: Shutting down and abandoning module WmfMediaFactory (616)
[2020.01.26-20.53.56:547][550]LogModuleManager: Shutting down and abandoning module WmfMediaEditor (614)
[2020.01.26-20.53.56:547][550]LogModuleManager: Shutting down and abandoning module WebMMediaFactory (612)
[2020.01.26-20.53.56:547][550]LogModuleManager: Shutting down and abandoning module WebMMediaEditor (610)
[2020.01.26-20.53.56:547][550]LogModuleManager: Shutting down and abandoning module WebMMedia (608)
[2020.01.26-20.53.56:547][550]LogModuleManager: Shutting down and abandoning module MediaPlayerEditor (606)
[2020.01.26-20.53.56:547][550]LogModuleManager: Shutting down and abandoning module MediaCompositingEditor (604)
[2020.01.26-20.53.56:547][550]LogModuleManager: Shutting down and abandoning module SequenceRecorder (603)
[2020.01.26-20.53.56:547][550]LogModuleManager: Shutting down and abandoning module OpenExrWrapper (600)
[2020.01.26-20.53.56:547][550]LogModuleManager: Shutting down and abandoning module ImgMediaFactory (598)
[2020.01.26-20.53.56:547][550]LogModuleManager: Shutting down and abandoning module ImgMediaEditor (596)
[2020.01.26-20.53.56:547][550]LogModuleManager: Shutting down and abandoning module AvfMediaFactory (594)
[2020.01.26-20.53.56:547][550]LogModuleManager: Shutting down and abandoning module AvfMediaEditor (592)
[2020.01.26-20.53.56:547][550]LogModuleManager: Shutting down and abandoning module AndroidMediaFactory (590)
[2020.01.26-20.53.56:547][550]LogModuleManager: Shutting down and abandoning module AndroidMediaEditor (588)
[2020.01.26-20.53.56:547][550]LogModuleManager: Shutting down and abandoning module MagicLeapCameraPreviewFactory (586)
[2020.01.26-20.53.56:547][550]LogModuleManager: Shutting down and abandoning module MagicLeapMediaCodecFactory (584)
[2020.01.26-20.53.56:547][550]LogModuleManager: Shutting down and abandoning module MagicLeapMediaFactory (582)
[2020.01.26-20.53.56:547][550]LogModuleManager: Shutting down and abandoning module MagicLeapMediaEditor (580)
[2020.01.26-20.53.56:547][550]LogModuleManager: Shutting down and abandoning module CharacterAI (578)
[2020.01.26-20.53.56:547][550]LogModuleManager: Shutting down and abandoning module SmartSnapping (576)
[2020.01.26-20.53.56:547][550]LogModuleManager: Shutting down and abandoning module SessionServices (574)
[2020.01.26-20.53.56:547][550]LogModuleManager: Shutting down and abandoning module MeshPaint (572)
[2020.01.26-20.53.56:547][550]LogModuleManager: Shutting down and abandoning module ViewportSnapping (570)
[2020.01.26-20.53.56:547][550]LogModuleManager: Shutting down and abandoning module ViewportInteraction (568)
[2020.01.26-20.53.56:547][550]LogModuleManager: Shutting down and abandoning module ClothPainter (566)
[2020.01.26-20.53.56:547][550]LogModuleManager: Shutting down and abandoning module SkeletalMeshEditor (565)
[2020.01.26-20.53.56:547][550]LogModuleManager: Shutting down and abandoning module LogVisualizer (562)
[2020.01.26-20.53.56:547][550]LogModuleManager: Shutting down and abandoning module IntroTutorials (560)
[2020.01.26-20.53.56:548][550]LogModuleManager: Shutting down and abandoning module GameProjectGeneration (559)
[2020.01.26-20.53.56:548][550]LogModuleManager: Shutting down and abandoning module LuminPlatformEditor (556)
[2020.01.26-20.53.56:548][550]LogModuleManager: Shutting down and abandoning module IOSPlatformEditor (554)
[2020.01.26-20.53.56:548][550]LogModuleManager: Shutting down and abandoning module HTML5PlatformEditor (552)
[2020.01.26-20.53.56:548][550]LogModuleManager: Shutting down and abandoning module AndroidPlatformEditor (550)
[2020.01.26-20.53.56:548][550]LogModuleManager: Shutting down and abandoning module AndroidDeviceDetection (549)
[2020.01.26-20.53.58:172][550]LogModuleManager: Shutting down and abandoning module WindowsPlatformEditor (546)
[2020.01.26-20.53.58:172][550]LogModuleManager: Shutting down and abandoning module LuminRuntimeSettings (544)
[2020.01.26-20.53.58:172][550]LogModuleManager: Shutting down and abandoning module IOSRuntimeSettings (542)
[2020.01.26-20.53.58:172][550]LogModuleManager: Shutting down and abandoning module AndroidRuntimeSettings (540)
[2020.01.26-20.53.58:172][550]LogModuleManager: Shutting down and abandoning module TimeManagementEditor (538)
[2020.01.26-20.53.58:172][550]LogModuleManager: Shutting down and abandoning module InputBindingEditor (536)
[2020.01.26-20.53.58:172][550]LogModuleManager: Shutting down and abandoning module MergeActors (534)
[2020.01.26-20.53.58:172][550]LogModuleManager: Shutting down and abandoning module LocalizationDashboard (532)
[2020.01.26-20.53.58:172][550]LogModuleManager: Shutting down and abandoning module LocalizationService (531)
[2020.01.26-20.53.58:172][550]LogModuleManager: Shutting down and abandoning module HardwareTargeting (528)
[2020.01.26-20.53.58:172][550]LogModuleManager: Shutting down and abandoning module DeviceProfileEditor (526)
[2020.01.26-20.53.58:172][550]LogModuleManager: Shutting down and abandoning module UndoHistory (524)
[2020.01.26-20.53.58:172][550]LogModuleManager: Shutting down and abandoning module XmlParser (522)
[2020.01.26-20.53.58:172][550]LogModuleManager: Shutting down and abandoning module Blutility (520)
[2020.01.26-20.53.58:172][550]LogModuleManager: Shutting down and abandoning module ProjectSettingsViewer (518)
[2020.01.26-20.53.58:172][550]LogModuleManager: Shutting down and abandoning module ProjectTargetPlatformEditor (517)
[2020.01.26-20.53.58:172][550]LogModuleManager: Shutting down and abandoning module EditorSettingsViewer (514)
[2020.01.26-20.53.58:172][550]LogModuleManager: Shutting down and abandoning module SettingsEditor (512)
[2020.01.26-20.53.58:173][550]LogModuleManager: Shutting down and abandoning module ProjectLauncher (510)
[2020.01.26-20.53.58:173][550]LogModuleManager: Shutting down and abandoning module SessionFrontend (508)
[2020.01.26-20.53.58:173][550]LogModuleManager: Shutting down and abandoning module ProfilerClient (506)
[2020.01.26-20.53.58:173][550]LogModuleManager: Shutting down and abandoning module DeviceManager (504)
[2020.01.26-20.53.58:173][550]LogModuleManager: Shutting down and abandoning module TargetDeviceServices (503)
[2020.01.26-20.53.58:217][550]LogModuleManager: Shutting down and abandoning module AutomationController (500)
[2020.01.26-20.53.58:217][550]LogModuleManager: Shutting down and abandoning module AutomationWindow (498)
[2020.01.26-20.53.58:217][550]LogModuleManager: Shutting down and abandoning module Layers (496)
[2020.01.26-20.53.58:217][550]LogModuleManager: Shutting down and abandoning module ComponentVisualizers (494)
[2020.01.26-20.53.58:217][550]LogModuleManager: Shutting down and abandoning module DetailCustomizations (492)
[2020.01.26-20.53.58:217][550]LogModuleManager: Shutting down and abandoning module PackagesDialog (490)
[2020.01.26-20.53.58:217][550]LogModuleManager: Shutting down and abandoning module AnimationBlueprintEditor (488)
[2020.01.26-20.53.58:217][550]LogModuleManager: Shutting down and abandoning module Persona (486)
[2020.01.26-20.53.58:217][550]LogModuleManager: Shutting down and abandoning module AdvancedPreviewScene (485)
[2020.01.26-20.53.58:217][550]LogModuleManager: Shutting down and abandoning module AnimGraph (483)
[2020.01.26-20.53.58:217][550]LogModuleManager: Shutting down and abandoning module Kismet (480)
[2020.01.26-20.53.58:217][550]LogModuleManager: Shutting down and abandoning module KismetWidgets (479)
[2020.01.26-20.53.58:217][550]LogModuleManager: Shutting down and abandoning module GraphEditor (476)
[2020.01.26-20.53.58:218][550]LogModuleManager: Shutting down and abandoning module StructViewer (474)
[2020.01.26-20.53.58:218][550]LogModuleManager: Shutting down and abandoning module ClassViewer (472)
[2020.01.26-20.53.58:218][550]LogModuleManager: Shutting down and abandoning module Toolbox (470)
[2020.01.26-20.53.58:218][550]LogModuleManager: Shutting down and abandoning module ModuleUI (468)
[2020.01.26-20.53.58:218][550]LogModuleManager: Shutting down and abandoning module MovieSceneTools (466)
[2020.01.26-20.53.58:218][550]LogModuleManager: Shutting down and abandoning module OutputLog (464)
[2020.01.26-20.53.58:218][550]LogModuleManager: Shutting down and abandoning module GammaUI (462)
[2020.01.26-20.53.58:218][550]LogModuleManager: Shutting down and abandoning module Documentation (460)
[2020.01.26-20.53.58:219][550]LogModuleManager: Shutting down and abandoning module LiveCoding (458)
[2020.01.26-20.53.58:219][550]LogModuleManager: Shutting down and abandoning module LevelSequence (456)
[2020.01.26-20.53.58:219][550]LogModuleManager: Shutting down and abandoning module MovieSceneTracks (454)
[2020.01.26-20.53.58:219][550]LogModuleManager: Shutting down and abandoning module MovieScene (452)
[2020.01.26-20.53.58:219][550]LogModuleManager: Shutting down and abandoning module StreamingPauseRendering (450)
[2020.01.26-20.53.58:219][550]LogModuleManager: Shutting down and abandoning module LauncherPlatform (448)
[2020.01.26-20.53.58:219][550]LogModuleManager: Shutting down and abandoning module AnalyticsET (446)
[2020.01.26-20.53.58:219][550]LogModuleManager: Shutting down and abandoning module PortalServices (444)
[2020.01.26-20.53.58:219][550]LogModuleManager: Shutting down and abandoning module PortalRpc (442)
[2020.01.26-20.53.58:219][550]LogModuleManager: Shutting down and abandoning module MessagingRpc (440)
[2020.01.26-20.53.58:219][550]LogModuleManager: Shutting down and abandoning module AIModule (438)
[2020.01.26-20.53.58:219][550]LogModuleManager: Shutting down and abandoning module GameplayDebugger (437)
[2020.01.26-20.53.58:219][550]LogModuleManager: Shutting down and abandoning module AITestSuite (435)
[2020.01.26-20.53.58:219][550]LogModuleManager: Shutting down and abandoning module NavigationSystem (433)
[2020.01.26-20.53.58:219][550]LogModuleManager: Shutting down and abandoning module DesktopPlatform (430)
[2020.01.26-20.53.58:219][550]LogModuleManager: Shutting down and abandoning module ImageWriteQueue (428)
[2020.01.26-20.53.58:222][550]LogModuleManager: Shutting down and abandoning module ProfilerService (426)
[2020.01.26-20.53.58:269][550]LogModuleManager: Shutting down and abandoning module TaskGraph (424)
[2020.01.26-20.53.58:270][550]LogModuleManager: Shutting down and abandoning module ScreenshotTools (422)
[2020.01.26-20.53.58:270][550]LogModuleManager: Shutting down and abandoning module SteamVRController (420)
[2020.01.26-20.53.58:270][550]LogModuleManager: Shutting down and abandoning module ProceduralMeshComponentEditor (418)
[2020.01.26-20.53.58:270][550]LogModuleManager: Shutting down and abandoning module ProceduralMeshComponent (416)
[2020.01.26-20.53.58:270][550]LogModuleManager: Shutting down and abandoning module OculusEditor (414)
[2020.01.26-20.53.58:270][550]LogModuleManager: Shutting down and abandoning module OculusInput (412)
[2020.01.26-20.53.58:270][550]LogModuleManager: Shutting down and abandoning module MobilePatchingUtils (410)
[2020.01.26-20.53.58:270][550]LogModuleManager: Shutting down and abandoning module EditableMesh (408)
[2020.01.26-20.53.58:270][550]LogModuleManager: Shutting down and abandoning module CustomMeshComponent (406)
[2020.01.26-20.53.58:270][550]LogModuleManager: Shutting down and abandoning module CableComponent (404)
[2020.01.26-20.53.58:270][550]LogModuleManager: Shutting down and abandoning module AudioCapture (402)
[2020.01.26-20.53.58:270][550]LogModuleManager: Shutting down and abandoning module ArchVisCharacter (400)
[2020.01.26-20.53.58:270][550]LogModuleManager: Shutting down and abandoning module AppleImageUtilsBlueprintSupport (398)
[2020.01.26-20.53.58:270][550]LogModuleManager: Shutting down and abandoning module AppleImageUtils (396)
[2020.01.26-20.53.58:270][550]LogModuleManager: Shutting down and abandoning module AndroidPermission (394)
[2020.01.26-20.53.58:270][550]LogModuleManager: Shutting down and abandoning module NUTUnrealEngine4 (392)
[2020.01.26-20.53.58:270][550]LogModuleManager: Shutting down and abandoning module NetcodeUnitTest (390)
[2020.01.26-20.53.58:270][550]LogModuleManager: Shutting down and abandoning module MediaCompositing (388)
[2020.01.26-20.53.58:270][550]LogModuleManager: Shutting down and abandoning module ImgMedia (386)
[2020.01.26-20.53.58:270][550]LogModuleManager: Shutting down and abandoning module MagicLeapHelperVulkan (384)
[2020.01.26-20.53.58:270][550]LogModuleManager: Shutting down and abandoning module MagicLeapHelperOpenGL (382)
[2020.01.26-20.53.58:270][550]LogModuleManager: Shutting down and abandoning module MagicLeapAudio (380)
[2020.01.26-20.53.58:270][550]LogModuleManager: Shutting down and abandoning module HTML5Networking (378)
[2020.01.26-20.53.58:270][550]LogModuleManager: Shutting down and abandoning module GeometryCacheTracks (376)
[2020.01.26-20.53.58:270][550]LogModuleManager: Shutting down and abandoning module GeometryCacheSequencer (374)
[2020.01.26-20.53.58:270][550]LogModuleManager: Shutting down and abandoning module BackChannel (372)
[2020.01.26-20.53.58:270][550]LogModuleManager: Shutting down and abandoning module AutomationUtilsEditor (370)
[2020.01.26-20.53.58:270][550]LogModuleManager: Shutting down and abandoning module AutomationUtils (368)
[2020.01.26-20.53.58:270][550]LogModuleManager: Shutting down and abandoning module AlembicImporter (366)
[2020.01.26-20.53.58:270][550]LogModuleManager: Shutting down and abandoning module AlembicLibrary (365)
[2020.01.26-20.53.58:270][550]LogModuleManager: Shutting down and abandoning module GeometryCache (364)
[2020.01.26-20.53.58:270][550]LogModuleManager: Shutting down and abandoning module GeometryCacheEd (363)
[2020.01.26-20.53.58:270][550]LogModuleManager: Shutting down and abandoning module VariantManagerContent (358)
[2020.01.26-20.53.58:270][550]LogModuleManager: Shutting down and abandoning module DatasmithContentEditor (356)
[2020.01.26-20.53.58:270][550]LogModuleManager: Shutting down and abandoning module SpeedTreeImporter (354)
[2020.01.26-20.53.58:270][550]LogModuleManager: Shutting down and abandoning module PluginBrowser (352)
[2020.01.26-20.53.58:270][550]LogModuleManager: Shutting down and abandoning module MobileLauncherProfileWizard (350)
[2020.01.26-20.53.58:270][550]LogModuleManager: Shutting down and abandoning module MaterialAnalyzer (348)
[2020.01.26-20.53.58:270][550]LogModuleManager: Shutting down and abandoning module CurveEditorTools (346)
[2020.01.26-20.53.58:270][550]LogModuleManager: Shutting down and abandoning module CurveEditor (345)
[2020.01.26-20.53.58:270][550]LogModuleManager: Shutting down and abandoning module CryptoKeysOpenSSL (342)
[2020.01.26-20.53.58:270][550]LogModuleManager: Shutting down and abandoning module CryptoKeys (340)
[2020.01.26-20.53.58:270][550]LogModuleManager: Shutting down and abandoning module VisualStudioSourceCodeAccess (338)
[2020.01.26-20.53.58:270][550]LogModuleManager: Shutting down and abandoning module VisualStudioCodeSourceCodeAccess (336)
[2020.01.26-20.53.58:270][550]LogModuleManager: Shutting down and abandoning module UObjectPlugin (334)
[2020.01.26-20.53.58:270][550]LogModuleManager: Shutting down and abandoning module SubversionSourceControl (332)
[2020.01.26-20.53.58:271][550]LogModuleManager: Shutting down and abandoning module PerforceSourceControl (330)
[2020.01.26-20.53.58:271][550]LogModuleManager: Shutting down and abandoning module GitSourceControl (328)
[2020.01.26-20.53.58:271][550]LogModuleManager: Shutting down and abandoning module SourceControl (327)
[2020.01.26-20.53.58:271][550]LogModuleManager: Shutting down and abandoning module CLionSourceCodeAccess (324)
[2020.01.26-20.53.58:271][550]LogModuleManager: Shutting down and abandoning module AnimationSharingEd (322)
[2020.01.26-20.53.58:271][550]LogModuleManager: Shutting down and abandoning module ActorLayerUtilitiesEditor (320)
[2020.01.26-20.53.58:271][550]LogModuleManager: Shutting down and abandoning module ActorLayerUtilities (318)
[2020.01.26-20.53.58:271][550]LogModuleManager: Shutting down and abandoning module LightPropagationVolumeEditor (316)
[2020.01.26-20.53.58:271][550]LogModuleManager: Shutting down and abandoning module PaperTiledImporter (314)
[2020.01.26-20.53.58:271][550]LogModuleManager: Shutting down and abandoning module PaperSpriteSheetImporter (312)
[2020.01.26-20.53.58:271][550]LogModuleManager: Shutting down and abandoning module Paper2DEditor (310)
[2020.01.26-20.53.58:271][550]LogModuleManager: Shutting down and abandoning module SignificanceManager (308)
[2020.01.26-20.53.58:271][550]LogModuleManager: Shutting down and abandoning module RuntimePhysXCooking (306)
[2020.01.26-20.53.58:271][550]LogModuleManager: Shutting down and abandoning module PhysXVehiclesEditor (304)
[2020.01.26-20.53.58:271][550]LogModuleManager: Shutting down and abandoning module LocationServicesBPLibrary (300)
[2020.01.26-20.53.58:271][550]LogModuleManager: Shutting down and abandoning module ActorSequence (298)
[2020.01.26-20.53.58:271][550]LogModuleManager: Shutting down and abandoning module UdpMessaging (296)
[2020.01.26-20.53.58:372][550]LogModuleManager: Shutting down and abandoning module TcpMessaging (294)
[2020.01.26-20.53.58:472][550]LogModuleManager: Shutting down and abandoning module MagicLeapIdentity (292)
[2020.01.26-20.53.58:472][550]LogModuleManager: Shutting down and abandoning module MagicLeapSecureStorage (290)
[2020.01.26-20.53.58:472][550]LogModuleManager: Shutting down and abandoning module MagicLeapHandTracking (288)
[2020.01.26-20.53.58:472][550]LogModuleManager: Shutting down and abandoning module MagicLeapEyeTracker (286)
[2020.01.26-20.53.58:472][550]LogModuleManager: Shutting down and abandoning module MagicLeapController (284)
[2020.01.26-20.53.58:472][550]LogSlate: Slate User Destroyed.  User Index 0, Is Virtual User: 0
[2020.01.26-20.53.58:472][550]LogModuleManager: Shutting down and abandoning module MagicLeapAR (282)
[2020.01.26-20.53.58:472][550]LogModuleManager: Shutting down and abandoning module AugmentedReality (281)
[2020.01.26-20.53.58:472][550]LogModuleManager: Shutting down and abandoning module GameplayTagsEditor (278)
[2020.01.26-20.53.58:472][550]LogModuleManager: Shutting down and abandoning module FacialAnimationEditor (276)
[2020.01.26-20.53.58:472][550]LogModuleManager: Shutting down and abandoning module FacialAnimation (274)
[2020.01.26-20.53.58:472][550]LogModuleManager: Shutting down and abandoning module DataValidation (272)
[2020.01.26-20.53.58:472][550]LogModuleManager: Shutting down and abandoning module AssetManagerEditor (270)
[2020.01.26-20.53.58:472][550]LogModuleManager: Shutting down and abandoning module LevelEditor (269)
[2020.01.26-20.53.58:474][550]LogModuleManager: Shutting down and abandoning module PixelInspectorModule (268)
[2020.01.26-20.53.58:474][550]LogModuleManager: Shutting down and abandoning module CommonMenuExtensions (266)
[2020.01.26-20.53.58:474][550]LogModuleManager: Shutting down and abandoning module MainFrame (264)
[2020.01.26-20.53.58:474][550]LogModuleManager: Shutting down and abandoning module HotReload (263)
[2020.01.26-20.53.58:474][550]LogModuleManager: Shutting down and abandoning module ContentBrowser (259)
[2020.01.26-20.53.58:476][550]LogModuleManager: Shutting down and abandoning module TreeMap (257)
[2020.01.26-20.53.58:476][550]LogModuleManager: Shutting down and abandoning module AnimationSharing (254)
[2020.01.26-20.53.58:476][550]LogModuleManager: Shutting down and abandoning module LightPropagationVolumeRuntime (252)
[2020.01.26-20.53.58:476][550]LogModuleManager: Shutting down and abandoning module Paper2D (250)
[2020.01.26-20.53.58:476][550]LogModuleManager: Shutting down and abandoning module WindowsMoviePlayer (248)
[2020.01.26-20.53.58:479][550]LogModuleManager: Shutting down and abandoning module WebMMoviePlayer (246)
[2020.01.26-20.53.58:479][550]LogModuleManager: Shutting down and abandoning module NetworkReplayStreaming (244)
[2020.01.26-20.53.58:479][550]LogModuleManager: Shutting down and abandoning module PacketHandler (242)
[2020.01.26-20.53.58:479][550]LogModuleManager: Shutting down and abandoning module ClothingSystemEditor (240)
[2020.01.26-20.53.58:479][550]LogModuleManager: Shutting down and abandoning module ClothingSystemRuntime (238)
[2020.01.26-20.53.58:480][550]LogModuleManager: Shutting down and abandoning module MediaAssets (236)
[2020.01.26-20.53.58:480][550]LogModuleManager: Shutting down and abandoning module Overlay (234)
[2020.01.26-20.53.58:480][550]LogModuleManager: Shutting down and abandoning module OverlayEditor (233)
[2020.01.26-20.53.58:480][550]LogModuleManager: Shutting down and abandoning module VREditor (230)
[2020.01.26-20.53.58:480][550]LogModuleManager: Shutting down and abandoning module StringTableEditor (228)
[2020.01.26-20.53.58:480][550]LogModuleManager: Shutting down and abandoning module GameplayTasksEditor (226)
[2020.01.26-20.53.58:480][550]LogModuleManager: Shutting down and abandoning module BehaviorTreeEditor (224)
[2020.01.26-20.53.58:480][550]LogModuleManager: Shutting down and abandoning module FunctionalTesting (222)
[2020.01.26-20.53.58:480][550]LogModuleManager: Shutting down and abandoning module CollisionAnalyzer (220)
[2020.01.26-20.53.58:480][550]LogModuleManager: Shutting down and abandoning module WorkspaceMenuStructure (219)
[2020.01.26-20.53.58:480][550]LogModuleManager: Shutting down and abandoning module UMG (216)
[2020.01.26-20.53.58:480][550]LogModuleManager: Shutting down and abandoning module UMGEditor (215)
[2020.01.26-20.53.58:480][550]LogModuleManager: Shutting down and abandoning module Sequencer (214)
[2020.01.26-20.53.58:480][550]LogModuleManager: Shutting down and abandoning module MessageLog (211)
[2020.01.26-20.53.58:480][550]LogModuleManager: Shutting down and abandoning module SlateReflector (206)
[2020.01.26-20.53.58:480][550]LogModuleManager: Shutting down and abandoning module Slate (204)
[2020.01.26-20.53.58:480][550]LogModuleManager: Shutting down and abandoning module LandscapeEditorUtilities (202)
[2020.01.26-20.53.58:480][550]LogModuleManager: Shutting down and abandoning module EditorStyle (200)
[2020.01.26-20.53.58:482][550]LogModuleManager: Shutting down and abandoning module UnrealEd (198)
[2020.01.26-20.53.58:482][550]LogModuleManager: Shutting down and abandoning module MRMesh (196)
[2020.01.26-20.53.58:482][550]LogModuleManager: Shutting down and abandoning module SourceCodeAccess (194)
[2020.01.26-20.53.58:482][550]LogModuleManager: Shutting down and abandoning module HeadMountedDisplay (192)
[2020.01.26-20.53.58:482][550]LogModuleManager: Shutting down and abandoning module XAudio2 (190)
[2020.01.26-20.53.58:482][550]LogModuleManager: Shutting down and abandoning module Networking (188)
[2020.01.26-20.53.58:482][550]LogModuleManager: Shutting down and abandoning module Core (186)
[2020.01.26-20.53.58:482][550]LogModuleManager: Shutting down and abandoning module KismetCompiler (184)
[2020.01.26-20.53.58:482][550]LogModuleManager: Shutting down and abandoning module MeshUtilities (182)
[2020.01.26-20.53.58:482][550]LogModuleManager: Shutting down and abandoning module MeshMergeUtilities (181)
[2020.01.26-20.53.58:482][550]LogModuleManager: Shutting down and abandoning module MeshReductionInterface (180)
[2020.01.26-20.53.58:482][550]LogModuleManager: Shutting down and abandoning module SkeletalMeshReduction (179)
[2020.01.26-20.53.58:482][550]LogModuleManager: Shutting down and abandoning module ProxyLODMeshReduction (177)
[2020.01.26-20.53.58:482][550]LogModuleManager: Shutting down and abandoning module QuadricMeshReduction (175)
[2020.01.26-20.53.58:482][550]LogModuleManager: Shutting down and abandoning module MaterialBaking (171)
[2020.01.26-20.53.58:482][550]LogModuleManager: Shutting down and abandoning module NullInstallBundleManager (166)
[2020.01.26-20.53.58:482][550]LogModuleManager: Shutting down and abandoning module DerivedDataCache (164)
[2020.01.26-20.53.58:482][550]LogDerivedDataCache: Shutdown
[2020.01.26-20.53.58:482][550]LogModuleManager: Shutting down and abandoning module XGEController (162)
[2020.01.26-20.53.58:482][550]LogModuleManager: Shutting down and abandoning module TargetPlatform (160)
[2020.01.26-20.53.58:482][550]LogModuleManager: Shutting down and abandoning module VulkanShaderFormat (159)
[2020.01.26-20.53.58:482][550]LogModuleManager: Shutting down and abandoning module ShaderFormatVectorVM (157)
[2020.01.26-20.53.58:482][550]LogModuleManager: Shutting down and abandoning module ShaderFormatOpenGL (155)
[2020.01.26-20.53.58:482][550]LogModuleManager: Shutting down and abandoning module ShaderFormatD3D (153)
[2020.01.26-20.53.58:482][550]LogModuleManager: Shutting down and abandoning module MetalShaderFormat (151)
[2020.01.26-20.53.58:483][550]LogModuleManager: Shutting down and abandoning module TextureFormatUncompressed (149)
[2020.01.26-20.53.58:483][550]LogModuleManager: Shutting down and abandoning module TextureFormatPVR (147)
[2020.01.26-20.53.58:483][550]LogModuleManager: Shutting down and abandoning module TextureFormatDXT (145)
[2020.01.26-20.53.58:483][550]LogModuleManager: Shutting down and abandoning module TextureFormatIntelISPCTexComp (143)
[2020.01.26-20.53.58:483][550]LogModuleManager: Shutting down and abandoning module TextureFormatASTC (141)
[2020.01.26-20.53.58:483][550]LogModuleManager: Shutting down and abandoning module ImageWrapper (140)
[2020.01.26-20.53.58:483][550]LogModuleManager: Shutting down and abandoning module TextureFormatAndroid (137)
[2020.01.26-20.53.58:483][550]LogModuleManager: Shutting down and abandoning module AudioFormatOpus (135)
[2020.01.26-20.53.58:483][550]LogModuleManager: Shutting down and abandoning module AudioFormatOgg (133)
[2020.01.26-20.53.58:483][550]LogModuleManager: Shutting down and abandoning module AudioFormatADPCM (131)
[2020.01.26-20.53.58:483][550]LogModuleManager: Shutting down and abandoning module LuminTargetPlatform (129)
[2020.01.26-20.53.58:487][550]LogModuleManager: Shutting down and abandoning module LinuxTargetPlatform (127)
[2020.01.26-20.53.58:487][550]LogModuleManager: Shutting down and abandoning module LinuxServerTargetPlatform (125)
[2020.01.26-20.53.58:487][550]LogModuleManager: Shutting down and abandoning module LinuxNoEditorTargetPlatform (123)
[2020.01.26-20.53.58:487][550]LogModuleManager: Shutting down and abandoning module LinuxClientTargetPlatform (121)
[2020.01.26-20.53.58:487][550]LogModuleManager: Shutting down and abandoning module TVOSTargetPlatform (119)
[2020.01.26-20.53.58:490][550]LogModuleManager: Shutting down and abandoning module Messaging (117)
[2020.01.26-20.53.58:490][550]LogModuleManager: Shutting down and abandoning module IOSTargetPlatform (115)
[2020.01.26-20.53.58:493][550]LogModuleManager: Shutting down and abandoning module HTML5TargetPlatform (113)
[2020.01.26-20.53.58:493][550]LogModuleManager: Shutting down and abandoning module AndroidTargetPlatform (111)
[2020.01.26-20.53.58:518][550]LogModuleManager: Shutting down and abandoning module WindowsTargetPlatform (109)
[2020.01.26-20.53.58:518][550]LogModuleManager: Shutting down and abandoning module WindowsServerTargetPlatform (107)
[2020.01.26-20.53.58:518][550]LogModuleManager: Shutting down and abandoning module WindowsNoEditorTargetPlatform (105)
[2020.01.26-20.53.58:518][550]LogModuleManager: Shutting down and abandoning module WindowsClientTargetPlatform (103)
[2020.01.26-20.53.58:518][550]LogModuleManager: Shutting down and abandoning module MacTargetPlatform (101)
[2020.01.26-20.53.58:518][550]LogModuleManager: Shutting down and abandoning module MacServerTargetPlatform (99)
[2020.01.26-20.53.58:518][550]LogModuleManager: Shutting down and abandoning module MacNoEditorTargetPlatform (97)
[2020.01.26-20.53.58:518][550]LogModuleManager: Shutting down and abandoning module MacClientTargetPlatform (95)
[2020.01.26-20.53.58:518][550]LogModuleManager: Shutting down and abandoning module AllDesktopTargetPlatform (93)
[2020.01.26-20.53.58:518][550]LogModuleManager: Shutting down and abandoning module InputCore (90)
[2020.01.26-20.53.58:518][550]LogModuleManager: Shutting down and abandoning module Settings (88)
[2020.01.26-20.53.58:519][550]LogModuleManager: Shutting down and abandoning module DirectoryWatcher (86)
[2020.01.26-20.53.58:519][550]LogModuleManager: Shutting down and abandoning module PhysXCooking (84)
[2020.01.26-20.53.58:519][550]LogModuleManager: Shutting down and abandoning module WindowsPlatformFeatures (82)
[2020.01.26-20.53.58:519][550]LogModuleManager: Shutting down and abandoning module GameplayMediaEncoder (81)
[2020.01.26-20.53.58:519][550]LogModuleManager: Shutting down and abandoning module SteamVR (78)
[2020.01.26-20.53.58:519][550]LogHMD: Freeing OpenVRDLLHandle.
[2020.01.26-20.53.58:519][550]LogModuleManager: Shutting down and abandoning module OculusHMD (76)
[2020.01.26-20.53.58:519][550]LogModuleManager: Shutting down and abandoning module ExampleDeviceProfileSelector (74)
[2020.01.26-20.53.58:519][550]LogModuleManager: Shutting down and abandoning module LauncherChunkInstaller (72)
[2020.01.26-20.53.58:519][550]LogModuleManager: Shutting down and abandoning module OnlineBlueprintSupport (70)
[2020.01.26-20.53.58:519][550]LogModuleManager: Shutting down and abandoning module OnlineSubsystem (66)
[2020.01.26-20.53.58:520][550]LogModuleManager: Shutting down and abandoning module XMPP (61)
[2020.01.26-20.53.58:520][550]LogModuleManager: Shutting down and abandoning module WebSockets (60)
[2020.01.26-20.53.58:528][550]LogModuleManager: Shutting down and abandoning module HTTP (57)
[2020.01.26-20.53.58:528][550]LogHttp: Display: Http module shutting down, but needs to wait on 1 outstanding Http requests:
[2020.01.26-20.53.58:528][550]LogHttp: Display: 	verb=[POST] url=[https://datarouter.ol.epicgames.com/datarouter/api/v1/public/data?SessionID=%7BA5E20418-45DA-9451-D148-BDB1FCD0C983%7D&AppID=UEEditor.Rocket.Release&AppVersion=4.23.1-9631420%2B%2B%2BUE4%2BRelease-4.23&UserID=b7367f514bcf47f3782f499948337182%7C0382994034dc4f6bbe5c05cbae825090%7C26c0a086-b539-454f-83c2-978d8d02ce36&AppEnvironment=datacollector-binary&UploadType=eteventstream] status=Processing
[2020.01.26-20.53.58:536][550]LogModuleManager: Shutting down and abandoning module SSL (56)
[2020.01.26-20.53.58:537][550]LogModuleManager: Shutting down and abandoning module WmfMedia (52)
[2020.01.26-20.53.58:539][550]LogModuleManager: Shutting down and abandoning module Media (51)
[2020.01.26-20.53.58:539][550]LogModuleManager: Shutting down and abandoning module MagicLeap (48)
[2020.01.26-20.53.58:539][550]LogModuleManager: Shutting down and abandoning module DatasmithContent (46)
[2020.01.26-20.53.58:540][550]LogModuleManager: Shutting down and abandoning module AISupportModule (44)
[2020.01.26-20.53.58:540][550]LogModuleManager: Shutting down and abandoning module PlatformCryptoOpenSSL (42)
[2020.01.26-20.53.58:540][550]LogModuleManager: Shutting down and abandoning module PlatformCrypto (40)
[2020.01.26-20.53.58:540][550]LogModuleManager: Shutting down and abandoning module AnimationModifiers (38)
[2020.01.26-20.53.58:540][550]LogModuleManager: Shutting down and abandoning module PropertyEditor (37)
[2020.01.26-20.53.58:540][550]LogModuleManager: Shutting down and abandoning module AudioEditor (34)
[2020.01.26-20.53.58:540][550]LogModuleManager: Shutting down and abandoning module TextureCompressor (32)
[2020.01.26-20.53.58:540][550]LogModuleManager: Shutting down and abandoning module RenderCore (30)
[2020.01.26-20.53.58:540][550]LogModuleManager: Shutting down and abandoning module Landscape (28)
[2020.01.26-20.53.58:540][550]LogModuleManager: Shutting down and abandoning module SlateRHIRenderer (26)
[2020.01.26-20.53.58:543][550]LogModuleManager: Shutting down and abandoning module OpenGLDrv (24)
[2020.01.26-20.53.58:543][550]LogModuleManager: Shutting down and abandoning module D3D11RHI (22)
[2020.01.26-20.53.58:544][550]LogModuleManager: Shutting down and abandoning module AnimGraphRuntime (20)
[2020.01.26-20.53.58:544][550]LogModuleManager: Shutting down and abandoning module Renderer (18)
[2020.01.26-20.53.58:544][550]LogModuleManager: Shutting down and abandoning module Engine (16)
[2020.01.26-20.53.58:544][550]LogModuleManager: Shutting down and abandoning module CoreUObject (14)
[2020.01.26-20.53.58:544][550]LogModuleManager: Shutting down and abandoning module NetworkFile (12)
[2020.01.26-20.53.58:544][550]LogModuleManager: Shutting down and abandoning module CookedIterativeFile (10)
[2020.01.26-20.53.58:544][550]LogModuleManager: Shutting down and abandoning module StreamingFile (8)
[2020.01.26-20.53.58:544][550]LogModuleManager: Shutting down and abandoning module SandboxFile (6)
[2020.01.26-20.53.58:544][550]LogModuleManager: Shutting down and abandoning module PakFile (4)
[2020.01.26-20.53.58:544][550]LogModuleManager: Shutting down and abandoning module RSA (3)
[2020.01.26-20.53.58:546][550]LogD3D11RHI: Shutdown
[2020.01.26-20.53.58:546][550]LogD3D11RHI: CleanupD3DDevice
[2020.01.26-20.53.58:547][550]LogRendererCore: FGlobalDynamicReadBuffer::Cleanup()
[2020.01.26-20.53.58:547][550]LogRendererCore: FGlobalDynamicReadBuffer::Cleanup()
[2020.01.26-20.53.58:547][550]LogRendererCore: FGlobalDynamicReadBuffer::Cleanup()
[2020.01.26-20.53.58:701][550]LogD3D11RHI: ~FD3D11DynamicRHI
[2020.01.26-20.53.58:717][550]LogExit: Exiting.
[2020.01.26-20.53.58:736][550]Log file closed, 01/26/20 20:53:58
