# Blender 4.5.3 LTS
# www.blender.org
mtllib armchair.mtl
o armchair
v -0.241459 0.423527 0.247500
v -0.290974 0.911652 0.279392
v -0.241459 0.423527 -0.247500
v -0.290974 0.911652 -0.279392
v 0.281041 0.390762 0.280264
v 0.192491 0.734277 0.342375
v 0.281041 0.390762 -0.280264
v 0.192491 0.734277 -0.342375
v -0.268959 0.396027 0.000000
v -0.272167 0.664152 0.275000
v -0.331758 0.946027 0.000000
v -0.272167 0.664152 -0.275000
v 0.006041 0.396027 -0.275000
v -0.094933 0.775068 -0.337629
v 0.260508 0.629721 -0.337847
v 0.281041 0.333582 0.000000
v 0.260508 0.629721 0.337847
v 0.006041 0.396027 0.275000
v -0.094933 0.775068 0.337629
v 0.006041 0.341027 0.000000
v -0.011284 0.637568 0.330000
v -0.011284 0.637568 -0.330000
v -0.323959 0.671027 0.000000
v 0.063241 0.748027 -0.342375
v 0.063241 0.748027 0.342375
v -0.298310 0.366675 0.000000
v -0.265906 0.399080 0.271947
v -0.303345 0.659032 0.304596
v -0.314160 0.911652 0.297831
v -0.362601 0.946027 0.000000
v -0.314160 0.911652 -0.297831
v -0.303345 0.659032 -0.304596
v -0.265906 0.399080 -0.271947
v 0.000921 0.365558 -0.305468
v 0.063241 0.748027 -0.367125
v 0.192491 0.734277 -0.367125
v 0.260508 0.625832 -0.369236
v 0.281041 0.369706 -0.301320
v 0.281041 0.303804 0.000000
v 0.260508 0.625832 0.369236
v 0.281041 0.369706 0.301320
v 0.000921 0.365558 0.305468
v -0.099355 0.775068 0.368364
v -0.099355 0.775068 -0.368364
v 0.192491 0.734277 0.367125
v 0.063241 0.748027 0.367125
v 0.000564 0.298327 0.000000
v -0.017116 0.631913 0.374673
v -0.017116 0.631913 -0.374673
v -0.367013 0.665550 0.000000
v -0.268370 0.396615 0.081195
v -0.264248 0.400737 0.154560
v -0.254082 0.410904 0.212642
v -0.275168 0.739562 0.275069
v -0.279331 0.808527 0.275549
v -0.284613 0.867179 0.276853
v -0.331058 0.945489 -0.082770
v -0.326491 0.941730 -0.160371
v -0.314362 0.931525 -0.227634
v -0.269723 0.586931 -0.274411
v -0.264649 0.515607 -0.270289
v -0.254132 0.458277 -0.260123
v -0.075154 0.396615 -0.274411
v -0.148519 0.400737 -0.270289
v -0.206601 0.410904 -0.260123
v 0.089710 0.745879 -0.340570
v 0.126970 0.742247 -0.339663
v 0.165198 0.738073 -0.340570
v 0.272379 0.570511 -0.336608
v 0.278475 0.504893 -0.330045
v 0.280720 0.441949 -0.312988
v 0.281041 0.334589 -0.083090
v 0.281041 0.341032 -0.160971
v 0.281041 0.358045 -0.228432
v 0.272379 0.570511 0.336608
v 0.278475 0.504893 0.330045
v 0.280720 0.441949 0.312988
v 0.087682 0.395944 0.275082
v 0.164166 0.395369 0.275658
v 0.230338 0.393806 0.277221
v -0.151741 0.805691 0.336195
v -0.206138 0.843016 0.329418
v -0.253943 0.880514 0.312187
v -0.254082 0.410904 -0.212642
v -0.264248 0.400737 -0.154560
v -0.268370 0.396615 -0.081195
v -0.254132 0.458277 0.260123
v -0.264649 0.515607 0.270289
v -0.269723 0.586931 0.274411
v -0.314362 0.931525 0.227634
v -0.326491 0.941730 0.160371
v -0.331058 0.945489 0.082770
v -0.284613 0.867179 -0.276853
v -0.279330 0.808527 -0.275549
v -0.275168 0.739562 -0.275069
v 0.230338 0.393806 -0.277221
v 0.164166 0.395369 -0.275658
v 0.087682 0.395944 -0.275082
v -0.253943 0.880514 -0.312187
v -0.206138 0.843016 -0.329418
v -0.151741 0.805691 -0.336195
v 0.205167 0.725350 -0.340475
v 0.222226 0.706496 -0.338906
v 0.242248 0.675180 -0.338169
v 0.281041 0.358045 0.228432
v 0.281041 0.341032 0.160971
v 0.281041 0.334589 0.083090
v 0.205167 0.725350 0.340475
v 0.222226 0.706496 0.338906
v 0.242248 0.675180 0.338168
v -0.206601 0.410904 0.260123
v -0.148519 0.400737 0.270289
v -0.075154 0.396615 0.274411
v 0.041683 0.746557 0.340472
v 0.006869 0.747676 0.338879
v -0.040187 0.756133 0.338076
v 0.006041 0.341886 0.081641
v 0.006041 0.347902 0.158125
v 0.006041 0.364230 0.224297
v 0.006041 0.364230 -0.224297
v 0.006041 0.347902 -0.158125
v 0.006041 0.341886 -0.081641
v -0.075599 0.341886 0.000000
v -0.152084 0.347902 0.000000
v -0.218256 0.364230 0.000000
v 0.230338 0.337886 0.000000
v 0.164166 0.340096 0.000000
v 0.087682 0.340910 0.000000
v -0.089275 0.643269 0.329141
v -0.161869 0.650516 0.323125
v -0.224392 0.657935 0.306797
v 0.208812 0.631135 0.333311
v 0.142430 0.632577 0.330981
v 0.067459 0.634323 0.330123
v -0.001268 0.575271 0.329141
v 0.003876 0.508719 0.323125
v 0.005771 0.446207 0.306797
v -0.072896 0.756262 0.333219
v -0.048552 0.728089 0.330954
v -0.027312 0.688801 0.330119
v 0.067459 0.634323 -0.330123
v 0.142430 0.632577 -0.330981
v 0.208812 0.631135 -0.333311
v -0.224392 0.657935 -0.306797
v -0.161869 0.650516 -0.323125
v -0.089275 0.643269 -0.329141
v -0.001268 0.575271 -0.329141
v 0.003876 0.508719 -0.323125
v 0.005771 0.446207 -0.306797
v -0.072896 0.756262 -0.333219
v -0.048552 0.728089 -0.330954
v -0.027312 0.688801 -0.330119
v -0.323150 0.670919 -0.081641
v -0.317485 0.670167 -0.158125
v -0.302109 0.668126 -0.224297
v -0.302109 0.668126 0.224297
v -0.317485 0.670167 0.158125
v -0.323150 0.670919 0.081641
v -0.323099 0.589386 0.000000
v -0.317084 0.512902 0.000000
v -0.300756 0.446730 0.000000
v -0.327249 0.895323 0.000000
v -0.324934 0.829152 0.000000
v -0.324081 0.752667 0.000000
v -0.040187 0.756133 -0.338076
v 0.006869 0.747676 -0.338879
v 0.041683 0.746557 -0.340472
v 0.165198 0.738073 0.340570
v 0.126970 0.742247 0.339663
v 0.089710 0.745879 0.340570
v -0.297320 0.367666 0.088784
v -0.292057 0.372928 0.169190
v -0.280178 0.384807 0.233201
v -0.307448 0.737402 0.304382
v -0.311411 0.807887 0.303279
v -0.314046 0.867099 0.301143
v -0.361477 0.945489 -0.087607
v -0.355568 0.941730 -0.169954
v -0.341065 0.931525 -0.241782
v -0.299443 0.577182 -0.303464
v -0.292686 0.500337 -0.298129
v -0.280256 0.437638 -0.286223
v -0.084903 0.367195 -0.303832
v -0.163789 0.372789 -0.298238
v -0.227240 0.384790 -0.286236
v 0.089710 0.745879 -0.368930
v 0.126970 0.742247 -0.369837
v 0.165198 0.738073 -0.368930
v 0.272379 0.563072 -0.366476
v 0.278475 0.493024 -0.357726
v 0.280721 0.425349 -0.337753
v 0.281041 0.305400 -0.088888
v 0.281041 0.313552 -0.172353
v 0.281041 0.333305 -0.244972
v 0.272379 0.563072 0.366476
v 0.278475 0.493024 0.357726
v 0.280720 0.425349 0.337753
v 0.085522 0.364995 0.306031
v 0.163526 0.365240 0.305787
v 0.230258 0.366680 0.304346
v -0.160186 0.805691 0.364827
v -0.219537 0.843016 0.355218
v -0.272499 0.880514 0.334549
v -0.280178 0.384808 -0.233201
v -0.292057 0.372928 -0.169190
v -0.297320 0.367666 -0.088784
v -0.280256 0.437638 0.286223
v -0.292686 0.500337 0.298129
v -0.299443 0.577182 0.303464
v -0.341065 0.931525 0.241782
v -0.355568 0.941730 0.169954
v -0.361478 0.945489 0.087607
v -0.314045 0.867099 -0.301143
v -0.311411 0.807887 -0.303279
v -0.307448 0.737402 -0.304382
v 0.230258 0.366680 -0.304346
v 0.163526 0.365240 -0.305787
v 0.085522 0.364995 -0.306031
v -0.272499 0.880514 -0.334549
v -0.219537 0.843016 -0.355218
v -0.160186 0.805691 -0.364827
v 0.205167 0.725290 -0.368987
v 0.222226 0.706010 -0.370292
v 0.242248 0.673539 -0.370312
v 0.281041 0.333305 0.244972
v 0.281041 0.313552 0.172353
v 0.281041 0.305400 0.088888
v 0.205167 0.725290 0.368987
v 0.222226 0.706010 0.370292
v 0.242248 0.673539 0.370312
v -0.227240 0.384790 0.286236
v -0.163789 0.372789 0.298238
v -0.084903 0.367195 0.303832
v 0.041614 0.746557 0.368973
v 0.006316 0.747676 0.370183
v -0.042052 0.756133 0.369944
v 0.000620 0.299994 0.090069
v 0.000743 0.308375 0.174658
v 0.000866 0.328540 0.248284
v 0.000866 0.328540 -0.248284
v 0.000743 0.308375 -0.174658
v 0.000620 0.299994 -0.090069
v -0.086070 0.301055 0.000000
v -0.168760 0.309822 0.000000
v -0.241506 0.329928 0.000000
v 0.230253 0.299531 0.000000
v 0.163482 0.297536 0.000000
v 0.085371 0.297306 0.000000
v -0.100425 0.637772 0.371545
v -0.179619 0.645195 0.362299
v -0.249119 0.652757 0.341720
v 0.208721 0.626125 0.373735
v 0.141701 0.627009 0.375802
v 0.064999 0.628595 0.375944
v -0.006839 0.564456 0.371865
v -0.001467 0.491480 0.362898
v 0.000589 0.422131 0.342518
v -0.078483 0.756174 0.372938
v -0.054609 0.727382 0.375202
v -0.033373 0.686415 0.375624
v 0.064999 0.628595 -0.375944
v 0.141701 0.627009 -0.375802
v 0.208721 0.626125 -0.373735
v -0.249119 0.652757 -0.341720
v -0.179619 0.645195 -0.362299
v -0.100425 0.637772 -0.371545
v -0.006839 0.564456 -0.371865
v -0.001467 0.491480 -0.362898
v 0.000589 0.422131 -0.342518
v -0.078483 0.756174 -0.372938
v -0.054609 0.727382 -0.375202
v -0.033373 0.686415 -0.375624
v -0.365452 0.665498 -0.089749
v -0.357544 0.664869 -0.174058
v -0.338453 0.662950 -0.247487
v -0.338453 0.662950 0.247487
v -0.357544 0.664869 0.174058
v -0.365452 0.665498 0.089749
v -0.364080 0.578915 0.000000
v -0.355208 0.496225 0.000000
v -0.335063 0.423479 0.000000
v -0.366758 0.895238 -0.000000
v -0.368470 0.828467 0.000000
v -0.368351 0.750357 -0.000000
v -0.042052 0.756133 -0.369944
v 0.006316 0.747676 -0.370183
v 0.041614 0.746557 -0.368973
v 0.165198 0.738073 0.368930
v 0.126970 0.742247 0.369837
v 0.089710 0.745879 0.368930
v 0.311979 0.326835 0.000000
v 0.322291 0.318693 0.000000
v 0.311979 0.310550 0.000000
v 0.311979 0.374477 -0.296550
v 0.322291 0.380234 -0.290792
v 0.311979 0.385992 -0.285035
v 0.292167 0.628324 0.344959
v 0.302720 0.627089 0.353542
v 0.292167 0.626197 0.362125
v 0.311979 0.374477 0.296550
v 0.322291 0.380234 0.290792
v 0.311979 0.385992 0.285035
v 0.059624 0.750610 -0.347408
v 0.057965 0.751795 -0.354750
v 0.059624 0.750610 -0.362092
v -0.111873 0.786154 -0.361324
v -0.115155 0.789850 -0.352915
v -0.109430 0.786154 -0.344547
v -0.310961 0.938722 -0.293346
v -0.305240 0.947745 -0.288284
v -0.298182 0.938722 -0.283385
v 0.059624 0.750610 0.347408
v 0.057965 0.751795 0.354750
v 0.059624 0.750610 0.362092
v 0.201659 0.736639 0.362092
v 0.205943 0.737854 0.354750
v 0.201659 0.736639 0.347408
v -0.355738 0.976964 0.000000
v -0.347313 0.987277 0.000000
v -0.338821 0.976964 0.000000
v 0.292167 0.628324 -0.344959
v 0.302720 0.627089 -0.353542
v 0.292167 0.626197 -0.362125
v 0.201659 0.736639 -0.362092
v 0.205943 0.737854 -0.354750
v 0.201659 0.736639 -0.347408
v -0.298182 0.938722 0.283385
v -0.305240 0.947745 0.288284
v -0.310961 0.938722 0.293346
v -0.111873 0.786154 0.361324
v -0.115154 0.789850 0.352915
v -0.109430 0.786154 0.344547
v -0.323315 0.752462 -0.081658
v -0.317964 0.751029 -0.158160
v -0.303443 0.747138 -0.224349
v -0.324213 0.828829 -0.081782
v -0.319212 0.826573 -0.158406
v -0.305671 0.820450 -0.224714
v -0.326556 0.894884 -0.082117
v -0.321848 0.891805 -0.159072
v -0.309182 0.883450 -0.225705
v 0.097502 0.717237 -0.332161
v 0.048671 0.682676 -0.330249
v 0.122710 0.679777 -0.331126
v 0.189959 0.677112 -0.333519
v 0.172272 0.709237 -0.334371
v 0.165572 0.728016 -0.336570
v 0.117259 0.733212 -0.335188
v 0.073539 0.740417 -0.336569
v 0.041816 0.737061 -0.334359
v -0.010784 0.741735 -0.333481
v 0.022507 0.718334 -0.331115
v -0.101833 0.699718 0.329251
v -0.170830 0.713558 0.323223
v -0.230032 0.727711 0.306881
v -0.117945 0.745588 0.330023
v -0.182184 0.767534 0.323912
v -0.237302 0.789867 0.307471
v -0.135686 0.780808 0.332117
v -0.194551 0.811098 0.325780
v -0.245518 0.841699 0.309071
v 0.087682 0.341772 0.081663
v 0.087682 0.347794 0.158169
v 0.087682 0.364133 0.224362
v 0.164166 0.340974 0.081822
v 0.164166 0.347043 0.158481
v 0.164166 0.363457 0.224814
v 0.230338 0.338807 0.082252
v 0.230338 0.345003 0.159326
v 0.230338 0.361620 0.226041
v -0.217917 0.364980 0.081320
v -0.215550 0.370229 0.155563
v -0.210269 0.384247 0.216311
v -0.151972 0.348729 0.081529
v -0.151193 0.354522 0.157234
v -0.149522 0.370229 0.221591
v -0.075585 0.342741 0.081627
v -0.075488 0.348729 0.158014
v -0.075279 0.364980 0.223959
v -0.210269 0.384247 -0.216311
v -0.215550 0.370229 -0.155563
v -0.217917 0.364980 -0.081320
v -0.149522 0.370229 -0.221591
v -0.151193 0.354522 -0.157234
v -0.151972 0.348729 -0.081529
v -0.075279 0.364980 -0.223959
v -0.075488 0.348729 -0.158014
v -0.075585 0.342741 -0.081627
v 0.087682 0.364133 -0.224361
v 0.087682 0.347794 -0.158169
v 0.087682 0.341772 -0.081663
v 0.164166 0.363457 -0.224814
v 0.164166 0.347043 -0.158481
v 0.164166 0.340974 -0.081822
v 0.230338 0.361620 -0.226041
v 0.230338 0.345003 -0.159326
v 0.230338 0.338807 -0.082252
v -0.075493 0.446634 0.306047
v -0.149674 0.449115 0.300797
v -0.210365 0.454511 0.286779
v -0.077197 0.509543 0.322298
v -0.152416 0.511229 0.316505
v -0.216317 0.513827 0.300797
v -0.081355 0.577690 0.328285
v -0.156101 0.580845 0.322298
v -0.220506 0.584183 0.306047
v 0.230002 0.444362 0.309409
v 0.163827 0.445612 0.307571
v 0.087366 0.446092 0.306894
v 0.227647 0.506715 0.326045
v 0.161449 0.507740 0.323990
v 0.085154 0.508269 0.323233
v 0.221257 0.571945 0.332291
v 0.154996 0.572984 0.330074
v 0.079151 0.573879 0.329257
v 0.097502 0.717237 0.332161
v 0.189959 0.677112 0.333519
v 0.122710 0.679777 0.331126
v 0.048671 0.682676 0.330249
v 0.022507 0.718334 0.331115
v -0.010784 0.741735 0.333481
v 0.041816 0.737061 0.334359
v 0.073539 0.740417 0.336569
v 0.117259 0.733212 0.335188
v 0.165572 0.728016 0.336570
v 0.172272 0.709237 0.334371
v 0.087366 0.446092 -0.306894
v 0.163827 0.445612 -0.307571
v 0.230002 0.444362 -0.309409
v 0.085154 0.508269 -0.323233
v 0.161449 0.507740 -0.323990
v 0.227647 0.506715 -0.326045
v 0.079151 0.573879 -0.329257
v 0.154996 0.572984 -0.330074
v 0.221257 0.571945 -0.332291
v -0.210365 0.454511 -0.286779
v -0.149674 0.449115 -0.300797
v -0.075493 0.446634 -0.306047
v -0.216317 0.513827 -0.300797
v -0.152416 0.511229 -0.316505
v -0.077197 0.509543 -0.322298
v -0.220506 0.584183 -0.306047
v -0.156101 0.580844 -0.322298
v -0.081355 0.577690 -0.328285
v -0.230032 0.727711 -0.306881
v -0.170830 0.713558 -0.323223
v -0.101833 0.699718 -0.329251
v -0.237302 0.789867 -0.307471
v -0.182184 0.767534 -0.323912
v -0.117945 0.745588 -0.330022
v -0.245518 0.841699 -0.309071
v -0.194551 0.811098 -0.325780
v -0.135686 0.780808 -0.332117
v -0.300006 0.447066 -0.081320
v -0.294762 0.449422 -0.155563
v -0.280759 0.454671 -0.216311
v -0.316262 0.513000 -0.081529
v -0.310514 0.513685 -0.157234
v -0.294925 0.515101 -0.221591
v -0.322265 0.589355 -0.081627
v -0.316425 0.589135 -0.158014
v -0.300577 0.588483 -0.223959
v -0.280759 0.454671 0.216311
v -0.294762 0.449422 0.155563
v -0.300006 0.447066 0.081320
v -0.294925 0.515101 0.221591
v -0.310514 0.513685 0.157234
v -0.316262 0.513000 0.081529
v -0.300577 0.588483 0.223959
v -0.316425 0.589135 0.158014
v -0.322265 0.589355 0.081627
v -0.303443 0.747138 0.224349
v -0.317964 0.751029 0.158160
v -0.323315 0.752462 0.081658
v -0.305671 0.820450 0.224714
v -0.319212 0.826573 0.158406
v -0.324213 0.828829 0.081782
v -0.309182 0.883450 0.225705
v -0.321848 0.891805 0.159072
v -0.326556 0.894884 0.082117
v -0.366842 0.750175 -0.089596
v -0.367064 0.828152 -0.089202
v -0.365487 0.894799 -0.088546
v -0.359253 0.748794 -0.173792
v -0.359967 0.825911 -0.173051
v -0.358975 0.891723 -0.171787
v -0.340987 0.744955 -0.247187
v -0.342856 0.819803 -0.246194
v -0.343177 0.883369 -0.244421
v 0.096957 0.716736 -0.376848
v 0.046119 0.680265 -0.377082
v 0.019975 0.717639 -0.376820
v -0.013135 0.741651 -0.374592
v 0.041140 0.737008 -0.374717
v 0.073457 0.740407 -0.372878
v 0.117203 0.733162 -0.374261
v 0.165562 0.727943 -0.372889
v 0.172215 0.708631 -0.374809
v 0.189871 0.675004 -0.374924
v 0.121975 0.677449 -0.377033
v -0.113417 0.697399 0.372209
v -0.129517 0.744901 0.371576
v -0.146360 0.780722 0.369248
v -0.189259 0.711314 0.362627
v -0.200578 0.766869 0.361764
v -0.211499 0.811014 0.359398
v -0.255677 0.725526 0.341733
v -0.262854 0.789220 0.340690
v -0.269022 0.841618 0.338369
v 0.085395 0.299015 0.090202
v 0.163489 0.299251 0.090123
v 0.230253 0.301211 0.089722
v 0.085447 0.307504 0.174926
v 0.163504 0.307752 0.174775
v 0.230255 0.309607 0.173990
v 0.085498 0.327816 0.248695
v 0.163519 0.328071 0.248487
v 0.230257 0.329752 0.247349
v -0.240883 0.331203 0.089007
v -0.168464 0.311290 0.089446
v -0.085948 0.302647 0.089815
v -0.237757 0.337994 0.170449
v -0.167236 0.318986 0.172682
v -0.085607 0.310812 0.174056
v -0.231476 0.354534 0.237449
v -0.165046 0.337843 0.243818
v -0.085145 0.330634 0.247186
v -0.231476 0.354534 -0.237449
v -0.165046 0.337843 -0.243818
v -0.085145 0.330634 -0.247186
v -0.237757 0.337994 -0.170449
v -0.167236 0.318986 -0.172682
v -0.085607 0.310812 -0.174056
v -0.240883 0.331203 -0.089007
v -0.168464 0.311290 -0.089446
v -0.085948 0.302647 -0.089815
v 0.085498 0.327816 -0.248695
v 0.163519 0.328071 -0.248487
v 0.230257 0.329752 -0.247349
v 0.085447 0.307504 -0.174926
v 0.163504 0.307752 -0.174775
v 0.230255 0.309607 -0.173990
v 0.085395 0.299015 -0.090202
v 0.163489 0.299251 -0.090123
v 0.230253 0.301211 -0.089722
v -0.085369 0.423321 0.340417
v -0.087401 0.492814 0.360411
v -0.092004 0.567182 0.369043
v -0.165216 0.426805 0.333200
v -0.168593 0.495115 0.352177
v -0.173045 0.570683 0.360198
v -0.231595 0.433292 0.316503
v -0.238708 0.498294 0.333110
v -0.244095 0.574312 0.340086
v 0.229921 0.422976 0.341310
v 0.227564 0.491424 0.361700
v 0.221170 0.562362 0.370761
v 0.163179 0.421852 0.342992
v 0.160781 0.490749 0.363563
v 0.154300 0.562334 0.372750
v 0.085180 0.421669 0.343245
v 0.082900 0.490797 0.363801
v 0.076800 0.562924 0.372950
v 0.096957 0.716736 0.376848
v 0.189871 0.675004 0.374924
v 0.172215 0.708631 0.374809
v 0.165562 0.727943 0.372889
v 0.117203 0.733162 0.374261
v 0.073457 0.740407 0.372878
v 0.041140 0.737008 0.374717
v -0.013135 0.741651 0.374592
v 0.019975 0.717639 0.376820
v 0.046119 0.680265 0.377082
v 0.121975 0.677449 0.377033
v 0.085180 0.421668 -0.343245
v 0.082900 0.490797 -0.363801
v 0.076800 0.562924 -0.372950
v 0.163179 0.421852 -0.342992
v 0.160781 0.490749 -0.363563
v 0.154300 0.562334 -0.372750
v 0.229921 0.422976 -0.341310
v 0.227564 0.491424 -0.361700
v 0.221170 0.562362 -0.370761
v -0.231595 0.433292 -0.316503
v -0.238708 0.498294 -0.333110
v -0.244095 0.574312 -0.340086
v -0.165216 0.426805 -0.333200
v -0.168593 0.495115 -0.352177
v -0.173045 0.570683 -0.360198
v -0.085369 0.423321 -0.340417
v -0.087401 0.492814 -0.360411
v -0.092004 0.567182 -0.369043
v -0.255677 0.725526 -0.341733
v -0.262854 0.789220 -0.340690
v -0.269022 0.841618 -0.338369
v -0.189259 0.711314 -0.362627
v -0.200578 0.766869 -0.361764
v -0.211500 0.811014 -0.359398
v -0.113417 0.697399 -0.372209
v -0.129517 0.744901 -0.371576
v -0.146360 0.780722 -0.369248
v -0.333789 0.424101 -0.089002
v -0.353753 0.496508 -0.089406
v -0.362532 0.578992 -0.089680
v -0.327006 0.427215 -0.170440
v -0.346116 0.497642 -0.172607
v -0.354567 0.579016 -0.173803
v -0.310483 0.433464 -0.237437
v -0.327393 0.499576 -0.243718
v -0.335198 0.578617 -0.246850
v -0.310483 0.433464 0.237437
v -0.327393 0.499576 0.243718
v -0.335198 0.578617 0.246850
v -0.327006 0.427215 0.170440
v -0.346116 0.497642 0.172607
v -0.354567 0.579016 0.173803
v -0.333789 0.424101 0.089002
v -0.353753 0.496508 0.089406
v -0.362532 0.578992 0.089680
v -0.340987 0.744955 0.247187
v -0.342856 0.819803 0.246194
v -0.343177 0.883369 0.244421
v -0.359253 0.748794 0.173792
v -0.359967 0.825911 0.173051
v -0.358975 0.891723 0.171787
v -0.366842 0.750175 0.089596
v -0.367064 0.828152 0.089202
v -0.365487 0.894799 0.088546
v 0.311979 0.352440 -0.232179
v 0.311979 0.334806 -0.163549
v 0.311979 0.327976 -0.084404
v 0.322291 0.345675 -0.236702
v 0.322291 0.327292 -0.166662
v 0.322291 0.319994 -0.085989
v 0.311979 0.338910 -0.241224
v 0.311979 0.319778 -0.169774
v 0.311979 0.312013 -0.087575
v 0.311669 0.438180 0.318599
v 0.309502 0.502139 0.336317
v 0.303621 0.568608 0.343375
v 0.321986 0.433638 0.325370
v 0.319845 0.498872 0.343886
v 0.314035 0.566501 0.351542
v 0.311669 0.429102 0.332142
v 0.309502 0.495649 0.351455
v 0.303621 0.564540 0.359709
v -0.058676 0.764449 -0.345277
v -0.013409 0.753812 -0.345968
v 0.025012 0.750644 -0.346858
v -0.065184 0.767224 -0.353976
v -0.020035 0.755887 -0.354521
v 0.020123 0.752116 -0.354721
v -0.059706 0.764449 -0.362691
v -0.013714 0.753812 -0.363078
v 0.024974 0.750644 -0.362585
v -0.261794 0.904071 -0.317085
v -0.215250 0.862288 -0.335131
v -0.162984 0.820579 -0.342595
v -0.268145 0.911924 -0.323068
v -0.220987 0.868711 -0.342083
v -0.168434 0.825542 -0.350356
v -0.272033 0.904071 -0.329201
v -0.222649 0.862288 -0.349152
v -0.167649 0.820579 -0.358195
v 0.169195 0.743458 0.346925
v 0.132531 0.747573 0.346505
v 0.095246 0.749864 0.346925
v 0.171653 0.745262 0.354750
v 0.134431 0.749376 0.354750
v 0.096150 0.751302 0.354750
v 0.169195 0.743458 0.362575
v 0.132531 0.747573 0.362995
v 0.095246 0.749864 0.362575
v -0.338064 0.976367 -0.083798
v -0.333417 0.972184 -0.162416
v -0.321312 0.960831 -0.230671
v -0.346459 0.986659 -0.085068
v -0.341530 0.982335 -0.164937
v -0.328974 0.970599 -0.234409
v -0.354758 0.976367 -0.086398
v -0.349393 0.972184 -0.167572
v -0.336007 0.960831 -0.238296
v 0.228327 0.725193 -0.346865
v 0.252040 0.705437 -0.346020
v 0.274150 0.673900 -0.345451
v 0.235793 0.725552 -0.354731
v 0.261866 0.705129 -0.354599
v 0.284770 0.673166 -0.354240
v 0.228327 0.725159 -0.362598
v 0.252040 0.705171 -0.363178
v 0.274150 0.673003 -0.363029
v -0.162984 0.820579 0.342595
v -0.215250 0.862288 0.335131
v -0.261794 0.904071 0.317085
v -0.168434 0.825542 0.350356
v -0.220987 0.868712 0.342083
v -0.268145 0.911924 0.323068
v -0.167649 0.820579 0.358195
v -0.222649 0.862288 0.349152
v -0.272033 0.904071 0.329201
v 0.311979 0.327976 0.084404
v 0.311979 0.334806 0.163550
v 0.311979 0.352440 0.232179
v 0.322291 0.319994 0.085989
v 0.322291 0.327292 0.166662
v 0.322291 0.345675 0.236702
v 0.311979 0.312013 0.087575
v 0.311979 0.319778 0.169774
v 0.311979 0.338910 0.241224
v 0.274150 0.673900 0.345451
v 0.252040 0.705437 0.346020
v 0.228327 0.725193 0.346864
v 0.284770 0.673166 0.354240
v 0.261866 0.705129 0.354599
v 0.235793 0.725552 0.354731
v 0.274150 0.673003 0.363029
v 0.252040 0.705171 0.363178
v 0.228327 0.725159 0.362598
v 0.095246 0.749864 -0.346925
v 0.132531 0.747573 -0.346505
v 0.169195 0.743458 -0.346925
v 0.096150 0.751302 -0.354750
v 0.134431 0.749376 -0.354750
v 0.171653 0.745262 -0.354750
v 0.095246 0.749864 -0.362575
v 0.132531 0.747573 -0.362995
v 0.169195 0.743458 -0.362575
v -0.321312 0.960831 0.230671
v -0.333417 0.972184 0.162415
v -0.338064 0.976367 0.083798
v -0.328974 0.970599 0.234409
v -0.341530 0.982335 0.164937
v -0.346459 0.986659 0.085068
v -0.336007 0.960831 0.238296
v -0.349393 0.972184 0.167572
v -0.354758 0.976367 0.086398
v 0.303621 0.568608 -0.343375
v 0.309502 0.502139 -0.336317
v 0.311669 0.438180 -0.318599
v 0.314035 0.566501 -0.351542
v 0.319845 0.498872 -0.343886
v 0.321986 0.433638 -0.325370
v 0.303621 0.564540 -0.359709
v 0.309502 0.495649 -0.351455
v 0.311669 0.429102 -0.332142
v 0.025012 0.750644 0.346858
v -0.013409 0.753812 0.345968
v -0.058676 0.764449 0.345277
v 0.020123 0.752116 0.354721
v -0.020035 0.755887 0.354521
v -0.065184 0.767224 0.353976
v 0.024974 0.750644 0.362585
v -0.013714 0.753812 0.363078
v -0.059706 0.764449 0.362691
v -0.000000 0.000000 -0.024000
v -0.000000 0.300000 -0.024000
v 0.009184 0.000000 -0.022173
v 0.009184 0.300000 -0.022173
v 0.016971 0.000000 -0.016971
v 0.016971 0.300000 -0.016971
v 0.022173 0.000000 -0.009184
v 0.022173 0.300000 -0.009184
v 0.024000 0.000000 -0.000000
v 0.024000 0.300000 -0.000000
v 0.022173 0.000000 0.009184
v 0.022173 0.300000 0.009184
v 0.016971 0.000000 0.016971
v 0.016971 0.300000 0.016971
v 0.009184 0.000000 0.022173
v 0.009184 0.300000 0.022173
v -0.000000 0.000000 0.024000
v -0.000000 0.300000 0.024000
v -0.009184 0.000000 0.022173
v -0.009184 0.300000 0.022173
v -0.016971 0.000000 0.016971
v -0.016971 0.300000 0.016971
v -0.022173 0.000000 0.009184
v -0.022173 0.300000 0.009184
v -0.024000 0.000000 -0.000000
v -0.024000 0.300000 -0.000000
v -0.022173 0.000000 -0.009184
v -0.022173 0.300000 -0.009184
v -0.016971 0.000000 -0.016971
v -0.016971 0.300000 -0.016971
v -0.009184 0.000000 -0.022173
v -0.009184 0.300000 -0.022173
v -0.000000 0.022500 -0.024000
v 0.009184 0.022500 -0.022173
v 0.016971 0.022500 -0.016971
v 0.022173 0.022500 -0.009184
v 0.024000 0.022500 -0.000000
v 0.022173 0.022500 0.009184
v 0.016971 0.022500 0.016971
v 0.009184 0.022500 0.022173
v -0.000000 0.022500 0.024000
v -0.009184 0.022500 0.022173
v -0.016971 0.022500 0.016971
v -0.022173 0.022500 0.009184
v -0.024000 0.022500 -0.000000
v -0.022173 0.022500 -0.009184
v -0.016971 0.022500 -0.016971
v -0.009184 0.022500 -0.022173
v 0.322173 0.000000 -0.009184
v 0.324000 0.000000 -0.000000
v 0.322173 0.000000 0.009184
v 0.009184 0.000000 0.322173
v -0.000000 0.000000 0.324000
v -0.009184 0.000000 0.322173
v -0.322173 0.000000 0.009184
v -0.324000 0.000000 -0.000000
v -0.322173 0.000000 -0.009184
v -0.000000 0.000000 -0.324000
v 0.009184 0.000000 -0.322173
v -0.009184 0.000000 -0.322173
v 0.316061 0.010744 -0.009184
v 0.322173 0.004500 -0.009184
v 0.319117 0.009818 -0.009184
v 0.321354 0.007533 -0.009184
v 0.324000 0.004500 -0.000000
v 0.317888 0.010744 -0.000000
v 0.323181 0.007533 -0.000000
v 0.320944 0.009818 -0.000000
v 0.322173 0.004500 0.009184
v 0.316061 0.010744 0.009184
v 0.321354 0.007533 0.009184
v 0.319117 0.009818 0.009184
v 0.009184 0.010744 0.316061
v 0.009184 0.004500 0.322173
v 0.009184 0.009818 0.319117
v 0.009184 0.007533 0.321354
v -0.000000 0.004500 0.324000
v -0.000000 0.010744 0.317888
v -0.000000 0.007533 0.323181
v -0.000000 0.009818 0.320944
v -0.009184 0.004500 0.322173
v -0.009184 0.010744 0.316061
v -0.009184 0.007533 0.321354
v -0.009184 0.009818 0.319117
v -0.316061 0.010744 0.009184
v -0.322173 0.004500 0.009184
v -0.319117 0.009818 0.009184
v -0.321354 0.007533 0.009184
v -0.324000 0.004500 -0.000000
v -0.317888 0.010744 -0.000000
v -0.323181 0.007533 -0.000000
v -0.320944 0.009818 -0.000000
v -0.322173 0.004500 -0.009184
v -0.316061 0.010744 -0.009184
v -0.321354 0.007533 -0.009184
v -0.319117 0.009818 -0.009184
v 0.009184 0.004500 -0.322173
v 0.009184 0.010744 -0.316061
v 0.009184 0.007533 -0.321354
v 0.009184 0.009818 -0.319117
v -0.009184 0.010744 -0.316061
v -0.009184 0.004500 -0.322173
v -0.009184 0.009818 -0.319117
v -0.009184 0.007533 -0.321354
v -0.000000 0.010744 -0.317888
v -0.000000 0.004500 -0.324000
v -0.000000 0.009818 -0.320944
v -0.000000 0.007533 -0.323181
vn 0.9992 0.0079 0.0394
vn 0.9899 0.0134 0.1413
vn 0.9909 0.0318 0.1306
vn 0.9990 0.0249 0.0366
vn 0.9364 0.0261 0.3501
vn 0.9448 0.0483 0.3242
vn 0.9904 0.0717 0.1178
vn 0.9974 0.0638 0.0334
vn 0.9522 0.0922 0.2911
vn 1.0000 0.0062 -0.0000
vn 0.9991 0.0071 0.0416
vn 1.0000 0.0066 -0.0000
vn 0.9887 0.0109 0.1494
vn 0.9293 0.0195 0.3689
vn 0.7289 0.0295 0.6840
vn 0.7493 0.0418 0.6609
vn 0.7781 0.0714 0.6241
vn 0.8134 0.1250 0.5681
vn 0.8499 0.2364 0.4709
vn 0.9511 0.1909 0.2428
vn 0.9809 0.1664 0.1002
vn 0.9870 0.1578 0.0291
vn 0.9981 0.0621 -0.0000
vn 0.9878 0.1560 -0.0000
vn 0.9997 0.0234 -0.0000
vn 0.0084 0.0187 0.9998
vn 0.0250 0.0284 0.9993
vn 0.0236 0.1140 0.9932
vn 0.0144 0.0841 0.9964
vn 0.0648 0.0485 0.9967
vn 0.0673 0.1048 0.9922
vn 0.0784 0.2575 0.9631
vn 0.0413 0.2933 0.9551
vn 0.0191 0.4214 0.9067
vn 0.0282 0.3437 0.9386
vn 0.0557 0.3178 0.9465
vn 0.0066 0.0094 0.9999
vn 0.0071 0.0108 0.9999
vn 0.0084 0.0150 0.9999
vn 0.0242 0.0172 0.9996
vn 0.0212 0.0682 0.9974
vn 0.1590 0.0634 0.9852
vn 0.1637 0.1040 0.9810
vn 0.0633 0.0313 0.9975
vn 0.1714 0.1919 0.9663
vn 0.1552 0.5581 0.8151
vn 0.1046 0.5673 0.8169
vn 0.1809 0.3653 0.9131
vn 0.0634 0.6046 0.7940
vn 0.0128 0.7618 0.6477
vn 0.0197 0.7219 0.6917
vn 0.0328 0.6831 0.7296
vn 0.0830 0.7205 0.6884
vn 0.2742 0.6272 0.7290
vn 0.0898 0.2648 0.9601
vn 0.1778 0.7089 0.6825
vn 0.0526 0.0223 -0.9984
vn 0.1845 0.0368 -0.9822
vn 0.2187 0.0793 -0.9726
vn 0.0741 0.0686 -0.9949
vn 0.4368 0.0463 -0.8984
vn 0.4792 0.0835 -0.8737
vn 0.3003 0.1755 -0.9376
vn 0.1553 0.2085 -0.9656
vn 0.5489 0.1535 -0.8217
vn 0.0066 0.0094 -0.9999
vn 0.0471 0.0143 -0.9988
vn 0.0084 0.0150 -0.9999
vn 0.1699 0.0238 -0.9852
vn 0.4124 0.0311 -0.9105
vn 0.7289 0.0295 -0.6840
vn 0.7493 0.0418 -0.6609
vn 0.7781 0.0714 -0.6241
vn 0.8134 0.1250 -0.5681
vn 0.8499 0.2364 -0.4709
vn 0.6559 0.2930 -0.6956
vn 0.4690 0.3720 -0.8010
vn 0.3610 0.4948 -0.7904
vn 0.0898 0.2648 -0.9601
vn 0.2742 0.6272 -0.7290
vn 0.0212 0.0682 -0.9974
vn 0.0059 0.9990 -0.0446
vn 0.0059 0.9872 -0.1596
vn 0.0214 0.9869 -0.1601
vn 0.0216 0.9988 -0.0449
vn 0.0060 0.9206 -0.3904
vn 0.0218 0.9203 -0.3907
vn 0.0574 0.9853 -0.1612
vn 0.0580 0.9973 -0.0457
vn 0.0584 0.9185 -0.3911
vn 0.0060 1.0000 -0.0000
vn 0.0059 0.9990 -0.0445
vn 0.0058 0.9872 -0.1595
vn 0.0058 0.9207 -0.3903
vn 0.0060 0.7087 -0.7055
vn 0.0062 0.7089 -0.7053
vn 0.0224 0.7089 -0.7050
vn 0.0600 0.7079 -0.7037
vn 0.1524 0.7012 -0.6965
vn 0.1484 0.9092 -0.3889
vn 0.1456 0.9760 -0.1619
vn 0.1468 0.9881 -0.0468
vn 0.0585 0.9983 -0.0000
vn 0.1480 0.9890 -0.0000
vn 0.0218 0.9998 -0.0000
vn 0.3901 0.9198 -0.0437
vn 0.3868 0.9087 -0.1572
vn 0.1581 0.9747 -0.1581
vn 0.1590 0.9863 -0.0437
vn 0.3677 0.8541 -0.3677
vn 0.1572 0.9087 -0.3868
vn 0.0437 0.9863 -0.1590
vn 0.0442 0.9980 -0.0442
vn 0.0437 0.9198 -0.3901
vn 0.7071 0.7071 -0.0000
vn 0.7064 0.7064 -0.0443
vn 0.3903 0.9207 -0.0000
vn 0.6982 0.6984 -0.1574
vn 0.6618 0.6623 -0.3513
vn 0.5772 0.5783 -0.5765
vn 0.3516 0.6630 -0.6609
vn 0.1576 0.6995 -0.6971
vn 0.0445 0.7078 -0.7050
vn 0.0444 0.9990 -0.0000
vn 0.1594 0.9872 -0.0000
vn 0.3677 0.8541 0.3677
vn 0.3868 0.9087 0.1572
vn 0.1581 0.9747 0.1581
vn 0.1572 0.9087 0.3868
vn 0.3901 0.9198 0.0437
vn 0.1590 0.9863 0.0437
vn 0.0437 0.9863 0.1590
vn 0.0437 0.9198 0.3901
vn 0.0442 0.9980 0.0442
vn 0.5772 0.5783 0.5765
vn 0.6618 0.6623 0.3513
vn 0.3516 0.6630 0.6609
vn 0.6982 0.6984 0.1574
vn 0.7064 0.7064 0.0443
vn 0.0059 0.9990 0.0445
vn 0.0058 0.9872 0.1595
vn 0.0058 0.9207 0.3903
vn 0.0445 0.7078 0.7050
vn 0.0060 0.7087 0.7055
vn 0.1576 0.6995 0.6971
vn 0.0060 0.9206 0.3904
vn 0.0059 0.9872 0.1596
vn 0.0214 0.9869 0.1601
vn 0.0218 0.9203 0.3907
vn 0.0059 0.9990 0.0446
vn 0.0216 0.9988 0.0449
vn 0.0574 0.9853 0.1612
vn 0.0584 0.9185 0.3911
vn 0.0580 0.9973 0.0457
vn 0.0062 0.7089 0.7053
vn 0.1468 0.9881 0.0468
vn 0.1456 0.9760 0.1619
vn 0.1484 0.9092 0.3889
vn 0.0600 0.7079 0.7037
vn 0.1524 0.7012 0.6965
vn 0.0224 0.7089 0.7050
vn 0.0445 0.3974 -0.9166
vn 0.1582 0.3933 -0.9057
vn 0.1610 0.1698 -0.9722
vn 0.0454 0.1707 -0.9843
vn 0.3688 0.3735 -0.8512
vn 0.3910 0.1687 -0.9048
vn 0.1642 0.0570 -0.9848
vn 0.0461 0.0537 -0.9975
vn 0.4001 0.0602 -0.9145
vn 0.0064 0.3987 -0.9171
vn 0.6624 0.3559 -0.6593
vn 0.7016 0.1667 -0.6928
vn 0.7161 0.0591 -0.6954
vn 0.0069 0.0526 -0.9986
vn 0.0070 0.1721 -0.9851
vn 0.0592 0.4024 -0.9135
vn 0.0222 0.4009 -0.9159
vn 0.0224 0.1764 -0.9841
vn 0.0591 0.1809 -0.9817
vn 0.0064 0.3997 -0.9166
vn 0.0067 0.1738 -0.9848
vn 0.0232 0.0579 -0.9981
vn 0.0608 0.0660 -0.9960
vn 0.0069 0.0541 -0.9985
vn 0.1498 0.4023 -0.9032
vn 0.0071 0.0108 -0.9999
vn 0.0242 0.0172 -0.9996
vn 0.0633 0.0313 -0.9975
vn 0.1532 0.0826 -0.9847
vn 0.1590 0.0634 -0.9852
vn 0.1493 0.1883 -0.9707
vn 0.0648 0.0485 -0.9967
vn 0.0250 0.0284 -0.9993
vn 0.0236 0.1140 -0.9932
vn 0.0673 0.1048 -0.9922
vn 0.0084 0.0187 -0.9998
vn 0.0144 0.0841 -0.9964
vn 0.0557 0.3178 -0.9465
vn 0.0282 0.3437 -0.9386
vn 0.0191 0.4214 -0.9067
vn 0.0413 0.2933 -0.9551
vn 0.0784 0.2575 -0.9631
vn 0.1637 0.1040 -0.9810
vn 0.1714 0.1919 -0.9663
vn 0.1778 0.7089 -0.6825
vn 0.0830 0.7205 -0.6884
vn 0.0128 0.7618 -0.6477
vn 0.0328 0.6831 -0.7296
vn 0.0197 0.7219 -0.6917
vn 0.0634 0.6046 -0.7940
vn 0.1552 0.5581 -0.8151
vn 0.1809 0.3653 -0.9131
vn 0.1046 0.5673 -0.8169
vn 0.0064 0.3997 0.9166
vn 0.0222 0.4009 0.9159
vn 0.0224 0.1764 0.9841
vn 0.0067 0.1738 0.9848
vn 0.0592 0.4024 0.9135
vn 0.0591 0.1809 0.9817
vn 0.0232 0.0579 0.9981
vn 0.0069 0.0541 0.9985
vn 0.0608 0.0660 0.9960
vn 0.0064 0.3987 0.9171
vn 0.1498 0.4023 0.9032
vn 0.1493 0.1883 0.9707
vn 0.1532 0.0826 0.9847
vn 0.0069 0.0526 0.9986
vn 0.0070 0.1721 0.9851
vn 0.3688 0.3735 0.8512
vn 0.1582 0.3933 0.9057
vn 0.1610 0.1698 0.9722
vn 0.3910 0.1687 0.9048
vn 0.0445 0.3974 0.9166
vn 0.0454 0.1707 0.9843
vn 0.1642 0.0570 0.9848
vn 0.4001 0.0602 0.9145
vn 0.0461 0.0537 0.9975
vn 0.6624 0.3559 0.6593
vn 0.0471 0.0143 0.9988
vn 0.1699 0.0238 0.9852
vn 0.4124 0.0311 0.9105
vn 0.7161 0.0591 0.6954
vn 0.7016 0.1667 0.6928
vn 0.4368 0.0463 0.8984
vn 0.1845 0.0368 0.9822
vn 0.2187 0.0793 0.9726
vn 0.4792 0.0835 0.8737
vn 0.0526 0.0223 0.9984
vn 0.0741 0.0686 0.9949
vn 0.3003 0.1755 0.9376
vn 0.5489 0.1535 0.8217
vn 0.1553 0.2085 0.9656
vn 0.3610 0.4948 0.7904
vn 0.4690 0.3720 0.8010
vn 0.6559 0.2930 0.6956
vn 0.9197 0.3902 0.0436
vn 0.9084 0.3876 0.1566
vn 0.9747 0.1599 0.1561
vn 0.9863 0.1594 0.0431
vn 0.8538 0.3699 0.3663
vn 0.9096 0.1623 0.3824
vn 0.9869 0.0468 0.1542
vn 0.9981 0.0449 0.0428
vn 0.9235 0.0523 0.3799
vn 0.9207 0.3903 -0.0000
vn 0.9990 0.0445 -0.0000
vn 0.9872 0.1595 -0.0000
vn 0.8538 0.3699 -0.3663
vn 0.9084 0.3876 -0.1566
vn 0.9747 0.1599 -0.1561
vn 0.9096 0.1623 -0.3824
vn 0.9197 0.3902 -0.0436
vn 0.9863 0.1594 -0.0431
vn 0.9869 0.0468 -0.1542
vn 0.9235 0.0523 -0.3799
vn 0.9981 0.0449 -0.0428
vn 0.9991 0.0071 -0.0416
vn 0.9887 0.0109 -0.1494
vn 0.9293 0.0195 -0.3689
vn 0.9364 0.0261 -0.3501
vn 0.9899 0.0134 -0.1413
vn 0.9909 0.0318 -0.1306
vn 0.9448 0.0483 -0.3242
vn 0.9992 0.0079 -0.0394
vn 0.9990 0.0249 -0.0366
vn 0.9904 0.0717 -0.1178
vn 0.9522 0.0922 -0.2911
vn 0.9974 0.0638 -0.0334
vn 0.9870 0.1578 -0.0291
vn 0.9809 0.1664 -0.1002
vn 0.9511 0.1909 -0.2428
vn -0.9985 -0.0104 -0.0530
vn -0.9987 0.0095 -0.0501
vn -0.9877 0.0031 -0.1563
vn -0.9862 -0.0153 -0.1649
vn -0.9976 0.0505 -0.0472
vn -0.9879 0.0434 -0.1488
vn -0.9342 -0.0093 -0.3565
vn -0.9270 -0.0251 -0.3742
vn -0.9389 0.0306 -0.3429
vn -0.9997 -0.0249 -0.0000
vn -1.0000 -0.0091 -0.0000
vn -0.9982 -0.0255 -0.0549
vn -0.9999 0.0113 -0.0000
vn -0.9986 0.0526 -0.0000
vn -0.9890 0.1481 -0.0000
vn -0.9882 0.1460 -0.0458
vn -0.9791 0.1398 -0.1475
vn -0.9290 0.1316 -0.3458
vn -0.7528 0.1274 -0.6458
vn -0.7745 0.0175 -0.6323
vn -0.7628 -0.0227 -0.6462
vn -0.7438 -0.0356 -0.6675
vn -0.9207 -0.0345 -0.3888
vn -0.7269 -0.0412 -0.6855
vn -0.9848 -0.0283 -0.1716
vn -0.0085 -0.0109 -0.9999
vn -0.0070 0.0474 -0.9988
vn 0.0147 0.0852 -0.9963
vn 0.0165 -0.0010 -0.9999
vn 0.0240 0.2649 -0.9640
vn 0.0142 0.3071 -0.9516
vn 0.0152 0.4050 -0.9142
vn 0.0387 0.2785 -0.9597
vn 0.0768 0.2441 -0.9667
vn 0.0640 0.0812 -0.9946
vn 0.0612 0.0195 -0.9979
vn -0.0279 -0.0351 -0.9990
vn -0.0311 -0.0153 -0.9994
vn -0.0074 -0.0351 -0.9994
vn -0.0280 0.0295 -0.9992
vn 0.0166 -0.0302 -0.9994
vn 0.1792 0.5503 -0.8155
vn 0.1390 0.6631 -0.7355
vn 0.0185 0.1990 -0.9798
vn 0.0661 0.6913 -0.7196
vn 0.0122 0.7597 -0.6501
vn 0.0325 0.6807 -0.7318
vn 0.0147 0.7101 -0.7040
vn 0.0632 0.6021 -0.7959
vn 0.1552 0.5553 -0.8170
vn 0.1809 0.3541 -0.9175
vn 0.1044 0.5647 -0.8187
vn 0.1703 0.1694 -0.9707
vn 0.1563 0.0135 -0.9876
vn 0.0599 -0.0171 -0.9981
vn 0.1614 0.0738 -0.9841
vn -0.0855 -0.0206 0.9961
vn -0.0869 0.0094 0.9962
vn -0.2310 -0.0141 0.9728
vn -0.2177 -0.0306 0.9755
vn -0.0506 0.1131 0.9923
vn -0.2208 0.0449 0.9743
vn -0.4775 -0.0262 0.8783
vn -0.4542 -0.0375 0.8901
vn -0.4865 0.0168 0.8735
vn -0.0279 -0.0351 0.9990
vn -0.0311 -0.0153 0.9994
vn -0.0785 -0.0354 0.9963
vn -0.0280 0.0295 0.9992
vn 0.0185 0.1990 0.9798
vn 0.1792 0.5503 0.8155
vn 0.0979 0.3635 0.9264
vn -0.1232 0.2088 0.9702
vn -0.4349 0.1404 0.8895
vn -0.7528 0.1274 0.6458
vn -0.7745 0.0175 0.6323
vn -0.7628 -0.0227 0.6462
vn -0.7438 -0.0356 0.6675
vn -0.4332 -0.0422 0.9003
vn -0.7269 -0.0412 0.6855
vn -0.2034 -0.0388 0.9783
vn -0.0042 -0.9982 0.0592
vn 0.0163 -0.9981 0.0594
vn 0.0164 -0.9829 0.1833
vn -0.0036 -0.9831 0.1831
vn 0.0560 -0.9967 0.0588
vn 0.0556 -0.9817 0.1823
vn 0.0170 -0.9121 0.4097
vn -0.0029 -0.9123 0.4095
vn 0.0565 -0.9110 0.4086
vn -0.0214 -0.9998 -0.0000
vn -0.0044 -1.0000 -0.0000
vn -0.0210 -0.9981 0.0585
vn 0.0163 -0.9999 -0.0000
vn 0.0564 -0.9984 -0.0000
vn 0.1475 -0.9891 -0.0000
vn 0.1462 -0.9876 0.0570
vn 0.1447 -0.9731 0.1790
vn 0.1465 -0.9031 0.4037
vn 0.1492 -0.7011 0.6973
vn 0.0577 -0.7080 0.7039
vn 0.0175 -0.7091 0.7049
vn -0.0027 -0.7091 0.7051
vn -0.0188 -0.9126 0.4084
vn -0.0187 -0.7088 0.7051
vn -0.0198 -0.9831 0.1818
vn -0.4081 -0.9113 0.0538
vn -0.1848 -0.9812 0.0550
vn -0.1818 -0.9675 0.1759
vn -0.4028 -0.8989 0.1723
vn -0.0671 -0.9961 0.0570
vn -0.0650 -0.9816 0.1793
vn -0.1784 -0.8989 0.4002
vn -0.3816 -0.8432 0.3788
vn -0.0635 -0.9116 0.4062
vn -0.7071 -0.7071 -0.0000
vn -0.4092 -0.9125 -0.0000
vn -0.7060 -0.7061 0.0538
vn -0.1860 -0.9826 -0.0000
vn -0.0680 -0.9977 -0.0000
vn -0.0636 -0.7073 0.7040
vn -0.1774 -0.6973 0.6944
vn -0.3645 -0.6598 0.6572
vn -0.6591 -0.6596 0.3612
vn -0.5775 -0.5785 0.5760
vn -0.6966 -0.6968 0.1711
vn -0.3816 -0.8432 -0.3788
vn -0.1784 -0.8989 -0.4002
vn -0.1818 -0.9675 -0.1759
vn -0.4028 -0.8989 -0.1723
vn -0.0635 -0.9116 -0.4062
vn -0.0650 -0.9816 -0.1793
vn -0.1848 -0.9812 -0.0550
vn -0.4081 -0.9113 -0.0538
vn -0.0671 -0.9961 -0.0570
vn -0.5775 -0.5785 -0.5760
vn -0.3645 -0.6598 -0.6572
vn -0.6591 -0.6596 -0.3612
vn -0.1774 -0.6973 -0.6944
vn -0.0636 -0.7073 -0.7040
vn -0.0187 -0.7088 -0.7051
vn -0.0188 -0.9126 -0.4084
vn -0.0198 -0.9831 -0.1818
vn -0.0210 -0.9981 -0.0585
vn -0.7060 -0.7061 -0.0538
vn -0.6966 -0.6968 -0.1711
vn -0.0029 -0.9123 -0.4095
vn 0.0170 -0.9121 -0.4097
vn 0.0164 -0.9829 -0.1833
vn -0.0036 -0.9831 -0.1831
vn 0.0565 -0.9110 -0.4086
vn 0.0556 -0.9817 -0.1823
vn 0.0163 -0.9981 -0.0594
vn -0.0042 -0.9982 -0.0592
vn 0.0560 -0.9967 -0.0588
vn -0.0027 -0.7091 -0.7051
vn 0.0175 -0.7091 -0.7049
vn 0.0577 -0.7080 -0.7039
vn 0.1492 -0.7011 -0.6973
vn 0.1465 -0.9031 -0.4037
vn 0.1447 -0.9731 -0.1790
vn 0.1462 -0.9876 -0.0570
vn -0.0645 -0.4160 0.9071
vn -0.0680 -0.1986 0.9777
vn -0.1858 -0.1936 0.9633
vn -0.1795 -0.4088 0.8948
vn -0.0728 -0.0811 0.9940
vn -0.1933 -0.0793 0.9779
vn -0.4071 -0.1889 0.8937
vn -0.3825 -0.3866 0.8392
vn -0.4192 -0.0788 0.9045
vn -0.0196 -0.4193 0.9076
vn -0.0219 -0.2032 0.9789
vn -0.0247 -0.0840 0.9962
vn -0.7149 -0.0775 0.6950
vn -0.6992 -0.1859 0.6903
vn -0.6591 -0.3683 0.6556
vn 0.0568 -0.4200 0.9057
vn 0.0564 -0.2029 0.9776
vn 0.0163 -0.2060 0.9784
vn 0.0170 -0.4216 0.9066
vn 0.0577 -0.0779 0.9953
vn 0.0163 -0.0845 0.9963
vn -0.0046 -0.2059 0.9786
vn -0.0033 -0.4213 0.9069
vn -0.0060 -0.0860 0.9963
vn 0.1475 -0.4135 0.8985
vn 0.1471 -0.1937 0.9700
vn 0.1507 -0.0619 0.9866
vn 0.1563 0.0135 0.9876
vn 0.0599 -0.0171 0.9981
vn 0.0166 -0.0302 0.9994
vn -0.0074 -0.0351 0.9994
vn 0.0612 0.0195 0.9979
vn 0.0640 0.0812 0.9946
vn 0.0147 0.0852 0.9963
vn 0.0165 -0.0010 0.9999
vn 0.0768 0.2441 0.9667
vn 0.0387 0.2785 0.9597
vn 0.0152 0.4050 0.9142
vn 0.0142 0.3071 0.9516
vn 0.0240 0.2649 0.9640
vn -0.0070 0.0474 0.9988
vn -0.0085 -0.0109 0.9999
vn 0.1614 0.0738 0.9841
vn 0.1703 0.1694 0.9707
vn 0.1552 0.5553 0.8170
vn 0.1044 0.5647 0.8187
vn 0.1809 0.3541 0.9175
vn 0.0632 0.6021 0.7959
vn 0.0122 0.7597 0.6501
vn 0.0147 0.7101 0.7040
vn 0.0325 0.6807 0.7318
vn 0.0661 0.6913 0.7196
vn 0.1390 0.6631 0.7355
vn -0.0033 -0.4213 -0.9069
vn -0.0046 -0.2059 -0.9786
vn 0.0163 -0.2060 -0.9784
vn 0.0170 -0.4216 -0.9066
vn -0.0060 -0.0860 -0.9963
vn 0.0163 -0.0845 -0.9963
vn 0.0564 -0.2029 -0.9776
vn 0.0568 -0.4200 -0.9057
vn 0.0577 -0.0779 -0.9953
vn -0.0196 -0.4193 -0.9076
vn -0.0219 -0.2032 -0.9789
vn -0.0247 -0.0840 -0.9962
vn 0.1507 -0.0619 -0.9866
vn 0.1471 -0.1937 -0.9700
vn 0.1475 -0.4135 -0.8985
vn -0.3825 -0.3866 -0.8392
vn -0.4071 -0.1889 -0.8937
vn -0.1858 -0.1936 -0.9633
vn -0.1795 -0.4088 -0.8948
vn -0.4192 -0.0788 -0.9045
vn -0.1933 -0.0793 -0.9779
vn -0.0680 -0.1986 -0.9777
vn -0.0645 -0.4160 -0.9071
vn -0.0728 -0.0811 -0.9940
vn -0.6591 -0.3683 -0.6556
vn -0.6992 -0.1859 -0.6903
vn -0.7149 -0.0775 -0.6950
vn -0.4332 -0.0422 -0.9003
vn -0.2034 -0.0388 -0.9783
vn -0.0785 -0.0354 -0.9963
vn -0.4542 -0.0375 -0.8901
vn -0.4775 -0.0262 -0.8783
vn -0.2310 -0.0141 -0.9728
vn -0.2177 -0.0306 -0.9755
vn -0.4865 0.0168 -0.8735
vn -0.2208 0.0449 -0.9743
vn -0.0869 0.0094 -0.9962
vn -0.0855 -0.0206 -0.9961
vn -0.0506 0.1131 -0.9923
vn -0.4349 0.1404 -0.8895
vn -0.1232 0.2088 -0.9702
vn 0.0979 0.3635 -0.9264
vn -0.9111 -0.4086 -0.0537
vn -0.9810 -0.1861 -0.0544
vn -0.9673 -0.1845 -0.1739
vn -0.8986 -0.4038 -0.1717
vn -0.9960 -0.0698 -0.0553
vn -0.9822 -0.0701 -0.1744
vn -0.8996 -0.1838 -0.3962
vn -0.8427 -0.3838 -0.3774
vn -0.9150 -0.0731 -0.3968
vn -0.9123 -0.4095 -0.0000
vn -0.9824 -0.1870 -0.0000
vn -0.9975 -0.0701 -0.0000
vn -0.8427 -0.3838 0.3774
vn -0.8996 -0.1838 0.3962
vn -0.9673 -0.1845 0.1739
vn -0.8986 -0.4038 0.1717
vn -0.9150 -0.0731 0.3968
vn -0.9822 -0.0701 0.1744
vn -0.9810 -0.1861 0.0544
vn -0.9111 -0.4086 0.0537
vn -0.9960 -0.0698 0.0553
vn -0.9207 -0.0345 0.3888
vn -0.9848 -0.0283 0.1716
vn -0.9982 -0.0255 0.0549
vn -0.9270 -0.0251 0.3742
vn -0.9342 -0.0093 0.3565
vn -0.9877 0.0031 0.1563
vn -0.9862 -0.0153 0.1649
vn -0.9389 0.0306 0.3429
vn -0.9879 0.0434 0.1488
vn -0.9987 0.0095 0.0501
vn -0.9985 -0.0104 0.0530
vn -0.9976 0.0505 0.0472
vn -0.9290 0.1316 0.3458
vn -0.9791 0.1398 0.1475
vn -0.9882 0.1460 0.0458
vn 0.4325 0.8286 0.3556
vn 0.4233 0.8934 0.1506
vn 1.0000 -0.0010 0.0086
vn 1.0000 0.0020 0.0068
vn 0.4240 0.9046 0.0446
vn 1.0000 0.0003 0.0014
vn 0.4148 -0.8953 -0.1628
vn 0.4161 -0.8306 -0.3700
vn 0.4200 -0.9061 -0.0508
vn 0.4438 0.6364 0.6309
vn 0.4254 0.9050 -0.0000
vn 1.0000 -0.0000 0.0001
vn 0.4238 -0.9058 -0.0000
vn 0.4199 -0.6430 -0.6405
vn 0.9999 0.0128 -0.0102
vn 0.4357 0.3734 -0.8190
vn 0.4330 0.1939 -0.8803
vn 0.9979 0.0629 0.0160
vn 0.9997 0.0217 0.0061
vn 0.4409 0.1225 -0.8892
vn 0.9912 0.1310 0.0175
vn 0.4197 -0.1596 0.8935
vn 0.4188 -0.3741 0.8275
vn 0.4275 -0.0150 0.9039
vn 0.4438 0.6364 -0.6309
vn 0.4495 0.1520 -0.8802
vn 0.9653 0.2605 0.0171
vn 0.4375 0.1003 0.8936
vn 0.4199 -0.6430 0.6405
vn 0.9999 -0.0072 -0.0100
vn 0.3052 0.9206 0.2437
vn 0.1565 0.9495 0.2718
vn 0.1935 0.9811 -0.0083
vn 0.3517 0.9355 -0.0340
vn 0.0465 0.9433 0.3287
vn 0.0623 0.9981 -0.0013
vn 0.1481 0.9437 -0.2957
vn 0.2837 0.9057 -0.3151
vn 0.0436 0.9411 -0.3353
vn 0.4495 0.8398 0.3046
vn 0.0093 0.9403 0.3403
vn 0.0102 0.9999 -0.0001
vn 0.0089 0.9401 -0.3408
vn 0.3800 0.7948 -0.4731
vn 0.4945 0.8638 -0.0966
vn 0.7545 0.5574 0.3466
vn 0.6545 0.6324 0.4145
vn 0.5477 0.7653 -0.3381
vn 0.4366 0.8026 -0.4065
vn 0.5593 0.7311 0.3908
vn 0.5684 0.7972 -0.2033
vn 0.1294 0.4990 -0.8569
vn -0.2064 0.4389 -0.8745
vn 0.3348 0.6341 -0.6970
vn 0.8314 0.5073 0.2266
vn -0.5782 0.4419 -0.6858
vn 0.2241 0.9011 -0.3712
vn 0.1434 0.8682 -0.4751
vn 0.0810 0.8904 -0.4479
vn 0.0870 0.9962 -0.0000
vn 0.1694 0.9856 -0.0000
vn 0.0390 0.9207 -0.3884
vn 0.0364 0.9993 -0.0000
vn 0.0810 0.8904 0.4479
vn 0.1434 0.8682 0.4751
vn 0.0390 0.9207 0.3884
vn 0.2523 0.7948 -0.5520
vn 0.0093 0.9403 -0.3403
vn 0.0102 0.9999 0.0001
vn 0.0089 0.9401 0.3408
vn 0.2528 0.7934 0.5537
vn 0.3227 0.9465 0.0008
vn 0.8964 0.4430 0.0174
vn 0.8915 0.4495 0.0559
vn 0.0132 0.9948 -0.1014
vn -0.0001 0.9996 -0.0297
vn 0.8740 0.4694 0.1256
vn 0.0710 0.9697 -0.2337
vn -0.8863 0.4340 -0.1614
vn -0.8997 0.4338 -0.0483
vn -0.8121 0.4408 -0.3823
vn 0.8975 0.4411 -0.0000
vn -0.9006 0.4347 -0.0000
vn -0.0021 1.0000 -0.0000
vn 0.3543 0.6298 0.6913
vn 0.4208 0.4285 0.7995
vn 0.7565 0.6538 -0.0123
vn 0.5512 0.8344 -0.0058
vn 0.4456 0.2619 0.8560
vn 0.8936 0.4486 -0.0160
vn 0.4192 0.4077 -0.8112
vn 0.3553 0.6212 -0.6985
vn 0.4380 0.2298 -0.8691
vn 0.2523 0.7948 0.5519
vn 0.4495 0.1520 0.8802
vn 0.9653 0.2604 -0.0171
vn 0.4375 0.1003 -0.8936
vn 0.2528 0.7934 -0.5537
vn 0.3227 0.9465 -0.0008
vn 0.5593 0.7311 -0.3908
vn 0.6545 0.6324 -0.4145
vn 0.5477 0.7653 0.3381
vn 0.5684 0.7972 0.2033
vn 0.7545 0.5574 -0.3466
vn 0.4350 0.8028 0.4079
vn 0.1294 0.4990 0.8569
vn 0.3348 0.6341 0.6970
vn -0.2064 0.4389 0.8745
vn 0.4495 0.8398 -0.3046
vn 0.8314 0.5073 -0.2266
vn 0.2241 0.9011 0.3712
vn -0.5782 0.4419 0.6858
vn 0.3800 0.7948 0.4731
vn 0.4945 0.8638 0.0966
vn 0.4240 0.9046 -0.0446
vn 0.4233 0.8934 -0.1506
vn 1.0000 -0.0005 -0.0044
vn 1.0000 0.0006 -0.0006
vn 0.4325 0.8286 -0.3556
vn 1.0000 -0.0018 -0.0040
vn 0.4148 -0.8953 0.1628
vn 0.4200 -0.9061 0.0508
vn 0.4161 -0.8306 0.3700
vn 0.4456 0.2619 -0.8560
vn 0.4208 0.4285 -0.7995
vn 0.7565 0.6538 0.0123
vn 0.8936 0.4486 0.0160
vn 0.3543 0.6298 -0.6913
vn 0.5512 0.8344 0.0058
vn 0.4192 0.4077 0.8112
vn 0.4380 0.2298 0.8691
vn 0.3553 0.6212 0.6985
vn 0.8740 0.4694 -0.1256
vn 0.8915 0.4495 -0.0559
vn 0.0131 0.9949 0.0995
vn 0.0733 0.9710 0.2276
vn 0.8964 0.4430 -0.0174
vn -0.0003 0.9996 0.0294
vn -0.8863 0.4340 0.1614
vn -0.8121 0.4409 0.3823
vn -0.8997 0.4338 0.0483
vn 0.4409 0.1225 0.8892
vn 0.4330 0.1939 0.8803
vn 0.9981 0.0590 -0.0154
vn 0.9913 0.1302 -0.0171
vn 0.4357 0.3734 0.8190
vn 0.9998 0.0191 -0.0094
vn 0.4197 -0.1596 -0.8935
vn 0.4275 -0.0150 -0.9039
vn 0.4188 -0.3741 -0.8275
vn 0.0465 0.9433 -0.3287
vn 0.1565 0.9495 -0.2718
vn 0.1935 0.9811 0.0083
vn 0.0623 0.9981 0.0013
vn 0.3052 0.9206 -0.2437
vn 0.3517 0.9355 0.0340
vn 0.1481 0.9437 0.2957
vn 0.0436 0.9411 0.3353
vn 0.2837 0.9057 0.3151
vn -0.0000 -0.0000 -1.0000
vn 0.3827 -0.0000 -0.9239
vn 0.4430 -0.0000 -0.8965
vn 0.7071 -0.0000 -0.7071
vn 0.9239 -0.0000 -0.3827
vn 0.8965 -0.0000 -0.4430
vn 1.0000 -0.0000 -0.0000
vn 0.9239 -0.0000 0.3827
vn 0.8965 -0.0000 0.4430
vn 0.7071 -0.0000 0.7071
vn 0.3827 -0.0000 0.9239
vn 0.4430 -0.0000 0.8965
vn -0.0000 -0.0000 1.0000
vn -0.3827 -0.0000 0.9239
vn -0.4430 -0.0000 0.8965
vn -0.7071 -0.0000 0.7071
vn -0.9239 -0.0000 0.3827
vn -0.8965 -0.0000 0.4430
vn -1.0000 -0.0000 -0.0000
vn -0.9239 -0.0000 -0.3827
vn -0.8965 -0.0000 -0.4430
vn -0.7071 -0.0000 -0.7071
vn -0.0000 1.0000 -0.0000
vn -0.3827 -0.0000 -0.9239
vn -0.4430 -0.0000 -0.8965
vn -0.0000 -1.0000 -0.0000
vn -0.5556 -0.0000 -0.8315
vn -0.8315 -0.0000 -0.5556
vn -0.8315 -0.0000 0.5556
vn -0.5556 -0.0000 0.8315
vn 0.5556 -0.0000 0.8315
vn 0.8315 -0.0000 0.5556
vn 0.8315 -0.0000 -0.5556
vn 0.5556 -0.0000 -0.8315
vn 0.1817 0.9834 -0.0000
vn 0.1508 0.9881 0.0300
vn 0.4928 0.8646 0.0980
vn 0.5405 0.8414 -0.0000
vn 0.8477 0.5029 0.1686
vn 0.8755 0.4831 -0.0000
vn 0.9723 0.1311 0.1934
vn 0.9916 0.1294 -0.0000
vn 0.1508 0.9881 -0.0300
vn 0.4928 0.8646 -0.0980
vn 0.8477 0.5029 -0.1686
vn 0.9723 0.1311 -0.1934
vn -0.0000 0.9834 0.1817
vn -0.0300 0.9881 0.1508
vn -0.0980 0.8646 0.4928
vn -0.0000 0.8414 0.5405
vn -0.1686 0.5029 0.8477
vn -0.0000 0.4831 0.8755
vn -0.1934 0.1311 0.9723
vn -0.0000 0.1294 0.9916
vn 0.0300 0.9881 0.1508
vn 0.0980 0.8646 0.4928
vn 0.1686 0.5029 0.8477
vn 0.1934 0.1311 0.9723
vn -0.1817 0.9834 -0.0000
vn -0.1508 0.9881 -0.0300
vn -0.4928 0.8646 -0.0980
vn -0.5405 0.8414 -0.0000
vn -0.8477 0.5029 -0.1686
vn -0.8755 0.4831 -0.0000
vn -0.9723 0.1311 -0.1934
vn -0.9916 0.1294 -0.0000
vn -0.1508 0.9881 0.0300
vn -0.4928 0.8646 0.0980
vn -0.8477 0.5029 0.1686
vn -0.9723 0.1311 0.1934
vn -0.0300 0.9881 -0.1508
vn -0.0000 0.9834 -0.1817
vn -0.0000 0.8414 -0.5405
vn -0.0980 0.8646 -0.4928
vn -0.0000 0.4831 -0.8755
vn -0.1686 0.5029 -0.8477
vn -0.0000 0.1294 -0.9916
vn -0.1934 0.1311 -0.9723
vn 0.0300 0.9881 -0.1508
vn 0.0980 0.8646 -0.4928
vn 0.1686 0.5029 -0.8477
vn 0.1934 0.1311 -0.9723
vn 0.9808 -0.0000 -0.1951
vn 0.0400 0.9992 -0.0079
vn 0.0400 0.9992 -0.0000
vn 0.0400 0.9992 0.0079
vn 0.9808 -0.0000 0.1951
vn 0.1951 -0.0000 0.9808
vn 0.0079 0.9992 0.0400
vn -0.0000 0.9992 0.0400
vn -0.1951 -0.0000 0.9808
vn -0.0079 0.9992 0.0400
vn -0.9808 -0.0000 0.1951
vn -0.0400 0.9992 0.0079
vn -0.0400 0.9992 -0.0000
vn -0.9808 -0.0000 -0.1951
vn -0.0400 0.9992 -0.0079
vn 0.1951 -0.0000 -0.9808
vn -0.0000 0.9992 -0.0400
vn 0.0079 0.9992 -0.0400
vn -0.1951 -0.0000 -0.9808
vn -0.0079 0.9992 -0.0400
vt 0.126273 0.214888
vt 0.127083 0.254725
vt 0.087938 0.254604
vt 0.086724 0.214700
vt 0.129749 0.289205
vt 0.091699 0.289153
vt 0.054041 0.254735
vt 0.052421 0.214656
vt 0.058903 0.289460
vt 0.168621 0.172640
vt 0.168455 0.215147
vt 0.126392 0.172371
vt 0.168931 0.254973
vt 0.170692 0.289438
vt 0.174379 0.315862
vt 0.135199 0.315648
vt 0.099281 0.315670
vt 0.068625 0.316153
vt 0.045235 0.317326
vt 0.033722 0.290304
vt 0.027938 0.255245
vt 0.025977 0.214828
vt 0.052424 0.171900
vt 0.025931 0.171732
vt 0.086785 0.172119
vt 0.754408 0.845982
vt 0.754372 0.884560
vt 0.735396 0.870673
vt 0.736392 0.831634
vt 0.754324 0.919623
vt 0.737971 0.909757
vt 0.728302 0.905905
vt 0.726624 0.880651
vt 0.723752 0.857780
vt 0.726194 0.841323
vt 0.724865 0.813858
vt 0.779098 0.815752
vt 0.779160 0.856773
vt 0.752792 0.806336
vt 0.778507 0.895811
vt 0.732788 0.794470
vt 0.777421 0.957371
vt 0.754158 0.946918
vt 0.777842 0.930396
vt 0.738276 0.935854
vt 0.724377 0.919850
vt 0.723002 0.905551
vt 0.728794 0.926605
vt 0.721638 0.885570
vt 0.719892 0.852341
vt 0.721138 0.841135
vt 0.720499 0.866128
vt 0.721305 0.822985
vt 0.709187 0.769446
vt 0.718598 0.781245
vt 0.717894 0.798323
vt 0.480966 0.770381
vt 0.486449 0.734033
vt 0.514163 0.726898
vt 0.504409 0.760974
vt 0.491636 0.702345
vt 0.523646 0.697132
vt 0.536552 0.719531
vt 0.522401 0.751026
vt 0.550368 0.691712
vt 0.450602 0.818836
vt 0.452033 0.778222
vt 0.476776 0.809320
vt 0.454043 0.740164
vt 0.455690 0.706914
vt 0.456030 0.680723
vt 0.494935 0.677390
vt 0.530514 0.673623
vt 0.560796 0.669551
vt 0.583809 0.665304
vt 0.570455 0.686551
vt 0.553051 0.712914
vt 0.535208 0.742275
vt 0.510965 0.784212
vt 0.520542 0.772515
vt 0.496726 0.797411
vt 0.843040 0.191362
vt 0.882482 0.190879
vt 0.882329 0.230417
vt 0.842810 0.230904
vt 0.916131 0.189712
vt 0.916048 0.229245
vt 0.882554 0.264718
vt 0.842825 0.265213
vt 0.916463 0.263532
vt 0.801068 0.149345
vt 0.843394 0.149204
vt 0.800703 0.191503
vt 0.882825 0.148721
vt 0.916464 0.147555
vt 0.941417 0.145363
vt 0.941093 0.187519
vt 0.941069 0.227046
vt 0.941646 0.261314
vt 0.943125 0.287693
vt 0.917626 0.289948
vt 0.883347 0.291161
vt 0.843210 0.291674
vt 0.800185 0.265359
vt 0.800138 0.291826
vt 0.800391 0.231046
vt 0.843259 0.032021
vt 0.881548 0.032815
vt 0.882793 0.067097
vt 0.843761 0.067162
vt 0.912447 0.034536
vt 0.915510 0.066838
vt 0.883101 0.106572
vt 0.843721 0.107003
vt 0.916625 0.105519
vt 0.799969 0.003663
vt 0.842073 0.003844
vt 0.801096 0.031980
vt 0.879947 0.005620
vt 0.909605 0.010126
vt 0.927097 0.015758
vt 0.934027 0.034591
vt 0.939473 0.065253
vt 0.941455 0.103404
vt 0.801402 0.107136
vt 0.801492 0.067243
vt 0.687964 0.034977
vt 0.720107 0.033132
vt 0.719619 0.067418
vt 0.685546 0.067289
vt 0.758866 0.032187
vt 0.759152 0.067328
vt 0.719118 0.106894
vt 0.684205 0.105976
vt 0.759010 0.107169
vt 0.670246 0.016262
vt 0.688929 0.010559
vt 0.664076 0.035121
vt 0.719547 0.005935
vt 0.757810 0.004010
vt 0.758669 0.149370
vt 0.718725 0.149043
vt 0.683693 0.148012
vt 0.656675 0.103963
vt 0.656027 0.145924
vt 0.658971 0.065803
vt 0.683293 0.190169
vt 0.718336 0.191201
vt 0.717860 0.230740
vt 0.682740 0.229703
vt 0.758292 0.191528
vt 0.757896 0.231071
vt 0.717208 0.265042
vt 0.681881 0.263992
vt 0.757465 0.265381
vt 0.655617 0.188080
vt 0.756981 0.291843
vt 0.716294 0.291489
vt 0.680563 0.290413
vt 0.653951 0.261879
vt 0.652272 0.288264
vt 0.654996 0.227608
vt 0.349274 0.789089
vt 0.348840 0.750351
vt 0.381853 0.748089
vt 0.382751 0.787368
vt 0.349620 0.718190
vt 0.381022 0.714263
vt 0.418107 0.744766
vt 0.418250 0.783842
vt 0.417616 0.710639
vt 0.322728 0.831329
vt 0.321475 0.789184
vt 0.350622 0.831272
vt 0.321974 0.750875
vt 0.325506 0.720109
vt 0.330589 0.701231
vt 0.349088 0.694342
vt 0.379140 0.687940
vt 0.416147 0.683789
vt 0.418553 0.825467
vt 0.383895 0.829465
vt 0.354031 0.947705
vt 0.353323 0.913284
vt 0.386395 0.911240
vt 0.387233 0.945676
vt 0.352097 0.873593
vt 0.385192 0.871630
vt 0.420357 0.906596
vt 0.421199 0.941071
vt 0.419348 0.867209
vt 0.325486 0.974277
vt 0.325920 0.947789
vt 0.353957 0.974207
vt 0.325391 0.913374
vt 0.324220 0.873673
vt 0.450408 0.859754
vt 0.450964 0.898709
vt 0.451607 0.933261
vt 0.421684 0.967789
vt 0.452127 0.960285
vt 0.387492 0.972237
vt 0.475019 0.922408
vt 0.474987 0.887374
vt 0.493931 0.873458
vt 0.491336 0.912511
vt 0.475043 0.848874
vt 0.493028 0.834499
vt 0.504640 0.816776
vt 0.503265 0.844199
vt 0.505731 0.860660
vt 0.502742 0.883448
vt 0.501048 0.908681
vt 0.475289 0.949755
vt 0.491137 0.938662
vt 0.511813 0.801371
vt 0.508376 0.826006
vt 0.509830 0.855372
vt 0.509104 0.869077
vt 0.508549 0.844150
vt 0.507869 0.888449
vt 0.505148 0.922725
vt 0.500656 0.929433
vt 0.506485 0.908409
vt 0.877070 0.870793
vt 0.875731 0.910577
vt 0.843153 0.908246
vt 0.844465 0.868547
vt 0.874980 0.945043
vt 0.842281 0.942723
vt 0.809246 0.903593
vt 0.810360 0.864119
vt 0.808377 0.938104
vt 0.905410 0.829133
vt 0.903769 0.871594
vt 0.878693 0.828355
vt 0.902481 0.911391
vt 0.901899 0.945858
vt 0.902375 0.972332
vt 0.875118 0.971518
vt 0.842101 0.969248
vt 0.807983 0.964779
vt 0.811296 0.822265
vt 0.845908 0.826266
vt 0.879229 0.715509
vt 0.880504 0.747372
vt 0.847956 0.744843
vt 0.848235 0.711347
vt 0.880161 0.786074
vt 0.847167 0.784074
vt 0.811725 0.741534
vt 0.811641 0.707752
vt 0.811706 0.780552
vt 0.896762 0.699471
vt 0.902354 0.718033
vt 0.878706 0.692314
vt 0.906240 0.748590
vt 0.906789 0.786886
vt 0.777759 0.775060
vt 0.775607 0.737073
vt 0.773364 0.704184
vt 0.811858 0.681678
vt 0.771752 0.678783
vt 0.848915 0.685768
vt 0.737204 0.699777
vt 0.743016 0.731082
vt 0.715176 0.724047
vt 0.705029 0.694691
vt 0.748669 0.767338
vt 0.725139 0.758000
vt 0.692746 0.716720
vt 0.678221 0.689345
vt 0.707153 0.748058
vt 0.732609 0.675631
vt 0.694467 0.739236
vt 0.676318 0.710068
vt 0.658154 0.684185
vt 0.084047 0.333026
vt 0.063456 0.334518
vt 0.696832 0.672016
vt 0.666423 0.668047
vt 0.285617 0.215726
vt 0.284468 0.254375
vt 0.250281 0.255027
vt 0.250540 0.215612
vt 0.282394 0.285991
vt 0.250272 0.288536
vt 0.210902 0.255183
vt 0.210691 0.215409
vt 0.211974 0.289525
vt 0.314149 0.173566
vt 0.313611 0.215839
vt 0.286016 0.173387
vt 0.311484 0.254025
vt 0.306645 0.284236
vt 0.300760 0.302348
vt 0.281985 0.308800
vt 0.251669 0.313901
vt 0.214464 0.315810
vt 0.210895 0.172909
vt 0.250812 0.173163
vt 0.283828 0.060746
vt 0.285499 0.092387
vt 0.251323 0.091299
vt 0.251741 0.057793
vt 0.286156 0.131047
vt 0.251081 0.130715
vt 0.211950 0.090642
vt 0.213458 0.056316
vt 0.211232 0.130410
vt 0.302401 0.044625
vt 0.308055 0.062811
vt 0.283709 0.037934
vt 0.312509 0.093081
vt 0.314149 0.131290
vt 0.168996 0.130134
vt 0.169979 0.090317
vt 0.172178 0.055877
vt 0.216283 0.030065
vt 0.176202 0.029503
vt 0.253461 0.032448
vt 0.131236 0.055590
vt 0.128131 0.090033
vt 0.088988 0.089656
vt 0.093188 0.055157
vt 0.126815 0.129857
vt 0.087266 0.129541
vt 0.055095 0.089093
vt 0.060399 0.054433
vt 0.052965 0.129148
vt 0.137022 0.029218
vt 0.026525 0.128640
vt 0.029001 0.088251
vt 0.035231 0.053268
vt 0.070461 0.027866
vt 0.047087 0.026395
vt 0.101107 0.028739
vt 0.526828 0.458177
vt 0.526495 0.417578
vt 0.570124 0.418605
vt 0.570634 0.458755
vt 0.526038 0.382878
vt 0.569354 0.384341
vt 0.608143 0.421660
vt 0.608775 0.460629
vt 0.607117 0.388567
vt 0.480320 0.502385
vt 0.480187 0.458230
vt 0.527041 0.502264
vt 0.480059 0.417561
vt 0.479942 0.382796
vt 0.479840 0.356351
vt 0.525448 0.356486
vt 0.568303 0.358307
vt 0.605654 0.363498
vt 0.634754 0.373746
vt 0.636551 0.396937
vt 0.637749 0.427762
vt 0.638423 0.464458
vt 0.609055 0.503324
vt 0.638645 0.505261
vt 0.570903 0.502451
vt 0.162633 0.531415
vt 0.182058 0.517791
vt 0.181349 0.557740
vt 0.160942 0.570786
vt 0.194714 0.500660
vt 0.192135 0.528829
vt 0.193903 0.545671
vt 0.189936 0.568326
vt 0.187169 0.593488
vt 0.177045 0.596894
vt 0.159593 0.606113
vt 0.137972 0.498791
vt 0.166150 0.490216
vt 0.135922 0.541355
vt 0.187428 0.479139
vt 0.134871 0.581166
vt 0.212641 0.456122
vt 0.202574 0.485825
vt 0.202528 0.466793
vt 0.198035 0.510931
vt 0.198223 0.540600
vt 0.196920 0.554262
vt 0.197419 0.529301
vt 0.194871 0.573565
vt 0.190708 0.607696
vt 0.185908 0.614211
vt 0.192647 0.593449
vt 0.175806 0.623043
vt 0.134287 0.643099
vt 0.134329 0.616034
vt 0.158950 0.633491
vt 0.820709 0.559243
vt 0.845618 0.567083
vt 0.858061 0.603673
vt 0.829013 0.598413
vt 0.864492 0.575415
vt 0.881196 0.608831
vt 0.870815 0.635524
vt 0.837579 0.632512
vt 0.898187 0.638117
vt 0.785476 0.509897
vt 0.813999 0.517764
vt 0.789554 0.553136
vt 0.835564 0.528353
vt 0.850862 0.540423
vt 0.861021 0.551007
vt 0.877726 0.582268
vt 0.898016 0.612597
vt 0.918533 0.639439
vt 0.935917 0.660238
vt 0.912677 0.660722
vt 0.881805 0.660040
vt 0.845072 0.658777
vt 0.799649 0.629908
vt 0.804254 0.657516
vt 0.794514 0.594127
vt 0.431972 0.204704
vt 0.432079 0.245324
vt 0.388283 0.245121
vt 0.388138 0.204520
vt 0.432390 0.280014
vt 0.388791 0.279806
vt 0.350487 0.244665
vt 0.350312 0.204083
vt 0.351174 0.279348
vt 0.478794 0.160618
vt 0.478832 0.204758
vt 0.432002 0.160582
vt 0.478897 0.245387
vt 0.479001 0.280079
vt 0.479152 0.306408
vt 0.432972 0.306344
vt 0.389785 0.306141
vt 0.352542 0.305690
vt 0.324197 0.304885
vt 0.322506 0.278531
vt 0.321668 0.243847
vt 0.321475 0.203273
vt 0.350480 0.160041
vt 0.321718 0.159251
vt 0.388236 0.160437
vt 0.433189 0.034274
vt 0.432493 0.072378
vt 0.389414 0.072823
vt 0.391020 0.035727
vt 0.432137 0.115491
vt 0.388547 0.115464
vt 0.352920 0.073532
vt 0.356620 0.038615
vt 0.351040 0.115252
vt 0.480361 0.003663
vt 0.479439 0.034007
vt 0.434220 0.004128
vt 0.478966 0.072285
vt 0.478799 0.115491
vt 0.322546 0.114570
vt 0.325541 0.073413
vt 0.332049 0.040149
vt 0.359587 0.012627
vt 0.339825 0.019731
vt 0.392551 0.006725
vt 0.603566 0.038771
vt 0.606490 0.073691
vt 0.569003 0.072936
vt 0.568287 0.035839
vt 0.608113 0.115414
vt 0.569564 0.115578
vt 0.525517 0.072437
vt 0.525756 0.034333
vt 0.525545 0.115549
vt 0.622649 0.019909
vt 0.629734 0.040337
vt 0.602115 0.012780
vt 0.635708 0.073608
vt 0.638530 0.114768
vt 0.639403 0.159451
vt 0.608695 0.160203
vt 0.569879 0.160551
vt 0.525673 0.160641
vt 0.526555 0.004186
vt 0.568509 0.006836
vt 0.608954 0.204246
vt 0.608912 0.244828
vt 0.570049 0.245235
vt 0.570061 0.204634
vt 0.608416 0.279509
vt 0.569740 0.279920
vt 0.525806 0.245383
vt 0.525781 0.204763
vt 0.525700 0.280073
vt 0.639746 0.203474
vt 0.639685 0.244047
vt 0.639025 0.278731
vt 0.637570 0.305082
vt 0.607312 0.305850
vt 0.569031 0.306253
vt 0.525415 0.306402
vt 0.678419 0.547233
vt 0.714210 0.547808
vt 0.716510 0.589911
vt 0.681299 0.588638
vt 0.752784 0.549502
vt 0.755717 0.591504
vt 0.719344 0.626083
vt 0.685765 0.622863
vt 0.758817 0.628142
vt 0.648036 0.502468
vt 0.676760 0.502549
vt 0.649917 0.547084
vt 0.712468 0.503144
vt 0.750320 0.505258
vt 0.761654 0.656379
vt 0.721703 0.653640
vt 0.689171 0.647696
vt 0.661063 0.620697
vt 0.669220 0.640451
vt 0.653852 0.587989
vt 0.674552 0.383192
vt 0.709796 0.383953
vt 0.710186 0.418737
vt 0.674713 0.417957
vt 0.746597 0.386623
vt 0.747323 0.421448
vt 0.711113 0.459265
vt 0.675520 0.458549
vt 0.748529 0.461770
vt 0.647011 0.356604
vt 0.675263 0.356681
vt 0.645971 0.383106
vt 0.710111 0.357387
vt 0.746453 0.359907
vt 0.779185 0.365426
vt 0.779854 0.392435
vt 0.781054 0.427329
vt 0.782770 0.467225
vt 0.646747 0.458461
vt 0.645971 0.417866
vt 0.805477 0.401718
vt 0.823177 0.410529
vt 0.828230 0.449629
vt 0.807499 0.437050
vt 0.833336 0.413749
vt 0.836588 0.438874
vt 0.840893 0.461536
vt 0.839466 0.478417
vt 0.842515 0.506605
vt 0.829597 0.489675
vt 0.809846 0.476490
vt 0.804193 0.374413
vt 0.821317 0.384471
vt 0.836428 0.399583
vt 0.838686 0.413769
vt 0.831570 0.393114
vt 0.841285 0.433627
vt 0.845085 0.466684
vt 0.844537 0.477981
vt 0.843625 0.452961
vt 0.845507 0.496353
vt 0.850474 0.521423
vt 0.030826 0.553592
vt 0.065340 0.551410
vt 0.065086 0.591835
vt 0.030692 0.594078
vt 0.102106 0.547725
vt 0.101570 0.587952
vt 0.065339 0.626568
vt 0.031166 0.628781
vt 0.101495 0.622737
vt 0.004355 0.511573
vt 0.031374 0.509726
vt 0.003765 0.555452
vt 0.066011 0.507667
vt 0.103225 0.504366
vt 0.101961 0.649491
vt 0.066247 0.653153
vt 0.032449 0.655289
vt 0.004286 0.630628
vt 0.005875 0.657103
vt 0.003663 0.595940
vt 0.039443 0.390323
vt 0.072077 0.385809
vt 0.069062 0.421390
vt 0.034872 0.424072
vt 0.110984 0.382579
vt 0.107670 0.418601
vt 0.067120 0.463177
vt 0.032384 0.465206
vt 0.105072 0.460287
vt 0.024550 0.374472
vt 0.043672 0.366349
vt 0.016176 0.393956
vt 0.075416 0.359279
vt 0.114854 0.355406
vt 0.157125 0.353184
vt 0.151467 0.379759
vt 0.146096 0.414965
vt 0.141451 0.455682
vt 0.005569 0.467104
vt 0.009046 0.426395
vt 0.189119 0.376223
vt 0.222143 0.372427
vt 0.209116 0.403890
vt 0.180299 0.409828
vt 0.249399 0.369230
vt 0.232122 0.398243
vt 0.196940 0.440389
vt 0.172287 0.448803
vt 0.215658 0.431683
vt 0.197679 0.350922
vt 0.234208 0.348783
vt 0.264966 0.347399
vt 0.288206 0.347399
vt 0.269755 0.367517
vt 0.248949 0.394191
vt 0.228881 0.424650
vt 0.526914 0.627943
vt 0.527090 0.590248
vt 0.570374 0.589518
vt 0.569280 0.626185
vt 0.527135 0.547304
vt 0.570898 0.547150
vt 0.607314 0.588389
vt 0.604081 0.622817
vt 0.608848 0.547233
vt 0.480519 0.657979
vt 0.480582 0.628413
vt 0.526738 0.657317
vt 0.480548 0.590543
vt 0.480450 0.547492
vt 0.638174 0.547877
vt 0.635494 0.587895
vt 0.629345 0.620555
vt 0.601826 0.648150
vt 0.621915 0.640651
vt 0.568570 0.654443
vt 0.356841 0.623599
vt 0.353534 0.589191
vt 0.390641 0.590086
vt 0.391803 0.626746
vt 0.351807 0.548046
vt 0.389920 0.547723
vt 0.433993 0.590542
vt 0.434237 0.628236
vt 0.433752 0.547599
vt 0.338741 0.641546
vt 0.331306 0.621498
vt 0.358998 0.648917
vt 0.325057 0.588876
vt 0.322182 0.548876
vt 0.321475 0.506263
vt 0.351351 0.504138
vt 0.389659 0.503024
vt 0.433587 0.502560
vt 0.434289 0.657609
vt 0.392394 0.655000
vt 0.351383 0.461442
vt 0.351785 0.422470
vt 0.389929 0.419175
vt 0.389667 0.459327
vt 0.352605 0.389372
vt 0.390475 0.384907
vt 0.433611 0.417872
vt 0.433533 0.458472
vt 0.433836 0.383170
vt 0.321475 0.465460
vt 0.321950 0.428761
vt 0.322976 0.397928
vt 0.324628 0.374726
vt 0.353891 0.364294
vt 0.391332 0.358866
vt 0.434225 0.356775
vt 0.678718 0.306767
vt 0.715081 0.307884
vt 0.713740 0.313717
vt 0.676613 0.312551
vt 0.756441 0.308263
vt 0.755912 0.314126
vt 0.603368 0.327039
vt 0.566464 0.327413
vt 0.567878 0.322212
vt 0.605534 0.321822
vt 0.524323 0.327545
vt 0.524930 0.322353
vt 0.649860 0.304563
vt 0.800286 0.308253
vt 0.800586 0.314126
vt 0.479575 0.327545
vt 0.479353 0.322356
vt 0.635238 0.321072
vt 0.632403 0.326310
vt 0.647071 0.310281
vt 0.352939 0.990570
vt 0.387041 0.988643
vt 0.386017 0.994385
vt 0.351206 0.996297
vt 0.421707 0.984306
vt 0.421321 0.990081
vt 0.679331 0.334937
vt 0.712936 0.335594
vt 0.711235 0.341122
vt 0.676962 0.340454
vt 0.748037 0.337977
vt 0.746982 0.343536
vt 0.323898 0.990624
vt 0.452440 0.977020
vt 0.452533 0.982864
vt 0.779647 0.343220
vt 0.779142 0.348846
vt 0.649224 0.340384
vt 0.652209 0.334870
vt 0.321475 0.996337
vt 0.927015 0.786274
vt 0.927637 0.810354
vt 0.923035 0.806940
vt 0.922307 0.782878
vt 0.927745 0.830410
vt 0.923547 0.827922
vt 0.918760 0.810483
vt 0.917972 0.786035
vt 0.919589 0.830655
vt 0.930103 0.766729
vt 0.931327 0.796246
vt 0.925858 0.758631
vt 0.931814 0.821107
vt 0.931426 0.839178
vt 0.930614 0.850242
vt 0.927848 0.848289
vt 0.923969 0.847477
vt 0.920232 0.848535
vt 0.917778 0.850657
vt 0.916644 0.839621
vt 0.915573 0.821347
vt 0.914779 0.795818
vt 0.917130 0.757651
vt 0.914114 0.764963
vt 0.921289 0.755573
vt 0.933132 0.671742
vt 0.926159 0.698827
vt 0.922202 0.695559
vt 0.929607 0.668047
vt 0.924734 0.728683
vt 0.920427 0.725673
vt 0.286678 0.370206
vt 0.263035 0.393949
vt 0.259291 0.392798
vt 0.282259 0.367942
vt 0.916592 0.726537
vt 0.918804 0.695243
vt 0.050784 0.336987
vt 0.030788 0.319314
vt 0.666373 0.704998
vt 0.645971 0.679670
vt 0.686830 0.733160
vt 0.928844 0.735362
vt 0.237004 0.421031
vt 0.218838 0.449905
vt 0.302466 0.349200
vt 0.307420 0.352368
vt 0.046322 0.340074
vt 0.025681 0.321832
vt 0.593793 0.903063
vt 0.595020 0.883895
vt 0.599137 0.885061
vt 0.597667 0.904500
vt 0.596778 0.864568
vt 0.600734 0.865232
vt 0.603554 0.884526
vt 0.601891 0.903662
vt 0.604877 0.865167
vt 0.509737 0.910608
vt 0.506853 0.927624
vt 0.511150 0.891480
vt 0.591922 0.881147
vt 0.593880 0.861757
vt 0.595888 0.848058
vt 0.598554 0.846208
vt 0.602381 0.845552
vt 0.606153 0.846770
vt 0.608696 0.849005
vt 0.608556 0.862842
vt 0.607536 0.882302
vt 0.605556 0.902227
vt 0.600481 0.920825
vt 0.603574 0.916467
vt 0.596449 0.922662
vt 0.592882 0.920263
vt 0.009583 0.215259
vt 0.011765 0.256207
vt 0.006019 0.257483
vt 0.003751 0.215883
vt 0.018138 0.291786
vt 0.012613 0.293697
vt 0.523995 0.335051
vt 0.565564 0.337170
vt 0.566986 0.342453
vt 0.524740 0.340410
vt 0.601700 0.343162
vt 0.603770 0.348244
vt 0.009506 0.171627
vt 0.629686 0.354967
vt 0.632361 0.359658
vt 0.479760 0.340241
vt 0.479708 0.334870
vt 0.003663 0.171590
vt 0.931147 0.937039
vt 0.932732 0.950569
vt 0.928406 0.955805
vt 0.927134 0.941002
vt 0.738070 0.951476
vt 0.754021 0.963634
vt 0.754008 0.969289
vt 0.737856 0.956707
vt 0.186810 0.630708
vt 0.176175 0.644281
vt 0.175709 0.638818
vt 0.186155 0.626500
vt 0.159596 0.656240
vt 0.159013 0.650356
vt 0.728271 0.938738
vt 0.722859 0.924634
vt 0.777353 0.973960
vt 0.777606 0.979588
vt 0.135754 0.665668
vt 0.134807 0.659829
vt 0.192205 0.612663
vt 0.926242 0.924782
vt 0.922989 0.937305
vt 0.922441 0.922774
vt 0.930056 0.922528
vt 0.603152 0.726578
vt 0.600008 0.696470
vt 0.603615 0.693332
vt 0.607221 0.723722
vt 0.591135 0.668895
vt 0.594214 0.665304
vt 0.607586 0.693199
vt 0.611428 0.724775
vt 0.911650 0.612875
vt 0.935041 0.636657
vt 0.930884 0.638857
vt 0.908193 0.613914
vt 0.599319 0.764598
vt 0.599908 0.733164
vt 0.603115 0.756625
vt 0.563191 0.707962
vt 0.543087 0.736348
vt 0.582783 0.682118
vt 0.065525 0.009436
vt 0.032667 0.024224
vt 0.052886 0.006806
vt 0.027592 0.021641
vt 0.048463 0.003663
vt 0.954771 0.655057
vt 0.950047 0.658208
vt 0.885684 0.585890
vt 0.867068 0.557295
vt 0.607557 0.753741
vt 0.611904 0.756010
vt 0.844033 0.308091
vt 0.884810 0.307550
vt 0.886699 0.313377
vt 0.845150 0.313950
vt 0.919669 0.306294
vt 0.922258 0.312069
vt 0.434895 0.327488
vt 0.393137 0.327304
vt 0.391313 0.322101
vt 0.433853 0.322296
vt 0.357199 0.326884
vt 0.354662 0.321664
vt 0.945664 0.303982
vt 0.948850 0.309688
vt 0.329980 0.326120
vt 0.326827 0.320878
vt 0.475678 0.966620
vt 0.491591 0.954432
vt 0.492149 0.959877
vt 0.476044 0.972495
vt 0.591135 0.948324
vt 0.591866 0.934767
vt 0.595598 0.938884
vt 0.595157 0.953728
vt 0.803811 0.352058
vt 0.820697 0.363626
vt 0.820670 0.368863
vt 0.803682 0.357714
vt 0.600009 0.935371
vt 0.600024 0.948999
vt 0.501405 0.941702
vt 0.831354 0.380972
vt 0.837646 0.394713
vt 0.928529 0.866718
vt 0.929265 0.886108
vt 0.924929 0.887108
vt 0.924416 0.867221
vt 0.929640 0.905312
vt 0.925528 0.906593
vt 0.920713 0.886384
vt 0.920412 0.866980
vt 0.921523 0.905574
vt 0.931941 0.864016
vt 0.932989 0.883474
vt 0.933132 0.903497
vt 0.932670 0.917867
vt 0.195804 0.595783
vt 0.198021 0.576732
vt 0.917340 0.883980
vt 0.917233 0.864492
vt 0.019667 0.051588
vt 0.012842 0.087083
vt 0.007112 0.085734
vt 0.014167 0.049607
vt 0.010139 0.128000
vt 0.004315 0.127302
vt 0.357614 0.343934
vt 0.393818 0.337713
vt 0.392496 0.343004
vt 0.355636 0.349028
vt 0.435415 0.335331
vt 0.434775 0.340695
vt 0.326904 0.360624
vt 0.254459 0.881716
vt 0.254459 0.849787
vt 0.258207 0.850732
vt 0.257889 0.883447
vt 0.808194 0.981157
vt 0.842768 0.985526
vt 0.844102 0.991074
vt 0.808911 0.986726
vt 0.876328 0.987768
vt 0.878341 0.993319
vt 0.104507 0.671735
vt 0.069978 0.675198
vt 0.067886 0.669515
vt 0.103032 0.665988
vt 0.037355 0.677213
vt 0.034632 0.671581
vt 0.904123 0.988585
vt 0.906789 0.994147
vt 0.011826 0.678937
vt 0.008533 0.673352
vt 0.599778 0.828377
vt 0.600874 0.808354
vt 0.605511 0.805127
vt 0.604005 0.826060
vt 0.602093 0.784291
vt 0.606774 0.781081
vt 0.609742 0.808852
vt 0.607918 0.828960
vt 0.611149 0.784428
vt 0.595899 0.836997
vt 0.596551 0.818947
vt 0.597871 0.794112
vt 0.615416 0.763500
vt 0.614444 0.794372
vt 0.612774 0.819860
vt 0.610651 0.838052
vt 0.964682 0.147676
vt 0.964682 0.004170
vt 0.969526 0.004106
vt 0.969526 0.147612
vt 0.973788 0.003831
vt 0.973788 0.147337
vt 0.940457 0.811564
vt 0.940457 0.668047
vt 0.944511 0.668360
vt 0.944511 0.811877
vt 0.949293 0.668470
vt 0.949293 0.811987
vt 0.954075 0.668360
vt 0.954075 0.811877
vt 0.958129 0.668047
vt 0.958129 0.811564
vt 0.279455 0.830663
vt 0.279455 0.686280
vt 0.283581 0.686377
vt 0.283581 0.830760
vt 0.288387 0.686407
vt 0.288387 0.830791
vt 0.293142 0.686367
vt 0.293142 0.830750
vt 0.297121 0.686262
vt 0.297121 0.830645
vt 0.254459 0.830746
vt 0.254459 0.686262
vt 0.258535 0.686264
vt 0.258535 0.830747
vt 0.263325 0.686264
vt 0.263325 0.830748
vt 0.268099 0.686264
vt 0.268099 0.830747
vt 0.272130 0.686262
vt 0.272130 0.830746
vt 0.282600 0.874306
vt 0.278149 0.872442
vt 0.274742 0.868996
vt 0.272898 0.864493
vt 0.272898 0.859617
vt 0.274742 0.855112
vt 0.278149 0.851662
vt 0.282600 0.849794
vt 0.287418 0.849792
vt 0.291870 0.851656
vt 0.295277 0.855102
vt 0.297121 0.859605
vt 0.297121 0.864481
vt 0.295277 0.868986
vt 0.291870 0.872435
vt 0.287418 0.874303
vt 0.956176 0.147169
vt 0.956176 0.003663
vt 0.959994 0.004015
vt 0.959994 0.147521
vt 0.116581 0.799469
vt 0.120626 0.796759
vt 0.125398 0.795805
vt 0.130170 0.796755
vt 0.134215 0.799462
vt 0.136918 0.803514
vt 0.137868 0.808296
vt 0.136918 0.813078
vt 0.134215 0.817133
vt 0.130170 0.819844
vt 0.125398 0.820797
vt 0.120626 0.819848
vt 0.116581 0.817141
vt 0.113878 0.813088
vt 0.112929 0.808306
vt 0.113878 0.803524
vt 0.956176 0.158804
vt 0.959994 0.159156
vt 0.268099 0.842462
vt 0.272130 0.842461
vt 0.010411 0.930340
vt 0.006366 0.927633
vt 0.254459 0.842461
vt 0.258535 0.842462
vt 0.293142 0.842457
vt 0.297121 0.842352
vt 0.279455 0.842370
vt 0.283581 0.842467
vt 0.954075 0.823514
vt 0.958129 0.823201
vt 0.240385 0.686262
vt 0.244431 0.688969
vt 0.940457 0.823201
vt 0.944511 0.823514
vt 0.969526 0.159247
vt 0.973788 0.158972
vt 0.247134 0.693022
vt 0.244431 0.927534
vt 0.240385 0.930245
vt 0.247134 0.923479
vt 0.003663 0.923580
vt 0.003663 0.693123
vt 0.006366 0.689068
vt 0.010411 0.686357
vt 0.970216 0.985071
vt 0.974985 0.984096
vt 0.975018 0.985737
vt 0.970249 0.986711
vt 0.975112 0.987045
vt 0.970342 0.988020
vt 0.308503 0.872211
vt 0.308723 0.876989
vt 0.307106 0.877027
vt 0.306886 0.872248
vt 0.965454 0.984159
vt 0.965487 0.985799
vt 0.309819 0.867398
vt 0.309819 0.872181
vt 0.308503 0.867428
vt 0.306886 0.867465
vt 0.309392 0.840228
vt 0.314128 0.839301
vt 0.314076 0.840926
vt 0.309340 0.841854
vt 0.272898 0.886407
vt 0.272898 0.881652
vt 0.274131 0.881631
vt 0.274131 0.886386
vt 0.275725 0.881633
vt 0.275725 0.886388
vt 0.304644 0.839260
vt 0.304592 0.840886
vt 0.309194 0.843113
vt 0.304446 0.842145
vt 0.274059 0.891191
vt 0.275653 0.891193
vt 0.985890 0.336386
vt 0.981128 0.337398
vt 0.981163 0.335882
vt 0.985924 0.334870
vt 0.285392 0.886418
vt 0.285391 0.881644
vt 0.286582 0.881634
vt 0.286582 0.886408
vt 0.288161 0.881631
vt 0.288161 0.886405
vt 0.990659 0.337261
vt 0.990693 0.335745
vt 0.285391 0.891207
vt 0.286582 0.891198
vt 0.288161 0.891194
vt 0.990650 0.006235
vt 0.985914 0.005209
vt 0.985860 0.003663
vt 0.990596 0.004688
vt 0.309819 0.850540
vt 0.309709 0.855230
vt 0.308391 0.855147
vt 0.308502 0.850458
vt 0.306773 0.855127
vt 0.306884 0.850438
vt 0.981167 0.006080
vt 0.981113 0.004533
vt 0.309819 0.860073
vt 0.308502 0.859990
vt 0.306884 0.859970
vt 0.940457 0.830950
vt 0.952092 0.830839
vt 0.946013 0.983405
vt 0.945534 0.984996
vt 0.944352 0.986168
vt 0.942784 0.986608
vt 0.940457 0.986630
vt 0.304559 0.867519
vt 0.304559 0.872302
vt 0.965581 0.831634
vt 0.970342 0.832545
vt 0.975112 0.831571
vt 0.304779 0.877080
vt 0.962096 0.334870
vt 0.973803 0.334882
vt 0.973803 0.491023
vt 0.971462 0.491021
vt 0.969884 0.490593
vt 0.968694 0.489427
vt 0.968213 0.487836
vt 0.622741 0.828823
vt 0.634378 0.828823
vt 0.628298 0.981839
vt 0.627819 0.983430
vt 0.626637 0.984595
vt 0.625069 0.985022
vt 0.622741 0.985022
vt 0.277994 0.891213
vt 0.278066 0.886407
vt 0.304446 0.686262
vt 0.309194 0.687230
vt 0.278066 0.881653
vt 0.313930 0.686303
vt 0.622741 0.665304
vt 0.634456 0.665304
vt 0.634456 0.821498
vt 0.632113 0.821498
vt 0.630534 0.821071
vt 0.629344 0.819907
vt 0.628862 0.818315
vt 0.962096 0.498349
vt 0.973803 0.498349
vt 0.967841 0.651309
vt 0.967361 0.652899
vt 0.966173 0.654064
vt 0.964595 0.654490
vt 0.962254 0.654490
vt 0.290504 0.891194
vt 0.290504 0.886405
vt 0.990693 0.488214
vt 0.985924 0.487339
vt 0.290504 0.881631
vt 0.981163 0.488350
vt 0.986851 0.322246
vt 0.975216 0.322246
vt 0.976702 0.166572
vt 0.979029 0.166572
vt 0.980593 0.166997
vt 0.981764 0.168158
vt 0.982228 0.169744
vt 0.304446 0.855150
vt 0.304557 0.859993
vt 0.985860 0.157207
vt 0.981113 0.158078
vt 0.977091 0.824246
vt 0.965454 0.824246
vt 0.965454 0.668047
vt 0.967781 0.668047
vt 0.969350 0.668473
vt 0.970532 0.669638
vt 0.971011 0.671229
vt 0.304557 0.850460
vt 0.990596 0.158233
vt 0.956176 0.166572
vt 0.967891 0.166572
vt 0.961771 0.319583
vt 0.961288 0.321175
vt 0.960098 0.322340
vt 0.958519 0.322766
vt 0.956176 0.322766
s 1
usemtl armchair
f 333/1/1 334/2/2 337/3/3 336/4/4
f 334/2/2 335/5/5 338/6/6 337/3/3
f 336/4/4 337/3/3 340/7/7 339/8/8
f 337/3/3 338/6/6 341/9/9 340/7/7
f 23/10/10 153/11/11 333/1/1 164/12/12
f 153/11/11 154/13/13 334/2/2 333/1/1
f 154/13/13 155/14/14 335/5/5 334/2/2
f 155/14/14 12/15/15 95/16/16 335/5/5
f 335/5/5 95/16/16 94/17/17 338/6/6
f 338/6/6 94/17/17 93/18/18 341/9/9
f 341/9/9 93/18/18 4/19/19 59/20/20
f 340/7/7 341/9/9 59/20/20 58/21/21
f 339/8/8 340/7/7 58/21/21 57/22/22
f 162/23/23 339/8/8 57/22/22 11/24/24
f 163/25/25 336/4/4 339/8/8 162/23/23
f 164/12/12 333/1/1 336/4/4 163/25/25
f 343/26/26 344/27/27 342/28/28 352/29/29
f 345/30/30 346/31/31 342/28/28 344/27/27
f 347/32/32 348/33/33 342/28/28 346/31/31
f 349/34/34 350/35/35 342/28/28 348/33/33
f 351/36/36 352/29/29 342/28/28 350/35/35
f 22/37/37 141/38/38 343/26/26 152/39/39
f 141/38/38 142/40/40 344/27/27 343/26/26
f 152/39/39 343/26/26 352/29/29 151/41/41
f 15/42/42 104/43/43 345/30/30 143/44/44
f 104/43/43 103/45/45 346/31/31 345/30/30
f 143/44/44 345/30/30 344/27/27 142/40/40
f 8/46/46 68/47/47 347/32/32 102/48/48
f 68/47/47 67/49/49 348/33/33 347/32/32
f 102/48/48 347/32/32 346/31/31 103/45/45
f 24/50/50 167/51/51 349/34/34 66/52/52
f 167/51/51 166/53/53 350/35/35 349/34/34
f 66/52/52 349/34/34 348/33/33 67/49/49
f 14/54/54 150/55/55 351/36/36 165/56/56
f 150/55/55 151/41/41 352/29/29 351/36/36
f 165/56/56 351/36/36 350/35/35 166/53/53
f 353/57/57 354/58/58 357/59/59 356/60/60
f 354/58/58 355/61/61 358/62/62 357/59/59
f 356/60/60 357/59/59 360/63/63 359/64/64
f 357/59/59 358/62/62 361/65/65 360/63/63
f 21/66/66 129/67/67 353/57/57 140/68/68
f 129/67/67 130/69/69 354/58/58 353/57/57
f 130/69/69 131/70/70 355/61/61 354/58/58
f 131/70/70 10/71/71 54/72/72 355/61/61
f 355/61/61 54/72/72 55/73/73 358/62/62
f 358/62/62 55/73/73 56/74/74 361/65/65
f 361/65/65 56/74/74 2/75/75 83/76/76
f 360/63/63 361/65/65 83/76/76 82/77/77
f 359/64/64 360/63/63 82/77/77 81/78/78
f 138/79/79 359/64/64 81/78/78 19/80/80
f 139/81/81 356/60/60 359/64/64 138/79/79
f 140/68/68 353/57/57 356/60/60 139/81/81
f 362/82/82 363/83/83 366/84/84 365/85/85
f 363/83/83 364/86/86 367/87/87 366/84/84
f 365/85/85 366/84/84 369/88/88 368/89/89
f 366/84/84 367/87/87 370/90/90 369/88/88
f 20/91/91 117/92/92 362/82/82 128/93/91
f 117/92/92 118/94/93 363/83/83 362/82/82
f 118/94/93 119/95/94 364/86/86 363/83/83
f 119/95/94 18/96/95 78/97/96 364/86/86
f 364/86/86 78/97/96 79/98/97 367/87/87
f 367/87/87 79/98/97 80/99/98 370/90/90
f 370/90/90 80/99/98 5/100/99 105/101/100
f 369/88/88 370/90/90 105/101/100 106/102/101
f 368/89/89 369/88/88 106/102/101 107/103/102
f 126/104/103 368/89/89 107/103/102 16/105/104
f 127/106/105 365/85/85 368/89/89 126/104/103
f 128/93/91 362/82/82 365/85/85 127/106/105
f 371/107/106 372/108/107 375/109/108 374/110/109
f 372/108/107 373/111/110 376/112/111 375/109/108
f 374/110/109 375/109/108 378/113/112 377/114/113
f 375/109/108 376/112/111 379/115/114 378/113/112
f 9/116/115 51/117/116 371/107/106 125/118/117
f 51/117/116 52/119/118 372/108/107 371/107/106
f 52/119/118 53/120/119 373/111/110 372/108/107
f 53/120/119 1/121/120 111/122/121 373/111/110
f 373/111/110 111/122/121 112/123/122 376/112/111
f 376/112/111 112/123/122 113/124/123 379/115/114
f 379/115/114 113/124/123 18/96/95 119/95/94
f 378/113/112 379/115/114 119/95/94 118/94/93
f 377/114/113 378/113/112 118/94/93 117/92/92
f 123/125/124 377/114/113 117/92/92 20/91/91
f 124/126/125 374/110/109 377/114/113 123/125/124
f 125/118/117 371/107/106 374/110/109 124/126/125
f 380/127/126 381/128/127 384/129/128 383/130/129
f 381/128/127 382/131/130 385/132/131 384/129/128
f 383/130/129 384/129/128 387/133/132 386/134/133
f 384/129/128 385/132/131 388/135/134 387/133/132
f 3/136/135 84/137/136 380/127/126 65/138/137
f 84/137/136 85/139/138 381/128/127 380/127/126
f 85/139/138 86/140/139 382/131/130 381/128/127
f 86/140/139 9/116/115 125/118/117 382/131/130
f 382/131/130 125/118/117 124/126/125 385/132/131
f 385/132/131 124/126/125 123/125/124 388/135/134
f 388/135/134 123/125/124 20/91/91 122/141/140
f 387/133/132 388/135/134 122/141/140 121/142/141
f 386/134/133 387/133/132 121/142/141 120/143/142
f 63/144/143 386/134/133 120/143/142 13/145/144
f 64/146/145 383/130/129 386/134/133 63/144/143
f 65/138/137 380/127/126 383/130/129 64/146/145
f 389/147/146 390/148/147 393/149/148 392/150/149
f 390/148/147 391/151/150 394/152/151 393/149/148
f 392/150/149 393/149/148 396/153/152 395/154/153
f 393/149/148 394/152/151 397/155/154 396/153/152
f 13/145/144 120/143/142 389/147/146 98/156/155
f 120/143/142 121/142/141 390/148/147 389/147/146
f 121/142/141 122/141/140 391/151/150 390/148/147
f 122/141/140 20/91/91 128/93/91 391/151/150
f 391/151/150 128/93/91 127/106/105 394/152/151
f 394/152/151 127/106/105 126/104/103 397/155/154
f 397/155/154 126/104/103 16/105/104 72/157/156
f 396/153/152 397/155/154 72/157/156 73/158/157
f 395/154/153 396/153/152 73/158/157 74/159/158
f 96/160/159 395/154/153 74/159/158 7/161/160
f 97/162/161 392/150/149 395/154/153 96/160/159
f 98/156/155 389/147/146 392/150/149 97/162/161
f 398/163/162 399/164/163 402/165/164 401/166/165
f 399/164/163 400/167/166 403/168/167 402/165/164
f 401/166/165 402/165/164 405/169/168 404/170/169
f 402/165/164 403/168/167 406/171/170 405/169/168
f 18/172/95 113/173/123 398/163/162 137/174/171
f 113/173/123 112/175/122 399/164/163 398/163/162
f 112/175/122 111/176/121 400/167/166 399/164/163
f 111/176/121 1/177/120 87/178/172 400/167/166
f 400/167/166 87/178/172 88/179/173 403/168/167
f 403/168/167 88/179/173 89/180/174 406/171/170
f 406/171/170 89/180/174 10/71/71 131/70/70
f 405/169/168 406/171/170 131/70/70 130/69/69
f 404/170/169 405/169/168 130/69/69 129/67/67
f 135/181/175 404/170/169 129/67/67 21/66/66
f 136/182/176 401/166/165 404/170/169 135/181/175
f 137/174/171 398/163/162 401/166/165 136/182/176
f 407/183/177 408/184/178 411/185/179 410/186/180
f 408/184/178 409/187/181 412/188/182 411/185/179
f 410/186/180 411/185/179 414/189/183 413/190/184
f 411/185/179 412/188/182 415/191/185 414/189/183
f 5/192/99 80/193/98 407/183/177 77/194/186
f 80/193/98 79/195/97 408/184/178 407/183/177
f 79/195/97 78/196/96 409/187/181 408/184/178
f 78/196/96 18/172/95 137/174/171 409/187/181
f 409/187/181 137/174/171 136/182/176 412/188/182
f 412/188/182 136/182/176 135/181/175 415/191/185
f 415/191/185 135/181/175 21/66/66 134/197/187
f 414/189/183 415/191/185 134/197/187 133/198/188
f 413/190/184 414/189/183 133/198/188 132/199/189
f 75/200/190 413/190/184 132/199/189 17/201/191
f 76/202/192 410/186/180 413/190/184 75/200/190
f 77/194/186 407/183/177 410/186/180 76/202/192
f 417/203/193 418/204/194 416/205/195 426/206/196
f 419/207/197 420/208/198 416/205/195 418/204/194
f 421/209/199 422/210/200 416/205/195 420/208/198
f 423/211/201 424/212/202 416/205/195 422/210/200
f 425/213/203 426/206/196 416/205/195 424/212/202
f 17/201/191 132/199/189 417/203/193 110/214/204
f 132/199/189 133/198/188 418/204/194 417/203/193
f 110/214/204 417/203/193 426/206/196 109/215/205
f 21/66/66 140/68/68 419/207/197 134/197/187
f 140/68/68 139/81/81 420/208/198 419/207/197
f 134/197/187 419/207/197 418/204/194 133/198/188
f 19/80/80 116/216/206 421/209/199 138/79/79
f 116/216/206 115/217/207 422/210/200 421/209/199
f 138/79/79 421/209/199 420/208/198 139/81/81
f 25/218/208 170/219/209 423/211/201 114/220/210
f 170/219/209 169/221/211 424/212/202 423/211/201
f 114/220/210 423/211/201 422/210/200 115/217/207
f 6/222/212 108/223/213 425/213/203 168/224/214
f 108/223/213 109/215/205 426/206/196 425/213/203
f 168/224/214 425/213/203 424/212/202 169/221/211
f 427/225/215 428/226/216 431/227/217 430/228/218
f 428/226/216 429/229/219 432/230/220 431/227/217
f 430/228/218 431/227/217 434/231/221 433/232/222
f 431/227/217 432/230/220 435/233/223 434/231/221
f 13/234/144 98/235/155 427/225/215 149/236/224
f 98/235/155 97/237/161 428/226/216 427/225/215
f 97/237/161 96/238/159 429/229/219 428/226/216
f 96/238/159 7/239/160 71/240/225 429/229/219
f 429/229/219 71/240/225 70/241/226 432/230/220
f 432/230/220 70/241/226 69/242/227 435/233/223
f 435/233/223 69/242/227 15/42/42 143/44/44
f 434/231/221 435/233/223 143/44/44 142/40/40
f 433/232/222 434/231/221 142/40/40 141/38/38
f 147/243/228 433/232/222 141/38/38 22/37/37
f 148/244/229 430/228/218 433/232/222 147/243/228
f 149/236/224 427/225/215 430/228/218 148/244/229
f 436/245/230 437/246/231 440/247/232 439/248/233
f 437/246/231 438/249/234 441/250/235 440/247/232
f 439/248/233 440/247/232 443/251/236 442/252/237
f 440/247/232 441/250/235 444/253/238 443/251/236
f 3/254/135 65/255/137 436/245/230 62/256/239
f 65/255/137 64/257/145 437/246/231 436/245/230
f 64/257/145 63/258/143 438/249/234 437/246/231
f 63/258/143 13/234/144 149/236/224 438/249/234
f 438/249/234 149/236/224 148/244/229 441/250/235
f 441/250/235 148/244/229 147/243/228 444/253/238
f 444/253/238 147/243/228 22/37/37 146/259/240
f 443/251/236 444/253/238 146/259/240 145/260/241
f 442/252/237 443/251/236 145/260/241 144/261/242
f 60/262/243 442/252/237 144/261/242 12/263/15
f 61/264/244 439/248/233 442/252/237 60/262/243
f 62/256/239 436/245/230 439/248/233 61/264/244
f 445/265/245 446/266/246 449/267/247 448/268/248
f 446/266/246 447/269/249 450/270/250 449/267/247
f 448/268/248 449/267/247 452/271/251 451/272/252
f 449/267/247 450/270/250 453/273/253 452/271/251
f 12/263/15 144/261/242 445/265/245 95/274/16
f 144/261/242 145/260/241 446/266/246 445/265/245
f 145/260/241 146/259/240 447/269/249 446/266/246
f 146/259/240 22/37/37 152/39/39 447/269/249
f 447/269/249 152/39/39 151/41/41 450/270/250
f 450/270/250 151/41/41 150/55/55 453/273/253
f 453/273/253 150/55/55 14/54/54 101/275/254
f 452/271/251 453/273/253 101/275/254 100/276/255
f 451/272/252 452/271/251 100/276/255 99/277/256
f 93/18/18 451/278/252 99/279/256 4/19/19
f 94/280/17 448/268/248 451/272/252 93/281/18
f 95/274/16 445/265/245 448/268/248 94/280/17
f 454/282/257 455/283/258 458/284/259 457/285/260
f 455/283/258 456/286/261 459/287/262 458/284/259
f 457/285/260 458/284/259 461/288/263 460/289/264
f 458/284/259 459/287/262 462/290/265 461/288/263
f 9/291/115 86/292/139 454/282/257 161/293/266
f 86/292/139 85/294/138 455/283/258 454/282/257
f 85/294/138 84/295/136 456/286/261 455/283/258
f 84/295/136 3/296/135 62/297/239 456/286/261
f 456/286/261 62/297/239 61/298/244 459/287/262
f 459/287/262 61/298/244 60/299/243 462/290/265
f 462/290/265 60/299/243 12/15/15 155/14/14
f 461/288/263 462/290/265 155/14/14 154/13/13
f 460/289/264 461/288/263 154/13/13 153/11/11
f 159/300/267 460/289/264 153/11/11 23/10/10
f 160/301/268 457/285/260 460/289/264 159/300/267
f 161/293/266 454/282/257 457/285/260 160/301/268
f 463/302/269 464/303/270 467/304/271 466/305/272
f 464/303/270 465/306/273 468/307/274 467/304/271
f 466/305/272 467/304/271 470/308/275 469/309/276
f 467/304/271 468/307/274 471/310/277 470/308/275
f 1/311/120 53/312/119 463/302/269 87/313/172
f 53/312/119 52/314/118 464/303/270 463/302/269
f 52/314/118 51/315/116 465/306/273 464/303/270
f 51/315/116 9/291/115 161/293/266 465/306/273
f 465/306/273 161/293/266 160/301/268 468/307/274
f 468/307/274 160/301/268 159/300/267 471/310/277
f 471/310/277 159/300/267 23/10/10 158/316/278
f 470/308/275 471/310/277 158/316/278 157/317/279
f 469/309/276 470/308/275 157/317/279 156/318/280
f 89/319/174 469/309/276 156/318/280 10/320/71
f 88/321/173 466/305/272 469/309/276 89/319/174
f 87/313/172 463/302/269 466/305/272 88/321/173
f 472/322/281 473/323/282 476/324/283 475/325/284
f 473/323/282 474/326/285 477/327/286 476/324/283
f 475/325/284 476/324/283 479/328/287 478/329/288
f 476/324/283 477/327/286 480/330/289 479/328/287
f 10/320/71 156/318/280 472/322/281 54/331/72
f 156/318/280 157/317/279 473/323/282 472/322/281
f 157/317/279 158/316/278 474/326/285 473/323/282
f 158/316/278 23/10/10 164/12/12 474/326/285
f 474/326/285 164/12/12 163/25/25 477/327/286
f 477/327/286 163/25/25 162/23/23 480/330/289
f 480/330/289 162/23/23 11/24/24 92/332/290
f 479/328/287 480/330/289 92/332/290 91/333/291
f 478/329/288 479/328/287 91/333/291 90/334/292
f 56/335/74 478/329/288 90/334/292 2/336/75
f 55/337/73 475/325/284 478/329/288 56/335/74
f 54/331/72 472/322/281 475/325/284 55/337/73
f 481/338/293 482/339/294 485/340/295 484/341/296
f 482/339/294 483/342/297 486/343/298 485/340/295
f 484/341/296 485/340/295 488/344/299 487/345/300
f 485/340/295 486/343/298 489/346/301 488/344/299
f 50/347/302 284/348/303 481/338/293 273/349/304
f 284/348/303 283/350/305 482/339/294 481/338/293
f 283/350/305 282/351/306 483/342/297 482/339/294
f 282/351/306 30/352/307 177/353/308 483/342/297
f 483/342/297 177/353/308 178/354/309 486/343/298
f 486/343/298 178/354/309 179/355/310 489/346/301
f 489/346/301 179/355/310 31/356/311 213/357/312
f 488/344/299 489/346/301 213/357/312 214/358/313
f 487/345/300 488/344/299 214/358/313 215/359/314
f 275/360/315 487/345/300 215/359/314 32/361/316
f 274/362/317 484/341/296 487/345/300 275/360/315
f 273/349/304 481/338/293 484/341/296 274/362/317
f 491/363/318 492/364/319 490/365/320 500/366/321
f 493/367/322 494/368/323 490/365/320 492/364/319
f 495/369/324 496/370/325 490/365/320 494/368/323
f 497/371/326 498/372/327 490/365/320 496/370/325
f 499/373/328 500/366/321 490/365/320 498/372/327
f 49/374/329 272/375/330 491/363/318 261/376/331
f 272/375/330 271/377/332 492/364/319 491/363/318
f 261/376/331 491/363/318 500/366/321 262/378/333
f 44/379/334 285/380/335 493/367/322 270/381/336
f 285/380/335 286/382/337 494/368/323 493/367/322
f 270/381/336 493/367/322 492/364/319 271/377/332
f 35/383/338 186/384/339 495/369/324 287/385/340
f 186/384/339 187/386/341 496/370/325 495/369/324
f 287/385/340 495/369/324 494/368/323 286/382/337
f 36/387/342 222/388/343 497/371/326 188/389/344
f 222/388/343 223/390/345 498/372/327 497/371/326
f 188/389/344 497/371/326 496/370/325 187/386/341
f 37/391/346 263/392/347 499/373/328 224/393/348
f 263/392/347 262/378/333 500/366/321 499/373/328
f 224/393/348 499/373/328 498/372/327 223/390/345
f 501/394/349 502/395/350 505/396/351 504/397/352
f 502/395/350 503/398/353 506/399/354 505/396/351
f 504/397/352 505/396/351 508/400/355 507/401/356
f 505/396/351 506/399/354 509/402/357 508/400/355
f 48/403/358 260/404/359 501/394/349 249/405/360
f 260/404/359 259/406/361 502/395/350 501/394/349
f 259/406/361 258/407/362 503/398/353 502/395/350
f 258/407/362 43/408/363 201/409/364 503/398/353
f 503/398/353 201/409/364 202/410/365 506/399/354
f 506/399/354 202/410/365 203/411/366 509/402/357
f 509/402/357 203/411/366 29/412/367 176/413/368
f 508/400/355 509/402/357 176/413/368 175/414/369
f 507/401/356 508/400/355 175/414/369 174/415/370
f 251/416/371 507/401/356 174/415/370 28/417/372
f 250/418/373 504/397/352 507/401/356 251/416/371
f 249/405/360 501/394/349 504/397/352 250/418/373
f 510/419/374 511/420/375 514/421/376 513/422/377
f 511/420/375 512/423/378 515/424/379 514/421/376
f 513/422/377 514/421/376 517/425/380 516/426/381
f 514/421/376 515/424/379 518/427/382 517/425/380
f 47/428/383 248/429/384 510/419/374 237/430/385
f 248/429/384 247/431/386 511/420/375 510/419/374
f 247/431/386 246/432/387 512/423/378 511/420/375
f 246/432/387 39/433/388 227/434/389 512/423/378
f 512/423/378 227/434/389 226/435/390 515/424/379
f 515/424/379 226/435/390 225/436/391 518/427/382
f 518/427/382 225/436/391 41/437/392 200/438/393
f 517/425/380 518/427/382 200/438/393 199/439/394
f 516/426/381 517/425/380 199/439/394 198/440/395
f 239/441/396 516/426/381 198/440/395 42/442/397
f 238/443/398 513/422/377 516/426/381 239/441/396
f 237/430/385 510/419/374 513/422/377 238/443/398
f 519/444/399 520/445/400 523/446/401 522/447/402
f 520/445/400 521/448/403 524/449/404 523/446/401
f 522/447/402 523/446/401 526/450/405 525/451/406
f 523/446/401 524/449/404 527/452/407 526/450/405
f 26/453/408 245/454/409 519/444/399 171/455/410
f 245/454/409 244/456/411 520/445/400 519/444/399
f 244/456/411 243/457/412 521/448/403 520/445/400
f 243/457/412 47/428/383 237/430/385 521/448/403
f 521/448/403 237/430/385 238/443/398 524/449/404
f 524/449/404 238/443/398 239/441/396 527/452/407
f 527/452/407 239/441/396 42/442/397 233/458/413
f 526/450/405 527/452/407 233/458/413 232/459/414
f 525/451/406 526/450/405 232/459/414 231/460/415
f 173/461/416 525/451/406 231/460/415 27/462/417
f 172/463/418 522/447/402 525/451/406 173/461/416
f 171/455/410 519/444/399 522/447/402 172/463/418
f 528/464/419 529/465/420 532/466/421 531/467/422
f 529/465/420 530/468/423 533/469/424 532/466/421
f 531/467/422 532/466/421 535/470/425 534/471/426
f 532/466/421 533/469/424 536/472/427 535/470/425
f 33/473/428 185/474/429 528/464/419 204/475/430
f 185/474/429 184/476/431 529/465/420 528/464/419
f 184/476/431 183/477/432 530/468/423 529/465/420
f 183/477/432 34/478/433 240/479/434 530/468/423
f 530/468/423 240/479/434 241/480/435 533/469/424
f 533/469/424 241/480/435 242/481/436 536/472/427
f 536/472/427 242/481/436 47/428/383 243/457/412
f 535/470/425 536/472/427 243/457/412 244/456/411
f 534/471/426 535/470/425 244/456/411 245/454/409
f 206/482/437 534/471/426 245/454/409 26/453/408
f 205/483/438 531/467/422 534/471/426 206/482/437
f 204/475/430 528/464/419 531/467/422 205/483/438
f 537/484/439 538/485/440 541/486/441 540/487/442
f 538/485/440 539/488/443 542/489/444 541/486/441
f 540/487/442 541/486/441 544/490/445 543/491/446
f 541/486/441 542/489/444 545/492/447 544/490/445
f 34/478/433 218/493/448 537/484/439 240/479/434
f 218/493/448 217/494/449 538/485/440 537/484/439
f 217/494/449 216/495/450 539/488/443 538/485/440
f 216/495/450 38/496/451 194/497/452 539/488/443
f 539/488/443 194/497/452 193/498/453 542/489/444
f 542/489/444 193/498/453 192/499/454 545/492/447
f 545/492/447 192/499/454 39/433/388 246/432/387
f 544/490/445 545/492/447 246/432/387 247/431/386
f 543/491/446 544/490/445 247/431/386 248/429/384
f 242/481/436 543/491/446 248/429/384 47/428/383
f 241/480/435 540/487/442 543/491/446 242/481/436
f 240/479/434 537/484/439 540/487/442 241/480/435
f 546/500/455 547/501/456 550/502/457 549/503/458
f 547/501/456 548/504/459 551/505/460 550/502/457
f 549/503/458 550/502/457 553/506/461 552/507/462
f 550/502/457 551/505/460 554/508/463 553/506/461
f 42/509/397 257/510/464 546/500/455 233/511/413
f 257/510/464 256/512/465 547/501/456 546/500/455
f 256/512/465 255/513/466 548/504/459 547/501/456
f 255/513/466 48/403/358 249/405/360 548/504/459
f 548/504/459 249/405/360 250/418/373 551/505/460
f 551/505/460 250/418/373 251/416/371 554/508/463
f 554/508/463 251/416/371 28/417/372 209/514/467
f 553/506/461 554/508/463 209/514/467 208/515/468
f 552/507/462 553/506/461 208/515/468 207/516/469
f 231/517/415 552/507/462 207/516/469 27/518/417
f 232/519/414 549/503/458 552/507/462 231/517/415
f 233/511/413 546/500/455 549/503/458 232/519/414
f 555/520/470 556/521/471 559/522/472 558/523/473
f 556/521/471 557/524/474 560/525/475 559/522/472
f 558/523/473 559/522/472 562/526/476 561/527/477
f 559/522/472 560/525/475 563/528/478 562/526/476
f 41/529/392 197/530/479 555/520/470 200/531/393
f 197/530/479 196/532/480 556/521/471 555/520/470
f 196/532/480 195/533/481 557/524/474 556/521/471
f 195/533/481 40/534/482 252/535/483 557/524/474
f 557/524/474 252/535/483 253/536/484 560/525/475
f 560/525/475 253/536/484 254/537/485 563/528/478
f 563/528/478 254/537/485 48/403/358 255/513/466
f 562/526/476 563/528/478 255/513/466 256/512/465
f 561/527/477 562/526/476 256/512/465 257/510/464
f 198/538/395 561/527/477 257/510/464 42/509/397
f 199/539/394 558/523/473 561/527/477 198/538/395
f 200/531/393 555/520/470 558/523/473 199/539/394
f 565/540/486 566/541/487 564/542/488 574/543/489
f 567/544/490 568/545/491 564/542/488 566/541/487
f 569/546/492 570/547/493 564/542/488 568/545/491
f 571/548/494 572/549/495 564/542/488 570/547/493
f 573/550/496 574/543/489 564/542/488 572/549/495
f 40/534/482 230/551/497 565/540/486 252/535/483
f 230/551/497 229/552/498 566/541/487 565/540/486
f 252/535/483 565/540/486 574/543/489 253/536/484
f 45/553/499 288/554/500 567/544/490 228/555/501
f 288/554/500 289/556/502 568/545/491 567/544/490
f 228/555/501 567/544/490 566/541/487 229/552/498
f 46/557/503 234/558/504 569/546/492 290/559/505
f 234/558/504 235/560/506 570/547/493 569/546/492
f 290/559/505 569/546/492 568/545/491 289/556/502
f 43/408/363 258/407/362 571/548/494 236/561/507
f 258/407/362 259/406/361 572/549/495 571/548/494
f 236/561/507 571/548/494 570/547/493 235/560/506
f 48/403/358 254/537/485 573/550/496 260/404/359
f 254/537/485 253/536/484 574/543/489 573/550/496
f 260/404/359 573/550/496 572/549/495 259/406/361
f 575/562/508 576/563/509 579/564/510 578/565/511
f 576/563/509 577/566/512 580/567/513 579/564/510
f 578/565/511 579/564/510 582/568/514 581/569/515
f 579/564/510 580/567/513 583/570/516 582/568/514
f 34/571/433 269/572/517 575/562/508 218/573/448
f 269/572/517 268/574/518 576/563/509 575/562/508
f 268/574/518 267/575/519 577/566/512 576/563/509
f 267/575/519 49/374/329 261/376/331 577/566/512
f 577/566/512 261/376/331 262/378/333 580/567/513
f 580/567/513 262/378/333 263/392/347 583/570/516
f 583/570/516 263/392/347 37/391/346 189/576/520
f 582/568/514 583/570/516 189/576/520 190/577/521
f 581/569/515 582/568/514 190/577/521 191/578/522
f 216/579/450 581/569/515 191/578/522 38/580/451
f 217/581/449 578/565/511 581/569/515 216/579/450
f 218/573/448 575/562/508 578/565/511 217/581/449
f 584/582/523 585/583/524 588/584/525 587/585/526
f 585/583/524 586/586/527 589/587/528 588/584/525
f 587/585/526 588/584/525 591/588/529 590/589/530
f 588/584/525 589/587/528 592/590/531 591/588/529
f 33/591/428 182/592/532 584/582/523 185/593/429
f 182/592/532 181/594/533 585/583/524 584/582/523
f 181/594/533 180/595/534 586/586/527 585/583/524
f 180/595/534 32/596/316 264/597/535 586/586/527
f 586/586/527 264/597/535 265/598/536 589/587/528
f 589/587/528 265/598/536 266/599/537 592/590/531
f 592/590/531 266/599/537 49/374/329 267/575/519
f 591/588/529 592/590/531 267/575/519 268/574/518
f 590/589/530 591/588/529 268/574/518 269/572/517
f 183/600/432 590/589/530 269/572/517 34/571/433
f 184/601/431 587/585/526 590/589/530 183/600/432
f 185/593/429 584/582/523 587/585/526 184/601/431
f 593/602/538 594/603/539 597/604/540 596/605/541
f 594/603/539 595/606/542 598/607/543 597/604/540
f 596/605/541 597/604/540 600/608/544 599/609/545
f 597/604/540 598/607/543 601/610/546 600/608/544
f 32/596/316 215/611/314 593/602/538 264/597/535
f 215/611/314 214/612/313 594/603/539 593/602/538
f 214/612/313 213/613/312 595/606/542 594/603/539
f 213/613/312 31/614/311 219/615/547 595/606/542
f 595/606/542 219/615/547 220/616/548 598/607/543
f 598/607/543 220/616/548 221/617/549 601/610/546
f 601/610/546 221/617/549 44/379/334 270/381/336
f 600/608/544 601/610/546 270/381/336 271/377/332
f 599/609/545 600/608/544 271/377/332 272/375/330
f 266/599/537 599/609/545 272/375/330 49/374/329
f 265/598/536 596/605/541 599/609/545 266/599/537
f 264/597/535 593/602/538 596/605/541 265/598/536
f 602/618/550 603/619/551 606/620/552 605/621/553
f 603/619/551 604/622/554 607/623/555 606/620/552
f 605/621/553 606/620/552 609/624/556 608/625/557
f 606/620/552 607/623/555 610/626/558 609/624/556
f 26/627/408 281/628/559 602/618/550 206/629/437
f 281/628/559 280/630/560 603/619/551 602/618/550
f 280/630/560 279/631/561 604/622/554 603/619/551
f 279/631/561 50/347/302 273/349/304 604/622/554
f 604/622/554 273/349/304 274/362/317 607/623/555
f 607/623/555 274/362/317 275/360/315 610/626/558
f 610/626/558 275/360/315 32/361/316 180/632/534
f 609/624/556 610/626/558 180/632/534 181/633/533
f 608/625/557 609/624/556 181/633/533 182/634/532
f 204/635/430 608/625/557 182/634/532 33/636/428
f 205/637/438 605/621/553 608/625/557 204/635/430
f 206/629/437 602/618/550 605/621/553 205/637/438
f 611/638/562 612/639/563 615/640/564 614/641/565
f 612/639/563 613/642/566 616/643/567 615/640/564
f 614/641/565 615/640/564 618/644/568 617/645/569
f 615/640/564 616/643/567 619/646/570 618/644/568
f 27/647/417 207/648/469 611/638/562 173/649/416
f 207/648/469 208/650/468 612/639/563 611/638/562
f 208/650/468 209/651/467 613/642/566 612/639/563
f 209/651/467 28/652/372 276/653/571 613/642/566
f 613/642/566 276/653/571 277/654/572 616/643/567
f 616/643/567 277/654/572 278/655/573 619/646/570
f 619/646/570 278/655/573 50/347/302 279/631/561
f 618/644/568 619/646/570 279/631/561 280/630/560
f 617/645/569 618/644/568 280/630/560 281/628/559
f 171/656/410 617/645/569 281/628/559 26/627/408
f 172/657/418 614/641/565 617/645/569 171/656/410
f 173/649/416 611/638/562 614/641/565 172/657/418
f 620/658/574 621/659/575 624/660/576 623/661/577
f 621/659/575 622/662/578 625/663/579 624/660/576
f 623/661/577 624/660/576 627/664/580 626/665/581
f 624/660/576 625/663/579 628/666/582 627/664/580
f 28/652/372 174/667/370 620/658/574 276/653/571
f 174/667/370 175/668/369 621/659/575 620/658/574
f 175/668/369 176/669/368 622/662/578 621/659/575
f 176/669/368 29/670/367 210/671/583 622/662/578
f 622/662/578 210/671/583 211/672/584 625/663/579
f 625/663/579 211/672/584 212/673/585 628/666/582
f 628/666/582 212/673/585 30/352/307 282/351/306
f 627/664/580 628/666/582 282/351/306 283/350/305
f 626/665/581 627/664/580 283/350/305 284/348/303
f 278/655/573 626/665/581 284/348/303 50/347/302
f 277/654/572 623/661/577 626/665/581 278/655/573
f 276/653/571 620/658/574 623/661/577 277/654/572
f 629/674/586 630/675/587 633/676/588 632/677/589
f 630/675/587 631/678/590 634/679/591 633/676/588
f 632/680/589 633/681/588 636/682/592 635/683/593
f 633/681/588 634/684/591 637/685/594 636/682/592
f 7/161/160 74/159/158 629/674/586 296/686/595
f 74/159/158 73/158/157 630/675/587 629/674/586
f 73/158/157 72/157/156 631/678/590 630/675/587
f 72/157/156 16/105/104 291/687/596 631/678/590
f 631/678/590 291/687/596 292/688/597 634/679/591
f 634/684/591 292/689/597 293/690/598 637/685/594
f 637/685/594 293/690/598 39/433/388 192/499/454
f 636/682/592 637/685/594 192/499/454 193/498/453
f 635/683/593 636/682/592 193/498/453 194/497/452
f 294/691/599 635/683/593 194/497/452 38/496/451
f 295/692/600 632/680/589 635/683/593 294/691/599
f 296/686/595 629/674/586 632/677/589 295/693/600
f 638/694/601 639/695/602 642/696/603 641/697/604
f 639/695/602 640/698/605 643/699/606 642/696/603
f 641/700/604 642/701/603 645/702/607 644/703/608
f 642/701/603 643/704/606 646/705/609 645/702/607
f 5/192/99 77/194/186 638/694/601 302/706/610
f 77/194/186 76/202/192 639/695/602 638/694/601
f 76/202/192 75/200/190 640/698/605 639/695/602
f 75/200/190 17/201/191 297/707/611 640/698/605
f 640/698/605 297/707/611 298/708/612 643/699/606
f 643/704/606 298/709/612 299/710/613 646/705/609
f 646/705/609 299/710/613 40/534/482 195/533/481
f 645/702/607 646/705/609 195/533/481 196/532/480
f 644/703/608 645/702/607 196/532/480 197/530/479
f 300/711/614 644/703/608 197/530/479 41/529/392
f 301/712/615 641/700/604 644/703/608 300/711/614
f 302/706/610 638/694/601 641/697/604 301/713/615
f 647/714/616 648/715/617 651/716/618 650/717/619
f 648/715/617 649/718/620 652/719/621 651/716/618
f 650/717/619 651/716/618 654/720/622 653/721/623
f 651/716/618 652/719/621 655/722/624 654/720/622
f 14/723/54 165/724/56 647/714/616 308/725/625
f 165/724/56 166/726/53 648/715/617 647/714/616
f 166/726/53 167/727/51 649/718/620 648/715/617
f 167/727/51 24/728/50 303/729/626 649/718/620
f 649/718/620 303/729/626 304/730/627 652/719/621
f 652/719/621 304/730/627 305/731/628 655/722/624
f 655/722/624 305/731/628 35/732/338 287/733/340
f 654/720/622 655/722/624 287/733/340 286/734/337
f 653/721/623 654/720/622 286/734/337 285/735/335
f 306/736/629 653/721/623 285/735/335 44/737/334
f 307/738/630 650/717/619 653/721/623 306/736/629
f 308/725/625 647/714/616 650/717/619 307/738/630
f 656/739/631 657/740/632 660/741/633 659/742/634
f 657/740/632 658/743/635 661/744/636 660/741/633
f 659/745/634 660/746/633 663/747/637 662/748/638
f 660/741/633 661/744/636 664/749/639 663/750/637
f 4/19/19 99/279/256 656/751/631 311/752/640
f 99/277/256 100/276/255 657/753/632 656/754/631
f 100/276/255 101/275/254 658/755/635 657/753/632
f 101/756/254 14/723/54 308/725/625 658/743/635
f 658/743/635 308/725/625 307/738/630 661/744/636
f 661/744/636 307/738/630 306/736/629 664/749/639
f 664/757/639 306/758/629 44/379/334 221/617/549
f 663/747/637 664/757/639 221/617/549 220/616/548
f 662/748/638 663/747/637 220/616/548 219/615/547
f 309/759/641 662/748/638 219/615/547 31/614/311
f 310/760/642 659/745/634 662/748/638 309/759/641
f 311/752/640 656/751/631 659/761/634 310/762/642
f 665/763/643 666/764/644 669/765/645 668/766/646
f 666/764/644 667/767/647 670/768/648 669/765/645
f 668/766/646 669/765/645 672/769/649 671/770/650
f 669/765/645 670/768/648 673/771/651 672/769/649
f 6/222/212 168/224/214 665/772/643 317/773/652
f 168/224/214 169/221/211 666/774/644 665/772/643
f 169/775/211 170/776/209 667/767/647 666/764/644
f 170/776/209 25/777/208 312/778/653 667/767/647
f 667/767/647 312/778/653 313/779/654 670/768/648
f 670/768/648 313/779/654 314/780/655 673/771/651
f 673/771/651 314/780/655 46/781/503 290/782/505
f 672/769/649 673/771/651 290/782/505 289/783/502
f 671/770/650 672/769/649 289/783/502 288/784/500
f 315/785/656 671/770/650 288/784/500 45/786/499
f 316/787/657 668/766/646 671/770/650 315/785/656
f 317/788/652 665/763/643 668/766/646 316/787/657
f 674/789/658 675/790/659 678/791/660 677/792/661
f 675/790/659 676/793/662 679/794/663 678/791/660
f 677/795/661 678/796/660 681/797/664 680/798/665
f 678/796/660 679/799/663 682/800/666 681/797/664
f 11/24/24 57/22/22 674/789/658 320/801/667
f 57/22/22 58/21/21 675/790/659 674/789/658
f 58/21/21 59/20/20 676/793/662 675/790/659
f 59/20/20 4/19/19 311/752/640 676/793/662
f 676/793/662 311/752/640 310/762/642 679/794/663
f 679/799/663 310/802/642 309/803/641 682/800/666
f 682/800/666 309/803/641 31/356/311 179/355/310
f 681/797/664 682/800/666 179/355/310 178/354/309
f 680/798/665 681/797/664 178/354/309 177/353/308
f 318/804/668 680/798/665 177/353/308 30/352/307
f 319/805/669 677/795/661 680/798/665 318/804/668
f 320/801/667 674/789/658 677/792/661 319/806/669
f 683/807/670 684/808/671 687/809/672 686/810/673
f 684/811/671 685/812/674 688/813/675 687/814/672
f 686/815/673 687/816/672 690/817/676 689/818/677
f 687/816/672 688/819/675 691/820/678 690/817/676
f 8/46/46 102/48/48 683/821/670 326/822/679
f 102/48/48 103/45/45 684/811/671 683/821/670
f 103/45/45 104/43/43 685/812/674 684/811/671
f 104/43/43 15/42/42 321/823/680 685/812/674
f 685/812/674 321/823/680 322/824/681 688/813/675
f 688/819/675 322/825/681 323/826/682 691/820/678
f 691/820/678 323/826/682 37/391/346 224/393/348
f 690/817/676 691/820/678 224/393/348 223/390/345
f 689/818/677 690/817/676 223/390/345 222/388/343
f 324/827/683 689/818/677 222/388/343 36/387/342
f 325/828/684 686/810/673 689/829/677 324/830/683
f 326/831/679 683/807/670 686/810/673 325/828/684
f 692/832/685 693/833/686 696/834/687 695/835/688
f 693/833/686 694/836/689 697/837/690 696/834/687
f 695/835/688 696/834/687 699/838/691 698/839/692
f 696/840/687 697/841/690 700/842/693 699/843/691
f 19/844/80 81/845/78 692/832/685 332/846/694
f 81/78/78 82/77/77 693/847/686 692/848/685
f 82/77/77 83/76/76 694/849/689 693/847/686
f 83/850/76 2/336/75 327/851/695 694/852/689
f 694/852/689 327/851/695 328/853/696 697/854/690
f 697/841/690 328/855/696 329/856/697 700/842/693
f 700/842/693 329/856/697 29/412/367 203/411/366
f 699/843/691 700/842/693 203/411/366 202/410/365
f 698/857/692 699/843/691 202/410/365 201/409/364
f 330/858/698 698/857/692 201/409/364 43/408/363
f 331/859/699 695/835/688 698/839/692 330/860/698
f 332/846/694 692/832/685 695/835/688 331/859/699
f 701/861/700 702/862/701 705/863/702 704/864/703
f 702/862/701 703/865/704 706/866/705 705/863/702
f 704/867/703 705/868/702 708/869/706 707/870/707
f 705/868/702 706/871/705 709/872/708 708/869/706
f 16/105/104 107/103/102 701/861/700 291/687/596
f 107/103/102 106/102/101 702/862/701 701/861/700
f 106/102/101 105/101/100 703/865/704 702/862/701
f 105/101/100 5/100/99 302/873/610 703/865/704
f 703/865/704 302/873/610 301/874/615 706/866/705
f 706/871/705 301/875/615 300/876/614 709/872/708
f 709/872/708 300/876/614 41/437/392 225/436/391
f 708/869/706 709/872/708 225/436/391 226/435/390
f 707/870/707 708/869/706 226/435/390 227/434/389
f 293/690/598 707/870/707 227/434/389 39/433/388
f 292/689/597 704/867/703 707/870/707 293/690/598
f 291/687/596 701/861/700 704/864/703 292/688/597
f 710/877/709 711/878/710 714/879/711 713/880/712
f 711/881/710 712/882/713 715/883/714 714/884/711
f 713/885/712 714/886/711 717/887/715 716/888/716
f 714/884/711 715/883/714 718/889/717 717/890/715
f 17/201/191 110/214/204 710/877/709 297/707/611
f 110/214/204 109/215/205 711/878/710 710/877/709
f 109/215/205 108/223/213 712/891/713 711/878/710
f 108/223/213 6/222/212 317/773/652 712/891/713
f 712/882/713 317/788/652 316/787/657 715/883/714
f 715/883/714 316/787/657 315/785/656 718/889/717
f 718/892/717 315/893/656 45/553/499 228/555/501
f 717/887/715 718/892/717 228/555/501 229/552/498
f 716/888/716 717/887/715 229/552/498 230/551/497
f 299/710/613 716/888/716 230/551/497 40/534/482
f 298/709/612 713/885/712 716/888/716 299/710/613
f 297/707/611 710/877/709 713/880/712 298/708/612
f 719/894/651 720/895/649 723/896/645 722/897/648
f 720/895/649 721/898/650 724/899/646 723/896/645
f 722/897/648 723/896/645 726/900/644 725/901/647
f 723/896/645 724/899/646 727/902/643 726/900/644
f 24/728/50 66/903/52 719/894/651 303/729/626
f 66/903/52 67/904/49 720/895/649 719/894/651
f 67/904/49 68/905/47 721/898/650 720/895/649
f 68/905/47 8/906/46 326/831/679 721/898/650
f 721/898/650 326/831/679 325/828/684 724/899/646
f 724/899/646 325/828/684 324/830/683 727/902/643
f 727/907/643 324/827/683 36/387/342 188/389/344
f 726/908/644 727/907/643 188/389/344 187/386/341
f 725/901/647 726/900/644 187/909/341 186/910/339
f 305/731/628 725/901/647 186/910/339 35/732/338
f 304/730/627 722/897/648 725/901/647 305/731/628
f 303/729/626 719/894/651 722/897/648 304/730/627
f 728/911/718 729/912/719 732/913/720 731/914/721
f 729/912/719 730/915/722 733/916/723 732/913/720
f 731/917/721 732/918/720 735/919/724 734/920/725
f 732/918/720 733/921/723 736/922/726 735/919/724
f 2/336/75 90/334/292 728/911/718 327/851/695
f 90/334/292 91/333/291 729/912/719 728/911/718
f 91/333/291 92/332/290 730/915/722 729/912/719
f 92/332/290 11/24/24 320/801/667 730/915/722
f 730/915/722 320/801/667 319/806/669 733/916/723
f 733/921/723 319/805/669 318/804/668 736/922/726
f 736/922/726 318/804/668 30/352/307 212/673/585
f 735/919/724 736/922/726 212/673/585 211/672/584
f 734/920/725 735/919/724 211/672/584 210/671/583
f 329/923/697 734/920/725 210/671/583 29/670/367
f 328/924/696 731/925/721 734/926/725 329/927/697
f 327/851/695 728/911/718 731/914/721 328/853/696
f 737/928/727 738/929/728 741/930/729 740/931/730
f 738/929/728 739/932/731 742/933/732 741/930/729
f 740/934/730 741/935/729 744/936/733 743/937/734
f 741/935/729 742/938/732 745/939/735 744/936/733
f 15/42/42 69/242/227 737/928/727 321/823/680
f 69/242/227 70/241/226 738/929/728 737/928/727
f 70/241/226 71/240/225 739/932/731 738/929/728
f 71/240/225 7/239/160 296/940/595 739/932/731
f 739/932/731 296/940/595 295/941/600 742/933/732
f 742/938/732 295/942/600 294/943/599 745/939/735
f 745/939/735 294/943/599 38/580/451 191/578/522
f 744/936/733 745/939/735 191/578/522 190/577/521
f 743/937/734 744/936/733 190/577/521 189/576/520
f 323/826/682 743/937/734 189/576/520 37/391/346
f 322/825/681 740/934/730 743/937/734 323/826/682
f 321/823/680 737/928/727 740/931/730 322/824/681
f 746/944/736 747/945/737 750/946/738 749/947/739
f 747/945/737 748/948/740 751/949/741 750/946/738
f 749/947/739 750/946/738 753/950/742 752/951/743
f 750/946/738 751/949/741 754/952/744 753/950/742
f 25/777/208 114/953/210 746/944/736 312/778/653
f 114/953/210 115/954/207 747/945/737 746/944/736
f 115/954/207 116/955/206 748/948/740 747/945/737
f 116/955/206 19/844/80 332/846/694 748/948/740
f 748/948/740 332/846/694 331/859/699 751/949/741
f 751/949/741 331/859/699 330/860/698 754/952/744
f 754/952/744 330/860/698 43/956/363 236/957/507
f 753/950/742 754/952/744 236/957/507 235/958/506
f 752/951/743 753/950/742 235/958/506 234/959/504
f 314/780/655 752/951/743 234/959/504 46/781/503
f 313/779/654 749/947/739 752/951/743 314/780/655
f 312/778/653 746/944/736 749/947/739 313/779/654
f 787/960/745 756/961/745 758/962/746 788/963/747
f 788/963/747 758/962/746 760/964/748 789/965/748
f 789/966/748 760/967/748 762/968/749 790/969/750
f 790/969/750 762/968/749 764/970/751 791/971/751
f 791/971/751 764/970/751 766/972/752 792/973/753
f 792/973/753 766/972/752 768/974/754 793/975/754
f 793/976/754 768/977/754 770/978/755 794/979/756
f 794/979/756 770/978/755 772/980/757 795/981/757
f 795/981/757 772/980/757 774/982/758 796/983/759
f 796/983/759 774/982/758 776/984/760 797/985/760
f 797/986/760 776/987/760 778/988/761 798/989/762
f 798/989/762 778/988/761 780/990/763 799/991/763
f 799/991/763 780/990/763 782/992/764 800/993/765
f 800/993/765 782/992/764 784/994/766 801/995/766
f 758/996/767 756/997/767 786/998/767 784/999/767 782/1000/767 780/1001/767 778/1002/767 776/1003/767 774/1004/767 772/1005/767 770/1006/767 768/1007/767 766/1008/767 764/1009/767 762/1010/767 760/1011/767
f 801/1012/766 784/1013/766 786/1014/768 802/1015/769
f 802/1015/769 786/1014/768 756/961/745 787/960/745
f 755/1016/770 757/1017/770 759/1018/770 761/1019/770 763/1020/770 765/1021/770 767/1022/770 769/1023/770 771/1024/770 773/1025/770 775/1026/770 777/1027/770 779/1028/770 781/1029/770 783/1030/770 785/1031/770
f 783/1032/766 801/1012/766 802/1015/769 785/1033/771
f 781/1034/772 800/993/765 801/995/766 783/1035/766
f 779/1028/770 777/1027/770 809/1036/770 810/1037/770
f 775/1038/760 797/986/760 798/989/762 777/1039/773
f 773/1040/774 796/983/759 797/985/760 775/1041/760
f 767/1042/754 793/976/754 794/979/756 769/1043/775
f 765/1044/776 792/973/753 793/975/754 767/1045/754
f 763/1020/770 761/1019/770 803/1046/770 804/1047/770
f 759/1048/748 789/966/748 790/969/750 761/1049/777
f 757/1050/778 788/963/747 789/965/748 759/1051/748
f 765/1021/770 763/1020/770 804/1047/770 805/1052/770
f 773/1025/770 771/1024/770 807/1053/770 808/1054/770
f 771/1024/770 769/1023/770 806/1055/770 807/1053/770
f 781/1029/770 779/1028/770 810/1037/770 811/1056/770
f 755/1016/770 785/1031/770 814/1057/770 812/1058/770
f 757/1017/770 755/1016/770 812/1058/770 813/1059/770
f 820/1060/779 824/1061/780 826/1062/781 822/1063/782
f 822/1063/782 826/1062/781 825/1064/783 821/1065/784
f 821/1066/784 825/1067/783 823/1068/785 819/1069/786
f 815/1070/787 820/1060/779 822/1063/782 817/1071/788
f 817/1072/788 822/1073/782 821/1066/784 818/1074/789
f 818/1074/789 821/1066/784 819/1069/786 816/1075/790
f 832/1076/791 836/1077/792 838/1078/793 834/1079/794
f 834/1080/794 838/1081/793 837/1082/795 833/1083/796
f 833/1083/796 837/1082/795 835/1084/797 831/1085/798
f 827/1086/799 832/1076/791 834/1079/794 829/1087/800
f 829/1087/800 834/1079/794 833/1088/796 830/1089/801
f 830/1090/801 833/1083/796 831/1085/798 828/1091/802
f 844/1092/803 848/1093/804 850/1094/805 846/1095/806
f 846/1096/806 850/1097/805 849/1098/807 845/1099/808
f 845/1099/808 849/1098/807 847/1100/809 843/1101/810
f 839/1102/811 844/1092/803 846/1095/806 841/1103/812
f 841/1104/812 846/1096/806 845/1099/808 842/1105/813
f 842/1105/813 845/1099/808 843/1101/810 840/1106/814
f 855/1107/815 859/1108/816 861/1109/817 857/1110/818
f 857/1111/818 861/1112/817 862/1113/819 858/1114/820
f 858/1114/820 862/1113/819 860/1115/821 856/1116/822
f 859/1108/816 852/1117/823 854/1118/824 861/1109/817
f 861/1112/817 854/1119/824 853/1120/825 862/1113/819
f 862/1113/819 853/1120/825 851/1121/826 860/1115/821
f 761/1122/745 790/1123/745 815/1124/745 817/1125/745 818/1126/745 816/1127/745 803/1128/745
f 803/1129/827 816/1075/790 819/1069/786 804/1130/751
f 790/1131/828 791/1132/829 820/1060/779 815/1070/787
f 791/1132/829 792/1133/830 824/1061/780 820/1060/779
f 804/1130/751 819/1069/786 823/1068/785 805/1134/831
f 792/1135/757 765/1136/757 805/1137/757 823/1138/757 825/1139/757 826/1140/757 824/1141/757
f 769/1142/751 794/1143/751 827/1144/751 829/1145/751 830/1146/751 828/1147/751 806/1148/751
f 806/1149/832 828/1091/802 831/1085/798 807/1150/757
f 794/1151/833 795/1152/834 832/1076/791 827/1086/799
f 807/1150/757 831/1085/798 835/1084/797 808/1153/835
f 795/1152/834 796/1154/836 836/1077/792 832/1076/791
f 796/1155/763 773/1156/763 808/1157/763 835/1158/763 837/1159/763 838/1160/763 836/1161/763
f 777/1162/757 798/1163/757 839/1164/757 841/1165/757 842/1166/757 840/1167/757 809/1168/757
f 809/1169/837 840/1106/814 843/1101/810 810/1170/763
f 798/1171/838 799/1172/839 844/1092/803 839/1102/811
f 810/1170/763 843/1101/810 847/1100/809 811/1173/840
f 799/1172/839 800/1174/841 848/1093/804 844/1092/803
f 800/1175/745 781/1176/745 811/1177/745 847/1178/745 849/1179/745 850/1180/745 848/1181/745
f 812/1182/745 860/1115/821 851/1121/826 813/1183/842
f 787/1184/843 788/1185/844 852/1117/823 859/1108/816
f 788/1186/751 757/1187/751 813/1188/751 851/1189/751 853/1190/751 854/1191/751 852/1192/751
f 814/1193/845 856/1116/822 860/1115/821 812/1182/745
f 802/1194/846 787/1184/843 859/1108/816 855/1107/815
f 785/1195/763 802/1196/763 855/1197/763 857/1198/763 858/1199/763 856/1200/763 814/1201/763
