# Blender 4.5.3 LTS
# www.blender.org
mtllib bookshelf.mtl
o bookshelf
v 0.200000 2.400000 -0.750000
v 0.200000 0.000000 -0.750000
v 0.200000 2.400000 0.750000
v 0.200000 0.000000 0.750000
v -0.200000 2.400000 -0.750000
v -0.200000 0.000000 -0.750000
v -0.200000 2.400000 0.750000
v -0.200000 0.000000 0.750000
v 0.200000 1.920000 -0.750000
v 0.200000 1.440000 -0.750000
v 0.200000 0.960000 -0.750000
v 0.200000 0.480000 -0.750000
v -0.200000 0.480000 0.750000
v -0.200000 0.960000 0.750000
v -0.200000 1.440000 0.750000
v -0.200000 1.920000 0.750000
v 0.200000 1.920000 0.750000
v 0.200000 1.440000 0.750000
v 0.200000 0.960000 0.750000
v 0.200000 0.480000 0.750000
v -0.200000 1.920000 -0.750000
v -0.200000 1.440000 -0.750000
v -0.200000 0.960000 -0.750000
v -0.200000 0.480000 -0.750000
v 0.200000 1.956000 -0.720225
v 0.200000 2.364000 -0.720225
v 0.200000 2.364000 0.720225
v 0.200000 1.956000 0.720225
v 0.200000 0.036000 -0.720225
v 0.200000 0.444000 -0.720225
v 0.200000 0.444000 0.720225
v 0.200000 0.036000 0.720225
v 0.200000 0.516000 -0.720225
v 0.200000 0.924000 -0.720225
v 0.200000 0.924000 0.720225
v 0.200000 0.516000 0.720225
v 0.200000 0.996000 -0.720225
v 0.200000 1.404000 -0.720225
v 0.200000 1.404000 0.720225
v 0.200000 0.996000 0.720225
v 0.200000 1.476000 -0.720225
v 0.200000 1.884000 -0.720225
v 0.200000 1.884000 0.720225
v 0.200000 1.476000 0.720225
v -0.133333 2.364000 -0.720225
v -0.133333 1.956000 -0.720225
v -0.133333 1.956000 0.720225
v -0.133333 2.364000 0.720225
v -0.133333 0.444000 -0.720225
v -0.133333 0.036000 -0.720225
v -0.133333 0.036000 0.720225
v -0.133333 0.444000 0.720225
v -0.133333 0.924000 -0.720225
v -0.133333 0.516000 -0.720225
v -0.133333 0.516000 0.720225
v -0.133333 0.924000 0.720225
v -0.133333 1.404000 -0.720225
v -0.133333 0.996000 -0.720225
v -0.133333 0.996000 0.720225
v -0.133333 1.404000 0.720225
v -0.133333 1.884000 -0.720225
v -0.133333 1.476000 -0.720225
v -0.133333 1.476000 0.720225
v -0.133333 1.884000 0.720225
v 0.109418 1.956000 0.664717
v 0.109418 2.156000 0.664717
v -0.040174 1.956000 0.675763
v -0.040174 2.156000 0.675763
v 0.106841 1.956000 0.629812
v 0.106841 2.156000 0.629812
v -0.042752 1.956000 0.640858
v -0.042752 2.156000 0.640858
v -0.042623 1.956000 0.642603
v -0.040303 1.956000 0.674018
v -0.040303 2.156000 0.674018
v -0.042623 2.156000 0.642603
v 0.103230 2.156000 0.631833
v 0.105550 2.156000 0.663248
v 0.105550 1.956000 0.663248
v 0.103230 1.956000 0.631833
v -0.037334 1.966000 0.642213
v -0.035014 1.966000 0.673627
v -0.035014 2.146000 0.673627
v -0.037334 2.146000 0.642213
v 0.103230 2.146000 0.631833
v 0.105550 2.146000 0.663248
v 0.105550 1.966000 0.663248
v 0.103230 1.966000 0.631833
v 0.153710 1.956000 0.020505
v -0.029234 1.956000 0.101321
v 0.093098 1.956000 -0.116704
v -0.089847 1.956000 -0.035887
v 0.153710 1.991000 0.020505
v -0.029234 1.991000 0.101321
v 0.093098 1.991000 -0.116704
v -0.089847 1.991000 -0.035887
v 0.093098 1.989250 -0.116704
v 0.093098 1.957750 -0.116704
v -0.089847 1.957750 -0.035887
v -0.089847 1.989250 -0.035887
v -0.030749 1.989250 0.097891
v -0.030749 1.957750 0.097891
v 0.152195 1.957750 0.017074
v 0.152195 1.989250 0.017074
v 0.086094 1.989250 -0.107812
v 0.086094 1.957750 -0.107812
v -0.078556 1.957750 -0.035077
v -0.078556 1.989250 -0.035077
v -0.021602 1.989250 0.093850
v -0.021602 1.957750 0.093850
v 0.143048 1.957750 0.021115
v 0.143048 1.989250 0.021115
v 0.153710 1.991000 0.020505
v -0.029234 1.991000 0.101321
v 0.093098 1.991000 -0.116704
v -0.089847 1.991000 -0.035887
v 0.153710 2.026000 0.020505
v -0.029234 2.026000 0.101321
v 0.093098 2.026000 -0.116704
v -0.089847 2.026000 -0.035887
v 0.093098 2.024250 -0.116704
v 0.093098 1.992750 -0.116704
v -0.089847 1.992750 -0.035887
v -0.089847 2.024250 -0.035887
v -0.030749 2.024250 0.097891
v -0.030749 1.992750 0.097891
v 0.152195 1.992750 0.017074
v 0.152195 2.024250 0.017074
v 0.086094 2.024250 -0.107812
v 0.086094 1.992750 -0.107812
v -0.078556 1.992750 -0.035077
v -0.078556 2.024250 -0.035077
v -0.021602 2.024250 0.093850
v -0.021602 1.992750 0.093850
v 0.143048 1.992750 0.021115
v 0.143048 2.024250 0.021115
v 0.085686 0.036000 0.687629
v 0.085686 0.236000 0.687629
v -0.064226 0.036000 0.682477
v -0.064226 0.236000 0.682477
v 0.086888 0.036000 0.652649
v 0.086888 0.236000 0.652649
v -0.063024 0.036000 0.647498
v -0.063024 0.236000 0.647498
v -0.063084 0.036000 0.649246
v -0.064166 0.036000 0.680728
v -0.064166 0.236000 0.680728
v -0.063084 0.236000 0.649246
v 0.083080 0.236000 0.654269
v 0.081998 0.236000 0.685751
v 0.081998 0.036000 0.685751
v 0.083080 0.036000 0.654269
v -0.057784 0.046000 0.649429
v -0.058866 0.046000 0.680910
v -0.058866 0.226000 0.680910
v -0.057784 0.226000 0.649429
v 0.083080 0.226000 0.654269
v 0.081998 0.226000 0.685751
v 0.081998 0.046000 0.685751
v 0.083080 0.046000 0.654269
v 0.040675 0.996000 0.689579
v 0.040675 1.196000 0.689579
v -0.108580 0.996000 0.674650
v -0.108580 1.196000 0.674650
v 0.044158 0.996000 0.654753
v 0.044158 1.196000 0.654753
v -0.105097 0.996000 0.639824
v -0.105097 1.196000 0.639824
v -0.105271 0.996000 0.641565
v -0.108406 0.996000 0.672909
v -0.108406 1.196000 0.672909
v -0.105271 1.196000 0.641565
v 0.040253 1.196000 0.656121
v 0.037118 1.196000 0.687465
v 0.037118 0.996000 0.687465
v 0.040253 0.996000 0.656121
v -0.099994 1.006000 0.642093
v -0.103129 1.006000 0.673437
v -0.103129 1.186000 0.673437
v -0.099994 1.186000 0.642093
v 0.040253 1.186000 0.656121
v 0.037118 1.186000 0.687465
v 0.037118 1.006000 0.687465
v 0.040253 1.006000 0.656121
v 0.193326 0.516000 0.670803
v 0.193326 0.716000 0.670803
v 0.044474 0.516000 0.689325
v 0.044474 0.716000 0.689325
v 0.189004 0.516000 0.636071
v 0.189004 0.716000 0.636071
v 0.040152 0.516000 0.654593
v 0.040152 0.716000 0.654593
v 0.040368 0.516000 0.656329
v 0.044258 0.516000 0.687588
v 0.044258 0.716000 0.687588
v 0.040368 0.716000 0.656329
v 0.185499 0.716000 0.638270
v 0.189388 0.716000 0.669529
v 0.189388 0.516000 0.669529
v 0.185499 0.516000 0.638270
v 0.045631 0.526000 0.655674
v 0.049520 0.526000 0.686933
v 0.049520 0.706000 0.686933
v 0.045631 0.706000 0.655674
v 0.185499 0.706000 0.638270
v 0.189388 0.706000 0.669529
v 0.189388 0.526000 0.669529
v 0.185499 0.526000 0.638270
v 0.160010 1.476000 0.666078
v 0.160010 1.676000 0.666078
v 0.011732 1.476000 0.688745
v 0.011732 1.676000 0.688745
v 0.154721 1.476000 0.631480
v 0.154721 1.676000 0.631480
v 0.006443 1.476000 0.654147
v 0.006443 1.676000 0.654147
v 0.006708 1.476000 0.655877
v 0.011468 1.476000 0.687016
v 0.011468 1.676000 0.687016
v 0.006708 1.676000 0.655877
v 0.151278 1.676000 0.633776
v 0.156038 1.676000 0.664914
v 0.156038 1.476000 0.664914
v 0.151278 1.476000 0.633776
v 0.011950 1.486000 0.655076
v 0.016710 1.486000 0.686214
v 0.016710 1.666000 0.686214
v 0.011950 1.666000 0.655076
v 0.151278 1.666000 0.633776
v 0.156038 1.666000 0.664914
v 0.156038 1.486000 0.664914
v 0.151278 1.486000 0.633776
v 0.089852 0.036000 0.647414
v 0.089852 0.236000 0.647414
v 0.090903 0.036000 0.612430
v -0.060080 0.036000 0.642909
v -0.060080 0.236000 0.642909
v -0.060028 0.036000 0.641160
v -0.060028 0.236000 0.641160
v 0.086156 0.036000 0.645553
v -0.054727 0.046000 0.641319
v -0.053781 0.046000 0.609834
v -0.054727 0.226000 0.641319
v 0.086156 0.046000 0.645553
v 0.087102 0.046000 0.614067
v 0.087102 0.036000 0.614067
v -0.059082 0.036000 0.609674
v -0.059029 0.036000 0.607925
v -0.059082 0.236000 0.609674
v -0.059029 0.236000 0.607925
v 0.087102 0.236000 0.614067
v -0.053781 0.226000 0.609834
v 0.087102 0.226000 0.614067
v 0.086156 0.226000 0.645553
v 0.086156 0.236000 0.645553
v 0.090903 0.236000 0.612430
v 0.062692 0.036000 0.609462
v 0.062692 0.236000 0.609462
v 0.065372 0.036000 0.574565
v -0.086868 0.036000 0.597977
v -0.086868 0.236000 0.597977
v -0.086734 0.036000 0.596232
v -0.086734 0.236000 0.596232
v 0.059087 0.036000 0.607430
v -0.081446 0.046000 0.596638
v -0.079034 0.046000 0.565230
v -0.081446 0.226000 0.596638
v 0.059087 0.046000 0.607430
v 0.061499 0.046000 0.576023
v 0.061499 0.036000 0.576023
v -0.084322 0.036000 0.564824
v -0.084188 0.036000 0.563080
v -0.084322 0.236000 0.564824
v -0.084188 0.236000 0.563080
v 0.061499 0.236000 0.576023
v -0.079034 0.226000 0.565230
v 0.061499 0.226000 0.576023
v 0.059087 0.226000 0.607430
v 0.059087 0.236000 0.607430
v 0.065372 0.236000 0.574565
v 0.068054 0.036000 0.503667
v 0.068054 0.236000 0.503667
v 0.070784 0.036000 0.468774
v -0.081489 0.036000 0.491967
v -0.081489 0.236000 0.491967
v -0.081353 0.036000 0.490222
v -0.081353 0.236000 0.490222
v 0.064452 0.036000 0.501630
v -0.076066 0.046000 0.490636
v -0.073608 0.046000 0.459232
v -0.076066 0.226000 0.490636
v 0.064452 0.046000 0.501630
v 0.066909 0.046000 0.470226
v 0.066909 0.036000 0.470226
v -0.078896 0.036000 0.458818
v -0.078759 0.036000 0.457073
v -0.078896 0.236000 0.458818
v -0.078759 0.236000 0.457073
v 0.066909 0.236000 0.470226
v -0.073608 0.226000 0.459232
v 0.066909 0.226000 0.470226
v 0.064452 0.226000 0.501630
v 0.064452 0.236000 0.501630
v 0.070784 0.236000 0.468774
v 0.114842 0.036000 0.542628
v 0.114842 0.236000 0.542628
v 0.111607 0.036000 0.507778
v -0.034516 0.036000 0.556492
v -0.034516 0.236000 0.556492
v -0.034678 0.036000 0.554750
v -0.034678 0.236000 0.554750
v 0.110946 0.036000 0.541232
v -0.029398 0.046000 0.554260
v -0.032309 0.046000 0.522895
v -0.029398 0.226000 0.554260
v 0.110946 0.046000 0.541232
v 0.108034 0.046000 0.509867
v 0.108034 0.036000 0.509867
v -0.037590 0.036000 0.523385
v -0.037751 0.036000 0.521642
v -0.037590 0.236000 0.523385
v -0.037751 0.236000 0.521642
v 0.108034 0.236000 0.509867
v -0.032309 0.226000 0.522895
v 0.108034 0.226000 0.509867
v 0.110946 0.226000 0.541232
v 0.110946 0.236000 0.541232
v 0.111607 0.236000 0.507778
v 0.128105 0.036000 0.446342
v 0.128105 0.236000 0.446342
v 0.126633 0.036000 0.411372
v -0.021763 0.036000 0.452650
v -0.021763 0.236000 0.452650
v -0.021836 0.036000 0.450901
v -0.021836 0.236000 0.450901
v 0.124284 0.036000 0.444751
v -0.016538 0.046000 0.450678
v -0.017862 0.046000 0.419206
v -0.016538 0.226000 0.450678
v 0.124284 0.046000 0.444751
v 0.122960 0.046000 0.413279
v 0.122960 0.036000 0.413279
v -0.023161 0.036000 0.419429
v -0.023234 0.036000 0.417681
v -0.023161 0.236000 0.419429
v -0.023234 0.236000 0.417681
v 0.122960 0.236000 0.413279
v -0.017862 0.226000 0.419206
v 0.122960 0.226000 0.413279
v 0.124284 0.226000 0.444751
v 0.124284 0.236000 0.444751
v 0.126633 0.236000 0.411372
v 0.038383 0.036000 0.411567
v 0.038383 0.236000 0.411567
v 0.044347 0.036000 0.377079
v -0.109423 0.036000 0.386005
v -0.109423 0.236000 0.386005
v -0.109125 0.036000 0.384280
v -0.109125 0.236000 0.384280
v 0.034986 0.036000 0.409204
v -0.103899 0.046000 0.385184
v -0.098531 0.046000 0.354145
v -0.103899 0.226000 0.385184
v 0.034986 0.046000 0.409204
v 0.040354 0.046000 0.378165
v 0.040354 0.036000 0.378165
v -0.103757 0.036000 0.353241
v -0.103458 0.036000 0.351517
v -0.103757 0.236000 0.353241
v -0.103458 0.236000 0.351517
v 0.040354 0.236000 0.378165
v -0.098531 0.226000 0.354145
v 0.040354 0.226000 0.378165
v 0.034986 0.226000 0.409204
v 0.034986 0.236000 0.409204
v 0.044347 0.236000 0.377079
v 0.075345 0.036000 0.299354
v 0.075345 0.236000 0.299354
v 0.078907 0.036000 0.264536
v -0.073876 0.036000 0.284087
v -0.073876 0.236000 0.284087
v -0.073698 0.036000 0.282346
v -0.073698 0.236000 0.282346
v 0.071793 0.036000 0.297231
v -0.068422 0.046000 0.282886
v -0.065216 0.046000 0.251549
v -0.068422 0.226000 0.282886
v 0.071793 0.046000 0.297231
v 0.074999 0.046000 0.265895
v 0.074999 0.036000 0.265895
v -0.070492 0.036000 0.251010
v -0.070314 0.036000 0.249269
v -0.070492 0.236000 0.251010
v -0.070314 0.236000 0.249269
v 0.074999 0.236000 0.265895
v -0.065216 0.226000 0.251549
v 0.074999 0.226000 0.265895
v 0.071793 0.226000 0.297231
v 0.071793 0.236000 0.297231
v 0.078907 0.236000 0.264536
v 0.151423 0.036000 0.337272
v 0.151423 0.236000 0.337272
v 0.145374 0.036000 0.302799
v 0.003680 0.036000 0.363197
v 0.003680 0.236000 0.363197
v 0.003378 0.036000 0.361474
v 0.003378 0.236000 0.361474
v 0.147427 0.036000 0.336196
v 0.008601 0.046000 0.360557
v 0.003157 0.046000 0.329531
v 0.008601 0.226000 0.360557
v 0.147427 0.046000 0.336196
v 0.141982 0.046000 0.305171
v 0.141982 0.036000 0.305171
v -0.002067 0.036000 0.330448
v -0.002369 0.036000 0.328724
v -0.002067 0.236000 0.330448
v -0.002369 0.236000 0.328724
v 0.141982 0.236000 0.305171
v 0.003157 0.226000 0.329531
v 0.141982 0.226000 0.305171
v 0.147427 0.226000 0.336196
v 0.147427 0.236000 0.336196
v 0.145374 0.236000 0.302799
v 0.061043 0.036000 0.266288
v 0.061043 0.236000 0.266288
v 0.066677 0.036000 0.231744
v -0.087001 0.036000 0.242144
v -0.087001 0.236000 0.242144
v -0.086719 0.036000 0.240417
v -0.086719 0.236000 0.240417
v 0.057624 0.036000 0.263957
v -0.081485 0.046000 0.241270
v -0.076415 0.046000 0.210181
v -0.081485 0.226000 0.241270
v 0.057624 0.046000 0.263957
v 0.062694 0.046000 0.232868
v 0.062694 0.036000 0.232868
v -0.081649 0.036000 0.209327
v -0.081368 0.036000 0.207600
v -0.081649 0.236000 0.209327
v -0.081368 0.236000 0.207600
v 0.062694 0.236000 0.232868
v -0.076415 0.226000 0.210181
v 0.062694 0.226000 0.232868
v 0.057624 0.226000 0.263957
v 0.057624 0.236000 0.263957
v 0.066677 0.236000 0.231744
v 0.083091 0.036000 0.221404
v 0.083091 0.236000 0.221404
v 0.086652 0.036000 0.186586
v -0.066130 0.036000 0.206145
v -0.066130 0.236000 0.206145
v -0.065952 0.036000 0.204404
v -0.065952 0.236000 0.204404
v 0.079539 0.036000 0.219282
v -0.060677 0.046000 0.204943
v -0.057472 0.046000 0.173607
v -0.060677 0.226000 0.204943
v 0.079539 0.046000 0.219282
v 0.082743 0.046000 0.187945
v 0.082743 0.036000 0.187945
v -0.062748 0.036000 0.173067
v -0.062570 0.036000 0.171326
v -0.062748 0.236000 0.173067
v -0.062570 0.236000 0.171326
v 0.082743 0.236000 0.187945
v -0.057472 0.226000 0.173607
v 0.082743 0.226000 0.187945
v 0.079539 0.226000 0.219282
v 0.079539 0.236000 0.219282
v 0.086652 0.236000 0.186586
v 0.095007 0.036000 0.179043
v 0.095007 0.236000 0.179043
v 0.097835 0.036000 0.144157
v -0.054502 0.036000 0.166924
v -0.054502 0.236000 0.166924
v -0.054361 0.036000 0.165180
v -0.054361 0.236000 0.165180
v 0.091411 0.036000 0.176996
v -0.049075 0.046000 0.165608
v -0.046530 0.046000 0.134211
v -0.049075 0.226000 0.165608
v 0.091411 0.046000 0.176996
v 0.093956 0.046000 0.145599
v 0.093956 0.036000 0.145599
v -0.051816 0.036000 0.133783
v -0.051675 0.036000 0.132039
v -0.051816 0.236000 0.133783
v -0.051675 0.236000 0.132039
v 0.093956 0.236000 0.145599
v -0.046530 0.226000 0.134211
v 0.093956 0.226000 0.145599
v 0.091411 0.226000 0.176996
v 0.091411 0.236000 0.176996
v 0.097835 0.236000 0.144157
v 0.095993 0.036000 0.126915
v 0.095993 0.236000 0.126915
v 0.100529 0.036000 0.092210
v -0.052742 0.036000 0.107473
v -0.052742 0.236000 0.107473
v -0.052515 0.036000 0.105737
v -0.052515 0.236000 0.105737
v 0.092501 0.036000 0.124694
v -0.047256 0.046000 0.106425
v -0.043174 0.046000 0.075191
v -0.047256 0.226000 0.106425
v 0.092501 0.046000 0.124694
v 0.096584 0.046000 0.093459
v 0.096584 0.036000 0.093459
v -0.048432 0.036000 0.074503
v -0.048205 0.036000 0.072768
v -0.048432 0.236000 0.074503
v -0.048205 0.236000 0.072768
v 0.096584 0.236000 0.093459
v -0.043174 0.226000 0.075191
v 0.096584 0.226000 0.093459
v 0.092501 0.226000 0.124694
v 0.092501 0.236000 0.124694
v 0.100529 0.236000 0.092210
v 0.103264 0.036000 0.064671
v 0.103264 0.236000 0.064671
v 0.106698 0.036000 0.029840
v -0.046012 0.036000 0.049958
v -0.046012 0.236000 0.049958
v -0.045840 0.036000 0.048216
v -0.045840 0.236000 0.048216
v 0.099704 0.036000 0.062562
v -0.040563 0.046000 0.048737
v -0.037473 0.046000 0.017389
v -0.040563 0.226000 0.048737
v 0.099704 0.046000 0.062562
v 0.102794 0.046000 0.031214
v 0.102794 0.036000 0.031214
v -0.042751 0.036000 0.016868
v -0.042579 0.036000 0.015127
v -0.042751 0.236000 0.016868
v -0.042579 0.236000 0.015127
v 0.102794 0.236000 0.031214
v -0.037473 0.226000 0.017389
v 0.102794 0.226000 0.031214
v 0.099704 0.226000 0.062562
v 0.099704 0.236000 0.062562
v 0.106698 0.236000 0.029840
v 0.109568 0.036000 0.016156
v 0.109568 0.236000 0.016156
v 0.108950 0.036000 -0.018839
v -0.040408 0.036000 0.018806
v -0.040408 0.236000 0.018806
v -0.040439 0.036000 0.017056
v -0.040439 0.236000 0.017056
v 0.105788 0.036000 0.014472
v -0.035137 0.046000 0.016962
v -0.035693 0.046000 -0.014533
v -0.035137 0.226000 0.016962
v 0.105788 0.046000 0.014472
v 0.105231 0.046000 -0.017023
v 0.105231 0.036000 -0.017023
v -0.040996 0.036000 -0.014439
v -0.041027 0.036000 -0.016189
v -0.040996 0.236000 -0.014439
v -0.041027 0.236000 -0.016189
v 0.105231 0.236000 -0.017023
v -0.035693 0.226000 -0.014533
v 0.105231 0.226000 -0.017023
v 0.105788 0.226000 0.014472
v 0.105788 0.236000 0.014472
v 0.108950 0.236000 -0.018839
v 0.118521 0.036000 -0.040965
v 0.118521 0.236000 -0.040965
v 0.124281 0.036000 -0.075488
v -0.029434 0.036000 -0.065650
v -0.029434 0.236000 -0.065650
v -0.029146 0.036000 -0.067376
v -0.029146 0.236000 -0.067376
v 0.115110 0.036000 -0.043308
v -0.023915 0.046000 -0.066504
v -0.018731 0.046000 -0.097574
v -0.023915 0.226000 -0.066504
v 0.115110 0.046000 -0.043308
v 0.120294 0.046000 -0.074379
v 0.120294 0.036000 -0.074379
v -0.023962 0.036000 -0.098447
v -0.023674 0.036000 -0.100173
v -0.023962 0.236000 -0.098447
v -0.023674 0.236000 -0.100173
v 0.120294 0.236000 -0.074379
v -0.018731 0.226000 -0.097574
v 0.120294 0.226000 -0.074379
v 0.115110 0.226000 -0.043308
v 0.115110 0.236000 -0.043308
v 0.124281 0.236000 -0.075488
v 0.118084 0.036000 -0.099461
v 0.118084 0.236000 -0.099461
v 0.121332 0.036000 -0.134310
v -0.031269 0.036000 -0.113385
v -0.031269 0.236000 -0.113385
v -0.031106 0.036000 -0.115127
v -0.031106 0.236000 -0.115127
v 0.114512 0.036000 -0.101552
v -0.025826 0.046000 -0.114635
v -0.022902 0.046000 -0.145999
v -0.025826 0.226000 -0.114635
v 0.114512 0.046000 -0.101552
v 0.117436 0.046000 -0.132916
v 0.117436 0.036000 -0.132916
v -0.028182 0.036000 -0.146491
v -0.028020 0.036000 -0.148234
v -0.028182 0.236000 -0.146491
v -0.028020 0.236000 -0.148234
v 0.117436 0.236000 -0.132916
v -0.022902 0.226000 -0.145999
v 0.117436 0.226000 -0.132916
v 0.114512 0.226000 -0.101552
v 0.114512 0.236000 -0.101552
v 0.121332 0.236000 -0.134310
v 0.129435 0.036000 -0.154736
v 0.129435 0.236000 -0.154736
v 0.133490 0.036000 -0.189500
v -0.019555 0.036000 -0.172113
v -0.019555 0.236000 -0.172113
v -0.019352 0.036000 -0.173851
v -0.019352 0.236000 -0.173851
v 0.125913 0.036000 -0.156908
v -0.014084 0.046000 -0.173236
v -0.010435 0.046000 -0.204524
v -0.014084 0.226000 -0.173236
v 0.125913 0.046000 -0.156908
v 0.129562 0.046000 -0.188196
v 0.129562 0.036000 -0.188196
v -0.015703 0.036000 -0.205139
v -0.015500 0.036000 -0.206877
v -0.015703 0.236000 -0.205139
v -0.015500 0.236000 -0.206877
v 0.129562 0.236000 -0.188196
v -0.010435 0.226000 -0.204524
v 0.129562 0.226000 -0.188196
v 0.125913 0.226000 -0.156908
v 0.125913 0.236000 -0.156908
v 0.133490 0.236000 -0.189500
v 0.120093 0.036000 -0.212663
v 0.120093 0.236000 -0.212663
v 0.121842 0.036000 -0.247619
v -0.029720 0.036000 -0.220158
v -0.029720 0.236000 -0.220158
v -0.029632 0.036000 -0.221906
v -0.029632 0.236000 -0.221906
v 0.116435 0.036000 -0.214598
v -0.024336 0.046000 -0.221641
v -0.022762 0.046000 -0.253102
v -0.024336 0.226000 -0.221641
v 0.116435 0.046000 -0.214598
v 0.118009 0.046000 -0.246059
v 0.118009 0.036000 -0.246059
v -0.028058 0.036000 -0.253367
v -0.027971 0.036000 -0.255115
v -0.028058 0.236000 -0.253367
v -0.027971 0.236000 -0.255115
v 0.118009 0.236000 -0.246059
v -0.022762 0.226000 -0.253102
v 0.118009 0.226000 -0.246059
v 0.116435 0.226000 -0.214598
v 0.116435 0.236000 -0.214598
v 0.121842 0.236000 -0.247619
v 0.066349 0.036000 -0.286895
v 0.066349 0.236000 -0.286895
v 0.061340 0.036000 -0.321534
v -0.082107 0.036000 -0.265427
v -0.082107 0.236000 -0.265427
v -0.082358 0.036000 -0.267159
v -0.082358 0.236000 -0.267159
v 0.062387 0.036000 -0.288090
v -0.077109 0.046000 -0.267918
v -0.081617 0.046000 -0.299094
v -0.077109 0.226000 -0.267918
v 0.062387 0.046000 -0.288090
v 0.057879 0.046000 -0.319266
v 0.057879 0.036000 -0.319266
v -0.086866 0.036000 -0.298335
v -0.087116 0.036000 -0.300067
v -0.086866 0.236000 -0.298335
v -0.087116 0.236000 -0.300067
v 0.057879 0.236000 -0.319266
v -0.081617 0.226000 -0.299094
v 0.057879 0.226000 -0.319266
v 0.062387 0.226000 -0.288090
v 0.062387 0.236000 -0.288090
v 0.061340 0.236000 -0.321534
v 0.090237 0.036000 -0.328903
v 0.090237 0.236000 -0.328903
v 0.088257 0.036000 -0.363847
v -0.059523 0.036000 -0.320421
v -0.059523 0.236000 -0.320421
v -0.059622 0.036000 -0.322168
v -0.059622 0.236000 -0.322168
v 0.086394 0.036000 -0.330438
v -0.054328 0.046000 -0.322468
v -0.056109 0.046000 -0.353917
v -0.054328 0.226000 -0.322468
v 0.086394 0.046000 -0.330438
v 0.084612 0.046000 -0.361888
v 0.084612 0.036000 -0.361888
v -0.061404 0.036000 -0.353617
v -0.061503 0.036000 -0.355365
v -0.061404 0.236000 -0.353617
v -0.061503 0.236000 -0.355365
v 0.084612 0.236000 -0.361888
v -0.056109 0.226000 -0.353917
v 0.084612 0.226000 -0.361888
v 0.086394 0.226000 -0.330438
v 0.086394 0.236000 -0.330438
v 0.088257 0.236000 -0.363847
v 0.128707 0.036000 -0.369977
v 0.128707 0.236000 -0.369977
v 0.130533 0.036000 -0.404929
v -0.021089 0.036000 -0.377804
v -0.021089 0.236000 -0.377804
v -0.020997 0.036000 -0.379552
v -0.020997 0.236000 -0.379552
v 0.125053 0.036000 -0.371920
v -0.015701 0.046000 -0.379275
v -0.014057 0.046000 -0.410732
v -0.015701 0.226000 -0.379275
v 0.125053 0.046000 -0.371920
v 0.126697 0.046000 -0.403378
v 0.126697 0.036000 -0.403378
v -0.019354 0.036000 -0.411009
v -0.019262 0.036000 -0.412757
v -0.019354 0.236000 -0.411009
v -0.019262 0.236000 -0.412757
v 0.126697 0.236000 -0.403378
v -0.014057 0.226000 -0.410732
v 0.126697 0.226000 -0.403378
v 0.125053 0.226000 -0.371920
v 0.125053 0.236000 -0.371920
v 0.130533 0.236000 -0.404929
v 0.109959 0.036000 -0.414323
v 0.109959 0.236000 -0.414323
v 0.110017 0.036000 -0.449323
v -0.040041 0.036000 -0.414572
v -0.040041 0.236000 -0.414572
v -0.040038 0.036000 -0.416322
v -0.040038 0.236000 -0.416322
v 0.106212 0.036000 -0.416079
v -0.034734 0.046000 -0.416314
v -0.034682 0.046000 -0.447814
v -0.034734 0.226000 -0.416314
v 0.106212 0.046000 -0.416079
v 0.106264 0.046000 -0.447579
v 0.106264 0.036000 -0.447579
v -0.039985 0.036000 -0.447822
v -0.039982 0.036000 -0.449572
v -0.039985 0.236000 -0.447822
v -0.039982 0.236000 -0.449572
v 0.106264 0.236000 -0.447579
v -0.034682 0.226000 -0.447814
v 0.106264 0.226000 -0.447579
v 0.106212 0.226000 -0.416079
v 0.106212 0.236000 -0.416079
v 0.110017 0.236000 -0.449323
v 0.089035 0.036000 -0.467937
v 0.089035 0.236000 -0.467937
v 0.087595 0.036000 -0.502907
v -0.060839 0.036000 -0.461767
v -0.060839 0.236000 -0.461767
v -0.060910 0.036000 -0.463516
v -0.060910 0.236000 -0.463516
v 0.085216 0.036000 -0.469531
v -0.055612 0.046000 -0.463734
v -0.056907 0.046000 -0.495207
v -0.055612 0.226000 -0.463734
v 0.085216 0.046000 -0.469531
v 0.083920 0.046000 -0.501005
v 0.083920 0.036000 -0.501005
v -0.062206 0.036000 -0.494989
v -0.062278 0.036000 -0.496737
v -0.062206 0.236000 -0.494989
v -0.062278 0.236000 -0.496737
v 0.083920 0.236000 -0.501005
v -0.056907 0.226000 -0.495207
v 0.083920 0.226000 -0.501005
v 0.085216 0.226000 -0.469531
v 0.085216 0.236000 -0.469531
v 0.087595 0.236000 -0.502907
v 0.158784 0.036000 -0.507400
v 0.158784 0.236000 -0.507400
v 0.162073 0.036000 -0.542245
v 0.009448 0.036000 -0.521497
v 0.009448 0.236000 -0.521497
v 0.009613 0.036000 -0.523239
v 0.009613 0.236000 -0.523239
v 0.155215 0.036000 -0.509495
v 0.014892 0.046000 -0.522741
v 0.017853 0.046000 -0.554101
v 0.014892 0.226000 -0.522741
v 0.155215 0.046000 -0.509495
v 0.158176 0.046000 -0.540855
v 0.158176 0.036000 -0.540855
v 0.012573 0.036000 -0.554600
v 0.012737 0.036000 -0.556342
v 0.012573 0.236000 -0.554600
v 0.012737 0.236000 -0.556342
v 0.158176 0.236000 -0.540855
v 0.017853 0.226000 -0.554101
v 0.158176 0.226000 -0.540855
v 0.155215 0.226000 -0.509495
v 0.155215 0.236000 -0.509495
v 0.162073 0.236000 -0.542245
v 0.126841 0.036000 -0.562310
v 0.126841 0.236000 -0.562310
v 0.127921 0.036000 -0.597293
v -0.023088 0.036000 -0.566940
v -0.023088 0.236000 -0.566940
v -0.023034 0.036000 -0.568689
v -0.023034 0.236000 -0.568689
v 0.123147 0.036000 -0.564175
v -0.017733 0.046000 -0.568525
v -0.016761 0.046000 -0.600010
v -0.017733 0.226000 -0.568525
v 0.123147 0.046000 -0.564175
v 0.124119 0.046000 -0.595660
v 0.124119 0.036000 -0.595660
v -0.022062 0.036000 -0.600174
v -0.022008 0.036000 -0.601923
v -0.022062 0.236000 -0.600174
v -0.022008 0.236000 -0.601923
v 0.124119 0.236000 -0.595660
v -0.016761 0.226000 -0.600010
v 0.124119 0.226000 -0.595660
v 0.123147 0.226000 -0.564175
v 0.123147 0.236000 -0.564175
v 0.127921 0.236000 -0.597293
v 0.186627 0.036000 -0.636648
v 0.186627 0.236000 -0.636648
v 0.190819 0.036000 -0.671396
v 0.037707 0.036000 -0.654613
v 0.037707 0.236000 -0.654613
v 0.037916 0.036000 -0.656351
v 0.037916 0.236000 -0.656351
v 0.183114 0.036000 -0.638834
v 0.043181 0.046000 -0.655716
v 0.046954 0.046000 -0.686989
v 0.043181 0.226000 -0.655716
v 0.183114 0.046000 -0.638834
v 0.186886 0.046000 -0.670107
v 0.186886 0.036000 -0.670107
v 0.041689 0.036000 -0.687624
v 0.041899 0.036000 -0.689361
v 0.041689 0.236000 -0.687624
v 0.041899 0.236000 -0.689361
v 0.186886 0.236000 -0.670107
v 0.046954 0.226000 -0.686989
v 0.186886 0.226000 -0.670107
v 0.183114 0.226000 -0.638834
v 0.183114 0.236000 -0.638834
v 0.190819 0.236000 -0.671396
v 0.168023 0.036000 -0.600203
v 0.168023 0.236000 -0.600203
v 0.171412 0.036000 -0.635039
v 0.018727 0.036000 -0.614728
v 0.018727 0.236000 -0.614728
v 0.018897 0.036000 -0.616470
v 0.018897 0.236000 -0.616470
v 0.164460 0.036000 -0.602308
v 0.024175 0.046000 -0.615956
v 0.027226 0.046000 -0.647308
v 0.024175 0.226000 -0.615956
v 0.164460 0.046000 -0.602308
v 0.167510 0.046000 -0.633660
v 0.167510 0.036000 -0.633660
v 0.021947 0.036000 -0.647822
v 0.022117 0.036000 -0.649564
v 0.021947 0.236000 -0.647822
v 0.022117 0.236000 -0.649564
v 0.167510 0.236000 -0.633660
v 0.027226 0.226000 -0.647308
v 0.167510 0.226000 -0.633660
v 0.164460 0.226000 -0.602308
v 0.164460 0.236000 -0.602308
v 0.171412 0.236000 -0.635039
v 0.174204 0.996000 0.634425
v 0.174204 1.196000 0.634425
v 0.170662 0.996000 0.599605
v 0.024975 0.996000 0.649607
v 0.024975 1.196000 0.649607
v 0.024797 0.996000 0.647866
v 0.024797 1.196000 0.647866
v 0.170297 0.996000 0.633064
v 0.030074 1.006000 0.647329
v 0.026885 1.006000 0.615991
v 0.030074 1.186000 0.647329
v 0.170297 1.006000 0.633064
v 0.167108 1.006000 0.601725
v 0.167108 0.996000 0.601725
v 0.021609 0.996000 0.616527
v 0.021432 0.996000 0.614786
v 0.021609 1.196000 0.616527
v 0.021432 1.196000 0.614786
v 0.167108 1.196000 0.601725
v 0.026885 1.186000 0.615991
v 0.167108 1.186000 0.601725
v 0.170297 1.186000 0.633064
v 0.170297 1.196000 0.633064
v 0.170662 1.196000 0.599605
v 0.070366 0.996000 0.609044
v 0.070366 1.196000 0.609044
v 0.072606 0.996000 0.574116
v -0.079327 0.996000 0.599443
v -0.079327 1.196000 0.599443
v -0.079215 0.996000 0.597697
v -0.079215 1.196000 0.597697
v 0.066736 0.996000 0.607057
v -0.073922 1.006000 0.598036
v -0.071906 1.006000 0.566601
v -0.073922 1.186000 0.598036
v 0.066736 1.006000 0.607057
v 0.068752 1.006000 0.575622
v 0.068752 0.996000 0.575622
v -0.077198 0.996000 0.566261
v -0.077086 0.996000 0.564515
v -0.077198 1.196000 0.566261
v -0.077086 1.196000 0.564515
v 0.068752 1.196000 0.575622
v -0.071906 1.186000 0.566601
v 0.068752 1.186000 0.575622
v 0.066736 1.186000 0.607057
v 0.066736 1.196000 0.607057
v 0.072606 1.196000 0.574116
v 0.176521 0.996000 0.552240
v 0.176521 1.196000 0.552240
v 0.172324 0.996000 0.517493
v 0.027603 0.996000 0.570226
v 0.027603 1.196000 0.570226
v 0.027394 0.996000 0.568489
v 0.027394 1.196000 0.568489
v 0.172588 0.996000 0.550952
v 0.032659 1.006000 0.567853
v 0.028881 1.006000 0.536580
v 0.032659 1.186000 0.567853
v 0.172588 1.006000 0.550952
v 0.168811 1.006000 0.519680
v 0.168811 0.996000 0.519680
v 0.023616 0.996000 0.537216
v 0.023407 0.996000 0.535479
v 0.023616 1.196000 0.537216
v 0.023407 1.196000 0.535479
v 0.168811 1.196000 0.519680
v 0.028881 1.186000 0.536580
v 0.168811 1.186000 0.519680
v 0.172588 1.186000 0.550952
v 0.172588 1.196000 0.550952
v 0.172324 1.196000 0.517493
v 0.079838 0.996000 0.506438
v 0.079838 1.196000 0.506438
v 0.081933 0.996000 0.471500
v -0.069893 0.996000 0.497459
v -0.069893 1.196000 0.497459
v -0.069788 0.996000 0.495712
v -0.069788 1.196000 0.495712
v 0.076200 0.996000 0.504466
v -0.064494 1.006000 0.496030
v -0.062609 1.006000 0.464586
v -0.064494 1.186000 0.496030
v 0.076200 1.006000 0.504466
v 0.078085 1.006000 0.473023
v 0.078085 0.996000 0.473023
v -0.067903 0.996000 0.464269
v -0.067798 0.996000 0.462522
v -0.067903 1.196000 0.464269
v -0.067798 1.196000 0.462522
v 0.078085 1.196000 0.473023
v -0.062609 1.186000 0.464586
v 0.078085 1.186000 0.473023
v 0.076200 1.186000 0.504466
v 0.076200 1.196000 0.504466
v 0.081933 1.196000 0.471500
v 0.163264 0.996000 0.436909
v 0.163264 1.196000 0.436909
v 0.159016 0.996000 0.402168
v 0.014373 0.996000 0.455117
v 0.014373 1.196000 0.455117
v 0.014160 0.996000 0.453379
v 0.014160 1.196000 0.453379
v 0.159329 0.996000 0.435628
v 0.019425 1.006000 0.452736
v 0.015601 1.006000 0.421469
v 0.019425 1.186000 0.452736
v 0.159329 1.006000 0.435628
v 0.155506 1.006000 0.404360
v 0.155506 0.996000 0.404360
v 0.010337 0.996000 0.422112
v 0.010125 0.996000 0.420375
v 0.010337 1.196000 0.422112
v 0.010125 1.196000 0.420375
v 0.155506 1.196000 0.404360
v 0.015601 1.186000 0.421469
v 0.155506 1.186000 0.404360
v 0.159329 1.186000 0.435628
v 0.159329 1.196000 0.435628
v 0.159016 1.196000 0.402168
v 0.138556 0.996000 0.402919
v 0.138556 1.196000 0.402919
v 0.136036 0.996000 0.368010
v -0.011054 0.996000 0.413720
v -0.011054 1.196000 0.413720
v -0.011180 0.996000 0.411975
v -0.011180 1.196000 0.411975
v 0.134690 0.996000 0.401444
v -0.005891 1.006000 0.411593
v -0.008159 1.006000 0.380174
v -0.005891 1.186000 0.411593
v 0.134690 1.006000 0.401444
v 0.132422 1.006000 0.370026
v 0.132422 0.996000 0.370026
v -0.013449 0.996000 0.380556
v -0.013575 0.996000 0.378811
v -0.013449 1.196000 0.380556
v -0.013575 1.196000 0.378811
v 0.132422 1.196000 0.370026
v -0.008159 1.186000 0.380174
v 0.132422 1.186000 0.370026
v 0.134690 1.186000 0.401444
v 0.134690 1.196000 0.401444
v 0.136036 1.196000 0.368010
v 0.130024 0.996000 0.364569
v 0.130024 1.196000 0.364569
v 0.128046 0.996000 0.329625
v -0.019736 0.996000 0.373044
v -0.019736 1.196000 0.373044
v -0.019835 0.996000 0.371297
v -0.019835 1.196000 0.371297
v 0.126181 0.996000 0.363034
v -0.014541 1.006000 0.370998
v -0.016320 1.006000 0.339548
v -0.014541 1.186000 0.370998
v 0.126181 1.006000 0.363034
v 0.124401 1.006000 0.331584
v 0.124401 0.996000 0.331584
v -0.021615 0.996000 0.339847
v -0.021714 0.996000 0.338100
v -0.021615 1.196000 0.339847
v -0.021714 1.196000 0.338100
v 0.124401 1.196000 0.331584
v -0.016320 1.186000 0.339548
v 0.124401 1.186000 0.331584
v 0.126181 1.186000 0.363034
v 0.126181 1.196000 0.363034
v 0.128046 1.196000 0.329625
v 0.125367 0.996000 0.288832
v 0.125367 1.196000 0.288832
v 0.123434 0.996000 0.253885
v -0.024404 0.996000 0.297118
v -0.024404 1.196000 0.297118
v -0.024501 0.996000 0.295371
v -0.024501 1.196000 0.295371
v 0.121526 0.996000 0.287292
v -0.019205 1.006000 0.295078
v -0.020945 1.006000 0.263626
v -0.019205 1.186000 0.295078
v 0.121526 1.006000 0.287292
v 0.119786 1.006000 0.255840
v 0.119786 0.996000 0.255840
v -0.026241 0.996000 0.263919
v -0.026337 0.996000 0.262172
v -0.026241 1.196000 0.263919
v -0.026337 1.196000 0.262172
v 0.119786 1.196000 0.255840
v -0.020945 1.186000 0.263626
v 0.119786 1.186000 0.255840
v 0.121526 1.186000 0.287292
v 0.121526 1.196000 0.287292
v 0.123434 1.196000 0.253885
v 0.113300 0.996000 0.252233
v 0.113300 1.196000 0.252233
v 0.112742 0.996000 0.217237
v -0.036681 0.996000 0.254623
v -0.036681 1.196000 0.254623
v -0.036709 0.996000 0.252873
v -0.036709 1.196000 0.252873
v 0.109522 0.996000 0.250543
v -0.031407 1.006000 0.252789
v -0.031909 1.006000 0.221293
v -0.031407 1.186000 0.252789
v 0.109522 1.006000 0.250543
v 0.109020 1.006000 0.219047
v 0.109020 0.996000 0.219047
v -0.037211 0.996000 0.221377
v -0.037239 0.996000 0.219627
v -0.037211 1.196000 0.221377
v -0.037239 1.196000 0.219627
v 0.109020 1.196000 0.219047
v -0.031909 1.186000 0.221293
v 0.109020 1.186000 0.219047
v 0.109522 1.186000 0.250543
v 0.109522 1.196000 0.250543
v 0.112742 1.196000 0.217237
v 0.143706 0.996000 0.197879
v 0.143706 1.196000 0.197879
v 0.137887 0.996000 0.163366
v -0.004206 0.996000 0.222817
v -0.004206 1.196000 0.222817
v -0.004497 0.996000 0.221092
v -0.004497 1.196000 0.221092
v 0.139717 0.996000 0.196776
v 0.000732 1.006000 0.220210
v -0.004505 1.006000 0.189148
v 0.000732 1.186000 0.220210
v 0.139717 1.006000 0.196776
v 0.134480 1.006000 0.165715
v 0.134480 0.996000 0.165715
v -0.009734 0.996000 0.190030
v -0.010025 0.996000 0.188305
v -0.009734 1.196000 0.190030
v -0.010025 1.196000 0.188305
v 0.134480 1.196000 0.165715
v -0.004505 1.186000 0.189148
v 0.134480 1.186000 0.165715
v 0.139717 1.186000 0.196776
v 0.139717 1.196000 0.196776
v 0.137887 1.196000 0.163366
v 0.086667 0.996000 0.124125
v 0.086667 1.196000 0.124125
v 0.092332 0.996000 0.089586
v -0.061355 0.996000 0.099848
v -0.061355 1.196000 0.099848
v -0.061072 0.996000 0.098121
v -0.061072 1.196000 0.098121
v 0.083250 0.996000 0.121791
v -0.055839 1.006000 0.098979
v -0.050740 1.006000 0.067894
v -0.055839 1.186000 0.098979
v 0.083250 1.006000 0.121791
v 0.088348 1.006000 0.090706
v 0.088348 0.996000 0.090706
v -0.055974 0.996000 0.067036
v -0.055691 0.996000 0.065309
v -0.055974 1.196000 0.067036
v -0.055691 1.196000 0.065309
v 0.088348 1.196000 0.090706
v -0.050740 1.186000 0.067894
v 0.088348 1.186000 0.090706
v 0.083250 1.186000 0.121791
v 0.083250 1.196000 0.121791
v 0.092332 1.196000 0.089586
v 0.115565 0.996000 0.163709
v 0.115565 1.196000 0.163709
v 0.114285 0.996000 0.128732
v -0.034335 0.996000 0.169196
v -0.034335 1.196000 0.169196
v -0.034399 0.996000 0.167447
v -0.034399 1.196000 0.167447
v 0.111754 0.996000 0.162097
v -0.029099 1.006000 0.167253
v -0.030251 1.006000 0.135774
v -0.029099 1.186000 0.167253
v 0.111754 1.006000 0.162097
v 0.110601 1.006000 0.130618
v 0.110601 0.996000 0.130618
v -0.035551 0.996000 0.135968
v -0.035615 0.996000 0.134219
v -0.035551 1.196000 0.135968
v -0.035615 1.196000 0.134219
v 0.110601 1.196000 0.130618
v -0.030251 1.186000 0.135774
v 0.110601 1.186000 0.130618
v 0.111754 1.186000 0.162097
v 0.111754 1.196000 0.162097
v 0.114285 1.196000 0.128732
v 0.111754 0.996000 0.054064
v 0.111754 1.196000 0.054064
v 0.110197 0.996000 0.019099
v -0.038097 0.996000 0.060739
v -0.038097 1.196000 0.060739
v -0.038175 0.996000 0.058990
v -0.038175 1.196000 0.058990
v 0.107930 0.996000 0.052483
v -0.032877 1.006000 0.058754
v -0.034279 1.006000 0.027286
v -0.032877 1.186000 0.058754
v 0.107930 1.006000 0.052483
v 0.106528 1.006000 0.021014
v 0.106528 0.996000 0.021014
v -0.039577 0.996000 0.027522
v -0.039655 0.996000 0.025773
v -0.039577 1.196000 0.027522
v -0.039655 1.196000 0.025773
v 0.106528 1.196000 0.021014
v -0.034279 1.186000 0.027286
v 0.106528 1.186000 0.021014
v 0.107930 1.186000 0.052483
v 0.107930 1.196000 0.052483
v 0.110197 1.196000 0.019099
v 0.111001 0.996000 0.006368
v 0.111001 1.196000 0.006368
v 0.105954 0.996000 -0.028266
v -0.037432 0.996000 0.027996
v -0.037432 1.196000 0.027996
v -0.037684 0.996000 0.026264
v -0.037684 1.196000 0.026264
v 0.107037 0.996000 0.005177
v -0.032436 1.006000 0.025499
v -0.036978 1.006000 -0.005671
v -0.032436 1.186000 0.025499
v 0.107037 1.006000 0.005177
v 0.102496 1.006000 -0.025994
v 0.102496 0.996000 -0.025994
v -0.042226 0.996000 -0.004907
v -0.042479 0.996000 -0.006638
v -0.042226 1.196000 -0.004907
v -0.042479 1.196000 -0.006638
v 0.102496 1.196000 -0.025994
v -0.036978 1.186000 -0.005671
v 0.102496 1.186000 -0.025994
v 0.107037 1.186000 0.005177
v 0.107037 1.196000 0.005177
v 0.105954 1.196000 -0.028266
v 0.105460 0.996000 -0.066862
v 0.105460 1.196000 -0.066862
v 0.103399 0.996000 -0.101802
v -0.044280 0.996000 -0.058031
v -0.044280 1.196000 -0.058031
v -0.044383 0.996000 -0.059778
v -0.044383 1.196000 -0.059778
v 0.101613 0.996000 -0.068388
v -0.039089 1.006000 -0.060090
v -0.040944 1.006000 -0.091536
v -0.039089 1.186000 -0.060090
v 0.101613 1.006000 -0.068388
v 0.099759 1.006000 -0.099834
v 0.099759 0.996000 -0.099834
v -0.046238 0.996000 -0.091224
v -0.046341 0.996000 -0.092971
v -0.046238 1.196000 -0.091224
v -0.046341 1.196000 -0.092971
v 0.099759 1.196000 -0.099834
v -0.040944 1.186000 -0.091536
v 0.099759 1.186000 -0.099834
v 0.101613 1.186000 -0.068388
v 0.101613 1.196000 -0.068388
v 0.103399 1.196000 -0.101802
v 0.106037 0.996000 -0.031415
v 0.106037 1.196000 -0.031415
v 0.101853 0.996000 -0.066165
v -0.042888 0.996000 -0.013486
v -0.042888 1.196000 -0.013486
v -0.043097 0.996000 -0.015224
v -0.043097 1.196000 -0.015224
v 0.102105 0.996000 -0.032705
v -0.037831 1.006000 -0.015857
v -0.041597 1.006000 -0.047132
v -0.037831 1.186000 -0.015857
v 0.102105 1.006000 -0.032705
v 0.098340 1.006000 -0.063979
v 0.098340 0.996000 -0.063979
v -0.046862 0.996000 -0.046498
v -0.047071 0.996000 -0.048235
v -0.046862 1.196000 -0.046498
v -0.047071 1.196000 -0.048235
v 0.098340 1.196000 -0.063979
v -0.041597 1.186000 -0.047132
v 0.098340 1.186000 -0.063979
v 0.102105 1.186000 -0.032705
v 0.102105 1.196000 -0.032705
v 0.101853 1.196000 -0.066165
v 0.084962 0.996000 -0.149253
v 0.084962 1.196000 -0.149253
v 0.079090 0.996000 -0.183756
v -0.062912 0.996000 -0.124086
v -0.062912 1.196000 -0.124086
v -0.063206 0.996000 -0.125811
v -0.063206 1.196000 -0.125811
v 0.080971 0.996000 -0.150349
v -0.057977 1.006000 -0.126701
v -0.063262 1.006000 -0.157755
v -0.057977 1.186000 -0.126701
v 0.080971 1.006000 -0.150349
v 0.075686 1.006000 -0.181402
v 0.075686 0.996000 -0.181402
v -0.068490 0.996000 -0.156865
v -0.068784 0.996000 -0.158590
v -0.068490 1.196000 -0.156865
v -0.068784 1.196000 -0.158590
v 0.075686 1.196000 -0.181402
v -0.063262 1.186000 -0.157755
v 0.075686 1.186000 -0.181402
v 0.080971 1.186000 -0.150349
v 0.080971 1.196000 -0.150349
v 0.079090 1.196000 -0.183756
v 0.078533 0.996000 -0.188618
v 0.078533 1.196000 -0.188618
v 0.072713 0.996000 -0.223131
v -0.069378 0.996000 -0.163673
v -0.069378 1.196000 -0.163673
v -0.069669 0.996000 -0.165399
v -0.069669 1.196000 -0.165399
v 0.074545 0.996000 -0.189720
v -0.064440 1.006000 -0.166281
v -0.069678 1.006000 -0.197342
v -0.064440 1.186000 -0.166281
v 0.074545 1.006000 -0.189720
v 0.069306 1.006000 -0.220781
v 0.069306 0.996000 -0.220781
v -0.074907 0.996000 -0.196460
v -0.075198 0.996000 -0.198186
v -0.074907 1.196000 -0.196460
v -0.075198 1.196000 -0.198186
v 0.069306 1.196000 -0.220781
v -0.069678 1.186000 -0.197342
v 0.069306 1.186000 -0.220781
v 0.074545 1.186000 -0.189720
v 0.074545 1.196000 -0.189720
v 0.072713 1.196000 -0.223131
v 0.111184 0.996000 -0.271980
v 0.111184 1.196000 -0.271980
v 0.111443 0.996000 -0.306979
v -0.038812 0.996000 -0.273091
v -0.038812 1.196000 -0.273091
v -0.038799 0.996000 -0.274841
v -0.038799 1.196000 -0.274841
v 0.107447 0.996000 -0.273758
v -0.033496 1.006000 -0.274802
v -0.033263 1.006000 -0.306301
v -0.033496 1.186000 -0.274802
v 0.107447 1.006000 -0.273758
v 0.107680 1.006000 -0.305257
v 0.107680 0.996000 -0.305257
v -0.038566 0.996000 -0.306340
v -0.038553 0.996000 -0.308090
v -0.038566 1.196000 -0.306340
v -0.038553 1.196000 -0.308090
v 0.107680 1.196000 -0.305257
v -0.033263 1.186000 -0.306301
v 0.107680 1.186000 -0.305257
v 0.107447 1.186000 -0.273758
v 0.107447 1.196000 -0.273758
v 0.111443 1.196000 -0.306979
v 0.130283 0.996000 -0.220241
v 0.130283 1.196000 -0.220241
v 0.133707 0.996000 -0.255073
v -0.018997 0.996000 -0.234917
v -0.018997 1.196000 -0.234917
v -0.018826 0.996000 -0.236659
v -0.018826 1.196000 -0.236659
v 0.126722 0.996000 -0.222349
v -0.013548 1.006000 -0.236140
v -0.010466 1.006000 -0.267489
v -0.013548 1.186000 -0.236140
v 0.126722 1.006000 -0.222349
v 0.129804 1.006000 -0.253698
v 0.129804 0.996000 -0.253698
v -0.015744 0.996000 -0.268008
v -0.015573 0.996000 -0.269749
v -0.015744 1.196000 -0.268008
v -0.015573 1.196000 -0.269749
v 0.129804 1.196000 -0.253698
v -0.010466 1.186000 -0.267489
v 0.129804 1.186000 -0.253698
v 0.126722 1.186000 -0.222349
v 0.126722 1.196000 -0.222349
v 0.133707 1.196000 -0.255073
v 0.109582 0.996000 -0.334379
v 0.109582 1.196000 -0.334379
v 0.109615 0.996000 -0.369379
v -0.040418 0.996000 -0.334519
v -0.040418 1.196000 -0.334519
v -0.040416 0.996000 -0.336269
v -0.040416 1.196000 -0.336269
v 0.105834 0.996000 -0.336132
v -0.035113 1.006000 -0.336264
v -0.035083 1.006000 -0.367764
v -0.035113 1.186000 -0.336264
v 0.105834 1.006000 -0.336132
v 0.105863 1.006000 -0.367632
v 0.105863 0.996000 -0.367632
v -0.040387 0.996000 -0.367769
v -0.040385 0.996000 -0.369519
v -0.040387 1.196000 -0.367769
v -0.040385 1.196000 -0.369519
v 0.105863 1.196000 -0.367632
v -0.035083 1.186000 -0.367764
v 0.105863 1.186000 -0.367632
v 0.105834 1.186000 -0.336132
v 0.105834 1.196000 -0.336132
v 0.109615 1.196000 -0.369379
v 0.116262 0.996000 -0.372964
v 0.116262 1.196000 -0.372964
v 0.116916 0.996000 -0.407958
v -0.033712 0.996000 -0.375770
v -0.033712 1.196000 -0.375770
v -0.033679 0.996000 -0.377519
v -0.033679 1.196000 -0.377519
v 0.112545 0.996000 -0.374784
v -0.028377 1.006000 -0.377420
v -0.027788 1.006000 -0.408915
v -0.028377 1.186000 -0.377420
v 0.112545 1.006000 -0.374784
v 0.113134 1.006000 -0.406278
v 0.113134 0.996000 -0.406278
v -0.033090 0.996000 -0.409014
v -0.033057 0.996000 -0.410764
v -0.033090 1.196000 -0.409014
v -0.033057 1.196000 -0.410764
v 0.113134 1.196000 -0.406278
v -0.027788 1.186000 -0.408915
v 0.113134 1.186000 -0.406278
v 0.112545 1.186000 -0.374784
v 0.112545 1.196000 -0.374784
v 0.116916 1.196000 -0.407958
v 0.046144 0.996000 -0.460573
v 0.046144 1.196000 -0.460573
v 0.041337 0.996000 -0.495241
v -0.102435 0.996000 -0.439974
v -0.102435 1.196000 -0.439974
v -0.102675 0.996000 -0.441707
v -0.102675 1.196000 -0.441707
v 0.042189 0.996000 -0.461791
v -0.097422 1.006000 -0.442435
v -0.101748 1.006000 -0.473637
v -0.097422 1.186000 -0.442435
v 0.042189 1.006000 -0.461791
v 0.037863 1.006000 -0.492993
v 0.037863 0.996000 -0.492993
v -0.107001 0.996000 -0.472909
v -0.107242 0.996000 -0.474642
v -0.107001 1.196000 -0.472909
v -0.107242 1.196000 -0.474642
v 0.037863 1.196000 -0.492993
v -0.101748 1.186000 -0.473637
v 0.037863 1.186000 -0.492993
v 0.042189 1.186000 -0.461791
v 0.042189 1.196000 -0.461791
v 0.041337 1.196000 -0.495241
v 0.176928 0.996000 -0.396126
v 0.176928 1.196000 -0.396126
v 0.182730 0.996000 -0.430642
v 0.029003 0.996000 -0.420993
v 0.029003 1.196000 -0.420993
v 0.029293 0.996000 -0.422719
v 0.029293 1.196000 -0.422719
v 0.173520 0.996000 -0.398474
v 0.034523 1.006000 -0.421840
v 0.039745 1.006000 -0.452904
v 0.034523 1.186000 -0.421840
v 0.173520 1.006000 -0.398474
v 0.178742 1.006000 -0.429538
v 0.178742 0.996000 -0.429538
v 0.034515 0.996000 -0.453783
v 0.034805 0.996000 -0.455509
v 0.034515 1.196000 -0.453783
v 0.034805 1.196000 -0.455509
v 0.178742 1.196000 -0.429538
v 0.039745 1.186000 -0.452904
v 0.178742 1.186000 -0.429538
v 0.173520 1.186000 -0.398474
v 0.173520 1.196000 -0.398474
v 0.182730 1.196000 -0.430642
v 0.102298 0.996000 -0.516458
v 0.102298 1.196000 -0.516458
v 0.101839 0.996000 -0.551455
v -0.047689 0.996000 -0.514488
v -0.047689 1.196000 -0.514488
v -0.047712 0.996000 -0.516238
v -0.047712 1.196000 -0.516238
v 0.098526 0.996000 -0.518159
v -0.042409 1.006000 -0.516308
v -0.042823 1.006000 -0.547805
v -0.042409 1.186000 -0.516308
v 0.098526 1.006000 -0.518159
v 0.098112 1.006000 -0.549656
v 0.098112 0.996000 -0.549656
v -0.048125 0.996000 -0.547736
v -0.048148 0.996000 -0.549485
v -0.048125 1.196000 -0.547736
v -0.048148 1.196000 -0.549485
v 0.098112 1.196000 -0.549656
v -0.042823 1.186000 -0.547805
v 0.098112 1.186000 -0.549656
v 0.098526 1.186000 -0.518159
v 0.098526 1.196000 -0.518159
v 0.101839 1.196000 -0.551455
v 0.011522 0.996000 -0.575044
v 0.011522 1.196000 -0.575044
v 0.005592 0.996000 -0.609538
v -0.136309 0.996000 -0.549628
v -0.136309 1.196000 -0.549628
v -0.136605 0.996000 -0.551353
v -0.136605 1.196000 -0.551353
v 0.007530 0.996000 -0.576133
v -0.131379 1.006000 -0.552252
v -0.136716 1.006000 -0.583296
v -0.131379 1.186000 -0.552252
v 0.007530 1.006000 -0.576133
v 0.002193 1.006000 -0.607178
v 0.002193 0.996000 -0.607178
v -0.141943 0.996000 -0.582398
v -0.142239 0.996000 -0.584122
v -0.141943 1.196000 -0.582398
v -0.142239 1.196000 -0.584122
v 0.002193 1.196000 -0.607178
v -0.136716 1.186000 -0.583296
v 0.002193 1.186000 -0.607178
v 0.007530 1.186000 -0.576133
v 0.007530 1.196000 -0.576133
v 0.005592 1.196000 -0.609538
v 0.044304 0.996000 -0.654751
v 0.044304 1.196000 -0.654751
v 0.040829 0.996000 -0.689578
v -0.104954 0.996000 -0.639855
v -0.104954 1.196000 -0.639855
v -0.105128 0.996000 -0.641596
v -0.105128 1.196000 -0.641596
v 0.040399 0.996000 -0.656120
v -0.099851 1.006000 -0.642123
v -0.102979 1.006000 -0.673467
v -0.099851 1.186000 -0.642123
v 0.040399 1.006000 -0.656120
v 0.037271 1.006000 -0.687464
v 0.037271 0.996000 -0.687464
v -0.108256 0.996000 -0.672941
v -0.108430 0.996000 -0.674682
v -0.108256 1.196000 -0.672941
v -0.108430 1.196000 -0.674682
v 0.037271 1.196000 -0.687464
v -0.102979 1.186000 -0.673467
v 0.037271 1.186000 -0.687464
v 0.040399 1.186000 -0.656120
v 0.040399 1.196000 -0.656120
v 0.040829 1.196000 -0.689578
v 0.155352 0.996000 -0.598589
v 0.155352 1.196000 -0.598589
v 0.158007 0.996000 -0.633488
v 0.005785 0.996000 -0.609966
v 0.005785 1.196000 -0.609966
v 0.005917 0.996000 -0.611711
v 0.005917 1.196000 -0.611711
v 0.151746 0.996000 -0.600618
v 0.011205 1.006000 -0.611309
v 0.013595 1.006000 -0.642718
v 0.011205 1.186000 -0.611309
v 0.151746 1.006000 -0.600618
v 0.154135 1.006000 -0.632028
v 0.154135 0.996000 -0.632028
v 0.008307 0.996000 -0.643121
v 0.008439 0.996000 -0.644866
v 0.008307 1.196000 -0.643121
v 0.008439 1.196000 -0.644866
v 0.154135 1.196000 -0.632028
v 0.013595 1.186000 -0.642718
v 0.154135 1.186000 -0.632028
v 0.151746 1.186000 -0.600618
v 0.151746 1.196000 -0.600618
v 0.158007 1.196000 -0.633488
v 0.186214 0.516000 0.631639
v 0.186214 0.716000 0.631639
v 0.182012 0.516000 0.596892
v 0.037299 0.516000 0.649648
v 0.037299 0.716000 0.649648
v 0.037089 0.516000 0.647911
v 0.037089 0.716000 0.647911
v 0.182281 0.516000 0.630351
v 0.042354 0.526000 0.647274
v 0.038572 0.526000 0.616002
v 0.042354 0.706000 0.647274
v 0.182281 0.526000 0.630351
v 0.178499 0.526000 0.599079
v 0.178499 0.516000 0.599079
v 0.033307 0.516000 0.616639
v 0.033097 0.516000 0.614901
v 0.033307 0.716000 0.616639
v 0.033097 0.716000 0.614901
v 0.178499 0.716000 0.599079
v 0.038572 0.706000 0.616002
v 0.178499 0.706000 0.599079
v 0.182281 0.706000 0.630351
v 0.182281 0.716000 0.630351
v 0.182012 0.716000 0.596892
v 0.175950 0.516000 0.593268
v 0.175950 0.716000 0.593268
v 0.172068 0.516000 0.558483
v 0.026875 0.516000 0.609904
v 0.026875 0.716000 0.609904
v 0.026681 0.516000 0.608165
v 0.026681 0.716000 0.608165
v 0.172029 0.516000 0.591944
v 0.031952 0.526000 0.607577
v 0.028458 0.526000 0.576271
v 0.031952 0.706000 0.607577
v 0.172029 0.526000 0.591944
v 0.168535 0.526000 0.560639
v 0.168535 0.516000 0.560639
v 0.023187 0.516000 0.576859
v 0.022993 0.516000 0.575120
v 0.023187 0.716000 0.576859
v 0.022993 0.716000 0.575120
v 0.168535 0.716000 0.560639
v 0.028458 0.706000 0.576271
v 0.168535 0.706000 0.560639
v 0.172029 0.706000 0.591944
v 0.172029 0.716000 0.591944
v 0.172068 0.716000 0.558483
v 0.095318 0.516000 0.512013
v 0.095318 0.716000 0.512013
v 0.096246 0.516000 0.477026
v -0.054629 0.516000 0.508038
v -0.054629 0.716000 0.508038
v -0.054583 0.516000 0.506288
v -0.054583 0.716000 0.506288
v 0.091616 0.516000 0.510165
v -0.049281 0.526000 0.506429
v -0.048446 0.526000 0.474940
v -0.049281 0.706000 0.506429
v 0.091616 0.526000 0.510165
v 0.092451 0.526000 0.478676
v 0.092451 0.516000 0.478676
v -0.053748 0.516000 0.474800
v -0.053702 0.516000 0.473050
v -0.053748 0.716000 0.474800
v -0.053702 0.716000 0.473050
v 0.092451 0.716000 0.478676
v -0.048446 0.706000 0.474940
v 0.092451 0.706000 0.478676
v 0.091616 0.706000 0.510165
v 0.091616 0.716000 0.510165
v 0.096246 0.716000 0.477026
v 0.096671 0.516000 0.557073
v 0.096671 0.716000 0.557073
v 0.097449 0.516000 0.522082
v -0.053292 0.516000 0.553735
v -0.053292 0.716000 0.553735
v -0.053253 0.516000 0.551986
v -0.053253 0.716000 0.551986
v 0.092960 0.516000 0.555240
v -0.047951 0.526000 0.552104
v -0.047250 0.526000 0.520612
v -0.047951 0.706000 0.552104
v 0.092960 0.526000 0.555240
v 0.093661 0.526000 0.523748
v 0.093661 0.516000 0.523748
v -0.052552 0.516000 0.520494
v -0.052513 0.516000 0.518744
v -0.052552 0.716000 0.520494
v -0.052513 0.716000 0.518744
v 0.093661 0.716000 0.523748
v -0.047250 0.706000 0.520612
v 0.093661 0.706000 0.523748
v 0.092960 0.706000 0.555240
v 0.092960 0.716000 0.555240
v 0.097449 0.716000 0.522082
v 0.149520 0.516000 0.456073
v 0.149520 0.716000 0.456073
v 0.146361 0.516000 0.421216
v 0.000132 0.516000 0.469609
v 0.000132 0.716000 0.469609
v -0.000026 0.516000 0.467866
v -0.000026 0.716000 0.467866
v 0.145627 0.516000 0.454668
v 0.005255 0.526000 0.467387
v 0.002413 0.526000 0.436016
v 0.005255 0.706000 0.467387
v 0.145627 0.526000 0.454668
v 0.142784 0.526000 0.423297
v 0.142784 0.516000 0.423297
v -0.002869 0.516000 0.436495
v -0.003027 0.516000 0.434752
v -0.002869 0.716000 0.436495
v -0.003027 0.716000 0.434752
v 0.142784 0.716000 0.423297
v 0.002413 0.706000 0.436016
v 0.142784 0.706000 0.423297
v 0.145627 0.706000 0.454668
v 0.145627 0.716000 0.454668
v 0.146361 0.716000 0.421216
v 0.120759 0.516000 0.407152
v 0.120759 0.716000 0.407152
v 0.119774 0.516000 0.372166
v -0.029182 0.516000 0.411371
v -0.029182 0.716000 0.411371
v -0.029231 0.516000 0.409622
v -0.029231 0.716000 0.409622
v 0.116961 0.516000 0.405508
v -0.023930 0.526000 0.409473
v -0.024816 0.526000 0.377985
v -0.023930 0.706000 0.409473
v 0.116961 0.526000 0.405508
v 0.116075 0.526000 0.374020
v 0.116075 0.516000 0.374020
v -0.030117 0.516000 0.378134
v -0.030166 0.516000 0.376385
v -0.030117 0.716000 0.378134
v -0.030166 0.716000 0.376385
v 0.116075 0.716000 0.374020
v -0.024816 0.706000 0.377985
v 0.116075 0.706000 0.374020
v 0.116961 0.706000 0.405508
v 0.116961 0.716000 0.405508
v 0.119774 0.716000 0.372166
v 0.086575 0.516000 0.318980
v 0.086575 0.716000 0.318980
v 0.088967 0.516000 0.284061
v -0.063074 0.516000 0.308727
v -0.063074 0.716000 0.308727
v -0.062955 0.516000 0.306981
v -0.062955 0.716000 0.306981
v 0.082953 0.516000 0.316977
v -0.057664 0.526000 0.307343
v -0.055511 0.526000 0.275917
v -0.057664 0.706000 0.307343
v 0.082953 0.526000 0.316977
v 0.085106 0.526000 0.285551
v 0.085106 0.516000 0.285551
v -0.060802 0.516000 0.275555
v -0.060682 0.516000 0.273809
v -0.060802 0.716000 0.275555
v -0.060682 0.716000 0.273809
v 0.085106 0.716000 0.285551
v -0.055511 0.706000 0.275917
v 0.085106 0.706000 0.285551
v 0.082953 0.706000 0.316977
v 0.082953 0.716000 0.316977
v 0.088967 0.716000 0.284061
v 0.085297 0.516000 0.373577
v 0.085297 0.716000 0.373577
v 0.087553 0.516000 0.338649
v -0.064391 0.516000 0.363907
v -0.064391 0.716000 0.363907
v -0.064278 0.516000 0.362161
v -0.064278 0.716000 0.362161
v 0.081668 0.516000 0.371589
v -0.058986 0.526000 0.362503
v -0.056955 0.526000 0.331068
v -0.058986 0.706000 0.362503
v 0.081668 0.526000 0.371589
v 0.083698 0.526000 0.340154
v 0.083698 0.516000 0.340154
v -0.062248 0.516000 0.330726
v -0.062135 0.516000 0.328980
v -0.062248 0.716000 0.330726
v -0.062135 0.716000 0.328980
v 0.083698 0.716000 0.340154
v -0.056955 0.706000 0.331068
v 0.083698 0.706000 0.340154
v 0.081668 0.706000 0.371589
v 0.081668 0.716000 0.371589
v 0.087553 0.716000 0.338649
v 0.086148 0.516000 0.259281
v 0.086148 0.716000 0.259281
v 0.089298 0.516000 0.224423
v -0.063243 0.516000 0.245780
v -0.063243 0.716000 0.245780
v -0.063086 0.516000 0.244037
v -0.063086 0.716000 0.244037
v 0.082571 0.516000 0.257201
v -0.057804 0.526000 0.244514
v -0.054969 0.526000 0.213142
v -0.057804 0.706000 0.244514
v 0.082571 0.526000 0.257201
v 0.085406 0.526000 0.225829
v 0.085406 0.516000 0.225829
v -0.060250 0.516000 0.212665
v -0.060093 0.516000 0.210922
v -0.060250 0.716000 0.212665
v -0.060093 0.716000 0.210922
v 0.085406 0.716000 0.225829
v -0.054969 0.706000 0.213142
v 0.085406 0.706000 0.225829
v 0.082571 0.706000 0.257201
v 0.082571 0.716000 0.257201
v 0.089298 0.716000 0.224423
v 0.102832 0.516000 0.136938
v 0.102832 0.716000 0.136938
v 0.104498 0.516000 0.101977
v -0.046998 0.516000 0.129799
v -0.046998 0.716000 0.129799
v -0.046914 0.516000 0.128051
v -0.046914 0.716000 0.128051
v 0.099170 0.516000 0.135011
v -0.041617 0.526000 0.128303
v -0.040118 0.526000 0.096839
v -0.041617 0.706000 0.128303
v 0.099170 0.526000 0.135011
v 0.100669 0.526000 0.103547
v 0.100669 0.516000 0.103547
v -0.045415 0.516000 0.096587
v -0.045332 0.516000 0.094839
v -0.045415 0.716000 0.096587
v -0.045332 0.716000 0.094839
v 0.100669 0.716000 0.103547
v -0.040118 0.706000 0.096839
v 0.100669 0.706000 0.103547
v 0.099170 0.706000 0.135011
v 0.099170 0.716000 0.135011
v 0.104498 0.716000 0.101977
v 0.102407 0.516000 0.203457
v 0.102407 0.716000 0.203457
v 0.103780 0.516000 0.168484
v -0.047478 0.516000 0.197573
v -0.047478 0.716000 0.197573
v -0.047409 0.516000 0.195824
v -0.047409 0.716000 0.195824
v 0.098728 0.516000 0.201562
v -0.042110 0.526000 0.196032
v -0.040874 0.526000 0.164556
v -0.042110 0.706000 0.196032
v 0.098728 0.526000 0.201562
v 0.099964 0.526000 0.170086
v 0.099964 0.516000 0.170086
v -0.046173 0.516000 0.164348
v -0.046105 0.516000 0.162600
v -0.046173 0.716000 0.164348
v -0.046105 0.716000 0.162600
v 0.099964 0.716000 0.170086
v -0.040874 0.706000 0.164556
v 0.099964 0.706000 0.170086
v 0.098728 0.706000 0.201562
v 0.098728 0.716000 0.201562
v 0.103780 0.716000 0.168484
v 0.115390 0.516000 0.066221
v 0.115390 0.716000 0.066221
v 0.111357 0.516000 0.031454
v -0.033611 0.516000 0.083502
v -0.033611 0.716000 0.083502
v -0.033813 0.516000 0.081764
v -0.033813 0.716000 0.081764
v 0.111463 0.516000 0.064915
v -0.028545 0.526000 0.081153
v -0.032174 0.526000 0.049863
v -0.028545 0.706000 0.081153
v 0.111463 0.526000 0.064915
v 0.107834 0.526000 0.033624
v 0.107834 0.516000 0.033624
v -0.037442 0.516000 0.050474
v -0.037644 0.516000 0.048735
v -0.037442 0.716000 0.050474
v -0.037644 0.716000 0.048735
v 0.107834 0.716000 0.033624
v -0.032174 0.706000 0.049863
v 0.107834 0.706000 0.033624
v 0.111463 0.706000 0.064915
v 0.111463 0.716000 0.064915
v 0.111357 0.716000 0.031454
v 0.108139 0.516000 0.021837
v 0.108139 0.716000 0.021837
v 0.110151 0.516000 -0.013105
v -0.041613 0.516000 0.013213
v -0.041613 0.716000 0.013213
v -0.041512 0.516000 0.011466
v -0.041512 0.716000 0.011466
v 0.104496 0.516000 0.019874
v -0.036218 0.526000 0.011771
v -0.034407 0.526000 -0.019677
v -0.036218 0.706000 0.011771
v 0.104496 0.526000 0.019874
v 0.106307 0.526000 -0.011574
v 0.106307 0.516000 -0.011574
v -0.039701 0.516000 -0.019982
v -0.039601 0.516000 -0.021729
v -0.039701 0.716000 -0.019982
v -0.039601 0.716000 -0.021729
v 0.106307 0.716000 -0.011574
v -0.034407 0.706000 -0.019677
v 0.106307 0.706000 -0.011574
v 0.104496 0.706000 0.019874
v 0.104496 0.716000 0.019874
v 0.110151 0.716000 -0.013105
v 0.109505 0.516000 -0.034673
v 0.109505 0.716000 -0.034673
v 0.109877 0.516000 -0.069671
v -0.040486 0.516000 -0.036266
v -0.040486 0.716000 -0.036266
v -0.040467 0.516000 -0.038016
v -0.040467 0.716000 -0.038016
v 0.105774 0.516000 -0.036463
v -0.035164 0.526000 -0.037960
v -0.034830 0.526000 -0.069458
v -0.035164 0.706000 -0.037960
v 0.105774 0.526000 -0.036463
v 0.106109 0.526000 -0.067961
v 0.106109 0.516000 -0.067961
v -0.040133 0.516000 -0.069514
v -0.040114 0.516000 -0.071264
v -0.040133 0.716000 -0.069514
v -0.040114 0.716000 -0.071264
v 0.106109 0.716000 -0.067961
v -0.034830 0.706000 -0.069458
v 0.106109 0.706000 -0.067961
v 0.105774 0.706000 -0.036463
v 0.105774 0.716000 -0.036463
v 0.109877 0.716000 -0.069671
v 0.091946 0.516000 -0.109674
v 0.091946 0.716000 -0.109674
v 0.086160 0.516000 -0.144192
v -0.055990 0.516000 -0.084876
v -0.055990 0.716000 -0.084876
v -0.056279 0.516000 -0.086602
v -0.056279 0.716000 -0.086602
v 0.087959 0.516000 -0.110780
v -0.051049 0.526000 -0.087479
v -0.056256 0.526000 -0.118545
v -0.051049 0.706000 -0.087479
v 0.087959 0.526000 -0.110780
v 0.082751 0.526000 -0.141846
v 0.082751 0.516000 -0.141846
v -0.061486 0.516000 -0.117669
v -0.061776 0.516000 -0.119395
v -0.061486 0.716000 -0.117669
v -0.061776 0.716000 -0.119395
v 0.082751 0.716000 -0.141846
v -0.056256 0.706000 -0.118545
v 0.082751 0.706000 -0.141846
v 0.087959 0.706000 -0.110780
v 0.087959 0.716000 -0.110780
v 0.086160 0.716000 -0.144192
v 0.095056 0.516000 -0.156729
v 0.095056 0.716000 -0.156729
v 0.091559 0.516000 -0.191554
v -0.054194 0.516000 -0.141742
v -0.054194 0.716000 -0.141742
v -0.054368 0.516000 -0.143484
v -0.054368 0.716000 -0.143484
v 0.091150 0.516000 -0.158095
v -0.049092 0.526000 -0.144013
v -0.052239 0.526000 -0.175356
v -0.049092 0.706000 -0.144013
v 0.091150 0.526000 -0.158095
v 0.088003 0.526000 -0.189438
v 0.088003 0.516000 -0.189438
v -0.057516 0.516000 -0.174826
v -0.057690 0.516000 -0.176567
v -0.057516 0.716000 -0.174826
v -0.057690 0.716000 -0.176567
v 0.088003 0.716000 -0.189438
v -0.052239 0.706000 -0.175356
v 0.088003 0.706000 -0.189438
v 0.091150 0.706000 -0.158095
v 0.091150 0.716000 -0.158095
v 0.091559 0.716000 -0.191554
v 0.086166 0.516000 -0.208791
v 0.086166 0.716000 -0.208791
v 0.082531 0.516000 -0.243601
v -0.063022 0.516000 -0.193210
v -0.063022 0.716000 -0.193210
v -0.063204 0.516000 -0.194950
v -0.063204 0.716000 -0.194950
v 0.082255 0.516000 -0.210142
v -0.057929 0.526000 -0.195501
v -0.061201 0.526000 -0.226831
v -0.057929 0.706000 -0.195501
v 0.082255 0.526000 -0.210142
v 0.078983 0.526000 -0.241471
v 0.078983 0.516000 -0.241471
v -0.066476 0.516000 -0.226280
v -0.066658 0.516000 -0.228020
v -0.066476 0.716000 -0.226280
v -0.066658 0.716000 -0.228020
v 0.078983 0.716000 -0.241471
v -0.061201 0.706000 -0.226831
v 0.078983 0.706000 -0.241471
v 0.082255 0.706000 -0.210142
v 0.082255 0.716000 -0.210142
v 0.082531 0.716000 -0.243601
v 0.111060 0.516000 -0.260573
v 0.111060 0.716000 -0.260573
v 0.111272 0.516000 -0.295572
v -0.038938 0.516000 -0.261485
v -0.038938 0.716000 -0.261485
v -0.038927 0.516000 -0.263235
v -0.038927 0.716000 -0.263235
v 0.107320 0.516000 -0.262346
v -0.033624 0.526000 -0.263203
v -0.033432 0.526000 -0.294702
v -0.033624 0.706000 -0.263203
v 0.107320 0.526000 -0.262346
v 0.107512 0.526000 -0.293845
v 0.107512 0.516000 -0.293845
v -0.038736 0.516000 -0.294734
v -0.038725 0.516000 -0.296484
v -0.038736 0.716000 -0.294734
v -0.038725 0.716000 -0.296484
v 0.107512 0.716000 -0.293845
v -0.033432 0.706000 -0.294702
v 0.107512 0.706000 -0.293845
v 0.107320 0.706000 -0.262346
v 0.107320 0.716000 -0.262346
v 0.111272 0.716000 -0.295572
v 0.137990 0.516000 -0.306697
v 0.137990 0.716000 -0.306697
v 0.141025 0.516000 -0.341565
v -0.011445 0.516000 -0.319705
v -0.011445 0.716000 -0.319705
v -0.011293 0.516000 -0.321449
v -0.011293 0.716000 -0.321449
v 0.134406 0.516000 -0.308765
v -0.006010 0.526000 -0.320989
v -0.003278 0.526000 -0.352370
v -0.006010 0.706000 -0.320989
v 0.134406 0.526000 -0.308765
v 0.137137 0.526000 -0.340147
v 0.137137 0.516000 -0.340147
v -0.008562 0.516000 -0.352830
v -0.008410 0.516000 -0.354574
v -0.008562 0.716000 -0.352830
v -0.008410 0.716000 -0.354574
v 0.137137 0.716000 -0.340147
v -0.003278 0.706000 -0.352370
v 0.137137 0.706000 -0.340147
v 0.134406 0.706000 -0.308765
v 0.134406 0.716000 -0.308765
v 0.141025 0.716000 -0.341565
v 0.110646 0.516000 -0.363818
v 0.110646 0.716000 -0.363818
v 0.110775 0.516000 -0.398818
v -0.039353 0.516000 -0.364369
v -0.039353 0.716000 -0.364369
v -0.039346 0.516000 -0.366119
v -0.039346 0.716000 -0.366119
v 0.106903 0.516000 -0.365582
v -0.034043 0.526000 -0.366100
v -0.033927 0.526000 -0.397600
v -0.034043 0.706000 -0.366100
v 0.106903 0.526000 -0.365582
v 0.107018 0.526000 -0.397082
v 0.107018 0.516000 -0.397082
v -0.039231 0.516000 -0.397619
v -0.039224 0.516000 -0.399369
v -0.039231 0.716000 -0.397619
v -0.039224 0.716000 -0.399369
v 0.107018 0.716000 -0.397082
v -0.033927 0.706000 -0.397600
v 0.107018 0.706000 -0.397082
v 0.106903 0.706000 -0.365582
v 0.106903 0.716000 -0.365582
v 0.110775 0.716000 -0.398818
v 0.076770 0.516000 -0.458699
v 0.076770 0.716000 -0.458699
v 0.074282 0.516000 -0.493610
v -0.072850 0.516000 -0.448035
v -0.072850 0.716000 -0.448035
v -0.072975 0.516000 -0.449780
v -0.072975 0.716000 -0.449780
v 0.072905 0.516000 -0.460178
v -0.067685 0.526000 -0.450157
v -0.069924 0.526000 -0.481577
v -0.067685 0.706000 -0.450157
v 0.072905 0.526000 -0.460178
v 0.070666 0.526000 -0.491598
v 0.070666 0.516000 -0.491598
v -0.075214 0.516000 -0.481200
v -0.075339 0.516000 -0.482946
v -0.075214 0.716000 -0.481200
v -0.075339 0.716000 -0.482946
v 0.070666 0.716000 -0.491598
v -0.069924 0.706000 -0.481577
v 0.070666 0.706000 -0.491598
v 0.072905 0.706000 -0.460178
v 0.072905 0.716000 -0.460178
v 0.074282 0.716000 -0.493610
v 0.105406 0.516000 -0.415139
v 0.105406 0.716000 -0.415139
v 0.105080 0.516000 -0.450138
v -0.044588 0.516000 -0.413742
v -0.044588 0.716000 -0.413742
v -0.044604 0.516000 -0.415492
v -0.044604 0.716000 -0.415492
v 0.101640 0.516000 -0.416855
v -0.039301 0.526000 -0.415541
v -0.039594 0.526000 -0.447040
v -0.039301 0.706000 -0.415541
v 0.101640 0.526000 -0.416855
v 0.101346 0.526000 -0.448353
v 0.101346 0.516000 -0.448353
v -0.044897 0.516000 -0.446990
v -0.044914 0.516000 -0.448740
v -0.044897 0.716000 -0.446990
v -0.044914 0.716000 -0.448740
v 0.101346 0.716000 -0.448353
v -0.039594 0.706000 -0.447040
v 0.101346 0.706000 -0.448353
v 0.101640 0.706000 -0.416855
v 0.101640 0.716000 -0.416855
v 0.105080 0.716000 -0.450138
v 0.098360 0.516000 -0.504155
v 0.098360 0.716000 -0.504155
v 0.097582 0.516000 -0.539146
v -0.051603 0.516000 -0.500823
v -0.051603 0.716000 -0.500823
v -0.051642 0.516000 -0.502573
v -0.051642 0.716000 -0.502573
v 0.094572 0.516000 -0.505821
v -0.046340 0.526000 -0.502690
v -0.047040 0.526000 -0.534183
v -0.046340 0.706000 -0.502690
v 0.094572 0.526000 -0.505821
v 0.093872 0.526000 -0.537313
v 0.093872 0.516000 -0.537313
v -0.052342 0.516000 -0.534065
v -0.052381 0.516000 -0.535815
v -0.052342 0.716000 -0.534065
v -0.052381 0.716000 -0.535815
v 0.093872 0.716000 -0.537313
v -0.047040 0.706000 -0.534183
v 0.093872 0.706000 -0.537313
v 0.094572 0.706000 -0.505821
v 0.094572 0.716000 -0.505821
v 0.097582 0.716000 -0.539146
v 0.073593 0.516000 -0.552588
v 0.073593 0.716000 -0.552588
v 0.071250 0.516000 -0.587509
v -0.076071 0.516000 -0.542546
v -0.076071 0.716000 -0.542546
v -0.076188 0.516000 -0.544292
v -0.076188 0.716000 -0.544292
v 0.069734 0.516000 -0.554083
v -0.070897 0.526000 -0.544647
v -0.073005 0.526000 -0.576077
v -0.070897 0.706000 -0.544647
v 0.069734 0.526000 -0.554083
v 0.067625 0.526000 -0.585512
v 0.067625 0.516000 -0.585512
v -0.078297 0.516000 -0.575722
v -0.078414 0.516000 -0.577468
v -0.078297 0.716000 -0.575722
v -0.078414 0.716000 -0.577468
v 0.067625 0.716000 -0.585512
v -0.073005 0.706000 -0.576077
v 0.067625 0.706000 -0.585512
v 0.069734 0.706000 -0.554083
v 0.069734 0.716000 -0.554083
v 0.071250 0.716000 -0.587509
v 0.038241 0.516000 -0.654824
v 0.038241 0.716000 -0.654824
v 0.034443 0.516000 -0.689618
v -0.110873 0.516000 -0.638547
v -0.110873 0.716000 -0.638547
v -0.111063 0.516000 -0.640287
v -0.111063 0.716000 -0.640287
v 0.034323 0.516000 -0.656157
v -0.105791 0.526000 -0.640862
v -0.109209 0.526000 -0.672176
v -0.105791 0.706000 -0.640862
v 0.034323 0.526000 -0.656157
v 0.030905 0.526000 -0.687471
v 0.030905 0.516000 -0.687471
v -0.114481 0.516000 -0.671601
v -0.114671 0.516000 -0.673340
v -0.114481 0.716000 -0.671601
v -0.114671 0.716000 -0.673340
v 0.030905 0.716000 -0.687471
v -0.109209 0.706000 -0.672176
v 0.030905 0.706000 -0.687471
v 0.034323 0.706000 -0.656157
v 0.034323 0.716000 -0.656157
v 0.034443 0.716000 -0.689618
v 0.026958 0.516000 -0.600812
v 0.026958 0.716000 -0.600812
v 0.022278 0.516000 -0.635498
v -0.121695 0.516000 -0.580753
v -0.121695 0.716000 -0.580753
v -0.121929 0.516000 -0.582488
v -0.121929 0.716000 -0.582488
v 0.023008 0.516000 -0.602045
v -0.116673 0.526000 -0.583197
v -0.120885 0.526000 -0.614414
v -0.116673 0.706000 -0.583197
v 0.023008 0.526000 -0.602045
v 0.018795 0.526000 -0.633262
v 0.018795 0.516000 -0.633262
v -0.126141 0.516000 -0.613705
v -0.126375 0.516000 -0.615439
v -0.126141 0.716000 -0.613705
v -0.126375 0.716000 -0.615439
v 0.018795 0.716000 -0.633262
v -0.120885 0.706000 -0.614414
v 0.018795 0.706000 -0.633262
v 0.023008 0.706000 -0.602045
v 0.023008 0.716000 -0.602045
v 0.022278 0.716000 -0.635498
v 0.003265 1.476000 0.649181
v 0.003265 1.676000 0.649181
v 0.008959 1.476000 0.614647
v -0.144737 1.476000 0.624780
v -0.144737 1.676000 0.624780
v -0.144452 1.476000 0.623053
v -0.144452 1.676000 0.623053
v -0.000150 1.476000 0.646844
v -0.139220 1.486000 0.623916
v -0.134095 1.486000 0.592835
v -0.139220 1.666000 0.623916
v -0.000150 1.486000 0.646844
v 0.004974 1.486000 0.615764
v 0.004974 1.476000 0.615764
v -0.139328 1.476000 0.591973
v -0.139043 1.476000 0.590246
v -0.139328 1.676000 0.591973
v -0.139043 1.676000 0.590246
v 0.004974 1.676000 0.615764
v -0.134095 1.666000 0.592835
v 0.004974 1.666000 0.615764
v -0.000150 1.666000 0.646844
v -0.000150 1.676000 0.646844
v 0.008959 1.676000 0.614647
v 0.176372 1.476000 0.593166
v 0.176372 1.676000 0.593166
v 0.172465 1.476000 0.558385
v 0.027309 1.476000 0.609908
v 0.027309 1.676000 0.609908
v 0.027114 1.476000 0.608169
v 0.027114 1.676000 0.608169
v 0.172450 1.476000 0.591845
v 0.032384 1.486000 0.607577
v 0.028868 1.486000 0.576274
v 0.032384 1.666000 0.607577
v 0.172450 1.486000 0.591845
v 0.168934 1.486000 0.560542
v 0.168934 1.476000 0.560542
v 0.023598 1.476000 0.576866
v 0.023402 1.476000 0.575127
v 0.023598 1.676000 0.576866
v 0.023402 1.676000 0.575127
v 0.168934 1.676000 0.560542
v 0.028868 1.666000 0.576274
v 0.168934 1.666000 0.560542
v 0.172450 1.666000 0.591845
v 0.172450 1.676000 0.591845
v 0.172465 1.676000 0.558385
v 0.037630 1.476000 0.517391
v 0.037630 1.676000 0.517391
v 0.042356 1.476000 0.482712
v -0.110996 1.476000 0.497138
v -0.110996 1.676000 0.497138
v -0.110760 1.476000 0.495404
v -0.110760 1.676000 0.495404
v 0.034151 1.476000 0.515151
v -0.105505 1.486000 0.496120
v -0.101252 1.486000 0.464908
v -0.105505 1.666000 0.496120
v 0.034151 1.486000 0.515151
v 0.038404 1.486000 0.483940
v 0.038404 1.476000 0.483940
v -0.106507 1.476000 0.464192
v -0.106270 1.476000 0.462458
v -0.106507 1.676000 0.464192
v -0.106270 1.676000 0.462458
v 0.038404 1.676000 0.483940
v -0.101252 1.666000 0.464908
v 0.038404 1.666000 0.483940
v 0.034151 1.666000 0.515151
v 0.034151 1.676000 0.515151
v 0.042356 1.676000 0.482712
v 0.084488 1.476000 0.568203
v 0.084488 1.676000 0.568203
v 0.086018 1.476000 0.533237
v -0.065368 1.476000 0.561648
v -0.065368 1.676000 0.561648
v -0.065292 1.476000 0.559900
v -0.065292 1.676000 0.559900
v 0.080818 1.476000 0.566291
v -0.059994 1.486000 0.560132
v -0.058617 1.486000 0.528662
v -0.059994 1.666000 0.560132
v 0.080818 1.486000 0.566291
v 0.082195 1.486000 0.534821
v 0.082195 1.476000 0.534821
v -0.063915 1.476000 0.528430
v -0.063839 1.476000 0.526682
v -0.063915 1.676000 0.528430
v -0.063839 1.676000 0.526682
v 0.082195 1.676000 0.534821
v -0.058617 1.666000 0.528662
v 0.082195 1.666000 0.534821
v 0.080818 1.666000 0.566291
v 0.080818 1.676000 0.566291
v 0.086018 1.676000 0.533237
v 0.139766 1.476000 0.440977
v 0.139766 1.676000 0.440977
v 0.137377 1.476000 0.406059
v -0.009885 1.476000 0.451214
v -0.009885 1.676000 0.451214
v -0.010004 1.476000 0.449468
v -0.010004 1.676000 0.449468
v 0.135905 1.476000 0.439487
v -0.004713 1.486000 0.449106
v -0.006863 1.486000 0.417679
v -0.004713 1.666000 0.449106
v 0.135905 1.486000 0.439487
v 0.133755 1.486000 0.408061
v 0.133755 1.476000 0.408061
v -0.012154 1.476000 0.418041
v -0.012273 1.476000 0.416295
v -0.012154 1.676000 0.418041
v -0.012273 1.676000 0.416295
v 0.133755 1.676000 0.408061
v -0.006863 1.666000 0.417679
v 0.133755 1.666000 0.408061
v 0.135905 1.666000 0.439487
v 0.135905 1.676000 0.439487
v 0.137377 1.676000 0.406059
v 0.074288 1.476000 0.402646
v 0.074288 1.676000 0.402646
v 0.077255 1.476000 0.367772
v -0.075172 1.476000 0.389930
v -0.075172 1.676000 0.389930
v -0.075023 1.476000 0.388187
v -0.075023 1.676000 0.388187
v 0.070700 1.476000 0.400584
v -0.069739 1.486000 0.388636
v -0.067069 1.486000 0.357250
v -0.069739 1.666000 0.388636
v 0.070700 1.486000 0.400584
v 0.073370 1.486000 0.369198
v 0.073370 1.476000 0.369198
v -0.072353 1.476000 0.356800
v -0.072205 1.476000 0.355056
v -0.072353 1.676000 0.356800
v -0.072205 1.676000 0.355056
v 0.073370 1.676000 0.369198
v -0.067069 1.666000 0.357250
v 0.073370 1.666000 0.369198
v 0.070700 1.666000 0.400584
v 0.070700 1.676000 0.400584
v 0.077255 1.676000 0.367772
v 0.093880 1.476000 0.298974
v 0.093880 1.676000 0.298974
v 0.095507 1.476000 0.264012
v -0.055958 1.476000 0.292004
v -0.055958 1.676000 0.292004
v -0.055876 1.476000 0.290256
v -0.055876 1.676000 0.290256
v 0.090216 1.476000 0.297052
v -0.050579 1.486000 0.290503
v -0.049115 1.486000 0.259037
v -0.050579 1.666000 0.290503
v 0.090216 1.486000 0.297052
v 0.091679 1.486000 0.265586
v 0.091679 1.476000 0.265586
v -0.054413 1.476000 0.258790
v -0.054331 1.476000 0.257042
v -0.054413 1.676000 0.258790
v -0.054331 1.676000 0.257042
v 0.091679 1.676000 0.265586
v -0.049115 1.666000 0.259037
v 0.091679 1.666000 0.265586
v 0.090216 1.666000 0.297052
v 0.090216 1.676000 0.297052
v 0.095507 1.676000 0.264012
v 0.102117 1.476000 0.347197
v 0.102117 1.676000 0.347197
v 0.102793 1.476000 0.312203
v -0.047855 1.476000 0.344298
v -0.047855 1.676000 0.344298
v -0.047822 1.476000 0.342548
v -0.047822 1.676000 0.342548
v 0.098401 1.476000 0.345375
v -0.042519 1.486000 0.342651
v -0.041910 1.486000 0.311157
v -0.042519 1.666000 0.342651
v 0.098401 1.486000 0.345375
v 0.099010 1.486000 0.313881
v 0.099010 1.476000 0.313881
v -0.047213 1.476000 0.311054
v -0.047179 1.476000 0.309305
v -0.047213 1.676000 0.311054
v -0.047179 1.676000 0.309305
v 0.099010 1.676000 0.313881
v -0.041910 1.666000 0.311157
v 0.099010 1.666000 0.313881
v 0.098401 1.666000 0.345375
v 0.098401 1.676000 0.345375
v 0.102793 1.676000 0.312203
v 0.100984 1.476000 0.255811
v 0.100984 1.676000 0.255811
v 0.102122 1.476000 0.220830
v -0.048937 1.476000 0.250931
v -0.048937 1.676000 0.250931
v -0.048880 1.476000 0.249182
v -0.048880 1.676000 0.249182
v 0.097293 1.476000 0.253940
v -0.043579 1.486000 0.249355
v -0.042555 1.486000 0.217871
v -0.043579 1.666000 0.249355
v 0.097293 1.486000 0.253940
v 0.098318 1.486000 0.222457
v 0.098318 1.476000 0.222457
v -0.047855 1.476000 0.217699
v -0.047798 1.476000 0.215950
v -0.047855 1.676000 0.217699
v -0.047798 1.676000 0.215950
v 0.098318 1.676000 0.222457
v -0.042555 1.666000 0.217871
v 0.098318 1.666000 0.222457
v 0.097293 1.666000 0.253940
v 0.097293 1.676000 0.253940
v 0.102122 1.676000 0.220830
v 0.113408 1.476000 0.211958
v 0.113408 1.676000 0.211958
v 0.112727 1.476000 0.176965
v -0.036564 1.476000 0.214875
v -0.036564 1.676000 0.214875
v -0.036598 1.476000 0.213125
v -0.036598 1.676000 0.213125
v 0.109624 1.476000 0.210281
v -0.031296 1.486000 0.213022
v -0.031908 1.486000 0.181528
v -0.031296 1.666000 0.213022
v 0.109624 1.486000 0.210281
v 0.109012 1.486000 0.178787
v 0.109012 1.476000 0.178787
v -0.037210 1.476000 0.181631
v -0.037244 1.476000 0.179881
v -0.037210 1.676000 0.181631
v -0.037244 1.676000 0.179881
v 0.109012 1.676000 0.178787
v -0.031908 1.666000 0.181528
v 0.109012 1.666000 0.178787
v 0.109624 1.666000 0.210281
v 0.109624 1.676000 0.210281
v 0.112727 1.676000 0.176965
v 0.093478 1.476000 0.141297
v 0.093478 1.676000 0.141297
v 0.097488 1.476000 0.106527
v -0.055535 1.476000 0.124110
v -0.055535 1.676000 0.124110
v -0.055334 1.476000 0.122372
v -0.055334 1.676000 0.122372
v 0.089953 1.476000 0.139129
v -0.050066 1.486000 0.122979
v -0.046457 1.486000 0.091687
v -0.050066 1.666000 0.122979
v 0.089953 1.486000 0.139129
v 0.093562 1.486000 0.107836
v 0.093562 1.476000 0.107836
v -0.051725 1.476000 0.091079
v -0.051524 1.476000 0.089341
v -0.051725 1.676000 0.091079
v -0.051524 1.676000 0.089341
v 0.093562 1.676000 0.107836
v -0.046457 1.666000 0.091687
v 0.093562 1.666000 0.107836
v 0.089953 1.666000 0.139129
v 0.089953 1.676000 0.139129
v 0.097488 1.676000 0.106527
v 0.084485 1.476000 0.182328
v 0.084485 1.676000 0.182328
v 0.089338 1.476000 0.147666
v -0.064066 1.476000 0.161531
v -0.064066 1.676000 0.161531
v -0.063823 1.476000 0.159798
v -0.063823 1.676000 0.159798
v 0.081014 1.476000 0.180075
v -0.058571 1.486000 0.160533
v -0.054204 1.486000 0.129337
v -0.058571 1.666000 0.160533
v 0.081014 1.486000 0.180075
v 0.085381 1.486000 0.148879
v 0.085381 1.476000 0.148879
v -0.059456 1.476000 0.128602
v -0.059213 1.476000 0.126869
v -0.059456 1.676000 0.128602
v -0.059213 1.676000 0.126869
v 0.085381 1.676000 0.148879
v -0.054204 1.666000 0.129337
v 0.085381 1.666000 0.148879
v 0.081014 1.666000 0.180075
v 0.081014 1.676000 0.180075
v 0.089338 1.676000 0.147666
v 0.110001 1.476000 0.096927
v 0.110001 1.676000 0.096927
v 0.109738 1.476000 0.061928
v -0.039995 1.476000 0.098054
v -0.039995 1.676000 0.098054
v -0.040008 1.476000 0.096304
v -0.040008 1.676000 0.096304
v 0.106238 1.476000 0.095205
v -0.034705 1.486000 0.096264
v -0.034941 1.486000 0.064765
v -0.034705 1.666000 0.096264
v 0.106238 1.486000 0.095205
v 0.106002 1.486000 0.063706
v 0.106002 1.476000 0.063706
v -0.040244 1.476000 0.064805
v -0.040258 1.476000 0.063055
v -0.040244 1.676000 0.064805
v -0.040258 1.676000 0.063055
v 0.106002 1.676000 0.063706
v -0.034941 1.666000 0.064765
v 0.106002 1.666000 0.063706
v 0.106238 1.666000 0.095205
v 0.106238 1.676000 0.095205
v 0.109738 1.676000 0.061928
v 0.111849 1.476000 0.053926
v 0.111849 1.676000 0.053926
v 0.110230 1.476000 0.018964
v -0.037991 1.476000 0.060864
v -0.037991 1.676000 0.060864
v -0.038072 1.476000 0.059116
v -0.038072 1.676000 0.059116
v 0.108022 1.476000 0.052352
v -0.032774 1.486000 0.058870
v -0.034231 1.486000 0.027404
v -0.032774 1.666000 0.058870
v 0.108022 1.486000 0.052352
v 0.106565 1.486000 0.020886
v 0.106565 1.476000 0.020886
v -0.039528 1.476000 0.027649
v -0.039609 1.476000 0.025901
v -0.039528 1.676000 0.027649
v -0.039609 1.676000 0.025901
v 0.106565 1.676000 0.020886
v -0.034231 1.666000 0.027404
v 0.106565 1.666000 0.020886
v 0.108022 1.666000 0.052352
v 0.108022 1.676000 0.052352
v 0.110230 1.676000 0.018964
v 0.110986 1.476000 0.006540
v 0.110986 1.676000 0.006540
v 0.106017 1.476000 -0.028105
v -0.037494 1.476000 0.027839
v -0.037494 1.676000 0.027839
v -0.037742 1.476000 0.026106
v -0.037742 1.676000 0.026106
v 0.107026 1.476000 0.005341
v -0.032493 1.486000 0.025353
v -0.036966 1.486000 -0.005827
v -0.032493 1.666000 0.025353
v 0.107026 1.486000 0.005341
v 0.102553 1.486000 -0.025840
v 0.102553 1.476000 -0.025840
v -0.042215 1.476000 -0.005074
v -0.042464 1.476000 -0.006807
v -0.042215 1.676000 -0.005074
v -0.042464 1.676000 -0.006807
v 0.102553 1.676000 -0.025840
v -0.036966 1.666000 -0.005827
v 0.102553 1.666000 -0.025840
v 0.107026 1.666000 0.005341
v 0.107026 1.676000 0.005341
v 0.106017 1.676000 -0.028105
v 0.112495 1.476000 -0.058362
v 0.112495 1.676000 -0.058362
v 0.114362 1.476000 -0.093312
v -0.037291 1.476000 -0.066360
v -0.037291 1.676000 -0.066360
v -0.037198 1.476000 -0.068108
v -0.037198 1.676000 -0.068108
v 0.108844 1.476000 -0.060310
v -0.031902 1.486000 -0.067825
v -0.030223 1.486000 -0.099280
v -0.031902 1.666000 -0.067825
v 0.108844 1.486000 -0.060310
v 0.110524 1.486000 -0.091765
v 0.110524 1.476000 -0.091765
v -0.035518 1.476000 -0.099563
v -0.035425 1.476000 -0.101310
v -0.035518 1.676000 -0.099563
v -0.035425 1.676000 -0.101310
v 0.110524 1.676000 -0.091765
v -0.030223 1.666000 -0.099280
v 0.110524 1.666000 -0.091765
v 0.108844 1.666000 -0.060310
v 0.108844 1.676000 -0.060310
v 0.114362 1.676000 -0.093312
v 0.109234 1.476000 -0.022625
v 0.109234 1.676000 -0.022625
v 0.109176 1.476000 -0.057625
v -0.040766 1.476000 -0.022378
v -0.040766 1.676000 -0.022378
v -0.040769 1.476000 -0.024128
v -0.040769 1.676000 -0.024128
v 0.105481 1.476000 -0.024369
v -0.035466 1.486000 -0.024137
v -0.035517 1.486000 -0.055637
v -0.035466 1.666000 -0.024137
v 0.105481 1.486000 -0.024369
v 0.105429 1.486000 -0.055868
v 0.105429 1.476000 -0.055868
v -0.040821 1.476000 -0.055628
v -0.040823 1.476000 -0.057378
v -0.040821 1.676000 -0.055628
v -0.040823 1.676000 -0.057378
v 0.105429 1.676000 -0.055868
v -0.035517 1.666000 -0.055637
v 0.105429 1.666000 -0.055868
v 0.105481 1.666000 -0.024369
v 0.105481 1.676000 -0.024369
v 0.109176 1.676000 -0.057625
v 0.115634 1.476000 -0.108107
v 0.115634 1.676000 -0.108107
v 0.117264 1.476000 -0.143069
v -0.034203 1.476000 -0.115090
v -0.034203 1.676000 -0.115090
v -0.034121 1.476000 -0.116838
v -0.034121 1.676000 -0.116838
v 0.111970 1.476000 -0.110030
v -0.028824 1.486000 -0.116591
v -0.027358 1.486000 -0.148057
v -0.028824 1.666000 -0.116591
v 0.111970 1.486000 -0.110030
v 0.113436 1.486000 -0.141496
v 0.113436 1.476000 -0.141496
v -0.032655 1.476000 -0.148304
v -0.032574 1.476000 -0.150052
v -0.032655 1.676000 -0.148304
v -0.032574 1.676000 -0.150052
v 0.113436 1.676000 -0.141496
v -0.027358 1.666000 -0.148057
v 0.113436 1.666000 -0.141496
v 0.111970 1.666000 -0.110030
v 0.111970 1.676000 -0.110030
v 0.117264 1.676000 -0.143069
v 0.105707 1.476000 -0.160769
v 0.105707 1.676000 -0.160769
v 0.105011 1.476000 -0.195762
v -0.044263 1.476000 -0.157786
v -0.044263 1.676000 -0.157786
v -0.044298 1.476000 -0.159536
v -0.044298 1.676000 -0.159536
v 0.101923 1.476000 -0.162444
v -0.038996 1.486000 -0.159642
v -0.039622 1.486000 -0.191135
v -0.038996 1.666000 -0.159642
v 0.101923 1.486000 -0.162444
v 0.101297 1.486000 -0.193938
v 0.101297 1.476000 -0.193938
v -0.044924 1.476000 -0.191030
v -0.044959 1.476000 -0.192780
v -0.044924 1.676000 -0.191030
v -0.044959 1.676000 -0.192780
v 0.101297 1.676000 -0.193938
v -0.039622 1.666000 -0.191135
v 0.101297 1.666000 -0.193938
v 0.101923 1.666000 -0.162444
v 0.101923 1.676000 -0.162444
v 0.105011 1.676000 -0.195762
v 0.076944 1.476000 -0.265846
v 0.076944 1.676000 -0.265846
v 0.072645 1.476000 -0.300581
v -0.071920 1.476000 -0.247419
v -0.071920 1.676000 -0.247419
v -0.072135 1.476000 -0.249156
v -0.072135 1.676000 -0.249156
v 0.073008 1.476000 -0.267122
v -0.066872 1.486000 -0.249808
v -0.070741 1.486000 -0.281069
v -0.066872 1.666000 -0.249808
v 0.073008 1.486000 -0.267122
v 0.069138 1.486000 -0.298383
v 0.069138 1.476000 -0.298383
v -0.076004 1.476000 -0.280418
v -0.076219 1.476000 -0.282154
v -0.076004 1.676000 -0.280418
v -0.076219 1.676000 -0.282154
v 0.069138 1.676000 -0.298383
v -0.070741 1.666000 -0.281069
v 0.069138 1.666000 -0.298383
v 0.073008 1.666000 -0.267122
v 0.073008 1.676000 -0.267122
v 0.072645 1.676000 -0.300581
v 0.078640 1.476000 -0.215492
v 0.078640 1.676000 -0.215492
v 0.075047 1.476000 -0.250307
v -0.070567 1.476000 -0.200093
v -0.070567 1.676000 -0.200093
v -0.070747 1.476000 -0.201833
v -0.070747 1.676000 -0.201833
v 0.074730 1.476000 -0.216848
v -0.065472 1.486000 -0.202378
v -0.068706 1.486000 -0.233711
v -0.065472 1.666000 -0.202378
v 0.074730 1.486000 -0.216848
v 0.071496 1.486000 -0.248182
v 0.071496 1.476000 -0.248182
v -0.073981 1.476000 -0.233167
v -0.074161 1.476000 -0.234908
v -0.073981 1.676000 -0.233167
v -0.074161 1.676000 -0.234908
v 0.071496 1.676000 -0.248182
v -0.068706 1.666000 -0.233711
v 0.071496 1.666000 -0.248182
v 0.074730 1.666000 -0.216848
v 0.074730 1.676000 -0.216848
v 0.075047 1.676000 -0.250307
v 0.108045 1.476000 -0.316765
v 0.108045 1.676000 -0.316765
v 0.107917 1.476000 -0.351765
v -0.041954 1.476000 -0.316216
v -0.041954 1.676000 -0.316216
v -0.041960 1.476000 -0.317966
v -0.041960 1.676000 -0.317966
v 0.104289 1.476000 -0.318501
v -0.036657 1.486000 -0.317985
v -0.036772 1.486000 -0.349485
v -0.036657 1.666000 -0.317985
v 0.104289 1.486000 -0.318501
v 0.104173 1.486000 -0.350001
v 0.104173 1.476000 -0.350001
v -0.042076 1.476000 -0.349465
v -0.042082 1.476000 -0.351215
v -0.042076 1.676000 -0.349465
v -0.042082 1.676000 -0.351215
v 0.104173 1.676000 -0.350001
v -0.036772 1.666000 -0.349485
v 0.104173 1.666000 -0.350001
v 0.104289 1.666000 -0.318501
v 0.104289 1.676000 -0.318501
v 0.107917 1.676000 -0.351765
v 0.066705 1.476000 -0.367915
v 0.066705 1.676000 -0.367915
v 0.062771 1.476000 -0.402693
v -0.082345 1.476000 -0.351056
v -0.082345 1.676000 -0.351056
v -0.082541 1.476000 -0.352795
v -0.082541 1.676000 -0.352795
v 0.062782 1.476000 -0.369232
v -0.077272 1.486000 -0.353391
v -0.080812 1.486000 -0.384691
v -0.077272 1.666000 -0.353391
v 0.062782 1.486000 -0.369232
v 0.059242 1.486000 -0.400533
v 0.059242 1.476000 -0.400533
v -0.086082 1.476000 -0.384095
v -0.086278 1.476000 -0.385834
v -0.086082 1.676000 -0.384095
v -0.086278 1.676000 -0.385834
v 0.059242 1.676000 -0.400533
v -0.080812 1.666000 -0.384691
v 0.059242 1.666000 -0.400533
v 0.062782 1.666000 -0.369232
v 0.062782 1.676000 -0.369232
v 0.062771 1.676000 -0.402693
v 0.080117 1.476000 -0.458369
v 0.080117 1.676000 -0.458369
v 0.077884 1.476000 -0.493298
v -0.069577 1.476000 -0.448798
v -0.069577 1.676000 -0.448798
v -0.069689 1.476000 -0.450544
v -0.069689 1.676000 -0.450544
v 0.076263 1.476000 -0.459876
v -0.064396 1.486000 -0.450883
v -0.066406 1.486000 -0.482318
v -0.064396 1.666000 -0.450883
v 0.076263 1.486000 -0.459876
v 0.074253 1.486000 -0.491312
v 0.074253 1.476000 -0.491312
v -0.071699 1.476000 -0.481980
v -0.071810 1.476000 -0.483726
v -0.071699 1.676000 -0.481980
v -0.071810 1.676000 -0.483726
v 0.074253 1.676000 -0.491312
v -0.066406 1.666000 -0.482318
v 0.074253 1.666000 -0.491312
v 0.076263 1.666000 -0.459876
v 0.076263 1.676000 -0.459876
v 0.077884 1.676000 -0.493298
v 0.042105 1.476000 -0.421258
v 0.042105 1.676000 -0.421258
v 0.036515 1.476000 -0.455809
v -0.105970 1.476000 -0.397302
v -0.105970 1.676000 -0.397302
v -0.106249 1.476000 -0.399029
v -0.106249 1.676000 -0.399029
v 0.038123 1.476000 -0.422387
v -0.101014 1.486000 -0.399876
v -0.106045 1.486000 -0.430972
v -0.101014 1.666000 -0.399876
v 0.038123 1.486000 -0.422387
v 0.033093 1.486000 -0.453482
v 0.033093 1.476000 -0.453482
v -0.111280 1.476000 -0.430125
v -0.111560 1.476000 -0.431852
v -0.111280 1.676000 -0.430125
v -0.111560 1.676000 -0.431852
v 0.033093 1.676000 -0.453482
v -0.106045 1.666000 -0.430972
v 0.033093 1.666000 -0.453482
v 0.038123 1.666000 -0.422387
v 0.038123 1.676000 -0.422387
v 0.036515 1.676000 -0.455809
v 0.073969 1.476000 -0.494603
v 0.073969 1.676000 -0.494603
v 0.071464 1.476000 -0.529513
v -0.075646 1.476000 -0.483865
v -0.075646 1.676000 -0.483865
v -0.075771 1.476000 -0.485610
v -0.075771 1.676000 -0.485610
v 0.070104 1.476000 -0.496080
v -0.070482 1.486000 -0.485990
v -0.072736 1.486000 -0.517409
v -0.070482 1.666000 -0.485990
v 0.070104 1.486000 -0.496080
v 0.067849 1.486000 -0.527499
v 0.067849 1.476000 -0.527499
v -0.078026 1.476000 -0.517030
v -0.078151 1.476000 -0.518775
v -0.078026 1.676000 -0.517030
v -0.078151 1.676000 -0.518775
v 0.067849 1.676000 -0.527499
v -0.072736 1.666000 -0.517409
v 0.067849 1.666000 -0.527499
v 0.070104 1.666000 -0.496080
v 0.070104 1.676000 -0.496080
v 0.071464 1.676000 -0.529513
v 0.108190 1.476000 -0.530578
v 0.108190 1.676000 -0.530578
v 0.108119 1.476000 -0.565578
v -0.041809 1.476000 -0.530273
v -0.041809 1.676000 -0.530273
v -0.041813 1.476000 -0.532023
v -0.041813 1.676000 -0.532023
v 0.104437 1.476000 -0.532321
v -0.036510 1.486000 -0.532034
v -0.036574 1.486000 -0.563534
v -0.036510 1.666000 -0.532034
v 0.104437 1.486000 -0.532321
v 0.104373 1.486000 -0.563821
v 0.104373 1.476000 -0.563821
v -0.041877 1.476000 -0.563523
v -0.041881 1.476000 -0.565273
v -0.041877 1.676000 -0.563523
v -0.041881 1.676000 -0.565273
v 0.104373 1.676000 -0.563821
v -0.036574 1.666000 -0.563534
v 0.104373 1.666000 -0.563821
v 0.104437 1.666000 -0.532321
v 0.104437 1.676000 -0.532321
v 0.108119 1.676000 -0.565578
v 0.151708 1.476000 -0.563151
v 0.151708 1.676000 -0.563151
v 0.154324 1.476000 -0.598053
v 0.002127 1.476000 -0.574366
v 0.002127 1.676000 -0.574366
v 0.002258 1.476000 -0.576111
v 0.002258 1.676000 -0.576111
v 0.148099 1.476000 -0.565176
v 0.007547 1.486000 -0.575714
v 0.009902 1.486000 -0.607126
v 0.007547 1.666000 -0.575714
v 0.148099 1.486000 -0.565176
v 0.150454 1.486000 -0.596588
v 0.150454 1.476000 -0.596588
v 0.004613 1.476000 -0.607523
v 0.004744 1.476000 -0.609268
v 0.004613 1.676000 -0.607523
v 0.004744 1.676000 -0.609268
v 0.150454 1.676000 -0.596588
v 0.009902 1.666000 -0.607126
v 0.150454 1.666000 -0.596588
v 0.148099 1.666000 -0.565176
v 0.148099 1.676000 -0.565176
v 0.154324 1.676000 -0.598053
v 0.023146 1.476000 -0.654763
v 0.023146 1.676000 -0.654763
v 0.018547 1.476000 -0.689460
v -0.125554 1.476000 -0.635053
v -0.125554 1.676000 -0.635053
v -0.125784 1.476000 -0.636788
v -0.125784 1.676000 -0.636788
v 0.019198 1.476000 -0.656006
v -0.120526 1.486000 -0.637485
v -0.124665 1.486000 -0.668712
v -0.120526 1.666000 -0.637485
v 0.019198 1.486000 -0.656006
v 0.015059 1.486000 -0.687232
v 0.015059 1.476000 -0.687232
v -0.129923 1.476000 -0.668015
v -0.130153 1.476000 -0.669750
v -0.129923 1.676000 -0.668015
v -0.130153 1.676000 -0.669750
v 0.015059 1.676000 -0.687232
v -0.124665 1.666000 -0.668712
v 0.015059 1.666000 -0.687232
v 0.019198 1.666000 -0.656006
v 0.019198 1.676000 -0.656006
v 0.018547 1.676000 -0.689460
v 0.074848 1.476000 -0.613728
v 0.074848 1.676000 -0.613728
v 0.072881 1.476000 -0.648672
v -0.074915 1.476000 -0.605298
v -0.074915 1.676000 -0.605298
v -0.075014 1.476000 -0.607046
v -0.075014 1.676000 -0.607046
v 0.071005 1.476000 -0.615264
v -0.069719 1.486000 -0.607344
v -0.071489 1.486000 -0.638794
v -0.069719 1.666000 -0.607344
v 0.071005 1.486000 -0.615264
v 0.069235 1.486000 -0.646714
v 0.069235 1.476000 -0.646714
v -0.076784 1.476000 -0.638496
v -0.076882 1.476000 -0.640243
v -0.076784 1.676000 -0.638496
v -0.076882 1.676000 -0.640243
v 0.069235 1.676000 -0.646714
v -0.071489 1.666000 -0.638794
v 0.069235 1.666000 -0.646714
v 0.071005 1.666000 -0.615264
v 0.071005 1.676000 -0.615264
v 0.072881 1.676000 -0.648672
v 0.108770 1.956000 0.709713
v 0.108770 2.156000 0.709713
v 0.108503 1.956000 0.674714
v -0.041225 1.956000 0.710859
v -0.041225 2.156000 0.710859
v -0.041239 1.956000 0.709109
v -0.041239 2.156000 0.709109
v 0.105007 1.956000 0.707992
v -0.035936 1.966000 0.709068
v -0.036176 1.966000 0.677569
v -0.035936 2.146000 0.709068
v 0.105007 1.966000 0.707992
v 0.104766 1.966000 0.676492
v 0.104766 1.956000 0.676492
v -0.041479 1.956000 0.677610
v -0.041493 1.956000 0.675860
v -0.041479 2.156000 0.677610
v -0.041493 2.156000 0.675860
v 0.104766 2.156000 0.676492
v -0.036176 2.146000 0.677569
v 0.104766 2.146000 0.676492
v 0.105007 2.146000 0.707992
v 0.105007 2.156000 0.707992
v 0.108503 2.156000 0.674714
v 0.109602 1.956000 0.628930
v 0.109602 2.156000 0.628930
v 0.111807 1.956000 0.593999
v -0.040100 1.956000 0.619479
v -0.040100 2.156000 0.619479
v -0.039990 1.956000 0.617733
v -0.039990 2.156000 0.617733
v 0.105970 1.956000 0.626947
v -0.034697 1.966000 0.618067
v -0.032712 1.966000 0.586629
v -0.034697 2.146000 0.618067
v 0.105970 1.966000 0.626947
v 0.107954 1.966000 0.595510
v 0.107954 1.956000 0.595510
v -0.038005 1.956000 0.586295
v -0.037895 1.956000 0.584549
v -0.038005 2.156000 0.586295
v -0.037895 2.156000 0.584549
v 0.107954 2.156000 0.595510
v -0.032712 2.146000 0.586629
v 0.107954 2.146000 0.595510
v 0.105970 2.146000 0.626947
v 0.105970 2.156000 0.626947
v 0.111807 2.156000 0.593999
v 0.110569 1.956000 0.593395
v 0.110569 2.156000 0.593395
v 0.111856 1.956000 0.558418
v -0.039329 1.956000 0.587880
v -0.039329 2.156000 0.587880
v -0.039265 1.956000 0.586131
v -0.039265 2.156000 0.586131
v 0.106886 1.956000 0.591508
v -0.033965 1.966000 0.586326
v -0.032807 1.966000 0.554847
v -0.033965 2.146000 0.586326
v 0.106886 1.966000 0.591508
v 0.108044 1.966000 0.560029
v 0.108044 1.956000 0.560029
v -0.038107 1.956000 0.554652
v -0.038043 1.956000 0.552904
v -0.038107 2.156000 0.554652
v -0.038043 2.156000 0.552904
v 0.108044 2.156000 0.560029
v -0.032807 2.146000 0.554847
v 0.108044 2.146000 0.560029
v 0.106886 2.146000 0.591508
v 0.106886 2.156000 0.591508
v 0.111856 2.156000 0.558418
v 0.111875 1.956000 0.553292
v 0.111875 2.156000 0.553292
v 0.113104 1.956000 0.518313
v -0.038032 1.956000 0.548025
v -0.038032 2.156000 0.548025
v -0.037971 1.956000 0.546276
v -0.037971 2.156000 0.546276
v 0.108189 1.956000 0.551411
v -0.032671 1.966000 0.546462
v -0.031565 1.966000 0.514982
v -0.032671 2.146000 0.546462
v 0.108189 1.966000 0.551411
v 0.109295 1.966000 0.519930
v 0.109295 1.956000 0.519930
v -0.036865 1.956000 0.514795
v -0.036804 1.956000 0.513047
v -0.036865 2.156000 0.514795
v -0.036804 2.156000 0.513047
v 0.109295 2.156000 0.519930
v -0.031565 2.146000 0.514982
v 0.109295 2.146000 0.519930
v 0.108189 2.146000 0.551411
v 0.108189 2.156000 0.551411
v 0.113104 2.156000 0.518313
v -0.036624 1.955999 0.473544
v -0.036624 2.155999 0.473544
v -0.037614 1.955999 0.508530
v 0.113316 1.955999 0.477788
v 0.113316 2.155999 0.477788
v 0.113266 1.955999 0.479537
v 0.113266 2.155999 0.479537
v -0.032925 1.955999 0.475400
v 0.107965 1.965999 0.479387
v 0.107074 1.965999 0.510874
v 0.107965 2.145999 0.479387
v -0.032925 1.965999 0.475400
v -0.033816 1.965999 0.506887
v -0.033816 1.955999 0.506887
v 0.112375 1.955999 0.511024
v 0.112326 1.955999 0.512774
v 0.112375 2.155999 0.511024
v 0.112326 2.155999 0.512774
v -0.033816 2.155999 0.506887
v 0.107074 2.145999 0.510874
v -0.033816 2.145999 0.506887
v -0.032925 2.145999 0.475400
v -0.032925 2.155999 0.475400
v -0.037614 2.155999 0.508530
v 0.122854 1.955999 0.477360
v 0.122854 2.155999 0.477360
v 0.125765 1.955999 0.442481
v -0.026626 1.955999 0.464883
v -0.026626 2.155999 0.464883
v -0.026480 1.955999 0.463139
v -0.026480 2.155999 0.463139
v 0.119263 1.955999 0.475304
v -0.021196 1.965999 0.463580
v -0.018575 1.965999 0.432189
v -0.021196 2.145999 0.463580
v 0.119263 1.965999 0.475304
v 0.121883 1.965999 0.443913
v 0.121883 1.955999 0.443913
v -0.023860 1.955999 0.431748
v -0.023715 1.955999 0.430004
v -0.023860 2.155999 0.431748
v -0.023715 2.155999 0.430004
v 0.121883 2.155999 0.443913
v -0.018575 2.145999 0.432189
v 0.121883 2.145999 0.443913
v 0.119263 2.145999 0.475304
v 0.119263 2.155999 0.475304
v 0.125765 2.155999 0.442481
v 0.122733 1.956000 0.391997
v 0.122733 2.156000 0.391997
v 0.124681 1.956000 0.357051
v -0.027035 1.956000 0.383647
v -0.027035 2.156000 0.383647
v -0.026937 1.956000 0.381900
v -0.026937 2.156000 0.381900
v 0.119086 1.956000 0.390041
v -0.021642 1.966000 0.382195
v -0.019889 1.966000 0.350744
v -0.021642 2.146000 0.382195
v 0.119086 1.966000 0.390041
v 0.120839 1.966000 0.358589
v 0.120839 1.956000 0.358589
v -0.025184 1.956000 0.350449
v -0.025087 1.956000 0.348702
v -0.025184 2.156000 0.350449
v -0.025087 2.156000 0.348702
v 0.120839 2.156000 0.358589
v -0.019889 2.146000 0.350744
v 0.120839 2.146000 0.358589
v 0.119086 2.146000 0.390041
v 0.119086 2.156000 0.390041
v 0.124681 2.156000 0.357051
v 0.097631 1.956000 0.424067
v 0.097631 2.156000 0.424067
v 0.095948 1.956000 0.389107
v -0.052196 1.956000 0.431279
v -0.052196 2.156000 0.431279
v -0.052280 1.956000 0.429531
v -0.052280 2.156000 0.429531
v 0.093801 1.956000 0.422499
v -0.046983 1.966000 0.429276
v -0.048498 1.966000 0.397813
v -0.046983 2.146000 0.429276
v 0.093801 1.966000 0.422499
v 0.092286 1.966000 0.391036
v 0.092286 1.956000 0.391036
v -0.053795 1.956000 0.398068
v -0.053879 1.956000 0.396320
v -0.053795 2.156000 0.398068
v -0.053879 2.156000 0.396320
v 0.092286 2.156000 0.391036
v -0.048498 2.146000 0.397813
v 0.092286 2.146000 0.391036
v 0.093801 2.146000 0.422499
v 0.093801 2.156000 0.422499
v 0.095948 2.156000 0.389107
v 0.102502 1.956000 0.346023
v 0.102502 2.156000 0.346023
v 0.101825 1.956000 0.311030
v -0.047470 1.956000 0.348925
v -0.047470 2.156000 0.348925
v -0.047504 1.956000 0.347175
v -0.047504 2.156000 0.347175
v 0.098718 1.956000 0.344346
v -0.042202 1.966000 0.347072
v -0.042811 1.966000 0.315578
v -0.042202 2.146000 0.347072
v 0.098718 1.966000 0.344346
v 0.098109 1.966000 0.312852
v 0.098109 1.956000 0.312852
v -0.048113 1.956000 0.315681
v -0.048147 1.956000 0.313931
v -0.048113 2.156000 0.315681
v -0.048147 2.156000 0.313931
v 0.098109 2.156000 0.312852
v -0.042811 2.146000 0.315578
v 0.098109 2.146000 0.312852
v 0.098718 2.146000 0.344346
v 0.098718 2.156000 0.344346
v 0.101825 2.156000 0.311030
v 0.129045 1.956000 0.312958
v 0.129045 2.156000 0.312958
v 0.131189 1.956000 0.278024
v -0.020673 1.956000 0.303771
v -0.020673 2.156000 0.303771
v -0.020566 1.956000 0.302025
v -0.020566 2.156000 0.302025
v 0.125409 1.956000 0.310982
v -0.015273 1.966000 0.302349
v -0.013343 1.966000 0.270908
v -0.015273 2.146000 0.302349
v 0.125409 1.966000 0.310982
v 0.127339 1.966000 0.279541
v 0.127339 1.956000 0.279541
v -0.018637 1.956000 0.270584
v -0.018530 1.956000 0.268837
v -0.018637 2.156000 0.270584
v -0.018530 2.156000 0.268837
v 0.127339 2.156000 0.279541
v -0.013343 2.146000 0.270908
v 0.127339 2.146000 0.279541
v 0.125409 2.146000 0.310982
v 0.125409 2.156000 0.310982
v 0.131189 2.156000 0.278024
v 0.102084 1.952596 0.225753
v 0.102084 2.148161 0.267640
v 0.101510 1.959925 0.191534
v -0.047896 1.952081 0.228159
v -0.047896 2.147645 0.270045
v -0.047924 1.952447 0.226448
v -0.047924 2.148012 0.268335
v 0.098306 1.952950 0.224102
v -0.042622 1.962244 0.228457
v -0.043138 1.968840 0.197660
v -0.042622 2.138252 0.266155
v 0.098306 1.962728 0.226197
v 0.097789 1.969324 0.195400
v 0.097789 1.959546 0.193305
v -0.048441 1.959044 0.195650
v -0.048470 1.959410 0.193939
v -0.048441 2.154608 0.237537
v -0.048470 2.154975 0.235826
v 0.097789 2.155111 0.235192
v -0.043138 2.144848 0.235358
v 0.097789 2.145332 0.233098
v 0.098306 2.138736 0.263895
v 0.098306 2.148514 0.265989
v 0.101510 2.155490 0.233421
v 0.150038 1.956000 -0.481410
v 0.150038 2.156000 -0.481410
v 0.151315 1.956000 -0.516387
v 0.000138 1.956000 -0.486879
v 0.000138 2.156000 -0.486879
v 0.000202 1.956000 -0.488628
v 0.000202 2.156000 -0.488628
v 0.146355 1.956000 -0.483295
v 0.005502 1.966000 -0.488435
v 0.006650 1.966000 -0.519914
v 0.005502 2.146000 -0.488435
v 0.146355 1.966000 -0.483295
v 0.147503 1.966000 -0.514774
v 0.147503 1.956000 -0.514774
v 0.001351 1.956000 -0.520107
v 0.001414 1.956000 -0.521856
v 0.001351 2.156000 -0.520107
v 0.001414 2.156000 -0.521856
v 0.147503 2.156000 -0.514774
v 0.006650 2.146000 -0.519914
v 0.147503 2.146000 -0.514774
v 0.146355 2.146000 -0.483295
v 0.146355 2.156000 -0.483295
v 0.151315 2.156000 -0.516387
v 0.187315 1.956000 -0.436693
v 0.187315 2.156000 -0.436693
v 0.189823 1.956000 -0.471603
v 0.037701 1.956000 -0.447440
v 0.037701 2.156000 -0.447440
v 0.037826 1.956000 -0.449185
v 0.037826 2.156000 -0.449185
v 0.183700 1.956000 -0.438707
v 0.043116 1.966000 -0.448805
v 0.045373 1.966000 -0.480224
v 0.043116 2.146000 -0.448805
v 0.183700 1.966000 -0.438707
v 0.185957 1.966000 -0.470126
v 0.185957 1.956000 -0.470126
v 0.040083 1.956000 -0.480604
v 0.040208 1.956000 -0.482350
v 0.040083 2.156000 -0.480604
v 0.040208 2.156000 -0.482350
v 0.185957 2.156000 -0.470126
v 0.045373 2.146000 -0.480224
v 0.185957 2.146000 -0.470126
v 0.183700 2.146000 -0.438707
v 0.183700 2.156000 -0.438707
v 0.189823 2.156000 -0.471603
v 0.054573 1.956000 -0.527087
v 0.054573 2.156000 -0.527087
v 0.052988 1.956000 -0.562051
v -0.095273 1.956000 -0.520292
v -0.095273 2.156000 -0.520292
v -0.095352 1.956000 -0.522040
v -0.095352 2.156000 -0.522040
v 0.050748 1.956000 -0.528665
v -0.090054 1.966000 -0.522281
v -0.091481 1.966000 -0.553748
v -0.090054 2.146000 -0.522281
v 0.050748 1.966000 -0.528665
v 0.049321 1.966000 -0.560133
v 0.049321 1.956000 -0.560133
v -0.096779 1.956000 -0.553508
v -0.096858 1.956000 -0.555256
v -0.096779 2.156000 -0.553508
v -0.096858 2.156000 -0.555256
v 0.049321 2.156000 -0.560133
v -0.091481 2.146000 -0.553748
v 0.049321 2.146000 -0.560133
v 0.050748 2.146000 -0.528665
v 0.050748 2.156000 -0.528665
v 0.052988 2.156000 -0.562051
v 0.076313 1.956000 -0.566140
v 0.076313 2.156000 -0.566140
v 0.075399 1.956000 -0.601128
v -0.073636 1.956000 -0.562221
v -0.073636 2.156000 -0.562221
v -0.073681 1.956000 -0.563971
v -0.073681 2.156000 -0.563971
v 0.072519 1.956000 -0.567791
v -0.068380 1.966000 -0.564109
v -0.069203 1.966000 -0.595598
v -0.068380 2.146000 -0.564109
v 0.072519 1.966000 -0.567791
v 0.071696 1.966000 -0.599280
v 0.071696 1.956000 -0.599280
v -0.074504 1.956000 -0.595460
v -0.074550 1.956000 -0.597209
v -0.074504 2.156000 -0.595460
v -0.074550 2.156000 -0.597209
v 0.071696 2.156000 -0.599280
v -0.069203 2.146000 -0.595598
v 0.071696 2.146000 -0.599280
v 0.072519 2.146000 -0.567791
v 0.072519 2.156000 -0.567791
v 0.075399 2.156000 -0.601128
v 0.042564 1.956000 -0.606786
v 0.042564 2.156000 -0.606786
v 0.040746 1.956000 -0.641739
v -0.107234 1.956000 -0.598998
v -0.107234 2.156000 -0.598998
v -0.107325 1.956000 -0.600746
v -0.107325 2.156000 -0.600746
v 0.038728 1.956000 -0.608339
v -0.102029 1.966000 -0.601021
v -0.103664 1.966000 -0.632479
v -0.102029 2.146000 -0.601021
v 0.038728 1.966000 -0.608339
v 0.037092 1.966000 -0.639797
v 0.037092 1.956000 -0.639797
v -0.108960 1.956000 -0.632203
v -0.109051 1.956000 -0.633951
v -0.108960 2.156000 -0.632203
v -0.109051 2.156000 -0.633951
v 0.037092 2.156000 -0.639797
v -0.103664 2.146000 -0.632479
v 0.037092 2.146000 -0.639797
v 0.038728 2.146000 -0.608339
v 0.038728 2.156000 -0.608339
v 0.040746 2.156000 -0.641739
v -0.025397 1.955999 -0.672642
v -0.025397 2.155999 -0.672642
v -0.022492 1.955999 -0.637762
v 0.124085 1.955999 -0.685092
v 0.124085 2.155999 -0.685092
v 0.124230 1.955999 -0.683348
v 0.124230 2.155999 -0.683348
v -0.021515 1.955999 -0.671209
v 0.118945 1.965999 -0.682908
v 0.121560 1.965999 -0.651517
v 0.118945 2.145999 -0.682908
v -0.021515 1.965999 -0.671209
v -0.018900 1.965999 -0.639817
v -0.018900 1.955999 -0.639817
v 0.126845 1.955999 -0.651957
v 0.126990 1.955999 -0.650213
v 0.126845 2.155999 -0.651957
v 0.126990 2.155999 -0.650213
v -0.018900 2.155999 -0.639817
v 0.121560 2.145999 -0.651517
v -0.018900 2.145999 -0.639817
v -0.021515 2.145999 -0.671209
v -0.021515 2.155999 -0.671209
v -0.022492 2.155999 -0.637762
v 0.056902 1.955999 -0.681993
v 0.056902 2.155999 -0.681993
v 0.055561 1.955999 -0.716967
v -0.092988 1.955999 -0.676243
v -0.092988 2.155999 -0.676243
v -0.093055 1.955999 -0.677992
v -0.093055 2.155999 -0.677992
v 0.053088 1.955999 -0.683598
v -0.087755 1.965999 -0.678195
v -0.088963 1.965999 -0.709672
v -0.087755 2.145999 -0.678195
v 0.053088 1.965999 -0.683598
v 0.051880 1.965999 -0.715075
v 0.051880 1.955999 -0.715075
v -0.094262 1.955999 -0.709468
v -0.094329 1.955999 -0.711217
v -0.094262 2.155999 -0.709468
v -0.094329 2.155999 -0.711217
v 0.051880 2.155999 -0.715075
v -0.088963 2.145999 -0.709672
v 0.051880 2.145999 -0.715075
v 0.053088 2.145999 -0.683598
v 0.053088 2.155999 -0.683598
v 0.055561 2.155999 -0.716967
v 0.087693 1.956000 -0.204654
v 0.087693 2.156000 -0.204654
v 0.086857 1.956000 -0.239644
v -0.062265 1.956000 -0.201071
v -0.062265 2.156000 -0.201071
v -0.062306 1.956000 -0.202821
v -0.062306 2.156000 -0.202821
v 0.083902 1.956000 -0.206314
v -0.057005 1.966000 -0.202947
v -0.057757 1.966000 -0.234438
v -0.057005 2.146000 -0.202947
v 0.083902 1.966000 -0.206314
v 0.083149 1.966000 -0.237805
v 0.083149 1.956000 -0.237805
v -0.063059 1.956000 -0.234312
v -0.063101 1.956000 -0.236061
v -0.063059 2.156000 -0.234312
v -0.063101 2.156000 -0.236061
v 0.083149 2.156000 -0.237805
v -0.057757 2.146000 -0.234438
v 0.083149 2.146000 -0.237805
v 0.083902 2.146000 -0.206314
v 0.083902 2.156000 -0.206314
v 0.086857 2.156000 -0.239644
v 0.113798 1.956000 -0.242638
v 0.113798 2.156000 -0.242638
v 0.114009 1.956000 -0.277638
v -0.036200 1.956000 -0.243546
v -0.036200 2.156000 -0.243546
v -0.036189 1.956000 -0.245296
v -0.036189 2.156000 -0.245296
v 0.110058 1.956000 -0.244411
v -0.030886 1.966000 -0.245264
v -0.030695 1.966000 -0.276763
v -0.030886 2.146000 -0.245264
v 0.110058 1.966000 -0.244411
v 0.110249 1.966000 -0.275910
v 0.110249 1.956000 -0.275910
v -0.035998 1.956000 -0.276795
v -0.035988 1.956000 -0.278545
v -0.035998 2.156000 -0.276795
v -0.035988 2.156000 -0.278545
v 0.110249 2.156000 -0.275910
v -0.030695 2.146000 -0.276763
v 0.110249 2.146000 -0.275910
v 0.110058 2.146000 -0.244411
v 0.110058 2.156000 -0.244411
v 0.114009 2.156000 -0.277638
v 0.123128 1.956000 -0.281507
v 0.123128 2.156000 -0.281507
v 0.123678 1.956000 -0.316503
v -0.026853 1.956000 -0.283862
v -0.026853 2.156000 -0.283862
v -0.026826 1.956000 -0.285612
v -0.026826 2.156000 -0.285612
v 0.119406 1.956000 -0.283316
v -0.021523 1.966000 -0.285529
v -0.021028 1.966000 -0.317025
v -0.021523 2.146000 -0.285529
v 0.119406 1.966000 -0.283316
v 0.119901 1.966000 -0.314812
v 0.119901 1.956000 -0.314812
v -0.026331 1.956000 -0.317108
v -0.026304 1.956000 -0.318858
v -0.026331 2.156000 -0.317108
v -0.026304 2.156000 -0.318858
v 0.119901 2.156000 -0.314812
v -0.021028 2.146000 -0.317025
v 0.119901 2.146000 -0.314812
v 0.119406 2.146000 -0.283316
v 0.119406 2.156000 -0.283316
v 0.123678 2.156000 -0.316503
v 0.094448 1.956000 -0.323762
v 0.094448 2.156000 -0.323762
v 0.093954 1.956000 -0.358758
v -0.055537 1.956000 -0.321644
v -0.055537 2.156000 -0.321644
v -0.055562 1.956000 -0.323394
v -0.055562 2.156000 -0.323394
v 0.090674 1.956000 -0.325459
v -0.050259 1.966000 -0.323469
v -0.050704 1.966000 -0.354966
v -0.050259 2.146000 -0.323469
v 0.090674 1.966000 -0.325459
v 0.090229 1.966000 -0.356956
v 0.090229 1.956000 -0.356956
v -0.056006 1.956000 -0.354891
v -0.056031 1.956000 -0.356640
v -0.056006 2.156000 -0.354891
v -0.056031 2.156000 -0.356640
v 0.090229 2.156000 -0.356956
v -0.050704 2.146000 -0.354966
v 0.090229 2.146000 -0.356956
v 0.090674 2.146000 -0.325459
v 0.090674 2.156000 -0.325459
v 0.093954 2.156000 -0.358758
v -0.053453 1.955999 -0.396899
v -0.053453 2.155999 -0.396899
v -0.053063 1.955999 -0.361901
v 0.096538 1.955999 -0.398571
v 0.096538 2.155999 -0.398571
v 0.096557 1.955999 -0.396821
v 0.096557 2.155999 -0.396821
v -0.049684 1.955999 -0.395191
v 0.091254 1.965999 -0.396762
v 0.091605 1.965999 -0.365264
v 0.091254 2.145999 -0.396762
v -0.049684 1.965999 -0.395191
v -0.049333 1.965999 -0.363693
v -0.049333 1.955999 -0.363693
v 0.096908 1.955999 -0.365323
v 0.096928 1.955999 -0.363573
v 0.096908 2.155999 -0.365323
v 0.096928 2.155999 -0.363573
v -0.049333 2.155999 -0.363693
v 0.091605 2.145999 -0.365264
v -0.049333 2.145999 -0.363693
v -0.049684 2.145999 -0.395191
v -0.049684 2.155999 -0.395191
v -0.053063 2.155999 -0.361901
v 0.087044 1.955999 -0.399599
v 0.087044 2.155999 -0.399599
v 0.086341 1.955999 -0.434592
v -0.062926 1.955999 -0.396584
v -0.062926 2.155999 -0.396584
v -0.062961 1.955999 -0.398334
v -0.062961 2.155999 -0.398334
v 0.083260 1.955999 -0.401273
v -0.057659 1.965999 -0.398440
v -0.058292 1.965999 -0.429934
v -0.057659 2.145999 -0.398440
v 0.083260 1.965999 -0.401273
v 0.082626 1.965999 -0.432767
v 0.082626 1.955999 -0.432767
v -0.063594 1.955999 -0.429828
v -0.063629 1.955999 -0.431577
v -0.063594 2.155999 -0.429828
v -0.063629 2.155999 -0.431577
v 0.082626 2.155999 -0.432767
v -0.058292 2.145999 -0.429934
v 0.082626 2.145999 -0.432767
v 0.083260 2.145999 -0.401273
v 0.083260 2.155999 -0.401273
v 0.086341 2.155999 -0.434592
vn -0.0000 1.0000 -0.0000
vn -0.0000 -0.0000 1.0000
vn -1.0000 -0.0000 -0.0000
vn -0.0000 -1.0000 -0.0000
vn -0.0000 -0.0000 -1.0000
vn 1.0000 -0.0000 -0.0000
vn -0.9973 -0.0000 0.0736
vn 0.0736 -0.0000 0.9973
vn 0.9973 -0.0000 -0.0736
vn -0.0736 -0.0000 -0.9973
vn -0.4041 -0.0000 -0.9147
vn 0.4041 -0.0000 0.9147
vn -0.9147 -0.0000 0.4041
vn 0.9147 -0.0000 -0.4041
vn -0.9994 -0.0000 -0.0343
vn -0.0343 -0.0000 0.9994
vn 0.9994 -0.0000 0.0343
vn -0.9994 -0.0000 -0.0344
vn 0.0343 -0.0000 -0.9994
vn -0.9950 -0.0000 -0.0995
vn -0.0995 -0.0000 0.9950
vn 0.9950 -0.0000 0.0995
vn 0.0995 -0.0000 -0.9950
vn -0.9923 -0.0000 0.1235
vn 0.1235 -0.0000 0.9923
vn 0.9923 -0.0000 -0.1235
vn -0.1235 -0.0000 -0.9923
vn -0.9885 -0.0000 0.1511
vn 0.1511 -0.0000 0.9885
vn 0.9885 -0.0000 -0.1511
vn -0.1511 -0.0000 -0.9885
vn 0.9995 -0.0000 0.0300
vn -0.0300 -0.0000 0.9995
vn -0.9995 -0.0000 -0.0300
vn 0.0300 -0.0000 -0.9995
vn 0.9971 -0.0000 0.0766
vn -0.0766 -0.0000 0.9971
vn -0.9971 -0.0000 -0.0766
vn 0.0766 -0.0000 -0.9971
vn 0.9970 -0.0000 0.0780
vn -0.0780 -0.0000 0.9970
vn -0.9970 -0.0000 -0.0780
vn 0.0780 -0.0000 -0.9970
vn 0.9957 -0.0000 -0.0924
vn 0.0924 -0.0000 0.9957
vn -0.9957 -0.0000 0.0924
vn -0.0924 -0.0000 -0.9957
vn 0.9991 -0.0000 -0.0421
vn 0.0421 -0.0000 0.9991
vn -0.9991 -0.0000 0.0420
vn -0.0421 -0.0000 -0.9991
vn -0.9991 -0.0000 0.0421
vn 0.9854 -0.0000 0.1704
vn -0.1704 -0.0000 0.9854
vn -0.9854 -0.0000 -0.1704
vn 0.1704 -0.0000 -0.9854
vn 0.9948 -0.0000 0.1018
vn -0.1018 -0.0000 0.9948
vn -0.9948 -0.0000 -0.1018
vn 0.1018 -0.0000 -0.9948
vn 0.9850 -0.0000 -0.1728
vn 0.1728 -0.0000 0.9850
vn -0.9850 -0.0000 0.1728
vn -0.1728 -0.0000 -0.9850
vn -0.9849 -0.0000 0.1728
vn 0.9870 -0.0000 0.1610
vn -0.1610 -0.0000 0.9870
vn -0.9870 -0.0000 -0.1610
vn 0.1610 -0.0000 -0.9870
vn 0.9948 -0.0000 0.1017
vn -0.1017 -0.0000 0.9948
vn -0.9948 -0.0000 -0.1017
vn 0.1017 -0.0000 -0.9948
vn 0.9967 -0.0000 0.0808
vn -0.0808 -0.0000 0.9967
vn -0.9967 -0.0000 -0.0808
vn 0.0808 -0.0000 -0.9967
vn 0.9916 -0.0000 0.1296
vn -0.1296 -0.0000 0.9916
vn -0.9916 -0.0000 -0.1296
vn 0.1296 -0.0000 -0.9916
vn 0.9952 -0.0000 0.0981
vn -0.0981 -0.0000 0.9952
vn -0.9952 -0.0000 -0.0981
vn 0.0981 -0.0000 -0.9952
vn 0.9998 -0.0000 -0.0177
vn 0.0177 -0.0000 0.9998
vn -0.9998 -0.0000 0.0177
vn -0.0177 -0.0000 -0.9998
vn 0.9864 -0.0000 0.1646
vn -0.1646 -0.0000 0.9864
vn -0.9864 -0.0000 -0.1646
vn 0.1646 -0.0000 -0.9864
vn 0.9957 -0.0000 0.0928
vn -0.0928 -0.0000 0.9957
vn -0.9957 -0.0000 -0.0928
vn 0.0928 -0.0000 -0.9957
vn 0.9933 -0.0000 0.1158
vn -0.1158 -0.0000 0.9933
vn -0.9933 -0.0000 -0.1159
vn 0.1158 -0.0000 -0.9933
vn -0.9933 -0.0000 -0.1158
vn 0.9988 -0.0000 0.0500
vn -0.0500 -0.0000 0.9988
vn -0.9988 -0.0000 -0.0500
vn 0.0500 -0.0000 -0.9988
vn 0.9897 -0.0000 -0.1431
vn 0.1431 -0.0000 0.9897
vn -0.9897 -0.0000 0.1431
vn -0.1431 -0.0000 -0.9897
vn 0.9984 -0.0000 -0.0565
vn 0.0565 -0.0000 0.9984
vn -0.9984 -0.0000 0.0565
vn -0.0565 -0.0000 -0.9984
vn -0.9984 -0.0000 0.0566
vn 0.9986 -0.0000 0.0522
vn -0.0522 -0.0000 0.9986
vn -0.9986 -0.0000 -0.0522
vn 0.0522 -0.0000 -0.9986
vn 1.0000 -0.0000 0.0017
vn -0.0017 -0.0000 1.0000
vn -1.0000 -0.0000 -0.0017
vn 0.0017 -0.0000 -1.0000
vn -1.0000 -0.0000 -0.0016
vn 0.9992 -0.0000 -0.0411
vn 0.0411 -0.0000 0.9992
vn -0.9992 -0.0000 0.0411
vn -0.0411 -0.0000 -0.9992
vn 0.9956 -0.0000 0.0940
vn -0.0940 -0.0000 0.9956
vn -0.9956 -0.0000 -0.0940
vn 0.0940 -0.0000 -0.9956
vn 0.9995 -0.0000 0.0309
vn -0.0309 -0.0000 0.9995
vn -0.9995 -0.0000 -0.0309
vn 0.0309 -0.0000 -0.9995
vn 0.9928 -0.0000 0.1198
vn -0.1198 -0.0000 0.9928
vn -0.9928 -0.0000 -0.1198
vn 0.1198 -0.0000 -0.9928
vn 0.9953 -0.0000 0.0968
vn -0.0968 -0.0000 0.9953
vn -0.9953 -0.0000 -0.0968
vn 0.0968 -0.0000 -0.9953
vn 0.9949 -0.0000 -0.1012
vn 0.1012 -0.0000 0.9949
vn -0.9949 -0.0000 0.1012
vn -0.1012 -0.0000 -0.9949
vn 0.9979 -0.0000 0.0640
vn -0.0640 -0.0000 0.9979
vn -0.9979 -0.0000 -0.0640
vn 0.0640 -0.0000 -0.9979
vn -0.9980 -0.0000 -0.0640
vn 0.9928 -0.0000 -0.1199
vn 0.1199 -0.0000 0.9928
vn -0.9928 -0.0000 0.1199
vn -0.1199 -0.0000 -0.9928
vn 0.9982 -0.0000 0.0599
vn -0.0599 -0.0000 0.9982
vn -0.9982 -0.0000 -0.0599
vn 0.0599 -0.0000 -0.9982
vn 0.9926 -0.0000 -0.1214
vn 0.1214 -0.0000 0.9926
vn -0.9926 -0.0000 0.1214
vn -0.1214 -0.0000 -0.9926
vn 0.9974 -0.0000 -0.0720
vn 0.0720 -0.0000 0.9974
vn -0.9974 -0.0000 0.0720
vn -0.0720 -0.0000 -0.9974
vn 0.9985 -0.0000 -0.0552
vn 0.0552 -0.0000 0.9985
vn -0.9985 -0.0000 0.0552
vn -0.0552 -0.0000 -0.9985
vn -0.9985 -0.0000 0.0553
vn 0.9999 -0.0000 -0.0159
vn 0.0159 -0.0000 0.9999
vn -0.9999 -0.0000 0.0159
vn -0.0159 -0.0000 -0.9999
vn 0.9861 -0.0000 -0.1663
vn 0.1663 -0.0000 0.9861
vn -0.9861 -0.0000 0.1662
vn -0.1663 -0.0000 -0.9861
vn -0.9861 -0.0000 0.1663
vn 0.9868 -0.0000 0.1618
vn -0.1618 -0.0000 0.9868
vn -0.9868 -0.0000 -0.1618
vn 0.1618 -0.0000 -0.9868
vn 0.9993 -0.0000 -0.0366
vn 0.0366 -0.0000 0.9993
vn -0.9993 -0.0000 0.0366
vn -0.0366 -0.0000 -0.9993
vn 0.9990 -0.0000 -0.0445
vn 0.0445 -0.0000 0.9990
vn -0.9990 -0.0000 0.0445
vn -0.0445 -0.0000 -0.9990
vn 0.9896 -0.0000 -0.1442
vn 0.1442 -0.0000 0.9896
vn -0.9896 -0.0000 0.1442
vn -0.1442 -0.0000 -0.9896
vn -0.9895 -0.0000 0.1442
vn 0.9983 -0.0000 -0.0589
vn 0.0589 -0.0000 0.9983
vn -0.9983 -0.0000 0.0589
vn -0.0589 -0.0000 -0.9983
vn 0.9928 -0.0000 -0.1195
vn 0.1195 -0.0000 0.9928
vn -0.9928 -0.0000 0.1195
vn -0.1195 -0.0000 -0.9928
vn 0.9858 -0.0000 -0.1678
vn 0.1678 -0.0000 0.9858
vn -0.9858 -0.0000 0.1678
vn -0.1678 -0.0000 -0.9858
vn 1.0000 -0.0000 0.0074
vn -0.0074 -0.0000 1.0000
vn -1.0000 -0.0000 -0.0074
vn 0.0074 -0.0000 -1.0000
vn 0.9952 -0.0000 0.0978
vn -0.0978 -0.0000 0.9952
vn -0.9952 -0.0000 -0.0979
vn 0.0978 -0.0000 -0.9952
vn -0.9952 -0.0000 -0.0978
vn 1.0000 -0.0000 0.0009
vn -0.0009 -0.0000 1.0000
vn -1.0000 -0.0000 -0.0009
vn 0.0009 -0.0000 -1.0000
vn 0.9998 -0.0000 0.0187
vn -0.0187 -0.0000 0.9998
vn -0.9998 -0.0000 -0.0187
vn 0.0187 -0.0000 -0.9998
vn 0.9905 -0.0000 -0.1373
vn 0.1373 -0.0000 0.9905
vn -0.9905 -0.0000 0.1373
vn -0.1373 -0.0000 -0.9905
vn 0.9862 -0.0000 0.1658
vn -0.1658 -0.0000 0.9862
vn -0.9862 -0.0000 -0.1658
vn 0.1658 -0.0000 -0.9862
vn 0.9999 -0.0000 -0.0131
vn 0.0131 -0.0000 0.9999
vn -0.9999 -0.0000 0.0131
vn -0.0131 -0.0000 -0.9999
vn 0.9855 -0.0000 -0.1694
vn 0.1694 -0.0000 0.9855
vn -0.9855 -0.0000 0.1694
vn -0.1694 -0.0000 -0.9855
vn 0.9951 -0.0000 -0.0993
vn 0.0993 -0.0000 0.9951
vn -0.9951 -0.0000 0.0993
vn -0.0993 -0.0000 -0.9951
vn 0.9971 -0.0000 0.0758
vn -0.0758 -0.0000 0.9971
vn -0.9971 -0.0000 -0.0759
vn 0.0759 -0.0000 -0.9971
vn 0.0758 -0.0000 -0.9971
vn -0.9971 -0.0000 -0.0758
vn -0.0759 -0.0000 0.9971
vn 0.9928 -0.0000 -0.1201
vn 0.1201 -0.0000 0.9928
vn -0.9928 -0.0000 0.1201
vn -0.1201 -0.0000 -0.9928
vn 0.9938 -0.0000 -0.1109
vn 0.1109 -0.0000 0.9938
vn -0.9938 -0.0000 0.1109
vn -0.1109 -0.0000 -0.9938
vn 0.9996 -0.0000 0.0265
vn -0.0265 -0.0000 0.9996
vn -0.9996 -0.0000 -0.0265
vn 0.0265 -0.0000 -0.9996
vn 0.9998 -0.0000 0.0223
vn -0.0223 -0.0000 0.9998
vn -0.9998 -0.0000 -0.0223
vn 0.0223 -0.0000 -0.9998
vn -0.9998 -0.0000 -0.0222
vn 0.9959 -0.0000 -0.0902
vn 0.0902 -0.0000 0.9959
vn -0.9959 -0.0000 0.0902
vn -0.0902 -0.0000 -0.9959
vn -0.9959 -0.0000 0.0903
vn 0.9996 -0.0000 -0.0281
vn 0.0281 -0.0000 0.9996
vn -0.9996 -0.0000 0.0281
vn -0.0281 -0.0000 -0.9996
vn 0.9977 -0.0000 0.0684
vn -0.0684 -0.0000 0.9977
vn -0.9977 -0.0000 -0.0684
vn 0.0683 -0.0000 -0.9977
vn 0.0684 -0.0000 -0.9977
vn -0.0683 -0.0000 0.9977
vn 0.9979 -0.0000 0.0645
vn -0.0645 -0.0000 0.9979
vn -0.9979 -0.0000 -0.0645
vn 0.0645 -0.0000 -0.9979
vn 0.9959 -0.0000 0.0900
vn -0.0900 -0.0000 0.9959
vn -0.9959 -0.0000 -0.0900
vn 0.0900 -0.0000 -0.9959
vn 0.9989 -0.0000 0.0476
vn -0.0476 -0.0000 0.9989
vn -0.9989 -0.0000 -0.0476
vn 0.0476 -0.0000 -0.9989
vn 0.9992 -0.0000 0.0392
vn -0.0392 -0.0000 0.9992
vn -0.9992 -0.0000 -0.0392
vn 0.0392 -0.0000 -0.9992
vn 0.9933 -0.0000 -0.1152
vn 0.1152 -0.0000 0.9933
vn -0.9933 -0.0000 0.1152
vn -0.1152 -0.0000 -0.9933
vn 0.9983 -0.0000 0.0575
vn -0.0575 -0.0000 0.9983
vn -0.9983 -0.0000 -0.0575
vn 0.0575 -0.0000 -0.9983
vn 0.9999 -0.0000 0.0106
vn -0.0106 -0.0000 0.9999
vn -0.9999 -0.0000 -0.0106
vn 0.0106 -0.0000 -0.9999
vn 0.9862 -0.0000 -0.1653
vn 0.1653 -0.0000 0.9862
vn -0.9862 -0.0000 0.1653
vn -0.1653 -0.0000 -0.9862
vn 0.9950 -0.0000 -0.0999
vn 0.0999 -0.0000 0.9950
vn -0.9950 -0.0000 0.0999
vn -0.0999 -0.0000 -0.9950
vn 0.9946 -0.0000 -0.1039
vn 0.1039 -0.0000 0.9946
vn -0.9946 -0.0000 0.1039
vn -0.1039 -0.0000 -0.9946
vn 1.0000 -0.0000 0.0061
vn -0.0061 -0.0000 1.0000
vn -1.0000 -0.0000 -0.0061
vn 0.0061 -0.0000 -1.0000
vn 0.9962 -0.0000 0.0867
vn -0.0867 -0.0000 0.9962
vn -0.9962 -0.0000 -0.0867
vn 0.0867 -0.0000 -0.9962
vn 1.0000 -0.0000 0.0037
vn -0.0037 -0.0000 1.0000
vn -1.0000 -0.0000 -0.0037
vn 0.0037 -0.0000 -1.0000
vn 0.9975 -0.0000 -0.0711
vn 0.0711 -0.0000 0.9975
vn -0.9975 -0.0000 0.0711
vn -0.0711 -0.0000 -0.9975
vn 1.0000 -0.0000 -0.0093
vn 0.0093 -0.0000 1.0000
vn -1.0000 -0.0000 0.0093
vn -0.0093 -0.0000 -1.0000
vn 0.9998 -0.0000 -0.0222
vn 0.0222 -0.0000 0.9998
vn -0.9998 -0.0000 0.0222
vn -0.0222 -0.0000 -0.9998
vn 0.9978 -0.0000 -0.0669
vn 0.0669 -0.0000 0.9978
vn -0.9978 -0.0000 0.0669
vn -0.0669 -0.0000 -0.9978
vn -0.9978 -0.0000 0.0670
vn 0.9941 -0.0000 -0.1085
vn 0.1085 -0.0000 0.9941
vn -0.9941 -0.0000 0.1085
vn -0.1085 -0.0000 -0.9941
vn 0.9910 -0.0000 -0.1337
vn 0.1337 -0.0000 0.9910
vn -0.9910 -0.0000 0.1337
vn -0.1337 -0.0000 -0.9910
vn 0.9867 -0.0000 0.1627
vn -0.1627 -0.0000 0.9867
vn -0.9867 -0.0000 -0.1627
vn 0.1627 -0.0000 -0.9867
vn 0.9938 -0.0000 -0.1116
vn 0.1116 -0.0000 0.9938
vn -0.9938 -0.0000 0.1116
vn -0.1116 -0.0000 -0.9938
vn 0.9908 -0.0000 0.1350
vn -0.1350 -0.0000 0.9908
vn -0.9908 -0.0000 -0.1350
vn 0.1350 -0.0000 -0.9908
vn 0.9990 -0.0000 0.0437
vn -0.0437 -0.0000 0.9990
vn -0.9990 -0.0000 -0.0437
vn 0.0437 -0.0000 -0.9990
vn 0.9977 -0.0000 -0.0682
vn 0.0682 -0.0000 0.9977
vn -0.9977 -0.0000 0.0682
vn -0.0682 -0.0000 -0.9977
vn -0.9977 -0.0000 0.0683
vn 0.9964 -0.0000 0.0848
vn -0.0848 -0.0000 0.9964
vn -0.9964 -0.0000 -0.0848
vn 0.0848 -0.0000 -0.9964
vn 0.9989 -0.0000 0.0465
vn -0.0465 -0.0000 0.9989
vn -0.9989 -0.0000 -0.0465
vn 0.0465 -0.0000 -0.9989
vn 0.9998 -0.0000 0.0193
vn -0.0193 -0.0000 0.9998
vn -0.9998 -0.0000 -0.0193
vn 0.0193 -0.0000 -0.9998
vn 0.9995 -0.0000 0.0325
vn -0.0325 -0.0000 0.9995
vn -0.9995 -0.0000 -0.0325
vn 0.0325 -0.0000 -0.9995
vn 0.9998 -0.0000 -0.0194
vn 0.0194 -0.0000 0.9998
vn -0.9998 -0.0000 0.0194
vn -0.0194 -0.0000 -0.9998
vn -0.9998 -0.0000 0.0195
vn 0.9934 -0.0000 0.1146
vn -0.1146 -0.0000 0.9934
vn -0.9934 -0.0000 -0.1146
vn 0.1146 -0.0000 -0.9934
vn 0.9903 -0.0000 0.1386
vn -0.1386 -0.0000 0.9903
vn -0.9903 -0.0000 -0.1387
vn 0.1386 -0.0000 -0.9903
vn -0.9903 -0.0000 -0.1386
vn 1.0000 -0.0000 -0.0075
vn 0.0075 -0.0000 1.0000
vn -1.0000 -0.0000 0.0075
vn -0.0075 -0.0000 -1.0000
vn 0.9989 -0.0000 -0.0462
vn 0.0462 -0.0000 0.9989
vn -0.9989 -0.0000 0.0462
vn -0.0462 -0.0000 -0.9989
vn -0.9989 -0.0000 0.0463
vn 0.9899 -0.0000 -0.1420
vn 0.1420 -0.0000 0.9899
vn -0.9899 -0.0000 0.1420
vn -0.1420 -0.0000 -0.9899
vn 0.9986 -0.0000 0.0533
vn -0.0533 -0.0000 0.9986
vn -0.9986 -0.0000 -0.0533
vn 0.0533 -0.0000 -0.9986
vn 1.0000 -0.0000 -0.0016
vn 0.0016 -0.0000 1.0000
vn -1.0000 -0.0000 0.0016
vn -0.0016 -0.0000 -1.0000
vn -1.0000 -0.0000 0.0017
vn -0.9989 -0.0000 -0.0466
vn 0.0466 -0.0000 -0.9989
vn -0.0466 -0.0000 0.9989
vn 0.9998 -0.0000 -0.0199
vn 0.0199 -0.0000 0.9998
vn -0.9998 -0.0000 0.0199
vn -0.0199 -0.0000 -0.9998
vn 0.9924 -0.0000 -0.1228
vn 0.1228 -0.0000 0.9924
vn -0.9924 -0.0000 0.1228
vn -0.1228 -0.0000 -0.9924
vn 0.9947 -0.0000 -0.1027
vn 0.1027 -0.0000 0.9947
vn -0.9947 -0.0000 0.1027
vn -0.1027 -0.0000 -0.9947
vn 1.0000 -0.0000 -0.0037
vn 0.0037 -0.0000 1.0000
vn -1.0000 -0.0000 0.0037
vn -0.0037 -0.0000 -1.0000
vn 0.9937 -0.0000 -0.1124
vn 0.1124 -0.0000 0.9937
vn -0.9937 -0.0000 0.1124
vn -0.1124 -0.0000 -0.9937
vn 0.9980 -0.0000 -0.0638
vn 0.0638 -0.0000 0.9980
vn -0.9980 -0.0000 0.0638
vn -0.0638 -0.0000 -0.9980
vn 0.9872 -0.0000 -0.1597
vn 0.1597 -0.0000 0.9872
vn -0.9872 -0.0000 0.1597
vn -0.1597 -0.0000 -0.9872
vn 0.9974 -0.0000 -0.0716
vn 0.0716 -0.0000 0.9974
vn -0.9974 -0.0000 0.0716
vn -0.0716 -0.0000 -0.9974
vn 1.0000 -0.0000 -0.0020
vn 0.0020 -0.0000 1.0000
vn -1.0000 -0.0000 0.0020
vn -0.0020 -0.0000 -1.0000
vn 0.9972 -0.0000 0.0748
vn -0.0748 -0.0000 0.9972
vn -0.9972 -0.0000 -0.0748
vn 0.0748 -0.0000 -0.9972
vn 0.9913 -0.0000 -0.1314
vn 0.1314 -0.0000 0.9913
vn -0.9913 -0.0000 0.1314
vn -0.1314 -0.0000 -0.9913
vn 0.9984 -0.0000 -0.0562
vn 0.0562 -0.0000 0.9984
vn -0.9984 -0.0000 0.0562
vn -0.0562 -0.0000 -0.9984
vn 1.0000 -0.0000 -0.0076
vn 0.0076 -0.0000 1.0000
vn -1.0000 -0.0000 0.0076
vn -0.0076 -0.0000 -1.0000
vn 0.9980 -0.0000 0.0630
vn -0.0630 -0.0000 0.9980
vn -0.9980 -0.0000 -0.0630
vn 0.0630 -0.0000 -0.9980
vn 0.9993 -0.0000 0.0368
vn -0.0368 -0.0000 0.9993
vn -0.9993 -0.0000 -0.0368
vn 0.0368 -0.0000 -0.9993
vn 0.9994 -0.0000 0.0351
vn -0.0351 -0.0000 0.9994
vn -0.9994 -0.0000 -0.0351
vn 0.0351 -0.0000 -0.9994
vn -0.9996 -0.0000 -0.0283
vn 0.0283 -0.0000 -0.9996
vn 0.9996 -0.0000 0.0283
vn -0.0283 -0.0000 0.9996
vn 0.9965 -0.0000 0.0832
vn -0.0832 -0.0000 0.9965
vn -0.9965 -0.0000 -0.0832
vn 0.0832 -0.0000 -0.9965
vn 0.9984 -0.0000 0.0557
vn -0.0557 -0.0000 0.9984
vn -0.9984 -0.0000 -0.0557
vn 0.0557 -0.0000 -0.9984
vn 0.9988 -0.0000 -0.0481
vn 0.0481 -0.0000 0.9988
vn -0.9988 -0.0000 0.0481
vn -0.0481 -0.0000 -0.9988
vn 0.9998 -0.0000 -0.0193
vn 0.0193 -0.0000 0.9998
vn -0.9998 -0.0000 0.0193
vn -0.0193 -0.0000 -0.9998
vn 0.9981 -0.0000 0.0612
vn -0.0612 -0.0000 0.9981
vn -0.9981 -0.0000 -0.0612
vn 0.0612 -0.0000 -0.9981
vn 0.9999 0.0034 -0.0160
vn 0.0164 -0.2094 0.9777
vn -0.0000 -0.9778 -0.2094
vn -0.9999 -0.0034 0.0160
vn -0.0164 0.2094 -0.9777
vn -0.0000 0.9778 0.2095
vn -0.0000 0.9778 0.2094
vn 0.9993 -0.0000 0.0365
vn -0.0365 -0.0000 0.9993
vn -0.9993 -0.0000 -0.0365
vn 0.0365 -0.0000 -0.9993
vn 0.9974 -0.0000 0.0716
vn -0.0716 -0.0000 0.9974
vn -0.9974 -0.0000 -0.0717
vn 0.0716 -0.0000 -0.9974
vn -0.9974 -0.0000 -0.0716
vn 0.9990 -0.0000 -0.0453
vn 0.0453 -0.0000 0.9990
vn -0.9990 -0.0000 0.0453
vn -0.0453 -0.0000 -0.9990
vn 0.9997 -0.0000 -0.0261
vn 0.0261 -0.0000 0.9997
vn -0.9997 -0.0000 0.0261
vn -0.0261 -0.0000 -0.9997
vn 0.9987 -0.0000 -0.0519
vn 0.0519 -0.0000 0.9987
vn -0.9987 -0.0000 0.0519
vn -0.0519 -0.0000 -0.9987
vn -0.9965 -0.0000 0.0830
vn -0.0830 -0.0000 -0.9965
vn 0.9965 -0.0000 -0.0830
vn 0.0830 -0.0000 0.9965
vn 0.9993 -0.0000 -0.0383
vn 0.0383 -0.0000 0.9993
vn -0.9993 -0.0000 0.0383
vn -0.0383 -0.0000 -0.9993
vn 0.9997 -0.0000 -0.0239
vn 0.0239 -0.0000 0.9997
vn -0.9997 -0.0000 0.0239
vn -0.0239 -0.0000 -0.9997
vn -1.0000 -0.0000 -0.0060
vn 0.9999 -0.0000 0.0157
vn -0.0157 -0.0000 0.9999
vn -0.9999 -0.0000 -0.0157
vn 0.0157 -0.0000 -0.9999
vn 0.9999 -0.0000 -0.0141
vn 0.0141 -0.0000 0.9999
vn -0.9999 -0.0000 0.0141
vn -0.0141 -0.0000 -0.9999
vn -0.9999 -0.0000 0.0111
vn -0.0111 -0.0000 -0.9999
vn 0.9999 -0.0000 -0.0111
vn 0.0111 -0.0000 0.9999
vn 0.9998 -0.0000 -0.0201
vn 0.0201 -0.0000 0.9998
vn -0.9998 -0.0000 0.0201
vn -0.0201 -0.0000 -0.9998
vt 0.000000 0.000000
vt 0.972394 0.816180
vt 0.972394 0.622301
vt 0.974090 0.622301
vt 0.974090 0.816180
vt 0.319864 0.199688
vt 0.319864 0.005809
vt 0.465273 0.005809
vt 0.465273 0.199688
vt 0.783676 0.622301
vt 0.817605 0.622301
vt 0.817605 0.816180
vt 0.783676 0.816180
vt 0.979180 0.405185
vt 0.979180 0.211306
vt 0.980876 0.211306
vt 0.980876 0.405185
vt 0.682602 0.827798
vt 0.682602 0.858334
vt 0.672908 0.858334
vt 0.672908 0.827798
vt 0.775693 0.005809
vt 0.775693 0.199688
vt 0.770552 0.189994
vt 0.770552 0.015503
vt 0.550294 0.858334
vt 0.550294 0.827798
vt 0.559988 0.827798
vt 0.559988 0.858334
vt 0.945764 0.577466
vt 0.915228 0.577466
vt 0.915228 0.719240
vt 0.913532 0.719240
vt 0.913532 0.573831
vt 0.947461 0.573831
vt 0.947461 0.719240
vt 0.945764 0.719240
vt 0.949157 0.792657
vt 0.918621 0.792657
vt 0.918621 0.934431
vt 0.916925 0.934431
vt 0.916925 0.789022
vt 0.950853 0.789022
vt 0.950853 0.934431
vt 0.949157 0.934431
vt 0.319864 0.405185
vt 0.319864 0.211306
vt 0.465273 0.211306
vt 0.465273 0.405185
vt 0.832858 0.180300
vt 0.832858 0.005809
vt 0.863394 0.005809
vt 0.863394 0.180300
vt 0.343130 0.964431
vt 0.312594 0.964431
vt 0.312594 0.827798
vt 0.343130 0.827798
vt 0.274046 0.964431
vt 0.243510 0.964431
vt 0.243510 0.827798
vt 0.274046 0.827798
vt 0.147583 0.816180
vt 0.005809 0.816180
vt 0.010950 0.806486
vt 0.147583 0.806486
vt 0.633919 0.005809
vt 0.633919 0.015503
vt 0.005809 0.622301
vt 0.010950 0.631995
vt 0.633919 0.199688
vt 0.633919 0.189994
vt 0.147583 0.622301
vt 0.147583 0.631995
vt 0.959079 0.610682
vt 0.959079 0.416804
vt 0.960775 0.416804
vt 0.960775 0.610682
vt 0.005809 0.199688
vt 0.005809 0.005809
vt 0.151218 0.005809
vt 0.151218 0.199688
vt 0.783676 0.211306
vt 0.817605 0.211306
vt 0.817605 0.405185
vt 0.783676 0.405185
vt 0.965865 0.405185
vt 0.965865 0.211306
vt 0.967561 0.211306
vt 0.967561 0.405185
vt 0.618665 0.827798
vt 0.618665 0.858334
vt 0.608972 0.858334
vt 0.608972 0.827798
vt 0.618665 0.211306
vt 0.618665 0.405185
vt 0.613524 0.395491
vt 0.613524 0.221000
vt 0.285664 0.858334
vt 0.285664 0.827798
vt 0.295358 0.827798
vt 0.295358 0.858334
vt 0.907003 0.214942
vt 0.876467 0.214942
vt 0.876467 0.356715
vt 0.874770 0.356715
vt 0.874770 0.211306
vt 0.908699 0.211306
vt 0.908699 0.356715
vt 0.907003 0.356715
vt 0.907245 0.009444
vt 0.876709 0.009444
vt 0.876709 0.151218
vt 0.875013 0.151218
vt 0.875013 0.005809
vt 0.908942 0.005809
vt 0.908942 0.151218
vt 0.907245 0.151218
vt 0.162837 0.199688
vt 0.162837 0.005809
vt 0.308246 0.005809
vt 0.308246 0.199688
vt 0.829223 0.591295
vt 0.829223 0.416804
vt 0.859759 0.416804
vt 0.859759 0.591295
vt 0.859759 0.945043
vt 0.829223 0.945043
vt 0.829223 0.808410
vt 0.859759 0.808410
vt 0.127439 0.964431
vt 0.096904 0.964431
vt 0.096904 0.827798
vt 0.127439 0.827798
vt 0.618665 0.610682
vt 0.476892 0.610682
vt 0.482033 0.600988
vt 0.618665 0.600988
vt 0.476892 0.211306
vt 0.476892 0.221000
vt 0.476892 0.416804
vt 0.482033 0.426498
vt 0.476892 0.405185
vt 0.476892 0.395491
vt 0.618665 0.416804
vt 0.618665 0.426498
vt 0.985709 0.816180
vt 0.985709 0.622301
vt 0.987405 0.622301
vt 0.987405 0.816180
vt 0.319864 0.610682
vt 0.319864 0.416804
vt 0.465273 0.416804
vt 0.465273 0.610682
vt 0.829223 0.211306
vt 0.863152 0.211306
vt 0.863152 0.405185
vt 0.829223 0.405185
vt 0.992494 0.405185
vt 0.992494 0.211306
vt 0.994191 0.211306
vt 0.994191 0.405185
vt 0.725227 0.827798
vt 0.725227 0.858334
vt 0.715533 0.858334
vt 0.715533 0.827798
vt 0.618665 0.622301
vt 0.618665 0.816180
vt 0.613524 0.806486
vt 0.613524 0.631995
vt 0.630284 0.858334
vt 0.630284 0.827798
vt 0.639978 0.827798
vt 0.639978 0.858334
vt 0.038042 0.831433
vt 0.007506 0.831433
vt 0.007506 0.973207
vt 0.005809 0.973207
vt 0.005809 0.827798
vt 0.039738 0.827798
vt 0.039738 0.973207
vt 0.038042 0.973207
vt 0.083589 0.831433
vt 0.053053 0.831433
vt 0.053053 0.973207
vt 0.051356 0.973207
vt 0.051356 0.827798
vt 0.085285 0.827798
vt 0.085285 0.973207
vt 0.083589 0.973207
vt 0.476892 0.199688
vt 0.476892 0.005809
vt 0.622301 0.005809
vt 0.622301 0.199688
vt 0.871378 0.777404
vt 0.871378 0.602913
vt 0.901913 0.602913
vt 0.901913 0.777404
vt 0.454368 0.964431
vt 0.423832 0.964431
vt 0.423832 0.827798
vt 0.454368 0.827798
vt 0.538676 0.964431
vt 0.508140 0.964431
vt 0.508140 0.827798
vt 0.538676 0.827798
vt 0.772058 0.816180
vt 0.630284 0.816180
vt 0.635425 0.806486
vt 0.772058 0.806486
vt 0.476892 0.622301
vt 0.476892 0.631995
vt 0.630284 0.622301
vt 0.635425 0.631995
vt 0.476892 0.816180
vt 0.476892 0.806486
vt 0.772058 0.622301
vt 0.772058 0.631995
vt 0.966107 0.199688
vt 0.966107 0.005809
vt 0.967804 0.005809
vt 0.967804 0.199688
vt 0.005809 0.405185
vt 0.005809 0.211306
vt 0.151218 0.211306
vt 0.151218 0.405185
vt 0.783676 0.416804
vt 0.817605 0.416804
vt 0.817605 0.610682
vt 0.783676 0.610682
vt 0.972394 0.610682
vt 0.972394 0.416804
vt 0.974090 0.416804
vt 0.974090 0.610682
vt 0.661290 0.827798
vt 0.661290 0.858334
vt 0.651596 0.858334
vt 0.651596 0.827798
vt 0.772058 0.211306
vt 0.772058 0.405185
vt 0.766917 0.395491
vt 0.766917 0.221000
vt 0.396902 0.858334
vt 0.396902 0.827798
vt 0.406596 0.827798
vt 0.406596 0.858334
vt 0.903610 0.792657
vt 0.873074 0.792657
vt 0.873074 0.934431
vt 0.871378 0.934431
vt 0.871378 0.789022
vt 0.905306 0.789022
vt 0.905306 0.934431
vt 0.903610 0.934431
vt 0.945764 0.420439
vt 0.915228 0.420439
vt 0.915228 0.562213
vt 0.913532 0.562213
vt 0.913532 0.416804
vt 0.947461 0.416804
vt 0.947461 0.562213
vt 0.945764 0.562213
vt 0.162837 0.405185
vt 0.162837 0.211306
vt 0.308246 0.211306
vt 0.308246 0.405185
vt 0.829223 0.796792
vt 0.829223 0.622301
vt 0.859759 0.622301
vt 0.859759 0.796792
vt 0.189737 0.964431
vt 0.159201 0.964431
vt 0.159201 0.827798
vt 0.189737 0.827798
vt 0.231892 0.964431
vt 0.201356 0.964431
vt 0.201356 0.827798
vt 0.231892 0.827798
vt 0.772058 0.610682
vt 0.630284 0.610682
vt 0.635425 0.600988
vt 0.772058 0.600988
vt 0.630284 0.211306
vt 0.630284 0.221000
vt 0.630284 0.416804
vt 0.635425 0.426498
vt 0.630284 0.405185
vt 0.630284 0.395491
vt 0.772058 0.416804
vt 0.772058 0.426498
vt 0.787311 0.005809
vt 0.821240 0.005809
vt 0.821240 0.199688
vt 0.787311 0.199688
vt 0.005809 0.610682
vt 0.005809 0.416804
vt 0.151218 0.416804
vt 0.151218 0.610682
vt 0.952792 0.009444
vt 0.922256 0.009444
vt 0.922256 0.151218
vt 0.920560 0.151218
vt 0.920560 0.005809
vt 0.954489 0.005809
vt 0.954489 0.151218
vt 0.952792 0.151218
vt 0.985709 0.610682
vt 0.985709 0.416804
vt 0.987405 0.416804
vt 0.987405 0.610682
vt 0.312594 0.816180
vt 0.312594 0.622301
vt 0.317735 0.631995
vt 0.317735 0.806486
vt 0.454368 0.816180
vt 0.454368 0.806486
vt 0.385284 0.964431
vt 0.354748 0.964431
vt 0.354748 0.827798
vt 0.385284 0.827798
vt 0.871378 0.591295
vt 0.871378 0.416804
vt 0.901913 0.416804
vt 0.901913 0.591295
vt 0.703915 0.827798
vt 0.703915 0.858334
vt 0.694221 0.858334
vt 0.694221 0.827798
vt 0.300975 0.816180
vt 0.159201 0.816180
vt 0.159201 0.806486
vt 0.295834 0.806486
vt 0.979422 0.199688
vt 0.979422 0.005809
vt 0.981118 0.005809
vt 0.981118 0.199688
vt 0.300975 0.622301
vt 0.295834 0.631995
vt 0.952550 0.214942
vt 0.922014 0.214942
vt 0.922014 0.356715
vt 0.920318 0.356715
vt 0.920318 0.211306
vt 0.954246 0.211306
vt 0.954246 0.356715
vt 0.952550 0.356715
vt 0.159201 0.622301
vt 0.159201 0.631995
vt 0.496522 0.964431
vt 0.465986 0.964431
vt 0.465986 0.827798
vt 0.496522 0.827798
vt 0.571607 0.858334
vt 0.571607 0.827798
vt 0.581301 0.827798
vt 0.581301 0.858334
vt 0.454368 0.622301
vt 0.454368 0.631995
vt 0.162837 0.610682
vt 0.162837 0.416804
vt 0.308246 0.416804
vt 0.308246 0.610682
s 0
usemtl grey
f 1/1/1 5/1/1 7/1/1 3/1/1
f 17/1/2 3/1/2 7/1/2 16/1/2
f 16/1/3 7/1/3 5/1/3 21/1/3
f 6/1/4 2/1/4 4/1/4 8/1/4
f 38/1/4 39/1/4 60/1/4 57/1/4
f 21/1/5 5/1/5 1/1/5 9/1/5
f 6/1/5 24/1/5 12/1/5 2/1/5
f 24/1/5 23/1/5 11/1/5 12/1/5
f 23/1/5 22/1/5 10/1/5 11/1/5
f 22/1/5 21/1/5 9/1/5 10/1/5
f 31/1/5 32/1/5 51/1/5 52/1/5
f 44/1/1 41/1/1 62/1/1 63/1/1
f 34/1/4 35/1/4 56/1/4 53/1/4
f 27/1/5 28/1/5 47/1/5 48/1/5
f 8/1/3 13/1/3 24/1/3 6/1/3
f 13/1/3 14/1/3 23/1/3 24/1/3
f 14/1/3 15/1/3 22/1/3 23/1/3
f 15/1/3 16/1/3 21/1/3 22/1/3
f 4/1/2 20/1/2 13/1/2 8/1/2
f 20/1/2 19/1/2 14/1/2 13/1/2
f 19/1/2 18/1/2 15/1/2 14/1/2
f 18/1/2 17/1/2 16/1/2 15/1/2
f 9/1/6 1/1/6 26/1/6 25/1/6
f 1/1/6 3/1/6 27/1/6 26/1/6
f 3/1/6 17/1/6 28/1/6 27/1/6
f 17/1/6 9/1/6 25/1/6 28/1/6
f 2/1/6 12/1/6 30/1/6 29/1/6
f 12/1/6 20/1/6 31/1/6 30/1/6
f 20/1/6 4/1/6 32/1/6 31/1/6
f 4/1/6 2/1/6 29/1/6 32/1/6
f 12/1/6 11/1/6 34/1/6 33/1/6
f 11/1/6 19/1/6 35/1/6 34/1/6
f 19/1/6 20/1/6 36/1/6 35/1/6
f 20/1/6 12/1/6 33/1/6 36/1/6
f 11/1/6 10/1/6 38/1/6 37/1/6
f 10/1/6 18/1/6 39/1/6 38/1/6
f 18/1/6 19/1/6 40/1/6 39/1/6
f 19/1/6 11/1/6 37/1/6 40/1/6
f 10/1/6 9/1/6 42/1/6 41/1/6
f 9/1/6 17/1/6 43/1/6 42/1/6
f 17/1/6 18/1/6 44/1/6 43/1/6
f 18/1/6 10/1/6 41/1/6 44/1/6
f 46/1/6 45/1/6 48/1/6 47/1/6
f 50/1/6 49/1/6 52/1/6 51/1/6
f 54/1/6 53/1/6 56/1/6 55/1/6
f 58/1/6 57/1/6 60/1/6 59/1/6
f 62/1/6 61/1/6 64/1/6 63/1/6
f 35/1/5 36/1/5 55/1/5 56/1/5
f 42/1/4 43/1/4 64/1/4 61/1/4
f 39/1/5 40/1/5 59/1/5 60/1/5
f 43/1/5 44/1/5 63/1/5 64/1/5
f 25/1/2 26/1/2 45/1/2 46/1/2
f 29/1/2 30/1/2 49/1/2 50/1/2
f 28/1/1 25/1/1 46/1/1 47/1/1
f 33/1/2 34/1/2 53/1/2 54/1/2
f 32/1/1 29/1/1 50/1/1 51/1/1
f 37/1/2 38/1/2 57/1/2 58/1/2
f 26/1/4 27/1/4 48/1/4 45/1/4
f 36/1/1 33/1/1 54/1/1 55/1/1
f 41/1/2 42/1/2 61/1/2 62/1/2
f 30/1/4 31/1/4 52/1/4 49/1/4
f 40/1/1 37/1/1 58/1/1 59/1/1
usemtl books
f 73/2/7 76/3/7 72/4/7 71/5/7
f 65/6/8 66/7/8 68/8/8 67/9/8
f 70/10/9 66/11/9 65/12/9 69/13/9
f 67/14/7 68/15/7 75/16/7 74/17/7
f 80/18/7 79/19/7 87/20/7 88/21/7
f 76/22/8 73/23/8 81/24/8 84/25/8
f 78/26/7 77/27/7 85/28/7 86/29/7
f 77/30/1 78/31/1 75/32/1 68/33/1 66/34/1 70/35/1 72/36/1 76/37/1
f 79/38/4 80/39/4 73/40/4 71/41/4 69/42/4 65/43/4 67/44/4 74/45/4
f 71/46/10 72/47/10 70/48/10 69/49/10
f 82/50/7 83/51/7 84/52/7 81/53/7
f 82/54/4 81/55/4 88/56/4 87/57/4
f 84/58/1 83/59/1 86/60/1 85/61/1
f 79/62/10 74/63/10 82/64/10 87/65/10
f 77/66/8 76/22/8 84/25/8 85/67/8
f 74/63/10 75/68/10 83/69/10 82/64/10
f 73/23/8 80/70/8 88/71/8 81/24/8
f 75/68/10 78/72/10 86/73/10 83/69/10
f 97/74/11 100/75/11 96/76/11 95/77/11
f 89/78/4 90/79/4 92/80/4 91/81/4
f 94/82/12 90/83/12 89/84/12 93/85/12
f 91/86/11 92/87/11 99/88/11 98/89/11
f 104/90/11 103/91/11 111/92/11 112/93/11
f 100/94/4 97/95/4 105/96/4 108/97/4
f 102/98/11 101/99/11 109/100/11 110/101/11
f 101/102/13 102/103/13 99/104/13 92/105/13 90/106/13 94/107/13 96/108/13 100/109/13
f 103/110/14 104/111/14 97/112/14 95/113/14 93/114/14 89/115/14 91/116/14 98/117/14
f 95/118/1 96/119/1 94/120/1 93/121/1
f 106/122/11 107/123/11 108/124/11 105/125/11
f 106/126/14 105/127/14 112/128/14 111/129/14
f 108/130/13 107/131/13 110/132/13 109/133/13
f 103/134/1 98/135/1 106/136/1 111/137/1
f 101/138/4 100/94/4 108/97/4 109/139/4
f 98/135/1 99/140/1 107/141/1 106/136/1
f 97/95/4 104/142/4 112/143/4 105/96/4
f 99/140/1 102/144/1 110/145/1 107/141/1
f 121/146/11 124/147/11 120/148/11 119/149/11
f 113/150/4 114/151/4 116/152/4 115/153/4
f 118/154/12 114/155/12 113/156/12 117/157/12
f 115/158/11 116/159/11 123/160/11 122/161/11
f 128/162/11 127/163/11 135/164/11 136/165/11
f 124/166/4 121/167/4 129/168/4 132/169/4
f 126/170/11 125/171/11 133/172/11 134/173/11
f 125/174/13 126/175/13 123/176/13 116/177/13 114/178/13 118/179/13 120/180/13 124/181/13
f 127/182/14 128/183/14 121/184/14 119/185/14 117/186/14 113/187/14 115/188/14 122/189/14
f 119/190/1 120/191/1 118/192/1 117/193/1
f 130/194/11 131/195/11 132/196/11 129/197/11
f 130/198/14 129/199/14 136/200/14 135/201/14
f 132/202/13 131/203/13 134/204/13 133/205/13
f 127/206/1 122/207/1 130/208/1 135/209/1
f 125/210/4 124/166/4 132/169/4 133/211/4
f 122/207/1 123/212/1 131/213/1 130/208/1
f 121/167/4 128/214/4 136/215/4 129/168/4
f 123/212/1 126/216/1 134/217/1 131/213/1
f 145/218/15 148/219/15 144/220/15 143/221/15
f 137/222/16 138/223/16 140/224/16 139/225/16
f 142/226/17 138/227/17 137/228/17 141/229/17
f 139/230/18 140/231/18 147/232/18 146/233/18
f 152/234/15 151/235/15 159/236/15 160/237/15
f 148/238/16 145/239/16 153/240/16 156/241/16
f 150/242/15 149/243/15 157/244/15 158/245/15
f 149/246/1 150/247/1 147/248/1 140/249/1 138/250/1 142/251/1 144/252/1 148/253/1
f 151/254/4 152/255/4 145/256/4 143/257/4 141/258/4 137/259/4 139/260/4 146/261/4
f 143/262/19 144/263/19 142/264/19 141/265/19
f 154/266/15 155/267/15 156/268/15 153/269/15
f 154/270/4 153/271/4 160/272/4 159/273/4
f 156/274/1 155/275/1 158/276/1 157/277/1
f 151/278/19 146/279/19 154/280/19 159/281/19
f 149/282/16 148/238/16 156/241/16 157/283/16
f 146/279/19 147/284/19 155/285/19 154/280/19
f 145/239/16 152/286/16 160/287/16 153/240/16
f 147/284/19 150/288/19 158/289/19 155/285/19
f 169/218/20 172/219/20 168/220/20 167/221/20
f 161/222/21 162/223/21 164/224/21 163/225/21
f 166/226/22 162/227/22 161/228/22 165/229/22
f 163/230/20 164/231/20 171/232/20 170/233/20
f 176/234/20 175/235/20 183/236/20 184/237/20
f 172/238/21 169/239/21 177/240/21 180/241/21
f 174/242/20 173/243/20 181/244/20 182/245/20
f 173/246/1 174/247/1 171/248/1 164/249/1 162/250/1 166/251/1 168/252/1 172/253/1
f 175/254/4 176/255/4 169/256/4 167/257/4 165/258/4 161/259/4 163/260/4 170/261/4
f 167/262/23 168/263/23 166/264/23 165/265/23
f 178/266/20 179/267/20 180/268/20 177/269/20
f 178/270/4 177/271/4 184/272/4 183/273/4
f 180/274/1 179/275/1 182/276/1 181/277/1
f 175/278/23 170/279/23 178/280/23 183/281/23
f 173/282/21 172/238/21 180/241/21 181/283/21
f 170/279/23 171/284/23 179/285/23 178/280/23
f 169/239/21 176/286/21 184/287/21 177/240/21
f 171/284/23 174/288/23 182/289/23 179/285/23
f 193/218/24 196/219/24 192/220/24 191/221/24
f 185/222/25 186/223/25 188/224/25 187/225/25
f 190/226/26 186/227/26 185/228/26 189/229/26
f 187/230/24 188/231/24 195/232/24 194/233/24
f 200/234/24 199/235/24 207/236/24 208/237/24
f 196/238/25 193/239/25 201/240/25 204/241/25
f 198/242/24 197/243/24 205/244/24 206/245/24
f 197/246/1 198/247/1 195/248/1 188/249/1 186/250/1 190/251/1 192/252/1 196/253/1
f 199/254/4 200/255/4 193/256/4 191/257/4 189/258/4 185/259/4 187/260/4 194/261/4
f 191/262/27 192/263/27 190/264/27 189/265/27
f 202/266/24 203/267/24 204/268/24 201/269/24
f 202/270/4 201/271/4 208/272/4 207/273/4
f 204/274/1 203/275/1 206/276/1 205/277/1
f 199/278/27 194/279/27 202/280/27 207/281/27
f 197/282/25 196/238/25 204/241/25 205/283/25
f 194/279/27 195/284/27 203/285/27 202/280/27
f 193/239/25 200/286/25 208/287/25 201/240/25
f 195/284/27 198/288/27 206/289/27 203/285/27
f 217/218/28 220/219/28 216/220/28 215/221/28
f 209/222/29 210/223/29 212/224/29 211/225/29
f 214/226/30 210/227/30 209/228/30 213/229/30
f 211/230/28 212/231/28 219/232/28 218/233/28
f 224/234/28 223/235/28 231/236/28 232/237/28
f 220/238/29 217/239/29 225/240/29 228/241/29
f 222/242/28 221/243/28 229/244/28 230/245/28
f 221/246/1 222/247/1 219/248/1 212/249/1 210/250/1 214/251/1 216/252/1 220/253/1
f 223/254/4 224/255/4 217/256/4 215/257/4 213/258/4 209/259/4 211/260/4 218/261/4
f 215/262/31 216/263/31 214/264/31 213/265/31
f 226/266/28 227/267/28 228/268/28 225/269/28
f 226/270/4 225/271/4 232/272/4 231/273/4
f 228/274/1 227/275/1 230/276/1 229/277/1
f 223/278/31 218/279/31 226/280/31 231/281/31
f 221/282/29 220/238/29 228/241/29 229/283/29
f 218/279/31 219/284/31 227/285/31 226/280/31
f 217/239/29 224/286/29 232/287/29 225/240/29
f 219/284/31 222/288/31 230/289/31 227/285/31
f 256/10/32 234/11/32 233/12/32 235/13/32
f 233/6/33 234/7/33 237/8/33 236/9/33
f 240/38/4 246/39/4 247/40/4 248/41/4 235/42/4 233/43/4 236/44/4 238/45/4
f 236/14/34 237/15/34 239/16/34 238/17/34
f 238/63/35 239/68/35 243/69/35 241/64/35
f 240/62/35 238/63/35 241/64/35 244/65/35
f 241/54/4 242/55/4 245/56/4 244/57/4
f 241/50/34 243/51/34 252/52/34 242/53/34
f 246/18/34 240/19/34 244/20/34 245/21/34
f 247/23/33 246/70/33 245/71/33 242/24/33
f 247/2/34 249/3/34 250/4/34 248/5/34
f 249/22/33 247/23/33 242/24/33 252/25/33
f 251/30/1 255/31/1 239/32/1 237/33/1 234/34/1 256/35/1 250/36/1 249/37/1
f 251/66/33 249/22/33 252/25/33 253/67/33
f 252/58/1 243/59/1 254/60/1 253/61/1
f 255/26/34 251/27/34 253/28/34 254/29/34
f 239/68/35 255/72/35 254/73/35 243/69/35
f 248/46/35 250/47/35 256/48/35 235/49/35
f 280/290/36 258/291/36 257/292/36 259/293/36
f 257/294/37 258/295/37 261/296/37 260/297/37
f 264/298/4 270/299/4 271/300/4 272/301/4 259/302/4 257/303/4 260/304/4 262/305/4
f 260/306/38 261/307/38 263/308/38 262/309/38
f 262/310/39 263/311/39 267/312/39 265/313/39
f 264/314/39 262/310/39 265/313/39 268/315/39
f 265/316/4 266/317/4 269/318/4 268/319/4
f 265/320/38 267/321/38 276/322/38 266/323/38
f 270/324/38 264/325/38 268/326/38 269/327/38
f 271/328/37 270/329/37 269/330/37 266/331/37
f 271/332/38 273/333/38 274/334/38 272/335/38
f 273/336/37 271/328/37 266/331/37 276/337/37
f 275/338/1 279/339/1 263/340/1 261/341/1 258/342/1 280/343/1 274/344/1 273/345/1
f 275/346/37 273/336/37 276/337/37 277/347/37
f 276/348/1 267/349/1 278/350/1 277/351/1
f 279/352/38 275/353/38 277/354/38 278/355/38
f 263/311/39 279/356/39 278/357/39 267/312/39
f 272/358/39 274/359/39 280/360/39 259/361/39
f 304/82/40 282/83/40 281/84/40 283/85/40
f 281/78/41 282/79/41 285/80/41 284/81/41
f 288/110/4 294/111/4 295/112/4 296/113/4 283/114/4 281/115/4 284/116/4 286/117/4
f 284/86/42 285/87/42 287/88/42 286/89/42
f 286/135/43 287/140/43 291/141/43 289/136/43
f 288/134/43 286/135/43 289/136/43 292/137/43
f 289/126/4 290/127/4 293/128/4 292/129/4
f 289/122/42 291/123/42 300/124/42 290/125/42
f 294/90/42 288/91/42 292/92/42 293/93/42
f 295/95/41 294/142/41 293/143/41 290/96/41
f 295/74/42 297/75/42 298/76/42 296/77/42
f 297/94/41 295/95/41 290/96/41 300/97/41
f 299/102/1 303/103/1 287/104/1 285/105/1 282/106/1 304/107/1 298/108/1 297/109/1
f 299/138/41 297/94/41 300/97/41 301/139/41
f 300/130/1 291/131/1 302/132/1 301/133/1
f 303/98/42 299/99/42 301/100/42 302/101/42
f 287/140/43 303/144/43 302/145/43 291/141/43
f 296/118/43 298/119/43 304/120/43 283/121/43
f 328/154/44 306/155/44 305/156/44 307/157/44
f 305/150/45 306/151/45 309/152/45 308/153/45
f 312/182/4 318/183/4 319/184/4 320/185/4 307/186/4 305/187/4 308/188/4 310/189/4
f 308/158/46 309/159/46 311/160/46 310/161/46
f 310/207/47 311/212/47 315/213/47 313/208/47
f 312/206/47 310/207/47 313/208/47 316/209/47
f 313/198/4 314/199/4 317/200/4 316/201/4
f 313/194/46 315/195/46 324/196/46 314/197/46
f 318/162/46 312/163/46 316/164/46 317/165/46
f 319/167/45 318/214/45 317/215/45 314/168/45
f 319/146/46 321/147/46 322/148/46 320/149/46
f 321/166/45 319/167/45 314/168/45 324/169/45
f 323/174/1 327/175/1 311/176/1 309/177/1 306/178/1 328/179/1 322/180/1 321/181/1
f 323/210/45 321/166/45 324/169/45 325/211/45
f 324/202/1 315/203/1 326/204/1 325/205/1
f 327/170/46 323/171/46 325/172/46 326/173/46
f 311/212/47 327/216/47 326/217/47 315/213/47
f 320/190/47 322/191/47 328/192/47 307/193/47
f 352/10/48 330/11/48 329/12/48 331/13/48
f 329/6/49 330/7/49 333/8/49 332/9/49
f 336/38/4 342/39/4 343/40/4 344/41/4 331/42/4 329/43/4 332/44/4 334/45/4
f 332/14/50 333/15/50 335/16/50 334/17/50
f 334/63/51 335/68/51 339/69/51 337/64/51
f 336/62/51 334/63/51 337/64/51 340/65/51
f 337/54/4 338/55/4 341/56/4 340/57/4
f 337/50/52 339/51/52 348/52/52 338/53/52
f 342/18/52 336/19/52 340/20/52 341/21/52
f 343/23/49 342/70/49 341/71/49 338/24/49
f 343/2/52 345/3/52 346/4/52 344/5/52
f 345/22/49 343/23/49 338/24/49 348/25/49
f 347/30/1 351/31/1 335/32/1 333/33/1 330/34/1 352/35/1 346/36/1 345/37/1
f 347/66/49 345/22/49 348/25/49 349/67/49
f 348/58/1 339/59/1 350/60/1 349/61/1
f 351/26/52 347/27/52 349/28/52 350/29/52
f 335/68/51 351/72/51 350/73/51 339/69/51
f 344/46/51 346/47/51 352/48/51 331/49/51
f 376/290/53 354/291/53 353/292/53 355/293/53
f 353/294/54 354/295/54 357/296/54 356/297/54
f 360/298/4 366/299/4 367/300/4 368/301/4 355/302/4 353/303/4 356/304/4 358/305/4
f 356/306/55 357/307/55 359/308/55 358/309/55
f 358/310/56 359/311/56 363/312/56 361/313/56
f 360/314/56 358/310/56 361/313/56 364/315/56
f 361/316/4 362/317/4 365/318/4 364/319/4
f 361/320/55 363/321/55 372/322/55 362/323/55
f 366/324/55 360/325/55 364/326/55 365/327/55
f 367/328/54 366/329/54 365/330/54 362/331/54
f 367/332/55 369/333/55 370/334/55 368/335/55
f 369/336/54 367/328/54 362/331/54 372/337/54
f 371/338/1 375/339/1 359/340/1 357/341/1 354/342/1 376/343/1 370/344/1 369/345/1
f 371/346/54 369/336/54 372/337/54 373/347/54
f 372/348/1 363/349/1 374/350/1 373/351/1
f 375/352/55 371/353/55 373/354/55 374/355/55
f 359/311/56 375/356/56 374/357/56 363/312/56
f 368/358/56 370/359/56 376/360/56 355/361/56
f 400/82/57 378/83/57 377/84/57 379/85/57
f 377/78/58 378/79/58 381/80/58 380/81/58
f 384/110/4 390/111/4 391/112/4 392/113/4 379/114/4 377/115/4 380/116/4 382/117/4
f 380/86/59 381/87/59 383/88/59 382/89/59
f 382/135/60 383/140/60 387/141/60 385/136/60
f 384/134/60 382/135/60 385/136/60 388/137/60
f 385/126/4 386/127/4 389/128/4 388/129/4
f 385/122/59 387/123/59 396/124/59 386/125/59
f 390/90/59 384/91/59 388/92/59 389/93/59
f 391/95/58 390/142/58 389/143/58 386/96/58
f 391/74/59 393/75/59 394/76/59 392/77/59
f 393/94/58 391/95/58 386/96/58 396/97/58
f 395/102/1 399/103/1 383/104/1 381/105/1 378/106/1 400/107/1 394/108/1 393/109/1
f 395/138/58 393/94/58 396/97/58 397/139/58
f 396/130/1 387/131/1 398/132/1 397/133/1
f 399/98/59 395/99/59 397/100/59 398/101/59
f 383/140/60 399/144/60 398/145/60 387/141/60
f 392/118/60 394/119/60 400/120/60 379/121/60
f 424/154/61 402/155/61 401/156/61 403/157/61
f 401/150/62 402/151/62 405/152/62 404/153/62
f 408/182/4 414/183/4 415/184/4 416/185/4 403/186/4 401/187/4 404/188/4 406/189/4
f 404/158/63 405/159/63 407/160/63 406/161/63
f 406/207/64 407/212/64 411/213/64 409/208/64
f 408/206/64 406/207/64 409/208/64 412/209/64
f 409/198/4 410/199/4 413/200/4 412/201/4
f 409/194/63 411/195/63 420/196/63 410/197/63
f 414/162/63 408/163/63 412/164/63 413/165/63
f 415/167/62 414/214/62 413/215/62 410/168/62
f 415/146/65 417/147/65 418/148/65 416/149/65
f 417/166/62 415/167/62 410/168/62 420/169/62
f 419/174/1 423/175/1 407/176/1 405/177/1 402/178/1 424/179/1 418/180/1 417/181/1
f 419/210/62 417/166/62 420/169/62 421/211/62
f 420/202/1 411/203/1 422/204/1 421/205/1
f 423/170/63 419/171/63 421/172/63 422/173/63
f 407/212/64 423/216/64 422/217/64 411/213/64
f 416/190/64 418/191/64 424/192/64 403/193/64
f 448/226/66 426/227/66 425/228/66 427/229/66
f 425/222/67 426/223/67 429/224/67 428/225/67
f 432/254/4 438/255/4 439/256/4 440/257/4 427/258/4 425/259/4 428/260/4 430/261/4
f 428/230/68 429/231/68 431/232/68 430/233/68
f 430/279/69 431/284/69 435/285/69 433/280/69
f 432/278/69 430/279/69 433/280/69 436/281/69
f 433/270/4 434/271/4 437/272/4 436/273/4
f 433/266/68 435/267/68 444/268/68 434/269/68
f 438/234/68 432/235/68 436/236/68 437/237/68
f 439/239/67 438/286/67 437/287/67 434/240/67
f 439/218/68 441/219/68 442/220/68 440/221/68
f 441/238/67 439/239/67 434/240/67 444/241/67
f 443/246/1 447/247/1 431/248/1 429/249/1 426/250/1 448/251/1 442/252/1 441/253/1
f 443/282/67 441/238/67 444/241/67 445/283/67
f 444/274/1 435/275/1 446/276/1 445/277/1
f 447/242/68 443/243/68 445/244/68 446/245/68
f 431/284/69 447/288/69 446/289/69 435/285/69
f 440/262/69 442/263/69 448/264/69 427/265/69
f 472/10/70 450/11/70 449/12/70 451/13/70
f 449/6/71 450/7/71 453/8/71 452/9/71
f 456/38/4 462/39/4 463/40/4 464/41/4 451/42/4 449/43/4 452/44/4 454/45/4
f 452/14/72 453/15/72 455/16/72 454/17/72
f 454/63/73 455/68/73 459/69/73 457/64/73
f 456/62/73 454/63/73 457/64/73 460/65/73
f 457/54/4 458/55/4 461/56/4 460/57/4
f 457/50/72 459/51/72 468/52/72 458/53/72
f 462/18/72 456/19/72 460/20/72 461/21/72
f 463/23/71 462/70/71 461/71/71 458/24/71
f 463/2/72 465/3/72 466/4/72 464/5/72
f 465/22/71 463/23/71 458/24/71 468/25/71
f 467/30/1 471/31/1 455/32/1 453/33/1 450/34/1 472/35/1 466/36/1 465/37/1
f 467/66/71 465/22/71 468/25/71 469/67/71
f 468/58/1 459/59/1 470/60/1 469/61/1
f 471/26/72 467/27/72 469/28/72 470/29/72
f 455/68/73 471/72/73 470/73/73 459/69/73
f 464/46/73 466/47/73 472/48/73 451/49/73
f 496/154/74 474/155/74 473/156/74 475/157/74
f 473/150/75 474/151/75 477/152/75 476/153/75
f 480/182/4 486/183/4 487/184/4 488/185/4 475/186/4 473/187/4 476/188/4 478/189/4
f 476/158/76 477/159/76 479/160/76 478/161/76
f 478/207/77 479/212/77 483/213/77 481/208/77
f 480/206/77 478/207/77 481/208/77 484/209/77
f 481/198/4 482/199/4 485/200/4 484/201/4
f 481/194/76 483/195/76 492/196/76 482/197/76
f 486/162/76 480/163/76 484/164/76 485/165/76
f 487/167/75 486/214/75 485/215/75 482/168/75
f 487/146/76 489/147/76 490/148/76 488/149/76
f 489/166/75 487/167/75 482/168/75 492/169/75
f 491/174/1 495/175/1 479/176/1 477/177/1 474/178/1 496/179/1 490/180/1 489/181/1
f 491/210/75 489/166/75 492/169/75 493/211/75
f 492/202/1 483/203/1 494/204/1 493/205/1
f 495/170/76 491/171/76 493/172/76 494/173/76
f 479/212/77 495/216/77 494/217/77 483/213/77
f 488/190/77 490/191/77 496/192/77 475/193/77
f 520/226/78 498/227/78 497/228/78 499/229/78
f 497/222/79 498/223/79 501/224/79 500/225/79
f 504/254/4 510/255/4 511/256/4 512/257/4 499/258/4 497/259/4 500/260/4 502/261/4
f 500/230/80 501/231/80 503/232/80 502/233/80
f 502/279/81 503/284/81 507/285/81 505/280/81
f 504/278/81 502/279/81 505/280/81 508/281/81
f 505/270/4 506/271/4 509/272/4 508/273/4
f 505/266/80 507/267/80 516/268/80 506/269/80
f 510/234/80 504/235/80 508/236/80 509/237/80
f 511/239/79 510/286/79 509/287/79 506/240/79
f 511/218/80 513/219/80 514/220/80 512/221/80
f 513/238/79 511/239/79 506/240/79 516/241/79
f 515/246/1 519/247/1 503/248/1 501/249/1 498/250/1 520/251/1 514/252/1 513/253/1
f 515/282/79 513/238/79 516/241/79 517/283/79
f 516/274/1 507/275/1 518/276/1 517/277/1
f 519/242/80 515/243/80 517/244/80 518/245/80
f 503/284/81 519/288/81 518/289/81 507/285/81
f 512/262/81 514/263/81 520/264/81 499/265/81
f 544/10/82 522/11/82 521/12/82 523/13/82
f 521/6/83 522/7/83 525/8/83 524/9/83
f 528/38/4 534/39/4 535/40/4 536/41/4 523/42/4 521/43/4 524/44/4 526/45/4
f 524/14/84 525/15/84 527/16/84 526/17/84
f 526/63/85 527/68/85 531/69/85 529/64/85
f 528/62/85 526/63/85 529/64/85 532/65/85
f 529/54/4 530/55/4 533/56/4 532/57/4
f 529/50/84 531/51/84 540/52/84 530/53/84
f 534/18/84 528/19/84 532/20/84 533/21/84
f 535/23/83 534/70/83 533/71/83 530/24/83
f 535/2/84 537/3/84 538/4/84 536/5/84
f 537/22/83 535/23/83 530/24/83 540/25/83
f 539/30/1 543/31/1 527/32/1 525/33/1 522/34/1 544/35/1 538/36/1 537/37/1
f 539/66/83 537/22/83 540/25/83 541/67/83
f 540/58/1 531/59/1 542/60/1 541/61/1
f 543/26/84 539/27/84 541/28/84 542/29/84
f 527/68/85 543/72/85 542/73/85 531/69/85
f 536/46/85 538/47/85 544/48/85 523/49/85
f 568/290/86 546/291/86 545/292/86 547/293/86
f 545/294/87 546/295/87 549/296/87 548/297/87
f 552/298/4 558/299/4 559/300/4 560/301/4 547/302/4 545/303/4 548/304/4 550/305/4
f 548/306/88 549/307/88 551/308/88 550/309/88
f 550/310/89 551/311/89 555/312/89 553/313/89
f 552/314/89 550/310/89 553/313/89 556/315/89
f 553/316/4 554/317/4 557/318/4 556/319/4
f 553/320/88 555/321/88 564/322/88 554/323/88
f 558/324/88 552/325/88 556/326/88 557/327/88
f 559/328/87 558/329/87 557/330/87 554/331/87
f 559/332/88 561/333/88 562/334/88 560/335/88
f 561/336/87 559/328/87 554/331/87 564/337/87
f 563/338/1 567/339/1 551/340/1 549/341/1 546/342/1 568/343/1 562/344/1 561/345/1
f 563/346/87 561/336/87 564/337/87 565/347/87
f 564/348/1 555/349/1 566/350/1 565/351/1
f 567/352/88 563/353/88 565/354/88 566/355/88
f 551/311/89 567/356/89 566/357/89 555/312/89
f 560/358/89 562/359/89 568/360/89 547/361/89
f 592/82/90 570/83/90 569/84/90 571/85/90
f 569/78/91 570/79/91 573/80/91 572/81/91
f 576/110/4 582/111/4 583/112/4 584/113/4 571/114/4 569/115/4 572/116/4 574/117/4
f 572/86/92 573/87/92 575/88/92 574/89/92
f 574/135/93 575/140/93 579/141/93 577/136/93
f 576/134/93 574/135/93 577/136/93 580/137/93
f 577/126/4 578/127/4 581/128/4 580/129/4
f 577/122/92 579/123/92 588/124/92 578/125/92
f 582/90/92 576/91/92 580/92/92 581/93/92
f 583/95/91 582/142/91 581/143/91 578/96/91
f 583/74/92 585/75/92 586/76/92 584/77/92
f 585/94/91 583/95/91 578/96/91 588/97/91
f 587/102/1 591/103/1 575/104/1 573/105/1 570/106/1 592/107/1 586/108/1 585/109/1
f 587/138/91 585/94/91 588/97/91 589/139/91
f 588/130/1 579/131/1 590/132/1 589/133/1
f 591/98/92 587/99/92 589/100/92 590/101/92
f 575/140/93 591/144/93 590/145/93 579/141/93
f 584/118/93 586/119/93 592/120/93 571/121/93
f 616/226/94 594/227/94 593/228/94 595/229/94
f 593/222/95 594/223/95 597/224/95 596/225/95
f 600/254/4 606/255/4 607/256/4 608/257/4 595/258/4 593/259/4 596/260/4 598/261/4
f 596/230/96 597/231/96 599/232/96 598/233/96
f 598/279/97 599/284/97 603/285/97 601/280/97
f 600/278/97 598/279/97 601/280/97 604/281/97
f 601/270/4 602/271/4 605/272/4 604/273/4
f 601/266/96 603/267/96 612/268/96 602/269/96
f 606/234/96 600/235/96 604/236/96 605/237/96
f 607/239/95 606/286/95 605/287/95 602/240/95
f 607/218/96 609/219/96 610/220/96 608/221/96
f 609/238/95 607/239/95 602/240/95 612/241/95
f 611/246/1 615/247/1 599/248/1 597/249/1 594/250/1 616/251/1 610/252/1 609/253/1
f 611/282/95 609/238/95 612/241/95 613/283/95
f 612/274/1 603/275/1 614/276/1 613/277/1
f 615/242/96 611/243/96 613/244/96 614/245/96
f 599/284/97 615/288/97 614/289/97 603/285/97
f 608/262/97 610/263/97 616/264/97 595/265/97
f 640/290/98 618/291/98 617/292/98 619/293/98
f 617/294/99 618/295/99 621/296/99 620/297/99
f 624/298/4 630/299/4 631/300/4 632/301/4 619/302/4 617/303/4 620/304/4 622/305/4
f 620/306/100 621/307/100 623/308/100 622/309/100
f 622/310/101 623/311/101 627/312/101 625/313/101
f 624/314/101 622/310/101 625/313/101 628/315/101
f 625/316/4 626/317/4 629/318/4 628/319/4
f 625/320/102 627/321/102 636/322/102 626/323/102
f 630/324/102 624/325/102 628/326/102 629/327/102
f 631/328/99 630/329/99 629/330/99 626/331/99
f 631/332/102 633/333/102 634/334/102 632/335/102
f 633/336/99 631/328/99 626/331/99 636/337/99
f 635/338/1 639/339/1 623/340/1 621/341/1 618/342/1 640/343/1 634/344/1 633/345/1
f 635/346/99 633/336/99 636/337/99 637/347/99
f 636/348/1 627/349/1 638/350/1 637/351/1
f 639/352/102 635/353/102 637/354/102 638/355/102
f 623/311/101 639/356/101 638/357/101 627/312/101
f 632/358/101 634/359/101 640/360/101 619/361/101
f 664/154/103 642/155/103 641/156/103 643/157/103
f 641/150/104 642/151/104 645/152/104 644/153/104
f 648/182/4 654/183/4 655/184/4 656/185/4 643/186/4 641/187/4 644/188/4 646/189/4
f 644/158/105 645/159/105 647/160/105 646/161/105
f 646/207/106 647/212/106 651/213/106 649/208/106
f 648/206/106 646/207/106 649/208/106 652/209/106
f 649/198/4 650/199/4 653/200/4 652/201/4
f 649/194/105 651/195/105 660/196/105 650/197/105
f 654/162/105 648/163/105 652/164/105 653/165/105
f 655/167/104 654/214/104 653/215/104 650/168/104
f 655/146/105 657/147/105 658/148/105 656/149/105
f 657/166/104 655/167/104 650/168/104 660/169/104
f 659/174/1 663/175/1 647/176/1 645/177/1 642/178/1 664/179/1 658/180/1 657/181/1
f 659/210/104 657/166/104 660/169/104 661/211/104
f 660/202/1 651/203/1 662/204/1 661/205/1
f 663/170/105 659/171/105 661/172/105 662/173/105
f 647/212/106 663/216/106 662/217/106 651/213/106
f 656/190/106 658/191/106 664/192/106 643/193/106
f 688/226/107 666/227/107 665/228/107 667/229/107
f 665/222/108 666/223/108 669/224/108 668/225/108
f 672/254/4 678/255/4 679/256/4 680/257/4 667/258/4 665/259/4 668/260/4 670/261/4
f 668/230/109 669/231/109 671/232/109 670/233/109
f 670/279/110 671/284/110 675/285/110 673/280/110
f 672/278/110 670/279/110 673/280/110 676/281/110
f 673/270/4 674/271/4 677/272/4 676/273/4
f 673/266/109 675/267/109 684/268/109 674/269/109
f 678/234/109 672/235/109 676/236/109 677/237/109
f 679/239/108 678/286/108 677/287/108 674/240/108
f 679/218/109 681/219/109 682/220/109 680/221/109
f 681/238/108 679/239/108 674/240/108 684/241/108
f 683/246/1 687/247/1 671/248/1 669/249/1 666/250/1 688/251/1 682/252/1 681/253/1
f 683/282/108 681/238/108 684/241/108 685/283/108
f 684/274/1 675/275/1 686/276/1 685/277/1
f 687/242/109 683/243/109 685/244/109 686/245/109
f 671/284/110 687/288/110 686/289/110 675/285/110
f 680/262/110 682/263/110 688/264/110 667/265/110
f 712/10/111 690/11/111 689/12/111 691/13/111
f 689/6/112 690/7/112 693/8/112 692/9/112
f 696/38/4 702/39/4 703/40/4 704/41/4 691/42/4 689/43/4 692/44/4 694/45/4
f 692/14/113 693/15/113 695/16/113 694/17/113
f 694/63/114 695/68/114 699/69/114 697/64/114
f 696/62/114 694/63/114 697/64/114 700/65/114
f 697/54/4 698/55/4 701/56/4 700/57/4
f 697/50/113 699/51/113 708/52/113 698/53/113
f 702/18/113 696/19/113 700/20/113 701/21/113
f 703/23/112 702/70/112 701/71/112 698/24/112
f 703/2/115 705/3/115 706/4/115 704/5/115
f 705/22/112 703/23/112 698/24/112 708/25/112
f 707/30/1 711/31/1 695/32/1 693/33/1 690/34/1 712/35/1 706/36/1 705/37/1
f 707/66/112 705/22/112 708/25/112 709/67/112
f 708/58/1 699/59/1 710/60/1 709/61/1
f 711/26/113 707/27/113 709/28/113 710/29/113
f 695/68/114 711/72/114 710/73/114 699/69/114
f 704/46/114 706/47/114 712/48/114 691/49/114
f 736/290/116 714/291/116 713/292/116 715/293/116
f 713/294/117 714/295/117 717/296/117 716/297/117
f 720/298/4 726/299/4 727/300/4 728/301/4 715/302/4 713/303/4 716/304/4 718/305/4
f 716/306/118 717/307/118 719/308/118 718/309/118
f 718/310/119 719/311/119 723/312/119 721/313/119
f 720/314/119 718/310/119 721/313/119 724/315/119
f 721/316/4 722/317/4 725/318/4 724/319/4
f 721/320/118 723/321/118 732/322/118 722/323/118
f 726/324/118 720/325/118 724/326/118 725/327/118
f 727/328/117 726/329/117 725/330/117 722/331/117
f 727/332/118 729/333/118 730/334/118 728/335/118
f 729/336/117 727/328/117 722/331/117 732/337/117
f 731/338/1 735/339/1 719/340/1 717/341/1 714/342/1 736/343/1 730/344/1 729/345/1
f 731/346/117 729/336/117 732/337/117 733/347/117
f 732/348/1 723/349/1 734/350/1 733/351/1
f 735/352/118 731/353/118 733/354/118 734/355/118
f 719/311/119 735/356/119 734/357/119 723/312/119
f 728/358/119 730/359/119 736/360/119 715/361/119
f 760/154/120 738/155/120 737/156/120 739/157/120
f 737/150/121 738/151/121 741/152/121 740/153/121
f 744/182/4 750/183/4 751/184/4 752/185/4 739/186/4 737/187/4 740/188/4 742/189/4
f 740/158/122 741/159/122 743/160/122 742/161/122
f 742/207/123 743/212/123 747/213/123 745/208/123
f 744/206/123 742/207/123 745/208/123 748/209/123
f 745/198/4 746/199/4 749/200/4 748/201/4
f 745/194/122 747/195/122 756/196/122 746/197/122
f 750/162/122 744/163/122 748/164/122 749/165/122
f 751/167/121 750/214/121 749/215/121 746/168/121
f 751/146/124 753/147/124 754/148/124 752/149/124
f 753/166/121 751/167/121 746/168/121 756/169/121
f 755/174/1 759/175/1 743/176/1 741/177/1 738/178/1 760/179/1 754/180/1 753/181/1
f 755/210/121 753/166/121 756/169/121 757/211/121
f 756/202/1 747/203/1 758/204/1 757/205/1
f 759/170/122 755/171/122 757/172/122 758/173/122
f 743/212/123 759/216/123 758/217/123 747/213/123
f 752/190/123 754/191/123 760/192/123 739/193/123
f 784/226/125 762/227/125 761/228/125 763/229/125
f 761/222/126 762/223/126 765/224/126 764/225/126
f 768/254/4 774/255/4 775/256/4 776/257/4 763/258/4 761/259/4 764/260/4 766/261/4
f 764/230/127 765/231/127 767/232/127 766/233/127
f 766/279/128 767/284/128 771/285/128 769/280/128
f 768/278/128 766/279/128 769/280/128 772/281/128
f 769/270/4 770/271/4 773/272/4 772/273/4
f 769/266/127 771/267/127 780/268/127 770/269/127
f 774/234/127 768/235/127 772/236/127 773/237/127
f 775/239/126 774/286/126 773/287/126 770/240/126
f 775/218/127 777/219/127 778/220/127 776/221/127
f 777/238/126 775/239/126 770/240/126 780/241/126
f 779/246/1 783/247/1 767/248/1 765/249/1 762/250/1 784/251/1 778/252/1 777/253/1
f 779/282/126 777/238/126 780/241/126 781/283/126
f 780/274/1 771/275/1 782/276/1 781/277/1
f 783/242/127 779/243/127 781/244/127 782/245/127
f 767/284/128 783/288/128 782/289/128 771/285/128
f 776/262/128 778/263/128 784/264/128 763/265/128
f 808/10/129 786/11/129 785/12/129 787/13/129
f 785/6/130 786/7/130 789/8/130 788/9/130
f 792/38/4 798/39/4 799/40/4 800/41/4 787/42/4 785/43/4 788/44/4 790/45/4
f 788/14/131 789/15/131 791/16/131 790/17/131
f 790/63/132 791/68/132 795/69/132 793/64/132
f 792/62/132 790/63/132 793/64/132 796/65/132
f 793/54/4 794/55/4 797/56/4 796/57/4
f 793/50/131 795/51/131 804/52/131 794/53/131
f 798/18/131 792/19/131 796/20/131 797/21/131
f 799/23/130 798/70/130 797/71/130 794/24/130
f 799/2/131 801/3/131 802/4/131 800/5/131
f 801/22/130 799/23/130 794/24/130 804/25/130
f 803/30/1 807/31/1 791/32/1 789/33/1 786/34/1 808/35/1 802/36/1 801/37/1
f 803/66/130 801/22/130 804/25/130 805/67/130
f 804/58/1 795/59/1 806/60/1 805/61/1
f 807/26/131 803/27/131 805/28/131 806/29/131
f 791/68/132 807/72/132 806/73/132 795/69/132
f 800/46/132 802/47/132 808/48/132 787/49/132
f 832/290/133 810/291/133 809/292/133 811/293/133
f 809/294/134 810/295/134 813/296/134 812/297/134
f 816/298/4 822/299/4 823/300/4 824/301/4 811/302/4 809/303/4 812/304/4 814/305/4
f 812/306/135 813/307/135 815/308/135 814/309/135
f 814/310/136 815/311/136 819/312/136 817/313/136
f 816/314/136 814/310/136 817/313/136 820/315/136
f 817/316/4 818/317/4 821/318/4 820/319/4
f 817/320/135 819/321/135 828/322/135 818/323/135
f 822/324/135 816/325/135 820/326/135 821/327/135
f 823/328/134 822/329/134 821/330/134 818/331/134
f 823/332/135 825/333/135 826/334/135 824/335/135
f 825/336/134 823/328/134 818/331/134 828/337/134
f 827/338/1 831/339/1 815/340/1 813/341/1 810/342/1 832/343/1 826/344/1 825/345/1
f 827/346/134 825/336/134 828/337/134 829/347/134
f 828/348/1 819/349/1 830/350/1 829/351/1
f 831/352/135 827/353/135 829/354/135 830/355/135
f 815/311/136 831/356/136 830/357/136 819/312/136
f 824/358/136 826/359/136 832/360/136 811/361/136
f 856/82/137 834/83/137 833/84/137 835/85/137
f 833/78/138 834/79/138 837/80/138 836/81/138
f 840/110/4 846/111/4 847/112/4 848/113/4 835/114/4 833/115/4 836/116/4 838/117/4
f 836/86/139 837/87/139 839/88/139 838/89/139
f 838/135/140 839/140/140 843/141/140 841/136/140
f 840/134/140 838/135/140 841/136/140 844/137/140
f 841/126/4 842/127/4 845/128/4 844/129/4
f 841/122/139 843/123/139 852/124/139 842/125/139
f 846/90/139 840/91/139 844/92/139 845/93/139
f 847/95/138 846/142/138 845/143/138 842/96/138
f 847/74/139 849/75/139 850/76/139 848/77/139
f 849/94/138 847/95/138 842/96/138 852/97/138
f 851/102/1 855/103/1 839/104/1 837/105/1 834/106/1 856/107/1 850/108/1 849/109/1
f 851/138/138 849/94/138 852/97/138 853/139/138
f 852/130/1 843/131/1 854/132/1 853/133/1
f 855/98/139 851/99/139 853/100/139 854/101/139
f 839/140/140 855/144/140 854/145/140 843/141/140
f 848/118/140 850/119/140 856/120/140 835/121/140
f 880/154/141 858/155/141 857/156/141 859/157/141
f 857/150/142 858/151/142 861/152/142 860/153/142
f 864/182/4 870/183/4 871/184/4 872/185/4 859/186/4 857/187/4 860/188/4 862/189/4
f 860/158/143 861/159/143 863/160/143 862/161/143
f 862/207/144 863/212/144 867/213/144 865/208/144
f 864/206/144 862/207/144 865/208/144 868/209/144
f 865/198/4 866/199/4 869/200/4 868/201/4
f 865/194/143 867/195/143 876/196/143 866/197/143
f 870/162/143 864/163/143 868/164/143 869/165/143
f 871/167/142 870/214/142 869/215/142 866/168/142
f 871/146/143 873/147/143 874/148/143 872/149/143
f 873/166/142 871/167/142 866/168/142 876/169/142
f 875/174/1 879/175/1 863/176/1 861/177/1 858/178/1 880/179/1 874/180/1 873/181/1
f 875/210/142 873/166/142 876/169/142 877/211/142
f 876/202/1 867/203/1 878/204/1 877/205/1
f 879/170/143 875/171/143 877/172/143 878/173/143
f 863/212/144 879/216/144 878/217/144 867/213/144
f 872/190/144 874/191/144 880/192/144 859/193/144
f 904/10/145 882/11/145 881/12/145 883/13/145
f 881/6/146 882/7/146 885/8/146 884/9/146
f 888/38/4 894/39/4 895/40/4 896/41/4 883/42/4 881/43/4 884/44/4 886/45/4
f 884/14/147 885/15/147 887/16/147 886/17/147
f 886/63/148 887/68/148 891/69/148 889/64/148
f 888/62/148 886/63/148 889/64/148 892/65/148
f 889/54/4 890/55/4 893/56/4 892/57/4
f 889/50/147 891/51/147 900/52/147 890/53/147
f 894/18/147 888/19/147 892/20/147 893/21/147
f 895/23/146 894/70/146 893/71/146 890/24/146
f 895/2/147 897/3/147 898/4/147 896/5/147
f 897/22/146 895/23/146 890/24/146 900/25/146
f 899/30/1 903/31/1 887/32/1 885/33/1 882/34/1 904/35/1 898/36/1 897/37/1
f 899/66/146 897/22/146 900/25/146 901/67/146
f 900/58/1 891/59/1 902/60/1 901/61/1
f 903/26/147 899/27/147 901/28/147 902/29/147
f 887/68/148 903/72/148 902/73/148 891/69/148
f 896/46/148 898/47/148 904/48/148 883/49/148
f 928/290/149 906/291/149 905/292/149 907/293/149
f 905/294/150 906/295/150 909/296/150 908/297/150
f 912/298/4 918/299/4 919/300/4 920/301/4 907/302/4 905/303/4 908/304/4 910/305/4
f 908/306/151 909/307/151 911/308/151 910/309/151
f 910/310/152 911/311/152 915/312/152 913/313/152
f 912/314/152 910/310/152 913/313/152 916/315/152
f 913/316/4 914/317/4 917/318/4 916/319/4
f 913/320/151 915/321/151 924/322/151 914/323/151
f 918/324/151 912/325/151 916/326/151 917/327/151
f 919/328/150 918/329/150 917/330/150 914/331/150
f 919/332/153 921/333/153 922/334/153 920/335/153
f 921/336/150 919/328/150 914/331/150 924/337/150
f 923/338/1 927/339/1 911/340/1 909/341/1 906/342/1 928/343/1 922/344/1 921/345/1
f 923/346/150 921/336/150 924/337/150 925/347/150
f 924/348/1 915/349/1 926/350/1 925/351/1
f 927/352/151 923/353/151 925/354/151 926/355/151
f 911/311/152 927/356/152 926/357/152 915/312/152
f 920/358/152 922/359/152 928/360/152 907/361/152
f 952/154/154 930/155/154 929/156/154 931/157/154
f 929/150/155 930/151/155 933/152/155 932/153/155
f 936/182/4 942/183/4 943/184/4 944/185/4 931/186/4 929/187/4 932/188/4 934/189/4
f 932/158/156 933/159/156 935/160/156 934/161/156
f 934/207/157 935/212/157 939/213/157 937/208/157
f 936/206/157 934/207/157 937/208/157 940/209/157
f 937/198/4 938/199/4 941/200/4 940/201/4
f 937/194/156 939/195/156 948/196/156 938/197/156
f 942/162/156 936/163/156 940/164/156 941/165/156
f 943/167/155 942/214/155 941/215/155 938/168/155
f 943/146/156 945/147/156 946/148/156 944/149/156
f 945/166/155 943/167/155 938/168/155 948/169/155
f 947/174/1 951/175/1 935/176/1 933/177/1 930/178/1 952/179/1 946/180/1 945/181/1
f 947/210/155 945/166/155 948/169/155 949/211/155
f 948/202/1 939/203/1 950/204/1 949/205/1
f 951/170/156 947/171/156 949/172/156 950/173/156
f 935/212/157 951/216/157 950/217/157 939/213/157
f 944/190/157 946/191/157 952/192/157 931/193/157
f 976/226/158 954/227/158 953/228/158 955/229/158
f 953/222/159 954/223/159 957/224/159 956/225/159
f 960/254/4 966/255/4 967/256/4 968/257/4 955/258/4 953/259/4 956/260/4 958/261/4
f 956/230/160 957/231/160 959/232/160 958/233/160
f 958/279/161 959/284/161 963/285/161 961/280/161
f 960/278/161 958/279/161 961/280/161 964/281/161
f 961/270/4 962/271/4 965/272/4 964/273/4
f 961/266/160 963/267/160 972/268/160 962/269/160
f 966/234/160 960/235/160 964/236/160 965/237/160
f 967/239/159 966/286/159 965/287/159 962/240/159
f 967/218/160 969/219/160 970/220/160 968/221/160
f 969/238/159 967/239/159 962/240/159 972/241/159
f 971/246/1 975/247/1 959/248/1 957/249/1 954/250/1 976/251/1 970/252/1 969/253/1
f 971/282/159 969/238/159 972/241/159 973/283/159
f 972/274/1 963/275/1 974/276/1 973/277/1
f 975/242/160 971/243/160 973/244/160 974/245/160
f 959/284/161 975/288/161 974/289/161 963/285/161
f 968/262/161 970/263/161 976/264/161 955/265/161
f 1000/10/162 978/11/162 977/12/162 979/13/162
f 977/6/163 978/7/163 981/8/163 980/9/163
f 984/38/4 990/39/4 991/40/4 992/41/4 979/42/4 977/43/4 980/44/4 982/45/4
f 980/14/164 981/15/164 983/16/164 982/17/164
f 982/63/165 983/68/165 987/69/165 985/64/165
f 984/62/165 982/63/165 985/64/165 988/65/165
f 985/54/4 986/55/4 989/56/4 988/57/4
f 985/50/164 987/51/164 996/52/164 986/53/164
f 990/18/164 984/19/164 988/20/164 989/21/164
f 991/23/163 990/70/163 989/71/163 986/24/163
f 991/2/164 993/3/164 994/4/164 992/5/164
f 993/22/163 991/23/163 986/24/163 996/25/163
f 995/30/1 999/31/1 983/32/1 981/33/1 978/34/1 1000/35/1 994/36/1 993/37/1
f 995/66/163 993/22/163 996/25/163 997/67/163
f 996/58/1 987/59/1 998/60/1 997/61/1
f 999/26/164 995/27/164 997/28/164 998/29/164
f 983/68/165 999/72/165 998/73/165 987/69/165
f 992/46/165 994/47/165 1000/48/165 979/49/165
f 1024/290/166 1002/291/166 1001/292/166 1003/293/166
f 1001/294/167 1002/295/167 1005/296/167 1004/297/167
f 1008/298/4 1014/299/4 1015/300/4 1016/301/4 1003/302/4 1001/303/4 1004/304/4 1006/305/4
f 1004/306/168 1005/307/168 1007/308/168 1006/309/168
f 1006/310/169 1007/311/169 1011/312/169 1009/313/169
f 1008/314/169 1006/310/169 1009/313/169 1012/315/169
f 1009/316/4 1010/317/4 1013/318/4 1012/319/4
f 1009/320/168 1011/321/168 1020/322/168 1010/323/168
f 1014/324/168 1008/325/168 1012/326/168 1013/327/168
f 1015/328/167 1014/329/167 1013/330/167 1010/331/167
f 1015/332/168 1017/333/168 1018/334/168 1016/335/168
f 1017/336/167 1015/328/167 1010/331/167 1020/337/167
f 1019/338/1 1023/339/1 1007/340/1 1005/341/1 1002/342/1 1024/343/1 1018/344/1 1017/345/1
f 1019/346/167 1017/336/167 1020/337/167 1021/347/167
f 1020/348/1 1011/349/1 1022/350/1 1021/351/1
f 1023/352/168 1019/353/168 1021/354/168 1022/355/168
f 1007/311/169 1023/356/169 1022/357/169 1011/312/169
f 1016/358/169 1018/359/169 1024/360/169 1003/361/169
f 1048/154/111 1026/155/111 1025/156/111 1027/157/111
f 1025/150/112 1026/151/112 1029/152/112 1028/153/112
f 1032/182/4 1038/183/4 1039/184/4 1040/185/4 1027/186/4 1025/187/4 1028/188/4 1030/189/4
f 1028/158/113 1029/159/113 1031/160/113 1030/161/113
f 1030/207/114 1031/212/114 1035/213/114 1033/208/114
f 1032/206/114 1030/207/114 1033/208/114 1036/209/114
f 1033/198/4 1034/199/4 1037/200/4 1036/201/4
f 1033/194/113 1035/195/113 1044/196/113 1034/197/113
f 1038/162/113 1032/163/113 1036/164/113 1037/165/113
f 1039/167/112 1038/214/112 1037/215/112 1034/168/112
f 1039/146/113 1041/147/113 1042/148/113 1040/149/113
f 1041/166/112 1039/167/112 1034/168/112 1044/169/112
f 1043/174/1 1047/175/1 1031/176/1 1029/177/1 1026/178/1 1048/179/1 1042/180/1 1041/181/1
f 1043/210/112 1041/166/112 1044/169/112 1045/211/112
f 1044/202/1 1035/203/1 1046/204/1 1045/205/1
f 1047/170/113 1043/171/113 1045/172/113 1046/173/113
f 1031/212/114 1047/216/114 1046/217/114 1035/213/114
f 1040/190/114 1042/191/114 1048/192/114 1027/193/114
f 1072/226/170 1050/227/170 1049/228/170 1051/229/170
f 1049/222/171 1050/223/171 1053/224/171 1052/225/171
f 1056/254/4 1062/255/4 1063/256/4 1064/257/4 1051/258/4 1049/259/4 1052/260/4 1054/261/4
f 1052/230/172 1053/231/172 1055/232/172 1054/233/172
f 1054/279/173 1055/284/173 1059/285/173 1057/280/173
f 1056/278/173 1054/279/173 1057/280/173 1060/281/173
f 1057/270/4 1058/271/4 1061/272/4 1060/273/4
f 1057/266/172 1059/267/172 1068/268/172 1058/269/172
f 1062/234/172 1056/235/172 1060/236/172 1061/237/172
f 1063/239/171 1062/286/171 1061/287/171 1058/240/171
f 1063/218/174 1065/219/174 1066/220/174 1064/221/174
f 1065/238/171 1063/239/171 1058/240/171 1068/241/171
f 1067/246/1 1071/247/1 1055/248/1 1053/249/1 1050/250/1 1072/251/1 1066/252/1 1065/253/1
f 1067/282/171 1065/238/171 1068/241/171 1069/283/171
f 1068/274/1 1059/275/1 1070/276/1 1069/277/1
f 1071/242/172 1067/243/172 1069/244/172 1070/245/172
f 1055/284/173 1071/288/173 1070/289/173 1059/285/173
f 1064/262/173 1066/263/173 1072/264/173 1051/265/173
f 1096/10/175 1074/11/175 1073/12/175 1075/13/175
f 1073/6/176 1074/7/176 1077/8/176 1076/9/176
f 1080/38/4 1086/39/4 1087/40/4 1088/41/4 1075/42/4 1073/43/4 1076/44/4 1078/45/4
f 1076/14/177 1077/15/177 1079/16/177 1078/17/177
f 1078/63/178 1079/68/178 1083/69/178 1081/64/178
f 1080/62/178 1078/63/178 1081/64/178 1084/65/178
f 1081/54/4 1082/55/4 1085/56/4 1084/57/4
f 1081/50/177 1083/51/177 1092/52/177 1082/53/177
f 1086/18/177 1080/19/177 1084/20/177 1085/21/177
f 1087/23/176 1086/70/176 1085/71/176 1082/24/176
f 1087/2/177 1089/3/177 1090/4/177 1088/5/177
f 1089/22/176 1087/23/176 1082/24/176 1092/25/176
f 1091/30/1 1095/31/1 1079/32/1 1077/33/1 1074/34/1 1096/35/1 1090/36/1 1089/37/1
f 1091/66/176 1089/22/176 1092/25/176 1093/67/176
f 1092/58/1 1083/59/1 1094/60/1 1093/61/1
f 1095/26/177 1091/27/177 1093/28/177 1094/29/177
f 1079/68/178 1095/72/178 1094/73/178 1083/69/178
f 1088/46/178 1090/47/178 1096/48/178 1075/49/178
f 1120/290/179 1098/291/179 1097/292/179 1099/293/179
f 1097/294/180 1098/295/180 1101/296/180 1100/297/180
f 1104/298/4 1110/299/4 1111/300/4 1112/301/4 1099/302/4 1097/303/4 1100/304/4 1102/305/4
f 1100/306/181 1101/307/181 1103/308/181 1102/309/181
f 1102/310/182 1103/311/182 1107/312/182 1105/313/182
f 1104/314/182 1102/310/182 1105/313/182 1108/315/182
f 1105/316/4 1106/317/4 1109/318/4 1108/319/4
f 1105/320/183 1107/321/183 1116/322/183 1106/323/183
f 1110/324/183 1104/325/183 1108/326/183 1109/327/183
f 1111/328/180 1110/329/180 1109/330/180 1106/331/180
f 1111/332/183 1113/333/183 1114/334/183 1112/335/183
f 1113/336/180 1111/328/180 1106/331/180 1116/337/180
f 1115/338/1 1119/339/1 1103/340/1 1101/341/1 1098/342/1 1120/343/1 1114/344/1 1113/345/1
f 1115/346/180 1113/336/180 1116/337/180 1117/347/180
f 1116/348/1 1107/349/1 1118/350/1 1117/351/1
f 1119/352/183 1115/353/183 1117/354/183 1118/355/183
f 1103/311/182 1119/356/182 1118/357/182 1107/312/182
f 1112/358/182 1114/359/182 1120/360/182 1099/361/182
f 1144/82/184 1122/83/184 1121/84/184 1123/85/184
f 1121/78/185 1122/79/185 1125/80/185 1124/81/185
f 1128/110/4 1134/111/4 1135/112/4 1136/113/4 1123/114/4 1121/115/4 1124/116/4 1126/117/4
f 1124/86/186 1125/87/186 1127/88/186 1126/89/186
f 1126/135/187 1127/140/187 1131/141/187 1129/136/187
f 1128/134/187 1126/135/187 1129/136/187 1132/137/187
f 1129/126/4 1130/127/4 1133/128/4 1132/129/4
f 1129/122/186 1131/123/186 1140/124/186 1130/125/186
f 1134/90/186 1128/91/186 1132/92/186 1133/93/186
f 1135/95/185 1134/142/185 1133/143/185 1130/96/185
f 1135/74/186 1137/75/186 1138/76/186 1136/77/186
f 1137/94/185 1135/95/185 1130/96/185 1140/97/185
f 1139/102/1 1143/103/1 1127/104/1 1125/105/1 1122/106/1 1144/107/1 1138/108/1 1137/109/1
f 1139/138/185 1137/94/185 1140/97/185 1141/139/185
f 1140/130/1 1131/131/1 1142/132/1 1141/133/1
f 1143/98/186 1139/99/186 1141/100/186 1142/101/186
f 1127/140/187 1143/144/187 1142/145/187 1131/141/187
f 1136/118/187 1138/119/187 1144/120/187 1123/121/187
f 1168/154/188 1146/155/188 1145/156/188 1147/157/188
f 1145/150/189 1146/151/189 1149/152/189 1148/153/189
f 1152/182/4 1158/183/4 1159/184/4 1160/185/4 1147/186/4 1145/187/4 1148/188/4 1150/189/4
f 1148/158/190 1149/159/190 1151/160/190 1150/161/190
f 1150/207/191 1151/212/191 1155/213/191 1153/208/191
f 1152/206/191 1150/207/191 1153/208/191 1156/209/191
f 1153/198/4 1154/199/4 1157/200/4 1156/201/4
f 1153/194/190 1155/195/190 1164/196/190 1154/197/190
f 1158/162/190 1152/163/190 1156/164/190 1157/165/190
f 1159/167/189 1158/214/189 1157/215/189 1154/168/189
f 1159/146/190 1161/147/190 1162/148/190 1160/149/190
f 1161/166/189 1159/167/189 1154/168/189 1164/169/189
f 1163/174/1 1167/175/1 1151/176/1 1149/177/1 1146/178/1 1168/179/1 1162/180/1 1161/181/1
f 1163/210/189 1161/166/189 1164/169/189 1165/211/189
f 1164/202/1 1155/203/1 1166/204/1 1165/205/1
f 1167/170/190 1163/171/190 1165/172/190 1166/173/190
f 1151/212/191 1167/216/191 1166/217/191 1155/213/191
f 1160/190/191 1162/191/191 1168/192/191 1147/193/191
f 1192/10/192 1170/11/192 1169/12/192 1171/13/192
f 1169/6/193 1170/7/193 1173/8/193 1172/9/193
f 1176/38/4 1182/39/4 1183/40/4 1184/41/4 1171/42/4 1169/43/4 1172/44/4 1174/45/4
f 1172/14/194 1173/15/194 1175/16/194 1174/17/194
f 1174/63/195 1175/68/195 1179/69/195 1177/64/195
f 1176/62/195 1174/63/195 1177/64/195 1180/65/195
f 1177/54/4 1178/55/4 1181/56/4 1180/57/4
f 1177/50/194 1179/51/194 1188/52/194 1178/53/194
f 1182/18/194 1176/19/194 1180/20/194 1181/21/194
f 1183/23/193 1182/70/193 1181/71/193 1178/24/193
f 1183/2/194 1185/3/194 1186/4/194 1184/5/194
f 1185/22/193 1183/23/193 1178/24/193 1188/25/193
f 1187/30/1 1191/31/1 1175/32/1 1173/33/1 1170/34/1 1192/35/1 1186/36/1 1185/37/1
f 1187/66/193 1185/22/193 1188/25/193 1189/67/193
f 1188/58/1 1179/59/1 1190/60/1 1189/61/1
f 1191/26/194 1187/27/194 1189/28/194 1190/29/194
f 1175/68/195 1191/72/195 1190/73/195 1179/69/195
f 1184/46/195 1186/47/195 1192/48/195 1171/49/195
f 1216/290/196 1194/291/196 1193/292/196 1195/293/196
f 1193/294/197 1194/295/197 1197/296/197 1196/297/197
f 1200/298/4 1206/299/4 1207/300/4 1208/301/4 1195/302/4 1193/303/4 1196/304/4 1198/305/4
f 1196/306/198 1197/307/198 1199/308/198 1198/309/198
f 1198/310/199 1199/311/199 1203/312/199 1201/313/199
f 1200/314/199 1198/310/199 1201/313/199 1204/315/199
f 1201/316/4 1202/317/4 1205/318/4 1204/319/4
f 1201/320/198 1203/321/198 1212/322/198 1202/323/198
f 1206/324/198 1200/325/198 1204/326/198 1205/327/198
f 1207/328/197 1206/329/197 1205/330/197 1202/331/197
f 1207/332/200 1209/333/200 1210/334/200 1208/335/200
f 1209/336/197 1207/328/197 1202/331/197 1212/337/197
f 1211/338/1 1215/339/1 1199/340/1 1197/341/1 1194/342/1 1216/343/1 1210/344/1 1209/345/1
f 1211/346/197 1209/336/197 1212/337/197 1213/347/197
f 1212/348/1 1203/349/1 1214/350/1 1213/351/1
f 1215/352/198 1211/353/198 1213/354/198 1214/355/198
f 1199/311/199 1215/356/199 1214/357/199 1203/312/199
f 1208/358/199 1210/359/199 1216/360/199 1195/361/199
f 1240/82/201 1218/83/201 1217/84/201 1219/85/201
f 1217/78/202 1218/79/202 1221/80/202 1220/81/202
f 1224/110/4 1230/111/4 1231/112/4 1232/113/4 1219/114/4 1217/115/4 1220/116/4 1222/117/4
f 1220/86/203 1221/87/203 1223/88/203 1222/89/203
f 1222/135/204 1223/140/204 1227/141/204 1225/136/204
f 1224/134/204 1222/135/204 1225/136/204 1228/137/204
f 1225/126/4 1226/127/4 1229/128/4 1228/129/4
f 1225/122/203 1227/123/203 1236/124/203 1226/125/203
f 1230/90/203 1224/91/203 1228/92/203 1229/93/203
f 1231/95/202 1230/142/202 1229/143/202 1226/96/202
f 1231/74/203 1233/75/203 1234/76/203 1232/77/203
f 1233/94/202 1231/95/202 1226/96/202 1236/97/202
f 1235/102/1 1239/103/1 1223/104/1 1221/105/1 1218/106/1 1240/107/1 1234/108/1 1233/109/1
f 1235/138/202 1233/94/202 1236/97/202 1237/139/202
f 1236/130/1 1227/131/1 1238/132/1 1237/133/1
f 1239/98/203 1235/99/203 1237/100/203 1238/101/203
f 1223/140/204 1239/144/204 1238/145/204 1227/141/204
f 1232/118/204 1234/119/204 1240/120/204 1219/121/204
f 1264/154/205 1242/155/205 1241/156/205 1243/157/205
f 1241/150/206 1242/151/206 1245/152/206 1244/153/206
f 1248/182/4 1254/183/4 1255/184/4 1256/185/4 1243/186/4 1241/187/4 1244/188/4 1246/189/4
f 1244/158/207 1245/159/207 1247/160/207 1246/161/207
f 1246/207/208 1247/212/208 1251/213/208 1249/208/208
f 1248/206/208 1246/207/208 1249/208/208 1252/209/208
f 1249/198/4 1250/199/4 1253/200/4 1252/201/4
f 1249/194/207 1251/195/207 1260/196/207 1250/197/207
f 1254/162/207 1248/163/207 1252/164/207 1253/165/207
f 1255/167/206 1254/214/206 1253/215/206 1250/168/206
f 1255/146/207 1257/147/207 1258/148/207 1256/149/207
f 1257/166/206 1255/167/206 1250/168/206 1260/169/206
f 1259/174/1 1263/175/1 1247/176/1 1245/177/1 1242/178/1 1264/179/1 1258/180/1 1257/181/1
f 1259/210/206 1257/166/206 1260/169/206 1261/211/206
f 1260/202/1 1251/203/1 1262/204/1 1261/205/1
f 1263/170/207 1259/171/207 1261/172/207 1262/173/207
f 1247/212/208 1263/216/208 1262/217/208 1251/213/208
f 1256/190/208 1258/191/208 1264/192/208 1243/193/208
f 1288/10/209 1266/11/209 1265/12/209 1267/13/209
f 1265/6/210 1266/7/210 1269/8/210 1268/9/210
f 1272/38/4 1278/39/4 1279/40/4 1280/41/4 1267/42/4 1265/43/4 1268/44/4 1270/45/4
f 1268/14/211 1269/15/211 1271/16/211 1270/17/211
f 1270/63/212 1271/68/212 1275/69/212 1273/64/212
f 1272/62/212 1270/63/212 1273/64/212 1276/65/212
f 1273/54/4 1274/55/4 1277/56/4 1276/57/4
f 1273/50/211 1275/51/211 1284/52/211 1274/53/211
f 1278/18/211 1272/19/211 1276/20/211 1277/21/211
f 1279/23/210 1278/70/210 1277/71/210 1274/24/210
f 1279/2/211 1281/3/211 1282/4/211 1280/5/211
f 1281/22/210 1279/23/210 1274/24/210 1284/25/210
f 1283/30/1 1287/31/1 1271/32/1 1269/33/1 1266/34/1 1288/35/1 1282/36/1 1281/37/1
f 1283/66/210 1281/22/210 1284/25/210 1285/67/210
f 1284/58/1 1275/59/1 1286/60/1 1285/61/1
f 1287/26/211 1283/27/211 1285/28/211 1286/29/211
f 1271/68/212 1287/72/212 1286/73/212 1275/69/212
f 1280/46/212 1282/47/212 1288/48/212 1267/49/212
f 1312/290/179 1290/291/179 1289/292/179 1291/293/179
f 1289/294/180 1290/295/180 1293/296/180 1292/297/180
f 1296/298/4 1302/299/4 1303/300/4 1304/301/4 1291/302/4 1289/303/4 1292/304/4 1294/305/4
f 1292/306/183 1293/307/183 1295/308/183 1294/309/183
f 1294/310/182 1295/311/182 1299/312/182 1297/313/182
f 1296/314/182 1294/310/182 1297/313/182 1300/315/182
f 1297/316/4 1298/317/4 1301/318/4 1300/319/4
f 1297/320/183 1299/321/183 1308/322/183 1298/323/183
f 1302/324/183 1296/325/183 1300/326/183 1301/327/183
f 1303/328/180 1302/329/180 1301/330/180 1298/331/180
f 1303/332/183 1305/333/183 1306/334/183 1304/335/183
f 1305/336/180 1303/328/180 1298/331/180 1308/337/180
f 1307/338/1 1311/339/1 1295/340/1 1293/341/1 1290/342/1 1312/343/1 1306/344/1 1305/345/1
f 1307/346/180 1305/336/180 1308/337/180 1309/347/180
f 1308/348/1 1299/349/1 1310/350/1 1309/351/1
f 1311/352/183 1307/353/183 1309/354/183 1310/355/183
f 1295/311/182 1311/356/182 1310/357/182 1299/312/182
f 1304/358/182 1306/359/182 1312/360/182 1291/361/182
f 1336/82/213 1314/83/213 1313/84/213 1315/85/213
f 1313/78/214 1314/79/214 1317/80/214 1316/81/214
f 1320/110/4 1326/111/4 1327/112/4 1328/113/4 1315/114/4 1313/115/4 1316/116/4 1318/117/4
f 1316/86/215 1317/87/215 1319/88/215 1318/89/215
f 1318/135/216 1319/140/216 1323/141/216 1321/136/216
f 1320/134/216 1318/135/216 1321/136/216 1324/137/216
f 1321/126/4 1322/127/4 1325/128/4 1324/129/4
f 1321/122/215 1323/123/215 1332/124/215 1322/125/215
f 1326/90/215 1320/91/215 1324/92/215 1325/93/215
f 1327/95/214 1326/142/214 1325/143/214 1322/96/214
f 1327/74/215 1329/75/215 1330/76/215 1328/77/215
f 1329/94/214 1327/95/214 1322/96/214 1332/97/214
f 1331/102/1 1335/103/1 1319/104/1 1317/105/1 1314/106/1 1336/107/1 1330/108/1 1329/109/1
f 1331/138/214 1329/94/214 1332/97/214 1333/139/214
f 1332/130/1 1323/131/1 1334/132/1 1333/133/1
f 1335/98/215 1331/99/215 1333/100/215 1334/101/215
f 1319/140/216 1335/144/216 1334/145/216 1323/141/216
f 1328/118/216 1330/119/216 1336/120/216 1315/121/216
f 1360/154/217 1338/155/217 1337/156/217 1339/157/217
f 1337/150/218 1338/151/218 1341/152/218 1340/153/218
f 1344/182/4 1350/183/4 1351/184/4 1352/185/4 1339/186/4 1337/187/4 1340/188/4 1342/189/4
f 1340/158/219 1341/159/219 1343/160/219 1342/161/219
f 1342/207/220 1343/212/220 1347/213/220 1345/208/220
f 1344/206/220 1342/207/220 1345/208/220 1348/209/220
f 1345/198/4 1346/199/4 1349/200/4 1348/201/4
f 1345/194/221 1347/195/221 1356/196/221 1346/197/221
f 1350/162/221 1344/163/221 1348/164/221 1349/165/221
f 1351/167/218 1350/214/218 1349/215/218 1346/168/218
f 1351/146/221 1353/147/221 1354/148/221 1352/149/221
f 1353/166/218 1351/167/218 1346/168/218 1356/169/218
f 1355/174/1 1359/175/1 1343/176/1 1341/177/1 1338/178/1 1360/179/1 1354/180/1 1353/181/1
f 1355/210/218 1353/166/218 1356/169/218 1357/211/218
f 1356/202/1 1347/203/1 1358/204/1 1357/205/1
f 1359/170/221 1355/171/221 1357/172/221 1358/173/221
f 1343/212/220 1359/216/220 1358/217/220 1347/213/220
f 1352/190/220 1354/191/220 1360/192/220 1339/193/220
f 1384/10/222 1362/11/222 1361/12/222 1363/13/222
f 1361/6/223 1362/7/223 1365/8/223 1364/9/223
f 1368/38/4 1374/39/4 1375/40/4 1376/41/4 1363/42/4 1361/43/4 1364/44/4 1366/45/4
f 1364/14/224 1365/15/224 1367/16/224 1366/17/224
f 1366/63/225 1367/68/225 1371/69/225 1369/64/225
f 1368/62/225 1366/63/225 1369/64/225 1372/65/225
f 1369/54/4 1370/55/4 1373/56/4 1372/57/4
f 1369/50/224 1371/51/224 1380/52/224 1370/53/224
f 1374/18/224 1368/19/224 1372/20/224 1373/21/224
f 1375/23/223 1374/70/223 1373/71/223 1370/24/223
f 1375/2/224 1377/3/224 1378/4/224 1376/5/224
f 1377/22/223 1375/23/223 1370/24/223 1380/25/223
f 1379/30/1 1383/31/1 1367/32/1 1365/33/1 1362/34/1 1384/35/1 1378/36/1 1377/37/1
f 1379/66/223 1377/22/223 1380/25/223 1381/67/223
f 1380/58/1 1371/59/1 1382/60/1 1381/61/1
f 1383/26/224 1379/27/224 1381/28/224 1382/29/224
f 1367/68/225 1383/72/225 1382/73/225 1371/69/225
f 1376/46/225 1378/47/225 1384/48/225 1363/49/225
f 1408/290/226 1386/291/226 1385/292/226 1387/293/226
f 1385/294/227 1386/295/227 1389/296/227 1388/297/227
f 1392/298/4 1398/299/4 1399/300/4 1400/301/4 1387/302/4 1385/303/4 1388/304/4 1390/305/4
f 1388/306/228 1389/307/228 1391/308/228 1390/309/228
f 1390/310/229 1391/311/229 1395/312/229 1393/313/229
f 1392/314/229 1390/310/229 1393/313/229 1396/315/229
f 1393/316/4 1394/317/4 1397/318/4 1396/319/4
f 1393/320/228 1395/321/228 1404/322/228 1394/323/228
f 1398/324/228 1392/325/228 1396/326/228 1397/327/228
f 1399/328/227 1398/329/227 1397/330/227 1394/331/227
f 1399/332/228 1401/333/228 1402/334/228 1400/335/228
f 1401/336/227 1399/328/227 1394/331/227 1404/337/227
f 1403/338/1 1407/339/1 1391/340/1 1389/341/1 1386/342/1 1408/343/1 1402/344/1 1401/345/1
f 1403/346/227 1401/336/227 1404/337/227 1405/347/227
f 1404/348/1 1395/349/1 1406/350/1 1405/351/1
f 1407/352/228 1403/353/228 1405/354/228 1406/355/228
f 1391/311/229 1407/356/229 1406/357/229 1395/312/229
f 1400/358/229 1402/359/229 1408/360/229 1387/361/229
f 1432/82/230 1410/83/230 1409/84/230 1411/85/230
f 1409/78/231 1410/79/231 1413/80/231 1412/81/231
f 1416/110/4 1422/111/4 1423/112/4 1424/113/4 1411/114/4 1409/115/4 1412/116/4 1414/117/4
f 1412/86/232 1413/87/232 1415/88/232 1414/89/232
f 1414/135/233 1415/140/233 1419/141/233 1417/136/233
f 1416/134/233 1414/135/233 1417/136/233 1420/137/233
f 1417/126/4 1418/127/4 1421/128/4 1420/129/4
f 1417/122/232 1419/123/232 1428/124/232 1418/125/232
f 1422/90/232 1416/91/232 1420/92/232 1421/93/232
f 1423/95/231 1422/142/231 1421/143/231 1418/96/231
f 1423/74/232 1425/75/232 1426/76/232 1424/77/232
f 1425/94/231 1423/95/231 1418/96/231 1428/97/231
f 1427/102/1 1431/103/1 1415/104/1 1413/105/1 1410/106/1 1432/107/1 1426/108/1 1425/109/1
f 1427/138/231 1425/94/231 1428/97/231 1429/139/231
f 1428/130/1 1419/131/1 1430/132/1 1429/133/1
f 1431/98/232 1427/99/232 1429/100/232 1430/101/232
f 1415/140/233 1431/144/233 1430/145/233 1419/141/233
f 1424/118/233 1426/119/233 1432/120/233 1411/121/233
f 1456/154/234 1434/155/234 1433/156/234 1435/157/234
f 1433/150/235 1434/151/235 1437/152/235 1436/153/235
f 1440/182/4 1446/183/4 1447/184/4 1448/185/4 1435/186/4 1433/187/4 1436/188/4 1438/189/4
f 1436/158/236 1437/159/236 1439/160/236 1438/161/236
f 1438/207/237 1439/212/237 1443/213/237 1441/208/237
f 1440/206/237 1438/207/237 1441/208/237 1444/209/237
f 1441/198/4 1442/199/4 1445/200/4 1444/201/4
f 1441/194/236 1443/195/236 1452/196/236 1442/197/236
f 1446/162/236 1440/163/236 1444/164/236 1445/165/236
f 1447/167/235 1446/214/235 1445/215/235 1442/168/235
f 1447/146/236 1449/147/236 1450/148/236 1448/149/236
f 1449/166/235 1447/167/235 1442/168/235 1452/169/235
f 1451/174/1 1455/175/1 1439/176/1 1437/177/1 1434/178/1 1456/179/1 1450/180/1 1449/181/1
f 1451/210/235 1449/166/235 1452/169/235 1453/211/235
f 1452/202/1 1443/203/1 1454/204/1 1453/205/1
f 1455/170/236 1451/171/236 1453/172/236 1454/173/236
f 1439/212/237 1455/216/237 1454/217/237 1443/213/237
f 1448/190/237 1450/191/237 1456/192/237 1435/193/237
f 1480/10/238 1458/11/238 1457/12/238 1459/13/238
f 1457/6/239 1458/7/239 1461/8/239 1460/9/239
f 1464/38/4 1470/39/4 1471/40/4 1472/41/4 1459/42/4 1457/43/4 1460/44/4 1462/45/4
f 1460/14/240 1461/15/240 1463/16/240 1462/17/240
f 1462/63/241 1463/68/241 1467/69/241 1465/64/241
f 1464/62/241 1462/63/241 1465/64/241 1468/65/241
f 1465/54/4 1466/55/4 1469/56/4 1468/57/4
f 1465/50/240 1467/51/240 1476/52/240 1466/53/240
f 1470/18/240 1464/19/240 1468/20/240 1469/21/240
f 1471/23/239 1470/70/239 1469/71/239 1466/24/239
f 1471/2/240 1473/3/240 1474/4/240 1472/5/240
f 1473/22/239 1471/23/239 1466/24/239 1476/25/239
f 1475/30/1 1479/31/1 1463/32/1 1461/33/1 1458/34/1 1480/35/1 1474/36/1 1473/37/1
f 1475/66/239 1473/22/239 1476/25/239 1477/67/239
f 1476/58/1 1467/59/1 1478/60/1 1477/61/1
f 1479/26/240 1475/27/240 1477/28/240 1478/29/240
f 1463/68/241 1479/72/241 1478/73/241 1467/69/241
f 1472/46/241 1474/47/241 1480/48/241 1459/49/241
f 1504/290/242 1482/291/242 1481/292/242 1483/293/242
f 1481/294/243 1482/295/243 1485/296/243 1484/297/243
f 1488/298/4 1494/299/4 1495/300/4 1496/301/4 1483/302/4 1481/303/4 1484/304/4 1486/305/4
f 1484/306/244 1485/307/244 1487/308/244 1486/309/244
f 1486/310/245 1487/311/245 1491/312/245 1489/313/245
f 1488/314/245 1486/310/245 1489/313/245 1492/315/245
f 1489/316/4 1490/317/4 1493/318/4 1492/319/4
f 1489/320/244 1491/321/244 1500/322/244 1490/323/244
f 1494/324/244 1488/325/244 1492/326/244 1493/327/244
f 1495/328/243 1494/329/243 1493/330/243 1490/331/243
f 1495/332/244 1497/333/244 1498/334/244 1496/335/244
f 1497/336/243 1495/328/243 1490/331/243 1500/337/243
f 1499/338/1 1503/339/1 1487/340/1 1485/341/1 1482/342/1 1504/343/1 1498/344/1 1497/345/1
f 1499/346/243 1497/336/243 1500/337/243 1501/347/243
f 1500/348/1 1491/349/1 1502/350/1 1501/351/1
f 1503/352/244 1499/353/244 1501/354/244 1502/355/244
f 1487/311/245 1503/356/245 1502/357/245 1491/312/245
f 1496/358/245 1498/359/245 1504/360/245 1483/361/245
f 1528/82/246 1506/83/246 1505/84/246 1507/85/246
f 1505/78/247 1506/79/247 1509/80/247 1508/81/247
f 1512/110/4 1518/111/4 1519/112/4 1520/113/4 1507/114/4 1505/115/4 1508/116/4 1510/117/4
f 1508/86/248 1509/87/248 1511/88/248 1510/89/248
f 1510/135/249 1511/140/249 1515/141/249 1513/136/249
f 1512/134/249 1510/135/249 1513/136/249 1516/137/249
f 1513/126/4 1514/127/4 1517/128/4 1516/129/4
f 1513/122/248 1515/123/248 1524/124/248 1514/125/248
f 1518/90/248 1512/91/248 1516/92/248 1517/93/248
f 1519/95/247 1518/142/247 1517/143/247 1514/96/247
f 1519/74/248 1521/75/248 1522/76/248 1520/77/248
f 1521/94/247 1519/95/247 1514/96/247 1524/97/247
f 1523/102/1 1527/103/1 1511/104/1 1509/105/1 1506/106/1 1528/107/1 1522/108/1 1521/109/1
f 1523/138/247 1521/94/247 1524/97/247 1525/139/247
f 1524/130/1 1515/131/1 1526/132/1 1525/133/1
f 1527/98/248 1523/99/248 1525/100/248 1526/101/248
f 1511/140/249 1527/144/249 1526/145/249 1515/141/249
f 1520/118/249 1522/119/249 1528/120/249 1507/121/249
f 1552/154/250 1530/155/250 1529/156/250 1531/157/250
f 1529/150/251 1530/151/251 1533/152/251 1532/153/251
f 1536/182/4 1542/183/4 1543/184/4 1544/185/4 1531/186/4 1529/187/4 1532/188/4 1534/189/4
f 1532/158/252 1533/159/252 1535/160/252 1534/161/252
f 1534/207/253 1535/212/253 1539/213/253 1537/208/253
f 1536/206/254 1534/207/254 1537/208/254 1540/209/254
f 1537/198/4 1538/199/4 1541/200/4 1540/201/4
f 1537/194/255 1539/195/255 1548/196/255 1538/197/255
f 1542/162/255 1536/163/255 1540/164/255 1541/165/255
f 1543/167/251 1542/214/251 1541/215/251 1538/168/251
f 1543/146/255 1545/147/255 1546/148/255 1544/149/255
f 1545/166/256 1543/167/256 1538/168/256 1548/169/256
f 1547/174/1 1551/175/1 1535/176/1 1533/177/1 1530/178/1 1552/179/1 1546/180/1 1545/181/1
f 1547/210/251 1545/166/251 1548/169/251 1549/211/251
f 1548/202/1 1539/203/1 1550/204/1 1549/205/1
f 1551/170/255 1547/171/255 1549/172/255 1550/173/255
f 1535/212/254 1551/216/254 1550/217/254 1539/213/254
f 1544/190/254 1546/191/254 1552/192/254 1531/193/254
f 1576/10/257 1554/11/257 1553/12/257 1555/13/257
f 1553/6/258 1554/7/258 1557/8/258 1556/9/258
f 1560/38/4 1566/39/4 1567/40/4 1568/41/4 1555/42/4 1553/43/4 1556/44/4 1558/45/4
f 1556/14/259 1557/15/259 1559/16/259 1558/17/259
f 1558/63/260 1559/68/260 1563/69/260 1561/64/260
f 1560/62/260 1558/63/260 1561/64/260 1564/65/260
f 1561/54/4 1562/55/4 1565/56/4 1564/57/4
f 1561/50/259 1563/51/259 1572/52/259 1562/53/259
f 1566/18/259 1560/19/259 1564/20/259 1565/21/259
f 1567/23/258 1566/70/258 1565/71/258 1562/24/258
f 1567/2/259 1569/3/259 1570/4/259 1568/5/259
f 1569/22/258 1567/23/258 1562/24/258 1572/25/258
f 1571/30/1 1575/31/1 1559/32/1 1557/33/1 1554/34/1 1576/35/1 1570/36/1 1569/37/1
f 1571/66/258 1569/22/258 1572/25/258 1573/67/258
f 1572/58/1 1563/59/1 1574/60/1 1573/61/1
f 1575/26/259 1571/27/259 1573/28/259 1574/29/259
f 1559/68/260 1575/72/260 1574/73/260 1563/69/260
f 1568/46/260 1570/47/260 1576/48/260 1555/49/260
f 1600/290/261 1578/291/261 1577/292/261 1579/293/261
f 1577/294/262 1578/295/262 1581/296/262 1580/297/262
f 1584/298/4 1590/299/4 1591/300/4 1592/301/4 1579/302/4 1577/303/4 1580/304/4 1582/305/4
f 1580/306/263 1581/307/263 1583/308/263 1582/309/263
f 1582/310/264 1583/311/264 1587/312/264 1585/313/264
f 1584/314/264 1582/310/264 1585/313/264 1588/315/264
f 1585/316/4 1586/317/4 1589/318/4 1588/319/4
f 1585/320/263 1587/321/263 1596/322/263 1586/323/263
f 1590/324/263 1584/325/263 1588/326/263 1589/327/263
f 1591/328/262 1590/329/262 1589/330/262 1586/331/262
f 1591/332/263 1593/333/263 1594/334/263 1592/335/263
f 1593/336/262 1591/328/262 1586/331/262 1596/337/262
f 1595/338/1 1599/339/1 1583/340/1 1581/341/1 1578/342/1 1600/343/1 1594/344/1 1593/345/1
f 1595/346/262 1593/336/262 1596/337/262 1597/347/262
f 1596/348/1 1587/349/1 1598/350/1 1597/351/1
f 1599/352/263 1595/353/263 1597/354/263 1598/355/263
f 1583/311/264 1599/356/264 1598/357/264 1587/312/264
f 1592/358/264 1594/359/264 1600/360/264 1579/361/264
f 1624/82/265 1602/83/265 1601/84/265 1603/85/265
f 1601/78/266 1602/79/266 1605/80/266 1604/81/266
f 1608/110/4 1614/111/4 1615/112/4 1616/113/4 1603/114/4 1601/115/4 1604/116/4 1606/117/4
f 1604/86/267 1605/87/267 1607/88/267 1606/89/267
f 1606/135/268 1607/140/268 1611/141/268 1609/136/268
f 1608/134/268 1606/135/268 1609/136/268 1612/137/268
f 1609/126/4 1610/127/4 1613/128/4 1612/129/4
f 1609/122/267 1611/123/267 1620/124/267 1610/125/267
f 1614/90/267 1608/91/267 1612/92/267 1613/93/267
f 1615/95/266 1614/142/266 1613/143/266 1610/96/266
f 1615/74/267 1617/75/267 1618/76/267 1616/77/267
f 1617/94/266 1615/95/266 1610/96/266 1620/97/266
f 1619/102/1 1623/103/1 1607/104/1 1605/105/1 1602/106/1 1624/107/1 1618/108/1 1617/109/1
f 1619/138/266 1617/94/266 1620/97/266 1621/139/266
f 1620/130/1 1611/131/1 1622/132/1 1621/133/1
f 1623/98/267 1619/99/267 1621/100/267 1622/101/267
f 1607/140/268 1623/144/268 1622/145/268 1611/141/268
f 1616/118/268 1618/119/268 1624/120/268 1603/121/268
f 1648/154/269 1626/155/269 1625/156/269 1627/157/269
f 1625/150/270 1626/151/270 1629/152/270 1628/153/270
f 1632/182/4 1638/183/4 1639/184/4 1640/185/4 1627/186/4 1625/187/4 1628/188/4 1630/189/4
f 1628/158/271 1629/159/271 1631/160/271 1630/161/271
f 1630/207/272 1631/212/272 1635/213/272 1633/208/272
f 1632/206/272 1630/207/272 1633/208/272 1636/209/272
f 1633/198/4 1634/199/4 1637/200/4 1636/201/4
f 1633/194/271 1635/195/271 1644/196/271 1634/197/271
f 1638/162/271 1632/163/271 1636/164/271 1637/165/271
f 1639/167/270 1638/214/270 1637/215/270 1634/168/270
f 1639/146/273 1641/147/273 1642/148/273 1640/149/273
f 1641/166/270 1639/167/270 1634/168/270 1644/169/270
f 1643/174/1 1647/175/1 1631/176/1 1629/177/1 1626/178/1 1648/179/1 1642/180/1 1641/181/1
f 1643/210/270 1641/166/270 1644/169/270 1645/211/270
f 1644/202/1 1635/203/1 1646/204/1 1645/205/1
f 1647/170/271 1643/171/271 1645/172/271 1646/173/271
f 1631/212/272 1647/216/272 1646/217/272 1635/213/272
f 1640/190/272 1642/191/272 1648/192/272 1627/193/272
f 1672/10/274 1650/11/274 1649/12/274 1651/13/274
f 1649/6/275 1650/7/275 1653/8/275 1652/9/275
f 1656/38/4 1662/39/4 1663/40/4 1664/41/4 1651/42/4 1649/43/4 1652/44/4 1654/45/4
f 1652/14/276 1653/15/276 1655/16/276 1654/17/276
f 1654/63/277 1655/68/277 1659/69/277 1657/64/277
f 1656/62/277 1654/63/277 1657/64/277 1660/65/277
f 1657/54/4 1658/55/4 1661/56/4 1660/57/4
f 1657/50/276 1659/51/276 1668/52/276 1658/53/276
f 1662/18/276 1656/19/276 1660/20/276 1661/21/276
f 1663/23/275 1662/70/275 1661/71/275 1658/24/275
f 1663/2/278 1665/3/278 1666/4/278 1664/5/278
f 1665/22/275 1663/23/275 1658/24/275 1668/25/275
f 1667/30/1 1671/31/1 1655/32/1 1653/33/1 1650/34/1 1672/35/1 1666/36/1 1665/37/1
f 1667/66/275 1665/22/275 1668/25/275 1669/67/275
f 1668/58/1 1659/59/1 1670/60/1 1669/61/1
f 1671/26/276 1667/27/276 1669/28/276 1670/29/276
f 1655/68/277 1671/72/277 1670/73/277 1659/69/277
f 1664/46/277 1666/47/277 1672/48/277 1651/49/277
f 1696/290/279 1674/291/279 1673/292/279 1675/293/279
f 1673/294/280 1674/295/280 1677/296/280 1676/297/280
f 1680/298/4 1686/299/4 1687/300/4 1688/301/4 1675/302/4 1673/303/4 1676/304/4 1678/305/4
f 1676/306/281 1677/307/281 1679/308/281 1678/309/281
f 1678/310/282 1679/311/282 1683/312/282 1681/313/282
f 1680/314/282 1678/310/282 1681/313/282 1684/315/282
f 1681/316/4 1682/317/4 1685/318/4 1684/319/4
f 1681/320/281 1683/321/281 1692/322/281 1682/323/281
f 1686/324/281 1680/325/281 1684/326/281 1685/327/281
f 1687/328/280 1686/329/280 1685/330/280 1682/331/280
f 1687/332/281 1689/333/281 1690/334/281 1688/335/281
f 1689/336/280 1687/328/280 1682/331/280 1692/337/280
f 1691/338/1 1695/339/1 1679/340/1 1677/341/1 1674/342/1 1696/343/1 1690/344/1 1689/345/1
f 1691/346/280 1689/336/280 1692/337/280 1693/347/280
f 1692/348/1 1683/349/1 1694/350/1 1693/351/1
f 1695/352/281 1691/353/281 1693/354/281 1694/355/281
f 1679/311/282 1695/356/282 1694/357/282 1683/312/282
f 1688/358/282 1690/359/282 1696/360/282 1675/361/282
f 1720/82/283 1698/83/283 1697/84/283 1699/85/283
f 1697/78/284 1698/79/284 1701/80/284 1700/81/284
f 1704/110/4 1710/111/4 1711/112/4 1712/113/4 1699/114/4 1697/115/4 1700/116/4 1702/117/4
f 1700/86/285 1701/87/285 1703/88/285 1702/89/285
f 1702/135/286 1703/140/286 1707/141/286 1705/136/286
f 1704/134/287 1702/135/287 1705/136/287 1708/137/287
f 1705/126/4 1706/127/4 1709/128/4 1708/129/4
f 1705/122/285 1707/123/285 1716/124/285 1706/125/285
f 1710/90/285 1704/91/285 1708/92/285 1709/93/285
f 1711/95/284 1710/142/284 1709/143/284 1706/96/284
f 1711/74/285 1713/75/285 1714/76/285 1712/77/285
f 1713/94/288 1711/95/288 1706/96/288 1716/97/288
f 1715/102/1 1719/103/1 1703/104/1 1701/105/1 1698/106/1 1720/107/1 1714/108/1 1713/109/1
f 1715/138/284 1713/94/284 1716/97/284 1717/139/284
f 1716/130/1 1707/131/1 1718/132/1 1717/133/1
f 1719/98/285 1715/99/285 1717/100/285 1718/101/285
f 1703/140/287 1719/144/287 1718/145/287 1707/141/287
f 1712/118/287 1714/119/287 1720/120/287 1699/121/287
f 1744/154/289 1722/155/289 1721/156/289 1723/157/289
f 1721/150/290 1722/151/290 1725/152/290 1724/153/290
f 1728/182/4 1734/183/4 1735/184/4 1736/185/4 1723/186/4 1721/187/4 1724/188/4 1726/189/4
f 1724/158/291 1725/159/291 1727/160/291 1726/161/291
f 1726/207/292 1727/212/292 1731/213/292 1729/208/292
f 1728/206/292 1726/207/292 1729/208/292 1732/209/292
f 1729/198/4 1730/199/4 1733/200/4 1732/201/4
f 1729/194/291 1731/195/291 1740/196/291 1730/197/291
f 1734/162/291 1728/163/291 1732/164/291 1733/165/291
f 1735/167/290 1734/214/290 1733/215/290 1730/168/290
f 1735/146/291 1737/147/291 1738/148/291 1736/149/291
f 1737/166/290 1735/167/290 1730/168/290 1740/169/290
f 1739/174/1 1743/175/1 1727/176/1 1725/177/1 1722/178/1 1744/179/1 1738/180/1 1737/181/1
f 1739/210/290 1737/166/290 1740/169/290 1741/211/290
f 1740/202/1 1731/203/1 1742/204/1 1741/205/1
f 1743/170/291 1739/171/291 1741/172/291 1742/173/291
f 1727/212/292 1743/216/292 1742/217/292 1731/213/292
f 1736/190/292 1738/191/292 1744/192/292 1723/193/292
f 1768/10/293 1746/11/293 1745/12/293 1747/13/293
f 1745/6/294 1746/7/294 1749/8/294 1748/9/294
f 1752/38/4 1758/39/4 1759/40/4 1760/41/4 1747/42/4 1745/43/4 1748/44/4 1750/45/4
f 1748/14/295 1749/15/295 1751/16/295 1750/17/295
f 1750/63/296 1751/68/296 1755/69/296 1753/64/296
f 1752/62/296 1750/63/296 1753/64/296 1756/65/296
f 1753/54/4 1754/55/4 1757/56/4 1756/57/4
f 1753/50/295 1755/51/295 1764/52/295 1754/53/295
f 1758/18/295 1752/19/295 1756/20/295 1757/21/295
f 1759/23/294 1758/70/294 1757/71/294 1754/24/294
f 1759/2/295 1761/3/295 1762/4/295 1760/5/295
f 1761/22/294 1759/23/294 1754/24/294 1764/25/294
f 1763/30/1 1767/31/1 1751/32/1 1749/33/1 1746/34/1 1768/35/1 1762/36/1 1761/37/1
f 1763/66/294 1761/22/294 1764/25/294 1765/67/294
f 1764/58/1 1755/59/1 1766/60/1 1765/61/1
f 1767/26/295 1763/27/295 1765/28/295 1766/29/295
f 1751/68/296 1767/72/296 1766/73/296 1755/69/296
f 1760/46/296 1762/47/296 1768/48/296 1747/49/296
f 1792/82/297 1770/83/297 1769/84/297 1771/85/297
f 1769/78/298 1770/79/298 1773/80/298 1772/81/298
f 1776/110/4 1782/111/4 1783/112/4 1784/113/4 1771/114/4 1769/115/4 1772/116/4 1774/117/4
f 1772/86/299 1773/87/299 1775/88/299 1774/89/299
f 1774/135/300 1775/140/300 1779/141/300 1777/136/300
f 1776/134/300 1774/135/300 1777/136/300 1780/137/300
f 1777/126/4 1778/127/4 1781/128/4 1780/129/4
f 1777/122/299 1779/123/299 1788/124/299 1778/125/299
f 1782/90/299 1776/91/299 1780/92/299 1781/93/299
f 1783/95/298 1782/142/298 1781/143/298 1778/96/298
f 1783/74/299 1785/75/299 1786/76/299 1784/77/299
f 1785/94/298 1783/95/298 1778/96/298 1788/97/298
f 1787/102/1 1791/103/1 1775/104/1 1773/105/1 1770/106/1 1792/107/1 1786/108/1 1785/109/1
f 1787/138/298 1785/94/298 1788/97/298 1789/139/298
f 1788/130/1 1779/131/1 1790/132/1 1789/133/1
f 1791/98/299 1787/99/299 1789/100/299 1790/101/299
f 1775/140/300 1791/144/300 1790/145/300 1779/141/300
f 1784/118/300 1786/119/300 1792/120/300 1771/121/300
f 1816/154/301 1794/155/301 1793/156/301 1795/157/301
f 1793/150/302 1794/151/302 1797/152/302 1796/153/302
f 1800/182/4 1806/183/4 1807/184/4 1808/185/4 1795/186/4 1793/187/4 1796/188/4 1798/189/4
f 1796/158/303 1797/159/303 1799/160/303 1798/161/303
f 1798/207/304 1799/212/304 1803/213/304 1801/208/304
f 1800/206/304 1798/207/304 1801/208/304 1804/209/304
f 1801/198/4 1802/199/4 1805/200/4 1804/201/4
f 1801/194/303 1803/195/303 1812/196/303 1802/197/303
f 1806/162/303 1800/163/303 1804/164/303 1805/165/303
f 1807/167/302 1806/214/302 1805/215/302 1802/168/302
f 1807/146/303 1809/147/303 1810/148/303 1808/149/303
f 1809/166/302 1807/167/302 1802/168/302 1812/169/302
f 1811/174/1 1815/175/1 1799/176/1 1797/177/1 1794/178/1 1816/179/1 1810/180/1 1809/181/1
f 1811/210/302 1809/166/302 1812/169/302 1813/211/302
f 1812/202/1 1803/203/1 1814/204/1 1813/205/1
f 1815/170/303 1811/171/303 1813/172/303 1814/173/303
f 1799/212/304 1815/216/304 1814/217/304 1803/213/304
f 1808/190/304 1810/191/304 1816/192/304 1795/193/304
f 1840/10/305 1818/11/305 1817/12/305 1819/13/305
f 1817/6/306 1818/7/306 1821/8/306 1820/9/306
f 1824/38/4 1830/39/4 1831/40/4 1832/41/4 1819/42/4 1817/43/4 1820/44/4 1822/45/4
f 1820/14/307 1821/15/307 1823/16/307 1822/17/307
f 1822/63/308 1823/68/308 1827/69/308 1825/64/308
f 1824/62/308 1822/63/308 1825/64/308 1828/65/308
f 1825/54/4 1826/55/4 1829/56/4 1828/57/4
f 1825/50/307 1827/51/307 1836/52/307 1826/53/307
f 1830/18/307 1824/19/307 1828/20/307 1829/21/307
f 1831/23/306 1830/70/306 1829/71/306 1826/24/306
f 1831/2/307 1833/3/307 1834/4/307 1832/5/307
f 1833/22/306 1831/23/306 1826/24/306 1836/25/306
f 1835/30/1 1839/31/1 1823/32/1 1821/33/1 1818/34/1 1840/35/1 1834/36/1 1833/37/1
f 1835/66/306 1833/22/306 1836/25/306 1837/67/306
f 1836/58/1 1827/59/1 1838/60/1 1837/61/1
f 1839/26/307 1835/27/307 1837/28/307 1838/29/307
f 1823/68/308 1839/72/308 1838/73/308 1827/69/308
f 1832/46/308 1834/47/308 1840/48/308 1819/49/308
f 1864/290/309 1842/291/309 1841/292/309 1843/293/309
f 1841/294/310 1842/295/310 1845/296/310 1844/297/310
f 1848/298/4 1854/299/4 1855/300/4 1856/301/4 1843/302/4 1841/303/4 1844/304/4 1846/305/4
f 1844/306/311 1845/307/311 1847/308/311 1846/309/311
f 1846/310/312 1847/311/312 1851/312/312 1849/313/312
f 1848/314/312 1846/310/312 1849/313/312 1852/315/312
f 1849/316/4 1850/317/4 1853/318/4 1852/319/4
f 1849/320/311 1851/321/311 1860/322/311 1850/323/311
f 1854/324/311 1848/325/311 1852/326/311 1853/327/311
f 1855/328/310 1854/329/310 1853/330/310 1850/331/310
f 1855/332/311 1857/333/311 1858/334/311 1856/335/311
f 1857/336/310 1855/328/310 1850/331/310 1860/337/310
f 1859/338/1 1863/339/1 1847/340/1 1845/341/1 1842/342/1 1864/343/1 1858/344/1 1857/345/1
f 1859/346/310 1857/336/310 1860/337/310 1861/347/310
f 1860/348/1 1851/349/1 1862/350/1 1861/351/1
f 1863/352/311 1859/353/311 1861/354/311 1862/355/311
f 1847/311/312 1863/356/312 1862/357/312 1851/312/312
f 1856/358/312 1858/359/312 1864/360/312 1843/361/312
f 1888/154/313 1866/155/313 1865/156/313 1867/157/313
f 1865/150/314 1866/151/314 1869/152/314 1868/153/314
f 1872/182/4 1878/183/4 1879/184/4 1880/185/4 1867/186/4 1865/187/4 1868/188/4 1870/189/4
f 1868/158/315 1869/159/315 1871/160/315 1870/161/315
f 1870/207/316 1871/212/316 1875/213/316 1873/208/316
f 1872/206/316 1870/207/316 1873/208/316 1876/209/316
f 1873/198/4 1874/199/4 1877/200/4 1876/201/4
f 1873/194/315 1875/195/315 1884/196/315 1874/197/315
f 1878/162/315 1872/163/315 1876/164/315 1877/165/315
f 1879/167/314 1878/214/314 1877/215/314 1874/168/314
f 1879/146/315 1881/147/315 1882/148/315 1880/149/315
f 1881/166/314 1879/167/314 1874/168/314 1884/169/314
f 1883/174/1 1887/175/1 1871/176/1 1869/177/1 1866/178/1 1888/179/1 1882/180/1 1881/181/1
f 1883/210/314 1881/166/314 1884/169/314 1885/211/314
f 1884/202/1 1875/203/1 1886/204/1 1885/205/1
f 1887/170/315 1883/171/315 1885/172/315 1886/173/315
f 1871/212/316 1887/216/316 1886/217/316 1875/213/316
f 1880/190/316 1882/191/316 1888/192/316 1867/193/316
f 1912/226/317 1890/227/317 1889/228/317 1891/229/317
f 1889/222/318 1890/223/318 1893/224/318 1892/225/318
f 1896/254/4 1902/255/4 1903/256/4 1904/257/4 1891/258/4 1889/259/4 1892/260/4 1894/261/4
f 1892/230/319 1893/231/319 1895/232/319 1894/233/319
f 1894/279/320 1895/284/320 1899/285/320 1897/280/320
f 1896/278/320 1894/279/320 1897/280/320 1900/281/320
f 1897/270/4 1898/271/4 1901/272/4 1900/273/4
f 1897/266/319 1899/267/319 1908/268/319 1898/269/319
f 1902/234/319 1896/235/319 1900/236/319 1901/237/319
f 1903/239/318 1902/286/318 1901/287/318 1898/240/318
f 1903/218/319 1905/219/319 1906/220/319 1904/221/319
f 1905/238/318 1903/239/318 1898/240/318 1908/241/318
f 1907/246/1 1911/247/1 1895/248/1 1893/249/1 1890/250/1 1912/251/1 1906/252/1 1905/253/1
f 1907/282/318 1905/238/318 1908/241/318 1909/283/318
f 1908/274/1 1899/275/1 1910/276/1 1909/277/1
f 1911/242/319 1907/243/319 1909/244/319 1910/245/319
f 1895/284/320 1911/288/320 1910/289/320 1899/285/320
f 1904/262/320 1906/263/320 1912/264/320 1891/265/320
f 1936/10/321 1914/11/321 1913/12/321 1915/13/321
f 1913/6/322 1914/7/322 1917/8/322 1916/9/322
f 1920/38/4 1926/39/4 1927/40/4 1928/41/4 1915/42/4 1913/43/4 1916/44/4 1918/45/4
f 1916/14/323 1917/15/323 1919/16/323 1918/17/323
f 1918/63/324 1919/68/324 1923/69/324 1921/64/324
f 1920/62/324 1918/63/324 1921/64/324 1924/65/324
f 1921/54/4 1922/55/4 1925/56/4 1924/57/4
f 1921/50/323 1923/51/323 1932/52/323 1922/53/323
f 1926/18/323 1920/19/323 1924/20/323 1925/21/323
f 1927/23/322 1926/70/322 1925/71/322 1922/24/322
f 1927/2/323 1929/3/323 1930/4/323 1928/5/323
f 1929/22/322 1927/23/322 1922/24/322 1932/25/322
f 1931/30/1 1935/31/1 1919/32/1 1917/33/1 1914/34/1 1936/35/1 1930/36/1 1929/37/1
f 1931/66/322 1929/22/322 1932/25/322 1933/67/322
f 1932/58/1 1923/59/1 1934/60/1 1933/61/1
f 1935/26/323 1931/27/323 1933/28/323 1934/29/323
f 1919/68/324 1935/72/324 1934/73/324 1923/69/324
f 1928/46/324 1930/47/324 1936/48/324 1915/49/324
f 1960/154/325 1938/155/325 1937/156/325 1939/157/325
f 1937/150/326 1938/151/326 1941/152/326 1940/153/326
f 1944/182/4 1950/183/4 1951/184/4 1952/185/4 1939/186/4 1937/187/4 1940/188/4 1942/189/4
f 1940/158/327 1941/159/327 1943/160/327 1942/161/327
f 1942/207/328 1943/212/328 1947/213/328 1945/208/328
f 1944/206/328 1942/207/328 1945/208/328 1948/209/328
f 1945/198/4 1946/199/4 1949/200/4 1948/201/4
f 1945/194/327 1947/195/327 1956/196/327 1946/197/327
f 1950/162/327 1944/163/327 1948/164/327 1949/165/327
f 1951/167/326 1950/214/326 1949/215/326 1946/168/326
f 1951/146/327 1953/147/327 1954/148/327 1952/149/327
f 1953/166/326 1951/167/326 1946/168/326 1956/169/326
f 1955/174/1 1959/175/1 1943/176/1 1941/177/1 1938/178/1 1960/179/1 1954/180/1 1953/181/1
f 1955/210/326 1953/166/326 1956/169/326 1957/211/326
f 1956/202/1 1947/203/1 1958/204/1 1957/205/1
f 1959/170/327 1955/171/327 1957/172/327 1958/173/327
f 1943/212/328 1959/216/328 1958/217/328 1947/213/328
f 1952/190/328 1954/191/328 1960/192/328 1939/193/328
f 1984/226/329 1962/227/329 1961/228/329 1963/229/329
f 1961/222/330 1962/223/330 1965/224/330 1964/225/330
f 1968/254/4 1974/255/4 1975/256/4 1976/257/4 1963/258/4 1961/259/4 1964/260/4 1966/261/4
f 1964/230/331 1965/231/331 1967/232/331 1966/233/331
f 1966/279/332 1967/284/332 1971/285/332 1969/280/332
f 1968/278/332 1966/279/332 1969/280/332 1972/281/332
f 1969/270/4 1970/271/4 1973/272/4 1972/273/4
f 1969/266/331 1971/267/331 1980/268/331 1970/269/331
f 1974/234/331 1968/235/331 1972/236/331 1973/237/331
f 1975/239/330 1974/286/330 1973/287/330 1970/240/330
f 1975/218/331 1977/219/331 1978/220/331 1976/221/331
f 1977/238/330 1975/239/330 1970/240/330 1980/241/330
f 1979/246/1 1983/247/1 1967/248/1 1965/249/1 1962/250/1 1984/251/1 1978/252/1 1977/253/1
f 1979/282/330 1977/238/330 1980/241/330 1981/283/330
f 1980/274/1 1971/275/1 1982/276/1 1981/277/1
f 1983/242/331 1979/243/331 1981/244/331 1982/245/331
f 1967/284/332 1983/288/332 1982/289/332 1971/285/332
f 1976/262/332 1978/263/332 1984/264/332 1963/265/332
f 2008/10/333 1986/11/333 1985/12/333 1987/13/333
f 1985/6/334 1986/7/334 1989/8/334 1988/9/334
f 1992/38/4 1998/39/4 1999/40/4 2000/41/4 1987/42/4 1985/43/4 1988/44/4 1990/45/4
f 1988/14/335 1989/15/335 1991/16/335 1990/17/335
f 1990/63/336 1991/68/336 1995/69/336 1993/64/336
f 1992/62/336 1990/63/336 1993/64/336 1996/65/336
f 1993/54/4 1994/55/4 1997/56/4 1996/57/4
f 1993/50/335 1995/51/335 2004/52/335 1994/53/335
f 1998/18/335 1992/19/335 1996/20/335 1997/21/335
f 1999/23/334 1998/70/334 1997/71/334 1994/24/334
f 1999/2/335 2001/3/335 2002/4/335 2000/5/335
f 2001/22/334 1999/23/334 1994/24/334 2004/25/334
f 2003/30/1 2007/31/1 1991/32/1 1989/33/1 1986/34/1 2008/35/1 2002/36/1 2001/37/1
f 2003/66/334 2001/22/334 2004/25/334 2005/67/334
f 2004/58/1 1995/59/1 2006/60/1 2005/61/1
f 2007/26/335 2003/27/335 2005/28/335 2006/29/335
f 1991/68/336 2007/72/336 2006/73/336 1995/69/336
f 2000/46/336 2002/47/336 2008/48/336 1987/49/336
f 2032/290/337 2010/291/337 2009/292/337 2011/293/337
f 2009/294/338 2010/295/338 2013/296/338 2012/297/338
f 2016/298/4 2022/299/4 2023/300/4 2024/301/4 2011/302/4 2009/303/4 2012/304/4 2014/305/4
f 2012/306/339 2013/307/339 2015/308/339 2014/309/339
f 2014/310/340 2015/311/340 2019/312/340 2017/313/340
f 2016/314/340 2014/310/340 2017/313/340 2020/315/340
f 2017/316/4 2018/317/4 2021/318/4 2020/319/4
f 2017/320/339 2019/321/339 2028/322/339 2018/323/339
f 2022/324/339 2016/325/339 2020/326/339 2021/327/339
f 2023/328/338 2022/329/338 2021/330/338 2018/331/338
f 2023/332/339 2025/333/339 2026/334/339 2024/335/339
f 2025/336/338 2023/328/338 2018/331/338 2028/337/338
f 2027/338/1 2031/339/1 2015/340/1 2013/341/1 2010/342/1 2032/343/1 2026/344/1 2025/345/1
f 2027/346/338 2025/336/338 2028/337/338 2029/347/338
f 2028/348/1 2019/349/1 2030/350/1 2029/351/1
f 2031/352/339 2027/353/339 2029/354/339 2030/355/339
f 2015/311/340 2031/356/340 2030/357/340 2019/312/340
f 2024/358/340 2026/359/340 2032/360/340 2011/361/340
f 2056/82/341 2034/83/341 2033/84/341 2035/85/341
f 2033/78/342 2034/79/342 2037/80/342 2036/81/342
f 2040/110/4 2046/111/4 2047/112/4 2048/113/4 2035/114/4 2033/115/4 2036/116/4 2038/117/4
f 2036/86/343 2037/87/343 2039/88/343 2038/89/343
f 2038/135/344 2039/140/344 2043/141/344 2041/136/344
f 2040/134/344 2038/135/344 2041/136/344 2044/137/344
f 2041/126/4 2042/127/4 2045/128/4 2044/129/4
f 2041/122/343 2043/123/343 2052/124/343 2042/125/343
f 2046/90/343 2040/91/343 2044/92/343 2045/93/343
f 2047/95/342 2046/142/342 2045/143/342 2042/96/342
f 2047/74/343 2049/75/343 2050/76/343 2048/77/343
f 2049/94/342 2047/95/342 2042/96/342 2052/97/342
f 2051/102/1 2055/103/1 2039/104/1 2037/105/1 2034/106/1 2056/107/1 2050/108/1 2049/109/1
f 2051/138/342 2049/94/342 2052/97/342 2053/139/342
f 2052/130/1 2043/131/1 2054/132/1 2053/133/1
f 2055/98/343 2051/99/343 2053/100/343 2054/101/343
f 2039/140/344 2055/144/344 2054/145/344 2043/141/344
f 2048/118/344 2050/119/344 2056/120/344 2035/121/344
f 2080/154/345 2058/155/345 2057/156/345 2059/157/345
f 2057/150/346 2058/151/346 2061/152/346 2060/153/346
f 2064/182/4 2070/183/4 2071/184/4 2072/185/4 2059/186/4 2057/187/4 2060/188/4 2062/189/4
f 2060/158/347 2061/159/347 2063/160/347 2062/161/347
f 2062/207/348 2063/212/348 2067/213/348 2065/208/348
f 2064/206/348 2062/207/348 2065/208/348 2068/209/348
f 2065/198/4 2066/199/4 2069/200/4 2068/201/4
f 2065/194/347 2067/195/347 2076/196/347 2066/197/347
f 2070/162/347 2064/163/347 2068/164/347 2069/165/347
f 2071/167/346 2070/214/346 2069/215/346 2066/168/346
f 2071/146/347 2073/147/347 2074/148/347 2072/149/347
f 2073/166/346 2071/167/346 2066/168/346 2076/169/346
f 2075/174/1 2079/175/1 2063/176/1 2061/177/1 2058/178/1 2080/179/1 2074/180/1 2073/181/1
f 2075/210/346 2073/166/346 2076/169/346 2077/211/346
f 2076/202/1 2067/203/1 2078/204/1 2077/205/1
f 2079/170/347 2075/171/347 2077/172/347 2078/173/347
f 2063/212/348 2079/216/348 2078/217/348 2067/213/348
f 2072/190/348 2074/191/348 2080/192/348 2059/193/348
f 2104/226/349 2082/227/349 2081/228/349 2083/229/349
f 2081/222/350 2082/223/350 2085/224/350 2084/225/350
f 2088/254/4 2094/255/4 2095/256/4 2096/257/4 2083/258/4 2081/259/4 2084/260/4 2086/261/4
f 2084/230/351 2085/231/351 2087/232/351 2086/233/351
f 2086/279/352 2087/284/352 2091/285/352 2089/280/352
f 2088/278/352 2086/279/352 2089/280/352 2092/281/352
f 2089/270/4 2090/271/4 2093/272/4 2092/273/4
f 2089/266/351 2091/267/351 2100/268/351 2090/269/351
f 2094/234/351 2088/235/351 2092/236/351 2093/237/351
f 2095/239/350 2094/286/350 2093/287/350 2090/240/350
f 2095/218/351 2097/219/351 2098/220/351 2096/221/351
f 2097/238/350 2095/239/350 2090/240/350 2100/241/350
f 2099/246/1 2103/247/1 2087/248/1 2085/249/1 2082/250/1 2104/251/1 2098/252/1 2097/253/1
f 2099/282/350 2097/238/350 2100/241/350 2101/283/350
f 2100/274/1 2091/275/1 2102/276/1 2101/277/1
f 2103/242/351 2099/243/351 2101/244/351 2102/245/351
f 2087/284/352 2103/288/352 2102/289/352 2091/285/352
f 2096/262/352 2098/263/352 2104/264/352 2083/265/352
f 2128/10/353 2106/11/353 2105/12/353 2107/13/353
f 2105/6/354 2106/7/354 2109/8/354 2108/9/354
f 2112/38/4 2118/39/4 2119/40/4 2120/41/4 2107/42/4 2105/43/4 2108/44/4 2110/45/4
f 2108/14/355 2109/15/355 2111/16/355 2110/17/355
f 2110/63/356 2111/68/356 2115/69/356 2113/64/356
f 2112/62/356 2110/63/356 2113/64/356 2116/65/356
f 2113/54/4 2114/55/4 2117/56/4 2116/57/4
f 2113/50/355 2115/51/355 2124/52/355 2114/53/355
f 2118/18/355 2112/19/355 2116/20/355 2117/21/355
f 2119/23/354 2118/70/354 2117/71/354 2114/24/354
f 2119/2/357 2121/3/357 2122/4/357 2120/5/357
f 2121/22/354 2119/23/354 2114/24/354 2124/25/354
f 2123/30/1 2127/31/1 2111/32/1 2109/33/1 2106/34/1 2128/35/1 2122/36/1 2121/37/1
f 2123/66/354 2121/22/354 2124/25/354 2125/67/354
f 2124/58/1 2115/59/1 2126/60/1 2125/61/1
f 2127/26/355 2123/27/355 2125/28/355 2126/29/355
f 2111/68/356 2127/72/356 2126/73/356 2115/69/356
f 2120/46/356 2122/47/356 2128/48/356 2107/49/356
f 2152/82/358 2130/83/358 2129/84/358 2131/85/358
f 2129/78/359 2130/79/359 2133/80/359 2132/81/359
f 2136/110/4 2142/111/4 2143/112/4 2144/113/4 2131/114/4 2129/115/4 2132/116/4 2134/117/4
f 2132/86/360 2133/87/360 2135/88/360 2134/89/360
f 2134/135/361 2135/140/361 2139/141/361 2137/136/361
f 2136/134/361 2134/135/361 2137/136/361 2140/137/361
f 2137/126/4 2138/127/4 2141/128/4 2140/129/4
f 2137/122/360 2139/123/360 2148/124/360 2138/125/360
f 2142/90/360 2136/91/360 2140/92/360 2141/93/360
f 2143/95/359 2142/142/359 2141/143/359 2138/96/359
f 2143/74/360 2145/75/360 2146/76/360 2144/77/360
f 2145/94/359 2143/95/359 2138/96/359 2148/97/359
f 2147/102/1 2151/103/1 2135/104/1 2133/105/1 2130/106/1 2152/107/1 2146/108/1 2145/109/1
f 2147/138/359 2145/94/359 2148/97/359 2149/139/359
f 2148/130/1 2139/131/1 2150/132/1 2149/133/1
f 2151/98/360 2147/99/360 2149/100/360 2150/101/360
f 2135/140/361 2151/144/361 2150/145/361 2139/141/361
f 2144/118/361 2146/119/361 2152/120/361 2131/121/361
f 2176/154/362 2154/155/362 2153/156/362 2155/157/362
f 2153/150/363 2154/151/363 2157/152/363 2156/153/363
f 2160/182/4 2166/183/4 2167/184/4 2168/185/4 2155/186/4 2153/187/4 2156/188/4 2158/189/4
f 2156/158/364 2157/159/364 2159/160/364 2158/161/364
f 2158/207/365 2159/212/365 2163/213/365 2161/208/365
f 2160/206/365 2158/207/365 2161/208/365 2164/209/365
f 2161/198/4 2162/199/4 2165/200/4 2164/201/4
f 2161/194/364 2163/195/364 2172/196/364 2162/197/364
f 2166/162/364 2160/163/364 2164/164/364 2165/165/364
f 2167/167/363 2166/214/363 2165/215/363 2162/168/363
f 2167/146/364 2169/147/364 2170/148/364 2168/149/364
f 2169/166/363 2167/167/363 2162/168/363 2172/169/363
f 2171/174/1 2175/175/1 2159/176/1 2157/177/1 2154/178/1 2176/179/1 2170/180/1 2169/181/1
f 2171/210/363 2169/166/363 2172/169/363 2173/211/363
f 2172/202/1 2163/203/1 2174/204/1 2173/205/1
f 2175/170/364 2171/171/364 2173/172/364 2174/173/364
f 2159/212/365 2175/216/365 2174/217/365 2163/213/365
f 2168/190/365 2170/191/365 2176/192/365 2155/193/365
f 2200/10/366 2178/11/366 2177/12/366 2179/13/366
f 2177/6/367 2178/7/367 2181/8/367 2180/9/367
f 2184/38/4 2190/39/4 2191/40/4 2192/41/4 2179/42/4 2177/43/4 2180/44/4 2182/45/4
f 2180/14/368 2181/15/368 2183/16/368 2182/17/368
f 2182/63/369 2183/68/369 2187/69/369 2185/64/369
f 2184/62/369 2182/63/369 2185/64/369 2188/65/369
f 2185/54/4 2186/55/4 2189/56/4 2188/57/4
f 2185/50/368 2187/51/368 2196/52/368 2186/53/368
f 2190/18/368 2184/19/368 2188/20/368 2189/21/368
f 2191/23/367 2190/70/367 2189/71/367 2186/24/367
f 2191/2/368 2193/3/368 2194/4/368 2192/5/368
f 2193/22/367 2191/23/367 2186/24/367 2196/25/367
f 2195/30/1 2199/31/1 2183/32/1 2181/33/1 2178/34/1 2200/35/1 2194/36/1 2193/37/1
f 2195/66/367 2193/22/367 2196/25/367 2197/67/367
f 2196/58/1 2187/59/1 2198/60/1 2197/61/1
f 2199/26/368 2195/27/368 2197/28/368 2198/29/368
f 2183/68/369 2199/72/369 2198/73/369 2187/69/369
f 2192/46/369 2194/47/369 2200/48/369 2179/49/369
f 2224/290/370 2202/291/370 2201/292/370 2203/293/370
f 2201/294/371 2202/295/371 2205/296/371 2204/297/371
f 2208/298/4 2214/299/4 2215/300/4 2216/301/4 2203/302/4 2201/303/4 2204/304/4 2206/305/4
f 2204/306/372 2205/307/372 2207/308/372 2206/309/372
f 2206/310/373 2207/311/373 2211/312/373 2209/313/373
f 2208/314/373 2206/310/373 2209/313/373 2212/315/373
f 2209/316/4 2210/317/4 2213/318/4 2212/319/4
f 2209/320/372 2211/321/372 2220/322/372 2210/323/372
f 2214/324/372 2208/325/372 2212/326/372 2213/327/372
f 2215/328/371 2214/329/371 2213/330/371 2210/331/371
f 2215/332/372 2217/333/372 2218/334/372 2216/335/372
f 2217/336/371 2215/328/371 2210/331/371 2220/337/371
f 2219/338/1 2223/339/1 2207/340/1 2205/341/1 2202/342/1 2224/343/1 2218/344/1 2217/345/1
f 2219/346/371 2217/336/371 2220/337/371 2221/347/371
f 2220/348/1 2211/349/1 2222/350/1 2221/351/1
f 2223/352/372 2219/353/372 2221/354/372 2222/355/372
f 2207/311/373 2223/356/373 2222/357/373 2211/312/373
f 2216/358/373 2218/359/373 2224/360/373 2203/361/373
f 2248/82/374 2226/83/374 2225/84/374 2227/85/374
f 2225/78/375 2226/79/375 2229/80/375 2228/81/375
f 2232/110/4 2238/111/4 2239/112/4 2240/113/4 2227/114/4 2225/115/4 2228/116/4 2230/117/4
f 2228/86/376 2229/87/376 2231/88/376 2230/89/376
f 2230/135/377 2231/140/377 2235/141/377 2233/136/377
f 2232/134/377 2230/135/377 2233/136/377 2236/137/377
f 2233/126/4 2234/127/4 2237/128/4 2236/129/4
f 2233/122/376 2235/123/376 2244/124/376 2234/125/376
f 2238/90/376 2232/91/376 2236/92/376 2237/93/376
f 2239/95/375 2238/142/375 2237/143/375 2234/96/375
f 2239/74/376 2241/75/376 2242/76/376 2240/77/376
f 2241/94/375 2239/95/375 2234/96/375 2244/97/375
f 2243/102/1 2247/103/1 2231/104/1 2229/105/1 2226/106/1 2248/107/1 2242/108/1 2241/109/1
f 2243/138/375 2241/94/375 2244/97/375 2245/139/375
f 2244/130/1 2235/131/1 2246/132/1 2245/133/1
f 2247/98/376 2243/99/376 2245/100/376 2246/101/376
f 2231/140/377 2247/144/377 2246/145/377 2235/141/377
f 2240/118/377 2242/119/377 2248/120/377 2227/121/377
f 2272/154/378 2250/155/378 2249/156/378 2251/157/378
f 2249/150/379 2250/151/379 2253/152/379 2252/153/379
f 2256/182/4 2262/183/4 2263/184/4 2264/185/4 2251/186/4 2249/187/4 2252/188/4 2254/189/4
f 2252/158/380 2253/159/380 2255/160/380 2254/161/380
f 2254/207/381 2255/212/381 2259/213/381 2257/208/381
f 2256/206/381 2254/207/381 2257/208/381 2260/209/381
f 2257/198/4 2258/199/4 2261/200/4 2260/201/4
f 2257/194/380 2259/195/380 2268/196/380 2258/197/380
f 2262/162/380 2256/163/380 2260/164/380 2261/165/380
f 2263/167/379 2262/214/379 2261/215/379 2258/168/379
f 2263/146/380 2265/147/380 2266/148/380 2264/149/380
f 2265/166/379 2263/167/379 2258/168/379 2268/169/379
f 2267/174/1 2271/175/1 2255/176/1 2253/177/1 2250/178/1 2272/179/1 2266/180/1 2265/181/1
f 2267/210/379 2265/166/379 2268/169/379 2269/211/379
f 2268/202/1 2259/203/1 2270/204/1 2269/205/1
f 2271/170/380 2267/171/380 2269/172/380 2270/173/380
f 2255/212/381 2271/216/381 2270/217/381 2259/213/381
f 2264/190/381 2266/191/381 2272/192/381 2251/193/381
f 2296/10/382 2274/11/382 2273/12/382 2275/13/382
f 2273/6/383 2274/7/383 2277/8/383 2276/9/383
f 2280/38/4 2286/39/4 2287/40/4 2288/41/4 2275/42/4 2273/43/4 2276/44/4 2278/45/4
f 2276/14/384 2277/15/384 2279/16/384 2278/17/384
f 2278/63/385 2279/68/385 2283/69/385 2281/64/385
f 2280/62/385 2278/63/385 2281/64/385 2284/65/385
f 2281/54/4 2282/55/4 2285/56/4 2284/57/4
f 2281/50/384 2283/51/384 2292/52/384 2282/53/384
f 2286/18/384 2280/19/384 2284/20/384 2285/21/384
f 2287/23/383 2286/70/383 2285/71/383 2282/24/383
f 2287/2/386 2289/3/386 2290/4/386 2288/5/386
f 2289/22/383 2287/23/383 2282/24/383 2292/25/383
f 2291/30/1 2295/31/1 2279/32/1 2277/33/1 2274/34/1 2296/35/1 2290/36/1 2289/37/1
f 2291/66/383 2289/22/383 2292/25/383 2293/67/383
f 2292/58/1 2283/59/1 2294/60/1 2293/61/1
f 2295/26/384 2291/27/384 2293/28/384 2294/29/384
f 2279/68/385 2295/72/385 2294/73/385 2283/69/385
f 2288/46/385 2290/47/385 2296/48/385 2275/49/385
f 2320/290/387 2298/291/387 2297/292/387 2299/293/387
f 2297/294/388 2298/295/388 2301/296/388 2300/297/388
f 2304/298/4 2310/299/4 2311/300/4 2312/301/4 2299/302/4 2297/303/4 2300/304/4 2302/305/4
f 2300/306/389 2301/307/389 2303/308/389 2302/309/389
f 2302/310/390 2303/311/390 2307/312/390 2305/313/390
f 2304/314/390 2302/310/390 2305/313/390 2308/315/390
f 2305/316/4 2306/317/4 2309/318/4 2308/319/4
f 2305/320/389 2307/321/389 2316/322/389 2306/323/389
f 2310/324/389 2304/325/389 2308/326/389 2309/327/389
f 2311/328/388 2310/329/388 2309/330/388 2306/331/388
f 2311/332/389 2313/333/389 2314/334/389 2312/335/389
f 2313/336/388 2311/328/388 2306/331/388 2316/337/388
f 2315/338/1 2319/339/1 2303/340/1 2301/341/1 2298/342/1 2320/343/1 2314/344/1 2313/345/1
f 2315/346/388 2313/336/388 2316/337/388 2317/347/388
f 2316/348/1 2307/349/1 2318/350/1 2317/351/1
f 2319/352/389 2315/353/389 2317/354/389 2318/355/389
f 2303/311/390 2319/356/390 2318/357/390 2307/312/390
f 2312/358/390 2314/359/390 2320/360/390 2299/361/390
f 2344/82/391 2322/83/391 2321/84/391 2323/85/391
f 2321/78/392 2322/79/392 2325/80/392 2324/81/392
f 2328/110/4 2334/111/4 2335/112/4 2336/113/4 2323/114/4 2321/115/4 2324/116/4 2326/117/4
f 2324/86/393 2325/87/393 2327/88/393 2326/89/393
f 2326/135/394 2327/140/394 2331/141/394 2329/136/394
f 2328/134/394 2326/135/394 2329/136/394 2332/137/394
f 2329/126/4 2330/127/4 2333/128/4 2332/129/4
f 2329/122/393 2331/123/393 2340/124/393 2330/125/393
f 2334/90/393 2328/91/393 2332/92/393 2333/93/393
f 2335/95/392 2334/142/392 2333/143/392 2330/96/392
f 2335/74/393 2337/75/393 2338/76/393 2336/77/393
f 2337/94/392 2335/95/392 2330/96/392 2340/97/392
f 2339/102/1 2343/103/1 2327/104/1 2325/105/1 2322/106/1 2344/107/1 2338/108/1 2337/109/1
f 2339/138/392 2337/94/392 2340/97/392 2341/139/392
f 2340/130/1 2331/131/1 2342/132/1 2341/133/1
f 2343/98/393 2339/99/393 2341/100/393 2342/101/393
f 2327/140/394 2343/144/394 2342/145/394 2331/141/394
f 2336/118/394 2338/119/394 2344/120/394 2323/121/394
f 2368/154/395 2346/155/395 2345/156/395 2347/157/395
f 2345/150/396 2346/151/396 2349/152/396 2348/153/396
f 2352/182/4 2358/183/4 2359/184/4 2360/185/4 2347/186/4 2345/187/4 2348/188/4 2350/189/4
f 2348/158/397 2349/159/397 2351/160/397 2350/161/397
f 2350/207/398 2351/212/398 2355/213/398 2353/208/398
f 2352/206/398 2350/207/398 2353/208/398 2356/209/398
f 2353/198/4 2354/199/4 2357/200/4 2356/201/4
f 2353/194/397 2355/195/397 2364/196/397 2354/197/397
f 2358/162/397 2352/163/397 2356/164/397 2357/165/397
f 2359/167/396 2358/214/396 2357/215/396 2354/168/396
f 2359/146/397 2361/147/397 2362/148/397 2360/149/397
f 2361/166/396 2359/167/396 2354/168/396 2364/169/396
f 2363/174/1 2367/175/1 2351/176/1 2349/177/1 2346/178/1 2368/179/1 2362/180/1 2361/181/1
f 2363/210/396 2361/166/396 2364/169/396 2365/211/396
f 2364/202/1 2355/203/1 2366/204/1 2365/205/1
f 2367/170/397 2363/171/397 2365/172/397 2366/173/397
f 2351/212/398 2367/216/398 2366/217/398 2355/213/398
f 2360/190/398 2362/191/398 2368/192/398 2347/193/398
f 2392/10/399 2370/11/399 2369/12/399 2371/13/399
f 2369/6/400 2370/7/400 2373/8/400 2372/9/400
f 2376/38/4 2382/39/4 2383/40/4 2384/41/4 2371/42/4 2369/43/4 2372/44/4 2374/45/4
f 2372/14/401 2373/15/401 2375/16/401 2374/17/401
f 2374/63/402 2375/68/402 2379/69/402 2377/64/402
f 2376/62/402 2374/63/402 2377/64/402 2380/65/402
f 2377/54/4 2378/55/4 2381/56/4 2380/57/4
f 2377/50/401 2379/51/401 2388/52/401 2378/53/401
f 2382/18/401 2376/19/401 2380/20/401 2381/21/401
f 2383/23/400 2382/70/400 2381/71/400 2378/24/400
f 2383/2/401 2385/3/401 2386/4/401 2384/5/401
f 2385/22/400 2383/23/400 2378/24/400 2388/25/400
f 2387/30/1 2391/31/1 2375/32/1 2373/33/1 2370/34/1 2392/35/1 2386/36/1 2385/37/1
f 2387/66/400 2385/22/400 2388/25/400 2389/67/400
f 2388/58/1 2379/59/1 2390/60/1 2389/61/1
f 2391/26/401 2387/27/401 2389/28/401 2390/29/401
f 2375/68/402 2391/72/402 2390/73/402 2379/69/402
f 2384/46/402 2386/47/402 2392/48/402 2371/49/402
f 2416/290/403 2394/291/403 2393/292/403 2395/293/403
f 2393/294/404 2394/295/404 2397/296/404 2396/297/404
f 2400/298/4 2406/299/4 2407/300/4 2408/301/4 2395/302/4 2393/303/4 2396/304/4 2398/305/4
f 2396/306/405 2397/307/405 2399/308/405 2398/309/405
f 2398/310/406 2399/311/406 2403/312/406 2401/313/406
f 2400/314/406 2398/310/406 2401/313/406 2404/315/406
f 2401/316/4 2402/317/4 2405/318/4 2404/319/4
f 2401/320/405 2403/321/405 2412/322/405 2402/323/405
f 2406/324/405 2400/325/405 2404/326/405 2405/327/405
f 2407/328/404 2406/329/404 2405/330/404 2402/331/404
f 2407/332/407 2409/333/407 2410/334/407 2408/335/407
f 2409/336/404 2407/328/404 2402/331/404 2412/337/404
f 2411/338/1 2415/339/1 2399/340/1 2397/341/1 2394/342/1 2416/343/1 2410/344/1 2409/345/1
f 2411/346/404 2409/336/404 2412/337/404 2413/347/404
f 2412/348/1 2403/349/1 2414/350/1 2413/351/1
f 2415/352/405 2411/353/405 2413/354/405 2414/355/405
f 2399/311/406 2415/356/406 2414/357/406 2403/312/406
f 2408/358/406 2410/359/406 2416/360/406 2395/361/406
f 2440/82/408 2418/83/408 2417/84/408 2419/85/408
f 2417/78/409 2418/79/409 2421/80/409 2420/81/409
f 2424/110/4 2430/111/4 2431/112/4 2432/113/4 2419/114/4 2417/115/4 2420/116/4 2422/117/4
f 2420/86/410 2421/87/410 2423/88/410 2422/89/410
f 2422/135/411 2423/140/411 2427/141/411 2425/136/411
f 2424/134/411 2422/135/411 2425/136/411 2428/137/411
f 2425/126/4 2426/127/4 2429/128/4 2428/129/4
f 2425/122/410 2427/123/410 2436/124/410 2426/125/410
f 2430/90/410 2424/91/410 2428/92/410 2429/93/410
f 2431/95/409 2430/142/409 2429/143/409 2426/96/409
f 2431/74/410 2433/75/410 2434/76/410 2432/77/410
f 2433/94/409 2431/95/409 2426/96/409 2436/97/409
f 2435/102/1 2439/103/1 2423/104/1 2421/105/1 2418/106/1 2440/107/1 2434/108/1 2433/109/1
f 2435/138/409 2433/94/409 2436/97/409 2437/139/409
f 2436/130/1 2427/131/1 2438/132/1 2437/133/1
f 2439/98/410 2435/99/410 2437/100/410 2438/101/410
f 2423/140/411 2439/144/411 2438/145/411 2427/141/411
f 2432/118/411 2434/119/411 2440/120/411 2419/121/411
f 2464/154/412 2442/155/412 2441/156/412 2443/157/412
f 2441/150/413 2442/151/413 2445/152/413 2444/153/413
f 2448/182/4 2454/183/4 2455/184/4 2456/185/4 2443/186/4 2441/187/4 2444/188/4 2446/189/4
f 2444/158/414 2445/159/414 2447/160/414 2446/161/414
f 2446/207/415 2447/212/415 2451/213/415 2449/208/415
f 2448/206/415 2446/207/415 2449/208/415 2452/209/415
f 2449/198/4 2450/199/4 2453/200/4 2452/201/4
f 2449/194/416 2451/195/416 2460/196/416 2450/197/416
f 2454/162/416 2448/163/416 2452/164/416 2453/165/416
f 2455/167/413 2454/214/413 2453/215/413 2450/168/413
f 2455/146/416 2457/147/416 2458/148/416 2456/149/416
f 2457/166/413 2455/167/413 2450/168/413 2460/169/413
f 2459/174/1 2463/175/1 2447/176/1 2445/177/1 2442/178/1 2464/179/1 2458/180/1 2457/181/1
f 2459/210/413 2457/166/413 2460/169/413 2461/211/413
f 2460/202/1 2451/203/1 2462/204/1 2461/205/1
f 2463/170/416 2459/171/416 2461/172/416 2462/173/416
f 2447/212/415 2463/216/415 2462/217/415 2451/213/415
f 2456/190/415 2458/191/415 2464/192/415 2443/193/415
f 2488/226/417 2466/227/417 2465/228/417 2467/229/417
f 2465/222/418 2466/223/418 2469/224/418 2468/225/418
f 2472/254/4 2478/255/4 2479/256/4 2480/257/4 2467/258/4 2465/259/4 2468/260/4 2470/261/4
f 2468/230/419 2469/231/419 2471/232/419 2470/233/419
f 2470/279/420 2471/284/420 2475/285/420 2473/280/420
f 2472/278/420 2470/279/420 2473/280/420 2476/281/420
f 2473/270/4 2474/271/4 2477/272/4 2476/273/4
f 2473/266/419 2475/267/419 2484/268/419 2474/269/419
f 2478/234/419 2472/235/419 2476/236/419 2477/237/419
f 2479/239/418 2478/286/418 2477/287/418 2474/240/418
f 2479/218/419 2481/219/419 2482/220/419 2480/221/419
f 2481/238/418 2479/239/418 2474/240/418 2484/241/418
f 2483/246/1 2487/247/1 2471/248/1 2469/249/1 2466/250/1 2488/251/1 2482/252/1 2481/253/1
f 2483/282/418 2481/238/418 2484/241/418 2485/283/418
f 2484/274/1 2475/275/1 2486/276/1 2485/277/1
f 2487/242/419 2483/243/419 2485/244/419 2486/245/419
f 2471/284/420 2487/288/420 2486/289/420 2475/285/420
f 2480/262/420 2482/263/420 2488/264/420 2467/265/420
f 2512/10/421 2490/11/421 2489/12/421 2491/13/421
f 2489/6/422 2490/7/422 2493/8/422 2492/9/422
f 2496/38/4 2502/39/4 2503/40/4 2504/41/4 2491/42/4 2489/43/4 2492/44/4 2494/45/4
f 2492/14/423 2493/15/423 2495/16/423 2494/17/423
f 2494/63/424 2495/68/424 2499/69/424 2497/64/424
f 2496/62/424 2494/63/424 2497/64/424 2500/65/424
f 2497/54/4 2498/55/4 2501/56/4 2500/57/4
f 2497/50/423 2499/51/423 2508/52/423 2498/53/423
f 2502/18/423 2496/19/423 2500/20/423 2501/21/423
f 2503/23/422 2502/70/422 2501/71/422 2498/24/422
f 2503/2/425 2505/3/425 2506/4/425 2504/5/425
f 2505/22/422 2503/23/422 2498/24/422 2508/25/422
f 2507/30/1 2511/31/1 2495/32/1 2493/33/1 2490/34/1 2512/35/1 2506/36/1 2505/37/1
f 2507/66/422 2505/22/422 2508/25/422 2509/67/422
f 2508/58/1 2499/59/1 2510/60/1 2509/61/1
f 2511/26/423 2507/27/423 2509/28/423 2510/29/423
f 2495/68/424 2511/72/424 2510/73/424 2499/69/424
f 2504/46/424 2506/47/424 2512/48/424 2491/49/424
f 2536/290/426 2514/291/426 2513/292/426 2515/293/426
f 2513/294/427 2514/295/427 2517/296/427 2516/297/427
f 2520/298/4 2526/299/4 2527/300/4 2528/301/4 2515/302/4 2513/303/4 2516/304/4 2518/305/4
f 2516/306/428 2517/307/428 2519/308/428 2518/309/428
f 2518/310/429 2519/311/429 2523/312/429 2521/313/429
f 2520/314/429 2518/310/429 2521/313/429 2524/315/429
f 2521/316/4 2522/317/4 2525/318/4 2524/319/4
f 2521/320/428 2523/321/428 2532/322/428 2522/323/428
f 2526/324/428 2520/325/428 2524/326/428 2525/327/428
f 2527/328/427 2526/329/427 2525/330/427 2522/331/427
f 2527/332/428 2529/333/428 2530/334/428 2528/335/428
f 2529/336/427 2527/328/427 2522/331/427 2532/337/427
f 2531/338/1 2535/339/1 2519/340/1 2517/341/1 2514/342/1 2536/343/1 2530/344/1 2529/345/1
f 2531/346/427 2529/336/427 2532/337/427 2533/347/427
f 2532/348/1 2523/349/1 2534/350/1 2533/351/1
f 2535/352/428 2531/353/428 2533/354/428 2534/355/428
f 2519/311/429 2535/356/429 2534/357/429 2523/312/429
f 2528/358/429 2530/359/429 2536/360/429 2515/361/429
f 2560/82/430 2538/83/430 2537/84/430 2539/85/430
f 2537/78/431 2538/79/431 2541/80/431 2540/81/431
f 2544/110/4 2550/111/4 2551/112/4 2552/113/4 2539/114/4 2537/115/4 2540/116/4 2542/117/4
f 2540/86/432 2541/87/432 2543/88/432 2542/89/432
f 2542/135/433 2543/140/433 2547/141/433 2545/136/433
f 2544/134/433 2542/135/433 2545/136/433 2548/137/433
f 2545/126/4 2546/127/4 2549/128/4 2548/129/4
f 2545/122/432 2547/123/432 2556/124/432 2546/125/432
f 2550/90/432 2544/91/432 2548/92/432 2549/93/432
f 2551/95/431 2550/142/431 2549/143/431 2546/96/431
f 2551/74/432 2553/75/432 2554/76/432 2552/77/432
f 2553/94/431 2551/95/431 2546/96/431 2556/97/431
f 2555/102/1 2559/103/1 2543/104/1 2541/105/1 2538/106/1 2560/107/1 2554/108/1 2553/109/1
f 2555/138/431 2553/94/431 2556/97/431 2557/139/431
f 2556/130/1 2547/131/1 2558/132/1 2557/133/1
f 2559/98/432 2555/99/432 2557/100/432 2558/101/432
f 2543/140/433 2559/144/433 2558/145/433 2547/141/433
f 2552/118/433 2554/119/433 2560/120/433 2539/121/433
f 2584/154/434 2562/155/434 2561/156/434 2563/157/434
f 2561/150/435 2562/151/435 2565/152/435 2564/153/435
f 2568/182/4 2574/183/4 2575/184/4 2576/185/4 2563/186/4 2561/187/4 2564/188/4 2566/189/4
f 2564/158/436 2565/159/436 2567/160/436 2566/161/436
f 2566/207/437 2567/212/437 2571/213/437 2569/208/437
f 2568/206/437 2566/207/437 2569/208/437 2572/209/437
f 2569/198/4 2570/199/4 2573/200/4 2572/201/4
f 2569/194/436 2571/195/436 2580/196/436 2570/197/436
f 2574/162/436 2568/163/436 2572/164/436 2573/165/436
f 2575/167/435 2574/214/435 2573/215/435 2570/168/435
f 2575/146/438 2577/147/438 2578/148/438 2576/149/438
f 2577/166/435 2575/167/435 2570/168/435 2580/169/435
f 2579/174/1 2583/175/1 2567/176/1 2565/177/1 2562/178/1 2584/179/1 2578/180/1 2577/181/1
f 2579/210/435 2577/166/435 2580/169/435 2581/211/435
f 2580/202/1 2571/203/1 2582/204/1 2581/205/1
f 2583/170/436 2579/171/436 2581/172/436 2582/173/436
f 2567/212/437 2583/216/437 2582/217/437 2571/213/437
f 2576/190/437 2578/191/437 2584/192/437 2563/193/437
f 2608/10/391 2586/11/391 2585/12/391 2587/13/391
f 2585/6/392 2586/7/392 2589/8/392 2588/9/392
f 2592/38/4 2598/39/4 2599/40/4 2600/41/4 2587/42/4 2585/43/4 2588/44/4 2590/45/4
f 2588/14/439 2589/15/439 2591/16/439 2590/17/439
f 2590/63/440 2591/68/440 2595/69/440 2593/64/440
f 2592/62/394 2590/63/394 2593/64/394 2596/65/394
f 2593/54/4 2594/55/4 2597/56/4 2596/57/4
f 2593/50/393 2595/51/393 2604/52/393 2594/53/393
f 2598/18/393 2592/19/393 2596/20/393 2597/21/393
f 2599/23/392 2598/70/392 2597/71/392 2594/24/392
f 2599/2/393 2601/3/393 2602/4/393 2600/5/393
f 2601/22/441 2599/23/441 2594/24/441 2604/25/441
f 2603/30/1 2607/31/1 2591/32/1 2589/33/1 2586/34/1 2608/35/1 2602/36/1 2601/37/1
f 2603/66/392 2601/22/392 2604/25/392 2605/67/392
f 2604/58/1 2595/59/1 2606/60/1 2605/61/1
f 2607/26/393 2603/27/393 2605/28/393 2606/29/393
f 2591/68/394 2607/72/394 2606/73/394 2595/69/394
f 2600/46/394 2602/47/394 2608/48/394 2587/49/394
f 2632/290/442 2610/291/442 2609/292/442 2611/293/442
f 2609/294/443 2610/295/443 2613/296/443 2612/297/443
f 2616/298/4 2622/299/4 2623/300/4 2624/301/4 2611/302/4 2609/303/4 2612/304/4 2614/305/4
f 2612/306/444 2613/307/444 2615/308/444 2614/309/444
f 2614/310/445 2615/311/445 2619/312/445 2617/313/445
f 2616/314/445 2614/310/445 2617/313/445 2620/315/445
f 2617/316/4 2618/317/4 2621/318/4 2620/319/4
f 2617/320/444 2619/321/444 2628/322/444 2618/323/444
f 2622/324/444 2616/325/444 2620/326/444 2621/327/444
f 2623/328/443 2622/329/443 2621/330/443 2618/331/443
f 2623/332/444 2625/333/444 2626/334/444 2624/335/444
f 2625/336/443 2623/328/443 2618/331/443 2628/337/443
f 2627/338/1 2631/339/1 2615/340/1 2613/341/1 2610/342/1 2632/343/1 2626/344/1 2625/345/1
f 2627/346/443 2625/336/443 2628/337/443 2629/347/443
f 2628/348/1 2619/349/1 2630/350/1 2629/351/1
f 2631/352/444 2627/353/444 2629/354/444 2630/355/444
f 2615/311/445 2631/356/445 2630/357/445 2619/312/445
f 2624/358/445 2626/359/445 2632/360/445 2611/361/445
f 2656/82/446 2634/83/446 2633/84/446 2635/85/446
f 2633/78/447 2634/79/447 2637/80/447 2636/81/447
f 2640/110/4 2646/111/4 2647/112/4 2648/113/4 2635/114/4 2633/115/4 2636/116/4 2638/117/4
f 2636/86/448 2637/87/448 2639/88/448 2638/89/448
f 2638/135/449 2639/140/449 2643/141/449 2641/136/449
f 2640/134/449 2638/135/449 2641/136/449 2644/137/449
f 2641/126/4 2642/127/4 2645/128/4 2644/129/4
f 2641/122/448 2643/123/448 2652/124/448 2642/125/448
f 2646/90/448 2640/91/448 2644/92/448 2645/93/448
f 2647/95/447 2646/142/447 2645/143/447 2642/96/447
f 2647/74/448 2649/75/448 2650/76/448 2648/77/448
f 2649/94/447 2647/95/447 2642/96/447 2652/97/447
f 2651/102/1 2655/103/1 2639/104/1 2637/105/1 2634/106/1 2656/107/1 2650/108/1 2649/109/1
f 2651/138/447 2649/94/447 2652/97/447 2653/139/447
f 2652/130/1 2643/131/1 2654/132/1 2653/133/1
f 2655/98/448 2651/99/448 2653/100/448 2654/101/448
f 2639/140/449 2655/144/449 2654/145/449 2643/141/449
f 2648/118/449 2650/119/449 2656/120/449 2635/121/449
f 2680/226/450 2658/227/450 2657/228/450 2659/229/450
f 2657/222/451 2658/223/451 2661/224/451 2660/225/451
f 2664/254/4 2670/255/4 2671/256/4 2672/257/4 2659/258/4 2657/259/4 2660/260/4 2662/261/4
f 2660/230/452 2661/231/452 2663/232/452 2662/233/452
f 2662/279/453 2663/284/453 2667/285/453 2665/280/453
f 2664/278/453 2662/279/453 2665/280/453 2668/281/453
f 2665/270/4 2666/271/4 2669/272/4 2668/273/4
f 2665/266/452 2667/267/452 2676/268/452 2666/269/452
f 2670/234/452 2664/235/452 2668/236/452 2669/237/452
f 2671/239/451 2670/286/451 2669/287/451 2666/240/451
f 2671/218/452 2673/219/452 2674/220/452 2672/221/452
f 2673/238/451 2671/239/451 2666/240/451 2676/241/451
f 2675/246/1 2679/247/1 2663/248/1 2661/249/1 2658/250/1 2680/251/1 2674/252/1 2673/253/1
f 2675/282/451 2673/238/451 2676/241/451 2677/283/451
f 2676/274/1 2667/275/1 2678/276/1 2677/277/1
f 2679/242/452 2675/243/452 2677/244/452 2678/245/452
f 2663/284/453 2679/288/453 2678/289/453 2667/285/453
f 2672/262/453 2674/263/453 2680/264/453 2659/265/453
f 2704/10/454 2682/11/454 2681/12/454 2683/13/454
f 2681/6/455 2682/7/455 2685/8/455 2684/9/455
f 2688/38/4 2694/39/4 2695/40/4 2696/41/4 2683/42/4 2681/43/4 2684/44/4 2686/45/4
f 2684/14/456 2685/15/456 2687/16/456 2686/17/456
f 2686/63/457 2687/68/457 2691/69/457 2689/64/457
f 2688/62/457 2686/63/457 2689/64/457 2692/65/457
f 2689/54/4 2690/55/4 2693/56/4 2692/57/4
f 2689/50/456 2691/51/456 2700/52/456 2690/53/456
f 2694/18/456 2688/19/456 2692/20/456 2693/21/456
f 2695/23/455 2694/70/455 2693/71/455 2690/24/455
f 2695/2/456 2697/3/456 2698/4/456 2696/5/456
f 2697/22/455 2695/23/455 2690/24/455 2700/25/455
f 2699/30/1 2703/31/1 2687/32/1 2685/33/1 2682/34/1 2704/35/1 2698/36/1 2697/37/1
f 2699/66/455 2697/22/455 2700/25/455 2701/67/455
f 2700/58/1 2691/59/1 2702/60/1 2701/61/1
f 2703/26/456 2699/27/456 2701/28/456 2702/29/456
f 2687/68/457 2703/72/457 2702/73/457 2691/69/457
f 2696/46/457 2698/47/457 2704/48/457 2683/49/457
f 2728/290/458 2706/291/458 2705/292/458 2707/293/458
f 2705/294/459 2706/295/459 2709/296/459 2708/297/459
f 2712/298/4 2718/299/4 2719/300/4 2720/301/4 2707/302/4 2705/303/4 2708/304/4 2710/305/4
f 2708/306/460 2709/307/460 2711/308/460 2710/309/460
f 2710/310/461 2711/311/461 2715/312/461 2713/313/461
f 2712/314/461 2710/310/461 2713/313/461 2716/315/461
f 2713/316/4 2714/317/4 2717/318/4 2716/319/4
f 2713/320/460 2715/321/460 2724/322/460 2714/323/460
f 2718/324/460 2712/325/460 2716/326/460 2717/327/460
f 2719/328/459 2718/329/459 2717/330/459 2714/331/459
f 2719/332/460 2721/333/460 2722/334/460 2720/335/460
f 2721/336/459 2719/328/459 2714/331/459 2724/337/459
f 2723/338/1 2727/339/1 2711/340/1 2709/341/1 2706/342/1 2728/343/1 2722/344/1 2721/345/1
f 2723/346/459 2721/336/459 2724/337/459 2725/347/459
f 2724/348/1 2715/349/1 2726/350/1 2725/351/1
f 2727/352/460 2723/353/460 2725/354/460 2726/355/460
f 2711/311/461 2727/356/461 2726/357/461 2715/312/461
f 2720/358/461 2722/359/461 2728/360/461 2707/361/461
f 2752/82/462 2730/83/462 2729/84/462 2731/85/462
f 2729/78/463 2730/79/463 2733/80/463 2732/81/463
f 2736/110/4 2742/111/4 2743/112/4 2744/113/4 2731/114/4 2729/115/4 2732/116/4 2734/117/4
f 2732/86/464 2733/87/464 2735/88/464 2734/89/464
f 2734/135/465 2735/140/465 2739/141/465 2737/136/465
f 2736/134/465 2734/135/465 2737/136/465 2740/137/465
f 2737/126/4 2738/127/4 2741/128/4 2740/129/4
f 2737/122/464 2739/123/464 2748/124/464 2738/125/464
f 2742/90/464 2736/91/464 2740/92/464 2741/93/464
f 2743/95/463 2742/142/463 2741/143/463 2738/96/463
f 2743/74/464 2745/75/464 2746/76/464 2744/77/464
f 2745/94/463 2743/95/463 2738/96/463 2748/97/463
f 2747/102/1 2751/103/1 2735/104/1 2733/105/1 2730/106/1 2752/107/1 2746/108/1 2745/109/1
f 2747/138/463 2745/94/463 2748/97/463 2749/139/463
f 2748/130/1 2739/131/1 2750/132/1 2749/133/1
f 2751/98/464 2747/99/464 2749/100/464 2750/101/464
f 2735/140/465 2751/144/465 2750/145/465 2739/141/465
f 2744/118/465 2746/119/465 2752/120/465 2731/121/465
f 2776/154/466 2754/155/466 2753/156/466 2755/157/466
f 2753/150/467 2754/151/467 2757/152/467 2756/153/467
f 2760/182/4 2766/183/4 2767/184/4 2768/185/4 2755/186/4 2753/187/4 2756/188/4 2758/189/4
f 2756/158/468 2757/159/468 2759/160/468 2758/161/468
f 2758/207/469 2759/212/469 2763/213/469 2761/208/469
f 2760/206/469 2758/207/469 2761/208/469 2764/209/469
f 2761/198/4 2762/199/4 2765/200/4 2764/201/4
f 2761/194/468 2763/195/468 2772/196/468 2762/197/468
f 2766/162/468 2760/163/468 2764/164/468 2765/165/468
f 2767/167/467 2766/214/467 2765/215/467 2762/168/467
f 2767/146/468 2769/147/468 2770/148/468 2768/149/468
f 2769/166/467 2767/167/467 2762/168/467 2772/169/467
f 2771/174/1 2775/175/1 2759/176/1 2757/177/1 2754/178/1 2776/179/1 2770/180/1 2769/181/1
f 2771/210/467 2769/166/467 2772/169/467 2773/211/467
f 2772/202/1 2763/203/1 2774/204/1 2773/205/1
f 2775/170/468 2771/171/468 2773/172/468 2774/173/468
f 2759/212/469 2775/216/469 2774/217/469 2763/213/469
f 2768/190/469 2770/191/469 2776/192/469 2755/193/469
f 2800/226/470 2778/227/470 2777/228/470 2779/229/470
f 2777/222/471 2778/223/471 2781/224/471 2780/225/471
f 2784/254/4 2790/255/4 2791/256/4 2792/257/4 2779/258/4 2777/259/4 2780/260/4 2782/261/4
f 2780/230/472 2781/231/472 2783/232/472 2782/233/472
f 2782/279/473 2783/284/473 2787/285/473 2785/280/473
f 2784/278/473 2782/279/473 2785/280/473 2788/281/473
f 2785/270/4 2786/271/4 2789/272/4 2788/273/4
f 2785/266/472 2787/267/472 2796/268/472 2786/269/472
f 2790/234/472 2784/235/472 2788/236/472 2789/237/472
f 2791/239/471 2790/286/471 2789/287/471 2786/240/471
f 2791/218/472 2793/219/472 2794/220/472 2792/221/472
f 2793/238/471 2791/239/471 2786/240/471 2796/241/471
f 2795/246/1 2799/247/1 2783/248/1 2781/249/1 2778/250/1 2800/251/1 2794/252/1 2793/253/1
f 2795/282/471 2793/238/471 2796/241/471 2797/283/471
f 2796/274/1 2787/275/1 2798/276/1 2797/277/1
f 2799/242/472 2795/243/472 2797/244/472 2798/245/472
f 2783/284/473 2799/288/473 2798/289/473 2787/285/473
f 2792/262/473 2794/263/473 2800/264/473 2779/265/473
f 2824/10/474 2802/11/474 2801/12/474 2803/13/474
f 2801/6/475 2802/7/475 2805/8/475 2804/9/475
f 2808/38/4 2814/39/4 2815/40/4 2816/41/4 2803/42/4 2801/43/4 2804/44/4 2806/45/4
f 2804/14/476 2805/15/476 2807/16/476 2806/17/476
f 2806/63/477 2807/68/477 2811/69/477 2809/64/477
f 2808/62/477 2806/63/477 2809/64/477 2812/65/477
f 2809/54/4 2810/55/4 2813/56/4 2812/57/4
f 2809/50/476 2811/51/476 2820/52/476 2810/53/476
f 2814/18/476 2808/19/476 2812/20/476 2813/21/476
f 2815/23/475 2814/70/475 2813/71/475 2810/24/475
f 2815/2/476 2817/3/476 2818/4/476 2816/5/476
f 2817/22/475 2815/23/475 2810/24/475 2820/25/475
f 2819/30/1 2823/31/1 2807/32/1 2805/33/1 2802/34/1 2824/35/1 2818/36/1 2817/37/1
f 2819/66/475 2817/22/475 2820/25/475 2821/67/475
f 2820/58/1 2811/59/1 2822/60/1 2821/61/1
f 2823/26/476 2819/27/476 2821/28/476 2822/29/476
f 2807/68/477 2823/72/477 2822/73/477 2811/69/477
f 2816/46/477 2818/47/477 2824/48/477 2803/49/477
f 2848/290/478 2826/291/478 2825/292/478 2827/293/478
f 2825/294/479 2826/295/479 2829/296/479 2828/297/479
f 2832/298/4 2838/299/4 2839/300/4 2840/301/4 2827/302/4 2825/303/4 2828/304/4 2830/305/4
f 2828/306/480 2829/307/480 2831/308/480 2830/309/480
f 2830/310/481 2831/311/481 2835/312/481 2833/313/481
f 2832/314/481 2830/310/481 2833/313/481 2836/315/481
f 2833/316/4 2834/317/4 2837/318/4 2836/319/4
f 2833/320/480 2835/321/480 2844/322/480 2834/323/480
f 2838/324/480 2832/325/480 2836/326/480 2837/327/480
f 2839/328/479 2838/329/479 2837/330/479 2834/331/479
f 2839/332/480 2841/333/480 2842/334/480 2840/335/480
f 2841/336/479 2839/328/479 2834/331/479 2844/337/479
f 2843/338/1 2847/339/1 2831/340/1 2829/341/1 2826/342/1 2848/343/1 2842/344/1 2841/345/1
f 2843/346/479 2841/336/479 2844/337/479 2845/347/479
f 2844/348/1 2835/349/1 2846/350/1 2845/351/1
f 2847/352/480 2843/353/480 2845/354/480 2846/355/480
f 2831/311/481 2847/356/481 2846/357/481 2835/312/481
f 2840/358/481 2842/359/481 2848/360/481 2827/361/481
f 2872/82/482 2850/83/482 2849/84/482 2851/85/482
f 2849/78/483 2850/79/483 2853/80/483 2852/81/483
f 2856/110/4 2862/111/4 2863/112/4 2864/113/4 2851/114/4 2849/115/4 2852/116/4 2854/117/4
f 2852/86/484 2853/87/484 2855/88/484 2854/89/484
f 2854/135/485 2855/140/485 2859/141/485 2857/136/485
f 2856/134/485 2854/135/485 2857/136/485 2860/137/485
f 2857/126/4 2858/127/4 2861/128/4 2860/129/4
f 2857/122/484 2859/123/484 2868/124/484 2858/125/484
f 2862/90/484 2856/91/484 2860/92/484 2861/93/484
f 2863/95/483 2862/142/483 2861/143/483 2858/96/483
f 2863/74/484 2865/75/484 2866/76/484 2864/77/484
f 2865/94/483 2863/95/483 2858/96/483 2868/97/483
f 2867/102/1 2871/103/1 2855/104/1 2853/105/1 2850/106/1 2872/107/1 2866/108/1 2865/109/1
f 2867/138/483 2865/94/483 2868/97/483 2869/139/483
f 2868/130/1 2859/131/1 2870/132/1 2869/133/1
f 2871/98/484 2867/99/484 2869/100/484 2870/101/484
f 2855/140/485 2871/144/485 2870/145/485 2859/141/485
f 2864/118/485 2866/119/485 2872/120/485 2851/121/485
f 2896/154/486 2874/155/486 2873/156/486 2875/157/486
f 2873/150/487 2874/151/487 2877/152/487 2876/153/487
f 2880/182/4 2886/183/4 2887/184/4 2888/185/4 2875/186/4 2873/187/4 2876/188/4 2878/189/4
f 2876/158/488 2877/159/488 2879/160/488 2878/161/488
f 2878/207/489 2879/212/489 2883/213/489 2881/208/489
f 2880/206/489 2878/207/489 2881/208/489 2884/209/489
f 2881/198/4 2882/199/4 2885/200/4 2884/201/4
f 2881/194/488 2883/195/488 2892/196/488 2882/197/488
f 2886/162/488 2880/163/488 2884/164/488 2885/165/488
f 2887/167/487 2886/214/487 2885/215/487 2882/168/487
f 2887/146/488 2889/147/488 2890/148/488 2888/149/488
f 2889/166/487 2887/167/487 2882/168/487 2892/169/487
f 2891/174/1 2895/175/1 2879/176/1 2877/177/1 2874/178/1 2896/179/1 2890/180/1 2889/181/1
f 2891/210/487 2889/166/487 2892/169/487 2893/211/487
f 2892/202/1 2883/203/1 2894/204/1 2893/205/1
f 2895/170/488 2891/171/488 2893/172/488 2894/173/488
f 2879/212/489 2895/216/489 2894/217/489 2883/213/489
f 2888/190/489 2890/191/489 2896/192/489 2875/193/489
f 2920/226/490 2898/227/490 2897/228/490 2899/229/490
f 2897/222/491 2898/223/491 2901/224/491 2900/225/491
f 2904/254/4 2910/255/4 2911/256/4 2912/257/4 2899/258/4 2897/259/4 2900/260/4 2902/261/4
f 2900/230/492 2901/231/492 2903/232/492 2902/233/492
f 2902/279/493 2903/284/493 2907/285/493 2905/280/493
f 2904/278/493 2902/279/493 2905/280/493 2908/281/493
f 2905/270/4 2906/271/4 2909/272/4 2908/273/4
f 2905/266/492 2907/267/492 2916/268/492 2906/269/492
f 2910/234/492 2904/235/492 2908/236/492 2909/237/492
f 2911/239/491 2910/286/491 2909/287/491 2906/240/491
f 2911/218/492 2913/219/492 2914/220/492 2912/221/492
f 2913/238/491 2911/239/491 2906/240/491 2916/241/491
f 2915/246/1 2919/247/1 2903/248/1 2901/249/1 2898/250/1 2920/251/1 2914/252/1 2913/253/1
f 2915/282/491 2913/238/491 2916/241/491 2917/283/491
f 2916/274/1 2907/275/1 2918/276/1 2917/277/1
f 2919/242/492 2915/243/492 2917/244/492 2918/245/492
f 2903/284/493 2919/288/493 2918/289/493 2907/285/493
f 2912/262/493 2914/263/493 2920/264/493 2899/265/493
f 2944/290/494 2922/291/494 2921/292/494 2923/293/494
f 2921/294/495 2922/295/495 2925/296/495 2924/297/495
f 2928/298/4 2934/299/4 2935/300/4 2936/301/4 2923/302/4 2921/303/4 2924/304/4 2926/305/4
f 2924/306/496 2925/307/496 2927/308/496 2926/309/496
f 2926/310/497 2927/311/497 2931/312/497 2929/313/497
f 2928/314/497 2926/310/497 2929/313/497 2932/315/497
f 2929/316/4 2930/317/4 2933/318/4 2932/319/4
f 2929/320/496 2931/321/496 2940/322/496 2930/323/496
f 2934/324/496 2928/325/496 2932/326/496 2933/327/496
f 2935/328/495 2934/329/495 2933/330/495 2930/331/495
f 2935/332/496 2937/333/496 2938/334/496 2936/335/496
f 2937/336/495 2935/328/495 2930/331/495 2940/337/495
f 2939/338/1 2943/339/1 2927/340/1 2925/341/1 2922/342/1 2944/343/1 2938/344/1 2937/345/1
f 2939/346/495 2937/336/495 2940/337/495 2941/347/495
f 2940/348/1 2931/349/1 2942/350/1 2941/351/1
f 2943/352/496 2939/353/496 2941/354/496 2942/355/496
f 2927/311/497 2943/356/497 2942/357/497 2931/312/497
f 2936/358/497 2938/359/497 2944/360/497 2923/361/497
f 2968/226/498 2946/227/498 2945/228/498 2947/229/498
f 2945/222/499 2946/223/499 2949/224/499 2948/225/499
f 2952/254/4 2958/255/4 2959/256/4 2960/257/4 2947/258/4 2945/259/4 2948/260/4 2950/261/4
f 2948/230/500 2949/231/500 2951/232/500 2950/233/500
f 2950/279/501 2951/284/501 2955/285/501 2953/280/501
f 2952/278/501 2950/279/501 2953/280/501 2956/281/501
f 2953/270/4 2954/271/4 2957/272/4 2956/273/4
f 2953/266/500 2955/267/500 2964/268/500 2954/269/500
f 2958/234/500 2952/235/500 2956/236/500 2957/237/500
f 2959/239/499 2958/286/499 2957/287/499 2954/240/499
f 2959/218/500 2961/219/500 2962/220/500 2960/221/500
f 2961/238/499 2959/239/499 2954/240/499 2964/241/499
f 2963/246/1 2967/247/1 2951/248/1 2949/249/1 2946/250/1 2968/251/1 2962/252/1 2961/253/1
f 2963/282/499 2961/238/499 2964/241/499 2965/283/499
f 2964/274/1 2955/275/1 2966/276/1 2965/277/1
f 2967/242/500 2963/243/500 2965/244/500 2966/245/500
f 2951/284/501 2967/288/501 2966/289/501 2955/285/501
f 2960/262/501 2962/263/501 2968/264/501 2947/265/501
f 2992/10/502 2970/11/502 2969/12/502 2971/13/502
f 2969/6/503 2970/7/503 2973/8/503 2972/9/503
f 2976/38/4 2982/39/4 2983/40/4 2984/41/4 2971/42/4 2969/43/4 2972/44/4 2974/45/4
f 2972/14/504 2973/15/504 2975/16/504 2974/17/504
f 2974/63/505 2975/68/505 2979/69/505 2977/64/505
f 2976/62/505 2974/63/505 2977/64/505 2980/65/505
f 2977/54/4 2978/55/4 2981/56/4 2980/57/4
f 2977/50/504 2979/51/504 2988/52/504 2978/53/504
f 2982/18/504 2976/19/504 2980/20/504 2981/21/504
f 2983/23/503 2982/70/503 2981/71/503 2978/24/503
f 2983/2/504 2985/3/504 2986/4/504 2984/5/504
f 2985/22/503 2983/23/503 2978/24/503 2988/25/503
f 2987/30/1 2991/31/1 2975/32/1 2973/33/1 2970/34/1 2992/35/1 2986/36/1 2985/37/1
f 2987/66/503 2985/22/503 2988/25/503 2989/67/503
f 2988/58/1 2979/59/1 2990/60/1 2989/61/1
f 2991/26/504 2987/27/504 2989/28/504 2990/29/504
f 2975/68/505 2991/72/505 2990/73/505 2979/69/505
f 2984/46/505 2986/47/505 2992/48/505 2971/49/505
f 3016/290/506 2994/291/506 2993/292/506 2995/293/506
f 2993/294/507 2994/295/507 2997/296/507 2996/297/507
f 3000/298/4 3006/299/4 3007/300/4 3008/301/4 2995/302/4 2993/303/4 2996/304/4 2998/305/4
f 2996/306/508 2997/307/508 2999/308/508 2998/309/508
f 2998/310/509 2999/311/509 3003/312/509 3001/313/509
f 3000/314/509 2998/310/509 3001/313/509 3004/315/509
f 3001/316/4 3002/317/4 3005/318/4 3004/319/4
f 3001/320/508 3003/321/508 3012/322/508 3002/323/508
f 3006/324/508 3000/325/508 3004/326/508 3005/327/508
f 3007/328/507 3006/329/507 3005/330/507 3002/331/507
f 3007/332/508 3009/333/508 3010/334/508 3008/335/508
f 3009/336/507 3007/328/507 3002/331/507 3012/337/507
f 3011/338/1 3015/339/1 2999/340/1 2997/341/1 2994/342/1 3016/343/1 3010/344/1 3009/345/1
f 3011/346/507 3009/336/507 3012/337/507 3013/347/507
f 3012/348/1 3003/349/1 3014/350/1 3013/351/1
f 3015/352/508 3011/353/508 3013/354/508 3014/355/508
f 2999/311/509 3015/356/509 3014/357/509 3003/312/509
f 3008/358/509 3010/359/509 3016/360/509 2995/361/509
f 3040/154/510 3018/155/510 3017/156/510 3019/157/510
f 3017/150/511 3018/151/511 3021/152/511 3020/153/511
f 3024/182/4 3030/183/4 3031/184/4 3032/185/4 3019/186/4 3017/187/4 3020/188/4 3022/189/4
f 3020/158/512 3021/159/512 3023/160/512 3022/161/512
f 3022/207/513 3023/212/513 3027/213/513 3025/208/513
f 3024/206/513 3022/207/513 3025/208/513 3028/209/513
f 3025/198/4 3026/199/4 3029/200/4 3028/201/4
f 3025/194/512 3027/195/512 3036/196/512 3026/197/512
f 3030/162/512 3024/163/512 3028/164/512 3029/165/512
f 3031/167/511 3030/214/511 3029/215/511 3026/168/511
f 3031/146/512 3033/147/512 3034/148/512 3032/149/512
f 3033/166/511 3031/167/511 3026/168/511 3036/169/511
f 3035/174/1 3039/175/1 3023/176/1 3021/177/1 3018/178/1 3040/179/1 3034/180/1 3033/181/1
f 3035/210/511 3033/166/511 3036/169/511 3037/211/511
f 3036/202/1 3027/203/1 3038/204/1 3037/205/1
f 3039/170/512 3035/171/512 3037/172/512 3038/173/512
f 3023/212/513 3039/216/513 3038/217/513 3027/213/513
f 3032/190/513 3034/191/513 3040/192/513 3019/193/513
f 3064/10/514 3042/11/514 3041/12/514 3043/13/514
f 3041/6/515 3042/7/515 3045/8/515 3044/9/515
f 3048/38/4 3054/39/4 3055/40/4 3056/41/4 3043/42/4 3041/43/4 3044/44/4 3046/45/4
f 3044/14/516 3045/15/516 3047/16/516 3046/17/516
f 3046/63/517 3047/68/517 3051/69/517 3049/64/517
f 3048/62/517 3046/63/517 3049/64/517 3052/65/517
f 3049/54/4 3050/55/4 3053/56/4 3052/57/4
f 3049/50/516 3051/51/516 3060/52/516 3050/53/516
f 3054/18/516 3048/19/516 3052/20/516 3053/21/516
f 3055/23/515 3054/70/515 3053/71/515 3050/24/515
f 3055/2/516 3057/3/516 3058/4/516 3056/5/516
f 3057/22/515 3055/23/515 3050/24/515 3060/25/515
f 3059/30/1 3063/31/1 3047/32/1 3045/33/1 3042/34/1 3064/35/1 3058/36/1 3057/37/1
f 3059/66/515 3057/22/515 3060/25/515 3061/67/515
f 3060/58/1 3051/59/1 3062/60/1 3061/61/1
f 3063/26/516 3059/27/516 3061/28/516 3062/29/516
f 3047/68/517 3063/72/517 3062/73/517 3051/69/517
f 3056/46/517 3058/47/517 3064/48/517 3043/49/517
f 3088/226/518 3066/227/518 3065/228/518 3067/229/518
f 3065/222/519 3066/223/519 3069/224/519 3068/225/519
f 3072/254/4 3078/255/4 3079/256/4 3080/257/4 3067/258/4 3065/259/4 3068/260/4 3070/261/4
f 3068/230/520 3069/231/520 3071/232/520 3070/233/520
f 3070/279/521 3071/284/521 3075/285/521 3073/280/521
f 3072/278/521 3070/279/521 3073/280/521 3076/281/521
f 3073/270/4 3074/271/4 3077/272/4 3076/273/4
f 3073/266/520 3075/267/520 3084/268/520 3074/269/520
f 3078/234/520 3072/235/520 3076/236/520 3077/237/520
f 3079/239/519 3078/286/519 3077/287/519 3074/240/519
f 3079/218/520 3081/219/520 3082/220/520 3080/221/520
f 3081/238/519 3079/239/519 3074/240/519 3084/241/519
f 3083/246/1 3087/247/1 3071/248/1 3069/249/1 3066/250/1 3088/251/1 3082/252/1 3081/253/1
f 3083/282/519 3081/238/519 3084/241/519 3085/283/519
f 3084/274/1 3075/275/1 3086/276/1 3085/277/1
f 3087/242/520 3083/243/520 3085/244/520 3086/245/520
f 3071/284/521 3087/288/521 3086/289/521 3075/285/521
f 3080/262/521 3082/263/521 3088/264/521 3067/265/521
f 3112/290/522 3090/291/522 3089/292/522 3091/293/522
f 3089/294/523 3090/295/523 3093/296/523 3092/297/523
f 3096/298/4 3102/299/4 3103/300/4 3104/301/4 3091/302/4 3089/303/4 3092/304/4 3094/305/4
f 3092/306/524 3093/307/524 3095/308/524 3094/309/524
f 3094/310/525 3095/311/525 3099/312/525 3097/313/525
f 3096/314/525 3094/310/525 3097/313/525 3100/315/525
f 3097/316/4 3098/317/4 3101/318/4 3100/319/4
f 3097/320/524 3099/321/524 3108/322/524 3098/323/524
f 3102/324/524 3096/325/524 3100/326/524 3101/327/524
f 3103/328/523 3102/329/523 3101/330/523 3098/331/523
f 3103/332/405 3105/333/405 3106/334/405 3104/335/405
f 3105/336/523 3103/328/523 3098/331/523 3108/337/523
f 3107/338/1 3111/339/1 3095/340/1 3093/341/1 3090/342/1 3112/343/1 3106/344/1 3105/345/1
f 3107/346/523 3105/336/523 3108/337/523 3109/347/523
f 3108/348/1 3099/349/1 3110/350/1 3109/351/1
f 3111/352/524 3107/353/524 3109/354/524 3110/355/524
f 3095/311/525 3111/356/525 3110/357/525 3099/312/525
f 3104/358/525 3106/359/525 3112/360/525 3091/361/525
f 3136/226/526 3114/227/526 3113/228/526 3115/229/526
f 3113/222/527 3114/223/527 3117/224/527 3116/225/527
f 3120/254/4 3126/255/4 3127/256/4 3128/257/4 3115/258/4 3113/259/4 3116/260/4 3118/261/4
f 3116/230/528 3117/231/528 3119/232/528 3118/233/528
f 3118/279/529 3119/284/529 3123/285/529 3121/280/529
f 3120/278/529 3118/279/529 3121/280/529 3124/281/529
f 3121/270/4 3122/271/4 3125/272/4 3124/273/4
f 3121/266/528 3123/267/528 3132/268/528 3122/269/528
f 3126/234/528 3120/235/528 3124/236/528 3125/237/528
f 3127/239/527 3126/286/527 3125/287/527 3122/240/527
f 3127/218/528 3129/219/528 3130/220/528 3128/221/528
f 3129/238/527 3127/239/527 3122/240/527 3132/241/527
f 3131/246/1 3135/247/1 3119/248/1 3117/249/1 3114/250/1 3136/251/1 3130/252/1 3129/253/1
f 3131/282/527 3129/238/527 3132/241/527 3133/283/527
f 3132/274/1 3123/275/1 3134/276/1 3133/277/1
f 3135/242/528 3131/243/528 3133/244/528 3134/245/528
f 3119/284/529 3135/288/529 3134/289/529 3123/285/529
f 3128/262/529 3130/263/529 3136/264/529 3115/265/529
f 3160/10/530 3138/11/530 3137/12/530 3139/13/530
f 3137/6/531 3138/7/531 3141/8/531 3140/9/531
f 3144/38/532 3150/39/532 3151/40/532 3152/41/532 3139/42/532 3137/43/532 3140/44/532 3142/45/532
f 3140/14/533 3141/15/533 3143/16/533 3142/17/533
f 3142/63/534 3143/68/534 3147/69/534 3145/64/534
f 3144/62/534 3142/63/534 3145/64/534 3148/65/534
f 3145/54/532 3146/55/532 3149/56/532 3148/57/532
f 3145/50/533 3147/51/533 3156/52/533 3146/53/533
f 3150/18/533 3144/19/533 3148/20/533 3149/21/533
f 3151/23/531 3150/70/531 3149/71/531 3146/24/531
f 3151/2/533 3153/3/533 3154/4/533 3152/5/533
f 3153/22/531 3151/23/531 3146/24/531 3156/25/531
f 3155/30/535 3159/31/535 3143/32/535 3141/33/535 3138/34/535 3160/35/535 3154/36/535 3153/37/535
f 3155/66/531 3153/22/531 3156/25/531 3157/67/531
f 3156/58/536 3147/59/536 3158/60/536 3157/61/536
f 3159/26/533 3155/27/533 3157/28/533 3158/29/533
f 3143/68/534 3159/72/534 3158/73/534 3147/69/534
f 3152/46/534 3154/47/534 3160/48/534 3139/49/534
f 3184/10/537 3162/11/537 3161/12/537 3163/13/537
f 3161/6/538 3162/7/538 3165/8/538 3164/9/538
f 3168/38/4 3174/39/4 3175/40/4 3176/41/4 3163/42/4 3161/43/4 3164/44/4 3166/45/4
f 3164/14/539 3165/15/539 3167/16/539 3166/17/539
f 3166/63/540 3167/68/540 3171/69/540 3169/64/540
f 3168/62/540 3166/63/540 3169/64/540 3172/65/540
f 3169/54/4 3170/55/4 3173/56/4 3172/57/4
f 3169/50/539 3171/51/539 3180/52/539 3170/53/539
f 3174/18/539 3168/19/539 3172/20/539 3173/21/539
f 3175/23/538 3174/70/538 3173/71/538 3170/24/538
f 3175/2/539 3177/3/539 3178/4/539 3176/5/539
f 3177/22/538 3175/23/538 3170/24/538 3180/25/538
f 3179/30/1 3183/31/1 3167/32/1 3165/33/1 3162/34/1 3184/35/1 3178/36/1 3177/37/1
f 3179/66/538 3177/22/538 3180/25/538 3181/67/538
f 3180/58/1 3171/59/1 3182/60/1 3181/61/1
f 3183/26/539 3179/27/539 3181/28/539 3182/29/539
f 3167/68/540 3183/72/540 3182/73/540 3171/69/540
f 3176/46/540 3178/47/540 3184/48/540 3163/49/540
f 3208/226/541 3186/227/541 3185/228/541 3187/229/541
f 3185/222/542 3186/223/542 3189/224/542 3188/225/542
f 3192/254/4 3198/255/4 3199/256/4 3200/257/4 3187/258/4 3185/259/4 3188/260/4 3190/261/4
f 3188/230/543 3189/231/543 3191/232/543 3190/233/543
f 3190/279/544 3191/284/544 3195/285/544 3193/280/544
f 3192/278/544 3190/279/544 3193/280/544 3196/281/544
f 3193/270/4 3194/271/4 3197/272/4 3196/273/4
f 3193/266/545 3195/267/545 3204/268/545 3194/269/545
f 3198/234/545 3192/235/545 3196/236/545 3197/237/545
f 3199/239/542 3198/286/542 3197/287/542 3194/240/542
f 3199/218/545 3201/219/545 3202/220/545 3200/221/545
f 3201/238/542 3199/239/542 3194/240/542 3204/241/542
f 3203/246/1 3207/247/1 3191/248/1 3189/249/1 3186/250/1 3208/251/1 3202/252/1 3201/253/1
f 3203/282/542 3201/238/542 3204/241/542 3205/283/542
f 3204/274/1 3195/275/1 3206/276/1 3205/277/1
f 3207/242/545 3203/243/545 3205/244/545 3206/245/545
f 3191/284/544 3207/288/544 3206/289/544 3195/285/544
f 3200/262/544 3202/263/544 3208/264/544 3187/265/544
f 3232/290/546 3210/291/546 3209/292/546 3211/293/546
f 3209/294/547 3210/295/547 3213/296/547 3212/297/547
f 3216/298/4 3222/299/4 3223/300/4 3224/301/4 3211/302/4 3209/303/4 3212/304/4 3214/305/4
f 3212/306/548 3213/307/548 3215/308/548 3214/309/548
f 3214/310/549 3215/311/549 3219/312/549 3217/313/549
f 3216/314/549 3214/310/549 3217/313/549 3220/315/549
f 3217/316/4 3218/317/4 3221/318/4 3220/319/4
f 3217/320/548 3219/321/548 3228/322/548 3218/323/548
f 3222/324/548 3216/325/548 3220/326/548 3221/327/548
f 3223/328/547 3222/329/547 3221/330/547 3218/331/547
f 3223/332/548 3225/333/548 3226/334/548 3224/335/548
f 3225/336/547 3223/328/547 3218/331/547 3228/337/547
f 3227/338/1 3231/339/1 3215/340/1 3213/341/1 3210/342/1 3232/343/1 3226/344/1 3225/345/1
f 3227/346/547 3225/336/547 3228/337/547 3229/347/547
f 3228/348/1 3219/349/1 3230/350/1 3229/351/1
f 3231/352/548 3227/353/548 3229/354/548 3230/355/548
f 3215/311/549 3231/356/549 3230/357/549 3219/312/549
f 3224/358/549 3226/359/549 3232/360/549 3211/361/549
f 3256/226/550 3234/227/550 3233/228/550 3235/229/550
f 3233/222/551 3234/223/551 3237/224/551 3236/225/551
f 3240/254/4 3246/255/4 3247/256/4 3248/257/4 3235/258/4 3233/259/4 3236/260/4 3238/261/4
f 3236/230/552 3237/231/552 3239/232/552 3238/233/552
f 3238/279/553 3239/284/553 3243/285/553 3241/280/553
f 3240/278/553 3238/279/553 3241/280/553 3244/281/553
f 3241/270/4 3242/271/4 3245/272/4 3244/273/4
f 3241/266/552 3243/267/552 3252/268/552 3242/269/552
f 3246/234/552 3240/235/552 3244/236/552 3245/237/552
f 3247/239/551 3246/286/551 3245/287/551 3242/240/551
f 3247/218/552 3249/219/552 3250/220/552 3248/221/552
f 3249/238/551 3247/239/551 3242/240/551 3252/241/551
f 3251/246/1 3255/247/1 3239/248/1 3237/249/1 3234/250/1 3256/251/1 3250/252/1 3249/253/1
f 3251/282/551 3249/238/551 3252/241/551 3253/283/551
f 3252/274/1 3243/275/1 3254/276/1 3253/277/1
f 3255/242/552 3251/243/552 3253/244/552 3254/245/552
f 3239/284/553 3255/288/553 3254/289/553 3243/285/553
f 3248/262/553 3250/263/553 3256/264/553 3235/265/553
f 3280/10/554 3258/11/554 3257/12/554 3259/13/554
f 3257/6/555 3258/7/555 3261/8/555 3260/9/555
f 3264/38/4 3270/39/4 3271/40/4 3272/41/4 3259/42/4 3257/43/4 3260/44/4 3262/45/4
f 3260/14/556 3261/15/556 3263/16/556 3262/17/556
f 3262/63/557 3263/68/557 3267/69/557 3265/64/557
f 3264/62/557 3262/63/557 3265/64/557 3268/65/557
f 3265/54/4 3266/55/4 3269/56/4 3268/57/4
f 3265/50/556 3267/51/556 3276/52/556 3266/53/556
f 3270/18/556 3264/19/556 3268/20/556 3269/21/556
f 3271/23/555 3270/70/555 3269/71/555 3266/24/555
f 3271/2/556 3273/3/556 3274/4/556 3272/5/556
f 3273/22/555 3271/23/555 3266/24/555 3276/25/555
f 3275/30/1 3279/31/1 3263/32/1 3261/33/1 3258/34/1 3280/35/1 3274/36/1 3273/37/1
f 3275/66/555 3273/22/555 3276/25/555 3277/67/555
f 3276/58/1 3267/59/1 3278/60/1 3277/61/1
f 3279/26/556 3275/27/556 3277/28/556 3278/29/556
f 3263/68/557 3279/72/557 3278/73/557 3267/69/557
f 3272/46/557 3274/47/557 3280/48/557 3259/49/557
f 3304/290/558 3282/291/558 3281/292/558 3283/293/558
f 3281/294/559 3282/295/559 3285/296/559 3284/297/559
f 3288/298/4 3294/299/4 3295/300/4 3296/301/4 3283/302/4 3281/303/4 3284/304/4 3286/305/4
f 3284/306/560 3285/307/560 3287/308/560 3286/309/560
f 3286/310/561 3287/311/561 3291/312/561 3289/313/561
f 3288/314/561 3286/310/561 3289/313/561 3292/315/561
f 3289/316/4 3290/317/4 3293/318/4 3292/319/4
f 3289/320/560 3291/321/560 3300/322/560 3290/323/560
f 3294/324/560 3288/325/560 3292/326/560 3293/327/560
f 3295/328/559 3294/329/559 3293/330/559 3290/331/559
f 3295/332/560 3297/333/560 3298/334/560 3296/335/560
f 3297/336/559 3295/328/559 3290/331/559 3300/337/559
f 3299/338/1 3303/339/1 3287/340/1 3285/341/1 3282/342/1 3304/343/1 3298/344/1 3297/345/1
f 3299/346/559 3297/336/559 3300/337/559 3301/347/559
f 3300/348/1 3291/349/1 3302/350/1 3301/351/1
f 3303/352/560 3299/353/560 3301/354/560 3302/355/560
f 3287/311/561 3303/356/561 3302/357/561 3291/312/561
f 3296/358/561 3298/359/561 3304/360/561 3283/361/561
f 3328/154/562 3306/155/562 3305/156/562 3307/157/562
f 3305/150/563 3306/151/563 3309/152/563 3308/153/563
f 3312/182/4 3318/183/4 3319/184/4 3320/185/4 3307/186/4 3305/187/4 3308/188/4 3310/189/4
f 3308/158/564 3309/159/564 3311/160/564 3310/161/564
f 3310/207/565 3311/212/565 3315/213/565 3313/208/565
f 3312/206/565 3310/207/565 3313/208/565 3316/209/565
f 3313/198/4 3314/199/4 3317/200/4 3316/201/4
f 3313/194/564 3315/195/564 3324/196/564 3314/197/564
f 3318/162/564 3312/163/564 3316/164/564 3317/165/564
f 3319/167/563 3318/214/563 3317/215/563 3314/168/563
f 3319/146/564 3321/147/564 3322/148/564 3320/149/564
f 3321/166/563 3319/167/563 3314/168/563 3324/169/563
f 3323/174/1 3327/175/1 3311/176/1 3309/177/1 3306/178/1 3328/179/1 3322/180/1 3321/181/1
f 3323/210/563 3321/166/563 3324/169/563 3325/211/563
f 3324/202/1 3315/203/1 3326/204/1 3325/205/1
f 3327/170/564 3323/171/564 3325/172/564 3326/173/564
f 3311/212/565 3327/216/565 3326/217/565 3315/213/565
f 3320/190/565 3322/191/565 3328/192/565 3307/193/565
f 3352/10/566 3330/11/566 3329/12/566 3331/13/566
f 3329/6/567 3330/7/567 3333/8/567 3332/9/567
f 3336/38/4 3342/39/4 3343/40/4 3344/41/4 3331/42/4 3329/43/4 3332/44/4 3334/45/4
f 3332/14/568 3333/15/568 3335/16/568 3334/17/568
f 3334/63/569 3335/68/569 3339/69/569 3337/64/569
f 3336/62/569 3334/63/569 3337/64/569 3340/65/569
f 3337/54/4 3338/55/4 3341/56/4 3340/57/4
f 3337/50/568 3339/51/568 3348/52/568 3338/53/568
f 3342/18/568 3336/19/568 3340/20/568 3341/21/568
f 3343/23/567 3342/70/567 3341/71/567 3338/24/567
f 3343/2/568 3345/3/568 3346/4/568 3344/5/568
f 3345/22/567 3343/23/567 3338/24/567 3348/25/567
f 3347/30/1 3351/31/1 3335/32/1 3333/33/1 3330/34/1 3352/35/1 3346/36/1 3345/37/1
f 3347/66/567 3345/22/567 3348/25/567 3349/67/567
f 3348/58/1 3339/59/1 3350/60/1 3349/61/1
f 3351/26/568 3347/27/568 3349/28/568 3350/29/568
f 3335/68/569 3351/72/569 3350/73/569 3339/69/569
f 3344/46/569 3346/47/569 3352/48/569 3331/49/569
f 3376/290/329 3354/291/329 3353/292/329 3355/293/329
f 3353/294/330 3354/295/330 3357/296/330 3356/297/330
f 3360/298/4 3366/299/4 3367/300/4 3368/301/4 3355/302/4 3353/303/4 3356/304/4 3358/305/4
f 3356/306/331 3357/307/331 3359/308/331 3358/309/331
f 3358/310/332 3359/311/332 3363/312/332 3361/313/332
f 3360/314/332 3358/310/332 3361/313/332 3364/315/332
f 3361/316/4 3362/317/4 3365/318/4 3364/319/4
f 3361/320/331 3363/321/331 3372/322/331 3362/323/331
f 3366/324/331 3360/325/331 3364/326/331 3365/327/331
f 3367/328/330 3366/329/330 3365/330/330 3362/331/330
f 3367/332/570 3369/333/570 3370/334/570 3368/335/570
f 3369/336/330 3367/328/330 3362/331/330 3372/337/330
f 3371/338/1 3375/339/1 3359/340/1 3357/341/1 3354/342/1 3376/343/1 3370/344/1 3369/345/1
f 3371/346/330 3369/336/330 3372/337/330 3373/347/330
f 3372/348/1 3363/349/1 3374/350/1 3373/351/1
f 3375/352/331 3371/353/331 3373/354/331 3374/355/331
f 3359/311/332 3375/356/332 3374/357/332 3363/312/332
f 3368/358/332 3370/359/332 3376/360/332 3355/361/332
f 3400/226/571 3378/227/571 3377/228/571 3379/229/571
f 3377/222/572 3378/223/572 3381/224/572 3380/225/572
f 3384/254/4 3390/255/4 3391/256/4 3392/257/4 3379/258/4 3377/259/4 3380/260/4 3382/261/4
f 3380/230/573 3381/231/573 3383/232/573 3382/233/573
f 3382/279/574 3383/284/574 3387/285/574 3385/280/574
f 3384/278/574 3382/279/574 3385/280/574 3388/281/574
f 3385/270/4 3386/271/4 3389/272/4 3388/273/4
f 3385/266/573 3387/267/573 3396/268/573 3386/269/573
f 3390/234/573 3384/235/573 3388/236/573 3389/237/573
f 3391/239/572 3390/286/572 3389/287/572 3386/240/572
f 3391/218/573 3393/219/573 3394/220/573 3392/221/573
f 3393/238/572 3391/239/572 3386/240/572 3396/241/572
f 3395/246/1 3399/247/1 3383/248/1 3381/249/1 3378/250/1 3400/251/1 3394/252/1 3393/253/1
f 3395/282/572 3393/238/572 3396/241/572 3397/283/572
f 3396/274/1 3387/275/1 3398/276/1 3397/277/1
f 3399/242/573 3395/243/573 3397/244/573 3398/245/573
f 3383/284/574 3399/288/574 3398/289/574 3387/285/574
f 3392/262/574 3394/263/574 3400/264/574 3379/265/574
f 3424/10/575 3402/11/575 3401/12/575 3403/13/575
f 3401/6/576 3402/7/576 3405/8/576 3404/9/576
f 3408/38/4 3414/39/4 3415/40/4 3416/41/4 3403/42/4 3401/43/4 3404/44/4 3406/45/4
f 3404/14/577 3405/15/577 3407/16/577 3406/17/577
f 3406/63/578 3407/68/578 3411/69/578 3409/64/578
f 3408/62/578 3406/63/578 3409/64/578 3412/65/578
f 3409/54/4 3410/55/4 3413/56/4 3412/57/4
f 3409/50/577 3411/51/577 3420/52/577 3410/53/577
f 3414/18/577 3408/19/577 3412/20/577 3413/21/577
f 3415/23/576 3414/70/576 3413/71/576 3410/24/576
f 3415/2/577 3417/3/577 3418/4/577 3416/5/577
f 3417/22/576 3415/23/576 3410/24/576 3420/25/576
f 3419/30/1 3423/31/1 3407/32/1 3405/33/1 3402/34/1 3424/35/1 3418/36/1 3417/37/1
f 3419/66/576 3417/22/576 3420/25/576 3421/67/576
f 3420/58/1 3411/59/1 3422/60/1 3421/61/1
f 3423/26/577 3419/27/577 3421/28/577 3422/29/577
f 3407/68/578 3423/72/578 3422/73/578 3411/69/578
f 3416/46/578 3418/47/578 3424/48/578 3403/49/578
f 3448/290/579 3426/291/579 3425/292/579 3427/293/579
f 3425/294/580 3426/295/580 3429/296/580 3428/297/580
f 3432/298/4 3438/299/4 3439/300/4 3440/301/4 3427/302/4 3425/303/4 3428/304/4 3430/305/4
f 3428/306/581 3429/307/581 3431/308/581 3430/309/581
f 3430/310/582 3431/311/582 3435/312/582 3433/313/582
f 3432/314/582 3430/310/582 3433/313/582 3436/315/582
f 3433/316/4 3434/317/4 3437/318/4 3436/319/4
f 3433/320/581 3435/321/581 3444/322/581 3434/323/581
f 3438/324/581 3432/325/581 3436/326/581 3437/327/581
f 3439/328/580 3438/329/580 3437/330/580 3434/331/580
f 3439/332/581 3441/333/581 3442/334/581 3440/335/581
f 3441/336/580 3439/328/580 3434/331/580 3444/337/580
f 3443/338/1 3447/339/1 3431/340/1 3429/341/1 3426/342/1 3448/343/1 3442/344/1 3441/345/1
f 3443/346/580 3441/336/580 3444/337/580 3445/347/580
f 3444/348/1 3435/349/1 3446/350/1 3445/351/1
f 3447/352/581 3443/353/581 3445/354/581 3446/355/581
f 3431/311/582 3447/356/582 3446/357/582 3435/312/582
f 3440/358/582 3442/359/582 3448/360/582 3427/361/582
f 3472/154/583 3450/155/583 3449/156/583 3451/157/583
f 3449/150/584 3450/151/584 3453/152/584 3452/153/584
f 3456/182/4 3462/183/4 3463/184/4 3464/185/4 3451/186/4 3449/187/4 3452/188/4 3454/189/4
f 3452/158/585 3453/159/585 3455/160/585 3454/161/585
f 3454/207/586 3455/212/586 3459/213/586 3457/208/586
f 3456/206/586 3454/207/586 3457/208/586 3460/209/586
f 3457/198/4 3458/199/4 3461/200/4 3460/201/4
f 3457/194/585 3459/195/585 3468/196/585 3458/197/585
f 3462/162/585 3456/163/585 3460/164/585 3461/165/585
f 3463/167/584 3462/214/584 3461/215/584 3458/168/584
f 3463/146/585 3465/147/585 3466/148/585 3464/149/585
f 3465/166/584 3463/167/584 3458/168/584 3468/169/584
f 3467/174/1 3471/175/1 3455/176/1 3453/177/1 3450/178/1 3472/179/1 3466/180/1 3465/181/1
f 3467/210/584 3465/166/584 3468/169/584 3469/211/584
f 3468/202/1 3459/203/1 3470/204/1 3469/205/1
f 3471/170/585 3467/171/585 3469/172/585 3470/173/585
f 3455/212/586 3471/216/586 3470/217/586 3459/213/586
f 3464/190/586 3466/191/586 3472/192/586 3451/193/586
