# Blender 4.5.3 LTS
# www.blender.org
mtllib bed.mtl
o bed
v 0.800000 0.444444 -1.100000
v 0.800000 0.177778 -1.100000
v 0.800000 0.444444 1.100000
v 0.800000 0.177778 1.100000
v -0.800000 0.444444 -1.100000
v -0.800000 0.177778 -1.100000
v -0.800000 0.444444 1.100000
v -0.800000 0.177778 1.100000
v 0.760000 0.444444 -1.045000
v -0.760000 0.444444 -1.045000
v -0.760000 0.444444 1.045000
v 0.760000 0.444444 1.045000
v -0.760000 0.177778 -1.045000
v 0.760000 0.177778 -1.045000
v 0.760000 0.177778 1.045000
v -0.760000 0.177778 1.045000
v -0.800000 0.177778 1.045000
v -0.760000 0.177778 1.100000
v 0.760000 0.177778 1.100000
v 0.800000 0.177778 1.045000
v -0.800000 0.177778 -1.045000
v -0.760000 0.177778 -1.100000
v 0.760000 0.177778 -1.100000
v 0.800000 0.177778 -1.045000
v -0.768000 0.177778 1.056000
v -0.768000 0.177778 1.089000
v -0.792000 0.177778 1.089000
v -0.792000 0.177778 1.056000
v -0.792000 0.177778 -1.089000
v -0.768000 0.177778 -1.089000
v -0.768000 0.177778 -1.056000
v -0.792000 0.177778 -1.056000
v 0.792000 0.177778 -1.089000
v 0.792000 0.177778 -1.056000
v 0.768000 0.177778 -1.056000
v 0.768000 0.177778 -1.089000
v 0.768000 0.177778 1.056000
v 0.792000 0.177778 1.056000
v 0.792000 0.177778 1.089000
v 0.768000 0.177778 1.089000
v -0.792000 0.000000 1.056000
v -0.792000 0.000000 1.089000
v -0.792000 0.000000 -1.089000
v -0.792000 0.000000 -1.056000
v 0.792000 0.000000 -1.056000
v 0.792000 0.000000 -1.089000
v 0.792000 0.000000 1.056000
v 0.792000 0.000000 1.089000
v 0.768000 0.026667 1.089000
v 0.768000 0.026667 1.056000
v 0.768000 0.026667 -1.089000
v 0.768000 0.026667 -1.056000
v -0.768000 0.026667 1.089000
v -0.768000 0.026667 1.056000
v -0.768000 0.026667 -1.089000
v -0.768000 0.026667 -1.056000
v -0.022416 0.444444 -1.045000
v 0.028251 0.444444 -1.045000
v 0.028251 0.288889 -1.045000
v -0.022416 0.288889 -1.045000
v 0.028251 0.333333 -1.045000
v -0.022416 0.333333 -1.045000
v 0.025333 0.444444 1.045000
v -0.025333 0.444444 1.045000
v -0.025333 0.288889 1.045000
v 0.025333 0.288889 1.045000
v -0.025333 0.333333 1.045000
v 0.025333 0.333333 1.045000
v -0.022729 0.294400 -0.820742
v -0.022761 0.294400 -0.797322
v -0.023105 0.294400 -0.551064
v -0.023138 0.294400 -0.527645
v -0.023482 0.294400 -0.281387
v -0.023514 0.294400 -0.257968
v -0.023858 0.294400 -0.011710
v -0.023891 0.294400 0.011710
v -0.024235 0.294400 0.257968
v -0.024267 0.294400 0.281387
v -0.024611 0.294400 0.527645
v -0.024644 0.294400 0.551064
v -0.024988 0.294400 0.797322
v -0.025020 0.294400 0.820742
v -0.025020 0.327822 0.820742
v -0.024988 0.327822 0.797322
v -0.024644 0.327822 0.551064
v -0.024611 0.327822 0.527645
v -0.024267 0.327822 0.281387
v -0.024235 0.327822 0.257968
v -0.023891 0.327822 0.011710
v -0.023858 0.327822 -0.011710
v -0.023514 0.327822 -0.257968
v -0.023482 0.327822 -0.281387
v -0.023138 0.327822 -0.527645
v -0.023105 0.327822 -0.551064
v -0.022761 0.327822 -0.797322
v -0.022729 0.327822 -0.820742
v 0.025646 0.327822 0.820742
v 0.025679 0.327822 0.797322
v 0.026023 0.327822 0.551064
v 0.026056 0.327822 0.527645
v 0.026399 0.327822 0.281387
v 0.026432 0.327822 0.257968
v 0.026776 0.327822 0.011710
v 0.026809 0.327822 -0.011710
v 0.027152 0.327822 -0.257968
v 0.027185 0.327822 -0.281387
v 0.027529 0.327822 -0.527645
v 0.027561 0.327822 -0.551064
v 0.027905 0.327822 -0.797322
v 0.027938 0.327822 -0.820742
v 0.025646 0.294400 0.820742
v 0.025679 0.294400 0.797322
v 0.026023 0.294400 0.551064
v 0.026056 0.294400 0.527645
v 0.026399 0.294400 0.281387
v 0.026432 0.294400 0.257968
v 0.026776 0.294400 0.011710
v 0.026809 0.294400 -0.011710
v 0.027152 0.294400 -0.257968
v 0.027185 0.294400 -0.281387
v 0.027529 0.294400 -0.527645
v 0.027561 0.294400 -0.551064
v 0.027905 0.294400 -0.797322
v 0.027938 0.294400 -0.820742
v 0.760000 0.444444 -0.842742
v 0.760000 0.444444 -0.775322
v 0.760000 0.444444 -0.573064
v 0.760000 0.444444 -0.505645
v 0.760000 0.444444 -0.303387
v 0.760000 0.444444 -0.235968
v 0.760000 0.444444 -0.033710
v 0.760000 0.444444 0.033710
v 0.760000 0.444444 0.235968
v 0.760000 0.444444 0.303387
v 0.760000 0.444444 0.505645
v 0.760000 0.444444 0.573064
v 0.760000 0.444444 0.775322
v 0.760000 0.444444 0.842742
v 0.760000 0.294400 0.820742
v 0.760000 0.294400 0.797322
v 0.760000 0.294400 0.551064
v 0.760000 0.294400 0.527645
v 0.760000 0.294400 0.281387
v 0.760000 0.294400 0.257968
v 0.760000 0.294400 0.011710
v 0.760000 0.294400 -0.011710
v 0.760000 0.294400 -0.257968
v 0.760000 0.294400 -0.281387
v 0.760000 0.294400 -0.527645
v 0.760000 0.294400 -0.551064
v 0.760000 0.294400 -0.797322
v 0.760000 0.294400 -0.820742
v 0.760000 0.327822 0.820742
v 0.760000 0.327822 0.797322
v 0.760000 0.327822 0.551064
v 0.760000 0.327822 0.527645
v 0.760000 0.327822 0.281387
v 0.760000 0.327822 0.257968
v 0.760000 0.327822 0.011710
v 0.760000 0.327822 -0.011710
v 0.760000 0.327822 -0.257968
v 0.760000 0.327822 -0.281387
v 0.760000 0.327822 -0.527645
v 0.760000 0.327822 -0.551064
v 0.760000 0.327822 -0.797322
v 0.760000 0.327822 -0.820742
v -0.760000 0.444444 0.842742
v -0.760000 0.444444 0.775322
v -0.760000 0.444444 0.573064
v -0.760000 0.444444 0.505645
v -0.760000 0.444444 0.303387
v -0.760000 0.444444 0.235968
v -0.760000 0.444444 0.033710
v -0.760000 0.444444 -0.033710
v -0.760000 0.444444 -0.235968
v -0.760000 0.444444 -0.303387
v -0.760000 0.444444 -0.505645
v -0.760000 0.444444 -0.573064
v -0.760000 0.444444 -0.775322
v -0.760000 0.444444 -0.842742
v -0.760000 0.294400 -0.820742
v -0.760000 0.294400 -0.797322
v -0.760000 0.294400 -0.551064
v -0.760000 0.294400 -0.527645
v -0.760000 0.294400 -0.281387
v -0.760000 0.294400 -0.257968
v -0.760000 0.294400 -0.011710
v -0.760000 0.294400 0.011710
v -0.760000 0.294400 0.257968
v -0.760000 0.294400 0.281387
v -0.760000 0.294400 0.527645
v -0.760000 0.294400 0.551064
v -0.760000 0.294400 0.797322
v -0.760000 0.294400 0.820742
v -0.760000 0.327822 -0.820742
v -0.760000 0.327822 -0.797322
v -0.760000 0.327822 -0.551064
v -0.760000 0.327822 -0.527645
v -0.760000 0.327822 -0.281387
v -0.760000 0.327822 -0.257968
v -0.760000 0.327822 -0.011710
v -0.760000 0.327822 0.011710
v -0.760000 0.327822 0.257968
v -0.760000 0.327822 0.281387
v -0.760000 0.327822 0.527645
v -0.760000 0.327822 0.551064
v -0.760000 0.327822 0.797322
v -0.760000 0.327822 0.820742
v 0.025616 0.288889 0.842742
v 0.025710 0.288889 0.775323
v 0.025992 0.288889 0.573065
v 0.026086 0.288889 0.505645
v 0.026369 0.288889 0.303387
v 0.026463 0.288889 0.235968
v 0.026745 0.288889 0.033710
v 0.026839 0.288889 -0.033710
v 0.027122 0.288889 -0.235968
v 0.027216 0.288889 -0.303387
v 0.027498 0.288889 -0.505645
v 0.027592 0.288889 -0.573065
v 0.027875 0.288889 -0.775323
v 0.027969 0.288889 -0.842742
v -0.025051 0.333333 0.842742
v -0.024957 0.333333 0.775323
v -0.024675 0.333333 0.573065
v -0.024580 0.333333 0.505645
v -0.024298 0.333333 0.303387
v -0.024204 0.333333 0.235968
v -0.023922 0.333333 0.033710
v -0.023827 0.333333 -0.033710
v -0.023545 0.333333 -0.235968
v -0.023451 0.333333 -0.303387
v -0.023169 0.333333 -0.505645
v -0.023074 0.333333 -0.573065
v -0.022792 0.333333 -0.775323
v -0.022698 0.333333 -0.842742
v -0.800000 0.444444 -1.044999
v 0.800000 0.444444 -1.045000
v -0.760000 0.177778 -1.150000
v -0.800000 0.177778 -1.150000
v 0.800000 0.444444 -1.150000
v 0.800000 0.177778 -1.150000
v -0.800000 0.444444 -1.150000
v 0.760000 0.177778 -1.150000
v -0.400000 0.900000 -1.100000
v -0.800000 0.833333 -1.100000
v -0.523607 0.896737 -1.100000
v -0.635114 0.887268 -1.100000
v -0.723607 0.872519 -1.100000
v -0.780423 0.853935 -1.100000
v 0.800000 0.833333 -1.100000
v 0.400000 0.900000 -1.100000
v 0.780423 0.853935 -1.100000
v 0.723607 0.872519 -1.100000
v 0.635114 0.887268 -1.100000
v 0.523607 0.896737 -1.100000
v -0.800000 0.833333 -1.150000
v -0.400000 0.900000 -1.150000
v -0.780423 0.853935 -1.150000
v -0.723607 0.872519 -1.150000
v -0.635114 0.887268 -1.150000
v -0.523607 0.896737 -1.150000
v 0.400000 0.900000 -1.150000
v 0.800000 0.833333 -1.150000
v 0.523607 0.896737 -1.150000
v 0.635114 0.887268 -1.150000
v 0.723607 0.872519 -1.150000
v 0.780423 0.853935 -1.150000
vn -0.0000 1.0000 -0.0000
vn -0.0000 -1.0000 -0.0000
vn -1.0000 -0.0000 -0.0000
vn -0.0000 -0.0000 -1.0000
vn 1.0000 -0.0000 -0.0000
vn -0.0000 -0.0000 1.0000
vn 1.0000 -0.0000 0.0014
vn -1.0000 -0.0000 -0.0014
vn 0.7249 0.6889 -0.0000
vn 0.5342 0.8454 -0.0000
vn 0.2383 0.9712 -0.0000
vn 0.1246 0.9922 -0.0000
vn 0.0555 0.9985 -0.0000
vn 0.0132 0.9999 -0.0000
vn -0.7249 0.6889 -0.0000
vn -0.5342 0.8454 -0.0000
vn -0.2383 0.9712 -0.0000
vn -0.1246 0.9922 -0.0000
vn -0.0555 0.9985 -0.0000
vn -0.0132 0.9999 -0.0000
vt 0.065902 0.717835
vt 0.070436 0.717835
vt 0.070436 0.928715
vt 0.065902 0.928715
vt 0.084792 0.717835
vt 0.089325 0.717835
vt 0.089325 0.928715
vt 0.084792 0.928715
vt 0.225504 0.290314
vt 0.225504 0.297870
vt 0.224405 0.296359
vt 0.224405 0.291825
vt 0.005683 0.290314
vt 0.011179 0.290314
vt 0.010080 0.291825
vt 0.006782 0.291825
vt 0.054535 0.717836
vt 0.054535 0.935458
vt 0.050002 0.935458
vt 0.050002 0.717836
vt 0.928698 0.828426
vt 0.928698 0.610804
vt 0.933232 0.610804
vt 0.933232 0.828426
vt 0.563700 0.236870
vt 0.568234 0.236870
vt 0.568234 0.261295
vt 0.563700 0.261295
vt 0.188325 0.610803
vt 0.188325 0.828425
vt 0.163900 0.828425
vt 0.163900 0.825128
vt 0.184661 0.825128
vt 0.184661 0.614100
vt 0.163900 0.614100
vt 0.163900 0.610803
vt 0.579600 0.236870
vt 0.584134 0.236870
vt 0.584134 0.261295
vt 0.579600 0.261295
vt 0.220452 0.825128
vt 0.220452 0.614100
vt 0.199691 0.614100
vt 0.199691 0.610803
vt 0.224116 0.610803
vt 0.224116 0.828425
vt 0.199691 0.828425
vt 0.199691 0.825128
vt 0.627301 0.236870
vt 0.631835 0.236870
vt 0.631835 0.257631
vt 0.627301 0.257631
vt 0.611401 0.236870
vt 0.615935 0.236870
vt 0.615935 0.261295
vt 0.611401 0.261295
vt 0.675002 0.236870
vt 0.679536 0.236870
vt 0.679536 0.257631
vt 0.675002 0.257631
vt 0.792928 0.610804
vt 0.792928 0.828426
vt 0.768504 0.828426
vt 0.768504 0.825129
vt 0.789264 0.825129
vt 0.789264 0.614102
vt 0.768504 0.614102
vt 0.768504 0.610804
vt 0.804295 0.610804
vt 0.828719 0.610804
vt 0.828719 0.828426
vt 0.804295 0.828426
vt 0.804295 0.825129
vt 0.825056 0.825129
vt 0.825056 0.614102
vt 0.804295 0.614102
vt 0.643202 0.236870
vt 0.647735 0.236870
vt 0.647735 0.257631
vt 0.643202 0.257631
vt 0.595501 0.236870
vt 0.600034 0.236870
vt 0.600034 0.261295
vt 0.595501 0.261295
vt 0.659102 0.236870
vt 0.663636 0.236870
vt 0.663636 0.257631
vt 0.659102 0.257631
vt 0.808561 0.005683
vt 0.808561 0.214513
vt 0.771924 0.214513
vt 0.771924 0.113979
vt 0.787189 0.113979
vt 0.793296 0.113979
vt 0.793296 0.107018
vt 0.787189 0.107018
vt 0.771924 0.107018
vt 0.771924 0.005683
vt 0.225504 0.585011
vt 0.225504 0.592567
vt 0.220008 0.592567
vt 0.011179 0.592567
vt 0.010080 0.591056
vt 0.010080 0.586522
vt 0.011179 0.585011
vt 0.220008 0.585011
vt 0.221107 0.586522
vt 0.221107 0.591056
vt 0.224405 0.591056
vt 0.224405 0.586522
vt 0.220008 0.599436
vt 0.011179 0.599436
vt 0.369514 0.603934
vt 0.369514 0.812763
vt 0.332877 0.812763
vt 0.332877 0.711829
vt 0.348142 0.711829
vt 0.354248 0.711829
vt 0.354248 0.704868
vt 0.348142 0.704868
vt 0.332877 0.704868
vt 0.332877 0.603934
vt 0.723921 0.225504
vt 0.723921 0.005683
vt 0.760558 0.005683
vt 0.760558 0.011179
vt 0.760558 0.220008
vt 0.760558 0.225504
vt 0.455908 0.603934
vt 0.455908 0.891074
vt 0.448947 0.891084
vt 0.448947 0.863296
vt 0.448947 0.854034
vt 0.448947 0.826246
vt 0.448947 0.816983
vt 0.448947 0.789195
vt 0.448947 0.779933
vt 0.448947 0.752145
vt 0.448947 0.742882
vt 0.448947 0.715095
vt 0.448947 0.705832
vt 0.448947 0.678044
vt 0.448947 0.668782
vt 0.448947 0.640994
vt 0.448947 0.631731
vt 0.448947 0.603943
vt 0.953799 0.503389
vt 0.953799 0.402658
vt 0.958391 0.402658
vt 0.958391 0.503389
vt 0.672080 0.985919
vt 0.672080 0.885254
vt 0.675298 0.885254
vt 0.675298 0.985915
vt 0.956155 0.005683
vt 0.956155 0.106471
vt 0.951563 0.106471
vt 0.951563 0.005683
vt 0.599160 0.986037
vt 0.599160 0.885254
vt 0.602377 0.885254
vt 0.602377 0.986042
vt 0.951563 0.219073
vt 0.951563 0.118290
vt 0.956155 0.118290
vt 0.956155 0.219073
vt 0.642912 0.985971
vt 0.642912 0.885254
vt 0.646129 0.885254
vt 0.646129 0.985966
vt 0.949190 0.723058
vt 0.949190 0.823897
vt 0.944598 0.823897
vt 0.944598 0.723058
vt 0.544041 0.986165
vt 0.540823 0.986165
vt 0.540823 0.885258
vt 0.544041 0.885254
vt 0.529457 0.986216
vt 0.526239 0.986216
vt 0.526239 0.885258
vt 0.529457 0.885254
vt 0.500288 0.986268
vt 0.497071 0.986268
vt 0.497071 0.885258
vt 0.500288 0.885254
vt 0.471120 0.986320
vt 0.467903 0.986320
vt 0.467903 0.885258
vt 0.471120 0.885254
vt 0.384098 0.984940
vt 0.380880 0.984940
vt 0.380880 0.883827
vt 0.384098 0.883822
vt 0.979733 0.824529
vt 0.976515 0.824529
vt 0.976515 0.723364
vt 0.979733 0.723359
vt 0.434405 0.973839
vt 0.431188 0.973839
vt 0.431188 0.872623
vt 0.434405 0.872618
vt 0.892903 0.897945
vt 0.892903 0.610804
vt 0.899859 0.610814
vt 0.899859 0.638602
vt 0.899859 0.647864
vt 0.899859 0.675652
vt 0.899859 0.684915
vt 0.899859 0.712703
vt 0.899859 0.721965
vt 0.899859 0.749753
vt 0.899859 0.759016
vt 0.899859 0.786803
vt 0.899859 0.796066
vt 0.899859 0.823854
vt 0.899859 0.833117
vt 0.899859 0.860904
vt 0.899859 0.870167
vt 0.899859 0.897955
vt 0.573209 0.885258
vt 0.573209 0.986093
vt 0.569991 0.986093
vt 0.569991 0.885254
vt 0.944656 0.940628
vt 0.944656 0.839793
vt 0.949248 0.839793
vt 0.949248 0.940628
vt 0.613744 0.986022
vt 0.613744 0.885254
vt 0.616961 0.885254
vt 0.616961 0.986018
vt 0.942432 0.402658
vt 0.942432 0.503549
vt 0.937840 0.503549
vt 0.937840 0.402658
vt 0.558625 0.885258
vt 0.558625 0.986145
vt 0.555407 0.986145
vt 0.555407 0.885254
vt 0.944598 0.711691
vt 0.944598 0.610804
vt 0.949190 0.610804
vt 0.949190 0.711691
vt 0.584576 0.986074
vt 0.584576 0.885254
vt 0.587793 0.885254
vt 0.587793 0.986070
vt 0.273507 0.603934
vt 0.273507 0.891074
vt 0.236870 0.891074
vt 0.236870 0.863286
vt 0.252893 0.860264
vt 0.257485 0.860264
vt 0.257485 0.857046
vt 0.252893 0.857046
vt 0.236870 0.854024
vt 0.236870 0.826236
vt 0.252893 0.823213
vt 0.257485 0.823213
vt 0.257485 0.819996
vt 0.252893 0.819996
vt 0.236870 0.816973
vt 0.236870 0.789185
vt 0.252893 0.786163
vt 0.257485 0.786163
vt 0.257485 0.782945
vt 0.252893 0.782945
vt 0.236870 0.779923
vt 0.236870 0.752135
vt 0.252893 0.749113
vt 0.257485 0.749113
vt 0.257485 0.745895
vt 0.252893 0.745895
vt 0.236870 0.742872
vt 0.236870 0.715085
vt 0.252893 0.712062
vt 0.257485 0.712062
vt 0.257485 0.708845
vt 0.252893 0.708845
vt 0.236870 0.705822
vt 0.236870 0.678034
vt 0.252893 0.675012
vt 0.257485 0.675012
vt 0.257485 0.671794
vt 0.252893 0.671794
vt 0.236870 0.668772
vt 0.236870 0.640984
vt 0.252893 0.637961
vt 0.257485 0.637961
vt 0.257485 0.634744
vt 0.252893 0.634744
vt 0.236870 0.631721
vt 0.236870 0.603934
vt 0.849329 0.592567
vt 0.849329 0.585011
vt 0.849329 0.290314
vt 0.885966 0.290314
vt 0.885966 0.297870
vt 0.885966 0.585011
vt 0.885966 0.592567
vt 0.933290 0.940775
vt 0.928698 0.940775
vt 0.928698 0.839793
vt 0.933290 0.839793
vt 0.805012 0.940827
vt 0.800420 0.940827
vt 0.800420 0.839793
vt 0.805012 0.839793
vt 0.773095 0.940878
vt 0.768504 0.940878
vt 0.768504 0.839793
vt 0.773095 0.839793
vt 0.204283 0.940929
vt 0.199691 0.940929
vt 0.199691 0.839792
vt 0.204283 0.839792
vt 0.168492 0.940980
vt 0.163900 0.940980
vt 0.163900 0.839792
vt 0.168492 0.839792
vt 0.940197 0.106924
vt 0.935605 0.106924
vt 0.935605 0.005683
vt 0.940197 0.005683
vt 0.128280 0.926142
vt 0.123688 0.926142
vt 0.123688 0.824850
vt 0.128280 0.824850
vt 0.321510 0.603934
vt 0.321510 0.891074
vt 0.284874 0.891074
vt 0.284874 0.863286
vt 0.300896 0.860264
vt 0.305488 0.860264
vt 0.305488 0.857046
vt 0.300896 0.857046
vt 0.284874 0.854024
vt 0.284874 0.826236
vt 0.300896 0.823213
vt 0.305488 0.823213
vt 0.305488 0.819996
vt 0.300896 0.819996
vt 0.284874 0.816973
vt 0.284874 0.789185
vt 0.300896 0.786163
vt 0.305488 0.786163
vt 0.305488 0.782945
vt 0.300896 0.782945
vt 0.284874 0.779923
vt 0.284874 0.752135
vt 0.300896 0.749113
vt 0.305488 0.749113
vt 0.305488 0.745895
vt 0.300896 0.745895
vt 0.284874 0.742872
vt 0.284874 0.715085
vt 0.300896 0.712062
vt 0.305488 0.712062
vt 0.305488 0.708845
vt 0.300896 0.708845
vt 0.284874 0.705822
vt 0.284874 0.678034
vt 0.300896 0.675012
vt 0.305488 0.675012
vt 0.305488 0.671794
vt 0.300896 0.671794
vt 0.284874 0.668772
vt 0.284874 0.640984
vt 0.300896 0.637961
vt 0.305488 0.637961
vt 0.305488 0.634744
vt 0.300896 0.634744
vt 0.284874 0.631721
vt 0.284874 0.603934
vt 0.005683 0.592567
vt 0.005683 0.585011
vt 0.005683 0.297870
vt 0.006782 0.296359
vt 0.010080 0.296359
vt 0.220008 0.290314
vt 0.221107 0.291825
vt 0.221107 0.296359
vt 0.220008 0.297870
vt 0.011179 0.297870
vt 0.006782 0.586522
vt 0.006782 0.591056
vt 0.451045 0.297870
vt 0.456536 0.297870
vt 0.456536 0.592567
vt 0.236870 0.592567
vt 0.236870 0.297870
vt 0.242362 0.297870
vt 0.242362 0.325658
vt 0.242362 0.334921
vt 0.242362 0.362708
vt 0.242362 0.371971
vt 0.242362 0.399759
vt 0.242362 0.409021
vt 0.242362 0.436809
vt 0.242362 0.446072
vt 0.242362 0.473860
vt 0.242362 0.483122
vt 0.242362 0.510910
vt 0.242362 0.520173
vt 0.242362 0.547960
vt 0.242362 0.557223
vt 0.242362 0.585011
vt 0.343225 0.585011
vt 0.350181 0.585011
vt 0.451045 0.585011
vt 0.451045 0.557223
vt 0.451045 0.547960
vt 0.451045 0.520173
vt 0.451045 0.510910
vt 0.451045 0.483122
vt 0.451045 0.473860
vt 0.451045 0.446072
vt 0.451045 0.436809
vt 0.451045 0.409021
vt 0.451045 0.399759
vt 0.451045 0.371971
vt 0.451045 0.362708
vt 0.451045 0.334921
vt 0.451045 0.325658
vt 0.745067 0.599438
vt 0.745067 0.304741
vt 0.745067 0.297185
vt 0.781704 0.297185
vt 0.781704 0.304741
vt 0.781704 0.591881
vt 0.781704 0.599438
vt 0.903439 0.290314
vt 0.903439 0.318102
vt 0.902681 0.321124
vt 0.898090 0.321124
vt 0.898090 0.324342
vt 0.902681 0.324342
vt 0.903439 0.327364
vt 0.903439 0.355152
vt 0.902681 0.358175
vt 0.898090 0.358175
vt 0.898090 0.361392
vt 0.902681 0.361392
vt 0.903439 0.364415
vt 0.903439 0.392203
vt 0.902681 0.395225
vt 0.898090 0.395225
vt 0.898090 0.398443
vt 0.902681 0.398443
vt 0.903439 0.401465
vt 0.903439 0.429253
vt 0.902681 0.432276
vt 0.898090 0.432276
vt 0.898090 0.435493
vt 0.902681 0.435493
vt 0.903439 0.438516
vt 0.903439 0.466303
vt 0.902681 0.469326
vt 0.898090 0.469326
vt 0.898090 0.472543
vt 0.902681 0.472543
vt 0.903439 0.475566
vt 0.903439 0.503354
vt 0.902681 0.506376
vt 0.898090 0.506376
vt 0.898090 0.509594
vt 0.902681 0.509594
vt 0.903439 0.512616
vt 0.903439 0.540404
vt 0.902681 0.543427
vt 0.898090 0.543427
vt 0.898090 0.546644
vt 0.902681 0.546644
vt 0.903439 0.549667
vt 0.903439 0.577455
vt 0.897332 0.577455
vt 0.897332 0.290314
vt 0.628328 0.985985
vt 0.628328 0.885254
vt 0.631545 0.885254
vt 0.631545 0.985990
vt 0.958391 0.290314
vt 0.958391 0.391050
vt 0.953799 0.391050
vt 0.953799 0.290314
vt 0.983480 0.218296
vt 0.983480 0.117682
vt 0.986698 0.117682
vt 0.986698 0.218291
vt 0.960557 0.823737
vt 0.960557 0.723057
vt 0.965148 0.723057
vt 0.965148 0.823737
vt 0.657496 0.985934
vt 0.657496 0.885254
vt 0.660714 0.885254
vt 0.660714 0.985938
vt 0.965148 0.610804
vt 0.965148 0.711489
vt 0.960557 0.711489
vt 0.960557 0.610804
vt 0.984341 0.503534
vt 0.984341 0.402973
vt 0.987559 0.402973
vt 0.987559 0.503530
vt 0.967522 0.106311
vt 0.967522 0.005683
vt 0.972114 0.005683
vt 0.972114 0.106311
vt 0.983480 0.106311
vt 0.983480 0.005683
vt 0.986698 0.005683
vt 0.986698 0.106316
vt 0.965206 0.839793
vt 0.965206 0.940426
vt 0.960615 0.940426
vt 0.960615 0.839793
vt 0.991099 0.711314
vt 0.991099 0.610804
vt 0.994317 0.610804
vt 0.994317 0.711310
vt 0.415229 0.973194
vt 0.415229 0.872618
vt 0.419821 0.872618
vt 0.419821 0.973194
vt 0.987559 0.290318
vt 0.987559 0.390895
vt 0.984341 0.390895
vt 0.984341 0.290314
vt 0.972114 0.117678
vt 0.972114 0.218259
vt 0.967522 0.218259
vt 0.967522 0.117678
vt 0.911225 0.897945
vt 0.911225 0.870157
vt 0.911982 0.867135
vt 0.916574 0.867135
vt 0.916574 0.863917
vt 0.911982 0.863917
vt 0.911225 0.860895
vt 0.911225 0.833107
vt 0.911982 0.830084
vt 0.916574 0.830084
vt 0.916574 0.826867
vt 0.911982 0.826867
vt 0.911225 0.823844
vt 0.911225 0.796056
vt 0.911982 0.793034
vt 0.916574 0.793034
vt 0.916574 0.789816
vt 0.911982 0.789816
vt 0.911225 0.786794
vt 0.911225 0.759006
vt 0.911982 0.755983
vt 0.916574 0.755983
vt 0.916574 0.752766
vt 0.911982 0.752766
vt 0.911225 0.749743
vt 0.911225 0.721955
vt 0.911982 0.718933
vt 0.916574 0.718933
vt 0.916574 0.715715
vt 0.911982 0.715715
vt 0.911225 0.712693
vt 0.911225 0.684905
vt 0.911982 0.681883
vt 0.916574 0.681883
vt 0.916574 0.678665
vt 0.911982 0.678665
vt 0.911225 0.675642
vt 0.911225 0.647855
vt 0.911982 0.644832
vt 0.916574 0.644832
vt 0.916574 0.641615
vt 0.911982 0.641615
vt 0.911225 0.638592
vt 0.911225 0.610804
vt 0.917331 0.610804
vt 0.917331 0.897945
vt 0.937840 0.290314
vt 0.942432 0.290314
vt 0.942432 0.391291
vt 0.937840 0.391291
vt 0.511655 0.885254
vt 0.514873 0.885254
vt 0.514873 0.986235
vt 0.511655 0.986231
vt 0.816379 0.839793
vt 0.820970 0.839793
vt 0.820970 0.940822
vt 0.816379 0.940822
vt 0.482487 0.885254
vt 0.485704 0.885254
vt 0.485704 0.986287
vt 0.482487 0.986283
vt 0.784462 0.839793
vt 0.789054 0.839793
vt 0.789054 0.940874
vt 0.784462 0.940874
vt 0.398682 0.984907
vt 0.395464 0.984907
vt 0.395464 0.883822
vt 0.398682 0.883827
vt 0.215650 0.839792
vt 0.220241 0.839792
vt 0.220241 0.940924
vt 0.215650 0.940924
vt 0.979791 0.940930
vt 0.976573 0.940930
vt 0.976573 0.839793
vt 0.979791 0.839798
vt 0.179858 0.839792
vt 0.184450 0.839792
vt 0.184450 0.940976
vt 0.179858 0.940976
vt 0.979733 0.711993
vt 0.976515 0.711993
vt 0.976515 0.610804
vt 0.979732 0.610809
vt 0.935605 0.118290
vt 0.940197 0.118290
vt 0.940197 0.219526
vt 0.935605 0.219526
vt 0.972975 0.504213
vt 0.969757 0.504213
vt 0.969757 0.402973
vt 0.972975 0.402977
vt 0.139646 0.824850
vt 0.144238 0.824850
vt 0.144238 0.926137
vt 0.139646 0.926137
vt 0.969757 0.290314
vt 0.972975 0.290314
vt 0.972975 0.391606
vt 0.969757 0.391602
vt 0.236870 0.290314
vt 0.456536 0.290314
vt 0.349781 0.297870
vt 0.342825 0.297870
vt 0.601963 0.225504
vt 0.601963 0.005683
vt 0.638600 0.005683
vt 0.638600 0.011179
vt 0.638600 0.220008
vt 0.638600 0.225504
vt 0.225504 0.599436
vt 0.885966 0.599436
vt 0.849329 0.599436
vt 0.005683 0.599436
vt 0.745067 0.290315
vt 0.781704 0.290315
vt 0.795900 0.592567
vt 0.795900 0.599436
vt 0.793070 0.599435
vt 0.793070 0.592566
vt 0.031766 0.717835
vt 0.038635 0.717835
vt 0.038635 0.725540
vt 0.031766 0.725540
vt 0.038635 0.737613
vt 0.031766 0.737613
vt 0.038635 0.752874
vt 0.031766 0.752874
vt 0.038635 0.769827
vt 0.031766 0.769827
vt 0.691638 0.290315
vt 0.691638 0.297185
vt 0.688808 0.297183
vt 0.688808 0.290314
vt 0.038635 0.932126
vt 0.031766 0.932126
vt 0.031766 0.924230
vt 0.038635 0.924230
vt 0.031766 0.912004
vt 0.038635 0.912004
vt 0.031766 0.896647
vt 0.038635 0.896647
vt 0.031766 0.879660
vt 0.038635 0.879660
vt 0.712554 0.005683
vt 0.712554 0.225504
vt 0.659126 0.225504
vt 0.656295 0.222814
vt 0.653742 0.215008
vt 0.651716 0.202850
vt 0.650415 0.187531
vt 0.649966 0.170549
vt 0.649966 0.060638
vt 0.650415 0.043656
vt 0.651716 0.028337
vt 0.653742 0.016179
vt 0.656295 0.008373
vt 0.659126 0.005683
vt 0.548535 0.225504
vt 0.545704 0.222814
vt 0.543151 0.215008
vt 0.541125 0.202850
vt 0.539824 0.187531
vt 0.539375 0.170549
vt 0.539375 0.060638
vt 0.539824 0.043656
vt 0.541125 0.028337
vt 0.543151 0.016179
vt 0.545704 0.008373
vt 0.548535 0.005683
s 1
usemtl bed
f 49/1/1 50/2/1 54/3/1 53/4/1
f 52/5/1 51/6/1 55/7/1 56/8/1
f 8/9/2 17/10/2 28/11/2 27/12/2
f 4/13/2 19/14/2 40/15/2 39/16/2
f 45/17/2 44/18/2 43/19/2 46/20/2
f 48/21/2 42/22/2 41/23/2 47/24/2
f 27/25/3 28/26/3 41/27/3 42/28/3
f 46/29/4 43/30/4 29/31/4 30/32/4 55/33/4 51/34/4 36/35/4 33/36/4
f 38/37/5 39/38/5 48/39/5 47/40/5
f 49/41/6 53/42/6 26/43/6 27/44/6 42/45/6 48/46/6 39/47/6 40/48/6
f 40/49/3 37/50/3 50/51/3 49/52/3
f 33/53/5 34/54/5 45/55/5 46/56/5
f 35/57/3 36/58/3 51/59/3 52/60/3
f 47/61/4 41/62/4 28/63/4 25/64/4 54/65/4 50/66/4 37/67/4 38/68/4
f 32/69/6 44/70/6 45/71/6 34/72/6 35/73/6 52/74/6 56/75/6 31/76/6
f 25/77/5 26/78/5 53/79/5 54/80/5
f 32/81/3 29/82/3 43/83/3 44/84/3
f 30/85/5 31/86/5 56/87/5 55/88/5
f 13/89/6 14/90/6 9/91/6 58/92/6 61/93/6 59/94/6 60/95/6 62/96/6 57/97/6 10/98/6
f 21/99/2 6/100/2 22/101/2 23/102/2 36/103/2 35/104/2 14/105/2 13/106/2 31/107/2 30/108/2 29/109/2 32/110/2
f 62/96/6 61/93/6 58/92/6 57/97/6
f 23/102/2 22/101/2 239/111/2 244/112/2
f 15/113/4 16/114/4 11/115/4 64/116/4 67/117/4 65/118/4 66/119/4 68/120/4 63/121/4 12/122/4
f 68/120/4 67/117/4 64/116/4 63/121/4
f 3/123/6 7/124/6 8/125/6 18/126/6 19/127/6 4/128/6
f 65/129/2 60/130/2 59/131/2 222/132/2 221/133/2 220/134/2 219/135/2 218/136/2 217/137/2 216/138/2 215/139/2 214/140/2 213/141/2 212/142/2 211/143/2 210/144/2 209/145/2 66/146/2
f 104/147/4 160/148/4 146/149/4 118/150/4
f 103/151/1 159/152/1 160/153/1 104/154/1
f 115/155/6 143/156/6 157/157/6 101/158/6
f 116/159/2 144/160/2 143/161/2 115/162/2
f 102/163/4 158/164/4 144/165/4 116/166/4
f 101/167/1 157/168/1 158/169/1 102/170/1
f 113/171/6 141/172/6 155/173/6 99/174/6
f 207/175/1 208/176/1 83/177/1 84/178/1
f 205/179/1 206/180/1 85/181/1 86/182/1
f 203/183/1 204/184/1 87/185/1 88/186/1
f 201/187/1 202/188/1 89/189/1 90/190/1
f 199/191/1 200/192/1 91/193/1 92/194/1
f 197/195/1 198/196/1 93/197/1 94/198/1
f 195/199/1 196/200/1 95/201/1 96/202/1
f 68/203/1 61/204/1 62/205/1 236/206/1 235/207/1 234/208/1 233/209/1 232/210/1 231/211/1 230/212/1 229/213/1 228/214/1 227/215/1 226/216/1 225/217/1 224/218/1 223/219/1 67/220/1
f 114/221/2 142/222/2 141/223/2 113/224/2
f 100/225/4 156/226/4 142/227/4 114/228/4
f 99/229/1 155/230/1 156/231/1 100/232/1
f 111/233/6 139/234/6 153/235/6 97/236/6
f 112/237/2 140/238/2 139/239/2 111/240/2
f 98/241/4 154/242/4 140/243/4 112/244/4
f 97/245/1 153/246/1 154/247/1 98/248/1
f 14/249/3 15/250/3 12/251/3 138/252/3 153/253/3 139/254/3 140/255/3 154/256/3 137/257/3 136/258/3 155/259/3 141/260/3 142/261/3 156/262/3 135/263/3 134/264/3 157/265/3 143/266/3 144/267/3 158/268/3 133/269/3 132/270/3 159/271/3 145/272/3 146/273/3 160/274/3 131/275/3 130/276/3 161/277/3 147/278/3 148/279/3 162/280/3 129/281/3 128/282/3 163/283/3 149/284/3 150/285/3 164/286/3 127/287/3 126/288/3 165/289/3 151/290/3 152/291/3 166/292/3 125/293/3 9/294/3
f 166/292/3 165/289/3 126/288/3 125/293/3
f 164/286/3 163/283/3 128/282/3 127/287/3
f 162/280/3 161/277/3 130/276/3 129/281/3
f 160/274/3 159/271/3 132/270/3 131/275/3
f 158/268/3 157/265/3 134/264/3 133/269/3
f 156/262/3 155/259/3 136/258/3 135/263/3
f 154/256/3 153/253/3 138/252/3 137/257/3
f 1/295/5 238/296/5 3/297/5 4/298/5 20/299/5 24/300/5 2/301/5
f 193/302/4 207/303/4 84/304/4 81/305/4
f 191/306/4 205/307/4 86/308/4 79/309/4
f 189/310/4 203/311/4 88/312/4 77/313/4
f 187/314/4 201/315/4 90/316/4 75/317/4
f 185/318/4 199/319/4 92/320/4 73/321/4
f 183/322/4 197/323/4 94/324/4 71/325/4
f 181/326/4 195/327/4 96/328/4 69/329/4
f 16/330/5 13/331/5 10/332/5 180/333/5 195/334/5 181/335/5 182/336/5 196/337/5 179/338/5 178/339/5 197/340/5 183/341/5 184/342/5 198/343/5 177/344/5 176/345/5 199/346/5 185/347/5 186/348/5 200/349/5 175/350/5 174/351/5 201/352/5 187/353/5 188/354/5 202/355/5 173/356/5 172/357/5 203/358/5 189/359/5 190/360/5 204/361/5 171/362/5 170/363/5 205/364/5 191/365/5 192/366/5 206/367/5 169/368/5 168/369/5 207/370/5 193/371/5 194/372/5 208/373/5 167/374/5 11/375/5
f 23/102/2 2/376/2 24/377/2 20/378/2 4/13/2 39/16/2 38/379/2 37/380/2 40/15/2 19/14/2 18/381/2 8/9/2 27/12/2 26/382/2 25/383/2 28/11/2 17/10/2 21/99/2 32/110/2 31/107/2 13/106/2 16/384/2 15/385/2 14/105/2 35/104/2 34/386/2 33/387/2 36/103/2
f 208/373/5 207/370/5 168/369/5 167/374/5
f 206/367/5 205/364/5 170/363/5 169/368/5
f 204/361/5 203/358/5 172/357/5 171/362/5
f 202/355/5 201/352/5 174/351/5 173/356/5
f 200/349/5 199/346/5 176/345/5 175/350/5
f 198/343/5 197/340/5 178/339/5 177/344/5
f 196/337/5 195/334/5 180/333/5 179/338/5
f 10/388/1 237/389/1 7/390/1 3/391/1 238/392/1 9/393/1 125/394/1 126/395/1 127/396/1 128/397/1 129/398/1 130/399/1 131/400/1 132/401/1 133/402/1 134/403/1 135/404/1 136/405/1 137/406/1 138/407/1 12/408/1 63/409/1 64/410/1 11/411/1 167/412/1 168/413/1 169/414/1 170/415/1 171/416/1 172/417/1 173/418/1 174/419/1 175/420/1 176/421/1 177/422/1 178/423/1 179/424/1 180/425/1
f 7/426/3 237/427/3 5/428/3 6/429/3 21/430/3 17/431/3 8/432/3
f 66/433/7 209/434/7 111/435/7 97/436/7 98/437/7 112/438/7 210/439/7 211/440/7 113/441/7 99/442/7 100/443/7 114/444/7 212/445/7 213/446/7 115/447/7 101/448/7 102/449/7 116/450/7 214/451/7 215/452/7 117/453/7 103/454/7 104/455/7 118/456/7 216/457/7 217/458/7 119/459/7 105/460/7 106/461/7 120/462/7 218/463/7 219/464/7 121/465/7 107/466/7 108/467/7 122/468/7 220/469/7 221/470/7 123/471/7 109/472/7 110/473/7 124/474/7 222/475/7 59/476/7 61/477/7 68/478/7
f 112/438/7 111/435/7 209/434/7 210/439/7
f 114/444/7 113/441/7 211/440/7 212/445/7
f 116/450/7 115/447/7 213/446/7 214/451/7
f 118/456/7 117/453/7 215/452/7 216/457/7
f 120/462/7 119/459/7 217/458/7 218/463/7
f 122/468/7 121/465/7 219/464/7 220/469/7
f 124/474/7 123/471/7 221/470/7 222/475/7
f 118/479/2 146/480/2 145/481/2 117/482/2
f 117/483/6 145/484/6 159/485/6 103/486/6
f 105/487/1 161/488/1 162/489/1 106/490/1
f 106/491/4 162/492/4 148/493/4 120/494/4
f 120/495/2 148/496/2 147/497/2 119/498/2
f 119/499/6 147/500/6 161/501/6 105/502/6
f 107/503/1 163/504/1 164/505/1 108/506/1
f 108/507/4 164/508/4 150/509/4 122/510/4
f 122/511/2 150/512/2 149/513/2 121/514/2
f 121/515/6 149/516/6 163/517/6 107/518/6
f 109/519/1 165/520/1 166/521/1 110/522/1
f 110/523/4 166/524/4 152/525/4 124/526/4
f 124/527/2 152/528/2 151/529/2 123/530/2
f 123/531/6 151/532/6 165/533/6 109/534/6
f 67/535/8 223/536/8 83/537/8 82/538/8 81/539/8 84/540/8 224/541/8 225/542/8 85/543/8 80/544/8 79/545/8 86/546/8 226/547/8 227/548/8 87/549/8 78/550/8 77/551/8 88/552/8 228/553/8 229/554/8 89/555/8 76/556/8 75/557/8 90/558/8 230/559/8 231/560/8 91/561/8 74/562/8 73/563/8 92/564/8 232/565/8 233/566/8 93/567/8 72/568/8 71/569/8 94/570/8 234/571/8 235/572/8 95/573/8 70/574/8 69/575/8 96/576/8 236/577/8 62/578/8 60/579/8 65/580/8
f 84/540/8 83/537/8 223/536/8 224/541/8
f 86/546/8 85/543/8 225/542/8 226/547/8
f 88/552/8 87/549/8 227/548/8 228/553/8
f 90/558/8 89/555/8 229/554/8 230/559/8
f 92/564/8 91/561/8 231/560/8 232/565/8
f 94/570/8 93/567/8 233/566/8 234/571/8
f 96/576/8 95/573/8 235/572/8 236/577/8
f 208/581/6 194/582/6 82/583/6 83/584/6
f 194/585/2 193/586/2 81/587/2 82/588/2
f 206/589/6 192/590/6 80/591/6 85/592/6
f 192/593/2 191/594/2 79/595/2 80/596/2
f 204/597/6 190/598/6 78/599/6 87/600/6
f 190/601/2 189/602/2 77/603/2 78/604/2
f 202/605/6 188/606/6 76/607/6 89/608/6
f 188/609/2 187/610/2 75/611/2 76/612/2
f 200/613/6 186/614/6 74/615/6 91/616/6
f 186/617/2 185/618/2 73/619/2 74/620/2
f 198/621/6 184/622/6 72/623/6 93/624/6
f 184/625/2 183/626/2 71/627/2 72/628/2
f 196/629/6 182/630/6 70/631/6 95/632/6
f 182/633/2 181/634/2 69/635/2 70/636/2
f 9/393/1 238/392/1 1/637/1 5/638/1 237/389/1 10/388/1 57/639/1 58/640/1
f 243/641/4 241/642/4 242/643/4 244/644/4 239/645/4 240/646/4
f 22/101/2 6/100/2 240/647/2 239/111/2
f 1/295/5 2/301/5 242/648/5 241/649/5
f 2/376/2 23/102/2 244/112/2 242/650/2
f 6/429/3 5/428/3 243/651/3 240/652/3
f 251/653/9 264/654/9 268/655/10 253/656/10
f 253/657/10 268/658/10 267/659/11 254/660/11
f 254/660/11 267/659/11 266/661/12 255/662/12
f 255/662/12 266/661/12 265/663/13 256/664/13
f 256/664/13 265/663/13 263/665/14 252/666/14
f 257/667/15 246/668/15 250/669/16 259/670/16
f 259/671/16 250/672/16 249/673/17 260/674/17
f 260/674/17 249/673/17 248/675/18 261/676/18
f 261/676/18 248/675/18 247/677/19 262/678/19
f 262/678/19 247/677/19 245/679/20 258/680/20
f 5/681/6 1/682/6 251/683/6 253/684/6 254/685/6 255/686/6 256/687/6 252/688/6 245/689/6 247/690/6 248/691/6 249/692/6 250/693/6 246/694/6
f 245/679/20 252/666/14 263/665/14 258/680/20
f 243/651/3 5/428/3 246/668/3 257/667/3
f 1/295/5 241/649/5 264/654/5 251/653/5
f 241/642/4 243/641/4 257/695/4 259/696/4 260/697/4 261/698/4 262/699/4 258/700/4 263/701/4 265/702/4 266/703/4 267/704/4 268/705/4 264/706/4
o matress
v -0.759149 0.369536 1.035376
v -0.759150 0.433236 1.035376
v -0.759150 0.369536 -1.035376
v -0.759149 0.433236 -1.035376
v 0.762067 0.369536 1.035376
v 0.762067 0.433236 1.035376
v 0.762067 0.369536 -1.035376
v 0.762067 0.433236 -1.035376
v 0.491342 0.358919 -1.041226
v -0.488425 0.358919 -1.041226
v -0.488425 0.443853 -1.041226
v 0.491342 0.443853 -1.041226
v -0.488425 0.358919 1.041226
v 0.491342 0.358919 1.041226
v 0.491342 0.443853 1.041226
v -0.488425 0.443853 1.041226
v -0.763447 0.358919 -0.666852
v -0.763447 0.358919 0.666852
v -0.763447 0.443853 0.666852
v -0.763447 0.443853 -0.666852
v 0.766364 0.358919 0.666852
v 0.766364 0.358919 -0.666852
v 0.766364 0.443853 -0.666852
v 0.766364 0.443853 0.666852
v 0.491342 0.465086 -0.666852
v 0.491342 0.465086 0.666852
v -0.488424 0.465086 -0.666852
v -0.488424 0.465086 0.666852
v -0.488424 0.337686 -0.666852
v -0.488424 0.337686 0.666852
v 0.491342 0.337686 -0.666852
v 0.491342 0.337686 0.666852
v -0.763355 0.359147 0.866740
v -0.762711 0.360738 0.976122
v -0.761122 0.364663 1.023026
v -0.761030 0.382489 1.037936
v -0.761975 0.401386 1.039222
v -0.761030 0.420283 1.037936
v -0.763355 0.443625 -0.866740
v -0.762711 0.442034 -0.976122
v -0.761122 0.438109 -1.023026
v -0.761030 0.420283 -1.037936
v -0.761975 0.401386 -1.039222
v -0.761030 0.382489 -1.037936
v -0.635266 0.359147 -1.041100
v -0.715620 0.360738 -1.040224
v -0.750077 0.364663 -1.038061
v 0.638184 0.443625 -1.041100
v 0.718538 0.442034 -1.040224
v 0.752994 0.438109 -1.038061
v 0.763948 0.420283 -1.037936
v 0.764892 0.401386 -1.039222
v 0.763948 0.382489 -1.037936
v 0.766272 0.359147 -0.866740
v 0.765628 0.360738 -0.976122
v 0.764040 0.364663 -1.023026
v 0.766272 0.443625 0.866740
v 0.765628 0.442034 0.976122
v 0.764040 0.438109 1.023026
v 0.763948 0.420283 1.037936
v 0.764892 0.401386 1.039222
v 0.763948 0.382489 1.037936
v 0.638184 0.359147 1.041100
v 0.718538 0.360738 1.040224
v 0.752994 0.364663 1.038061
v -0.635266 0.443625 1.041100
v -0.715620 0.442034 1.040224
v -0.750077 0.438109 1.038061
v 0.752994 0.364663 -1.038061
v 0.718538 0.360738 -1.040224
v 0.638184 0.359147 -1.041100
v 0.268155 0.358919 -1.041226
v 0.001459 0.358919 -1.041226
v -0.265238 0.358919 -1.041226
v -0.750077 0.438109 -1.038061
v -0.715620 0.442034 -1.040224
v -0.635266 0.443625 -1.041100
v -0.265238 0.443853 -1.041226
v 0.001459 0.443853 -1.041226
v 0.268155 0.443853 -1.041226
v -0.750077 0.364663 1.038061
v -0.715620 0.360738 1.040224
v -0.635266 0.359147 1.041100
v -0.265238 0.358919 1.041226
v 0.001459 0.358919 1.041226
v 0.268155 0.358919 1.041226
v 0.752994 0.438109 1.038061
v 0.718538 0.442034 1.040224
v 0.638184 0.443625 1.041100
v 0.268155 0.443853 1.041226
v 0.001459 0.443853 1.041226
v -0.265238 0.443853 1.041226
v 0.491342 0.464754 0.866835
v 0.491342 0.462432 0.976880
v 0.491342 0.456128 1.025505
v -0.488424 0.464754 0.866835
v -0.488425 0.462432 0.976880
v -0.488424 0.456128 1.025505
v -0.488424 0.338018 0.866835
v -0.488425 0.340340 0.976880
v -0.488424 0.346644 1.025505
v 0.491342 0.338018 0.866835
v 0.491342 0.340340 0.976880
v 0.491342 0.346644 1.025505
v 0.491342 0.424610 1.047806
v 0.491342 0.401386 1.050000
v 0.491342 0.378162 1.047806
v -0.488424 0.424610 1.047806
v -0.488425 0.401386 1.050000
v -0.488424 0.378162 1.047806
v -0.488424 0.424610 -1.047806
v -0.488425 0.401386 -1.050000
v -0.488425 0.378162 -1.047806
v 0.491342 0.424610 -1.047806
v 0.491342 0.401386 -1.050000
v 0.491342 0.378162 -1.047806
v -0.761122 0.364663 -1.023026
v -0.762711 0.360738 -0.976122
v -0.763355 0.359147 -0.866740
v -0.763447 0.358919 -0.363040
v -0.763447 0.358919 -0.000000
v -0.763447 0.358919 0.363040
v -0.761122 0.438109 1.023026
v -0.762711 0.442034 0.976122
v -0.763355 0.443625 0.866740
v -0.763447 0.443853 0.363040
v -0.763447 0.443853 -0.000000
v -0.763447 0.443853 -0.363040
v 0.764040 0.364663 1.023026
v 0.765628 0.360738 0.976122
v 0.766272 0.359147 0.866740
v 0.766364 0.358919 0.363040
v 0.766364 0.358919 -0.000000
v 0.766364 0.358919 -0.363040
v 0.764040 0.438109 -1.023026
v 0.765628 0.442034 -0.976122
v 0.766272 0.443625 -0.866740
v 0.766364 0.443853 -0.363040
v 0.766364 0.443853 -0.000000
v 0.766364 0.443853 0.363040
v 0.491342 0.456128 -1.025505
v 0.491342 0.462432 -0.976880
v 0.491342 0.464754 -0.866835
v 0.491342 0.465086 -0.363040
v 0.491342 0.465086 -0.000000
v 0.491342 0.465086 0.363040
v -0.488425 0.456128 -1.025505
v -0.488424 0.462432 -0.976880
v -0.488424 0.464754 -0.866835
v -0.488424 0.465086 -0.363040
v -0.488424 0.465086 -0.000000
v -0.488424 0.465086 0.363040
v -0.488424 0.346644 -1.025505
v -0.488424 0.340340 -0.976880
v -0.488424 0.338018 -0.866835
v -0.488424 0.337686 -0.363040
v -0.488424 0.337686 -0.000000
v -0.488424 0.337686 0.363040
v 0.491342 0.346644 -1.025505
v 0.491342 0.340340 -0.976880
v 0.491342 0.338018 -0.866835
v 0.491342 0.337686 -0.363040
v 0.491342 0.337686 -0.000000
v 0.491342 0.337686 0.363040
v 0.268155 0.337686 -0.666852
v 0.001459 0.337686 -0.666852
v -0.265238 0.337686 -0.666852
v 0.268155 0.337686 0.666852
v 0.001459 0.337686 0.666852
v -0.265238 0.337686 0.666852
v -0.635336 0.338018 -0.666852
v -0.716177 0.340340 -0.666852
v -0.751898 0.346644 -0.666852
v -0.635336 0.338018 0.666852
v -0.716177 0.340340 0.666852
v -0.751898 0.346644 0.666852
v -0.265238 0.465086 -0.666852
v 0.001459 0.465086 -0.666852
v 0.268155 0.465086 -0.666852
v -0.265238 0.465086 0.666852
v 0.001459 0.465086 0.666852
v 0.268155 0.465086 0.666852
v 0.638253 0.464754 -0.666852
v 0.719095 0.462432 -0.666852
v 0.754816 0.456128 -0.666852
v 0.638253 0.464754 0.666852
v 0.719095 0.462432 0.666852
v 0.754816 0.456128 0.666852
v -0.751898 0.456128 -0.666852
v -0.716177 0.462432 -0.666852
v -0.635336 0.464754 -0.666852
v -0.751898 0.456128 0.666852
v -0.716177 0.462432 0.666852
v -0.635336 0.464754 0.666852
v 0.754816 0.346644 -0.666852
v 0.719095 0.340340 -0.666852
v 0.638253 0.338018 -0.666852
v 0.754816 0.346644 0.666852
v 0.719095 0.340340 0.666852
v 0.638253 0.338018 0.666852
v 0.771199 0.424610 -0.666852
v 0.772810 0.401386 -0.666852
v 0.771199 0.378162 -0.666852
v 0.771199 0.424610 0.666852
v 0.772810 0.401386 0.666852
v 0.771199 0.378162 0.666852
v -0.768281 0.424610 0.666852
v -0.769893 0.401386 0.666852
v -0.768281 0.378162 0.666852
v -0.768281 0.424610 -0.666852
v -0.769893 0.401386 -0.666852
v -0.768281 0.378162 -0.666852
v -0.768164 0.378287 -0.866764
v -0.769768 0.401386 -0.866787
v -0.768164 0.424485 -0.866764
v -0.767349 0.379163 -0.976311
v -0.768898 0.401386 -0.976501
v -0.767349 0.423608 -0.976311
v -0.765170 0.381122 -1.023734
v -0.766540 0.401386 -1.024354
v -0.765170 0.421650 -1.023734
v 0.638201 0.378287 -1.047648
v 0.638219 0.401386 -1.049831
v 0.638201 0.424485 -1.047648
v 0.718677 0.379163 -1.046537
v 0.718816 0.401386 -1.048646
v 0.718677 0.423608 -1.046537
v 0.753515 0.381122 -1.043572
v 0.753970 0.401386 -1.045437
v 0.753515 0.421650 -1.043572
v 0.771082 0.378287 0.866764
v 0.772686 0.401386 0.866787
v 0.771082 0.424485 0.866764
v 0.770266 0.379163 0.976311
v 0.771816 0.401386 0.976501
v 0.770266 0.423608 0.976311
v 0.768088 0.381122 1.023734
v 0.769458 0.401386 1.024354
v 0.768088 0.421650 1.023734
v -0.635284 0.378287 1.047648
v -0.635301 0.401386 1.049831
v -0.635284 0.424485 1.047648
v -0.715760 0.379163 1.046537
v -0.715899 0.401386 1.048646
v -0.715760 0.423608 1.046537
v -0.750597 0.381122 1.043572
v -0.751052 0.401386 1.045437
v -0.750597 0.421650 1.043572
v 0.638251 0.338348 0.866832
v 0.719078 0.340660 0.866811
v 0.754763 0.346933 0.866767
v 0.638236 0.340660 0.976856
v 0.718956 0.342896 0.976691
v 0.754393 0.348960 0.976335
v 0.638203 0.346933 1.025433
v 0.718695 0.348960 1.024929
v 0.753568 0.354372 1.023806
v -0.635334 0.464424 0.866832
v -0.716160 0.462112 0.866811
v -0.751845 0.455839 0.866767
v -0.635318 0.462112 0.976856
v -0.716038 0.459876 0.976691
v -0.751475 0.453812 0.976335
v -0.635286 0.455839 1.025433
v -0.715777 0.453812 1.024929
v -0.750650 0.448400 1.023806
v 0.754763 0.455839 0.866767
v 0.719077 0.462112 0.866811
v 0.638251 0.464424 0.866832
v 0.754393 0.453812 0.976335
v 0.718956 0.459876 0.976691
v 0.638236 0.462112 0.976856
v 0.753568 0.448400 1.023806
v 0.718695 0.453812 1.024929
v 0.638203 0.455839 1.025433
v 0.268155 0.464754 0.866835
v 0.001459 0.464754 0.866835
v -0.265238 0.464754 0.866835
v 0.268155 0.462432 0.976880
v 0.001459 0.462432 0.976880
v -0.265238 0.462432 0.976880
v 0.268155 0.456128 1.025505
v 0.001459 0.456128 1.025505
v -0.265238 0.456128 1.025505
v -0.751845 0.346933 0.866767
v -0.716160 0.340660 0.866811
v -0.635334 0.338348 0.866832
v -0.751475 0.348960 0.976335
v -0.716038 0.342896 0.976691
v -0.635318 0.340660 0.976856
v -0.750650 0.354372 1.023806
v -0.715777 0.348960 1.024929
v -0.635286 0.346933 1.025433
v -0.265238 0.338018 0.866835
v 0.001459 0.338018 0.866835
v 0.268155 0.338018 0.866835
v -0.265238 0.340340 0.976880
v 0.001459 0.340340 0.976880
v 0.268155 0.340340 0.976880
v -0.265238 0.346644 1.025505
v 0.001459 0.346644 1.025505
v 0.268155 0.346644 1.025505
v 0.753515 0.381122 1.043572
v 0.753970 0.401386 1.045437
v 0.753515 0.421650 1.043572
v 0.718677 0.379163 1.046537
v 0.718816 0.401386 1.048646
v 0.718677 0.423608 1.046537
v 0.638201 0.378287 1.047648
v 0.638219 0.401386 1.049831
v 0.638201 0.424485 1.047648
v 0.268155 0.378162 1.047806
v 0.268155 0.401386 1.050000
v 0.268155 0.424610 1.047806
v 0.001459 0.378162 1.047806
v 0.001459 0.401386 1.050000
v 0.001459 0.424610 1.047806
v -0.265238 0.378162 1.047806
v -0.265238 0.401386 1.050000
v -0.265238 0.424610 1.047806
v -0.750597 0.381122 -1.043572
v -0.751052 0.401386 -1.045437
v -0.750597 0.421650 -1.043572
v -0.715759 0.379163 -1.046537
v -0.715899 0.401386 -1.048646
v -0.715760 0.423608 -1.046537
v -0.635284 0.378287 -1.047648
v -0.635301 0.401386 -1.049831
v -0.635284 0.424485 -1.047648
v -0.265238 0.378162 -1.047806
v -0.265238 0.401386 -1.050000
v -0.265238 0.424610 -1.047806
v 0.001459 0.378162 -1.047806
v 0.001459 0.401386 -1.050000
v 0.001459 0.424610 -1.047806
v 0.268155 0.378162 -1.047806
v 0.268155 0.401386 -1.050000
v 0.268155 0.424610 -1.047806
v -0.265238 0.346644 -1.025505
v 0.001459 0.346644 -1.025505
v 0.268155 0.346644 -1.025505
v -0.265238 0.340340 -0.976880
v 0.001459 0.340340 -0.976880
v 0.268155 0.340340 -0.976880
v -0.265238 0.338018 -0.866835
v 0.001459 0.338018 -0.866835
v 0.268155 0.338018 -0.866835
v -0.265237 0.337686 -0.363040
v 0.001459 0.337686 -0.363040
v 0.268155 0.337686 -0.363040
v -0.265238 0.337686 0.000000
v 0.001459 0.337686 -0.000000
v 0.268155 0.337686 -0.000000
v -0.265238 0.337686 0.363040
v 0.001459 0.337686 0.363040
v 0.268155 0.337686 0.363040
v -0.750650 0.354372 -1.023806
v -0.715777 0.348960 -1.024929
v -0.635286 0.346933 -1.025433
v -0.751475 0.348960 -0.976335
v -0.716038 0.342896 -0.976691
v -0.635318 0.340660 -0.976856
v -0.751845 0.346933 -0.866767
v -0.716160 0.340660 -0.866811
v -0.635334 0.338348 -0.866832
v -0.751898 0.346644 -0.363040
v -0.716177 0.340340 -0.363040
v -0.635336 0.338018 -0.363040
v -0.751898 0.346644 -0.000000
v -0.716177 0.340340 -0.000000
v -0.635336 0.338018 -0.000000
v -0.751898 0.346644 0.363040
v -0.716177 0.340340 0.363040
v -0.635336 0.338018 0.363040
v 0.268155 0.456128 -1.025505
v 0.001459 0.456128 -1.025505
v -0.265238 0.456128 -1.025505
v 0.268155 0.462432 -0.976880
v 0.001459 0.462432 -0.976880
v -0.265238 0.462432 -0.976880
v 0.268155 0.464754 -0.866835
v 0.001459 0.464754 -0.866835
v -0.265238 0.464754 -0.866835
v 0.268155 0.465086 -0.363040
v 0.001459 0.465086 -0.363040
v -0.265238 0.465086 -0.363040
v 0.268155 0.465086 0.000000
v 0.001459 0.465086 -0.000000
v -0.265238 0.465086 -0.000000
v 0.268155 0.465086 0.363040
v 0.001459 0.465086 0.363040
v -0.265238 0.465086 0.363040
v 0.753568 0.448400 -1.023806
v 0.718695 0.453812 -1.024929
v 0.638203 0.455839 -1.025433
v 0.754393 0.453812 -0.976335
v 0.718956 0.459876 -0.976691
v 0.638236 0.462112 -0.976856
v 0.754763 0.455839 -0.866767
v 0.719078 0.462112 -0.866811
v 0.638251 0.464424 -0.866832
v 0.754816 0.456128 -0.363040
v 0.719095 0.462432 -0.363040
v 0.638254 0.464754 -0.363040
v 0.754816 0.456128 0.000000
v 0.719095 0.462432 -0.000000
v 0.638253 0.464754 -0.000000
v 0.754816 0.456128 0.363040
v 0.719095 0.462432 0.363040
v 0.638254 0.464754 0.363040
v -0.635286 0.455839 -1.025433
v -0.715777 0.453812 -1.024929
v -0.750650 0.448400 -1.023806
v -0.635318 0.462112 -0.976856
v -0.716038 0.459876 -0.976691
v -0.751475 0.453812 -0.976335
v -0.635334 0.464424 -0.866832
v -0.716160 0.462112 -0.866811
v -0.751845 0.455839 -0.866767
v -0.635336 0.464754 -0.363040
v -0.716177 0.462432 -0.363040
v -0.751898 0.456128 -0.363040
v -0.635336 0.464754 -0.000000
v -0.716177 0.462432 -0.000000
v -0.751898 0.456128 -0.000000
v -0.635336 0.464754 0.363040
v -0.716177 0.462432 0.363040
v -0.751898 0.456128 0.363040
v 0.638203 0.346933 -1.025433
v 0.718695 0.348960 -1.024929
v 0.753568 0.354372 -1.023806
v 0.638236 0.340660 -0.976856
v 0.718956 0.342896 -0.976691
v 0.754393 0.348960 -0.976335
v 0.638251 0.338348 -0.866832
v 0.719078 0.340660 -0.866811
v 0.754763 0.346933 -0.866767
v 0.638253 0.338018 -0.363040
v 0.719095 0.340340 -0.363040
v 0.754816 0.346644 -0.363040
v 0.638253 0.338018 0.000000
v 0.719095 0.340340 -0.000000
v 0.754816 0.346644 -0.000000
v 0.638254 0.338018 0.363040
v 0.719095 0.340340 0.363040
v 0.754816 0.346644 0.363040
v 0.768088 0.381122 -1.023734
v 0.769458 0.401386 -1.024354
v 0.768088 0.421650 -1.023734
v 0.770266 0.379163 -0.976311
v 0.771815 0.401386 -0.976501
v 0.770266 0.423608 -0.976311
v 0.771082 0.378287 -0.866764
v 0.772686 0.401386 -0.866788
v 0.771082 0.424485 -0.866764
v 0.771199 0.378162 -0.363040
v 0.772810 0.401386 -0.363040
v 0.771199 0.424610 -0.363040
v 0.771199 0.378162 0.000000
v 0.772810 0.401386 -0.000000
v 0.771199 0.424610 -0.000000
v 0.771199 0.378162 0.363040
v 0.772810 0.401386 0.363040
v 0.771199 0.424610 0.363040
v -0.765170 0.381122 1.023734
v -0.766540 0.401386 1.024354
v -0.765170 0.421650 1.023734
v -0.767349 0.379163 0.976311
v -0.768898 0.401386 0.976501
v -0.767349 0.423608 0.976311
v -0.768165 0.378287 0.866764
v -0.769768 0.401386 0.866788
v -0.768165 0.424485 0.866764
v -0.768281 0.378162 0.363040
v -0.769893 0.401386 0.363040
v -0.768281 0.424610 0.363040
v -0.768281 0.378162 -0.000000
v -0.769893 0.401386 -0.000000
v -0.768281 0.424610 -0.000000
v -0.768281 0.378162 -0.363040
v -0.769893 0.401386 -0.363040
v -0.768281 0.424610 -0.363040
vn -0.7197 -0.4004 0.5673
vn -0.7197 0.4004 0.5673
vn -0.7197 -0.4004 -0.5673
vn -0.7197 0.4004 -0.5673
vn 0.7197 -0.4004 0.5673
vn 0.7197 0.4004 0.5673
vn 0.7197 -0.4004 -0.5673
vn 0.7197 0.4004 -0.5673
vn 0.0008 -0.5801 -0.8145
vn -0.0008 -0.5801 -0.8145
vn -0.0008 0.5801 -0.8145
vn 0.0008 0.5801 -0.8145
vn -0.0008 -0.5801 0.8145
vn 0.0008 -0.5801 0.8145
vn 0.0008 0.5801 0.8145
vn -0.0008 0.5801 0.8145
vn -0.8773 -0.4800 -0.0005
vn -0.8772 -0.4800 0.0005
vn -0.8772 0.4800 0.0005
vn -0.8772 0.4800 -0.0005
vn 0.8772 -0.4800 0.0005
vn 0.8773 -0.4800 -0.0005
vn 0.8772 0.4800 -0.0005
vn 0.8772 0.4800 0.0005
vn 0.0011 1.0000 -0.0008
vn 0.0011 1.0000 0.0008
vn -0.0011 1.0000 -0.0008
vn -0.0011 1.0000 0.0008
vn -0.0011 -1.0000 -0.0008
vn -0.0011 -1.0000 0.0008
vn 0.0011 -1.0000 -0.0008
vn 0.0011 -1.0000 0.0008
vn -0.8764 -0.4815 0.0067
vn -0.8720 -0.4877 0.0425
vn -0.8392 -0.4971 0.2205
vn -0.7653 -0.1663 0.6219
vn -0.7765 -0.0000 0.6301
vn -0.7653 0.1663 0.6219
vn -0.8764 0.4815 -0.0067
vn -0.8720 0.4877 -0.0425
vn -0.8392 0.4971 -0.2205
vn -0.7653 0.1663 -0.6219
vn -0.7765 -0.0000 -0.6301
vn -0.7653 -0.1663 -0.6219
vn -0.0111 -0.5815 -0.8135
vn -0.0705 -0.5861 -0.8072
vn -0.3319 -0.5673 -0.7537
vn 0.0111 0.5815 -0.8135
vn 0.0705 0.5861 -0.8072
vn 0.3319 0.5673 -0.7537
vn 0.7653 0.1663 -0.6219
vn 0.7765 -0.0000 -0.6301
vn 0.7653 -0.1663 -0.6219
vn 0.8764 -0.4815 -0.0067
vn 0.8720 -0.4877 -0.0425
vn 0.8392 -0.4971 -0.2205
vn 0.8764 0.4815 0.0067
vn 0.8720 0.4877 0.0425
vn 0.8392 0.4971 0.2205
vn 0.7653 0.1663 0.6219
vn 0.7765 -0.0000 0.6301
vn 0.7653 -0.1663 0.6219
vn 0.0111 -0.5815 0.8135
vn 0.0705 -0.5861 0.8072
vn 0.3319 -0.5673 0.7537
vn -0.0111 0.5815 0.8135
vn -0.0705 0.5861 0.8072
vn -0.3319 0.5673 0.7537
vn 0.3319 -0.5673 -0.7537
vn 0.0705 -0.5861 -0.8072
vn 0.0111 -0.5815 -0.8135
vn -0.0000 -0.5800 -0.8146
vn -0.3319 0.5673 -0.7537
vn -0.0705 0.5861 -0.8072
vn -0.0111 0.5815 -0.8135
vn -0.0000 0.5800 -0.8146
vn -0.3319 -0.5673 0.7537
vn -0.0705 -0.5861 0.8072
vn -0.0111 -0.5815 0.8135
vn -0.0000 -0.5800 0.8146
vn 0.3319 0.5673 0.7537
vn 0.0705 0.5861 0.8072
vn 0.0112 0.5815 0.8135
vn -0.0000 0.5800 0.8146
vn 0.0011 0.9999 0.0114
vn 0.0011 0.9972 0.0749
vn 0.0010 0.9227 0.3855
vn -0.0011 0.9999 0.0114
vn -0.0011 0.9972 0.0749
vn -0.0010 0.9227 0.3855
vn -0.0011 -0.9999 0.0114
vn -0.0011 -0.9972 0.0749
vn -0.0010 -0.9227 0.3855
vn 0.0011 -0.9999 0.0114
vn 0.0011 -0.9972 0.0749
vn 0.0010 -0.9227 0.3855
vn 0.0006 0.2103 0.9776
vn 0.0006 -0.0000 1.0000
vn 0.0006 -0.2103 0.9776
vn -0.0006 0.2103 0.9776
vn -0.0006 -0.0000 1.0000
vn -0.0006 -0.2103 0.9776
vn -0.0006 0.2103 -0.9776
vn -0.0006 -0.0000 -1.0000
vn -0.0006 -0.2103 -0.9776
vn 0.0006 0.2103 -0.9776
vn 0.0006 -0.0000 -1.0000
vn 0.0006 -0.2103 -0.9776
vn -0.8392 -0.4971 -0.2205
vn -0.8720 -0.4877 -0.0425
vn -0.8764 -0.4815 -0.0067
vn -0.8773 -0.4799 -0.0000
vn -0.8392 0.4971 0.2205
vn -0.8720 0.4877 0.0425
vn -0.8764 0.4815 0.0067
vn -0.8773 0.4799 -0.0000
vn 0.8392 -0.4971 0.2205
vn 0.8720 -0.4877 0.0425
vn 0.8764 -0.4815 0.0067
vn 0.8773 -0.4799 -0.0000
vn 0.8392 0.4971 -0.2205
vn 0.8720 0.4877 -0.0425
vn 0.8764 0.4815 -0.0067
vn 0.8773 0.4799 -0.0000
vn 0.0010 0.9227 -0.3855
vn 0.0011 0.9972 -0.0749
vn 0.0011 0.9999 -0.0114
vn 0.0011 1.0000 -0.0000
vn -0.0010 0.9227 -0.3855
vn -0.0011 0.9972 -0.0749
vn -0.0011 0.9999 -0.0114
vn -0.0011 1.0000 -0.0000
vn -0.0010 -0.9227 -0.3855
vn -0.0011 -0.9972 -0.0749
vn -0.0011 -0.9999 -0.0114
vn -0.0011 -1.0000 -0.0000
vn 0.0010 -0.9227 -0.3855
vn 0.0011 -0.9972 -0.0749
vn 0.0011 -0.9999 -0.0114
vn 0.0011 -1.0000 -0.0000
vn -0.0000 -1.0000 -0.0008
vn -0.0000 -1.0000 0.0008
vn -0.0155 -0.9999 -0.0008
vn -0.1014 -0.9948 -0.0008
vn -0.4751 -0.8799 -0.0007
vn -0.0155 -0.9999 0.0008
vn -0.1014 -0.9948 0.0008
vn -0.4751 -0.8799 0.0007
vn -0.0000 1.0000 -0.0008
vn -0.0000 1.0000 0.0008
vn 0.0155 0.9999 -0.0008
vn 0.1014 0.9948 -0.0008
vn 0.4751 0.8799 -0.0007
vn 0.0155 0.9999 0.0008
vn 0.1014 0.9948 0.0008
vn 0.4751 0.8799 0.0007
vn -0.4751 0.8799 -0.0007
vn -0.1014 0.9948 -0.0008
vn -0.0155 0.9999 -0.0008
vn -0.4751 0.8799 0.0007
vn -0.1014 0.9948 0.0008
vn -0.0155 0.9999 0.0008
vn 0.4751 -0.8799 -0.0007
vn 0.1014 -0.9948 -0.0008
vn 0.0155 -0.9999 -0.0008
vn 0.4751 -0.8799 0.0007
vn 0.1014 -0.9948 0.0008
vn 0.0155 -0.9999 0.0008
vn 0.9876 0.1571 -0.0003
vn 1.0000 -0.0000 -0.0003
vn 0.9876 -0.1571 -0.0003
vn 0.9876 0.1571 0.0003
vn 1.0000 -0.0000 0.0003
vn 0.9876 -0.1571 0.0003
vn -0.9876 0.1571 0.0003
vn -1.0000 -0.0000 0.0003
vn -0.9876 -0.1571 0.0003
vn -0.9876 0.1571 -0.0003
vn -1.0000 -0.0000 -0.0003
vn -0.9876 -0.1571 -0.0003
vn -0.9875 -0.1574 -0.0046
vn -1.0000 -0.0000 -0.0043
vn -0.9875 0.1574 -0.0046
vn -0.9870 -0.1577 -0.0301
vn -0.9996 -0.0000 -0.0286
vn -0.9870 0.1577 -0.0301
vn -0.9744 -0.1519 -0.1655
vn -0.9851 -0.0000 -0.1722
vn -0.9744 0.1519 -0.1655
vn 0.0085 -0.2107 -0.9775
vn 0.0080 -0.0000 -1.0000
vn 0.0085 0.2107 -0.9775
vn 0.0549 -0.2110 -0.9759
vn 0.0527 -0.0000 -0.9986
vn 0.0549 0.2110 -0.9759
vn 0.2843 -0.1972 -0.9382
vn 0.2958 -0.0000 -0.9552
vn 0.2843 0.1972 -0.9382
vn 0.9875 -0.1574 0.0046
vn 1.0000 -0.0000 0.0043
vn 0.9875 0.1574 0.0046
vn 0.9870 -0.1577 0.0301
vn 0.9996 -0.0000 0.0286
vn 0.9870 0.1577 0.0301
vn 0.9744 -0.1519 0.1655
vn 0.9851 -0.0000 0.1722
vn 0.9744 0.1519 0.1655
vn -0.0085 -0.2107 0.9775
vn -0.0080 -0.0000 1.0000
vn -0.0085 0.2107 0.9775
vn -0.0549 -0.2110 0.9759
vn -0.0527 -0.0000 0.9986
vn -0.0549 0.2110 0.9759
vn -0.2843 -0.1972 0.9382
vn -0.2958 -0.0000 0.9552
vn -0.2843 0.1972 0.9382
vn 0.0153 -0.9998 0.0113
vn 0.1006 -0.9949 0.0109
vn 0.4732 -0.8809 0.0097
vn 0.0148 -0.9971 0.0742
vn 0.0973 -0.9927 0.0717
vn 0.4638 -0.8837 0.0630
vn 0.0139 -0.9233 0.3839
vn 0.0892 -0.9227 0.3751
vn 0.4165 -0.8493 0.3244
vn -0.0153 0.9998 0.0113
vn -0.1006 0.9949 0.0109
vn -0.4732 0.8809 0.0097
vn -0.0148 0.9971 0.0742
vn -0.0973 0.9927 0.0717
vn -0.4638 0.8837 0.0630
vn -0.0139 0.9233 0.3839
vn -0.0892 0.9227 0.3751
vn -0.4165 0.8493 0.3245
vn 0.4732 0.8809 0.0097
vn 0.1006 0.9949 0.0109
vn 0.0153 0.9998 0.0113
vn 0.4638 0.8837 0.0630
vn 0.0973 0.9927 0.0717
vn 0.0148 0.9971 0.0742
vn 0.4165 0.8493 0.3245
vn 0.0892 0.9227 0.3751
vn 0.0139 0.9233 0.3839
vn -0.0000 0.9999 0.0114
vn -0.0000 0.9972 0.0749
vn -0.0000 0.9226 0.3857
vn -0.4732 -0.8809 0.0097
vn -0.1006 -0.9949 0.0109
vn -0.0153 -0.9998 0.0113
vn -0.4638 -0.8837 0.0630
vn -0.0973 -0.9927 0.0717
vn -0.0148 -0.9971 0.0742
vn -0.4165 -0.8493 0.3245
vn -0.0892 -0.9227 0.3751
vn -0.0139 -0.9233 0.3839
vn -0.0000 -0.9999 0.0114
vn -0.0000 -0.9972 0.0749
vn -0.0000 -0.9226 0.3857
vn 0.2843 -0.1972 0.9382
vn 0.2958 -0.0000 0.9552
vn 0.2843 0.1972 0.9382
vn 0.0549 -0.2110 0.9759
vn 0.0527 -0.0000 0.9986
vn 0.0549 0.2110 0.9759
vn 0.0085 -0.2107 0.9775
vn 0.0080 -0.0000 1.0000
vn 0.0085 0.2107 0.9775
vn -0.0000 -0.2103 0.9776
vn -0.0000 -0.0000 1.0000
vn -0.0000 0.2103 0.9776
vn -0.2843 -0.1972 -0.9382
vn -0.2958 -0.0000 -0.9552
vn -0.2843 0.1972 -0.9382
vn -0.0549 -0.2110 -0.9759
vn -0.0527 -0.0000 -0.9986
vn -0.0549 0.2110 -0.9759
vn -0.0085 -0.2107 -0.9775
vn -0.0080 -0.0000 -1.0000
vn -0.0085 0.2107 -0.9775
vn -0.0000 -0.2103 -0.9776
vn -0.0000 -0.0000 -1.0000
vn -0.0000 0.2103 -0.9776
vn -0.0000 -0.9226 -0.3857
vn -0.0000 -0.9972 -0.0749
vn -0.0000 -0.9999 -0.0114
vn -0.0000 -1.0000 -0.0000
vn -0.4165 -0.8493 -0.3245
vn -0.0892 -0.9227 -0.3751
vn -0.0139 -0.9233 -0.3839
vn -0.4638 -0.8837 -0.0630
vn -0.0973 -0.9927 -0.0717
vn -0.0148 -0.9971 -0.0742
vn -0.4732 -0.8809 -0.0097
vn -0.1006 -0.9949 -0.0109
vn -0.0153 -0.9998 -0.0113
vn -0.4753 -0.8798 -0.0000
vn -0.1015 -0.9948 -0.0000
vn -0.0155 -0.9999 -0.0000
vn -0.0000 0.9226 -0.3857
vn -0.0000 0.9972 -0.0749
vn -0.0000 0.9999 -0.0114
vn -0.0000 1.0000 -0.0000
vn 0.4165 0.8493 -0.3245
vn 0.0892 0.9227 -0.3751
vn 0.0139 0.9233 -0.3839
vn 0.4638 0.8837 -0.0630
vn 0.0973 0.9927 -0.0717
vn 0.0148 0.9971 -0.0742
vn 0.4732 0.8809 -0.0097
vn 0.1006 0.9949 -0.0109
vn 0.0153 0.9998 -0.0113
vn 0.4753 0.8798 -0.0000
vn 0.1015 0.9948 -0.0000
vn 0.0155 0.9999 -0.0000
vn -0.0139 0.9233 -0.3839
vn -0.0892 0.9227 -0.3751
vn -0.4165 0.8493 -0.3245
vn -0.0148 0.9971 -0.0742
vn -0.0973 0.9927 -0.0717
vn -0.4638 0.8837 -0.0630
vn -0.0153 0.9998 -0.0113
vn -0.1006 0.9949 -0.0109
vn -0.4732 0.8809 -0.0097
vn -0.0155 0.9999 -0.0000
vn -0.1015 0.9948 -0.0000
vn -0.4753 0.8798 -0.0000
vn 0.0139 -0.9233 -0.3839
vn 0.0892 -0.9227 -0.3751
vn 0.4165 -0.8493 -0.3245
vn 0.0148 -0.9971 -0.0742
vn 0.0973 -0.9927 -0.0717
vn 0.4638 -0.8837 -0.0630
vn 0.0153 -0.9998 -0.0113
vn 0.1006 -0.9949 -0.0109
vn 0.4732 -0.8809 -0.0097
vn 0.0155 -0.9999 -0.0000
vn 0.1015 -0.9948 -0.0000
vn 0.4753 -0.8798 -0.0000
vn 0.9744 -0.1519 -0.1655
vn 0.9851 -0.0000 -0.1722
vn 0.9744 0.1519 -0.1655
vn 0.9870 -0.1577 -0.0301
vn 0.9996 -0.0000 -0.0286
vn 0.9870 0.1577 -0.0301
vn 0.9875 -0.1574 -0.0046
vn 1.0000 -0.0000 -0.0043
vn 0.9875 0.1574 -0.0046
vn 0.9876 -0.1571 -0.0000
vn 1.0000 -0.0000 -0.0000
vn 0.9876 0.1571 -0.0000
vn -0.9744 -0.1519 0.1655
vn -0.9851 -0.0000 0.1722
vn -0.9744 0.1519 0.1655
vn -0.9870 -0.1577 0.0301
vn -0.9996 -0.0000 0.0286
vn -0.9870 0.1577 0.0301
vn -0.9875 -0.1574 0.0046
vn -1.0000 -0.0000 0.0043
vn -0.9875 0.1574 0.0046
vn -0.9876 -0.1571 -0.0000
vn -1.0000 -0.0000 -0.0000
vn -0.9876 0.1571 -0.0000
vt 0.877189 0.634498
vt 0.874015 0.634495
vt 0.874015 0.619421
vt 0.877068 0.619447
vt 0.870842 0.634498
vt 0.870962 0.619447
vt 0.874015 0.612847
vt 0.876799 0.612932
vt 0.871231 0.612932
vt 0.879850 0.661963
vt 0.877206 0.661963
vt 0.879818 0.634501
vt 0.874015 0.661963
vt 0.870824 0.661963
vt 0.868181 0.661963
vt 0.868212 0.634501
vt 0.868431 0.619473
vt 0.868970 0.613029
vt 0.869639 0.611333
vt 0.871419 0.610981
vt 0.874015 0.610804
vt 0.876611 0.610981
vt 0.879060 0.613029
vt 0.878391 0.611333
vt 0.879600 0.619473
vt 0.923813 0.307651
vt 0.920639 0.307636
vt 0.920639 0.296581
vt 0.923693 0.296613
vt 0.917466 0.307651
vt 0.917586 0.296613
vt 0.920639 0.291775
vt 0.923423 0.291849
vt 0.917855 0.291849
vt 0.926474 0.327847
vt 0.923830 0.327807
vt 0.926443 0.307694
vt 0.920639 0.327794
vt 0.917449 0.327807
vt 0.914805 0.327847
vt 0.914836 0.307694
vt 0.915055 0.296670
vt 0.915594 0.291954
vt 0.916264 0.290725
vt 0.918043 0.290451
vt 0.920639 0.290314
vt 0.923236 0.290451
vt 0.925685 0.291954
vt 0.925015 0.290725
vt 0.926224 0.296670
vt 0.850780 0.634498
vt 0.847607 0.634495
vt 0.847607 0.619421
vt 0.850660 0.619447
vt 0.844433 0.634498
vt 0.844554 0.619447
vt 0.847607 0.612847
vt 0.850391 0.612932
vt 0.844823 0.612932
vt 0.853441 0.661963
vt 0.850797 0.661963
vt 0.853410 0.634501
vt 0.847607 0.661963
vt 0.844416 0.661963
vt 0.841772 0.661963
vt 0.841804 0.634501
vt 0.842022 0.619473
vt 0.842561 0.613029
vt 0.843231 0.611333
vt 0.845011 0.610981
vt 0.847607 0.610804
vt 0.850203 0.610981
vt 0.852652 0.613029
vt 0.851983 0.611333
vt 0.853191 0.619473
vt 0.921578 0.023021
vt 0.918404 0.023005
vt 0.918404 0.011950
vt 0.921457 0.011982
vt 0.915231 0.023021
vt 0.915351 0.011982
vt 0.918404 0.007145
vt 0.921188 0.007218
vt 0.915620 0.007218
vt 0.924238 0.043217
vt 0.921595 0.043176
vt 0.924207 0.023063
vt 0.918404 0.043163
vt 0.915213 0.043176
vt 0.912570 0.043217
vt 0.912601 0.023063
vt 0.912819 0.012039
vt 0.913359 0.007323
vt 0.914028 0.006094
vt 0.915808 0.005821
vt 0.918404 0.005683
vt 0.921000 0.005821
vt 0.923449 0.007323
vt 0.922780 0.006094
vt 0.923989 0.012039
vt 0.485185 0.611743
vt 0.474080 0.611746
vt 0.474097 0.596650
vt 0.485187 0.596627
vt 0.469177 0.611752
vt 0.469228 0.596699
vt 0.474133 0.590023
vt 0.485191 0.589954
vt 0.469341 0.590177
vt 0.505368 0.639218
vt 0.485184 0.639218
vt 0.505368 0.611743
vt 0.474078 0.639218
vt 0.469170 0.639218
vt 0.855128 0.661963
vt 0.855088 0.634497
vt 0.854809 0.619444
vt 0.854066 0.612922
vt 0.467903 0.590284
vt 0.468174 0.588588
vt 0.469420 0.588219
vt 0.474154 0.587922
vt 0.485194 0.587801
vt 0.505368 0.589944
vt 0.505368 0.587784
vt 0.505368 0.596624
vt 0.485185 0.314273
vt 0.474080 0.314276
vt 0.474097 0.299180
vt 0.485187 0.299157
vt 0.469177 0.314282
vt 0.469228 0.299229
vt 0.474133 0.292553
vt 0.485191 0.292484
vt 0.469341 0.292707
vt 0.505368 0.341748
vt 0.485184 0.341748
vt 0.505368 0.314273
vt 0.474078 0.341748
vt 0.469170 0.341748
vt 0.866494 0.845198
vt 0.868181 0.845198
vt 0.868212 0.872660
vt 0.866534 0.872664
vt 0.868431 0.887688
vt 0.866812 0.887717
vt 0.868970 0.894132
vt 0.867556 0.894239
vt 0.467903 0.292814
vt 0.468174 0.291118
vt 0.469420 0.290749
vt 0.474154 0.290452
vt 0.485194 0.290331
vt 0.505368 0.292474
vt 0.505368 0.290314
vt 0.505368 0.299154
vt 0.676167 0.314282
vt 0.671264 0.314276
vt 0.671247 0.299180
vt 0.676116 0.299229
vt 0.660160 0.314273
vt 0.660157 0.299157
vt 0.671211 0.292553
vt 0.676003 0.292707
vt 0.660153 0.292484
vt 0.840086 0.661963
vt 0.840126 0.634497
vt 0.676174 0.341748
vt 0.671266 0.341748
vt 0.660160 0.341748
vt 0.639976 0.341748
vt 0.639976 0.314273
vt 0.639976 0.299154
vt 0.639976 0.292474
vt 0.639976 0.290314
vt 0.660150 0.290331
vt 0.671190 0.290452
vt 0.675924 0.290749
vt 0.677441 0.292814
vt 0.677170 0.291118
vt 0.840404 0.619444
vt 0.841148 0.612922
vt 0.609313 0.314273
vt 0.572672 0.314273
vt 0.572672 0.299154
vt 0.609313 0.299154
vt 0.536031 0.314273
vt 0.536031 0.299154
vt 0.572672 0.292474
vt 0.609313 0.292474
vt 0.536031 0.292474
vt 0.609313 0.341748
vt 0.572672 0.341748
vt 0.536031 0.341748
vt 0.536031 0.290314
vt 0.572672 0.290314
vt 0.609313 0.290314
vt 0.676167 0.611752
vt 0.671264 0.611746
vt 0.671247 0.596650
vt 0.676116 0.596699
vt 0.660160 0.611743
vt 0.660157 0.596627
vt 0.671211 0.590023
vt 0.676003 0.590177
vt 0.660153 0.589954
vt 0.879849 0.845198
vt 0.881536 0.845198
vt 0.881496 0.872664
vt 0.879818 0.872660
vt 0.676174 0.639218
vt 0.671266 0.639218
vt 0.660160 0.639218
vt 0.639976 0.639218
vt 0.639976 0.611743
vt 0.639976 0.596624
vt 0.639976 0.589944
vt 0.639976 0.587784
vt 0.660150 0.587801
vt 0.671190 0.587922
vt 0.675924 0.588219
vt 0.677441 0.590284
vt 0.677170 0.588588
vt 0.879600 0.887688
vt 0.881218 0.887717
vt 0.880474 0.894239
vt 0.879060 0.894132
vt 0.609313 0.611743
vt 0.572672 0.611743
vt 0.572672 0.596624
vt 0.609313 0.596624
vt 0.536031 0.611743
vt 0.536031 0.596624
vt 0.572672 0.589944
vt 0.609313 0.589944
vt 0.536031 0.589944
vt 0.609313 0.639218
vt 0.572672 0.639218
vt 0.536031 0.639218
vt 0.536031 0.587784
vt 0.572672 0.587784
vt 0.609313 0.587784
vt 0.921188 0.213662
vt 0.918404 0.213713
vt 0.918404 0.208868
vt 0.921457 0.208862
vt 0.915620 0.213662
vt 0.915351 0.208862
vt 0.918404 0.197799
vt 0.921578 0.197810
vt 0.915231 0.197810
vt 0.922780 0.214886
vt 0.921000 0.215128
vt 0.923449 0.213624
vt 0.918404 0.215250
vt 0.915808 0.215128
vt 0.914028 0.214886
vt 0.913359 0.213624
vt 0.912819 0.208881
vt 0.912601 0.197847
vt 0.912570 0.177692
vt 0.915213 0.177652
vt 0.918404 0.177639
vt 0.921595 0.177652
vt 0.924207 0.197847
vt 0.924238 0.177692
vt 0.923989 0.208881
vt 0.921595 0.147019
vt 0.918404 0.147006
vt 0.918404 0.110401
vt 0.921595 0.110414
vt 0.915213 0.147019
vt 0.915213 0.110414
vt 0.918404 0.073796
vt 0.921595 0.073809
vt 0.915213 0.073809
vt 0.924238 0.147059
vt 0.912570 0.147059
vt 0.912570 0.110454
vt 0.912570 0.073850
vt 0.924238 0.073850
vt 0.924238 0.110454
vt 0.923423 0.498292
vt 0.920639 0.498344
vt 0.920639 0.493499
vt 0.923693 0.493493
vt 0.917855 0.498292
vt 0.917586 0.493493
vt 0.920639 0.482430
vt 0.923813 0.482440
vt 0.917466 0.482440
vt 0.925015 0.499516
vt 0.923236 0.499759
vt 0.925685 0.498255
vt 0.920639 0.499880
vt 0.918043 0.499759
vt 0.916264 0.499516
vt 0.915594 0.498255
vt 0.915055 0.493512
vt 0.914836 0.482478
vt 0.914805 0.462323
vt 0.917449 0.462283
vt 0.920639 0.462269
vt 0.923830 0.462283
vt 0.926443 0.482478
vt 0.926474 0.462323
vt 0.926224 0.493512
vt 0.923830 0.431650
vt 0.920639 0.431636
vt 0.920639 0.395032
vt 0.923830 0.395045
vt 0.917449 0.431650
vt 0.917449 0.395045
vt 0.920639 0.358427
vt 0.923830 0.358440
vt 0.917449 0.358440
vt 0.926474 0.431690
vt 0.914805 0.431690
vt 0.914805 0.395085
vt 0.914805 0.358480
vt 0.926474 0.358480
vt 0.926474 0.395085
vt 0.609313 0.871727
vt 0.572672 0.871727
vt 0.572672 0.865047
vt 0.609313 0.865047
vt 0.536031 0.871727
vt 0.536031 0.865047
vt 0.572672 0.849928
vt 0.609313 0.849928
vt 0.536031 0.849928
vt 0.639976 0.873887
vt 0.609313 0.873887
vt 0.639976 0.871727
vt 0.572672 0.873887
vt 0.536031 0.873887
vt 0.505368 0.873887
vt 0.505368 0.871727
vt 0.505368 0.865047
vt 0.505368 0.849928
vt 0.505368 0.822453
vt 0.536031 0.822453
vt 0.572672 0.822453
vt 0.609313 0.822453
vt 0.639976 0.849928
vt 0.639976 0.822453
vt 0.639976 0.865047
vt 0.609313 0.780713
vt 0.572672 0.780713
vt 0.572672 0.730836
vt 0.609313 0.730836
vt 0.536031 0.780713
vt 0.536031 0.730836
vt 0.572672 0.680958
vt 0.609313 0.680958
vt 0.536031 0.680958
vt 0.639976 0.780713
vt 0.505368 0.780713
vt 0.505368 0.730836
vt 0.505368 0.680958
vt 0.639976 0.680958
vt 0.639976 0.730836
vt 0.676003 0.871494
vt 0.671211 0.871648
vt 0.671247 0.865021
vt 0.676116 0.864972
vt 0.660153 0.871718
vt 0.660157 0.865044
vt 0.671264 0.849925
vt 0.676167 0.849919
vt 0.660159 0.849928
vt 0.677170 0.873084
vt 0.675924 0.873452
vt 0.677441 0.871387
vt 0.671190 0.873750
vt 0.660150 0.873870
vt 0.660160 0.822453
vt 0.671266 0.822453
vt 0.676174 0.822453
vt 0.881496 0.634497
vt 0.881536 0.661963
vt 0.881218 0.619444
vt 0.880474 0.612922
vt 0.676174 0.780713
vt 0.671266 0.780713
vt 0.671266 0.730836
vt 0.676174 0.730836
vt 0.660160 0.780713
vt 0.660160 0.730836
vt 0.671266 0.680958
vt 0.676174 0.680958
vt 0.660160 0.680958
vt 0.881536 0.703703
vt 0.879850 0.703703
vt 0.879849 0.803458
vt 0.881536 0.803458
vt 0.879849 0.753581
vt 0.881536 0.753581
vt 0.609313 0.574257
vt 0.572672 0.574257
vt 0.572672 0.567577
vt 0.609313 0.567577
vt 0.536031 0.574257
vt 0.536031 0.567577
vt 0.572672 0.552458
vt 0.609313 0.552458
vt 0.536031 0.552458
vt 0.639976 0.576417
vt 0.609313 0.576417
vt 0.639976 0.574257
vt 0.572672 0.576417
vt 0.536031 0.576417
vt 0.505368 0.576417
vt 0.505368 0.574257
vt 0.505368 0.567577
vt 0.505368 0.552458
vt 0.505368 0.524983
vt 0.536031 0.524983
vt 0.572672 0.524983
vt 0.609313 0.524983
vt 0.639976 0.552458
vt 0.639976 0.524983
vt 0.639976 0.567577
vt 0.609313 0.483243
vt 0.572672 0.483243
vt 0.572672 0.433366
vt 0.609313 0.433366
vt 0.536031 0.483243
vt 0.536031 0.433366
vt 0.572672 0.383488
vt 0.609313 0.383488
vt 0.536031 0.383488
vt 0.639976 0.483243
vt 0.505368 0.483243
vt 0.505368 0.433366
vt 0.505368 0.383488
vt 0.639976 0.383488
vt 0.639976 0.433366
vt 0.676003 0.574024
vt 0.671211 0.574178
vt 0.671247 0.567551
vt 0.676116 0.567502
vt 0.660153 0.574248
vt 0.660157 0.567574
vt 0.671264 0.552455
vt 0.676167 0.552449
vt 0.660159 0.552458
vt 0.677170 0.575614
vt 0.675924 0.575983
vt 0.677441 0.573917
vt 0.671190 0.576280
vt 0.660150 0.576400
vt 0.660160 0.524983
vt 0.671266 0.524983
vt 0.676174 0.524983
vt 0.841804 0.872660
vt 0.840126 0.872664
vt 0.840086 0.845198
vt 0.841772 0.845198
vt 0.842022 0.887688
vt 0.840404 0.887717
vt 0.842561 0.894132
vt 0.841148 0.894239
vt 0.676174 0.483243
vt 0.671266 0.483243
vt 0.671266 0.433366
vt 0.676174 0.433366
vt 0.660160 0.483243
vt 0.660160 0.433366
vt 0.671266 0.383488
vt 0.676174 0.383488
vt 0.660160 0.383488
vt 0.840086 0.803458
vt 0.841772 0.803458
vt 0.841772 0.703703
vt 0.840086 0.703703
vt 0.841772 0.753581
vt 0.840086 0.753581
vt 0.485191 0.574248
vt 0.474133 0.574178
vt 0.474097 0.567551
vt 0.485187 0.567574
vt 0.469341 0.574024
vt 0.469228 0.567502
vt 0.474080 0.552455
vt 0.485185 0.552458
vt 0.469177 0.552449
vt 0.485194 0.576400
vt 0.474154 0.576280
vt 0.469420 0.575983
vt 0.468174 0.575614
vt 0.467903 0.573917
vt 0.867556 0.612922
vt 0.866812 0.619444
vt 0.866534 0.634497
vt 0.866494 0.661963
vt 0.469170 0.524983
vt 0.474078 0.524983
vt 0.485184 0.524983
vt 0.485184 0.483243
vt 0.474078 0.483243
vt 0.474078 0.433366
vt 0.485184 0.433366
vt 0.469170 0.483243
vt 0.469170 0.433366
vt 0.474078 0.383488
vt 0.485184 0.383488
vt 0.469170 0.383488
vt 0.868181 0.703703
vt 0.866494 0.703703
vt 0.868181 0.753581
vt 0.866494 0.753581
vt 0.868181 0.803458
vt 0.866494 0.803458
vt 0.485191 0.871718
vt 0.474133 0.871648
vt 0.474097 0.865021
vt 0.485187 0.865044
vt 0.469341 0.871494
vt 0.469228 0.864972
vt 0.474080 0.849925
vt 0.485185 0.849928
vt 0.469177 0.849919
vt 0.485194 0.873870
vt 0.474154 0.873750
vt 0.469420 0.873452
vt 0.468174 0.873084
vt 0.467903 0.871387
vt 0.854066 0.894239
vt 0.852652 0.894132
vt 0.853191 0.887688
vt 0.854809 0.887717
vt 0.853410 0.872660
vt 0.855088 0.872664
vt 0.853441 0.845198
vt 0.855128 0.845198
vt 0.469170 0.822453
vt 0.474078 0.822453
vt 0.485184 0.822453
vt 0.485184 0.780713
vt 0.474078 0.780713
vt 0.474078 0.730836
vt 0.485184 0.730836
vt 0.469170 0.780713
vt 0.469170 0.730836
vt 0.474078 0.680958
vt 0.485184 0.680958
vt 0.469170 0.680958
vt 0.853441 0.803458
vt 0.855128 0.803458
vt 0.853441 0.753581
vt 0.855128 0.753581
vt 0.853441 0.703703
vt 0.855128 0.703703
vt 0.850391 0.894229
vt 0.847607 0.894314
vt 0.847607 0.887740
vt 0.850660 0.887714
vt 0.844823 0.894229
vt 0.844554 0.887714
vt 0.847607 0.872667
vt 0.850780 0.872663
vt 0.844433 0.872663
vt 0.851983 0.895829
vt 0.850203 0.896180
vt 0.847607 0.896357
vt 0.845011 0.896180
vt 0.843231 0.895829
vt 0.844416 0.845198
vt 0.847607 0.845198
vt 0.850797 0.845198
vt 0.850797 0.803458
vt 0.847607 0.803458
vt 0.847607 0.753581
vt 0.850797 0.753581
vt 0.844416 0.803458
vt 0.844416 0.753581
vt 0.847607 0.703703
vt 0.850797 0.703703
vt 0.844416 0.703703
vt 0.876799 0.894229
vt 0.874015 0.894314
vt 0.874015 0.887740
vt 0.877068 0.887714
vt 0.871231 0.894229
vt 0.870962 0.887714
vt 0.874015 0.872667
vt 0.877189 0.872663
vt 0.870842 0.872663
vt 0.878391 0.895829
vt 0.876611 0.896180
vt 0.874015 0.896357
vt 0.871419 0.896180
vt 0.869639 0.895829
vt 0.870824 0.845198
vt 0.874015 0.845198
vt 0.877206 0.845198
vt 0.877206 0.803458
vt 0.874015 0.803458
vt 0.874015 0.753581
vt 0.877206 0.753581
vt 0.870824 0.803458
vt 0.870824 0.753581
vt 0.874015 0.703703
vt 0.877206 0.703703
vt 0.870824 0.703703
s 1
usemtl bed
f 481/707/201 482/708/202 485/709/205 484/710/204
f 482/708/202 483/711/203 486/712/206 485/709/205
f 484/710/204 485/709/205 488/713/208 487/714/207
f 485/709/205 486/712/206 489/715/209 488/713/208
f 285/716/37 480/717/200 481/707/201 387/718/131
f 480/717/200 479/719/199 482/708/202 481/707/201
f 479/719/199 478/720/198 483/711/203 482/708/202
f 478/720/198 288/721/40 307/722/59 483/711/203
f 483/711/203 307/722/59 308/723/60 486/712/206
f 486/712/206 308/723/60 309/724/61 489/715/209
f 489/715/209 309/724/61 272/725/24 310/726/62
f 488/713/208 489/715/209 310/726/62 311/727/63
f 487/714/207 488/713/208 311/727/63 312/728/64
f 385/729/129 487/714/207 312/728/64 271/730/23
f 386/731/130 484/710/204 487/714/207 385/729/129
f 387/718/131 481/707/201 484/710/204 386/731/130
f 490/732/210 491/733/211 494/734/214 493/735/213
f 491/733/211 492/736/212 495/737/215 494/734/214
f 493/735/213 494/734/214 497/738/217 496/739/216
f 494/734/214 495/737/215 498/740/218 497/738/217
f 277/741/29 384/742/128 490/732/210 339/743/91
f 384/742/128 383/744/127 491/733/211 490/732/210
f 383/744/127 382/745/126 492/736/212 491/733/211
f 382/745/126 280/746/32 316/747/68 492/736/212
f 492/736/212 316/747/68 317/748/69 495/737/215
f 495/737/215 317/748/69 318/749/70 498/740/218
f 498/740/218 318/749/70 276/750/28 319/751/71
f 497/738/217 498/740/218 319/751/71 320/752/72
f 496/739/216 497/738/217 320/752/72 321/753/73
f 337/754/89 496/739/216 321/753/73 275/755/27
f 338/756/90 493/735/213 496/739/216 337/754/89
f 339/743/91 490/732/210 493/735/213 338/756/90
f 499/757/219 500/758/220 503/759/223 502/760/222
f 500/758/220 501/761/221 504/762/224 503/759/223
f 502/760/222 503/759/223 506/763/226 505/764/225
f 503/759/223 504/762/224 507/765/227 506/763/226
f 289/766/41 474/767/194 499/757/219 399/768/139
f 474/767/194 473/769/193 500/758/220 499/757/219
f 473/769/193 472/770/192 501/761/221 500/758/220
f 472/770/192 292/771/44 325/772/77 501/761/221
f 501/761/221 325/772/77 326/773/78 504/762/224
f 504/762/224 326/773/78 327/774/79 507/765/227
f 507/765/227 327/774/79 274/775/26 328/776/80
f 506/763/226 507/765/227 328/776/80 329/777/81
f 505/764/225 506/763/226 329/777/81 330/778/82
f 397/779/137 505/764/225 330/778/82 273/780/25
f 398/781/138 502/760/222 505/764/225 397/779/137
f 399/768/139 499/757/219 502/760/222 398/781/138
f 508/782/228 509/783/229 512/784/232 511/785/231
f 509/783/229 510/786/230 513/787/233 512/784/232
f 511/785/231 512/784/232 515/788/235 514/789/234
f 512/784/232 513/787/233 516/790/236 515/788/235
f 281/791/33 378/792/122 508/782/228 351/793/99
f 378/792/122 377/794/121 509/783/229 508/782/228
f 377/794/121 376/795/120 510/786/230 509/783/229
f 376/795/120 284/796/36 334/797/86 510/786/230
f 510/786/230 334/797/86 335/798/87 513/787/233
f 513/787/233 335/798/87 336/799/88 516/790/236
f 516/790/236 336/799/88 270/800/22 306/801/58
f 515/788/235 516/790/236 306/801/58 305/802/57
f 514/789/234 515/788/235 305/802/57 304/803/56
f 349/804/97 514/789/234 304/803/56 269/805/21
f 350/806/98 511/785/231 514/789/234 349/804/97
f 351/793/99 508/782/228 511/785/231 350/806/98
f 517/807/237 518/808/238 521/809/241 520/810/240
f 518/808/238 519/811/239 522/812/242 521/809/241
f 520/810/240 521/809/241 524/813/244 523/814/243
f 521/809/241 522/812/242 525/815/245 524/813/244
f 300/816/52 468/817/188 517/807/237 370/818/114
f 468/817/188 467/819/187 518/808/238 517/807/237
f 467/819/187 466/820/186 519/811/239 518/808/238
f 466/821/186 289/766/41 399/768/139 519/822/239
f 519/822/239 399/768/139 398/781/138 522/823/242
f 522/823/242 398/781/138 397/779/137 525/824/245
f 525/815/245 397/825/137 273/826/25 333/827/85
f 524/813/244 525/815/245 333/827/85 332/828/84
f 523/814/243 524/813/244 332/828/84 331/829/83
f 372/830/116 523/814/243 331/829/83 282/831/34
f 371/832/115 520/810/240 523/814/243 372/830/116
f 370/818/114 517/807/237 520/810/240 371/832/115
f 526/833/246 527/834/247 530/835/250 529/836/249
f 527/834/247 528/837/248 531/838/251 530/835/250
f 529/836/249 530/835/250 533/839/253 532/840/252
f 530/835/250 531/838/251 534/841/254 533/839/253
f 296/842/48 462/843/182 526/833/246 364/844/108
f 462/843/182 461/845/181 527/834/247 526/833/246
f 461/845/181 460/846/180 528/837/248 527/834/247
f 460/847/180 287/848/39 393/849/135 528/850/248
f 528/850/248 393/849/135 392/851/134 531/852/251
f 531/852/251 392/851/134 391/853/133 534/854/254
f 534/841/254 391/855/133 270/856/22 336/857/88
f 533/839/253 534/841/254 336/857/88 335/858/87
f 532/840/252 533/839/253 335/858/87 334/859/86
f 366/860/110 532/840/252 334/859/86 284/861/36
f 365/862/109 529/836/249 532/840/252 366/860/110
f 364/844/108 526/833/246 529/836/249 365/862/109
f 535/863/255 536/864/256 539/865/259 538/866/258
f 536/864/256 537/867/257 540/868/260 539/865/259
f 538/866/258 539/865/259 542/869/262 541/870/261
f 539/865/259 540/868/260 543/871/263 542/869/262
f 292/771/44 456/872/176 535/873/255 325/772/77
f 456/874/176 455/875/175 536/864/256 535/863/255
f 455/875/175 454/876/174 537/867/257 536/864/256
f 454/876/174 294/877/46 361/878/105 537/867/257
f 537/867/257 361/878/105 362/879/106 540/868/260
f 540/868/260 362/879/106 363/880/107 543/871/263
f 543/871/263 363/880/107 283/881/35 357/882/103
f 542/869/262 543/871/263 357/882/103 356/883/102
f 541/870/261 542/869/262 356/883/102 355/884/101
f 327/885/79 541/870/261 355/884/101 274/886/26
f 326/773/78 538/887/258 541/888/261 327/774/79
f 325/772/77 535/873/255 538/887/258 326/773/78
f 544/889/264 545/890/264 548/891/265 547/892/265
f 545/890/264 546/893/264 549/894/265 548/891/265
f 547/892/265 548/891/265 551/895/266 550/896/266
f 548/891/265 549/894/265 552/897/266 551/895/266
f 294/877/46 450/898/170 544/889/264 361/878/105
f 450/898/170 449/899/170 545/890/264 544/889/264
f 449/899/170 448/900/170 546/893/264 545/890/264
f 448/900/170 296/842/48 364/844/108 546/893/264
f 546/893/264 364/844/108 365/862/109 549/894/265
f 549/894/265 365/862/109 366/860/110 552/897/266
f 552/897/266 366/860/110 284/861/36 360/901/104
f 551/895/266 552/897/266 360/901/104 359/902/104
f 550/896/266 551/895/266 359/902/104 358/903/104
f 363/880/107 550/896/266 358/903/104 283/881/35
f 362/879/106 547/892/265 550/896/266 363/880/107
f 361/878/105 544/889/264 547/892/265 362/879/106
f 553/904/267 554/905/268 557/906/271 556/907/270
f 554/905/268 555/908/269 558/909/272 557/906/271
f 556/907/270 557/906/271 560/910/274 559/911/273
f 557/906/271 558/909/272 561/912/275 560/910/274
f 286/913/38 444/914/168 553/915/267 301/916/53
f 444/917/168 443/918/167 554/905/268 553/904/267
f 443/918/167 442/919/166 555/908/269 554/905/268
f 442/919/166 298/920/50 367/921/111 555/908/269
f 555/908/269 367/921/111 368/922/112 558/909/272
f 558/909/272 368/922/112 369/923/113 561/912/275
f 561/912/275 369/923/113 281/924/33 351/925/99
f 560/910/274 561/912/275 351/925/99 350/926/98
f 559/911/273 560/910/274 350/926/98 349/927/97
f 303/928/55 559/911/273 349/927/97 269/929/21
f 302/930/54 556/931/270 559/932/273 303/933/55
f 301/916/53 553/915/267 556/931/270 302/930/54
f 562/934/276 563/935/276 566/936/277 565/937/277
f 563/935/276 564/938/276 567/939/277 566/936/277
f 565/937/277 566/936/277 569/940/278 568/941/278
f 566/936/277 567/939/277 570/942/278 569/940/278
f 298/920/50 438/943/162 562/934/276 367/921/111
f 438/943/162 437/944/162 563/935/276 562/934/276
f 437/944/162 436/945/162 564/938/276 563/935/276
f 436/945/162 300/816/52 370/818/114 564/938/276
f 564/938/276 370/818/114 371/832/115 567/939/277
f 567/939/277 371/832/115 372/830/116 570/942/278
f 570/942/278 372/830/116 282/831/34 354/946/100
f 569/940/278 570/942/278 354/946/100 353/947/100
f 568/941/278 569/940/278 353/947/100 352/948/100
f 369/923/113 568/941/278 352/948/100 281/924/33
f 368/922/112 565/937/277 568/941/278 369/923/113
f 367/921/111 562/934/276 565/937/277 368/922/112
f 571/949/279 572/950/280 575/951/283 574/952/282
f 572/950/280 573/953/281 576/954/284 575/951/283
f 574/952/282 575/951/283 578/955/286 577/956/285
f 575/951/283 576/954/284 579/957/287 578/955/286
f 273/958/25 330/959/82 571/949/279 333/960/85
f 330/959/82 329/961/81 572/950/280 571/949/279
f 329/961/81 328/962/80 573/953/281 572/950/280
f 328/962/80 274/963/26 355/964/101 573/953/281
f 573/953/281 355/964/101 356/965/102 576/954/284
f 576/954/284 356/965/102 357/966/103 579/957/287
f 579/957/287 357/966/103 283/967/35 373/968/117
f 578/955/286 579/957/287 373/968/117 374/969/118
f 577/956/285 578/955/286 374/969/118 375/970/119
f 331/971/83 577/956/285 375/970/119 282/972/34
f 332/973/84 574/952/282 577/956/285 331/971/83
f 333/960/85 571/949/279 574/952/282 332/973/84
f 580/974/288 581/975/289 584/976/289 583/977/288
f 581/975/289 582/978/290 585/979/290 584/976/289
f 583/977/288 584/976/289 587/980/289 586/981/288
f 584/976/289 585/979/290 588/982/290 587/980/289
f 282/972/34 375/970/119 580/974/288 354/983/100
f 375/970/119 374/969/118 581/975/289 580/974/288
f 374/969/118 373/968/117 582/978/290 581/975/289
f 373/968/117 283/967/35 358/984/104 582/978/290
f 582/978/290 358/984/104 359/985/104 585/979/290
f 585/979/290 359/985/104 360/986/104 588/982/290
f 588/982/290 360/986/104 284/796/36 376/795/120
f 587/980/289 588/982/290 376/795/120 377/794/121
f 586/981/288 587/980/289 377/794/121 378/792/122
f 352/987/100 586/981/288 378/792/122 281/791/33
f 353/988/100 583/977/288 586/981/288 352/987/100
f 354/983/100 580/974/288 583/977/288 353/988/100
f 589/989/291 590/990/292 593/991/295 592/992/294
f 590/990/292 591/993/293 594/994/296 593/991/295
f 592/992/294 593/991/295 596/995/298 595/996/297
f 593/991/295 594/994/296 597/997/299 596/995/298
f 271/998/23 312/999/64 589/989/291 315/1000/67
f 312/999/64 311/1001/63 590/990/292 589/989/291
f 311/1001/63 310/1002/62 591/993/293 590/990/292
f 310/1002/62 272/1003/24 343/1004/93 591/993/293
f 591/993/293 343/1004/93 344/1005/94 594/994/296
f 594/994/296 344/1005/94 345/1006/95 597/997/299
f 597/997/299 345/1006/95 279/1007/31 379/1008/123
f 596/995/298 597/997/299 379/1008/123 380/1009/124
f 595/996/297 596/995/298 380/1009/124 381/1010/125
f 313/1011/65 595/996/297 381/1010/125 278/1012/30
f 314/1013/66 592/992/294 595/996/297 313/1011/65
f 315/1000/67 589/989/291 592/992/294 314/1013/66
f 598/1014/300 599/1015/301 602/1016/301 601/1017/300
f 599/1015/301 600/1018/302 603/1019/302 602/1016/301
f 601/1017/300 602/1016/301 605/1020/301 604/1021/300
f 602/1016/301 603/1019/302 606/1022/302 605/1020/301
f 278/1012/30 381/1010/125 598/1014/300 342/1023/92
f 381/1010/125 380/1009/124 599/1015/301 598/1014/300
f 380/1009/124 379/1008/123 600/1018/302 599/1015/301
f 379/1008/123 279/1007/31 346/1024/96 600/1018/302
f 600/1018/302 346/1024/96 347/1025/96 603/1019/302
f 603/1019/302 347/1025/96 348/1026/96 606/1022/302
f 606/1022/302 348/1026/96 280/746/32 382/745/126
f 605/1020/301 606/1022/302 382/745/126 383/744/127
f 604/1021/300 605/1020/301 383/744/127 384/742/128
f 340/1027/92 604/1021/300 384/742/128 277/741/29
f 341/1028/92 601/1017/300 604/1021/300 340/1027/92
f 342/1023/92 598/1014/300 601/1017/300 341/1028/92
f 607/1029/303 608/1030/303 611/1031/304 610/1032/304
f 608/1030/303 609/1033/303 612/1034/304 611/1031/304
f 610/1032/304 611/1031/304 614/1035/305 613/1036/305
f 611/1031/304 612/1034/304 615/1037/305 614/1035/305
f 278/1038/30 342/1039/92 607/1029/303 421/1040/153
f 342/1039/92 341/1041/92 608/1030/303 607/1029/303
f 341/1041/92 340/1042/92 609/1033/303 608/1030/303
f 340/1042/92 277/1043/29 427/1044/157 609/1033/303
f 609/1033/303 427/1044/157 428/1045/158 612/1034/304
f 612/1034/304 428/1045/158 429/1046/159 615/1037/305
f 615/1037/305 429/1046/159 299/1047/51 433/1048/161
f 614/1035/305 615/1037/305 433/1048/161 434/1049/161
f 613/1036/305 614/1035/305 434/1049/161 435/1050/161
f 423/1051/155 613/1036/305 435/1050/161 297/1052/49
f 422/1053/154 610/1032/304 613/1036/305 423/1051/155
f 421/1040/153 607/1029/303 610/1032/304 422/1053/154
f 616/1054/306 617/1055/306 620/1056/306 619/1057/306
f 617/1055/306 618/1058/306 621/1059/306 620/1056/306
f 619/1057/306 620/1056/306 623/1060/306 622/1061/306
f 620/1056/306 621/1059/306 624/1062/306 623/1060/306
f 297/1052/49 435/1050/161 616/1054/306 424/1063/156
f 435/1050/161 434/1049/161 617/1055/306 616/1054/306
f 434/1049/161 433/1048/161 618/1058/306 617/1055/306
f 433/1048/161 299/1047/51 430/1064/160 618/1058/306
f 618/1058/306 430/1064/160 431/1065/160 621/1059/306
f 621/1059/306 431/1065/160 432/1066/160 624/1062/306
f 624/1062/306 432/1066/160 300/816/52 436/945/162
f 623/1060/306 624/1062/306 436/945/162 437/944/162
f 622/1061/306 623/1060/306 437/944/162 438/943/162
f 426/1067/156 622/1061/306 438/943/162 298/920/50
f 425/1068/156 619/1057/306 622/1061/306 426/1067/156
f 424/1063/156 616/1054/306 619/1057/306 425/1068/156
f 625/1069/307 626/1070/308 629/1071/311 628/1072/310
f 626/1070/308 627/1073/309 630/1074/312 629/1071/311
f 628/1072/310 629/1071/311 632/1075/314 631/1076/313
f 629/1071/311 630/1074/312 633/1077/315 632/1075/314
f 271/1078/23 315/1079/67 625/1069/307 385/1080/129
f 315/1079/67 314/1081/66 626/1070/308 625/1069/307
f 314/1081/66 313/1082/65 627/1073/309 626/1070/308
f 313/1082/65 278/1038/30 421/1040/153 627/1073/309
f 627/1073/309 421/1040/153 422/1053/154 630/1074/312
f 630/1074/312 422/1053/154 423/1051/155 633/1077/315
f 633/1077/315 423/1051/155 297/1052/49 439/1083/163
f 632/1075/314 633/1077/315 439/1083/163 440/1084/164
f 631/1076/313 632/1075/314 440/1084/164 441/1085/165
f 387/718/131 631/1086/313 441/1087/165 285/716/37
f 386/731/130 628/1088/310 631/1086/313 387/718/131
f 385/729/129 625/1089/307 628/1088/310 386/731/130
f 634/1090/316 635/1091/317 638/1092/317 637/1093/316
f 635/1091/317 636/1094/318 639/1095/318 638/1092/317
f 637/1093/316 638/1092/317 641/1096/317 640/1097/316
f 638/1092/317 639/1095/318 642/1098/318 641/1096/317
f 285/716/37 441/1087/165 634/1099/316 388/1100/132
f 441/1085/165 440/1084/164 635/1091/317 634/1090/316
f 440/1084/164 439/1083/163 636/1094/318 635/1091/317
f 439/1083/163 297/1052/49 424/1063/156 636/1094/318
f 636/1094/318 424/1063/156 425/1068/156 639/1095/318
f 639/1095/318 425/1068/156 426/1067/156 642/1098/318
f 642/1098/318 426/1067/156 298/920/50 442/919/166
f 641/1096/317 642/1098/318 442/919/166 443/918/167
f 640/1097/316 641/1096/317 443/918/167 444/917/168
f 390/1101/132 640/1102/316 444/914/168 286/913/38
f 389/1103/132 637/1104/316 640/1102/316 390/1101/132
f 388/1100/132 634/1099/316 637/1104/316 389/1103/132
f 643/1105/319 644/1106/319 647/1107/320 646/1108/320
f 644/1106/319 645/1109/319 648/1110/320 647/1107/320
f 646/1108/320 647/1107/320 650/1111/321 649/1112/321
f 647/1107/320 648/1110/320 651/1113/321 650/1111/321
f 280/1114/32 348/1115/96 643/1105/319 409/1116/145
f 348/1115/96 347/1117/96 644/1106/319 643/1105/319
f 347/1117/96 346/1118/96 645/1109/319 644/1106/319
f 346/1118/96 279/1119/31 415/1120/149 645/1109/319
f 645/1109/319 415/1120/149 416/1121/150 648/1110/320
f 648/1110/320 416/1121/150 417/1122/151 651/1113/321
f 651/1113/321 417/1122/151 295/1123/47 445/1124/169
f 650/1111/321 651/1113/321 445/1124/169 446/1125/169
f 649/1112/321 650/1111/321 446/1125/169 447/1126/169
f 411/1127/147 649/1112/321 447/1126/169 293/1128/45
f 410/1129/146 646/1108/320 649/1112/321 411/1127/147
f 409/1116/145 643/1105/319 646/1108/320 410/1129/146
f 652/1130/322 653/1131/322 656/1132/322 655/1133/322
f 653/1131/322 654/1134/322 657/1135/322 656/1132/322
f 655/1133/322 656/1132/322 659/1136/322 658/1137/322
f 656/1132/322 657/1135/322 660/1138/322 659/1136/322
f 293/1128/45 447/1126/169 652/1130/322 412/1139/148
f 447/1126/169 446/1125/169 653/1131/322 652/1130/322
f 446/1125/169 445/1124/169 654/1134/322 653/1131/322
f 445/1124/169 295/1123/47 418/1140/152 654/1134/322
f 654/1134/322 418/1140/152 419/1141/152 657/1135/322
f 657/1135/322 419/1141/152 420/1142/152 660/1138/322
f 660/1138/322 420/1142/152 296/842/48 448/900/170
f 659/1136/322 660/1138/322 448/900/170 449/899/170
f 658/1137/322 659/1136/322 449/899/170 450/898/170
f 414/1143/148 658/1137/322 450/898/170 294/877/46
f 413/1144/148 655/1133/322 658/1137/322 414/1143/148
f 412/1139/148 652/1130/322 655/1133/322 413/1144/148
f 661/1145/323 662/1146/324 665/1147/327 664/1148/326
f 662/1146/324 663/1149/325 666/1150/328 665/1147/327
f 664/1148/326 665/1147/327 668/1151/330 667/1152/329
f 665/1147/327 666/1150/328 669/1153/331 668/1151/330
f 276/1154/28 318/1155/70 661/1145/323 403/1156/141
f 318/1155/70 317/1157/69 662/1146/324 661/1145/323
f 317/1157/69 316/1158/68 663/1149/325 662/1146/324
f 316/1158/68 280/1114/32 409/1116/145 663/1149/325
f 663/1149/325 409/1116/145 410/1129/146 666/1150/328
f 666/1150/328 410/1129/146 411/1127/147 669/1153/331
f 669/1153/331 411/1127/147 293/1128/45 451/1159/171
f 668/1151/330 669/1153/331 451/1159/171 452/1160/172
f 667/1152/329 668/1151/330 452/1160/172 453/1161/173
f 405/1162/143 667/1163/329 453/1164/173 291/1165/43
f 404/1166/142 664/1167/326 667/1163/329 405/1162/143
f 403/1168/141 661/1169/323 664/1167/326 404/1166/142
f 670/1170/332 671/1171/333 674/1172/333 673/1173/332
f 671/1171/333 672/1174/334 675/1175/334 674/1172/333
f 673/1173/332 674/1172/333 677/1176/333 676/1177/332
f 674/1172/333 675/1175/334 678/1178/334 677/1176/333
f 291/1165/43 453/1164/173 670/1179/332 406/1180/144
f 453/1161/173 452/1160/172 671/1171/333 670/1170/332
f 452/1160/172 451/1159/171 672/1174/334 671/1171/333
f 451/1159/171 293/1128/45 412/1139/148 672/1174/334
f 672/1174/334 412/1139/148 413/1144/148 675/1175/334
f 675/1175/334 413/1144/148 414/1143/148 678/1178/334
f 678/1178/334 414/1143/148 294/877/46 454/876/174
f 677/1176/333 678/1178/334 454/876/174 455/875/175
f 676/1177/332 677/1176/333 455/875/175 456/874/176
f 408/1181/144 676/1182/332 456/872/176 292/771/44
f 407/1183/144 673/1184/332 676/1182/332 408/1181/144
f 406/1180/144 670/1179/332 673/1184/332 407/1183/144
f 679/1185/335 680/1186/336 683/1187/339 682/1188/338
f 680/1186/336 681/1189/337 684/1190/340 683/1187/339
f 682/1188/338 683/1187/339 686/1191/342 685/1192/341
f 683/1187/339 684/1190/340 687/1193/343 686/1191/342
f 279/1119/31 345/1194/95 679/1185/335 415/1120/149
f 345/1194/95 344/1195/94 680/1186/336 679/1185/335
f 344/1195/94 343/1196/93 681/1189/337 680/1186/336
f 343/1196/93 272/1197/24 309/1198/61 681/1189/337
f 681/1199/337 309/724/61 308/723/60 684/1200/340
f 684/1200/340 308/723/60 307/722/59 687/1201/343
f 687/1201/343 307/722/59 288/721/40 457/1202/177
f 686/1191/342 687/1193/343 457/1203/177 458/1204/178
f 685/1192/341 686/1191/342 458/1204/178 459/1205/179
f 417/1122/151 685/1192/341 459/1205/179 295/1123/47
f 416/1121/150 682/1188/338 685/1192/341 417/1122/151
f 415/1120/149 679/1185/335 682/1188/338 416/1121/150
f 688/1206/344 689/1207/345 692/1208/345 691/1209/344
f 689/1207/345 690/1210/346 693/1211/346 692/1208/345
f 691/1209/344 692/1208/345 695/1212/345 694/1213/344
f 692/1208/345 693/1211/346 696/1214/346 695/1212/345
f 295/1123/47 459/1205/179 688/1206/344 418/1140/152
f 459/1205/179 458/1204/178 689/1207/345 688/1206/344
f 458/1204/178 457/1203/177 690/1210/346 689/1207/345
f 457/1202/177 288/721/40 396/1215/136 690/1216/346
f 690/1216/346 396/1215/136 395/1217/136 693/1218/346
f 693/1218/346 395/1217/136 394/1219/136 696/1220/346
f 696/1220/346 394/1219/136 287/848/39 460/847/180
f 695/1212/345 696/1214/346 460/846/180 461/845/181
f 694/1213/344 695/1212/345 461/845/181 462/843/182
f 420/1142/152 694/1213/344 462/843/182 296/842/48
f 419/1141/152 691/1209/344 694/1213/344 420/1142/152
f 418/1140/152 688/1206/344 691/1209/344 419/1141/152
f 697/1221/347 698/1222/348 701/1223/351 700/1224/350
f 698/1222/348 699/1225/349 702/1226/352 701/1223/351
f 700/1224/350 701/1223/351 704/1227/354 703/1228/353
f 701/1223/351 702/1226/352 705/1229/355 704/1227/354
f 277/1043/29 339/1230/91 697/1221/347 427/1044/157
f 339/1230/91 338/1231/90 698/1222/348 697/1221/347
f 338/1231/90 337/1232/89 699/1225/349 698/1222/348
f 337/1232/89 275/1233/27 324/1234/76 699/1225/349
f 699/1235/349 324/1236/76 323/1237/75 702/1238/352
f 702/1238/352 323/1237/75 322/1239/74 705/1240/355
f 705/1240/355 322/1239/74 290/1241/42 463/1242/183
f 704/1227/354 705/1229/355 463/1243/183 464/1244/184
f 703/1228/353 704/1227/354 464/1244/184 465/1245/185
f 429/1046/159 703/1228/353 465/1245/185 299/1047/51
f 428/1045/158 700/1224/350 703/1228/353 429/1046/159
f 427/1044/157 697/1221/347 700/1224/350 428/1045/158
f 706/1246/356 707/1247/357 710/1248/357 709/1249/356
f 707/1247/357 708/1250/358 711/1251/358 710/1248/357
f 709/1249/356 710/1248/357 713/1252/357 712/1253/356
f 710/1248/357 711/1251/358 714/1254/358 713/1252/357
f 299/1047/51 465/1245/185 706/1246/356 430/1064/160
f 465/1245/185 464/1244/184 707/1247/357 706/1246/356
f 464/1244/184 463/1243/183 708/1250/358 707/1247/357
f 463/1242/183 290/1241/42 402/1255/140 708/1256/358
f 708/1256/358 402/1255/140 401/1257/140 711/1258/358
f 711/1258/358 401/1257/140 400/1259/140 714/1260/358
f 714/1260/358 400/1259/140 289/766/41 466/821/186
f 713/1252/357 714/1254/358 466/820/186 467/819/187
f 712/1253/356 713/1252/357 467/819/187 468/817/188
f 432/1066/160 712/1253/356 468/817/188 300/816/52
f 431/1065/160 709/1249/356 712/1253/356 432/1066/160
f 430/1064/160 706/1246/356 709/1249/356 431/1065/160
f 715/1261/359 716/1262/360 719/1263/363 718/1264/362
f 716/1262/360 717/1265/361 720/1266/364 719/1263/363
f 718/1264/362 719/1263/363 722/1267/366 721/1268/365
f 719/1263/363 720/1266/364 723/1269/367 722/1267/366
f 275/1270/27 321/1271/73 715/1261/359 324/1236/76
f 321/1271/73 320/1272/72 716/1262/360 715/1261/359
f 320/1272/72 319/1273/71 717/1265/361 716/1262/360
f 319/1273/71 276/1274/28 403/1168/141 717/1265/361
f 717/1265/361 403/1168/141 404/1166/142 720/1266/364
f 720/1266/364 404/1166/142 405/1162/143 723/1269/367
f 723/1269/367 405/1162/143 291/1165/43 469/1275/189
f 722/1267/366 723/1269/367 469/1275/189 470/1276/190
f 721/1268/365 722/1267/366 470/1276/190 471/1277/191
f 322/1239/74 721/1268/365 471/1277/191 290/1241/42
f 323/1237/75 718/1264/362 721/1268/365 322/1239/74
f 324/1236/76 715/1261/359 718/1264/362 323/1237/75
f 724/1278/368 725/1279/369 728/1280/369 727/1281/368
f 725/1279/369 726/1282/370 729/1283/370 728/1280/369
f 727/1281/368 728/1280/369 731/1284/369 730/1285/368
f 728/1280/369 729/1283/370 732/1286/370 731/1284/369
f 290/1241/42 471/1277/191 724/1278/368 402/1255/140
f 471/1277/191 470/1276/190 725/1279/369 724/1278/368
f 470/1276/190 469/1275/189 726/1282/370 725/1279/369
f 469/1275/189 291/1165/43 406/1180/144 726/1282/370
f 726/1282/370 406/1180/144 407/1183/144 729/1283/370
f 729/1283/370 407/1183/144 408/1181/144 732/1286/370
f 732/1286/370 408/1181/144 292/771/44 472/770/192
f 731/1284/369 732/1286/370 472/770/192 473/769/193
f 730/1285/368 731/1284/369 473/769/193 474/767/194
f 400/1259/140 730/1285/368 474/767/194 289/766/41
f 401/1257/140 727/1281/368 730/1285/368 400/1259/140
f 402/1255/140 724/1278/368 727/1281/368 401/1257/140
f 733/1287/371 734/1288/372 737/1289/375 736/1290/374
f 734/1288/372 735/1291/373 738/1292/376 737/1289/375
f 736/1290/374 737/1289/375 740/1293/378 739/1294/377
f 737/1289/375 738/1292/376 741/1295/379 740/1293/378
f 269/1296/21 304/1297/56 733/1287/371 303/933/55
f 304/1297/56 305/1298/57 734/1288/372 733/1287/371
f 305/1298/57 306/1299/58 735/1291/373 734/1288/372
f 306/1299/58 270/1300/22 391/853/133 735/1291/373
f 735/1291/373 391/853/133 392/851/134 738/1292/376
f 738/1292/376 392/851/134 393/849/135 741/1295/379
f 741/1295/379 393/849/135 287/848/39 475/1301/195
f 740/1293/378 741/1295/379 475/1301/195 476/1302/196
f 739/1294/377 740/1293/378 476/1302/196 477/1303/197
f 301/916/53 739/1294/377 477/1303/197 286/913/38
f 302/930/54 736/1290/374 739/1294/377 301/916/53
f 303/933/55 733/1287/371 736/1290/374 302/930/54
f 742/1304/380 743/1305/381 746/1306/381 745/1307/380
f 743/1305/381 744/1308/382 747/1309/382 746/1306/381
f 745/1307/380 746/1306/381 749/1310/381 748/1311/380
f 746/1306/381 747/1309/382 750/1312/382 749/1310/381
f 286/913/38 477/1303/197 742/1304/380 390/1101/132
f 477/1303/197 476/1302/196 743/1305/381 742/1304/380
f 476/1302/196 475/1301/195 744/1308/382 743/1305/381
f 475/1301/195 287/848/39 394/1219/136 744/1308/382
f 744/1308/382 394/1219/136 395/1217/136 747/1309/382
f 747/1309/382 395/1217/136 396/1215/136 750/1312/382
f 750/1312/382 396/1215/136 288/721/40 478/720/198
f 749/1310/381 750/1312/382 478/720/198 479/719/199
f 748/1311/380 749/1310/381 479/719/199 480/717/200
f 388/1100/132 748/1311/380 480/717/200 285/716/37
f 389/1103/132 745/1307/380 748/1311/380 388/1100/132
f 390/1101/132 742/1304/380 745/1307/380 389/1103/132
o pillow_1
v -0.724900 0.725528 -1.093355
v -0.041213 0.725547 -1.093352
v -0.715264 0.713051 -1.074316
v -0.687828 0.636687 -0.957075
v -0.686179 0.612615 -0.916704
v -0.688887 0.578721 -0.854806
v -0.679678 0.562952 -0.837055
v -0.693037 0.555564 -0.809391
v -0.695876 0.507818 -0.754341
v -0.715693 0.474280 -0.701509
v -0.692839 0.465487 -0.687768
v -0.627021 0.470510 -0.699784
v -0.499259 0.475691 -0.703804
v -0.464829 0.479806 -0.709581
v -0.430016 0.477043 -0.704608
v -0.332899 0.480266 -0.701800
v -0.299529 0.481662 -0.709662
v -0.265075 0.479412 -0.700507
v -0.157030 0.472941 -0.699661
v -0.098476 0.470290 -0.691230
v -0.073051 0.465669 -0.688021
v -0.050800 0.474248 -0.701409
v -0.088223 0.563066 -0.836599
v -0.079312 0.612636 -0.916550
v -0.086494 0.626627 -0.937087
v -0.077386 0.636840 -0.956971
v -0.069707 0.680700 -1.024047
v -0.058147 0.703541 -1.057976
v -0.050365 0.712971 -1.074242
v -0.073218 0.721774 -1.087979
v -0.137521 0.714820 -1.077734
v -0.300094 0.709105 -1.065618
v -0.332624 0.710789 -1.070455
v -0.496330 0.710973 -1.071265
v -0.618182 0.718356 -1.075801
v -0.699230 0.721318 -1.088172
v -0.696326 0.459708 -0.707886
v -0.693678 0.470350 -0.724146
v -0.677920 0.532790 -0.824913
v -0.671164 0.549329 -0.859743
v -0.676377 0.596235 -0.922255
v -0.672983 0.612701 -0.946655
v -0.676284 0.621808 -0.966336
v -0.692532 0.688890 -1.069569
v -0.696462 0.700961 -1.084986
v -0.665687 0.460245 -0.733532
v -0.667651 0.470370 -0.751355
v -0.654592 0.520182 -0.840760
v -0.657601 0.554924 -0.887940
v -0.656396 0.593441 -0.956030
v -0.658594 0.611224 -0.978211
v -0.665995 0.664081 -1.057026
v -0.665855 0.677844 -1.073828
v -0.633837 0.463271 -0.758608
v -0.637421 0.473985 -0.779143
v -0.631524 0.525995 -0.869239
v -0.630842 0.587270 -0.965966
v -0.634351 0.638769 -1.039753
v -0.669200 0.460904 -0.709253
v -0.608591 0.471091 -0.787910
v -0.597648 0.517915 -0.874145
v -0.605192 0.628026 -1.036855
v -0.669029 0.697796 -1.083566
v -0.580432 0.570073 -0.963120
v -0.636900 0.676227 -1.075531
v -0.636690 0.458869 -0.733230
v -0.601486 0.460151 -0.757567
v -0.547615 0.466579 -0.792629
v -0.626875 0.658485 -1.064838
v -0.502208 0.465189 -0.720386
v -0.552469 0.479315 -0.822024
v -0.547166 0.502722 -0.866076
v -0.514980 0.551175 -0.950028
v -0.542979 0.599975 -1.014072
v -0.504197 0.671119 -1.071836
v -0.496336 0.691337 -1.074177
v -0.468230 0.457821 -0.741984
v -0.536477 0.624101 -1.041475
v -0.466068 0.691428 -1.070594
v -0.457769 0.464111 -0.725949
v -0.466192 0.458534 -0.763771
v -0.443321 0.545756 -0.949734
v -0.451795 0.665100 -1.070742
v -0.431831 0.699585 -1.074035
v -0.472583 0.463354 -0.787514
v -0.464705 0.650673 -1.063686
v -0.380656 0.466129 -0.723052
v -0.402543 0.460077 -0.742959
v -0.428167 0.484257 -0.845221
v -0.422414 0.507704 -0.890133
v -0.425564 0.586228 -1.004682
v -0.382169 0.668900 -1.069470
v -0.384060 0.691072 -1.072665
v -0.393395 0.621193 -1.041615
v -0.306516 0.464171 -0.727420
v -0.372074 0.465447 -0.798748
v -0.303649 0.490099 -0.856017
v -0.345495 0.530217 -0.927230
v -0.345435 0.554538 -0.963397
v -0.312607 0.665646 -1.070530
v -0.308961 0.685877 -1.072658
v -0.299286 0.457511 -0.742216
v -0.298125 0.458419 -0.764840
v -0.284293 0.590682 -1.007666
v -0.303767 0.650286 -1.062860
v -0.237970 0.489490 -0.847192
v -0.251368 0.550919 -0.949549
v -0.259772 0.671199 -1.071614
v -0.265732 0.465169 -0.720913
v -0.217094 0.470736 -0.804407
v -0.203988 0.598783 -1.008842
v -0.212282 0.625629 -1.041709
v -0.268822 0.691777 -1.074373
v -0.164103 0.460020 -0.757894
v -0.177847 0.464738 -0.780436
v -0.173656 0.483467 -0.819296
v -0.179653 0.541929 -0.917511
v -0.159887 0.628590 -1.036831
v -0.169713 0.653966 -1.062802
v -0.129683 0.458814 -0.733722
v -0.123419 0.464950 -0.758891
v -0.135696 0.522671 -0.865937
v -0.135672 0.587422 -0.965437
v -0.124831 0.653387 -1.056224
v -0.129969 0.676324 -1.075474
v -0.096997 0.460880 -0.709547
v -0.100210 0.459964 -0.733592
v -0.098459 0.470140 -0.751328
v -0.111223 0.521050 -0.842565
v -0.108874 0.551911 -0.884022
v -0.109042 0.601417 -0.965298
v -0.100100 0.663958 -1.056567
v -0.100374 0.678015 -1.073596
v -0.097598 0.697816 -1.083589
v -0.069603 0.459499 -0.707928
v -0.072667 0.470254 -0.724299
v -0.088788 0.533391 -0.826396
v -0.096280 0.547857 -0.857817
v -0.089213 0.595402 -0.920016
v -0.092423 0.615958 -0.960336
v -0.073456 0.688770 -1.069311
v -0.069733 0.701083 -1.084810
v -0.715695 0.494589 -0.688518
v -0.731802 0.469848 -0.672236
v -0.041200 0.482018 -0.669375
v -0.041175 0.745359 -1.080635
v -0.693000 0.741887 -1.074735
v -0.715263 0.733320 -1.061349
v -0.697475 0.709392 -1.020189
v -0.690217 0.655869 -0.949221
v -0.688229 0.628346 -0.907589
v -0.687140 0.594956 -0.846509
v -0.679215 0.582164 -0.825835
v -0.691191 0.549369 -0.775084
v -0.702443 0.512186 -0.713108
v -0.692855 0.485791 -0.674769
v -0.660195 0.488475 -0.681031
v -0.604229 0.489658 -0.687603
v -0.502361 0.490318 -0.692636
v -0.432838 0.491166 -0.693950
v -0.334130 0.496924 -0.692763
v -0.298145 0.516185 -0.691878
v -0.268910 0.497463 -0.690948
v -0.093708 0.489483 -0.679046
v -0.066904 0.516264 -0.721501
v -0.078255 0.570434 -0.806704
v -0.093407 0.595523 -0.817025
v -0.080028 0.594182 -0.844192
v -0.086910 0.645190 -0.924242
v -0.069764 0.700866 -1.010600
v -0.050402 0.735891 -1.064270
v -0.073201 0.742075 -1.074976
v -0.106677 0.737690 -1.069639
v -0.160395 0.732037 -1.066208
v -0.268921 0.732377 -1.058285
v -0.301232 0.727747 -1.053173
v -0.334020 0.727232 -1.061651
v -0.433955 0.727334 -1.061036
v -0.608697 0.734597 -1.063049
v -0.696451 0.748064 -1.054831
v -0.696338 0.506481 -0.677947
v -0.693825 0.516706 -0.694410
v -0.677418 0.583138 -0.793651
v -0.671646 0.603456 -0.818113
v -0.673625 0.630411 -0.866338
v -0.669966 0.662329 -0.908778
v -0.676869 0.674390 -0.935661
v -0.693501 0.737269 -1.038507
v -0.665700 0.529550 -0.689164
v -0.667119 0.541544 -0.706056
v -0.657555 0.611136 -0.804344
v -0.654739 0.635217 -0.844505
v -0.657531 0.676565 -0.905795
v -0.666564 0.737124 -1.010885
v -0.665844 0.747600 -1.029166
v -0.633854 0.551063 -0.702403
v -0.637447 0.565261 -0.720746
v -0.631340 0.621327 -0.799574
v -0.630168 0.686643 -0.900330
v -0.637152 0.733985 -0.983692
v -0.669030 0.746691 -1.053111
v -0.669130 0.507342 -0.679646
v -0.637045 0.529705 -0.687401
v -0.599725 0.626172 -0.790932
v -0.607017 0.735582 -0.971012
v -0.637251 0.749111 -1.029683
v -0.591252 0.597385 -0.745880
v -0.584881 0.668559 -0.849154
v -0.574229 0.727097 -0.943160
v -0.632256 0.746612 -1.010111
v -0.601576 0.551409 -0.699149
v -0.593419 0.568552 -0.712626
v -0.546981 0.599831 -0.740194
v -0.500940 0.742072 -1.042380
v -0.503138 0.514888 -0.688190
v -0.515894 0.654723 -0.810445
v -0.528047 0.718095 -0.915607
v -0.494030 0.540014 -0.691880
v -0.547031 0.741563 -0.970726
v -0.491196 0.749530 -1.018593
v -0.453075 0.743199 -1.035276
v -0.449681 0.521617 -0.689640
v -0.456096 0.557711 -0.700102
v -0.477368 0.605276 -0.741197
v -0.445542 0.691185 -0.859050
v -0.463106 0.724990 -0.923086
v -0.462485 0.749574 -0.997816
v -0.382524 0.741299 -1.040090
v -0.412269 0.535635 -0.692122
v -0.456331 0.578725 -0.715387
v -0.423377 0.652147 -0.798135
v -0.384490 0.691236 -0.857218
v -0.357351 0.724532 -0.919934
v -0.419196 0.747375 -1.021968
v -0.340531 0.514697 -0.689613
v -0.387604 0.742395 -0.965118
v -0.300242 0.743490 -1.036365
v -0.302826 0.539719 -0.690536
v -0.341831 0.621442 -0.758153
v -0.323486 0.690436 -0.857780
v -0.295814 0.558453 -0.700215
v -0.312145 0.588772 -0.723554
v -0.292119 0.646244 -0.792987
v -0.270023 0.721295 -0.918222
v -0.296424 0.748833 -0.998303
v -0.263250 0.536333 -0.690837
v -0.255196 0.677328 -0.844005
v -0.286151 0.749121 -1.020686
v -0.268630 0.742519 -1.041599
v -0.269254 0.516622 -0.688460
v -0.229461 0.605129 -0.744846
v -0.212398 0.711877 -0.910726
v -0.220925 0.736519 -0.957523
v -0.169900 0.554086 -0.700035
v -0.181422 0.571620 -0.713539
v -0.178927 0.602944 -0.751720
v -0.180973 0.660379 -0.836709
v -0.165073 0.725778 -0.950968
v -0.181053 0.742759 -0.981691
v -0.130419 0.531788 -0.687471
v -0.125419 0.554367 -0.706186
v -0.132697 0.621864 -0.800548
v -0.133935 0.683751 -0.897391
v -0.131279 0.732737 -0.979678
v -0.139452 0.747476 -1.008377
v -0.131050 0.749656 -1.027946
v -0.097282 0.748108 -1.051534
v -0.096904 0.509668 -0.679127
v -0.100219 0.529711 -0.688919
v -0.099431 0.542788 -0.705109
v -0.107649 0.595834 -0.783671
v -0.113474 0.619788 -0.812786
v -0.112111 0.643379 -0.856803
v -0.113295 0.673001 -0.896901
v -0.107827 0.689871 -0.930847
v -0.099418 0.737963 -1.010105
v -0.100356 0.747310 -1.029209
v -0.069716 0.747845 -1.054854
v -0.069613 0.506594 -0.677759
v -0.073675 0.518763 -0.693238
v -0.089609 0.585588 -0.796905
v -0.091672 0.609666 -0.833761
v -0.095512 0.660962 -0.907531
v -0.089020 0.673033 -0.933947
v -0.073624 0.738878 -1.036974
v -0.068438 0.510326 -0.750926
v -0.707977 0.485912 -0.716225
v -0.466558 0.725938 -1.053081
v -0.075915 0.552683 -0.813600
v -0.500165 0.727389 -1.062669
v -0.077714 0.578857 -0.854575
v -0.077185 0.628862 -0.907954
v -0.667556 0.737257 -1.071521
v -0.730598 0.738320 -1.090895
v -0.075236 0.654901 -0.946951
v -0.466160 0.498151 -0.697340
v -0.705648 0.700542 -1.053181
v -0.697722 0.683607 -1.021305
v -0.068085 0.691505 -1.018358
v -0.677786 0.644444 -0.926171
v -0.034332 0.737684 -1.090495
v -0.148064 0.489178 -0.686998
v -0.265602 0.716559 -1.070375
v -0.035464 0.469233 -0.671861
v -0.060183 0.488043 -0.720872
v -0.697927 0.516163 -0.744550
vn -0.3312 -0.5636 -0.7568
vn 0.0531 -0.0103 -0.9985
vn -0.0092 -0.2839 -0.9588
vn 0.0927 0.3897 -0.9163
vn 0.0623 0.0335 -0.9975
vn 0.0161 -0.0458 -0.9988
vn 0.0623 0.3099 -0.9487
vn -0.0018 0.0318 -0.9995
vn -0.0602 0.0463 -0.9971
vn -0.0919 0.3187 -0.9434
vn 0.0144 -0.3001 -0.9538
vn -0.9367 -0.2011 -0.2866
vn -0.5686 -0.6852 -0.4552
vn -0.8887 -0.1179 -0.4431
vn -0.7785 -0.4665 -0.4199
vn -0.8705 -0.4259 -0.2468
vn -0.7900 -0.5015 -0.3527
vn -0.9408 -0.1575 -0.3001
vn -0.9698 -0.2440 0.0032
vn -0.7616 -0.5934 -0.2605
vn -0.9210 -0.3835 0.0681
vn -0.7647 -0.5407 -0.3506
vn -0.5054 -0.7209 -0.4741
vn -0.5592 -0.6949 -0.4521
vn -0.5637 -0.6972 -0.4428
vn -0.5568 -0.7010 -0.4456
vn -0.2150 -0.6258 -0.7498
vn -0.3716 -0.7426 -0.5571
vn -0.2680 -0.8531 -0.4477
vn -0.4062 -0.8051 -0.4322
vn -0.5577 -0.7069 -0.4351
vn -0.2812 -0.7698 -0.5729
vn -0.3261 -0.7889 -0.5208
vn -0.1142 -0.6458 -0.7549
vn -0.0473 -0.4790 -0.8766
vn -0.2156 -0.8349 -0.5063
vn -0.3524 -0.7899 -0.5020
vn -0.1842 -0.8164 -0.5473
vn -0.1629 -0.7613 -0.6276
vn -0.0484 -0.9974 -0.0541
vn 0.0508 -0.8854 0.4621
vn -0.0082 -0.9926 0.1212
vn -0.0878 -0.7790 -0.6208
vn -0.0430 -0.6818 -0.7303
vn 0.0898 -0.7342 0.6730
vn 0.1154 -0.6956 0.7091
vn -0.0861 -0.8277 -0.5545
vn 0.0117 -0.2450 -0.9695
vn -0.0108 -0.5205 -0.8538
vn 0.0175 -0.9880 0.1532
vn 0.0102 -0.8791 0.4766
vn -0.0173 -0.7655 -0.6432
vn 0.0019 -0.6661 -0.7459
vn 0.0094 -0.6791 0.7340
vn -0.0579 -0.7266 0.6846
vn -0.0010 -0.9931 -0.1170
vn 0.0055 -0.9838 0.1792
vn -0.0218 -0.9076 -0.4192
vn 0.0029 -0.9557 -0.2944
vn -0.0493 -0.9501 -0.3080
vn 0.0011 -0.8986 0.4387
vn -0.0159 -0.9641 -0.2652
vn 0.0064 -0.9901 -0.1404
vn -0.0380 -0.8270 -0.5609
vn 0.0205 -0.8106 -0.5853
vn 0.0256 -0.8464 -0.5319
vn 0.0922 -0.6570 0.7482
vn 0.0022 -0.2285 -0.9735
vn 0.0099 -0.5264 -0.8502
vn -0.0166 -0.9866 0.1620
vn -0.0263 -0.8668 -0.4980
vn 0.0334 -0.8915 -0.4518
vn 0.0383 -0.7656 -0.6421
vn -0.0106 -0.8689 0.4949
vn -0.0167 -0.6304 0.7761
vn 0.0613 -0.9287 -0.3657
vn -0.0625 -0.8678 0.4929
vn 0.0915 -0.9418 -0.3234
vn 0.0913 -0.8289 -0.5519
vn 0.0551 -0.6945 -0.7174
vn 0.0566 -0.9844 -0.1666
vn 0.1256 -0.7931 -0.5960
vn -0.0046 -0.2758 -0.9612
vn 0.0489 -0.5930 -0.8037
vn -0.0727 -0.7096 0.7009
vn -0.1333 -0.6368 0.7594
vn 0.0885 -0.8745 -0.4769
vn 0.1942 -0.8256 -0.5298
vn 0.1850 -0.8646 -0.4672
vn 0.0505 -0.4824 -0.8745
vn 0.0471 -0.9975 -0.0530
vn -0.0000 -0.9869 0.1611
vn 0.1723 -0.7588 -0.6281
vn 0.3428 -0.7927 -0.5040
vn 0.2087 -0.9037 -0.3737
vn 0.3293 -0.7897 -0.5177
vn 0.2139 -0.7271 -0.6524
vn -0.1618 -0.7386 0.6544
vn 0.5167 -0.7131 -0.4738
vn 0.4070 -0.8000 -0.4409
vn 0.5404 -0.7155 -0.4428
vn 0.2133 -0.6280 -0.7484
vn 0.7803 -0.5218 -0.3446
vn 0.7852 -0.4459 -0.4296
vn 0.5697 -0.6875 -0.4502
vn 0.7996 -0.4997 -0.3330
vn 0.7678 -0.5748 -0.2828
vn 0.5502 -0.7017 -0.4526
vn 0.3689 -0.7448 -0.5560
vn 0.5713 -0.6818 -0.4570
vn 0.9697 -0.0996 -0.2231
vn 0.8783 -0.1436 -0.4560
vn 0.9336 -0.3556 -0.0448
vn 0.9179 -0.3966 0.0093
vn -0.0030 0.9856 -0.1692
vn 0.0724 0.7099 -0.7005
vn 0.1523 0.7515 -0.6419
vn 0.0656 0.8867 -0.4577
vn -0.0195 0.8829 -0.4691
vn 0.0053 0.6713 -0.7411
vn 0.0593 0.6635 -0.7458
vn -0.0590 0.8922 -0.4479
vn -0.0633 0.6671 -0.7423
vn -0.1189 0.7106 -0.6934
vn -0.8847 0.4655 0.0259
vn -0.5451 0.7103 0.4453
vn -0.9204 0.3725 0.1187
vn -0.8085 0.5415 0.2303
vn -0.9814 0.0839 -0.1730
vn -0.9687 0.2061 0.1383
vn -0.7923 0.5259 0.3095
vn -0.9430 0.1930 0.2711
vn -0.7644 0.5453 0.3439
vn -0.9673 0.2483 -0.0516
vn -0.8040 0.4816 0.3489
vn -0.9858 0.1284 0.1082
vn -0.8047 0.4237 0.4160
vn -0.9249 0.1920 0.3282
vn -0.9551 0.0123 0.2960
vn -0.3882 0.7389 0.5508
vn -0.5415 0.7232 0.4287
vn -0.5559 0.7047 0.4408
vn -0.5475 0.6915 0.4713
vn -0.3876 0.8088 0.4423
vn -0.5415 0.7034 0.4606
vn 0.0648 -0.4068 0.9112
vn -0.0035 0.2757 0.9612
vn 0.1650 -0.2738 0.9475
vn -0.3315 0.7924 0.5121
vn -0.3152 0.8038 0.5046
vn -0.2200 0.8095 0.5444
vn -0.1708 0.8922 0.4181
vn -0.2880 0.8482 0.4445
vn 0.0538 -0.0285 0.9981
vn 0.0044 0.3116 0.9502
vn -0.0583 0.5911 0.8045
vn -0.0530 0.4428 0.8951
vn -0.1939 0.8279 0.5263
vn -0.1359 0.8796 0.4560
vn -0.1302 0.9509 0.2807
vn 0.0069 0.9917 -0.1285
vn -0.0444 0.9987 0.0255
vn -0.0930 0.8234 0.5597
vn -0.1800 0.7860 0.5914
vn -0.0848 0.8785 0.4701
vn -0.0502 0.9507 0.3062
vn 0.0008 0.9947 0.1023
vn -0.0055 -0.0243 0.9997
vn -0.0376 0.8587 0.5111
vn -0.0042 0.8858 -0.4641
vn 0.0040 0.2452 0.9695
vn -0.0245 0.9081 0.4180
vn 0.0014 0.9570 0.2900
vn 0.0051 0.9802 -0.1978
vn 0.0121 0.5300 0.8479
vn -0.0157 0.6457 0.7634
vn 0.0001 0.4948 0.8690
vn 0.0114 0.7674 0.6411
vn -0.0208 0.8115 0.5839
vn -0.0356 0.7434 0.6679
vn 0.0063 0.9927 0.1205
vn -0.0067 0.8963 -0.4433
vn 0.0087 -0.0565 0.9984
vn -0.0000 0.2464 0.9692
vn 0.0145 0.6774 0.7355
vn 0.0509 0.8132 0.5798
vn -0.0186 -0.1892 0.9818
vn 0.0870 -0.3352 0.9381
vn 0.0840 0.6961 0.7130
vn 0.0746 0.7685 0.6354
vn 0.0938 0.8408 0.5332
vn 0.0316 0.8563 0.5155
vn 0.0490 0.8933 0.4469
vn 0.0628 0.9260 0.3722
vn 0.0089 0.9082 0.4185
vn 0.0837 0.9425 0.3235
vn -0.0073 0.2533 0.9674
vn 0.0442 0.5723 0.8188
vn 0.1274 0.8636 0.4877
vn 0.1152 0.9542 0.2762
vn -0.0085 0.9884 -0.1513
vn -0.0901 -0.3912 0.9159
vn -0.0576 -0.0281 0.9979
vn -0.1472 -0.3276 0.9333
vn 0.1747 0.7939 0.5824
vn 0.1958 0.8247 0.5307
vn 0.1871 0.8647 0.4661
vn 0.0493 0.4811 0.8753
vn 0.2162 0.7276 0.6510
vn 0.3347 0.7873 0.5178
vn 0.3314 0.8002 0.4999
vn 0.2659 0.8483 0.4580
vn 0.0219 0.2664 0.9636
vn 0.2115 0.6232 0.7529
vn 0.5640 0.7075 0.4259
vn 0.5602 0.6980 0.4461
vn 0.5362 0.7065 0.4619
vn 0.3708 0.8178 0.4402
vn 0.2097 0.9444 0.2534
vn 0.0136 0.9907 -0.1354
vn 0.0471 0.9964 0.0706
vn -0.1636 -0.2226 0.9611
vn -0.0181 0.2959 0.9550
vn 0.6291 0.6372 0.4452
vn 0.3742 0.7448 0.5526
vn 0.7627 0.5961 0.2509
vn 0.5394 0.7182 0.4395
vn 0.7669 0.5104 0.3890
vn 0.7776 0.4617 0.4267
vn 0.5353 0.7172 0.4463
vn 0.8448 0.5308 -0.0678
vn 0.9226 0.3855 0.0151
vn 0.6667 0.7180 0.2000
vn 0.9416 0.1725 0.2892
vn 0.7709 0.4571 0.4435
vn 0.2815 0.9475 0.1518
vn 0.0332 -0.0091 0.9994
vn 0.2143 -0.4993 0.8395
vn -0.2301 -0.3816 0.8953
vn -0.2038 -0.1895 0.9605
vn 0.9691 0.2462 -0.0160
vn 0.9350 0.1552 0.3190
vn 0.9655 -0.2529 0.0622
vn 0.9038 -0.2217 0.3661
vn 0.8474 0.0813 0.5248
vn 0.9721 -0.2202 -0.0810
vn 0.9575 0.0469 0.2846
vn 0.9653 0.2136 0.1502
vn 0.9820 -0.1233 0.1429
vn -0.8905 -0.4501 0.0662
vn -0.1629 0.7419 -0.6504
vn -0.0857 0.8933 -0.4412
vn -0.2028 0.5373 -0.8187
vn -0.9722 -0.1753 -0.1549
vn 0.9122 0.3206 -0.2551
vn -0.0191 0.3974 -0.9174
vn -0.9856 0.0692 -0.1541
vn -0.0678 0.1838 -0.9806
vn -0.0922 0.6412 -0.7619
vn 0.7508 -0.5207 -0.4064
vn -0.1116 0.4066 -0.9068
vn -0.9680 -0.2501 0.0208
vn 0.8904 -0.4538 0.0360
vn -0.0784 -0.4043 0.9113
vn -0.7625 -0.6134 -0.2055
vn -0.9097 -0.3387 0.2401
vn 0.9526 -0.1865 -0.2404
vn 0.2342 0.2831 -0.9300
vn 0.2520 0.3692 -0.8945
vn 0.8592 -0.5056 0.0787
vn 0.7432 -0.6266 -0.2345
vn 0.1331 0.6291 -0.7659
vn 0.1504 0.3357 -0.9299
vn -0.3135 -0.6107 -0.7272
vn 0.0105 0.1676 -0.9858
vn 0.3087 -0.5590 -0.7696
vn -0.0849 0.1019 -0.9912
vn 0.0374 -0.8663 0.4982
vn -0.3279 -0.9429 -0.0581
vn -0.7455 -0.5193 -0.4178
vn -0.3218 -0.9306 -0.1743
vn -0.2124 -0.9462 -0.2440
vn -0.1627 -0.9338 -0.3188
vn -0.0628 -0.9785 -0.1962
vn -0.1656 -0.8953 -0.4135
vn -0.1005 -0.8923 -0.4401
vn -0.1154 -0.8596 -0.4978
vn 0.0070 -0.2761 -0.9611
vn -0.0137 -0.2995 -0.9540
vn 0.2117 -0.9464 -0.2438
vn 0.3201 -0.9334 -0.1624
vn -0.0386 -0.9147 0.4022
vn 0.3291 -0.9426 -0.0571
vn 0.9834 -0.1340 -0.1224
vn 0.9575 -0.0129 -0.2883
vn 0.2022 0.9707 0.1302
vn 0.0389 0.9145 -0.4026
vn -0.3287 0.9427 0.0566
vn -0.8252 0.4273 0.3693
vn -0.3140 0.9365 0.1559
vn 0.0322 0.6300 -0.7760
vn -0.8123 0.5398 0.2209
vn -0.3283 0.4475 0.8318
vn -0.3125 0.5402 0.7814
vn -0.2199 0.6235 0.7502
vn -0.2220 0.9411 0.2551
vn -0.1656 0.6826 0.7117
vn -0.2710 0.7589 0.5921
vn -0.0986 0.6946 0.7126
vn -0.0765 0.7545 0.6519
vn 0.1042 -0.4137 0.9044
vn 0.0260 -0.4088 0.9122
vn 0.0025 0.8588 0.5123
vn 0.2523 -0.5677 -0.7836
vn 0.5115 0.7153 0.4761
vn 0.8550 0.4429 0.2699
vn 0.7665 0.5302 0.3624
vn 0.9249 0.3703 -0.0864
vn -0.8997 0.2152 -0.3799
vn -0.1929 0.7049 -0.6826
vn -0.1939 0.3276 -0.9247
vn -0.8879 -0.4280 0.1689
vt 0.103471 0.722603
vt 0.105557 0.722180
vt 0.103244 0.726379
vt 0.106239 0.733333
vt 0.103391 0.750124
vt 0.103588 0.765550
vt 0.106065 0.772580
vt 0.103069 0.775876
vt 0.103654 0.781377
vt 0.106169 0.799366
vt 0.103818 0.804876
vt 0.740737 0.836061
vt 0.738203 0.830170
vt 0.740491 0.829816
vt 0.739280 0.846525
vt 0.741014 0.866183
vt 0.740595 0.862150
vt 0.742860 0.862252
vt 0.744513 0.878862
vt 0.740804 0.869011
vt 0.743117 0.868529
vt 0.045870 0.698196
vt 0.050238 0.695928
vt 0.051121 0.699115
vt 0.042202 0.696346
vt 0.035157 0.698917
vt 0.031475 0.696194
vt 0.738203 0.866541
vt 0.011253 0.701162
vt 0.011587 0.697507
vt 0.014553 0.697525
vt 0.060793 0.693563
vt 0.064267 0.697703
vt 0.027588 0.696498
vt 0.018435 0.693185
vt 0.030790 0.692694
vt 0.014068 0.692159
vt 0.008970 0.697935
vt 0.011508 0.693531
vt 0.046556 0.688126
vt 0.046520 0.692772
vt 0.032400 0.685778
vt 0.019570 0.689184
vt 0.067212 0.693446
vt 0.068201 0.674958
vt 0.069825 0.697897
vt 0.024287 0.680643
vt 0.019323 0.679749
vt 0.697489 0.837245
vt 0.699645 0.854349
vt 0.697171 0.854773
vt 0.035315 0.676791
vt 0.101246 0.749086
vt 0.101417 0.730843
vt 0.012299 0.675301
vt 0.014765 0.669884
vt 0.702139 0.858979
vt 0.700183 0.860442
vt 0.026384 0.664516
vt 0.019506 0.660094
vt 0.697138 0.859480
vt 0.697057 0.864279
vt 0.066261 0.670308
vt 0.063699 0.670041
vt 0.065972 0.661283
vt 0.052388 0.664848
vt 0.059141 0.657126
vt 0.059784 0.681239
vt 0.701937 0.867994
vt 0.699706 0.871036
vt 0.060605 0.670929
vt 0.063563 0.646951
vt 0.035746 0.666950
vt 0.033502 0.653504
vt 0.039489 0.653507
vt 0.696443 0.877618
vt 0.012722 0.658536
vt 0.014868 0.647774
vt 0.066236 0.647098
vt 0.045458 0.664068
vt 0.050691 0.647743
vt 0.025688 0.645106
vt 0.700242 0.881213
vt 0.696881 0.882180
vt 0.058074 0.635834
vt 0.702139 0.882183
vt 0.699614 0.886828
vt 0.061278 0.630432
vt 0.035356 0.640575
vt 0.019140 0.635209
vt 0.064226 0.628534
vt 0.024935 0.634068
vt 0.012287 0.641720
vt 0.014582 0.629354
vt 0.697055 0.901794
vt 0.696419 0.886939
vt 0.051744 0.638715
vt 0.039710 0.630709
vt 0.055399 0.629867
vt 0.101517 0.782663
vt 0.101941 0.800480
vt 0.068111 0.642470
vt 0.067095 0.623791
vt 0.069720 0.619285
vt 0.019473 0.628006
vt 0.047086 0.624653
vt 0.063736 0.622941
vt 0.030776 0.624665
vt 0.015377 0.623184
vt 0.011442 0.623886
vt 0.699170 0.910040
vt 0.696687 0.909862
vt 0.049895 0.621278
vt 0.064215 0.619504
vt 0.029740 0.620996
vt 0.008893 0.619429
vt 0.011528 0.619818
vt 0.046128 0.619216
vt 0.050829 0.618177
vt 0.042809 0.620959
vt 0.035402 0.618249
vt 0.029219 0.618700
vt 0.011212 0.616110
vt 0.014542 0.619780
vt 0.369173 0.829374
vt 0.366237 0.835298
vt 0.366806 0.830494
vt 0.368719 0.845155
vt 0.368132 0.866289
vt 0.364793 0.878687
vt 0.365398 0.867690
vt 0.111155 0.726318
vt 0.109076 0.734618
vt 0.108678 0.726519
vt 0.111609 0.749429
vt 0.112430 0.777002
vt 0.109350 0.776879
vt 0.108614 0.772366
vt 0.111953 0.781341
vt 0.108993 0.796203
vt 0.109524 0.781303
vt 0.743906 0.831243
vt 0.745736 0.829532
vt 0.744433 0.841268
vt 0.747399 0.845973
vt 0.742927 0.845696
vt 0.745168 0.849699
vt 0.748298 0.850320
vt 0.745302 0.852751
vt 0.748388 0.857706
vt 0.745337 0.862097
vt 0.749497 0.864866
vt 0.746145 0.865605
vt 0.749147 0.868640
vt 0.747699 0.880354
vt 0.745926 0.868733
vt 0.747903 0.619594
vt 0.734687 0.618168
vt 0.751095 0.615958
vt 0.750229 0.849542
vt 0.730350 0.618944
vt 0.724942 0.621231
vt 0.722773 0.618660
vt 0.751503 0.865741
vt 0.711496 0.618187
vt 0.698144 0.619549
vt 0.694943 0.615867
vt 0.694366 0.840366
vt 0.691762 0.831435
vt 0.694010 0.832697
vt 0.731374 0.620858
vt 0.731165 0.624439
vt 0.714668 0.624559
vt 0.714789 0.620820
vt 0.731798 0.628768
vt 0.702858 0.627705
vt 0.701517 0.623577
vt 0.691512 0.854199
vt 0.749602 0.643365
vt 0.747953 0.628577
vt 0.750929 0.623732
vt 0.721918 0.630776
vt 0.706701 0.632205
vt 0.697522 0.624246
vt 0.696278 0.643625
vt 0.695072 0.623569
vt 0.727402 0.640250
vt 0.739141 0.629950
vt 0.710542 0.638546
vt 0.702430 0.635936
vt 0.698672 0.647555
vt 0.690842 0.861524
vt 0.688938 0.855390
vt 0.719055 0.649887
vt 0.114279 0.750779
vt 0.112326 0.756010
vt 0.689429 0.866628
vt 0.709145 0.647461
vt 0.702966 0.657832
vt 0.113848 0.760670
vt 0.747209 0.670570
vt 0.744007 0.648495
vt 0.747330 0.648552
vt 0.735860 0.664183
vt 0.728988 0.652956
vt 0.739063 0.645579
vt 0.698616 0.670370
vt 0.111813 0.765700
vt 0.691592 0.876530
vt 0.688808 0.881656
vt 0.742272 0.668292
vt 0.729977 0.670994
vt 0.691585 0.882343
vt 0.693853 0.877437
vt 0.744656 0.686272
vt 0.738570 0.679638
vt 0.721759 0.676049
vt 0.719217 0.666655
vt 0.709919 0.673989
vt 0.704225 0.680735
vt 0.709510 0.661988
vt 0.700951 0.686218
vt 0.749919 0.675074
vt 0.747511 0.687875
vt 0.711464 0.681916
vt 0.697498 0.691943
vt 0.695998 0.671796
vt 0.694230 0.903023
vt 0.691262 0.886319
vt 0.693631 0.886399
vt 0.737918 0.686588
vt 0.723831 0.686269
vt 0.705760 0.688421
vt 0.750601 0.693327
vt 0.746763 0.693989
vt 0.730849 0.692940
vt 0.715060 0.692732
vt 0.701908 0.693071
vt 0.753190 0.697962
vt 0.750576 0.697480
vt 0.734719 0.696413
vt 0.722736 0.695770
vt 0.710724 0.696331
vt 0.697987 0.697460
vt 0.695084 0.697328
vt 0.692437 0.697764
vt 0.695067 0.693107
vt 0.693564 0.910508
vt 0.691513 0.913786
vt 0.691277 0.910028
vt 0.750876 0.701148
vt 0.747735 0.697578
vt 0.733936 0.698917
vt 0.729578 0.695593
vt 0.727889 0.698619
vt 0.711602 0.698945
vt 0.694798 0.701020
vt 0.539375 0.275088
vt 0.539375 0.265821
vt 0.541948 0.271014
vt 0.361644 0.826462
vt 0.363503 0.832298
vt 0.361269 0.828988
vt 0.360484 0.845206
vt 0.359525 0.867141
vt 0.361470 0.878474
vt 0.358772 0.884021
vt 0.691849 0.704233
vt 0.692063 0.701554
vt 0.693842 0.828232
vt 0.695471 0.822921
vt 0.695293 0.918566
vt 0.693649 0.917758
vt 0.362971 0.861426
vt 0.362706 0.851560
vt 0.365240 0.851800
vt 0.362549 0.891207
vt 0.360966 0.890396
vt 0.360977 0.887607
vt 0.365255 0.864443
vt 0.362558 0.867792
vt 0.362164 0.864182
vt 0.363115 0.878792
vt 0.744417 0.883509
vt 0.109433 0.803568
vt 0.109564 0.808152
vt 0.107922 0.813483
vt 0.742114 0.849818
vt 0.365635 0.824130
vt 0.106272 0.777057
vt 0.742368 0.835362
vt 0.104411 0.758970
vt 0.108572 0.758639
vt 0.367093 0.827529
vt 0.106799 0.781776
vt 0.742789 0.852674
vt 0.364399 0.884491
vt 0.694630 0.863888
vt 0.744474 0.886553
vt 0.746326 0.889700
vt 0.365494 0.861282
vt 0.105620 0.718640
vt 0.107266 0.717835
vt 0.364197 0.890545
vt 0.364388 0.887228
vt 0.108388 0.749542
vt 0.105860 0.750091
vt 0.006681 0.702071
vt 0.008573 0.701703
vt 0.008898 0.704271
vt 0.005772 0.705598
vt 0.103703 0.754286
vt 0.104127 0.808697
vt 0.106252 0.808175
vt 0.071958 0.701128
vt 0.073425 0.706469
vt 0.069720 0.704270
vt 0.070075 0.701623
vt 0.067153 0.703211
vt 0.067405 0.701262
vt 0.739053 0.851897
vt 0.012268 0.702946
vt 0.742040 0.885086
vt 0.697153 0.828243
vt 0.699364 0.827728
vt 0.699325 0.831448
vt 0.067078 0.697429
vt 0.031113 0.698454
vt 0.028165 0.698914
vt 0.063960 0.693066
vt 0.064310 0.688623
vt 0.059997 0.689610
vt 0.055445 0.681914
vt 0.048618 0.681196
vt 0.010513 0.674208
vt 0.701397 0.835859
vt 0.100692 0.756297
vt 0.012869 0.668105
vt 0.101294 0.765856
vt 0.100910 0.775416
vt 0.012835 0.648982
vt 0.701282 0.905497
vt 0.067020 0.619741
vt 0.010429 0.642951
vt 0.699194 0.913810
vt 0.696957 0.913372
vt 0.067315 0.615945
vt 0.070006 0.615521
vt 0.008504 0.615599
vt 0.069649 0.612924
vt 0.073425 0.610803
vt 0.071836 0.615979
vt 0.066375 0.614215
vt 0.365893 0.848364
vt 0.365528 0.845290
vt 0.369173 0.849612
vt 0.367795 0.860271
vt 0.011408 0.613990
vt 0.008827 0.612924
vt 0.366956 0.884427
vt 0.690159 0.701098
vt 0.689251 0.705496
vt 0.690404 0.615952
vt 0.688808 0.610804
vt 0.692595 0.612899
vt 0.692255 0.615455
vt 0.108939 0.723011
vt 0.111154 0.722547
vt 0.108984 0.754171
vt 0.112010 0.804858
vt 0.111756 0.808642
vt 0.753418 0.612987
vt 0.757137 0.610804
vt 0.755653 0.616130
vt 0.753758 0.615619
vt 0.749266 0.614794
vt 0.699125 0.615355
vt 0.749897 0.884394
vt 0.691737 0.827704
vt 0.753489 0.619356
vt 0.750745 0.619797
vt 0.715498 0.619138
vt 0.692547 0.619223
vt 0.695253 0.619643
vt 0.747612 0.624145
vt 0.744440 0.623640
vt 0.745123 0.629678
vt 0.751888 0.642153
vt 0.113242 0.730704
vt 0.739604 0.636024
vt 0.694647 0.854344
vt 0.694109 0.859289
vt 0.749870 0.654604
vt 0.696022 0.653522
vt 0.719243 0.658273
vt 0.749716 0.669631
vt 0.114279 0.778944
vt 0.689203 0.887098
vt 0.689418 0.905360
vt 0.113945 0.800242
vt 0.751652 0.674280
vt 0.694057 0.674228
vt 0.006589 0.616066
vt 0.005683 0.611669
vt 0.715904 0.695585
vt 0.753566 0.701716
vt 0.730873 0.698393
vt 0.715556 0.698055
vt 0.360694 0.848131
vt 0.360163 0.851086
vt 0.357543 0.848757
vt 0.359150 0.863071
vt 0.362946 0.845621
vt 0.743288 0.826850
vt 0.741244 0.822921
vt 0.747766 0.886280
vt 0.109542 0.812539
vt 0.363951 0.824554
vt 0.106308 0.812558
vt 0.744665 0.889344
vt 0.739989 0.827123
s 1
usemtl bed
f 795/1313/383 786/1314/384 813/1315/385
f 785/1316/386 826/1317/387 813/1315/385
f 843/1318/388 783/1319/389 851/1320/390
f 863/1321/391 781/1322/392 884/1323/393
f 759/1324/394 788/1325/395 1037/1326/396
f 759/1324/394 789/1327/397 788/1325/395
f 792/1328/398 791/1329/399 755/1330/400
f 1048/1331/401 793/1332/402 754/1333/403
f 790/1334/404 798/1335/405 789/1336/397
f 790/1334/404 799/1337/406 798/1335/405
f 791/1338/399 800/1339/407 799/1337/406
f 792/1328/398 800/1340/407 791/1329/399
f 794/1341/408 803/1342/409 802/1343/410
f 798/1335/405 805/1344/411 797/1345/412
f 801/1346/413 808/1347/414 807/1348/415
f 802/1343/410 819/1349/416 808/1347/414
f 803/1342/409 813/1350/385 815/1351/417
f 807/1348/415 811/1352/418 806/1353/419
f 807/1348/415 814/1354/420 811/1352/418
f 807/1348/415 812/1355/421 814/1354/420
f 808/1347/414 819/1349/416 812/1355/421
f 816/1356/422 820/1357/423 809/1358/424
f 812/1355/421 824/1359/425 814/1354/420
f 812/1355/421 828/1360/426 824/1359/425
f 812/1355/421 819/1349/416 828/1360/426
f 762/1361/427 820/1362/423 763/1363/428
f 814/1354/420 824/1359/425 823/1364/429
f 826/1317/387 825/1365/430 815/1366/417
f 819/1349/416 825/1367/430 836/1368/431
f 827/1369/432 830/1370/433 820/1362/423
f 824/1359/425 828/1360/426 841/1371/434
f 828/1360/426 836/1368/431 844/1372/435
f 764/1373/436 830/1370/433 765/1374/437
f 827/1375/432 831/1376/438 838/1377/439
f 839/1378/440 846/1379/441 818/1380/442
f 830/1370/433 838/1381/439 837/1382/443
f 835/1383/444 853/1384/445 831/1376/438
f 832/1385/446 849/1386/447 848/1387/448
f 832/1385/446 841/1371/434 849/1386/447
f 765/1374/437 837/1382/443 766/1388/449
f 842/1389/450 855/1390/451 836/1368/431
f 838/1377/439 853/1384/445 852/1391/452
f 840/1392/453 848/1387/448 847/1393/454
f 844/1372/435 854/1394/455 841/1371/434
f 845/1395/456 767/1396/457 766/1388/449
f 846/1379/441 847/1393/454 860/1397/458
f 845/1395/456 852/1398/452 859/1399/459
f 846/1379/441 860/1397/458 865/1400/460
f 849/1386/447 857/1401/461 848/1387/448
f 854/1394/455 857/1401/461 849/1386/447
f 855/1390/451 862/1402/462 844/1372/435
f 853/1384/445 865/1400/460 864/1403/463
f 862/1402/462 861/1404/464 854/1394/455
f 858/1405/465 869/1406/466 855/1390/451
f 859/1399/459 769/1407/467 768/1408/468
f 856/1409/469 867/1410/470 866/1411/471
f 858/1412/465 863/1321/391 875/1413/472
f 859/1414/459 870/1415/473 876/1416/474
f 862/1402/462 868/1417/475 861/1404/464
f 869/1406/466 868/1417/475 862/1402/462
f 866/1411/471 872/1418/476 871/1419/477
f 867/1410/470 873/1420/478 872/1418/476
f 868/1417/475 873/1420/478 867/1410/470
f 869/1406/466 874/1421/479 868/1417/475
f 875/1422/472 874/1421/479 869/1406/466
f 769/1407/467 876/1423/474 770/1424/480
f 871/1419/477 879/1425/481 878/1426/482
f 874/1421/479 881/1427/483 873/1420/478
f 884/1428/393 883/1429/484 875/1422/472
f 879/1425/481 888/1430/485 887/1431/486
f 880/1432/487 888/1430/485 879/1425/481
f 880/1432/487 889/1433/488 888/1430/485
f 881/1427/483 890/1434/489 889/1433/488
f 883/1429/484 891/1435/490 882/1436/491
f 886/1437/492 1036/1438/493 1055/1439/494
f 887/1440/486 1036/1438/493 886/1437/492
f 890/1441/489 777/1442/495 776/1443/496
f 951/1444/497 929/1445/498 1043/1446/499
f 964/1447/500 929/1445/498 951/1444/497
f 987/1448/501 926/1449/502 927/1450/503
f 999/1451/504 924/1452/505 925/1453/506
f 905/1454/507 932/1455/508 904/1456/509
f 904/1456/509 933/1457/510 758/1458/511
f 903/1459/512 934/1460/513 902/1461/514
f 902/1461/514 935/1462/515 901/1463/516
f 936/1464/517 1050/1465/518 901/1463/516
f 937/1466/519 899/1467/520 900/1468/521
f 940/1469/522 933/1470/510 932/1471/508
f 941/1472/523 934/1460/513 933/1457/510
f 934/1473/513 942/1474/524 935/1475/515
f 936/1464/517 943/1476/525 937/1466/519
f 937/1477/519 944/1478/526 938/1479/527
f 908/1480/528 952/1481/529 907/1482/530
f 941/1483/523 948/1484/531 942/1474/524
f 942/1474/524 949/1485/532 943/1486/525
f 954/1487/533 949/1485/532 948/1484/531
f 949/1485/532 955/1488/534 950/1489/535
f 908/1480/528 965/1490/536 952/1481/529
f 968/1491/537 961/1492/538 953/1493/539
f 958/1494/540 959/1495/541 955/1488/534
f 960/1496/542 970/1497/543 956/1498/544
f 966/1499/545 958/1494/540 957/1500/546
f 958/1494/540 967/1501/547 959/1495/541
f 969/1502/548 977/1503/549 960/1496/542
f 972/1504/550 968/1505/537 965/1490/536
f 966/1499/545 975/1506/551 967/1501/547
f 970/1507/543 971/1508/552 964/1447/500
f 972/1504/550 979/1509/553 968/1505/537
f 976/1510/554 986/1511/555 969/1502/548
f 984/1512/556 971/1508/552 970/1507/543
f 991/1513/557 980/1514/558 973/1515/559
f 989/1516/560 981/1517/561 974/1518/562
f 986/1511/555 995/1519/563 977/1503/549
f 984/1512/556 978/1520/564 971/1508/552
f 985/1521/565 988/1522/566 979/1509/553
f 991/1513/557 992/1523/567 980/1514/558
f 989/1516/560 993/1524/568 981/1517/561
f 912/1525/569 985/1521/565 911/1526/570
f 912/1525/569 988/1522/566 985/1521/565
f 991/1513/557 1005/1527/571 992/1523/567
f 992/1523/567 1001/1528/572 989/1516/560
f 993/1524/568 997/1529/573 990/1530/574
f 997/1529/573 994/1531/575 990/1530/574
f 994/1531/575 1003/1532/576 983/1533/577
f 1009/1534/578 995/1519/563 986/1511/555
f 996/1535/579 1004/1536/580 991/1513/557
f 1005/1527/571 1001/1528/572 992/1523/567
f 1001/1528/572 997/1529/573 993/1524/568
f 1002/1537/581 994/1531/575 997/1529/573
f 1015/1538/582 998/1539/583 995/1519/563
f 1052/1540/584 1000/1541/585 913/1542/586
f 1001/1528/572 1006/1543/587 997/1529/573
f 1007/1544/588 1002/1537/581 997/1529/573
f 1002/1537/581 1003/1532/576 994/1531/575
f 1005/1527/571 1006/1543/587 1001/1528/572
f 1008/1545/589 1003/1532/576 1002/1537/581
f 1008/1545/589 1009/1534/578 1003/1532/576
f 1010/1546/590 1011/1547/591 1004/1536/580
f 1004/1536/580 1011/1547/591 1005/1527/571
f 1005/1527/571 1011/1547/591 1006/1543/587
f 1006/1543/587 1012/1548/592 1007/1544/588
f 1013/1549/593 1008/1545/589 1007/1544/588
f 1014/1550/594 1009/1534/578 1008/1545/589
f 1014/1550/594 1015/1538/582 1009/1534/578
f 1018/1551/595 1019/1552/596 1010/1546/590
f 1011/1547/591 1021/1553/597 1012/1548/592
f 1023/1554/598 1013/1549/593 1012/1548/592
f 1025/1555/599 1014/1550/594 1013/1549/593
f 1026/1556/600 1015/1538/582 1014/1550/594
f 1027/1557/601 1017/1558/602 1016/1559/603
f 914/1560/604 1029/1561/605 1018/1562/595
f 1019/1552/596 1030/1563/606 1020/1564/607
f 1031/1565/608 1021/1553/597 1020/1564/607
f 1022/1566/609 1032/1567/610 1023/1554/598
f 1025/1555/599 1034/1568/611 1026/1556/600
f 1035/1569/612 1027/1557/601 1026/1556/600
f 895/1570/613 915/1571/614 1029/1572/615
f 1029/1573/615 915/1574/614 1030/1575/606
f 915/1574/614 1031/1576/608 1030/1575/606
f 1034/1577/611 920/1578/616 1035/1579/612
f 921/1580/617 1028/1581/618 1035/1569/612
f 907/1482/530 906/1582/619 894/1583/620
f 1054/1584/621 895/1585/622 914/1560/604
f 1042/1586/623 918/1587/624 1041/1588/625
f 1051/1589/626 896/1590/627 921/1591/617
f 785/1316/386 1043/1446/499 929/1445/498
f 775/1592/628 1045/1593/629 919/1594/630
f 1049/1595/631 920/1578/616 1045/1593/629
f 1048/1331/401 899/1467/520 1047/1596/632
f 900/1468/521 899/1467/520 1048/1331/401
f 923/1597/633 922/1598/634 1051/1599/635
f 768/1408/468 1052/1540/584 913/1542/586
f 757/1600/636 758/1458/511 903/1459/512
f 1055/1439/494 915/1574/614 1054/1601/637
f 927/1450/503 926/1449/502 782/1602/638
f 1036/1438/493 915/1574/614 1055/1439/494
f 1056/1603/639 905/1454/507 904/1456/509
f 834/1604/640 928/1605/641 783/1319/389
f 1037/1326/396 1056/1603/639 759/1324/394
f 759/1324/394 1056/1603/639 758/1458/511
f 772/1606/642 1055/1439/494 1054/1601/637
f 781/1322/392 1053/1607/643 924/1452/505
f 770/1424/480 1052/1540/584 769/1407/467
f 781/1322/392 924/1452/505 923/1597/633
f 755/1330/400 756/1608/644 901/1463/516
f 778/1609/645 1049/1595/631 777/1442/495
f 766/1388/449 910/1610/646 765/1374/437
f 777/1442/495 1049/1595/631 776/1443/496
f 753/1611/647 1047/1596/632 1044/1612/648
f 775/1592/628 1042/1586/623 774/1613/649
f 751/1614/650 1044/1615/651 786/1314/384
f 752/1616/652 1051/1589/626 779/1617/653
f 774/1613/649 1042/1586/623 1041/1588/625
f 762/1361/427 908/1480/528 907/1482/530
f 785/1316/386 1040/1618/654 784/1619/655
f 914/1560/604 895/1585/622 1029/1561/605
f 786/1620/384 795/1621/383 753/1622/647 751/1623/656
f 863/1321/391 851/1320/390 782/1602/638 1053/1607/643
f 813/1315/385 786/1314/384 785/1316/386
f 785/1316/386 784/1619/655 826/1317/387
f 826/1317/387 784/1619/655 829/1624/657
f 834/1604/640 783/1319/389 843/1318/388
f 851/1320/390 783/1319/389 782/1602/638
f 892/1625/658 884/1323/393 781/1322/392 780/1626/659
f 863/1321/391 1053/1607/643 781/1322/392
f 761/1627/660 894/1628/661 760/1629/662 787/1630/663
f 787/1630/663 760/1629/662 1037/1631/396 788/1632/395
f 789/1327/397 758/1458/511 757/1600/636 790/1633/404
f 759/1324/394 758/1458/511 789/1327/397
f 791/1329/399 790/1633/404 756/1608/644 755/1330/400
f 757/1600/636 756/1608/644 790/1633/404
f 795/1621/383 794/1341/408 1047/1634/632 753/1622/647
f 792/1328/398 754/1333/403 793/1332/402
f 1048/1331/401 794/1635/408 793/1332/402
f 1048/1331/401 1047/1596/632 794/1635/408
f 762/1361/427 761/1636/660 787/1637/663 809/1638/424
f 809/1358/424 787/1630/663 788/1632/395 796/1639/664
f 797/1345/412 788/1632/395 789/1336/397 798/1335/405
f 788/1632/395 797/1345/412 796/1639/664
f 801/1346/413 800/1339/407 792/1640/398 793/1641/402
f 790/1334/404 791/1338/399 799/1337/406
f 813/1350/385 803/1342/409 794/1341/408 795/1621/383
f 793/1641/402 802/1343/410 801/1346/413
f 793/1641/402 794/1341/408 802/1343/410
f 816/1356/422 796/1639/664 797/1345/412 804/1642/665
f 796/1639/664 816/1356/422 809/1358/424
f 815/1351/417 819/1349/416 802/1343/410 803/1342/409
f 797/1345/412 805/1344/411 804/1642/665
f 798/1335/405 806/1353/419 805/1344/411
f 798/1335/405 799/1337/406 806/1353/419
f 799/1337/406 807/1348/415 806/1353/419
f 799/1337/406 800/1339/407 807/1348/415
f 800/1339/407 801/1346/413 807/1348/415
f 801/1346/413 802/1343/410 808/1347/414
f 817/1643/666 804/1642/665 805/1344/411 810/1644/667
f 804/1642/665 817/1643/666 816/1356/422
f 810/1644/667 805/1344/411 806/1353/419 811/1352/418
f 821/1645/668 810/1644/667 811/1352/418 822/1646/669
f 807/1348/415 808/1347/414 812/1355/421
f 762/1361/427 809/1638/424 820/1362/423
f 810/1644/667 818/1380/442 817/1643/666
f 810/1644/667 821/1645/668 818/1380/442
f 827/1375/432 816/1356/422 817/1643/666 831/1376/438
f 811/1352/418 814/1354/420 822/1646/669
f 815/1351/417 813/1350/385 826/1647/387
f 814/1354/420 823/1364/429 822/1646/669
f 819/1349/416 815/1351/417 825/1367/430
f 820/1362/423 816/1648/422 827/1369/432
f 831/1376/438 817/1643/666 818/1380/442 835/1383/444
f 764/1373/436 763/1363/428 820/1362/423 830/1370/433
f 828/1360/426 819/1349/416 836/1368/431
f 839/1378/440 821/1645/668 822/1646/669 840/1392/453
f 821/1645/668 839/1378/440 818/1380/442
f 840/1392/453 822/1646/669 823/1364/429 832/1385/446
f 841/1371/434 832/1385/446 823/1364/429 824/1359/425
f 829/1624/657 833/1649/670 825/1365/430 826/1317/387
f 836/1368/431 825/1367/430 833/1650/670
f 843/1318/388 842/1651/450 833/1649/670 834/1604/640
f 830/1370/433 827/1369/432 838/1381/439
f 818/1380/442 846/1379/441 835/1383/444
f 841/1371/434 828/1360/426 844/1372/435
f 829/1624/657 834/1604/640 833/1649/670
f 765/1374/437 830/1370/433 837/1382/443
f 831/1376/438 853/1384/445 838/1377/439
f 832/1385/446 848/1387/448 840/1392/453
f 836/1368/431 833/1650/670 842/1389/450
f 852/1398/452 845/1395/456 837/1382/443 838/1381/439
f 835/1383/444 846/1379/441 853/1384/445
f 836/1368/431 855/1390/451 844/1372/435
f 837/1382/443 845/1395/456 766/1388/449
f 851/1320/390 850/1652/671 842/1651/450 843/1318/388
f 846/1379/441 839/1378/440 847/1393/454
f 839/1378/440 840/1392/453 847/1393/454
f 841/1371/434 854/1394/455 849/1386/447
f 842/1389/450 850/1653/671 855/1390/451
f 859/1399/459 768/1408/468 767/1396/457 845/1395/456
f 844/1372/435 862/1402/462 854/1394/455
f 857/1401/461 856/1409/469 847/1393/454 848/1387/448
f 853/1384/445 846/1379/441 865/1400/460
f 860/1397/458 847/1393/454 856/1409/469
f 858/1412/465 850/1652/671 851/1320/390 863/1321/391
f 850/1653/671 858/1405/465 855/1390/451
f 864/1403/463 870/1415/473 852/1391/452 853/1384/445
f 852/1398/452 870/1654/473 859/1399/459
f 878/1426/482 877/1655/672 870/1415/473 871/1419/477
f 854/1394/455 861/1404/464 857/1401/461
f 855/1390/451 869/1406/466 862/1402/462
f 860/1397/458 856/1409/469 866/1411/471
f 856/1409/469 857/1401/461 867/1410/470
f 857/1401/461 861/1404/464 867/1410/470
f 858/1405/465 875/1422/472 869/1406/466
f 859/1399/459 876/1423/474 769/1407/467
f 865/1400/460 860/1397/458 866/1411/471
f 861/1404/464 868/1417/475 867/1410/470
f 863/1656/391 884/1428/393 875/1422/472
f 870/1415/473 864/1403/463 871/1419/477
f 864/1403/463 865/1400/460 871/1419/477
f 865/1400/460 866/1411/471 871/1419/477
f 866/1411/471 867/1410/470 872/1418/476
f 868/1417/475 874/1421/479 873/1420/478
f 876/1416/474 870/1415/473 877/1655/672
f 882/1436/491 874/1421/479 875/1422/472 883/1429/484
f 871/1419/477 872/1418/476 879/1425/481
f 872/1418/476 880/1432/487 879/1425/481
f 872/1418/476 873/1420/478 880/1432/487
f 873/1420/478 881/1427/483 880/1432/487
f 874/1421/479 882/1436/491 881/1427/483
f 885/1657/673 771/1658/674 770/1424/480 876/1423/474
f 886/1659/492 885/1660/673 876/1416/474 877/1655/672
f 887/1431/486 886/1659/492 878/1426/482 879/1425/481
f 877/1655/672 878/1426/482 886/1659/492
f 891/1435/490 883/1429/484 884/1428/393 892/1661/658
f 880/1432/487 881/1427/483 889/1433/488
f 881/1427/483 882/1436/491 890/1434/489
f 882/1436/491 891/1435/490 890/1434/489
f 772/1662/642 1054/1663/675 771/1664/674 885/1660/673
f 1055/1665/494 772/1662/642 885/1660/673 886/1659/492
f 773/1666/676 1039/1667/677 887/1440/486 888/1668/485
f 887/1440/486 1039/1667/677 1036/1438/493
f 1041/1588/625 888/1668/485 889/1669/488 774/1613/649
f 888/1668/485 1041/1588/625 773/1666/676
f 775/1592/628 774/1613/649 889/1669/488 890/1441/489
f 778/1670/645 891/1435/490 892/1661/658 779/1671/653
f 890/1441/489 776/1443/496 775/1592/628
f 890/1441/489 891/1672/490 777/1442/495
f 891/1672/490 778/1609/645 777/1442/495
f 922/1673/634 1028/1581/618 921/1580/617 896/1674/678
f 897/1675/679 1044/1676/680 898/1677/681 930/1678/682
f 1043/1446/499 897/1679/679 930/1680/682 951/1444/497
f 1038/1681/683 1040/1618/654 964/1447/500 971/1508/552
f 964/1447/500 1040/1618/654 929/1445/498
f 928/1605/641 971/1508/552 978/1520/564 927/1450/503
f 971/1508/552 928/1605/641 1038/1681/683
f 926/1449/502 987/1448/501 999/1451/504 925/1453/506
f 978/1520/564 987/1448/501 927/1450/503
f 923/1597/633 1017/1682/602 1028/1683/618 922/1598/634
f 999/1451/504 1017/1682/602 924/1452/505
f 1017/1682/602 923/1597/633 924/1452/505
f 893/1684/684 894/1685/685 906/1686/619 931/1687/686
f 905/1688/507 893/1684/684 931/1687/686 932/1471/508
f 903/1459/512 758/1458/511 933/1457/510 934/1460/513
f 904/1456/509 932/1455/508 933/1457/510
f 937/1466/519 900/1468/521 1050/1465/518 936/1464/517
f 902/1461/514 934/1460/513 935/1462/515
f 935/1462/515 936/1464/517 901/1463/516
f 930/1678/682 898/1677/681 899/1689/520 938/1479/527
f 937/1466/519 938/1690/527 899/1467/520
f 931/1691/686 906/1582/619 907/1482/530 952/1481/529
f 932/1471/508 931/1687/686 952/1692/529 939/1693/687
f 943/1486/525 936/1694/517 935/1475/515 942/1474/524
f 939/1693/687 940/1469/522 932/1471/508
f 933/1470/510 940/1469/522 941/1483/523
f 934/1473/513 941/1483/523 942/1474/524
f 951/1695/497 930/1678/682 938/1479/527 945/1696/688
f 943/1486/525 944/1478/526 937/1477/519
f 938/1479/527 944/1478/526 945/1696/688
f 940/1469/522 939/1693/687 953/1493/539 946/1697/689
f 952/1692/529 953/1493/539 939/1693/687
f 941/1483/523 940/1469/522 947/1698/690 948/1484/531
f 946/1697/689 947/1698/690 940/1469/522
f 950/1489/535 944/1478/526 943/1486/525 949/1485/532
f 948/1484/531 949/1485/532 942/1474/524
f 956/1498/544 945/1696/688 944/1478/526 960/1496/542
f 944/1478/526 950/1489/535 960/1496/542
f 947/1698/690 946/1697/689 961/1492/538 962/1699/691
f 945/1696/688 956/1498/544 951/1695/497
f 953/1493/539 961/1492/538 946/1697/689
f 948/1484/531 947/1698/690 957/1500/546 954/1487/533
f 962/1699/691 957/1500/546 947/1698/690
f 953/1493/539 952/1692/529 965/1700/536 968/1491/537
f 954/1487/533 958/1494/540 949/1485/532
f 949/1485/532 958/1494/540 955/1488/534
f 950/1489/535 955/1488/534 960/1496/542
f 964/1447/500 951/1444/497 956/1701/544 970/1507/543
f 962/1699/691 963/1702/692 957/1500/546
f 957/1500/546 958/1494/540 954/1487/533
f 955/1488/534 959/1495/541 969/1502/548
f 955/1488/534 969/1502/548 960/1496/542
f 962/1699/691 961/1492/538 973/1515/559 980/1514/558
f 908/1480/528 909/1703/693 965/1490/536
f 963/1702/692 966/1499/545 957/1500/546
f 958/1494/540 966/1499/545 967/1501/547
f 959/1495/541 967/1501/547 969/1502/548
f 960/1496/542 977/1503/549 970/1497/543
f 968/1491/537 973/1515/559 961/1492/538
f 963/1702/692 962/1699/691 980/1514/558 974/1518/562
f 965/1490/536 909/1703/693 1046/1704/694 972/1504/550
f 966/1499/545 963/1702/692 974/1518/562 981/1517/561
f 985/1521/565 972/1504/550 910/1610/646 911/1526/570
f 981/1517/561 975/1506/551 966/1499/545
f 967/1501/547 975/1506/551 976/1510/554
f 967/1501/547 976/1510/554 969/1502/548
f 969/1502/548 986/1511/555 977/1503/549
f 1046/1704/694 910/1610/646 972/1504/550
f 968/1491/537 979/1705/553 973/1515/559
f 977/1503/549 984/1706/556 970/1497/543
f 983/1533/577 976/1510/554 975/1506/551 982/1707/695
f 972/1504/550 985/1521/565 979/1509/553
f 979/1705/553 991/1513/557 973/1515/559
f 980/1514/558 992/1523/567 974/1518/562
f 992/1523/567 989/1516/560 974/1518/562
f 981/1517/561 982/1707/695 975/1506/551
f 990/1530/574 982/1707/695 981/1517/561 993/1524/568
f 976/1510/554 983/1533/577 986/1511/555
f 977/1503/549 995/1519/563 984/1706/556
f 979/1705/553 988/1708/566 991/1513/557
f 983/1533/577 982/1707/695 990/1530/574 994/1531/575
f 987/1448/501 978/1520/564 984/1512/556 998/1709/583
f 995/1519/563 998/1539/583 984/1706/556
f 996/1710/579 988/1522/566 912/1525/569 1000/1541/585
f 983/1533/577 1003/1532/576 986/1511/555
f 912/1525/569 913/1542/586 1000/1541/585
f 1020/1564/607 1011/1547/591 1010/1546/590 1019/1552/596
f 988/1708/566 996/1535/579 991/1513/557
f 989/1516/560 1001/1528/572 993/1524/568
f 1003/1532/576 1009/1534/578 986/1511/555
f 998/1709/583 999/1451/504 987/1448/501
f 991/1513/557 1004/1536/580 1005/1527/571
f 1009/1534/578 1015/1538/582 995/1519/563
f 1000/1541/585 1010/1711/590 996/1710/579
f 996/1535/579 1010/1546/590 1004/1536/580
f 997/1529/573 1006/1543/587 1007/1544/588
f 1015/1538/582 1016/1559/603 998/1539/583
f 998/1709/583 1016/1712/603 999/1451/504
f 1052/1540/584 1018/1562/595 1000/1541/585
f 1000/1713/585 1018/1551/595 1010/1546/590
f 1007/1544/588 1008/1545/589 1002/1537/581
f 1016/1559/603 1017/1558/602 999/1714/504
f 1006/1543/587 1011/1547/591 1012/1548/592
f 1012/1548/592 1013/1549/593 1007/1544/588
f 1013/1549/593 1014/1550/594 1008/1545/589
f 779/1671/653 892/1661/658 780/1715/659 752/1716/696
f 1052/1540/584 914/1560/604 1018/1562/595
f 1016/1559/603 1015/1538/582 1026/1556/600 1027/1557/601
f 1011/1547/591 1020/1564/607 1021/1553/597
f 1012/1548/592 1021/1553/597 1022/1566/609
f 1012/1548/592 1022/1566/609 1023/1554/598
f 1023/1554/598 1024/1717/697 1013/1549/593
f 1024/1717/697 1025/1555/599 1013/1549/593
f 1025/1555/599 1026/1556/600 1014/1550/594
f 1030/1563/606 1019/1552/596 1018/1551/595 1029/1718/605
f 917/1719/698 1022/1566/609 1021/1553/597 1031/1565/608
f 1020/1564/607 1030/1563/606 1031/1565/608
f 1033/1720/699 1024/1717/697 1023/1554/598 1032/1567/610
f 917/1721/698 1032/1722/610 1022/1723/609
f 1025/1555/599 1024/1717/697 1033/1720/699 1034/1568/611
f 1017/1558/602 1027/1557/601 1035/1569/612 1028/1581/618
f 1034/1568/611 1035/1569/612 1026/1556/600
f 1042/1586/623 1033/1724/699 1032/1722/610 918/1587/624
f 915/1574/614 916/1725/700 1031/1576/608
f 1031/1576/608 916/1725/700 917/1721/698
f 917/1721/698 918/1587/624 1032/1722/610
f 1034/1577/611 1033/1724/699 919/1594/630 1045/1593/629
f 1033/1724/699 1042/1586/623 919/1594/630
f 915/1574/614 1036/1438/493 1039/1667/677 916/1725/700
f 1034/1577/611 1045/1593/629 920/1578/616
f 920/1578/616 921/1591/617 1035/1579/612
f 893/1726/684 905/1454/507 1037/1326/396 894/1727/701
f 916/1725/700 1039/1667/677 773/1666/676 917/1721/698
f 917/1721/698 773/1666/676 1041/1588/625 918/1587/624
f 898/1728/681 1044/1612/648 1047/1596/632 899/1467/520
f 1040/1618/654 785/1316/386 929/1445/498
f 1042/1586/623 775/1592/628 919/1594/630
f 1043/1446/499 1044/1615/651 897/1679/679
f 921/1591/617 920/1578/616 1049/1595/631 778/1609/645
f 910/1610/646 766/1388/449 911/1526/570
f 912/1525/569 911/1526/570 766/1388/449 767/1396/457
f 913/1542/586 912/1525/569 767/1396/457 768/1408/468
f 778/1609/645 1051/1589/626 921/1591/617
f 903/1459/512 902/1461/514 756/1608/644 757/1600/636
f 1051/1599/635 922/1598/634 896/1729/702
f 756/1608/644 902/1461/514 901/1463/516
f 1052/1540/584 770/1424/480 914/1560/604
f 925/1453/506 1053/1607/643 782/1602/638 926/1449/502
f 1053/1607/643 925/1453/506 924/1452/505
f 770/1424/480 1054/1584/621 914/1560/604
f 1054/1601/637 915/1574/614 895/1730/613
f 758/1458/511 1056/1603/639 904/1456/509
f 923/1597/633 1051/1599/635 780/1626/659 781/1322/392
f 1056/1603/639 1037/1326/396 905/1454/507
f 783/1319/389 928/1605/641 927/1450/503
f 782/1602/638 783/1319/389 927/1450/503
f 771/1658/674 1054/1584/621 770/1424/480
f 769/1407/467 1052/1540/584 768/1408/468
f 901/1463/516 1050/1465/518 792/1328/398 755/1330/400
f 1050/1465/518 900/1468/521 754/1333/403 792/1328/398
f 752/1731/703 780/1626/659 1051/1599/635
f 910/1610/646 1046/1704/694 764/1373/436 765/1374/437
f 779/1617/653 1051/1589/626 778/1609/645
f 1048/1331/401 754/1333/403 900/1468/521
f 1046/1704/694 909/1703/693 763/1363/428 764/1373/436
f 776/1443/496 1049/1595/631 1045/1593/629
f 909/1703/693 908/1480/528 762/1361/427 763/1363/428
f 776/1443/496 1045/1593/629 775/1592/628
f 786/1314/384 1044/1615/651 1043/1446/499
f 751/1732/704 753/1611/647 1044/1612/648
f 786/1314/384 1043/1446/499 785/1316/386
f 907/1482/530 894/1583/620 761/1636/660 762/1361/427
f 1038/1681/683 829/1624/657 784/1619/655 1040/1618/654
f 928/1605/641 834/1604/640 829/1624/657 1038/1681/683
f 760/1733/662 894/1727/701 1037/1326/396
o pillow_2
v 0.068822 0.725528 -1.093355
v 0.752509 0.725547 -1.093352
v 0.078458 0.713051 -1.074316
v 0.105894 0.636687 -0.957075
v 0.107543 0.612615 -0.916704
v 0.104835 0.578721 -0.854806
v 0.114044 0.562952 -0.837055
v 0.100685 0.555564 -0.809391
v 0.097846 0.507818 -0.754341
v 0.078029 0.474280 -0.701509
v 0.100883 0.465487 -0.687768
v 0.166701 0.470510 -0.699784
v 0.294463 0.475691 -0.703804
v 0.328893 0.479806 -0.709581
v 0.363706 0.477043 -0.704608
v 0.460823 0.480266 -0.701800
v 0.494193 0.481662 -0.709662
v 0.528647 0.479412 -0.700507
v 0.636692 0.472941 -0.699661
v 0.695246 0.470290 -0.691230
v 0.720671 0.465669 -0.688021
v 0.742922 0.474248 -0.701409
v 0.705499 0.563066 -0.836599
v 0.714410 0.612636 -0.916550
v 0.707228 0.626627 -0.937087
v 0.716336 0.636840 -0.956971
v 0.724015 0.680700 -1.024047
v 0.735575 0.703541 -1.057976
v 0.743357 0.712971 -1.074242
v 0.720504 0.721774 -1.087979
v 0.656201 0.714820 -1.077734
v 0.493628 0.709105 -1.065618
v 0.461098 0.710789 -1.070455
v 0.297392 0.710973 -1.071265
v 0.175540 0.718356 -1.075801
v 0.094492 0.721318 -1.088172
v 0.097396 0.459708 -0.707886
v 0.100044 0.470350 -0.724146
v 0.115802 0.532790 -0.824913
v 0.122558 0.549329 -0.859743
v 0.117345 0.596235 -0.922255
v 0.120739 0.612701 -0.946655
v 0.117438 0.621808 -0.966336
v 0.101190 0.688890 -1.069569
v 0.097260 0.700961 -1.084986
v 0.128035 0.460245 -0.733532
v 0.126071 0.470370 -0.751355
v 0.139130 0.520182 -0.840760
v 0.136121 0.554924 -0.887940
v 0.137326 0.593441 -0.956030
v 0.135128 0.611224 -0.978211
v 0.127727 0.664081 -1.057026
v 0.127867 0.677844 -1.073828
v 0.159885 0.463271 -0.758608
v 0.156301 0.473985 -0.779143
v 0.162198 0.525995 -0.869239
v 0.162880 0.587270 -0.965966
v 0.159371 0.638769 -1.039753
v 0.124522 0.460904 -0.709253
v 0.185131 0.471091 -0.787910
v 0.196074 0.517915 -0.874145
v 0.188530 0.628026 -1.036855
v 0.124693 0.697796 -1.083566
v 0.213290 0.570073 -0.963120
v 0.156822 0.676227 -1.075531
v 0.157032 0.458869 -0.733230
v 0.192236 0.460151 -0.757567
v 0.246107 0.466579 -0.792629
v 0.166847 0.658485 -1.064838
v 0.291514 0.465189 -0.720386
v 0.241253 0.479315 -0.822024
v 0.246556 0.502722 -0.866076
v 0.278742 0.551175 -0.950028
v 0.250743 0.599975 -1.014072
v 0.289525 0.671119 -1.071836
v 0.297386 0.691337 -1.074177
v 0.325492 0.457821 -0.741984
v 0.257245 0.624101 -1.041475
v 0.327654 0.691428 -1.070594
v 0.335953 0.464111 -0.725949
v 0.327530 0.458534 -0.763771
v 0.350401 0.545756 -0.949734
v 0.341927 0.665100 -1.070742
v 0.361891 0.699585 -1.074035
v 0.321139 0.463354 -0.787514
v 0.329017 0.650673 -1.063686
v 0.413066 0.466129 -0.723052
v 0.391179 0.460077 -0.742959
v 0.365555 0.484257 -0.845221
v 0.371308 0.507704 -0.890133
v 0.368158 0.586228 -1.004682
v 0.411552 0.668900 -1.069470
v 0.409662 0.691072 -1.072665
v 0.400327 0.621193 -1.041615
v 0.487206 0.464171 -0.727420
v 0.421648 0.465447 -0.798748
v 0.490073 0.490099 -0.856017
v 0.448227 0.530217 -0.927230
v 0.448287 0.554538 -0.963397
v 0.481115 0.665646 -1.070530
v 0.484761 0.685877 -1.072658
v 0.494436 0.457511 -0.742216
v 0.495597 0.458419 -0.764840
v 0.509429 0.590682 -1.007666
v 0.489955 0.650286 -1.062860
v 0.555752 0.489490 -0.847192
v 0.542354 0.550919 -0.949549
v 0.533950 0.671199 -1.071614
v 0.527990 0.465169 -0.720913
v 0.576628 0.470736 -0.804407
v 0.589734 0.598783 -1.008842
v 0.581440 0.625629 -1.041709
v 0.524900 0.691777 -1.074373
v 0.629619 0.460020 -0.757894
v 0.615875 0.464738 -0.780436
v 0.620066 0.483467 -0.819296
v 0.614069 0.541929 -0.917511
v 0.633835 0.628590 -1.036831
v 0.624009 0.653966 -1.062802
v 0.664039 0.458814 -0.733722
v 0.670303 0.464950 -0.758891
v 0.658026 0.522671 -0.865937
v 0.658050 0.587422 -0.965437
v 0.668891 0.653387 -1.056224
v 0.663753 0.676324 -1.075474
v 0.696725 0.460880 -0.709547
v 0.693512 0.459964 -0.733592
v 0.695263 0.470140 -0.751328
v 0.682499 0.521050 -0.842565
v 0.684848 0.551911 -0.884022
v 0.684680 0.601417 -0.965298
v 0.693622 0.663958 -1.056567
v 0.693348 0.678015 -1.073596
v 0.696124 0.697816 -1.083589
v 0.724119 0.459499 -0.707928
v 0.721055 0.470254 -0.724299
v 0.704934 0.533391 -0.826396
v 0.697442 0.547857 -0.857817
v 0.704509 0.595402 -0.920016
v 0.701299 0.615958 -0.960336
v 0.720266 0.688770 -1.069311
v 0.723989 0.701083 -1.084810
v 0.078027 0.494589 -0.688518
v 0.061920 0.469848 -0.672236
v 0.752522 0.482018 -0.669375
v 0.752547 0.745359 -1.080635
v 0.100722 0.741887 -1.074735
v 0.078459 0.733320 -1.061349
v 0.096247 0.709392 -1.020189
v 0.103505 0.655869 -0.949221
v 0.105493 0.628346 -0.907589
v 0.106582 0.594956 -0.846509
v 0.114507 0.582164 -0.825835
v 0.102531 0.549369 -0.775084
v 0.091279 0.512186 -0.713108
v 0.100867 0.485791 -0.674769
v 0.133527 0.488475 -0.681031
v 0.189493 0.489658 -0.687603
v 0.291361 0.490318 -0.692636
v 0.360884 0.491166 -0.693950
v 0.459592 0.496924 -0.692763
v 0.495577 0.516185 -0.691878
v 0.524812 0.497463 -0.690948
v 0.700014 0.489483 -0.679046
v 0.726818 0.516264 -0.721501
v 0.715467 0.570434 -0.806704
v 0.700315 0.595523 -0.817025
v 0.713694 0.594182 -0.844192
v 0.706812 0.645190 -0.924242
v 0.723958 0.700866 -1.010600
v 0.743320 0.735891 -1.064270
v 0.720521 0.742075 -1.074976
v 0.687045 0.737690 -1.069639
v 0.633327 0.732037 -1.066208
v 0.524801 0.732377 -1.058285
v 0.492490 0.727747 -1.053173
v 0.459702 0.727232 -1.061651
v 0.359767 0.727334 -1.061036
v 0.185025 0.734597 -1.063049
v 0.097271 0.748064 -1.054831
v 0.097384 0.506481 -0.677947
v 0.099897 0.516706 -0.694410
v 0.116304 0.583138 -0.793651
v 0.122076 0.603456 -0.818113
v 0.120097 0.630411 -0.866338
v 0.123756 0.662329 -0.908778
v 0.116853 0.674390 -0.935661
v 0.100221 0.737269 -1.038507
v 0.128022 0.529550 -0.689164
v 0.126603 0.541544 -0.706056
v 0.136167 0.611136 -0.804344
v 0.138982 0.635217 -0.844505
v 0.136191 0.676565 -0.905795
v 0.127158 0.737124 -1.010885
v 0.127878 0.747600 -1.029166
v 0.159868 0.551063 -0.702403
v 0.156274 0.565261 -0.720746
v 0.162382 0.621327 -0.799574
v 0.163554 0.686643 -0.900330
v 0.156569 0.733985 -0.983692
v 0.124692 0.746691 -1.053111
v 0.124591 0.507342 -0.679646
v 0.156677 0.529705 -0.687401
v 0.193997 0.626172 -0.790932
v 0.186705 0.735582 -0.971012
v 0.156471 0.749111 -1.029683
v 0.202470 0.597385 -0.745880
v 0.208841 0.668559 -0.849154
v 0.219493 0.727097 -0.943160
v 0.161466 0.746612 -1.010111
v 0.192146 0.551409 -0.699149
v 0.200303 0.568552 -0.712626
v 0.246741 0.599831 -0.740194
v 0.292782 0.742072 -1.042380
v 0.290584 0.514888 -0.688190
v 0.277828 0.654723 -0.810445
v 0.265675 0.718095 -0.915607
v 0.299692 0.540014 -0.691880
v 0.246691 0.741563 -0.970726
v 0.302526 0.749530 -1.018593
v 0.340647 0.743199 -1.035276
v 0.344041 0.521617 -0.689640
v 0.337626 0.557711 -0.700102
v 0.316354 0.605276 -0.741197
v 0.348180 0.691185 -0.859050
v 0.330616 0.724990 -0.923086
v 0.331237 0.749574 -0.997816
v 0.411198 0.741299 -1.040090
v 0.381453 0.535635 -0.692122
v 0.337390 0.578725 -0.715387
v 0.370345 0.652147 -0.798135
v 0.409232 0.691236 -0.857218
v 0.436371 0.724532 -0.919934
v 0.374526 0.747375 -1.021968
v 0.453191 0.514697 -0.689613
v 0.406117 0.742395 -0.965118
v 0.493480 0.743490 -1.036365
v 0.490896 0.539719 -0.690536
v 0.451891 0.621442 -0.758153
v 0.470236 0.690436 -0.857780
v 0.497908 0.558453 -0.700215
v 0.481577 0.588772 -0.723554
v 0.501603 0.646244 -0.792987
v 0.523698 0.721295 -0.918222
v 0.497298 0.748833 -0.998303
v 0.530472 0.536333 -0.690837
v 0.538526 0.677328 -0.844005
v 0.507571 0.749121 -1.020686
v 0.525092 0.742519 -1.041599
v 0.524468 0.516622 -0.688460
v 0.564261 0.605129 -0.744846
v 0.581324 0.711877 -0.910726
v 0.572797 0.736519 -0.957523
v 0.623822 0.554086 -0.700035
v 0.612300 0.571620 -0.713539
v 0.614795 0.602944 -0.751720
v 0.612749 0.660379 -0.836709
v 0.628649 0.725778 -0.950968
v 0.612669 0.742759 -0.981691
v 0.663303 0.531788 -0.687471
v 0.668303 0.554367 -0.706186
v 0.661025 0.621864 -0.800548
v 0.659787 0.683751 -0.897391
v 0.662443 0.732737 -0.979678
v 0.654270 0.747476 -1.008377
v 0.662672 0.749656 -1.027946
v 0.696440 0.748108 -1.051534
v 0.696818 0.509668 -0.679127
v 0.693502 0.529711 -0.688919
v 0.694291 0.542788 -0.705109
v 0.686073 0.595834 -0.783671
v 0.680248 0.619788 -0.812786
v 0.681611 0.643379 -0.856803
v 0.680427 0.673001 -0.896901
v 0.685895 0.689871 -0.930847
v 0.694304 0.737963 -1.010105
v 0.693366 0.747310 -1.029209
v 0.724006 0.747845 -1.054854
v 0.724109 0.506594 -0.677759
v 0.720047 0.518763 -0.693238
v 0.704113 0.585588 -0.796905
v 0.702050 0.609666 -0.833761
v 0.698210 0.660962 -0.907531
v 0.704702 0.673033 -0.933947
v 0.720098 0.738878 -1.036974
v 0.725284 0.510326 -0.750926
v 0.085745 0.485912 -0.716225
v 0.327164 0.725938 -1.053081
v 0.717807 0.552683 -0.813600
v 0.293557 0.727389 -1.062669
v 0.716008 0.578857 -0.854575
v 0.716537 0.628862 -0.907954
v 0.126166 0.737257 -1.071521
v 0.063124 0.738320 -1.090895
v 0.718485 0.654901 -0.946951
v 0.327562 0.498151 -0.697340
v 0.088073 0.700542 -1.053181
v 0.096000 0.683607 -1.021305
v 0.725637 0.691505 -1.018358
v 0.115936 0.644444 -0.926171
v 0.759390 0.737684 -1.090495
v 0.645658 0.489178 -0.686998
v 0.528120 0.716559 -1.070375
v 0.758258 0.469233 -0.671861
v 0.733539 0.488043 -0.720872
v 0.095795 0.516163 -0.744550
vn -0.3312 -0.5636 -0.7568
vn 0.0531 -0.0103 -0.9985
vn -0.0092 -0.2839 -0.9588
vn 0.0927 0.3897 -0.9163
vn 0.0623 0.0335 -0.9975
vn 0.0161 -0.0458 -0.9988
vn 0.0623 0.3099 -0.9487
vn -0.0018 0.0318 -0.9995
vn -0.0602 0.0463 -0.9971
vn -0.0919 0.3187 -0.9434
vn 0.0144 -0.3001 -0.9538
vn -0.9367 -0.2011 -0.2866
vn -0.5686 -0.6852 -0.4552
vn -0.8887 -0.1179 -0.4431
vn -0.7785 -0.4665 -0.4199
vn -0.8705 -0.4259 -0.2468
vn -0.7900 -0.5015 -0.3527
vn -0.9408 -0.1575 -0.3001
vn -0.9698 -0.2440 0.0032
vn -0.7616 -0.5934 -0.2605
vn -0.9210 -0.3835 0.0681
vn -0.7647 -0.5407 -0.3506
vn -0.5054 -0.7209 -0.4741
vn -0.5592 -0.6949 -0.4521
vn -0.5637 -0.6972 -0.4428
vn -0.5568 -0.7010 -0.4456
vn -0.2150 -0.6258 -0.7498
vn -0.3716 -0.7426 -0.5571
vn -0.2680 -0.8531 -0.4477
vn -0.4062 -0.8051 -0.4322
vn -0.5577 -0.7069 -0.4351
vn -0.2812 -0.7698 -0.5729
vn -0.3261 -0.7889 -0.5208
vn -0.1142 -0.6458 -0.7549
vn -0.0473 -0.4790 -0.8766
vn -0.2156 -0.8349 -0.5063
vn -0.3524 -0.7899 -0.5020
vn -0.1842 -0.8164 -0.5473
vn -0.1629 -0.7613 -0.6276
vn -0.0484 -0.9974 -0.0541
vn 0.0508 -0.8854 0.4621
vn -0.0082 -0.9926 0.1212
vn -0.0878 -0.7790 -0.6208
vn -0.0430 -0.6818 -0.7303
vn 0.0898 -0.7342 0.6730
vn 0.1154 -0.6956 0.7091
vn -0.0861 -0.8277 -0.5545
vn 0.0117 -0.2450 -0.9695
vn -0.0108 -0.5205 -0.8538
vn 0.0175 -0.9880 0.1532
vn 0.0102 -0.8791 0.4766
vn -0.0173 -0.7655 -0.6432
vn 0.0019 -0.6661 -0.7459
vn 0.0094 -0.6791 0.7340
vn -0.0579 -0.7266 0.6846
vn -0.0010 -0.9931 -0.1170
vn 0.0055 -0.9838 0.1792
vn -0.0218 -0.9076 -0.4192
vn 0.0029 -0.9557 -0.2944
vn -0.0493 -0.9501 -0.3080
vn 0.0011 -0.8986 0.4387
vn -0.0159 -0.9641 -0.2652
vn 0.0064 -0.9901 -0.1404
vn -0.0380 -0.8270 -0.5609
vn 0.0205 -0.8106 -0.5853
vn 0.0256 -0.8464 -0.5319
vn 0.0922 -0.6570 0.7482
vn 0.0022 -0.2285 -0.9735
vn 0.0099 -0.5264 -0.8502
vn -0.0166 -0.9866 0.1620
vn -0.0263 -0.8668 -0.4980
vn 0.0334 -0.8915 -0.4518
vn 0.0383 -0.7656 -0.6421
vn -0.0106 -0.8689 0.4949
vn -0.0167 -0.6304 0.7761
vn 0.0613 -0.9287 -0.3657
vn -0.0625 -0.8678 0.4929
vn 0.0915 -0.9418 -0.3234
vn 0.0913 -0.8289 -0.5519
vn 0.0551 -0.6945 -0.7174
vn 0.0566 -0.9844 -0.1666
vn 0.1256 -0.7931 -0.5960
vn -0.0046 -0.2758 -0.9612
vn 0.0489 -0.5930 -0.8037
vn -0.0727 -0.7096 0.7009
vn -0.1333 -0.6368 0.7594
vn 0.0885 -0.8745 -0.4769
vn 0.1942 -0.8256 -0.5298
vn 0.1850 -0.8646 -0.4672
vn 0.0505 -0.4824 -0.8745
vn 0.0471 -0.9975 -0.0530
vn -0.0000 -0.9869 0.1611
vn 0.1723 -0.7588 -0.6281
vn 0.3428 -0.7927 -0.5040
vn 0.2087 -0.9037 -0.3737
vn 0.3293 -0.7897 -0.5177
vn 0.2139 -0.7271 -0.6524
vn -0.1618 -0.7386 0.6544
vn 0.5167 -0.7131 -0.4738
vn 0.4070 -0.8000 -0.4409
vn 0.5404 -0.7155 -0.4428
vn 0.2133 -0.6280 -0.7484
vn 0.7803 -0.5218 -0.3446
vn 0.7852 -0.4459 -0.4296
vn 0.5697 -0.6875 -0.4502
vn 0.7996 -0.4997 -0.3330
vn 0.7678 -0.5748 -0.2828
vn 0.5502 -0.7017 -0.4526
vn 0.3689 -0.7448 -0.5560
vn 0.5713 -0.6818 -0.4570
vn 0.9697 -0.0996 -0.2231
vn 0.8783 -0.1436 -0.4560
vn 0.9336 -0.3556 -0.0448
vn 0.9179 -0.3966 0.0093
vn -0.0030 0.9856 -0.1692
vn 0.0724 0.7099 -0.7005
vn 0.1523 0.7515 -0.6419
vn 0.0656 0.8867 -0.4577
vn -0.0195 0.8829 -0.4691
vn 0.0053 0.6713 -0.7411
vn 0.0593 0.6635 -0.7458
vn -0.0590 0.8922 -0.4479
vn -0.0633 0.6671 -0.7423
vn -0.1189 0.7106 -0.6934
vn -0.8847 0.4655 0.0259
vn -0.5451 0.7103 0.4453
vn -0.9204 0.3725 0.1187
vn -0.8085 0.5415 0.2303
vn -0.9814 0.0839 -0.1730
vn -0.9687 0.2061 0.1383
vn -0.7923 0.5259 0.3095
vn -0.9430 0.1930 0.2711
vn -0.7644 0.5453 0.3439
vn -0.9673 0.2483 -0.0516
vn -0.8040 0.4816 0.3489
vn -0.9858 0.1284 0.1082
vn -0.8047 0.4237 0.4160
vn -0.9249 0.1920 0.3282
vn -0.9551 0.0123 0.2960
vn -0.3882 0.7389 0.5508
vn -0.5415 0.7232 0.4287
vn -0.5559 0.7047 0.4408
vn -0.5475 0.6915 0.4713
vn -0.3876 0.8088 0.4423
vn -0.5415 0.7034 0.4606
vn 0.0648 -0.4068 0.9112
vn -0.0035 0.2757 0.9612
vn 0.1650 -0.2738 0.9475
vn -0.3315 0.7924 0.5121
vn -0.3152 0.8038 0.5046
vn -0.2200 0.8095 0.5444
vn -0.1708 0.8922 0.4181
vn -0.2880 0.8482 0.4445
vn 0.0538 -0.0285 0.9981
vn 0.0044 0.3116 0.9502
vn -0.0583 0.5911 0.8045
vn -0.0530 0.4428 0.8951
vn -0.1939 0.8279 0.5263
vn -0.1359 0.8796 0.4560
vn -0.1302 0.9509 0.2807
vn 0.0069 0.9917 -0.1285
vn -0.0444 0.9987 0.0255
vn -0.0930 0.8234 0.5597
vn -0.1800 0.7860 0.5914
vn -0.0848 0.8785 0.4701
vn -0.0502 0.9507 0.3062
vn 0.0008 0.9947 0.1023
vn -0.0055 -0.0243 0.9997
vn -0.0376 0.8587 0.5111
vn -0.0042 0.8858 -0.4641
vn 0.0040 0.2452 0.9695
vn -0.0245 0.9081 0.4180
vn 0.0014 0.9570 0.2900
vn 0.0051 0.9802 -0.1978
vn 0.0121 0.5300 0.8479
vn -0.0157 0.6457 0.7634
vn 0.0001 0.4948 0.8690
vn 0.0114 0.7674 0.6411
vn -0.0208 0.8115 0.5839
vn -0.0356 0.7434 0.6679
vn 0.0063 0.9927 0.1205
vn -0.0067 0.8963 -0.4433
vn 0.0087 -0.0565 0.9984
vn -0.0000 0.2464 0.9692
vn 0.0145 0.6774 0.7355
vn 0.0509 0.8132 0.5798
vn -0.0186 -0.1892 0.9818
vn 0.0870 -0.3352 0.9381
vn 0.0840 0.6961 0.7130
vn 0.0746 0.7685 0.6354
vn 0.0938 0.8408 0.5332
vn 0.0316 0.8563 0.5155
vn 0.0490 0.8933 0.4469
vn 0.0628 0.9260 0.3722
vn 0.0089 0.9082 0.4185
vn 0.0837 0.9425 0.3235
vn -0.0073 0.2533 0.9674
vn 0.0442 0.5723 0.8188
vn 0.1274 0.8636 0.4877
vn 0.1152 0.9542 0.2762
vn -0.0085 0.9884 -0.1513
vn -0.0901 -0.3912 0.9159
vn -0.0576 -0.0281 0.9979
vn -0.1472 -0.3276 0.9333
vn 0.1747 0.7939 0.5824
vn 0.1958 0.8247 0.5307
vn 0.1871 0.8647 0.4661
vn 0.0493 0.4811 0.8753
vn 0.2162 0.7276 0.6510
vn 0.3347 0.7873 0.5178
vn 0.3314 0.8002 0.4999
vn 0.2659 0.8483 0.4580
vn 0.0219 0.2664 0.9636
vn 0.2115 0.6232 0.7529
vn 0.5640 0.7075 0.4259
vn 0.5602 0.6980 0.4461
vn 0.5362 0.7065 0.4619
vn 0.3708 0.8178 0.4402
vn 0.2097 0.9444 0.2534
vn 0.0136 0.9907 -0.1354
vn 0.0471 0.9964 0.0706
vn -0.1636 -0.2226 0.9611
vn -0.0181 0.2959 0.9550
vn 0.6291 0.6372 0.4452
vn 0.3742 0.7448 0.5526
vn 0.7627 0.5961 0.2509
vn 0.5394 0.7182 0.4395
vn 0.7669 0.5104 0.3890
vn 0.7776 0.4617 0.4267
vn 0.5353 0.7172 0.4463
vn 0.8448 0.5308 -0.0678
vn 0.9226 0.3855 0.0151
vn 0.6667 0.7180 0.2000
vn 0.9416 0.1725 0.2892
vn 0.7709 0.4571 0.4435
vn 0.2815 0.9475 0.1518
vn 0.0332 -0.0091 0.9994
vn 0.2143 -0.4993 0.8395
vn -0.2301 -0.3816 0.8953
vn -0.2038 -0.1895 0.9605
vn 0.9691 0.2462 -0.0160
vn 0.9350 0.1552 0.3190
vn 0.9655 -0.2529 0.0622
vn 0.9038 -0.2217 0.3661
vn 0.8474 0.0813 0.5248
vn 0.9721 -0.2202 -0.0810
vn 0.9575 0.0469 0.2846
vn 0.9653 0.2136 0.1502
vn 0.9820 -0.1233 0.1429
vn -0.8905 -0.4501 0.0662
vn -0.1629 0.7419 -0.6504
vn -0.0857 0.8933 -0.4412
vn -0.2028 0.5373 -0.8187
vn -0.9722 -0.1753 -0.1549
vn 0.9122 0.3206 -0.2551
vn -0.0191 0.3974 -0.9174
vn -0.9856 0.0692 -0.1541
vn -0.0678 0.1838 -0.9806
vn -0.0922 0.6412 -0.7619
vn 0.7508 -0.5207 -0.4064
vn -0.1116 0.4066 -0.9068
vn -0.9680 -0.2501 0.0208
vn 0.8904 -0.4538 0.0360
vn -0.0784 -0.4043 0.9113
vn -0.7625 -0.6134 -0.2055
vn -0.9097 -0.3387 0.2401
vn 0.9526 -0.1865 -0.2404
vn 0.2342 0.2831 -0.9300
vn 0.2520 0.3692 -0.8945
vn 0.8592 -0.5056 0.0787
vn 0.7432 -0.6266 -0.2345
vn 0.1331 0.6291 -0.7659
vn 0.1504 0.3357 -0.9299
vn -0.3135 -0.6107 -0.7272
vn 0.0105 0.1676 -0.9858
vn 0.3087 -0.5590 -0.7696
vn -0.0849 0.1019 -0.9912
vn 0.0374 -0.8663 0.4982
vn -0.3279 -0.9429 -0.0581
vn -0.7455 -0.5193 -0.4178
vn -0.3218 -0.9306 -0.1743
vn -0.2124 -0.9462 -0.2440
vn -0.1627 -0.9338 -0.3188
vn -0.0628 -0.9785 -0.1962
vn -0.1656 -0.8953 -0.4135
vn -0.1005 -0.8923 -0.4401
vn -0.1154 -0.8596 -0.4978
vn 0.0070 -0.2761 -0.9611
vn -0.0137 -0.2995 -0.9540
vn 0.2117 -0.9464 -0.2438
vn 0.3201 -0.9334 -0.1624
vn -0.0386 -0.9147 0.4022
vn 0.3291 -0.9426 -0.0571
vn 0.9834 -0.1340 -0.1224
vn 0.9575 -0.0129 -0.2883
vn 0.2022 0.9707 0.1302
vn 0.0389 0.9145 -0.4026
vn -0.3287 0.9427 0.0566
vn -0.8252 0.4273 0.3693
vn -0.3140 0.9365 0.1559
vn 0.0322 0.6300 -0.7760
vn -0.8123 0.5398 0.2209
vn -0.3283 0.4475 0.8318
vn -0.3125 0.5402 0.7814
vn -0.2199 0.6235 0.7502
vn -0.2220 0.9411 0.2551
vn -0.1656 0.6826 0.7117
vn -0.2710 0.7589 0.5921
vn -0.0986 0.6946 0.7126
vn -0.0765 0.7545 0.6519
vn 0.1042 -0.4137 0.9044
vn 0.0260 -0.4088 0.9122
vn 0.0025 0.8588 0.5123
vn 0.2523 -0.5677 -0.7836
vn 0.5115 0.7153 0.4761
vn 0.8550 0.4429 0.2699
vn 0.7665 0.5302 0.3624
vn 0.9249 0.3703 -0.0864
vn -0.8997 0.2152 -0.3799
vn -0.1929 0.7049 -0.6826
vn -0.1939 0.3276 -0.9247
vn -0.8879 -0.4280 0.1689
vt 0.128424 0.722603
vt 0.130511 0.722180
vt 0.128197 0.726379
vt 0.131192 0.733333
vt 0.128344 0.750124
vt 0.128541 0.765550
vt 0.131018 0.772580
vt 0.128022 0.775876
vt 0.128608 0.781377
vt 0.131123 0.799366
vt 0.128772 0.804876
vt 0.335411 0.837270
vt 0.332877 0.831379
vt 0.335164 0.831025
vt 0.333953 0.847734
vt 0.335688 0.867392
vt 0.335268 0.863359
vt 0.337533 0.863460
vt 0.339186 0.880071
vt 0.335478 0.870220
vt 0.337791 0.869738
vt 0.124978 0.698196
vt 0.129346 0.695928
vt 0.130229 0.699115
vt 0.121310 0.696346
vt 0.114266 0.698917
vt 0.110583 0.696194
vt 0.332877 0.867750
vt 0.090361 0.701162
vt 0.090695 0.697507
vt 0.093661 0.697525
vt 0.139901 0.693563
vt 0.143376 0.697703
vt 0.106697 0.696497
vt 0.097543 0.693185
vt 0.109898 0.692694
vt 0.093176 0.692159
vt 0.088079 0.697935
vt 0.090616 0.693531
vt 0.125665 0.688126
vt 0.125629 0.692772
vt 0.111508 0.685778
vt 0.098678 0.689184
vt 0.146321 0.693446
vt 0.147309 0.674958
vt 0.148933 0.697897
vt 0.103396 0.680643
vt 0.098431 0.679749
vt 0.722187 0.837245
vt 0.724343 0.854349
vt 0.721868 0.854773
vt 0.114424 0.676791
vt 0.126199 0.749086
vt 0.126370 0.730843
vt 0.091408 0.675301
vt 0.093873 0.669884
vt 0.726837 0.858979
vt 0.724881 0.860442
vt 0.105492 0.664516
vt 0.098615 0.660094
vt 0.721836 0.859480
vt 0.721755 0.864279
vt 0.145370 0.670308
vt 0.142807 0.670041
vt 0.145080 0.661283
vt 0.131496 0.664847
vt 0.138250 0.657126
vt 0.138892 0.681238
vt 0.726635 0.867994
vt 0.724404 0.871036
vt 0.139713 0.670929
vt 0.142671 0.646951
vt 0.114855 0.666950
vt 0.112611 0.653504
vt 0.118598 0.653507
vt 0.721141 0.877618
vt 0.091831 0.658536
vt 0.093977 0.647774
vt 0.145345 0.647098
vt 0.124567 0.664068
vt 0.129799 0.647743
vt 0.104797 0.645106
vt 0.724940 0.881213
vt 0.721579 0.882180
vt 0.137182 0.635834
vt 0.726837 0.882183
vt 0.724311 0.886828
vt 0.140387 0.630432
vt 0.114464 0.640575
vt 0.098248 0.635209
vt 0.143334 0.628534
vt 0.104044 0.634068
vt 0.091396 0.641720
vt 0.093690 0.629354
vt 0.721753 0.901794
vt 0.721117 0.886939
vt 0.130852 0.638715
vt 0.118818 0.630709
vt 0.134508 0.629867
vt 0.126470 0.782663
vt 0.126894 0.800480
vt 0.147219 0.642470
vt 0.146203 0.623791
vt 0.148828 0.619285
vt 0.098581 0.628006
vt 0.126194 0.624653
vt 0.142845 0.622941
vt 0.109884 0.624665
vt 0.094485 0.623184
vt 0.090551 0.623886
vt 0.723868 0.910040
vt 0.721385 0.909862
vt 0.129004 0.621278
vt 0.143323 0.619504
vt 0.108848 0.620996
vt 0.088001 0.619429
vt 0.090636 0.619818
vt 0.125237 0.619216
vt 0.129938 0.618177
vt 0.121917 0.620959
vt 0.114511 0.618249
vt 0.108328 0.618700
vt 0.090320 0.616110
vt 0.093651 0.619780
vt 0.112321 0.830095
vt 0.109386 0.836019
vt 0.109954 0.831214
vt 0.111868 0.845875
vt 0.111280 0.867009
vt 0.107942 0.879407
vt 0.108547 0.868410
vt 0.136108 0.726318
vt 0.134029 0.734618
vt 0.133632 0.726519
vt 0.136563 0.749429
vt 0.137383 0.777002
vt 0.134303 0.776879
vt 0.133568 0.772366
vt 0.136906 0.781341
vt 0.133946 0.796203
vt 0.134478 0.781303
vt 0.338579 0.832452
vt 0.340410 0.830741
vt 0.339106 0.842477
vt 0.342073 0.847182
vt 0.337601 0.846905
vt 0.339841 0.850908
vt 0.342971 0.851529
vt 0.339976 0.853960
vt 0.343062 0.858915
vt 0.340011 0.863306
vt 0.344171 0.866075
vt 0.340819 0.866814
vt 0.343820 0.869849
vt 0.342373 0.881563
vt 0.340600 0.869942
vt 0.747903 0.725652
vt 0.734687 0.724227
vt 0.751095 0.722017
vt 0.344902 0.850751
vt 0.730350 0.725002
vt 0.724942 0.727290
vt 0.722773 0.724718
vt 0.346177 0.866950
vt 0.711495 0.724246
vt 0.698144 0.725607
vt 0.694942 0.721925
vt 0.719063 0.840366
vt 0.716460 0.831435
vt 0.718708 0.832697
vt 0.731374 0.726916
vt 0.731165 0.730497
vt 0.714668 0.730617
vt 0.714789 0.726879
vt 0.731798 0.734826
vt 0.702858 0.733764
vt 0.701517 0.729635
vt 0.716209 0.854199
vt 0.749601 0.749423
vt 0.747953 0.734635
vt 0.750929 0.729790
vt 0.721918 0.736834
vt 0.706701 0.738263
vt 0.697522 0.730304
vt 0.696278 0.749683
vt 0.695072 0.729627
vt 0.727402 0.746309
vt 0.739141 0.736008
vt 0.710542 0.744604
vt 0.702430 0.741994
vt 0.698672 0.753614
vt 0.715540 0.861524
vt 0.713636 0.855390
vt 0.719055 0.755945
vt 0.139233 0.750779
vt 0.137279 0.756010
vt 0.714127 0.866628
vt 0.709145 0.753519
vt 0.702966 0.763890
vt 0.138802 0.760670
vt 0.747209 0.776628
vt 0.744007 0.754553
vt 0.747330 0.754610
vt 0.735860 0.770241
vt 0.728987 0.759014
vt 0.739063 0.751637
vt 0.698616 0.776428
vt 0.136767 0.765700
vt 0.716290 0.876530
vt 0.713506 0.881656
vt 0.742272 0.774350
vt 0.729977 0.777052
vt 0.716282 0.882343
vt 0.718551 0.877437
vt 0.744656 0.792330
vt 0.738570 0.785696
vt 0.721759 0.782107
vt 0.719217 0.772713
vt 0.709919 0.780047
vt 0.704225 0.786793
vt 0.709510 0.768046
vt 0.700951 0.792276
vt 0.749919 0.781132
vt 0.747511 0.793933
vt 0.711464 0.787974
vt 0.697498 0.798001
vt 0.695998 0.777854
vt 0.718928 0.903023
vt 0.715960 0.886319
vt 0.718329 0.886399
vt 0.737918 0.792646
vt 0.723831 0.792327
vt 0.705759 0.794479
vt 0.750601 0.799385
vt 0.746763 0.800047
vt 0.730849 0.798999
vt 0.715060 0.798791
vt 0.701908 0.799129
vt 0.753190 0.804021
vt 0.750576 0.803538
vt 0.734719 0.802471
vt 0.722736 0.801829
vt 0.710723 0.802389
vt 0.697987 0.803518
vt 0.695084 0.803386
vt 0.692437 0.803822
vt 0.695067 0.799165
vt 0.718262 0.910508
vt 0.716210 0.913786
vt 0.715975 0.910028
vt 0.750876 0.807206
vt 0.747735 0.803636
vt 0.733936 0.804976
vt 0.729578 0.801651
vt 0.727889 0.804677
vt 0.711602 0.805003
vt 0.694798 0.807078
vt 0.627301 0.278265
vt 0.627301 0.268998
vt 0.629874 0.274191
vt 0.104793 0.827183
vt 0.106652 0.833018
vt 0.104417 0.829709
vt 0.103633 0.845927
vt 0.102674 0.867861
vt 0.104619 0.879194
vt 0.101921 0.884742
vt 0.691849 0.810291
vt 0.692063 0.807612
vt 0.718540 0.828232
vt 0.720168 0.822921
vt 0.719990 0.918566
vt 0.718347 0.917758
vt 0.106119 0.862147
vt 0.105855 0.852280
vt 0.108389 0.852520
vt 0.105697 0.891927
vt 0.104115 0.891116
vt 0.104125 0.888327
vt 0.108403 0.865163
vt 0.105707 0.868512
vt 0.105313 0.864903
vt 0.106263 0.879513
vt 0.339090 0.884718
vt 0.134387 0.803568
vt 0.134518 0.808152
vt 0.132875 0.813483
vt 0.336787 0.851027
vt 0.108783 0.824850
vt 0.131225 0.777057
vt 0.337041 0.836571
vt 0.129364 0.758970
vt 0.133526 0.758639
vt 0.110242 0.828249
vt 0.131752 0.781776
vt 0.337462 0.853883
vt 0.107548 0.885211
vt 0.719328 0.863888
vt 0.339148 0.887762
vt 0.341000 0.890909
vt 0.108643 0.862003
vt 0.130573 0.718640
vt 0.132219 0.717835
vt 0.107346 0.891266
vt 0.107537 0.887949
vt 0.133342 0.749542
vt 0.130813 0.750091
vt 0.085790 0.702071
vt 0.087682 0.701703
vt 0.088007 0.704271
vt 0.084880 0.705598
vt 0.128657 0.754286
vt 0.129081 0.808697
vt 0.131206 0.808175
vt 0.151067 0.701128
vt 0.152534 0.706469
vt 0.148829 0.704270
vt 0.149184 0.701623
vt 0.146261 0.703211
vt 0.146514 0.701262
vt 0.333727 0.853106
vt 0.091376 0.702946
vt 0.336713 0.886294
vt 0.721851 0.828243
vt 0.724062 0.827728
vt 0.724023 0.831448
vt 0.146187 0.697429
vt 0.110221 0.698454
vt 0.107273 0.698914
vt 0.143068 0.693066
vt 0.143418 0.688623
vt 0.139105 0.689610
vt 0.134553 0.681914
vt 0.127726 0.681196
vt 0.089622 0.674208
vt 0.726095 0.835859
vt 0.125646 0.756297
vt 0.091978 0.668105
vt 0.126247 0.765856
vt 0.125864 0.775416
vt 0.091944 0.648982
vt 0.725980 0.905497
vt 0.146128 0.619741
vt 0.089537 0.642951
vt 0.723891 0.913810
vt 0.721655 0.913372
vt 0.146424 0.615945
vt 0.149114 0.615521
vt 0.087612 0.615599
vt 0.148757 0.612924
vt 0.152534 0.610803
vt 0.150945 0.615979
vt 0.145484 0.614215
vt 0.109042 0.849084
vt 0.108676 0.846011
vt 0.112321 0.850332
vt 0.110943 0.860992
vt 0.090517 0.613990
vt 0.087936 0.612924
vt 0.110104 0.885147
vt 0.690159 0.807156
vt 0.689251 0.811554
vt 0.690404 0.722011
vt 0.688808 0.716862
vt 0.692595 0.718958
vt 0.692255 0.721513
vt 0.133892 0.723011
vt 0.136107 0.722547
vt 0.133937 0.754171
vt 0.136964 0.804858
vt 0.136709 0.808642
vt 0.753418 0.719045
vt 0.757137 0.716862
vt 0.755653 0.722188
vt 0.753758 0.721677
vt 0.749266 0.720853
vt 0.699125 0.721413
vt 0.344571 0.885603
vt 0.716435 0.827704
vt 0.753489 0.725415
vt 0.750745 0.725855
vt 0.715498 0.725196
vt 0.692547 0.725281
vt 0.695253 0.725701
vt 0.747612 0.730203
vt 0.744440 0.729698
vt 0.745123 0.735736
vt 0.751888 0.748211
vt 0.138196 0.730704
vt 0.739604 0.742082
vt 0.719345 0.854344
vt 0.718806 0.859289
vt 0.749870 0.760662
vt 0.696022 0.759580
vt 0.719243 0.764331
vt 0.749716 0.775690
vt 0.139233 0.778944
vt 0.713901 0.887098
vt 0.714116 0.905360
vt 0.138898 0.800242
vt 0.751652 0.780339
vt 0.694057 0.780286
vt 0.085697 0.616066
vt 0.084792 0.611669
vt 0.715904 0.801643
vt 0.753566 0.807774
vt 0.730873 0.804451
vt 0.715555 0.804114
vt 0.103842 0.848851
vt 0.103311 0.851806
vt 0.100692 0.849477
vt 0.102298 0.863792
vt 0.106094 0.846341
vt 0.337961 0.828059
vt 0.335918 0.824129
vt 0.342440 0.887489
vt 0.134496 0.812539
vt 0.107100 0.825274
vt 0.131262 0.812558
vt 0.339339 0.890553
vt 0.334663 0.828332
s 1
usemtl bed
f 1101/1734/705 1092/1735/706 1119/1736/707
f 1091/1737/708 1132/1738/709 1119/1736/707
f 1149/1739/710 1089/1740/711 1157/1741/712
f 1169/1742/713 1087/1743/714 1190/1744/715
f 1065/1745/716 1094/1746/717 1343/1747/718
f 1065/1745/716 1095/1748/719 1094/1746/717
f 1098/1749/720 1097/1750/721 1061/1751/722
f 1354/1752/723 1099/1753/724 1060/1754/725
f 1096/1755/726 1104/1756/727 1095/1757/719
f 1096/1755/726 1105/1758/728 1104/1756/727
f 1097/1759/721 1106/1760/729 1105/1758/728
f 1098/1749/720 1106/1761/729 1097/1750/721
f 1100/1762/730 1109/1763/731 1108/1764/732
f 1104/1756/727 1111/1765/733 1103/1766/734
f 1107/1767/735 1114/1768/736 1113/1769/737
f 1108/1764/732 1125/1770/738 1114/1768/736
f 1109/1763/731 1119/1771/707 1121/1772/739
f 1113/1769/737 1117/1773/740 1112/1774/741
f 1113/1769/737 1120/1775/742 1117/1773/740
f 1113/1769/737 1118/1776/743 1120/1775/742
f 1114/1768/736 1125/1770/738 1118/1776/743
f 1122/1777/744 1126/1778/745 1115/1779/746
f 1118/1776/743 1130/1780/747 1120/1775/742
f 1118/1776/743 1134/1781/748 1130/1780/747
f 1118/1776/743 1125/1770/738 1134/1781/748
f 1068/1782/749 1126/1783/745 1069/1784/750
f 1120/1775/742 1130/1780/747 1129/1785/751
f 1132/1738/709 1131/1786/752 1121/1787/739
f 1125/1770/738 1131/1788/752 1142/1789/753
f 1133/1790/754 1136/1791/755 1126/1783/745
f 1130/1780/747 1134/1781/748 1147/1792/756
f 1134/1781/748 1142/1789/753 1150/1793/757
f 1070/1794/758 1136/1791/755 1071/1795/759
f 1133/1796/754 1137/1797/760 1144/1798/761
f 1145/1799/762 1152/1800/763 1124/1801/764
f 1136/1791/755 1144/1802/761 1143/1803/765
f 1141/1804/766 1159/1805/767 1137/1797/760
f 1138/1806/768 1155/1807/769 1154/1808/770
f 1138/1806/768 1147/1792/756 1155/1807/769
f 1071/1795/759 1143/1803/765 1072/1809/771
f 1148/1810/772 1161/1811/773 1142/1789/753
f 1144/1798/761 1159/1805/767 1158/1812/774
f 1146/1813/775 1154/1808/770 1153/1814/776
f 1150/1793/757 1160/1815/777 1147/1792/756
f 1151/1816/778 1073/1817/779 1072/1809/771
f 1152/1800/763 1153/1814/776 1166/1818/780
f 1151/1816/778 1158/1819/774 1165/1820/781
f 1152/1800/763 1166/1818/780 1171/1821/782
f 1155/1807/769 1163/1822/783 1154/1808/770
f 1160/1815/777 1163/1822/783 1155/1807/769
f 1161/1811/773 1168/1823/784 1150/1793/757
f 1159/1805/767 1171/1821/782 1170/1824/785
f 1168/1823/784 1167/1825/786 1160/1815/777
f 1164/1826/787 1175/1827/788 1161/1811/773
f 1165/1820/781 1075/1828/789 1074/1829/790
f 1162/1830/791 1173/1831/792 1172/1832/793
f 1164/1833/787 1169/1742/713 1181/1834/794
f 1165/1835/781 1176/1836/795 1182/1837/796
f 1168/1823/784 1174/1838/797 1167/1825/786
f 1175/1827/788 1174/1838/797 1168/1823/784
f 1172/1832/793 1178/1839/798 1177/1840/799
f 1173/1831/792 1179/1841/800 1178/1839/798
f 1174/1838/797 1179/1841/800 1173/1831/792
f 1175/1827/788 1180/1842/801 1174/1838/797
f 1181/1843/794 1180/1842/801 1175/1827/788
f 1075/1828/789 1182/1844/796 1076/1845/802
f 1177/1840/799 1185/1846/803 1184/1847/804
f 1180/1842/801 1187/1848/805 1179/1841/800
f 1190/1849/715 1189/1850/806 1181/1843/794
f 1185/1846/803 1194/1851/807 1193/1852/808
f 1186/1853/809 1194/1851/807 1185/1846/803
f 1186/1853/809 1195/1854/810 1194/1851/807
f 1187/1848/805 1196/1855/811 1195/1854/810
f 1189/1850/806 1197/1856/812 1188/1857/813
f 1192/1858/814 1342/1859/815 1361/1860/816
f 1193/1861/808 1342/1859/815 1192/1858/814
f 1196/1862/811 1083/1863/817 1082/1864/818
f 1257/1865/819 1235/1866/820 1349/1867/821
f 1270/1868/822 1235/1866/820 1257/1865/819
f 1293/1869/823 1232/1870/824 1233/1871/825
f 1305/1872/826 1230/1873/827 1231/1874/828
f 1211/1875/829 1238/1876/830 1210/1877/831
f 1210/1877/831 1239/1878/832 1064/1879/833
f 1209/1880/834 1240/1881/835 1208/1882/836
f 1208/1882/836 1241/1883/837 1207/1884/838
f 1242/1885/839 1356/1886/840 1207/1884/838
f 1243/1887/841 1205/1888/842 1206/1889/843
f 1246/1890/844 1239/1891/832 1238/1892/830
f 1247/1893/845 1240/1881/835 1239/1878/832
f 1240/1894/835 1248/1895/846 1241/1896/837
f 1242/1885/839 1249/1897/847 1243/1887/841
f 1243/1898/841 1250/1899/848 1244/1900/849
f 1214/1901/850 1258/1902/851 1213/1903/852
f 1247/1904/845 1254/1905/853 1248/1895/846
f 1248/1895/846 1255/1906/854 1249/1907/847
f 1260/1908/855 1255/1906/854 1254/1905/853
f 1255/1906/854 1261/1909/856 1256/1910/857
f 1214/1901/850 1271/1911/858 1258/1902/851
f 1274/1912/859 1267/1913/860 1259/1914/861
f 1264/1915/862 1265/1916/863 1261/1909/856
f 1266/1917/864 1276/1918/865 1262/1919/866
f 1272/1920/867 1264/1915/862 1263/1921/868
f 1264/1915/862 1273/1922/869 1265/1916/863
f 1275/1923/870 1283/1924/871 1266/1917/864
f 1278/1925/872 1274/1926/859 1271/1911/858
f 1272/1920/867 1281/1927/873 1273/1922/869
f 1276/1928/865 1277/1929/874 1270/1868/822
f 1278/1925/872 1285/1930/875 1274/1926/859
f 1282/1931/876 1292/1932/877 1275/1923/870
f 1290/1933/878 1277/1929/874 1276/1928/865
f 1297/1934/879 1286/1935/880 1279/1936/881
f 1295/1937/882 1287/1938/883 1280/1939/884
f 1292/1932/877 1301/1940/885 1283/1924/871
f 1290/1933/878 1284/1941/886 1277/1929/874
f 1291/1942/887 1294/1943/888 1285/1930/875
f 1297/1934/879 1298/1944/889 1286/1935/880
f 1295/1937/882 1299/1945/890 1287/1938/883
f 1218/1946/891 1291/1942/887 1217/1947/892
f 1218/1946/891 1294/1943/888 1291/1942/887
f 1297/1934/879 1311/1948/893 1298/1944/889
f 1298/1944/889 1307/1949/894 1295/1937/882
f 1299/1945/890 1303/1950/895 1296/1951/896
f 1303/1950/895 1300/1952/897 1296/1951/896
f 1300/1952/897 1309/1953/898 1289/1954/899
f 1315/1955/900 1301/1940/885 1292/1932/877
f 1302/1956/901 1310/1957/902 1297/1934/879
f 1311/1948/893 1307/1949/894 1298/1944/889
f 1307/1949/894 1303/1950/895 1299/1945/890
f 1308/1958/903 1300/1952/897 1303/1950/895
f 1321/1959/904 1304/1960/905 1301/1940/885
f 1358/1961/906 1306/1962/907 1219/1963/908
f 1307/1949/894 1312/1964/909 1303/1950/895
f 1313/1965/910 1308/1958/903 1303/1950/895
f 1308/1958/903 1309/1953/898 1300/1952/897
f 1311/1948/893 1312/1964/909 1307/1949/894
f 1314/1966/911 1309/1953/898 1308/1958/903
f 1314/1966/911 1315/1955/900 1309/1953/898
f 1316/1967/912 1317/1968/913 1310/1957/902
f 1310/1957/902 1317/1968/913 1311/1948/893
f 1311/1948/893 1317/1968/913 1312/1964/909
f 1312/1964/909 1318/1969/914 1313/1965/910
f 1319/1970/915 1314/1966/911 1313/1965/910
f 1320/1971/916 1315/1955/900 1314/1966/911
f 1320/1971/916 1321/1959/904 1315/1955/900
f 1324/1972/917 1325/1973/918 1316/1967/912
f 1317/1968/913 1327/1974/919 1318/1969/914
f 1329/1975/920 1319/1970/915 1318/1969/914
f 1331/1976/921 1320/1971/916 1319/1970/915
f 1332/1977/922 1321/1959/904 1320/1971/916
f 1333/1978/923 1323/1979/924 1322/1980/925
f 1220/1981/926 1335/1982/927 1324/1983/917
f 1325/1973/918 1336/1984/928 1326/1985/929
f 1337/1986/930 1327/1974/919 1326/1985/929
f 1328/1987/931 1338/1988/932 1329/1975/920
f 1331/1976/921 1340/1989/933 1332/1977/922
f 1341/1990/934 1333/1978/923 1332/1977/922
f 1201/1991/935 1221/1992/936 1335/1993/937
f 1335/1994/937 1221/1995/936 1336/1996/928
f 1221/1995/936 1337/1997/930 1336/1996/928
f 1340/1998/933 1226/1999/938 1341/2000/934
f 1227/2001/939 1334/2002/940 1341/1990/934
f 1213/1903/852 1212/2003/941 1200/2004/942
f 1360/2005/943 1201/2006/944 1220/1981/926
f 1348/2007/945 1224/2008/946 1347/2009/947
f 1357/2010/948 1202/2011/949 1227/2012/939
f 1091/1737/708 1349/1867/821 1235/1866/820
f 1081/2013/950 1351/2014/951 1225/2015/952
f 1355/2016/953 1226/1999/938 1351/2014/951
f 1354/1752/723 1205/1888/842 1353/2017/954
f 1206/1889/843 1205/1888/842 1354/1752/723
f 1229/2018/955 1228/2019/956 1357/2020/957
f 1074/1829/790 1358/1961/906 1219/1963/908
f 1063/2021/958 1064/1879/833 1209/1880/834
f 1361/1860/816 1221/1995/936 1360/2022/959
f 1233/1871/825 1232/1870/824 1088/2023/960
f 1342/1859/815 1221/1995/936 1361/1860/816
f 1362/2024/961 1211/1875/829 1210/1877/831
f 1140/2025/962 1234/2026/963 1089/1740/711
f 1343/1747/718 1362/2024/961 1065/1745/716
f 1065/1745/716 1362/2024/961 1064/1879/833
f 1078/2027/964 1361/1860/816 1360/2022/959
f 1087/1743/714 1359/2028/965 1230/1873/827
f 1076/1845/802 1358/1961/906 1075/1828/789
f 1087/1743/714 1230/1873/827 1229/2018/955
f 1061/1751/722 1062/2029/966 1207/1884/838
f 1084/2030/967 1355/2016/953 1083/1863/817
f 1072/1809/771 1216/2031/968 1071/1795/759
f 1083/1863/817 1355/2016/953 1082/1864/818
f 1059/2032/969 1353/2017/954 1350/2033/970
f 1081/2013/950 1348/2007/945 1080/2034/971
f 1057/2035/972 1350/2036/973 1092/1735/706
f 1058/2037/974 1357/2010/948 1085/2038/975
f 1080/2034/971 1348/2007/945 1347/2009/947
f 1068/1782/749 1214/1901/850 1213/1903/852
f 1091/1737/708 1346/2039/976 1090/2040/977
f 1220/1981/926 1201/2006/944 1335/1982/927
f 1092/2041/706 1101/2042/705 1059/2043/969 1057/2044/978
f 1169/1742/713 1157/1741/712 1088/2023/960 1359/2028/965
f 1119/1736/707 1092/1735/706 1091/1737/708
f 1091/1737/708 1090/2040/977 1132/1738/709
f 1132/1738/709 1090/2040/977 1135/2045/979
f 1140/2025/962 1089/1740/711 1149/1739/710
f 1157/1741/712 1089/1740/711 1088/2023/960
f 1198/2046/980 1190/1744/715 1087/1743/714 1086/2047/981
f 1169/1742/713 1359/2028/965 1087/1743/714
f 1067/2048/982 1200/2049/983 1066/2050/984 1093/2051/985
f 1093/2051/985 1066/2050/984 1343/2052/718 1094/2053/717
f 1095/1748/719 1064/1879/833 1063/2021/958 1096/2054/726
f 1065/1745/716 1064/1879/833 1095/1748/719
f 1097/1750/721 1096/2054/726 1062/2029/966 1061/1751/722
f 1063/2021/958 1062/2029/966 1096/2054/726
f 1101/2042/705 1100/1762/730 1353/2055/954 1059/2043/969
f 1098/1749/720 1060/1754/725 1099/1753/724
f 1354/1752/723 1100/2056/730 1099/1753/724
f 1354/1752/723 1353/2017/954 1100/2056/730
f 1068/1782/749 1067/2057/982 1093/2058/985 1115/2059/746
f 1115/1779/746 1093/2051/985 1094/2053/717 1102/2060/986
f 1103/1766/734 1094/2053/717 1095/1757/719 1104/1756/727
f 1094/2053/717 1103/1766/734 1102/2060/986
f 1107/1767/735 1106/1760/729 1098/2061/720 1099/2062/724
f 1096/1755/726 1097/1759/721 1105/1758/728
f 1119/1771/707 1109/1763/731 1100/1762/730 1101/2042/705
f 1099/2062/724 1108/1764/732 1107/1767/735
f 1099/2062/724 1100/1762/730 1108/1764/732
f 1122/1777/744 1102/2060/986 1103/1766/734 1110/2063/987
f 1102/2060/986 1122/1777/744 1115/1779/746
f 1121/1772/739 1125/1770/738 1108/1764/732 1109/1763/731
f 1103/1766/734 1111/1765/733 1110/2063/987
f 1104/1756/727 1112/1774/741 1111/1765/733
f 1104/1756/727 1105/1758/728 1112/1774/741
f 1105/1758/728 1113/1769/737 1112/1774/741
f 1105/1758/728 1106/1760/729 1113/1769/737
f 1106/1760/729 1107/1767/735 1113/1769/737
f 1107/1767/735 1108/1764/732 1114/1768/736
f 1123/2064/988 1110/2063/987 1111/1765/733 1116/2065/989
f 1110/2063/987 1123/2064/988 1122/1777/744
f 1116/2065/989 1111/1765/733 1112/1774/741 1117/1773/740
f 1127/2066/990 1116/2065/989 1117/1773/740 1128/2067/991
f 1113/1769/737 1114/1768/736 1118/1776/743
f 1068/1782/749 1115/2059/746 1126/1783/745
f 1116/2065/989 1124/1801/764 1123/2064/988
f 1116/2065/989 1127/2066/990 1124/1801/764
f 1133/1796/754 1122/1777/744 1123/2064/988 1137/1797/760
f 1117/1773/740 1120/1775/742 1128/2067/991
f 1121/1772/739 1119/1771/707 1132/2068/709
f 1120/1775/742 1129/1785/751 1128/2067/991
f 1125/1770/738 1121/1772/739 1131/1788/752
f 1126/1783/745 1122/2069/744 1133/1790/754
f 1137/1797/760 1123/2064/988 1124/1801/764 1141/1804/766
f 1070/1794/758 1069/1784/750 1126/1783/745 1136/1791/755
f 1134/1781/748 1125/1770/738 1142/1789/753
f 1145/1799/762 1127/2066/990 1128/2067/991 1146/1813/775
f 1127/2066/990 1145/1799/762 1124/1801/764
f 1146/1813/775 1128/2067/991 1129/1785/751 1138/1806/768
f 1147/1792/756 1138/1806/768 1129/1785/751 1130/1780/747
f 1135/2045/979 1139/2070/992 1131/1786/752 1132/1738/709
f 1142/1789/753 1131/1788/752 1139/2071/992
f 1149/1739/710 1148/2072/772 1139/2070/992 1140/2025/962
f 1136/1791/755 1133/1790/754 1144/1802/761
f 1124/1801/764 1152/1800/763 1141/1804/766
f 1147/1792/756 1134/1781/748 1150/1793/757
f 1135/2045/979 1140/2025/962 1139/2070/992
f 1071/1795/759 1136/1791/755 1143/1803/765
f 1137/1797/760 1159/1805/767 1144/1798/761
f 1138/1806/768 1154/1808/770 1146/1813/775
f 1142/1789/753 1139/2071/992 1148/1810/772
f 1158/1819/774 1151/1816/778 1143/1803/765 1144/1802/761
f 1141/1804/766 1152/1800/763 1159/1805/767
f 1142/1789/753 1161/1811/773 1150/1793/757
f 1143/1803/765 1151/1816/778 1072/1809/771
f 1157/1741/712 1156/2073/993 1148/2072/772 1149/1739/710
f 1152/1800/763 1145/1799/762 1153/1814/776
f 1145/1799/762 1146/1813/775 1153/1814/776
f 1147/1792/756 1160/1815/777 1155/1807/769
f 1148/1810/772 1156/2074/993 1161/1811/773
f 1165/1820/781 1074/1829/790 1073/1817/779 1151/1816/778
f 1150/1793/757 1168/1823/784 1160/1815/777
f 1163/1822/783 1162/1830/791 1153/1814/776 1154/1808/770
f 1159/1805/767 1152/1800/763 1171/1821/782
f 1166/1818/780 1153/1814/776 1162/1830/791
f 1164/1833/787 1156/2073/993 1157/1741/712 1169/1742/713
f 1156/2074/993 1164/1826/787 1161/1811/773
f 1170/1824/785 1176/1836/795 1158/1812/774 1159/1805/767
f 1158/1819/774 1176/2075/795 1165/1820/781
f 1184/1847/804 1183/2076/994 1176/1836/795 1177/1840/799
f 1160/1815/777 1167/1825/786 1163/1822/783
f 1161/1811/773 1175/1827/788 1168/1823/784
f 1166/1818/780 1162/1830/791 1172/1832/793
f 1162/1830/791 1163/1822/783 1173/1831/792
f 1163/1822/783 1167/1825/786 1173/1831/792
f 1164/1826/787 1181/1843/794 1175/1827/788
f 1165/1820/781 1182/1844/796 1075/1828/789
f 1171/1821/782 1166/1818/780 1172/1832/793
f 1167/1825/786 1174/1838/797 1173/1831/792
f 1169/2077/713 1190/1849/715 1181/1843/794
f 1176/1836/795 1170/1824/785 1177/1840/799
f 1170/1824/785 1171/1821/782 1177/1840/799
f 1171/1821/782 1172/1832/793 1177/1840/799
f 1172/1832/793 1173/1831/792 1178/1839/798
f 1174/1838/797 1180/1842/801 1179/1841/800
f 1182/1837/796 1176/1836/795 1183/2076/994
f 1188/1857/813 1180/1842/801 1181/1843/794 1189/1850/806
f 1177/1840/799 1178/1839/798 1185/1846/803
f 1178/1839/798 1186/1853/809 1185/1846/803
f 1178/1839/798 1179/1841/800 1186/1853/809
f 1179/1841/800 1187/1848/805 1186/1853/809
f 1180/1842/801 1188/1857/813 1187/1848/805
f 1191/2078/995 1077/2079/996 1076/1845/802 1182/1844/796
f 1192/2080/814 1191/2081/995 1182/1837/796 1183/2076/994
f 1193/1852/808 1192/2080/814 1184/1847/804 1185/1846/803
f 1183/2076/994 1184/1847/804 1192/2080/814
f 1197/1856/812 1189/1850/806 1190/1849/715 1198/2082/980
f 1186/1853/809 1187/1848/805 1195/1854/810
f 1187/1848/805 1188/1857/813 1196/1855/811
f 1188/1857/813 1197/1856/812 1196/1855/811
f 1078/2083/964 1360/2084/997 1077/2085/996 1191/2081/995
f 1361/2086/816 1078/2083/964 1191/2081/995 1192/2080/814
f 1079/2087/998 1345/2088/999 1193/1861/808 1194/2089/807
f 1193/1861/808 1345/2088/999 1342/1859/815
f 1347/2009/947 1194/2089/807 1195/2090/810 1080/2034/971
f 1194/2089/807 1347/2009/947 1079/2087/998
f 1081/2013/950 1080/2034/971 1195/2090/810 1196/1862/811
f 1084/2091/967 1197/1856/812 1198/2082/980 1085/2092/975
f 1196/1862/811 1082/1864/818 1081/2013/950
f 1196/1862/811 1197/2093/812 1083/1863/817
f 1197/2093/812 1084/2030/967 1083/1863/817
f 1228/2094/956 1334/2002/940 1227/2001/939 1202/2095/1000
f 1203/2096/1001 1350/2097/1002 1204/2098/1003 1236/2099/1004
f 1349/1867/821 1203/2100/1001 1236/2101/1004 1257/1865/819
f 1344/2102/1005 1346/2039/976 1270/1868/822 1277/1929/874
f 1270/1868/822 1346/2039/976 1235/1866/820
f 1234/2026/963 1277/1929/874 1284/1941/886 1233/1871/825
f 1277/1929/874 1234/2026/963 1344/2102/1005
f 1232/1870/824 1293/1869/823 1305/1872/826 1231/1874/828
f 1284/1941/886 1293/1869/823 1233/1871/825
f 1229/2018/955 1323/2103/924 1334/2104/940 1228/2019/956
f 1305/1872/826 1323/2103/924 1230/1873/827
f 1323/2103/924 1229/2018/955 1230/1873/827
f 1199/2105/1006 1200/2106/1007 1212/2107/941 1237/2108/1008
f 1211/2109/829 1199/2105/1006 1237/2108/1008 1238/1892/830
f 1209/1880/834 1064/1879/833 1239/1878/832 1240/1881/835
f 1210/1877/831 1238/1876/830 1239/1878/832
f 1243/1887/841 1206/1889/843 1356/1886/840 1242/1885/839
f 1208/1882/836 1240/1881/835 1241/1883/837
f 1241/1883/837 1242/1885/839 1207/1884/838
f 1236/2099/1004 1204/2098/1003 1205/2110/842 1244/1900/849
f 1243/1887/841 1244/2111/849 1205/1888/842
f 1237/2112/1008 1212/2003/941 1213/1903/852 1258/1902/851
f 1238/1892/830 1237/2108/1008 1258/2113/851 1245/2114/1009
f 1249/1907/847 1242/2115/839 1241/1896/837 1248/1895/846
f 1245/2114/1009 1246/1890/844 1238/1892/830
f 1239/1891/832 1246/1890/844 1247/1904/845
f 1240/1894/835 1247/1904/845 1248/1895/846
f 1257/2116/819 1236/2099/1004 1244/1900/849 1251/2117/1010
f 1249/1907/847 1250/1899/848 1243/1898/841
f 1244/1900/849 1250/1899/848 1251/2117/1010
f 1246/1890/844 1245/2114/1009 1259/1914/861 1252/2118/1011
f 1258/2113/851 1259/1914/861 1245/2114/1009
f 1247/1904/845 1246/1890/844 1253/2119/1012 1254/1905/853
f 1252/2118/1011 1253/2119/1012 1246/1890/844
f 1256/1910/857 1250/1899/848 1249/1907/847 1255/1906/854
f 1254/1905/853 1255/1906/854 1248/1895/846
f 1262/1919/866 1251/2117/1010 1250/1899/848 1266/1917/864
f 1250/1899/848 1256/1910/857 1266/1917/864
f 1253/2119/1012 1252/2118/1011 1267/1913/860 1268/2120/1013
f 1251/2117/1010 1262/1919/866 1257/2116/819
f 1259/1914/861 1267/1913/860 1252/2118/1011
f 1254/1905/853 1253/2119/1012 1263/1921/868 1260/1908/855
f 1268/2120/1013 1263/1921/868 1253/2119/1012
f 1259/1914/861 1258/2113/851 1271/2121/858 1274/1912/859
f 1260/1908/855 1264/1915/862 1255/1906/854
f 1255/1906/854 1264/1915/862 1261/1909/856
f 1256/1910/857 1261/1909/856 1266/1917/864
f 1270/1868/822 1257/1865/819 1262/2122/866 1276/1928/865
f 1268/2120/1013 1269/2123/1014 1263/1921/868
f 1263/1921/868 1264/1915/862 1260/1908/855
f 1261/1909/856 1265/1916/863 1275/1923/870
f 1261/1909/856 1275/1923/870 1266/1917/864
f 1268/2120/1013 1267/1913/860 1279/1936/881 1286/1935/880
f 1214/1901/850 1215/2124/1015 1271/1911/858
f 1269/2123/1014 1272/1920/867 1263/1921/868
f 1264/1915/862 1272/1920/867 1273/1922/869
f 1265/1916/863 1273/1922/869 1275/1923/870
f 1266/1917/864 1283/1924/871 1276/1918/865
f 1274/1912/859 1279/1936/881 1267/1913/860
f 1269/2123/1014 1268/2120/1013 1286/1935/880 1280/1939/884
f 1271/1911/858 1215/2124/1015 1352/2125/1016 1278/1925/872
f 1272/1920/867 1269/2123/1014 1280/1939/884 1287/1938/883
f 1291/1942/887 1278/1925/872 1216/2031/968 1217/1947/892
f 1287/1938/883 1281/1927/873 1272/1920/867
f 1273/1922/869 1281/1927/873 1282/1931/876
f 1273/1922/869 1282/1931/876 1275/1923/870
f 1275/1923/870 1292/1932/877 1283/1924/871
f 1352/2125/1016 1216/2031/968 1278/1925/872
f 1274/1912/859 1285/2126/875 1279/1936/881
f 1283/1924/871 1290/2127/878 1276/1918/865
f 1289/1954/899 1282/1931/876 1281/1927/873 1288/2128/1017
f 1278/1925/872 1291/1942/887 1285/1930/875
f 1285/2126/875 1297/1934/879 1279/1936/881
f 1286/1935/880 1298/1944/889 1280/1939/884
f 1298/1944/889 1295/1937/882 1280/1939/884
f 1287/1938/883 1288/2128/1017 1281/1927/873
f 1296/1951/896 1288/2128/1017 1287/1938/883 1299/1945/890
f 1282/1931/876 1289/1954/899 1292/1932/877
f 1283/1924/871 1301/1940/885 1290/2127/878
f 1285/2126/875 1294/2129/888 1297/1934/879
f 1289/1954/899 1288/2128/1017 1296/1951/896 1300/1952/897
f 1293/1869/823 1284/1941/886 1290/1933/878 1304/2130/905
f 1301/1940/885 1304/1960/905 1290/2127/878
f 1302/2131/901 1294/1943/888 1218/1946/891 1306/1962/907
f 1289/1954/899 1309/1953/898 1292/1932/877
f 1218/1946/891 1219/1963/908 1306/1962/907
f 1326/1985/929 1317/1968/913 1316/1967/912 1325/1973/918
f 1294/2129/888 1302/1956/901 1297/1934/879
f 1295/1937/882 1307/1949/894 1299/1945/890
f 1309/1953/898 1315/1955/900 1292/1932/877
f 1304/2130/905 1305/1872/826 1293/1869/823
f 1297/1934/879 1310/1957/902 1311/1948/893
f 1315/1955/900 1321/1959/904 1301/1940/885
f 1306/1962/907 1316/2132/912 1302/2131/901
f 1302/1956/901 1316/1967/912 1310/1957/902
f 1303/1950/895 1312/1964/909 1313/1965/910
f 1321/1959/904 1322/1980/925 1304/1960/905
f 1304/2130/905 1322/2133/925 1305/1872/826
f 1358/1961/906 1324/1983/917 1306/1962/907
f 1306/2134/907 1324/1972/917 1316/1967/912
f 1313/1965/910 1314/1966/911 1308/1958/903
f 1322/1980/925 1323/1979/924 1305/2135/826
f 1312/1964/909 1317/1968/913 1318/1969/914
f 1318/1969/914 1319/1970/915 1313/1965/910
f 1319/1970/915 1320/1971/916 1314/1966/911
f 1085/2092/975 1198/2082/980 1086/2136/981 1058/2137/1018
f 1358/1961/906 1220/1981/926 1324/1983/917
f 1322/1980/925 1321/1959/904 1332/1977/922 1333/1978/923
f 1317/1968/913 1326/1985/929 1327/1974/919
f 1318/1969/914 1327/1974/919 1328/1987/931
f 1318/1969/914 1328/1987/931 1329/1975/920
f 1329/1975/920 1330/2138/1019 1319/1970/915
f 1330/2138/1019 1331/1976/921 1319/1970/915
f 1331/1976/921 1332/1977/922 1320/1971/916
f 1336/1984/928 1325/1973/918 1324/1972/917 1335/2139/927
f 1223/2140/1020 1328/1987/931 1327/1974/919 1337/1986/930
f 1326/1985/929 1336/1984/928 1337/1986/930
f 1339/2141/1021 1330/2138/1019 1329/1975/920 1338/1988/932
f 1223/2142/1020 1338/2143/932 1328/2144/931
f 1331/1976/921 1330/2138/1019 1339/2141/1021 1340/1989/933
f 1323/1979/924 1333/1978/923 1341/1990/934 1334/2002/940
f 1340/1989/933 1341/1990/934 1332/1977/922
f 1348/2007/945 1339/2145/1021 1338/2143/932 1224/2008/946
f 1221/1995/936 1222/2146/1022 1337/1997/930
f 1337/1997/930 1222/2146/1022 1223/2142/1020
f 1223/2142/1020 1224/2008/946 1338/2143/932
f 1340/1998/933 1339/2145/1021 1225/2015/952 1351/2014/951
f 1339/2145/1021 1348/2007/945 1225/2015/952
f 1221/1995/936 1342/1859/815 1345/2088/999 1222/2146/1022
f 1340/1998/933 1351/2014/951 1226/1999/938
f 1226/1999/938 1227/2012/939 1341/2000/934
f 1199/2147/1006 1211/1875/829 1343/1747/718 1200/2148/1023
f 1222/2146/1022 1345/2088/999 1079/2087/998 1223/2142/1020
f 1223/2142/1020 1079/2087/998 1347/2009/947 1224/2008/946
f 1204/2149/1003 1350/2033/970 1353/2017/954 1205/1888/842
f 1346/2039/976 1091/1737/708 1235/1866/820
f 1348/2007/945 1081/2013/950 1225/2015/952
f 1349/1867/821 1350/2036/973 1203/2100/1001
f 1227/2012/939 1226/1999/938 1355/2016/953 1084/2030/967
f 1216/2031/968 1072/1809/771 1217/1947/892
f 1218/1946/891 1217/1947/892 1072/1809/771 1073/1817/779
f 1219/1963/908 1218/1946/891 1073/1817/779 1074/1829/790
f 1084/2030/967 1357/2010/948 1227/2012/939
f 1209/1880/834 1208/1882/836 1062/2029/966 1063/2021/958
f 1357/2020/957 1228/2019/956 1202/2150/1024
f 1062/2029/966 1208/1882/836 1207/1884/838
f 1358/1961/906 1076/1845/802 1220/1981/926
f 1231/1874/828 1359/2028/965 1088/2023/960 1232/1870/824
f 1359/2028/965 1231/1874/828 1230/1873/827
f 1076/1845/802 1360/2005/943 1220/1981/926
f 1360/2022/959 1221/1995/936 1201/2151/935
f 1064/1879/833 1362/2024/961 1210/1877/831
f 1229/2018/955 1357/2020/957 1086/2047/981 1087/1743/714
f 1362/2024/961 1343/1747/718 1211/1875/829
f 1089/1740/711 1234/2026/963 1233/1871/825
f 1088/2023/960 1089/1740/711 1233/1871/825
f 1077/2079/996 1360/2005/943 1076/1845/802
f 1075/1828/789 1358/1961/906 1074/1829/790
f 1207/1884/838 1356/1886/840 1098/1749/720 1061/1751/722
f 1356/1886/840 1206/1889/843 1060/1754/725 1098/1749/720
f 1058/2152/1025 1086/2047/981 1357/2020/957
f 1216/2031/968 1352/2125/1016 1070/1794/758 1071/1795/759
f 1085/2038/975 1357/2010/948 1084/2030/967
f 1354/1752/723 1060/1754/725 1206/1889/843
f 1352/2125/1016 1215/2124/1015 1069/1784/750 1070/1794/758
f 1082/1864/818 1355/2016/953 1351/2014/951
f 1215/2124/1015 1214/1901/850 1068/1782/749 1069/1784/750
f 1082/1864/818 1351/2014/951 1081/2013/950
f 1092/1735/706 1350/2036/973 1349/1867/821
f 1057/2153/1026 1059/2032/969 1350/2033/970
f 1092/1735/706 1349/1867/821 1091/1737/708
f 1213/1903/852 1200/2004/942 1067/2057/982 1068/1782/749
f 1344/2102/1005 1135/2045/979 1090/2040/977 1346/2039/976
f 1234/2026/963 1140/2025/962 1135/2045/979 1344/2102/1005
f 1066/2154/984 1200/2148/1023 1343/1747/718
o plaid
v -0.948994 0.305331 1.298554
v 0.977600 0.252313 1.260821
v -0.930890 0.339861 -0.672188
v 0.941820 0.312247 -0.674525
v -0.934644 0.344050 0.327724
v 0.021178 0.309180 1.259394
v 0.952936 0.317168 0.325374
v 0.018352 0.457239 -0.673191
v 0.019599 0.457290 0.326864
v -0.934511 0.344412 0.827562
v 0.521282 0.318278 1.267310
v 0.952262 0.317392 -0.174648
v -0.481645 0.457330 -0.672639
v -0.934133 0.343040 -0.172188
v -0.478825 0.311275 1.263276
v 0.951096 0.316798 0.825372
v 0.518363 0.457283 -0.673902
v 0.018970 0.457265 -0.173186
v 0.020240 0.457197 0.826912
v -0.480502 0.457490 0.327429
v 0.519697 0.457370 0.326173
v 0.520455 0.457229 0.826274
v -0.479959 0.457183 0.827577
v -0.481075 0.457366 -0.172629
v 0.519022 0.457376 -0.173884
v -0.928748 0.339950 1.077330
v 0.760367 0.364945 1.305940
v 0.950187 0.316537 -0.424662
v -0.731568 0.464724 -0.672462
v -0.934515 0.343695 0.077786
v -0.228857 0.308643 1.259390
v 0.954139 0.317946 0.575388
v 0.268356 0.457246 -0.673516
v 0.018605 0.457606 -0.423238
v 0.019912 0.457318 0.576892
v -0.730501 0.465085 0.327614
v 0.269650 0.457299 0.326530
v -0.934687 0.344316 0.577640
v 0.271247 0.312261 1.262225
v 0.952493 0.317149 0.075368
v -0.231650 0.457285 -0.672893
v -0.933516 0.342235 -0.422199
v -0.724659 0.337969 1.292541
v 0.989590 0.350950 1.061394
v 0.768251 0.467857 -0.674275
v 0.019285 0.457276 0.076836
v 0.020612 0.465397 1.077126
v -0.230479 0.457490 0.327147
v 0.769633 0.467863 0.325725
v 0.520049 0.457305 0.576226
v 0.520820 0.462537 1.076428
v 0.270351 0.457206 0.826575
v 0.770546 0.465281 0.826051
v -0.480204 0.457330 0.577495
v -0.479681 0.463060 1.077946
v -0.730009 0.461888 0.827806
v -0.229866 0.457183 0.827248
v -0.481381 0.457390 -0.422639
v -0.480778 0.457356 0.077394
v -0.731014 0.465152 -0.172419
v -0.231054 0.457269 -0.172883
v 0.518690 0.457376 -0.423896
v 0.519359 0.457376 0.076134
v 0.268995 0.457257 -0.173514
v 0.769040 0.467709 -0.174283
v 0.769336 0.467770 0.075719
v 0.269322 0.457294 0.076502
v 0.268672 0.457257 -0.423518
v -0.230747 0.457292 0.077138
v -0.730707 0.465085 0.077607
v -0.731319 0.465306 -0.422465
v -0.229497 0.464956 1.077510
v -0.730093 0.456737 1.078348
v -0.730180 0.464365 0.577721
v 0.771538 0.456921 1.076641
v 0.270677 0.464771 1.076697
v 0.269985 0.457316 0.576558
v 0.770086 0.467565 0.575827
v -0.230152 0.457277 0.577211
v -0.231360 0.457284 -0.422891
v 0.768660 0.467572 -0.424277
v -0.967894 0.368521 1.192445
v 0.863413 0.300276 1.277595
v 0.947153 0.314972 -0.549636
v -0.854224 0.439075 -0.672343
v -0.934587 0.343906 0.202754
v -0.103842 0.308564 1.258991
v 0.953347 0.317356 0.450385
v 0.143354 0.457223 -0.673342
v 0.018505 0.457247 -0.548188
v 0.019757 0.457312 0.451877
v -0.852945 0.439503 0.327612
v 0.144624 0.457296 0.326697
v -0.934641 0.344399 0.702599
v 0.396281 0.314818 1.264451
v 0.952397 0.317265 -0.049640
v -0.356648 0.457297 -0.672753
v -0.933804 0.342618 -0.297189
v -0.603435 0.317134 1.270606
v 0.945769 0.314652 0.950248
v 0.643378 0.457309 -0.674073
v 0.019126 0.457274 -0.048176
v 0.020408 0.457637 0.951922
v -0.355476 0.457299 0.327308
v 0.644719 0.457691 0.326014
v 0.519871 0.457436 0.451197
v 0.520664 0.457364 0.951293
v 0.145292 0.457196 0.826745
v 0.645495 0.457401 0.826182
v -0.480345 0.457386 0.452461
v -0.479856 0.457520 0.952620
v -0.853234 0.439829 0.827382
v -0.354915 0.457289 0.827411
v -0.481518 0.457330 -0.547639
v -0.480929 0.457427 -0.047620
v -0.853382 0.439287 -0.172336
v -0.356063 0.457299 -0.172749
v 0.518532 0.457318 -0.548902
v 0.519189 0.457379 -0.048875
v 0.143982 0.457296 -0.173346
v 0.644040 0.457871 -0.174055
v -0.930901 0.341702 0.952410
v 0.645807 0.326258 1.274570
v 0.951750 0.317277 -0.299659
v -0.606647 0.457376 -0.672545
v -0.934357 0.343402 -0.047198
v -0.353856 0.309460 1.260773
v 0.954248 0.318230 0.700405
v 0.393357 0.457242 -0.673696
v 0.018812 0.457258 -0.298185
v 0.020043 0.457658 0.701870
v -0.605517 0.457495 0.327568
v 0.394675 0.457326 0.326353
v -0.934643 0.344187 0.452683
v 0.146207 0.310417 1.260530
v 0.952728 0.317172 0.200374
v -0.106649 0.457236 -0.673031
v -0.933027 0.341712 -0.547209
v -0.843301 0.369781 1.315348
v 1.005511 0.347850 1.185209
v 0.885567 0.424703 -0.674534
v 0.019444 0.457281 0.201852
v 0.020795 0.414838 1.191437
v -0.105425 0.457287 0.327020
v 0.886621 0.423966 0.325091
v 0.520244 0.457305 0.701254
v 0.520080 0.419855 1.193883
v 0.395402 0.457189 0.826417
v 0.889237 0.426239 0.824909
v -0.480073 0.457381 0.702536
v -0.478707 0.415871 1.193707
v -0.604980 0.457390 0.827738
v -0.104821 0.457405 0.827078
v -0.481229 0.457377 -0.297638
v -0.480640 0.457371 0.202410
v -0.606085 0.457480 -0.172511
v -0.106042 0.457257 -0.173029
v 0.518863 0.457373 -0.298892
v 0.519528 0.457353 0.201150
v 0.393945 0.457391 -0.173736
v 0.886297 0.424375 -0.174537
v 0.769177 0.467640 -0.049287
v 0.769539 0.467972 0.200722
v 0.644386 0.457426 0.075965
v 0.886431 0.424033 0.075456
v 0.269159 0.457264 -0.048507
v 0.269485 0.457290 0.201515
v 0.144302 0.457263 0.076673
v 0.394341 0.457301 0.076324
v 0.268518 0.457249 -0.548516
v 0.268837 0.457268 -0.298517
v 0.143661 0.457252 -0.423344
v 0.393681 0.457291 -0.423698
v -0.230900 0.457288 -0.047874
v -0.230599 0.457284 0.202153
v -0.355763 0.457337 0.077272
v -0.105731 0.457281 0.076992
v -0.730883 0.465322 -0.047328
v -0.730572 0.465051 0.202622
v -0.853111 0.439367 0.077744
v -0.605789 0.457556 0.077513
v -0.731436 0.464989 -0.547449
v -0.731147 0.465162 -0.297422
v -0.853750 0.439206 -0.422339
v -0.606390 0.457482 -0.422527
v -0.229717 0.457612 0.952273
v -0.229008 0.414689 1.191947
v -0.354634 0.464234 1.077692
v -0.104488 0.465195 1.077256
v -0.730100 0.460246 0.953045
v -0.728319 0.419976 1.197887
v -0.854349 0.441450 1.077275
v -0.604868 0.460494 1.078086
v -0.730308 0.464645 0.452686
v -0.730076 0.464023 0.702733
v -0.852931 0.439587 0.577526
v -0.605218 0.457493 0.577635
v 0.770984 0.462682 0.951266
v 0.769958 0.429739 1.199027
v 0.645938 0.460094 1.076416
v 0.894243 0.431757 1.075183
v 0.270531 0.457417 0.951589
v 0.270529 0.416089 1.191816
v 0.145625 0.465145 1.076890
v 0.395796 0.464007 1.076579
v 0.269815 0.457326 0.451543
v 0.270167 0.457309 0.701567
v 0.144945 0.457546 0.576724
v 0.395019 0.457296 0.576390
v 0.769779 0.468194 0.450473
v 0.770253 0.466599 0.700918
v 0.645065 0.457943 0.576078
v 0.887410 0.424430 0.575201
v -0.230300 0.457294 0.452189
v -0.230008 0.457281 0.702231
v -0.355180 0.457312 0.577358
v -0.105125 0.457303 0.577048
v -0.231505 0.457283 -0.547894
v -0.231212 0.457276 -0.297887
v -0.356371 0.457287 -0.422754
v -0.106354 0.457267 -0.423033
v 0.768480 0.467805 -0.549278
v 0.768849 0.467616 -0.299191
v 0.643702 0.457680 -0.424059
v 0.886082 0.424539 -0.424341
v 0.886165 0.424464 -0.299496
v 0.643882 0.457433 -0.299054
v 0.643538 0.457778 -0.549067
v -0.106207 0.457256 -0.298031
v -0.356240 0.457673 -0.297769
v -0.356511 0.457307 -0.547754
v -0.104967 0.457286 0.702067
v -0.355045 0.457284 0.702387
v -0.355350 0.457343 0.452307
v 0.888080 0.424978 0.700078
v 0.645268 0.457765 0.701129
v 0.644895 0.457433 0.451043
v 0.395209 0.457274 0.701405
v 0.145122 0.457317 0.701738
v 0.144784 0.457313 0.451710
v 0.395290 0.417635 1.192603
v 0.145639 0.415299 1.191520
v 0.145470 0.457376 0.951761
v 0.887517 0.388170 1.192130
v 0.644943 0.423985 1.196167
v 0.645730 0.457111 0.951219
v -0.605094 0.457482 0.702687
v -0.852731 0.439662 0.702439
v -0.852986 0.439551 0.452568
v -0.603494 0.417691 1.195569
v -0.853183 0.418198 1.200337
v -0.854220 0.441670 0.951847
v -0.104123 0.414534 1.191525
v -0.353810 0.414908 1.192543
v -0.354784 0.457484 0.952445
v -0.606236 0.457536 -0.297520
v -0.853624 0.439266 -0.297337
v -0.854013 0.439237 -0.547328
v -0.605650 0.457500 0.202541
v -0.853141 0.439403 0.202646
v -0.853233 0.439324 -0.047345
v -0.105579 0.457282 0.202007
v -0.355619 0.457316 0.202288
v -0.355914 0.457262 -0.047740
v 0.393852 0.457272 -0.298698
v 0.143824 0.457235 -0.298344
v 0.143509 0.457586 -0.548347
v 0.394509 0.457297 0.201336
v 0.144457 0.457651 0.201680
v 0.144143 0.457260 -0.048338
v 0.886554 0.424035 0.200406
v 0.644544 0.457789 0.200980
v 0.644207 0.457701 -0.049049
v 0.886416 0.424253 -0.049535
v 0.394176 0.457301 -0.048688
v 0.393526 0.457261 -0.548696
v -0.105887 0.457266 -0.048020
v -0.605942 0.457487 -0.047499
v -0.606523 0.457490 -0.547534
v -0.104653 0.457379 0.952107
v -0.604934 0.457623 0.952792
v -0.605358 0.457559 0.452598
v 0.891024 0.428213 0.949744
v 0.395594 0.457383 0.951434
v 0.394843 0.457339 0.451372
v 0.886752 0.423932 0.450308
v -0.105272 0.457284 0.452035
v -0.106502 0.457250 -0.548033
v 0.885841 0.424754 -0.549532
v -0.967767 0.378497 1.193123
v -0.948867 0.315307 1.299231
v 0.863540 0.310252 1.278272
v 0.977727 0.262289 1.261498
v 0.947280 0.324948 -0.548959
v 0.941947 0.322223 -0.673848
v -0.854097 0.449052 -0.671665
v -0.930763 0.349837 -0.671511
v -0.934461 0.353883 0.203431
v -0.934517 0.354026 0.328401
v -0.103715 0.318540 1.259669
v 0.021305 0.319157 1.260071
v 0.953474 0.327332 0.451062
v 0.953063 0.327144 0.326051
v 0.143481 0.467200 -0.672665
v 0.018479 0.467216 -0.672514
v 0.018632 0.467223 -0.547511
v 0.019883 0.467288 0.452554
v 0.019726 0.467266 0.327541
v -0.852818 0.449479 0.328290
v 0.144750 0.467273 0.327374
v -0.934514 0.354375 0.703277
v -0.934384 0.354388 0.828239
v 0.396408 0.324794 1.265128
v 0.521409 0.328254 1.267987
v 0.952524 0.327241 -0.048963
v 0.952389 0.327368 -0.173971
v -0.356521 0.467273 -0.672076
v -0.481518 0.467306 -0.671962
v -0.933677 0.352594 -0.296512
v -0.934007 0.353017 -0.171511
v -0.603308 0.327110 1.271283
v -0.478698 0.321251 1.263953
v 0.945896 0.324628 0.950925
v 0.951223 0.326774 0.826049
v 0.643505 0.467285 -0.673396
v 0.518490 0.467259 -0.673225
v 0.019253 0.467250 -0.047499
v 0.019097 0.467242 -0.172508
v 0.020534 0.467613 0.952600
v 0.020366 0.467173 0.827589
v -0.355349 0.467275 0.327985
v -0.480375 0.467467 0.328106
v 0.644845 0.467667 0.326691
v 0.519824 0.467346 0.326850
v 0.519998 0.467412 0.451874
v 0.520791 0.467340 0.951970
v 0.520581 0.467205 0.826951
v 0.145419 0.467172 0.827422
v 0.645621 0.467377 0.826859
v -0.480218 0.467362 0.453138
v -0.479729 0.467496 0.953297
v -0.479832 0.467159 0.828254
v -0.853107 0.449805 0.828060
v -0.354788 0.467265 0.828088
v -0.481391 0.467306 -0.546962
v -0.480802 0.467403 -0.046942
v -0.480948 0.467342 -0.171952
v -0.853255 0.449263 -0.171659
v -0.355936 0.467275 -0.172072
v 0.518659 0.467294 -0.548224
v 0.519316 0.467355 -0.048198
v 0.519149 0.467352 -0.173207
v 0.144109 0.467272 -0.172669
v 0.644167 0.467848 -0.173378
v -0.930774 0.351678 0.953087
v -0.928621 0.349926 1.078007
v 0.645934 0.336234 1.275247
v 0.760494 0.374921 1.306617
v 0.951877 0.327254 -0.298982
v 0.950314 0.326513 -0.423985
v -0.606520 0.467352 -0.671867
v -0.731441 0.474700 -0.671785
v -0.934230 0.353379 -0.046521
v -0.934388 0.353671 0.078463
v -0.353729 0.319436 1.261451
v -0.228730 0.318619 1.260067
v 0.954375 0.328206 0.701082
v 0.954266 0.327922 0.576065
v 0.393484 0.467218 -0.673019
v 0.268482 0.467222 -0.672839
v 0.018939 0.467235 -0.297508
v 0.018731 0.467582 -0.422561
v 0.020170 0.467634 0.702548
v 0.020039 0.467294 0.577569
v -0.605390 0.467472 0.328245
v -0.730374 0.475061 0.328291
v 0.394802 0.467303 0.327030
v 0.269777 0.467275 0.327207
v -0.934516 0.354164 0.453360
v -0.934560 0.354292 0.578317
v 0.146334 0.320393 1.261208
v 0.271374 0.322237 1.262902
v 0.952855 0.327148 0.201051
v 0.952620 0.327125 0.076045
v -0.106522 0.467212 -0.672353
v -0.231523 0.467261 -0.672216
v -0.932900 0.351688 -0.546531
v -0.933389 0.352211 -0.421521
v -0.843174 0.379757 1.316025
v -0.724532 0.347945 1.293218
v 1.005638 0.357826 1.185886
v 0.989717 0.360926 1.062071
v 0.885694 0.434680 -0.673857
v 0.768378 0.477834 -0.673598
v 0.019571 0.467257 0.202529
v 0.019412 0.467252 0.077514
v 0.020921 0.424814 1.192114
v 0.020739 0.475374 1.077803
v -0.105298 0.467263 0.327698
v -0.230352 0.467467 0.327825
v 0.886747 0.433942 0.325769
v 0.769760 0.477839 0.326402
v 0.520371 0.467281 0.701931
v 0.520176 0.467281 0.576903
v 0.520207 0.429831 1.194560
v 0.520946 0.472513 1.077105
v 0.395528 0.467165 0.827095
v 0.270478 0.467182 0.827252
v 0.889364 0.436216 0.825587
v 0.770673 0.475257 0.826729
v -0.479946 0.467358 0.703213
v -0.480077 0.467306 0.578172
v -0.478580 0.425847 1.194384
v -0.479555 0.473036 1.078623
v -0.604853 0.467366 0.828416
v -0.729882 0.471864 0.828483
v -0.104695 0.467381 0.827755
v -0.229739 0.467160 0.827925
v -0.481102 0.467353 -0.296960
v -0.481254 0.467366 -0.421961
v -0.480513 0.467348 0.203088
v -0.480651 0.467332 0.078072
v -0.605958 0.467457 -0.171834
v -0.730887 0.475128 -0.171742
v -0.105915 0.467233 -0.172352
v -0.230927 0.467246 -0.172206
v 0.518990 0.467349 -0.298215
v 0.518817 0.467352 -0.423219
v 0.519654 0.467329 0.201827
v 0.519486 0.467353 0.076811
v 0.394072 0.467367 -0.173059
v 0.269122 0.467233 -0.172837
v 0.886423 0.434351 -0.173860
v 0.769167 0.477685 -0.173606
v 0.769304 0.477616 -0.048609
v 0.769666 0.477948 0.201399
v 0.769463 0.477746 0.076396
v 0.644513 0.467402 0.076642
v 0.886558 0.434009 0.076133
v 0.269285 0.467240 -0.047830
v 0.269612 0.467266 0.202192
v 0.269448 0.467271 0.077180
v 0.144429 0.467239 0.077350
v 0.394468 0.467278 0.077001
v 0.268644 0.467226 -0.547839
v 0.268964 0.467244 -0.297840
v 0.268798 0.467233 -0.422841
v 0.143788 0.467228 -0.422667
v 0.393808 0.467267 -0.423021
v -0.230773 0.467264 -0.047196
v -0.230472 0.467261 0.202830
v -0.230620 0.467268 0.077816
v -0.355636 0.467313 0.077949
v -0.105604 0.467257 0.077669
v -0.730756 0.475298 -0.046650
v -0.730445 0.475027 0.203299
v -0.730580 0.475061 0.078284
v -0.852984 0.449343 0.078421
v -0.605662 0.467532 0.078190
v -0.731309 0.474965 -0.546772
v -0.731020 0.475138 -0.296745
v -0.731192 0.475282 -0.421787
v -0.853623 0.449182 -0.421662
v -0.606263 0.467458 -0.421850
v -0.229590 0.467588 0.952950
v -0.228881 0.424665 1.192624
v -0.229370 0.474932 1.078187
v -0.354507 0.474211 1.078369
v -0.104361 0.475171 1.077933
v -0.729973 0.470222 0.953722
v -0.728192 0.429952 1.198564
v -0.729966 0.466713 1.079025
v -0.854222 0.451427 1.077953
v -0.604741 0.470470 1.078763
v -0.730181 0.474621 0.453364
v -0.729949 0.473999 0.703411
v -0.730053 0.474341 0.578398
v -0.852804 0.449563 0.578203
v -0.605091 0.467469 0.578312
v 0.771110 0.472658 0.951943
v 0.770085 0.439715 1.199705
v 0.771665 0.466897 1.077318
v 0.646065 0.470071 1.077093
v 0.894370 0.441734 1.075861
v 0.270658 0.467393 0.952266
v 0.270656 0.426065 1.192493
v 0.270804 0.474747 1.077375
v 0.145752 0.475121 1.077567
v 0.395922 0.473983 1.077256
v 0.269942 0.467302 0.452220
v 0.270294 0.467285 0.702245
v 0.270112 0.467292 0.577235
v 0.145072 0.467522 0.577402
v 0.395146 0.467272 0.577067
v 0.769906 0.478170 0.451151
v 0.770380 0.476575 0.701595
v 0.770213 0.477541 0.576504
v 0.645192 0.467919 0.576755
v 0.887536 0.434406 0.575879
v -0.230173 0.467270 0.452866
v -0.229881 0.467257 0.702908
v -0.230025 0.467253 0.577888
v -0.355053 0.467288 0.578035
v -0.104998 0.467279 0.577725
v -0.231378 0.467259 -0.547217
v -0.231085 0.467252 -0.297210
v -0.231233 0.467260 -0.422213
v -0.356244 0.467263 -0.422077
v -0.106227 0.467243 -0.422356
v 0.768607 0.477781 -0.548601
v 0.768976 0.477592 -0.298514
v 0.768787 0.477548 -0.423600
v 0.643829 0.467656 -0.423382
v 0.886208 0.434515 -0.423664
v 0.886292 0.434441 -0.298819
v 0.644009 0.467409 -0.298377
v 0.643665 0.467754 -0.548389
v -0.106080 0.467232 -0.297354
v -0.356113 0.467649 -0.297092
v -0.356384 0.467283 -0.547077
v -0.104840 0.467262 0.702744
v -0.354918 0.467260 0.703065
v -0.355223 0.467319 0.452985
v 0.888207 0.434954 0.700756
v 0.645395 0.467741 0.701806
v 0.645022 0.467409 0.451720
v 0.395336 0.467250 0.702082
v 0.145249 0.467293 0.702415
v 0.144911 0.467289 0.452387
v 0.395417 0.427612 1.193280
v 0.145766 0.425275 1.192197
v 0.145597 0.467353 0.952438
v 0.887644 0.398147 1.192807
v 0.645070 0.433961 1.196845
v 0.645857 0.467088 0.951896
v -0.604967 0.467458 0.703364
v -0.852604 0.449638 0.703116
v -0.852859 0.449527 0.453245
v -0.603367 0.427667 1.196246
v -0.853056 0.428174 1.201014
v -0.854093 0.451646 0.952524
v -0.103996 0.424510 1.192202
v -0.353683 0.424884 1.193220
v -0.354657 0.467460 0.953122
v -0.606109 0.467512 -0.296843
v -0.853498 0.449242 -0.296660
v -0.853886 0.449213 -0.546651
v -0.605523 0.467476 0.203218
v -0.853014 0.449379 0.203323
v -0.853106 0.449300 -0.046668
v -0.105452 0.467258 0.202684
v -0.355493 0.467292 0.202966
v -0.355787 0.467238 -0.047063
v 0.393978 0.467248 -0.298021
v 0.143951 0.467211 -0.297667
v 0.143636 0.467562 -0.547670
v 0.394636 0.467273 0.202013
v 0.144584 0.467627 0.202357
v 0.144270 0.467237 -0.047661
v 0.886681 0.434011 0.201083
v 0.644671 0.467766 0.201657
v 0.644334 0.467678 -0.048371
v 0.886543 0.434229 -0.048858
v 0.394303 0.467277 -0.048011
v 0.393653 0.467237 -0.548019
v -0.105760 0.467242 -0.047343
v -0.605815 0.467463 -0.046822
v -0.606396 0.467467 -0.546856
v -0.104526 0.467355 0.952784
v -0.604807 0.467599 0.953469
v -0.605231 0.467535 0.453276
v 0.891151 0.438189 0.950422
v 0.395721 0.467359 0.952111
v 0.394970 0.467315 0.452049
v 0.886879 0.433908 0.450985
v -0.105145 0.467261 0.452713
v -0.106375 0.467227 -0.547356
v 0.885968 0.434730 -0.548855
vn -0.6509 -0.7591 0.0103
vn -0.6578 -0.7531 0.0138
vn -0.8837 -0.4675 0.0250
vn -0.8752 -0.4833 0.0195
vn 0.0002 -1.0000 0.0004
vn -0.0002 -1.0000 0.0001
vn 0.0006 -1.0000 0.0008
vn -0.0001 -1.0000 -0.0002
vn -0.0004 -1.0000 -0.0000
vn 0.0004 -1.0000 -0.0003
vn 0.0003 -1.0000 0.0003
vn -0.6332 -0.7740 0.0031
vn -0.6344 -0.7730 0.0011
vn -0.8493 -0.5279 0.0015
vn -0.8482 -0.5296 0.0047
vn 0.0003 -1.0000 -0.0001
vn 0.0003 -1.0000 0.0002
vn 0.0013 -1.0000 -0.0002
vn 0.0012 -1.0000 0.0001
vn -0.0023 -0.9996 0.0265
vn -0.0000 -1.0000 0.0004
vn 0.0006 -1.0000 -0.0004
vn -0.0042 -0.9998 0.0201
vn -0.5868 -0.8073 0.0635
vn -0.6350 -0.7725 -0.0049
vn -0.8735 -0.4866 -0.0101
vn -0.8351 -0.5375 0.1165
vn -0.0291 -0.9996 -0.0008
vn -0.0301 -0.9995 -0.0002
vn -0.0008 -1.0000 0.0001
vn -0.0008 -1.0000 -0.0003
vn -0.0038 -1.0000 0.0069
vn -0.0188 -0.9998 -0.0033
vn -0.0005 -1.0000 0.0006
vn 0.0034 -0.9998 0.0217
vn 0.0006 -0.9995 0.0315
vn 0.0004 -1.0000 0.0005
vn -0.0004 -1.0000 0.0001
vn -0.0002 -0.9995 0.0321
vn -0.0306 -0.9995 0.0009
vn -0.0301 -0.9995 0.0010
vn -0.0005 -1.0000 0.0003
vn -0.0006 -1.0000 0.0002
vn -0.0313 -0.9995 0.0001
vn -0.0312 -0.9995 0.0001
vn -0.0005 -1.0000 -0.0004
vn -0.0009 -1.0000 0.0001
vn -0.0000 -1.0000 0.0001
vn -0.0000 -1.0000 -0.0000
vn 0.0001 -1.0000 0.0001
vn 0.0002 -1.0000 0.0002
vn 0.0012 -1.0000 0.0011
vn 0.0015 -1.0000 0.0006
vn 0.0004 -1.0000 -0.0001
vn 0.0005 -1.0000 0.0001
vn 0.0015 -1.0000 0.0003
vn 0.0014 -1.0000 -0.0005
vn -0.6339 -0.7734 -0.0001
vn -0.6338 -0.7735 0.0007
vn -0.8516 -0.5241 0.0013
vn -0.8510 -0.5251 -0.0000
vn 0.0412 -0.9992 -0.0009
vn 0.0411 -0.9992 0.0005
vn -0.1367 -0.9906 0.0003
vn -0.1371 -0.9906 -0.0006
vn 0.0420 -0.9991 0.0006
vn 0.0416 -0.9991 0.0004
vn -0.1374 -0.9905 0.0007
vn -0.1381 -0.9904 0.0005
vn -0.6346 -0.7728 0.0007
vn -0.6344 -0.7730 0.0005
vn -0.8507 -0.5257 0.0005
vn -0.8501 -0.5266 0.0010
vn 0.0003 -1.0000 -0.0000
vn 0.0002 -1.0000 -0.0000
vn -0.0000 -1.0000 0.0008
vn -0.0002 -1.0000 0.0004
vn -0.0006 -1.0000 0.0001
vn 0.0011 -1.0000 -0.0000
vn -0.0003 -1.0000 0.0004
vn -0.0000 -1.0000 0.0015
vn -0.0006 -1.0000 0.0008
vn -0.0003 -1.0000 -0.0003
vn -0.0007 -1.0000 -0.0007
vn -0.0002 -1.0000 -0.0003
vn 0.0002 -1.0000 0.0001
vn 0.0004 -1.0000 0.0002
vn 0.0004 -1.0000 0.0001
vn 0.0015 -1.0000 -0.0002
vn 0.0012 -1.0000 0.0003
vn -0.0004 -1.0000 -0.0008
vn -0.0001 -1.0000 0.0001
vn -0.0002 -1.0000 0.0003
vn -0.0001 -1.0000 0.0004
vn -0.0002 -1.0000 0.0002
vn -0.0001 -1.0000 -0.0000
vn 0.0003 -1.0000 0.0004
vn 0.0007 -1.0000 0.0001
vn 0.5131 -0.8583 0.0005
vn 0.5148 -0.8573 0.0008
vn 0.0734 -0.9973 0.0002
vn 0.0734 -0.9973 -0.0001
vn 0.5104 -0.8599 0.0004
vn 0.5113 -0.8594 0.0002
vn 0.0732 -0.9973 -0.0005
vn 0.0729 -0.9973 -0.0000
vn -0.0307 -0.9995 -0.0000
vn -0.0310 -0.9995 -0.0003
vn -0.0008 -1.0000 -0.0000
vn -0.0008 -1.0000 0.0002
vn 0.5232 -0.8522 0.0040
vn 0.5262 -0.8503 0.0066
vn 0.0736 -0.9973 0.0015
vn 0.0736 -0.9973 0.0013
vn 0.5171 -0.8560 0.0006
vn 0.5193 -0.8546 0.0010
vn 0.0736 -0.9973 0.0003
vn 0.0736 -0.9973 -0.0003
vn -0.0312 -0.9995 -0.0001
vn -0.0313 -0.9995 0.0003
vn -0.0004 -1.0000 0.0005
vn 0.0021 -0.9996 0.0275
vn -0.0000 -1.0000 0.0009
vn 0.0001 -1.0000 0.0010
vn 0.0009 -0.9995 0.0302
vn -0.0073 -0.7653 -0.6436
vn 0.0019 -0.9847 -0.1742
vn 0.0009 -0.9843 -0.1762
vn -0.0032 -0.7601 -0.6499
vn 0.0001 -0.7586 -0.6515
vn 0.0007 -0.9843 -0.1765
vn 0.0005 -0.9845 -0.1756
vn 0.0034 -0.7607 -0.6491
vn 0.5045 -0.8633 -0.0093
vn 0.5022 -0.8647 -0.0039
vn 0.0691 -0.9976 -0.0051
vn 0.0686 -0.9976 -0.0054
vn 0.2697 -0.9172 -0.2934
vn 0.4303 -0.9016 -0.0446
vn 0.0523 -0.9880 -0.1455
vn -0.0575 -0.8854 -0.4612
vn -0.0470 -0.8152 -0.5773
vn 0.0042 -0.9864 -0.1644
vn 0.0033 -0.9855 -0.1696
vn -0.0177 -0.7788 -0.6270
vn 0.5076 -0.8616 -0.0005
vn 0.5089 -0.8608 -0.0001
vn 0.0727 -0.9974 -0.0007
vn 0.0724 -0.9974 -0.0014
vn 0.5026 -0.8645 -0.0020
vn 0.5059 -0.8626 -0.0006
vn 0.0721 -0.9974 -0.0013
vn 0.0715 -0.9974 -0.0048
vn -0.0250 -0.9997 -0.0028
vn -0.0279 -0.9996 -0.0008
vn -0.0008 -1.0000 -0.0001
vn -0.0007 -1.0000 -0.0004
vn 0.0131 -0.9999 0.0023
vn 0.0306 -0.9995 -0.0052
vn -0.1262 -0.9920 -0.0042
vn -0.1187 -0.9929 -0.0070
vn 0.0811 -0.8497 -0.5210
vn 0.0054 -0.9904 -0.1381
vn -0.1225 -0.9826 -0.1397
vn -0.1202 -0.8763 -0.4665
vn -0.3891 -0.7926 -0.4694
vn -0.4578 -0.8875 -0.0523
vn -0.6529 -0.7554 0.0557
vn -0.4228 -0.7620 -0.4905
vn -0.0010 -0.9995 0.0316
vn -0.0011 -0.9996 0.0298
vn 0.0059 -0.7657 -0.6432
vn -0.0003 -0.9849 -0.1731
vn 0.0003 -0.9856 -0.1689
vn 0.0097 -0.7735 -0.6337
vn 0.0142 -0.7844 -0.6201
vn -0.0002 -0.9868 -0.1621
vn -0.0008 -0.9886 -0.1506
vn 0.0262 -0.8020 -0.5968
vn -0.0000 -1.0000 0.0005
vn -0.0000 -1.0000 -0.0006
vn -0.0003 -1.0000 -0.0002
vn -0.0007 -1.0000 -0.0009
vn -0.0003 -1.0000 0.0003
vn -0.0005 -1.0000 -0.0001
vn -0.0003 -1.0000 -0.0007
vn -0.0000 -1.0000 -0.0004
vn 0.0001 -1.0000 -0.0003
vn 0.0019 -1.0000 -0.0000
vn 0.0018 -1.0000 -0.0008
vn 0.0422 -0.9991 0.0001
vn 0.0423 -0.9991 -0.0005
vn -0.1382 -0.9904 0.0001
vn -0.1375 -0.9905 0.0005
vn 0.0368 -0.9993 -0.0035
vn 0.0405 -0.9992 -0.0011
vn -0.1366 -0.9906 -0.0012
vn -0.1331 -0.9911 -0.0026
vn -0.6296 -0.7769 -0.0004
vn -0.6304 -0.7763 0.0032
vn -0.8482 -0.5297 0.0058
vn -0.8546 -0.5193 -0.0014
vn -0.0001 -1.0000 -0.0004
vn -0.0003 -1.0000 -0.0001
vn -0.0001 -1.0000 -0.0001
vn 0.0001 -1.0000 -0.0001
vn 0.0008 -1.0000 -0.0000
vn 0.0005 -1.0000 0.0003
vn 0.0005 -1.0000 0.0007
vn 0.0001 -1.0000 -0.0005
vn -0.0002 -1.0000 -0.0000
vn -0.0004 -1.0000 0.0008
vn -0.0005 -1.0000 0.0004
vn -0.0009 -1.0000 -0.0000
vn 0.0003 -1.0000 -0.0004
vn 0.0006 -1.0000 -0.0000
vn 0.0003 -1.0000 -0.0003
vn 0.0417 -0.9991 0.0005
vn 0.0421 -0.9991 0.0018
vn -0.1345 -0.9909 0.0011
vn -0.1350 -0.9908 -0.0001
vn 0.0409 -0.9992 0.0005
vn 0.0410 -0.9992 -0.0009
vn -0.1355 -0.9908 -0.0008
vn -0.1358 -0.9907 0.0005
vn -0.6352 -0.7723 0.0026
vn -0.6405 -0.7679 0.0054
vn -0.8615 -0.5076 0.0105
vn -0.8543 -0.5198 0.0046
vn 0.0159 -0.5611 -0.8276
vn 0.0230 -0.5729 -0.8193
vn 0.0432 -0.5919 -0.8049
vn 0.0054 -0.5421 -0.8403
vn 0.0101 -0.5503 -0.8349
vn -0.1018 -0.7461 -0.6580
vn -0.3607 -0.6297 -0.6880
vn -0.2981 -0.5807 -0.7576
vn 0.1427 -0.6751 -0.7238
vn 0.7592 -0.6509 0.0006
vn 0.7589 -0.6512 -0.0000
vn 0.7688 -0.6395 -0.0044
vn 0.7594 -0.6506 0.0005
vn 0.7600 -0.6500 0.0004
vn -0.1472 -0.7649 -0.6271
vn -0.0912 -0.6273 -0.7734
vn -0.0331 -0.5621 -0.8264
vn 0.5541 -0.8109 -0.1884
vn 0.7159 -0.6962 0.0529
vn 0.4501 -0.7723 -0.4484
vn 0.1542 -0.8488 -0.5058
vn 0.7889 -0.6144 -0.0108
vn -0.0061 -0.5384 -0.8427
vn -0.0001 -0.5379 -0.8430
vn -0.0136 -0.5442 -0.8388
vn 0.7694 -0.6387 0.0015
vn 0.7728 -0.6346 0.0018
vn 0.7663 -0.6424 0.0013
vn 0.7794 -0.6265 0.0065
vn 0.7841 -0.6205 0.0110
vn 0.7608 -0.6490 0.0006
vn 0.7619 -0.6477 0.0010
vn 0.7637 -0.6456 0.0011
vn 0.6509 0.7591 -0.0103
vn 0.9692 0.2448 -0.0270
vn 0.9728 0.2292 -0.0350
vn 0.6578 0.7531 -0.0138
vn -0.0002 1.0000 -0.0004
vn -0.0006 1.0000 -0.0008
vn 0.0002 1.0000 -0.0001
vn 0.0001 1.0000 0.0002
vn -0.0003 1.0000 -0.0003
vn -0.0004 1.0000 0.0003
vn 0.0004 1.0000 -0.0000
vn 0.6332 0.7740 -0.0031
vn 0.9630 0.2693 -0.0050
vn 0.9633 0.2683 -0.0021
vn 0.6344 0.7730 -0.0011
vn -0.0003 1.0000 0.0001
vn -0.0012 1.0000 -0.0001
vn -0.0013 1.0000 0.0002
vn -0.0003 1.0000 -0.0002
vn 0.0023 0.9996 -0.0265
vn 0.0042 0.9998 -0.0201
vn -0.0006 1.0000 0.0004
vn -0.0000 1.0000 -0.0004
vn 0.5868 0.8073 -0.0635
vn 0.9507 0.2635 -0.1636
vn 0.9695 0.2442 0.0228
vn 0.6350 0.7725 0.0049
vn 0.0291 0.9996 0.0008
vn 0.0008 1.0000 0.0003
vn 0.0008 1.0000 -0.0001
vn 0.0301 0.9995 0.0002
vn 0.0038 1.0000 -0.0069
vn -0.0034 0.9998 -0.0217
vn 0.0005 1.0000 -0.0006
vn 0.0188 0.9998 0.0033
vn -0.0006 0.9995 -0.0315
vn 0.0002 0.9995 -0.0321
vn 0.0004 1.0000 -0.0001
vn -0.0004 1.0000 -0.0005
vn 0.0306 0.9995 -0.0009
vn 0.0006 1.0000 -0.0002
vn 0.0005 1.0000 -0.0003
vn 0.0301 0.9995 -0.0010
vn 0.0313 0.9995 -0.0001
vn 0.0009 1.0000 -0.0001
vn 0.0005 1.0000 0.0004
vn 0.0312 0.9995 -0.0001
vn -0.0000 1.0000 -0.0001
vn -0.0000 1.0000 -0.0000
vn -0.0001 1.0000 -0.0001
vn -0.0015 1.0000 -0.0006
vn -0.0012 1.0000 -0.0011
vn -0.0002 1.0000 -0.0002
vn -0.0004 1.0000 0.0001
vn -0.0014 1.0000 0.0005
vn -0.0015 1.0000 -0.0003
vn -0.0005 1.0000 -0.0001
vn 0.6339 0.7734 0.0001
vn 0.9637 0.2668 -0.0005
vn 0.9639 0.2664 -0.0020
vn 0.6338 0.7735 -0.0007
vn -0.0412 0.9992 0.0009
vn 0.1371 0.9906 0.0006
vn 0.1367 0.9906 -0.0003
vn -0.0411 0.9992 -0.0005
vn -0.0420 0.9991 -0.0006
vn 0.1381 0.9904 -0.0005
vn 0.1374 0.9905 -0.0007
vn -0.0416 0.9991 -0.0004
vn 0.6346 0.7728 -0.0007
vn 0.9635 0.2677 -0.0015
vn 0.9637 0.2671 -0.0010
vn 0.6344 0.7730 -0.0005
vn -0.0002 1.0000 -0.0000
vn -0.0003 1.0000 -0.0000
vn 0.0006 1.0000 -0.0001
vn 0.0002 1.0000 -0.0004
vn -0.0000 1.0000 -0.0008
vn -0.0011 1.0000 -0.0000
vn 0.0003 1.0000 -0.0004
vn 0.0006 1.0000 -0.0008
vn -0.0000 1.0000 -0.0015
vn 0.0003 1.0000 0.0003
vn -0.0002 1.0000 -0.0001
vn 0.0002 1.0000 0.0003
vn 0.0007 1.0000 0.0007
vn -0.0004 1.0000 -0.0002
vn -0.0012 1.0000 -0.0003
vn -0.0015 1.0000 0.0002
vn -0.0004 1.0000 -0.0001
vn 0.0001 1.0000 -0.0001
vn 0.0004 1.0000 0.0008
vn 0.0002 1.0000 -0.0003
vn 0.0001 1.0000 -0.0004
vn 0.0002 1.0000 -0.0002
vn -0.0007 1.0000 -0.0001
vn -0.0003 1.0000 -0.0004
vn 0.0001 1.0000 -0.0000
vn -0.5131 0.8583 -0.0005
vn -0.0734 0.9973 0.0001
vn -0.0734 0.9973 -0.0002
vn -0.5148 0.8573 -0.0008
vn -0.5104 0.8599 -0.0004
vn -0.0729 0.9973 -0.0000
vn -0.0732 0.9973 0.0005
vn -0.5113 0.8594 -0.0002
vn 0.0307 0.9995 -0.0000
vn 0.0008 1.0000 -0.0002
vn 0.0008 1.0000 -0.0000
vn 0.0310 0.9995 0.0003
vn -0.5232 0.8522 -0.0040
vn -0.0736 0.9973 -0.0013
vn -0.0736 0.9973 -0.0015
vn -0.5262 0.8503 -0.0066
vn -0.5171 0.8560 -0.0006
vn -0.0736 0.9973 0.0003
vn -0.0736 0.9973 -0.0003
vn -0.5193 0.8546 -0.0010
vn 0.0312 0.9995 0.0001
vn 0.0004 1.0000 -0.0005
vn 0.0313 0.9995 -0.0003
vn -0.0021 0.9996 -0.0275
vn -0.0009 0.9995 -0.0302
vn -0.0001 1.0000 -0.0010
vn -0.0000 1.0000 -0.0009
vn 0.0073 0.7653 0.6436
vn 0.0032 0.7601 0.6499
vn -0.0009 0.9843 0.1762
vn -0.0019 0.9847 0.1742
vn -0.0001 0.7586 0.6515
vn -0.0034 0.7607 0.6491
vn -0.0005 0.9845 0.1756
vn -0.0007 0.9843 0.1765
vn -0.5045 0.8633 0.0093
vn -0.0686 0.9976 0.0054
vn -0.0691 0.9976 0.0051
vn -0.5022 0.8647 0.0039
vn -0.2697 0.9172 0.2934
vn 0.0575 0.8854 0.4612
vn -0.0523 0.9880 0.1455
vn -0.4303 0.9016 0.0446
vn 0.0470 0.8152 0.5773
vn 0.0177 0.7788 0.6270
vn -0.0033 0.9855 0.1696
vn -0.0042 0.9864 0.1644
vn -0.5076 0.8616 0.0005
vn -0.0724 0.9974 0.0014
vn -0.0727 0.9974 0.0007
vn -0.5089 0.8608 0.0001
vn -0.5026 0.8645 0.0020
vn -0.0715 0.9974 0.0048
vn -0.0721 0.9974 0.0013
vn -0.5059 0.8626 0.0006
vn 0.0250 0.9997 0.0028
vn 0.0007 1.0000 0.0004
vn 0.0008 1.0000 0.0001
vn 0.0279 0.9996 0.0008
vn -0.0131 0.9999 -0.0023
vn 0.1187 0.9929 0.0070
vn 0.1262 0.9920 0.0042
vn -0.0306 0.9995 0.0052
vn -0.0811 0.8497 0.5210
vn 0.1202 0.8763 0.4665
vn 0.1225 0.9826 0.1397
vn -0.0054 0.9904 0.1381
vn 0.3891 0.7926 0.4694
vn 0.4228 0.7620 0.4905
vn 0.8870 0.4350 -0.1550
vn 0.4578 0.8875 0.0523
vn 0.0010 0.9995 -0.0316
vn 0.0011 0.9996 -0.0298
vn -0.0059 0.7657 0.6432
vn -0.0097 0.7735 0.6337
vn -0.0003 0.9856 0.1689
vn 0.0003 0.9849 0.1731
vn -0.0142 0.7844 0.6201
vn -0.0262 0.8020 0.5968
vn 0.0008 0.9886 0.1506
vn 0.0002 0.9868 0.1621
vn -0.0000 1.0000 -0.0005
vn 0.0003 1.0000 0.0002
vn -0.0000 1.0000 0.0006
vn 0.0007 1.0000 0.0009
vn 0.0003 1.0000 0.0007
vn 0.0005 1.0000 0.0001
vn 0.0003 1.0000 -0.0003
vn -0.0000 1.0000 0.0004
vn -0.0018 1.0000 0.0008
vn -0.0019 1.0000 -0.0000
vn -0.0001 1.0000 0.0003
vn -0.0422 0.9991 -0.0001
vn 0.1375 0.9905 -0.0005
vn 0.1382 0.9904 -0.0001
vn -0.0423 0.9991 0.0005
vn -0.0368 0.9993 0.0035
vn 0.1331 0.9911 0.0026
vn 0.1366 0.9906 0.0012
vn -0.0405 0.9992 0.0011
vn 0.6296 0.7769 0.0004
vn 0.9646 0.2636 0.0073
vn 0.9630 0.2696 -0.0048
vn 0.6304 0.7763 -0.0032
vn 0.0001 1.0000 0.0004
vn -0.0001 1.0000 0.0001
vn 0.0001 1.0000 0.0001
vn 0.0003 1.0000 0.0001
vn -0.0008 1.0000 -0.0000
vn -0.0001 1.0000 0.0005
vn -0.0005 1.0000 -0.0007
vn -0.0005 1.0000 -0.0003
vn 0.0002 1.0000 -0.0000
vn 0.0009 1.0000 -0.0000
vn 0.0005 1.0000 -0.0004
vn 0.0004 1.0000 -0.0008
vn -0.0003 1.0000 0.0004
vn -0.0003 1.0000 0.0003
vn -0.0006 1.0000 -0.0000
vn -0.0417 0.9991 -0.0005
vn 0.1350 0.9908 0.0001
vn 0.1345 0.9909 -0.0011
vn -0.0421 0.9991 -0.0018
vn -0.0409 0.9992 -0.0005
vn 0.1358 0.9907 -0.0005
vn 0.1355 0.9908 0.0008
vn -0.0410 0.9992 0.0009
vn 0.6352 0.7723 -0.0026
vn 0.9644 0.2643 -0.0066
vn 0.9661 0.2578 -0.0148
vn 0.6405 0.7679 -0.0054
vn -0.0160 0.2606 0.9653
vn -0.0221 0.2674 0.9633
vn -0.0432 0.2766 0.9600
vn -0.0058 0.2496 0.9683
vn -0.0109 0.2544 0.9670
vn 0.0505 0.4487 0.8923
vn 0.2934 0.2912 0.9106
vn 0.2108 0.2345 0.9490
vn -0.1658 0.3100 0.9362
vn -0.9356 0.3530 -0.0000
vn -0.9356 0.3532 -0.0000
vn -0.9380 0.3466 0.0106
vn -0.9357 0.3528 -0.0004
vn -0.9359 0.3524 -0.0003
vn 0.1775 0.3777 0.9087
vn 0.1107 0.2906 0.9504
vn 0.0373 0.2591 0.9651
vn -0.8514 0.5200 0.0690
vn -0.9184 0.3752 -0.1255
vn -0.4501 0.7723 0.4484
vn -0.1542 0.8488 0.5058
vn -0.9439 0.3297 0.0179
vn 0.0068 0.2474 0.9689
vn 0.0001 0.2471 0.9690
vn 0.0150 0.2505 0.9680
vn -0.9384 0.3456 -0.0021
vn -0.9393 0.3432 -0.0026
vn -0.9375 0.3479 -0.0019
vn -0.9408 0.3389 -0.0089
vn -0.9450 0.3268 -0.0151
vn -0.9360 0.3519 -0.0006
vn -0.9364 0.3511 -0.0010
vn -0.9368 0.3498 -0.0014
vn 0.0370 -0.0681 0.9970
vn 0.0148 -0.0679 0.9976
vn 0.9905 -0.0218 0.1358
vn 0.9641 0.0058 -0.2654
vn 0.9997 -0.0139 0.0180
vn 0.0086 0.0676 -0.9977
vn -0.0043 0.0678 -0.9977
vn -0.0045 0.0678 -0.9977
vn 0.0063 0.0677 -0.9977
vn 0.9999 -0.0124 -0.0047
vn 0.9999 -0.0125 -0.0024
vn 0.9993 -0.0150 0.0334
vn 0.9998 -0.0135 0.0116
vn 0.0969 0.0662 -0.9931
vn 0.0445 0.0671 -0.9968
vn -0.0013 0.0677 -0.9977
vn -0.0012 0.0677 -0.9977
vn -0.0015 0.0678 -0.9977
vn -0.0016 0.0678 -0.9977
vn -0.9999 0.0127 0.0007
vn -0.9998 0.0117 0.0146
vn -0.9999 0.0127 -0.0002
vn -0.0186 -0.0675 0.9975
vn -0.0367 -0.0672 0.9971
vn -0.9903 0.0219 -0.1375
vn -0.9975 0.0173 -0.0680
vn -0.0056 -0.0677 0.9977
vn -0.0104 -0.0676 0.9977
vn -0.9997 0.0111 0.0235
vn 0.0021 -0.0678 0.9977
vn 0.1537 -0.0689 0.9857
vn 0.9999 -0.0126 -0.0009
vn 0.9999 -0.0125 -0.0027
vn 0.9999 -0.0126 -0.0018
vn -0.1354 -0.0654 0.9886
vn 0.9998 -0.0115 -0.0186
vn 0.9994 -0.0104 -0.0338
vn -0.0010 0.0677 -0.9977
vn -0.0008 0.0677 -0.9977
vn 0.9999 -0.0121 -0.0084
vn -0.0064 0.0678 -0.9977
vn -0.0642 0.0684 -0.9956
vn -0.0353 0.0681 -0.9971
vn -0.0054 0.0678 -0.9977
vn -0.9999 0.0129 -0.0025
vn -0.9999 0.0129 -0.0023
vn -0.9998 0.0139 -0.0173
vn -0.9998 0.0135 -0.0110
vn 0.0013 0.0677 -0.9977
vn 0.1072 -0.0687 0.9919
vn -0.9999 0.0128 -0.0010
vn -0.9999 0.0128 -0.0005
vn -0.1173 -0.0658 0.9909
vn 0.0156 -0.0679 0.9976
vn 0.0461 -0.0682 0.9966
vn -0.9999 0.0128 -0.0016
vn 0.9906 -0.0033 -0.1370
vn 0.0069 -0.0678 0.9977
vn 0.0002 -0.0677 0.9977
vn 0.9505 -0.0331 0.3091
vn 0.9999 -0.0125 -0.0037
vn 0.1311 0.0655 -0.9892
vn -0.0014 0.0677 -0.9977
vn -0.9999 0.0127 -0.0000
vn -0.0144 -0.0675 0.9976
vn -0.9844 0.0006 0.1757
vn 0.9999 -0.0126 -0.0013
vn 0.1167 -0.0687 0.9908
vn -0.0011 0.0677 -0.9977
vn 0.9991 -0.0098 -0.0424
vn -0.9999 0.0129 -0.0032
vn -0.0908 0.0686 -0.9935
vn 0.1680 -0.0689 0.9834
vt 0.245798 0.024002
vt 0.245904 0.006835
vt 0.255034 0.007309
vt 0.255586 0.024455
vt 0.109640 0.023296
vt 0.109763 0.006130
vt 0.126862 0.006207
vt 0.126739 0.023374
vt 0.108663 0.160639
vt 0.108785 0.143471
vt 0.125887 0.143548
vt 0.125765 0.160717
vt 0.244788 0.161317
vt 0.244913 0.144120
vt 0.255347 0.144618
vt 0.255258 0.161786
vt 0.177073 0.160945
vt 0.177193 0.143776
vt 0.194295 0.143850
vt 0.194174 0.161020
vt 0.176603 0.229620
vt 0.176722 0.212452
vt 0.193828 0.212532
vt 0.193711 0.229701
vt 0.244746 0.229893
vt 0.244670 0.212755
vt 0.254528 0.213284
vt 0.253683 0.230438
vt 0.040252 0.160318
vt 0.040374 0.143148
vt 0.057475 0.143228
vt 0.057355 0.160400
vt 0.039737 0.229011
vt 0.039877 0.211838
vt 0.056981 0.211916
vt 0.056848 0.229088
vt 0.108174 0.229316
vt 0.108293 0.212145
vt 0.125403 0.212222
vt 0.125277 0.229389
vt 0.041239 0.022967
vt 0.041366 0.005799
vt 0.058466 0.005886
vt 0.058340 0.023052
vt 0.040746 0.091638
vt 0.040869 0.074470
vt 0.057971 0.074554
vt 0.057847 0.091721
vt 0.109151 0.091965
vt 0.109273 0.074797
vt 0.126374 0.074875
vt 0.126252 0.092043
vt 0.178039 0.023602
vt 0.178159 0.006436
vt 0.195258 0.006507
vt 0.195138 0.023673
vt 0.177555 0.092270
vt 0.177665 0.075096
vt 0.194775 0.075175
vt 0.194654 0.092343
vt 0.245310 0.092671
vt 0.245436 0.075503
vt 0.255824 0.075948
vt 0.255701 0.093116
vt 0.211751 0.092418
vt 0.211870 0.075249
vt 0.228843 0.075280
vt 0.228719 0.092446
vt 0.211510 0.126755
vt 0.211636 0.109587
vt 0.228597 0.109613
vt 0.228479 0.126780
vt 0.245046 0.126997
vt 0.245172 0.109837
vt 0.255573 0.110284
vt 0.255462 0.127452
vt 0.143353 0.092120
vt 0.143474 0.074952
vt 0.160575 0.075028
vt 0.160454 0.092196
vt 0.143105 0.126454
vt 0.143232 0.109288
vt 0.160333 0.109364
vt 0.160212 0.126532
vt 0.177314 0.126607
vt 0.177434 0.109439
vt 0.194534 0.109511
vt 0.194415 0.126680
vt 0.143834 0.023450
vt 0.143961 0.006286
vt 0.161060 0.006361
vt 0.160939 0.023528
vt 0.143596 0.057786
vt 0.143716 0.040619
vt 0.160817 0.040694
vt 0.160696 0.057861
vt 0.177797 0.057936
vt 0.177916 0.040769
vt 0.195015 0.040840
vt 0.194896 0.058008
vt 0.074950 0.091805
vt 0.075072 0.074637
vt 0.092173 0.074718
vt 0.092050 0.091886
vt 0.074703 0.126142
vt 0.074826 0.108973
vt 0.091928 0.109054
vt 0.091805 0.126223
vt 0.108907 0.126302
vt 0.109029 0.109133
vt 0.126130 0.109211
vt 0.126009 0.126380
vt 0.007150 0.091532
vt 0.007274 0.074367
vt 0.023682 0.074354
vt 0.023555 0.091533
vt 0.006876 0.125864
vt 0.007023 0.108711
vt 0.023439 0.108692
vt 0.023315 0.125861
vt 0.040499 0.125977
vt 0.040623 0.108807
vt 0.057725 0.108890
vt 0.057601 0.126059
vt 0.007617 0.022868
vt 0.007734 0.005700
vt 0.024184 0.005683
vt 0.024056 0.022851
vt 0.007384 0.057200
vt 0.007511 0.040033
vt 0.023925 0.040014
vt 0.023807 0.057187
vt 0.040991 0.057302
vt 0.041114 0.040135
vt 0.058215 0.040219
vt 0.058093 0.057386
vt 0.073957 0.229163
vt 0.074084 0.211992
vt 0.091191 0.212070
vt 0.091063 0.229238
vt 0.074358 0.262299
vt 0.073748 0.246338
vt 0.090856 0.246410
vt 0.091433 0.262317
vt 0.108519 0.262359
vt 0.107953 0.246473
vt 0.125063 0.246554
vt 0.125602 0.262445
vt 0.005842 0.228744
vt 0.006143 0.211659
vt 0.022717 0.211731
vt 0.022582 0.228937
vt 0.005999 0.262960
vt 0.005683 0.245971
vt 0.022484 0.246158
vt 0.023059 0.262716
vt 0.040165 0.262506
vt 0.039566 0.246208
vt 0.056657 0.246278
vt 0.057260 0.262356
vt 0.006609 0.160186
vt 0.006758 0.143026
vt 0.023181 0.143026
vt 0.023070 0.160204
vt 0.006357 0.194501
vt 0.006473 0.177347
vt 0.022948 0.177377
vt 0.022823 0.194546
vt 0.040003 0.194664
vt 0.040129 0.177490
vt 0.057232 0.177571
vt 0.057106 0.194743
vt 0.210822 0.229791
vt 0.210930 0.212618
vt 0.227935 0.212669
vt 0.227884 0.229875
vt 0.210857 0.263556
vt 0.210669 0.246973
vt 0.227890 0.247116
vt 0.227881 0.264026
vt 0.244500 0.263330
vt 0.244998 0.247109
vt 0.259087 0.245598
vt 0.261163 0.262627
vt 0.142388 0.229467
vt 0.142509 0.212299
vt 0.159616 0.212375
vt 0.159495 0.229542
vt 0.142674 0.262554
vt 0.142167 0.246622
vt 0.159278 0.246696
vt 0.159747 0.262691
vt 0.176792 0.262892
vt 0.176402 0.246782
vt 0.193523 0.246866
vt 0.193832 0.263158
vt 0.142868 0.160793
vt 0.142989 0.143625
vt 0.160091 0.143701
vt 0.159970 0.160869
vt 0.142628 0.195130
vt 0.142744 0.177961
vt 0.159851 0.178038
vt 0.159733 0.195206
vt 0.176838 0.195283
vt 0.176954 0.178115
vt 0.194057 0.178191
vt 0.193941 0.195362
vt 0.211277 0.161098
vt 0.211392 0.143927
vt 0.228350 0.143947
vt 0.228223 0.161078
vt 0.211037 0.195442
vt 0.211150 0.178268
vt 0.228129 0.178296
vt 0.228021 0.195479
vt 0.244671 0.195616
vt 0.244729 0.178467
vt 0.255215 0.178952
vt 0.255084 0.196119
vt 0.074454 0.160478
vt 0.074580 0.143311
vt 0.091676 0.143388
vt 0.091560 0.160561
vt 0.074210 0.194822
vt 0.074334 0.177652
vt 0.091437 0.177731
vt 0.091314 0.194900
vt 0.108418 0.194977
vt 0.108539 0.177808
vt 0.125643 0.177886
vt 0.125514 0.195048
vt 0.075440 0.023136
vt 0.075565 0.005969
vt 0.092663 0.006049
vt 0.092540 0.023216
vt 0.075186 0.057466
vt 0.075316 0.040303
vt 0.092417 0.040383
vt 0.092294 0.057550
vt 0.109394 0.057630
vt 0.109517 0.040463
vt 0.126605 0.040533
vt 0.126495 0.057708
vt 0.212231 0.023748
vt 0.212359 0.006582
vt 0.229305 0.006614
vt 0.229194 0.023780
vt 0.211997 0.058085
vt 0.212112 0.040916
vt 0.229079 0.040948
vt 0.228961 0.058126
vt 0.245560 0.058342
vt 0.245690 0.041196
vt 0.255838 0.041614
vt 0.255899 0.058780
vt 0.020123 0.769308
vt 0.006546 0.769359
vt 0.006413 0.752217
vt 0.019839 0.752128
vt 0.006184 0.735071
vt 0.019425 0.734951
vt 0.020398 0.803667
vt 0.006547 0.803670
vt 0.006570 0.786518
vt 0.020305 0.786489
vt 0.227273 0.278947
vt 0.242227 0.275383
vt 0.540624 0.237432
vt 0.552333 0.236870
vt 0.552333 0.254017
vt 0.539375 0.254454
vt 0.005683 0.717913
vt 0.018350 0.717835
vt 0.212132 0.274696
vt 0.858142 0.194871
vt 0.857798 0.177707
vt 0.875043 0.177359
vt 0.875399 0.194516
vt 0.858486 0.212036
vt 0.875703 0.211679
vt 0.857458 0.160544
vt 0.857112 0.143380
vt 0.874370 0.143031
vt 0.874703 0.160195
vt 0.024498 0.276031
vt 0.041371 0.273194
vt 0.018769 0.889471
vt 0.005683 0.889435
vt 0.006037 0.872293
vt 0.019727 0.872358
vt 0.858991 0.262208
vt 0.859196 0.246335
vt 0.876435 0.246005
vt 0.874437 0.262936
vt 0.854361 0.276819
vt 0.870568 0.278773
vt 0.007837 0.278947
vt 0.858856 0.229179
vt 0.876137 0.228775
vt 0.020298 0.838019
vt 0.006389 0.837989
vt 0.006501 0.820832
vt 0.020399 0.820844
vt 0.006267 0.855135
vt 0.020086 0.855191
vt 0.855382 0.057543
vt 0.855036 0.040371
vt 0.872281 0.040022
vt 0.872629 0.057192
vt 0.855728 0.074713
vt 0.872984 0.074361
vt 0.854694 0.023200
vt 0.854361 0.006030
vt 0.871562 0.005683
vt 0.871929 0.022854
vt 0.856771 0.126214
vt 0.856424 0.109049
vt 0.873679 0.108711
vt 0.874011 0.125867
vt 0.856077 0.091881
vt 0.873333 0.091529
vt 0.287894 0.024002
vt 0.278107 0.024455
vt 0.278658 0.007309
vt 0.287788 0.006835
vt 0.424052 0.023296
vt 0.406953 0.023374
vt 0.406830 0.006207
vt 0.423929 0.006130
vt 0.425030 0.160639
vt 0.407927 0.160717
vt 0.407805 0.143548
vt 0.424907 0.143471
vt 0.288904 0.161317
vt 0.278434 0.161786
vt 0.278345 0.144618
vt 0.288779 0.144120
vt 0.356619 0.160945
vt 0.339518 0.161020
vt 0.339397 0.143850
vt 0.356499 0.143776
vt 0.357089 0.229620
vt 0.339981 0.229701
vt 0.339865 0.212532
vt 0.356970 0.212452
vt 0.288946 0.229893
vt 0.280009 0.230438
vt 0.279165 0.213284
vt 0.289022 0.212755
vt 0.493440 0.160318
vt 0.476337 0.160400
vt 0.476217 0.143228
vt 0.493318 0.143148
vt 0.493955 0.229011
vt 0.476845 0.229088
vt 0.476711 0.211916
vt 0.493815 0.211838
vt 0.425518 0.229316
vt 0.408415 0.229389
vt 0.408289 0.212222
vt 0.425399 0.212145
vt 0.492453 0.022967
vt 0.475352 0.023052
vt 0.475226 0.005886
vt 0.492326 0.005799
vt 0.492946 0.091638
vt 0.475845 0.091721
vt 0.475721 0.074554
vt 0.492823 0.074470
vt 0.424541 0.091965
vt 0.407440 0.092043
vt 0.407319 0.074875
vt 0.424419 0.074797
vt 0.355653 0.023602
vt 0.338555 0.023673
vt 0.338434 0.006507
vt 0.355533 0.006436
vt 0.356137 0.092270
vt 0.339038 0.092343
vt 0.338918 0.075176
vt 0.356027 0.075096
vt 0.288382 0.092671
vt 0.277991 0.093116
vt 0.277868 0.075948
vt 0.288256 0.075503
vt 0.321941 0.092418
vt 0.304973 0.092446
vt 0.304849 0.075280
vt 0.321822 0.075249
vt 0.322182 0.126755
vt 0.305214 0.126780
vt 0.305096 0.109613
vt 0.322056 0.109587
vt 0.288646 0.126997
vt 0.278231 0.127452
vt 0.278119 0.110284
vt 0.288520 0.109837
vt 0.390339 0.092120
vt 0.373238 0.092196
vt 0.373117 0.075028
vt 0.390218 0.074952
vt 0.390587 0.126454
vt 0.373480 0.126532
vt 0.373359 0.109364
vt 0.390460 0.109288
vt 0.356378 0.126607
vt 0.339277 0.126680
vt 0.339158 0.109511
vt 0.356258 0.109439
vt 0.389858 0.023450
vt 0.372753 0.023528
vt 0.372632 0.006361
vt 0.389731 0.006286
vt 0.390096 0.057786
vt 0.372996 0.057861
vt 0.372875 0.040694
vt 0.389976 0.040619
vt 0.355895 0.057936
vt 0.338796 0.058008
vt 0.338677 0.040840
vt 0.355776 0.040769
vt 0.458742 0.091805
vt 0.441642 0.091886
vt 0.441520 0.074718
vt 0.458620 0.074637
vt 0.458989 0.126142
vt 0.441887 0.126223
vt 0.441764 0.109054
vt 0.458866 0.108973
vt 0.424785 0.126302
vt 0.407683 0.126380
vt 0.407562 0.109211
vt 0.424663 0.109133
vt 0.526542 0.091532
vt 0.510137 0.091533
vt 0.510010 0.074354
vt 0.526418 0.074367
vt 0.526816 0.125864
vt 0.510377 0.125861
vt 0.510253 0.108692
vt 0.526669 0.108711
vt 0.493193 0.125977
vt 0.476091 0.126059
vt 0.475967 0.108890
vt 0.493069 0.108807
vt 0.526075 0.022868
vt 0.509636 0.022851
vt 0.509508 0.005683
vt 0.525958 0.005700
vt 0.526308 0.057200
vt 0.509885 0.057187
vt 0.509767 0.040014
vt 0.526182 0.040033
vt 0.492701 0.057302
vt 0.475599 0.057386
vt 0.475477 0.040219
vt 0.492578 0.040134
vt 0.459735 0.229163
vt 0.442629 0.229238
vt 0.442501 0.212070
vt 0.459608 0.211992
vt 0.459334 0.262299
vt 0.442259 0.262317
vt 0.442836 0.246410
vt 0.459944 0.246338
vt 0.425173 0.262359
vt 0.408090 0.262445
vt 0.408629 0.246554
vt 0.425739 0.246473
vt 0.527850 0.228744
vt 0.511110 0.228937
vt 0.510976 0.211731
vt 0.527549 0.211659
vt 0.527693 0.262960
vt 0.510633 0.262716
vt 0.511208 0.246158
vt 0.528009 0.245971
vt 0.493527 0.262506
vt 0.476432 0.262356
vt 0.477035 0.246278
vt 0.494126 0.246208
vt 0.527083 0.160186
vt 0.510622 0.160204
vt 0.510511 0.143026
vt 0.526934 0.143026
vt 0.527335 0.194501
vt 0.510869 0.194546
vt 0.510744 0.177377
vt 0.527219 0.177347
vt 0.493689 0.194664
vt 0.476586 0.194743
vt 0.476460 0.177571
vt 0.493563 0.177490
vt 0.322870 0.229791
vt 0.305808 0.229875
vt 0.305757 0.212669
vt 0.322763 0.212618
vt 0.322835 0.263556
vt 0.305811 0.264026
vt 0.305802 0.247116
vt 0.323023 0.246973
vt 0.289192 0.263330
vt 0.272529 0.262627
vt 0.274605 0.245598
vt 0.288694 0.247109
vt 0.391304 0.229467
vt 0.374197 0.229542
vt 0.374076 0.212375
vt 0.391183 0.212299
vt 0.391018 0.262554
vt 0.373945 0.262691
vt 0.374414 0.246696
vt 0.391525 0.246622
vt 0.356900 0.262892
vt 0.339860 0.263158
vt 0.340169 0.246866
vt 0.357290 0.246782
vt 0.390825 0.160793
vt 0.373722 0.160869
vt 0.373601 0.143701
vt 0.390703 0.143625
vt 0.391065 0.195130
vt 0.373959 0.195206
vt 0.373841 0.178038
vt 0.390949 0.177961
vt 0.356854 0.195283
vt 0.339751 0.195362
vt 0.339635 0.178191
vt 0.356738 0.178115
vt 0.322416 0.161098
vt 0.305469 0.161078
vt 0.305342 0.143947
vt 0.322300 0.143927
vt 0.322655 0.195442
vt 0.305671 0.195479
vt 0.305563 0.178296
vt 0.322542 0.178268
vt 0.289021 0.195616
vt 0.278609 0.196119
vt 0.278477 0.178952
vt 0.288963 0.178468
vt 0.459239 0.160478
vt 0.442132 0.160561
vt 0.442016 0.143388
vt 0.459112 0.143311
vt 0.459482 0.194822
vt 0.442378 0.194900
vt 0.442255 0.177731
vt 0.459358 0.177652
vt 0.425274 0.194977
vt 0.408179 0.195048
vt 0.408049 0.177886
vt 0.425153 0.177808
vt 0.458252 0.023136
vt 0.441152 0.023216
vt 0.441029 0.006049
vt 0.458128 0.005969
vt 0.458506 0.057466
vt 0.441398 0.057550
vt 0.441275 0.040383
vt 0.458376 0.040303
vt 0.424298 0.057630
vt 0.407197 0.057708
vt 0.407087 0.040533
vt 0.424175 0.040463
vt 0.321461 0.023748
vt 0.304498 0.023780
vt 0.304387 0.006614
vt 0.321333 0.006582
vt 0.321695 0.058085
vt 0.304731 0.058126
vt 0.304613 0.040948
vt 0.321580 0.040916
vt 0.288133 0.058342
vt 0.277793 0.058780
vt 0.277855 0.041614
vt 0.288002 0.041196
vt 0.397054 0.771557
vt 0.396188 0.788709
vt 0.382770 0.788384
vt 0.383482 0.771261
vt 0.395194 0.805852
vt 0.381961 0.805506
vt 0.398490 0.737240
vt 0.397816 0.754399
vt 0.384087 0.754116
vt 0.384644 0.736976
vt 0.306419 0.278947
vt 0.291465 0.275383
vt 0.396213 0.852869
vt 0.402489 0.868775
vt 0.389989 0.872456
vt 0.384866 0.856083
vt 0.393541 0.822900
vt 0.380880 0.822629
vt 0.321560 0.274696
vt 0.838207 0.194842
vt 0.820952 0.194483
vt 0.821307 0.177329
vt 0.838549 0.177682
vt 0.837864 0.212004
vt 0.820651 0.211641
vt 0.838888 0.160522
vt 0.821646 0.160168
vt 0.821976 0.143008
vt 0.839232 0.143361
vt 0.509195 0.276031
vt 0.492321 0.273194
vt 0.399765 0.651414
vt 0.400143 0.668567
vt 0.386455 0.668380
vt 0.386682 0.651234
vt 0.837472 0.262007
vt 0.821884 0.262944
vt 0.819927 0.245953
vt 0.837138 0.246325
vt 0.841956 0.276832
vt 0.825651 0.278931
vt 0.525855 0.278947
vt 0.837484 0.229161
vt 0.820224 0.228727
vt 0.399552 0.702910
vt 0.399072 0.720077
vt 0.385179 0.719825
vt 0.385647 0.702675
vt 0.399921 0.685740
vt 0.386105 0.685537
vt 0.840950 0.057547
vt 0.823711 0.057183
vt 0.824058 0.040016
vt 0.841293 0.040380
vt 0.840607 0.074712
vt 0.823357 0.074350
vt 0.841632 0.023215
vt 0.824409 0.022851
vt 0.824774 0.005683
vt 0.841956 0.006059
vt 0.839571 0.126200
vt 0.822334 0.125846
vt 0.822664 0.108694
vt 0.839915 0.109038
vt 0.840261 0.091875
vt 0.823010 0.091515
vt 0.401517 0.668589
vt 0.401295 0.685762
vt 0.900149 0.261028
vt 0.898855 0.244047
vt 0.899909 0.244134
vt 0.901203 0.261116
vt 0.436206 0.837090
vt 0.434509 0.819957
vt 0.435883 0.819954
vt 0.437580 0.837087
vt 0.891145 0.160193
vt 0.890890 0.143021
vt 0.891944 0.143109
vt 0.892199 0.160281
vt 0.891479 0.211711
vt 0.891712 0.194538
vt 0.892766 0.194625
vt 0.892533 0.211799
vt 0.430528 0.853294
vt 0.431902 0.853291
vt 0.433487 0.751268
vt 0.433237 0.734096
vt 0.434611 0.734093
vt 0.434861 0.751265
vt 0.434253 0.802784
vt 0.433995 0.785611
vt 0.435369 0.785608
vt 0.435626 0.802781
vt 0.839245 0.194788
vt 0.838902 0.211950
vt 0.840269 0.143307
vt 0.839926 0.160467
vt 0.397562 0.788731
vt 0.396568 0.805874
vt 0.838176 0.246270
vt 0.838510 0.261952
vt 0.399864 0.737262
vt 0.399190 0.754422
vt 0.838521 0.229107
vt 0.388871 0.838420
vt 0.397587 0.852891
vt 0.387497 0.838397
vt 0.890259 0.091505
vt 0.890062 0.074332
vt 0.891116 0.074419
vt 0.891313 0.091592
vt 0.890674 0.125850
vt 0.891728 0.125937
vt 0.394915 0.822922
vt 0.889391 0.039991
vt 0.888759 0.022829
vt 0.889813 0.022916
vt 0.890446 0.040078
vt 0.432487 0.682581
vt 0.432238 0.665410
vt 0.433612 0.665407
vt 0.433861 0.682578
vt 0.432984 0.716924
vt 0.434358 0.716921
vt 0.889806 0.057159
vt 0.890860 0.057247
vt 0.432745 0.631062
vt 0.428982 0.614265
vt 0.430356 0.614262
vt 0.434119 0.631059
vt 0.841988 0.057492
vt 0.841645 0.074657
vt 0.842994 0.006005
vt 0.842669 0.023161
vt 0.431991 0.648238
vt 0.433365 0.648235
vt 0.401139 0.651437
vt 0.840953 0.108984
vt 0.840609 0.126145
vt 0.403863 0.603956
vt 0.394459 0.618179
vt 0.393085 0.618156
vt 0.402489 0.603934
vt 0.841298 0.091821
vt 0.890977 0.228877
vt 0.892031 0.228965
vt 0.400926 0.702932
vt 0.400446 0.720099
vt 0.887801 0.271515
vt 0.888855 0.271603
vt 0.891475 0.177364
vt 0.892529 0.177452
vt 0.415229 0.861252
vt 0.416603 0.861249
vt 0.433743 0.768440
vt 0.435117 0.768437
vt 0.839587 0.177628
vt 0.398427 0.771579
vt 0.842994 0.276778
vt 0.890453 0.108677
vt 0.891507 0.108765
vt 0.403863 0.868797
vt 0.432738 0.699753
vt 0.434112 0.699750
vt 0.887801 0.005683
vt 0.888855 0.005771
vt 0.842331 0.040326
vt 0.415229 0.603936
vt 0.416603 0.603934
vt 0.398560 0.634652
vt 0.397186 0.634630
s 1
usemtl bed
f 1651/2155/1027 1503/2156/1028 1366/2157/1029 1446/2158/1030
f 1650/2159/1031 1499/2160/1032 1370/2161/1033 1452/2162/1033
f 1649/2163/1034 1506/2164/1035 1371/2165/1036 1453/2166/1037
f 1648/2167/1038 1507/2168/1039 1369/2169/1040 1450/2170/1041
f 1647/2171/1042 1495/2172/1043 1383/2173/1044 1468/2174/1045
f 1646/2175/1046 1510/2176/1047 1384/2177/1048 1469/2178/1049
f 1645/2179/1050 1511/2180/1051 1378/2181/1052 1462/2182/1053
f 1644/2183/1054 1494/2184/1055 1382/2185/1056 1472/2186/1057
f 1643/2187/1058 1514/2188/1059 1385/2189/1060 1473/2190/1061
f 1642/2191/1062 1515/2192/1063 1381/2193/1064 1465/2194/1065
f 1641/2195/1066 1487/2196/1067 1375/2197/1068 1476/2198/1069
f 1640/2199/1070 1518/2200/1071 1386/2201/1072 1477/2202/1073
f 1639/2203/1074 1519/2204/1075 1380/2205/1076 1464/2206/1075
f 1638/2207/1043 1491/2208/1077 1379/2209/1078 1480/2210/1079
f 1637/2211/1080 1522/2212/1081 1387/2213/1082 1481/2214/1083
f 1636/2215/1084 1523/2216/1085 1374/2217/1086 1458/2218/1087
f 1635/2219/1088 1483/2220/1089 1427/2221/1090 1524/2222/1091
f 1634/2223/1092 1526/2224/1093 1428/2225/1094 1525/2226/1095
f 1633/2227/1096 1527/2228/1097 1402/2229/1098 1498/2230/1099
f 1632/2231/1075 1482/2232/1074 1426/2233/1100 1528/2234/1101
f 1631/2235/1074 1530/2236/1102 1429/2237/1103 1529/2238/1104
f 1630/2239/1100 1531/2240/1100 1425/2241/1105 1521/2242/1082
f 1629/2243/1106 1451/2244/1107 1395/2245/1108 1532/2246/1104
f 1628/2247/1109 1534/2248/1110 1430/2249/1111 1533/2250/1112
f 1627/2251/1113 1535/2252/1114 1424/2253/1115 1520/2254/1116
f 1626/2255/1064 1479/2256/1117 1423/2257/1072 1536/2258/1118
f 1625/2259/1119 1538/2260/1035 1431/2261/1118 1537/2262/1120
f 1624/2263/1121 1539/2264/1122 1408/2265/1123 1504/2266/1124
f 1623/2267/1125 1478/2268/1126 1422/2269/1127 1540/2270/1128
f 1622/2271/1129 1542/2272/1130 1432/2273/1131 1541/2274/1132
f 1621/2275/1133 1543/2276/1134 1421/2277/1135 1517/2278/1136
f 1620/2279/1137 1447/2280/1138 1391/2281/1139 1544/2282/1140
f 1619/2283/1141 1546/2284/1142 1433/2285/1143 1545/2286/1144
f 1618/2287/1145 1547/2288/1146 1420/2289/1147 1516/2290/1122
f 1617/2291/1148 1475/2292/1149 1419/2293/1150 1548/2294/1151
f 1616/2295/1152 1550/2296/1153 1434/2297/1154 1549/2298/1155
f 1615/2299/1156 1551/2300/1157 1409/2301/1158 1505/2302/1159
f 1614/2303/1160 1474/2304/1161 1418/2305/1162 1552/2306/1163
f 1613/2307/1164 1554/2308/1165 1435/2309/1166 1553/2310/1167
f 1612/2311/1168 1555/2312/1169 1417/2313/1170 1513/2314/1171
f 1611/2315/1172 1454/2316/1173 1398/2317/1174 1556/2318/1175
f 1610/2319/1176 1558/2320/1177 1436/2321/1178 1557/2322/1179
f 1609/2323/1180 1559/2324/1181 1416/2325/1182 1512/2326/1183
f 1608/2327/1184 1471/2328/1185 1415/2329/1186 1560/2330/1187
f 1607/2331/1188 1562/2332/1189 1437/2333/1190 1561/2334/1191
f 1606/2335/1192 1563/2336/1193 1406/2337/1194 1502/2338/1195
f 1605/2339/1196 1470/2340/1069 1414/2341/1120 1564/2342/1197
f 1604/2343/1198 1566/2344/1199 1438/2345/1200 1565/2346/1201
f 1603/2347/1202 1567/2348/1203 1413/2349/1204 1509/2350/1205
f 1602/2351/1206 1455/2352/1207 1399/2353/1208 1568/2354/1119
f 1601/2355/1209 1570/2356/1210 1439/2357/1211 1569/2358/1212
f 1600/2359/1213 1571/2360/1214 1412/2361/1215 1508/2362/1216
f 1599/2363/1217 1467/2364/1218 1411/2365/1219 1572/2366/1220
f 1598/2367/1221 1574/2368/1222 1440/2369/1223 1573/2370/1224
f 1597/2371/1225 1575/2372/1226 1394/2373/1227 1490/2374/1228
f 1596/2375/1111 1466/2376/1032 1410/2377/1122 1576/2378/1229
f 1595/2379/1109 1578/2380/1230 1441/2381/1231 1577/2382/1232
f 1594/2383/1233 1579/2384/1234 1397/2385/1235 1493/2386/1236
f 1593/2387/1237 1459/2388/1237 1403/2389/1237 1580/2390/1237
f 1592/2391/1035 1582/2392/1238 1442/2393/1239 1581/2394/1240
f 1591/2395/1241 1583/2396/1242 1396/2397/1243 1492/2398/1207
f 1590/2399/1244 1463/2400/1245 1407/2401/1246 1584/2402/1247
f 1589/2403/1248 1586/2404/1249 1443/2405/1250 1585/2406/1251
f 1588/2407/1252 1587/2408/1253 1390/2409/1254 1486/2410/1255
f 1585/2406/1251 1443/2405/1250 1587/2408/1253 1588/2407/1252
f 1427/2221/1090 1585/2406/1251 1588/2407/1252 1523/2216/1085
f 1523/2216/1085 1588/2407/1252 1486/2410/1255 1374/2217/1086
f 1520/2254/1116 1424/2253/1115 1586/2404/1249 1589/2403/1248
f 1387/2213/1082 1520/2254/1116 1589/2403/1248 1483/2220/1089
f 1483/2220/1089 1589/2403/1248 1585/2406/1251 1427/2221/1090
f 1480/2210/1079 1379/2209/1078 1463/2400/1245 1590/2399/1244
f 1424/2253/1115 1480/2210/1079 1590/2399/1244 1586/2404/1249
f 1586/2404/1249 1590/2399/1244 1584/2402/1247 1443/2405/1250
f 1581/2394/1240 1442/2393/1239 1583/2396/1242 1591/2395/1241
f 1423/2257/1072 1581/2394/1240 1591/2395/1241 1519/2204/1075
f 1519/2204/1075 1591/2395/1241 1492/2398/1207 1380/2205/1076
f 1516/2290/1122 1420/2289/1147 1582/2392/1238 1592/2391/1035
f 1386/2201/1072 1516/2290/1122 1592/2391/1035 1479/2256/1117
f 1479/2256/1117 1592/2391/1035 1581/2394/1240 1423/2257/1072
f 1476/2198/1069 1375/2197/1068 1459/2388/1237 1593/2387/1237
f 1420/2289/1147 1476/2198/1069 1593/2387/1237 1582/2392/1238
f 1582/2392/1238 1593/2387/1237 1580/2390/1237 1442/2393/1239
f 1577/2382/1232 1441/2381/1231 1579/2384/1234 1594/2383/1233
f 1419/2293/1150 1577/2382/1232 1594/2383/1233 1515/2192/1063
f 1515/2192/1063 1594/2383/1233 1493/2386/1236 1381/2193/1064
f 1512/2326/1183 1416/2325/1182 1578/2380/1230 1595/2379/1109
f 1385/2189/1060 1512/2326/1183 1595/2379/1109 1475/2292/1149
f 1475/2292/1149 1595/2379/1109 1577/2382/1232 1419/2293/1150
f 1472/2186/1057 1382/2185/1056 1466/2376/1032 1596/2375/1111
f 1416/2325/1182 1472/2186/1057 1596/2375/1111 1578/2380/1230
f 1578/2380/1230 1596/2375/1111 1576/2378/1229 1441/2381/1231
f 1573/2370/1224 1440/2369/1223 1575/2372/1226 1597/2371/1225
f 1415/2329/1186 1573/2370/1224 1597/2371/1225 1511/2180/1051
f 1511/2180/1051 1597/2371/1225 1490/2374/1228 1378/2181/1052
f 1508/2362/1216 1412/2361/1215 1574/2368/1222 1598/2367/1221
f 1384/2177/1048 1508/2362/1216 1598/2367/1221 1471/2328/1185
f 1471/2328/1185 1598/2367/1221 1573/2370/1224 1415/2329/1186
f 1468/2174/1045 1383/2173/1044 1467/2364/1218 1599/2363/1217
f 1412/2361/1215 1468/2174/1045 1599/2363/1217 1574/2368/1222
f 1574/2368/1222 1599/2363/1217 1572/2366/1220 1440/2369/1223
f 1569/2358/1212 1439/2357/1211 1571/2360/1214 1600/2359/1213
f 1414/2341/1120 1569/2358/1212 1600/2359/1213 1510/2176/1047
f 1510/2176/1047 1600/2359/1213 1508/2362/1216 1384/2177/1048
f 1493/2386/1236 1397/2385/1235 1570/2356/1210 1601/2355/1209
f 1381/2193/1064 1493/2386/1236 1601/2355/1209 1470/2340/1069
f 1470/2340/1069 1601/2355/1209 1569/2358/1212 1414/2341/1120
f 1453/2166/1037 1371/2165/1036 1455/2352/1207 1602/2351/1206
f 1397/2385/1235 1453/2166/1037 1602/2351/1206 1570/2356/1210
f 1570/2356/1210 1602/2351/1206 1568/2354/1119 1439/2357/1211
f 1565/2346/1201 1438/2345/1200 1567/2348/1203 1603/2347/1202
f 1401/2411/1256 1565/2412/1201 1603/2413/1202 1457/2414/1257
f 1457/2414/1257 1603/2413/1202 1509/2415/1205 1373/2416/1258
f 1505/2302/1159 1409/2301/1158 1566/2344/1199 1604/2343/1198
f 1368/2417/1259 1505/2418/1159 1604/2419/1198 1497/2420/1260
f 1497/2420/1260 1604/2419/1198 1565/2412/1201 1401/2411/1256
f 1465/2194/1065 1381/2193/1064 1470/2340/1069 1605/2339/1196
f 1409/2301/1158 1465/2194/1065 1605/2339/1196 1566/2344/1199
f 1566/2344/1199 1605/2339/1196 1564/2342/1197 1438/2345/1200
f 1561/2334/1191 1437/2333/1190 1563/2336/1193 1606/2335/1192
f 1389/2421/1261 1561/2334/1191 1606/2335/1192 1445/2422/1262
f 1445/2423/1262 1606/2424/1192 1502/2425/1195 1364/2426/1263
f 1509/2350/1205 1413/2349/1204 1562/2332/1189 1607/2331/1188
f 1373/2416/1258 1509/2415/1205 1607/2427/1188 1485/2428/1264
f 1485/2429/1264 1607/2331/1188 1561/2334/1191 1389/2421/1261
f 1469/2178/1049 1384/2177/1048 1471/2328/1185 1608/2327/1184
f 1413/2349/1204 1469/2178/1049 1608/2327/1184 1562/2332/1189
f 1562/2332/1189 1608/2327/1184 1560/2330/1187 1437/2333/1190
f 1557/2322/1179 1436/2321/1178 1559/2324/1181 1609/2323/1180
f 1418/2305/1162 1557/2322/1179 1609/2323/1180 1514/2188/1059
f 1514/2188/1059 1609/2323/1180 1512/2326/1183 1385/2189/1060
f 1456/2430/1265 1400/2431/1266 1558/2432/1177 1610/2433/1176
f 1372/2434/1267 1456/2430/1265 1610/2433/1176 1474/2435/1161
f 1474/2304/1161 1610/2319/1176 1557/2322/1179 1418/2305/1162
f 1496/2436/1268 1367/2437/1269 1454/2438/1173 1611/2439/1172
f 1400/2431/1266 1496/2436/1268 1611/2439/1172 1558/2432/1177
f 1558/2320/1177 1611/2315/1172 1556/2318/1175 1436/2321/1178
f 1553/2310/1167 1435/2309/1166 1555/2312/1169 1612/2311/1168
f 1405/2440/1270 1553/2310/1167 1612/2311/1168 1461/2441/1271
f 1461/2442/1271 1612/2443/1168 1513/2444/1171 1377/2445/1272
f 1444/2446/1273 1388/2447/1274 1554/2448/1165 1613/2449/1164
f 1363/2450/1275 1444/2446/1273 1613/2449/1164 1501/2451/1276
f 1501/2452/1276 1613/2307/1164 1553/2310/1167 1405/2440/1270
f 1484/2453/1277 1372/2434/1267 1474/2435/1161 1614/2454/1160
f 1388/2447/1274 1484/2453/1277 1614/2454/1160 1554/2448/1165
f 1554/2308/1165 1614/2303/1160 1552/2306/1163 1435/2309/1166
f 1549/2298/1155 1434/2297/1154 1551/2300/1157 1615/2299/1156
f 1393/2455/1278 1549/2456/1155 1615/2457/1156 1449/2458/1279
f 1449/2458/1279 1615/2457/1156 1505/2418/1159 1368/2417/1259
f 1513/2314/1171 1417/2313/1170 1550/2296/1153 1616/2295/1152
f 1377/2445/1272 1513/2444/1171 1616/2459/1152 1489/2460/1280
f 1489/2460/1280 1616/2459/1152 1549/2456/1155 1393/2455/1278
f 1473/2190/1061 1385/2189/1060 1475/2292/1149 1617/2291/1148
f 1417/2313/1170 1473/2190/1061 1617/2291/1148 1550/2296/1153
f 1550/2296/1153 1617/2291/1148 1548/2294/1151 1434/2297/1154
f 1545/2286/1144 1433/2285/1143 1547/2288/1146 1618/2287/1145
f 1422/2269/1127 1545/2286/1144 1618/2287/1145 1518/2200/1071
f 1518/2200/1071 1618/2287/1145 1516/2290/1122 1386/2201/1072
f 1460/2461/1281 1404/2462/1282 1546/2463/1142 1619/2464/1141
f 1376/2465/1283 1460/2461/1281 1619/2464/1141 1478/2466/1126
f 1478/2268/1126 1619/2283/1141 1545/2286/1144 1422/2269/1127
f 1500/2467/1284 1365/2468/1285 1447/2469/1138 1620/2470/1137
f 1404/2462/1282 1500/2467/1284 1620/2470/1137 1546/2463/1142
f 1546/2284/1142 1620/2279/1137 1544/2282/1140 1433/2285/1143
f 1541/2274/1132 1432/2273/1131 1543/2276/1134 1621/2275/1133
f 1398/2317/1174 1541/2274/1132 1621/2275/1133 1494/2184/1055
f 1494/2184/1055 1621/2275/1133 1517/2278/1136 1382/2185/1056
f 1448/2471/1286 1392/2472/1287 1542/2473/1130 1622/2474/1129
f 1367/2437/1269 1448/2471/1286 1622/2474/1129 1454/2438/1173
f 1454/2316/1173 1622/2271/1129 1541/2274/1132 1398/2317/1174
f 1488/2475/1288 1376/2465/1283 1478/2466/1126 1623/2476/1125
f 1392/2472/1287 1488/2475/1288 1623/2476/1125 1542/2473/1130
f 1542/2272/1130 1623/2267/1125 1540/2270/1128 1432/2273/1131
f 1537/2262/1120 1431/2261/1118 1539/2264/1122 1624/2263/1121
f 1410/2377/1122 1537/2262/1120 1624/2263/1121 1506/2164/1035
f 1506/2164/1035 1624/2263/1121 1504/2266/1124 1371/2165/1036
f 1517/2278/1136 1421/2277/1135 1538/2260/1035 1625/2259/1119
f 1382/2185/1056 1517/2278/1136 1625/2259/1119 1466/2376/1032
f 1466/2376/1032 1625/2259/1119 1537/2262/1120 1410/2377/1122
f 1477/2202/1073 1386/2201/1072 1479/2256/1117 1626/2255/1064
f 1421/2277/1135 1477/2202/1073 1626/2255/1064 1538/2260/1035
f 1538/2260/1035 1626/2255/1064 1536/2258/1118 1431/2261/1118
f 1533/2250/1112 1430/2249/1111 1535/2252/1114 1627/2251/1113
f 1426/2233/1100 1533/2250/1112 1627/2251/1113 1522/2212/1081
f 1522/2212/1081 1627/2251/1113 1520/2254/1116 1387/2213/1082
f 1492/2398/1207 1396/2397/1243 1534/2248/1110 1628/2247/1109
f 1380/2205/1076 1492/2398/1207 1628/2247/1109 1482/2232/1074
f 1482/2232/1074 1628/2247/1109 1533/2250/1112 1426/2233/1100
f 1452/2162/1033 1370/2161/1033 1451/2244/1107 1629/2243/1106
f 1396/2397/1243 1452/2162/1033 1629/2243/1106 1534/2248/1110
f 1534/2248/1110 1629/2243/1106 1532/2246/1104 1430/2249/1111
f 1529/2238/1104 1429/2237/1103 1531/2240/1100 1630/2239/1100
f 1399/2353/1208 1529/2238/1104 1630/2239/1100 1495/2172/1043
f 1495/2172/1043 1630/2239/1100 1521/2242/1082 1383/2173/1044
f 1504/2266/1124 1408/2265/1123 1530/2236/1102 1631/2235/1074
f 1371/2165/1036 1504/2266/1124 1631/2235/1074 1455/2352/1207
f 1455/2352/1207 1631/2235/1074 1529/2238/1104 1399/2353/1208
f 1464/2206/1075 1380/2205/1076 1482/2232/1074 1632/2231/1075
f 1408/2265/1123 1464/2206/1075 1632/2231/1075 1530/2236/1102
f 1530/2236/1102 1632/2231/1075 1528/2234/1101 1429/2237/1103
f 1525/2226/1095 1428/2225/1094 1527/2228/1097 1633/2227/1096
f 1411/2365/1219 1525/2226/1095 1633/2227/1096 1507/2168/1039
f 1507/2168/1039 1633/2227/1096 1498/2230/1099 1369/2169/1040
f 1521/2242/1082 1425/2241/1105 1526/2224/1093 1634/2223/1092
f 1383/2173/1044 1521/2242/1082 1634/2223/1092 1467/2364/1218
f 1467/2364/1218 1634/2223/1092 1525/2226/1095 1411/2365/1219
f 1481/2214/1083 1387/2213/1082 1483/2220/1089 1635/2219/1088
f 1425/2241/1105 1481/2214/1083 1635/2219/1088 1526/2224/1093
f 1526/2224/1093 1635/2219/1088 1524/2222/1091 1428/2225/1094
f 1524/2222/1091 1427/2221/1090 1523/2216/1085 1636/2215/1084
f 1428/2225/1094 1524/2222/1091 1636/2215/1084 1527/2228/1097
f 1527/2228/1097 1636/2215/1084 1458/2218/1087 1402/2229/1098
f 1528/2234/1101 1426/2233/1100 1522/2212/1081 1637/2211/1080
f 1429/2237/1103 1528/2234/1101 1637/2211/1080 1531/2240/1100
f 1531/2240/1100 1637/2211/1080 1481/2214/1083 1425/2241/1105
f 1532/2246/1104 1395/2245/1108 1491/2208/1077 1638/2207/1043
f 1430/2249/1111 1532/2246/1104 1638/2207/1043 1535/2252/1114
f 1535/2252/1114 1638/2207/1043 1480/2210/1079 1424/2253/1115
f 1536/2258/1118 1423/2257/1072 1519/2204/1075 1639/2203/1074
f 1431/2261/1118 1536/2258/1118 1639/2203/1074 1539/2264/1122
f 1539/2264/1122 1639/2203/1074 1464/2206/1075 1408/2265/1123
f 1540/2270/1128 1422/2269/1127 1518/2200/1071 1640/2199/1070
f 1432/2273/1131 1540/2270/1128 1640/2199/1070 1543/2276/1134
f 1543/2276/1134 1640/2199/1070 1477/2202/1073 1421/2277/1135
f 1544/2282/1140 1391/2281/1139 1487/2196/1067 1641/2195/1066
f 1433/2285/1143 1544/2282/1140 1641/2195/1066 1547/2288/1146
f 1547/2288/1146 1641/2195/1066 1476/2198/1069 1420/2289/1147
f 1548/2294/1151 1419/2293/1150 1515/2192/1063 1642/2191/1062
f 1434/2297/1154 1548/2294/1151 1642/2191/1062 1551/2300/1157
f 1551/2300/1157 1642/2191/1062 1465/2194/1065 1409/2301/1158
f 1552/2306/1163 1418/2305/1162 1514/2188/1059 1643/2187/1058
f 1435/2309/1166 1552/2306/1163 1643/2187/1058 1555/2312/1169
f 1555/2312/1169 1643/2187/1058 1473/2190/1061 1417/2313/1170
f 1556/2318/1175 1398/2317/1174 1494/2184/1055 1644/2183/1054
f 1436/2321/1178 1556/2318/1175 1644/2183/1054 1559/2324/1181
f 1559/2324/1181 1644/2183/1054 1472/2186/1057 1416/2325/1182
f 1560/2330/1187 1415/2329/1186 1511/2180/1051 1645/2179/1050
f 1437/2333/1190 1560/2330/1187 1645/2179/1050 1563/2336/1193
f 1563/2336/1193 1645/2179/1050 1462/2182/1053 1406/2337/1194
f 1564/2342/1197 1414/2341/1120 1510/2176/1047 1646/2175/1046
f 1438/2345/1200 1564/2342/1197 1646/2175/1046 1567/2348/1203
f 1567/2348/1203 1646/2175/1046 1469/2178/1049 1413/2349/1204
f 1568/2354/1119 1399/2353/1208 1495/2172/1043 1647/2171/1042
f 1439/2357/1211 1568/2354/1119 1647/2171/1042 1571/2360/1214
f 1571/2360/1214 1647/2171/1042 1468/2174/1045 1412/2361/1215
f 1572/2366/1220 1411/2365/1219 1507/2168/1039 1648/2167/1038
f 1440/2369/1223 1572/2366/1220 1648/2167/1038 1575/2372/1226
f 1575/2372/1226 1648/2167/1038 1450/2170/1041 1394/2373/1227
f 1576/2378/1229 1410/2377/1122 1506/2164/1035 1649/2163/1034
f 1441/2381/1231 1576/2378/1229 1649/2163/1034 1579/2384/1234
f 1579/2384/1234 1649/2163/1034 1453/2166/1037 1397/2385/1235
f 1580/2390/1237 1403/2389/1237 1499/2160/1032 1650/2159/1031
f 1442/2393/1239 1580/2390/1237 1650/2159/1031 1583/2396/1242
f 1583/2396/1242 1650/2159/1031 1452/2162/1033 1396/2397/1243
f 1584/2402/1247 1407/2401/1246 1503/2156/1028 1651/2155/1027
f 1443/2405/1250 1584/2402/1247 1651/2155/1027 1587/2408/1253
f 1587/2408/1253 1651/2155/1027 1446/2158/1030 1390/2409/1254
f 1940/2477/1289 1656/2478/1290 1657/2479/1291 1755/2480/1292
f 1939/2481/1293 1668/2482/1294 1667/2483/1294 1747/2484/1295
f 1938/2485/1296 1669/2486/1297 1670/2487/1298 1761/2488/1299
f 1937/2489/1300 1664/2490/1301 1665/2491/1302 1763/2492/1303
f 1936/2493/1304 1697/2494/1305 1696/2495/1306 1739/2496/1307
f 1935/2497/1308 1698/2498/1309 1699/2499/1310 1769/2500/1311
f 1934/2501/1312 1685/2502/1313 1686/2503/1314 1771/2504/1315
f 1933/2505/1316 1702/2506/1317 1694/2507/1318 1737/2508/1319
f 1932/2509/1320 1703/2510/1321 1704/2511/1322 1777/2512/1323
f 1931/2513/1324 1691/2514/1325 1692/2515/1326 1779/2516/1327
f 1930/2517/1328 1707/2518/1329 1680/2519/1330 1723/2520/1331
f 1929/2521/1332 1708/2522/1333 1709/2523/1334 1785/2524/1335
f 1928/2525/1336 1689/2526/1337 1690/2527/1338 1787/2528/1337
f 1927/2529/1307 1712/2530/1339 1688/2531/1340 1731/2532/1341
f 1926/2533/1342 1713/2534/1343 1714/2535/1344 1793/2536/1345
f 1925/2537/1346 1677/2538/1347 1678/2539/1348 1795/2540/1349
f 1924/2541/1350 1797/2542/1351 1796/2543/1352 1716/2544/1353
f 1923/2545/1354 1798/2546/1355 1799/2547/1356 1800/2548/1357
f 1922/2549/1358 1745/2550/1359 1746/2551/1360 1801/2552/1361
f 1921/2553/1337 1802/2554/1362 1794/2555/1363 1715/2556/1336
f 1920/2557/1336 1803/2558/1364 1804/2559/1365 1805/2560/1366
f 1919/2561/1363 1791/2562/1344 1792/2563/1367 1806/2564/1363
f 1918/2565/1368 1807/2566/1364 1732/2567/1369 1666/2568/1370
f 1917/2569/1371 1808/2570/1372 1809/2571/1373 1810/2572/1374
f 1916/2573/1375 1789/2574/1376 1790/2575/1377 1811/2576/1378
f 1915/2577/1326 1812/2578/1379 1788/2579/1334 1711/2580/1380
f 1914/2581/1381 1813/2582/1382 1814/2583/1379 1815/2584/1299
f 1913/2585/1383 1757/2586/1384 1758/2587/1385 1816/2588/1386
f 1912/2589/1387 1817/2590/1388 1786/2591/1389 1710/2592/1390
f 1911/2593/1391 1818/2594/1392 1819/2595/1393 1820/2596/1394
f 1910/2597/1395 1783/2598/1396 1784/2599/1397 1821/2600/1398
f 1909/2601/1399 1822/2602/1400 1724/2603/1401 1658/2604/1402
f 1908/2605/1403 1823/2606/1404 1824/2607/1405 1825/2608/1406
f 1907/2609/1407 1781/2610/1386 1782/2611/1408 1826/2612/1409
f 1906/2613/1410 1827/2614/1411 1780/2615/1412 1706/2616/1413
f 1905/2617/1414 1828/2618/1415 1829/2619/1416 1830/2620/1417
f 1904/2621/1418 1759/2622/1419 1760/2623/1420 1831/2624/1421
f 1903/2625/1422 1832/2626/1423 1778/2627/1424 1705/2628/1425
f 1902/2629/1426 1833/2630/1427 1834/2631/1428 1835/2632/1429
f 1901/2633/1430 1775/2634/1431 1776/2635/1432 1836/2636/1433
f 1900/2637/1434 1837/2638/1435 1738/2639/1436 1671/2640/1437
f 1899/2641/1438 1838/2642/1439 1839/2643/1440 1840/2644/1441
f 1898/2645/1442 1773/2646/1443 1774/2647/1444 1841/2648/1445
f 1897/2649/1446 1842/2650/1447 1772/2651/1448 1701/2652/1449
f 1896/2653/1450 1843/2654/1451 1844/2655/1452 1845/2656/1453
f 1895/2657/1454 1753/2658/1455 1754/2659/1456 1846/2660/1457
f 1894/2661/1458 1847/2662/1459 1770/2663/1382 1700/2664/1329
f 1893/2665/1460 1848/2666/1461 1849/2667/1462 1850/2668/1463
f 1892/2669/1464 1767/2670/1465 1768/2671/1466 1851/2672/1467
f 1891/2673/1468 1852/2674/1381 1740/2675/1469 1672/2676/1470
f 1890/2677/1471 1853/2678/1472 1854/2679/1473 1855/2680/1474
f 1889/2681/1475 1765/2682/1476 1766/2683/1477 1856/2684/1478
f 1888/2685/1479 1857/2686/1480 1764/2687/1481 1695/2688/1482
f 1887/2689/1483 1858/2690/1484 1859/2691/1485 1860/2692/1486
f 1886/2693/1487 1729/2694/1488 1730/2695/1489 1861/2696/1490
f 1885/2697/1373 1862/2698/1491 1762/2699/1386 1693/2700/1295
f 1884/2701/1371 1863/2702/1492 1864/2703/1493 1865/2704/1494
f 1883/2705/1495 1735/2706/1496 1736/2707/1497 1866/2708/1498
f 1882/2709/1499 1867/2710/1499 1748/2711/1499 1679/2712/1499
f 1881/2713/1299 1868/2714/1500 1869/2715/1501 1870/2716/1502
f 1880/2717/1503 1733/2718/1470 1734/2719/1504 1871/2720/1505
f 1879/2721/1506 1872/2722/1507 1756/2723/1508 1687/2724/1509
f 1878/2725/1510 1873/2726/1511 1874/2727/1512 1875/2728/1513
f 1877/2729/1514 1721/2730/1515 1722/2731/1516 1876/2732/1517
f 1873/2726/1511 1877/2729/1514 1876/2732/1517 1874/2727/1512
f 1796/2543/1352 1795/2540/1349 1877/2729/1514 1873/2726/1511
f 1795/2540/1349 1678/2539/1348 1721/2730/1515 1877/2729/1514
f 1789/2574/1376 1878/2725/1510 1875/2728/1513 1790/2575/1377
f 1714/2535/1344 1716/2544/1353 1878/2725/1510 1789/2574/1376
f 1716/2544/1353 1796/2543/1352 1873/2726/1511 1878/2725/1510
f 1712/2530/1339 1879/2721/1506 1687/2724/1509 1688/2531/1340
f 1790/2575/1377 1875/2728/1513 1879/2721/1506 1712/2530/1339
f 1875/2728/1513 1874/2727/1512 1872/2722/1507 1879/2721/1506
f 1868/2714/1500 1880/2717/1503 1871/2720/1505 1869/2715/1501
f 1788/2579/1334 1787/2528/1337 1880/2717/1503 1868/2714/1500
f 1787/2528/1337 1690/2527/1338 1733/2718/1470 1880/2717/1503
f 1781/2610/1386 1881/2713/1299 1870/2716/1502 1782/2611/1408
f 1709/2523/1334 1711/2580/1380 1881/2713/1299 1781/2610/1386
f 1711/2580/1380 1788/2579/1334 1868/2714/1500 1881/2713/1299
f 1707/2518/1329 1882/2709/1499 1679/2712/1499 1680/2519/1330
f 1782/2611/1408 1870/2716/1502 1882/2709/1499 1707/2518/1329
f 1870/2716/1502 1869/2715/1501 1867/2710/1499 1882/2709/1499
f 1863/2702/1492 1883/2705/1495 1866/2708/1498 1864/2703/1493
f 1780/2615/1412 1779/2516/1327 1883/2705/1495 1863/2702/1492
f 1779/2516/1327 1692/2515/1326 1735/2706/1496 1883/2705/1495
f 1773/2646/1443 1884/2701/1371 1865/2704/1494 1774/2647/1444
f 1704/2511/1322 1706/2616/1413 1884/2701/1371 1773/2646/1443
f 1706/2616/1413 1780/2615/1412 1863/2702/1492 1884/2701/1371
f 1702/2506/1317 1885/2697/1373 1693/2700/1295 1694/2507/1318
f 1774/2647/1444 1865/2704/1494 1885/2697/1373 1702/2506/1317
f 1865/2704/1494 1864/2703/1493 1862/2698/1491 1885/2697/1373
f 1858/2690/1484 1886/2693/1487 1861/2696/1490 1859/2691/1485
f 1772/2651/1448 1771/2504/1315 1886/2693/1487 1858/2690/1484
f 1771/2504/1315 1686/2503/1314 1729/2694/1488 1886/2693/1487
f 1765/2682/1476 1887/2689/1483 1860/2692/1486 1766/2683/1477
f 1699/2499/1310 1701/2652/1449 1887/2689/1483 1765/2682/1476
f 1701/2652/1449 1772/2651/1448 1858/2690/1484 1887/2689/1483
f 1697/2494/1305 1888/2685/1479 1695/2688/1482 1696/2495/1306
f 1766/2683/1477 1860/2692/1486 1888/2685/1479 1697/2494/1305
f 1860/2692/1486 1859/2691/1485 1857/2686/1480 1888/2685/1479
f 1853/2678/1472 1889/2681/1475 1856/2684/1478 1854/2679/1473
f 1770/2663/1382 1769/2500/1311 1889/2681/1475 1853/2678/1472
f 1769/2500/1311 1699/2499/1310 1765/2682/1476 1889/2681/1475
f 1735/2706/1496 1890/2677/1471 1855/2680/1474 1736/2707/1497
f 1692/2515/1326 1700/2664/1329 1890/2677/1471 1735/2706/1496
f 1700/2664/1329 1770/2663/1382 1853/2678/1472 1890/2677/1471
f 1669/2486/1297 1891/2673/1468 1672/2676/1470 1670/2487/1298
f 1736/2707/1497 1855/2680/1474 1891/2673/1468 1669/2486/1297
f 1855/2680/1474 1854/2679/1473 1852/2674/1381 1891/2673/1468
f 1848/2666/1461 1892/2669/1464 1851/2672/1467 1849/2667/1462
f 1744/2733/1518 1675/2734/1519 1892/2735/1464 1848/2736/1461
f 1675/2734/1519 1676/2737/1520 1767/2738/1465 1892/2735/1464
f 1759/2622/1419 1893/2665/1460 1850/2668/1463 1760/2623/1420
f 1663/2739/1521 1743/2740/1522 1893/2741/1460 1759/2742/1419
f 1743/2740/1522 1744/2733/1518 1848/2736/1461 1893/2741/1460
f 1691/2514/1325 1894/2661/1458 1700/2664/1329 1692/2515/1326
f 1760/2623/1420 1850/2668/1463 1894/2661/1458 1691/2514/1325
f 1850/2668/1463 1849/2667/1462 1847/2662/1459 1894/2661/1458
f 1843/2654/1451 1895/2657/1454 1846/2660/1457 1844/2655/1452
f 1720/2743/1523 1654/2744/1524 1895/2657/1454 1843/2654/1451
f 1654/2745/1524 1655/2746/1525 1753/2747/1455 1895/2748/1454
f 1767/2670/1465 1896/2653/1450 1845/2656/1453 1768/2671/1466
f 1676/2737/1520 1719/2749/1526 1896/2750/1450 1767/2738/1465
f 1719/2751/1526 1720/2743/1523 1843/2654/1451 1896/2653/1450
f 1698/2498/1309 1897/2649/1446 1701/2652/1449 1699/2499/1310
f 1768/2671/1466 1845/2656/1453 1897/2649/1446 1698/2498/1309
f 1845/2656/1453 1844/2655/1452 1842/2650/1447 1897/2649/1446
f 1838/2642/1439 1898/2645/1442 1841/2648/1445 1839/2643/1440
f 1778/2627/1424 1777/2512/1323 1898/2645/1442 1838/2642/1439
f 1777/2512/1323 1704/2511/1322 1773/2646/1443 1898/2645/1442
f 1673/2752/1527 1899/2753/1438 1840/2754/1441 1742/2755/1528
f 1674/2756/1529 1705/2757/1425 1899/2753/1438 1673/2752/1527
f 1705/2628/1425 1778/2627/1424 1838/2642/1439 1899/2641/1438
f 1741/2758/1530 1900/2759/1434 1671/2760/1437 1661/2761/1531
f 1742/2755/1528 1840/2754/1441 1900/2759/1434 1741/2758/1530
f 1840/2644/1441 1839/2643/1440 1837/2638/1435 1900/2637/1434
f 1833/2630/1427 1901/2633/1430 1836/2636/1433 1834/2631/1428
f 1752/2762/1532 1683/2763/1533 1901/2633/1430 1833/2630/1427
f 1683/2764/1533 1684/2765/1534 1775/2766/1431 1901/2767/1430
f 1652/2768/1535 1902/2769/1426 1835/2770/1429 1718/2771/1536
f 1653/2772/1537 1751/2773/1538 1902/2769/1426 1652/2768/1535
f 1751/2774/1538 1752/2762/1532 1833/2630/1427 1902/2629/1426
f 1717/2775/1539 1903/2776/1422 1705/2757/1425 1674/2756/1529
f 1718/2771/1536 1835/2770/1429 1903/2776/1422 1717/2775/1539
f 1835/2632/1429 1834/2631/1428 1832/2626/1423 1903/2625/1422
f 1828/2618/1415 1904/2621/1418 1831/2624/1421 1829/2619/1416
f 1728/2777/1540 1662/2778/1541 1904/2779/1418 1828/2780/1415
f 1662/2778/1541 1663/2739/1521 1759/2742/1419 1904/2779/1418
f 1775/2634/1431 1905/2617/1414 1830/2620/1417 1776/2635/1432
f 1684/2765/1534 1727/2781/1542 1905/2782/1414 1775/2766/1431
f 1727/2781/1542 1728/2777/1540 1828/2780/1415 1905/2782/1414
f 1703/2510/1321 1906/2613/1410 1706/2616/1413 1704/2511/1322
f 1776/2635/1432 1830/2620/1417 1906/2613/1410 1703/2510/1321
f 1830/2620/1417 1829/2619/1416 1827/2614/1411 1906/2613/1410
f 1823/2606/1404 1907/2609/1407 1826/2612/1409 1824/2607/1405
f 1786/2591/1389 1785/2524/1335 1907/2609/1407 1823/2606/1404
f 1785/2524/1335 1709/2523/1334 1781/2610/1386 1907/2609/1407
f 1681/2783/1543 1908/2784/1403 1825/2785/1406 1750/2786/1544
f 1682/2787/1545 1710/2788/1390 1908/2784/1403 1681/2783/1543
f 1710/2592/1390 1786/2591/1389 1823/2606/1404 1908/2605/1403
f 1749/2789/1546 1909/2790/1399 1658/2791/1402 1659/2792/1547
f 1750/2786/1544 1825/2785/1406 1909/2790/1399 1749/2789/1546
f 1825/2608/1406 1824/2607/1405 1822/2602/1400 1909/2601/1399
f 1818/2594/1392 1910/2597/1395 1821/2600/1398 1819/2595/1393
f 1738/2639/1436 1737/2508/1319 1910/2597/1395 1818/2594/1392
f 1737/2508/1319 1694/2507/1318 1783/2598/1396 1910/2597/1395
f 1660/2793/1548 1911/2794/1391 1820/2795/1394 1726/2796/1549
f 1661/2761/1531 1671/2760/1437 1911/2794/1391 1660/2793/1548
f 1671/2640/1437 1738/2639/1436 1818/2594/1392 1911/2593/1391
f 1725/2797/1550 1912/2798/1387 1710/2788/1390 1682/2787/1545
f 1726/2796/1549 1820/2795/1394 1912/2798/1387 1725/2797/1550
f 1820/2596/1394 1819/2595/1393 1817/2590/1388 1912/2589/1387
f 1813/2582/1382 1913/2585/1383 1816/2588/1386 1814/2583/1379
f 1762/2699/1386 1761/2488/1299 1913/2585/1383 1813/2582/1382
f 1761/2488/1299 1670/2487/1298 1757/2586/1384 1913/2585/1383
f 1783/2598/1396 1914/2581/1381 1815/2584/1299 1784/2599/1397
f 1694/2507/1318 1693/2700/1295 1914/2581/1381 1783/2598/1396
f 1693/2700/1295 1762/2699/1386 1813/2582/1382 1914/2581/1381
f 1708/2522/1333 1915/2577/1326 1711/2580/1380 1709/2523/1334
f 1784/2599/1397 1815/2584/1299 1915/2577/1326 1708/2522/1333
f 1815/2584/1299 1814/2583/1379 1812/2578/1379 1915/2577/1326
f 1808/2570/1372 1916/2573/1375 1811/2576/1378 1809/2571/1373
f 1794/2555/1363 1793/2536/1345 1916/2573/1375 1808/2570/1372
f 1793/2536/1345 1714/2535/1344 1789/2574/1376 1916/2573/1375
f 1733/2718/1470 1917/2569/1371 1810/2572/1374 1734/2719/1504
f 1690/2527/1338 1715/2556/1336 1917/2569/1371 1733/2718/1470
f 1715/2556/1336 1794/2555/1363 1808/2570/1372 1917/2569/1371
f 1668/2482/1294 1918/2565/1368 1666/2568/1370 1667/2483/1294
f 1734/2719/1504 1810/2572/1374 1918/2565/1368 1668/2482/1294
f 1810/2572/1374 1809/2571/1373 1807/2566/1364 1918/2565/1368
f 1803/2558/1364 1919/2561/1363 1806/2564/1363 1804/2559/1365
f 1740/2675/1469 1739/2496/1307 1919/2561/1363 1803/2558/1364
f 1739/2496/1307 1696/2495/1306 1791/2562/1344 1919/2561/1363
f 1757/2586/1384 1920/2557/1336 1805/2560/1366 1758/2587/1385
f 1670/2487/1298 1672/2676/1470 1920/2557/1336 1757/2586/1384
f 1672/2676/1470 1740/2675/1469 1803/2558/1364 1920/2557/1336
f 1689/2526/1337 1921/2553/1337 1715/2556/1336 1690/2527/1338
f 1758/2587/1385 1805/2560/1366 1921/2553/1337 1689/2526/1337
f 1805/2560/1366 1804/2559/1365 1802/2554/1362 1921/2553/1337
f 1798/2546/1355 1922/2549/1358 1801/2552/1361 1799/2547/1356
f 1764/2687/1481 1763/2492/1303 1922/2549/1358 1798/2546/1355
f 1763/2492/1303 1665/2491/1302 1745/2550/1359 1922/2549/1358
f 1791/2562/1344 1923/2545/1354 1800/2548/1357 1792/2563/1367
f 1696/2495/1306 1695/2688/1482 1923/2545/1354 1791/2562/1344
f 1695/2688/1482 1764/2687/1481 1798/2546/1355 1923/2545/1354
f 1713/2534/1343 1924/2541/1350 1716/2544/1353 1714/2535/1344
f 1792/2563/1367 1800/2548/1357 1924/2541/1350 1713/2534/1343
f 1800/2548/1357 1799/2547/1356 1797/2542/1351 1924/2541/1350
f 1797/2542/1351 1925/2537/1346 1795/2540/1349 1796/2543/1352
f 1799/2547/1356 1801/2552/1361 1925/2537/1346 1797/2542/1351
f 1801/2552/1361 1746/2551/1360 1677/2538/1347 1925/2537/1346
f 1802/2554/1362 1926/2533/1342 1793/2536/1345 1794/2555/1363
f 1804/2559/1365 1806/2564/1363 1926/2533/1342 1802/2554/1362
f 1806/2564/1363 1792/2563/1367 1713/2534/1343 1926/2533/1342
f 1807/2566/1364 1927/2529/1307 1731/2532/1341 1732/2567/1369
f 1809/2571/1373 1811/2576/1378 1927/2529/1307 1807/2566/1364
f 1811/2576/1378 1790/2575/1377 1712/2530/1339 1927/2529/1307
f 1812/2578/1379 1928/2525/1336 1787/2528/1337 1788/2579/1334
f 1814/2583/1379 1816/2588/1386 1928/2525/1336 1812/2578/1379
f 1816/2588/1386 1758/2587/1385 1689/2526/1337 1928/2525/1336
f 1817/2590/1388 1929/2521/1332 1785/2524/1335 1786/2591/1389
f 1819/2595/1393 1821/2600/1398 1929/2521/1332 1817/2590/1388
f 1821/2600/1398 1784/2599/1397 1708/2522/1333 1929/2521/1332
f 1822/2602/1400 1930/2517/1328 1723/2520/1331 1724/2603/1401
f 1824/2607/1405 1826/2612/1409 1930/2517/1328 1822/2602/1400
f 1826/2612/1409 1782/2611/1408 1707/2518/1329 1930/2517/1328
f 1827/2614/1411 1931/2513/1324 1779/2516/1327 1780/2615/1412
f 1829/2619/1416 1831/2624/1421 1931/2513/1324 1827/2614/1411
f 1831/2624/1421 1760/2623/1420 1691/2514/1325 1931/2513/1324
f 1832/2626/1423 1932/2509/1320 1777/2512/1323 1778/2627/1424
f 1834/2631/1428 1836/2636/1433 1932/2509/1320 1832/2626/1423
f 1836/2636/1433 1776/2635/1432 1703/2510/1321 1932/2509/1320
f 1837/2638/1435 1933/2505/1316 1737/2508/1319 1738/2639/1436
f 1839/2643/1440 1841/2648/1445 1933/2505/1316 1837/2638/1435
f 1841/2648/1445 1774/2647/1444 1702/2506/1317 1933/2505/1316
f 1842/2650/1447 1934/2501/1312 1771/2504/1315 1772/2651/1448
f 1844/2655/1452 1846/2660/1457 1934/2501/1312 1842/2650/1447
f 1846/2660/1457 1754/2659/1456 1685/2502/1313 1934/2501/1312
f 1847/2662/1459 1935/2497/1308 1769/2500/1311 1770/2663/1382
f 1849/2667/1462 1851/2672/1467 1935/2497/1308 1847/2662/1459
f 1851/2672/1467 1768/2671/1466 1698/2498/1309 1935/2497/1308
f 1852/2674/1381 1936/2493/1304 1739/2496/1307 1740/2675/1469
f 1854/2679/1473 1856/2684/1478 1936/2493/1304 1852/2674/1381
f 1856/2684/1478 1766/2683/1477 1697/2494/1305 1936/2493/1304
f 1857/2686/1480 1937/2489/1300 1763/2492/1303 1764/2687/1481
f 1859/2691/1485 1861/2696/1490 1937/2489/1300 1857/2686/1480
f 1861/2696/1490 1730/2695/1489 1664/2490/1301 1937/2489/1300
f 1862/2698/1491 1938/2485/1296 1761/2488/1299 1762/2699/1386
f 1864/2703/1493 1866/2708/1498 1938/2485/1296 1862/2698/1491
f 1866/2708/1498 1736/2707/1497 1669/2486/1297 1938/2485/1296
f 1867/2710/1499 1939/2481/1293 1747/2484/1295 1748/2711/1499
f 1869/2715/1501 1871/2720/1505 1939/2481/1293 1867/2710/1499
f 1871/2720/1505 1734/2719/1504 1668/2482/1294 1939/2481/1293
f 1872/2722/1507 1940/2477/1289 1755/2480/1292 1756/2723/1508
f 1874/2727/1512 1876/2732/1517 1940/2477/1289 1872/2722/1507
f 1876/2732/1517 1722/2731/1516 1656/2478/1290 1940/2477/1289
f 1377/2799/1551 1489/2800/1552 1727/2781/1542 1684/2765/1534
f 1502/2801/1553 1406/2802/1554 1754/2803/1456 1753/2804/1555
f 1407/2805/1556 1463/2806/1557 1687/2807/1558 1756/2808/1559
f 1450/2809/1560 1369/2810/1561 1665/2811/1302 1664/2812/1301
f 1378/2813/1562 1490/2814/1563 1729/2815/1488 1686/2816/1314
f 1503/2817/1564 1407/2805/1556 1756/2808/1559 1755/2818/1565
f 1451/2819/1566 1370/2820/1567 1667/2821/1567 1666/2822/1566
f 1379/2823/1568 1491/2824/1568 1731/2825/1569 1688/2826/1568
f 1456/2827/1570 1372/2828/1571 1674/2756/1529 1673/2752/1527
f 1367/2829/1572 1496/2830/1572 1741/2758/1530 1661/2761/1531
f 1457/2831/1573 1373/2832/1574 1676/2737/1520 1675/2734/1519
f 1388/2833/1575 1444/2834/1576 1652/2768/1535 1718/2771/1536
f 1368/2835/1577 1497/2836/1578 1743/2740/1522 1663/2739/1521
f 1484/2837/1579 1388/2833/1575 1718/2771/1536 1717/2775/1539
f 1389/2838/1580 1445/2839/1581 1654/2745/1524 1720/2840/1523
f 1458/2841/1582 1374/2842/1583 1678/2843/1348 1677/2844/1347
f 1369/2810/1561 1498/2845/1584 1745/2846/1359 1665/2811/1302
f 1485/2847/1585 1389/2838/1580 1720/2840/1523 1719/2749/1526
f 1390/2848/1586 1446/2849/1587 1656/2850/1290 1722/2851/1516
f 1459/2852/1588 1375/2853/1589 1680/2854/1589 1679/2855/1588
f 1370/2820/1567 1499/2856/1567 1747/2857/1567 1667/2821/1567
f 1486/2858/1590 1390/2848/1586 1722/2851/1516 1721/2859/1515
f 1391/2860/1591 1447/2861/1592 1658/2862/1593 1724/2863/1594
f 1460/2864/1595 1376/2865/1596 1682/2787/1545 1681/2783/1543
f 1365/2866/1597 1500/2867/1598 1749/2789/1546 1659/2792/1547
f 1487/2868/1599 1391/2860/1591 1724/2863/1594 1723/2869/1599
f 1461/2870/1600 1377/2799/1551 1684/2765/1534 1683/2764/1533
f 1392/2871/1601 1448/2872/1602 1660/2793/1548 1726/2796/1549
f 1363/2873/1603 1501/2874/1604 1751/2875/1605 1653/2876/1603
f 1488/2877/1606 1392/2871/1601 1726/2796/1549 1725/2797/1550
f 1462/2878/1607 1378/2813/1562 1686/2816/1314 1685/2879/1313
f 1393/2880/1608 1449/2881/1609 1662/2778/1541 1728/2777/1540
f 1364/2882/1610 1502/2801/1553 1753/2804/1555 1655/2883/1610
f 1489/2800/1552 1393/2880/1608 1728/2777/1540 1727/2781/1542
f 1463/2806/1557 1379/2823/1568 1688/2826/1568 1687/2807/1558
f 1394/2884/1611 1450/2809/1560 1664/2812/1301 1730/2885/1489
f 1366/2886/1612 1503/2817/1564 1755/2818/1565 1657/2887/1612
f 1490/2814/1563 1394/2884/1611 1730/2885/1489 1729/2815/1488
f 1395/2888/1613 1451/2819/1566 1666/2822/1566 1732/2889/1613
f 1491/2824/1568 1395/2888/1613 1732/2889/1613 1731/2825/1569
f 1400/2890/1614 1456/2827/1570 1673/2752/1527 1742/2755/1528
f 1496/2830/1572 1400/2890/1614 1742/2755/1528 1741/2758/1530
f 1401/2891/1615 1457/2831/1573 1675/2734/1519 1744/2733/1518
f 1444/2834/1576 1363/2892/1616 1653/2772/1616 1652/2768/1535
f 1497/2836/1578 1401/2891/1615 1744/2733/1518 1743/2740/1522
f 1372/2828/1571 1484/2837/1579 1717/2775/1539 1674/2756/1529
f 1402/2893/1617 1458/2841/1582 1677/2844/1347 1746/2894/1360
f 1445/2839/1581 1364/2895/1618 1655/2746/1525 1654/2745/1524
f 1373/2832/1574 1485/2847/1585 1719/2749/1526 1676/2737/1520
f 1498/2845/1584 1402/2893/1617 1746/2894/1360 1745/2846/1359
f 1403/2896/1619 1459/2852/1588 1679/2855/1588 1748/2897/1619
f 1446/2849/1587 1366/2898/1620 1657/2899/1291 1656/2850/1290
f 1374/2842/1583 1486/2858/1590 1721/2859/1515 1678/2843/1348
f 1499/2856/1567 1403/2896/1619 1748/2897/1619 1747/2857/1567
f 1404/2900/1621 1460/2864/1595 1681/2783/1543 1750/2786/1544
f 1447/2861/1592 1365/2901/1622 1659/2902/1622 1658/2862/1593
f 1375/2853/1589 1487/2868/1599 1723/2869/1599 1680/2854/1589
f 1500/2867/1598 1404/2900/1621 1750/2786/1544 1749/2789/1546
f 1405/2903/1623 1461/2870/1600 1683/2764/1533 1752/2904/1532
f 1448/2872/1602 1367/2829/1572 1661/2761/1531 1660/2793/1548
f 1376/2865/1596 1488/2877/1606 1725/2797/1550 1682/2787/1545
f 1501/2874/1604 1405/2903/1623 1752/2904/1532 1751/2875/1605
f 1406/2802/1554 1462/2878/1607 1685/2879/1313 1754/2803/1456
f 1449/2881/1609 1368/2835/1577 1663/2739/1521 1662/2778/1541
